Datetime (UTC),Country,Zone name,Zone id,Carbon intensity gCO₂eq/kWh (direct),Carbon intensity gCO₂eq/kWh (Life cycle),Carbon-free energy percentage (CFE%),Renewable energy percentage (RE%),Data source,Data estimated,Data estimation method
2025-01-01T00:00:00.000Z,USA,Nevada Power Company,US-NW-NEVP,380.0,467.0,,26.0,,True,TIME_SLICER_AVERAGE
2025-01-01T01:00:00.000Z,USA,Nevada Power Company,US-NW-NEVP,440.0,545.0,,9.0,,True,TIME_SLICER_AVERAGE
2025-01-01T02:00:00.000Z,USA,Nevada Power Company,US-NW-NEVP,453.0,558.0,,8.0,,True,TIME_SLICER_AVERAGE
2025-01-01T03:00:00.000Z,USA,Nevada Power Company,US-NW-NEVP,454.0,561.0,,7.0,,True,TIME_SLICER_AVERAGE
2025-01-01T04:00:00.000Z,USA,Nevada Power Company,US-NW-NEVP,442.0,550.0,,7.0,,True,TIME_SLICER_AVERAGE
2025-01-01T05:00:00.000Z,USA,Nevada Power Company,US-NW-NEVP,442.0,551.0,,6.0,,False,
2025-01-01T06:00:00.000Z,USA,Nevada Power Company,US-NW-NEVP,433.0,541.0,,7.0,,False,
2025-01-01T07:00:00.000Z,USA,Nevada Power Company,US-NW-NEVP,460.0,557.0,,13.0,,False,
2025-01-01T08:00:00.000Z,USA,Nevada Power Company,US-NW-NEVP,462.0,558.0,,13.0,,False,
2025-01-01T09:00:00.000Z,USA,Nevada Power Company,US-NW-NEVP,477.0,572.0,,13.0,,False,
2025-01-01T10:00:00.000Z,USA,Nevada Power Company,US-NW-NEVP,466.0,562.0,,13.0,,False,
2025-01-01T11:00:00.000Z,USA,Nevada Power Company,US-NW-NEVP,464.0,560.0,,14.0,,False,
2025-01-01T12:00:00.000Z,USA,Nevada Power Company,US-NW-NEVP,459.0,555.0,,14.0,,False,
2025-01-01T13:00:00.000Z,USA,Nevada Power Company,US-NW-NEVP,458.0,555.0,,15.0,,False,
2025-01-01T14:00:00.000Z,USA,Nevada Power Company,US-NW-NEVP,469.0,566.0,,13.0,,False,
2025-01-01T15:00:00.000Z,USA,Nevada Power Company,US-NW-NEVP,425.0,517.0,,20.0,,False,
2025-01-01T16:00:00.000Z,USA,Nevada Power Company,US-NW-NEVP,327.0,403.0,,39.0,,False,
2025-01-01T17:00:00.000Z,USA,Nevada Power Company,US-NW-NEVP,299.0,371.0,,43.0,,False,
2025-01-01T18:00:00.000Z,USA,Nevada Power Company,US-NW-NEVP,318.0,393.0,,38.0,,False,
2025-01-01T19:00:00.000Z,USA,Nevada Power Company,US-NW-NEVP,309.0,382.0,,39.0,,False,
2025-01-01T20:00:00.000Z,USA,Nevada Power Company,US-NW-NEVP,304.0,376.0,,41.0,,False,
2025-01-01T21:00:00.000Z,USA,Nevada Power Company,US-NW-NEVP,303.0,372.0,,43.0,,False,
2025-01-01T22:00:00.000Z,USA,Nevada Power Company,US-NW-NEVP,287.0,355.0,,46.0,,False,
2025-01-01T23:00:00.000Z,USA,Nevada Power Company,US-NW-NEVP,314.0,373.0,,40.0,,False,
2025-01-02T00:00:00.000Z,USA,Nevada Power Company,US-NW-NEVP,340.0,400.0,,41.0,,False,
2025-01-02T01:00:00.000Z,USA,Nevada Power Company,US-NW-NEVP,356.0,415.0,,42.0,,False,
2025-01-02T02:00:00.000Z,USA,Nevada Power Company,US-NW-NEVP,358.0,416.0,,42.0,,False,
2025-01-02T03:00:00.000Z,USA,Nevada Power Company,US-NW-NEVP,370.0,429.0,,41.0,,False,
2025-01-02T04:00:00.000Z,USA,Nevada Power Company,US-NW-NEVP,365.0,425.0,,40.0,,False,
2025-01-02T05:00:00.000Z,USA,Nevada Power Company,US-NW-NEVP,376.0,438.0,,38.0,,False,
2025-01-02T06:00:00.000Z,USA,Nevada Power Company,US-NW-NEVP,345.0,405.0,,41.0,,False,
2025-01-02T07:00:00.000Z,USA,Nevada Power Company,US-NW-NEVP,357.0,419.0,,38.0,,False,
2025-01-02T08:00:00.000Z,USA,Nevada Power Company,US-NW-NEVP,370.0,435.0,,34.0,,False,
2025-01-02T09:00:00.000Z,USA,Nevada Power Company,US-NW-NEVP,367.0,432.0,,34.0,,False,
2025-01-02T10:00:00.000Z,USA,Nevada Power Company,US-NW-NEVP,360.0,425.0,,34.0,,False,
2025-01-02T11:00:00.000Z,USA,Nevada Power Company,US-NW-NEVP,356.0,421.0,,35.0,,False,
2025-01-02T12:00:00.000Z,USA,Nevada Power Company,US-NW-NEVP,355.0,420.0,,36.0,,False,
2025-01-02T13:00:00.000Z,USA,Nevada Power Company,US-NW-NEVP,360.0,424.0,,37.0,,False,
2025-01-02T14:00:00.000Z,USA,Nevada Power Company,US-NW-NEVP,399.0,467.0,,33.0,,False,
2025-01-02T15:00:00.000Z,USA,Nevada Power Company,US-NW-NEVP,370.0,434.0,,37.0,,False,
2025-01-02T16:00:00.000Z,USA,Nevada Power Company,US-NW-NEVP,345.0,406.0,,37.0,,False,
2025-01-02T17:00:00.000Z,USA,Nevada Power Company,US-NW-NEVP,301.0,359.0,,42.0,,False,
2025-01-02T18:00:00.000Z,USA,Nevada Power Company,US-NW-NEVP,285.0,341.0,,45.0,,False,
2025-01-02T19:00:00.000Z,USA,Nevada Power Company,US-NW-NEVP,286.0,342.0,,46.0,,False,
2025-01-02T20:00:00.000Z,USA,Nevada Power Company,US-NW-NEVP,280.0,335.0,,47.0,,False,
2025-01-02T21:00:00.000Z,USA,Nevada Power Company,US-NW-NEVP,275.0,329.0,,48.0,,False,
2025-01-02T22:00:00.000Z,USA,Nevada Power Company,US-NW-NEVP,289.0,343.0,,45.0,,False,
2025-01-02T23:00:00.000Z,USA,Nevada Power Company,US-NW-NEVP,357.0,419.0,,35.0,,False,
2025-01-03T00:00:00.000Z,USA,Nevada Power Company,US-NW-NEVP,447.0,544.0,,14.0,,True,TIME_SLICER_AVERAGE
2025-01-03T01:00:00.000Z,USA,Nevada Power Company,US-NW-NEVP,458.0,562.0,,8.0,,True,TIME_SLICER_AVERAGE
2025-01-03T02:00:00.000Z,USA,Nevada Power Company,US-NW-NEVP,466.0,567.0,,9.0,,True,TIME_SLICER_AVERAGE
2025-01-03T03:00:00.000Z,USA,Nevada Power Company,US-NW-NEVP,468.0,571.0,,8.0,,True,TIME_SLICER_AVERAGE
2025-01-03T04:00:00.000Z,USA,Nevada Power Company,US-NW-NEVP,453.0,557.0,,8.0,,True,TIME_SLICER_AVERAGE
2025-01-03T05:00:00.000Z,USA,Nevada Power Company,US-NW-NEVP,445.0,553.0,,6.0,,False,
2025-01-03T06:00:00.000Z,USA,Nevada Power Company,US-NW-NEVP,445.0,552.0,,6.0,,False,
2025-01-03T07:00:00.000Z,USA,Nevada Power Company,US-NW-NEVP,465.0,564.0,,10.0,,False,
2025-01-03T08:00:00.000Z,USA,Nevada Power Company,US-NW-NEVP,459.0,558.0,,10.0,,False,
2025-01-03T09:00:00.000Z,USA,Nevada Power Company,US-NW-NEVP,458.0,557.0,,11.0,,False,
2025-01-03T10:00:00.000Z,USA,Nevada Power Company,US-NW-NEVP,454.0,553.0,,11.0,,False,
2025-01-03T11:00:00.000Z,USA,Nevada Power Company,US-NW-NEVP,449.0,548.0,,12.0,,False,
2025-01-03T12:00:00.000Z,USA,Nevada Power Company,US-NW-NEVP,450.0,546.0,,14.0,,False,
2025-01-03T13:00:00.000Z,USA,Nevada Power Company,US-NW-NEVP,450.0,545.0,,15.0,,False,
2025-01-03T14:00:00.000Z,USA,Nevada Power Company,US-NW-NEVP,455.0,551.0,,14.0,,False,
2025-01-03T15:00:00.000Z,USA,Nevada Power Company,US-NW-NEVP,447.0,542.0,,14.0,,False,
2025-01-03T16:00:00.000Z,USA,Nevada Power Company,US-NW-NEVP,403.0,491.0,,22.0,,False,
2025-01-03T17:00:00.000Z,USA,Nevada Power Company,US-NW-NEVP,331.0,409.0,,35.0,,False,
2025-01-03T18:00:00.000Z,USA,Nevada Power Company,US-NW-NEVP,365.0,447.0,,28.0,,False,
2025-01-03T19:00:00.000Z,USA,Nevada Power Company,US-NW-NEVP,308.0,381.0,,40.0,,False,
2025-01-03T20:00:00.000Z,USA,Nevada Power Company,US-NW-NEVP,314.0,389.0,,38.0,,False,
2025-01-03T21:00:00.000Z,USA,Nevada Power Company,US-NW-NEVP,341.0,418.0,,34.0,,False,
2025-01-03T22:00:00.000Z,USA,Nevada Power Company,US-NW-NEVP,356.0,436.0,,31.0,,False,
2025-01-03T23:00:00.000Z,USA,Nevada Power Company,US-NW-NEVP,417.0,504.0,,21.0,,False,
2025-01-04T00:00:00.000Z,USA,Nevada Power Company,US-NW-NEVP,417.0,508.0,,20.0,,True,TIME_SLICER_AVERAGE
2025-01-04T01:00:00.000Z,USA,Nevada Power Company,US-NW-NEVP,429.0,532.0,,10.0,,True,TIME_SLICER_AVERAGE
2025-01-04T02:00:00.000Z,USA,Nevada Power Company,US-NW-NEVP,440.0,541.0,,11.0,,True,TIME_SLICER_AVERAGE
2025-01-04T03:00:00.000Z,USA,Nevada Power Company,US-NW-NEVP,447.0,551.0,,9.0,,True,TIME_SLICER_AVERAGE
2025-01-04T04:00:00.000Z,USA,Nevada Power Company,US-NW-NEVP,432.0,537.0,,9.0,,True,TIME_SLICER_AVERAGE
2025-01-04T05:00:00.000Z,USA,Nevada Power Company,US-NW-NEVP,433.0,539.0,,8.0,,False,
2025-01-04T06:00:00.000Z,USA,Nevada Power Company,US-NW-NEVP,429.0,534.0,,8.0,,False,
2025-01-04T07:00:00.000Z,USA,Nevada Power Company,US-NW-NEVP,428.0,535.0,,7.0,,False,
2025-01-04T08:00:00.000Z,USA,Nevada Power Company,US-NW-NEVP,438.0,536.0,,11.0,,False,
2025-01-04T09:00:00.000Z,USA,Nevada Power Company,US-NW-NEVP,434.0,531.0,,13.0,,False,
2025-01-04T10:00:00.000Z,USA,Nevada Power Company,US-NW-NEVP,447.0,546.0,,11.0,,False,
2025-01-04T11:00:00.000Z,USA,Nevada Power Company,US-NW-NEVP,449.0,549.0,,10.0,,False,
2025-01-04T12:00:00.000Z,USA,Nevada Power Company,US-NW-NEVP,450.0,550.0,,10.0,,False,
2025-01-04T13:00:00.000Z,USA,Nevada Power Company,US-NW-NEVP,465.0,566.0,,9.0,,False,
2025-01-04T14:00:00.000Z,USA,Nevada Power Company,US-NW-NEVP,470.0,570.0,,9.0,,False,
2025-01-04T15:00:00.000Z,USA,Nevada Power Company,US-NW-NEVP,441.0,537.0,,14.0,,False,
2025-01-04T16:00:00.000Z,USA,Nevada Power Company,US-NW-NEVP,317.0,390.0,,41.0,,False,
2025-01-04T17:00:00.000Z,USA,Nevada Power Company,US-NW-NEVP,265.0,328.0,,51.0,,False,
2025-01-04T18:00:00.000Z,USA,Nevada Power Company,US-NW-NEVP,259.0,322.0,,52.0,,False,
2025-01-04T19:00:00.000Z,USA,Nevada Power Company,US-NW-NEVP,272.0,338.0,,49.0,,False,
2025-01-04T20:00:00.000Z,USA,Nevada Power Company,US-NW-NEVP,267.0,331.0,,50.0,,False,
2025-01-04T21:00:00.000Z,USA,Nevada Power Company,US-NW-NEVP,263.0,327.0,,51.0,,False,
2025-01-04T22:00:00.000Z,USA,Nevada Power Company,US-NW-NEVP,283.0,352.0,,47.0,,False,
2025-01-04T23:00:00.000Z,USA,Nevada Power Company,US-NW-NEVP,365.0,449.0,,29.0,,False,
2025-01-05T00:00:00.000Z,USA,Nevada Power Company,US-NW-NEVP,392.0,481.0,,24.0,,True,TIME_SLICER_AVERAGE
2025-01-05T01:00:00.000Z,USA,Nevada Power Company,US-NW-NEVP,445.0,551.0,,7.0,,True,TIME_SLICER_AVERAGE
2025-01-05T02:00:00.000Z,USA,Nevada Power Company,US-NW-NEVP,458.0,562.0,,8.0,,True,TIME_SLICER_AVERAGE
2025-01-05T03:00:00.000Z,USA,Nevada Power Company,US-NW-NEVP,465.0,573.0,,5.0,,True,TIME_SLICER_AVERAGE
2025-01-05T04:00:00.000Z,USA,Nevada Power Company,US-NW-NEVP,447.0,556.0,,5.0,,True,TIME_SLICER_AVERAGE
2025-01-05T05:00:00.000Z,USA,Nevada Power Company,US-NW-NEVP,449.0,557.0,,5.0,,False,
2025-01-05T06:00:00.000Z,USA,Nevada Power Company,US-NW-NEVP,446.0,555.0,,5.0,,False,
2025-01-05T07:00:00.000Z,USA,Nevada Power Company,US-NW-NEVP,470.0,570.0,,10.0,,False,
2025-01-05T08:00:00.000Z,USA,Nevada Power Company,US-NW-NEVP,469.0,570.0,,9.0,,False,
2025-01-05T09:00:00.000Z,USA,Nevada Power Company,US-NW-NEVP,465.0,566.0,,9.0,,False,
2025-01-05T10:00:00.000Z,USA,Nevada Power Company,US-NW-NEVP,461.0,563.0,,9.0,,False,
2025-01-05T11:00:00.000Z,USA,Nevada Power Company,US-NW-NEVP,461.0,562.0,,9.0,,False,
2025-01-05T12:00:00.000Z,USA,Nevada Power Company,US-NW-NEVP,462.0,562.0,,10.0,,False,
2025-01-05T13:00:00.000Z,USA,Nevada Power Company,US-NW-NEVP,460.0,560.0,,11.0,,False,
2025-01-05T14:00:00.000Z,USA,Nevada Power Company,US-NW-NEVP,473.0,572.0,,11.0,,False,
2025-01-05T15:00:00.000Z,USA,Nevada Power Company,US-NW-NEVP,451.0,547.0,,14.0,,False,
2025-01-05T16:00:00.000Z,USA,Nevada Power Company,US-NW-NEVP,344.0,422.0,,35.0,,False,
2025-01-05T17:00:00.000Z,USA,Nevada Power Company,US-NW-NEVP,294.0,363.0,,46.0,,False,
2025-01-05T18:00:00.000Z,USA,Nevada Power Company,US-NW-NEVP,293.0,360.0,,47.0,,False,
2025-01-05T19:00:00.000Z,USA,Nevada Power Company,US-NW-NEVP,298.0,366.0,,46.0,,False,
2025-01-05T20:00:00.000Z,USA,Nevada Power Company,US-NW-NEVP,312.0,382.0,,43.0,,False,
2025-01-05T21:00:00.000Z,USA,Nevada Power Company,US-NW-NEVP,297.0,365.0,,46.0,,False,
2025-01-05T22:00:00.000Z,USA,Nevada Power Company,US-NW-NEVP,288.0,359.0,,45.0,,False,
2025-01-05T23:00:00.000Z,USA,Nevada Power Company,US-NW-NEVP,370.0,455.0,,27.0,,False,
2025-01-06T00:00:00.000Z,USA,Nevada Power Company,US-NW-NEVP,412.0,503.0,,21.0,,True,TIME_SLICER_AVERAGE
2025-01-06T01:00:00.000Z,USA,Nevada Power Company,US-NW-NEVP,452.0,557.0,,7.0,,True,TIME_SLICER_AVERAGE
2025-01-06T02:00:00.000Z,USA,Nevada Power Company,US-NW-NEVP,457.0,561.0,,8.0,,True,TIME_SLICER_AVERAGE
2025-01-06T03:00:00.000Z,USA,Nevada Power Company,US-NW-NEVP,463.0,570.0,,6.0,,True,TIME_SLICER_AVERAGE
2025-01-06T04:00:00.000Z,USA,Nevada Power Company,US-NW-NEVP,451.0,559.0,,6.0,,True,TIME_SLICER_AVERAGE
2025-01-06T05:00:00.000Z,USA,Nevada Power Company,US-NW-NEVP,449.0,557.0,,6.0,,False,
2025-01-06T06:00:00.000Z,USA,Nevada Power Company,US-NW-NEVP,450.0,558.0,,5.0,,False,
2025-01-06T07:00:00.000Z,USA,Nevada Power Company,US-NW-NEVP,478.0,578.0,,10.0,,False,
2025-01-06T08:00:00.000Z,USA,Nevada Power Company,US-NW-NEVP,471.0,573.0,,8.0,,False,
2025-01-06T09:00:00.000Z,USA,Nevada Power Company,US-NW-NEVP,469.0,572.0,,7.0,,False,
2025-01-06T10:00:00.000Z,USA,Nevada Power Company,US-NW-NEVP,475.0,578.0,,6.0,,False,
2025-01-06T11:00:00.000Z,USA,Nevada Power Company,US-NW-NEVP,476.0,580.0,,6.0,,False,
2025-01-06T12:00:00.000Z,USA,Nevada Power Company,US-NW-NEVP,473.0,578.0,,7.0,,False,
2025-01-06T13:00:00.000Z,USA,Nevada Power Company,US-NW-NEVP,481.0,583.0,,8.0,,False,
2025-01-06T14:00:00.000Z,USA,Nevada Power Company,US-NW-NEVP,475.0,576.0,,9.0,,False,
2025-01-06T15:00:00.000Z,USA,Nevada Power Company,US-NW-NEVP,437.0,532.0,,17.0,,False,
2025-01-06T16:00:00.000Z,USA,Nevada Power Company,US-NW-NEVP,340.0,417.0,,36.0,,False,
2025-01-06T17:00:00.000Z,USA,Nevada Power Company,US-NW-NEVP,305.0,378.0,,42.0,,False,
2025-01-06T18:00:00.000Z,USA,Nevada Power Company,US-NW-NEVP,303.0,376.0,,42.0,,False,
2025-01-06T19:00:00.000Z,USA,Nevada Power Company,US-NW-NEVP,298.0,371.0,,41.0,,False,
2025-01-06T20:00:00.000Z,USA,Nevada Power Company,US-NW-NEVP,292.0,365.0,,42.0,,False,
2025-01-06T21:00:00.000Z,USA,Nevada Power Company,US-NW-NEVP,289.0,362.0,,43.0,,False,
2025-01-06T22:00:00.000Z,USA,Nevada Power Company,US-NW-NEVP,298.0,373.0,,40.0,,False,
2025-01-06T23:00:00.000Z,USA,Nevada Power Company,US-NW-NEVP,366.0,452.0,,28.0,,False,
2025-01-07T00:00:00.000Z,USA,Nevada Power Company,US-NW-NEVP,378.0,468.0,,24.0,,True,TIME_SLICER_AVERAGE
2025-01-07T01:00:00.000Z,USA,Nevada Power Company,US-NW-NEVP,435.0,541.0,,8.0,,True,TIME_SLICER_AVERAGE
2025-01-07T02:00:00.000Z,USA,Nevada Power Company,US-NW-NEVP,444.0,548.0,,9.0,,True,TIME_SLICER_AVERAGE
2025-01-07T03:00:00.000Z,USA,Nevada Power Company,US-NW-NEVP,451.0,557.0,,7.0,,True,TIME_SLICER_AVERAGE
2025-01-07T04:00:00.000Z,USA,Nevada Power Company,US-NW-NEVP,441.0,549.0,,7.0,,True,TIME_SLICER_AVERAGE
2025-01-07T05:00:00.000Z,USA,Nevada Power Company,US-NW-NEVP,441.0,549.0,,6.0,,False,
2025-01-07T06:00:00.000Z,USA,Nevada Power Company,US-NW-NEVP,450.0,550.0,,12.0,,False,
2025-01-07T07:00:00.000Z,USA,Nevada Power Company,US-NW-NEVP,445.0,545.0,,11.0,,False,
2025-01-07T08:00:00.000Z,USA,Nevada Power Company,US-NW-NEVP,455.0,557.0,,9.0,,False,
2025-01-07T09:00:00.000Z,USA,Nevada Power Company,US-NW-NEVP,454.0,555.0,,10.0,,False,
2025-01-07T10:00:00.000Z,USA,Nevada Power Company,US-NW-NEVP,455.0,557.0,,9.0,,False,
2025-01-07T11:00:00.000Z,USA,Nevada Power Company,US-NW-NEVP,455.0,557.0,,9.0,,False,
2025-01-07T12:00:00.000Z,USA,Nevada Power Company,US-NW-NEVP,450.0,552.0,,10.0,,False,
2025-01-07T13:00:00.000Z,USA,Nevada Power Company,US-NW-NEVP,448.0,545.0,,13.0,,False,
2025-01-07T14:00:00.000Z,USA,Nevada Power Company,US-NW-NEVP,443.0,540.0,,14.0,,False,
2025-01-07T15:00:00.000Z,USA,Nevada Power Company,US-NW-NEVP,438.0,535.0,,14.0,,False,
2025-01-07T16:00:00.000Z,USA,Nevada Power Company,US-NW-NEVP,382.0,468.0,,26.0,,False,
2025-01-07T17:00:00.000Z,USA,Nevada Power Company,US-NW-NEVP,279.0,347.0,,47.0,,False,
2025-01-07T18:00:00.000Z,USA,Nevada Power Company,US-NW-NEVP,278.0,348.0,,46.0,,False,
2025-01-07T19:00:00.000Z,USA,Nevada Power Company,US-NW-NEVP,277.0,347.0,,46.0,,False,
2025-01-07T20:00:00.000Z,USA,Nevada Power Company,US-NW-NEVP,270.0,339.0,,47.0,,False,
2025-01-07T21:00:00.000Z,USA,Nevada Power Company,US-NW-NEVP,267.0,335.0,,48.0,,False,
2025-01-07T22:00:00.000Z,USA,Nevada Power Company,US-NW-NEVP,269.0,334.0,,49.0,,False,
2025-01-07T23:00:00.000Z,USA,Nevada Power Company,US-NW-NEVP,342.0,421.0,,34.0,,False,
2025-01-08T00:00:00.000Z,USA,Nevada Power Company,US-NW-NEVP,362.0,447.0,,29.0,,True,TIME_SLICER_AVERAGE
2025-01-08T01:00:00.000Z,USA,Nevada Power Company,US-NW-NEVP,425.0,528.0,,11.0,,True,TIME_SLICER_AVERAGE
2025-01-08T02:00:00.000Z,USA,Nevada Power Company,US-NW-NEVP,432.0,534.0,,11.0,,True,TIME_SLICER_AVERAGE
2025-01-08T03:00:00.000Z,USA,Nevada Power Company,US-NW-NEVP,440.0,545.0,,9.0,,True,TIME_SLICER_AVERAGE
2025-01-08T04:00:00.000Z,USA,Nevada Power Company,US-NW-NEVP,428.0,533.0,,9.0,,True,TIME_SLICER_AVERAGE
2025-01-08T05:00:00.000Z,USA,Nevada Power Company,US-NW-NEVP,427.0,534.0,,8.0,,False,
2025-01-08T06:00:00.000Z,USA,Nevada Power Company,US-NW-NEVP,460.0,557.0,,12.0,,False,
2025-01-08T07:00:00.000Z,USA,Nevada Power Company,US-NW-NEVP,462.0,560.0,,11.0,,False,
2025-01-08T08:00:00.000Z,USA,Nevada Power Company,US-NW-NEVP,464.0,563.0,,11.0,,False,
2025-01-08T09:00:00.000Z,USA,Nevada Power Company,US-NW-NEVP,478.0,579.0,,8.0,,False,
2025-01-08T10:00:00.000Z,USA,Nevada Power Company,US-NW-NEVP,479.0,581.0,,8.0,,False,
2025-01-08T11:00:00.000Z,USA,Nevada Power Company,US-NW-NEVP,477.0,579.0,,9.0,,False,
2025-01-08T12:00:00.000Z,USA,Nevada Power Company,US-NW-NEVP,474.0,577.0,,8.0,,False,
2025-01-08T13:00:00.000Z,USA,Nevada Power Company,US-NW-NEVP,479.0,582.0,,8.0,,False,
2025-01-08T14:00:00.000Z,USA,Nevada Power Company,US-NW-NEVP,478.0,580.0,,9.0,,False,
2025-01-08T15:00:00.000Z,USA,Nevada Power Company,US-NW-NEVP,439.0,533.0,,18.0,,False,
2025-01-08T16:00:00.000Z,USA,Nevada Power Company,US-NW-NEVP,339.0,414.0,,40.0,,False,
2025-01-08T17:00:00.000Z,USA,Nevada Power Company,US-NW-NEVP,314.0,384.0,,44.0,,False,
2025-01-08T18:00:00.000Z,USA,Nevada Power Company,US-NW-NEVP,308.0,377.0,,45.0,,False,
2025-01-08T19:00:00.000Z,USA,Nevada Power Company,US-NW-NEVP,309.0,379.0,,44.0,,False,
2025-01-08T20:00:00.000Z,USA,Nevada Power Company,US-NW-NEVP,284.0,353.0,,47.0,,False,
2025-01-08T21:00:00.000Z,USA,Nevada Power Company,US-NW-NEVP,282.0,352.0,,46.0,,False,
2025-01-08T22:00:00.000Z,USA,Nevada Power Company,US-NW-NEVP,286.0,355.0,,46.0,,False,
2025-01-08T23:00:00.000Z,USA,Nevada Power Company,US-NW-NEVP,367.0,452.0,,29.0,,False,
2025-01-09T00:00:00.000Z,USA,Nevada Power Company,US-NW-NEVP,389.0,479.0,,23.0,,True,TIME_SLICER_AVERAGE
2025-01-09T01:00:00.000Z,USA,Nevada Power Company,US-NW-NEVP,441.0,547.0,,8.0,,True,TIME_SLICER_AVERAGE
2025-01-09T02:00:00.000Z,USA,Nevada Power Company,US-NW-NEVP,441.0,548.0,,8.0,,True,TIME_SLICER_AVERAGE
2025-01-09T03:00:00.000Z,USA,Nevada Power Company,US-NW-NEVP,445.0,553.0,,6.0,,True,TIME_SLICER_AVERAGE
2025-01-09T04:00:00.000Z,USA,Nevada Power Company,US-NW-NEVP,437.0,547.0,,6.0,,True,TIME_SLICER_AVERAGE
2025-01-09T05:00:00.000Z,USA,Nevada Power Company,US-NW-NEVP,435.0,545.0,,5.0,,False,
2025-01-09T06:00:00.000Z,USA,Nevada Power Company,US-NW-NEVP,431.0,541.0,,5.0,,False,
2025-01-09T07:00:00.000Z,USA,Nevada Power Company,US-NW-NEVP,443.0,543.0,,12.0,,False,
2025-01-09T08:00:00.000Z,USA,Nevada Power Company,US-NW-NEVP,449.0,550.0,,10.0,,False,
2025-01-09T09:00:00.000Z,USA,Nevada Power Company,US-NW-NEVP,451.0,553.0,,10.0,,False,
2025-01-09T10:00:00.000Z,USA,Nevada Power Company,US-NW-NEVP,447.0,549.0,,10.0,,False,
2025-01-09T11:00:00.000Z,USA,Nevada Power Company,US-NW-NEVP,443.0,543.0,,12.0,,False,
2025-01-09T12:00:00.000Z,USA,Nevada Power Company,US-NW-NEVP,449.0,550.0,,11.0,,False,
2025-01-09T13:00:00.000Z,USA,Nevada Power Company,US-NW-NEVP,456.0,557.0,,11.0,,False,
2025-01-09T14:00:00.000Z,USA,Nevada Power Company,US-NW-NEVP,458.0,558.0,,12.0,,False,
2025-01-09T15:00:00.000Z,USA,Nevada Power Company,US-NW-NEVP,422.0,512.0,,21.0,,False,
2025-01-09T16:00:00.000Z,USA,Nevada Power Company,US-NW-NEVP,307.0,376.0,,44.0,,False,
2025-01-09T17:00:00.000Z,USA,Nevada Power Company,US-NW-NEVP,269.0,333.0,,50.0,,False,
2025-01-09T18:00:00.000Z,USA,Nevada Power Company,US-NW-NEVP,263.0,328.0,,51.0,,False,
2025-01-09T19:00:00.000Z,USA,Nevada Power Company,US-NW-NEVP,258.0,321.0,,52.0,,False,
2025-01-09T20:00:00.000Z,USA,Nevada Power Company,US-NW-NEVP,257.0,320.0,,52.0,,False,
2025-01-09T21:00:00.000Z,USA,Nevada Power Company,US-NW-NEVP,251.0,314.0,,53.0,,False,
2025-01-09T22:00:00.000Z,USA,Nevada Power Company,US-NW-NEVP,252.0,316.0,,52.0,,False,
2025-01-09T23:00:00.000Z,USA,Nevada Power Company,US-NW-NEVP,325.0,401.0,,37.0,,False,
2025-01-10T00:00:00.000Z,USA,Nevada Power Company,US-NW-NEVP,359.0,444.0,,29.0,,True,TIME_SLICER_AVERAGE
2025-01-10T01:00:00.000Z,USA,Nevada Power Company,US-NW-NEVP,433.0,537.0,,10.0,,True,TIME_SLICER_AVERAGE
2025-01-10T02:00:00.000Z,USA,Nevada Power Company,US-NW-NEVP,435.0,539.0,,10.0,,True,TIME_SLICER_AVERAGE
2025-01-10T03:00:00.000Z,USA,Nevada Power Company,US-NW-NEVP,449.0,556.0,,7.0,,True,TIME_SLICER_AVERAGE
2025-01-10T04:00:00.000Z,USA,Nevada Power Company,US-NW-NEVP,439.0,547.0,,6.0,,True,TIME_SLICER_AVERAGE
2025-01-10T05:00:00.000Z,USA,Nevada Power Company,US-NW-NEVP,440.0,549.0,,5.0,,False,
2025-01-10T06:00:00.000Z,USA,Nevada Power Company,US-NW-NEVP,435.0,544.0,,6.0,,False,
2025-01-10T07:00:00.000Z,USA,Nevada Power Company,US-NW-NEVP,459.0,558.0,,12.0,,False,
2025-01-10T08:00:00.000Z,USA,Nevada Power Company,US-NW-NEVP,457.0,556.0,,11.0,,False,
2025-01-10T09:00:00.000Z,USA,Nevada Power Company,US-NW-NEVP,457.0,557.0,,11.0,,False,
2025-01-10T10:00:00.000Z,USA,Nevada Power Company,US-NW-NEVP,462.0,563.0,,10.0,,False,
2025-01-10T11:00:00.000Z,USA,Nevada Power Company,US-NW-NEVP,465.0,566.0,,10.0,,False,
2025-01-10T12:00:00.000Z,USA,Nevada Power Company,US-NW-NEVP,466.0,566.0,,11.0,,False,
2025-01-10T13:00:00.000Z,USA,Nevada Power Company,US-NW-NEVP,462.0,562.0,,12.0,,False,
2025-01-10T14:00:00.000Z,USA,Nevada Power Company,US-NW-NEVP,461.0,560.0,,12.0,,False,
2025-01-10T15:00:00.000Z,USA,Nevada Power Company,US-NW-NEVP,432.0,523.0,,20.0,,False,
2025-01-10T16:00:00.000Z,USA,Nevada Power Company,US-NW-NEVP,326.0,398.0,,41.0,,False,
2025-01-10T17:00:00.000Z,USA,Nevada Power Company,US-NW-NEVP,291.0,357.0,,48.0,,False,
2025-01-10T18:00:00.000Z,USA,Nevada Power Company,US-NW-NEVP,284.0,350.0,,48.0,,False,
2025-01-10T19:00:00.000Z,USA,Nevada Power Company,US-NW-NEVP,284.0,349.0,,48.0,,False,
2025-01-10T20:00:00.000Z,USA,Nevada Power Company,US-NW-NEVP,277.0,342.0,,49.0,,False,
2025-01-10T21:00:00.000Z,USA,Nevada Power Company,US-NW-NEVP,270.0,334.0,,50.0,,False,
2025-01-10T22:00:00.000Z,USA,Nevada Power Company,US-NW-NEVP,268.0,332.0,,50.0,,False,
2025-01-10T23:00:00.000Z,USA,Nevada Power Company,US-NW-NEVP,336.0,410.0,,37.0,,False,
2025-01-11T00:00:00.000Z,USA,Nevada Power Company,US-NW-NEVP,387.0,470.0,,28.0,,True,TIME_SLICER_AVERAGE
2025-01-11T01:00:00.000Z,USA,Nevada Power Company,US-NW-NEVP,439.0,542.0,,9.0,,True,TIME_SLICER_AVERAGE
2025-01-11T02:00:00.000Z,USA,Nevada Power Company,US-NW-NEVP,446.0,546.0,,11.0,,True,TIME_SLICER_AVERAGE
2025-01-11T03:00:00.000Z,USA,Nevada Power Company,US-NW-NEVP,452.0,556.0,,9.0,,True,TIME_SLICER_AVERAGE
2025-01-11T04:00:00.000Z,USA,Nevada Power Company,US-NW-NEVP,438.0,543.0,,8.0,,True,TIME_SLICER_AVERAGE
2025-01-11T05:00:00.000Z,USA,Nevada Power Company,US-NW-NEVP,432.0,539.0,,8.0,,False,
2025-01-11T06:00:00.000Z,USA,Nevada Power Company,US-NW-NEVP,424.0,530.0,,9.0,,False,
2025-01-11T07:00:00.000Z,USA,Nevada Power Company,US-NW-NEVP,436.0,534.0,,15.0,,False,
2025-01-11T08:00:00.000Z,USA,Nevada Power Company,US-NW-NEVP,435.0,531.0,,15.0,,False,
2025-01-11T09:00:00.000Z,USA,Nevada Power Company,US-NW-NEVP,430.0,525.0,,16.0,,False,
2025-01-11T10:00:00.000Z,USA,Nevada Power Company,US-NW-NEVP,432.0,527.0,,16.0,,False,
2025-01-11T11:00:00.000Z,USA,Nevada Power Company,US-NW-NEVP,425.0,519.0,,17.0,,False,
2025-01-11T12:00:00.000Z,USA,Nevada Power Company,US-NW-NEVP,430.0,526.0,,15.0,,False,
2025-01-11T13:00:00.000Z,USA,Nevada Power Company,US-NW-NEVP,431.0,528.0,,15.0,,False,
2025-01-11T14:00:00.000Z,USA,Nevada Power Company,US-NW-NEVP,443.0,541.0,,14.0,,False,
2025-01-11T15:00:00.000Z,USA,Nevada Power Company,US-NW-NEVP,412.0,502.0,,22.0,,False,
2025-01-11T16:00:00.000Z,USA,Nevada Power Company,US-NW-NEVP,291.0,359.0,,47.0,,False,
2025-01-11T17:00:00.000Z,USA,Nevada Power Company,US-NW-NEVP,248.0,306.0,,57.0,,False,
2025-01-11T18:00:00.000Z,USA,Nevada Power Company,US-NW-NEVP,239.0,297.0,,57.0,,False,
2025-01-11T19:00:00.000Z,USA,Nevada Power Company,US-NW-NEVP,246.0,304.0,,56.0,,False,
2025-01-11T20:00:00.000Z,USA,Nevada Power Company,US-NW-NEVP,243.0,300.0,,57.0,,False,
2025-01-11T21:00:00.000Z,USA,Nevada Power Company,US-NW-NEVP,242.0,300.0,,57.0,,False,
2025-01-11T22:00:00.000Z,USA,Nevada Power Company,US-NW-NEVP,247.0,309.0,,54.0,,False,
2025-01-11T23:00:00.000Z,USA,Nevada Power Company,US-NW-NEVP,312.0,387.0,,40.0,,False,
2025-01-12T00:00:00.000Z,USA,Nevada Power Company,US-NW-NEVP,362.0,443.0,,32.0,,True,TIME_SLICER_AVERAGE
2025-01-12T01:00:00.000Z,USA,Nevada Power Company,US-NW-NEVP,435.0,537.0,,11.0,,True,TIME_SLICER_AVERAGE
2025-01-12T02:00:00.000Z,USA,Nevada Power Company,US-NW-NEVP,449.0,547.0,,14.0,,True,TIME_SLICER_AVERAGE
2025-01-12T03:00:00.000Z,USA,Nevada Power Company,US-NW-NEVP,460.0,561.0,,11.0,,True,TIME_SLICER_AVERAGE
2025-01-12T04:00:00.000Z,USA,Nevada Power Company,US-NW-NEVP,454.0,557.0,,10.0,,True,TIME_SLICER_AVERAGE
2025-01-12T05:00:00.000Z,USA,Nevada Power Company,US-NW-NEVP,450.0,557.0,,7.0,,True,TIME_SLICER_AVERAGE
2025-01-12T06:00:00.000Z,USA,Nevada Power Company,US-NW-NEVP,448.0,556.0,,6.0,,False,
2025-01-12T07:00:00.000Z,USA,Nevada Power Company,US-NW-NEVP,444.0,554.0,,5.0,,False,
2025-01-12T08:00:00.000Z,USA,Nevada Power Company,US-NW-NEVP,483.0,584.0,,9.0,,False,
2025-01-12T09:00:00.000Z,USA,Nevada Power Company,US-NW-NEVP,484.0,584.0,,9.0,,False,
2025-01-12T10:00:00.000Z,USA,Nevada Power Company,US-NW-NEVP,487.0,589.0,,8.0,,False,
2025-01-12T11:00:00.000Z,USA,Nevada Power Company,US-NW-NEVP,485.0,587.0,,8.0,,False,
2025-01-12T12:00:00.000Z,USA,Nevada Power Company,US-NW-NEVP,486.0,588.0,,8.0,,False,
2025-01-12T13:00:00.000Z,USA,Nevada Power Company,US-NW-NEVP,487.0,590.0,,7.0,,False,
2025-01-12T14:00:00.000Z,USA,Nevada Power Company,US-NW-NEVP,488.0,589.0,,9.0,,False,
2025-01-12T15:00:00.000Z,USA,Nevada Power Company,US-NW-NEVP,441.0,534.0,,17.0,,False,
2025-01-12T16:00:00.000Z,USA,Nevada Power Company,US-NW-NEVP,300.0,371.0,,44.0,,False,
2025-01-12T17:00:00.000Z,USA,Nevada Power Company,US-NW-NEVP,248.0,309.0,,54.0,,False,
2025-01-12T18:00:00.000Z,USA,Nevada Power Company,US-NW-NEVP,244.0,305.0,,55.0,,False,
2025-01-12T19:00:00.000Z,USA,Nevada Power Company,US-NW-NEVP,253.0,316.0,,52.0,,False,
2025-01-12T20:00:00.000Z,USA,Nevada Power Company,US-NW-NEVP,252.0,315.0,,53.0,,False,
2025-01-12T21:00:00.000Z,USA,Nevada Power Company,US-NW-NEVP,257.0,322.0,,51.0,,False,
2025-01-12T22:00:00.000Z,USA,Nevada Power Company,US-NW-NEVP,257.0,323.0,,51.0,,False,
2025-01-12T23:00:00.000Z,USA,Nevada Power Company,US-NW-NEVP,349.0,433.0,,29.0,,False,
2025-01-13T00:00:00.000Z,USA,Nevada Power Company,US-NW-NEVP,397.0,490.0,,20.0,,True,TIME_SLICER_AVERAGE
2025-01-13T01:00:00.000Z,USA,Nevada Power Company,US-NW-NEVP,441.0,548.0,,7.0,,True,TIME_SLICER_AVERAGE
2025-01-13T02:00:00.000Z,USA,Nevada Power Company,US-NW-NEVP,443.0,551.0,,6.0,,True,TIME_SLICER_AVERAGE
2025-01-13T03:00:00.000Z,USA,Nevada Power Company,US-NW-NEVP,445.0,556.0,,4.0,,True,TIME_SLICER_AVERAGE
2025-01-13T04:00:00.000Z,USA,Nevada Power Company,US-NW-NEVP,434.0,546.0,,4.0,,True,TIME_SLICER_AVERAGE
2025-01-13T05:00:00.000Z,USA,Nevada Power Company,US-NW-NEVP,434.0,547.0,,3.0,,False,
2025-01-13T06:00:00.000Z,USA,Nevada Power Company,US-NW-NEVP,438.0,551.0,,3.0,,False,
2025-01-13T07:00:00.000Z,USA,Nevada Power Company,US-NW-NEVP,473.0,580.0,,6.0,,False,
2025-01-13T08:00:00.000Z,USA,Nevada Power Company,US-NW-NEVP,479.0,586.0,,5.0,,False,
2025-01-13T09:00:00.000Z,USA,Nevada Power Company,US-NW-NEVP,473.0,580.0,,5.0,,False,
2025-01-13T10:00:00.000Z,USA,Nevada Power Company,US-NW-NEVP,471.0,578.0,,6.0,,False,
2025-01-13T11:00:00.000Z,USA,Nevada Power Company,US-NW-NEVP,467.0,573.0,,6.0,,False,
2025-01-13T12:00:00.000Z,USA,Nevada Power Company,US-NW-NEVP,471.0,576.0,,7.0,,False,
2025-01-13T13:00:00.000Z,USA,Nevada Power Company,US-NW-NEVP,475.0,577.0,,9.0,,False,
2025-01-13T14:00:00.000Z,USA,Nevada Power Company,US-NW-NEVP,467.0,567.0,,11.0,,False,
2025-01-13T15:00:00.000Z,USA,Nevada Power Company,US-NW-NEVP,430.0,525.0,,17.0,,False,
2025-01-13T16:00:00.000Z,USA,Nevada Power Company,US-NW-NEVP,318.0,397.0,,38.0,,False,
2025-01-13T17:00:00.000Z,USA,Nevada Power Company,US-NW-NEVP,265.0,337.0,,46.0,,False,
2025-01-13T18:00:00.000Z,USA,Nevada Power Company,US-NW-NEVP,250.0,317.0,,51.0,,False,
2025-01-13T19:00:00.000Z,USA,Nevada Power Company,US-NW-NEVP,249.0,317.0,,50.0,,False,
2025-01-13T20:00:00.000Z,USA,Nevada Power Company,US-NW-NEVP,238.0,303.0,,53.0,,False,
2025-01-13T21:00:00.000Z,USA,Nevada Power Company,US-NW-NEVP,231.0,294.0,,55.0,,False,
2025-01-13T22:00:00.000Z,USA,Nevada Power Company,US-NW-NEVP,236.0,302.0,,53.0,,False,
2025-01-13T23:00:00.000Z,USA,Nevada Power Company,US-NW-NEVP,308.0,388.0,,37.0,,False,
2025-01-14T00:00:00.000Z,USA,Nevada Power Company,US-NW-NEVP,362.0,447.0,,28.0,,True,TIME_SLICER_AVERAGE
2025-01-14T01:00:00.000Z,USA,Nevada Power Company,US-NW-NEVP,438.0,542.0,,9.0,,True,TIME_SLICER_AVERAGE
2025-01-14T02:00:00.000Z,USA,Nevada Power Company,US-NW-NEVP,447.0,550.0,,9.0,,True,TIME_SLICER_AVERAGE
2025-01-14T03:00:00.000Z,USA,Nevada Power Company,US-NW-NEVP,455.0,561.0,,8.0,,True,TIME_SLICER_AVERAGE
2025-01-14T04:00:00.000Z,USA,Nevada Power Company,US-NW-NEVP,444.0,551.0,,7.0,,True,TIME_SLICER_AVERAGE
2025-01-14T05:00:00.000Z,USA,Nevada Power Company,US-NW-NEVP,440.0,547.0,,6.0,,False,
2025-01-14T06:00:00.000Z,USA,Nevada Power Company,US-NW-NEVP,443.0,552.0,,6.0,,False,
2025-01-14T07:00:00.000Z,USA,Nevada Power Company,US-NW-NEVP,447.0,557.0,,4.0,,False,
2025-01-14T08:00:00.000Z,USA,Nevada Power Company,US-NW-NEVP,475.0,579.0,,6.0,,False,
2025-01-14T09:00:00.000Z,USA,Nevada Power Company,US-NW-NEVP,470.0,576.0,,6.0,,False,
2025-01-14T10:00:00.000Z,USA,Nevada Power Company,US-NW-NEVP,472.0,578.0,,6.0,,False,
2025-01-14T11:00:00.000Z,USA,Nevada Power Company,US-NW-NEVP,478.0,583.0,,6.0,,False,
2025-01-14T12:00:00.000Z,USA,Nevada Power Company,US-NW-NEVP,496.0,600.0,,6.0,,False,
2025-01-14T13:00:00.000Z,USA,Nevada Power Company,US-NW-NEVP,494.0,598.0,,7.0,,True,TIME_SLICER_AVERAGE
2025-01-14T14:00:00.000Z,USA,Nevada Power Company,US-NW-NEVP,484.0,586.0,,9.0,,False,
2025-01-14T15:00:00.000Z,USA,Nevada Power Company,US-NW-NEVP,403.0,490.0,,26.0,,True,TIME_SLICER_AVERAGE
2025-01-14T16:00:00.000Z,USA,Nevada Power Company,US-NW-NEVP,312.0,383.0,,43.0,,False,
2025-01-14T17:00:00.000Z,USA,Nevada Power Company,US-NW-NEVP,271.0,336.0,,51.0,,False,
2025-01-14T18:00:00.000Z,USA,Nevada Power Company,US-NW-NEVP,268.0,332.0,,51.0,,False,
2025-01-14T19:00:00.000Z,USA,Nevada Power Company,US-NW-NEVP,267.0,331.0,,51.0,,False,
2025-01-14T20:00:00.000Z,USA,Nevada Power Company,US-NW-NEVP,265.0,329.0,,52.0,,False,
2025-01-14T21:00:00.000Z,USA,Nevada Power Company,US-NW-NEVP,264.0,326.0,,53.0,,False,
2025-01-14T22:00:00.000Z,USA,Nevada Power Company,US-NW-NEVP,273.0,337.0,,51.0,,False,
2025-01-14T23:00:00.000Z,USA,Nevada Power Company,US-NW-NEVP,340.0,414.0,,39.0,,False,
2025-01-15T00:00:00.000Z,USA,Nevada Power Company,US-NW-NEVP,387.0,469.0,,29.0,,True,TIME_SLICER_AVERAGE
2025-01-15T01:00:00.000Z,USA,Nevada Power Company,US-NW-NEVP,460.0,563.0,,9.0,,True,TIME_SLICER_AVERAGE
2025-01-15T02:00:00.000Z,USA,Nevada Power Company,US-NW-NEVP,467.0,570.0,,8.0,,True,TIME_SLICER_AVERAGE
2025-01-15T03:00:00.000Z,USA,Nevada Power Company,US-NW-NEVP,468.0,574.0,,6.0,,True,TIME_SLICER_AVERAGE
2025-01-15T04:00:00.000Z,USA,Nevada Power Company,US-NW-NEVP,454.0,562.0,,5.0,,True,TIME_SLICER_AVERAGE
2025-01-15T05:00:00.000Z,USA,Nevada Power Company,US-NW-NEVP,454.0,565.0,,4.0,,False,
2025-01-15T06:00:00.000Z,USA,Nevada Power Company,US-NW-NEVP,484.0,587.0,,6.0,,False,
2025-01-15T07:00:00.000Z,USA,Nevada Power Company,US-NW-NEVP,502.0,607.0,,4.0,,False,
2025-01-15T08:00:00.000Z,USA,Nevada Power Company,US-NW-NEVP,506.0,611.0,,4.0,,False,
2025-01-15T09:00:00.000Z,USA,Nevada Power Company,US-NW-NEVP,503.0,609.0,,4.0,,False,
2025-01-15T10:00:00.000Z,USA,Nevada Power Company,US-NW-NEVP,498.0,604.0,,4.0,,False,
2025-01-15T11:00:00.000Z,USA,Nevada Power Company,US-NW-NEVP,496.0,601.0,,4.0,,False,
2025-01-15T12:00:00.000Z,USA,Nevada Power Company,US-NW-NEVP,495.0,601.0,,4.0,,False,
2025-01-15T13:00:00.000Z,USA,Nevada Power Company,US-NW-NEVP,492.0,597.0,,6.0,,False,
2025-01-15T14:00:00.000Z,USA,Nevada Power Company,US-NW-NEVP,484.0,586.0,,8.0,,False,
2025-01-15T15:00:00.000Z,USA,Nevada Power Company,US-NW-NEVP,431.0,525.0,,17.0,,False,
2025-01-15T16:00:00.000Z,USA,Nevada Power Company,US-NW-NEVP,322.0,396.0,,40.0,,False,
2025-01-15T17:00:00.000Z,USA,Nevada Power Company,US-NW-NEVP,271.0,332.0,,54.0,,False,
2025-01-15T18:00:00.000Z,USA,Nevada Power Company,US-NW-NEVP,267.0,328.0,,53.0,,False,
2025-01-15T19:00:00.000Z,USA,Nevada Power Company,US-NW-NEVP,262.0,323.0,,54.0,,False,
2025-01-15T20:00:00.000Z,USA,Nevada Power Company,US-NW-NEVP,260.0,321.0,,54.0,,False,
2025-01-15T21:00:00.000Z,USA,Nevada Power Company,US-NW-NEVP,262.0,324.0,,54.0,,False,
2025-01-15T22:00:00.000Z,USA,Nevada Power Company,US-NW-NEVP,267.0,332.0,,52.0,,False,
2025-01-15T23:00:00.000Z,USA,Nevada Power Company,US-NW-NEVP,330.0,407.0,,38.0,,False,
2025-01-16T00:00:00.000Z,USA,Nevada Power Company,US-NW-NEVP,372.0,457.0,,29.0,,True,TIME_SLICER_AVERAGE
2025-01-16T01:00:00.000Z,USA,Nevada Power Company,US-NW-NEVP,453.0,560.0,,7.0,,True,TIME_SLICER_AVERAGE
2025-01-16T02:00:00.000Z,USA,Nevada Power Company,US-NW-NEVP,461.0,567.0,,7.0,,True,TIME_SLICER_AVERAGE
2025-01-16T03:00:00.000Z,USA,Nevada Power Company,US-NW-NEVP,466.0,574.0,,5.0,,True,TIME_SLICER_AVERAGE
2025-01-16T04:00:00.000Z,USA,Nevada Power Company,US-NW-NEVP,452.0,562.0,,4.0,,True,TIME_SLICER_AVERAGE
2025-01-16T05:00:00.000Z,USA,Nevada Power Company,US-NW-NEVP,450.0,561.0,,4.0,,False,
2025-01-16T06:00:00.000Z,USA,Nevada Power Company,US-NW-NEVP,455.0,566.0,,3.0,,False,
2025-01-16T07:00:00.000Z,USA,Nevada Power Company,US-NW-NEVP,490.0,595.0,,5.0,,False,
2025-01-16T08:00:00.000Z,USA,Nevada Power Company,US-NW-NEVP,484.0,589.0,,5.0,,False,
2025-01-16T09:00:00.000Z,USA,Nevada Power Company,US-NW-NEVP,482.0,587.0,,5.0,,False,
2025-01-16T10:00:00.000Z,USA,Nevada Power Company,US-NW-NEVP,482.0,587.0,,5.0,,False,
2025-01-16T11:00:00.000Z,USA,Nevada Power Company,US-NW-NEVP,480.0,584.0,,6.0,,False,
2025-01-16T12:00:00.000Z,USA,Nevada Power Company,US-NW-NEVP,480.0,584.0,,6.0,,False,
2025-01-16T13:00:00.000Z,USA,Nevada Power Company,US-NW-NEVP,472.0,574.0,,9.0,,False,
2025-01-16T14:00:00.000Z,USA,Nevada Power Company,US-NW-NEVP,474.0,575.0,,9.0,,False,
2025-01-16T15:00:00.000Z,USA,Nevada Power Company,US-NW-NEVP,432.0,526.0,,18.0,,False,
2025-01-16T16:00:00.000Z,USA,Nevada Power Company,US-NW-NEVP,305.0,376.0,,44.0,,False,
2025-01-16T17:00:00.000Z,USA,Nevada Power Company,US-NW-NEVP,256.0,318.0,,54.0,,False,
2025-01-16T18:00:00.000Z,USA,Nevada Power Company,US-NW-NEVP,255.0,316.0,,54.0,,False,
2025-01-16T19:00:00.000Z,USA,Nevada Power Company,US-NW-NEVP,258.0,322.0,,52.0,,False,
2025-01-16T20:00:00.000Z,USA,Nevada Power Company,US-NW-NEVP,262.0,326.0,,52.0,,False,
2025-01-16T21:00:00.000Z,USA,Nevada Power Company,US-NW-NEVP,259.0,322.0,,53.0,,False,
2025-01-16T22:00:00.000Z,USA,Nevada Power Company,US-NW-NEVP,264.0,327.0,,54.0,,False,
2025-01-16T23:00:00.000Z,USA,Nevada Power Company,US-NW-NEVP,341.0,417.0,,38.0,,False,
2025-01-17T00:00:00.000Z,USA,Nevada Power Company,US-NW-NEVP,467.0,564.0,,13.0,,False,
2025-01-17T01:00:00.000Z,USA,Nevada Power Company,US-NW-NEVP,463.0,565.0,,10.0,,True,TIME_SLICER_AVERAGE
2025-01-17T02:00:00.000Z,USA,Nevada Power Company,US-NW-NEVP,466.0,567.0,,9.0,,True,TIME_SLICER_AVERAGE
2025-01-17T03:00:00.000Z,USA,Nevada Power Company,US-NW-NEVP,465.0,570.0,,7.0,,True,TIME_SLICER_AVERAGE
2025-01-17T04:00:00.000Z,USA,Nevada Power Company,US-NW-NEVP,445.0,553.0,,6.0,,True,TIME_SLICER_AVERAGE
2025-01-17T05:00:00.000Z,USA,Nevada Power Company,US-NW-NEVP,442.0,550.0,,5.0,,False,
2025-01-17T06:00:00.000Z,USA,Nevada Power Company,US-NW-NEVP,444.0,553.0,,5.0,,False,
2025-01-17T07:00:00.000Z,USA,Nevada Power Company,US-NW-NEVP,463.0,562.0,,11.0,,False,
2025-01-17T08:00:00.000Z,USA,Nevada Power Company,US-NW-NEVP,460.0,560.0,,10.0,,False,
2025-01-17T09:00:00.000Z,USA,Nevada Power Company,US-NW-NEVP,460.0,560.0,,10.0,,False,
2025-01-17T10:00:00.000Z,USA,Nevada Power Company,US-NW-NEVP,461.0,561.0,,10.0,,False,
2025-01-17T11:00:00.000Z,USA,Nevada Power Company,US-NW-NEVP,455.0,554.0,,11.0,,False,
2025-01-17T12:00:00.000Z,USA,Nevada Power Company,US-NW-NEVP,457.0,557.0,,11.0,,False,
2025-01-17T13:00:00.000Z,USA,Nevada Power Company,US-NW-NEVP,459.0,558.0,,11.0,,False,
2025-01-17T14:00:00.000Z,USA,Nevada Power Company,US-NW-NEVP,464.0,563.0,,11.0,,False,
2025-01-17T15:00:00.000Z,USA,Nevada Power Company,US-NW-NEVP,420.0,511.0,,20.0,,False,
2025-01-17T16:00:00.000Z,USA,Nevada Power Company,US-NW-NEVP,293.0,360.0,,48.0,,False,
2025-01-17T17:00:00.000Z,USA,Nevada Power Company,US-NW-NEVP,246.0,304.0,,57.0,,False,
2025-01-17T18:00:00.000Z,USA,Nevada Power Company,US-NW-NEVP,241.0,300.0,,57.0,,False,
2025-01-17T19:00:00.000Z,USA,Nevada Power Company,US-NW-NEVP,242.0,301.0,,56.0,,False,
2025-01-17T20:00:00.000Z,USA,Nevada Power Company,US-NW-NEVP,241.0,300.0,,56.0,,False,
2025-01-17T21:00:00.000Z,USA,Nevada Power Company,US-NW-NEVP,240.0,300.0,,56.0,,False,
2025-01-17T22:00:00.000Z,USA,Nevada Power Company,US-NW-NEVP,244.0,305.0,,55.0,,False,
2025-01-17T23:00:00.000Z,USA,Nevada Power Company,US-NW-NEVP,303.0,374.0,,43.0,,False,
2025-01-18T00:00:00.000Z,USA,Nevada Power Company,US-NW-NEVP,356.0,437.0,,31.0,,True,TIME_SLICER_AVERAGE
2025-01-18T01:00:00.000Z,USA,Nevada Power Company,US-NW-NEVP,444.0,549.0,,8.0,,True,TIME_SLICER_AVERAGE
2025-01-18T02:00:00.000Z,USA,Nevada Power Company,US-NW-NEVP,459.0,561.0,,9.0,,True,TIME_SLICER_AVERAGE
2025-01-18T03:00:00.000Z,USA,Nevada Power Company,US-NW-NEVP,459.0,563.0,,8.0,,True,TIME_SLICER_AVERAGE
2025-01-18T04:00:00.000Z,USA,Nevada Power Company,US-NW-NEVP,443.0,549.0,,7.0,,True,TIME_SLICER_AVERAGE
2025-01-18T05:00:00.000Z,USA,Nevada Power Company,US-NW-NEVP,441.0,549.0,,6.0,,False,
2025-01-18T06:00:00.000Z,USA,Nevada Power Company,US-NW-NEVP,444.0,553.0,,5.0,,False,
2025-01-18T07:00:00.000Z,USA,Nevada Power Company,US-NW-NEVP,475.0,578.0,,8.0,,False,
2025-01-18T08:00:00.000Z,USA,Nevada Power Company,US-NW-NEVP,472.0,574.0,,8.0,,False,
2025-01-18T09:00:00.000Z,USA,Nevada Power Company,US-NW-NEVP,471.0,573.0,,8.0,,False,
2025-01-18T10:00:00.000Z,USA,Nevada Power Company,US-NW-NEVP,477.0,580.0,,7.0,,False,
2025-01-18T11:00:00.000Z,USA,Nevada Power Company,US-NW-NEVP,477.0,580.0,,7.0,,False,
2025-01-18T12:00:00.000Z,USA,Nevada Power Company,US-NW-NEVP,477.0,581.0,,7.0,,False,
2025-01-18T13:00:00.000Z,USA,Nevada Power Company,US-NW-NEVP,473.0,576.0,,9.0,,False,
2025-01-18T14:00:00.000Z,USA,Nevada Power Company,US-NW-NEVP,474.0,575.0,,10.0,,False,
2025-01-18T15:00:00.000Z,USA,Nevada Power Company,US-NW-NEVP,430.0,522.0,,20.0,,False,
2025-01-18T16:00:00.000Z,USA,Nevada Power Company,US-NW-NEVP,292.0,359.0,,48.0,,False,
2025-01-18T17:00:00.000Z,USA,Nevada Power Company,US-NW-NEVP,236.0,294.0,,58.0,,False,
2025-01-18T18:00:00.000Z,USA,Nevada Power Company,US-NW-NEVP,229.0,287.0,,59.0,,False,
2025-01-18T19:00:00.000Z,USA,Nevada Power Company,US-NW-NEVP,232.0,289.0,,58.0,,False,
2025-01-18T20:00:00.000Z,USA,Nevada Power Company,US-NW-NEVP,232.0,290.0,,58.0,,False,
2025-01-18T21:00:00.000Z,USA,Nevada Power Company,US-NW-NEVP,228.0,285.0,,59.0,,False,
2025-01-18T22:00:00.000Z,USA,Nevada Power Company,US-NW-NEVP,242.0,305.0,,55.0,,False,
2025-01-18T23:00:00.000Z,USA,Nevada Power Company,US-NW-NEVP,314.0,390.0,,40.0,,False,
2025-01-19T00:00:00.000Z,USA,Nevada Power Company,US-NW-NEVP,441.0,548.0,,7.0,,False,
2025-01-19T01:00:00.000Z,USA,Nevada Power Company,US-NW-NEVP,439.0,549.0,,5.0,,False,
2025-01-19T02:00:00.000Z,USA,Nevada Power Company,US-NW-NEVP,440.0,551.0,,5.0,,False,
2025-01-19T03:00:00.000Z,USA,Nevada Power Company,US-NW-NEVP,442.0,554.0,,4.0,,False,
2025-01-19T04:00:00.000Z,USA,Nevada Power Company,US-NW-NEVP,443.0,555.0,,4.0,,False,
2025-01-19T05:00:00.000Z,USA,Nevada Power Company,US-NW-NEVP,445.0,557.0,,4.0,,False,
2025-01-19T06:00:00.000Z,USA,Nevada Power Company,US-NW-NEVP,446.0,557.0,,4.0,,False,
2025-01-19T07:00:00.000Z,USA,Nevada Power Company,US-NW-NEVP,487.0,593.0,,6.0,,False,
2025-01-19T08:00:00.000Z,USA,Nevada Power Company,US-NW-NEVP,497.0,601.0,,5.0,,False,
2025-01-19T09:00:00.000Z,USA,Nevada Power Company,US-NW-NEVP,489.0,593.0,,6.0,,False,
2025-01-19T10:00:00.000Z,USA,Nevada Power Company,US-NW-NEVP,489.0,593.0,,6.0,,False,
2025-01-19T11:00:00.000Z,USA,Nevada Power Company,US-NW-NEVP,489.0,593.0,,6.0,,False,
2025-01-19T12:00:00.000Z,USA,Nevada Power Company,US-NW-NEVP,484.0,587.0,,7.0,,False,
2025-01-19T13:00:00.000Z,USA,Nevada Power Company,US-NW-NEVP,475.0,577.0,,9.0,,False,
2025-01-19T14:00:00.000Z,USA,Nevada Power Company,US-NW-NEVP,476.0,578.0,,9.0,,False,
2025-01-19T15:00:00.000Z,USA,Nevada Power Company,US-NW-NEVP,433.0,527.0,,18.0,,False,
2025-01-19T16:00:00.000Z,USA,Nevada Power Company,US-NW-NEVP,311.0,384.0,,42.0,,False,
2025-01-19T17:00:00.000Z,USA,Nevada Power Company,US-NW-NEVP,264.0,330.0,,51.0,,False,
2025-01-19T18:00:00.000Z,USA,Nevada Power Company,US-NW-NEVP,250.0,313.0,,53.0,,False,
2025-01-19T19:00:00.000Z,USA,Nevada Power Company,US-NW-NEVP,246.0,309.0,,54.0,,False,
2025-01-19T20:00:00.000Z,USA,Nevada Power Company,US-NW-NEVP,237.0,298.0,,56.0,,False,
2025-01-19T21:00:00.000Z,USA,Nevada Power Company,US-NW-NEVP,232.0,292.0,,57.0,,False,
2025-01-19T22:00:00.000Z,USA,Nevada Power Company,US-NW-NEVP,248.0,311.0,,54.0,,False,
2025-01-19T23:00:00.000Z,USA,Nevada Power Company,US-NW-NEVP,312.0,387.0,,41.0,,False,
2025-01-20T00:00:00.000Z,USA,Nevada Power Company,US-NW-NEVP,439.0,546.0,,7.0,,False,
2025-01-20T01:00:00.000Z,USA,Nevada Power Company,US-NW-NEVP,443.0,553.0,,5.0,,False,
2025-01-20T02:00:00.000Z,USA,Nevada Power Company,US-NW-NEVP,487.0,586.0,,10.0,,False,
2025-01-20T03:00:00.000Z,USA,Nevada Power Company,US-NW-NEVP,439.0,550.0,,5.0,,False,
2025-01-20T04:00:00.000Z,USA,Nevada Power Company,US-NW-NEVP,437.0,548.0,,5.0,,False,
2025-01-20T05:00:00.000Z,USA,Nevada Power Company,US-NW-NEVP,438.0,550.0,,5.0,,False,
2025-01-20T06:00:00.000Z,USA,Nevada Power Company,US-NW-NEVP,441.0,553.0,,4.0,,False,
2025-01-20T07:00:00.000Z,USA,Nevada Power Company,US-NW-NEVP,477.0,581.0,,7.0,,False,
2025-01-20T08:00:00.000Z,USA,Nevada Power Company,US-NW-NEVP,470.0,573.0,,8.0,,False,
2025-01-20T09:00:00.000Z,USA,Nevada Power Company,US-NW-NEVP,468.0,571.0,,8.0,,False,
2025-01-20T10:00:00.000Z,USA,Nevada Power Company,US-NW-NEVP,469.0,571.0,,9.0,,False,
2025-01-20T11:00:00.000Z,USA,Nevada Power Company,US-NW-NEVP,470.0,573.0,,8.0,,False,
2025-01-20T12:00:00.000Z,USA,Nevada Power Company,US-NW-NEVP,469.0,570.0,,9.0,,False,
2025-01-20T13:00:00.000Z,USA,Nevada Power Company,US-NW-NEVP,458.0,557.0,,12.0,,False,
2025-01-20T14:00:00.000Z,USA,Nevada Power Company,US-NW-NEVP,452.0,552.0,,12.0,,False,
2025-01-20T15:00:00.000Z,USA,Nevada Power Company,US-NW-NEVP,406.0,498.0,,21.0,,False,
2025-01-20T16:00:00.000Z,USA,Nevada Power Company,US-NW-NEVP,300.0,372.0,,44.0,,False,
2025-01-20T17:00:00.000Z,USA,Nevada Power Company,US-NW-NEVP,243.0,301.0,,58.0,,False,
2025-01-20T18:00:00.000Z,USA,Nevada Power Company,US-NW-NEVP,241.0,298.0,,58.0,,False,
2025-01-20T19:00:00.000Z,USA,Nevada Power Company,US-NW-NEVP,236.0,293.0,,58.0,,False,
2025-01-20T20:00:00.000Z,USA,Nevada Power Company,US-NW-NEVP,232.0,288.0,,58.0,,False,
2025-01-20T21:00:00.000Z,USA,Nevada Power Company,US-NW-NEVP,227.0,284.0,,59.0,,False,
2025-01-20T22:00:00.000Z,USA,Nevada Power Company,US-NW-NEVP,245.0,308.0,,54.0,,False,
2025-01-20T23:00:00.000Z,USA,Nevada Power Company,US-NW-NEVP,303.0,374.0,,43.0,,False,
2025-01-21T00:00:00.000Z,USA,Nevada Power Company,US-NW-NEVP,390.0,476.0,,27.0,,True,TIME_SLICER_AVERAGE
2025-01-21T01:00:00.000Z,USA,Nevada Power Company,US-NW-NEVP,451.0,550.0,,12.0,,False,
2025-01-21T02:00:00.000Z,USA,Nevada Power Company,US-NW-NEVP,449.0,550.0,,11.0,,True,TIME_SLICER_AVERAGE
2025-01-21T03:00:00.000Z,USA,Nevada Power Company,US-NW-NEVP,450.0,551.0,,10.0,,True,TIME_SLICER_AVERAGE
2025-01-21T04:00:00.000Z,USA,Nevada Power Company,US-NW-NEVP,452.0,555.0,,10.0,,True,TIME_SLICER_AVERAGE
2025-01-21T05:00:00.000Z,USA,Nevada Power Company,US-NW-NEVP,453.0,555.0,,10.0,,False,
2025-01-21T06:00:00.000Z,USA,Nevada Power Company,US-NW-NEVP,456.0,558.0,,9.0,,False,
2025-01-21T07:00:00.000Z,USA,Nevada Power Company,US-NW-NEVP,459.0,561.0,,8.0,,False,
2025-01-21T08:00:00.000Z,USA,Nevada Power Company,US-NW-NEVP,477.0,578.0,,8.0,,False,
2025-01-21T09:00:00.000Z,USA,Nevada Power Company,US-NW-NEVP,485.0,586.0,,7.0,,False,
2025-01-21T10:00:00.000Z,USA,Nevada Power Company,US-NW-NEVP,493.0,595.0,,7.0,,False,
2025-01-21T11:00:00.000Z,USA,Nevada Power Company,US-NW-NEVP,492.0,594.0,,7.0,,True,TIME_SLICER_AVERAGE
2025-01-21T12:00:00.000Z,USA,Nevada Power Company,US-NW-NEVP,492.0,592.0,,8.0,,True,TIME_SLICER_AVERAGE
2025-01-21T13:00:00.000Z,USA,Nevada Power Company,US-NW-NEVP,482.0,581.0,,10.0,,True,TIME_SLICER_AVERAGE
2025-01-21T14:00:00.000Z,USA,Nevada Power Company,US-NW-NEVP,432.0,523.0,,20.0,,True,TIME_SLICER_AVERAGE
2025-01-21T15:00:00.000Z,USA,Nevada Power Company,US-NW-NEVP,414.0,503.0,,22.0,,False,
2025-01-21T16:00:00.000Z,USA,Nevada Power Company,US-NW-NEVP,312.0,384.0,,43.0,,False,
2025-01-21T17:00:00.000Z,USA,Nevada Power Company,US-NW-NEVP,266.0,328.0,,53.0,,False,
2025-01-21T18:00:00.000Z,USA,Nevada Power Company,US-NW-NEVP,269.0,331.0,,52.0,,False,
2025-01-21T19:00:00.000Z,USA,Nevada Power Company,US-NW-NEVP,258.0,320.0,,53.0,,False,
2025-01-21T20:00:00.000Z,USA,Nevada Power Company,US-NW-NEVP,252.0,313.0,,54.0,,False,
2025-01-21T21:00:00.000Z,USA,Nevada Power Company,US-NW-NEVP,248.0,309.0,,55.0,,False,
2025-01-21T22:00:00.000Z,USA,Nevada Power Company,US-NW-NEVP,254.0,317.0,,53.0,,False,
2025-01-21T23:00:00.000Z,USA,Nevada Power Company,US-NW-NEVP,320.0,394.0,,41.0,,False,
2025-01-22T00:00:00.000Z,USA,Nevada Power Company,US-NW-NEVP,406.0,493.0,,26.0,,True,TIME_SLICER_AVERAGE
2025-01-22T01:00:00.000Z,USA,Nevada Power Company,US-NW-NEVP,470.0,568.0,,13.0,,False,
2025-01-22T02:00:00.000Z,USA,Nevada Power Company,US-NW-NEVP,476.0,575.0,,12.0,,True,TIME_SLICER_AVERAGE
2025-01-22T03:00:00.000Z,USA,Nevada Power Company,US-NW-NEVP,493.0,590.0,,13.0,,True,TIME_SLICER_AVERAGE
2025-01-22T04:00:00.000Z,USA,Nevada Power Company,US-NW-NEVP,500.0,588.0,,18.0,,True,TIME_SLICER_AVERAGE
2025-01-22T05:00:00.000Z,USA,Nevada Power Company,US-NW-NEVP,475.0,574.0,,12.0,,True,TIME_SLICER_AVERAGE
2025-01-22T06:00:00.000Z,USA,Nevada Power Company,US-NW-NEVP,468.0,566.0,,13.0,,False,
2025-01-22T07:00:00.000Z,USA,Nevada Power Company,US-NW-NEVP,475.0,574.0,,11.0,,False,
2025-01-22T08:00:00.000Z,USA,Nevada Power Company,US-NW-NEVP,484.0,584.0,,10.0,,False,
2025-01-22T09:00:00.000Z,USA,Nevada Power Company,US-NW-NEVP,483.0,583.0,,9.0,,False,
2025-01-22T10:00:00.000Z,USA,Nevada Power Company,US-NW-NEVP,491.0,591.0,,9.0,,False,
2025-01-22T11:00:00.000Z,USA,Nevada Power Company,US-NW-NEVP,495.0,595.0,,9.0,,False,
2025-01-22T12:00:00.000Z,USA,Nevada Power Company,US-NW-NEVP,488.0,587.0,,10.0,,False,
2025-01-22T13:00:00.000Z,USA,Nevada Power Company,US-NW-NEVP,481.0,579.0,,12.0,,False,
2025-01-22T14:00:00.000Z,USA,Nevada Power Company,US-NW-NEVP,457.0,551.0,,17.0,,True,TIME_SLICER_AVERAGE
2025-01-22T15:00:00.000Z,USA,Nevada Power Company,US-NW-NEVP,431.0,519.0,,22.0,,False,
2025-01-22T16:00:00.000Z,USA,Nevada Power Company,US-NW-NEVP,319.0,391.0,,42.0,,False,
2025-01-22T17:00:00.000Z,USA,Nevada Power Company,US-NW-NEVP,279.0,344.0,,50.0,,False,
2025-01-22T18:00:00.000Z,USA,Nevada Power Company,US-NW-NEVP,275.0,340.0,,50.0,,False,
2025-01-22T19:00:00.000Z,USA,Nevada Power Company,US-NW-NEVP,271.0,336.0,,50.0,,False,
2025-01-22T20:00:00.000Z,USA,Nevada Power Company,US-NW-NEVP,255.0,317.0,,54.0,,False,
2025-01-22T21:00:00.000Z,USA,Nevada Power Company,US-NW-NEVP,247.0,308.0,,55.0,,False,
2025-01-22T22:00:00.000Z,USA,Nevada Power Company,US-NW-NEVP,251.0,314.0,,54.0,,False,
2025-01-22T23:00:00.000Z,USA,Nevada Power Company,US-NW-NEVP,317.0,391.0,,41.0,,False,
2025-01-23T00:00:00.000Z,USA,Nevada Power Company,US-NW-NEVP,360.0,444.0,,30.0,,True,TIME_SLICER_AVERAGE
2025-01-23T01:00:00.000Z,USA,Nevada Power Company,US-NW-NEVP,449.0,555.0,,7.0,,True,TIME_SLICER_AVERAGE
2025-01-23T02:00:00.000Z,USA,Nevada Power Company,US-NW-NEVP,452.0,556.0,,8.0,,True,TIME_SLICER_AVERAGE
2025-01-23T03:00:00.000Z,USA,Nevada Power Company,US-NW-NEVP,457.0,565.0,,6.0,,True,TIME_SLICER_AVERAGE
2025-01-23T04:00:00.000Z,USA,Nevada Power Company,US-NW-NEVP,445.0,554.0,,5.0,,True,TIME_SLICER_AVERAGE
2025-01-23T05:00:00.000Z,USA,Nevada Power Company,US-NW-NEVP,442.0,552.0,,4.0,,False,
2025-01-23T06:00:00.000Z,USA,Nevada Power Company,US-NW-NEVP,441.0,551.0,,5.0,,False,
2025-01-23T07:00:00.000Z,USA,Nevada Power Company,US-NW-NEVP,474.0,574.0,,10.0,,False,
2025-01-23T08:00:00.000Z,USA,Nevada Power Company,US-NW-NEVP,471.0,572.0,,9.0,,False,
2025-01-23T09:00:00.000Z,USA,Nevada Power Company,US-NW-NEVP,471.0,573.0,,9.0,,False,
2025-01-23T10:00:00.000Z,USA,Nevada Power Company,US-NW-NEVP,466.0,568.0,,9.0,,False,
2025-01-23T11:00:00.000Z,USA,Nevada Power Company,US-NW-NEVP,463.0,566.0,,8.0,,False,
2025-01-23T12:00:00.000Z,USA,Nevada Power Company,US-NW-NEVP,464.0,565.0,,9.0,,False,
2025-01-23T13:00:00.000Z,USA,Nevada Power Company,US-NW-NEVP,454.0,554.0,,11.0,,False,
2025-01-23T14:00:00.000Z,USA,Nevada Power Company,US-NW-NEVP,453.0,553.0,,12.0,,False,
2025-01-23T15:00:00.000Z,USA,Nevada Power Company,US-NW-NEVP,405.0,499.0,,19.0,,False,
2025-01-23T16:00:00.000Z,USA,Nevada Power Company,US-NW-NEVP,319.0,397.0,,37.0,,False,
2025-01-23T17:00:00.000Z,USA,Nevada Power Company,US-NW-NEVP,250.0,313.0,,54.0,,False,
2025-01-23T18:00:00.000Z,USA,Nevada Power Company,US-NW-NEVP,235.0,296.0,,56.0,,False,
2025-01-23T19:00:00.000Z,USA,Nevada Power Company,US-NW-NEVP,238.0,299.0,,55.0,,False,
2025-01-23T20:00:00.000Z,USA,Nevada Power Company,US-NW-NEVP,239.0,300.0,,55.0,,False,
2025-01-23T21:00:00.000Z,USA,Nevada Power Company,US-NW-NEVP,240.0,302.0,,54.0,,False,
2025-01-23T22:00:00.000Z,USA,Nevada Power Company,US-NW-NEVP,246.0,311.0,,52.0,,False,
2025-01-23T23:00:00.000Z,USA,Nevada Power Company,US-NW-NEVP,306.0,382.0,,40.0,,False,
2025-01-24T00:00:00.000Z,USA,Nevada Power Company,US-NW-NEVP,444.0,544.0,,13.0,,False,
2025-01-24T01:00:00.000Z,USA,Nevada Power Company,US-NW-NEVP,461.0,561.0,,11.0,,True,TIME_SLICER_AVERAGE
2025-01-24T02:00:00.000Z,USA,Nevada Power Company,US-NW-NEVP,470.0,562.0,,17.0,,True,TIME_SLICER_AVERAGE
2025-01-24T03:00:00.000Z,USA,Nevada Power Company,US-NW-NEVP,482.0,576.0,,15.0,,True,TIME_SLICER_AVERAGE
2025-01-24T04:00:00.000Z,USA,Nevada Power Company,US-NW-NEVP,456.0,546.0,,18.0,,True,TIME_SLICER_AVERAGE
2025-01-24T05:00:00.000Z,USA,Nevada Power Company,US-NW-NEVP,437.0,539.0,,11.0,,True,TIME_SLICER_AVERAGE
2025-01-24T06:00:00.000Z,USA,Nevada Power Company,US-NW-NEVP,446.0,544.0,,13.0,,True,TIME_SLICER_AVERAGE
2025-01-24T07:00:00.000Z,USA,Nevada Power Company,US-NW-NEVP,443.0,540.0,,14.0,,False,
2025-01-24T08:00:00.000Z,USA,Nevada Power Company,US-NW-NEVP,452.0,550.0,,12.0,,False,
2025-01-24T09:00:00.000Z,USA,Nevada Power Company,US-NW-NEVP,447.0,546.0,,12.0,,False,
2025-01-24T10:00:00.000Z,USA,Nevada Power Company,US-NW-NEVP,443.0,540.0,,13.0,,False,
2025-01-24T11:00:00.000Z,USA,Nevada Power Company,US-NW-NEVP,444.0,542.0,,12.0,,False,
2025-01-24T12:00:00.000Z,USA,Nevada Power Company,US-NW-NEVP,442.0,540.0,,13.0,,False,
2025-01-24T13:00:00.000Z,USA,Nevada Power Company,US-NW-NEVP,439.0,537.0,,13.0,,False,
2025-01-24T14:00:00.000Z,USA,Nevada Power Company,US-NW-NEVP,438.0,535.0,,14.0,,False,
2025-01-24T15:00:00.000Z,USA,Nevada Power Company,US-NW-NEVP,398.0,488.0,,22.0,,False,
2025-01-24T16:00:00.000Z,USA,Nevada Power Company,US-NW-NEVP,297.0,371.0,,42.0,,False,
2025-01-24T17:00:00.000Z,USA,Nevada Power Company,US-NW-NEVP,252.0,318.0,,51.0,,False,
2025-01-24T18:00:00.000Z,USA,Nevada Power Company,US-NW-NEVP,249.0,314.0,,51.0,,False,
2025-01-24T19:00:00.000Z,USA,Nevada Power Company,US-NW-NEVP,252.0,318.0,,50.0,,False,
2025-01-24T20:00:00.000Z,USA,Nevada Power Company,US-NW-NEVP,259.0,327.0,,48.0,,False,
2025-01-24T21:00:00.000Z,USA,Nevada Power Company,US-NW-NEVP,256.0,323.0,,49.0,,False,
2025-01-24T22:00:00.000Z,USA,Nevada Power Company,US-NW-NEVP,262.0,329.0,,49.0,,False,
2025-01-24T23:00:00.000Z,USA,Nevada Power Company,US-NW-NEVP,332.0,412.0,,36.0,,False,
2025-01-25T00:00:00.000Z,USA,Nevada Power Company,US-NW-NEVP,366.0,452.0,,28.0,,True,TIME_SLICER_AVERAGE
2025-01-25T01:00:00.000Z,USA,Nevada Power Company,US-NW-NEVP,441.0,547.0,,8.0,,True,TIME_SLICER_AVERAGE
2025-01-25T02:00:00.000Z,USA,Nevada Power Company,US-NW-NEVP,453.0,556.0,,9.0,,True,TIME_SLICER_AVERAGE
2025-01-25T03:00:00.000Z,USA,Nevada Power Company,US-NW-NEVP,463.0,569.0,,6.0,,True,TIME_SLICER_AVERAGE
2025-01-25T04:00:00.000Z,USA,Nevada Power Company,US-NW-NEVP,450.0,558.0,,5.0,,True,TIME_SLICER_AVERAGE
2025-01-25T05:00:00.000Z,USA,Nevada Power Company,US-NW-NEVP,446.0,554.0,,6.0,,False,
2025-01-25T06:00:00.000Z,USA,Nevada Power Company,US-NW-NEVP,462.0,563.0,,10.0,,False,
2025-01-25T07:00:00.000Z,USA,Nevada Power Company,US-NW-NEVP,449.0,548.0,,11.0,,False,
2025-01-25T08:00:00.000Z,USA,Nevada Power Company,US-NW-NEVP,450.0,549.0,,11.0,,False,
2025-01-25T09:00:00.000Z,USA,Nevada Power Company,US-NW-NEVP,455.0,554.0,,11.0,,False,
2025-01-25T10:00:00.000Z,USA,Nevada Power Company,US-NW-NEVP,454.0,554.0,,11.0,,False,
2025-01-25T11:00:00.000Z,USA,Nevada Power Company,US-NW-NEVP,451.0,550.0,,11.0,,False,
2025-01-25T12:00:00.000Z,USA,Nevada Power Company,US-NW-NEVP,457.0,557.0,,10.0,,False,
2025-01-25T13:00:00.000Z,USA,Nevada Power Company,US-NW-NEVP,454.0,553.0,,12.0,,False,
2025-01-25T14:00:00.000Z,USA,Nevada Power Company,US-NW-NEVP,465.0,565.0,,11.0,,False,
2025-01-25T15:00:00.000Z,USA,Nevada Power Company,US-NW-NEVP,467.0,565.0,,11.0,,False,
2025-01-25T16:00:00.000Z,USA,Nevada Power Company,US-NW-NEVP,426.0,521.0,,16.0,,False,
2025-01-25T17:00:00.000Z,USA,Nevada Power Company,US-NW-NEVP,374.0,459.0,,26.0,,False,
2025-01-25T18:00:00.000Z,USA,Nevada Power Company,US-NW-NEVP,339.0,418.0,,32.0,,False,
2025-01-25T19:00:00.000Z,USA,Nevada Power Company,US-NW-NEVP,344.0,425.0,,30.0,,False,
2025-01-25T20:00:00.000Z,USA,Nevada Power Company,US-NW-NEVP,340.0,420.0,,32.0,,False,
2025-01-25T21:00:00.000Z,USA,Nevada Power Company,US-NW-NEVP,346.0,428.0,,31.0,,False,
2025-01-25T22:00:00.000Z,USA,Nevada Power Company,US-NW-NEVP,403.0,490.0,,21.0,,False,
2025-01-25T23:00:00.000Z,USA,Nevada Power Company,US-NW-NEVP,433.0,526.0,,16.0,,False,
2025-01-26T00:00:00.000Z,USA,Nevada Power Company,US-NW-NEVP,459.0,558.0,,10.0,,False,
2025-01-26T01:00:00.000Z,USA,Nevada Power Company,US-NW-NEVP,458.0,558.0,,11.0,,True,TIME_SLICER_AVERAGE
2025-01-26T02:00:00.000Z,USA,Nevada Power Company,US-NW-NEVP,478.0,571.0,,16.0,,True,TIME_SLICER_AVERAGE
2025-01-26T03:00:00.000Z,USA,Nevada Power Company,US-NW-NEVP,482.0,580.0,,12.0,,True,TIME_SLICER_AVERAGE
2025-01-26T04:00:00.000Z,USA,Nevada Power Company,US-NW-NEVP,467.0,568.0,,10.0,,True,TIME_SLICER_AVERAGE
2025-01-26T05:00:00.000Z,USA,Nevada Power Company,US-NW-NEVP,477.0,577.0,,10.0,,False,
2025-01-26T06:00:00.000Z,USA,Nevada Power Company,US-NW-NEVP,479.0,579.0,,9.0,,False,
2025-01-26T07:00:00.000Z,USA,Nevada Power Company,US-NW-NEVP,478.0,581.0,,7.0,,False,
2025-01-26T08:00:00.000Z,USA,Nevada Power Company,US-NW-NEVP,479.0,583.0,,6.0,,False,
2025-01-26T09:00:00.000Z,USA,Nevada Power Company,US-NW-NEVP,476.0,580.0,,6.0,,False,
2025-01-26T10:00:00.000Z,USA,Nevada Power Company,US-NW-NEVP,470.0,573.0,,7.0,,False,
2025-01-26T11:00:00.000Z,USA,Nevada Power Company,US-NW-NEVP,466.0,568.0,,8.0,,False,
2025-01-26T12:00:00.000Z,USA,Nevada Power Company,US-NW-NEVP,468.0,570.0,,8.0,,False,
2025-01-26T13:00:00.000Z,USA,Nevada Power Company,US-NW-NEVP,465.0,566.0,,10.0,,False,
2025-01-26T14:00:00.000Z,USA,Nevada Power Company,US-NW-NEVP,467.0,568.0,,10.0,,False,
2025-01-26T15:00:00.000Z,USA,Nevada Power Company,US-NW-NEVP,448.0,544.0,,14.0,,False,
2025-01-26T16:00:00.000Z,USA,Nevada Power Company,US-NW-NEVP,367.0,452.0,,28.0,,False,
2025-01-26T17:00:00.000Z,USA,Nevada Power Company,US-NW-NEVP,372.0,458.0,,27.0,,False,
2025-01-26T18:00:00.000Z,USA,Nevada Power Company,US-NW-NEVP,342.0,422.0,,33.0,,False,
2025-01-26T19:00:00.000Z,USA,Nevada Power Company,US-NW-NEVP,364.0,448.0,,28.0,,False,
2025-01-26T20:00:00.000Z,USA,Nevada Power Company,US-NW-NEVP,359.0,441.0,,31.0,,False,
2025-01-26T21:00:00.000Z,USA,Nevada Power Company,US-NW-NEVP,351.0,433.0,,32.0,,False,
2025-01-26T22:00:00.000Z,USA,Nevada Power Company,US-NW-NEVP,361.0,444.0,,30.0,,False,
2025-01-26T23:00:00.000Z,USA,Nevada Power Company,US-NW-NEVP,389.0,476.0,,25.0,,False,
2025-01-27T00:00:00.000Z,USA,Nevada Power Company,US-NW-NEVP,446.0,545.0,,13.0,,False,
2025-01-27T01:00:00.000Z,USA,Nevada Power Company,US-NW-NEVP,452.0,555.0,,10.0,,True,TIME_SLICER_AVERAGE
2025-01-27T02:00:00.000Z,USA,Nevada Power Company,US-NW-NEVP,458.0,560.0,,10.0,,True,TIME_SLICER_AVERAGE
2025-01-27T03:00:00.000Z,USA,Nevada Power Company,US-NW-NEVP,461.0,566.0,,8.0,,True,TIME_SLICER_AVERAGE
2025-01-27T04:00:00.000Z,USA,Nevada Power Company,US-NW-NEVP,445.0,551.0,,7.0,,True,TIME_SLICER_AVERAGE
2025-01-27T05:00:00.000Z,USA,Nevada Power Company,US-NW-NEVP,442.0,548.0,,7.0,,False,
2025-01-27T06:00:00.000Z,USA,Nevada Power Company,US-NW-NEVP,443.0,551.0,,6.0,,False,
2025-01-27T07:00:00.000Z,USA,Nevada Power Company,US-NW-NEVP,446.0,555.0,,6.0,,False,
2025-01-27T08:00:00.000Z,USA,Nevada Power Company,US-NW-NEVP,471.0,572.0,,10.0,,False,
2025-01-27T09:00:00.000Z,USA,Nevada Power Company,US-NW-NEVP,468.0,569.0,,10.0,,False,
2025-01-27T10:00:00.000Z,USA,Nevada Power Company,US-NW-NEVP,470.0,571.0,,9.0,,False,
2025-01-27T11:00:00.000Z,USA,Nevada Power Company,US-NW-NEVP,470.0,572.0,,9.0,,False,
2025-01-27T12:00:00.000Z,USA,Nevada Power Company,US-NW-NEVP,467.0,567.0,,10.0,,False,
2025-01-27T13:00:00.000Z,USA,Nevada Power Company,US-NW-NEVP,462.0,558.0,,14.0,,False,
2025-01-27T14:00:00.000Z,USA,Nevada Power Company,US-NW-NEVP,468.0,564.0,,13.0,,False,
2025-01-27T15:00:00.000Z,USA,Nevada Power Company,US-NW-NEVP,446.0,541.0,,15.0,,False,
2025-01-27T16:00:00.000Z,USA,Nevada Power Company,US-NW-NEVP,371.0,458.0,,28.0,,False,
2025-01-27T17:00:00.000Z,USA,Nevada Power Company,US-NW-NEVP,341.0,423.0,,32.0,,False,
2025-01-27T18:00:00.000Z,USA,Nevada Power Company,US-NW-NEVP,320.0,398.0,,37.0,,False,
2025-01-27T19:00:00.000Z,USA,Nevada Power Company,US-NW-NEVP,317.0,395.0,,38.0,,False,
2025-01-27T20:00:00.000Z,USA,Nevada Power Company,US-NW-NEVP,310.0,387.0,,39.0,,False,
2025-01-27T21:00:00.000Z,USA,Nevada Power Company,US-NW-NEVP,292.0,365.0,,43.0,,False,
2025-01-27T22:00:00.000Z,USA,Nevada Power Company,US-NW-NEVP,294.0,366.0,,44.0,,False,
2025-01-27T23:00:00.000Z,USA,Nevada Power Company,US-NW-NEVP,351.0,433.0,,32.0,,False,
2025-01-28T00:00:00.000Z,USA,Nevada Power Company,US-NW-NEVP,369.0,455.0,,29.0,,True,TIME_SLICER_AVERAGE
2025-01-28T01:00:00.000Z,USA,Nevada Power Company,US-NW-NEVP,397.0,490.0,,21.0,,True,TIME_SLICER_AVERAGE
2025-01-28T02:00:00.000Z,USA,Nevada Power Company,US-NW-NEVP,477.0,570.0,,16.0,,True,TIME_SLICER_AVERAGE
2025-01-28T03:00:00.000Z,USA,Nevada Power Company,US-NW-NEVP,501.0,592.0,,16.0,,True,TIME_SLICER_AVERAGE
2025-01-28T04:00:00.000Z,USA,Nevada Power Company,US-NW-NEVP,501.0,585.0,,20.0,,True,TIME_SLICER_AVERAGE
2025-01-28T05:00:00.000Z,USA,Nevada Power Company,US-NW-NEVP,470.0,570.0,,10.0,,True,TIME_SLICER_AVERAGE
2025-01-28T06:00:00.000Z,USA,Nevada Power Company,US-NW-NEVP,472.0,574.0,,9.0,,False,
2025-01-28T07:00:00.000Z,USA,Nevada Power Company,US-NW-NEVP,476.0,579.0,,7.0,,False,
2025-01-28T08:00:00.000Z,USA,Nevada Power Company,US-NW-NEVP,477.0,580.0,,8.0,,False,
2025-01-28T09:00:00.000Z,USA,Nevada Power Company,US-NW-NEVP,478.0,582.0,,7.0,,False,
2025-01-28T10:00:00.000Z,USA,Nevada Power Company,US-NW-NEVP,483.0,587.0,,7.0,,False,
2025-01-28T11:00:00.000Z,USA,Nevada Power Company,US-NW-NEVP,486.0,590.0,,7.0,,False,
2025-01-28T12:00:00.000Z,USA,Nevada Power Company,US-NW-NEVP,483.0,586.0,,7.0,,False,
2025-01-28T13:00:00.000Z,USA,Nevada Power Company,US-NW-NEVP,480.0,582.0,,8.0,,False,
2025-01-28T14:00:00.000Z,USA,Nevada Power Company,US-NW-NEVP,468.0,568.0,,11.0,,False,
2025-01-28T15:00:00.000Z,USA,Nevada Power Company,US-NW-NEVP,425.0,519.0,,19.0,,False,
2025-01-28T16:00:00.000Z,USA,Nevada Power Company,US-NW-NEVP,377.0,465.0,,26.0,,False,
2025-01-28T17:00:00.000Z,USA,Nevada Power Company,US-NW-NEVP,322.0,402.0,,36.0,,False,
2025-01-28T18:00:00.000Z,USA,Nevada Power Company,US-NW-NEVP,324.0,403.0,,36.0,,False,
2025-01-28T19:00:00.000Z,USA,Nevada Power Company,US-NW-NEVP,317.0,392.0,,38.0,,False,
2025-01-28T20:00:00.000Z,USA,Nevada Power Company,US-NW-NEVP,304.0,377.0,,41.0,,False,
2025-01-28T21:00:00.000Z,USA,Nevada Power Company,US-NW-NEVP,325.0,401.0,,36.0,,False,
2025-01-28T22:00:00.000Z,USA,Nevada Power Company,US-NW-NEVP,350.0,431.0,,31.0,,False,
2025-01-28T23:00:00.000Z,USA,Nevada Power Company,US-NW-NEVP,354.0,435.0,,33.0,,False,
2025-01-29T00:00:00.000Z,USA,Nevada Power Company,US-NW-NEVP,385.0,471.0,,28.0,,True,TIME_SLICER_AVERAGE
2025-01-29T01:00:00.000Z,USA,Nevada Power Company,US-NW-NEVP,408.0,503.0,,20.0,,True,TIME_SLICER_AVERAGE
2025-01-29T02:00:00.000Z,USA,Nevada Power Company,US-NW-NEVP,466.0,563.0,,14.0,,True,TIME_SLICER_AVERAGE
2025-01-29T03:00:00.000Z,USA,Nevada Power Company,US-NW-NEVP,474.0,572.0,,13.0,,True,TIME_SLICER_AVERAGE
2025-01-29T04:00:00.000Z,USA,Nevada Power Company,US-NW-NEVP,460.0,556.0,,14.0,,True,TIME_SLICER_AVERAGE
2025-01-29T05:00:00.000Z,USA,Nevada Power Company,US-NW-NEVP,448.0,554.0,,8.0,,True,TIME_SLICER_AVERAGE
2025-01-29T06:00:00.000Z,USA,Nevada Power Company,US-NW-NEVP,466.0,570.0,,8.0,,True,TIME_SLICER_AVERAGE
2025-01-29T07:00:00.000Z,USA,Nevada Power Company,US-NW-NEVP,470.0,574.0,,7.0,,False,
2025-01-29T08:00:00.000Z,USA,Nevada Power Company,US-NW-NEVP,473.0,578.0,,7.0,,False,
2025-01-29T09:00:00.000Z,USA,Nevada Power Company,US-NW-NEVP,470.0,575.0,,7.0,,False,
2025-01-29T10:00:00.000Z,USA,Nevada Power Company,US-NW-NEVP,470.0,575.0,,7.0,,False,
2025-01-29T11:00:00.000Z,USA,Nevada Power Company,US-NW-NEVP,471.0,575.0,,7.0,,False,
2025-01-29T12:00:00.000Z,USA,Nevada Power Company,US-NW-NEVP,471.0,575.0,,8.0,,False,
2025-01-29T13:00:00.000Z,USA,Nevada Power Company,US-NW-NEVP,464.0,567.0,,10.0,,False,
2025-01-29T14:00:00.000Z,USA,Nevada Power Company,US-NW-NEVP,464.0,565.0,,11.0,,False,
2025-01-29T15:00:00.000Z,USA,Nevada Power Company,US-NW-NEVP,434.0,528.0,,18.0,,False,
2025-01-29T16:00:00.000Z,USA,Nevada Power Company,US-NW-NEVP,342.0,422.0,,36.0,,False,
2025-01-29T17:00:00.000Z,USA,Nevada Power Company,US-NW-NEVP,301.0,371.0,,46.0,,False,
2025-01-29T18:00:00.000Z,USA,Nevada Power Company,US-NW-NEVP,297.0,366.0,,47.0,,False,
2025-01-29T19:00:00.000Z,USA,Nevada Power Company,US-NW-NEVP,294.0,362.0,,48.0,,False,
2025-01-29T20:00:00.000Z,USA,Nevada Power Company,US-NW-NEVP,287.0,354.0,,49.0,,False,
2025-01-29T21:00:00.000Z,USA,Nevada Power Company,US-NW-NEVP,279.0,346.0,,50.0,,False,
2025-01-29T22:00:00.000Z,USA,Nevada Power Company,US-NW-NEVP,274.0,340.0,,51.0,,False,
2025-01-29T23:00:00.000Z,USA,Nevada Power Company,US-NW-NEVP,320.0,392.0,,43.0,,False,
2025-01-30T00:00:00.000Z,USA,Nevada Power Company,US-NW-NEVP,453.0,549.0,,15.0,,False,
2025-01-30T01:00:00.000Z,USA,Nevada Power Company,US-NW-NEVP,459.0,556.0,,15.0,,True,TIME_SLICER_AVERAGE
2025-01-30T02:00:00.000Z,USA,Nevada Power Company,US-NW-NEVP,516.0,610.0,,13.0,,True,TIME_SLICER_AVERAGE
2025-01-30T03:00:00.000Z,USA,Nevada Power Company,US-NW-NEVP,525.0,620.0,,12.0,,True,TIME_SLICER_AVERAGE
2025-01-30T04:00:00.000Z,USA,Nevada Power Company,US-NW-NEVP,497.0,590.0,,14.0,,True,TIME_SLICER_AVERAGE
2025-01-30T05:00:00.000Z,USA,Nevada Power Company,US-NW-NEVP,466.0,569.0,,8.0,,True,TIME_SLICER_AVERAGE
2025-01-30T06:00:00.000Z,USA,Nevada Power Company,US-NW-NEVP,479.0,578.0,,10.0,,True,TIME_SLICER_AVERAGE
2025-01-30T07:00:00.000Z,USA,Nevada Power Company,US-NW-NEVP,485.0,585.0,,9.0,,False,
2025-01-30T08:00:00.000Z,USA,Nevada Power Company,US-NW-NEVP,478.0,580.0,,8.0,,False,
2025-01-30T09:00:00.000Z,USA,Nevada Power Company,US-NW-NEVP,472.0,574.0,,8.0,,False,
2025-01-30T10:00:00.000Z,USA,Nevada Power Company,US-NW-NEVP,467.0,569.0,,9.0,,False,
2025-01-30T11:00:00.000Z,USA,Nevada Power Company,US-NW-NEVP,473.0,573.0,,10.0,,False,
2025-01-30T12:00:00.000Z,USA,Nevada Power Company,US-NW-NEVP,478.0,577.0,,10.0,,False,
2025-01-30T13:00:00.000Z,USA,Nevada Power Company,US-NW-NEVP,483.0,582.0,,10.0,,False,
2025-01-30T14:00:00.000Z,USA,Nevada Power Company,US-NW-NEVP,480.0,578.0,,11.0,,False,
2025-01-30T15:00:00.000Z,USA,Nevada Power Company,US-NW-NEVP,427.0,512.0,,25.0,,False,
2025-01-30T16:00:00.000Z,USA,Nevada Power Company,US-NW-NEVP,312.0,379.0,,47.0,,False,
2025-01-30T17:00:00.000Z,USA,Nevada Power Company,US-NW-NEVP,264.0,327.0,,53.0,,False,
2025-01-30T18:00:00.000Z,USA,Nevada Power Company,US-NW-NEVP,260.0,322.0,,54.0,,False,
2025-01-30T19:00:00.000Z,USA,Nevada Power Company,US-NW-NEVP,268.0,332.0,,52.0,,False,
2025-01-30T20:00:00.000Z,USA,Nevada Power Company,US-NW-NEVP,259.0,321.0,,54.0,,False,
2025-01-30T21:00:00.000Z,USA,Nevada Power Company,US-NW-NEVP,254.0,317.0,,54.0,,False,
2025-01-30T22:00:00.000Z,USA,Nevada Power Company,US-NW-NEVP,254.0,318.0,,54.0,,False,
2025-01-30T23:00:00.000Z,USA,Nevada Power Company,US-NW-NEVP,301.0,373.0,,45.0,,False,
2025-01-31T00:00:00.000Z,USA,Nevada Power Company,US-NW-NEVP,439.0,536.0,,15.0,,False,
2025-01-31T01:00:00.000Z,USA,Nevada Power Company,US-NW-NEVP,453.0,553.0,,12.0,,True,TIME_SLICER_AVERAGE
2025-01-31T02:00:00.000Z,USA,Nevada Power Company,US-NW-NEVP,484.0,586.0,,8.0,,True,TIME_SLICER_AVERAGE
2025-01-31T03:00:00.000Z,USA,Nevada Power Company,US-NW-NEVP,484.0,589.0,,6.0,,True,TIME_SLICER_AVERAGE
2025-01-31T04:00:00.000Z,USA,Nevada Power Company,US-NW-NEVP,466.0,574.0,,6.0,,True,TIME_SLICER_AVERAGE
2025-01-31T05:00:00.000Z,USA,Nevada Power Company,US-NW-NEVP,465.0,572.0,,5.0,,False,
2025-01-31T06:00:00.000Z,USA,Nevada Power Company,US-NW-NEVP,463.0,570.0,,5.0,,False,
2025-01-31T07:00:00.000Z,USA,Nevada Power Company,US-NW-NEVP,490.0,588.0,,10.0,,False,
2025-01-31T08:00:00.000Z,USA,Nevada Power Company,US-NW-NEVP,487.0,587.0,,9.0,,False,
2025-01-31T09:00:00.000Z,USA,Nevada Power Company,US-NW-NEVP,488.0,588.0,,9.0,,False,
2025-01-31T10:00:00.000Z,USA,Nevada Power Company,US-NW-NEVP,488.0,588.0,,9.0,,False,
2025-01-31T11:00:00.000Z,USA,Nevada Power Company,US-NW-NEVP,486.0,586.0,,10.0,,False,
2025-01-31T12:00:00.000Z,USA,Nevada Power Company,US-NW-NEVP,485.0,584.0,,11.0,,False,
2025-01-31T13:00:00.000Z,USA,Nevada Power Company,US-NW-NEVP,488.0,585.0,,12.0,,False,
2025-01-31T14:00:00.000Z,USA,Nevada Power Company,US-NW-NEVP,480.0,578.0,,12.0,,False,
2025-01-31T15:00:00.000Z,USA,Nevada Power Company,US-NW-NEVP,413.0,500.0,,24.0,,False,
2025-01-31T16:00:00.000Z,USA,Nevada Power Company,US-NW-NEVP,319.0,389.0,,44.0,,False,
2025-01-31T17:00:00.000Z,USA,Nevada Power Company,US-NW-NEVP,292.0,361.0,,46.0,,False,
2025-01-31T18:00:00.000Z,USA,Nevada Power Company,US-NW-NEVP,313.0,387.0,,41.0,,False,
2025-01-31T19:00:00.000Z,USA,Nevada Power Company,US-NW-NEVP,328.0,403.0,,38.0,,False,
2025-01-31T20:00:00.000Z,USA,Nevada Power Company,US-NW-NEVP,315.0,386.0,,42.0,,False,
2025-01-31T21:00:00.000Z,USA,Nevada Power Company,US-NW-NEVP,303.0,373.0,,44.0,,False,
2025-01-31T22:00:00.000Z,USA,Nevada Power Company,US-NW-NEVP,359.0,437.0,,33.0,,False,
2025-01-31T23:00:00.000Z,USA,Nevada Power Company,US-NW-NEVP,407.0,497.0,,21.0,,False,
2025-02-01T00:00:00.000Z,USA,Nevada Power Company,US-NW-NEVP,464.0,562.0,,13.0,,False,
2025-02-01T01:00:00.000Z,USA,Nevada Power Company,US-NW-NEVP,453.0,552.0,,13.0,,True,TIME_SLICER_AVERAGE
2025-02-01T02:00:00.000Z,USA,Nevada Power Company,US-NW-NEVP,452.0,554.0,,11.0,,True,TIME_SLICER_AVERAGE
2025-02-01T03:00:00.000Z,USA,Nevada Power Company,US-NW-NEVP,453.0,556.0,,10.0,,True,TIME_SLICER_AVERAGE
2025-02-01T04:00:00.000Z,USA,Nevada Power Company,US-NW-NEVP,442.0,546.0,,9.0,,True,TIME_SLICER_AVERAGE
2025-02-01T05:00:00.000Z,USA,Nevada Power Company,US-NW-NEVP,441.0,547.0,,8.0,,False,
2025-02-01T06:00:00.000Z,USA,Nevada Power Company,US-NW-NEVP,440.0,546.0,,8.0,,False,
2025-02-01T07:00:00.000Z,USA,Nevada Power Company,US-NW-NEVP,458.0,551.0,,16.0,,False,
2025-02-01T08:00:00.000Z,USA,Nevada Power Company,US-NW-NEVP,470.0,567.0,,13.0,,False,
2025-02-01T09:00:00.000Z,USA,Nevada Power Company,US-NW-NEVP,467.0,563.0,,14.0,,False,
2025-02-01T10:00:00.000Z,USA,Nevada Power Company,US-NW-NEVP,462.0,556.0,,15.0,,False,
2025-02-01T11:00:00.000Z,USA,Nevada Power Company,US-NW-NEVP,455.0,548.0,,17.0,,False,
2025-02-01T12:00:00.000Z,USA,Nevada Power Company,US-NW-NEVP,460.0,545.0,,22.0,,False,
2025-02-01T13:00:00.000Z,USA,Nevada Power Company,US-NW-NEVP,454.0,538.0,,23.0,,False,
2025-02-01T14:00:00.000Z,USA,Nevada Power Company,US-NW-NEVP,461.0,545.0,,23.0,,False,
2025-02-01T15:00:00.000Z,USA,Nevada Power Company,US-NW-NEVP,432.0,520.0,,22.0,,False,
2025-02-01T16:00:00.000Z,USA,Nevada Power Company,US-NW-NEVP,348.0,427.0,,34.0,,False,
2025-02-01T17:00:00.000Z,USA,Nevada Power Company,US-NW-NEVP,271.0,337.0,,50.0,,False,
2025-02-01T18:00:00.000Z,USA,Nevada Power Company,US-NW-NEVP,262.0,328.0,,50.0,,False,
2025-02-01T19:00:00.000Z,USA,Nevada Power Company,US-NW-NEVP,253.0,316.0,,53.0,,False,
2025-02-01T20:00:00.000Z,USA,Nevada Power Company,US-NW-NEVP,255.0,319.0,,52.0,,False,
2025-02-01T21:00:00.000Z,USA,Nevada Power Company,US-NW-NEVP,262.0,328.0,,50.0,,False,
2025-02-01T22:00:00.000Z,USA,Nevada Power Company,US-NW-NEVP,293.0,365.0,,43.0,,False,
2025-02-01T23:00:00.000Z,USA,Nevada Power Company,US-NW-NEVP,381.0,464.0,,27.0,,False,
2025-02-02T00:00:00.000Z,USA,Nevada Power Company,US-NW-NEVP,428.0,514.0,,22.0,,True,TIME_SLICER_AVERAGE
2025-02-02T01:00:00.000Z,USA,Nevada Power Company,US-NW-NEVP,379.0,463.0,,28.0,,True,TIME_SLICER_AVERAGE
2025-02-02T02:00:00.000Z,USA,Nevada Power Company,US-NW-NEVP,452.0,546.0,,15.0,,True,TIME_SLICER_AVERAGE
2025-02-02T03:00:00.000Z,USA,Nevada Power Company,US-NW-NEVP,457.0,552.0,,15.0,,True,TIME_SLICER_AVERAGE
2025-02-02T04:00:00.000Z,USA,Nevada Power Company,US-NW-NEVP,452.0,546.0,,15.0,,True,TIME_SLICER_AVERAGE
2025-02-02T05:00:00.000Z,USA,Nevada Power Company,US-NW-NEVP,475.0,565.0,,17.0,,True,TIME_SLICER_AVERAGE
2025-02-02T06:00:00.000Z,USA,Nevada Power Company,US-NW-NEVP,474.0,568.0,,14.0,,True,TIME_SLICER_AVERAGE
2025-02-02T07:00:00.000Z,USA,Nevada Power Company,US-NW-NEVP,468.0,563.0,,14.0,,False,
2025-02-02T08:00:00.000Z,USA,Nevada Power Company,US-NW-NEVP,466.0,560.0,,14.0,,False,
2025-02-02T09:00:00.000Z,USA,Nevada Power Company,US-NW-NEVP,470.0,562.0,,15.0,,False,
2025-02-02T10:00:00.000Z,USA,Nevada Power Company,US-NW-NEVP,467.0,558.0,,15.0,,False,
2025-02-02T11:00:00.000Z,USA,Nevada Power Company,US-NW-NEVP,466.0,558.0,,14.0,,False,
2025-02-02T12:00:00.000Z,USA,Nevada Power Company,US-NW-NEVP,462.0,557.0,,13.0,,False,
2025-02-02T13:00:00.000Z,USA,Nevada Power Company,US-NW-NEVP,453.0,548.0,,14.0,,False,
2025-02-02T14:00:00.000Z,USA,Nevada Power Company,US-NW-NEVP,452.0,545.0,,16.0,,False,
2025-02-02T15:00:00.000Z,USA,Nevada Power Company,US-NW-NEVP,395.0,478.0,,27.0,,False,
2025-02-02T16:00:00.000Z,USA,Nevada Power Company,US-NW-NEVP,270.0,329.0,,54.0,,False,
2025-02-02T17:00:00.000Z,USA,Nevada Power Company,US-NW-NEVP,228.0,283.0,,61.0,,False,
2025-02-02T18:00:00.000Z,USA,Nevada Power Company,US-NW-NEVP,219.0,272.0,,62.0,,False,
2025-02-02T19:00:00.000Z,USA,Nevada Power Company,US-NW-NEVP,226.0,281.0,,61.0,,False,
2025-02-02T20:00:00.000Z,USA,Nevada Power Company,US-NW-NEVP,230.0,287.0,,59.0,,False,
2025-02-02T21:00:00.000Z,USA,Nevada Power Company,US-NW-NEVP,234.0,295.0,,56.0,,False,
2025-02-02T22:00:00.000Z,USA,Nevada Power Company,US-NW-NEVP,240.0,302.0,,55.0,,False,
2025-02-02T23:00:00.000Z,USA,Nevada Power Company,US-NW-NEVP,280.0,348.0,,48.0,,False,
2025-02-03T00:00:00.000Z,USA,Nevada Power Company,US-NW-NEVP,408.0,496.0,,23.0,,False,
2025-02-03T01:00:00.000Z,USA,Nevada Power Company,US-NW-NEVP,428.0,516.0,,22.0,,True,TIME_SLICER_AVERAGE
2025-02-03T02:00:00.000Z,USA,Nevada Power Company,US-NW-NEVP,455.0,550.0,,15.0,,True,TIME_SLICER_AVERAGE
2025-02-03T03:00:00.000Z,USA,Nevada Power Company,US-NW-NEVP,458.0,555.0,,13.0,,True,TIME_SLICER_AVERAGE
2025-02-03T04:00:00.000Z,USA,Nevada Power Company,US-NW-NEVP,440.0,539.0,,12.0,,True,TIME_SLICER_AVERAGE
2025-02-03T05:00:00.000Z,USA,Nevada Power Company,US-NW-NEVP,457.0,551.0,,15.0,,True,TIME_SLICER_AVERAGE
2025-02-03T06:00:00.000Z,USA,Nevada Power Company,US-NW-NEVP,456.0,551.0,,15.0,,False,
2025-02-03T07:00:00.000Z,USA,Nevada Power Company,US-NW-NEVP,456.0,549.0,,15.0,,False,
2025-02-03T08:00:00.000Z,USA,Nevada Power Company,US-NW-NEVP,464.0,559.0,,13.0,,False,
2025-02-03T09:00:00.000Z,USA,Nevada Power Company,US-NW-NEVP,463.0,559.0,,13.0,,False,
2025-02-03T10:00:00.000Z,USA,Nevada Power Company,US-NW-NEVP,466.0,563.0,,12.0,,False,
2025-02-03T11:00:00.000Z,USA,Nevada Power Company,US-NW-NEVP,468.0,564.0,,12.0,,False,
2025-02-03T12:00:00.000Z,USA,Nevada Power Company,US-NW-NEVP,473.0,570.0,,12.0,,False,
2025-02-03T13:00:00.000Z,USA,Nevada Power Company,US-NW-NEVP,468.0,565.0,,12.0,,False,
2025-02-03T14:00:00.000Z,USA,Nevada Power Company,US-NW-NEVP,464.0,559.0,,14.0,,False,
2025-02-03T15:00:00.000Z,USA,Nevada Power Company,US-NW-NEVP,430.0,516.0,,22.0,,False,
2025-02-03T16:00:00.000Z,USA,Nevada Power Company,US-NW-NEVP,352.0,429.0,,35.0,,False,
2025-02-03T17:00:00.000Z,USA,Nevada Power Company,US-NW-NEVP,326.0,398.0,,40.0,,False,
2025-02-03T18:00:00.000Z,USA,Nevada Power Company,US-NW-NEVP,306.0,374.0,,44.0,,False,
2025-02-03T19:00:00.000Z,USA,Nevada Power Company,US-NW-NEVP,307.0,375.0,,45.0,,False,
2025-02-03T20:00:00.000Z,USA,Nevada Power Company,US-NW-NEVP,322.0,390.0,,43.0,,False,
2025-02-03T21:00:00.000Z,USA,Nevada Power Company,US-NW-NEVP,314.0,381.0,,44.0,,False,
2025-02-03T22:00:00.000Z,USA,Nevada Power Company,US-NW-NEVP,320.0,389.0,,43.0,,False,
2025-02-03T23:00:00.000Z,USA,Nevada Power Company,US-NW-NEVP,358.0,433.0,,35.0,,False,
2025-02-04T00:00:00.000Z,USA,Nevada Power Company,US-NW-NEVP,378.0,458.0,,31.0,,True,TIME_SLICER_AVERAGE
2025-02-04T01:00:00.000Z,USA,Nevada Power Company,US-NW-NEVP,350.0,432.0,,32.0,,True,TIME_SLICER_AVERAGE
2025-02-04T02:00:00.000Z,USA,Nevada Power Company,US-NW-NEVP,446.0,542.0,,15.0,,True,TIME_SLICER_AVERAGE
2025-02-04T03:00:00.000Z,USA,Nevada Power Company,US-NW-NEVP,453.0,548.0,,15.0,,True,TIME_SLICER_AVERAGE
2025-02-04T04:00:00.000Z,USA,Nevada Power Company,US-NW-NEVP,453.0,547.0,,15.0,,True,TIME_SLICER_AVERAGE
2025-02-04T05:00:00.000Z,USA,Nevada Power Company,US-NW-NEVP,457.0,552.0,,14.0,,False,
2025-02-04T06:00:00.000Z,USA,Nevada Power Company,US-NW-NEVP,467.0,562.0,,13.0,,False,
2025-02-04T07:00:00.000Z,USA,Nevada Power Company,US-NW-NEVP,471.0,566.0,,12.0,,False,
2025-02-04T08:00:00.000Z,USA,Nevada Power Company,US-NW-NEVP,472.0,569.0,,11.0,,False,
2025-02-04T09:00:00.000Z,USA,Nevada Power Company,US-NW-NEVP,472.0,570.0,,10.0,,False,
2025-02-04T10:00:00.000Z,USA,Nevada Power Company,US-NW-NEVP,471.0,570.0,,10.0,,False,
2025-02-04T11:00:00.000Z,USA,Nevada Power Company,US-NW-NEVP,471.0,571.0,,10.0,,False,
2025-02-04T12:00:00.000Z,USA,Nevada Power Company,US-NW-NEVP,469.0,570.0,,9.0,,False,
2025-02-04T13:00:00.000Z,USA,Nevada Power Company,US-NW-NEVP,463.0,563.0,,10.0,,False,
2025-02-04T14:00:00.000Z,USA,Nevada Power Company,US-NW-NEVP,463.0,560.0,,12.0,,False,
2025-02-04T15:00:00.000Z,USA,Nevada Power Company,US-NW-NEVP,434.0,524.0,,19.0,,False,
2025-02-04T16:00:00.000Z,USA,Nevada Power Company,US-NW-NEVP,322.0,392.0,,43.0,,False,
2025-02-04T17:00:00.000Z,USA,Nevada Power Company,US-NW-NEVP,284.0,346.0,,50.0,,False,
2025-02-04T18:00:00.000Z,USA,Nevada Power Company,US-NW-NEVP,237.0,295.0,,58.0,,False,
2025-02-04T19:00:00.000Z,USA,Nevada Power Company,US-NW-NEVP,226.0,284.0,,59.0,,False,
2025-02-04T20:00:00.000Z,USA,Nevada Power Company,US-NW-NEVP,226.0,283.0,,59.0,,False,
2025-02-04T21:00:00.000Z,USA,Nevada Power Company,US-NW-NEVP,231.0,290.0,,57.0,,False,
2025-02-04T22:00:00.000Z,USA,Nevada Power Company,US-NW-NEVP,258.0,322.0,,52.0,,False,
2025-02-04T23:00:00.000Z,USA,Nevada Power Company,US-NW-NEVP,301.0,372.0,,43.0,,False,
2025-02-05T00:00:00.000Z,USA,Nevada Power Company,US-NW-NEVP,423.0,514.0,,20.0,,False,
2025-02-05T01:00:00.000Z,USA,Nevada Power Company,US-NW-NEVP,441.0,533.0,,18.0,,True,TIME_SLICER_AVERAGE
2025-02-05T02:00:00.000Z,USA,Nevada Power Company,US-NW-NEVP,455.0,552.0,,14.0,,True,TIME_SLICER_AVERAGE
2025-02-05T03:00:00.000Z,USA,Nevada Power Company,US-NW-NEVP,451.0,548.0,,14.0,,False,
2025-02-05T04:00:00.000Z,USA,Nevada Power Company,US-NW-NEVP,446.0,543.0,,14.0,,True,TIME_SLICER_AVERAGE
2025-02-05T05:00:00.000Z,USA,Nevada Power Company,US-NW-NEVP,443.0,538.0,,15.0,,False,
2025-02-05T06:00:00.000Z,USA,Nevada Power Company,US-NW-NEVP,452.0,547.0,,14.0,,False,
2025-02-05T07:00:00.000Z,USA,Nevada Power Company,US-NW-NEVP,463.0,559.0,,13.0,,False,
2025-02-05T08:00:00.000Z,USA,Nevada Power Company,US-NW-NEVP,480.0,577.0,,11.0,,False,
2025-02-05T09:00:00.000Z,USA,Nevada Power Company,US-NW-NEVP,478.0,574.0,,11.0,,False,
2025-02-05T10:00:00.000Z,USA,Nevada Power Company,US-NW-NEVP,476.0,573.0,,11.0,,False,
2025-02-05T11:00:00.000Z,USA,Nevada Power Company,US-NW-NEVP,470.0,568.0,,11.0,,False,
2025-02-05T12:00:00.000Z,USA,Nevada Power Company,US-NW-NEVP,469.0,567.0,,11.0,,False,
2025-02-05T13:00:00.000Z,USA,Nevada Power Company,US-NW-NEVP,467.0,564.0,,12.0,,False,
2025-02-05T14:00:00.000Z,USA,Nevada Power Company,US-NW-NEVP,459.0,554.0,,14.0,,False,
2025-02-05T15:00:00.000Z,USA,Nevada Power Company,US-NW-NEVP,401.0,485.0,,27.0,,False,
2025-02-05T16:00:00.000Z,USA,Nevada Power Company,US-NW-NEVP,281.0,349.0,,48.0,,False,
2025-02-05T17:00:00.000Z,USA,Nevada Power Company,US-NW-NEVP,240.0,300.0,,57.0,,False,
2025-02-05T18:00:00.000Z,USA,Nevada Power Company,US-NW-NEVP,225.0,280.0,,60.0,,False,
2025-02-05T19:00:00.000Z,USA,Nevada Power Company,US-NW-NEVP,231.0,287.0,,60.0,,False,
2025-02-05T20:00:00.000Z,USA,Nevada Power Company,US-NW-NEVP,237.0,294.0,,59.0,,False,
2025-02-05T21:00:00.000Z,USA,Nevada Power Company,US-NW-NEVP,234.0,289.0,,60.0,,False,
2025-02-05T22:00:00.000Z,USA,Nevada Power Company,US-NW-NEVP,239.0,297.0,,58.0,,False,
2025-02-05T23:00:00.000Z,USA,Nevada Power Company,US-NW-NEVP,279.0,345.0,,50.0,,False,
2025-02-06T00:00:00.000Z,USA,Nevada Power Company,US-NW-NEVP,414.0,499.0,,24.0,,False,
2025-02-06T01:00:00.000Z,USA,Nevada Power Company,US-NW-NEVP,432.0,519.0,,23.0,,True,TIME_SLICER_AVERAGE
2025-02-06T02:00:00.000Z,USA,Nevada Power Company,US-NW-NEVP,465.0,561.0,,14.0,,True,TIME_SLICER_AVERAGE
2025-02-06T03:00:00.000Z,USA,Nevada Power Company,US-NW-NEVP,465.0,562.0,,13.0,,True,TIME_SLICER_AVERAGE
2025-02-06T04:00:00.000Z,USA,Nevada Power Company,US-NW-NEVP,454.0,554.0,,12.0,,True,TIME_SLICER_AVERAGE
2025-02-06T05:00:00.000Z,USA,Nevada Power Company,US-NW-NEVP,475.0,568.0,,15.0,,True,TIME_SLICER_AVERAGE
2025-02-06T06:00:00.000Z,USA,Nevada Power Company,US-NW-NEVP,471.0,564.0,,15.0,,False,
2025-02-06T07:00:00.000Z,USA,Nevada Power Company,US-NW-NEVP,489.0,584.0,,12.0,,False,
2025-02-06T08:00:00.000Z,USA,Nevada Power Company,US-NW-NEVP,503.0,601.0,,9.0,,False,
2025-02-06T09:00:00.000Z,USA,Nevada Power Company,US-NW-NEVP,503.0,601.0,,9.0,,False,
2025-02-06T10:00:00.000Z,USA,Nevada Power Company,US-NW-NEVP,503.0,601.0,,9.0,,False,
2025-02-06T11:00:00.000Z,USA,Nevada Power Company,US-NW-NEVP,506.0,604.0,,9.0,,False,
2025-02-06T12:00:00.000Z,USA,Nevada Power Company,US-NW-NEVP,506.0,605.0,,8.0,,False,
2025-02-06T13:00:00.000Z,USA,Nevada Power Company,US-NW-NEVP,497.0,595.0,,10.0,,False,
2025-02-06T14:00:00.000Z,USA,Nevada Power Company,US-NW-NEVP,488.0,583.0,,13.0,,False,
2025-02-06T15:00:00.000Z,USA,Nevada Power Company,US-NW-NEVP,407.0,490.0,,27.0,,False,
2025-02-06T16:00:00.000Z,USA,Nevada Power Company,US-NW-NEVP,292.0,353.0,,52.0,,False,
2025-02-06T17:00:00.000Z,USA,Nevada Power Company,US-NW-NEVP,256.0,312.0,,58.0,,False,
2025-02-06T18:00:00.000Z,USA,Nevada Power Company,US-NW-NEVP,253.0,308.0,,59.0,,False,
2025-02-06T19:00:00.000Z,USA,Nevada Power Company,US-NW-NEVP,259.0,314.0,,58.0,,False,
2025-02-06T20:00:00.000Z,USA,Nevada Power Company,US-NW-NEVP,249.0,304.0,,59.0,,False,
2025-02-06T21:00:00.000Z,USA,Nevada Power Company,US-NW-NEVP,258.0,315.0,,56.0,,False,
2025-02-06T22:00:00.000Z,USA,Nevada Power Company,US-NW-NEVP,259.0,320.0,,54.0,,False,
2025-02-06T23:00:00.000Z,USA,Nevada Power Company,US-NW-NEVP,299.0,368.0,,45.0,,False,
2025-02-07T00:00:00.000Z,USA,Nevada Power Company,US-NW-NEVP,422.0,508.0,,23.0,,False,
2025-02-07T01:00:00.000Z,USA,Nevada Power Company,US-NW-NEVP,437.0,525.0,,22.0,,True,TIME_SLICER_AVERAGE
2025-02-07T02:00:00.000Z,USA,Nevada Power Company,US-NW-NEVP,472.0,566.0,,15.0,,True,TIME_SLICER_AVERAGE
2025-02-07T03:00:00.000Z,USA,Nevada Power Company,US-NW-NEVP,478.0,573.0,,15.0,,True,TIME_SLICER_AVERAGE
2025-02-07T04:00:00.000Z,USA,Nevada Power Company,US-NW-NEVP,474.0,568.0,,15.0,,True,TIME_SLICER_AVERAGE
2025-02-07T05:00:00.000Z,USA,Nevada Power Company,US-NW-NEVP,472.0,566.0,,15.0,,False,
2025-02-07T06:00:00.000Z,USA,Nevada Power Company,US-NW-NEVP,475.0,569.0,,13.0,,False,
2025-02-07T07:00:00.000Z,USA,Nevada Power Company,US-NW-NEVP,475.0,572.0,,12.0,,False,
2025-02-07T08:00:00.000Z,USA,Nevada Power Company,US-NW-NEVP,484.0,581.0,,11.0,,False,
2025-02-07T09:00:00.000Z,USA,Nevada Power Company,US-NW-NEVP,481.0,578.0,,11.0,,False,
2025-02-07T10:00:00.000Z,USA,Nevada Power Company,US-NW-NEVP,478.0,574.0,,12.0,,False,
2025-02-07T11:00:00.000Z,USA,Nevada Power Company,US-NW-NEVP,478.0,575.0,,12.0,,False,
2025-02-07T12:00:00.000Z,USA,Nevada Power Company,US-NW-NEVP,481.0,577.0,,12.0,,False,
2025-02-07T13:00:00.000Z,USA,Nevada Power Company,US-NW-NEVP,478.0,574.0,,13.0,,False,
2025-02-07T14:00:00.000Z,USA,Nevada Power Company,US-NW-NEVP,466.0,560.0,,15.0,,False,
2025-02-07T15:00:00.000Z,USA,Nevada Power Company,US-NW-NEVP,411.0,493.0,,28.0,,False,
2025-02-07T16:00:00.000Z,USA,Nevada Power Company,US-NW-NEVP,319.0,385.0,,46.0,,False,
2025-02-07T17:00:00.000Z,USA,Nevada Power Company,US-NW-NEVP,278.0,337.0,,53.0,,False,
2025-02-07T18:00:00.000Z,USA,Nevada Power Company,US-NW-NEVP,250.0,306.0,,57.0,,False,
2025-02-07T19:00:00.000Z,USA,Nevada Power Company,US-NW-NEVP,247.0,304.0,,57.0,,False,
2025-02-07T20:00:00.000Z,USA,Nevada Power Company,US-NW-NEVP,239.0,295.0,,59.0,,False,
2025-02-07T21:00:00.000Z,USA,Nevada Power Company,US-NW-NEVP,268.0,329.0,,53.0,,False,
2025-02-07T22:00:00.000Z,USA,Nevada Power Company,US-NW-NEVP,290.0,355.0,,49.0,,False,
2025-02-07T23:00:00.000Z,USA,Nevada Power Company,US-NW-NEVP,348.0,425.0,,35.0,,False,
2025-02-08T00:00:00.000Z,USA,Nevada Power Company,US-NW-NEVP,381.0,466.0,,28.0,,True,TIME_SLICER_AVERAGE
2025-02-08T01:00:00.000Z,USA,Nevada Power Company,US-NW-NEVP,362.0,449.0,,27.0,,True,TIME_SLICER_AVERAGE
2025-02-08T02:00:00.000Z,USA,Nevada Power Company,US-NW-NEVP,444.0,544.0,,12.0,,True,TIME_SLICER_AVERAGE
2025-02-08T03:00:00.000Z,USA,Nevada Power Company,US-NW-NEVP,459.0,561.0,,10.0,,True,TIME_SLICER_AVERAGE
2025-02-08T04:00:00.000Z,USA,Nevada Power Company,US-NW-NEVP,460.0,565.0,,7.0,,True,TIME_SLICER_AVERAGE
2025-02-08T05:00:00.000Z,USA,Nevada Power Company,US-NW-NEVP,459.0,565.0,,7.0,,False,
2025-02-08T06:00:00.000Z,USA,Nevada Power Company,US-NW-NEVP,457.0,563.0,,7.0,,False,
2025-02-08T07:00:00.000Z,USA,Nevada Power Company,US-NW-NEVP,482.0,579.0,,12.0,,False,
2025-02-08T08:00:00.000Z,USA,Nevada Power Company,US-NW-NEVP,485.0,583.0,,11.0,,False,
2025-02-08T09:00:00.000Z,USA,Nevada Power Company,US-NW-NEVP,480.0,580.0,,9.0,,False,
2025-02-08T10:00:00.000Z,USA,Nevada Power Company,US-NW-NEVP,485.0,586.0,,8.0,,False,
2025-02-08T11:00:00.000Z,USA,Nevada Power Company,US-NW-NEVP,484.0,585.0,,9.0,,False,
2025-02-08T12:00:00.000Z,USA,Nevada Power Company,US-NW-NEVP,490.0,590.0,,9.0,,False,
2025-02-08T13:00:00.000Z,USA,Nevada Power Company,US-NW-NEVP,493.0,593.0,,9.0,,False,
2025-02-08T14:00:00.000Z,USA,Nevada Power Company,US-NW-NEVP,491.0,591.0,,10.0,,False,
2025-02-08T15:00:00.000Z,USA,Nevada Power Company,US-NW-NEVP,406.0,490.0,,28.0,,False,
2025-02-08T16:00:00.000Z,USA,Nevada Power Company,US-NW-NEVP,260.0,322.0,,55.0,,False,
2025-02-08T17:00:00.000Z,USA,Nevada Power Company,US-NW-NEVP,229.0,286.0,,60.0,,False,
2025-02-08T18:00:00.000Z,USA,Nevada Power Company,US-NW-NEVP,221.0,277.0,,61.0,,False,
2025-02-08T19:00:00.000Z,USA,Nevada Power Company,US-NW-NEVP,236.0,293.0,,58.0,,False,
2025-02-08T20:00:00.000Z,USA,Nevada Power Company,US-NW-NEVP,246.0,304.0,,57.0,,False,
2025-02-08T21:00:00.000Z,USA,Nevada Power Company,US-NW-NEVP,242.0,301.0,,58.0,,False,
2025-02-08T22:00:00.000Z,USA,Nevada Power Company,US-NW-NEVP,252.0,312.0,,56.0,,False,
2025-02-08T23:00:00.000Z,USA,Nevada Power Company,US-NW-NEVP,280.0,348.0,,50.0,,False,
2025-02-09T00:00:00.000Z,USA,Nevada Power Company,US-NW-NEVP,329.0,405.0,,38.0,,True,TIME_SLICER_AVERAGE
2025-02-09T01:00:00.000Z,USA,Nevada Power Company,US-NW-NEVP,340.0,421.0,,33.0,,True,TIME_SLICER_AVERAGE
2025-02-09T02:00:00.000Z,USA,Nevada Power Company,US-NW-NEVP,467.0,570.0,,9.0,,True,TIME_SLICER_AVERAGE
2025-02-09T03:00:00.000Z,USA,Nevada Power Company,US-NW-NEVP,477.0,581.0,,8.0,,True,TIME_SLICER_AVERAGE
2025-02-09T04:00:00.000Z,USA,Nevada Power Company,US-NW-NEVP,472.0,577.0,,6.0,,True,TIME_SLICER_AVERAGE
2025-02-09T05:00:00.000Z,USA,Nevada Power Company,US-NW-NEVP,469.0,576.0,,5.0,,False,
2025-02-09T06:00:00.000Z,USA,Nevada Power Company,US-NW-NEVP,470.0,579.0,,4.0,,False,
2025-02-09T07:00:00.000Z,USA,Nevada Power Company,US-NW-NEVP,523.0,626.0,,5.0,,False,
2025-02-09T08:00:00.000Z,USA,Nevada Power Company,US-NW-NEVP,506.0,610.0,,5.0,,False,
2025-02-09T09:00:00.000Z,USA,Nevada Power Company,US-NW-NEVP,504.0,608.0,,5.0,,False,
2025-02-09T10:00:00.000Z,USA,Nevada Power Company,US-NW-NEVP,500.0,603.0,,6.0,,False,
2025-02-09T11:00:00.000Z,USA,Nevada Power Company,US-NW-NEVP,495.0,598.0,,7.0,,False,
2025-02-09T12:00:00.000Z,USA,Nevada Power Company,US-NW-NEVP,495.0,598.0,,7.0,,False,
2025-02-09T13:00:00.000Z,USA,Nevada Power Company,US-NW-NEVP,494.0,595.0,,8.0,,False,
2025-02-09T14:00:00.000Z,USA,Nevada Power Company,US-NW-NEVP,481.0,581.0,,10.0,,False,
2025-02-09T15:00:00.000Z,USA,Nevada Power Company,US-NW-NEVP,416.0,504.0,,24.0,,False,
2025-02-09T16:00:00.000Z,USA,Nevada Power Company,US-NW-NEVP,263.0,326.0,,54.0,,False,
2025-02-09T17:00:00.000Z,USA,Nevada Power Company,US-NW-NEVP,239.0,297.0,,59.0,,False,
2025-02-09T18:00:00.000Z,USA,Nevada Power Company,US-NW-NEVP,237.0,295.0,,59.0,,False,
2025-02-09T19:00:00.000Z,USA,Nevada Power Company,US-NW-NEVP,253.0,314.0,,54.0,,False,
2025-02-09T20:00:00.000Z,USA,Nevada Power Company,US-NW-NEVP,259.0,320.0,,55.0,,False,
2025-02-09T21:00:00.000Z,USA,Nevada Power Company,US-NW-NEVP,256.0,316.0,,56.0,,False,
2025-02-09T22:00:00.000Z,USA,Nevada Power Company,US-NW-NEVP,271.0,334.0,,53.0,,False,
2025-02-09T23:00:00.000Z,USA,Nevada Power Company,US-NW-NEVP,299.0,371.0,,46.0,,False,
2025-02-10T00:00:00.000Z,USA,Nevada Power Company,US-NW-NEVP,449.0,544.0,,16.0,,False,
2025-02-10T01:00:00.000Z,USA,Nevada Power Company,US-NW-NEVP,457.0,552.0,,15.0,,True,TIME_SLICER_AVERAGE
2025-02-10T02:00:00.000Z,USA,Nevada Power Company,US-NW-NEVP,492.0,597.0,,6.0,,True,TIME_SLICER_AVERAGE
2025-02-10T03:00:00.000Z,USA,Nevada Power Company,US-NW-NEVP,483.0,588.0,,7.0,,True,TIME_SLICER_AVERAGE
2025-02-10T04:00:00.000Z,USA,Nevada Power Company,US-NW-NEVP,471.0,577.0,,6.0,,True,TIME_SLICER_AVERAGE
2025-02-10T05:00:00.000Z,USA,Nevada Power Company,US-NW-NEVP,501.0,604.0,,6.0,,True,TIME_SLICER_AVERAGE
2025-02-10T06:00:00.000Z,USA,Nevada Power Company,US-NW-NEVP,498.0,602.0,,6.0,,True,TIME_SLICER_AVERAGE
2025-02-10T07:00:00.000Z,USA,Nevada Power Company,US-NW-NEVP,499.0,603.0,,6.0,,False,
2025-02-10T08:00:00.000Z,USA,Nevada Power Company,US-NW-NEVP,495.0,600.0,,5.0,,False,
2025-02-10T09:00:00.000Z,USA,Nevada Power Company,US-NW-NEVP,503.0,609.0,,2.0,,False,
2025-02-10T10:00:00.000Z,USA,Nevada Power Company,US-NW-NEVP,500.0,607.0,,2.0,,False,
2025-02-10T11:00:00.000Z,USA,Nevada Power Company,US-NW-NEVP,498.0,604.0,,3.0,,False,
2025-02-10T12:00:00.000Z,USA,Nevada Power Company,US-NW-NEVP,503.0,608.0,,4.0,,False,
2025-02-10T13:00:00.000Z,USA,Nevada Power Company,US-NW-NEVP,507.0,610.0,,6.0,,False,
2025-02-10T14:00:00.000Z,USA,Nevada Power Company,US-NW-NEVP,499.0,601.0,,7.0,,False,
2025-02-10T15:00:00.000Z,USA,Nevada Power Company,US-NW-NEVP,424.0,511.0,,24.0,,False,
2025-02-10T16:00:00.000Z,USA,Nevada Power Company,US-NW-NEVP,294.0,357.0,,51.0,,False,
2025-02-10T17:00:00.000Z,USA,Nevada Power Company,US-NW-NEVP,241.0,296.0,,61.0,,False,
2025-02-10T18:00:00.000Z,USA,Nevada Power Company,US-NW-NEVP,229.0,284.0,,62.0,,False,
2025-02-10T19:00:00.000Z,USA,Nevada Power Company,US-NW-NEVP,222.0,276.0,,62.0,,False,
2025-02-10T20:00:00.000Z,USA,Nevada Power Company,US-NW-NEVP,225.0,280.0,,61.0,,False,
2025-02-10T21:00:00.000Z,USA,Nevada Power Company,US-NW-NEVP,225.0,280.0,,61.0,,False,
2025-02-10T22:00:00.000Z,USA,Nevada Power Company,US-NW-NEVP,235.0,293.0,,59.0,,False,
2025-02-10T23:00:00.000Z,USA,Nevada Power Company,US-NW-NEVP,280.0,346.0,,50.0,,False,
2025-02-11T00:00:00.000Z,USA,Nevada Power Company,US-NW-NEVP,418.0,506.0,,23.0,,False,
2025-02-11T01:00:00.000Z,USA,Nevada Power Company,US-NW-NEVP,438.0,527.0,,21.0,,True,TIME_SLICER_AVERAGE
2025-02-11T02:00:00.000Z,USA,Nevada Power Company,US-NW-NEVP,493.0,591.0,,10.0,,True,TIME_SLICER_AVERAGE
2025-02-11T03:00:00.000Z,USA,Nevada Power Company,US-NW-NEVP,492.0,593.0,,9.0,,True,TIME_SLICER_AVERAGE
2025-02-11T04:00:00.000Z,USA,Nevada Power Company,US-NW-NEVP,487.0,589.0,,7.0,,True,TIME_SLICER_AVERAGE
2025-02-11T05:00:00.000Z,USA,Nevada Power Company,US-NW-NEVP,520.0,619.0,,7.0,,True,TIME_SLICER_AVERAGE
2025-02-11T06:00:00.000Z,USA,Nevada Power Company,US-NW-NEVP,501.0,599.0,,9.0,,True,TIME_SLICER_AVERAGE
2025-02-11T07:00:00.000Z,USA,Nevada Power Company,US-NW-NEVP,491.0,590.0,,9.0,,False,
2025-02-11T08:00:00.000Z,USA,Nevada Power Company,US-NW-NEVP,509.0,610.0,,6.0,,False,
2025-02-11T09:00:00.000Z,USA,Nevada Power Company,US-NW-NEVP,518.0,620.0,,4.0,,False,
2025-02-11T10:00:00.000Z,USA,Nevada Power Company,US-NW-NEVP,524.0,627.0,,4.0,,False,
2025-02-11T11:00:00.000Z,USA,Nevada Power Company,US-NW-NEVP,526.0,629.0,,4.0,,False,
2025-02-11T12:00:00.000Z,USA,Nevada Power Company,US-NW-NEVP,521.0,624.0,,4.0,,False,
2025-02-11T13:00:00.000Z,USA,Nevada Power Company,US-NW-NEVP,517.0,619.0,,6.0,,False,
2025-02-11T14:00:00.000Z,USA,Nevada Power Company,US-NW-NEVP,495.0,594.0,,9.0,,False,
2025-02-11T15:00:00.000Z,USA,Nevada Power Company,US-NW-NEVP,421.0,509.0,,23.0,,False,
2025-02-11T16:00:00.000Z,USA,Nevada Power Company,US-NW-NEVP,300.0,371.0,,45.0,,False,
2025-02-11T17:00:00.000Z,USA,Nevada Power Company,US-NW-NEVP,254.0,312.0,,57.0,,False,
2025-02-11T18:00:00.000Z,USA,Nevada Power Company,US-NW-NEVP,244.0,300.0,,59.0,,False,
2025-02-11T19:00:00.000Z,USA,Nevada Power Company,US-NW-NEVP,231.0,286.0,,60.0,,False,
2025-02-11T20:00:00.000Z,USA,Nevada Power Company,US-NW-NEVP,232.0,287.0,,59.0,,False,
2025-02-11T21:00:00.000Z,USA,Nevada Power Company,US-NW-NEVP,231.0,287.0,,59.0,,False,
2025-02-11T22:00:00.000Z,USA,Nevada Power Company,US-NW-NEVP,239.0,297.0,,58.0,,False,
2025-02-11T23:00:00.000Z,USA,Nevada Power Company,US-NW-NEVP,284.0,351.0,,49.0,,False,
2025-02-12T00:00:00.000Z,USA,Nevada Power Company,US-NW-NEVP,319.0,390.0,,42.0,,True,TIME_SLICER_AVERAGE
2025-02-12T01:00:00.000Z,USA,Nevada Power Company,US-NW-NEVP,323.0,401.0,,37.0,,True,TIME_SLICER_AVERAGE
2025-02-12T02:00:00.000Z,USA,Nevada Power Company,US-NW-NEVP,463.0,564.0,,10.0,,True,TIME_SLICER_AVERAGE
2025-02-12T03:00:00.000Z,USA,Nevada Power Company,US-NW-NEVP,473.0,576.0,,8.0,,True,TIME_SLICER_AVERAGE
2025-02-12T04:00:00.000Z,USA,Nevada Power Company,US-NW-NEVP,465.0,569.0,,7.0,,True,TIME_SLICER_AVERAGE
2025-02-12T05:00:00.000Z,USA,Nevada Power Company,US-NW-NEVP,510.0,611.0,,7.0,,True,TIME_SLICER_AVERAGE
2025-02-12T06:00:00.000Z,USA,Nevada Power Company,US-NW-NEVP,521.0,624.0,,4.0,,True,TIME_SLICER_AVERAGE
2025-02-12T07:00:00.000Z,USA,Nevada Power Company,US-NW-NEVP,527.0,631.0,,3.0,,True,TIME_SLICER_AVERAGE
2025-02-12T08:00:00.000Z,USA,Nevada Power Company,US-NW-NEVP,516.0,619.0,,4.0,,False,
2025-02-12T09:00:00.000Z,USA,Nevada Power Company,US-NW-NEVP,510.0,612.0,,5.0,,False,
2025-02-12T10:00:00.000Z,USA,Nevada Power Company,US-NW-NEVP,513.0,614.0,,6.0,,False,
2025-02-12T11:00:00.000Z,USA,Nevada Power Company,US-NW-NEVP,512.0,613.0,,6.0,,False,
2025-02-12T12:00:00.000Z,USA,Nevada Power Company,US-NW-NEVP,504.0,606.0,,6.0,,False,
2025-02-12T13:00:00.000Z,USA,Nevada Power Company,US-NW-NEVP,498.0,599.0,,6.0,,False,
2025-02-12T14:00:00.000Z,USA,Nevada Power Company,US-NW-NEVP,483.0,584.0,,8.0,,False,
2025-02-12T15:00:00.000Z,USA,Nevada Power Company,US-NW-NEVP,407.0,494.0,,25.0,,False,
2025-02-12T16:00:00.000Z,USA,Nevada Power Company,US-NW-NEVP,305.0,379.0,,43.0,,False,
2025-02-12T17:00:00.000Z,USA,Nevada Power Company,US-NW-NEVP,262.0,325.0,,54.0,,False,
2025-02-12T18:00:00.000Z,USA,Nevada Power Company,US-NW-NEVP,255.0,316.0,,55.0,,False,
2025-02-12T19:00:00.000Z,USA,Nevada Power Company,US-NW-NEVP,256.0,317.0,,55.0,,False,
2025-02-12T20:00:00.000Z,USA,Nevada Power Company,US-NW-NEVP,262.0,323.0,,55.0,,False,
2025-02-12T21:00:00.000Z,USA,Nevada Power Company,US-NW-NEVP,305.0,371.0,,49.0,,False,
2025-02-12T22:00:00.000Z,USA,Nevada Power Company,US-NW-NEVP,314.0,379.0,,48.0,,False,
2025-02-12T23:00:00.000Z,USA,Nevada Power Company,US-NW-NEVP,347.0,420.0,,40.0,,False,
2025-02-13T00:00:00.000Z,USA,Nevada Power Company,US-NW-NEVP,482.0,578.0,,13.0,,False,
2025-02-13T01:00:00.000Z,USA,Nevada Power Company,US-NW-NEVP,473.0,569.0,,14.0,,True,TIME_SLICER_AVERAGE
2025-02-13T02:00:00.000Z,USA,Nevada Power Company,US-NW-NEVP,497.0,598.0,,8.0,,True,TIME_SLICER_AVERAGE
2025-02-13T03:00:00.000Z,USA,Nevada Power Company,US-NW-NEVP,498.0,601.0,,7.0,,True,TIME_SLICER_AVERAGE
2025-02-13T04:00:00.000Z,USA,Nevada Power Company,US-NW-NEVP,487.0,592.0,,6.0,,True,TIME_SLICER_AVERAGE
2025-02-13T05:00:00.000Z,USA,Nevada Power Company,US-NW-NEVP,519.0,621.0,,6.0,,True,TIME_SLICER_AVERAGE
2025-02-13T06:00:00.000Z,USA,Nevada Power Company,US-NW-NEVP,519.0,620.0,,7.0,,True,TIME_SLICER_AVERAGE
2025-02-13T07:00:00.000Z,USA,Nevada Power Company,US-NW-NEVP,517.0,618.0,,7.0,,False,
2025-02-13T08:00:00.000Z,USA,Nevada Power Company,US-NW-NEVP,519.0,617.0,,9.0,,False,
2025-02-13T09:00:00.000Z,USA,Nevada Power Company,US-NW-NEVP,519.0,617.0,,9.0,,False,
2025-02-13T10:00:00.000Z,USA,Nevada Power Company,US-NW-NEVP,519.0,617.0,,8.0,,False,
2025-02-13T11:00:00.000Z,USA,Nevada Power Company,US-NW-NEVP,515.0,613.0,,9.0,,False,
2025-02-13T12:00:00.000Z,USA,Nevada Power Company,US-NW-NEVP,510.0,608.0,,9.0,,False,
2025-02-13T13:00:00.000Z,USA,Nevada Power Company,US-NW-NEVP,499.0,597.0,,11.0,,False,
2025-02-13T14:00:00.000Z,USA,Nevada Power Company,US-NW-NEVP,486.0,583.0,,12.0,,False,
2025-02-13T15:00:00.000Z,USA,Nevada Power Company,US-NW-NEVP,477.0,573.0,,12.0,,False,
2025-02-13T16:00:00.000Z,USA,Nevada Power Company,US-NW-NEVP,476.0,572.0,,11.0,,False,
2025-02-13T17:00:00.000Z,USA,Nevada Power Company,US-NW-NEVP,461.0,554.0,,15.0,,False,
2025-02-13T18:00:00.000Z,USA,Nevada Power Company,US-NW-NEVP,445.0,536.0,,17.0,,False,
2025-02-13T19:00:00.000Z,USA,Nevada Power Company,US-NW-NEVP,440.0,529.0,,19.0,,False,
2025-02-13T20:00:00.000Z,USA,Nevada Power Company,US-NW-NEVP,433.0,519.0,,22.0,,False,
2025-02-13T21:00:00.000Z,USA,Nevada Power Company,US-NW-NEVP,439.0,528.0,,20.0,,False,
2025-02-13T22:00:00.000Z,USA,Nevada Power Company,US-NW-NEVP,458.0,549.0,,18.0,,False,
2025-02-13T23:00:00.000Z,USA,Nevada Power Company,US-NW-NEVP,464.0,556.0,,16.0,,False,
2025-02-14T00:00:00.000Z,USA,Nevada Power Company,US-NW-NEVP,475.0,569.0,,14.0,,True,TIME_SLICER_AVERAGE
2025-02-14T01:00:00.000Z,USA,Nevada Power Company,US-NW-NEVP,475.0,569.0,,15.0,,False,
2025-02-14T02:00:00.000Z,USA,Nevada Power Company,US-NW-NEVP,469.0,562.0,,16.0,,False,
2025-02-14T03:00:00.000Z,USA,Nevada Power Company,US-NW-NEVP,480.0,573.0,,15.0,,True,TIME_SLICER_AVERAGE
2025-02-14T04:00:00.000Z,USA,Nevada Power Company,US-NW-NEVP,486.0,580.0,,14.0,,True,TIME_SLICER_AVERAGE
2025-02-14T05:00:00.000Z,USA,Nevada Power Company,US-NW-NEVP,493.0,586.0,,14.0,,False,
2025-02-14T06:00:00.000Z,USA,Nevada Power Company,US-NW-NEVP,499.0,592.0,,14.0,,False,
2025-02-14T07:00:00.000Z,USA,Nevada Power Company,US-NW-NEVP,500.0,592.0,,14.0,,False,
2025-02-14T08:00:00.000Z,USA,Nevada Power Company,US-NW-NEVP,497.0,590.0,,14.0,,False,
2025-02-14T09:00:00.000Z,USA,Nevada Power Company,US-NW-NEVP,497.0,590.0,,14.0,,False,
2025-02-14T10:00:00.000Z,USA,Nevada Power Company,US-NW-NEVP,499.0,591.0,,14.0,,False,
2025-02-14T11:00:00.000Z,USA,Nevada Power Company,US-NW-NEVP,502.0,594.0,,14.0,,False,
2025-02-14T12:00:00.000Z,USA,Nevada Power Company,US-NW-NEVP,506.0,600.0,,13.0,,False,
2025-02-14T13:00:00.000Z,USA,Nevada Power Company,US-NW-NEVP,504.0,598.0,,13.0,,False,
2025-02-14T14:00:00.000Z,USA,Nevada Power Company,US-NW-NEVP,459.0,547.0,,21.0,,True,TIME_SLICER_AVERAGE
2025-02-14T15:00:00.000Z,USA,Nevada Power Company,US-NW-NEVP,415.0,499.0,,27.0,,False,
2025-02-14T16:00:00.000Z,USA,Nevada Power Company,US-NW-NEVP,308.0,377.0,,45.0,,False,
2025-02-14T17:00:00.000Z,USA,Nevada Power Company,US-NW-NEVP,291.0,357.0,,48.0,,False,
2025-02-14T18:00:00.000Z,USA,Nevada Power Company,US-NW-NEVP,286.0,353.0,,47.0,,False,
2025-02-14T19:00:00.000Z,USA,Nevada Power Company,US-NW-NEVP,265.0,327.0,,52.0,,False,
2025-02-14T20:00:00.000Z,USA,Nevada Power Company,US-NW-NEVP,256.0,318.0,,54.0,,False,
2025-02-14T21:00:00.000Z,USA,Nevada Power Company,US-NW-NEVP,262.0,324.0,,53.0,,False,
2025-02-14T22:00:00.000Z,USA,Nevada Power Company,US-NW-NEVP,305.0,375.0,,44.0,,False,
2025-02-14T23:00:00.000Z,USA,Nevada Power Company,US-NW-NEVP,315.0,386.0,,42.0,,False,
2025-02-15T00:00:00.000Z,USA,Nevada Power Company,US-NW-NEVP,434.0,524.0,,20.0,,False,
2025-02-15T01:00:00.000Z,USA,Nevada Power Company,US-NW-NEVP,462.0,552.0,,18.0,,True,TIME_SLICER_AVERAGE
2025-02-15T02:00:00.000Z,USA,Nevada Power Company,US-NW-NEVP,515.0,613.0,,10.0,,True,TIME_SLICER_AVERAGE
2025-02-15T03:00:00.000Z,USA,Nevada Power Company,US-NW-NEVP,521.0,620.0,,9.0,,True,TIME_SLICER_AVERAGE
2025-02-15T04:00:00.000Z,USA,Nevada Power Company,US-NW-NEVP,514.0,613.0,,8.0,,True,TIME_SLICER_AVERAGE
2025-02-15T05:00:00.000Z,USA,Nevada Power Company,US-NW-NEVP,538.0,635.0,,8.0,,True,TIME_SLICER_AVERAGE
2025-02-15T06:00:00.000Z,USA,Nevada Power Company,US-NW-NEVP,524.0,625.0,,6.0,,True,TIME_SLICER_AVERAGE
2025-02-15T07:00:00.000Z,USA,Nevada Power Company,US-NW-NEVP,530.0,631.0,,5.0,,False,
2025-02-15T08:00:00.000Z,USA,Nevada Power Company,US-NW-NEVP,533.0,634.0,,4.0,,False,
2025-02-15T09:00:00.000Z,USA,Nevada Power Company,US-NW-NEVP,530.0,631.0,,4.0,,False,
2025-02-15T10:00:00.000Z,USA,Nevada Power Company,US-NW-NEVP,527.0,628.0,,5.0,,False,
2025-02-15T11:00:00.000Z,USA,Nevada Power Company,US-NW-NEVP,521.0,621.0,,6.0,,False,
2025-02-15T12:00:00.000Z,USA,Nevada Power Company,US-NW-NEVP,514.0,614.0,,7.0,,False,
2025-02-15T13:00:00.000Z,USA,Nevada Power Company,US-NW-NEVP,505.0,604.0,,8.0,,False,
2025-02-15T14:00:00.000Z,USA,Nevada Power Company,US-NW-NEVP,488.0,585.0,,11.0,,False,
2025-02-15T15:00:00.000Z,USA,Nevada Power Company,US-NW-NEVP,387.0,466.0,,31.0,,False,
2025-02-15T16:00:00.000Z,USA,Nevada Power Company,US-NW-NEVP,259.0,317.0,,57.0,,False,
2025-02-15T17:00:00.000Z,USA,Nevada Power Company,US-NW-NEVP,225.0,279.0,,61.0,,False,
2025-02-15T18:00:00.000Z,USA,Nevada Power Company,US-NW-NEVP,214.0,267.0,,63.0,,False,
2025-02-15T19:00:00.000Z,USA,Nevada Power Company,US-NW-NEVP,217.0,271.0,,63.0,,False,
2025-02-15T20:00:00.000Z,USA,Nevada Power Company,US-NW-NEVP,218.0,271.0,,63.0,,False,
2025-02-15T21:00:00.000Z,USA,Nevada Power Company,US-NW-NEVP,229.0,285.0,,61.0,,False,
2025-02-15T22:00:00.000Z,USA,Nevada Power Company,US-NW-NEVP,240.0,298.0,,59.0,,False,
2025-02-15T23:00:00.000Z,USA,Nevada Power Company,US-NW-NEVP,314.0,385.0,,43.0,,False,
2025-02-16T00:00:00.000Z,USA,Nevada Power Company,US-NW-NEVP,334.0,405.0,,40.0,,True,TIME_SLICER_AVERAGE
2025-02-16T01:00:00.000Z,USA,Nevada Power Company,US-NW-NEVP,318.0,390.0,,42.0,,True,TIME_SLICER_AVERAGE
2025-02-16T02:00:00.000Z,USA,Nevada Power Company,US-NW-NEVP,477.0,567.0,,16.0,,True,TIME_SLICER_AVERAGE
2025-02-16T03:00:00.000Z,USA,Nevada Power Company,US-NW-NEVP,493.0,580.0,,17.0,,True,TIME_SLICER_AVERAGE
2025-02-16T04:00:00.000Z,USA,Nevada Power Company,US-NW-NEVP,508.0,584.0,,22.0,,False,
2025-02-16T05:00:00.000Z,USA,Nevada Power Company,US-NW-NEVP,523.0,591.0,,26.0,,False,
2025-02-16T06:00:00.000Z,USA,Nevada Power Company,US-NW-NEVP,477.0,585.0,,4.0,,False,
2025-02-16T07:00:00.000Z,USA,Nevada Power Company,US-NW-NEVP,526.0,626.0,,7.0,,False,
2025-02-16T08:00:00.000Z,USA,Nevada Power Company,US-NW-NEVP,520.0,618.0,,8.0,,False,
2025-02-16T09:00:00.000Z,USA,Nevada Power Company,US-NW-NEVP,519.0,617.0,,8.0,,False,
2025-02-16T10:00:00.000Z,USA,Nevada Power Company,US-NW-NEVP,518.0,617.0,,8.0,,False,
2025-02-16T11:00:00.000Z,USA,Nevada Power Company,US-NW-NEVP,519.0,617.0,,8.0,,False,
2025-02-16T12:00:00.000Z,USA,Nevada Power Company,US-NW-NEVP,513.0,611.0,,9.0,,False,
2025-02-16T13:00:00.000Z,USA,Nevada Power Company,US-NW-NEVP,503.0,601.0,,10.0,,False,
2025-02-16T14:00:00.000Z,USA,Nevada Power Company,US-NW-NEVP,502.0,600.0,,10.0,,False,
2025-02-16T15:00:00.000Z,USA,Nevada Power Company,US-NW-NEVP,444.0,532.0,,22.0,,False,
2025-02-16T16:00:00.000Z,USA,Nevada Power Company,US-NW-NEVP,352.0,423.0,,39.0,,False,
2025-02-16T17:00:00.000Z,USA,Nevada Power Company,US-NW-NEVP,257.0,317.0,,55.0,,False,
2025-02-16T18:00:00.000Z,USA,Nevada Power Company,US-NW-NEVP,253.0,313.0,,54.0,,False,
2025-02-16T19:00:00.000Z,USA,Nevada Power Company,US-NW-NEVP,254.0,316.0,,53.0,,False,
2025-02-16T20:00:00.000Z,USA,Nevada Power Company,US-NW-NEVP,248.0,307.0,,55.0,,False,
2025-02-16T21:00:00.000Z,USA,Nevada Power Company,US-NW-NEVP,241.0,300.0,,57.0,,False,
2025-02-16T22:00:00.000Z,USA,Nevada Power Company,US-NW-NEVP,258.0,321.0,,54.0,,False,
2025-02-16T23:00:00.000Z,USA,Nevada Power Company,US-NW-NEVP,305.0,376.0,,44.0,,False,
2025-02-17T00:00:00.000Z,USA,Nevada Power Company,US-NW-NEVP,437.0,526.0,,22.0,,False,
2025-02-17T01:00:00.000Z,USA,Nevada Power Company,US-NW-NEVP,451.0,542.0,,18.0,,True,TIME_SLICER_AVERAGE
2025-02-17T02:00:00.000Z,USA,Nevada Power Company,US-NW-NEVP,496.0,597.0,,8.0,,True,TIME_SLICER_AVERAGE
2025-02-17T03:00:00.000Z,USA,Nevada Power Company,US-NW-NEVP,488.0,590.0,,8.0,,True,TIME_SLICER_AVERAGE
2025-02-17T04:00:00.000Z,USA,Nevada Power Company,US-NW-NEVP,484.0,588.0,,6.0,,True,TIME_SLICER_AVERAGE
2025-02-17T05:00:00.000Z,USA,Nevada Power Company,US-NW-NEVP,483.0,588.0,,6.0,,False,
2025-02-17T06:00:00.000Z,USA,Nevada Power Company,US-NW-NEVP,469.0,574.0,,6.0,,False,
2025-02-17T07:00:00.000Z,USA,Nevada Power Company,US-NW-NEVP,492.0,590.0,,11.0,,False,
2025-02-17T08:00:00.000Z,USA,Nevada Power Company,US-NW-NEVP,485.0,580.0,,13.0,,False,
2025-02-17T09:00:00.000Z,USA,Nevada Power Company,US-NW-NEVP,491.0,587.0,,12.0,,False,
2025-02-17T10:00:00.000Z,USA,Nevada Power Company,US-NW-NEVP,498.0,595.0,,10.0,,False,
2025-02-17T11:00:00.000Z,USA,Nevada Power Company,US-NW-NEVP,498.0,596.0,,10.0,,False,
2025-02-17T12:00:00.000Z,USA,Nevada Power Company,US-NW-NEVP,496.0,594.0,,9.0,,False,
2025-02-17T13:00:00.000Z,USA,Nevada Power Company,US-NW-NEVP,496.0,594.0,,10.0,,False,
2025-02-17T14:00:00.000Z,USA,Nevada Power Company,US-NW-NEVP,487.0,583.0,,12.0,,False,
2025-02-17T15:00:00.000Z,USA,Nevada Power Company,US-NW-NEVP,421.0,505.0,,26.0,,False,
2025-02-17T16:00:00.000Z,USA,Nevada Power Company,US-NW-NEVP,290.0,350.0,,53.0,,False,
2025-02-17T17:00:00.000Z,USA,Nevada Power Company,US-NW-NEVP,240.0,294.0,,62.0,,False,
2025-02-17T18:00:00.000Z,USA,Nevada Power Company,US-NW-NEVP,244.0,299.0,,60.0,,False,
2025-02-17T19:00:00.000Z,USA,Nevada Power Company,US-NW-NEVP,242.0,298.0,,60.0,,False,
2025-02-17T20:00:00.000Z,USA,Nevada Power Company,US-NW-NEVP,244.0,300.0,,59.0,,False,
2025-02-17T21:00:00.000Z,USA,Nevada Power Company,US-NW-NEVP,250.0,307.0,,57.0,,False,
2025-02-17T22:00:00.000Z,USA,Nevada Power Company,US-NW-NEVP,290.0,354.0,,49.0,,False,
2025-02-17T23:00:00.000Z,USA,Nevada Power Company,US-NW-NEVP,335.0,406.0,,41.0,,False,
2025-02-18T00:00:00.000Z,USA,Nevada Power Company,US-NW-NEVP,437.0,524.0,,22.0,,False,
2025-02-18T01:00:00.000Z,USA,Nevada Power Company,US-NW-NEVP,457.0,549.0,,17.0,,True,TIME_SLICER_AVERAGE
2025-02-18T02:00:00.000Z,USA,Nevada Power Company,US-NW-NEVP,482.0,583.0,,9.0,,True,TIME_SLICER_AVERAGE
2025-02-18T03:00:00.000Z,USA,Nevada Power Company,US-NW-NEVP,480.0,583.0,,8.0,,True,TIME_SLICER_AVERAGE
2025-02-18T04:00:00.000Z,USA,Nevada Power Company,US-NW-NEVP,476.0,582.0,,6.0,,True,TIME_SLICER_AVERAGE
2025-02-18T05:00:00.000Z,USA,Nevada Power Company,US-NW-NEVP,476.0,582.0,,5.0,,False,
2025-02-18T06:00:00.000Z,USA,Nevada Power Company,US-NW-NEVP,509.0,608.0,,9.0,,False,
2025-02-18T07:00:00.000Z,USA,Nevada Power Company,US-NW-NEVP,508.0,607.0,,9.0,,False,
2025-02-18T08:00:00.000Z,USA,Nevada Power Company,US-NW-NEVP,496.0,596.0,,9.0,,False,
2025-02-18T09:00:00.000Z,USA,Nevada Power Company,US-NW-NEVP,495.0,596.0,,8.0,,False,
2025-02-18T10:00:00.000Z,USA,Nevada Power Company,US-NW-NEVP,500.0,602.0,,6.0,,False,
2025-02-18T11:00:00.000Z,USA,Nevada Power Company,US-NW-NEVP,503.0,606.0,,6.0,,False,
2025-02-18T12:00:00.000Z,USA,Nevada Power Company,US-NW-NEVP,504.0,606.0,,7.0,,False,
2025-02-18T13:00:00.000Z,USA,Nevada Power Company,US-NW-NEVP,501.0,603.0,,7.0,,False,
2025-02-18T14:00:00.000Z,USA,Nevada Power Company,US-NW-NEVP,473.0,571.0,,12.0,,False,
2025-02-18T15:00:00.000Z,USA,Nevada Power Company,US-NW-NEVP,376.0,455.0,,33.0,,False,
2025-02-18T16:00:00.000Z,USA,Nevada Power Company,US-NW-NEVP,249.0,305.0,,60.0,,False,
2025-02-18T17:00:00.000Z,USA,Nevada Power Company,US-NW-NEVP,224.0,278.0,,63.0,,False,
2025-02-18T18:00:00.000Z,USA,Nevada Power Company,US-NW-NEVP,223.0,277.0,,63.0,,False,
2025-02-18T19:00:00.000Z,USA,Nevada Power Company,US-NW-NEVP,224.0,279.0,,62.0,,False,
2025-02-18T20:00:00.000Z,USA,Nevada Power Company,US-NW-NEVP,225.0,280.0,,62.0,,False,
2025-02-18T21:00:00.000Z,USA,Nevada Power Company,US-NW-NEVP,229.0,285.0,,61.0,,False,
2025-02-18T22:00:00.000Z,USA,Nevada Power Company,US-NW-NEVP,240.0,297.0,,59.0,,False,
2025-02-18T23:00:00.000Z,USA,Nevada Power Company,US-NW-NEVP,317.0,388.0,,44.0,,True,TIME_SLICER_AVERAGE
2025-02-19T00:00:00.000Z,USA,Nevada Power Company,US-NW-NEVP,408.0,494.0,,26.0,,False,
2025-02-19T01:00:00.000Z,USA,Nevada Power Company,US-NW-NEVP,437.0,527.0,,21.0,,True,TIME_SLICER_AVERAGE
2025-02-19T02:00:00.000Z,USA,Nevada Power Company,US-NW-NEVP,490.0,590.0,,9.0,,True,TIME_SLICER_AVERAGE
2025-02-19T03:00:00.000Z,USA,Nevada Power Company,US-NW-NEVP,493.0,595.0,,9.0,,True,TIME_SLICER_AVERAGE
2025-02-19T04:00:00.000Z,USA,Nevada Power Company,US-NW-NEVP,491.0,595.0,,7.0,,True,TIME_SLICER_AVERAGE
2025-02-19T05:00:00.000Z,USA,Nevada Power Company,US-NW-NEVP,496.0,601.0,,6.0,,False,
2025-02-19T06:00:00.000Z,USA,Nevada Power Company,US-NW-NEVP,499.0,605.0,,4.0,,False,
2025-02-19T07:00:00.000Z,USA,Nevada Power Company,US-NW-NEVP,497.0,604.0,,4.0,,False,
2025-02-19T08:00:00.000Z,USA,Nevada Power Company,US-NW-NEVP,509.0,613.0,,4.0,,False,
2025-02-19T09:00:00.000Z,USA,Nevada Power Company,US-NW-NEVP,508.0,613.0,,4.0,,False,
2025-02-19T10:00:00.000Z,USA,Nevada Power Company,US-NW-NEVP,505.0,611.0,,4.0,,False,
2025-02-19T11:00:00.000Z,USA,Nevada Power Company,US-NW-NEVP,506.0,612.0,,4.0,,False,
2025-02-19T12:00:00.000Z,USA,Nevada Power Company,US-NW-NEVP,508.0,612.0,,5.0,,False,
2025-02-19T13:00:00.000Z,USA,Nevada Power Company,US-NW-NEVP,500.0,605.0,,5.0,,False,
2025-02-19T14:00:00.000Z,USA,Nevada Power Company,US-NW-NEVP,483.0,583.0,,10.0,,False,
2025-02-19T15:00:00.000Z,USA,Nevada Power Company,US-NW-NEVP,438.0,529.0,,19.0,,False,
2025-02-19T16:00:00.000Z,USA,Nevada Power Company,US-NW-NEVP,331.0,404.0,,40.0,,False,
2025-02-19T17:00:00.000Z,USA,Nevada Power Company,US-NW-NEVP,261.0,322.0,,54.0,,False,
2025-02-19T18:00:00.000Z,USA,Nevada Power Company,US-NW-NEVP,252.0,313.0,,55.0,,False,
2025-02-19T19:00:00.000Z,USA,Nevada Power Company,US-NW-NEVP,249.0,311.0,,55.0,,False,
2025-02-19T20:00:00.000Z,USA,Nevada Power Company,US-NW-NEVP,247.0,308.0,,55.0,,False,
2025-02-19T21:00:00.000Z,USA,Nevada Power Company,US-NW-NEVP,257.0,319.0,,54.0,,False,
2025-02-19T22:00:00.000Z,USA,Nevada Power Company,US-NW-NEVP,308.0,378.0,,44.0,,False,
2025-02-19T23:00:00.000Z,USA,Nevada Power Company,US-NW-NEVP,353.0,427.0,,37.0,,False,
2025-02-20T00:00:00.000Z,USA,Nevada Power Company,US-NW-NEVP,404.0,483.0,,30.0,,True,TIME_SLICER_AVERAGE
2025-02-20T01:00:00.000Z,USA,Nevada Power Company,US-NW-NEVP,376.0,457.0,,32.0,,True,TIME_SLICER_AVERAGE
2025-02-20T02:00:00.000Z,USA,Nevada Power Company,US-NW-NEVP,499.0,596.0,,11.0,,True,TIME_SLICER_AVERAGE
2025-02-20T03:00:00.000Z,USA,Nevada Power Company,US-NW-NEVP,512.0,609.0,,11.0,,True,TIME_SLICER_AVERAGE
2025-02-20T04:00:00.000Z,USA,Nevada Power Company,US-NW-NEVP,519.0,616.0,,10.0,,True,TIME_SLICER_AVERAGE
2025-02-20T05:00:00.000Z,USA,Nevada Power Company,US-NW-NEVP,515.0,611.0,,10.0,,False,
2025-02-20T06:00:00.000Z,USA,Nevada Power Company,US-NW-NEVP,501.0,598.0,,10.0,,False,
2025-02-20T07:00:00.000Z,USA,Nevada Power Company,US-NW-NEVP,485.0,584.0,,10.0,,False,
2025-02-20T08:00:00.000Z,USA,Nevada Power Company,US-NW-NEVP,483.0,581.0,,10.0,,False,
2025-02-20T09:00:00.000Z,USA,Nevada Power Company,US-NW-NEVP,485.0,584.0,,9.0,,False,
2025-02-20T10:00:00.000Z,USA,Nevada Power Company,US-NW-NEVP,499.0,598.0,,8.0,,False,
2025-02-20T11:00:00.000Z,USA,Nevada Power Company,US-NW-NEVP,496.0,595.0,,8.0,,False,
2025-02-20T12:00:00.000Z,USA,Nevada Power Company,US-NW-NEVP,495.0,595.0,,9.0,,False,
2025-02-20T13:00:00.000Z,USA,Nevada Power Company,US-NW-NEVP,491.0,592.0,,9.0,,False,
2025-02-20T14:00:00.000Z,USA,Nevada Power Company,US-NW-NEVP,476.0,573.0,,13.0,,False,
2025-02-20T15:00:00.000Z,USA,Nevada Power Company,US-NW-NEVP,343.0,424.0,,34.0,,False,
2025-02-20T16:00:00.000Z,USA,Nevada Power Company,US-NW-NEVP,227.0,285.0,,59.0,,False,
2025-02-20T17:00:00.000Z,USA,Nevada Power Company,US-NW-NEVP,195.0,248.0,,65.0,,False,
2025-02-20T18:00:00.000Z,USA,Nevada Power Company,US-NW-NEVP,188.0,240.0,,66.0,,False,
2025-02-20T19:00:00.000Z,USA,Nevada Power Company,US-NW-NEVP,187.0,239.0,,66.0,,False,
2025-02-20T20:00:00.000Z,USA,Nevada Power Company,US-NW-NEVP,191.0,243.0,,65.0,,False,
2025-02-20T21:00:00.000Z,USA,Nevada Power Company,US-NW-NEVP,197.0,250.0,,65.0,,False,
2025-02-20T22:00:00.000Z,USA,Nevada Power Company,US-NW-NEVP,209.0,265.0,,62.0,,False,
2025-02-20T23:00:00.000Z,USA,Nevada Power Company,US-NW-NEVP,241.0,301.0,,57.0,,True,TIME_SLICER_AVERAGE
2025-02-21T00:00:00.000Z,USA,Nevada Power Company,US-NW-NEVP,356.0,430.0,,38.0,,True,TIME_SLICER_AVERAGE
2025-02-21T01:00:00.000Z,USA,Nevada Power Company,US-NW-NEVP,348.0,426.0,,36.0,,True,TIME_SLICER_AVERAGE
2025-02-21T02:00:00.000Z,USA,Nevada Power Company,US-NW-NEVP,493.0,589.0,,12.0,,True,TIME_SLICER_AVERAGE
2025-02-21T03:00:00.000Z,USA,Nevada Power Company,US-NW-NEVP,517.0,614.0,,11.0,,True,TIME_SLICER_AVERAGE
2025-02-21T04:00:00.000Z,USA,Nevada Power Company,US-NW-NEVP,530.0,624.0,,11.0,,True,TIME_SLICER_AVERAGE
2025-02-21T05:00:00.000Z,USA,Nevada Power Company,US-NW-NEVP,550.0,645.0,,8.0,,False,
2025-02-21T06:00:00.000Z,USA,Nevada Power Company,US-NW-NEVP,534.0,630.0,,9.0,,False,
2025-02-21T07:00:00.000Z,USA,Nevada Power Company,US-NW-NEVP,534.0,630.0,,9.0,,False,
2025-02-21T08:00:00.000Z,USA,Nevada Power Company,US-NW-NEVP,522.0,618.0,,9.0,,False,
2025-02-21T09:00:00.000Z,USA,Nevada Power Company,US-NW-NEVP,513.0,611.0,,8.0,,False,
2025-02-21T10:00:00.000Z,USA,Nevada Power Company,US-NW-NEVP,510.0,608.0,,9.0,,False,
2025-02-21T11:00:00.000Z,USA,Nevada Power Company,US-NW-NEVP,512.0,611.0,,9.0,,False,
2025-02-21T12:00:00.000Z,USA,Nevada Power Company,US-NW-NEVP,504.0,602.0,,9.0,,False,
2025-02-21T13:00:00.000Z,USA,Nevada Power Company,US-NW-NEVP,502.0,599.0,,10.0,,False,
2025-02-21T14:00:00.000Z,USA,Nevada Power Company,US-NW-NEVP,494.0,589.0,,12.0,,False,
2025-02-21T15:00:00.000Z,USA,Nevada Power Company,US-NW-NEVP,382.0,461.0,,33.0,,False,
2025-02-21T16:00:00.000Z,USA,Nevada Power Company,US-NW-NEVP,235.0,289.0,,61.0,,False,
2025-02-21T17:00:00.000Z,USA,Nevada Power Company,US-NW-NEVP,206.0,258.0,,65.0,,False,
2025-02-21T18:00:00.000Z,USA,Nevada Power Company,US-NW-NEVP,199.0,251.0,,66.0,,False,
2025-02-21T19:00:00.000Z,USA,Nevada Power Company,US-NW-NEVP,197.0,249.0,,66.0,,False,
2025-02-21T20:00:00.000Z,USA,Nevada Power Company,US-NW-NEVP,199.0,251.0,,66.0,,False,
2025-02-21T21:00:00.000Z,USA,Nevada Power Company,US-NW-NEVP,202.0,254.0,,66.0,,False,
2025-02-21T22:00:00.000Z,USA,Nevada Power Company,US-NW-NEVP,211.0,265.0,,65.0,,False,
2025-02-21T23:00:00.000Z,USA,Nevada Power Company,US-NW-NEVP,292.0,359.0,,49.0,,True,TIME_SLICER_AVERAGE
2025-02-22T00:00:00.000Z,USA,Nevada Power Company,US-NW-NEVP,384.0,465.0,,32.0,,False,
2025-02-22T01:00:00.000Z,USA,Nevada Power Company,US-NW-NEVP,413.0,496.0,,28.0,,True,TIME_SLICER_AVERAGE
2025-02-22T02:00:00.000Z,USA,Nevada Power Company,US-NW-NEVP,520.0,615.0,,12.0,,True,TIME_SLICER_AVERAGE
2025-02-22T03:00:00.000Z,USA,Nevada Power Company,US-NW-NEVP,523.0,619.0,,11.0,,True,TIME_SLICER_AVERAGE
2025-02-22T04:00:00.000Z,USA,Nevada Power Company,US-NW-NEVP,525.0,620.0,,11.0,,True,TIME_SLICER_AVERAGE
2025-02-22T05:00:00.000Z,USA,Nevada Power Company,US-NW-NEVP,522.0,616.0,,12.0,,False,
2025-02-22T06:00:00.000Z,USA,Nevada Power Company,US-NW-NEVP,510.0,605.0,,12.0,,False,
2025-02-22T07:00:00.000Z,USA,Nevada Power Company,US-NW-NEVP,488.0,584.0,,13.0,,False,
2025-02-22T08:00:00.000Z,USA,Nevada Power Company,US-NW-NEVP,494.0,591.0,,11.0,,False,
2025-02-22T09:00:00.000Z,USA,Nevada Power Company,US-NW-NEVP,499.0,596.0,,11.0,,False,
2025-02-22T10:00:00.000Z,USA,Nevada Power Company,US-NW-NEVP,498.0,595.0,,11.0,,False,
2025-02-22T11:00:00.000Z,USA,Nevada Power Company,US-NW-NEVP,496.0,593.0,,12.0,,False,
2025-02-22T12:00:00.000Z,USA,Nevada Power Company,US-NW-NEVP,495.0,593.0,,11.0,,False,
2025-02-22T13:00:00.000Z,USA,Nevada Power Company,US-NW-NEVP,494.0,591.0,,12.0,,False,
2025-02-22T14:00:00.000Z,USA,Nevada Power Company,US-NW-NEVP,479.0,572.0,,15.0,,False,
2025-02-22T15:00:00.000Z,USA,Nevada Power Company,US-NW-NEVP,346.0,418.0,,40.0,,False,
2025-02-22T16:00:00.000Z,USA,Nevada Power Company,US-NW-NEVP,243.0,298.0,,61.0,,False,
2025-02-22T17:00:00.000Z,USA,Nevada Power Company,US-NW-NEVP,225.0,278.0,,64.0,,False,
2025-02-22T18:00:00.000Z,USA,Nevada Power Company,US-NW-NEVP,242.0,296.0,,62.0,,False,
2025-02-22T19:00:00.000Z,USA,Nevada Power Company,US-NW-NEVP,231.0,283.0,,63.0,,False,
2025-02-22T20:00:00.000Z,USA,Nevada Power Company,US-NW-NEVP,222.0,275.0,,64.0,,False,
2025-02-22T21:00:00.000Z,USA,Nevada Power Company,US-NW-NEVP,217.0,270.0,,64.0,,False,
2025-02-22T22:00:00.000Z,USA,Nevada Power Company,US-NW-NEVP,215.0,269.0,,64.0,,False,
2025-02-22T23:00:00.000Z,USA,Nevada Power Company,US-NW-NEVP,251.0,311.0,,57.0,,False,
2025-02-23T00:00:00.000Z,USA,Nevada Power Company,US-NW-NEVP,394.0,473.0,,32.0,,False,
2025-02-23T01:00:00.000Z,USA,Nevada Power Company,US-NW-NEVP,420.0,500.0,,30.0,,True,TIME_SLICER_AVERAGE
2025-02-23T02:00:00.000Z,USA,Nevada Power Company,US-NW-NEVP,501.0,590.0,,17.0,,True,TIME_SLICER_AVERAGE
2025-02-23T03:00:00.000Z,USA,Nevada Power Company,US-NW-NEVP,497.0,588.0,,16.0,,True,TIME_SLICER_AVERAGE
2025-02-23T04:00:00.000Z,USA,Nevada Power Company,US-NW-NEVP,484.0,574.0,,16.0,,True,TIME_SLICER_AVERAGE
2025-02-23T05:00:00.000Z,USA,Nevada Power Company,US-NW-NEVP,475.0,565.0,,17.0,,False,
2025-02-23T06:00:00.000Z,USA,Nevada Power Company,US-NW-NEVP,468.0,559.0,,17.0,,False,
2025-02-23T07:00:00.000Z,USA,Nevada Power Company,US-NW-NEVP,467.0,559.0,,16.0,,False,
2025-02-23T08:00:00.000Z,USA,Nevada Power Company,US-NW-NEVP,455.0,546.0,,17.0,,False,
2025-02-23T09:00:00.000Z,USA,Nevada Power Company,US-NW-NEVP,450.0,541.0,,18.0,,False,
2025-02-23T10:00:00.000Z,USA,Nevada Power Company,US-NW-NEVP,457.0,549.0,,17.0,,False,
2025-02-23T11:00:00.000Z,USA,Nevada Power Company,US-NW-NEVP,456.0,547.0,,18.0,,False,
2025-02-23T12:00:00.000Z,USA,Nevada Power Company,US-NW-NEVP,448.0,539.0,,18.0,,False,
2025-02-23T13:00:00.000Z,USA,Nevada Power Company,US-NW-NEVP,439.0,529.0,,19.0,,False,
2025-02-23T14:00:00.000Z,USA,Nevada Power Company,US-NW-NEVP,424.0,512.0,,22.0,,False,
2025-02-23T15:00:00.000Z,USA,Nevada Power Company,US-NW-NEVP,319.0,387.0,,45.0,,False,
2025-02-23T16:00:00.000Z,USA,Nevada Power Company,US-NW-NEVP,240.0,295.0,,61.0,,False,
2025-02-23T17:00:00.000Z,USA,Nevada Power Company,US-NW-NEVP,222.0,275.0,,63.0,,False,
2025-02-23T18:00:00.000Z,USA,Nevada Power Company,US-NW-NEVP,222.0,275.0,,63.0,,False,
2025-02-23T19:00:00.000Z,USA,Nevada Power Company,US-NW-NEVP,222.0,275.0,,63.0,,False,
2025-02-23T20:00:00.000Z,USA,Nevada Power Company,US-NW-NEVP,212.0,263.0,,64.0,,False,
2025-02-23T21:00:00.000Z,USA,Nevada Power Company,US-NW-NEVP,213.0,265.0,,63.0,,False,
2025-02-23T22:00:00.000Z,USA,Nevada Power Company,US-NW-NEVP,211.0,265.0,,63.0,,False,
2025-02-23T23:00:00.000Z,USA,Nevada Power Company,US-NW-NEVP,244.0,305.0,,55.0,,False,
2025-02-24T00:00:00.000Z,USA,Nevada Power Company,US-NW-NEVP,358.0,433.0,,37.0,,False,
2025-02-24T01:00:00.000Z,USA,Nevada Power Company,US-NW-NEVP,397.0,473.0,,34.0,,True,TIME_SLICER_AVERAGE
2025-02-24T02:00:00.000Z,USA,Nevada Power Company,US-NW-NEVP,483.0,570.0,,20.0,,True,TIME_SLICER_AVERAGE
2025-02-24T03:00:00.000Z,USA,Nevada Power Company,US-NW-NEVP,490.0,580.0,,17.0,,True,TIME_SLICER_AVERAGE
2025-02-24T04:00:00.000Z,USA,Nevada Power Company,US-NW-NEVP,480.0,569.0,,18.0,,True,TIME_SLICER_AVERAGE
2025-02-24T05:00:00.000Z,USA,Nevada Power Company,US-NW-NEVP,481.0,570.0,,18.0,,False,
2025-02-24T06:00:00.000Z,USA,Nevada Power Company,US-NW-NEVP,471.0,559.0,,19.0,,False,
2025-02-24T07:00:00.000Z,USA,Nevada Power Company,US-NW-NEVP,467.0,557.0,,17.0,,False,
2025-02-24T08:00:00.000Z,USA,Nevada Power Company,US-NW-NEVP,464.0,554.0,,18.0,,False,
2025-02-24T09:00:00.000Z,USA,Nevada Power Company,US-NW-NEVP,472.0,563.0,,16.0,,False,
2025-02-24T10:00:00.000Z,USA,Nevada Power Company,US-NW-NEVP,483.0,574.0,,16.0,,False,
2025-02-24T11:00:00.000Z,USA,Nevada Power Company,US-NW-NEVP,490.0,582.0,,15.0,,False,
2025-02-24T12:00:00.000Z,USA,Nevada Power Company,US-NW-NEVP,490.0,582.0,,14.0,,False,
2025-02-24T13:00:00.000Z,USA,Nevada Power Company,US-NW-NEVP,495.0,589.0,,13.0,,False,
2025-02-24T14:00:00.000Z,USA,Nevada Power Company,US-NW-NEVP,474.0,564.0,,18.0,,False,
2025-02-24T15:00:00.000Z,USA,Nevada Power Company,US-NW-NEVP,385.0,459.0,,36.0,,False,
2025-02-24T16:00:00.000Z,USA,Nevada Power Company,US-NW-NEVP,242.0,295.0,,62.0,,False,
2025-02-24T17:00:00.000Z,USA,Nevada Power Company,US-NW-NEVP,203.0,253.0,,67.0,,False,
2025-02-24T18:00:00.000Z,USA,Nevada Power Company,US-NW-NEVP,198.0,248.0,,67.0,,False,
2025-02-24T19:00:00.000Z,USA,Nevada Power Company,US-NW-NEVP,202.0,251.0,,67.0,,False,
2025-02-24T20:00:00.000Z,USA,Nevada Power Company,US-NW-NEVP,201.0,250.0,,67.0,,False,
2025-02-24T21:00:00.000Z,USA,Nevada Power Company,US-NW-NEVP,208.0,258.0,,67.0,,False,
2025-02-24T22:00:00.000Z,USA,Nevada Power Company,US-NW-NEVP,226.0,280.0,,64.0,,False,
2025-02-24T23:00:00.000Z,USA,Nevada Power Company,US-NW-NEVP,264.0,324.0,,56.0,,False,
2025-02-25T00:00:00.000Z,USA,Nevada Power Company,US-NW-NEVP,302.0,366.0,,50.0,,True,TIME_SLICER_AVERAGE
2025-02-25T01:00:00.000Z,USA,Nevada Power Company,US-NW-NEVP,316.0,388.0,,43.0,,True,TIME_SLICER_AVERAGE
2025-02-25T02:00:00.000Z,USA,Nevada Power Company,US-NW-NEVP,460.0,554.0,,16.0,,True,TIME_SLICER_AVERAGE
2025-02-25T03:00:00.000Z,USA,Nevada Power Company,US-NW-NEVP,463.0,559.0,,14.0,,True,TIME_SLICER_AVERAGE
2025-02-25T04:00:00.000Z,USA,Nevada Power Company,US-NW-NEVP,450.0,548.0,,14.0,,True,TIME_SLICER_AVERAGE
2025-02-25T05:00:00.000Z,USA,Nevada Power Company,US-NW-NEVP,469.0,561.0,,17.0,,True,TIME_SLICER_AVERAGE
2025-02-25T06:00:00.000Z,USA,Nevada Power Company,US-NW-NEVP,466.0,557.0,,18.0,,True,TIME_SLICER_AVERAGE
2025-02-25T07:00:00.000Z,USA,Nevada Power Company,US-NW-NEVP,466.0,557.0,,18.0,,False,
2025-02-25T08:00:00.000Z,USA,Nevada Power Company,US-NW-NEVP,451.0,541.0,,19.0,,False,
2025-02-25T09:00:00.000Z,USA,Nevada Power Company,US-NW-NEVP,451.0,542.0,,18.0,,False,
2025-02-25T10:00:00.000Z,USA,Nevada Power Company,US-NW-NEVP,450.0,542.0,,18.0,,False,
2025-02-25T11:00:00.000Z,USA,Nevada Power Company,US-NW-NEVP,449.0,541.0,,18.0,,False,
2025-02-25T12:00:00.000Z,USA,Nevada Power Company,US-NW-NEVP,450.0,542.0,,18.0,,False,
2025-02-25T13:00:00.000Z,USA,Nevada Power Company,US-NW-NEVP,457.0,549.0,,18.0,,False,
2025-02-25T14:00:00.000Z,USA,Nevada Power Company,US-NW-NEVP,450.0,540.0,,20.0,,False,
2025-02-25T15:00:00.000Z,USA,Nevada Power Company,US-NW-NEVP,320.0,388.0,,46.0,,False,
2025-02-25T16:00:00.000Z,USA,Nevada Power Company,US-NW-NEVP,218.0,271.0,,64.0,,False,
2025-02-25T17:00:00.000Z,USA,Nevada Power Company,US-NW-NEVP,199.0,248.0,,68.0,,False,
2025-02-25T18:00:00.000Z,USA,Nevada Power Company,US-NW-NEVP,202.0,252.0,,68.0,,False,
2025-02-25T19:00:00.000Z,USA,Nevada Power Company,US-NW-NEVP,206.0,255.0,,67.0,,False,
2025-02-25T20:00:00.000Z,USA,Nevada Power Company,US-NW-NEVP,205.0,254.0,,68.0,,False,
2025-02-25T21:00:00.000Z,USA,Nevada Power Company,US-NW-NEVP,206.0,256.0,,68.0,,False,
2025-02-25T22:00:00.000Z,USA,Nevada Power Company,US-NW-NEVP,215.0,269.0,,64.0,,False,
2025-02-25T23:00:00.000Z,USA,Nevada Power Company,US-NW-NEVP,238.0,297.0,,58.0,,False,
2025-02-26T00:00:00.000Z,USA,Nevada Power Company,US-NW-NEVP,347.0,422.0,,39.0,,False,
2025-02-26T01:00:00.000Z,USA,Nevada Power Company,US-NW-NEVP,382.0,459.0,,34.0,,True,TIME_SLICER_AVERAGE
2025-02-26T02:00:00.000Z,USA,Nevada Power Company,US-NW-NEVP,480.0,573.0,,16.0,,True,TIME_SLICER_AVERAGE
2025-02-26T03:00:00.000Z,USA,Nevada Power Company,US-NW-NEVP,478.0,575.0,,13.0,,True,TIME_SLICER_AVERAGE
2025-02-26T04:00:00.000Z,USA,Nevada Power Company,US-NW-NEVP,460.0,559.0,,13.0,,True,TIME_SLICER_AVERAGE
2025-02-26T05:00:00.000Z,USA,Nevada Power Company,US-NW-NEVP,480.0,574.0,,15.0,,True,TIME_SLICER_AVERAGE
2025-02-26T06:00:00.000Z,USA,Nevada Power Company,US-NW-NEVP,472.0,566.0,,16.0,,False,
2025-02-26T07:00:00.000Z,USA,Nevada Power Company,US-NW-NEVP,469.0,564.0,,15.0,,False,
2025-02-26T08:00:00.000Z,USA,Nevada Power Company,US-NW-NEVP,487.0,583.0,,13.0,,False,
2025-02-26T09:00:00.000Z,USA,Nevada Power Company,US-NW-NEVP,499.0,596.0,,11.0,,False,
2025-02-26T10:00:00.000Z,USA,Nevada Power Company,US-NW-NEVP,500.0,599.0,,10.0,,False,
2025-02-26T11:00:00.000Z,USA,Nevada Power Company,US-NW-NEVP,495.0,595.0,,10.0,,False,
2025-02-26T12:00:00.000Z,USA,Nevada Power Company,US-NW-NEVP,499.0,598.0,,10.0,,False,
2025-02-26T13:00:00.000Z,USA,Nevada Power Company,US-NW-NEVP,495.0,591.0,,12.0,,False,
2025-02-26T14:00:00.000Z,USA,Nevada Power Company,US-NW-NEVP,472.0,564.0,,16.0,,False,
2025-02-26T15:00:00.000Z,USA,Nevada Power Company,US-NW-NEVP,329.0,401.0,,42.0,,False,
2025-02-26T16:00:00.000Z,USA,Nevada Power Company,US-NW-NEVP,206.0,257.0,,66.0,,False,
2025-02-26T17:00:00.000Z,USA,Nevada Power Company,US-NW-NEVP,185.0,234.0,,69.0,,False,
2025-02-26T18:00:00.000Z,USA,Nevada Power Company,US-NW-NEVP,180.0,230.0,,69.0,,False,
2025-02-26T19:00:00.000Z,USA,Nevada Power Company,US-NW-NEVP,182.0,232.0,,69.0,,False,
2025-02-26T20:00:00.000Z,USA,Nevada Power Company,US-NW-NEVP,180.0,230.0,,69.0,,False,
2025-02-26T21:00:00.000Z,USA,Nevada Power Company,US-NW-NEVP,184.0,233.0,,69.0,,False,
2025-02-26T22:00:00.000Z,USA,Nevada Power Company,US-NW-NEVP,192.0,243.0,,67.0,,False,
2025-02-26T23:00:00.000Z,USA,Nevada Power Company,US-NW-NEVP,219.0,277.0,,60.0,,False,
2025-02-27T00:00:00.000Z,USA,Nevada Power Company,US-NW-NEVP,339.0,415.0,,38.0,,False,
2025-02-27T01:00:00.000Z,USA,Nevada Power Company,US-NW-NEVP,383.0,462.0,,33.0,,True,TIME_SLICER_AVERAGE
2025-02-27T02:00:00.000Z,USA,Nevada Power Company,US-NW-NEVP,484.0,577.0,,15.0,,True,TIME_SLICER_AVERAGE
2025-02-27T03:00:00.000Z,USA,Nevada Power Company,US-NW-NEVP,480.0,578.0,,13.0,,True,TIME_SLICER_AVERAGE
2025-02-27T04:00:00.000Z,USA,Nevada Power Company,US-NW-NEVP,456.0,556.0,,12.0,,True,TIME_SLICER_AVERAGE
2025-02-27T05:00:00.000Z,USA,Nevada Power Company,US-NW-NEVP,473.0,568.0,,15.0,,True,TIME_SLICER_AVERAGE
2025-02-27T06:00:00.000Z,USA,Nevada Power Company,US-NW-NEVP,468.0,562.0,,16.0,,False,
2025-02-27T07:00:00.000Z,USA,Nevada Power Company,US-NW-NEVP,469.0,563.0,,15.0,,False,
2025-02-27T08:00:00.000Z,USA,Nevada Power Company,US-NW-NEVP,469.0,564.0,,15.0,,False,
2025-02-27T09:00:00.000Z,USA,Nevada Power Company,US-NW-NEVP,468.0,564.0,,14.0,,False,
2025-02-27T10:00:00.000Z,USA,Nevada Power Company,US-NW-NEVP,472.0,570.0,,12.0,,False,
2025-02-27T11:00:00.000Z,USA,Nevada Power Company,US-NW-NEVP,481.0,578.0,,12.0,,False,
2025-02-27T12:00:00.000Z,USA,Nevada Power Company,US-NW-NEVP,485.0,581.0,,13.0,,False,
2025-02-27T13:00:00.000Z,USA,Nevada Power Company,US-NW-NEVP,491.0,587.0,,12.0,,False,
2025-02-27T14:00:00.000Z,USA,Nevada Power Company,US-NW-NEVP,474.0,567.0,,16.0,,False,
2025-02-27T15:00:00.000Z,USA,Nevada Power Company,US-NW-NEVP,320.0,390.0,,45.0,,False,
2025-02-27T16:00:00.000Z,USA,Nevada Power Company,US-NW-NEVP,211.0,263.0,,66.0,,False,
2025-02-27T17:00:00.000Z,USA,Nevada Power Company,US-NW-NEVP,190.0,239.0,,69.0,,False,
2025-02-27T18:00:00.000Z,USA,Nevada Power Company,US-NW-NEVP,189.0,238.0,,69.0,,False,
2025-02-27T19:00:00.000Z,USA,Nevada Power Company,US-NW-NEVP,195.0,245.0,,68.0,,False,
2025-02-27T20:00:00.000Z,USA,Nevada Power Company,US-NW-NEVP,193.0,242.0,,69.0,,False,
2025-02-27T21:00:00.000Z,USA,Nevada Power Company,US-NW-NEVP,194.0,243.0,,69.0,,False,
2025-02-27T22:00:00.000Z,USA,Nevada Power Company,US-NW-NEVP,201.0,253.0,,67.0,,False,
2025-02-27T23:00:00.000Z,USA,Nevada Power Company,US-NW-NEVP,240.0,299.0,,59.0,,False,
2025-02-28T00:00:00.000Z,USA,Nevada Power Company,US-NW-NEVP,376.0,454.0,,34.0,,False,
2025-02-28T01:00:00.000Z,USA,Nevada Power Company,US-NW-NEVP,410.0,491.0,,30.0,,True,TIME_SLICER_AVERAGE
2025-02-28T02:00:00.000Z,USA,Nevada Power Company,US-NW-NEVP,491.0,586.0,,14.0,,True,TIME_SLICER_AVERAGE
2025-02-28T03:00:00.000Z,USA,Nevada Power Company,US-NW-NEVP,481.0,578.0,,13.0,,True,TIME_SLICER_AVERAGE
2025-02-28T04:00:00.000Z,USA,Nevada Power Company,US-NW-NEVP,466.0,564.0,,13.0,,True,TIME_SLICER_AVERAGE
2025-02-28T05:00:00.000Z,USA,Nevada Power Company,US-NW-NEVP,489.0,582.0,,15.0,,True,TIME_SLICER_AVERAGE
2025-02-28T06:00:00.000Z,USA,Nevada Power Company,US-NW-NEVP,478.0,570.0,,16.0,,False,
2025-02-28T07:00:00.000Z,USA,Nevada Power Company,US-NW-NEVP,477.0,570.0,,16.0,,False,
2025-02-28T08:00:00.000Z,USA,Nevada Power Company,US-NW-NEVP,477.0,570.0,,15.0,,False,
2025-02-28T09:00:00.000Z,USA,Nevada Power Company,US-NW-NEVP,477.0,571.0,,15.0,,False,
2025-02-28T10:00:00.000Z,USA,Nevada Power Company,US-NW-NEVP,481.0,575.0,,14.0,,False,
2025-02-28T11:00:00.000Z,USA,Nevada Power Company,US-NW-NEVP,481.0,575.0,,14.0,,False,
2025-02-28T12:00:00.000Z,USA,Nevada Power Company,US-NW-NEVP,479.0,574.0,,14.0,,False,
2025-02-28T13:00:00.000Z,USA,Nevada Power Company,US-NW-NEVP,482.0,576.0,,15.0,,False,
2025-02-28T14:00:00.000Z,USA,Nevada Power Company,US-NW-NEVP,465.0,555.0,,19.0,,False,
2025-02-28T15:00:00.000Z,USA,Nevada Power Company,US-NW-NEVP,348.0,416.0,,45.0,,False,
2025-02-28T16:00:00.000Z,USA,Nevada Power Company,US-NW-NEVP,257.0,311.0,,62.0,,False,
2025-02-28T17:00:00.000Z,USA,Nevada Power Company,US-NW-NEVP,234.0,284.0,,65.0,,False,
2025-02-28T18:00:00.000Z,USA,Nevada Power Company,US-NW-NEVP,220.0,271.0,,66.0,,False,
2025-02-28T19:00:00.000Z,USA,Nevada Power Company,US-NW-NEVP,223.0,274.0,,65.0,,False,
2025-02-28T20:00:00.000Z,USA,Nevada Power Company,US-NW-NEVP,222.0,273.0,,65.0,,False,
2025-02-28T21:00:00.000Z,USA,Nevada Power Company,US-NW-NEVP,237.0,291.0,,61.0,,False,
2025-02-28T22:00:00.000Z,USA,Nevada Power Company,US-NW-NEVP,264.0,323.0,,56.0,,False,
2025-02-28T23:00:00.000Z,USA,Nevada Power Company,US-NW-NEVP,336.0,406.0,,44.0,,True,TIME_SLICER_AVERAGE
2025-03-01T00:00:00.000Z,USA,Nevada Power Company,US-NW-NEVP,383.0,462.0,,34.0,,False,
2025-03-01T01:00:00.000Z,USA,Nevada Power Company,US-NW-NEVP,410.0,491.0,,30.0,,True,TIME_SLICER_AVERAGE
2025-03-01T02:00:00.000Z,USA,Nevada Power Company,US-NW-NEVP,513.0,599.0,,20.0,,True,TIME_SLICER_AVERAGE
2025-03-01T03:00:00.000Z,USA,Nevada Power Company,US-NW-NEVP,549.0,631.0,,21.0,,True,TIME_SLICER_AVERAGE
2025-03-01T04:00:00.000Z,USA,Nevada Power Company,US-NW-NEVP,502.0,598.0,,13.0,,True,TIME_SLICER_AVERAGE
2025-03-01T05:00:00.000Z,USA,Nevada Power Company,US-NW-NEVP,499.0,595.0,,13.0,,False,
2025-03-01T06:00:00.000Z,USA,Nevada Power Company,US-NW-NEVP,504.0,598.0,,13.0,,False,
2025-03-01T07:00:00.000Z,USA,Nevada Power Company,US-NW-NEVP,501.0,595.0,,13.0,,False,
2025-03-01T08:00:00.000Z,USA,Nevada Power Company,US-NW-NEVP,507.0,601.0,,12.0,,False,
2025-03-01T09:00:00.000Z,USA,Nevada Power Company,US-NW-NEVP,514.0,610.0,,11.0,,False,
2025-03-01T10:00:00.000Z,USA,Nevada Power Company,US-NW-NEVP,523.0,618.0,,11.0,,False,
2025-03-01T11:00:00.000Z,USA,Nevada Power Company,US-NW-NEVP,523.0,619.0,,10.0,,False,
2025-03-01T12:00:00.000Z,USA,Nevada Power Company,US-NW-NEVP,521.0,617.0,,10.0,,False,
2025-03-01T13:00:00.000Z,USA,Nevada Power Company,US-NW-NEVP,509.0,604.0,,12.0,,False,
2025-03-01T14:00:00.000Z,USA,Nevada Power Company,US-NW-NEVP,505.0,598.0,,13.0,,False,
2025-03-01T15:00:00.000Z,USA,Nevada Power Company,US-NW-NEVP,390.0,466.0,,35.0,,False,
2025-03-01T16:00:00.000Z,USA,Nevada Power Company,US-NW-NEVP,234.0,287.0,,62.0,,False,
2025-03-01T17:00:00.000Z,USA,Nevada Power Company,US-NW-NEVP,199.0,251.0,,64.0,,False,
2025-03-01T18:00:00.000Z,USA,Nevada Power Company,US-NW-NEVP,207.0,259.0,,64.0,,False,
2025-03-01T19:00:00.000Z,USA,Nevada Power Company,US-NW-NEVP,206.0,257.0,,65.0,,False,
2025-03-01T20:00:00.000Z,USA,Nevada Power Company,US-NW-NEVP,207.0,259.0,,64.0,,False,
2025-03-01T21:00:00.000Z,USA,Nevada Power Company,US-NW-NEVP,212.0,265.0,,63.0,,False,
2025-03-01T22:00:00.000Z,USA,Nevada Power Company,US-NW-NEVP,232.0,291.0,,58.0,,False,
2025-03-01T23:00:00.000Z,USA,Nevada Power Company,US-NW-NEVP,269.0,337.0,,48.0,,False,
2025-03-02T00:00:00.000Z,USA,Nevada Power Company,US-NW-NEVP,360.0,443.0,,31.0,,False,
2025-03-02T01:00:00.000Z,USA,Nevada Power Company,US-NW-NEVP,421.0,507.0,,25.0,,True,TIME_SLICER_AVERAGE
2025-03-02T02:00:00.000Z,USA,Nevada Power Company,US-NW-NEVP,542.0,632.0,,14.0,,True,TIME_SLICER_AVERAGE
2025-03-02T03:00:00.000Z,USA,Nevada Power Company,US-NW-NEVP,562.0,647.0,,18.0,,True,TIME_SLICER_AVERAGE
2025-03-02T04:00:00.000Z,USA,Nevada Power Company,US-NW-NEVP,498.0,596.0,,11.0,,True,TIME_SLICER_AVERAGE
2025-03-02T05:00:00.000Z,USA,Nevada Power Company,US-NW-NEVP,500.0,598.0,,11.0,,False,
2025-03-02T06:00:00.000Z,USA,Nevada Power Company,US-NW-NEVP,508.0,606.0,,10.0,,False,
2025-03-02T07:00:00.000Z,USA,Nevada Power Company,US-NW-NEVP,497.0,596.0,,9.0,,False,
2025-03-02T08:00:00.000Z,USA,Nevada Power Company,US-NW-NEVP,503.0,600.0,,10.0,,False,
2025-03-02T09:00:00.000Z,USA,Nevada Power Company,US-NW-NEVP,519.0,617.0,,7.0,,False,
2025-03-02T10:00:00.000Z,USA,Nevada Power Company,US-NW-NEVP,519.0,618.0,,7.0,,False,
2025-03-02T11:00:00.000Z,USA,Nevada Power Company,US-NW-NEVP,520.0,618.0,,7.0,,False,
2025-03-02T12:00:00.000Z,USA,Nevada Power Company,US-NW-NEVP,518.0,616.0,,7.0,,False,
2025-03-02T13:00:00.000Z,USA,Nevada Power Company,US-NW-NEVP,512.0,609.0,,8.0,,False,
2025-03-02T14:00:00.000Z,USA,Nevada Power Company,US-NW-NEVP,476.0,568.0,,16.0,,False,
2025-03-02T15:00:00.000Z,USA,Nevada Power Company,US-NW-NEVP,335.0,405.0,,42.0,,False,
2025-03-02T16:00:00.000Z,USA,Nevada Power Company,US-NW-NEVP,213.0,264.0,,64.0,,False,
2025-03-02T17:00:00.000Z,USA,Nevada Power Company,US-NW-NEVP,200.0,250.0,,66.0,,False,
2025-03-02T18:00:00.000Z,USA,Nevada Power Company,US-NW-NEVP,195.0,245.0,,67.0,,False,
2025-03-02T19:00:00.000Z,USA,Nevada Power Company,US-NW-NEVP,186.0,235.0,,68.0,,False,
2025-03-02T20:00:00.000Z,USA,Nevada Power Company,US-NW-NEVP,184.0,232.0,,69.0,,False,
2025-03-02T21:00:00.000Z,USA,Nevada Power Company,US-NW-NEVP,183.0,233.0,,69.0,,False,
2025-03-02T22:00:00.000Z,USA,Nevada Power Company,US-NW-NEVP,194.0,246.0,,66.0,,False,
2025-03-02T23:00:00.000Z,USA,Nevada Power Company,US-NW-NEVP,239.0,299.0,,57.0,,False,
2025-03-03T00:00:00.000Z,USA,Nevada Power Company,US-NW-NEVP,352.0,430.0,,35.0,,False,
2025-03-03T01:00:00.000Z,USA,Nevada Power Company,US-NW-NEVP,376.0,455.0,,33.0,,True,TIME_SLICER_AVERAGE
2025-03-03T02:00:00.000Z,USA,Nevada Power Company,US-NW-NEVP,473.0,565.0,,16.0,,True,TIME_SLICER_AVERAGE
2025-03-03T03:00:00.000Z,USA,Nevada Power Company,US-NW-NEVP,479.0,576.0,,14.0,,True,TIME_SLICER_AVERAGE
2025-03-03T04:00:00.000Z,USA,Nevada Power Company,US-NW-NEVP,450.0,554.0,,9.0,,True,TIME_SLICER_AVERAGE
2025-03-03T05:00:00.000Z,USA,Nevada Power Company,US-NW-NEVP,462.0,558.0,,14.0,,True,TIME_SLICER_AVERAGE
2025-03-03T06:00:00.000Z,USA,Nevada Power Company,US-NW-NEVP,453.0,545.0,,18.0,,True,TIME_SLICER_AVERAGE
2025-03-03T07:00:00.000Z,USA,Nevada Power Company,US-NW-NEVP,452.0,544.0,,18.0,,False,
2025-03-03T08:00:00.000Z,USA,Nevada Power Company,US-NW-NEVP,454.0,546.0,,17.0,,False,
2025-03-03T09:00:00.000Z,USA,Nevada Power Company,US-NW-NEVP,469.0,564.0,,14.0,,False,
2025-03-03T10:00:00.000Z,USA,Nevada Power Company,US-NW-NEVP,470.0,566.0,,14.0,,False,
2025-03-03T11:00:00.000Z,USA,Nevada Power Company,US-NW-NEVP,476.0,572.0,,13.0,,False,
2025-03-03T12:00:00.000Z,USA,Nevada Power Company,US-NW-NEVP,477.0,574.0,,12.0,,False,
2025-03-03T13:00:00.000Z,USA,Nevada Power Company,US-NW-NEVP,477.0,573.0,,13.0,,False,
2025-03-03T14:00:00.000Z,USA,Nevada Power Company,US-NW-NEVP,452.0,545.0,,18.0,,False,
2025-03-03T15:00:00.000Z,USA,Nevada Power Company,US-NW-NEVP,348.0,427.0,,35.0,,False,
2025-03-03T16:00:00.000Z,USA,Nevada Power Company,US-NW-NEVP,259.0,322.0,,51.0,,False,
2025-03-03T17:00:00.000Z,USA,Nevada Power Company,US-NW-NEVP,242.0,303.0,,54.0,,False,
2025-03-03T18:00:00.000Z,USA,Nevada Power Company,US-NW-NEVP,254.0,319.0,,50.0,,False,
2025-03-03T19:00:00.000Z,USA,Nevada Power Company,US-NW-NEVP,259.0,323.0,,50.0,,False,
2025-03-03T20:00:00.000Z,USA,Nevada Power Company,US-NW-NEVP,301.0,375.0,,40.0,,False,
2025-03-03T21:00:00.000Z,USA,Nevada Power Company,US-NW-NEVP,285.0,352.0,,44.0,,False,
2025-03-03T22:00:00.000Z,USA,Nevada Power Company,US-NW-NEVP,280.0,347.0,,46.0,,False,
2025-03-03T23:00:00.000Z,USA,Nevada Power Company,US-NW-NEVP,304.0,374.0,,43.0,,False,
2025-03-04T00:00:00.000Z,USA,Nevada Power Company,US-NW-NEVP,342.0,417.0,,37.0,,True,TIME_SLICER_AVERAGE
2025-03-04T01:00:00.000Z,USA,Nevada Power Company,US-NW-NEVP,372.0,457.0,,28.0,,True,TIME_SLICER_AVERAGE
2025-03-04T02:00:00.000Z,USA,Nevada Power Company,US-NW-NEVP,451.0,547.0,,15.0,,True,TIME_SLICER_AVERAGE
2025-03-04T03:00:00.000Z,USA,Nevada Power Company,US-NW-NEVP,457.0,552.0,,15.0,,True,TIME_SLICER_AVERAGE
2025-03-04T04:00:00.000Z,USA,Nevada Power Company,US-NW-NEVP,437.0,540.0,,10.0,,True,TIME_SLICER_AVERAGE
2025-03-04T05:00:00.000Z,USA,Nevada Power Company,US-NW-NEVP,445.0,537.0,,18.0,,True,TIME_SLICER_AVERAGE
2025-03-04T06:00:00.000Z,USA,Nevada Power Company,US-NW-NEVP,444.0,537.0,,17.0,,False,
2025-03-04T07:00:00.000Z,USA,Nevada Power Company,US-NW-NEVP,435.0,529.0,,17.0,,False,
2025-03-04T08:00:00.000Z,USA,Nevada Power Company,US-NW-NEVP,434.0,528.0,,17.0,,False,
2025-03-04T09:00:00.000Z,USA,Nevada Power Company,US-NW-NEVP,442.0,538.0,,15.0,,False,
2025-03-04T10:00:00.000Z,USA,Nevada Power Company,US-NW-NEVP,445.0,541.0,,15.0,,False,
2025-03-04T11:00:00.000Z,USA,Nevada Power Company,US-NW-NEVP,454.0,550.0,,15.0,,False,
2025-03-04T12:00:00.000Z,USA,Nevada Power Company,US-NW-NEVP,467.0,563.0,,14.0,,False,
2025-03-04T13:00:00.000Z,USA,Nevada Power Company,US-NW-NEVP,465.0,560.0,,15.0,,False,
2025-03-04T14:00:00.000Z,USA,Nevada Power Company,US-NW-NEVP,442.0,531.0,,21.0,,False,
2025-03-04T15:00:00.000Z,USA,Nevada Power Company,US-NW-NEVP,321.0,390.0,,45.0,,False,
2025-03-04T16:00:00.000Z,USA,Nevada Power Company,US-NW-NEVP,229.0,283.0,,62.0,,False,
2025-03-04T17:00:00.000Z,USA,Nevada Power Company,US-NW-NEVP,208.0,261.0,,64.0,,False,
2025-03-04T18:00:00.000Z,USA,Nevada Power Company,US-NW-NEVP,202.0,254.0,,65.0,,False,
2025-03-04T19:00:00.000Z,USA,Nevada Power Company,US-NW-NEVP,201.0,253.0,,66.0,,False,
2025-03-04T20:00:00.000Z,USA,Nevada Power Company,US-NW-NEVP,199.0,252.0,,66.0,,False,
2025-03-04T21:00:00.000Z,USA,Nevada Power Company,US-NW-NEVP,200.0,252.0,,66.0,,False,
2025-03-04T22:00:00.000Z,USA,Nevada Power Company,US-NW-NEVP,203.0,257.0,,65.0,,False,
2025-03-04T23:00:00.000Z,USA,Nevada Power Company,US-NW-NEVP,225.0,285.0,,59.0,,False,
2025-03-05T00:00:00.000Z,USA,Nevada Power Company,US-NW-NEVP,344.0,420.0,,38.0,,False,
2025-03-05T01:00:00.000Z,USA,Nevada Power Company,US-NW-NEVP,371.0,448.0,,35.0,,True,TIME_SLICER_AVERAGE
2025-03-05T02:00:00.000Z,USA,Nevada Power Company,US-NW-NEVP,487.0,581.0,,15.0,,True,TIME_SLICER_AVERAGE
2025-03-05T03:00:00.000Z,USA,Nevada Power Company,US-NW-NEVP,487.0,582.0,,14.0,,True,TIME_SLICER_AVERAGE
2025-03-05T04:00:00.000Z,USA,Nevada Power Company,US-NW-NEVP,457.0,562.0,,8.0,,True,TIME_SLICER_AVERAGE
2025-03-05T05:00:00.000Z,USA,Nevada Power Company,US-NW-NEVP,473.0,568.0,,15.0,,True,TIME_SLICER_AVERAGE
2025-03-05T06:00:00.000Z,USA,Nevada Power Company,US-NW-NEVP,465.0,561.0,,15.0,,False,
2025-03-05T07:00:00.000Z,USA,Nevada Power Company,US-NW-NEVP,462.0,558.0,,15.0,,False,
2025-03-05T08:00:00.000Z,USA,Nevada Power Company,US-NW-NEVP,469.0,564.0,,15.0,,False,
2025-03-05T09:00:00.000Z,USA,Nevada Power Company,US-NW-NEVP,475.0,571.0,,13.0,,False,
2025-03-05T10:00:00.000Z,USA,Nevada Power Company,US-NW-NEVP,478.0,575.0,,13.0,,False,
2025-03-05T11:00:00.000Z,USA,Nevada Power Company,US-NW-NEVP,479.0,576.0,,12.0,,False,
2025-03-05T12:00:00.000Z,USA,Nevada Power Company,US-NW-NEVP,477.0,574.0,,13.0,,False,
2025-03-05T13:00:00.000Z,USA,Nevada Power Company,US-NW-NEVP,467.0,563.0,,14.0,,False,
2025-03-05T14:00:00.000Z,USA,Nevada Power Company,US-NW-NEVP,438.0,528.0,,20.0,,False,
2025-03-05T15:00:00.000Z,USA,Nevada Power Company,US-NW-NEVP,341.0,419.0,,37.0,,False,
2025-03-05T16:00:00.000Z,USA,Nevada Power Company,US-NW-NEVP,322.0,399.0,,39.0,,False,
2025-03-05T17:00:00.000Z,USA,Nevada Power Company,US-NW-NEVP,311.0,386.0,,41.0,,False,
2025-03-05T18:00:00.000Z,USA,Nevada Power Company,US-NW-NEVP,314.0,391.0,,39.0,,False,
2025-03-05T19:00:00.000Z,USA,Nevada Power Company,US-NW-NEVP,325.0,405.0,,35.0,,False,
2025-03-05T20:00:00.000Z,USA,Nevada Power Company,US-NW-NEVP,349.0,432.0,,31.0,,False,
2025-03-05T21:00:00.000Z,USA,Nevada Power Company,US-NW-NEVP,352.0,434.0,,31.0,,False,
2025-03-05T22:00:00.000Z,USA,Nevada Power Company,US-NW-NEVP,376.0,460.0,,28.0,,False,
2025-03-05T23:00:00.000Z,USA,Nevada Power Company,US-NW-NEVP,410.0,499.0,,22.0,,False,
2025-03-06T00:00:00.000Z,USA,Nevada Power Company,US-NW-NEVP,443.0,537.0,,17.0,,False,
2025-03-06T01:00:00.000Z,USA,Nevada Power Company,US-NW-NEVP,439.0,534.0,,17.0,,True,TIME_SLICER_AVERAGE
2025-03-06T02:00:00.000Z,USA,Nevada Power Company,US-NW-NEVP,451.0,549.0,,14.0,,True,TIME_SLICER_AVERAGE
2025-03-06T03:00:00.000Z,USA,Nevada Power Company,US-NW-NEVP,454.0,551.0,,14.0,,True,TIME_SLICER_AVERAGE
2025-03-06T04:00:00.000Z,USA,Nevada Power Company,US-NW-NEVP,435.0,539.0,,10.0,,True,TIME_SLICER_AVERAGE
2025-03-06T05:00:00.000Z,USA,Nevada Power Company,US-NW-NEVP,436.0,531.0,,17.0,,True,TIME_SLICER_AVERAGE
2025-03-06T06:00:00.000Z,USA,Nevada Power Company,US-NW-NEVP,426.0,520.0,,18.0,,False,
2025-03-06T07:00:00.000Z,USA,Nevada Power Company,US-NW-NEVP,441.0,538.0,,15.0,,False,
2025-03-06T08:00:00.000Z,USA,Nevada Power Company,US-NW-NEVP,442.0,537.0,,16.0,,False,
2025-03-06T09:00:00.000Z,USA,Nevada Power Company,US-NW-NEVP,450.0,542.0,,17.0,,False,
2025-03-06T10:00:00.000Z,USA,Nevada Power Company,US-NW-NEVP,451.0,543.0,,17.0,,False,
2025-03-06T11:00:00.000Z,USA,Nevada Power Company,US-NW-NEVP,452.0,544.0,,17.0,,False,
2025-03-06T12:00:00.000Z,USA,Nevada Power Company,US-NW-NEVP,450.0,543.0,,17.0,,False,
2025-03-06T13:00:00.000Z,USA,Nevada Power Company,US-NW-NEVP,446.0,538.0,,17.0,,False,
2025-03-06T14:00:00.000Z,USA,Nevada Power Company,US-NW-NEVP,424.0,513.0,,22.0,,False,
2025-03-06T15:00:00.000Z,USA,Nevada Power Company,US-NW-NEVP,307.0,381.0,,42.0,,False,
2025-03-06T16:00:00.000Z,USA,Nevada Power Company,US-NW-NEVP,254.0,318.0,,53.0,,False,
2025-03-06T17:00:00.000Z,USA,Nevada Power Company,US-NW-NEVP,247.0,310.0,,53.0,,False,
2025-03-06T18:00:00.000Z,USA,Nevada Power Company,US-NW-NEVP,249.0,314.0,,51.0,,False,
2025-03-06T19:00:00.000Z,USA,Nevada Power Company,US-NW-NEVP,223.0,282.0,,58.0,,False,
2025-03-06T20:00:00.000Z,USA,Nevada Power Company,US-NW-NEVP,241.0,305.0,,54.0,,False,
2025-03-06T21:00:00.000Z,USA,Nevada Power Company,US-NW-NEVP,265.0,333.0,,49.0,,False,
2025-03-06T22:00:00.000Z,USA,Nevada Power Company,US-NW-NEVP,245.0,308.0,,54.0,,False,
2025-03-06T23:00:00.000Z,USA,Nevada Power Company,US-NW-NEVP,264.0,331.0,,50.0,,False,
2025-03-07T00:00:00.000Z,USA,Nevada Power Company,US-NW-NEVP,348.0,427.0,,36.0,,False,
2025-03-07T01:00:00.000Z,USA,Nevada Power Company,US-NW-NEVP,363.0,442.0,,34.0,,True,TIME_SLICER_AVERAGE
2025-03-07T02:00:00.000Z,USA,Nevada Power Company,US-NW-NEVP,462.0,557.0,,15.0,,True,TIME_SLICER_AVERAGE
2025-03-07T03:00:00.000Z,USA,Nevada Power Company,US-NW-NEVP,470.0,567.0,,14.0,,True,TIME_SLICER_AVERAGE
2025-03-07T04:00:00.000Z,USA,Nevada Power Company,US-NW-NEVP,446.0,551.0,,8.0,,True,TIME_SLICER_AVERAGE
2025-03-07T05:00:00.000Z,USA,Nevada Power Company,US-NW-NEVP,465.0,562.0,,14.0,,True,TIME_SLICER_AVERAGE
2025-03-07T06:00:00.000Z,USA,Nevada Power Company,US-NW-NEVP,460.0,557.0,,14.0,,False,
2025-03-07T07:00:00.000Z,USA,Nevada Power Company,US-NW-NEVP,453.0,550.0,,15.0,,False,
2025-03-07T08:00:00.000Z,USA,Nevada Power Company,US-NW-NEVP,446.0,541.0,,16.0,,False,
2025-03-07T09:00:00.000Z,USA,Nevada Power Company,US-NW-NEVP,456.0,553.0,,14.0,,False,
2025-03-07T10:00:00.000Z,USA,Nevada Power Company,US-NW-NEVP,459.0,556.0,,13.0,,False,
2025-03-07T11:00:00.000Z,USA,Nevada Power Company,US-NW-NEVP,461.0,559.0,,13.0,,False,
2025-03-07T12:00:00.000Z,USA,Nevada Power Company,US-NW-NEVP,470.0,568.0,,12.0,,False,
2025-03-07T13:00:00.000Z,USA,Nevada Power Company,US-NW-NEVP,464.0,561.0,,13.0,,False,
2025-03-07T14:00:00.000Z,USA,Nevada Power Company,US-NW-NEVP,447.0,540.0,,18.0,,False,
2025-03-07T15:00:00.000Z,USA,Nevada Power Company,US-NW-NEVP,335.0,412.0,,39.0,,False,
2025-03-07T16:00:00.000Z,USA,Nevada Power Company,US-NW-NEVP,249.0,314.0,,54.0,,False,
2025-03-07T17:00:00.000Z,USA,Nevada Power Company,US-NW-NEVP,206.0,264.0,,63.0,,False,
2025-03-07T18:00:00.000Z,USA,Nevada Power Company,US-NW-NEVP,193.0,247.0,,66.0,,False,
2025-03-07T19:00:00.000Z,USA,Nevada Power Company,US-NW-NEVP,193.0,246.0,,66.0,,False,
2025-03-07T20:00:00.000Z,USA,Nevada Power Company,US-NW-NEVP,218.0,275.0,,61.0,,False,
2025-03-07T21:00:00.000Z,USA,Nevada Power Company,US-NW-NEVP,252.0,312.0,,56.0,,False,
2025-03-07T22:00:00.000Z,USA,Nevada Power Company,US-NW-NEVP,271.0,332.0,,54.0,,False,
2025-03-07T23:00:00.000Z,USA,Nevada Power Company,US-NW-NEVP,282.0,347.0,,50.0,,False,
2025-03-08T00:00:00.000Z,USA,Nevada Power Company,US-NW-NEVP,305.0,375.0,,45.0,,True,TIME_SLICER_AVERAGE
2025-03-08T01:00:00.000Z,USA,Nevada Power Company,US-NW-NEVP,351.0,429.0,,35.0,,True,TIME_SLICER_AVERAGE
2025-03-08T02:00:00.000Z,USA,Nevada Power Company,US-NW-NEVP,469.0,563.0,,15.0,,True,TIME_SLICER_AVERAGE
2025-03-08T03:00:00.000Z,USA,Nevada Power Company,US-NW-NEVP,481.0,575.0,,15.0,,True,TIME_SLICER_AVERAGE
2025-03-08T04:00:00.000Z,USA,Nevada Power Company,US-NW-NEVP,458.0,561.0,,9.0,,True,TIME_SLICER_AVERAGE
2025-03-08T05:00:00.000Z,USA,Nevada Power Company,US-NW-NEVP,475.0,571.0,,13.0,,True,TIME_SLICER_AVERAGE
2025-03-08T06:00:00.000Z,USA,Nevada Power Company,US-NW-NEVP,472.0,566.0,,15.0,,True,TIME_SLICER_AVERAGE
2025-03-08T07:00:00.000Z,USA,Nevada Power Company,US-NW-NEVP,468.0,562.0,,15.0,,False,
2025-03-08T08:00:00.000Z,USA,Nevada Power Company,US-NW-NEVP,472.0,569.0,,12.0,,False,
2025-03-08T09:00:00.000Z,USA,Nevada Power Company,US-NW-NEVP,486.0,584.0,,10.0,,False,
2025-03-08T10:00:00.000Z,USA,Nevada Power Company,US-NW-NEVP,496.0,593.0,,10.0,,False,
2025-03-08T11:00:00.000Z,USA,Nevada Power Company,US-NW-NEVP,500.0,596.0,,11.0,,False,
2025-03-08T12:00:00.000Z,USA,Nevada Power Company,US-NW-NEVP,499.0,595.0,,11.0,,False,
2025-03-08T13:00:00.000Z,USA,Nevada Power Company,US-NW-NEVP,495.0,589.0,,12.0,,False,
2025-03-08T14:00:00.000Z,USA,Nevada Power Company,US-NW-NEVP,459.0,548.0,,20.0,,False,
2025-03-08T15:00:00.000Z,USA,Nevada Power Company,US-NW-NEVP,296.0,363.0,,49.0,,False,
2025-03-08T16:00:00.000Z,USA,Nevada Power Company,US-NW-NEVP,190.0,240.0,,68.0,,False,
2025-03-08T17:00:00.000Z,USA,Nevada Power Company,US-NW-NEVP,179.0,229.0,,69.0,,False,
2025-03-08T18:00:00.000Z,USA,Nevada Power Company,US-NW-NEVP,176.0,225.0,,70.0,,False,
2025-03-08T19:00:00.000Z,USA,Nevada Power Company,US-NW-NEVP,170.0,219.0,,71.0,,False,
2025-03-08T20:00:00.000Z,USA,Nevada Power Company,US-NW-NEVP,170.0,220.0,,70.0,,False,
2025-03-08T21:00:00.000Z,USA,Nevada Power Company,US-NW-NEVP,172.0,221.0,,70.0,,False,
2025-03-08T22:00:00.000Z,USA,Nevada Power Company,US-NW-NEVP,180.0,231.0,,68.0,,False,
2025-03-08T23:00:00.000Z,USA,Nevada Power Company,US-NW-NEVP,197.0,254.0,,63.0,,False,
2025-03-09T00:00:00.000Z,USA,Nevada Power Company,US-NW-NEVP,301.0,375.0,,44.0,,False,
2025-03-09T01:00:00.000Z,USA,Nevada Power Company,US-NW-NEVP,341.0,415.0,,40.0,,True,TIME_SLICER_AVERAGE
2025-03-09T02:00:00.000Z,USA,Nevada Power Company,US-NW-NEVP,480.0,574.0,,16.0,,True,TIME_SLICER_AVERAGE
2025-03-09T03:00:00.000Z,USA,Nevada Power Company,US-NW-NEVP,479.0,572.0,,16.0,,True,TIME_SLICER_AVERAGE
2025-03-09T04:00:00.000Z,USA,Nevada Power Company,US-NW-NEVP,452.0,557.0,,9.0,,True,TIME_SLICER_AVERAGE
2025-03-09T05:00:00.000Z,USA,Nevada Power Company,US-NW-NEVP,467.0,566.0,,13.0,,True,TIME_SLICER_AVERAGE
2025-03-09T06:00:00.000Z,USA,Nevada Power Company,US-NW-NEVP,456.0,551.0,,15.0,,True,TIME_SLICER_AVERAGE
2025-03-09T07:00:00.000Z,USA,Nevada Power Company,US-NW-NEVP,447.0,542.0,,16.0,,False,
2025-03-09T08:00:00.000Z,USA,Nevada Power Company,US-NW-NEVP,447.0,542.0,,16.0,,False,
2025-03-09T09:00:00.000Z,USA,Nevada Power Company,US-NW-NEVP,462.0,557.0,,16.0,,False,
2025-03-09T10:00:00.000Z,USA,Nevada Power Company,US-NW-NEVP,461.0,555.0,,16.0,,False,
2025-03-09T11:00:00.000Z,USA,Nevada Power Company,US-NW-NEVP,458.0,551.0,,16.0,,False,
2025-03-09T12:00:00.000Z,USA,Nevada Power Company,US-NW-NEVP,458.0,550.0,,17.0,,False,
2025-03-09T13:00:00.000Z,USA,Nevada Power Company,US-NW-NEVP,466.0,558.0,,17.0,,False,
2025-03-09T14:00:00.000Z,USA,Nevada Power Company,US-NW-NEVP,445.0,533.0,,22.0,,False,
2025-03-09T15:00:00.000Z,USA,Nevada Power Company,US-NW-NEVP,268.0,327.0,,56.0,,False,
2025-03-09T16:00:00.000Z,USA,Nevada Power Company,US-NW-NEVP,189.0,238.0,,70.0,,False,
2025-03-09T17:00:00.000Z,USA,Nevada Power Company,US-NW-NEVP,182.0,231.0,,71.0,,False,
2025-03-09T18:00:00.000Z,USA,Nevada Power Company,US-NW-NEVP,184.0,232.0,,70.0,,False,
2025-03-09T19:00:00.000Z,USA,Nevada Power Company,US-NW-NEVP,179.0,227.0,,71.0,,False,
2025-03-09T20:00:00.000Z,USA,Nevada Power Company,US-NW-NEVP,176.0,225.0,,70.0,,False,
2025-03-09T21:00:00.000Z,USA,Nevada Power Company,US-NW-NEVP,179.0,230.0,,69.0,,False,
2025-03-09T22:00:00.000Z,USA,Nevada Power Company,US-NW-NEVP,182.0,234.0,,68.0,,False,
2025-03-09T23:00:00.000Z,USA,Nevada Power Company,US-NW-NEVP,210.0,267.0,,62.0,,False,
2025-03-10T00:00:00.000Z,USA,Nevada Power Company,US-NW-NEVP,300.0,370.0,,46.0,,False,
2025-03-10T01:00:00.000Z,USA,Nevada Power Company,US-NW-NEVP,463.0,554.0,,18.0,,True,TIME_SLICER_AVERAGE
2025-03-10T02:00:00.000Z,USA,Nevada Power Company,US-NW-NEVP,472.0,555.0,,24.0,,True,TIME_SLICER_AVERAGE
2025-03-10T03:00:00.000Z,USA,Nevada Power Company,US-NW-NEVP,489.0,565.0,,29.0,,True,TIME_SLICER_AVERAGE
2025-03-10T04:00:00.000Z,USA,Nevada Power Company,US-NW-NEVP,449.0,541.0,,19.0,,True,TIME_SLICER_AVERAGE
2025-03-10T05:00:00.000Z,USA,Nevada Power Company,US-NW-NEVP,426.0,516.0,,21.0,,False,
2025-03-10T06:00:00.000Z,USA,Nevada Power Company,US-NW-NEVP,418.0,506.0,,23.0,,False,
2025-03-10T07:00:00.000Z,USA,Nevada Power Company,US-NW-NEVP,415.0,503.0,,23.0,,False,
2025-03-10T08:00:00.000Z,USA,Nevada Power Company,US-NW-NEVP,420.0,509.0,,22.0,,False,
2025-03-10T09:00:00.000Z,USA,Nevada Power Company,US-NW-NEVP,414.0,502.0,,22.0,,False,
2025-03-10T10:00:00.000Z,USA,Nevada Power Company,US-NW-NEVP,415.0,501.0,,24.0,,False,
2025-03-10T11:00:00.000Z,USA,Nevada Power Company,US-NW-NEVP,421.0,507.0,,24.0,,False,
2025-03-10T12:00:00.000Z,USA,Nevada Power Company,US-NW-NEVP,434.0,521.0,,23.0,,False,
2025-03-10T13:00:00.000Z,USA,Nevada Power Company,US-NW-NEVP,441.0,528.0,,23.0,,False,
2025-03-10T14:00:00.000Z,USA,Nevada Power Company,US-NW-NEVP,419.0,504.0,,26.0,,False,
2025-03-10T15:00:00.000Z,USA,Nevada Power Company,US-NW-NEVP,299.0,370.0,,45.0,,False,
2025-03-10T16:00:00.000Z,USA,Nevada Power Company,US-NW-NEVP,211.0,263.0,,65.0,,False,
2025-03-10T17:00:00.000Z,USA,Nevada Power Company,US-NW-NEVP,192.0,241.0,,69.0,,False,
2025-03-10T18:00:00.000Z,USA,Nevada Power Company,US-NW-NEVP,186.0,234.0,,70.0,,False,
2025-03-10T19:00:00.000Z,USA,Nevada Power Company,US-NW-NEVP,184.0,231.0,,71.0,,False,
2025-03-10T20:00:00.000Z,USA,Nevada Power Company,US-NW-NEVP,187.0,235.0,,70.0,,False,
2025-03-10T21:00:00.000Z,USA,Nevada Power Company,US-NW-NEVP,187.0,236.0,,70.0,,False,
2025-03-10T22:00:00.000Z,USA,Nevada Power Company,US-NW-NEVP,211.0,265.0,,64.0,,False,
2025-03-10T23:00:00.000Z,USA,Nevada Power Company,US-NW-NEVP,239.0,302.0,,56.0,,False,
2025-03-11T00:00:00.000Z,USA,Nevada Power Company,US-NW-NEVP,339.0,414.0,,39.0,,False,
2025-03-11T01:00:00.000Z,USA,Nevada Power Company,US-NW-NEVP,371.0,449.0,,34.0,,True,TIME_SLICER_AVERAGE
2025-03-11T02:00:00.000Z,USA,Nevada Power Company,US-NW-NEVP,477.0,571.0,,15.0,,True,TIME_SLICER_AVERAGE
2025-03-11T03:00:00.000Z,USA,Nevada Power Company,US-NW-NEVP,475.0,569.0,,16.0,,True,TIME_SLICER_AVERAGE
2025-03-11T04:00:00.000Z,USA,Nevada Power Company,US-NW-NEVP,454.0,557.0,,9.0,,True,TIME_SLICER_AVERAGE
2025-03-11T05:00:00.000Z,USA,Nevada Power Company,US-NW-NEVP,475.0,570.0,,14.0,,True,TIME_SLICER_AVERAGE
2025-03-11T06:00:00.000Z,USA,Nevada Power Company,US-NW-NEVP,472.0,568.0,,14.0,,False,
2025-03-11T07:00:00.000Z,USA,Nevada Power Company,US-NW-NEVP,474.0,571.0,,13.0,,False,
2025-03-11T08:00:00.000Z,USA,Nevada Power Company,US-NW-NEVP,490.0,587.0,,11.0,,False,
2025-03-11T09:00:00.000Z,USA,Nevada Power Company,US-NW-NEVP,493.0,591.0,,11.0,,False,
2025-03-11T10:00:00.000Z,USA,Nevada Power Company,US-NW-NEVP,492.0,589.0,,11.0,,False,
2025-03-11T11:00:00.000Z,USA,Nevada Power Company,US-NW-NEVP,482.0,576.0,,14.0,,False,
2025-03-11T12:00:00.000Z,USA,Nevada Power Company,US-NW-NEVP,494.0,588.0,,14.0,,False,
2025-03-11T13:00:00.000Z,USA,Nevada Power Company,US-NW-NEVP,497.0,590.0,,14.0,,False,
2025-03-11T14:00:00.000Z,USA,Nevada Power Company,US-NW-NEVP,465.0,557.0,,18.0,,False,
2025-03-11T15:00:00.000Z,USA,Nevada Power Company,US-NW-NEVP,335.0,413.0,,38.0,,False,
2025-03-11T16:00:00.000Z,USA,Nevada Power Company,US-NW-NEVP,277.0,341.0,,52.0,,False,
2025-03-11T17:00:00.000Z,USA,Nevada Power Company,US-NW-NEVP,249.0,308.0,,57.0,,False,
2025-03-11T18:00:00.000Z,USA,Nevada Power Company,US-NW-NEVP,259.0,320.0,,55.0,,False,
2025-03-11T19:00:00.000Z,USA,Nevada Power Company,US-NW-NEVP,280.0,343.0,,51.0,,False,
2025-03-11T20:00:00.000Z,USA,Nevada Power Company,US-NW-NEVP,326.0,395.0,,43.0,,False,
2025-03-11T21:00:00.000Z,USA,Nevada Power Company,US-NW-NEVP,327.0,398.0,,42.0,,False,
2025-03-11T22:00:00.000Z,USA,Nevada Power Company,US-NW-NEVP,332.0,405.0,,40.0,,False,
2025-03-11T23:00:00.000Z,USA,Nevada Power Company,US-NW-NEVP,368.0,449.0,,32.0,,False,
2025-03-12T00:00:00.000Z,USA,Nevada Power Company,US-NW-NEVP,406.0,495.0,,24.0,,False,
2025-03-12T01:00:00.000Z,USA,Nevada Power Company,US-NW-NEVP,425.0,515.0,,22.0,,True,TIME_SLICER_AVERAGE
2025-03-12T02:00:00.000Z,USA,Nevada Power Company,US-NW-NEVP,489.0,580.0,,18.0,,True,TIME_SLICER_AVERAGE
2025-03-12T03:00:00.000Z,USA,Nevada Power Company,US-NW-NEVP,510.0,592.0,,23.0,,True,TIME_SLICER_AVERAGE
2025-03-12T04:00:00.000Z,USA,Nevada Power Company,US-NW-NEVP,476.0,569.0,,16.0,,True,TIME_SLICER_AVERAGE
2025-03-12T05:00:00.000Z,USA,Nevada Power Company,US-NW-NEVP,473.0,566.0,,16.0,,False,
2025-03-12T06:00:00.000Z,USA,Nevada Power Company,US-NW-NEVP,476.0,568.0,,17.0,,False,
2025-03-12T07:00:00.000Z,USA,Nevada Power Company,US-NW-NEVP,477.0,568.0,,17.0,,False,
2025-03-12T08:00:00.000Z,USA,Nevada Power Company,US-NW-NEVP,486.0,579.0,,14.0,,False,
2025-03-12T09:00:00.000Z,USA,Nevada Power Company,US-NW-NEVP,487.0,581.0,,14.0,,False,
2025-03-12T10:00:00.000Z,USA,Nevada Power Company,US-NW-NEVP,483.0,577.0,,14.0,,False,
2025-03-12T11:00:00.000Z,USA,Nevada Power Company,US-NW-NEVP,475.0,568.0,,15.0,,False,
2025-03-12T12:00:00.000Z,USA,Nevada Power Company,US-NW-NEVP,479.0,572.0,,15.0,,False,
2025-03-12T13:00:00.000Z,USA,Nevada Power Company,US-NW-NEVP,473.0,565.0,,15.0,,False,
2025-03-12T14:00:00.000Z,USA,Nevada Power Company,US-NW-NEVP,448.0,540.0,,18.0,,False,
2025-03-12T15:00:00.000Z,USA,Nevada Power Company,US-NW-NEVP,355.0,429.0,,38.0,,False,
2025-03-12T16:00:00.000Z,USA,Nevada Power Company,US-NW-NEVP,300.0,361.0,,49.0,,False,
2025-03-12T17:00:00.000Z,USA,Nevada Power Company,US-NW-NEVP,266.0,324.0,,55.0,,False,
2025-03-12T18:00:00.000Z,USA,Nevada Power Company,US-NW-NEVP,256.0,315.0,,56.0,,False,
2025-03-12T19:00:00.000Z,USA,Nevada Power Company,US-NW-NEVP,251.0,308.0,,57.0,,False,
2025-03-12T20:00:00.000Z,USA,Nevada Power Company,US-NW-NEVP,259.0,318.0,,55.0,,False,
2025-03-12T21:00:00.000Z,USA,Nevada Power Company,US-NW-NEVP,249.0,307.0,,58.0,,False,
2025-03-12T22:00:00.000Z,USA,Nevada Power Company,US-NW-NEVP,278.0,342.0,,50.0,,False,
2025-03-12T23:00:00.000Z,USA,Nevada Power Company,US-NW-NEVP,326.0,396.0,,41.0,,False,
2025-03-13T00:00:00.000Z,USA,Nevada Power Company,US-NW-NEVP,404.0,486.0,,28.0,,False,
2025-03-13T01:00:00.000Z,USA,Nevada Power Company,US-NW-NEVP,416.0,501.0,,25.0,,True,TIME_SLICER_AVERAGE
2025-03-13T02:00:00.000Z,USA,Nevada Power Company,US-NW-NEVP,444.0,526.0,,25.0,,True,TIME_SLICER_AVERAGE
2025-03-13T03:00:00.000Z,USA,Nevada Power Company,US-NW-NEVP,471.0,548.0,,28.0,,True,TIME_SLICER_AVERAGE
2025-03-13T04:00:00.000Z,USA,Nevada Power Company,US-NW-NEVP,450.0,540.0,,20.0,,True,TIME_SLICER_AVERAGE
2025-03-13T05:00:00.000Z,USA,Nevada Power Company,US-NW-NEVP,447.0,536.0,,20.0,,False,
2025-03-13T06:00:00.000Z,USA,Nevada Power Company,US-NW-NEVP,437.0,524.0,,21.0,,False,
2025-03-13T07:00:00.000Z,USA,Nevada Power Company,US-NW-NEVP,429.0,516.0,,22.0,,False,
2025-03-13T08:00:00.000Z,USA,Nevada Power Company,US-NW-NEVP,433.0,522.0,,20.0,,False,
2025-03-13T09:00:00.000Z,USA,Nevada Power Company,US-NW-NEVP,438.0,528.0,,19.0,,False,
2025-03-13T10:00:00.000Z,USA,Nevada Power Company,US-NW-NEVP,435.0,524.0,,21.0,,False,
2025-03-13T11:00:00.000Z,USA,Nevada Power Company,US-NW-NEVP,431.0,519.0,,21.0,,False,
2025-03-13T12:00:00.000Z,USA,Nevada Power Company,US-NW-NEVP,441.0,530.0,,20.0,,False,
2025-03-13T13:00:00.000Z,USA,Nevada Power Company,US-NW-NEVP,440.0,528.0,,21.0,,False,
2025-03-13T14:00:00.000Z,USA,Nevada Power Company,US-NW-NEVP,423.0,506.0,,25.0,,False,
2025-03-13T15:00:00.000Z,USA,Nevada Power Company,US-NW-NEVP,404.0,487.0,,28.0,,False,
2025-03-13T16:00:00.000Z,USA,Nevada Power Company,US-NW-NEVP,389.0,470.0,,29.0,,False,
2025-03-13T17:00:00.000Z,USA,Nevada Power Company,US-NW-NEVP,384.0,464.0,,30.0,,False,
2025-03-13T18:00:00.000Z,USA,Nevada Power Company,US-NW-NEVP,347.0,421.0,,38.0,,False,
2025-03-13T19:00:00.000Z,USA,Nevada Power Company,US-NW-NEVP,331.0,402.0,,41.0,,False,
2025-03-13T20:00:00.000Z,USA,Nevada Power Company,US-NW-NEVP,272.0,339.0,,49.0,,False,
2025-03-13T21:00:00.000Z,USA,Nevada Power Company,US-NW-NEVP,241.0,305.0,,55.0,,False,
2025-03-13T22:00:00.000Z,USA,Nevada Power Company,US-NW-NEVP,247.0,312.0,,52.0,,False,
2025-03-13T23:00:00.000Z,USA,Nevada Power Company,US-NW-NEVP,306.0,381.0,,40.0,,False,
2025-03-14T00:00:00.000Z,USA,Nevada Power Company,US-NW-NEVP,353.0,435.0,,32.0,,False,
2025-03-14T01:00:00.000Z,USA,Nevada Power Company,US-NW-NEVP,383.0,466.0,,29.0,,True,TIME_SLICER_AVERAGE
2025-03-14T02:00:00.000Z,USA,Nevada Power Company,US-NW-NEVP,465.0,553.0,,20.0,,True,TIME_SLICER_AVERAGE
2025-03-14T03:00:00.000Z,USA,Nevada Power Company,US-NW-NEVP,483.0,565.0,,24.0,,True,TIME_SLICER_AVERAGE
2025-03-14T04:00:00.000Z,USA,Nevada Power Company,US-NW-NEVP,460.0,554.0,,16.0,,True,TIME_SLICER_AVERAGE
2025-03-14T05:00:00.000Z,USA,Nevada Power Company,US-NW-NEVP,454.0,547.0,,16.0,,False,
2025-03-14T06:00:00.000Z,USA,Nevada Power Company,US-NW-NEVP,450.0,542.0,,18.0,,False,
2025-03-14T07:00:00.000Z,USA,Nevada Power Company,US-NW-NEVP,462.0,554.0,,17.0,,False,
2025-03-14T08:00:00.000Z,USA,Nevada Power Company,US-NW-NEVP,471.0,564.0,,15.0,,False,
2025-03-14T09:00:00.000Z,USA,Nevada Power Company,US-NW-NEVP,472.0,567.0,,14.0,,True,TIME_SLICER_AVERAGE
2025-03-14T10:00:00.000Z,USA,Nevada Power Company,US-NW-NEVP,477.0,572.0,,13.0,,True,TIME_SLICER_AVERAGE
2025-03-14T11:00:00.000Z,USA,Nevada Power Company,US-NW-NEVP,472.0,567.0,,14.0,,True,TIME_SLICER_AVERAGE
2025-03-14T12:00:00.000Z,USA,Nevada Power Company,US-NW-NEVP,467.0,561.0,,15.0,,True,TIME_SLICER_AVERAGE
2025-03-14T13:00:00.000Z,USA,Nevada Power Company,US-NW-NEVP,460.0,553.0,,16.0,,False,
2025-03-14T14:00:00.000Z,USA,Nevada Power Company,US-NW-NEVP,443.0,534.0,,19.0,,False,
2025-03-14T15:00:00.000Z,USA,Nevada Power Company,US-NW-NEVP,409.0,492.0,,27.0,,False,
2025-03-14T16:00:00.000Z,USA,Nevada Power Company,US-NW-NEVP,347.0,421.0,,38.0,,False,
2025-03-14T17:00:00.000Z,USA,Nevada Power Company,US-NW-NEVP,288.0,354.0,,48.0,,False,
2025-03-14T18:00:00.000Z,USA,Nevada Power Company,US-NW-NEVP,269.0,333.0,,51.0,,False,
2025-03-14T19:00:00.000Z,USA,Nevada Power Company,US-NW-NEVP,306.0,375.0,,45.0,,False,
2025-03-14T20:00:00.000Z,USA,Nevada Power Company,US-NW-NEVP,326.0,396.0,,42.0,,False,
2025-03-14T21:00:00.000Z,USA,Nevada Power Company,US-NW-NEVP,313.0,381.0,,45.0,,False,
2025-03-14T22:00:00.000Z,USA,Nevada Power Company,US-NW-NEVP,295.0,361.0,,48.0,,False,
2025-03-14T23:00:00.000Z,USA,Nevada Power Company,US-NW-NEVP,363.0,441.0,,34.0,,False,
2025-03-15T00:00:00.000Z,USA,Nevada Power Company,US-NW-NEVP,438.0,524.0,,22.0,,False,
2025-03-15T01:00:00.000Z,USA,Nevada Power Company,US-NW-NEVP,439.0,534.0,,16.0,,True,TIME_SLICER_AVERAGE
2025-03-15T02:00:00.000Z,USA,Nevada Power Company,US-NW-NEVP,446.0,546.0,,12.0,,True,TIME_SLICER_AVERAGE
2025-03-15T03:00:00.000Z,USA,Nevada Power Company,US-NW-NEVP,445.0,550.0,,9.0,,True,TIME_SLICER_AVERAGE
2025-03-15T04:00:00.000Z,USA,Nevada Power Company,US-NW-NEVP,442.0,548.0,,8.0,,False,
2025-03-15T05:00:00.000Z,USA,Nevada Power Company,US-NW-NEVP,437.0,543.0,,8.0,,False,
2025-03-15T06:00:00.000Z,USA,Nevada Power Company,US-NW-NEVP,438.0,545.0,,7.0,,False,
2025-03-15T07:00:00.000Z,USA,Nevada Power Company,US-NW-NEVP,447.0,550.0,,9.0,,True,TIME_SLICER_AVERAGE
2025-03-15T08:00:00.000Z,USA,Nevada Power Company,US-NW-NEVP,476.0,570.0,,14.0,,False,
2025-03-15T09:00:00.000Z,USA,Nevada Power Company,US-NW-NEVP,479.0,572.0,,15.0,,False,
2025-03-15T10:00:00.000Z,USA,Nevada Power Company,US-NW-NEVP,473.0,566.0,,15.0,,False,
2025-03-15T11:00:00.000Z,USA,Nevada Power Company,US-NW-NEVP,465.0,554.0,,18.0,,False,
2025-03-15T12:00:00.000Z,USA,Nevada Power Company,US-NW-NEVP,449.0,538.0,,20.0,,False,
2025-03-15T13:00:00.000Z,USA,Nevada Power Company,US-NW-NEVP,445.0,534.0,,20.0,,False,
2025-03-15T14:00:00.000Z,USA,Nevada Power Company,US-NW-NEVP,405.0,491.0,,25.0,,False,
2025-03-15T15:00:00.000Z,USA,Nevada Power Company,US-NW-NEVP,267.0,328.0,,53.0,,False,
2025-03-15T16:00:00.000Z,USA,Nevada Power Company,US-NW-NEVP,197.0,245.0,,68.0,,False,
2025-03-15T17:00:00.000Z,USA,Nevada Power Company,US-NW-NEVP,190.0,237.0,,70.0,,False,
2025-03-15T18:00:00.000Z,USA,Nevada Power Company,US-NW-NEVP,190.0,237.0,,70.0,,False,
2025-03-15T19:00:00.000Z,USA,Nevada Power Company,US-NW-NEVP,187.0,235.0,,70.0,,False,
2025-03-15T20:00:00.000Z,USA,Nevada Power Company,US-NW-NEVP,189.0,237.0,,70.0,,False,
2025-03-15T21:00:00.000Z,USA,Nevada Power Company,US-NW-NEVP,187.0,235.0,,70.0,,False,
2025-03-15T22:00:00.000Z,USA,Nevada Power Company,US-NW-NEVP,196.0,247.0,,67.0,,False,
2025-03-15T23:00:00.000Z,USA,Nevada Power Company,US-NW-NEVP,236.0,296.0,,58.0,,False,
2025-03-16T00:00:00.000Z,USA,Nevada Power Company,US-NW-NEVP,317.0,388.0,,43.0,,False,
2025-03-16T01:00:00.000Z,USA,Nevada Power Company,US-NW-NEVP,336.0,409.0,,40.0,,True,TIME_SLICER_AVERAGE
2025-03-16T02:00:00.000Z,USA,Nevada Power Company,US-NW-NEVP,465.0,556.0,,18.0,,True,TIME_SLICER_AVERAGE
2025-03-16T03:00:00.000Z,USA,Nevada Power Company,US-NW-NEVP,472.0,563.0,,17.0,,True,TIME_SLICER_AVERAGE
2025-03-16T04:00:00.000Z,USA,Nevada Power Company,US-NW-NEVP,443.0,545.0,,10.0,,True,TIME_SLICER_AVERAGE
2025-03-16T05:00:00.000Z,USA,Nevada Power Company,US-NW-NEVP,456.0,553.0,,14.0,,True,TIME_SLICER_AVERAGE
2025-03-16T06:00:00.000Z,USA,Nevada Power Company,US-NW-NEVP,456.0,552.0,,15.0,,True,TIME_SLICER_AVERAGE
2025-03-16T07:00:00.000Z,USA,Nevada Power Company,US-NW-NEVP,451.0,547.0,,15.0,,False,
2025-03-16T08:00:00.000Z,USA,Nevada Power Company,US-NW-NEVP,456.0,554.0,,13.0,,False,
2025-03-16T09:00:00.000Z,USA,Nevada Power Company,US-NW-NEVP,458.0,555.0,,14.0,,False,
2025-03-16T10:00:00.000Z,USA,Nevada Power Company,US-NW-NEVP,456.0,553.0,,14.0,,False,
2025-03-16T11:00:00.000Z,USA,Nevada Power Company,US-NW-NEVP,451.0,544.0,,17.0,,False,
2025-03-16T12:00:00.000Z,USA,Nevada Power Company,US-NW-NEVP,454.0,546.0,,18.0,,False,
2025-03-16T13:00:00.000Z,USA,Nevada Power Company,US-NW-NEVP,447.0,536.0,,20.0,,False,
2025-03-16T14:00:00.000Z,USA,Nevada Power Company,US-NW-NEVP,397.0,477.0,,30.0,,False,
2025-03-16T15:00:00.000Z,USA,Nevada Power Company,US-NW-NEVP,255.0,307.0,,61.0,,False,
2025-03-16T16:00:00.000Z,USA,Nevada Power Company,US-NW-NEVP,189.0,235.0,,71.0,,False,
2025-03-16T17:00:00.000Z,USA,Nevada Power Company,US-NW-NEVP,185.0,231.0,,70.0,,False,
2025-03-16T18:00:00.000Z,USA,Nevada Power Company,US-NW-NEVP,179.0,225.0,,71.0,,False,
2025-03-16T19:00:00.000Z,USA,Nevada Power Company,US-NW-NEVP,181.0,228.0,,71.0,,False,
2025-03-16T20:00:00.000Z,USA,Nevada Power Company,US-NW-NEVP,176.0,221.0,,72.0,,False,
2025-03-16T21:00:00.000Z,USA,Nevada Power Company,US-NW-NEVP,175.0,220.0,,72.0,,False,
2025-03-16T22:00:00.000Z,USA,Nevada Power Company,US-NW-NEVP,189.0,238.0,,69.0,,False,
2025-03-16T23:00:00.000Z,USA,Nevada Power Company,US-NW-NEVP,233.0,290.0,,59.0,,False,
2025-03-17T00:00:00.000Z,USA,Nevada Power Company,US-NW-NEVP,301.0,369.0,,46.0,,False,
2025-03-17T01:00:00.000Z,USA,Nevada Power Company,US-NW-NEVP,325.0,395.0,,43.0,,True,TIME_SLICER_AVERAGE
2025-03-17T02:00:00.000Z,USA,Nevada Power Company,US-NW-NEVP,429.0,514.0,,24.0,,True,TIME_SLICER_AVERAGE
2025-03-17T03:00:00.000Z,USA,Nevada Power Company,US-NW-NEVP,442.0,530.0,,21.0,,True,TIME_SLICER_AVERAGE
2025-03-17T04:00:00.000Z,USA,Nevada Power Company,US-NW-NEVP,428.0,527.0,,13.0,,True,TIME_SLICER_AVERAGE
2025-03-17T05:00:00.000Z,USA,Nevada Power Company,US-NW-NEVP,432.0,521.0,,21.0,,True,TIME_SLICER_AVERAGE
2025-03-17T06:00:00.000Z,USA,Nevada Power Company,US-NW-NEVP,425.0,514.0,,22.0,,False,
2025-03-17T07:00:00.000Z,USA,Nevada Power Company,US-NW-NEVP,431.0,520.0,,21.0,,False,
2025-03-17T08:00:00.000Z,USA,Nevada Power Company,US-NW-NEVP,443.0,532.0,,20.0,,False,
2025-03-17T09:00:00.000Z,USA,Nevada Power Company,US-NW-NEVP,446.0,535.0,,19.0,,False,
2025-03-17T10:00:00.000Z,USA,Nevada Power Company,US-NW-NEVP,449.0,539.0,,19.0,,False,
2025-03-17T11:00:00.000Z,USA,Nevada Power Company,US-NW-NEVP,452.0,543.0,,18.0,,False,
2025-03-17T12:00:00.000Z,USA,Nevada Power Company,US-NW-NEVP,449.0,539.0,,19.0,,False,
2025-03-17T13:00:00.000Z,USA,Nevada Power Company,US-NW-NEVP,451.0,540.0,,19.0,,False,
2025-03-17T14:00:00.000Z,USA,Nevada Power Company,US-NW-NEVP,446.0,535.0,,20.0,,False,
2025-03-17T15:00:00.000Z,USA,Nevada Power Company,US-NW-NEVP,406.0,491.0,,25.0,,False,
2025-03-17T16:00:00.000Z,USA,Nevada Power Company,US-NW-NEVP,352.0,423.0,,39.0,,False,
2025-03-17T17:00:00.000Z,USA,Nevada Power Company,US-NW-NEVP,297.0,356.0,,51.0,,False,
2025-03-17T18:00:00.000Z,USA,Nevada Power Company,US-NW-NEVP,231.0,283.0,,61.0,,False,
2025-03-17T19:00:00.000Z,USA,Nevada Power Company,US-NW-NEVP,217.0,266.0,,64.0,,False,
2025-03-17T20:00:00.000Z,USA,Nevada Power Company,US-NW-NEVP,228.0,278.0,,63.0,,False,
2025-03-17T21:00:00.000Z,USA,Nevada Power Company,US-NW-NEVP,210.0,260.0,,65.0,,False,
2025-03-17T22:00:00.000Z,USA,Nevada Power Company,US-NW-NEVP,204.0,254.0,,66.0,,False,
2025-03-17T23:00:00.000Z,USA,Nevada Power Company,US-NW-NEVP,261.0,322.0,,54.0,,False,
2025-03-18T00:00:00.000Z,USA,Nevada Power Company,US-NW-NEVP,332.0,406.0,,39.0,,False,
2025-03-18T01:00:00.000Z,USA,Nevada Power Company,US-NW-NEVP,360.0,438.0,,35.0,,True,TIME_SLICER_AVERAGE
2025-03-18T02:00:00.000Z,USA,Nevada Power Company,US-NW-NEVP,439.0,527.0,,22.0,,True,TIME_SLICER_AVERAGE
2025-03-18T03:00:00.000Z,USA,Nevada Power Company,US-NW-NEVP,455.0,549.0,,17.0,,True,TIME_SLICER_AVERAGE
2025-03-18T04:00:00.000Z,USA,Nevada Power Company,US-NW-NEVP,435.0,537.0,,12.0,,True,TIME_SLICER_AVERAGE
2025-03-18T05:00:00.000Z,USA,Nevada Power Company,US-NW-NEVP,451.0,546.0,,16.0,,True,TIME_SLICER_AVERAGE
2025-03-18T06:00:00.000Z,USA,Nevada Power Company,US-NW-NEVP,460.0,556.0,,15.0,,False,
2025-03-18T07:00:00.000Z,USA,Nevada Power Company,US-NW-NEVP,464.0,558.0,,15.0,,False,
2025-03-18T08:00:00.000Z,USA,Nevada Power Company,US-NW-NEVP,470.0,566.0,,14.0,,False,
2025-03-18T09:00:00.000Z,USA,Nevada Power Company,US-NW-NEVP,468.0,563.0,,14.0,,False,
2025-03-18T10:00:00.000Z,USA,Nevada Power Company,US-NW-NEVP,463.0,559.0,,13.0,,False,
2025-03-18T11:00:00.000Z,USA,Nevada Power Company,US-NW-NEVP,462.0,558.0,,13.0,,False,
2025-03-18T12:00:00.000Z,USA,Nevada Power Company,US-NW-NEVP,462.0,557.0,,15.0,,False,
2025-03-18T13:00:00.000Z,USA,Nevada Power Company,US-NW-NEVP,473.0,568.0,,14.0,,False,
2025-03-18T14:00:00.000Z,USA,Nevada Power Company,US-NW-NEVP,441.0,531.0,,19.0,,False,
2025-03-18T15:00:00.000Z,USA,Nevada Power Company,US-NW-NEVP,272.0,333.0,,51.0,,False,
2025-03-18T16:00:00.000Z,USA,Nevada Power Company,US-NW-NEVP,176.0,224.0,,69.0,,False,
2025-03-18T17:00:00.000Z,USA,Nevada Power Company,US-NW-NEVP,166.0,212.0,,71.0,,False,
2025-03-18T18:00:00.000Z,USA,Nevada Power Company,US-NW-NEVP,165.0,212.0,,72.0,,False,
2025-03-18T19:00:00.000Z,USA,Nevada Power Company,US-NW-NEVP,171.0,220.0,,70.0,,False,
2025-03-18T20:00:00.000Z,USA,Nevada Power Company,US-NW-NEVP,169.0,217.0,,72.0,,False,
2025-03-18T21:00:00.000Z,USA,Nevada Power Company,US-NW-NEVP,172.0,220.0,,71.0,,False,
2025-03-18T22:00:00.000Z,USA,Nevada Power Company,US-NW-NEVP,190.0,244.0,,67.0,,False,
2025-03-18T23:00:00.000Z,USA,Nevada Power Company,US-NW-NEVP,212.0,272.0,,60.0,,False,
2025-03-19T00:00:00.000Z,USA,Nevada Power Company,US-NW-NEVP,278.0,346.0,,49.0,,False,
2025-03-19T01:00:00.000Z,USA,Nevada Power Company,US-NW-NEVP,304.0,374.0,,44.0,,True,TIME_SLICER_AVERAGE
2025-03-19T02:00:00.000Z,USA,Nevada Power Company,US-NW-NEVP,436.0,524.0,,21.0,,True,TIME_SLICER_AVERAGE
2025-03-19T03:00:00.000Z,USA,Nevada Power Company,US-NW-NEVP,459.0,552.0,,17.0,,True,TIME_SLICER_AVERAGE
2025-03-19T04:00:00.000Z,USA,Nevada Power Company,US-NW-NEVP,440.0,543.0,,10.0,,True,TIME_SLICER_AVERAGE
2025-03-19T05:00:00.000Z,USA,Nevada Power Company,US-NW-NEVP,463.0,558.0,,15.0,,True,TIME_SLICER_AVERAGE
2025-03-19T06:00:00.000Z,USA,Nevada Power Company,US-NW-NEVP,467.0,562.0,,15.0,,False,
2025-03-19T07:00:00.000Z,USA,Nevada Power Company,US-NW-NEVP,472.0,567.0,,15.0,,False,
2025-03-19T08:00:00.000Z,USA,Nevada Power Company,US-NW-NEVP,482.0,577.0,,14.0,,False,
2025-03-19T09:00:00.000Z,USA,Nevada Power Company,US-NW-NEVP,471.0,565.0,,15.0,,False,
2025-03-19T10:00:00.000Z,USA,Nevada Power Company,US-NW-NEVP,461.0,555.0,,15.0,,False,
2025-03-19T11:00:00.000Z,USA,Nevada Power Company,US-NW-NEVP,470.0,564.0,,15.0,,False,
2025-03-19T12:00:00.000Z,USA,Nevada Power Company,US-NW-NEVP,462.0,555.0,,17.0,,False,
2025-03-19T13:00:00.000Z,USA,Nevada Power Company,US-NW-NEVP,392.0,473.0,,30.0,,True,TIME_SLICER_AVERAGE
2025-03-19T14:00:00.000Z,USA,Nevada Power Company,US-NW-NEVP,326.0,396.0,,43.0,,True,TIME_SLICER_AVERAGE
2025-03-19T15:00:00.000Z,USA,Nevada Power Company,US-NW-NEVP,256.0,314.0,,57.0,,False,
2025-03-19T16:00:00.000Z,USA,Nevada Power Company,US-NW-NEVP,185.0,232.0,,70.0,,False,
2025-03-19T17:00:00.000Z,USA,Nevada Power Company,US-NW-NEVP,171.0,218.0,,71.0,,False,
2025-03-19T18:00:00.000Z,USA,Nevada Power Company,US-NW-NEVP,169.0,215.0,,72.0,,False,
2025-03-19T19:00:00.000Z,USA,Nevada Power Company,US-NW-NEVP,169.0,215.0,,72.0,,False,
2025-03-19T20:00:00.000Z,USA,Nevada Power Company,US-NW-NEVP,165.0,211.0,,73.0,,False,
2025-03-19T21:00:00.000Z,USA,Nevada Power Company,US-NW-NEVP,169.0,216.0,,73.0,,False,
2025-03-19T22:00:00.000Z,USA,Nevada Power Company,US-NW-NEVP,191.0,241.0,,68.0,,False,
2025-03-19T23:00:00.000Z,USA,Nevada Power Company,US-NW-NEVP,233.0,291.0,,59.0,,False,
2025-03-20T00:00:00.000Z,USA,Nevada Power Company,US-NW-NEVP,341.0,414.0,,39.0,,False,
2025-03-20T01:00:00.000Z,USA,Nevada Power Company,US-NW-NEVP,380.0,464.0,,29.0,,True,TIME_SLICER_AVERAGE
2025-03-20T02:00:00.000Z,USA,Nevada Power Company,US-NW-NEVP,433.0,532.0,,14.0,,True,TIME_SLICER_AVERAGE
2025-03-20T03:00:00.000Z,USA,Nevada Power Company,US-NW-NEVP,428.0,530.0,,12.0,,True,TIME_SLICER_AVERAGE
2025-03-20T04:00:00.000Z,USA,Nevada Power Company,US-NW-NEVP,420.0,524.0,,11.0,,False,
2025-03-20T05:00:00.000Z,USA,Nevada Power Company,US-NW-NEVP,417.0,522.0,,10.0,,False,
2025-03-20T06:00:00.000Z,USA,Nevada Power Company,US-NW-NEVP,412.0,516.0,,11.0,,False,
2025-03-20T07:00:00.000Z,USA,Nevada Power Company,US-NW-NEVP,406.0,497.0,,22.0,,False,
2025-03-20T08:00:00.000Z,USA,Nevada Power Company,US-NW-NEVP,415.0,506.0,,20.0,,False,
2025-03-20T09:00:00.000Z,USA,Nevada Power Company,US-NW-NEVP,417.0,509.0,,20.0,,False,
2025-03-20T10:00:00.000Z,USA,Nevada Power Company,US-NW-NEVP,421.0,512.0,,21.0,,False,
2025-03-20T11:00:00.000Z,USA,Nevada Power Company,US-NW-NEVP,430.0,522.0,,20.0,,False,
2025-03-20T12:00:00.000Z,USA,Nevada Power Company,US-NW-NEVP,441.0,532.0,,20.0,,False,
2025-03-20T13:00:00.000Z,USA,Nevada Power Company,US-NW-NEVP,443.0,534.0,,20.0,,True,TIME_SLICER_AVERAGE
2025-03-20T14:00:00.000Z,USA,Nevada Power Company,US-NW-NEVP,425.0,514.0,,22.0,,False,
2025-03-20T15:00:00.000Z,USA,Nevada Power Company,US-NW-NEVP,288.0,354.0,,48.0,,False,
2025-03-20T16:00:00.000Z,USA,Nevada Power Company,US-NW-NEVP,180.0,227.0,,70.0,,False,
2025-03-20T17:00:00.000Z,USA,Nevada Power Company,US-NW-NEVP,190.0,238.0,,69.0,,False,
2025-03-20T18:00:00.000Z,USA,Nevada Power Company,US-NW-NEVP,215.0,266.0,,65.0,,False,
2025-03-20T19:00:00.000Z,USA,Nevada Power Company,US-NW-NEVP,198.0,248.0,,67.0,,False,
2025-03-20T20:00:00.000Z,USA,Nevada Power Company,US-NW-NEVP,198.0,249.0,,66.0,,False,
2025-03-20T21:00:00.000Z,USA,Nevada Power Company,US-NW-NEVP,183.0,234.0,,68.0,,False,
2025-03-20T22:00:00.000Z,USA,Nevada Power Company,US-NW-NEVP,215.0,271.0,,62.0,,False,
2025-03-20T23:00:00.000Z,USA,Nevada Power Company,US-NW-NEVP,250.0,313.0,,55.0,,False,
2025-03-21T00:00:00.000Z,USA,Nevada Power Company,US-NW-NEVP,302.0,372.0,,45.0,,False,
2025-03-21T01:00:00.000Z,USA,Nevada Power Company,US-NW-NEVP,333.0,407.0,,40.0,,True,TIME_SLICER_AVERAGE
2025-03-21T02:00:00.000Z,USA,Nevada Power Company,US-NW-NEVP,452.0,533.0,,27.0,,True,TIME_SLICER_AVERAGE
2025-03-21T03:00:00.000Z,USA,Nevada Power Company,US-NW-NEVP,468.0,542.0,,31.0,,False,
2025-03-21T04:00:00.000Z,USA,Nevada Power Company,US-NW-NEVP,447.0,538.0,,19.0,,True,TIME_SLICER_AVERAGE
2025-03-21T05:00:00.000Z,USA,Nevada Power Company,US-NW-NEVP,441.0,532.0,,19.0,,False,
2025-03-21T06:00:00.000Z,USA,Nevada Power Company,US-NW-NEVP,430.0,522.0,,19.0,,False,
2025-03-21T07:00:00.000Z,USA,Nevada Power Company,US-NW-NEVP,435.0,526.0,,19.0,,False,
2025-03-21T08:00:00.000Z,USA,Nevada Power Company,US-NW-NEVP,443.0,536.0,,17.0,,False,
2025-03-21T09:00:00.000Z,USA,Nevada Power Company,US-NW-NEVP,433.0,526.0,,18.0,,False,
2025-03-21T10:00:00.000Z,USA,Nevada Power Company,US-NW-NEVP,432.0,525.0,,18.0,,False,
2025-03-21T11:00:00.000Z,USA,Nevada Power Company,US-NW-NEVP,443.0,537.0,,17.0,,False,
2025-03-21T12:00:00.000Z,USA,Nevada Power Company,US-NW-NEVP,438.0,530.0,,18.0,,False,
2025-03-21T13:00:00.000Z,USA,Nevada Power Company,US-NW-NEVP,455.0,549.0,,16.0,,False,
2025-03-21T14:00:00.000Z,USA,Nevada Power Company,US-NW-NEVP,404.0,489.0,,27.0,,False,
2025-03-21T15:00:00.000Z,USA,Nevada Power Company,US-NW-NEVP,261.0,324.0,,53.0,,False,
2025-03-21T16:00:00.000Z,USA,Nevada Power Company,US-NW-NEVP,188.0,238.0,,66.0,,False,
2025-03-21T17:00:00.000Z,USA,Nevada Power Company,US-NW-NEVP,178.0,226.0,,69.0,,False,
2025-03-21T18:00:00.000Z,USA,Nevada Power Company,US-NW-NEVP,190.0,239.0,,67.0,,False,
2025-03-21T19:00:00.000Z,USA,Nevada Power Company,US-NW-NEVP,188.0,237.0,,69.0,,False,
2025-03-21T20:00:00.000Z,USA,Nevada Power Company,US-NW-NEVP,184.0,231.0,,70.0,,False,
2025-03-21T21:00:00.000Z,USA,Nevada Power Company,US-NW-NEVP,178.0,226.0,,70.0,,False,
2025-03-21T22:00:00.000Z,USA,Nevada Power Company,US-NW-NEVP,193.0,244.0,,66.0,,False,
2025-03-21T23:00:00.000Z,USA,Nevada Power Company,US-NW-NEVP,225.0,283.0,,59.0,,False,
2025-03-22T00:00:00.000Z,USA,Nevada Power Company,US-NW-NEVP,282.0,350.0,,48.0,,False,
2025-03-22T01:00:00.000Z,USA,Nevada Power Company,US-NW-NEVP,310.0,381.0,,44.0,,True,TIME_SLICER_AVERAGE
2025-03-22T02:00:00.000Z,USA,Nevada Power Company,US-NW-NEVP,434.0,523.0,,21.0,,True,TIME_SLICER_AVERAGE
2025-03-22T03:00:00.000Z,USA,Nevada Power Company,US-NW-NEVP,426.0,515.0,,22.0,,True,TIME_SLICER_AVERAGE
2025-03-22T04:00:00.000Z,USA,Nevada Power Company,US-NW-NEVP,414.0,516.0,,12.0,,True,TIME_SLICER_AVERAGE
2025-03-22T05:00:00.000Z,USA,Nevada Power Company,US-NW-NEVP,422.0,514.0,,19.0,,True,TIME_SLICER_AVERAGE
2025-03-22T06:00:00.000Z,USA,Nevada Power Company,US-NW-NEVP,418.0,510.0,,20.0,,False,
2025-03-22T07:00:00.000Z,USA,Nevada Power Company,US-NW-NEVP,413.0,506.0,,20.0,,False,
2025-03-22T08:00:00.000Z,USA,Nevada Power Company,US-NW-NEVP,416.0,510.0,,18.0,,False,
2025-03-22T09:00:00.000Z,USA,Nevada Power Company,US-NW-NEVP,410.0,504.0,,19.0,,False,
2025-03-22T10:00:00.000Z,USA,Nevada Power Company,US-NW-NEVP,405.0,497.0,,20.0,,False,
2025-03-22T11:00:00.000Z,USA,Nevada Power Company,US-NW-NEVP,403.0,493.0,,22.0,,False,
2025-03-22T12:00:00.000Z,USA,Nevada Power Company,US-NW-NEVP,404.0,494.0,,22.0,,False,
2025-03-22T13:00:00.000Z,USA,Nevada Power Company,US-NW-NEVP,398.0,487.0,,23.0,,True,TIME_SLICER_AVERAGE
2025-03-22T14:00:00.000Z,USA,Nevada Power Company,US-NW-NEVP,379.0,463.0,,28.0,,False,
2025-03-22T15:00:00.000Z,USA,Nevada Power Company,US-NW-NEVP,282.0,348.0,,46.0,,False,
2025-03-22T16:00:00.000Z,USA,Nevada Power Company,US-NW-NEVP,226.0,284.0,,56.0,,False,
2025-03-22T17:00:00.000Z,USA,Nevada Power Company,US-NW-NEVP,206.0,261.0,,61.0,,False,
2025-03-22T18:00:00.000Z,USA,Nevada Power Company,US-NW-NEVP,190.0,244.0,,65.0,,False,
2025-03-22T19:00:00.000Z,USA,Nevada Power Company,US-NW-NEVP,201.0,259.0,,62.0,,False,
2025-03-22T20:00:00.000Z,USA,Nevada Power Company,US-NW-NEVP,224.0,284.0,,57.0,,False,
2025-03-22T21:00:00.000Z,USA,Nevada Power Company,US-NW-NEVP,217.0,274.0,,59.0,,False,
2025-03-22T22:00:00.000Z,USA,Nevada Power Company,US-NW-NEVP,230.0,291.0,,55.0,,False,
2025-03-22T23:00:00.000Z,USA,Nevada Power Company,US-NW-NEVP,246.0,311.0,,51.0,,False,
2025-03-23T00:00:00.000Z,USA,Nevada Power Company,US-NW-NEVP,324.0,401.0,,37.0,,False,
2025-03-23T01:00:00.000Z,USA,Nevada Power Company,US-NW-NEVP,351.0,429.0,,35.0,,True,TIME_SLICER_AVERAGE
2025-03-23T02:00:00.000Z,USA,Nevada Power Company,US-NW-NEVP,418.0,506.0,,22.0,,True,TIME_SLICER_AVERAGE
2025-03-23T03:00:00.000Z,USA,Nevada Power Company,US-NW-NEVP,422.0,511.0,,21.0,,True,TIME_SLICER_AVERAGE
2025-03-23T04:00:00.000Z,USA,Nevada Power Company,US-NW-NEVP,416.0,516.0,,13.0,,True,TIME_SLICER_AVERAGE
2025-03-23T05:00:00.000Z,USA,Nevada Power Company,US-NW-NEVP,432.0,526.0,,17.0,,True,TIME_SLICER_AVERAGE
2025-03-23T06:00:00.000Z,USA,Nevada Power Company,US-NW-NEVP,421.0,514.0,,18.0,,True,TIME_SLICER_AVERAGE
2025-03-23T07:00:00.000Z,USA,Nevada Power Company,US-NW-NEVP,419.0,514.0,,18.0,,False,
2025-03-23T08:00:00.000Z,USA,Nevada Power Company,US-NW-NEVP,429.0,525.0,,16.0,,False,
2025-03-23T09:00:00.000Z,USA,Nevada Power Company,US-NW-NEVP,429.0,524.0,,16.0,,False,
2025-03-23T10:00:00.000Z,USA,Nevada Power Company,US-NW-NEVP,437.0,535.0,,15.0,,False,
2025-03-23T11:00:00.000Z,USA,Nevada Power Company,US-NW-NEVP,438.0,536.0,,15.0,,False,
2025-03-23T12:00:00.000Z,USA,Nevada Power Company,US-NW-NEVP,438.0,534.0,,16.0,,False,
2025-03-23T13:00:00.000Z,USA,Nevada Power Company,US-NW-NEVP,445.0,540.0,,17.0,,False,
2025-03-23T14:00:00.000Z,USA,Nevada Power Company,US-NW-NEVP,341.0,414.0,,40.0,,True,TIME_SLICER_AVERAGE
2025-03-23T15:00:00.000Z,USA,Nevada Power Company,US-NW-NEVP,213.0,264.0,,65.0,,False,
2025-03-23T16:00:00.000Z,USA,Nevada Power Company,US-NW-NEVP,156.0,201.0,,74.0,,False,
2025-03-23T17:00:00.000Z,USA,Nevada Power Company,US-NW-NEVP,156.0,201.0,,75.0,,False,
2025-03-23T18:00:00.000Z,USA,Nevada Power Company,US-NW-NEVP,152.0,197.0,,75.0,,False,
2025-03-23T19:00:00.000Z,USA,Nevada Power Company,US-NW-NEVP,154.0,199.0,,75.0,,False,
2025-03-23T20:00:00.000Z,USA,Nevada Power Company,US-NW-NEVP,154.0,199.0,,76.0,,False,
2025-03-23T21:00:00.000Z,USA,Nevada Power Company,US-NW-NEVP,162.0,209.0,,73.0,,False,
2025-03-23T22:00:00.000Z,USA,Nevada Power Company,US-NW-NEVP,181.0,231.0,,70.0,,False,
2025-03-23T23:00:00.000Z,USA,Nevada Power Company,US-NW-NEVP,215.0,271.0,,63.0,,False,
2025-03-24T00:00:00.000Z,USA,Nevada Power Company,US-NW-NEVP,283.0,351.0,,49.0,,False,
2025-03-24T01:00:00.000Z,USA,Nevada Power Company,US-NW-NEVP,308.0,378.0,,44.0,,True,TIME_SLICER_AVERAGE
2025-03-24T02:00:00.000Z,USA,Nevada Power Company,US-NW-NEVP,427.0,505.0,,30.0,,True,TIME_SLICER_AVERAGE
2025-03-24T03:00:00.000Z,USA,Nevada Power Company,US-NW-NEVP,429.0,502.0,,34.0,,True,TIME_SLICER_AVERAGE
2025-03-24T04:00:00.000Z,USA,Nevada Power Company,US-NW-NEVP,417.0,507.0,,21.0,,True,TIME_SLICER_AVERAGE
2025-03-24T05:00:00.000Z,USA,Nevada Power Company,US-NW-NEVP,406.0,496.0,,22.0,,False,
2025-03-24T06:00:00.000Z,USA,Nevada Power Company,US-NW-NEVP,394.0,484.0,,23.0,,False,
2025-03-24T07:00:00.000Z,USA,Nevada Power Company,US-NW-NEVP,400.0,491.0,,22.0,,False,
2025-03-24T08:00:00.000Z,USA,Nevada Power Company,US-NW-NEVP,407.0,498.0,,21.0,,False,
2025-03-24T09:00:00.000Z,USA,Nevada Power Company,US-NW-NEVP,409.0,500.0,,21.0,,False,
2025-03-24T10:00:00.000Z,USA,Nevada Power Company,US-NW-NEVP,418.0,510.0,,20.0,,False,
2025-03-24T11:00:00.000Z,USA,Nevada Power Company,US-NW-NEVP,422.0,516.0,,18.0,,False,
2025-03-24T12:00:00.000Z,USA,Nevada Power Company,US-NW-NEVP,430.0,525.0,,17.0,,False,
2025-03-24T13:00:00.000Z,USA,Nevada Power Company,US-NW-NEVP,359.0,439.0,,33.0,,True,TIME_SLICER_AVERAGE
2025-03-24T14:00:00.000Z,USA,Nevada Power Company,US-NW-NEVP,289.0,355.0,,49.0,,True,TIME_SLICER_AVERAGE
2025-03-24T15:00:00.000Z,USA,Nevada Power Company,US-NW-NEVP,218.0,270.0,,65.0,,False,
2025-03-24T16:00:00.000Z,USA,Nevada Power Company,US-NW-NEVP,167.0,212.0,,74.0,,False,
2025-03-24T17:00:00.000Z,USA,Nevada Power Company,US-NW-NEVP,168.0,213.0,,74.0,,False,
2025-03-24T18:00:00.000Z,USA,Nevada Power Company,US-NW-NEVP,165.0,209.0,,75.0,,False,
2025-03-24T19:00:00.000Z,USA,Nevada Power Company,US-NW-NEVP,167.0,211.0,,74.0,,False,
2025-03-24T20:00:00.000Z,USA,Nevada Power Company,US-NW-NEVP,166.0,211.0,,74.0,,False,
2025-03-24T21:00:00.000Z,USA,Nevada Power Company,US-NW-NEVP,168.0,214.0,,73.0,,False,
2025-03-24T22:00:00.000Z,USA,Nevada Power Company,US-NW-NEVP,186.0,236.0,,68.0,,False,
2025-03-24T23:00:00.000Z,USA,Nevada Power Company,US-NW-NEVP,209.0,264.0,,63.0,,False,
2025-03-25T00:00:00.000Z,USA,Nevada Power Company,US-NW-NEVP,289.0,354.0,,50.0,,False,
2025-03-25T01:00:00.000Z,USA,Nevada Power Company,US-NW-NEVP,323.0,393.0,,44.0,,True,TIME_SLICER_AVERAGE
2025-03-25T02:00:00.000Z,USA,Nevada Power Company,US-NW-NEVP,456.0,535.0,,28.0,,True,TIME_SLICER_AVERAGE
2025-03-25T03:00:00.000Z,USA,Nevada Power Company,US-NW-NEVP,481.0,557.0,,29.0,,True,TIME_SLICER_AVERAGE
2025-03-25T04:00:00.000Z,USA,Nevada Power Company,US-NW-NEVP,457.0,547.0,,19.0,,True,TIME_SLICER_AVERAGE
2025-03-25T05:00:00.000Z,USA,Nevada Power Company,US-NW-NEVP,457.0,550.0,,17.0,,False,
2025-03-25T06:00:00.000Z,USA,Nevada Power Company,US-NW-NEVP,446.0,541.0,,16.0,,False,
2025-03-25T07:00:00.000Z,USA,Nevada Power Company,US-NW-NEVP,441.0,537.0,,16.0,,False,
2025-03-25T08:00:00.000Z,USA,Nevada Power Company,US-NW-NEVP,452.0,550.0,,13.0,,False,
2025-03-25T09:00:00.000Z,USA,Nevada Power Company,US-NW-NEVP,452.0,550.0,,13.0,,False,
2025-03-25T10:00:00.000Z,USA,Nevada Power Company,US-NW-NEVP,446.0,545.0,,13.0,,False,
2025-03-25T11:00:00.000Z,USA,Nevada Power Company,US-NW-NEVP,446.0,543.0,,14.0,,False,
2025-03-25T12:00:00.000Z,USA,Nevada Power Company,US-NW-NEVP,451.0,547.0,,15.0,,False,
2025-03-25T13:00:00.000Z,USA,Nevada Power Company,US-NW-NEVP,419.0,507.0,,24.0,,True,TIME_SLICER_AVERAGE
2025-03-25T14:00:00.000Z,USA,Nevada Power Company,US-NW-NEVP,382.0,464.0,,32.0,,False,
2025-03-25T15:00:00.000Z,USA,Nevada Power Company,US-NW-NEVP,239.0,292.0,,62.0,,False,
2025-03-25T16:00:00.000Z,USA,Nevada Power Company,US-NW-NEVP,187.0,234.0,,71.0,,False,
2025-03-25T17:00:00.000Z,USA,Nevada Power Company,US-NW-NEVP,170.0,216.0,,73.0,,False,
2025-03-25T18:00:00.000Z,USA,Nevada Power Company,US-NW-NEVP,163.0,209.0,,73.0,,False,
2025-03-25T19:00:00.000Z,USA,Nevada Power Company,US-NW-NEVP,165.0,212.0,,72.0,,False,
2025-03-25T20:00:00.000Z,USA,Nevada Power Company,US-NW-NEVP,167.0,213.0,,72.0,,False,
2025-03-25T21:00:00.000Z,USA,Nevada Power Company,US-NW-NEVP,181.0,230.0,,70.0,,False,
2025-03-25T22:00:00.000Z,USA,Nevada Power Company,US-NW-NEVP,200.0,254.0,,65.0,,False,
2025-03-25T23:00:00.000Z,USA,Nevada Power Company,US-NW-NEVP,235.0,297.0,,57.0,,False,
2025-03-26T00:00:00.000Z,USA,Nevada Power Company,US-NW-NEVP,304.0,376.0,,45.0,,False,
2025-03-26T01:00:00.000Z,USA,Nevada Power Company,US-NW-NEVP,328.0,401.0,,41.0,,True,TIME_SLICER_AVERAGE
2025-03-26T02:00:00.000Z,USA,Nevada Power Company,US-NW-NEVP,392.0,466.0,,37.0,,True,TIME_SLICER_AVERAGE
2025-03-26T03:00:00.000Z,USA,Nevada Power Company,US-NW-NEVP,495.0,573.0,,27.0,,True,TIME_SLICER_AVERAGE
2025-03-26T04:00:00.000Z,USA,Nevada Power Company,US-NW-NEVP,459.0,551.0,,18.0,,True,TIME_SLICER_AVERAGE
2025-03-26T05:00:00.000Z,USA,Nevada Power Company,US-NW-NEVP,452.0,544.0,,18.0,,False,
2025-03-26T06:00:00.000Z,USA,Nevada Power Company,US-NW-NEVP,439.0,532.0,,18.0,,False,
2025-03-26T07:00:00.000Z,USA,Nevada Power Company,US-NW-NEVP,435.0,530.0,,17.0,,False,
2025-03-26T08:00:00.000Z,USA,Nevada Power Company,US-NW-NEVP,440.0,537.0,,15.0,,False,
2025-03-26T09:00:00.000Z,USA,Nevada Power Company,US-NW-NEVP,436.0,534.0,,15.0,,False,
2025-03-26T10:00:00.000Z,USA,Nevada Power Company,US-NW-NEVP,432.0,530.0,,15.0,,False,
2025-03-26T11:00:00.000Z,USA,Nevada Power Company,US-NW-NEVP,434.0,532.0,,14.0,,False,
2025-03-26T12:00:00.000Z,USA,Nevada Power Company,US-NW-NEVP,435.0,531.0,,16.0,,False,
2025-03-26T13:00:00.000Z,USA,Nevada Power Company,US-NW-NEVP,443.0,537.0,,17.0,,False,
2025-03-26T14:00:00.000Z,USA,Nevada Power Company,US-NW-NEVP,390.0,473.0,,29.0,,False,
2025-03-26T15:00:00.000Z,USA,Nevada Power Company,US-NW-NEVP,245.0,301.0,,61.0,,False,
2025-03-26T16:00:00.000Z,USA,Nevada Power Company,US-NW-NEVP,193.0,245.0,,67.0,,False,
2025-03-26T17:00:00.000Z,USA,Nevada Power Company,US-NW-NEVP,202.0,255.0,,65.0,,False,
2025-03-26T18:00:00.000Z,USA,Nevada Power Company,US-NW-NEVP,200.0,252.0,,65.0,,False,
2025-03-26T19:00:00.000Z,USA,Nevada Power Company,US-NW-NEVP,200.0,254.0,,65.0,,False,
2025-03-26T20:00:00.000Z,USA,Nevada Power Company,US-NW-NEVP,196.0,250.0,,64.0,,False,
2025-03-26T21:00:00.000Z,USA,Nevada Power Company,US-NW-NEVP,183.0,235.0,,67.0,,False,
2025-03-26T22:00:00.000Z,USA,Nevada Power Company,US-NW-NEVP,188.0,242.0,,65.0,,False,
2025-03-26T23:00:00.000Z,USA,Nevada Power Company,US-NW-NEVP,221.0,282.0,,57.0,,False,
2025-03-27T00:00:00.000Z,USA,Nevada Power Company,US-NW-NEVP,269.0,335.0,,50.0,,False,
2025-03-27T01:00:00.000Z,USA,Nevada Power Company,US-NW-NEVP,382.0,464.0,,30.0,,False,
2025-03-27T02:00:00.000Z,USA,Nevada Power Company,US-NW-NEVP,407.0,499.0,,20.0,,True,TIME_SLICER_AVERAGE
2025-03-27T03:00:00.000Z,USA,Nevada Power Company,US-NW-NEVP,434.0,538.0,,10.0,,True,TIME_SLICER_AVERAGE
2025-03-27T04:00:00.000Z,USA,Nevada Power Company,US-NW-NEVP,428.0,534.0,,8.0,,False,
2025-03-27T05:00:00.000Z,USA,Nevada Power Company,US-NW-NEVP,417.0,523.0,,10.0,,False,
2025-03-27T06:00:00.000Z,USA,Nevada Power Company,US-NW-NEVP,412.0,516.0,,11.0,,False,
2025-03-27T07:00:00.000Z,USA,Nevada Power Company,US-NW-NEVP,413.0,504.0,,21.0,,False,
2025-03-27T08:00:00.000Z,USA,Nevada Power Company,US-NW-NEVP,413.0,503.0,,21.0,,False,
2025-03-27T09:00:00.000Z,USA,Nevada Power Company,US-NW-NEVP,414.0,505.0,,21.0,,False,
2025-03-27T10:00:00.000Z,USA,Nevada Power Company,US-NW-NEVP,412.0,504.0,,21.0,,False,
2025-03-27T11:00:00.000Z,USA,Nevada Power Company,US-NW-NEVP,411.0,502.0,,21.0,,False,
2025-03-27T12:00:00.000Z,USA,Nevada Power Company,US-NW-NEVP,425.0,520.0,,18.0,,False,
2025-03-27T13:00:00.000Z,USA,Nevada Power Company,US-NW-NEVP,393.0,479.0,,27.0,,True,TIME_SLICER_AVERAGE
2025-03-27T14:00:00.000Z,USA,Nevada Power Company,US-NW-NEVP,354.0,430.0,,36.0,,False,
2025-03-27T15:00:00.000Z,USA,Nevada Power Company,US-NW-NEVP,280.0,343.0,,49.0,,False,
2025-03-27T16:00:00.000Z,USA,Nevada Power Company,US-NW-NEVP,240.0,296.0,,57.0,,False,
2025-03-27T17:00:00.000Z,USA,Nevada Power Company,US-NW-NEVP,226.0,280.0,,60.0,,False,
2025-03-27T18:00:00.000Z,USA,Nevada Power Company,US-NW-NEVP,183.0,233.0,,68.0,,False,
2025-03-27T19:00:00.000Z,USA,Nevada Power Company,US-NW-NEVP,178.0,228.0,,69.0,,False,
2025-03-27T20:00:00.000Z,USA,Nevada Power Company,US-NW-NEVP,204.0,258.0,,63.0,,False,
2025-03-27T21:00:00.000Z,USA,Nevada Power Company,US-NW-NEVP,187.0,240.0,,66.0,,False,
2025-03-27T22:00:00.000Z,USA,Nevada Power Company,US-NW-NEVP,190.0,245.0,,65.0,,False,
2025-03-27T23:00:00.000Z,USA,Nevada Power Company,US-NW-NEVP,219.0,279.0,,59.0,,False,
2025-03-28T00:00:00.000Z,USA,Nevada Power Company,US-NW-NEVP,311.0,377.0,,48.0,,False,
2025-03-28T01:00:00.000Z,USA,Nevada Power Company,US-NW-NEVP,260.0,315.0,,56.0,,False,
2025-03-28T02:00:00.000Z,USA,Nevada Power Company,US-NW-NEVP,263.0,320.0,,54.0,,False,
2025-03-28T03:00:00.000Z,USA,Nevada Power Company,US-NW-NEVP,264.0,321.0,,55.0,,False,
2025-03-28T04:00:00.000Z,USA,Nevada Power Company,US-NW-NEVP,414.0,520.0,,10.0,,False,
2025-03-28T05:00:00.000Z,USA,Nevada Power Company,US-NW-NEVP,413.0,519.0,,10.0,,False,
2025-03-28T06:00:00.000Z,USA,Nevada Power Company,US-NW-NEVP,413.0,518.0,,10.0,,False,
2025-03-28T07:00:00.000Z,USA,Nevada Power Company,US-NW-NEVP,419.0,511.0,,20.0,,False,
2025-03-28T08:00:00.000Z,USA,Nevada Power Company,US-NW-NEVP,424.0,517.0,,19.0,,False,
2025-03-28T09:00:00.000Z,USA,Nevada Power Company,US-NW-NEVP,412.0,505.0,,19.0,,False,
2025-03-28T10:00:00.000Z,USA,Nevada Power Company,US-NW-NEVP,408.0,501.0,,20.0,,False,
2025-03-28T11:00:00.000Z,USA,Nevada Power Company,US-NW-NEVP,410.0,503.0,,20.0,,False,
2025-03-28T12:00:00.000Z,USA,Nevada Power Company,US-NW-NEVP,416.0,507.0,,21.0,,False,
2025-03-28T13:00:00.000Z,USA,Nevada Power Company,US-NW-NEVP,419.0,510.0,,21.0,,False,
2025-03-28T14:00:00.000Z,USA,Nevada Power Company,US-NW-NEVP,411.0,498.0,,23.0,,False,
2025-03-28T15:00:00.000Z,USA,Nevada Power Company,US-NW-NEVP,358.0,434.0,,35.0,,False,
2025-03-28T16:00:00.000Z,USA,Nevada Power Company,US-NW-NEVP,258.0,319.0,,54.0,,False,
2025-03-28T17:00:00.000Z,USA,Nevada Power Company,US-NW-NEVP,188.0,241.0,,66.0,,False,
2025-03-28T18:00:00.000Z,USA,Nevada Power Company,US-NW-NEVP,198.0,254.0,,63.0,,False,
2025-03-28T19:00:00.000Z,USA,Nevada Power Company,US-NW-NEVP,201.0,257.0,,63.0,,False,
2025-03-28T20:00:00.000Z,USA,Nevada Power Company,US-NW-NEVP,208.0,264.0,,61.0,,False,
2025-03-28T21:00:00.000Z,USA,Nevada Power Company,US-NW-NEVP,210.0,267.0,,61.0,,False,
2025-03-28T22:00:00.000Z,USA,Nevada Power Company,US-NW-NEVP,226.0,284.0,,58.0,,False,
2025-03-28T23:00:00.000Z,USA,Nevada Power Company,US-NW-NEVP,251.0,314.0,,53.0,,False,
2025-03-29T00:00:00.000Z,USA,Nevada Power Company,US-NW-NEVP,302.0,370.0,,45.0,,False,
2025-03-29T01:00:00.000Z,USA,Nevada Power Company,US-NW-NEVP,340.0,420.0,,34.0,,True,TIME_SLICER_AVERAGE
2025-03-29T02:00:00.000Z,USA,Nevada Power Company,US-NW-NEVP,375.0,464.0,,24.0,,True,TIME_SLICER_AVERAGE
2025-03-29T03:00:00.000Z,USA,Nevada Power Company,US-NW-NEVP,416.0,516.0,,13.0,,True,TIME_SLICER_AVERAGE
2025-03-29T04:00:00.000Z,USA,Nevada Power Company,US-NW-NEVP,422.0,526.0,,10.0,,False,
2025-03-29T05:00:00.000Z,USA,Nevada Power Company,US-NW-NEVP,420.0,524.0,,11.0,,False,
2025-03-29T06:00:00.000Z,USA,Nevada Power Company,US-NW-NEVP,415.0,522.0,,9.0,,False,
2025-03-29T07:00:00.000Z,USA,Nevada Power Company,US-NW-NEVP,418.0,523.0,,11.0,,True,TIME_SLICER_AVERAGE
2025-03-29T08:00:00.000Z,USA,Nevada Power Company,US-NW-NEVP,413.0,510.0,,17.0,,False,
2025-03-29T09:00:00.000Z,USA,Nevada Power Company,US-NW-NEVP,413.0,510.0,,17.0,,False,
2025-03-29T10:00:00.000Z,USA,Nevada Power Company,US-NW-NEVP,415.0,513.0,,16.0,,False,
2025-03-29T11:00:00.000Z,USA,Nevada Power Company,US-NW-NEVP,412.0,509.0,,17.0,,False,
2025-03-29T12:00:00.000Z,USA,Nevada Power Company,US-NW-NEVP,402.0,498.0,,18.0,,False,
2025-03-29T13:00:00.000Z,USA,Nevada Power Company,US-NW-NEVP,411.0,508.0,,18.0,,False,
2025-03-29T14:00:00.000Z,USA,Nevada Power Company,US-NW-NEVP,361.0,444.0,,31.0,,False,
2025-03-29T15:00:00.000Z,USA,Nevada Power Company,US-NW-NEVP,230.0,288.0,,59.0,,False,
2025-03-29T16:00:00.000Z,USA,Nevada Power Company,US-NW-NEVP,176.0,225.0,,70.0,,False,
2025-03-29T17:00:00.000Z,USA,Nevada Power Company,US-NW-NEVP,173.0,222.0,,71.0,,False,
2025-03-29T18:00:00.000Z,USA,Nevada Power Company,US-NW-NEVP,172.0,222.0,,71.0,,False,
2025-03-29T19:00:00.000Z,USA,Nevada Power Company,US-NW-NEVP,171.0,221.0,,71.0,,False,
2025-03-29T20:00:00.000Z,USA,Nevada Power Company,US-NW-NEVP,164.0,211.0,,73.0,,False,
2025-03-29T21:00:00.000Z,USA,Nevada Power Company,US-NW-NEVP,165.0,212.0,,73.0,,False,
2025-03-29T22:00:00.000Z,USA,Nevada Power Company,US-NW-NEVP,175.0,226.0,,70.0,,False,
2025-03-29T23:00:00.000Z,USA,Nevada Power Company,US-NW-NEVP,200.0,255.0,,64.0,,False,
2025-03-30T00:00:00.000Z,USA,Nevada Power Company,US-NW-NEVP,353.0,433.0,,37.0,,False,
2025-03-30T01:00:00.000Z,USA,Nevada Power Company,US-NW-NEVP,342.0,428.0,,31.0,,True,TIME_SLICER_AVERAGE
2025-03-30T02:00:00.000Z,USA,Nevada Power Company,US-NW-NEVP,393.0,488.0,,20.0,,True,TIME_SLICER_AVERAGE
2025-03-30T03:00:00.000Z,USA,Nevada Power Company,US-NW-NEVP,424.0,525.0,,14.0,,True,TIME_SLICER_AVERAGE
2025-03-30T04:00:00.000Z,USA,Nevada Power Company,US-NW-NEVP,426.0,533.0,,8.0,,True,TIME_SLICER_AVERAGE
2025-03-30T05:00:00.000Z,USA,Nevada Power Company,US-NW-NEVP,427.0,536.0,,8.0,,False,
2025-03-30T06:00:00.000Z,USA,Nevada Power Company,US-NW-NEVP,423.0,532.0,,8.0,,False,
2025-03-30T07:00:00.000Z,USA,Nevada Power Company,US-NW-NEVP,427.0,533.0,,10.0,,True,TIME_SLICER_AVERAGE
2025-03-30T08:00:00.000Z,USA,Nevada Power Company,US-NW-NEVP,429.0,523.0,,18.0,,False,
2025-03-30T09:00:00.000Z,USA,Nevada Power Company,US-NW-NEVP,423.0,517.0,,19.0,,False,
2025-03-30T10:00:00.000Z,USA,Nevada Power Company,US-NW-NEVP,426.0,518.0,,21.0,,False,
2025-03-30T11:00:00.000Z,USA,Nevada Power Company,US-NW-NEVP,417.0,509.0,,21.0,,False,
2025-03-30T12:00:00.000Z,USA,Nevada Power Company,US-NW-NEVP,419.0,511.0,,21.0,,False,
2025-03-30T13:00:00.000Z,USA,Nevada Power Company,US-NW-NEVP,414.0,506.0,,21.0,,False,
2025-03-30T14:00:00.000Z,USA,Nevada Power Company,US-NW-NEVP,399.0,488.0,,23.0,,False,
2025-03-30T15:00:00.000Z,USA,Nevada Power Company,US-NW-NEVP,273.0,335.0,,50.0,,False,
2025-03-30T16:00:00.000Z,USA,Nevada Power Company,US-NW-NEVP,177.0,225.0,,70.0,,False,
2025-03-30T17:00:00.000Z,USA,Nevada Power Company,US-NW-NEVP,165.0,212.0,,73.0,,False,
2025-03-30T18:00:00.000Z,USA,Nevada Power Company,US-NW-NEVP,160.0,204.0,,74.0,,False,
2025-03-30T19:00:00.000Z,USA,Nevada Power Company,US-NW-NEVP,163.0,209.0,,74.0,,False,
2025-03-30T20:00:00.000Z,USA,Nevada Power Company,US-NW-NEVP,163.0,209.0,,74.0,,False,
2025-03-30T21:00:00.000Z,USA,Nevada Power Company,US-NW-NEVP,159.0,204.0,,75.0,,False,
2025-03-30T22:00:00.000Z,USA,Nevada Power Company,US-NW-NEVP,173.0,222.0,,71.0,,False,
2025-03-30T23:00:00.000Z,USA,Nevada Power Company,US-NW-NEVP,218.0,275.0,,62.0,,False,
2025-03-31T00:00:00.000Z,USA,Nevada Power Company,US-NW-NEVP,276.0,342.0,,50.0,,False,
2025-03-31T01:00:00.000Z,USA,Nevada Power Company,US-NW-NEVP,313.0,390.0,,39.0,,True,TIME_SLICER_AVERAGE
2025-03-31T02:00:00.000Z,USA,Nevada Power Company,US-NW-NEVP,355.0,442.0,,28.0,,True,TIME_SLICER_AVERAGE
2025-03-31T03:00:00.000Z,USA,Nevada Power Company,US-NW-NEVP,411.0,513.0,,13.0,,True,TIME_SLICER_AVERAGE
2025-03-31T04:00:00.000Z,USA,Nevada Power Company,US-NW-NEVP,410.0,514.0,,11.0,,False,
2025-03-31T05:00:00.000Z,USA,Nevada Power Company,US-NW-NEVP,406.0,512.0,,11.0,,False,
2025-03-31T06:00:00.000Z,USA,Nevada Power Company,US-NW-NEVP,405.0,511.0,,10.0,,False,
2025-03-31T07:00:00.000Z,USA,Nevada Power Company,US-NW-NEVP,404.0,496.0,,21.0,,False,
2025-03-31T08:00:00.000Z,USA,Nevada Power Company,US-NW-NEVP,407.0,499.0,,20.0,,False,
2025-03-31T09:00:00.000Z,USA,Nevada Power Company,US-NW-NEVP,399.0,487.0,,24.0,,False,
2025-03-31T10:00:00.000Z,USA,Nevada Power Company,US-NW-NEVP,379.0,464.0,,26.0,,False,
2025-03-31T11:00:00.000Z,USA,Nevada Power Company,US-NW-NEVP,369.0,454.0,,28.0,,False,
2025-03-31T12:00:00.000Z,USA,Nevada Power Company,US-NW-NEVP,377.0,462.0,,28.0,,False,
2025-03-31T13:00:00.000Z,USA,Nevada Power Company,US-NW-NEVP,396.0,479.0,,28.0,,False,
2025-03-31T14:00:00.000Z,USA,Nevada Power Company,US-NW-NEVP,343.0,422.0,,36.0,,False,
2025-03-31T15:00:00.000Z,USA,Nevada Power Company,US-NW-NEVP,256.0,325.0,,49.0,,False,
2025-03-31T16:00:00.000Z,USA,Nevada Power Company,US-NW-NEVP,195.0,250.0,,63.0,,False,
2025-03-31T17:00:00.000Z,USA,Nevada Power Company,US-NW-NEVP,199.0,256.0,,62.0,,False,
2025-03-31T18:00:00.000Z,USA,Nevada Power Company,US-NW-NEVP,182.0,235.0,,66.0,,False,
2025-03-31T19:00:00.000Z,USA,Nevada Power Company,US-NW-NEVP,178.0,229.0,,67.0,,False,
2025-03-31T20:00:00.000Z,USA,Nevada Power Company,US-NW-NEVP,192.0,245.0,,64.0,,False,
2025-03-31T21:00:00.000Z,USA,Nevada Power Company,US-NW-NEVP,203.0,258.0,,63.0,,False,
2025-03-31T22:00:00.000Z,USA,Nevada Power Company,US-NW-NEVP,200.0,258.0,,62.0,,False,
2025-03-31T23:00:00.000Z,USA,Nevada Power Company,US-NW-NEVP,231.0,293.0,,57.0,,False,
2025-04-01T00:00:00.000Z,USA,Nevada Power Company,US-NW-NEVP,283.0,352.0,,47.0,,False,
2025-04-01T01:00:00.000Z,USA,Nevada Power Company,US-NW-NEVP,314.0,390.0,,39.0,,True,TIME_SLICER_AVERAGE
2025-04-01T02:00:00.000Z,USA,Nevada Power Company,US-NW-NEVP,350.0,434.0,,30.0,,True,TIME_SLICER_AVERAGE
2025-04-01T03:00:00.000Z,USA,Nevada Power Company,US-NW-NEVP,402.0,498.0,,18.0,,True,TIME_SLICER_AVERAGE
2025-04-01T04:00:00.000Z,USA,Nevada Power Company,US-NW-NEVP,406.0,505.0,,15.0,,False,
2025-04-01T05:00:00.000Z,USA,Nevada Power Company,US-NW-NEVP,402.0,501.0,,15.0,,False,
2025-04-01T06:00:00.000Z,USA,Nevada Power Company,US-NW-NEVP,393.0,494.0,,15.0,,False,
2025-04-01T07:00:00.000Z,USA,Nevada Power Company,US-NW-NEVP,355.0,437.0,,32.0,,False,
2025-04-01T08:00:00.000Z,USA,Nevada Power Company,US-NW-NEVP,357.0,440.0,,30.0,,False,
2025-04-01T09:00:00.000Z,USA,Nevada Power Company,US-NW-NEVP,363.0,446.0,,30.0,,False,
2025-04-01T10:00:00.000Z,USA,Nevada Power Company,US-NW-NEVP,351.0,434.0,,31.0,,False,
2025-04-01T11:00:00.000Z,USA,Nevada Power Company,US-NW-NEVP,362.0,446.0,,29.0,,False,
2025-04-01T12:00:00.000Z,USA,Nevada Power Company,US-NW-NEVP,352.0,434.0,,32.0,,False,
2025-04-01T13:00:00.000Z,USA,Nevada Power Company,US-NW-NEVP,360.0,442.0,,31.0,,False,
2025-04-01T14:00:00.000Z,USA,Nevada Power Company,US-NW-NEVP,317.0,394.0,,39.0,,False,
2025-04-01T15:00:00.000Z,USA,Nevada Power Company,US-NW-NEVP,214.0,273.0,,60.0,,False,
2025-04-01T16:00:00.000Z,USA,Nevada Power Company,US-NW-NEVP,176.0,226.0,,69.0,,False,
2025-04-01T17:00:00.000Z,USA,Nevada Power Company,US-NW-NEVP,171.0,220.0,,71.0,,False,
2025-04-01T18:00:00.000Z,USA,Nevada Power Company,US-NW-NEVP,164.0,212.0,,71.0,,False,
2025-04-01T19:00:00.000Z,USA,Nevada Power Company,US-NW-NEVP,168.0,217.0,,71.0,,False,
2025-04-01T20:00:00.000Z,USA,Nevada Power Company,US-NW-NEVP,173.0,223.0,,69.0,,False,
2025-04-01T21:00:00.000Z,USA,Nevada Power Company,US-NW-NEVP,217.0,275.0,,60.0,,False,
2025-04-01T22:00:00.000Z,USA,Nevada Power Company,US-NW-NEVP,230.0,291.0,,56.0,,False,
2025-04-01T23:00:00.000Z,USA,Nevada Power Company,US-NW-NEVP,251.0,316.0,,51.0,,False,
2025-04-02T00:00:00.000Z,USA,Nevada Power Company,US-NW-NEVP,385.0,476.0,,22.0,,False,
2025-04-02T01:00:00.000Z,USA,Nevada Power Company,US-NW-NEVP,389.0,485.0,,19.0,,True,TIME_SLICER_AVERAGE
2025-04-02T02:00:00.000Z,USA,Nevada Power Company,US-NW-NEVP,392.0,492.0,,16.0,,True,TIME_SLICER_AVERAGE
2025-04-02T03:00:00.000Z,USA,Nevada Power Company,US-NW-NEVP,393.0,494.0,,14.0,,True,TIME_SLICER_AVERAGE
2025-04-02T04:00:00.000Z,USA,Nevada Power Company,US-NW-NEVP,391.0,495.0,,13.0,,False,
2025-04-02T05:00:00.000Z,USA,Nevada Power Company,US-NW-NEVP,399.0,504.0,,11.0,,False,
2025-04-02T06:00:00.000Z,USA,Nevada Power Company,US-NW-NEVP,388.0,493.0,,13.0,,False,
2025-04-02T07:00:00.000Z,USA,Nevada Power Company,US-NW-NEVP,383.0,477.0,,21.0,,False,
2025-04-02T08:00:00.000Z,USA,Nevada Power Company,US-NW-NEVP,375.0,468.0,,22.0,,False,
2025-04-02T09:00:00.000Z,USA,Nevada Power Company,US-NW-NEVP,377.0,470.0,,22.0,,False,
2025-04-02T10:00:00.000Z,USA,Nevada Power Company,US-NW-NEVP,375.0,466.0,,23.0,,False,
2025-04-02T11:00:00.000Z,USA,Nevada Power Company,US-NW-NEVP,373.0,465.0,,23.0,,False,
2025-04-02T12:00:00.000Z,USA,Nevada Power Company,US-NW-NEVP,365.0,456.0,,24.0,,False,
2025-04-02T13:00:00.000Z,USA,Nevada Power Company,US-NW-NEVP,376.0,466.0,,25.0,,False,
2025-04-02T14:00:00.000Z,USA,Nevada Power Company,US-NW-NEVP,354.0,438.0,,31.0,,False,
2025-04-02T15:00:00.000Z,USA,Nevada Power Company,US-NW-NEVP,275.0,344.0,,47.0,,False,
2025-04-02T16:00:00.000Z,USA,Nevada Power Company,US-NW-NEVP,209.0,268.0,,59.0,,False,
2025-04-02T17:00:00.000Z,USA,Nevada Power Company,US-NW-NEVP,217.0,277.0,,58.0,,False,
2025-04-02T18:00:00.000Z,USA,Nevada Power Company,US-NW-NEVP,198.0,255.0,,61.0,,False,
2025-04-02T19:00:00.000Z,USA,Nevada Power Company,US-NW-NEVP,187.0,241.0,,64.0,,False,
2025-04-02T20:00:00.000Z,USA,Nevada Power Company,US-NW-NEVP,195.0,253.0,,62.0,,False,
2025-04-02T21:00:00.000Z,USA,Nevada Power Company,US-NW-NEVP,194.0,252.0,,63.0,,False,
2025-04-02T22:00:00.000Z,USA,Nevada Power Company,US-NW-NEVP,208.0,268.0,,59.0,,False,
2025-04-02T23:00:00.000Z,USA,Nevada Power Company,US-NW-NEVP,265.0,336.0,,46.0,,False,
2025-04-03T00:00:00.000Z,USA,Nevada Power Company,US-NW-NEVP,298.0,375.0,,38.0,,False,
2025-04-03T01:00:00.000Z,USA,Nevada Power Company,US-NW-NEVP,323.0,408.0,,31.0,,True,TIME_SLICER_AVERAGE
2025-04-03T02:00:00.000Z,USA,Nevada Power Company,US-NW-NEVP,359.0,448.0,,25.0,,True,TIME_SLICER_AVERAGE
2025-04-03T03:00:00.000Z,USA,Nevada Power Company,US-NW-NEVP,398.0,493.0,,19.0,,True,TIME_SLICER_AVERAGE
2025-04-03T04:00:00.000Z,USA,Nevada Power Company,US-NW-NEVP,388.0,491.0,,13.0,,True,TIME_SLICER_AVERAGE
2025-04-03T05:00:00.000Z,USA,Nevada Power Company,US-NW-NEVP,386.0,492.0,,12.0,,False,
2025-04-03T06:00:00.000Z,USA,Nevada Power Company,US-NW-NEVP,389.0,496.0,,11.0,,False,
2025-04-03T07:00:00.000Z,USA,Nevada Power Company,US-NW-NEVP,384.0,480.0,,20.0,,False,
2025-04-03T08:00:00.000Z,USA,Nevada Power Company,US-NW-NEVP,385.0,480.0,,20.0,,False,
2025-04-03T09:00:00.000Z,USA,Nevada Power Company,US-NW-NEVP,381.0,477.0,,19.0,,False,
2025-04-03T10:00:00.000Z,USA,Nevada Power Company,US-NW-NEVP,377.0,474.0,,19.0,,False,
2025-04-03T11:00:00.000Z,USA,Nevada Power Company,US-NW-NEVP,374.0,470.0,,20.0,,False,
2025-04-03T12:00:00.000Z,USA,Nevada Power Company,US-NW-NEVP,368.0,460.0,,23.0,,False,
2025-04-03T13:00:00.000Z,USA,Nevada Power Company,US-NW-NEVP,374.0,467.0,,22.0,,False,
2025-04-03T14:00:00.000Z,USA,Nevada Power Company,US-NW-NEVP,279.0,356.0,,40.0,,False,
2025-04-03T15:00:00.000Z,USA,Nevada Power Company,US-NW-NEVP,184.0,241.0,,63.0,,False,
2025-04-03T16:00:00.000Z,USA,Nevada Power Company,US-NW-NEVP,156.0,207.0,,70.0,,False,
2025-04-03T17:00:00.000Z,USA,Nevada Power Company,US-NW-NEVP,155.0,206.0,,71.0,,False,
2025-04-03T18:00:00.000Z,USA,Nevada Power Company,US-NW-NEVP,156.0,206.0,,70.0,,False,
2025-04-03T19:00:00.000Z,USA,Nevada Power Company,US-NW-NEVP,177.0,231.0,,65.0,,False,
2025-04-03T20:00:00.000Z,USA,Nevada Power Company,US-NW-NEVP,192.0,249.0,,61.0,,False,
2025-04-03T21:00:00.000Z,USA,Nevada Power Company,US-NW-NEVP,190.0,247.0,,62.0,,False,
2025-04-03T22:00:00.000Z,USA,Nevada Power Company,US-NW-NEVP,192.0,250.0,,61.0,,False,
2025-04-03T23:00:00.000Z,USA,Nevada Power Company,US-NW-NEVP,229.0,292.0,,54.0,,False,
2025-04-04T00:00:00.000Z,USA,Nevada Power Company,US-NW-NEVP,267.0,336.0,,47.0,,False,
2025-04-04T01:00:00.000Z,USA,Nevada Power Company,US-NW-NEVP,336.0,419.0,,32.0,,False,
2025-04-04T02:00:00.000Z,USA,Nevada Power Company,US-NW-NEVP,369.0,458.0,,25.0,,True,TIME_SLICER_AVERAGE
2025-04-04T03:00:00.000Z,USA,Nevada Power Company,US-NW-NEVP,399.0,497.0,,16.0,,True,TIME_SLICER_AVERAGE
2025-04-04T04:00:00.000Z,USA,Nevada Power Company,US-NW-NEVP,399.0,500.0,,14.0,,True,TIME_SLICER_AVERAGE
2025-04-04T05:00:00.000Z,USA,Nevada Power Company,US-NW-NEVP,404.0,506.0,,13.0,,False,
2025-04-04T06:00:00.000Z,USA,Nevada Power Company,US-NW-NEVP,417.0,522.0,,11.0,,False,
2025-04-04T07:00:00.000Z,USA,Nevada Power Company,US-NW-NEVP,406.0,502.0,,19.0,,False,
2025-04-04T08:00:00.000Z,USA,Nevada Power Company,US-NW-NEVP,392.0,487.0,,20.0,,False,
2025-04-04T09:00:00.000Z,USA,Nevada Power Company,US-NW-NEVP,389.0,483.0,,21.0,,False,
2025-04-04T10:00:00.000Z,USA,Nevada Power Company,US-NW-NEVP,388.0,482.0,,21.0,,False,
2025-04-04T11:00:00.000Z,USA,Nevada Power Company,US-NW-NEVP,389.0,482.0,,21.0,,False,
2025-04-04T12:00:00.000Z,USA,Nevada Power Company,US-NW-NEVP,381.0,474.0,,22.0,,False,
2025-04-04T13:00:00.000Z,USA,Nevada Power Company,US-NW-NEVP,378.0,469.0,,24.0,,False,
2025-04-04T14:00:00.000Z,USA,Nevada Power Company,US-NW-NEVP,285.0,358.0,,44.0,,False,
2025-04-04T15:00:00.000Z,USA,Nevada Power Company,US-NW-NEVP,166.0,219.0,,67.0,,False,
2025-04-04T16:00:00.000Z,USA,Nevada Power Company,US-NW-NEVP,140.0,188.0,,73.0,,False,
2025-04-04T17:00:00.000Z,USA,Nevada Power Company,US-NW-NEVP,138.0,186.0,,73.0,,False,
2025-04-04T18:00:00.000Z,USA,Nevada Power Company,US-NW-NEVP,143.0,192.0,,72.0,,False,
2025-04-04T19:00:00.000Z,USA,Nevada Power Company,US-NW-NEVP,143.0,193.0,,72.0,,False,
2025-04-04T20:00:00.000Z,USA,Nevada Power Company,US-NW-NEVP,143.0,192.0,,72.0,,False,
2025-04-04T21:00:00.000Z,USA,Nevada Power Company,US-NW-NEVP,142.0,190.0,,72.0,,False,
2025-04-04T22:00:00.000Z,USA,Nevada Power Company,US-NW-NEVP,148.0,197.0,,71.0,,False,
2025-04-04T23:00:00.000Z,USA,Nevada Power Company,US-NW-NEVP,178.0,232.0,,66.0,,False,
2025-04-05T00:00:00.000Z,USA,Nevada Power Company,US-NW-NEVP,215.0,277.0,,57.0,,False,
2025-04-05T01:00:00.000Z,USA,Nevada Power Company,US-NW-NEVP,314.0,399.0,,33.0,,False,
2025-04-05T02:00:00.000Z,USA,Nevada Power Company,US-NW-NEVP,347.0,435.0,,28.0,,True,TIME_SLICER_AVERAGE
2025-04-05T03:00:00.000Z,USA,Nevada Power Company,US-NW-NEVP,391.0,487.0,,20.0,,True,TIME_SLICER_AVERAGE
2025-04-05T04:00:00.000Z,USA,Nevada Power Company,US-NW-NEVP,390.0,485.0,,19.0,,True,TIME_SLICER_AVERAGE
2025-04-05T05:00:00.000Z,USA,Nevada Power Company,US-NW-NEVP,380.0,474.0,,21.0,,False,
2025-04-05T06:00:00.000Z,USA,Nevada Power Company,US-NW-NEVP,398.0,495.0,,18.0,,False,
2025-04-05T07:00:00.000Z,USA,Nevada Power Company,US-NW-NEVP,386.0,481.0,,20.0,,False,
2025-04-05T08:00:00.000Z,USA,Nevada Power Company,US-NW-NEVP,382.0,477.0,,20.0,,False,
2025-04-05T09:00:00.000Z,USA,Nevada Power Company,US-NW-NEVP,387.0,483.0,,19.0,,False,
2025-04-05T10:00:00.000Z,USA,Nevada Power Company,US-NW-NEVP,385.0,482.0,,19.0,,False,
2025-04-05T11:00:00.000Z,USA,Nevada Power Company,US-NW-NEVP,385.0,482.0,,18.0,,False,
2025-04-05T12:00:00.000Z,USA,Nevada Power Company,US-NW-NEVP,382.0,478.0,,19.0,,False,
2025-04-05T13:00:00.000Z,USA,Nevada Power Company,US-NW-NEVP,367.0,459.0,,24.0,,False,
2025-04-05T14:00:00.000Z,USA,Nevada Power Company,US-NW-NEVP,250.0,316.0,,51.0,,False,
2025-04-05T15:00:00.000Z,USA,Nevada Power Company,US-NW-NEVP,151.0,201.0,,71.0,,False,
2025-04-05T16:00:00.000Z,USA,Nevada Power Company,US-NW-NEVP,137.0,184.0,,74.0,,False,
2025-04-05T17:00:00.000Z,USA,Nevada Power Company,US-NW-NEVP,140.0,188.0,,74.0,,False,
2025-04-05T18:00:00.000Z,USA,Nevada Power Company,US-NW-NEVP,142.0,190.0,,74.0,,False,
2025-04-05T19:00:00.000Z,USA,Nevada Power Company,US-NW-NEVP,143.0,191.0,,74.0,,False,
2025-04-05T20:00:00.000Z,USA,Nevada Power Company,US-NW-NEVP,147.0,196.0,,73.0,,False,
2025-04-05T21:00:00.000Z,USA,Nevada Power Company,US-NW-NEVP,149.0,197.0,,73.0,,False,
2025-04-05T22:00:00.000Z,USA,Nevada Power Company,US-NW-NEVP,149.0,198.0,,72.0,,False,
2025-04-05T23:00:00.000Z,USA,Nevada Power Company,US-NW-NEVP,176.0,230.0,,67.0,,False,
2025-04-06T00:00:00.000Z,USA,Nevada Power Company,US-NW-NEVP,428.0,526.0,,14.0,,False,
2025-04-06T01:00:00.000Z,USA,Nevada Power Company,US-NW-NEVP,351.0,439.0,,29.0,,True,TIME_SLICER_AVERAGE
2025-04-06T02:00:00.000Z,USA,Nevada Power Company,US-NW-NEVP,404.0,492.0,,25.0,,True,TIME_SLICER_AVERAGE
2025-04-06T03:00:00.000Z,USA,Nevada Power Company,US-NW-NEVP,442.0,531.0,,21.0,,True,TIME_SLICER_AVERAGE
2025-04-06T04:00:00.000Z,USA,Nevada Power Company,US-NW-NEVP,394.0,495.0,,14.0,,True,TIME_SLICER_AVERAGE
2025-04-06T05:00:00.000Z,USA,Nevada Power Company,US-NW-NEVP,397.0,500.0,,14.0,,False,
2025-04-06T06:00:00.000Z,USA,Nevada Power Company,US-NW-NEVP,386.0,487.0,,16.0,,False,
2025-04-06T07:00:00.000Z,USA,Nevada Power Company,US-NW-NEVP,397.0,497.0,,16.0,,False,
2025-04-06T08:00:00.000Z,USA,Nevada Power Company,US-NW-NEVP,397.0,498.0,,16.0,,False,
2025-04-06T09:00:00.000Z,USA,Nevada Power Company,US-NW-NEVP,386.0,485.0,,18.0,,False,
2025-04-06T10:00:00.000Z,USA,Nevada Power Company,US-NW-NEVP,382.0,481.0,,17.0,,False,
2025-04-06T11:00:00.000Z,USA,Nevada Power Company,US-NW-NEVP,387.0,484.0,,19.0,,False,
2025-04-06T12:00:00.000Z,USA,Nevada Power Company,US-NW-NEVP,375.0,470.0,,21.0,,False,
2025-04-06T13:00:00.000Z,USA,Nevada Power Company,US-NW-NEVP,365.0,459.0,,23.0,,False,
2025-04-06T14:00:00.000Z,USA,Nevada Power Company,US-NW-NEVP,264.0,340.0,,44.0,,False,
2025-04-06T15:00:00.000Z,USA,Nevada Power Company,US-NW-NEVP,156.0,207.0,,71.0,,False,
2025-04-06T16:00:00.000Z,USA,Nevada Power Company,US-NW-NEVP,144.0,193.0,,73.0,,False,
2025-04-06T17:00:00.000Z,USA,Nevada Power Company,US-NW-NEVP,145.0,193.0,,73.0,,False,
2025-04-06T18:00:00.000Z,USA,Nevada Power Company,US-NW-NEVP,148.0,196.0,,73.0,,False,
2025-04-06T19:00:00.000Z,USA,Nevada Power Company,US-NW-NEVP,148.0,197.0,,73.0,,False,
2025-04-06T20:00:00.000Z,USA,Nevada Power Company,US-NW-NEVP,153.0,201.0,,73.0,,False,
2025-04-06T21:00:00.000Z,USA,Nevada Power Company,US-NW-NEVP,147.0,194.0,,74.0,,False,
2025-04-06T22:00:00.000Z,USA,Nevada Power Company,US-NW-NEVP,156.0,205.0,,72.0,,False,
2025-04-06T23:00:00.000Z,USA,Nevada Power Company,US-NW-NEVP,191.0,246.0,,65.0,,False,
2025-04-07T00:00:00.000Z,USA,Nevada Power Company,US-NW-NEVP,421.0,519.0,,14.0,,False,
2025-04-07T01:00:00.000Z,USA,Nevada Power Company,US-NW-NEVP,401.0,497.0,,17.0,,True,TIME_SLICER_AVERAGE
2025-04-07T02:00:00.000Z,USA,Nevada Power Company,US-NW-NEVP,380.0,476.0,,18.0,,True,TIME_SLICER_AVERAGE
2025-04-07T03:00:00.000Z,USA,Nevada Power Company,US-NW-NEVP,376.0,471.0,,19.0,,True,TIME_SLICER_AVERAGE
2025-04-07T04:00:00.000Z,USA,Nevada Power Company,US-NW-NEVP,395.0,493.0,,17.0,,False,
2025-04-07T05:00:00.000Z,USA,Nevada Power Company,US-NW-NEVP,395.0,494.0,,16.0,,False,
2025-04-07T06:00:00.000Z,USA,Nevada Power Company,US-NW-NEVP,390.0,491.0,,16.0,,False,
2025-04-07T07:00:00.000Z,USA,Nevada Power Company,US-NW-NEVP,394.0,493.0,,17.0,,False,
2025-04-07T08:00:00.000Z,USA,Nevada Power Company,US-NW-NEVP,391.0,491.0,,16.0,,False,
2025-04-07T09:00:00.000Z,USA,Nevada Power Company,US-NW-NEVP,396.0,496.0,,16.0,,False,
2025-04-07T10:00:00.000Z,USA,Nevada Power Company,US-NW-NEVP,400.0,498.0,,17.0,,False,
2025-04-07T11:00:00.000Z,USA,Nevada Power Company,US-NW-NEVP,396.0,494.0,,17.0,,False,
2025-04-07T12:00:00.000Z,USA,Nevada Power Company,US-NW-NEVP,383.0,480.0,,19.0,,False,
2025-04-07T13:00:00.000Z,USA,Nevada Power Company,US-NW-NEVP,365.0,458.0,,23.0,,False,
2025-04-07T14:00:00.000Z,USA,Nevada Power Company,US-NW-NEVP,278.0,346.0,,48.0,,False,
2025-04-07T15:00:00.000Z,USA,Nevada Power Company,US-NW-NEVP,195.0,251.0,,63.0,,False,
2025-04-07T16:00:00.000Z,USA,Nevada Power Company,US-NW-NEVP,150.0,198.0,,72.0,,False,
2025-04-07T17:00:00.000Z,USA,Nevada Power Company,US-NW-NEVP,145.0,192.0,,74.0,,False,
2025-04-07T18:00:00.000Z,USA,Nevada Power Company,US-NW-NEVP,143.0,190.0,,74.0,,False,
2025-04-07T19:00:00.000Z,USA,Nevada Power Company,US-NW-NEVP,142.0,188.0,,74.0,,False,
2025-04-07T20:00:00.000Z,USA,Nevada Power Company,US-NW-NEVP,149.0,197.0,,72.0,,False,
2025-04-07T21:00:00.000Z,USA,Nevada Power Company,US-NW-NEVP,149.0,197.0,,72.0,,False,
2025-04-07T22:00:00.000Z,USA,Nevada Power Company,US-NW-NEVP,177.0,231.0,,65.0,,False,
2025-04-07T23:00:00.000Z,USA,Nevada Power Company,US-NW-NEVP,209.0,268.0,,59.0,,False,
2025-04-08T00:00:00.000Z,USA,Nevada Power Company,US-NW-NEVP,369.0,460.0,,23.0,,False,
2025-04-08T01:00:00.000Z,USA,Nevada Power Company,US-NW-NEVP,366.0,455.0,,24.0,,True,TIME_SLICER_AVERAGE
2025-04-08T02:00:00.000Z,USA,Nevada Power Company,US-NW-NEVP,363.0,451.0,,25.0,,True,TIME_SLICER_AVERAGE
2025-04-08T03:00:00.000Z,USA,Nevada Power Company,US-NW-NEVP,375.0,466.0,,22.0,,True,TIME_SLICER_AVERAGE
2025-04-08T04:00:00.000Z,USA,Nevada Power Company,US-NW-NEVP,390.0,482.0,,22.0,,False,
2025-04-08T05:00:00.000Z,USA,Nevada Power Company,US-NW-NEVP,378.0,470.0,,23.0,,False,
2025-04-08T06:00:00.000Z,USA,Nevada Power Company,US-NW-NEVP,359.0,451.0,,23.0,,False,
2025-04-08T07:00:00.000Z,USA,Nevada Power Company,US-NW-NEVP,356.0,446.0,,25.0,,False,
2025-04-08T08:00:00.000Z,USA,Nevada Power Company,US-NW-NEVP,357.0,448.0,,25.0,,False,
2025-04-08T09:00:00.000Z,USA,Nevada Power Company,US-NW-NEVP,366.0,458.0,,24.0,,False,
2025-04-08T10:00:00.000Z,USA,Nevada Power Company,US-NW-NEVP,370.0,463.0,,23.0,,False,
2025-04-08T11:00:00.000Z,USA,Nevada Power Company,US-NW-NEVP,384.0,477.0,,22.0,,False,
2025-04-08T12:00:00.000Z,USA,Nevada Power Company,US-NW-NEVP,394.0,489.0,,20.0,,False,
2025-04-08T13:00:00.000Z,USA,Nevada Power Company,US-NW-NEVP,378.0,471.0,,23.0,,False,
2025-04-08T14:00:00.000Z,USA,Nevada Power Company,US-NW-NEVP,286.0,364.0,,41.0,,False,
2025-04-08T15:00:00.000Z,USA,Nevada Power Company,US-NW-NEVP,196.0,253.0,,62.0,,False,
2025-04-08T16:00:00.000Z,USA,Nevada Power Company,US-NW-NEVP,162.0,211.0,,71.0,,False,
2025-04-08T17:00:00.000Z,USA,Nevada Power Company,US-NW-NEVP,158.0,206.0,,71.0,,False,
2025-04-08T18:00:00.000Z,USA,Nevada Power Company,US-NW-NEVP,160.0,209.0,,71.0,,False,
2025-04-08T19:00:00.000Z,USA,Nevada Power Company,US-NW-NEVP,158.0,206.0,,72.0,,False,
2025-04-08T20:00:00.000Z,USA,Nevada Power Company,US-NW-NEVP,156.0,203.0,,72.0,,False,
2025-04-08T21:00:00.000Z,USA,Nevada Power Company,US-NW-NEVP,158.0,206.0,,72.0,,False,
2025-04-08T22:00:00.000Z,USA,Nevada Power Company,US-NW-NEVP,179.0,230.0,,68.0,,False,
2025-04-08T23:00:00.000Z,USA,Nevada Power Company,US-NW-NEVP,205.0,261.0,,63.0,,False,
2025-04-09T00:00:00.000Z,USA,Nevada Power Company,US-NW-NEVP,247.0,311.0,,54.0,,False,
2025-04-09T01:00:00.000Z,USA,Nevada Power Company,US-NW-NEVP,283.0,353.0,,46.0,,True,TIME_SLICER_AVERAGE
2025-04-09T02:00:00.000Z,USA,Nevada Power Company,US-NW-NEVP,319.0,397.0,,38.0,,True,TIME_SLICER_AVERAGE
2025-04-09T03:00:00.000Z,USA,Nevada Power Company,US-NW-NEVP,413.0,509.0,,17.0,,True,TIME_SLICER_AVERAGE
2025-04-09T04:00:00.000Z,USA,Nevada Power Company,US-NW-NEVP,400.0,497.0,,18.0,,False,
2025-04-09T05:00:00.000Z,USA,Nevada Power Company,US-NW-NEVP,399.0,495.0,,18.0,,False,
2025-04-09T06:00:00.000Z,USA,Nevada Power Company,US-NW-NEVP,394.0,492.0,,18.0,,False,
2025-04-09T07:00:00.000Z,USA,Nevada Power Company,US-NW-NEVP,394.0,493.0,,17.0,,False,
2025-04-09T08:00:00.000Z,USA,Nevada Power Company,US-NW-NEVP,397.0,495.0,,17.0,,False,
2025-04-09T09:00:00.000Z,USA,Nevada Power Company,US-NW-NEVP,395.0,495.0,,16.0,,False,
2025-04-09T10:00:00.000Z,USA,Nevada Power Company,US-NW-NEVP,390.0,490.0,,17.0,,False,
2025-04-09T11:00:00.000Z,USA,Nevada Power Company,US-NW-NEVP,386.0,485.0,,17.0,,False,
2025-04-09T12:00:00.000Z,USA,Nevada Power Company,US-NW-NEVP,385.0,485.0,,17.0,,False,
2025-04-09T13:00:00.000Z,USA,Nevada Power Company,US-NW-NEVP,381.0,477.0,,20.0,,False,
2025-04-09T14:00:00.000Z,USA,Nevada Power Company,US-NW-NEVP,277.0,354.0,,43.0,,False,
2025-04-09T15:00:00.000Z,USA,Nevada Power Company,US-NW-NEVP,186.0,241.0,,65.0,,False,
2025-04-09T16:00:00.000Z,USA,Nevada Power Company,US-NW-NEVP,166.0,217.0,,69.0,,False,
2025-04-09T17:00:00.000Z,USA,Nevada Power Company,US-NW-NEVP,162.0,212.0,,70.0,,False,
2025-04-09T18:00:00.000Z,USA,Nevada Power Company,US-NW-NEVP,163.0,213.0,,70.0,,False,
2025-04-09T19:00:00.000Z,USA,Nevada Power Company,US-NW-NEVP,161.0,211.0,,70.0,,False,
2025-04-09T20:00:00.000Z,USA,Nevada Power Company,US-NW-NEVP,164.0,215.0,,69.0,,False,
2025-04-09T21:00:00.000Z,USA,Nevada Power Company,US-NW-NEVP,170.0,222.0,,68.0,,False,
2025-04-09T22:00:00.000Z,USA,Nevada Power Company,US-NW-NEVP,184.0,240.0,,64.0,,False,
2025-04-09T23:00:00.000Z,USA,Nevada Power Company,US-NW-NEVP,228.0,271.0,,65.0,,False,
2025-04-10T00:00:00.000Z,USA,Nevada Power Company,US-NW-NEVP,238.0,284.0,,63.0,,False,
2025-04-10T01:00:00.000Z,USA,Nevada Power Company,US-NW-NEVP,266.0,314.0,,60.0,,False,
2025-04-10T02:00:00.000Z,USA,Nevada Power Company,US-NW-NEVP,290.0,341.0,,55.0,,False,
2025-04-10T03:00:00.000Z,USA,Nevada Power Company,US-NW-NEVP,304.0,356.0,,54.0,,False,
2025-04-10T04:00:00.000Z,USA,Nevada Power Company,US-NW-NEVP,353.0,410.0,,47.0,,False,
2025-04-10T05:00:00.000Z,USA,Nevada Power Company,US-NW-NEVP,333.0,388.0,,51.0,,False,
2025-04-10T06:00:00.000Z,USA,Nevada Power Company,US-NW-NEVP,310.0,363.0,,54.0,,False,
2025-04-10T07:00:00.000Z,USA,Nevada Power Company,US-NW-NEVP,295.0,347.0,,55.0,,False,
2025-04-10T08:00:00.000Z,USA,Nevada Power Company,US-NW-NEVP,281.0,333.0,,56.0,,False,
2025-04-10T09:00:00.000Z,USA,Nevada Power Company,US-NW-NEVP,284.0,336.0,,55.0,,False,
2025-04-10T10:00:00.000Z,USA,Nevada Power Company,US-NW-NEVP,266.0,318.0,,57.0,,False,
2025-04-10T11:00:00.000Z,USA,Nevada Power Company,US-NW-NEVP,267.0,318.0,,58.0,,False,
2025-04-10T12:00:00.000Z,USA,Nevada Power Company,US-NW-NEVP,261.0,311.0,,59.0,,False,
2025-04-10T13:00:00.000Z,USA,Nevada Power Company,US-NW-NEVP,243.0,294.0,,59.0,,False,
2025-04-10T14:00:00.000Z,USA,Nevada Power Company,US-NW-NEVP,285.0,335.0,,58.0,,False,
2025-04-10T15:00:00.000Z,USA,Nevada Power Company,US-NW-NEVP,237.0,285.0,,59.0,,False,
2025-04-10T16:00:00.000Z,USA,Nevada Power Company,US-NW-NEVP,211.0,258.0,,61.0,,False,
2025-04-10T17:00:00.000Z,USA,Nevada Power Company,US-NW-NEVP,213.0,260.0,,60.0,,False,
2025-04-10T18:00:00.000Z,USA,Nevada Power Company,US-NW-NEVP,223.0,269.0,,59.0,,False,
2025-04-10T19:00:00.000Z,USA,Nevada Power Company,US-NW-NEVP,217.0,264.0,,60.0,,False,
2025-04-10T20:00:00.000Z,USA,Nevada Power Company,US-NW-NEVP,211.0,260.0,,59.0,,False,
2025-04-10T21:00:00.000Z,USA,Nevada Power Company,US-NW-NEVP,275.0,326.0,,55.0,,False,
2025-04-10T22:00:00.000Z,USA,Nevada Power Company,US-NW-NEVP,323.0,372.0,,55.0,,False,
2025-04-10T23:00:00.000Z,USA,Nevada Power Company,US-NW-NEVP,319.0,371.0,,54.0,,False,
2025-04-11T00:00:00.000Z,USA,Nevada Power Company,US-NW-NEVP,322.0,404.0,,35.0,,False,
2025-04-11T01:00:00.000Z,USA,Nevada Power Company,US-NW-NEVP,339.0,427.0,,29.0,,True,TIME_SLICER_AVERAGE
2025-04-11T02:00:00.000Z,USA,Nevada Power Company,US-NW-NEVP,373.0,464.0,,24.0,,True,TIME_SLICER_AVERAGE
2025-04-11T03:00:00.000Z,USA,Nevada Power Company,US-NW-NEVP,422.0,521.0,,15.0,,True,TIME_SLICER_AVERAGE
2025-04-11T04:00:00.000Z,USA,Nevada Power Company,US-NW-NEVP,395.0,501.0,,12.0,,True,TIME_SLICER_AVERAGE
2025-04-11T05:00:00.000Z,USA,Nevada Power Company,US-NW-NEVP,392.0,499.0,,11.0,,False,
2025-04-11T06:00:00.000Z,USA,Nevada Power Company,US-NW-NEVP,389.0,498.0,,9.0,,False,
2025-04-11T07:00:00.000Z,USA,Nevada Power Company,US-NW-NEVP,381.0,478.0,,20.0,,False,
2025-04-11T08:00:00.000Z,USA,Nevada Power Company,US-NW-NEVP,383.0,480.0,,20.0,,False,
2025-04-11T09:00:00.000Z,USA,Nevada Power Company,US-NW-NEVP,378.0,473.0,,21.0,,False,
2025-04-11T10:00:00.000Z,USA,Nevada Power Company,US-NW-NEVP,378.0,473.0,,21.0,,False,
2025-04-11T11:00:00.000Z,USA,Nevada Power Company,US-NW-NEVP,372.0,466.0,,22.0,,False,
2025-04-11T12:00:00.000Z,USA,Nevada Power Company,US-NW-NEVP,382.0,476.0,,22.0,,False,
2025-04-11T13:00:00.000Z,USA,Nevada Power Company,US-NW-NEVP,390.0,482.0,,22.0,,False,
2025-04-11T14:00:00.000Z,USA,Nevada Power Company,US-NW-NEVP,321.0,400.0,,38.0,,False,
2025-04-11T15:00:00.000Z,USA,Nevada Power Company,US-NW-NEVP,239.0,299.0,,57.0,,False,
2025-04-11T16:00:00.000Z,USA,Nevada Power Company,US-NW-NEVP,219.0,274.0,,62.0,,False,
2025-04-11T17:00:00.000Z,USA,Nevada Power Company,US-NW-NEVP,201.0,253.0,,66.0,,False,
2025-04-11T18:00:00.000Z,USA,Nevada Power Company,US-NW-NEVP,200.0,251.0,,67.0,,False,
2025-04-11T19:00:00.000Z,USA,Nevada Power Company,US-NW-NEVP,200.0,251.0,,66.0,,False,
2025-04-11T20:00:00.000Z,USA,Nevada Power Company,US-NW-NEVP,198.0,249.0,,67.0,,False,
2025-04-11T21:00:00.000Z,USA,Nevada Power Company,US-NW-NEVP,201.0,255.0,,64.0,,False,
2025-04-11T22:00:00.000Z,USA,Nevada Power Company,US-NW-NEVP,215.0,275.0,,60.0,,False,
2025-04-11T23:00:00.000Z,USA,Nevada Power Company,US-NW-NEVP,248.0,312.0,,54.0,,False,
2025-04-12T00:00:00.000Z,USA,Nevada Power Company,US-NW-NEVP,158.0,204.0,,74.0,,False,
2025-04-12T01:00:00.000Z,USA,Nevada Power Company,US-NW-NEVP,307.0,385.0,,39.0,,True,TIME_SLICER_AVERAGE
2025-04-12T02:00:00.000Z,USA,Nevada Power Company,US-NW-NEVP,349.0,433.0,,31.0,,True,TIME_SLICER_AVERAGE
2025-04-12T03:00:00.000Z,USA,Nevada Power Company,US-NW-NEVP,411.0,508.0,,17.0,,True,TIME_SLICER_AVERAGE
2025-04-12T04:00:00.000Z,USA,Nevada Power Company,US-NW-NEVP,390.0,494.0,,14.0,,True,TIME_SLICER_AVERAGE
2025-04-12T05:00:00.000Z,USA,Nevada Power Company,US-NW-NEVP,386.0,491.0,,13.0,,False,
2025-04-12T06:00:00.000Z,USA,Nevada Power Company,US-NW-NEVP,380.0,486.0,,13.0,,False,
2025-04-12T07:00:00.000Z,USA,Nevada Power Company,US-NW-NEVP,368.0,462.0,,22.0,,False,
2025-04-12T08:00:00.000Z,USA,Nevada Power Company,US-NW-NEVP,364.0,457.0,,23.0,,False,
2025-04-12T09:00:00.000Z,USA,Nevada Power Company,US-NW-NEVP,360.0,452.0,,24.0,,False,
2025-04-12T10:00:00.000Z,USA,Nevada Power Company,US-NW-NEVP,355.0,446.0,,25.0,,False,
2025-04-12T11:00:00.000Z,USA,Nevada Power Company,US-NW-NEVP,353.0,447.0,,23.0,,False,
2025-04-12T12:00:00.000Z,USA,Nevada Power Company,US-NW-NEVP,351.0,444.0,,24.0,,False,
2025-04-12T13:00:00.000Z,USA,Nevada Power Company,US-NW-NEVP,348.0,441.0,,25.0,,False,
2025-04-12T14:00:00.000Z,USA,Nevada Power Company,US-NW-NEVP,271.0,344.0,,44.0,,False,
2025-04-12T15:00:00.000Z,USA,Nevada Power Company,US-NW-NEVP,194.0,252.0,,61.0,,False,
2025-04-12T16:00:00.000Z,USA,Nevada Power Company,US-NW-NEVP,198.0,256.0,,61.0,,False,
2025-04-12T17:00:00.000Z,USA,Nevada Power Company,US-NW-NEVP,181.0,234.0,,67.0,,False,
2025-04-12T18:00:00.000Z,USA,Nevada Power Company,US-NW-NEVP,179.0,230.0,,68.0,,False,
2025-04-12T19:00:00.000Z,USA,Nevada Power Company,US-NW-NEVP,175.0,225.0,,69.0,,False,
2025-04-12T20:00:00.000Z,USA,Nevada Power Company,US-NW-NEVP,191.0,245.0,,65.0,,False,
2025-04-12T21:00:00.000Z,USA,Nevada Power Company,US-NW-NEVP,192.0,247.0,,64.0,,False,
2025-04-12T22:00:00.000Z,USA,Nevada Power Company,US-NW-NEVP,202.0,262.0,,60.0,,False,
2025-04-12T23:00:00.000Z,USA,Nevada Power Company,US-NW-NEVP,231.0,295.0,,55.0,,False,
2025-04-13T00:00:00.000Z,USA,Nevada Power Company,US-NW-NEVP,261.0,328.0,,50.0,,False,
2025-04-13T01:00:00.000Z,USA,Nevada Power Company,US-NW-NEVP,286.0,361.0,,42.0,,True,TIME_SLICER_AVERAGE
2025-04-13T02:00:00.000Z,USA,Nevada Power Company,US-NW-NEVP,332.0,414.0,,34.0,,True,TIME_SLICER_AVERAGE
2025-04-13T03:00:00.000Z,USA,Nevada Power Company,US-NW-NEVP,389.0,480.0,,23.0,,True,TIME_SLICER_AVERAGE
2025-04-13T04:00:00.000Z,USA,Nevada Power Company,US-NW-NEVP,373.0,472.0,,17.0,,True,TIME_SLICER_AVERAGE
2025-04-13T05:00:00.000Z,USA,Nevada Power Company,US-NW-NEVP,376.0,478.0,,15.0,,False,
2025-04-13T06:00:00.000Z,USA,Nevada Power Company,US-NW-NEVP,387.0,492.0,,12.0,,False,
2025-04-13T07:00:00.000Z,USA,Nevada Power Company,US-NW-NEVP,370.0,465.0,,21.0,,False,
2025-04-13T08:00:00.000Z,USA,Nevada Power Company,US-NW-NEVP,365.0,459.0,,23.0,,False,
2025-04-13T09:00:00.000Z,USA,Nevada Power Company,US-NW-NEVP,369.0,465.0,,21.0,,False,
2025-04-13T10:00:00.000Z,USA,Nevada Power Company,US-NW-NEVP,368.0,462.0,,22.0,,False,
2025-04-13T11:00:00.000Z,USA,Nevada Power Company,US-NW-NEVP,373.0,469.0,,21.0,,False,
2025-04-13T12:00:00.000Z,USA,Nevada Power Company,US-NW-NEVP,378.0,475.0,,20.0,,False,
2025-04-13T13:00:00.000Z,USA,Nevada Power Company,US-NW-NEVP,373.0,468.0,,21.0,,False,
2025-04-13T14:00:00.000Z,USA,Nevada Power Company,US-NW-NEVP,240.0,304.0,,55.0,,False,
2025-04-13T15:00:00.000Z,USA,Nevada Power Company,US-NW-NEVP,164.0,213.0,,71.0,,False,
2025-04-13T16:00:00.000Z,USA,Nevada Power Company,US-NW-NEVP,153.0,200.0,,74.0,,False,
2025-04-13T17:00:00.000Z,USA,Nevada Power Company,US-NW-NEVP,145.0,191.0,,76.0,,False,
2025-04-13T18:00:00.000Z,USA,Nevada Power Company,US-NW-NEVP,146.0,191.0,,76.0,,False,
2025-04-13T19:00:00.000Z,USA,Nevada Power Company,US-NW-NEVP,145.0,190.0,,76.0,,False,
2025-04-13T20:00:00.000Z,USA,Nevada Power Company,US-NW-NEVP,149.0,195.0,,74.0,,False,
2025-04-13T21:00:00.000Z,USA,Nevada Power Company,US-NW-NEVP,158.0,207.0,,72.0,,False,
2025-04-13T22:00:00.000Z,USA,Nevada Power Company,US-NW-NEVP,170.0,221.0,,69.0,,False,
2025-04-13T23:00:00.000Z,USA,Nevada Power Company,US-NW-NEVP,198.0,255.0,,63.0,,False,
2025-04-14T00:00:00.000Z,USA,Nevada Power Company,US-NW-NEVP,326.0,392.0,,49.0,,False,
2025-04-14T01:00:00.000Z,USA,Nevada Power Company,US-NW-NEVP,340.0,405.0,,48.0,,False,
2025-04-14T02:00:00.000Z,USA,Nevada Power Company,US-NW-NEVP,352.0,417.0,,46.0,,False,
2025-04-14T03:00:00.000Z,USA,Nevada Power Company,US-NW-NEVP,360.0,424.0,,45.0,,False,
2025-04-14T04:00:00.000Z,USA,Nevada Power Company,US-NW-NEVP,414.0,520.0,,10.0,,False,
2025-04-14T05:00:00.000Z,USA,Nevada Power Company,US-NW-NEVP,409.0,518.0,,9.0,,False,
2025-04-14T06:00:00.000Z,USA,Nevada Power Company,US-NW-NEVP,407.0,516.0,,8.0,,False,
2025-04-14T07:00:00.000Z,USA,Nevada Power Company,US-NW-NEVP,407.0,509.0,,15.0,,False,
2025-04-14T08:00:00.000Z,USA,Nevada Power Company,US-NW-NEVP,404.0,504.0,,16.0,,False,
2025-04-14T09:00:00.000Z,USA,Nevada Power Company,US-NW-NEVP,405.0,505.0,,16.0,,False,
2025-04-14T10:00:00.000Z,USA,Nevada Power Company,US-NW-NEVP,403.0,502.0,,17.0,,False,
2025-04-14T11:00:00.000Z,USA,Nevada Power Company,US-NW-NEVP,406.0,505.0,,17.0,,False,
2025-04-14T12:00:00.000Z,USA,Nevada Power Company,US-NW-NEVP,395.0,493.0,,18.0,,False,
2025-04-14T13:00:00.000Z,USA,Nevada Power Company,US-NW-NEVP,391.0,488.0,,20.0,,False,
2025-04-14T14:00:00.000Z,USA,Nevada Power Company,US-NW-NEVP,313.0,392.0,,39.0,,False,
2025-04-14T15:00:00.000Z,USA,Nevada Power Company,US-NW-NEVP,244.0,315.0,,50.0,,False,
2025-04-14T16:00:00.000Z,USA,Nevada Power Company,US-NW-NEVP,198.0,255.0,,63.0,,False,
2025-04-14T17:00:00.000Z,USA,Nevada Power Company,US-NW-NEVP,187.0,242.0,,66.0,,False,
2025-04-14T18:00:00.000Z,USA,Nevada Power Company,US-NW-NEVP,185.0,239.0,,66.0,,False,
2025-04-14T19:00:00.000Z,USA,Nevada Power Company,US-NW-NEVP,182.0,235.0,,67.0,,False,
2025-04-14T20:00:00.000Z,USA,Nevada Power Company,US-NW-NEVP,195.0,251.0,,63.0,,False,
2025-04-14T21:00:00.000Z,USA,Nevada Power Company,US-NW-NEVP,212.0,272.0,,60.0,,False,
2025-04-14T22:00:00.000Z,USA,Nevada Power Company,US-NW-NEVP,238.0,305.0,,53.0,,False,
2025-04-14T23:00:00.000Z,USA,Nevada Power Company,US-NW-NEVP,302.0,380.0,,40.0,,False,
2025-04-15T00:00:00.000Z,USA,Nevada Power Company,US-NW-NEVP,334.0,423.0,,29.0,,True,TIME_SLICER_AVERAGE
2025-04-15T01:00:00.000Z,USA,Nevada Power Company,US-NW-NEVP,384.0,488.0,,14.0,,True,TIME_SLICER_AVERAGE
2025-04-15T02:00:00.000Z,USA,Nevada Power Company,US-NW-NEVP,400.0,505.0,,11.0,,True,TIME_SLICER_AVERAGE
2025-04-15T03:00:00.000Z,USA,Nevada Power Company,US-NW-NEVP,413.0,522.0,,8.0,,True,TIME_SLICER_AVERAGE
2025-04-15T04:00:00.000Z,USA,Nevada Power Company,US-NW-NEVP,413.0,524.0,,7.0,,False,
2025-04-15T05:00:00.000Z,USA,Nevada Power Company,US-NW-NEVP,404.0,515.0,,7.0,,False,
2025-04-15T06:00:00.000Z,USA,Nevada Power Company,US-NW-NEVP,397.0,508.0,,8.0,,False,
2025-04-15T07:00:00.000Z,USA,Nevada Power Company,US-NW-NEVP,404.0,515.0,,8.0,,False,
2025-04-15T08:00:00.000Z,USA,Nevada Power Company,US-NW-NEVP,404.0,513.0,,9.0,,False,
2025-04-15T09:00:00.000Z,USA,Nevada Power Company,US-NW-NEVP,403.0,512.0,,8.0,,False,
2025-04-15T10:00:00.000Z,USA,Nevada Power Company,US-NW-NEVP,402.0,512.0,,8.0,,False,
2025-04-15T11:00:00.000Z,USA,Nevada Power Company,US-NW-NEVP,404.0,513.0,,9.0,,False,
2025-04-15T12:00:00.000Z,USA,Nevada Power Company,US-NW-NEVP,403.0,510.0,,10.0,,False,
2025-04-15T13:00:00.000Z,USA,Nevada Power Company,US-NW-NEVP,396.0,501.0,,12.0,,False,
2025-04-15T14:00:00.000Z,USA,Nevada Power Company,US-NW-NEVP,353.0,442.0,,27.0,,False,
2025-04-15T15:00:00.000Z,USA,Nevada Power Company,US-NW-NEVP,228.0,288.0,,57.0,,False,
2025-04-15T16:00:00.000Z,USA,Nevada Power Company,US-NW-NEVP,196.0,251.0,,63.0,,False,
2025-04-15T17:00:00.000Z,USA,Nevada Power Company,US-NW-NEVP,193.0,246.0,,65.0,,False,
2025-04-15T18:00:00.000Z,USA,Nevada Power Company,US-NW-NEVP,202.0,258.0,,62.0,,False,
2025-04-15T19:00:00.000Z,USA,Nevada Power Company,US-NW-NEVP,201.0,259.0,,61.0,,False,
2025-04-15T20:00:00.000Z,USA,Nevada Power Company,US-NW-NEVP,265.0,342.0,,42.0,,False,
2025-04-15T21:00:00.000Z,USA,Nevada Power Company,US-NW-NEVP,292.0,379.0,,34.0,,False,
2025-04-15T22:00:00.000Z,USA,Nevada Power Company,US-NW-NEVP,309.0,399.0,,30.0,,False,
2025-04-15T23:00:00.000Z,USA,Nevada Power Company,US-NW-NEVP,325.0,416.0,,28.0,,False,
2025-04-16T00:00:00.000Z,USA,Nevada Power Company,US-NW-NEVP,349.0,445.0,,22.0,,False,
2025-04-16T01:00:00.000Z,USA,Nevada Power Company,US-NW-NEVP,390.0,493.0,,14.0,,False,
2025-04-16T02:00:00.000Z,USA,Nevada Power Company,US-NW-NEVP,409.0,517.0,,9.0,,False,
2025-04-16T03:00:00.000Z,USA,Nevada Power Company,US-NW-NEVP,413.0,521.0,,9.0,,False,
2025-04-16T04:00:00.000Z,USA,Nevada Power Company,US-NW-NEVP,416.0,523.0,,9.0,,False,
2025-04-16T05:00:00.000Z,USA,Nevada Power Company,US-NW-NEVP,409.0,517.0,,9.0,,False,
2025-04-16T06:00:00.000Z,USA,Nevada Power Company,US-NW-NEVP,404.0,513.0,,9.0,,False,
2025-04-16T07:00:00.000Z,USA,Nevada Power Company,US-NW-NEVP,399.0,497.0,,18.0,,False,
2025-04-16T08:00:00.000Z,USA,Nevada Power Company,US-NW-NEVP,386.0,483.0,,19.0,,False,
2025-04-16T09:00:00.000Z,USA,Nevada Power Company,US-NW-NEVP,391.0,488.0,,19.0,,False,
2025-04-16T10:00:00.000Z,USA,Nevada Power Company,US-NW-NEVP,394.0,493.0,,18.0,,False,
2025-04-16T11:00:00.000Z,USA,Nevada Power Company,US-NW-NEVP,391.0,490.0,,18.0,,False,
2025-04-16T12:00:00.000Z,USA,Nevada Power Company,US-NW-NEVP,390.0,488.0,,18.0,,False,
2025-04-16T13:00:00.000Z,USA,Nevada Power Company,US-NW-NEVP,375.0,470.0,,21.0,,False,
2025-04-16T14:00:00.000Z,USA,Nevada Power Company,US-NW-NEVP,314.0,400.0,,33.0,,False,
2025-04-16T15:00:00.000Z,USA,Nevada Power Company,US-NW-NEVP,185.0,241.0,,63.0,,False,
2025-04-16T16:00:00.000Z,USA,Nevada Power Company,US-NW-NEVP,156.0,206.0,,70.0,,False,
2025-04-16T17:00:00.000Z,USA,Nevada Power Company,US-NW-NEVP,147.0,197.0,,71.0,,False,
2025-04-16T18:00:00.000Z,USA,Nevada Power Company,US-NW-NEVP,158.0,209.0,,70.0,,False,
2025-04-16T19:00:00.000Z,USA,Nevada Power Company,US-NW-NEVP,152.0,202.0,,71.0,,False,
2025-04-16T20:00:00.000Z,USA,Nevada Power Company,US-NW-NEVP,170.0,223.0,,67.0,,False,
2025-04-16T21:00:00.000Z,USA,Nevada Power Company,US-NW-NEVP,187.0,244.0,,63.0,,False,
2025-04-16T22:00:00.000Z,USA,Nevada Power Company,US-NW-NEVP,226.0,292.0,,54.0,,False,
2025-04-16T23:00:00.000Z,USA,Nevada Power Company,US-NW-NEVP,263.0,332.0,,48.0,,False,
2025-04-17T00:00:00.000Z,USA,Nevada Power Company,US-NW-NEVP,299.0,376.0,,40.0,,False,
2025-04-17T01:00:00.000Z,USA,Nevada Power Company,US-NW-NEVP,334.0,421.0,,30.0,,True,TIME_SLICER_AVERAGE
2025-04-17T02:00:00.000Z,USA,Nevada Power Company,US-NW-NEVP,367.0,463.0,,21.0,,True,TIME_SLICER_AVERAGE
2025-04-17T03:00:00.000Z,USA,Nevada Power Company,US-NW-NEVP,404.0,509.0,,11.0,,True,TIME_SLICER_AVERAGE
2025-04-17T04:00:00.000Z,USA,Nevada Power Company,US-NW-NEVP,405.0,511.0,,10.0,,False,
2025-04-17T05:00:00.000Z,USA,Nevada Power Company,US-NW-NEVP,403.0,510.0,,10.0,,False,
2025-04-17T06:00:00.000Z,USA,Nevada Power Company,US-NW-NEVP,396.0,504.0,,10.0,,False,
2025-04-17T07:00:00.000Z,USA,Nevada Power Company,US-NW-NEVP,382.0,479.0,,20.0,,False,
2025-04-17T08:00:00.000Z,USA,Nevada Power Company,US-NW-NEVP,383.0,480.0,,20.0,,False,
2025-04-17T09:00:00.000Z,USA,Nevada Power Company,US-NW-NEVP,393.0,492.0,,17.0,,False,
2025-04-17T10:00:00.000Z,USA,Nevada Power Company,US-NW-NEVP,395.0,497.0,,15.0,,False,
2025-04-17T11:00:00.000Z,USA,Nevada Power Company,US-NW-NEVP,393.0,493.0,,17.0,,False,
2025-04-17T12:00:00.000Z,USA,Nevada Power Company,US-NW-NEVP,389.0,487.0,,18.0,,False,
2025-04-17T13:00:00.000Z,USA,Nevada Power Company,US-NW-NEVP,377.0,470.0,,23.0,,False,
2025-04-17T14:00:00.000Z,USA,Nevada Power Company,US-NW-NEVP,241.0,305.0,,54.0,,False,
2025-04-17T15:00:00.000Z,USA,Nevada Power Company,US-NW-NEVP,186.0,239.0,,66.0,,False,
2025-04-17T16:00:00.000Z,USA,Nevada Power Company,US-NW-NEVP,150.0,198.0,,72.0,,False,
2025-04-17T17:00:00.000Z,USA,Nevada Power Company,US-NW-NEVP,156.0,205.0,,71.0,,False,
2025-04-17T18:00:00.000Z,USA,Nevada Power Company,US-NW-NEVP,169.0,220.0,,67.0,,False,
2025-04-17T19:00:00.000Z,USA,Nevada Power Company,US-NW-NEVP,166.0,216.0,,67.0,,False,
2025-04-17T20:00:00.000Z,USA,Nevada Power Company,US-NW-NEVP,191.0,247.0,,63.0,,False,
2025-04-17T21:00:00.000Z,USA,Nevada Power Company,US-NW-NEVP,182.0,238.0,,64.0,,False,
2025-04-17T22:00:00.000Z,USA,Nevada Power Company,US-NW-NEVP,202.0,263.0,,59.0,,False,
2025-04-17T23:00:00.000Z,USA,Nevada Power Company,US-NW-NEVP,258.0,328.0,,48.0,,False,
2025-04-18T00:00:00.000Z,USA,Nevada Power Company,US-NW-NEVP,307.0,383.0,,40.0,,False,
2025-04-18T01:00:00.000Z,USA,Nevada Power Company,US-NW-NEVP,336.0,416.0,,36.0,,True,TIME_SLICER_AVERAGE
2025-04-18T02:00:00.000Z,USA,Nevada Power Company,US-NW-NEVP,382.0,465.0,,30.0,,True,TIME_SLICER_AVERAGE
2025-04-18T03:00:00.000Z,USA,Nevada Power Company,US-NW-NEVP,439.0,528.0,,22.0,,True,TIME_SLICER_AVERAGE
2025-04-18T04:00:00.000Z,USA,Nevada Power Company,US-NW-NEVP,416.0,514.0,,16.0,,True,TIME_SLICER_AVERAGE
2025-04-18T05:00:00.000Z,USA,Nevada Power Company,US-NW-NEVP,422.0,521.0,,16.0,,True,TIME_SLICER_AVERAGE
2025-04-18T06:00:00.000Z,USA,Nevada Power Company,US-NW-NEVP,418.0,516.0,,16.0,,True,TIME_SLICER_AVERAGE
2025-04-18T07:00:00.000Z,USA,Nevada Power Company,US-NW-NEVP,423.0,521.0,,17.0,,False,
2025-04-18T08:00:00.000Z,USA,Nevada Power Company,US-NW-NEVP,423.0,521.0,,16.0,,False,
2025-04-18T09:00:00.000Z,USA,Nevada Power Company,US-NW-NEVP,428.0,527.0,,15.0,,False,
2025-04-18T10:00:00.000Z,USA,Nevada Power Company,US-NW-NEVP,428.0,529.0,,14.0,,False,
2025-04-18T11:00:00.000Z,USA,Nevada Power Company,US-NW-NEVP,418.0,517.0,,16.0,,False,
2025-04-18T12:00:00.000Z,USA,Nevada Power Company,US-NW-NEVP,404.0,502.0,,18.0,,False,
2025-04-18T13:00:00.000Z,USA,Nevada Power Company,US-NW-NEVP,396.0,489.0,,22.0,,False,
2025-04-18T14:00:00.000Z,USA,Nevada Power Company,US-NW-NEVP,263.0,332.0,,49.0,,False,
2025-04-18T15:00:00.000Z,USA,Nevada Power Company,US-NW-NEVP,188.0,238.0,,67.0,,False,
2025-04-18T16:00:00.000Z,USA,Nevada Power Company,US-NW-NEVP,167.0,215.0,,71.0,,False,
2025-04-18T17:00:00.000Z,USA,Nevada Power Company,US-NW-NEVP,163.0,214.0,,69.0,,False,
2025-04-18T18:00:00.000Z,USA,Nevada Power Company,US-NW-NEVP,142.0,189.0,,73.0,,False,
2025-04-18T19:00:00.000Z,USA,Nevada Power Company,US-NW-NEVP,174.0,227.0,,65.0,,False,
2025-04-18T20:00:00.000Z,USA,Nevada Power Company,US-NW-NEVP,151.0,200.0,,71.0,,False,
2025-04-18T21:00:00.000Z,USA,Nevada Power Company,US-NW-NEVP,143.0,191.0,,73.0,,False,
2025-04-18T22:00:00.000Z,USA,Nevada Power Company,US-NW-NEVP,163.0,213.0,,70.0,,False,
2025-04-18T23:00:00.000Z,USA,Nevada Power Company,US-NW-NEVP,192.0,247.0,,65.0,,False,
2025-04-19T00:00:00.000Z,USA,Nevada Power Company,US-NW-NEVP,226.0,289.0,,56.0,,False,
2025-04-19T01:00:00.000Z,USA,Nevada Power Company,US-NW-NEVP,293.0,372.0,,40.0,,True,TIME_SLICER_AVERAGE
2025-04-19T02:00:00.000Z,USA,Nevada Power Company,US-NW-NEVP,342.0,430.0,,28.0,,True,TIME_SLICER_AVERAGE
2025-04-19T03:00:00.000Z,USA,Nevada Power Company,US-NW-NEVP,409.0,514.0,,11.0,,True,TIME_SLICER_AVERAGE
2025-04-19T04:00:00.000Z,USA,Nevada Power Company,US-NW-NEVP,416.0,523.0,,9.0,,False,
2025-04-19T05:00:00.000Z,USA,Nevada Power Company,US-NW-NEVP,417.0,523.0,,10.0,,False,
2025-04-19T06:00:00.000Z,USA,Nevada Power Company,US-NW-NEVP,415.0,523.0,,9.0,,False,
2025-04-19T07:00:00.000Z,USA,Nevada Power Company,US-NW-NEVP,422.0,519.0,,18.0,,False,
2025-04-19T08:00:00.000Z,USA,Nevada Power Company,US-NW-NEVP,409.0,503.0,,21.0,,False,
2025-04-19T09:00:00.000Z,USA,Nevada Power Company,US-NW-NEVP,396.0,490.0,,22.0,,False,
2025-04-19T10:00:00.000Z,USA,Nevada Power Company,US-NW-NEVP,383.0,477.0,,22.0,,False,
2025-04-19T11:00:00.000Z,USA,Nevada Power Company,US-NW-NEVP,380.0,474.0,,22.0,,False,
2025-04-19T12:00:00.000Z,USA,Nevada Power Company,US-NW-NEVP,371.0,466.0,,22.0,,False,
2025-04-19T13:00:00.000Z,USA,Nevada Power Company,US-NW-NEVP,337.0,424.0,,30.0,,False,
2025-04-19T14:00:00.000Z,USA,Nevada Power Company,US-NW-NEVP,212.0,272.0,,60.0,,False,
2025-04-19T15:00:00.000Z,USA,Nevada Power Company,US-NW-NEVP,152.0,199.0,,73.0,,False,
2025-04-19T16:00:00.000Z,USA,Nevada Power Company,US-NW-NEVP,138.0,184.0,,75.0,,False,
2025-04-19T17:00:00.000Z,USA,Nevada Power Company,US-NW-NEVP,137.0,183.0,,76.0,,False,
2025-04-19T18:00:00.000Z,USA,Nevada Power Company,US-NW-NEVP,143.0,189.0,,75.0,,False,
2025-04-19T19:00:00.000Z,USA,Nevada Power Company,US-NW-NEVP,141.0,187.0,,76.0,,False,
2025-04-19T20:00:00.000Z,USA,Nevada Power Company,US-NW-NEVP,137.0,183.0,,77.0,,False,
2025-04-19T21:00:00.000Z,USA,Nevada Power Company,US-NW-NEVP,138.0,184.0,,76.0,,False,
2025-04-19T22:00:00.000Z,USA,Nevada Power Company,US-NW-NEVP,155.0,204.0,,73.0,,False,
2025-04-19T23:00:00.000Z,USA,Nevada Power Company,US-NW-NEVP,184.0,236.0,,68.0,,False,
2025-04-20T00:00:00.000Z,USA,Nevada Power Company,US-NW-NEVP,233.0,295.0,,57.0,,False,
2025-04-20T01:00:00.000Z,USA,Nevada Power Company,US-NW-NEVP,268.0,340.0,,46.0,,True,TIME_SLICER_AVERAGE
2025-04-20T02:00:00.000Z,USA,Nevada Power Company,US-NW-NEVP,323.0,403.0,,37.0,,True,TIME_SLICER_AVERAGE
2025-04-20T03:00:00.000Z,USA,Nevada Power Company,US-NW-NEVP,425.0,520.0,,18.0,,True,TIME_SLICER_AVERAGE
2025-04-20T04:00:00.000Z,USA,Nevada Power Company,US-NW-NEVP,394.0,498.0,,12.0,,True,TIME_SLICER_AVERAGE
2025-04-20T05:00:00.000Z,USA,Nevada Power Company,US-NW-NEVP,396.0,503.0,,11.0,,False,
2025-04-20T06:00:00.000Z,USA,Nevada Power Company,US-NW-NEVP,395.0,501.0,,11.0,,False,
2025-04-20T07:00:00.000Z,USA,Nevada Power Company,US-NW-NEVP,385.0,479.0,,21.0,,False,
2025-04-20T08:00:00.000Z,USA,Nevada Power Company,US-NW-NEVP,381.0,475.0,,21.0,,False,
2025-04-20T09:00:00.000Z,USA,Nevada Power Company,US-NW-NEVP,379.0,474.0,,21.0,,False,
2025-04-20T10:00:00.000Z,USA,Nevada Power Company,US-NW-NEVP,374.0,468.0,,22.0,,False,
2025-04-20T11:00:00.000Z,USA,Nevada Power Company,US-NW-NEVP,375.0,469.0,,23.0,,False,
2025-04-20T12:00:00.000Z,USA,Nevada Power Company,US-NW-NEVP,383.0,478.0,,21.0,,False,
2025-04-20T13:00:00.000Z,USA,Nevada Power Company,US-NW-NEVP,349.0,436.0,,29.0,,False,
2025-04-20T14:00:00.000Z,USA,Nevada Power Company,US-NW-NEVP,202.0,257.0,,64.0,,False,
2025-04-20T15:00:00.000Z,USA,Nevada Power Company,US-NW-NEVP,157.0,204.0,,74.0,,False,
2025-04-20T16:00:00.000Z,USA,Nevada Power Company,US-NW-NEVP,148.0,193.0,,75.0,,False,
2025-04-20T17:00:00.000Z,USA,Nevada Power Company,US-NW-NEVP,142.0,187.0,,76.0,,False,
2025-04-20T18:00:00.000Z,USA,Nevada Power Company,US-NW-NEVP,142.0,187.0,,76.0,,False,
2025-04-20T19:00:00.000Z,USA,Nevada Power Company,US-NW-NEVP,139.0,185.0,,77.0,,False,
2025-04-20T20:00:00.000Z,USA,Nevada Power Company,US-NW-NEVP,143.0,189.0,,76.0,,False,
2025-04-20T21:00:00.000Z,USA,Nevada Power Company,US-NW-NEVP,147.0,194.0,,75.0,,False,
2025-04-20T22:00:00.000Z,USA,Nevada Power Company,US-NW-NEVP,161.0,210.0,,71.0,,False,
2025-04-20T23:00:00.000Z,USA,Nevada Power Company,US-NW-NEVP,186.0,240.0,,66.0,,False,
2025-04-21T00:00:00.000Z,USA,Nevada Power Company,US-NW-NEVP,415.0,506.0,,20.0,,False,
2025-04-21T01:00:00.000Z,USA,Nevada Power Company,US-NW-NEVP,334.0,413.0,,37.0,,False,
2025-04-21T02:00:00.000Z,USA,Nevada Power Company,US-NW-NEVP,356.0,446.0,,26.0,,True,TIME_SLICER_AVERAGE
2025-04-21T03:00:00.000Z,USA,Nevada Power Company,US-NW-NEVP,396.0,496.0,,15.0,,True,TIME_SLICER_AVERAGE
2025-04-21T04:00:00.000Z,USA,Nevada Power Company,US-NW-NEVP,403.0,506.0,,12.0,,False,
2025-04-21T05:00:00.000Z,USA,Nevada Power Company,US-NW-NEVP,395.0,499.0,,13.0,,False,
2025-04-21T06:00:00.000Z,USA,Nevada Power Company,US-NW-NEVP,393.0,498.0,,12.0,,False,
2025-04-21T07:00:00.000Z,USA,Nevada Power Company,US-NW-NEVP,384.0,476.0,,23.0,,False,
2025-04-21T08:00:00.000Z,USA,Nevada Power Company,US-NW-NEVP,390.0,484.0,,21.0,,False,
2025-04-21T09:00:00.000Z,USA,Nevada Power Company,US-NW-NEVP,393.0,487.0,,21.0,,False,
2025-04-21T10:00:00.000Z,USA,Nevada Power Company,US-NW-NEVP,390.0,486.0,,20.0,,False,
2025-04-21T11:00:00.000Z,USA,Nevada Power Company,US-NW-NEVP,394.0,492.0,,19.0,,False,
2025-04-21T12:00:00.000Z,USA,Nevada Power Company,US-NW-NEVP,392.0,489.0,,19.0,,False,
2025-04-21T13:00:00.000Z,USA,Nevada Power Company,US-NW-NEVP,357.0,445.0,,28.0,,False,
2025-04-21T14:00:00.000Z,USA,Nevada Power Company,US-NW-NEVP,224.0,289.0,,55.0,,False,
2025-04-21T15:00:00.000Z,USA,Nevada Power Company,US-NW-NEVP,162.0,214.0,,69.0,,False,
2025-04-21T16:00:00.000Z,USA,Nevada Power Company,US-NW-NEVP,141.0,188.0,,74.0,,False,
2025-04-21T17:00:00.000Z,USA,Nevada Power Company,US-NW-NEVP,135.0,180.0,,76.0,,False,
2025-04-21T18:00:00.000Z,USA,Nevada Power Company,US-NW-NEVP,139.0,186.0,,75.0,,False,
2025-04-21T19:00:00.000Z,USA,Nevada Power Company,US-NW-NEVP,150.0,200.0,,72.0,,False,
2025-04-21T20:00:00.000Z,USA,Nevada Power Company,US-NW-NEVP,154.0,204.0,,71.0,,False,
2025-04-21T21:00:00.000Z,USA,Nevada Power Company,US-NW-NEVP,156.0,207.0,,70.0,,False,
2025-04-21T22:00:00.000Z,USA,Nevada Power Company,US-NW-NEVP,163.0,214.0,,69.0,,False,
2025-04-21T23:00:00.000Z,USA,Nevada Power Company,US-NW-NEVP,194.0,249.0,,63.0,,False,
2025-04-22T00:00:00.000Z,USA,Nevada Power Company,US-NW-NEVP,230.0,293.0,,55.0,,False,
2025-04-22T01:00:00.000Z,USA,Nevada Power Company,US-NW-NEVP,286.0,362.0,,41.0,,True,TIME_SLICER_AVERAGE
2025-04-22T02:00:00.000Z,USA,Nevada Power Company,US-NW-NEVP,338.0,425.0,,30.0,,True,TIME_SLICER_AVERAGE
2025-04-22T03:00:00.000Z,USA,Nevada Power Company,US-NW-NEVP,416.0,518.0,,12.0,,True,TIME_SLICER_AVERAGE
2025-04-22T04:00:00.000Z,USA,Nevada Power Company,US-NW-NEVP,422.0,526.0,,10.0,,False,
2025-04-22T05:00:00.000Z,USA,Nevada Power Company,US-NW-NEVP,422.0,527.0,,10.0,,False,
2025-04-22T06:00:00.000Z,USA,Nevada Power Company,US-NW-NEVP,428.0,537.0,,7.0,,False,
2025-04-22T07:00:00.000Z,USA,Nevada Power Company,US-NW-NEVP,442.0,544.0,,12.0,,False,
2025-04-22T08:00:00.000Z,USA,Nevada Power Company,US-NW-NEVP,444.0,546.0,,12.0,,False,
2025-04-22T09:00:00.000Z,USA,Nevada Power Company,US-NW-NEVP,440.0,542.0,,12.0,,False,
2025-04-22T10:00:00.000Z,USA,Nevada Power Company,US-NW-NEVP,430.0,532.0,,13.0,,False,
2025-04-22T11:00:00.000Z,USA,Nevada Power Company,US-NW-NEVP,434.0,536.0,,12.0,,False,
2025-04-22T12:00:00.000Z,USA,Nevada Power Company,US-NW-NEVP,421.0,522.0,,14.0,,False,
2025-04-22T13:00:00.000Z,USA,Nevada Power Company,US-NW-NEVP,388.0,483.0,,21.0,,False,
2025-04-22T14:00:00.000Z,USA,Nevada Power Company,US-NW-NEVP,234.0,299.0,,53.0,,False,
2025-04-22T15:00:00.000Z,USA,Nevada Power Company,US-NW-NEVP,151.0,201.0,,70.0,,False,
2025-04-22T16:00:00.000Z,USA,Nevada Power Company,US-NW-NEVP,140.0,186.0,,74.0,,False,
2025-04-22T17:00:00.000Z,USA,Nevada Power Company,US-NW-NEVP,136.0,182.0,,75.0,,False,
2025-04-22T18:00:00.000Z,USA,Nevada Power Company,US-NW-NEVP,138.0,184.0,,74.0,,False,
2025-04-22T19:00:00.000Z,USA,Nevada Power Company,US-NW-NEVP,131.0,177.0,,75.0,,False,
2025-04-22T20:00:00.000Z,USA,Nevada Power Company,US-NW-NEVP,144.0,192.0,,72.0,,False,
2025-04-22T21:00:00.000Z,USA,Nevada Power Company,US-NW-NEVP,154.0,204.0,,69.0,,False,
2025-04-22T22:00:00.000Z,USA,Nevada Power Company,US-NW-NEVP,175.0,231.0,,64.0,,False,
2025-04-22T23:00:00.000Z,USA,Nevada Power Company,US-NW-NEVP,228.0,294.0,,53.0,,False,
2025-04-23T00:00:00.000Z,USA,Nevada Power Company,US-NW-NEVP,265.0,336.0,,46.0,,False,
2025-04-23T01:00:00.000Z,USA,Nevada Power Company,US-NW-NEVP,328.0,414.0,,31.0,,True,TIME_SLICER_AVERAGE
2025-04-23T02:00:00.000Z,USA,Nevada Power Company,US-NW-NEVP,361.0,457.0,,22.0,,True,TIME_SLICER_AVERAGE
2025-04-23T03:00:00.000Z,USA,Nevada Power Company,US-NW-NEVP,409.0,517.0,,9.0,,True,TIME_SLICER_AVERAGE
2025-04-23T04:00:00.000Z,USA,Nevada Power Company,US-NW-NEVP,412.0,521.0,,8.0,,False,
2025-04-23T05:00:00.000Z,USA,Nevada Power Company,US-NW-NEVP,413.0,522.0,,8.0,,False,
2025-04-23T06:00:00.000Z,USA,Nevada Power Company,US-NW-NEVP,415.0,524.0,,8.0,,False,
2025-04-23T07:00:00.000Z,USA,Nevada Power Company,US-NW-NEVP,416.0,513.0,,17.0,,False,
2025-04-23T08:00:00.000Z,USA,Nevada Power Company,US-NW-NEVP,419.0,517.0,,16.0,,False,
2025-04-23T09:00:00.000Z,USA,Nevada Power Company,US-NW-NEVP,419.0,516.0,,17.0,,False,
2025-04-23T10:00:00.000Z,USA,Nevada Power Company,US-NW-NEVP,406.0,504.0,,17.0,,False,
2025-04-23T11:00:00.000Z,USA,Nevada Power Company,US-NW-NEVP,407.0,505.0,,17.0,,False,
2025-04-23T12:00:00.000Z,USA,Nevada Power Company,US-NW-NEVP,393.0,489.0,,20.0,,False,
2025-04-23T13:00:00.000Z,USA,Nevada Power Company,US-NW-NEVP,363.0,453.0,,26.0,,False,
2025-04-23T14:00:00.000Z,USA,Nevada Power Company,US-NW-NEVP,219.0,282.0,,55.0,,False,
2025-04-23T15:00:00.000Z,USA,Nevada Power Company,US-NW-NEVP,150.0,199.0,,70.0,,False,
2025-04-23T16:00:00.000Z,USA,Nevada Power Company,US-NW-NEVP,135.0,181.0,,73.0,,False,
2025-04-23T17:00:00.000Z,USA,Nevada Power Company,US-NW-NEVP,131.0,177.0,,74.0,,False,
2025-04-23T18:00:00.000Z,USA,Nevada Power Company,US-NW-NEVP,143.0,191.0,,72.0,,False,
2025-04-23T19:00:00.000Z,USA,Nevada Power Company,US-NW-NEVP,156.0,206.0,,69.0,,False,
2025-04-23T20:00:00.000Z,USA,Nevada Power Company,US-NW-NEVP,167.0,220.0,,66.0,,False,
2025-04-23T21:00:00.000Z,USA,Nevada Power Company,US-NW-NEVP,153.0,204.0,,69.0,,False,
2025-04-23T22:00:00.000Z,USA,Nevada Power Company,US-NW-NEVP,160.0,214.0,,67.0,,False,
2025-04-23T23:00:00.000Z,USA,Nevada Power Company,US-NW-NEVP,183.0,240.0,,63.0,,False,
2025-04-24T00:00:00.000Z,USA,Nevada Power Company,US-NW-NEVP,219.0,281.0,,56.0,,False,
2025-04-24T01:00:00.000Z,USA,Nevada Power Company,US-NW-NEVP,276.0,351.0,,43.0,,True,TIME_SLICER_AVERAGE
2025-04-24T02:00:00.000Z,USA,Nevada Power Company,US-NW-NEVP,326.0,412.0,,31.0,,True,TIME_SLICER_AVERAGE
2025-04-24T03:00:00.000Z,USA,Nevada Power Company,US-NW-NEVP,401.0,504.0,,12.0,,True,TIME_SLICER_AVERAGE
2025-04-24T04:00:00.000Z,USA,Nevada Power Company,US-NW-NEVP,404.0,510.0,,10.0,,False,
2025-04-24T05:00:00.000Z,USA,Nevada Power Company,US-NW-NEVP,401.0,508.0,,10.0,,False,
2025-04-24T06:00:00.000Z,USA,Nevada Power Company,US-NW-NEVP,397.0,505.0,,9.0,,False,
2025-04-24T07:00:00.000Z,USA,Nevada Power Company,US-NW-NEVP,385.0,483.0,,18.0,,False,
2025-04-24T08:00:00.000Z,USA,Nevada Power Company,US-NW-NEVP,383.0,481.0,,18.0,,False,
2025-04-24T09:00:00.000Z,USA,Nevada Power Company,US-NW-NEVP,387.0,486.0,,17.0,,False,
2025-04-24T10:00:00.000Z,USA,Nevada Power Company,US-NW-NEVP,388.0,489.0,,16.0,,False,
2025-04-24T11:00:00.000Z,USA,Nevada Power Company,US-NW-NEVP,393.0,494.0,,15.0,,False,
2025-04-24T12:00:00.000Z,USA,Nevada Power Company,US-NW-NEVP,395.0,495.0,,16.0,,False,
2025-04-24T13:00:00.000Z,USA,Nevada Power Company,US-NW-NEVP,343.0,437.0,,25.0,,False,
2025-04-24T14:00:00.000Z,USA,Nevada Power Company,US-NW-NEVP,205.0,269.0,,56.0,,False,
2025-04-24T15:00:00.000Z,USA,Nevada Power Company,US-NW-NEVP,138.0,186.0,,73.0,,False,
2025-04-24T16:00:00.000Z,USA,Nevada Power Company,US-NW-NEVP,129.0,175.0,,74.0,,False,
2025-04-24T17:00:00.000Z,USA,Nevada Power Company,US-NW-NEVP,128.0,174.0,,75.0,,False,
2025-04-24T18:00:00.000Z,USA,Nevada Power Company,US-NW-NEVP,128.0,175.0,,74.0,,False,
2025-04-24T19:00:00.000Z,USA,Nevada Power Company,US-NW-NEVP,135.0,183.0,,73.0,,False,
2025-04-24T20:00:00.000Z,USA,Nevada Power Company,US-NW-NEVP,133.0,180.0,,73.0,,False,
2025-04-24T21:00:00.000Z,USA,Nevada Power Company,US-NW-NEVP,145.0,195.0,,70.0,,False,
2025-04-24T22:00:00.000Z,USA,Nevada Power Company,US-NW-NEVP,171.0,228.0,,64.0,,False,
2025-04-24T23:00:00.000Z,USA,Nevada Power Company,US-NW-NEVP,203.0,265.0,,58.0,,False,
2025-04-25T00:00:00.000Z,USA,Nevada Power Company,US-NW-NEVP,244.0,315.0,,48.0,,False,
2025-04-25T01:00:00.000Z,USA,Nevada Power Company,US-NW-NEVP,341.0,429.0,,29.0,,False,
2025-04-25T02:00:00.000Z,USA,Nevada Power Company,US-NW-NEVP,353.0,443.0,,27.0,,True,TIME_SLICER_AVERAGE
2025-04-25T03:00:00.000Z,USA,Nevada Power Company,US-NW-NEVP,413.0,510.0,,18.0,,True,TIME_SLICER_AVERAGE
2025-04-25T04:00:00.000Z,USA,Nevada Power Company,US-NW-NEVP,398.0,500.0,,14.0,,True,TIME_SLICER_AVERAGE
2025-04-25T05:00:00.000Z,USA,Nevada Power Company,US-NW-NEVP,402.0,502.0,,15.0,,True,TIME_SLICER_AVERAGE
2025-04-25T06:00:00.000Z,USA,Nevada Power Company,US-NW-NEVP,406.0,505.0,,16.0,,True,TIME_SLICER_AVERAGE
2025-04-25T07:00:00.000Z,USA,Nevada Power Company,US-NW-NEVP,398.0,498.0,,16.0,,False,
2025-04-25T08:00:00.000Z,USA,Nevada Power Company,US-NW-NEVP,395.0,497.0,,14.0,,False,
2025-04-25T09:00:00.000Z,USA,Nevada Power Company,US-NW-NEVP,398.0,502.0,,14.0,,False,
2025-04-25T10:00:00.000Z,USA,Nevada Power Company,US-NW-NEVP,398.0,500.0,,15.0,,False,
2025-04-25T11:00:00.000Z,USA,Nevada Power Company,US-NW-NEVP,396.0,497.0,,16.0,,False,
2025-04-25T12:00:00.000Z,USA,Nevada Power Company,US-NW-NEVP,388.0,487.0,,18.0,,False,
2025-04-25T13:00:00.000Z,USA,Nevada Power Company,US-NW-NEVP,370.0,464.0,,23.0,,False,
2025-04-25T14:00:00.000Z,USA,Nevada Power Company,US-NW-NEVP,236.0,303.0,,52.0,,False,
2025-04-25T15:00:00.000Z,USA,Nevada Power Company,US-NW-NEVP,178.0,229.0,,68.0,,False,
2025-04-25T16:00:00.000Z,USA,Nevada Power Company,US-NW-NEVP,165.0,211.0,,72.0,,False,
2025-04-25T17:00:00.000Z,USA,Nevada Power Company,US-NW-NEVP,154.0,201.0,,73.0,,False,
2025-04-25T18:00:00.000Z,USA,Nevada Power Company,US-NW-NEVP,145.0,191.0,,75.0,,False,
2025-04-25T19:00:00.000Z,USA,Nevada Power Company,US-NW-NEVP,144.0,189.0,,75.0,,False,
2025-04-25T20:00:00.000Z,USA,Nevada Power Company,US-NW-NEVP,153.0,202.0,,71.0,,False,
2025-04-25T21:00:00.000Z,USA,Nevada Power Company,US-NW-NEVP,162.0,213.0,,69.0,,False,
2025-04-25T22:00:00.000Z,USA,Nevada Power Company,US-NW-NEVP,181.0,238.0,,64.0,,False,
2025-04-25T23:00:00.000Z,USA,Nevada Power Company,US-NW-NEVP,199.0,258.0,,61.0,,False,
2025-04-26T00:00:00.000Z,USA,Nevada Power Company,US-NW-NEVP,238.0,305.0,,52.0,,False,
2025-04-26T01:00:00.000Z,USA,Nevada Power Company,US-NW-NEVP,290.0,368.0,,40.0,,True,TIME_SLICER_AVERAGE
2025-04-26T02:00:00.000Z,USA,Nevada Power Company,US-NW-NEVP,329.0,418.0,,29.0,,True,TIME_SLICER_AVERAGE
2025-04-26T03:00:00.000Z,USA,Nevada Power Company,US-NW-NEVP,397.0,502.0,,12.0,,True,TIME_SLICER_AVERAGE
2025-04-26T04:00:00.000Z,USA,Nevada Power Company,US-NW-NEVP,401.0,507.0,,10.0,,False,
2025-04-26T05:00:00.000Z,USA,Nevada Power Company,US-NW-NEVP,396.0,502.0,,11.0,,False,
2025-04-26T06:00:00.000Z,USA,Nevada Power Company,US-NW-NEVP,394.0,502.0,,9.0,,False,
2025-04-26T07:00:00.000Z,USA,Nevada Power Company,US-NW-NEVP,383.0,479.0,,20.0,,False,
2025-04-26T08:00:00.000Z,USA,Nevada Power Company,US-NW-NEVP,384.0,479.0,,20.0,,False,
2025-04-26T09:00:00.000Z,USA,Nevada Power Company,US-NW-NEVP,386.0,482.0,,20.0,,False,
2025-04-26T10:00:00.000Z,USA,Nevada Power Company,US-NW-NEVP,384.0,481.0,,19.0,,False,
2025-04-26T11:00:00.000Z,USA,Nevada Power Company,US-NW-NEVP,385.0,482.0,,19.0,,False,
2025-04-26T12:00:00.000Z,USA,Nevada Power Company,US-NW-NEVP,378.0,473.0,,21.0,,False,
2025-04-26T13:00:00.000Z,USA,Nevada Power Company,US-NW-NEVP,345.0,433.0,,29.0,,False,
2025-04-26T14:00:00.000Z,USA,Nevada Power Company,US-NW-NEVP,224.0,286.0,,57.0,,False,
2025-04-26T15:00:00.000Z,USA,Nevada Power Company,US-NW-NEVP,156.0,202.0,,74.0,,False,
2025-04-26T16:00:00.000Z,USA,Nevada Power Company,US-NW-NEVP,150.0,195.0,,75.0,,False,
2025-04-26T17:00:00.000Z,USA,Nevada Power Company,US-NW-NEVP,144.0,189.0,,75.0,,False,
2025-04-26T18:00:00.000Z,USA,Nevada Power Company,US-NW-NEVP,144.0,189.0,,75.0,,False,
2025-04-26T19:00:00.000Z,USA,Nevada Power Company,US-NW-NEVP,142.0,187.0,,76.0,,False,
2025-04-26T20:00:00.000Z,USA,Nevada Power Company,US-NW-NEVP,139.0,184.0,,76.0,,False,
2025-04-26T21:00:00.000Z,USA,Nevada Power Company,US-NW-NEVP,147.0,194.0,,74.0,,False,
2025-04-26T22:00:00.000Z,USA,Nevada Power Company,US-NW-NEVP,164.0,215.0,,70.0,,False,
2025-04-26T23:00:00.000Z,USA,Nevada Power Company,US-NW-NEVP,198.0,256.0,,62.0,,False,
2025-04-27T00:00:00.000Z,USA,Nevada Power Company,US-NW-NEVP,253.0,322.0,,50.0,,False,
2025-04-27T01:00:00.000Z,USA,Nevada Power Company,US-NW-NEVP,345.0,431.0,,30.0,,False,
2025-04-27T02:00:00.000Z,USA,Nevada Power Company,US-NW-NEVP,362.0,455.0,,23.0,,True,TIME_SLICER_AVERAGE
2025-04-27T03:00:00.000Z,USA,Nevada Power Company,US-NW-NEVP,391.0,494.0,,14.0,,True,TIME_SLICER_AVERAGE
2025-04-27T04:00:00.000Z,USA,Nevada Power Company,US-NW-NEVP,397.0,504.0,,10.0,,True,TIME_SLICER_AVERAGE
2025-04-27T05:00:00.000Z,USA,Nevada Power Company,US-NW-NEVP,400.0,509.0,,8.0,,False,
2025-04-27T06:00:00.000Z,USA,Nevada Power Company,US-NW-NEVP,399.0,508.0,,9.0,,False,
2025-04-27T07:00:00.000Z,USA,Nevada Power Company,US-NW-NEVP,398.0,495.0,,18.0,,False,
2025-04-27T08:00:00.000Z,USA,Nevada Power Company,US-NW-NEVP,403.0,497.0,,20.0,,False,
2025-04-27T09:00:00.000Z,USA,Nevada Power Company,US-NW-NEVP,393.0,487.0,,20.0,,False,
2025-04-27T10:00:00.000Z,USA,Nevada Power Company,US-NW-NEVP,384.0,479.0,,20.0,,False,
2025-04-27T11:00:00.000Z,USA,Nevada Power Company,US-NW-NEVP,399.0,493.0,,20.0,,False,
2025-04-27T12:00:00.000Z,USA,Nevada Power Company,US-NW-NEVP,385.0,479.0,,22.0,,False,
2025-04-27T13:00:00.000Z,USA,Nevada Power Company,US-NW-NEVP,325.0,407.0,,34.0,,False,
2025-04-27T14:00:00.000Z,USA,Nevada Power Company,US-NW-NEVP,195.0,250.0,,64.0,,False,
2025-04-27T15:00:00.000Z,USA,Nevada Power Company,US-NW-NEVP,152.0,198.0,,74.0,,False,
2025-04-27T16:00:00.000Z,USA,Nevada Power Company,US-NW-NEVP,148.0,194.0,,74.0,,False,
2025-04-27T17:00:00.000Z,USA,Nevada Power Company,US-NW-NEVP,133.0,177.0,,77.0,,False,
2025-04-27T18:00:00.000Z,USA,Nevada Power Company,US-NW-NEVP,133.0,177.0,,77.0,,False,
2025-04-27T19:00:00.000Z,USA,Nevada Power Company,US-NW-NEVP,133.0,177.0,,77.0,,False,
2025-04-27T20:00:00.000Z,USA,Nevada Power Company,US-NW-NEVP,140.0,185.0,,75.0,,False,
2025-04-27T21:00:00.000Z,USA,Nevada Power Company,US-NW-NEVP,177.0,227.0,,67.0,,False,
2025-04-27T22:00:00.000Z,USA,Nevada Power Company,US-NW-NEVP,157.0,203.0,,71.0,,False,
2025-04-27T23:00:00.000Z,USA,Nevada Power Company,US-NW-NEVP,174.0,227.0,,67.0,,False,
2025-04-28T00:00:00.000Z,USA,Nevada Power Company,US-NW-NEVP,211.0,270.0,,60.0,,False,
2025-04-28T01:00:00.000Z,USA,Nevada Power Company,US-NW-NEVP,285.0,362.0,,41.0,,True,TIME_SLICER_AVERAGE
2025-04-28T02:00:00.000Z,USA,Nevada Power Company,US-NW-NEVP,329.0,417.0,,29.0,,True,TIME_SLICER_AVERAGE
2025-04-28T03:00:00.000Z,USA,Nevada Power Company,US-NW-NEVP,398.0,503.0,,11.0,,True,TIME_SLICER_AVERAGE
2025-04-28T04:00:00.000Z,USA,Nevada Power Company,US-NW-NEVP,404.0,512.0,,9.0,,False,
2025-04-28T05:00:00.000Z,USA,Nevada Power Company,US-NW-NEVP,393.0,498.0,,12.0,,False,
2025-04-28T06:00:00.000Z,USA,Nevada Power Company,US-NW-NEVP,391.0,499.0,,10.0,,False,
2025-04-28T07:00:00.000Z,USA,Nevada Power Company,US-NW-NEVP,383.0,482.0,,19.0,,False,
2025-04-28T08:00:00.000Z,USA,Nevada Power Company,US-NW-NEVP,389.0,487.0,,17.0,,False,
2025-04-28T09:00:00.000Z,USA,Nevada Power Company,US-NW-NEVP,383.0,481.0,,18.0,,False,
2025-04-28T10:00:00.000Z,USA,Nevada Power Company,US-NW-NEVP,378.0,477.0,,17.0,,False,
2025-04-28T11:00:00.000Z,USA,Nevada Power Company,US-NW-NEVP,375.0,473.0,,18.0,,False,
2025-04-28T12:00:00.000Z,USA,Nevada Power Company,US-NW-NEVP,375.0,472.0,,19.0,,False,
2025-04-28T13:00:00.000Z,USA,Nevada Power Company,US-NW-NEVP,346.0,435.0,,27.0,,False,
2025-04-28T14:00:00.000Z,USA,Nevada Power Company,US-NW-NEVP,283.0,358.0,,41.0,,False,
2025-04-28T15:00:00.000Z,USA,Nevada Power Company,US-NW-NEVP,188.0,242.0,,64.0,,False,
2025-04-28T16:00:00.000Z,USA,Nevada Power Company,US-NW-NEVP,154.0,202.0,,71.0,,False,
2025-04-28T17:00:00.000Z,USA,Nevada Power Company,US-NW-NEVP,151.0,199.0,,72.0,,False,
2025-04-28T18:00:00.000Z,USA,Nevada Power Company,US-NW-NEVP,148.0,196.0,,72.0,,False,
2025-04-28T19:00:00.000Z,USA,Nevada Power Company,US-NW-NEVP,148.0,196.0,,72.0,,False,
2025-04-28T20:00:00.000Z,USA,Nevada Power Company,US-NW-NEVP,160.0,209.0,,70.0,,False,
2025-04-28T21:00:00.000Z,USA,Nevada Power Company,US-NW-NEVP,159.0,206.0,,71.0,,False,
2025-04-28T22:00:00.000Z,USA,Nevada Power Company,US-NW-NEVP,179.0,232.0,,65.0,,False,
2025-04-28T23:00:00.000Z,USA,Nevada Power Company,US-NW-NEVP,208.0,269.0,,59.0,,False,
2025-04-29T00:00:00.000Z,USA,Nevada Power Company,US-NW-NEVP,239.0,308.0,,51.0,,False,
2025-04-29T01:00:00.000Z,USA,Nevada Power Company,US-NW-NEVP,339.0,427.0,,29.0,,False,
2025-04-29T02:00:00.000Z,USA,Nevada Power Company,US-NW-NEVP,364.0,458.0,,22.0,,True,TIME_SLICER_AVERAGE
2025-04-29T03:00:00.000Z,USA,Nevada Power Company,US-NW-NEVP,397.0,501.0,,12.0,,True,TIME_SLICER_AVERAGE
2025-04-29T04:00:00.000Z,USA,Nevada Power Company,US-NW-NEVP,400.0,507.0,,11.0,,False,
2025-04-29T05:00:00.000Z,USA,Nevada Power Company,US-NW-NEVP,400.0,508.0,,10.0,,False,
2025-04-29T06:00:00.000Z,USA,Nevada Power Company,US-NW-NEVP,397.0,503.0,,11.0,,False,
2025-04-29T07:00:00.000Z,USA,Nevada Power Company,US-NW-NEVP,385.0,479.0,,22.0,,False,
2025-04-29T08:00:00.000Z,USA,Nevada Power Company,US-NW-NEVP,387.0,484.0,,19.0,,False,
2025-04-29T09:00:00.000Z,USA,Nevada Power Company,US-NW-NEVP,384.0,481.0,,19.0,,False,
2025-04-29T10:00:00.000Z,USA,Nevada Power Company,US-NW-NEVP,385.0,482.0,,19.0,,False,
2025-04-29T11:00:00.000Z,USA,Nevada Power Company,US-NW-NEVP,387.0,483.0,,19.0,,False,
2025-04-29T12:00:00.000Z,USA,Nevada Power Company,US-NW-NEVP,387.0,480.0,,21.0,,False,
2025-04-29T13:00:00.000Z,USA,Nevada Power Company,US-NW-NEVP,333.0,413.0,,36.0,,False,
2025-04-29T14:00:00.000Z,USA,Nevada Power Company,US-NW-NEVP,219.0,279.0,,59.0,,False,
2025-04-29T15:00:00.000Z,USA,Nevada Power Company,US-NW-NEVP,168.0,216.0,,71.0,,False,
2025-04-29T16:00:00.000Z,USA,Nevada Power Company,US-NW-NEVP,160.0,206.0,,73.0,,False,
2025-04-29T17:00:00.000Z,USA,Nevada Power Company,US-NW-NEVP,165.0,213.0,,72.0,,False,
2025-04-29T18:00:00.000Z,USA,Nevada Power Company,US-NW-NEVP,166.0,214.0,,72.0,,False,
2025-04-29T19:00:00.000Z,USA,Nevada Power Company,US-NW-NEVP,168.0,216.0,,72.0,,False,
2025-04-29T20:00:00.000Z,USA,Nevada Power Company,US-NW-NEVP,174.0,223.0,,70.0,,False,
2025-04-29T21:00:00.000Z,USA,Nevada Power Company,US-NW-NEVP,182.0,234.0,,67.0,,False,
2025-04-29T22:00:00.000Z,USA,Nevada Power Company,US-NW-NEVP,195.0,250.0,,64.0,,False,
2025-04-29T23:00:00.000Z,USA,Nevada Power Company,US-NW-NEVP,223.0,282.0,,59.0,,False,
2025-04-30T00:00:00.000Z,USA,Nevada Power Company,US-NW-NEVP,264.0,331.0,,50.0,,False,
2025-04-30T01:00:00.000Z,USA,Nevada Power Company,US-NW-NEVP,353.0,435.0,,32.0,,False,
2025-04-30T02:00:00.000Z,USA,Nevada Power Company,US-NW-NEVP,384.0,479.0,,21.0,,True,TIME_SLICER_AVERAGE
2025-04-30T03:00:00.000Z,USA,Nevada Power Company,US-NW-NEVP,419.0,524.0,,10.0,,True,TIME_SLICER_AVERAGE
2025-04-30T04:00:00.000Z,USA,Nevada Power Company,US-NW-NEVP,421.0,530.0,,7.0,,False,
2025-04-30T05:00:00.000Z,USA,Nevada Power Company,US-NW-NEVP,413.0,521.0,,8.0,,False,
2025-04-30T06:00:00.000Z,USA,Nevada Power Company,US-NW-NEVP,411.0,520.0,,8.0,,False,
2025-04-30T07:00:00.000Z,USA,Nevada Power Company,US-NW-NEVP,411.0,510.0,,16.0,,False,
2025-04-30T08:00:00.000Z,USA,Nevada Power Company,US-NW-NEVP,411.0,509.0,,17.0,,False,
2025-04-30T09:00:00.000Z,USA,Nevada Power Company,US-NW-NEVP,411.0,509.0,,17.0,,False,
2025-04-30T10:00:00.000Z,USA,Nevada Power Company,US-NW-NEVP,404.0,497.0,,20.0,,False,
2025-04-30T11:00:00.000Z,USA,Nevada Power Company,US-NW-NEVP,406.0,499.0,,20.0,,False,
2025-04-30T12:00:00.000Z,USA,Nevada Power Company,US-NW-NEVP,407.0,501.0,,20.0,,False,
2025-04-30T13:00:00.000Z,USA,Nevada Power Company,US-NW-NEVP,365.0,453.0,,27.0,,False,
2025-04-30T14:00:00.000Z,USA,Nevada Power Company,US-NW-NEVP,262.0,328.0,,51.0,,False,
2025-04-30T15:00:00.000Z,USA,Nevada Power Company,US-NW-NEVP,204.0,259.0,,62.0,,False,
2025-04-30T16:00:00.000Z,USA,Nevada Power Company,US-NW-NEVP,191.0,246.0,,64.0,,False,
2025-04-30T17:00:00.000Z,USA,Nevada Power Company,US-NW-NEVP,189.0,244.0,,64.0,,False,
2025-04-30T18:00:00.000Z,USA,Nevada Power Company,US-NW-NEVP,182.0,236.0,,66.0,,False,
2025-04-30T19:00:00.000Z,USA,Nevada Power Company,US-NW-NEVP,188.0,242.0,,65.0,,False,
2025-04-30T20:00:00.000Z,USA,Nevada Power Company,US-NW-NEVP,210.0,268.0,,60.0,,False,
2025-04-30T21:00:00.000Z,USA,Nevada Power Company,US-NW-NEVP,237.0,301.0,,53.0,,False,
2025-04-30T22:00:00.000Z,USA,Nevada Power Company,US-NW-NEVP,260.0,329.0,,47.0,,False,
2025-04-30T23:00:00.000Z,USA,Nevada Power Company,US-NW-NEVP,273.0,342.0,,46.0,,False,
2025-05-01T00:00:00.000Z,USA,Nevada Power Company,US-NW-NEVP,318.0,398.0,,35.0,,False,
2025-05-01T01:00:00.000Z,USA,Nevada Power Company,US-NW-NEVP,388.0,480.0,,23.0,,False,
2025-05-01T02:00:00.000Z,USA,Nevada Power Company,US-NW-NEVP,411.0,512.0,,14.0,,True,TIME_SLICER_AVERAGE
2025-05-01T03:00:00.000Z,USA,Nevada Power Company,US-NW-NEVP,428.0,536.0,,8.0,,True,TIME_SLICER_AVERAGE
2025-05-01T04:00:00.000Z,USA,Nevada Power Company,US-NW-NEVP,428.0,538.0,,6.0,,False,
2025-05-01T05:00:00.000Z,USA,Nevada Power Company,US-NW-NEVP,421.0,531.0,,6.0,,False,
2025-05-01T06:00:00.000Z,USA,Nevada Power Company,US-NW-NEVP,426.0,536.0,,6.0,,False,
2025-05-01T07:00:00.000Z,USA,Nevada Power Company,US-NW-NEVP,438.0,538.0,,13.0,,False,
2025-05-01T08:00:00.000Z,USA,Nevada Power Company,US-NW-NEVP,440.0,541.0,,13.0,,False,
2025-05-01T09:00:00.000Z,USA,Nevada Power Company,US-NW-NEVP,438.0,534.0,,17.0,,False,
2025-05-01T10:00:00.000Z,USA,Nevada Power Company,US-NW-NEVP,433.0,527.0,,18.0,,False,
2025-05-01T11:00:00.000Z,USA,Nevada Power Company,US-NW-NEVP,434.0,527.0,,19.0,,False,
2025-05-01T12:00:00.000Z,USA,Nevada Power Company,US-NW-NEVP,429.0,519.0,,21.0,,False,
2025-05-01T13:00:00.000Z,USA,Nevada Power Company,US-NW-NEVP,407.0,494.0,,24.0,,False,
2025-05-01T14:00:00.000Z,USA,Nevada Power Company,US-NW-NEVP,326.0,405.0,,36.0,,False,
2025-05-01T15:00:00.000Z,USA,Nevada Power Company,US-NW-NEVP,249.0,316.0,,50.0,,False,
2025-05-01T16:00:00.000Z,USA,Nevada Power Company,US-NW-NEVP,222.0,283.0,,57.0,,False,
2025-05-01T17:00:00.000Z,USA,Nevada Power Company,US-NW-NEVP,211.0,270.0,,60.0,,False,
2025-05-01T18:00:00.000Z,USA,Nevada Power Company,US-NW-NEVP,187.0,241.0,,66.0,,False,
2025-05-01T19:00:00.000Z,USA,Nevada Power Company,US-NW-NEVP,189.0,242.0,,66.0,,False,
2025-05-01T20:00:00.000Z,USA,Nevada Power Company,US-NW-NEVP,193.0,247.0,,65.0,,False,
2025-05-01T21:00:00.000Z,USA,Nevada Power Company,US-NW-NEVP,207.0,264.0,,61.0,,False,
2025-05-01T22:00:00.000Z,USA,Nevada Power Company,US-NW-NEVP,211.0,269.0,,60.0,,False,
2025-05-01T23:00:00.000Z,USA,Nevada Power Company,US-NW-NEVP,241.0,303.0,,55.0,,False,
2025-05-02T00:00:00.000Z,USA,Nevada Power Company,US-NW-NEVP,280.0,348.0,,47.0,,False,
2025-05-02T01:00:00.000Z,USA,Nevada Power Company,US-NW-NEVP,298.0,366.0,,47.0,,True,TIME_SLICER_AVERAGE
2025-05-02T02:00:00.000Z,USA,Nevada Power Company,US-NW-NEVP,329.0,397.0,,44.0,,True,TIME_SLICER_AVERAGE
2025-05-02T03:00:00.000Z,USA,Nevada Power Company,US-NW-NEVP,458.0,533.0,,29.0,,False,
2025-05-02T04:00:00.000Z,USA,Nevada Power Company,US-NW-NEVP,497.0,562.0,,34.0,,False,
2025-05-02T05:00:00.000Z,USA,Nevada Power Company,US-NW-NEVP,424.0,529.0,,10.0,,False,
2025-05-02T06:00:00.000Z,USA,Nevada Power Company,US-NW-NEVP,426.0,532.0,,9.0,,False,
2025-05-02T07:00:00.000Z,USA,Nevada Power Company,US-NW-NEVP,430.0,526.0,,17.0,,False,
2025-05-02T08:00:00.000Z,USA,Nevada Power Company,US-NW-NEVP,427.0,525.0,,16.0,,False,
2025-05-02T09:00:00.000Z,USA,Nevada Power Company,US-NW-NEVP,431.0,529.0,,15.0,,False,
2025-05-02T10:00:00.000Z,USA,Nevada Power Company,US-NW-NEVP,434.0,532.0,,15.0,,False,
2025-05-02T11:00:00.000Z,USA,Nevada Power Company,US-NW-NEVP,431.0,528.0,,16.0,,False,
2025-05-02T12:00:00.000Z,USA,Nevada Power Company,US-NW-NEVP,421.0,517.0,,17.0,,False,
2025-05-02T13:00:00.000Z,USA,Nevada Power Company,US-NW-NEVP,378.0,466.0,,26.0,,False,
2025-05-02T14:00:00.000Z,USA,Nevada Power Company,US-NW-NEVP,227.0,286.0,,59.0,,False,
2025-05-02T15:00:00.000Z,USA,Nevada Power Company,US-NW-NEVP,171.0,220.0,,70.0,,False,
2025-05-02T16:00:00.000Z,USA,Nevada Power Company,US-NW-NEVP,166.0,213.0,,71.0,,False,
2025-05-02T17:00:00.000Z,USA,Nevada Power Company,US-NW-NEVP,162.0,209.0,,72.0,,False,
2025-05-02T18:00:00.000Z,USA,Nevada Power Company,US-NW-NEVP,164.0,211.0,,72.0,,False,
2025-05-02T19:00:00.000Z,USA,Nevada Power Company,US-NW-NEVP,172.0,221.0,,70.0,,False,
2025-05-02T20:00:00.000Z,USA,Nevada Power Company,US-NW-NEVP,180.0,232.0,,67.0,,False,
2025-05-02T21:00:00.000Z,USA,Nevada Power Company,US-NW-NEVP,181.0,234.0,,66.0,,False,
2025-05-02T22:00:00.000Z,USA,Nevada Power Company,US-NW-NEVP,189.0,245.0,,63.0,,False,
2025-05-02T23:00:00.000Z,USA,Nevada Power Company,US-NW-NEVP,209.0,268.0,,60.0,,False,
2025-05-03T00:00:00.000Z,USA,Nevada Power Company,US-NW-NEVP,245.0,311.0,,52.0,,False,
2025-05-03T01:00:00.000Z,USA,Nevada Power Company,US-NW-NEVP,352.0,438.0,,30.0,,False,
2025-05-03T02:00:00.000Z,USA,Nevada Power Company,US-NW-NEVP,379.0,475.0,,20.0,,True,TIME_SLICER_AVERAGE
2025-05-03T03:00:00.000Z,USA,Nevada Power Company,US-NW-NEVP,414.0,520.0,,10.0,,True,TIME_SLICER_AVERAGE
2025-05-03T04:00:00.000Z,USA,Nevada Power Company,US-NW-NEVP,413.0,522.0,,8.0,,False,
2025-05-03T05:00:00.000Z,USA,Nevada Power Company,US-NW-NEVP,410.0,519.0,,8.0,,False,
2025-05-03T06:00:00.000Z,USA,Nevada Power Company,US-NW-NEVP,411.0,519.0,,9.0,,False,
2025-05-03T07:00:00.000Z,USA,Nevada Power Company,US-NW-NEVP,413.0,512.0,,16.0,,False,
2025-05-03T08:00:00.000Z,USA,Nevada Power Company,US-NW-NEVP,405.0,502.0,,18.0,,False,
2025-05-03T09:00:00.000Z,USA,Nevada Power Company,US-NW-NEVP,395.0,489.0,,21.0,,False,
2025-05-03T10:00:00.000Z,USA,Nevada Power Company,US-NW-NEVP,394.0,487.0,,22.0,,False,
2025-05-03T11:00:00.000Z,USA,Nevada Power Company,US-NW-NEVP,393.0,485.0,,22.0,,False,
2025-05-03T12:00:00.000Z,USA,Nevada Power Company,US-NW-NEVP,402.0,494.0,,22.0,,False,
2025-05-03T13:00:00.000Z,USA,Nevada Power Company,US-NW-NEVP,383.0,471.0,,26.0,,False,
2025-05-03T14:00:00.000Z,USA,Nevada Power Company,US-NW-NEVP,264.0,330.0,,50.0,,False,
2025-05-03T15:00:00.000Z,USA,Nevada Power Company,US-NW-NEVP,223.0,282.0,,58.0,,False,
2025-05-03T16:00:00.000Z,USA,Nevada Power Company,US-NW-NEVP,208.0,266.0,,60.0,,False,
2025-05-03T17:00:00.000Z,USA,Nevada Power Company,US-NW-NEVP,189.0,244.0,,64.0,,False,
2025-05-03T18:00:00.000Z,USA,Nevada Power Company,US-NW-NEVP,200.0,258.0,,61.0,,False,
2025-05-03T19:00:00.000Z,USA,Nevada Power Company,US-NW-NEVP,203.0,261.0,,60.0,,False,
2025-05-03T20:00:00.000Z,USA,Nevada Power Company,US-NW-NEVP,212.0,272.0,,58.0,,False,
2025-05-03T21:00:00.000Z,USA,Nevada Power Company,US-NW-NEVP,225.0,288.0,,55.0,,False,
2025-05-03T22:00:00.000Z,USA,Nevada Power Company,US-NW-NEVP,256.0,325.0,,48.0,,False,
2025-05-03T23:00:00.000Z,USA,Nevada Power Company,US-NW-NEVP,299.0,373.0,,41.0,,False,
2025-05-04T00:00:00.000Z,USA,Nevada Power Company,US-NW-NEVP,353.0,437.0,,31.0,,False,
2025-05-04T01:00:00.000Z,USA,Nevada Power Company,US-NW-NEVP,370.0,458.0,,26.0,,True,TIME_SLICER_AVERAGE
2025-05-04T02:00:00.000Z,USA,Nevada Power Company,US-NW-NEVP,406.0,500.0,,19.0,,True,TIME_SLICER_AVERAGE
2025-05-04T03:00:00.000Z,USA,Nevada Power Company,US-NW-NEVP,414.0,506.0,,21.0,,True,TIME_SLICER_AVERAGE
2025-05-04T04:00:00.000Z,USA,Nevada Power Company,US-NW-NEVP,404.0,505.0,,15.0,,True,TIME_SLICER_AVERAGE
2025-05-04T05:00:00.000Z,USA,Nevada Power Company,US-NW-NEVP,405.0,506.0,,14.0,,False,
2025-05-04T06:00:00.000Z,USA,Nevada Power Company,US-NW-NEVP,417.0,519.0,,13.0,,False,
2025-05-04T07:00:00.000Z,USA,Nevada Power Company,US-NW-NEVP,405.0,498.0,,21.0,,False,
2025-05-04T08:00:00.000Z,USA,Nevada Power Company,US-NW-NEVP,393.0,483.0,,24.0,,False,
2025-05-04T09:00:00.000Z,USA,Nevada Power Company,US-NW-NEVP,393.0,484.0,,23.0,,False,
2025-05-04T10:00:00.000Z,USA,Nevada Power Company,US-NW-NEVP,400.0,494.0,,20.0,,False,
2025-05-04T11:00:00.000Z,USA,Nevada Power Company,US-NW-NEVP,406.0,500.0,,19.0,,False,
2025-05-04T12:00:00.000Z,USA,Nevada Power Company,US-NW-NEVP,412.0,506.0,,18.0,,False,
2025-05-04T13:00:00.000Z,USA,Nevada Power Company,US-NW-NEVP,420.0,515.0,,17.0,,False,
2025-05-04T14:00:00.000Z,USA,Nevada Power Company,US-NW-NEVP,394.0,479.0,,26.0,,False,
2025-05-04T15:00:00.000Z,USA,Nevada Power Company,US-NW-NEVP,302.0,371.0,,44.0,,False,
2025-05-04T16:00:00.000Z,USA,Nevada Power Company,US-NW-NEVP,284.0,353.0,,44.0,,False,
2025-05-04T17:00:00.000Z,USA,Nevada Power Company,US-NW-NEVP,219.0,277.0,,58.0,,False,
2025-05-04T18:00:00.000Z,USA,Nevada Power Company,US-NW-NEVP,208.0,265.0,,61.0,,False,
2025-05-04T19:00:00.000Z,USA,Nevada Power Company,US-NW-NEVP,237.0,301.0,,54.0,,False,
2025-05-04T20:00:00.000Z,USA,Nevada Power Company,US-NW-NEVP,250.0,316.0,,51.0,,False,
2025-05-04T21:00:00.000Z,USA,Nevada Power Company,US-NW-NEVP,270.0,340.0,,47.0,,False,
2025-05-04T22:00:00.000Z,USA,Nevada Power Company,US-NW-NEVP,294.0,369.0,,41.0,,False,
2025-05-04T23:00:00.000Z,USA,Nevada Power Company,US-NW-NEVP,299.0,372.0,,43.0,,False,
2025-05-05T00:00:00.000Z,USA,Nevada Power Company,US-NW-NEVP,332.0,411.0,,36.0,,False,
2025-05-05T01:00:00.000Z,USA,Nevada Power Company,US-NW-NEVP,390.0,476.0,,27.0,,False,
2025-05-05T02:00:00.000Z,USA,Nevada Power Company,US-NW-NEVP,417.0,507.0,,22.0,,True,TIME_SLICER_AVERAGE
2025-05-05T03:00:00.000Z,USA,Nevada Power Company,US-NW-NEVP,438.0,530.0,,18.0,,True,TIME_SLICER_AVERAGE
2025-05-05T04:00:00.000Z,USA,Nevada Power Company,US-NW-NEVP,441.0,534.0,,18.0,,False,
2025-05-05T05:00:00.000Z,USA,Nevada Power Company,US-NW-NEVP,424.0,516.0,,20.0,,False,
2025-05-05T06:00:00.000Z,USA,Nevada Power Company,US-NW-NEVP,418.0,510.0,,20.0,,False,
2025-05-05T07:00:00.000Z,USA,Nevada Power Company,US-NW-NEVP,425.0,517.0,,20.0,,False,
2025-05-05T08:00:00.000Z,USA,Nevada Power Company,US-NW-NEVP,421.0,513.0,,20.0,,False,
2025-05-05T09:00:00.000Z,USA,Nevada Power Company,US-NW-NEVP,423.0,517.0,,19.0,,False,
2025-05-05T10:00:00.000Z,USA,Nevada Power Company,US-NW-NEVP,425.0,519.0,,18.0,,False,
2025-05-05T11:00:00.000Z,USA,Nevada Power Company,US-NW-NEVP,429.0,523.0,,18.0,,False,
2025-05-05T12:00:00.000Z,USA,Nevada Power Company,US-NW-NEVP,427.0,521.0,,18.0,,False,
2025-05-05T13:00:00.000Z,USA,Nevada Power Company,US-NW-NEVP,408.0,501.0,,20.0,,False,
2025-05-05T14:00:00.000Z,USA,Nevada Power Company,US-NW-NEVP,382.0,469.0,,26.0,,False,
2025-05-05T15:00:00.000Z,USA,Nevada Power Company,US-NW-NEVP,343.0,423.0,,34.0,,False,
2025-05-05T16:00:00.000Z,USA,Nevada Power Company,US-NW-NEVP,272.0,342.0,,47.0,,False,
2025-05-05T17:00:00.000Z,USA,Nevada Power Company,US-NW-NEVP,273.0,344.0,,46.0,,False,
2025-05-05T18:00:00.000Z,USA,Nevada Power Company,US-NW-NEVP,242.0,307.0,,52.0,,False,
2025-05-05T19:00:00.000Z,USA,Nevada Power Company,US-NW-NEVP,257.0,326.0,,49.0,,False,
2025-05-05T20:00:00.000Z,USA,Nevada Power Company,US-NW-NEVP,289.0,361.0,,43.0,,False,
2025-05-05T21:00:00.000Z,USA,Nevada Power Company,US-NW-NEVP,319.0,395.0,,38.0,,False,
2025-05-05T22:00:00.000Z,USA,Nevada Power Company,US-NW-NEVP,328.0,402.0,,39.0,,False,
2025-05-05T23:00:00.000Z,USA,Nevada Power Company,US-NW-NEVP,330.0,404.0,,39.0,,False,
2025-05-06T00:00:00.000Z,USA,Nevada Power Company,US-NW-NEVP,331.0,406.0,,39.0,,False,
2025-05-06T01:00:00.000Z,USA,Nevada Power Company,US-NW-NEVP,371.0,456.0,,28.0,,False,
2025-05-06T02:00:00.000Z,USA,Nevada Power Company,US-NW-NEVP,390.0,485.0,,19.0,,True,TIME_SLICER_AVERAGE
2025-05-06T03:00:00.000Z,USA,Nevada Power Company,US-NW-NEVP,412.0,513.0,,13.0,,True,TIME_SLICER_AVERAGE
2025-05-06T04:00:00.000Z,USA,Nevada Power Company,US-NW-NEVP,418.0,523.0,,10.0,,False,
2025-05-06T05:00:00.000Z,USA,Nevada Power Company,US-NW-NEVP,418.0,522.0,,11.0,,False,
2025-05-06T06:00:00.000Z,USA,Nevada Power Company,US-NW-NEVP,417.0,521.0,,11.0,,False,
2025-05-06T07:00:00.000Z,USA,Nevada Power Company,US-NW-NEVP,419.0,509.0,,21.0,,False,
2025-05-06T08:00:00.000Z,USA,Nevada Power Company,US-NW-NEVP,428.0,520.0,,19.0,,False,
2025-05-06T09:00:00.000Z,USA,Nevada Power Company,US-NW-NEVP,432.0,528.0,,17.0,,False,
2025-05-06T10:00:00.000Z,USA,Nevada Power Company,US-NW-NEVP,435.0,532.0,,16.0,,False,
2025-05-06T11:00:00.000Z,USA,Nevada Power Company,US-NW-NEVP,430.0,524.0,,18.0,,False,
2025-05-06T12:00:00.000Z,USA,Nevada Power Company,US-NW-NEVP,420.0,512.0,,20.0,,False,
2025-05-06T13:00:00.000Z,USA,Nevada Power Company,US-NW-NEVP,391.0,481.0,,24.0,,False,
2025-05-06T14:00:00.000Z,USA,Nevada Power Company,US-NW-NEVP,323.0,403.0,,36.0,,False,
2025-05-06T15:00:00.000Z,USA,Nevada Power Company,US-NW-NEVP,278.0,347.0,,46.0,,False,
2025-05-06T16:00:00.000Z,USA,Nevada Power Company,US-NW-NEVP,190.0,242.0,,65.0,,False,
2025-05-06T17:00:00.000Z,USA,Nevada Power Company,US-NW-NEVP,188.0,241.0,,65.0,,False,
2025-05-06T18:00:00.000Z,USA,Nevada Power Company,US-NW-NEVP,191.0,247.0,,63.0,,False,
2025-05-06T19:00:00.000Z,USA,Nevada Power Company,US-NW-NEVP,197.0,254.0,,61.0,,False,
2025-05-06T20:00:00.000Z,USA,Nevada Power Company,US-NW-NEVP,192.0,248.0,,62.0,,False,
2025-05-06T21:00:00.000Z,USA,Nevada Power Company,US-NW-NEVP,214.0,273.0,,57.0,,False,
2025-05-06T22:00:00.000Z,USA,Nevada Power Company,US-NW-NEVP,210.0,268.0,,59.0,,False,
2025-05-06T23:00:00.000Z,USA,Nevada Power Company,US-NW-NEVP,234.0,296.0,,55.0,,False,
2025-05-07T00:00:00.000Z,USA,Nevada Power Company,US-NW-NEVP,299.0,374.0,,41.0,,False,
2025-05-07T01:00:00.000Z,USA,Nevada Power Company,US-NW-NEVP,333.0,415.0,,33.0,,True,TIME_SLICER_AVERAGE
2025-05-07T02:00:00.000Z,USA,Nevada Power Company,US-NW-NEVP,359.0,447.0,,26.0,,True,TIME_SLICER_AVERAGE
2025-05-07T03:00:00.000Z,USA,Nevada Power Company,US-NW-NEVP,406.0,503.0,,16.0,,True,TIME_SLICER_AVERAGE
2025-05-07T04:00:00.000Z,USA,Nevada Power Company,US-NW-NEVP,417.0,515.0,,14.0,,False,
2025-05-07T05:00:00.000Z,USA,Nevada Power Company,US-NW-NEVP,425.0,525.0,,14.0,,False,
2025-05-07T06:00:00.000Z,USA,Nevada Power Company,US-NW-NEVP,424.0,523.0,,14.0,,False,
2025-05-07T07:00:00.000Z,USA,Nevada Power Company,US-NW-NEVP,424.0,515.0,,21.0,,False,
2025-05-07T08:00:00.000Z,USA,Nevada Power Company,US-NW-NEVP,429.0,521.0,,20.0,,False,
2025-05-07T09:00:00.000Z,USA,Nevada Power Company,US-NW-NEVP,422.0,515.0,,20.0,,False,
2025-05-07T10:00:00.000Z,USA,Nevada Power Company,US-NW-NEVP,423.0,515.0,,20.0,,False,
2025-05-07T11:00:00.000Z,USA,Nevada Power Company,US-NW-NEVP,421.0,513.0,,21.0,,False,
2025-05-07T12:00:00.000Z,USA,Nevada Power Company,US-NW-NEVP,407.0,498.0,,22.0,,False,
2025-05-07T13:00:00.000Z,USA,Nevada Power Company,US-NW-NEVP,385.0,473.0,,25.0,,False,
2025-05-07T14:00:00.000Z,USA,Nevada Power Company,US-NW-NEVP,258.0,323.0,,52.0,,False,
2025-05-07T15:00:00.000Z,USA,Nevada Power Company,US-NW-NEVP,195.0,245.0,,68.0,,False,
2025-05-07T16:00:00.000Z,USA,Nevada Power Company,US-NW-NEVP,183.0,231.0,,69.0,,False,
2025-05-07T17:00:00.000Z,USA,Nevada Power Company,US-NW-NEVP,163.0,210.0,,73.0,,False,
2025-05-07T18:00:00.000Z,USA,Nevada Power Company,US-NW-NEVP,154.0,200.0,,74.0,,False,
2025-05-07T19:00:00.000Z,USA,Nevada Power Company,US-NW-NEVP,150.0,196.0,,75.0,,False,
2025-05-07T20:00:00.000Z,USA,Nevada Power Company,US-NW-NEVP,150.0,196.0,,74.0,,False,
2025-05-07T21:00:00.000Z,USA,Nevada Power Company,US-NW-NEVP,154.0,202.0,,73.0,,False,
2025-05-07T22:00:00.000Z,USA,Nevada Power Company,US-NW-NEVP,180.0,232.0,,67.0,,False,
2025-05-07T23:00:00.000Z,USA,Nevada Power Company,US-NW-NEVP,216.0,273.0,,60.0,,False,
2025-05-08T00:00:00.000Z,USA,Nevada Power Company,US-NW-NEVP,248.0,312.0,,54.0,,False,
2025-05-08T01:00:00.000Z,USA,Nevada Power Company,US-NW-NEVP,293.0,368.0,,42.0,,True,TIME_SLICER_AVERAGE
2025-05-08T02:00:00.000Z,USA,Nevada Power Company,US-NW-NEVP,332.0,416.0,,31.0,,True,TIME_SLICER_AVERAGE
2025-05-08T03:00:00.000Z,USA,Nevada Power Company,US-NW-NEVP,399.0,499.0,,15.0,,True,TIME_SLICER_AVERAGE
2025-05-08T04:00:00.000Z,USA,Nevada Power Company,US-NW-NEVP,406.0,509.0,,12.0,,False,
2025-05-08T05:00:00.000Z,USA,Nevada Power Company,US-NW-NEVP,405.0,507.0,,14.0,,False,
2025-05-08T06:00:00.000Z,USA,Nevada Power Company,US-NW-NEVP,402.0,505.0,,13.0,,False,
2025-05-08T07:00:00.000Z,USA,Nevada Power Company,US-NW-NEVP,398.0,489.0,,23.0,,False,
2025-05-08T08:00:00.000Z,USA,Nevada Power Company,US-NW-NEVP,405.0,496.0,,23.0,,False,
2025-05-08T09:00:00.000Z,USA,Nevada Power Company,US-NW-NEVP,402.0,493.0,,22.0,,False,
2025-05-08T10:00:00.000Z,USA,Nevada Power Company,US-NW-NEVP,400.0,493.0,,22.0,,False,
2025-05-08T11:00:00.000Z,USA,Nevada Power Company,US-NW-NEVP,393.0,486.0,,22.0,,False,
2025-05-08T12:00:00.000Z,USA,Nevada Power Company,US-NW-NEVP,379.0,467.0,,27.0,,False,
2025-05-08T13:00:00.000Z,USA,Nevada Power Company,US-NW-NEVP,345.0,424.0,,36.0,,False,
2025-05-08T14:00:00.000Z,USA,Nevada Power Company,US-NW-NEVP,235.0,296.0,,56.0,,False,
2025-05-08T15:00:00.000Z,USA,Nevada Power Company,US-NW-NEVP,191.0,243.0,,65.0,,False,
2025-05-08T16:00:00.000Z,USA,Nevada Power Company,US-NW-NEVP,185.0,237.0,,65.0,,False,
2025-05-08T17:00:00.000Z,USA,Nevada Power Company,US-NW-NEVP,172.0,223.0,,67.0,,False,
2025-05-08T18:00:00.000Z,USA,Nevada Power Company,US-NW-NEVP,165.0,216.0,,68.0,,False,
2025-05-08T19:00:00.000Z,USA,Nevada Power Company,US-NW-NEVP,168.0,220.0,,68.0,,False,
2025-05-08T20:00:00.000Z,USA,Nevada Power Company,US-NW-NEVP,170.0,222.0,,67.0,,False,
2025-05-08T21:00:00.000Z,USA,Nevada Power Company,US-NW-NEVP,190.0,246.0,,63.0,,False,
2025-05-08T22:00:00.000Z,USA,Nevada Power Company,US-NW-NEVP,208.0,267.0,,59.0,,False,
2025-05-08T23:00:00.000Z,USA,Nevada Power Company,US-NW-NEVP,238.0,302.0,,53.0,,False,
2025-05-09T00:00:00.000Z,USA,Nevada Power Company,US-NW-NEVP,269.0,338.0,,48.0,,False,
2025-05-09T01:00:00.000Z,USA,Nevada Power Company,US-NW-NEVP,307.0,386.0,,38.0,,True,TIME_SLICER_AVERAGE
2025-05-09T02:00:00.000Z,USA,Nevada Power Company,US-NW-NEVP,342.0,430.0,,28.0,,True,TIME_SLICER_AVERAGE
2025-05-09T03:00:00.000Z,USA,Nevada Power Company,US-NW-NEVP,403.0,505.0,,13.0,,True,TIME_SLICER_AVERAGE
2025-05-09T04:00:00.000Z,USA,Nevada Power Company,US-NW-NEVP,414.0,518.0,,11.0,,False,
2025-05-09T05:00:00.000Z,USA,Nevada Power Company,US-NW-NEVP,414.0,518.0,,12.0,,False,
2025-05-09T06:00:00.000Z,USA,Nevada Power Company,US-NW-NEVP,415.0,519.0,,12.0,,False,
2025-05-09T07:00:00.000Z,USA,Nevada Power Company,US-NW-NEVP,426.0,528.0,,13.0,,True,TIME_SLICER_AVERAGE
2025-05-09T08:00:00.000Z,USA,Nevada Power Company,US-NW-NEVP,435.0,532.0,,17.0,,False,
2025-05-09T09:00:00.000Z,USA,Nevada Power Company,US-NW-NEVP,436.0,535.0,,16.0,,True,TIME_SLICER_AVERAGE
2025-05-09T10:00:00.000Z,USA,Nevada Power Company,US-NW-NEVP,427.0,525.0,,17.0,,True,TIME_SLICER_AVERAGE
2025-05-09T11:00:00.000Z,USA,Nevada Power Company,US-NW-NEVP,421.0,518.0,,17.0,,True,TIME_SLICER_AVERAGE
2025-05-09T12:00:00.000Z,USA,Nevada Power Company,US-NW-NEVP,367.0,455.0,,28.0,,True,TIME_SLICER_AVERAGE
2025-05-09T13:00:00.000Z,USA,Nevada Power Company,US-NW-NEVP,361.0,448.0,,29.0,,False,
2025-05-09T14:00:00.000Z,USA,Nevada Power Company,US-NW-NEVP,248.0,314.0,,51.0,,False,
2025-05-09T15:00:00.000Z,USA,Nevada Power Company,US-NW-NEVP,215.0,276.0,,58.0,,False,
2025-05-09T16:00:00.000Z,USA,Nevada Power Company,US-NW-NEVP,219.0,281.0,,58.0,,False,
2025-05-09T17:00:00.000Z,USA,Nevada Power Company,US-NW-NEVP,218.0,279.0,,58.0,,False,
2025-05-09T18:00:00.000Z,USA,Nevada Power Company,US-NW-NEVP,214.0,275.0,,58.0,,False,
2025-05-09T19:00:00.000Z,USA,Nevada Power Company,US-NW-NEVP,216.0,277.0,,58.0,,False,
2025-05-09T20:00:00.000Z,USA,Nevada Power Company,US-NW-NEVP,221.0,285.0,,56.0,,False,
2025-05-09T21:00:00.000Z,USA,Nevada Power Company,US-NW-NEVP,230.0,296.0,,52.0,,False,
2025-05-09T22:00:00.000Z,USA,Nevada Power Company,US-NW-NEVP,238.0,309.0,,49.0,,False,
2025-05-09T23:00:00.000Z,USA,Nevada Power Company,US-NW-NEVP,255.0,326.0,,48.0,,False,
2025-05-10T00:00:00.000Z,USA,Nevada Power Company,US-NW-NEVP,278.0,352.0,,44.0,,False,
2025-05-10T01:00:00.000Z,USA,Nevada Power Company,US-NW-NEVP,283.0,356.0,,44.0,,True,TIME_SLICER_AVERAGE
2025-05-10T02:00:00.000Z,USA,Nevada Power Company,US-NW-NEVP,291.0,363.0,,43.0,,True,TIME_SLICER_AVERAGE
2025-05-10T03:00:00.000Z,USA,Nevada Power Company,US-NW-NEVP,390.0,469.0,,31.0,,False,
2025-05-10T04:00:00.000Z,USA,Nevada Power Company,US-NW-NEVP,416.0,480.0,,40.0,,False,
2025-05-10T05:00:00.000Z,USA,Nevada Power Company,US-NW-NEVP,411.0,517.0,,10.0,,False,
2025-05-10T06:00:00.000Z,USA,Nevada Power Company,US-NW-NEVP,413.0,520.0,,9.0,,False,
2025-05-10T07:00:00.000Z,USA,Nevada Power Company,US-NW-NEVP,419.0,515.0,,18.0,,False,
2025-05-10T08:00:00.000Z,USA,Nevada Power Company,US-NW-NEVP,419.0,514.0,,18.0,,False,
2025-05-10T09:00:00.000Z,USA,Nevada Power Company,US-NW-NEVP,418.0,514.0,,17.0,,False,
2025-05-10T10:00:00.000Z,USA,Nevada Power Company,US-NW-NEVP,420.0,516.0,,17.0,,False,
2025-05-10T11:00:00.000Z,USA,Nevada Power Company,US-NW-NEVP,419.0,516.0,,17.0,,False,
2025-05-10T12:00:00.000Z,USA,Nevada Power Company,US-NW-NEVP,409.0,506.0,,18.0,,False,
2025-05-10T13:00:00.000Z,USA,Nevada Power Company,US-NW-NEVP,342.0,421.0,,35.0,,False,
2025-05-10T14:00:00.000Z,USA,Nevada Power Company,US-NW-NEVP,227.0,286.0,,58.0,,False,
2025-05-10T15:00:00.000Z,USA,Nevada Power Company,US-NW-NEVP,193.0,249.0,,63.0,,False,
2025-05-10T16:00:00.000Z,USA,Nevada Power Company,US-NW-NEVP,194.0,250.0,,63.0,,False,
2025-05-10T17:00:00.000Z,USA,Nevada Power Company,US-NW-NEVP,188.0,244.0,,63.0,,False,
2025-05-10T18:00:00.000Z,USA,Nevada Power Company,US-NW-NEVP,191.0,247.0,,63.0,,False,
2025-05-10T19:00:00.000Z,USA,Nevada Power Company,US-NW-NEVP,197.0,254.0,,61.0,,False,
2025-05-10T20:00:00.000Z,USA,Nevada Power Company,US-NW-NEVP,220.0,284.0,,54.0,,False,
2025-05-10T21:00:00.000Z,USA,Nevada Power Company,US-NW-NEVP,227.0,292.0,,53.0,,False,
2025-05-10T22:00:00.000Z,USA,Nevada Power Company,US-NW-NEVP,230.0,294.0,,53.0,,False,
2025-05-10T23:00:00.000Z,USA,Nevada Power Company,US-NW-NEVP,248.0,315.0,,51.0,,False,
2025-05-11T00:00:00.000Z,USA,Nevada Power Company,US-NW-NEVP,269.0,340.0,,47.0,,False,
2025-05-11T01:00:00.000Z,USA,Nevada Power Company,US-NW-NEVP,291.0,367.0,,41.0,,True,TIME_SLICER_AVERAGE
2025-05-11T02:00:00.000Z,USA,Nevada Power Company,US-NW-NEVP,325.0,408.0,,33.0,,True,TIME_SLICER_AVERAGE
2025-05-11T03:00:00.000Z,USA,Nevada Power Company,US-NW-NEVP,388.0,479.0,,23.0,,True,TIME_SLICER_AVERAGE
2025-05-11T04:00:00.000Z,USA,Nevada Power Company,US-NW-NEVP,390.0,488.0,,17.0,,True,TIME_SLICER_AVERAGE
2025-05-11T05:00:00.000Z,USA,Nevada Power Company,US-NW-NEVP,395.0,495.0,,16.0,,False,
2025-05-11T06:00:00.000Z,USA,Nevada Power Company,US-NW-NEVP,399.0,499.0,,15.0,,False,
2025-05-11T07:00:00.000Z,USA,Nevada Power Company,US-NW-NEVP,402.0,496.0,,20.0,,False,
2025-05-11T08:00:00.000Z,USA,Nevada Power Company,US-NW-NEVP,395.0,487.0,,21.0,,False,
2025-05-11T09:00:00.000Z,USA,Nevada Power Company,US-NW-NEVP,397.0,488.0,,22.0,,False,
2025-05-11T10:00:00.000Z,USA,Nevada Power Company,US-NW-NEVP,400.0,488.0,,23.0,,False,
2025-05-11T11:00:00.000Z,USA,Nevada Power Company,US-NW-NEVP,396.0,485.0,,24.0,,False,
2025-05-11T12:00:00.000Z,USA,Nevada Power Company,US-NW-NEVP,389.0,476.0,,25.0,,False,
2025-05-11T13:00:00.000Z,USA,Nevada Power Company,US-NW-NEVP,347.0,426.0,,34.0,,False,
2025-05-11T14:00:00.000Z,USA,Nevada Power Company,US-NW-NEVP,224.0,279.0,,61.0,,False,
2025-05-11T15:00:00.000Z,USA,Nevada Power Company,US-NW-NEVP,194.0,245.0,,65.0,,False,
2025-05-11T16:00:00.000Z,USA,Nevada Power Company,US-NW-NEVP,175.0,223.0,,69.0,,False,
2025-05-11T17:00:00.000Z,USA,Nevada Power Company,US-NW-NEVP,173.0,223.0,,69.0,,False,
2025-05-11T18:00:00.000Z,USA,Nevada Power Company,US-NW-NEVP,168.0,219.0,,68.0,,False,
2025-05-11T19:00:00.000Z,USA,Nevada Power Company,US-NW-NEVP,182.0,237.0,,65.0,,False,
2025-05-11T20:00:00.000Z,USA,Nevada Power Company,US-NW-NEVP,198.0,256.0,,61.0,,False,
2025-05-11T21:00:00.000Z,USA,Nevada Power Company,US-NW-NEVP,205.0,265.0,,60.0,,False,
2025-05-11T22:00:00.000Z,USA,Nevada Power Company,US-NW-NEVP,234.0,299.0,,54.0,,False,
2025-05-11T23:00:00.000Z,USA,Nevada Power Company,US-NW-NEVP,259.0,328.0,,49.0,,False,
2025-05-12T00:00:00.000Z,USA,Nevada Power Company,US-NW-NEVP,299.0,374.0,,42.0,,False,
2025-05-12T01:00:00.000Z,USA,Nevada Power Company,US-NW-NEVP,353.0,438.0,,31.0,,False,
2025-05-12T02:00:00.000Z,USA,Nevada Power Company,US-NW-NEVP,365.0,455.0,,25.0,,True,TIME_SLICER_AVERAGE
2025-05-12T03:00:00.000Z,USA,Nevada Power Company,US-NW-NEVP,400.0,500.0,,15.0,,True,TIME_SLICER_AVERAGE
2025-05-12T04:00:00.000Z,USA,Nevada Power Company,US-NW-NEVP,401.0,503.0,,13.0,,False,
2025-05-12T05:00:00.000Z,USA,Nevada Power Company,US-NW-NEVP,395.0,496.0,,14.0,,False,
2025-05-12T06:00:00.000Z,USA,Nevada Power Company,US-NW-NEVP,402.0,506.0,,12.0,,False,
2025-05-12T07:00:00.000Z,USA,Nevada Power Company,US-NW-NEVP,386.0,477.0,,22.0,,False,
2025-05-12T08:00:00.000Z,USA,Nevada Power Company,US-NW-NEVP,382.0,472.0,,23.0,,False,
2025-05-12T09:00:00.000Z,USA,Nevada Power Company,US-NW-NEVP,378.0,467.0,,24.0,,False,
2025-05-12T10:00:00.000Z,USA,Nevada Power Company,US-NW-NEVP,375.0,463.0,,24.0,,False,
2025-05-12T11:00:00.000Z,USA,Nevada Power Company,US-NW-NEVP,385.0,474.0,,23.0,,False,
2025-05-12T12:00:00.000Z,USA,Nevada Power Company,US-NW-NEVP,372.0,459.0,,25.0,,False,
2025-05-12T13:00:00.000Z,USA,Nevada Power Company,US-NW-NEVP,300.0,374.0,,40.0,,False,
2025-05-12T14:00:00.000Z,USA,Nevada Power Company,US-NW-NEVP,201.0,257.0,,61.0,,False,
2025-05-12T15:00:00.000Z,USA,Nevada Power Company,US-NW-NEVP,161.0,208.0,,71.0,,False,
2025-05-12T16:00:00.000Z,USA,Nevada Power Company,US-NW-NEVP,159.0,205.0,,72.0,,False,
2025-05-12T17:00:00.000Z,USA,Nevada Power Company,US-NW-NEVP,158.0,204.0,,72.0,,False,
2025-05-12T18:00:00.000Z,USA,Nevada Power Company,US-NW-NEVP,160.0,207.0,,72.0,,False,
2025-05-12T19:00:00.000Z,USA,Nevada Power Company,US-NW-NEVP,171.0,221.0,,69.0,,False,
2025-05-12T20:00:00.000Z,USA,Nevada Power Company,US-NW-NEVP,192.0,248.0,,63.0,,False,
2025-05-12T21:00:00.000Z,USA,Nevada Power Company,US-NW-NEVP,190.0,246.0,,63.0,,False,
2025-05-12T22:00:00.000Z,USA,Nevada Power Company,US-NW-NEVP,211.0,272.0,,58.0,,False,
2025-05-12T23:00:00.000Z,USA,Nevada Power Company,US-NW-NEVP,260.0,328.0,,49.0,,False,
2025-05-13T00:00:00.000Z,USA,Nevada Power Company,US-NW-NEVP,298.0,373.0,,41.0,,False,
2025-05-13T01:00:00.000Z,USA,Nevada Power Company,US-NW-NEVP,327.0,412.0,,32.0,,True,TIME_SLICER_AVERAGE
2025-05-13T02:00:00.000Z,USA,Nevada Power Company,US-NW-NEVP,373.0,462.0,,25.0,,True,TIME_SLICER_AVERAGE
2025-05-13T03:00:00.000Z,USA,Nevada Power Company,US-NW-NEVP,400.0,490.0,,22.0,,True,TIME_SLICER_AVERAGE
2025-05-13T04:00:00.000Z,USA,Nevada Power Company,US-NW-NEVP,387.0,489.0,,14.0,,False,
2025-05-13T05:00:00.000Z,USA,Nevada Power Company,US-NW-NEVP,388.0,490.0,,14.0,,False,
2025-05-13T06:00:00.000Z,USA,Nevada Power Company,US-NW-NEVP,388.0,492.0,,13.0,,False,
2025-05-13T07:00:00.000Z,USA,Nevada Power Company,US-NW-NEVP,370.0,461.0,,23.0,,False,
2025-05-13T08:00:00.000Z,USA,Nevada Power Company,US-NW-NEVP,363.0,454.0,,24.0,,False,
2025-05-13T09:00:00.000Z,USA,Nevada Power Company,US-NW-NEVP,367.0,459.0,,23.0,,False,
2025-05-13T10:00:00.000Z,USA,Nevada Power Company,US-NW-NEVP,365.0,454.0,,24.0,,False,
2025-05-13T11:00:00.000Z,USA,Nevada Power Company,US-NW-NEVP,361.0,450.0,,25.0,,False,
2025-05-13T12:00:00.000Z,USA,Nevada Power Company,US-NW-NEVP,350.0,436.0,,28.0,,False,
2025-05-13T13:00:00.000Z,USA,Nevada Power Company,US-NW-NEVP,315.0,392.0,,38.0,,False,
2025-05-13T14:00:00.000Z,USA,Nevada Power Company,US-NW-NEVP,210.0,263.0,,62.0,,False,
2025-05-13T15:00:00.000Z,USA,Nevada Power Company,US-NW-NEVP,161.0,207.0,,72.0,,False,
2025-05-13T16:00:00.000Z,USA,Nevada Power Company,US-NW-NEVP,150.0,196.0,,73.0,,False,
2025-05-13T17:00:00.000Z,USA,Nevada Power Company,US-NW-NEVP,149.0,195.0,,73.0,,False,
2025-05-13T18:00:00.000Z,USA,Nevada Power Company,US-NW-NEVP,150.0,196.0,,73.0,,False,
2025-05-13T19:00:00.000Z,USA,Nevada Power Company,US-NW-NEVP,153.0,200.0,,73.0,,False,
2025-05-13T20:00:00.000Z,USA,Nevada Power Company,US-NW-NEVP,162.0,211.0,,70.0,,False,
2025-05-13T21:00:00.000Z,USA,Nevada Power Company,US-NW-NEVP,174.0,224.0,,67.0,,False,
2025-05-13T22:00:00.000Z,USA,Nevada Power Company,US-NW-NEVP,178.0,231.0,,66.0,,False,
2025-05-13T23:00:00.000Z,USA,Nevada Power Company,US-NW-NEVP,203.0,261.0,,60.0,,False,
2025-05-14T00:00:00.000Z,USA,Nevada Power Company,US-NW-NEVP,244.0,308.0,,52.0,,False,
2025-05-14T01:00:00.000Z,USA,Nevada Power Company,US-NW-NEVP,318.0,396.0,,36.0,,False,
2025-05-14T02:00:00.000Z,USA,Nevada Power Company,US-NW-NEVP,354.0,444.0,,25.0,,True,TIME_SLICER_AVERAGE
2025-05-14T03:00:00.000Z,USA,Nevada Power Company,US-NW-NEVP,388.0,488.0,,15.0,,True,TIME_SLICER_AVERAGE
2025-05-14T04:00:00.000Z,USA,Nevada Power Company,US-NW-NEVP,392.0,495.0,,12.0,,False,
2025-05-14T05:00:00.000Z,USA,Nevada Power Company,US-NW-NEVP,389.0,493.0,,13.0,,False,
2025-05-14T06:00:00.000Z,USA,Nevada Power Company,US-NW-NEVP,366.0,451.0,,27.0,,False,
2025-05-14T07:00:00.000Z,USA,Nevada Power Company,US-NW-NEVP,373.0,462.0,,24.0,,False,
2025-05-14T08:00:00.000Z,USA,Nevada Power Company,US-NW-NEVP,372.0,462.0,,24.0,,False,
2025-05-14T09:00:00.000Z,USA,Nevada Power Company,US-NW-NEVP,379.0,470.0,,22.0,,False,
2025-05-14T10:00:00.000Z,USA,Nevada Power Company,US-NW-NEVP,378.0,469.0,,22.0,,False,
2025-05-14T11:00:00.000Z,USA,Nevada Power Company,US-NW-NEVP,376.0,469.0,,22.0,,False,
2025-05-14T12:00:00.000Z,USA,Nevada Power Company,US-NW-NEVP,372.0,461.0,,24.0,,False,
2025-05-14T13:00:00.000Z,USA,Nevada Power Company,US-NW-NEVP,326.0,403.0,,36.0,,False,
2025-05-14T14:00:00.000Z,USA,Nevada Power Company,US-NW-NEVP,204.0,259.0,,61.0,,False,
2025-05-14T15:00:00.000Z,USA,Nevada Power Company,US-NW-NEVP,155.0,201.0,,71.0,,False,
2025-05-14T16:00:00.000Z,USA,Nevada Power Company,US-NW-NEVP,147.0,193.0,,73.0,,False,
2025-05-14T17:00:00.000Z,USA,Nevada Power Company,US-NW-NEVP,147.0,192.0,,73.0,,False,
2025-05-14T18:00:00.000Z,USA,Nevada Power Company,US-NW-NEVP,153.0,200.0,,72.0,,False,
2025-05-14T19:00:00.000Z,USA,Nevada Power Company,US-NW-NEVP,149.0,194.0,,73.0,,False,
2025-05-14T20:00:00.000Z,USA,Nevada Power Company,US-NW-NEVP,158.0,205.0,,72.0,,False,
2025-05-14T21:00:00.000Z,USA,Nevada Power Company,US-NW-NEVP,199.0,252.0,,63.0,,False,
2025-05-14T22:00:00.000Z,USA,Nevada Power Company,US-NW-NEVP,210.0,267.0,,59.0,,False,
2025-05-14T23:00:00.000Z,USA,Nevada Power Company,US-NW-NEVP,223.0,279.0,,59.0,,False,
2025-05-15T00:00:00.000Z,USA,Nevada Power Company,US-NW-NEVP,224.0,281.0,,58.0,,False,
2025-05-15T01:00:00.000Z,USA,Nevada Power Company,US-NW-NEVP,238.0,299.0,,55.0,,False,
2025-05-15T02:00:00.000Z,USA,Nevada Power Company,US-NW-NEVP,239.0,300.0,,54.0,,False,
2025-05-15T03:00:00.000Z,USA,Nevada Power Company,US-NW-NEVP,254.0,315.0,,52.0,,False,
2025-05-15T04:00:00.000Z,USA,Nevada Power Company,US-NW-NEVP,392.0,493.0,,13.0,,False,
2025-05-15T05:00:00.000Z,USA,Nevada Power Company,US-NW-NEVP,375.0,470.0,,19.0,,True,TIME_SLICER_AVERAGE
2025-05-15T06:00:00.000Z,USA,Nevada Power Company,US-NW-NEVP,337.0,421.0,,29.0,,True,TIME_SLICER_AVERAGE
2025-05-15T07:00:00.000Z,USA,Nevada Power Company,US-NW-NEVP,228.0,276.0,,59.0,,False,
2025-05-15T08:00:00.000Z,USA,Nevada Power Company,US-NW-NEVP,224.0,272.0,,59.0,,False,
2025-05-15T09:00:00.000Z,USA,Nevada Power Company,US-NW-NEVP,219.0,267.0,,59.0,,False,
2025-05-15T10:00:00.000Z,USA,Nevada Power Company,US-NW-NEVP,227.0,275.0,,57.0,,False,
2025-05-15T11:00:00.000Z,USA,Nevada Power Company,US-NW-NEVP,224.0,272.0,,58.0,,False,
2025-05-15T12:00:00.000Z,USA,Nevada Power Company,US-NW-NEVP,191.0,237.0,,64.0,,False,
2025-05-15T13:00:00.000Z,USA,Nevada Power Company,US-NW-NEVP,169.0,212.0,,70.0,,False,
2025-05-15T14:00:00.000Z,USA,Nevada Power Company,US-NW-NEVP,122.0,158.0,,80.0,,True,TIME_SLICER_AVERAGE
2025-05-15T15:00:00.000Z,USA,Nevada Power Company,US-NW-NEVP,102.0,137.0,,84.0,,True,TIME_SLICER_AVERAGE
2025-05-15T16:00:00.000Z,USA,Nevada Power Company,US-NW-NEVP,106.0,140.0,,84.0,,True,TIME_SLICER_AVERAGE
2025-05-15T17:00:00.000Z,USA,Nevada Power Company,US-NW-NEVP,123.0,160.0,,81.0,,True,TIME_SLICER_AVERAGE
2025-05-15T18:00:00.000Z,USA,Nevada Power Company,US-NW-NEVP,151.0,195.0,,75.0,,True,TIME_SLICER_AVERAGE
2025-05-15T19:00:00.000Z,USA,Nevada Power Company,US-NW-NEVP,149.0,194.0,,74.0,,False,
2025-05-15T20:00:00.000Z,USA,Nevada Power Company,US-NW-NEVP,154.0,200.0,,72.0,,False,
2025-05-15T21:00:00.000Z,USA,Nevada Power Company,US-NW-NEVP,156.0,203.0,,71.0,,False,
2025-05-15T22:00:00.000Z,USA,Nevada Power Company,US-NW-NEVP,174.0,225.0,,67.0,,False,
2025-05-15T23:00:00.000Z,USA,Nevada Power Company,US-NW-NEVP,204.0,262.0,,60.0,,False,
2025-05-16T00:00:00.000Z,USA,Nevada Power Company,US-NW-NEVP,223.0,284.0,,56.0,,False,
2025-05-16T01:00:00.000Z,USA,Nevada Power Company,US-NW-NEVP,301.0,376.0,,40.0,,False,
2025-05-16T02:00:00.000Z,USA,Nevada Power Company,US-NW-NEVP,333.0,418.0,,30.0,,True,TIME_SLICER_AVERAGE
2025-05-16T03:00:00.000Z,USA,Nevada Power Company,US-NW-NEVP,386.0,484.0,,16.0,,True,TIME_SLICER_AVERAGE
2025-05-16T04:00:00.000Z,USA,Nevada Power Company,US-NW-NEVP,389.0,490.0,,13.0,,True,TIME_SLICER_AVERAGE
2025-05-16T05:00:00.000Z,USA,Nevada Power Company,US-NW-NEVP,387.0,491.0,,13.0,,False,
2025-05-16T06:00:00.000Z,USA,Nevada Power Company,US-NW-NEVP,388.0,492.0,,12.0,,False,
2025-05-16T07:00:00.000Z,USA,Nevada Power Company,US-NW-NEVP,376.0,467.0,,23.0,,False,
2025-05-16T08:00:00.000Z,USA,Nevada Power Company,US-NW-NEVP,369.0,458.0,,25.0,,False,
2025-05-16T09:00:00.000Z,USA,Nevada Power Company,US-NW-NEVP,377.0,467.0,,23.0,,False,
2025-05-16T10:00:00.000Z,USA,Nevada Power Company,US-NW-NEVP,382.0,472.0,,22.0,,False,
2025-05-16T11:00:00.000Z,USA,Nevada Power Company,US-NW-NEVP,384.0,476.0,,20.0,,False,
2025-05-16T12:00:00.000Z,USA,Nevada Power Company,US-NW-NEVP,374.0,465.0,,22.0,,False,
2025-05-16T13:00:00.000Z,USA,Nevada Power Company,US-NW-NEVP,309.0,385.0,,38.0,,False,
2025-05-16T14:00:00.000Z,USA,Nevada Power Company,US-NW-NEVP,213.0,268.0,,60.0,,False,
2025-05-16T15:00:00.000Z,USA,Nevada Power Company,US-NW-NEVP,172.0,219.0,,69.0,,False,
2025-05-16T16:00:00.000Z,USA,Nevada Power Company,US-NW-NEVP,162.0,208.0,,72.0,,False,
2025-05-16T17:00:00.000Z,USA,Nevada Power Company,US-NW-NEVP,153.0,199.0,,72.0,,False,
2025-05-16T18:00:00.000Z,USA,Nevada Power Company,US-NW-NEVP,157.0,204.0,,71.0,,False,
2025-05-16T19:00:00.000Z,USA,Nevada Power Company,US-NW-NEVP,165.0,216.0,,68.0,,False,
2025-05-16T20:00:00.000Z,USA,Nevada Power Company,US-NW-NEVP,172.0,224.0,,66.0,,False,
2025-05-16T21:00:00.000Z,USA,Nevada Power Company,US-NW-NEVP,191.0,248.0,,61.0,,False,
2025-05-16T22:00:00.000Z,USA,Nevada Power Company,US-NW-NEVP,203.0,263.0,,58.0,,False,
2025-05-16T23:00:00.000Z,USA,Nevada Power Company,US-NW-NEVP,256.0,326.0,,46.0,,False,
2025-05-17T00:00:00.000Z,USA,Nevada Power Company,US-NW-NEVP,279.0,354.0,,41.0,,False,
2025-05-17T01:00:00.000Z,USA,Nevada Power Company,US-NW-NEVP,326.0,410.0,,32.0,,False,
2025-05-17T02:00:00.000Z,USA,Nevada Power Company,US-NW-NEVP,359.0,453.0,,22.0,,True,TIME_SLICER_AVERAGE
2025-05-17T03:00:00.000Z,USA,Nevada Power Company,US-NW-NEVP,398.0,503.0,,11.0,,True,TIME_SLICER_AVERAGE
2025-05-17T04:00:00.000Z,USA,Nevada Power Company,US-NW-NEVP,401.0,508.0,,9.0,,False,
2025-05-17T05:00:00.000Z,USA,Nevada Power Company,US-NW-NEVP,393.0,486.0,,19.0,,False,
2025-05-17T06:00:00.000Z,USA,Nevada Power Company,US-NW-NEVP,407.0,514.0,,8.0,,False,
2025-05-17T07:00:00.000Z,USA,Nevada Power Company,US-NW-NEVP,420.0,517.0,,14.0,,False,
2025-05-17T08:00:00.000Z,USA,Nevada Power Company,US-NW-NEVP,405.0,498.0,,18.0,,False,
2025-05-17T09:00:00.000Z,USA,Nevada Power Company,US-NW-NEVP,401.0,494.0,,18.0,,False,
2025-05-17T10:00:00.000Z,USA,Nevada Power Company,US-NW-NEVP,385.0,468.0,,25.0,,False,
2025-05-17T11:00:00.000Z,USA,Nevada Power Company,US-NW-NEVP,391.0,473.0,,25.0,,False,
2025-05-17T12:00:00.000Z,USA,Nevada Power Company,US-NW-NEVP,380.0,460.0,,28.0,,False,
2025-05-17T13:00:00.000Z,USA,Nevada Power Company,US-NW-NEVP,318.0,395.0,,36.0,,False,
2025-05-17T14:00:00.000Z,USA,Nevada Power Company,US-NW-NEVP,230.0,287.0,,56.0,,False,
2025-05-17T15:00:00.000Z,USA,Nevada Power Company,US-NW-NEVP,214.0,267.0,,58.0,,False,
2025-05-17T16:00:00.000Z,USA,Nevada Power Company,US-NW-NEVP,196.0,247.0,,61.0,,False,
2025-05-17T17:00:00.000Z,USA,Nevada Power Company,US-NW-NEVP,186.0,236.0,,64.0,,False,
2025-05-17T18:00:00.000Z,USA,Nevada Power Company,US-NW-NEVP,197.0,250.0,,62.0,,False,
2025-05-17T19:00:00.000Z,USA,Nevada Power Company,US-NW-NEVP,200.0,255.0,,60.0,,False,
2025-05-17T20:00:00.000Z,USA,Nevada Power Company,US-NW-NEVP,235.0,300.0,,52.0,,False,
2025-05-17T21:00:00.000Z,USA,Nevada Power Company,US-NW-NEVP,242.0,307.0,,50.0,,False,
2025-05-17T22:00:00.000Z,USA,Nevada Power Company,US-NW-NEVP,247.0,314.0,,49.0,,False,
2025-05-17T23:00:00.000Z,USA,Nevada Power Company,US-NW-NEVP,242.0,308.0,,50.0,,False,
2025-05-18T00:00:00.000Z,USA,Nevada Power Company,US-NW-NEVP,259.0,328.0,,46.0,,False,
2025-05-18T01:00:00.000Z,USA,Nevada Power Company,US-NW-NEVP,306.0,386.0,,36.0,,False,
2025-05-18T02:00:00.000Z,USA,Nevada Power Company,US-NW-NEVP,341.0,429.0,,26.0,,True,TIME_SLICER_AVERAGE
2025-05-18T03:00:00.000Z,USA,Nevada Power Company,US-NW-NEVP,390.0,490.0,,14.0,,True,TIME_SLICER_AVERAGE
2025-05-18T04:00:00.000Z,USA,Nevada Power Company,US-NW-NEVP,396.0,501.0,,11.0,,True,TIME_SLICER_AVERAGE
2025-05-18T05:00:00.000Z,USA,Nevada Power Company,US-NW-NEVP,399.0,505.0,,10.0,,False,
2025-05-18T06:00:00.000Z,USA,Nevada Power Company,US-NW-NEVP,401.0,508.0,,9.0,,False,
2025-05-18T07:00:00.000Z,USA,Nevada Power Company,US-NW-NEVP,386.0,477.0,,22.0,,False,
2025-05-18T08:00:00.000Z,USA,Nevada Power Company,US-NW-NEVP,385.0,476.0,,22.0,,False,
2025-05-18T09:00:00.000Z,USA,Nevada Power Company,US-NW-NEVP,391.0,482.0,,22.0,,False,
2025-05-18T10:00:00.000Z,USA,Nevada Power Company,US-NW-NEVP,398.0,491.0,,20.0,,False,
2025-05-18T11:00:00.000Z,USA,Nevada Power Company,US-NW-NEVP,398.0,489.0,,20.0,,False,
2025-05-18T12:00:00.000Z,USA,Nevada Power Company,US-NW-NEVP,384.0,474.0,,23.0,,False,
2025-05-18T13:00:00.000Z,USA,Nevada Power Company,US-NW-NEVP,306.0,379.0,,40.0,,False,
2025-05-18T14:00:00.000Z,USA,Nevada Power Company,US-NW-NEVP,190.0,239.0,,65.0,,False,
2025-05-18T15:00:00.000Z,USA,Nevada Power Company,US-NW-NEVP,163.0,209.0,,70.0,,False,
2025-05-18T16:00:00.000Z,USA,Nevada Power Company,US-NW-NEVP,154.0,199.0,,72.0,,False,
2025-05-18T17:00:00.000Z,USA,Nevada Power Company,US-NW-NEVP,161.0,208.0,,72.0,,False,
2025-05-18T18:00:00.000Z,USA,Nevada Power Company,US-NW-NEVP,159.0,204.0,,72.0,,False,
2025-05-18T19:00:00.000Z,USA,Nevada Power Company,US-NW-NEVP,160.0,206.0,,72.0,,False,
2025-05-18T20:00:00.000Z,USA,Nevada Power Company,US-NW-NEVP,156.0,200.0,,73.0,,False,
2025-05-18T21:00:00.000Z,USA,Nevada Power Company,US-NW-NEVP,155.0,201.0,,72.0,,False,
2025-05-18T22:00:00.000Z,USA,Nevada Power Company,US-NW-NEVP,171.0,220.0,,68.0,,False,
2025-05-18T23:00:00.000Z,USA,Nevada Power Company,US-NW-NEVP,199.0,253.0,,63.0,,False,
2025-05-19T00:00:00.000Z,USA,Nevada Power Company,US-NW-NEVP,245.0,307.0,,53.0,,False,
2025-05-19T01:00:00.000Z,USA,Nevada Power Company,US-NW-NEVP,326.0,404.0,,36.0,,False,
2025-05-19T02:00:00.000Z,USA,Nevada Power Company,US-NW-NEVP,357.0,445.0,,26.0,,True,TIME_SLICER_AVERAGE
2025-05-19T03:00:00.000Z,USA,Nevada Power Company,US-NW-NEVP,400.0,499.0,,14.0,,True,TIME_SLICER_AVERAGE
2025-05-19T04:00:00.000Z,USA,Nevada Power Company,US-NW-NEVP,403.0,506.0,,12.0,,False,
2025-05-19T05:00:00.000Z,USA,Nevada Power Company,US-NW-NEVP,400.0,505.0,,11.0,,False,
2025-05-19T06:00:00.000Z,USA,Nevada Power Company,US-NW-NEVP,406.0,513.0,,9.0,,False,
2025-05-19T07:00:00.000Z,USA,Nevada Power Company,US-NW-NEVP,401.0,496.0,,19.0,,False,
2025-05-19T08:00:00.000Z,USA,Nevada Power Company,US-NW-NEVP,395.0,489.0,,19.0,,False,
2025-05-19T09:00:00.000Z,USA,Nevada Power Company,US-NW-NEVP,391.0,484.0,,20.0,,False,
2025-05-19T10:00:00.000Z,USA,Nevada Power Company,US-NW-NEVP,387.0,481.0,,20.0,,False,
2025-05-19T11:00:00.000Z,USA,Nevada Power Company,US-NW-NEVP,375.0,464.0,,24.0,,False,
2025-05-19T12:00:00.000Z,USA,Nevada Power Company,US-NW-NEVP,372.0,460.0,,24.0,,False,
2025-05-19T13:00:00.000Z,USA,Nevada Power Company,US-NW-NEVP,307.0,383.0,,38.0,,False,
2025-05-19T14:00:00.000Z,USA,Nevada Power Company,US-NW-NEVP,180.0,232.0,,66.0,,False,
2025-05-19T15:00:00.000Z,USA,Nevada Power Company,US-NW-NEVP,146.0,191.0,,74.0,,False,
2025-05-19T16:00:00.000Z,USA,Nevada Power Company,US-NW-NEVP,143.0,188.0,,75.0,,False,
2025-05-19T17:00:00.000Z,USA,Nevada Power Company,US-NW-NEVP,146.0,192.0,,74.0,,False,
2025-05-19T18:00:00.000Z,USA,Nevada Power Company,US-NW-NEVP,143.0,188.0,,75.0,,False,
2025-05-19T19:00:00.000Z,USA,Nevada Power Company,US-NW-NEVP,143.0,188.0,,75.0,,False,
2025-05-19T20:00:00.000Z,USA,Nevada Power Company,US-NW-NEVP,144.0,189.0,,75.0,,False,
2025-05-19T21:00:00.000Z,USA,Nevada Power Company,US-NW-NEVP,160.0,209.0,,71.0,,False,
2025-05-19T22:00:00.000Z,USA,Nevada Power Company,US-NW-NEVP,176.0,229.0,,66.0,,False,
2025-05-19T23:00:00.000Z,USA,Nevada Power Company,US-NW-NEVP,186.0,241.0,,64.0,,False,
2025-05-20T00:00:00.000Z,USA,Nevada Power Company,US-NW-NEVP,215.0,274.0,,59.0,,False,
2025-05-20T01:00:00.000Z,USA,Nevada Power Company,US-NW-NEVP,293.0,367.0,,42.0,,False,
2025-05-20T02:00:00.000Z,USA,Nevada Power Company,US-NW-NEVP,349.0,439.0,,26.0,,True,TIME_SLICER_AVERAGE
2025-05-20T03:00:00.000Z,USA,Nevada Power Company,US-NW-NEVP,405.0,508.0,,12.0,,True,TIME_SLICER_AVERAGE
2025-05-20T04:00:00.000Z,USA,Nevada Power Company,US-NW-NEVP,409.0,516.0,,9.0,,False,
2025-05-20T05:00:00.000Z,USA,Nevada Power Company,US-NW-NEVP,406.0,514.0,,9.0,,False,
2025-05-20T06:00:00.000Z,USA,Nevada Power Company,US-NW-NEVP,399.0,507.0,,10.0,,False,
2025-05-20T07:00:00.000Z,USA,Nevada Power Company,US-NW-NEVP,395.0,491.0,,19.0,,False,
2025-05-20T08:00:00.000Z,USA,Nevada Power Company,US-NW-NEVP,396.0,490.0,,20.0,,False,
2025-05-20T09:00:00.000Z,USA,Nevada Power Company,US-NW-NEVP,388.0,483.0,,20.0,,False,
2025-05-20T10:00:00.000Z,USA,Nevada Power Company,US-NW-NEVP,387.0,481.0,,21.0,,False,
2025-05-20T11:00:00.000Z,USA,Nevada Power Company,US-NW-NEVP,388.0,482.0,,21.0,,False,
2025-05-20T12:00:00.000Z,USA,Nevada Power Company,US-NW-NEVP,398.0,490.0,,22.0,,False,
2025-05-20T13:00:00.000Z,USA,Nevada Power Company,US-NW-NEVP,334.0,413.0,,36.0,,False,
2025-05-20T14:00:00.000Z,USA,Nevada Power Company,US-NW-NEVP,221.0,275.0,,62.0,,False,
2025-05-20T15:00:00.000Z,USA,Nevada Power Company,US-NW-NEVP,171.0,217.0,,73.0,,False,
2025-05-20T16:00:00.000Z,USA,Nevada Power Company,US-NW-NEVP,158.0,203.0,,74.0,,False,
2025-05-20T17:00:00.000Z,USA,Nevada Power Company,US-NW-NEVP,154.0,199.0,,75.0,,False,
2025-05-20T18:00:00.000Z,USA,Nevada Power Company,US-NW-NEVP,152.0,196.0,,76.0,,False,
2025-05-20T19:00:00.000Z,USA,Nevada Power Company,US-NW-NEVP,155.0,200.0,,75.0,,False,
2025-05-20T20:00:00.000Z,USA,Nevada Power Company,US-NW-NEVP,161.0,207.0,,73.0,,False,
2025-05-20T21:00:00.000Z,USA,Nevada Power Company,US-NW-NEVP,178.0,230.0,,68.0,,False,
2025-05-20T22:00:00.000Z,USA,Nevada Power Company,US-NW-NEVP,203.0,260.0,,62.0,,False,
2025-05-20T23:00:00.000Z,USA,Nevada Power Company,US-NW-NEVP,406.0,494.0,,23.0,,False,
2025-05-21T00:00:00.000Z,USA,Nevada Power Company,US-NW-NEVP,432.0,527.0,,16.0,,False,
2025-05-21T01:00:00.000Z,USA,Nevada Power Company,US-NW-NEVP,420.0,516.0,,17.0,,False,
2025-05-21T02:00:00.000Z,USA,Nevada Power Company,US-NW-NEVP,417.0,513.0,,16.0,,False,
2025-05-21T03:00:00.000Z,USA,Nevada Power Company,US-NW-NEVP,422.0,517.0,,17.0,,False,
2025-05-21T04:00:00.000Z,USA,Nevada Power Company,US-NW-NEVP,428.0,536.0,,8.0,,False,
2025-05-21T05:00:00.000Z,USA,Nevada Power Company,US-NW-NEVP,415.0,521.0,,9.0,,False,
2025-05-21T06:00:00.000Z,USA,Nevada Power Company,US-NW-NEVP,413.0,521.0,,9.0,,False,
2025-05-21T07:00:00.000Z,USA,Nevada Power Company,US-NW-NEVP,405.0,499.0,,20.0,,False,
2025-05-21T08:00:00.000Z,USA,Nevada Power Company,US-NW-NEVP,406.0,500.0,,19.0,,False,
2025-05-21T09:00:00.000Z,USA,Nevada Power Company,US-NW-NEVP,397.0,491.0,,19.0,,False,
2025-05-21T10:00:00.000Z,USA,Nevada Power Company,US-NW-NEVP,390.0,483.0,,21.0,,False,
2025-05-21T11:00:00.000Z,USA,Nevada Power Company,US-NW-NEVP,386.0,479.0,,21.0,,False,
2025-05-21T12:00:00.000Z,USA,Nevada Power Company,US-NW-NEVP,388.0,479.0,,22.0,,False,
2025-05-21T13:00:00.000Z,USA,Nevada Power Company,US-NW-NEVP,329.0,407.0,,36.0,,False,
2025-05-21T14:00:00.000Z,USA,Nevada Power Company,US-NW-NEVP,223.0,278.0,,60.0,,False,
2025-05-21T15:00:00.000Z,USA,Nevada Power Company,US-NW-NEVP,179.0,226.0,,69.0,,False,
2025-05-21T16:00:00.000Z,USA,Nevada Power Company,US-NW-NEVP,166.0,214.0,,70.0,,False,
2025-05-21T17:00:00.000Z,USA,Nevada Power Company,US-NW-NEVP,164.0,213.0,,70.0,,False,
2025-05-21T18:00:00.000Z,USA,Nevada Power Company,US-NW-NEVP,165.0,213.0,,70.0,,False,
2025-05-21T19:00:00.000Z,USA,Nevada Power Company,US-NW-NEVP,175.0,226.0,,68.0,,False,
2025-05-21T20:00:00.000Z,USA,Nevada Power Company,US-NW-NEVP,187.0,241.0,,65.0,,False,
2025-05-21T21:00:00.000Z,USA,Nevada Power Company,US-NW-NEVP,207.0,267.0,,59.0,,False,
2025-05-21T22:00:00.000Z,USA,Nevada Power Company,US-NW-NEVP,213.0,275.0,,57.0,,False,
2025-05-21T23:00:00.000Z,USA,Nevada Power Company,US-NW-NEVP,236.0,301.0,,53.0,,False,
2025-05-22T00:00:00.000Z,USA,Nevada Power Company,US-NW-NEVP,266.0,338.0,,46.0,,False,
2025-05-22T01:00:00.000Z,USA,Nevada Power Company,US-NW-NEVP,313.0,396.0,,35.0,,True,TIME_SLICER_AVERAGE
2025-05-22T02:00:00.000Z,USA,Nevada Power Company,US-NW-NEVP,347.0,440.0,,25.0,,True,TIME_SLICER_AVERAGE
2025-05-22T03:00:00.000Z,USA,Nevada Power Company,US-NW-NEVP,414.0,521.0,,9.0,,True,TIME_SLICER_AVERAGE
2025-05-22T04:00:00.000Z,USA,Nevada Power Company,US-NW-NEVP,419.0,528.0,,7.0,,False,
2025-05-22T05:00:00.000Z,USA,Nevada Power Company,US-NW-NEVP,425.0,523.0,,14.0,,False,
2025-05-22T06:00:00.000Z,USA,Nevada Power Company,US-NW-NEVP,417.0,527.0,,7.0,,False,
2025-05-22T07:00:00.000Z,USA,Nevada Power Company,US-NW-NEVP,422.0,520.0,,15.0,,False,
2025-05-22T08:00:00.000Z,USA,Nevada Power Company,US-NW-NEVP,421.0,519.0,,15.0,,False,
2025-05-22T09:00:00.000Z,USA,Nevada Power Company,US-NW-NEVP,414.0,507.0,,19.0,,False,
2025-05-22T10:00:00.000Z,USA,Nevada Power Company,US-NW-NEVP,414.0,507.0,,19.0,,False,
2025-05-22T11:00:00.000Z,USA,Nevada Power Company,US-NW-NEVP,417.0,510.0,,19.0,,False,
2025-05-22T12:00:00.000Z,USA,Nevada Power Company,US-NW-NEVP,397.0,488.0,,21.0,,False,
2025-05-22T13:00:00.000Z,USA,Nevada Power Company,US-NW-NEVP,321.0,398.0,,36.0,,False,
2025-05-22T14:00:00.000Z,USA,Nevada Power Company,US-NW-NEVP,212.0,268.0,,60.0,,False,
2025-05-22T15:00:00.000Z,USA,Nevada Power Company,US-NW-NEVP,180.0,231.0,,66.0,,False,
2025-05-22T16:00:00.000Z,USA,Nevada Power Company,US-NW-NEVP,164.0,214.0,,69.0,,False,
2025-05-22T17:00:00.000Z,USA,Nevada Power Company,US-NW-NEVP,158.0,207.0,,70.0,,False,
2025-05-22T18:00:00.000Z,USA,Nevada Power Company,US-NW-NEVP,166.0,217.0,,68.0,,False,
2025-05-22T19:00:00.000Z,USA,Nevada Power Company,US-NW-NEVP,177.0,231.0,,65.0,,False,
2025-05-22T20:00:00.000Z,USA,Nevada Power Company,US-NW-NEVP,186.0,244.0,,62.0,,False,
2025-05-22T21:00:00.000Z,USA,Nevada Power Company,US-NW-NEVP,199.0,260.0,,58.0,,False,
2025-05-22T22:00:00.000Z,USA,Nevada Power Company,US-NW-NEVP,221.0,287.0,,53.0,,False,
2025-05-22T23:00:00.000Z,USA,Nevada Power Company,US-NW-NEVP,243.0,310.0,,51.0,,False,
2025-05-23T00:00:00.000Z,USA,Nevada Power Company,US-NW-NEVP,275.0,348.0,,44.0,,False,
2025-05-23T01:00:00.000Z,USA,Nevada Power Company,US-NW-NEVP,344.0,429.0,,30.0,,False,
2025-05-23T02:00:00.000Z,USA,Nevada Power Company,US-NW-NEVP,359.0,451.0,,24.0,,True,TIME_SLICER_AVERAGE
2025-05-23T03:00:00.000Z,USA,Nevada Power Company,US-NW-NEVP,401.0,503.0,,13.0,,True,TIME_SLICER_AVERAGE
2025-05-23T04:00:00.000Z,USA,Nevada Power Company,US-NW-NEVP,406.0,511.0,,11.0,,True,TIME_SLICER_AVERAGE
2025-05-23T05:00:00.000Z,USA,Nevada Power Company,US-NW-NEVP,412.0,521.0,,8.0,,False,
2025-05-23T06:00:00.000Z,USA,Nevada Power Company,US-NW-NEVP,417.0,522.0,,10.0,,True,TIME_SLICER_AVERAGE
2025-05-23T07:00:00.000Z,USA,Nevada Power Company,US-NW-NEVP,415.0,514.0,,14.0,,False,
2025-05-23T08:00:00.000Z,USA,Nevada Power Company,US-NW-NEVP,417.0,516.0,,14.0,,False,
2025-05-23T09:00:00.000Z,USA,Nevada Power Company,US-NW-NEVP,421.0,521.0,,13.0,,False,
2025-05-23T10:00:00.000Z,USA,Nevada Power Company,US-NW-NEVP,414.0,512.0,,15.0,,False,
2025-05-23T11:00:00.000Z,USA,Nevada Power Company,US-NW-NEVP,405.0,501.0,,17.0,,False,
2025-05-23T12:00:00.000Z,USA,Nevada Power Company,US-NW-NEVP,402.0,497.0,,18.0,,False,
2025-05-23T13:00:00.000Z,USA,Nevada Power Company,US-NW-NEVP,344.0,430.0,,29.0,,False,
2025-05-23T14:00:00.000Z,USA,Nevada Power Company,US-NW-NEVP,236.0,299.0,,54.0,,False,
2025-05-23T15:00:00.000Z,USA,Nevada Power Company,US-NW-NEVP,190.0,244.0,,64.0,,False,
2025-05-23T16:00:00.000Z,USA,Nevada Power Company,US-NW-NEVP,179.0,232.0,,65.0,,False,
2025-05-23T17:00:00.000Z,USA,Nevada Power Company,US-NW-NEVP,182.0,237.0,,64.0,,False,
2025-05-23T18:00:00.000Z,USA,Nevada Power Company,US-NW-NEVP,184.0,240.0,,63.0,,False,
2025-05-23T19:00:00.000Z,USA,Nevada Power Company,US-NW-NEVP,189.0,245.0,,62.0,,False,
2025-05-23T20:00:00.000Z,USA,Nevada Power Company,US-NW-NEVP,198.0,257.0,,59.0,,False,
2025-05-23T21:00:00.000Z,USA,Nevada Power Company,US-NW-NEVP,206.0,267.0,,57.0,,False,
2025-05-23T22:00:00.000Z,USA,Nevada Power Company,US-NW-NEVP,216.0,280.0,,55.0,,False,
2025-05-23T23:00:00.000Z,USA,Nevada Power Company,US-NW-NEVP,238.0,304.0,,52.0,,False,
2025-05-24T00:00:00.000Z,USA,Nevada Power Company,US-NW-NEVP,266.0,338.0,,46.0,,False,
2025-05-24T01:00:00.000Z,USA,Nevada Power Company,US-NW-NEVP,326.0,408.0,,33.0,,False,
2025-05-24T02:00:00.000Z,USA,Nevada Power Company,US-NW-NEVP,358.0,450.0,,23.0,,True,TIME_SLICER_AVERAGE
2025-05-24T03:00:00.000Z,USA,Nevada Power Company,US-NW-NEVP,412.0,518.0,,9.0,,True,TIME_SLICER_AVERAGE
2025-05-24T04:00:00.000Z,USA,Nevada Power Company,US-NW-NEVP,415.0,523.0,,8.0,,False,
2025-05-24T05:00:00.000Z,USA,Nevada Power Company,US-NW-NEVP,414.0,522.0,,8.0,,False,
2025-05-24T06:00:00.000Z,USA,Nevada Power Company,US-NW-NEVP,414.0,523.0,,7.0,,False,
2025-05-24T07:00:00.000Z,USA,Nevada Power Company,US-NW-NEVP,415.0,513.0,,15.0,,False,
2025-05-24T08:00:00.000Z,USA,Nevada Power Company,US-NW-NEVP,411.0,508.0,,15.0,,False,
2025-05-24T09:00:00.000Z,USA,Nevada Power Company,US-NW-NEVP,409.0,507.0,,15.0,,False,
2025-05-24T10:00:00.000Z,USA,Nevada Power Company,US-NW-NEVP,407.0,506.0,,15.0,,False,
2025-05-24T11:00:00.000Z,USA,Nevada Power Company,US-NW-NEVP,415.0,511.0,,15.0,,False,
2025-05-24T12:00:00.000Z,USA,Nevada Power Company,US-NW-NEVP,412.0,507.0,,16.0,,False,
2025-05-24T13:00:00.000Z,USA,Nevada Power Company,US-NW-NEVP,367.0,453.0,,24.0,,False,
2025-05-24T14:00:00.000Z,USA,Nevada Power Company,US-NW-NEVP,270.0,336.0,,46.0,,False,
2025-05-24T15:00:00.000Z,USA,Nevada Power Company,US-NW-NEVP,227.0,286.0,,55.0,,False,
2025-05-24T16:00:00.000Z,USA,Nevada Power Company,US-NW-NEVP,198.0,254.0,,61.0,,False,
2025-05-24T17:00:00.000Z,USA,Nevada Power Company,US-NW-NEVP,183.0,238.0,,64.0,,False,
2025-05-24T18:00:00.000Z,USA,Nevada Power Company,US-NW-NEVP,205.0,267.0,,58.0,,False,
2025-05-24T19:00:00.000Z,USA,Nevada Power Company,US-NW-NEVP,192.0,251.0,,61.0,,False,
2025-05-24T20:00:00.000Z,USA,Nevada Power Company,US-NW-NEVP,190.0,249.0,,61.0,,False,
2025-05-24T21:00:00.000Z,USA,Nevada Power Company,US-NW-NEVP,192.0,251.0,,61.0,,False,
2025-05-24T22:00:00.000Z,USA,Nevada Power Company,US-NW-NEVP,200.0,259.0,,59.0,,False,
2025-05-24T23:00:00.000Z,USA,Nevada Power Company,US-NW-NEVP,222.0,285.0,,55.0,,False,
2025-05-25T00:00:00.000Z,USA,Nevada Power Company,US-NW-NEVP,240.0,306.0,,51.0,,False,
2025-05-25T01:00:00.000Z,USA,Nevada Power Company,US-NW-NEVP,312.0,391.0,,35.0,,False,
2025-05-25T02:00:00.000Z,USA,Nevada Power Company,US-NW-NEVP,355.0,445.0,,24.0,,True,TIME_SLICER_AVERAGE
2025-05-25T03:00:00.000Z,USA,Nevada Power Company,US-NW-NEVP,413.0,517.0,,10.0,,True,TIME_SLICER_AVERAGE
2025-05-25T04:00:00.000Z,USA,Nevada Power Company,US-NW-NEVP,417.0,525.0,,8.0,,True,TIME_SLICER_AVERAGE
2025-05-25T05:00:00.000Z,USA,Nevada Power Company,US-NW-NEVP,418.0,527.0,,7.0,,False,
2025-05-25T06:00:00.000Z,USA,Nevada Power Company,US-NW-NEVP,416.0,527.0,,6.0,,False,
2025-05-25T07:00:00.000Z,USA,Nevada Power Company,US-NW-NEVP,424.0,526.0,,12.0,,False,
2025-05-25T08:00:00.000Z,USA,Nevada Power Company,US-NW-NEVP,421.0,524.0,,12.0,,False,
2025-05-25T09:00:00.000Z,USA,Nevada Power Company,US-NW-NEVP,415.0,517.0,,13.0,,False,
2025-05-25T10:00:00.000Z,USA,Nevada Power Company,US-NW-NEVP,417.0,518.0,,13.0,,False,
2025-05-25T11:00:00.000Z,USA,Nevada Power Company,US-NW-NEVP,420.0,523.0,,12.0,,False,
2025-05-25T12:00:00.000Z,USA,Nevada Power Company,US-NW-NEVP,419.0,518.0,,14.0,,False,
2025-05-25T13:00:00.000Z,USA,Nevada Power Company,US-NW-NEVP,348.0,431.0,,30.0,,False,
2025-05-25T14:00:00.000Z,USA,Nevada Power Company,US-NW-NEVP,215.0,271.0,,60.0,,False,
2025-05-25T15:00:00.000Z,USA,Nevada Power Company,US-NW-NEVP,177.0,228.0,,67.0,,False,
2025-05-25T16:00:00.000Z,USA,Nevada Power Company,US-NW-NEVP,165.0,214.0,,69.0,,False,
2025-05-25T17:00:00.000Z,USA,Nevada Power Company,US-NW-NEVP,159.0,207.0,,70.0,,False,
2025-05-25T18:00:00.000Z,USA,Nevada Power Company,US-NW-NEVP,161.0,209.0,,70.0,,False,
2025-05-25T19:00:00.000Z,USA,Nevada Power Company,US-NW-NEVP,167.0,218.0,,68.0,,False,
2025-05-25T20:00:00.000Z,USA,Nevada Power Company,US-NW-NEVP,173.0,225.0,,66.0,,False,
2025-05-25T21:00:00.000Z,USA,Nevada Power Company,US-NW-NEVP,178.0,232.0,,64.0,,False,
2025-05-25T22:00:00.000Z,USA,Nevada Power Company,US-NW-NEVP,196.0,254.0,,60.0,,False,
2025-05-25T23:00:00.000Z,USA,Nevada Power Company,US-NW-NEVP,225.0,288.0,,54.0,,False,
2025-05-26T00:00:00.000Z,USA,Nevada Power Company,US-NW-NEVP,252.0,320.0,,48.0,,False,
2025-05-26T01:00:00.000Z,USA,Nevada Power Company,US-NW-NEVP,314.0,394.0,,36.0,,False,
2025-05-26T02:00:00.000Z,USA,Nevada Power Company,US-NW-NEVP,358.0,449.0,,24.0,,True,TIME_SLICER_AVERAGE
2025-05-26T03:00:00.000Z,USA,Nevada Power Company,US-NW-NEVP,402.0,504.0,,12.0,,True,TIME_SLICER_AVERAGE
2025-05-26T04:00:00.000Z,USA,Nevada Power Company,US-NW-NEVP,406.0,512.0,,9.0,,False,
2025-05-26T05:00:00.000Z,USA,Nevada Power Company,US-NW-NEVP,401.0,508.0,,9.0,,False,
2025-05-26T06:00:00.000Z,USA,Nevada Power Company,US-NW-NEVP,399.0,507.0,,9.0,,False,
2025-05-26T07:00:00.000Z,USA,Nevada Power Company,US-NW-NEVP,393.0,490.0,,17.0,,False,
2025-05-26T08:00:00.000Z,USA,Nevada Power Company,US-NW-NEVP,390.0,484.0,,19.0,,False,
2025-05-26T09:00:00.000Z,USA,Nevada Power Company,US-NW-NEVP,397.0,494.0,,17.0,,False,
2025-05-26T10:00:00.000Z,USA,Nevada Power Company,US-NW-NEVP,400.0,498.0,,16.0,,False,
2025-05-26T11:00:00.000Z,USA,Nevada Power Company,US-NW-NEVP,395.0,491.0,,18.0,,False,
2025-05-26T12:00:00.000Z,USA,Nevada Power Company,US-NW-NEVP,388.0,481.0,,20.0,,False,
2025-05-26T13:00:00.000Z,USA,Nevada Power Company,US-NW-NEVP,325.0,404.0,,35.0,,False,
2025-05-26T14:00:00.000Z,USA,Nevada Power Company,US-NW-NEVP,217.0,273.0,,59.0,,False,
2025-05-26T15:00:00.000Z,USA,Nevada Power Company,US-NW-NEVP,182.0,234.0,,65.0,,False,
2025-05-26T16:00:00.000Z,USA,Nevada Power Company,US-NW-NEVP,168.0,219.0,,66.0,,False,
2025-05-26T17:00:00.000Z,USA,Nevada Power Company,US-NW-NEVP,161.0,211.0,,68.0,,False,
2025-05-26T18:00:00.000Z,USA,Nevada Power Company,US-NW-NEVP,167.0,219.0,,67.0,,False,
2025-05-26T19:00:00.000Z,USA,Nevada Power Company,US-NW-NEVP,177.0,232.0,,64.0,,False,
2025-05-26T20:00:00.000Z,USA,Nevada Power Company,US-NW-NEVP,181.0,239.0,,62.0,,False,
2025-05-26T21:00:00.000Z,USA,Nevada Power Company,US-NW-NEVP,188.0,246.0,,60.0,,False,
2025-05-26T22:00:00.000Z,USA,Nevada Power Company,US-NW-NEVP,201.0,262.0,,57.0,,False,
2025-05-26T23:00:00.000Z,USA,Nevada Power Company,US-NW-NEVP,224.0,290.0,,53.0,,False,
2025-05-27T00:00:00.000Z,USA,Nevada Power Company,US-NW-NEVP,273.0,347.0,,42.0,,False,
2025-05-27T01:00:00.000Z,USA,Nevada Power Company,US-NW-NEVP,348.0,437.0,,27.0,,False,
2025-05-27T02:00:00.000Z,USA,Nevada Power Company,US-NW-NEVP,353.0,452.0,,17.0,,False,
2025-05-27T03:00:00.000Z,USA,Nevada Power Company,US-NW-NEVP,377.0,429.0,,47.0,,False,
2025-05-27T04:00:00.000Z,USA,Nevada Power Company,US-NW-NEVP,383.0,435.0,,47.0,,False,
2025-05-27T05:00:00.000Z,USA,Nevada Power Company,US-NW-NEVP,366.0,419.0,,49.0,,False,
2025-05-27T06:00:00.000Z,USA,Nevada Power Company,US-NW-NEVP,384.0,439.0,,47.0,,False,
2025-05-27T07:00:00.000Z,USA,Nevada Power Company,US-NW-NEVP,407.0,465.0,,41.0,,False,
2025-05-27T08:00:00.000Z,USA,Nevada Power Company,US-NW-NEVP,417.0,476.0,,40.0,,False,
2025-05-27T09:00:00.000Z,USA,Nevada Power Company,US-NW-NEVP,387.0,447.0,,43.0,,False,
2025-05-27T10:00:00.000Z,USA,Nevada Power Company,US-NW-NEVP,385.0,444.0,,43.0,,False,
2025-05-27T11:00:00.000Z,USA,Nevada Power Company,US-NW-NEVP,393.0,453.0,,42.0,,False,
2025-05-27T12:00:00.000Z,USA,Nevada Power Company,US-NW-NEVP,384.0,444.0,,43.0,,False,
2025-05-27T13:00:00.000Z,USA,Nevada Power Company,US-NW-NEVP,413.0,472.0,,37.0,,False,
2025-05-27T14:00:00.000Z,USA,Nevada Power Company,US-NW-NEVP,360.0,411.0,,46.0,,False,
2025-05-27T15:00:00.000Z,USA,Nevada Power Company,US-NW-NEVP,335.0,385.0,,47.0,,False,
2025-05-27T16:00:00.000Z,USA,Nevada Power Company,US-NW-NEVP,301.0,350.0,,52.0,,False,
2025-05-27T17:00:00.000Z,USA,Nevada Power Company,US-NW-NEVP,270.0,318.0,,57.0,,False,
2025-05-27T18:00:00.000Z,USA,Nevada Power Company,US-NW-NEVP,256.0,304.0,,58.0,,False,
2025-05-27T19:00:00.000Z,USA,Nevada Power Company,US-NW-NEVP,257.0,306.0,,57.0,,False,
2025-05-27T20:00:00.000Z,USA,Nevada Power Company,US-NW-NEVP,255.0,304.0,,57.0,,False,
2025-05-27T21:00:00.000Z,USA,Nevada Power Company,US-NW-NEVP,246.0,294.0,,57.0,,False,
2025-05-27T22:00:00.000Z,USA,Nevada Power Company,US-NW-NEVP,263.0,313.0,,56.0,,False,
2025-05-27T23:00:00.000Z,USA,Nevada Power Company,US-NW-NEVP,315.0,368.0,,49.0,,False,
2025-05-28T00:00:00.000Z,USA,Nevada Power Company,US-NW-NEVP,339.0,394.0,,45.0,,False,
2025-05-28T01:00:00.000Z,USA,Nevada Power Company,US-NW-NEVP,363.0,419.0,,45.0,,False,
2025-05-28T02:00:00.000Z,USA,Nevada Power Company,US-NW-NEVP,411.0,476.0,,34.0,,False,
2025-05-28T03:00:00.000Z,USA,Nevada Power Company,US-NW-NEVP,421.0,487.0,,32.0,,False,
2025-05-28T04:00:00.000Z,USA,Nevada Power Company,US-NW-NEVP,432.0,499.0,,32.0,,False,
2025-05-28T05:00:00.000Z,USA,Nevada Power Company,US-NW-NEVP,423.0,526.0,,12.0,,False,
2025-05-28T06:00:00.000Z,USA,Nevada Power Company,US-NW-NEVP,431.0,534.0,,11.0,,False,
2025-05-28T07:00:00.000Z,USA,Nevada Power Company,US-NW-NEVP,421.0,523.0,,12.0,,False,
2025-05-28T08:00:00.000Z,USA,Nevada Power Company,US-NW-NEVP,424.0,524.0,,14.0,,False,
2025-05-28T09:00:00.000Z,USA,Nevada Power Company,US-NW-NEVP,421.0,521.0,,14.0,,False,
2025-05-28T10:00:00.000Z,USA,Nevada Power Company,US-NW-NEVP,427.0,527.0,,14.0,,False,
2025-05-28T11:00:00.000Z,USA,Nevada Power Company,US-NW-NEVP,419.0,518.0,,15.0,,False,
2025-05-28T12:00:00.000Z,USA,Nevada Power Company,US-NW-NEVP,409.0,507.0,,17.0,,False,
2025-05-28T13:00:00.000Z,USA,Nevada Power Company,US-NW-NEVP,344.0,428.0,,31.0,,False,
2025-05-28T14:00:00.000Z,USA,Nevada Power Company,US-NW-NEVP,251.0,322.0,,47.0,,False,
2025-05-28T15:00:00.000Z,USA,Nevada Power Company,US-NW-NEVP,221.0,286.0,,54.0,,False,
2025-05-28T16:00:00.000Z,USA,Nevada Power Company,US-NW-NEVP,204.0,266.0,,58.0,,False,
2025-05-28T17:00:00.000Z,USA,Nevada Power Company,US-NW-NEVP,193.0,251.0,,61.0,,False,
2025-05-28T18:00:00.000Z,USA,Nevada Power Company,US-NW-NEVP,188.0,247.0,,61.0,,False,
2025-05-28T19:00:00.000Z,USA,Nevada Power Company,US-NW-NEVP,196.0,257.0,,58.0,,False,
2025-05-28T20:00:00.000Z,USA,Nevada Power Company,US-NW-NEVP,211.0,276.0,,54.0,,False,
2025-05-28T21:00:00.000Z,USA,Nevada Power Company,US-NW-NEVP,215.0,281.0,,53.0,,False,
2025-05-28T22:00:00.000Z,USA,Nevada Power Company,US-NW-NEVP,226.0,294.0,,51.0,,False,
2025-05-28T23:00:00.000Z,USA,Nevada Power Company,US-NW-NEVP,247.0,317.0,,48.0,,False,
2025-05-29T00:00:00.000Z,USA,Nevada Power Company,US-NW-NEVP,285.0,363.0,,40.0,,False,
2025-05-29T01:00:00.000Z,USA,Nevada Power Company,US-NW-NEVP,301.0,382.0,,36.0,,True,TIME_SLICER_AVERAGE
2025-05-29T02:00:00.000Z,USA,Nevada Power Company,US-NW-NEVP,332.0,417.0,,31.0,,True,TIME_SLICER_AVERAGE
2025-05-29T03:00:00.000Z,USA,Nevada Power Company,US-NW-NEVP,403.0,501.0,,18.0,,True,TIME_SLICER_AVERAGE
2025-05-29T04:00:00.000Z,USA,Nevada Power Company,US-NW-NEVP,404.0,506.0,,14.0,,True,TIME_SLICER_AVERAGE
2025-05-29T05:00:00.000Z,USA,Nevada Power Company,US-NW-NEVP,394.0,494.0,,16.0,,True,TIME_SLICER_AVERAGE
2025-05-29T06:00:00.000Z,USA,Nevada Power Company,US-NW-NEVP,392.0,492.0,,17.0,,False,
2025-05-29T07:00:00.000Z,USA,Nevada Power Company,US-NW-NEVP,391.0,490.0,,17.0,,False,
2025-05-29T08:00:00.000Z,USA,Nevada Power Company,US-NW-NEVP,393.0,491.0,,18.0,,False,
2025-05-29T09:00:00.000Z,USA,Nevada Power Company,US-NW-NEVP,385.0,479.0,,21.0,,False,
2025-05-29T10:00:00.000Z,USA,Nevada Power Company,US-NW-NEVP,392.0,483.0,,22.0,,False,
2025-05-29T11:00:00.000Z,USA,Nevada Power Company,US-NW-NEVP,390.0,478.0,,25.0,,False,
2025-05-29T12:00:00.000Z,USA,Nevada Power Company,US-NW-NEVP,386.0,471.0,,27.0,,False,
2025-05-29T13:00:00.000Z,USA,Nevada Power Company,US-NW-NEVP,351.0,429.0,,35.0,,False,
2025-05-29T14:00:00.000Z,USA,Nevada Power Company,US-NW-NEVP,248.0,320.0,,48.0,,False,
2025-05-29T15:00:00.000Z,USA,Nevada Power Company,US-NW-NEVP,193.0,251.0,,61.0,,False,
2025-05-29T16:00:00.000Z,USA,Nevada Power Company,US-NW-NEVP,184.0,241.0,,63.0,,False,
2025-05-29T17:00:00.000Z,USA,Nevada Power Company,US-NW-NEVP,181.0,238.0,,63.0,,False,
2025-05-29T18:00:00.000Z,USA,Nevada Power Company,US-NW-NEVP,180.0,238.0,,63.0,,False,
2025-05-29T19:00:00.000Z,USA,Nevada Power Company,US-NW-NEVP,180.0,238.0,,62.0,,False,
2025-05-29T20:00:00.000Z,USA,Nevada Power Company,US-NW-NEVP,186.0,246.0,,61.0,,False,
2025-05-29T21:00:00.000Z,USA,Nevada Power Company,US-NW-NEVP,208.0,274.0,,55.0,,False,
2025-05-29T22:00:00.000Z,USA,Nevada Power Company,US-NW-NEVP,211.0,277.0,,54.0,,False,
2025-05-29T23:00:00.000Z,USA,Nevada Power Company,US-NW-NEVP,237.0,309.0,,48.0,,False,
2025-05-30T00:00:00.000Z,USA,Nevada Power Company,US-NW-NEVP,258.0,333.0,,43.0,,False,
2025-05-30T01:00:00.000Z,USA,Nevada Power Company,US-NW-NEVP,271.0,349.0,,41.0,,True,TIME_SLICER_AVERAGE
2025-05-30T02:00:00.000Z,USA,Nevada Power Company,US-NW-NEVP,294.0,373.0,,37.0,,True,TIME_SLICER_AVERAGE
2025-05-30T03:00:00.000Z,USA,Nevada Power Company,US-NW-NEVP,369.0,461.0,,23.0,,True,TIME_SLICER_AVERAGE
2025-05-30T04:00:00.000Z,USA,Nevada Power Company,US-NW-NEVP,389.0,488.0,,16.0,,True,TIME_SLICER_AVERAGE
2025-05-30T05:00:00.000Z,USA,Nevada Power Company,US-NW-NEVP,385.0,482.0,,19.0,,True,TIME_SLICER_AVERAGE
2025-05-30T06:00:00.000Z,USA,Nevada Power Company,US-NW-NEVP,384.0,480.0,,19.0,,False,
2025-05-30T07:00:00.000Z,USA,Nevada Power Company,US-NW-NEVP,382.0,477.0,,19.0,,False,
2025-05-30T08:00:00.000Z,USA,Nevada Power Company,US-NW-NEVP,383.0,478.0,,19.0,,False,
2025-05-30T09:00:00.000Z,USA,Nevada Power Company,US-NW-NEVP,382.0,476.0,,20.0,,False,
2025-05-30T10:00:00.000Z,USA,Nevada Power Company,US-NW-NEVP,382.0,476.0,,20.0,,False,
2025-05-30T11:00:00.000Z,USA,Nevada Power Company,US-NW-NEVP,390.0,485.0,,19.0,,False,
2025-05-30T12:00:00.000Z,USA,Nevada Power Company,US-NW-NEVP,390.0,484.0,,20.0,,False,
2025-05-30T13:00:00.000Z,USA,Nevada Power Company,US-NW-NEVP,342.0,428.0,,30.0,,False,
2025-05-30T14:00:00.000Z,USA,Nevada Power Company,US-NW-NEVP,246.0,314.0,,50.0,,False,
2025-05-30T15:00:00.000Z,USA,Nevada Power Company,US-NW-NEVP,217.0,279.0,,57.0,,False,
2025-05-30T16:00:00.000Z,USA,Nevada Power Company,US-NW-NEVP,207.0,268.0,,58.0,,False,
2025-05-30T17:00:00.000Z,USA,Nevada Power Company,US-NW-NEVP,205.0,266.0,,59.0,,False,
2025-05-30T18:00:00.000Z,USA,Nevada Power Company,US-NW-NEVP,200.0,259.0,,60.0,,False,
2025-05-30T19:00:00.000Z,USA,Nevada Power Company,US-NW-NEVP,207.0,270.0,,57.0,,False,
2025-05-30T20:00:00.000Z,USA,Nevada Power Company,US-NW-NEVP,214.0,280.0,,54.0,,False,
2025-05-30T21:00:00.000Z,USA,Nevada Power Company,US-NW-NEVP,224.0,292.0,,51.0,,False,
2025-05-30T22:00:00.000Z,USA,Nevada Power Company,US-NW-NEVP,241.0,314.0,,46.0,,False,
2025-05-30T23:00:00.000Z,USA,Nevada Power Company,US-NW-NEVP,248.0,321.0,,46.0,,False,
2025-05-31T00:00:00.000Z,USA,Nevada Power Company,US-NW-NEVP,258.0,333.0,,44.0,,False,
2025-05-31T01:00:00.000Z,USA,Nevada Power Company,US-NW-NEVP,275.0,353.0,,40.0,,True,TIME_SLICER_AVERAGE
2025-05-31T02:00:00.000Z,USA,Nevada Power Company,US-NW-NEVP,304.0,384.0,,36.0,,True,TIME_SLICER_AVERAGE
2025-05-31T03:00:00.000Z,USA,Nevada Power Company,US-NW-NEVP,325.0,408.0,,33.0,,True,TIME_SLICER_AVERAGE
2025-05-31T04:00:00.000Z,USA,Nevada Power Company,US-NW-NEVP,391.0,491.0,,16.0,,True,TIME_SLICER_AVERAGE
2025-05-31T05:00:00.000Z,USA,Nevada Power Company,US-NW-NEVP,390.0,490.0,,16.0,,True,TIME_SLICER_AVERAGE
2025-05-31T06:00:00.000Z,USA,Nevada Power Company,US-NW-NEVP,404.0,506.0,,14.0,,False,
2025-05-31T07:00:00.000Z,USA,Nevada Power Company,US-NW-NEVP,402.0,505.0,,14.0,,False,
2025-05-31T08:00:00.000Z,USA,Nevada Power Company,US-NW-NEVP,392.0,491.0,,16.0,,False,
2025-05-31T09:00:00.000Z,USA,Nevada Power Company,US-NW-NEVP,399.0,498.0,,16.0,,False,
2025-05-31T10:00:00.000Z,USA,Nevada Power Company,US-NW-NEVP,405.0,505.0,,15.0,,False,
2025-05-31T11:00:00.000Z,USA,Nevada Power Company,US-NW-NEVP,407.0,507.0,,15.0,,False,
2025-05-31T12:00:00.000Z,USA,Nevada Power Company,US-NW-NEVP,412.0,510.0,,15.0,,False,
2025-05-31T13:00:00.000Z,USA,Nevada Power Company,US-NW-NEVP,388.0,480.0,,22.0,,False,
2025-05-31T14:00:00.000Z,USA,Nevada Power Company,US-NW-NEVP,312.0,392.0,,36.0,,False,
2025-05-31T15:00:00.000Z,USA,Nevada Power Company,US-NW-NEVP,258.0,329.0,,47.0,,False,
2025-05-31T16:00:00.000Z,USA,Nevada Power Company,US-NW-NEVP,220.0,286.0,,55.0,,False,
2025-05-31T17:00:00.000Z,USA,Nevada Power Company,US-NW-NEVP,228.0,296.0,,52.0,,False,
2025-05-31T18:00:00.000Z,USA,Nevada Power Company,US-NW-NEVP,229.0,298.0,,51.0,,False,
2025-05-31T19:00:00.000Z,USA,Nevada Power Company,US-NW-NEVP,232.0,301.0,,51.0,,False,
2025-05-31T20:00:00.000Z,USA,Nevada Power Company,US-NW-NEVP,253.0,326.0,,46.0,,False,
2025-05-31T21:00:00.000Z,USA,Nevada Power Company,US-NW-NEVP,249.0,322.0,,46.0,,False,
2025-05-31T22:00:00.000Z,USA,Nevada Power Company,US-NW-NEVP,262.0,338.0,,43.0,,False,
2025-05-31T23:00:00.000Z,USA,Nevada Power Company,US-NW-NEVP,264.0,341.0,,42.0,,False,
2025-06-01T00:00:00.000Z,USA,Nevada Power Company,US-NW-NEVP,281.0,360.0,,39.0,,False,
2025-06-01T01:00:00.000Z,USA,Nevada Power Company,US-NW-NEVP,296.0,377.0,,36.0,,True,TIME_SLICER_AVERAGE
2025-06-01T02:00:00.000Z,USA,Nevada Power Company,US-NW-NEVP,361.0,453.0,,23.0,,True,TIME_SLICER_AVERAGE
2025-06-01T03:00:00.000Z,USA,Nevada Power Company,US-NW-NEVP,367.0,461.0,,23.0,,True,TIME_SLICER_AVERAGE
2025-06-01T04:00:00.000Z,USA,Nevada Power Company,US-NW-NEVP,375.0,470.0,,20.0,,True,TIME_SLICER_AVERAGE
2025-06-01T05:00:00.000Z,USA,Nevada Power Company,US-NW-NEVP,385.0,480.0,,20.0,,False,
2025-06-01T06:00:00.000Z,USA,Nevada Power Company,US-NW-NEVP,385.0,481.0,,19.0,,False,
2025-06-01T07:00:00.000Z,USA,Nevada Power Company,US-NW-NEVP,391.0,488.0,,18.0,,False,
2025-06-01T08:00:00.000Z,USA,Nevada Power Company,US-NW-NEVP,396.0,493.0,,18.0,,False,
2025-06-01T09:00:00.000Z,USA,Nevada Power Company,US-NW-NEVP,394.0,490.0,,18.0,,False,
2025-06-01T10:00:00.000Z,USA,Nevada Power Company,US-NW-NEVP,402.0,501.0,,16.0,,False,
2025-06-01T11:00:00.000Z,USA,Nevada Power Company,US-NW-NEVP,413.0,514.0,,15.0,,False,
2025-06-01T12:00:00.000Z,USA,Nevada Power Company,US-NW-NEVP,412.0,510.0,,16.0,,False,
2025-06-01T13:00:00.000Z,USA,Nevada Power Company,US-NW-NEVP,370.0,460.0,,25.0,,False,
2025-06-01T14:00:00.000Z,USA,Nevada Power Company,US-NW-NEVP,336.0,417.0,,34.0,,False,
2025-06-01T15:00:00.000Z,USA,Nevada Power Company,US-NW-NEVP,282.0,354.0,,45.0,,False,
2025-06-01T16:00:00.000Z,USA,Nevada Power Company,US-NW-NEVP,270.0,342.0,,46.0,,False,
2025-06-01T17:00:00.000Z,USA,Nevada Power Company,US-NW-NEVP,267.0,340.0,,45.0,,False,
2025-06-01T18:00:00.000Z,USA,Nevada Power Company,US-NW-NEVP,246.0,315.0,,50.0,,False,
2025-06-01T19:00:00.000Z,USA,Nevada Power Company,US-NW-NEVP,250.0,321.0,,48.0,,False,
2025-06-01T20:00:00.000Z,USA,Nevada Power Company,US-NW-NEVP,255.0,328.0,,46.0,,False,
2025-06-01T21:00:00.000Z,USA,Nevada Power Company,US-NW-NEVP,269.0,346.0,,42.0,,False,
2025-06-01T22:00:00.000Z,USA,Nevada Power Company,US-NW-NEVP,295.0,377.0,,36.0,,False,
2025-06-01T23:00:00.000Z,USA,Nevada Power Company,US-NW-NEVP,306.0,387.0,,35.0,,False,
2025-06-02T00:00:00.000Z,USA,Nevada Power Company,US-NW-NEVP,315.0,399.0,,33.0,,False,
2025-06-02T01:00:00.000Z,USA,Nevada Power Company,US-NW-NEVP,328.0,413.0,,30.0,,False,
2025-06-02T02:00:00.000Z,USA,Nevada Power Company,US-NW-NEVP,350.0,440.0,,25.0,,True,TIME_SLICER_AVERAGE
2025-06-02T03:00:00.000Z,USA,Nevada Power Company,US-NW-NEVP,366.0,459.0,,22.0,,False,
2025-06-02T04:00:00.000Z,USA,Nevada Power Company,US-NW-NEVP,379.0,474.0,,20.0,,True,TIME_SLICER_AVERAGE
2025-06-02T05:00:00.000Z,USA,Nevada Power Company,US-NW-NEVP,395.0,494.0,,17.0,,True,TIME_SLICER_AVERAGE
2025-06-02T06:00:00.000Z,USA,Nevada Power Company,US-NW-NEVP,399.0,499.0,,16.0,,True,TIME_SLICER_AVERAGE
2025-06-02T07:00:00.000Z,USA,Nevada Power Company,US-NW-NEVP,399.0,499.0,,15.0,,False,
2025-06-02T08:00:00.000Z,USA,Nevada Power Company,US-NW-NEVP,393.0,493.0,,15.0,,False,
2025-06-02T09:00:00.000Z,USA,Nevada Power Company,US-NW-NEVP,399.0,500.0,,14.0,,False,
2025-06-02T10:00:00.000Z,USA,Nevada Power Company,US-NW-NEVP,400.0,500.0,,15.0,,False,
2025-06-02T11:00:00.000Z,USA,Nevada Power Company,US-NW-NEVP,401.0,501.0,,15.0,,False,
2025-06-02T12:00:00.000Z,USA,Nevada Power Company,US-NW-NEVP,404.0,504.0,,15.0,,False,
2025-06-02T13:00:00.000Z,USA,Nevada Power Company,US-NW-NEVP,389.0,485.0,,19.0,,False,
2025-06-02T14:00:00.000Z,USA,Nevada Power Company,US-NW-NEVP,338.0,425.0,,29.0,,False,
2025-06-02T15:00:00.000Z,USA,Nevada Power Company,US-NW-NEVP,309.0,388.0,,35.0,,False,
2025-06-02T16:00:00.000Z,USA,Nevada Power Company,US-NW-NEVP,281.0,355.0,,41.0,,False,
2025-06-02T17:00:00.000Z,USA,Nevada Power Company,US-NW-NEVP,240.0,307.0,,51.0,,False,
2025-06-02T18:00:00.000Z,USA,Nevada Power Company,US-NW-NEVP,232.0,299.0,,52.0,,False,
2025-06-02T19:00:00.000Z,USA,Nevada Power Company,US-NW-NEVP,244.0,313.0,,49.0,,False,
2025-06-02T20:00:00.000Z,USA,Nevada Power Company,US-NW-NEVP,239.0,308.0,,49.0,,False,
2025-06-02T21:00:00.000Z,USA,Nevada Power Company,US-NW-NEVP,226.0,293.0,,52.0,,False,
2025-06-02T22:00:00.000Z,USA,Nevada Power Company,US-NW-NEVP,226.0,293.0,,51.0,,False,
2025-06-02T23:00:00.000Z,USA,Nevada Power Company,US-NW-NEVP,230.0,297.0,,51.0,,False,
2025-06-03T00:00:00.000Z,USA,Nevada Power Company,US-NW-NEVP,252.0,324.0,,46.0,,False,
2025-06-03T01:00:00.000Z,USA,Nevada Power Company,US-NW-NEVP,330.0,414.0,,31.0,,False,
2025-06-03T02:00:00.000Z,USA,Nevada Power Company,US-NW-NEVP,341.0,428.0,,28.0,,True,TIME_SLICER_AVERAGE
2025-06-03T03:00:00.000Z,USA,Nevada Power Company,US-NW-NEVP,356.0,446.0,,24.0,,True,TIME_SLICER_AVERAGE
2025-06-03T04:00:00.000Z,USA,Nevada Power Company,US-NW-NEVP,366.0,461.0,,20.0,,False,
2025-06-03T05:00:00.000Z,USA,Nevada Power Company,US-NW-NEVP,385.0,485.0,,16.0,,False,
2025-06-03T06:00:00.000Z,USA,Nevada Power Company,US-NW-NEVP,410.0,510.0,,15.0,,False,
2025-06-03T07:00:00.000Z,USA,Nevada Power Company,US-NW-NEVP,413.0,513.0,,15.0,,True,TIME_SLICER_AVERAGE
2025-06-03T08:00:00.000Z,USA,Nevada Power Company,US-NW-NEVP,411.0,509.0,,16.0,,False,
2025-06-03T09:00:00.000Z,USA,Nevada Power Company,US-NW-NEVP,401.0,498.0,,17.0,,False,
2025-06-03T10:00:00.000Z,USA,Nevada Power Company,US-NW-NEVP,397.0,495.0,,16.0,,False,
2025-06-03T11:00:00.000Z,USA,Nevada Power Company,US-NW-NEVP,400.0,498.0,,16.0,,False,
2025-06-03T12:00:00.000Z,USA,Nevada Power Company,US-NW-NEVP,397.0,494.0,,16.0,,False,
2025-06-03T13:00:00.000Z,USA,Nevada Power Company,US-NW-NEVP,341.0,427.0,,30.0,,False,
2025-06-03T14:00:00.000Z,USA,Nevada Power Company,US-NW-NEVP,255.0,322.0,,49.0,,False,
2025-06-03T15:00:00.000Z,USA,Nevada Power Company,US-NW-NEVP,216.0,275.0,,59.0,,False,
2025-06-03T16:00:00.000Z,USA,Nevada Power Company,US-NW-NEVP,208.0,265.0,,60.0,,False,
2025-06-03T17:00:00.000Z,USA,Nevada Power Company,US-NW-NEVP,217.0,275.0,,60.0,,False,
2025-06-03T18:00:00.000Z,USA,Nevada Power Company,US-NW-NEVP,218.0,278.0,,59.0,,False,
2025-06-03T19:00:00.000Z,USA,Nevada Power Company,US-NW-NEVP,242.0,307.0,,53.0,,False,
2025-06-03T20:00:00.000Z,USA,Nevada Power Company,US-NW-NEVP,278.0,349.0,,44.0,,False,
2025-06-03T21:00:00.000Z,USA,Nevada Power Company,US-NW-NEVP,292.0,365.0,,42.0,,False,
2025-06-03T22:00:00.000Z,USA,Nevada Power Company,US-NW-NEVP,304.0,379.0,,39.0,,False,
2025-06-03T23:00:00.000Z,USA,Nevada Power Company,US-NW-NEVP,323.0,403.0,,35.0,,False,
2025-06-04T00:00:00.000Z,USA,Nevada Power Company,US-NW-NEVP,355.0,442.0,,28.0,,False,
2025-06-04T01:00:00.000Z,USA,Nevada Power Company,US-NW-NEVP,371.0,462.0,,25.0,,False,
2025-06-04T02:00:00.000Z,USA,Nevada Power Company,US-NW-NEVP,367.0,460.0,,23.0,,True,TIME_SLICER_AVERAGE
2025-06-04T03:00:00.000Z,USA,Nevada Power Company,US-NW-NEVP,386.0,482.0,,20.0,,True,TIME_SLICER_AVERAGE
2025-06-04T04:00:00.000Z,USA,Nevada Power Company,US-NW-NEVP,384.0,481.0,,17.0,,True,TIME_SLICER_AVERAGE
2025-06-04T05:00:00.000Z,USA,Nevada Power Company,US-NW-NEVP,396.0,496.0,,15.0,,True,TIME_SLICER_AVERAGE
2025-06-04T06:00:00.000Z,USA,Nevada Power Company,US-NW-NEVP,399.0,498.0,,16.0,,True,TIME_SLICER_AVERAGE
2025-06-04T07:00:00.000Z,USA,Nevada Power Company,US-NW-NEVP,421.0,522.0,,14.0,,True,TIME_SLICER_AVERAGE
2025-06-04T08:00:00.000Z,USA,Nevada Power Company,US-NW-NEVP,417.0,516.0,,15.0,,False,
2025-06-04T09:00:00.000Z,USA,Nevada Power Company,US-NW-NEVP,410.0,507.0,,17.0,,False,
2025-06-04T10:00:00.000Z,USA,Nevada Power Company,US-NW-NEVP,408.0,504.0,,17.0,,False,
2025-06-04T11:00:00.000Z,USA,Nevada Power Company,US-NW-NEVP,407.0,500.0,,19.0,,False,
2025-06-04T12:00:00.000Z,USA,Nevada Power Company,US-NW-NEVP,409.0,501.0,,20.0,,False,
2025-06-04T13:00:00.000Z,USA,Nevada Power Company,US-NW-NEVP,349.0,430.0,,34.0,,False,
2025-06-04T14:00:00.000Z,USA,Nevada Power Company,US-NW-NEVP,264.0,332.0,,50.0,,False,
2025-06-04T15:00:00.000Z,USA,Nevada Power Company,US-NW-NEVP,221.0,281.0,,58.0,,False,
2025-06-04T16:00:00.000Z,USA,Nevada Power Company,US-NW-NEVP,212.0,271.0,,60.0,,False,
2025-06-04T17:00:00.000Z,USA,Nevada Power Company,US-NW-NEVP,215.0,275.0,,59.0,,False,
2025-06-04T18:00:00.000Z,USA,Nevada Power Company,US-NW-NEVP,208.0,266.0,,61.0,,False,
2025-06-04T19:00:00.000Z,USA,Nevada Power Company,US-NW-NEVP,210.0,270.0,,60.0,,False,
2025-06-04T20:00:00.000Z,USA,Nevada Power Company,US-NW-NEVP,217.0,278.0,,57.0,,False,
2025-06-04T21:00:00.000Z,USA,Nevada Power Company,US-NW-NEVP,210.0,270.0,,58.0,,False,
2025-06-04T22:00:00.000Z,USA,Nevada Power Company,US-NW-NEVP,217.0,278.0,,56.0,,False,
2025-06-04T23:00:00.000Z,USA,Nevada Power Company,US-NW-NEVP,236.0,301.0,,52.0,,False,
2025-06-05T00:00:00.000Z,USA,Nevada Power Company,US-NW-NEVP,279.0,352.0,,43.0,,False,
2025-06-05T01:00:00.000Z,USA,Nevada Power Company,US-NW-NEVP,326.0,405.0,,35.0,,False,
2025-06-05T02:00:00.000Z,USA,Nevada Power Company,US-NW-NEVP,341.0,422.0,,32.0,,True,TIME_SLICER_AVERAGE
2025-06-05T03:00:00.000Z,USA,Nevada Power Company,US-NW-NEVP,365.0,452.0,,27.0,,True,TIME_SLICER_AVERAGE
2025-06-05T04:00:00.000Z,USA,Nevada Power Company,US-NW-NEVP,388.0,479.0,,20.0,,True,TIME_SLICER_AVERAGE
2025-06-05T05:00:00.000Z,USA,Nevada Power Company,US-NW-NEVP,417.0,513.0,,17.0,,True,TIME_SLICER_AVERAGE
2025-06-05T06:00:00.000Z,USA,Nevada Power Company,US-NW-NEVP,429.0,527.0,,16.0,,True,TIME_SLICER_AVERAGE
2025-06-05T07:00:00.000Z,USA,Nevada Power Company,US-NW-NEVP,436.0,535.0,,14.0,,False,
2025-06-05T08:00:00.000Z,USA,Nevada Power Company,US-NW-NEVP,432.0,531.0,,14.0,,False,
2025-06-05T09:00:00.000Z,USA,Nevada Power Company,US-NW-NEVP,436.0,535.0,,14.0,,False,
2025-06-05T10:00:00.000Z,USA,Nevada Power Company,US-NW-NEVP,436.0,535.0,,14.0,,False,
2025-06-05T11:00:00.000Z,USA,Nevada Power Company,US-NW-NEVP,442.0,542.0,,13.0,,False,
2025-06-05T12:00:00.000Z,USA,Nevada Power Company,US-NW-NEVP,448.0,547.0,,12.0,,False,
2025-06-05T13:00:00.000Z,USA,Nevada Power Company,US-NW-NEVP,391.0,477.0,,26.0,,False,
2025-06-05T14:00:00.000Z,USA,Nevada Power Company,US-NW-NEVP,308.0,380.0,,40.0,,False,
2025-06-05T15:00:00.000Z,USA,Nevada Power Company,US-NW-NEVP,248.0,312.0,,52.0,,False,
2025-06-05T16:00:00.000Z,USA,Nevada Power Company,US-NW-NEVP,245.0,310.0,,52.0,,False,
2025-06-05T17:00:00.000Z,USA,Nevada Power Company,US-NW-NEVP,227.0,289.0,,56.0,,False,
2025-06-05T18:00:00.000Z,USA,Nevada Power Company,US-NW-NEVP,247.0,313.0,,51.0,,False,
2025-06-05T19:00:00.000Z,USA,Nevada Power Company,US-NW-NEVP,252.0,320.0,,49.0,,False,
2025-06-05T20:00:00.000Z,USA,Nevada Power Company,US-NW-NEVP,268.0,339.0,,45.0,,False,
2025-06-05T21:00:00.000Z,USA,Nevada Power Company,US-NW-NEVP,295.0,370.0,,39.0,,False,
2025-06-05T22:00:00.000Z,USA,Nevada Power Company,US-NW-NEVP,306.0,385.0,,36.0,,False,
2025-06-05T23:00:00.000Z,USA,Nevada Power Company,US-NW-NEVP,299.0,378.0,,37.0,,False,
2025-06-06T00:00:00.000Z,USA,Nevada Power Company,US-NW-NEVP,325.0,409.0,,31.0,,False,
2025-06-06T01:00:00.000Z,USA,Nevada Power Company,US-NW-NEVP,350.0,439.0,,27.0,,False,
2025-06-06T02:00:00.000Z,USA,Nevada Power Company,US-NW-NEVP,400.0,497.0,,18.0,,False,
2025-06-06T03:00:00.000Z,USA,Nevada Power Company,US-NW-NEVP,405.0,501.0,,17.0,,True,TIME_SLICER_AVERAGE
2025-06-06T04:00:00.000Z,USA,Nevada Power Company,US-NW-NEVP,407.0,504.0,,16.0,,True,TIME_SLICER_AVERAGE
2025-06-06T05:00:00.000Z,USA,Nevada Power Company,US-NW-NEVP,432.0,534.0,,12.0,,True,TIME_SLICER_AVERAGE
2025-06-06T06:00:00.000Z,USA,Nevada Power Company,US-NW-NEVP,444.0,546.0,,12.0,,True,TIME_SLICER_AVERAGE
2025-06-06T07:00:00.000Z,USA,Nevada Power Company,US-NW-NEVP,441.0,540.0,,14.0,,False,
2025-06-06T08:00:00.000Z,USA,Nevada Power Company,US-NW-NEVP,442.0,540.0,,14.0,,False,
2025-06-06T09:00:00.000Z,USA,Nevada Power Company,US-NW-NEVP,440.0,539.0,,14.0,,False,
2025-06-06T10:00:00.000Z,USA,Nevada Power Company,US-NW-NEVP,431.0,526.0,,17.0,,False,
2025-06-06T11:00:00.000Z,USA,Nevada Power Company,US-NW-NEVP,438.0,534.0,,15.0,,False,
2025-06-06T12:00:00.000Z,USA,Nevada Power Company,US-NW-NEVP,437.0,531.0,,17.0,,False,
2025-06-06T13:00:00.000Z,USA,Nevada Power Company,US-NW-NEVP,380.0,464.0,,27.0,,False,
2025-06-06T14:00:00.000Z,USA,Nevada Power Company,US-NW-NEVP,266.0,334.0,,48.0,,False,
2025-06-06T15:00:00.000Z,USA,Nevada Power Company,US-NW-NEVP,224.0,285.0,,56.0,,False,
2025-06-06T16:00:00.000Z,USA,Nevada Power Company,US-NW-NEVP,213.0,273.0,,58.0,,False,
2025-06-06T17:00:00.000Z,USA,Nevada Power Company,US-NW-NEVP,208.0,268.0,,59.0,,False,
2025-06-06T18:00:00.000Z,USA,Nevada Power Company,US-NW-NEVP,205.0,264.0,,59.0,,False,
2025-06-06T19:00:00.000Z,USA,Nevada Power Company,US-NW-NEVP,213.0,274.0,,58.0,,False,
2025-06-06T20:00:00.000Z,USA,Nevada Power Company,US-NW-NEVP,231.0,296.0,,53.0,,False,
2025-06-06T21:00:00.000Z,USA,Nevada Power Company,US-NW-NEVP,242.0,308.0,,51.0,,False,
2025-06-06T22:00:00.000Z,USA,Nevada Power Company,US-NW-NEVP,250.0,317.0,,49.0,,False,
2025-06-06T23:00:00.000Z,USA,Nevada Power Company,US-NW-NEVP,241.0,308.0,,51.0,,False,
2025-06-07T00:00:00.000Z,USA,Nevada Power Company,US-NW-NEVP,260.0,330.0,,47.0,,False,
2025-06-07T01:00:00.000Z,USA,Nevada Power Company,US-NW-NEVP,303.0,382.0,,38.0,,False,
2025-06-07T02:00:00.000Z,USA,Nevada Power Company,US-NW-NEVP,324.0,405.0,,35.0,,True,TIME_SLICER_AVERAGE
2025-06-07T03:00:00.000Z,USA,Nevada Power Company,US-NW-NEVP,356.0,442.0,,29.0,,True,TIME_SLICER_AVERAGE
2025-06-07T04:00:00.000Z,USA,Nevada Power Company,US-NW-NEVP,384.0,475.0,,23.0,,True,TIME_SLICER_AVERAGE
2025-06-07T05:00:00.000Z,USA,Nevada Power Company,US-NW-NEVP,402.0,493.0,,22.0,,True,TIME_SLICER_AVERAGE
2025-06-07T06:00:00.000Z,USA,Nevada Power Company,US-NW-NEVP,403.0,493.0,,23.0,,False,
2025-06-07T07:00:00.000Z,USA,Nevada Power Company,US-NW-NEVP,414.0,500.0,,24.0,,False,
2025-06-07T08:00:00.000Z,USA,Nevada Power Company,US-NW-NEVP,410.0,499.0,,23.0,,False,
2025-06-07T09:00:00.000Z,USA,Nevada Power Company,US-NW-NEVP,405.0,492.0,,24.0,,False,
2025-06-07T10:00:00.000Z,USA,Nevada Power Company,US-NW-NEVP,405.0,492.0,,24.0,,False,
2025-06-07T11:00:00.000Z,USA,Nevada Power Company,US-NW-NEVP,413.0,500.0,,23.0,,False,
2025-06-07T12:00:00.000Z,USA,Nevada Power Company,US-NW-NEVP,419.0,505.0,,24.0,,False,
2025-06-07T13:00:00.000Z,USA,Nevada Power Company,US-NW-NEVP,326.0,396.0,,41.0,,False,
2025-06-07T14:00:00.000Z,USA,Nevada Power Company,US-NW-NEVP,240.0,301.0,,56.0,,False,
2025-06-07T15:00:00.000Z,USA,Nevada Power Company,US-NW-NEVP,228.0,286.0,,58.0,,False,
2025-06-07T16:00:00.000Z,USA,Nevada Power Company,US-NW-NEVP,217.0,275.0,,59.0,,False,
2025-06-07T17:00:00.000Z,USA,Nevada Power Company,US-NW-NEVP,208.0,265.0,,61.0,,False,
2025-06-07T18:00:00.000Z,USA,Nevada Power Company,US-NW-NEVP,211.0,270.0,,60.0,,False,
2025-06-07T19:00:00.000Z,USA,Nevada Power Company,US-NW-NEVP,219.0,281.0,,57.0,,False,
2025-06-07T20:00:00.000Z,USA,Nevada Power Company,US-NW-NEVP,219.0,282.0,,56.0,,False,
2025-06-07T21:00:00.000Z,USA,Nevada Power Company,US-NW-NEVP,222.0,286.0,,55.0,,False,
2025-06-07T22:00:00.000Z,USA,Nevada Power Company,US-NW-NEVP,227.0,291.0,,54.0,,False,
2025-06-07T23:00:00.000Z,USA,Nevada Power Company,US-NW-NEVP,237.0,304.0,,51.0,,False,
2025-06-08T00:00:00.000Z,USA,Nevada Power Company,US-NW-NEVP,264.0,336.0,,45.0,,False,
2025-06-08T01:00:00.000Z,USA,Nevada Power Company,US-NW-NEVP,310.0,391.0,,36.0,,False,
2025-06-08T02:00:00.000Z,USA,Nevada Power Company,US-NW-NEVP,404.0,501.0,,16.0,,False,
2025-06-08T03:00:00.000Z,USA,Nevada Power Company,US-NW-NEVP,408.0,503.0,,16.0,,False,
2025-06-08T04:00:00.000Z,USA,Nevada Power Company,US-NW-NEVP,411.0,505.0,,16.0,,False,
2025-06-08T05:00:00.000Z,USA,Nevada Power Company,US-NW-NEVP,426.0,523.0,,14.0,,False,
2025-06-08T06:00:00.000Z,USA,Nevada Power Company,US-NW-NEVP,437.0,534.0,,14.0,,False,
2025-06-08T07:00:00.000Z,USA,Nevada Power Company,US-NW-NEVP,447.0,547.0,,11.0,,False,
2025-06-08T08:00:00.000Z,USA,Nevada Power Company,US-NW-NEVP,446.0,548.0,,11.0,,False,
2025-06-08T09:00:00.000Z,USA,Nevada Power Company,US-NW-NEVP,441.0,543.0,,10.0,,False,
2025-06-08T10:00:00.000Z,USA,Nevada Power Company,US-NW-NEVP,439.0,542.0,,9.0,,False,
2025-06-08T11:00:00.000Z,USA,Nevada Power Company,US-NW-NEVP,441.0,542.0,,10.0,,False,
2025-06-08T12:00:00.000Z,USA,Nevada Power Company,US-NW-NEVP,442.0,544.0,,10.0,,False,
2025-06-08T13:00:00.000Z,USA,Nevada Power Company,US-NW-NEVP,447.0,542.0,,12.0,,False,
2025-06-08T14:00:00.000Z,USA,Nevada Power Company,US-NW-NEVP,439.0,529.0,,16.0,,False,
2025-06-08T15:00:00.000Z,USA,Nevada Power Company,US-NW-NEVP,425.0,512.0,,18.0,,False,
2025-06-08T16:00:00.000Z,USA,Nevada Power Company,US-NW-NEVP,397.0,480.0,,23.0,,False,
2025-06-08T17:00:00.000Z,USA,Nevada Power Company,US-NW-NEVP,396.0,480.0,,24.0,,False,
2025-06-08T18:00:00.000Z,USA,Nevada Power Company,US-NW-NEVP,400.0,489.0,,21.0,,False,
2025-06-08T19:00:00.000Z,USA,Nevada Power Company,US-NW-NEVP,391.0,480.0,,21.0,,False,
2025-06-08T20:00:00.000Z,USA,Nevada Power Company,US-NW-NEVP,387.0,477.0,,21.0,,False,
2025-06-08T21:00:00.000Z,USA,Nevada Power Company,US-NW-NEVP,383.0,475.0,,20.0,,False,
2025-06-08T22:00:00.000Z,USA,Nevada Power Company,US-NW-NEVP,395.0,491.0,,16.0,,False,
2025-06-08T23:00:00.000Z,USA,Nevada Power Company,US-NW-NEVP,392.0,486.0,,18.0,,False,
2025-06-09T00:00:00.000Z,USA,Nevada Power Company,US-NW-NEVP,396.0,492.0,,16.0,,False,
2025-06-09T01:00:00.000Z,USA,Nevada Power Company,US-NW-NEVP,393.0,489.0,,17.0,,False,
2025-06-09T02:00:00.000Z,USA,Nevada Power Company,US-NW-NEVP,400.0,498.0,,15.0,,False,
2025-06-09T03:00:00.000Z,USA,Nevada Power Company,US-NW-NEVP,410.0,508.0,,13.0,,True,TIME_SLICER_AVERAGE
2025-06-09T04:00:00.000Z,USA,Nevada Power Company,US-NW-NEVP,414.0,513.0,,12.0,,True,TIME_SLICER_AVERAGE
2025-06-09T05:00:00.000Z,USA,Nevada Power Company,US-NW-NEVP,429.0,530.0,,10.0,,True,TIME_SLICER_AVERAGE
2025-06-09T06:00:00.000Z,USA,Nevada Power Company,US-NW-NEVP,430.0,531.0,,12.0,,False,
2025-06-09T07:00:00.000Z,USA,Nevada Power Company,US-NW-NEVP,457.0,560.0,,8.0,,False,
2025-06-09T08:00:00.000Z,USA,Nevada Power Company,US-NW-NEVP,461.0,565.0,,8.0,,False,
2025-06-09T09:00:00.000Z,USA,Nevada Power Company,US-NW-NEVP,463.0,567.0,,8.0,,False,
2025-06-09T10:00:00.000Z,USA,Nevada Power Company,US-NW-NEVP,466.0,568.0,,9.0,,False,
2025-06-09T11:00:00.000Z,USA,Nevada Power Company,US-NW-NEVP,467.0,571.0,,8.0,,False,
2025-06-09T12:00:00.000Z,USA,Nevada Power Company,US-NW-NEVP,465.0,567.0,,9.0,,False,
2025-06-09T13:00:00.000Z,USA,Nevada Power Company,US-NW-NEVP,369.0,456.0,,27.0,,False,
2025-06-09T14:00:00.000Z,USA,Nevada Power Company,US-NW-NEVP,273.0,343.0,,46.0,,False,
2025-06-09T15:00:00.000Z,USA,Nevada Power Company,US-NW-NEVP,239.0,305.0,,52.0,,False,
2025-06-09T16:00:00.000Z,USA,Nevada Power Company,US-NW-NEVP,232.0,298.0,,53.0,,False,
2025-06-09T17:00:00.000Z,USA,Nevada Power Company,US-NW-NEVP,231.0,296.0,,53.0,,False,
2025-06-09T18:00:00.000Z,USA,Nevada Power Company,US-NW-NEVP,228.0,294.0,,53.0,,False,
2025-06-09T19:00:00.000Z,USA,Nevada Power Company,US-NW-NEVP,233.0,300.0,,52.0,,False,
2025-06-09T20:00:00.000Z,USA,Nevada Power Company,US-NW-NEVP,238.0,305.0,,51.0,,False,
2025-06-09T21:00:00.000Z,USA,Nevada Power Company,US-NW-NEVP,252.0,323.0,,47.0,,False,
2025-06-09T22:00:00.000Z,USA,Nevada Power Company,US-NW-NEVP,268.0,343.0,,43.0,,False,
2025-06-09T23:00:00.000Z,USA,Nevada Power Company,US-NW-NEVP,289.0,367.0,,39.0,,False,
2025-06-10T00:00:00.000Z,USA,Nevada Power Company,US-NW-NEVP,325.0,410.0,,32.0,,False,
2025-06-10T01:00:00.000Z,USA,Nevada Power Company,US-NW-NEVP,330.0,415.0,,30.0,,True,TIME_SLICER_AVERAGE
2025-06-10T02:00:00.000Z,USA,Nevada Power Company,US-NW-NEVP,379.0,474.0,,19.0,,False,
2025-06-10T03:00:00.000Z,USA,Nevada Power Company,US-NW-NEVP,384.0,478.0,,18.0,,False,
2025-06-10T04:00:00.000Z,USA,Nevada Power Company,US-NW-NEVP,389.0,484.0,,17.0,,False,
2025-06-10T05:00:00.000Z,USA,Nevada Power Company,US-NW-NEVP,418.0,518.0,,13.0,,False,
2025-06-10T06:00:00.000Z,USA,Nevada Power Company,US-NW-NEVP,438.0,536.0,,13.0,,False,
2025-06-10T07:00:00.000Z,USA,Nevada Power Company,US-NW-NEVP,432.0,528.0,,16.0,,False,
2025-06-10T08:00:00.000Z,USA,Nevada Power Company,US-NW-NEVP,434.0,530.0,,15.0,,False,
2025-06-10T09:00:00.000Z,USA,Nevada Power Company,US-NW-NEVP,433.0,530.0,,14.0,,False,
2025-06-10T10:00:00.000Z,USA,Nevada Power Company,US-NW-NEVP,429.0,524.0,,16.0,,False,
2025-06-10T11:00:00.000Z,USA,Nevada Power Company,US-NW-NEVP,427.0,521.0,,17.0,,False,
2025-06-10T12:00:00.000Z,USA,Nevada Power Company,US-NW-NEVP,423.0,515.0,,17.0,,False,
2025-06-10T13:00:00.000Z,USA,Nevada Power Company,US-NW-NEVP,400.0,495.0,,17.0,,False,
2025-06-10T14:00:00.000Z,USA,Nevada Power Company,US-NW-NEVP,409.0,505.0,,14.0,,False,
2025-06-10T15:00:00.000Z,USA,Nevada Power Company,US-NW-NEVP,411.0,508.0,,14.0,,False,
2025-06-10T16:00:00.000Z,USA,Nevada Power Company,US-NW-NEVP,413.0,513.0,,13.0,,False,
2025-06-10T17:00:00.000Z,USA,Nevada Power Company,US-NW-NEVP,401.0,499.0,,15.0,,False,
2025-06-10T18:00:00.000Z,USA,Nevada Power Company,US-NW-NEVP,395.0,494.0,,15.0,,False,
2025-06-10T19:00:00.000Z,USA,Nevada Power Company,US-NW-NEVP,398.0,499.0,,13.0,,False,
2025-06-10T20:00:00.000Z,USA,Nevada Power Company,US-NW-NEVP,395.0,497.0,,13.0,,False,
2025-06-10T21:00:00.000Z,USA,Nevada Power Company,US-NW-NEVP,387.0,487.0,,15.0,,False,
2025-06-10T22:00:00.000Z,USA,Nevada Power Company,US-NW-NEVP,384.0,483.0,,15.0,,False,
2025-06-10T23:00:00.000Z,USA,Nevada Power Company,US-NW-NEVP,373.0,468.0,,19.0,,False,
2025-06-11T00:00:00.000Z,USA,Nevada Power Company,US-NW-NEVP,365.0,456.0,,22.0,,False,
2025-06-11T01:00:00.000Z,USA,Nevada Power Company,US-NW-NEVP,357.0,446.0,,24.0,,False,
2025-06-11T02:00:00.000Z,USA,Nevada Power Company,US-NW-NEVP,350.0,437.0,,26.0,,False,
2025-06-11T03:00:00.000Z,USA,Nevada Power Company,US-NW-NEVP,368.0,458.0,,23.0,,False,
2025-06-11T04:00:00.000Z,USA,Nevada Power Company,US-NW-NEVP,366.0,457.0,,22.0,,False,
2025-06-11T05:00:00.000Z,USA,Nevada Power Company,US-NW-NEVP,397.0,491.0,,19.0,,False,
2025-06-11T06:00:00.000Z,USA,Nevada Power Company,US-NW-NEVP,408.0,502.0,,18.0,,False,
2025-06-11T07:00:00.000Z,USA,Nevada Power Company,US-NW-NEVP,419.0,515.0,,17.0,,False,
2025-06-11T08:00:00.000Z,USA,Nevada Power Company,US-NW-NEVP,427.0,525.0,,15.0,,False,
2025-06-11T09:00:00.000Z,USA,Nevada Power Company,US-NW-NEVP,428.0,526.0,,14.0,,False,
2025-06-11T10:00:00.000Z,USA,Nevada Power Company,US-NW-NEVP,424.0,521.0,,15.0,,False,
2025-06-11T11:00:00.000Z,USA,Nevada Power Company,US-NW-NEVP,424.0,519.0,,16.0,,False,
2025-06-11T12:00:00.000Z,USA,Nevada Power Company,US-NW-NEVP,418.0,512.0,,17.0,,False,
2025-06-11T13:00:00.000Z,USA,Nevada Power Company,US-NW-NEVP,328.0,411.0,,31.0,,False,
2025-06-11T14:00:00.000Z,USA,Nevada Power Company,US-NW-NEVP,226.0,290.0,,53.0,,False,
2025-06-11T15:00:00.000Z,USA,Nevada Power Company,US-NW-NEVP,204.0,266.0,,57.0,,False,
2025-06-11T16:00:00.000Z,USA,Nevada Power Company,US-NW-NEVP,199.0,261.0,,58.0,,False,
2025-06-11T17:00:00.000Z,USA,Nevada Power Company,US-NW-NEVP,200.0,262.0,,57.0,,False,
2025-06-11T18:00:00.000Z,USA,Nevada Power Company,US-NW-NEVP,200.0,263.0,,57.0,,False,
2025-06-11T19:00:00.000Z,USA,Nevada Power Company,US-NW-NEVP,200.0,263.0,,56.0,,False,
2025-06-11T20:00:00.000Z,USA,Nevada Power Company,US-NW-NEVP,203.0,268.0,,55.0,,False,
2025-06-11T21:00:00.000Z,USA,Nevada Power Company,US-NW-NEVP,208.0,274.0,,54.0,,False,
2025-06-11T22:00:00.000Z,USA,Nevada Power Company,US-NW-NEVP,221.0,290.0,,51.0,,False,
2025-06-11T23:00:00.000Z,USA,Nevada Power Company,US-NW-NEVP,220.0,288.0,,52.0,,False,
2025-06-12T00:00:00.000Z,USA,Nevada Power Company,US-NW-NEVP,235.0,306.0,,49.0,,False,
2025-06-12T01:00:00.000Z,USA,Nevada Power Company,US-NW-NEVP,270.0,346.0,,42.0,,False,
2025-06-12T02:00:00.000Z,USA,Nevada Power Company,US-NW-NEVP,290.0,370.0,,37.0,,True,TIME_SLICER_AVERAGE
2025-06-12T03:00:00.000Z,USA,Nevada Power Company,US-NW-NEVP,316.0,399.0,,32.0,,True,TIME_SLICER_AVERAGE
2025-06-12T04:00:00.000Z,USA,Nevada Power Company,US-NW-NEVP,368.0,460.0,,22.0,,False,
2025-06-12T05:00:00.000Z,USA,Nevada Power Company,US-NW-NEVP,393.0,489.0,,18.0,,False,
2025-06-12T06:00:00.000Z,USA,Nevada Power Company,US-NW-NEVP,410.0,505.0,,17.0,,False,
2025-06-12T07:00:00.000Z,USA,Nevada Power Company,US-NW-NEVP,424.0,522.0,,16.0,,False,
2025-06-12T08:00:00.000Z,USA,Nevada Power Company,US-NW-NEVP,435.0,533.0,,15.0,,False,
2025-06-12T09:00:00.000Z,USA,Nevada Power Company,US-NW-NEVP,432.0,530.0,,15.0,,False,
2025-06-12T10:00:00.000Z,USA,Nevada Power Company,US-NW-NEVP,430.0,529.0,,14.0,,False,
2025-06-12T11:00:00.000Z,USA,Nevada Power Company,US-NW-NEVP,428.0,528.0,,13.0,,False,
2025-06-12T12:00:00.000Z,USA,Nevada Power Company,US-NW-NEVP,428.0,524.0,,16.0,,False,
2025-06-12T13:00:00.000Z,USA,Nevada Power Company,US-NW-NEVP,345.0,425.0,,34.0,,False,
2025-06-12T14:00:00.000Z,USA,Nevada Power Company,US-NW-NEVP,252.0,317.0,,52.0,,False,
2025-06-12T15:00:00.000Z,USA,Nevada Power Company,US-NW-NEVP,218.0,278.0,,59.0,,False,
2025-06-12T16:00:00.000Z,USA,Nevada Power Company,US-NW-NEVP,209.0,268.0,,60.0,,False,
2025-06-12T17:00:00.000Z,USA,Nevada Power Company,US-NW-NEVP,206.0,265.0,,60.0,,False,
2025-06-12T18:00:00.000Z,USA,Nevada Power Company,US-NW-NEVP,200.0,257.0,,61.0,,False,
2025-06-12T19:00:00.000Z,USA,Nevada Power Company,US-NW-NEVP,204.0,263.0,,60.0,,False,
2025-06-12T20:00:00.000Z,USA,Nevada Power Company,US-NW-NEVP,208.0,268.0,,59.0,,False,
2025-06-12T21:00:00.000Z,USA,Nevada Power Company,US-NW-NEVP,211.0,271.0,,58.0,,False,
2025-06-12T22:00:00.000Z,USA,Nevada Power Company,US-NW-NEVP,212.0,273.0,,57.0,,False,
2025-06-12T23:00:00.000Z,USA,Nevada Power Company,US-NW-NEVP,217.0,280.0,,56.0,,False,
2025-06-13T00:00:00.000Z,USA,Nevada Power Company,US-NW-NEVP,240.0,307.0,,51.0,,False,
2025-06-13T01:00:00.000Z,USA,Nevada Power Company,US-NW-NEVP,283.0,358.0,,42.0,,False,
2025-06-13T02:00:00.000Z,USA,Nevada Power Company,US-NW-NEVP,305.0,383.0,,38.0,,True,TIME_SLICER_AVERAGE
2025-06-13T03:00:00.000Z,USA,Nevada Power Company,US-NW-NEVP,332.0,414.0,,33.0,,True,TIME_SLICER_AVERAGE
2025-06-13T04:00:00.000Z,USA,Nevada Power Company,US-NW-NEVP,385.0,477.0,,21.0,,True,TIME_SLICER_AVERAGE
2025-06-13T05:00:00.000Z,USA,Nevada Power Company,US-NW-NEVP,407.0,501.0,,18.0,,False,
2025-06-13T06:00:00.000Z,USA,Nevada Power Company,US-NW-NEVP,412.0,509.0,,17.0,,False,
2025-06-13T07:00:00.000Z,USA,Nevada Power Company,US-NW-NEVP,426.0,521.0,,17.0,,False,
2025-06-13T08:00:00.000Z,USA,Nevada Power Company,US-NW-NEVP,437.0,536.0,,14.0,,False,
2025-06-13T09:00:00.000Z,USA,Nevada Power Company,US-NW-NEVP,436.0,536.0,,13.0,,False,
2025-06-13T10:00:00.000Z,USA,Nevada Power Company,US-NW-NEVP,436.0,535.0,,14.0,,False,
2025-06-13T11:00:00.000Z,USA,Nevada Power Company,US-NW-NEVP,436.0,535.0,,13.0,,False,
2025-06-13T12:00:00.000Z,USA,Nevada Power Company,US-NW-NEVP,440.0,536.0,,15.0,,False,
2025-06-13T13:00:00.000Z,USA,Nevada Power Company,US-NW-NEVP,348.0,426.0,,35.0,,False,
2025-06-13T14:00:00.000Z,USA,Nevada Power Company,US-NW-NEVP,237.0,296.0,,57.0,,False,
2025-06-13T15:00:00.000Z,USA,Nevada Power Company,US-NW-NEVP,207.0,263.0,,62.0,,False,
2025-06-13T16:00:00.000Z,USA,Nevada Power Company,US-NW-NEVP,199.0,255.0,,63.0,,False,
2025-06-13T17:00:00.000Z,USA,Nevada Power Company,US-NW-NEVP,196.0,253.0,,63.0,,False,
2025-06-13T18:00:00.000Z,USA,Nevada Power Company,US-NW-NEVP,198.0,256.0,,62.0,,False,
2025-06-13T19:00:00.000Z,USA,Nevada Power Company,US-NW-NEVP,205.0,264.0,,60.0,,False,
2025-06-13T20:00:00.000Z,USA,Nevada Power Company,US-NW-NEVP,217.0,279.0,,57.0,,False,
2025-06-13T21:00:00.000Z,USA,Nevada Power Company,US-NW-NEVP,224.0,289.0,,54.0,,False,
2025-06-13T22:00:00.000Z,USA,Nevada Power Company,US-NW-NEVP,242.0,309.0,,50.0,,False,
2025-06-13T23:00:00.000Z,USA,Nevada Power Company,US-NW-NEVP,251.0,320.0,,48.0,,False,
2025-06-14T00:00:00.000Z,USA,Nevada Power Company,US-NW-NEVP,270.0,343.0,,44.0,,False,
2025-06-14T01:00:00.000Z,USA,Nevada Power Company,US-NW-NEVP,295.0,371.0,,40.0,,False,
2025-06-14T02:00:00.000Z,USA,Nevada Power Company,US-NW-NEVP,351.0,435.0,,29.0,,False,
2025-06-14T03:00:00.000Z,USA,Nevada Power Company,US-NW-NEVP,359.0,447.0,,25.0,,False,
2025-06-14T04:00:00.000Z,USA,Nevada Power Company,US-NW-NEVP,361.0,451.0,,23.0,,True,TIME_SLICER_AVERAGE
2025-06-14T05:00:00.000Z,USA,Nevada Power Company,US-NW-NEVP,369.0,463.0,,20.0,,False,
2025-06-14T06:00:00.000Z,USA,Nevada Power Company,US-NW-NEVP,375.0,469.0,,20.0,,False,
2025-06-14T07:00:00.000Z,USA,Nevada Power Company,US-NW-NEVP,394.0,489.0,,18.0,,False,
2025-06-14T08:00:00.000Z,USA,Nevada Power Company,US-NW-NEVP,404.0,500.0,,17.0,,False,
2025-06-14T09:00:00.000Z,USA,Nevada Power Company,US-NW-NEVP,407.0,505.0,,15.0,,False,
2025-06-14T10:00:00.000Z,USA,Nevada Power Company,US-NW-NEVP,405.0,501.0,,16.0,,False,
2025-06-14T11:00:00.000Z,USA,Nevada Power Company,US-NW-NEVP,405.0,500.0,,16.0,,False,
2025-06-14T12:00:00.000Z,USA,Nevada Power Company,US-NW-NEVP,405.0,501.0,,16.0,,False,
2025-06-14T13:00:00.000Z,USA,Nevada Power Company,US-NW-NEVP,315.0,389.0,,38.0,,False,
2025-06-14T14:00:00.000Z,USA,Nevada Power Company,US-NW-NEVP,204.0,256.0,,63.0,,False,
2025-06-14T15:00:00.000Z,USA,Nevada Power Company,US-NW-NEVP,178.0,228.0,,67.0,,False,
2025-06-14T16:00:00.000Z,USA,Nevada Power Company,US-NW-NEVP,174.0,224.0,,67.0,,False,
2025-06-14T17:00:00.000Z,USA,Nevada Power Company,US-NW-NEVP,177.0,229.0,,66.0,,False,
2025-06-14T18:00:00.000Z,USA,Nevada Power Company,US-NW-NEVP,182.0,237.0,,64.0,,False,
2025-06-14T19:00:00.000Z,USA,Nevada Power Company,US-NW-NEVP,191.0,248.0,,62.0,,False,
2025-06-14T20:00:00.000Z,USA,Nevada Power Company,US-NW-NEVP,199.0,258.0,,60.0,,False,
2025-06-14T21:00:00.000Z,USA,Nevada Power Company,US-NW-NEVP,211.0,273.0,,56.0,,False,
2025-06-14T22:00:00.000Z,USA,Nevada Power Company,US-NW-NEVP,215.0,278.0,,55.0,,False,
2025-06-14T23:00:00.000Z,USA,Nevada Power Company,US-NW-NEVP,232.0,299.0,,51.0,,False,
2025-06-15T00:00:00.000Z,USA,Nevada Power Company,US-NW-NEVP,274.0,348.0,,43.0,,False,
2025-06-15T01:00:00.000Z,USA,Nevada Power Company,US-NW-NEVP,300.0,377.0,,39.0,,False,
2025-06-15T02:00:00.000Z,USA,Nevada Power Company,US-NW-NEVP,359.0,444.0,,27.0,,False,
2025-06-15T03:00:00.000Z,USA,Nevada Power Company,US-NW-NEVP,362.0,449.0,,25.0,,True,TIME_SLICER_AVERAGE
2025-06-15T04:00:00.000Z,USA,Nevada Power Company,US-NW-NEVP,368.0,457.0,,23.0,,True,TIME_SLICER_AVERAGE
2025-06-15T05:00:00.000Z,USA,Nevada Power Company,US-NW-NEVP,391.0,486.0,,19.0,,False,
2025-06-15T06:00:00.000Z,USA,Nevada Power Company,US-NW-NEVP,396.0,492.0,,18.0,,False,
2025-06-15T07:00:00.000Z,USA,Nevada Power Company,US-NW-NEVP,422.0,521.0,,15.0,,False,
2025-06-15T08:00:00.000Z,USA,Nevada Power Company,US-NW-NEVP,422.0,523.0,,13.0,,False,
2025-06-15T09:00:00.000Z,USA,Nevada Power Company,US-NW-NEVP,420.0,521.0,,13.0,,False,
2025-06-15T10:00:00.000Z,USA,Nevada Power Company,US-NW-NEVP,421.0,521.0,,13.0,,False,
2025-06-15T11:00:00.000Z,USA,Nevada Power Company,US-NW-NEVP,424.0,524.0,,13.0,,False,
2025-06-15T12:00:00.000Z,USA,Nevada Power Company,US-NW-NEVP,422.0,521.0,,14.0,,False,
2025-06-15T13:00:00.000Z,USA,Nevada Power Company,US-NW-NEVP,346.0,427.0,,33.0,,False,
2025-06-15T14:00:00.000Z,USA,Nevada Power Company,US-NW-NEVP,241.0,301.0,,56.0,,False,
2025-06-15T15:00:00.000Z,USA,Nevada Power Company,US-NW-NEVP,206.0,262.0,,62.0,,False,
2025-06-15T16:00:00.000Z,USA,Nevada Power Company,US-NW-NEVP,202.0,258.0,,62.0,,False,
2025-06-15T17:00:00.000Z,USA,Nevada Power Company,US-NW-NEVP,204.0,261.0,,61.0,,False,
2025-06-15T18:00:00.000Z,USA,Nevada Power Company,US-NW-NEVP,203.0,261.0,,61.0,,False,
2025-06-15T19:00:00.000Z,USA,Nevada Power Company,US-NW-NEVP,223.0,286.0,,55.0,,False,
2025-06-15T20:00:00.000Z,USA,Nevada Power Company,US-NW-NEVP,235.0,302.0,,51.0,,False,
2025-06-15T21:00:00.000Z,USA,Nevada Power Company,US-NW-NEVP,241.0,310.0,,50.0,,False,
2025-06-15T22:00:00.000Z,USA,Nevada Power Company,US-NW-NEVP,261.0,333.0,,46.0,,False,
2025-06-15T23:00:00.000Z,USA,Nevada Power Company,US-NW-NEVP,263.0,334.0,,46.0,,False,
2025-06-16T00:00:00.000Z,USA,Nevada Power Company,US-NW-NEVP,282.0,356.0,,44.0,,False,
2025-06-16T01:00:00.000Z,USA,Nevada Power Company,US-NW-NEVP,313.0,391.0,,38.0,,False,
2025-06-16T02:00:00.000Z,USA,Nevada Power Company,US-NW-NEVP,338.0,420.0,,32.0,,True,TIME_SLICER_AVERAGE
2025-06-16T03:00:00.000Z,USA,Nevada Power Company,US-NW-NEVP,379.0,468.0,,24.0,,True,TIME_SLICER_AVERAGE
2025-06-16T04:00:00.000Z,USA,Nevada Power Company,US-NW-NEVP,423.0,520.0,,16.0,,False,
2025-06-16T05:00:00.000Z,USA,Nevada Power Company,US-NW-NEVP,434.0,534.0,,13.0,,False,
2025-06-16T06:00:00.000Z,USA,Nevada Power Company,US-NW-NEVP,439.0,540.0,,12.0,,False,
2025-06-16T07:00:00.000Z,USA,Nevada Power Company,US-NW-NEVP,445.0,545.0,,13.0,,False,
2025-06-16T08:00:00.000Z,USA,Nevada Power Company,US-NW-NEVP,444.0,545.0,,12.0,,False,
2025-06-16T09:00:00.000Z,USA,Nevada Power Company,US-NW-NEVP,446.0,546.0,,12.0,,False,
2025-06-16T10:00:00.000Z,USA,Nevada Power Company,US-NW-NEVP,450.0,549.0,,12.0,,False,
2025-06-16T11:00:00.000Z,USA,Nevada Power Company,US-NW-NEVP,456.0,556.0,,11.0,,False,
2025-06-16T12:00:00.000Z,USA,Nevada Power Company,US-NW-NEVP,454.0,552.0,,13.0,,False,
2025-06-16T13:00:00.000Z,USA,Nevada Power Company,US-NW-NEVP,364.0,446.0,,31.0,,False,
2025-06-16T14:00:00.000Z,USA,Nevada Power Company,US-NW-NEVP,254.0,315.0,,55.0,,False,
2025-06-16T15:00:00.000Z,USA,Nevada Power Company,US-NW-NEVP,241.0,303.0,,55.0,,False,
2025-06-16T16:00:00.000Z,USA,Nevada Power Company,US-NW-NEVP,237.0,299.0,,55.0,,False,
2025-06-16T17:00:00.000Z,USA,Nevada Power Company,US-NW-NEVP,237.0,299.0,,55.0,,False,
2025-06-16T18:00:00.000Z,USA,Nevada Power Company,US-NW-NEVP,239.0,303.0,,54.0,,False,
2025-06-16T19:00:00.000Z,USA,Nevada Power Company,US-NW-NEVP,244.0,310.0,,52.0,,False,
2025-06-16T20:00:00.000Z,USA,Nevada Power Company,US-NW-NEVP,253.0,322.0,,49.0,,False,
2025-06-16T21:00:00.000Z,USA,Nevada Power Company,US-NW-NEVP,254.0,323.0,,49.0,,False,
2025-06-16T22:00:00.000Z,USA,Nevada Power Company,US-NW-NEVP,264.0,335.0,,46.0,,False,
2025-06-16T23:00:00.000Z,USA,Nevada Power Company,US-NW-NEVP,267.0,339.0,,46.0,,False,
2025-06-17T00:00:00.000Z,USA,Nevada Power Company,US-NW-NEVP,279.0,353.0,,44.0,,False,
2025-06-17T01:00:00.000Z,USA,Nevada Power Company,US-NW-NEVP,311.0,389.0,,38.0,,False,
2025-06-17T02:00:00.000Z,USA,Nevada Power Company,US-NW-NEVP,310.0,387.0,,38.0,,True,TIME_SLICER_AVERAGE
2025-06-17T03:00:00.000Z,USA,Nevada Power Company,US-NW-NEVP,328.0,407.0,,35.0,,True,TIME_SLICER_AVERAGE
2025-06-17T04:00:00.000Z,USA,Nevada Power Company,US-NW-NEVP,357.0,442.0,,28.0,,False,
2025-06-17T05:00:00.000Z,USA,Nevada Power Company,US-NW-NEVP,389.0,478.0,,24.0,,False,
2025-06-17T06:00:00.000Z,USA,Nevada Power Company,US-NW-NEVP,402.0,492.0,,22.0,,False,
2025-06-17T07:00:00.000Z,USA,Nevada Power Company,US-NW-NEVP,417.0,508.0,,21.0,,False,
2025-06-17T08:00:00.000Z,USA,Nevada Power Company,US-NW-NEVP,412.0,503.0,,21.0,,False,
2025-06-17T09:00:00.000Z,USA,Nevada Power Company,US-NW-NEVP,422.0,513.0,,20.0,,False,
2025-06-17T10:00:00.000Z,USA,Nevada Power Company,US-NW-NEVP,432.0,523.0,,19.0,,False,
2025-06-17T11:00:00.000Z,USA,Nevada Power Company,US-NW-NEVP,423.0,514.0,,19.0,,False,
2025-06-17T12:00:00.000Z,USA,Nevada Power Company,US-NW-NEVP,432.0,523.0,,19.0,,False,
2025-06-17T13:00:00.000Z,USA,Nevada Power Company,US-NW-NEVP,341.0,417.0,,37.0,,False,
2025-06-17T14:00:00.000Z,USA,Nevada Power Company,US-NW-NEVP,254.0,315.0,,54.0,,False,
2025-06-17T15:00:00.000Z,USA,Nevada Power Company,US-NW-NEVP,229.0,288.0,,57.0,,False,
2025-06-17T16:00:00.000Z,USA,Nevada Power Company,US-NW-NEVP,230.0,289.0,,58.0,,False,
2025-06-17T17:00:00.000Z,USA,Nevada Power Company,US-NW-NEVP,223.0,283.0,,58.0,,False,
2025-06-17T18:00:00.000Z,USA,Nevada Power Company,US-NW-NEVP,220.0,281.0,,57.0,,False,
2025-06-17T19:00:00.000Z,USA,Nevada Power Company,US-NW-NEVP,230.0,295.0,,54.0,,False,
2025-06-17T20:00:00.000Z,USA,Nevada Power Company,US-NW-NEVP,237.0,303.0,,52.0,,False,
2025-06-17T21:00:00.000Z,USA,Nevada Power Company,US-NW-NEVP,251.0,318.0,,50.0,,False,
2025-06-17T22:00:00.000Z,USA,Nevada Power Company,US-NW-NEVP,264.0,334.0,,47.0,,False,
2025-06-17T23:00:00.000Z,USA,Nevada Power Company,US-NW-NEVP,263.0,333.0,,47.0,,False,
2025-06-18T00:00:00.000Z,USA,Nevada Power Company,US-NW-NEVP,271.0,342.0,,45.0,,False,
2025-06-18T01:00:00.000Z,USA,Nevada Power Company,US-NW-NEVP,300.0,374.0,,41.0,,False,
2025-06-18T02:00:00.000Z,USA,Nevada Power Company,US-NW-NEVP,302.0,379.0,,39.0,,True,TIME_SLICER_AVERAGE
2025-06-18T03:00:00.000Z,USA,Nevada Power Company,US-NW-NEVP,347.0,431.0,,30.0,,True,TIME_SLICER_AVERAGE
2025-06-18T04:00:00.000Z,USA,Nevada Power Company,US-NW-NEVP,406.0,498.0,,20.0,,True,TIME_SLICER_AVERAGE
2025-06-18T05:00:00.000Z,USA,Nevada Power Company,US-NW-NEVP,416.0,510.0,,18.0,,False,
2025-06-18T06:00:00.000Z,USA,Nevada Power Company,US-NW-NEVP,425.0,520.0,,17.0,,False,
2025-06-18T07:00:00.000Z,USA,Nevada Power Company,US-NW-NEVP,442.0,539.0,,15.0,,False,
2025-06-18T08:00:00.000Z,USA,Nevada Power Company,US-NW-NEVP,445.0,543.0,,14.0,,False,
2025-06-18T09:00:00.000Z,USA,Nevada Power Company,US-NW-NEVP,447.0,546.0,,13.0,,False,
2025-06-18T10:00:00.000Z,USA,Nevada Power Company,US-NW-NEVP,444.0,544.0,,12.0,,False,
2025-06-18T11:00:00.000Z,USA,Nevada Power Company,US-NW-NEVP,444.0,545.0,,12.0,,False,
2025-06-18T12:00:00.000Z,USA,Nevada Power Company,US-NW-NEVP,444.0,541.0,,14.0,,False,
2025-06-18T13:00:00.000Z,USA,Nevada Power Company,US-NW-NEVP,359.0,442.0,,31.0,,False,
2025-06-18T14:00:00.000Z,USA,Nevada Power Company,US-NW-NEVP,261.0,326.0,,51.0,,False,
2025-06-18T15:00:00.000Z,USA,Nevada Power Company,US-NW-NEVP,232.0,294.0,,55.0,,False,
2025-06-18T16:00:00.000Z,USA,Nevada Power Company,US-NW-NEVP,225.0,288.0,,56.0,,False,
2025-06-18T17:00:00.000Z,USA,Nevada Power Company,US-NW-NEVP,229.0,293.0,,55.0,,False,
2025-06-18T18:00:00.000Z,USA,Nevada Power Company,US-NW-NEVP,230.0,295.0,,54.0,,False,
2025-06-18T19:00:00.000Z,USA,Nevada Power Company,US-NW-NEVP,238.0,305.0,,52.0,,False,
2025-06-18T20:00:00.000Z,USA,Nevada Power Company,US-NW-NEVP,250.0,321.0,,48.0,,False,
2025-06-18T21:00:00.000Z,USA,Nevada Power Company,US-NW-NEVP,254.0,325.0,,47.0,,False,
2025-06-18T22:00:00.000Z,USA,Nevada Power Company,US-NW-NEVP,263.0,335.0,,46.0,,False,
2025-06-18T23:00:00.000Z,USA,Nevada Power Company,US-NW-NEVP,268.0,340.0,,45.0,,False,
2025-06-19T00:00:00.000Z,USA,Nevada Power Company,US-NW-NEVP,273.0,347.0,,44.0,,False,
2025-06-19T01:00:00.000Z,USA,Nevada Power Company,US-NW-NEVP,301.0,380.0,,38.0,,False,
2025-06-19T02:00:00.000Z,USA,Nevada Power Company,US-NW-NEVP,315.0,397.0,,34.0,,True,TIME_SLICER_AVERAGE
2025-06-19T03:00:00.000Z,USA,Nevada Power Company,US-NW-NEVP,339.0,424.0,,29.0,,True,TIME_SLICER_AVERAGE
2025-06-19T04:00:00.000Z,USA,Nevada Power Company,US-NW-NEVP,379.0,471.0,,22.0,,False,
2025-06-19T05:00:00.000Z,USA,Nevada Power Company,US-NW-NEVP,400.0,494.0,,19.0,,False,
2025-06-19T06:00:00.000Z,USA,Nevada Power Company,US-NW-NEVP,407.0,503.0,,17.0,,False,
2025-06-19T07:00:00.000Z,USA,Nevada Power Company,US-NW-NEVP,412.0,506.0,,18.0,,False,
2025-06-19T08:00:00.000Z,USA,Nevada Power Company,US-NW-NEVP,427.0,522.0,,17.0,,False,
2025-06-19T09:00:00.000Z,USA,Nevada Power Company,US-NW-NEVP,432.0,528.0,,16.0,,False,
2025-06-19T10:00:00.000Z,USA,Nevada Power Company,US-NW-NEVP,433.0,527.0,,16.0,,False,
2025-06-19T11:00:00.000Z,USA,Nevada Power Company,US-NW-NEVP,434.0,528.0,,16.0,,False,
2025-06-19T12:00:00.000Z,USA,Nevada Power Company,US-NW-NEVP,426.0,518.0,,18.0,,False,
2025-06-19T13:00:00.000Z,USA,Nevada Power Company,US-NW-NEVP,344.0,425.0,,33.0,,False,
2025-06-19T14:00:00.000Z,USA,Nevada Power Company,US-NW-NEVP,246.0,313.0,,51.0,,False,
2025-06-19T15:00:00.000Z,USA,Nevada Power Company,US-NW-NEVP,216.0,278.0,,57.0,,False,
2025-06-19T16:00:00.000Z,USA,Nevada Power Company,US-NW-NEVP,204.0,266.0,,58.0,,False,
2025-06-19T17:00:00.000Z,USA,Nevada Power Company,US-NW-NEVP,203.0,266.0,,57.0,,False,
2025-06-19T18:00:00.000Z,USA,Nevada Power Company,US-NW-NEVP,206.0,269.0,,56.0,,False,
2025-06-19T19:00:00.000Z,USA,Nevada Power Company,US-NW-NEVP,211.0,276.0,,55.0,,False,
2025-06-19T20:00:00.000Z,USA,Nevada Power Company,US-NW-NEVP,225.0,293.0,,51.0,,False,
2025-06-19T21:00:00.000Z,USA,Nevada Power Company,US-NW-NEVP,229.0,299.0,,50.0,,False,
2025-06-19T22:00:00.000Z,USA,Nevada Power Company,US-NW-NEVP,237.0,309.0,,48.0,,False,
2025-06-19T23:00:00.000Z,USA,Nevada Power Company,US-NW-NEVP,238.0,310.0,,48.0,,False,
2025-06-20T00:00:00.000Z,USA,Nevada Power Company,US-NW-NEVP,250.0,323.0,,46.0,,False,
2025-06-20T01:00:00.000Z,USA,Nevada Power Company,US-NW-NEVP,289.0,367.0,,39.0,,False,
2025-06-20T02:00:00.000Z,USA,Nevada Power Company,US-NW-NEVP,298.0,378.0,,37.0,,True,TIME_SLICER_AVERAGE
2025-06-20T03:00:00.000Z,USA,Nevada Power Company,US-NW-NEVP,328.0,412.0,,32.0,,True,TIME_SLICER_AVERAGE
2025-06-20T04:00:00.000Z,USA,Nevada Power Company,US-NW-NEVP,366.0,458.0,,23.0,,True,TIME_SLICER_AVERAGE
2025-06-20T05:00:00.000Z,USA,Nevada Power Company,US-NW-NEVP,395.0,489.0,,20.0,,True,TIME_SLICER_AVERAGE
2025-06-20T06:00:00.000Z,USA,Nevada Power Company,US-NW-NEVP,410.0,505.0,,18.0,,True,TIME_SLICER_AVERAGE
2025-06-20T07:00:00.000Z,USA,Nevada Power Company,US-NW-NEVP,406.0,501.0,,18.0,,False,
2025-06-20T08:00:00.000Z,USA,Nevada Power Company,US-NW-NEVP,416.0,512.0,,16.0,,False,
2025-06-20T09:00:00.000Z,USA,Nevada Power Company,US-NW-NEVP,426.0,524.0,,15.0,,False,
2025-06-20T10:00:00.000Z,USA,Nevada Power Company,US-NW-NEVP,420.0,517.0,,15.0,,False,
2025-06-20T11:00:00.000Z,USA,Nevada Power Company,US-NW-NEVP,420.0,518.0,,15.0,,False,
2025-06-20T12:00:00.000Z,USA,Nevada Power Company,US-NW-NEVP,421.0,514.0,,18.0,,False,
2025-06-20T13:00:00.000Z,USA,Nevada Power Company,US-NW-NEVP,336.0,417.0,,34.0,,False,
2025-06-20T14:00:00.000Z,USA,Nevada Power Company,US-NW-NEVP,230.0,291.0,,56.0,,False,
2025-06-20T15:00:00.000Z,USA,Nevada Power Company,US-NW-NEVP,193.0,248.0,,63.0,,False,
2025-06-20T16:00:00.000Z,USA,Nevada Power Company,US-NW-NEVP,186.0,242.0,,64.0,,False,
2025-06-20T17:00:00.000Z,USA,Nevada Power Company,US-NW-NEVP,184.0,240.0,,64.0,,False,
2025-06-20T18:00:00.000Z,USA,Nevada Power Company,US-NW-NEVP,184.0,240.0,,64.0,,False,
2025-06-20T19:00:00.000Z,USA,Nevada Power Company,US-NW-NEVP,185.0,242.0,,63.0,,False,
2025-06-20T20:00:00.000Z,USA,Nevada Power Company,US-NW-NEVP,186.0,244.0,,62.0,,False,
2025-06-20T21:00:00.000Z,USA,Nevada Power Company,US-NW-NEVP,183.0,240.0,,62.0,,False,
2025-06-20T22:00:00.000Z,USA,Nevada Power Company,US-NW-NEVP,193.0,253.0,,60.0,,False,
2025-06-20T23:00:00.000Z,USA,Nevada Power Company,US-NW-NEVP,193.0,252.0,,60.0,,False,
2025-06-21T00:00:00.000Z,USA,Nevada Power Company,US-NW-NEVP,208.0,269.0,,57.0,,False,
2025-06-21T01:00:00.000Z,USA,Nevada Power Company,US-NW-NEVP,259.0,331.0,,46.0,,False,
2025-06-21T02:00:00.000Z,USA,Nevada Power Company,US-NW-NEVP,281.0,357.0,,41.0,,True,TIME_SLICER_AVERAGE
2025-06-21T03:00:00.000Z,USA,Nevada Power Company,US-NW-NEVP,303.0,382.0,,37.0,,True,TIME_SLICER_AVERAGE
2025-06-21T04:00:00.000Z,USA,Nevada Power Company,US-NW-NEVP,361.0,450.0,,25.0,,True,TIME_SLICER_AVERAGE
2025-06-21T05:00:00.000Z,USA,Nevada Power Company,US-NW-NEVP,385.0,480.0,,20.0,,False,
2025-06-21T06:00:00.000Z,USA,Nevada Power Company,US-NW-NEVP,388.0,481.0,,20.0,,False,
2025-06-21T07:00:00.000Z,USA,Nevada Power Company,US-NW-NEVP,402.0,497.0,,19.0,,False,
2025-06-21T08:00:00.000Z,USA,Nevada Power Company,US-NW-NEVP,413.0,508.0,,18.0,,False,
2025-06-21T09:00:00.000Z,USA,Nevada Power Company,US-NW-NEVP,412.0,508.0,,17.0,,False,
2025-06-21T10:00:00.000Z,USA,Nevada Power Company,US-NW-NEVP,420.0,519.0,,14.0,,False,
2025-06-21T11:00:00.000Z,USA,Nevada Power Company,US-NW-NEVP,419.0,516.0,,16.0,,False,
2025-06-21T12:00:00.000Z,USA,Nevada Power Company,US-NW-NEVP,419.0,515.0,,17.0,,False,
2025-06-21T13:00:00.000Z,USA,Nevada Power Company,US-NW-NEVP,326.0,402.0,,38.0,,False,
2025-06-21T14:00:00.000Z,USA,Nevada Power Company,US-NW-NEVP,221.0,278.0,,60.0,,False,
2025-06-21T15:00:00.000Z,USA,Nevada Power Company,US-NW-NEVP,195.0,249.0,,64.0,,False,
2025-06-21T16:00:00.000Z,USA,Nevada Power Company,US-NW-NEVP,180.0,233.0,,67.0,,False,
2025-06-21T17:00:00.000Z,USA,Nevada Power Company,US-NW-NEVP,175.0,228.0,,67.0,,False,
2025-06-21T18:00:00.000Z,USA,Nevada Power Company,US-NW-NEVP,179.0,233.0,,66.0,,False,
2025-06-21T19:00:00.000Z,USA,Nevada Power Company,US-NW-NEVP,182.0,237.0,,66.0,,False,
2025-06-21T20:00:00.000Z,USA,Nevada Power Company,US-NW-NEVP,175.0,229.0,,67.0,,False,
2025-06-21T21:00:00.000Z,USA,Nevada Power Company,US-NW-NEVP,179.0,234.0,,65.0,,False,
2025-06-21T22:00:00.000Z,USA,Nevada Power Company,US-NW-NEVP,190.0,247.0,,62.0,,False,
2025-06-21T23:00:00.000Z,USA,Nevada Power Company,US-NW-NEVP,200.0,260.0,,60.0,,False,
2025-06-22T00:00:00.000Z,USA,Nevada Power Company,US-NW-NEVP,214.0,277.0,,57.0,,False,
2025-06-22T01:00:00.000Z,USA,Nevada Power Company,US-NW-NEVP,270.0,342.0,,45.0,,False,
2025-06-22T02:00:00.000Z,USA,Nevada Power Company,US-NW-NEVP,303.0,379.0,,39.0,,True,TIME_SLICER_AVERAGE
2025-06-22T03:00:00.000Z,USA,Nevada Power Company,US-NW-NEVP,325.0,406.0,,34.0,,True,TIME_SLICER_AVERAGE
2025-06-22T04:00:00.000Z,USA,Nevada Power Company,US-NW-NEVP,386.0,479.0,,20.0,,True,TIME_SLICER_AVERAGE
2025-06-22T05:00:00.000Z,USA,Nevada Power Company,US-NW-NEVP,407.0,505.0,,15.0,,False,
2025-06-22T06:00:00.000Z,USA,Nevada Power Company,US-NW-NEVP,416.0,516.0,,14.0,,False,
2025-06-22T07:00:00.000Z,USA,Nevada Power Company,US-NW-NEVP,430.0,529.0,,15.0,,False,
2025-06-22T08:00:00.000Z,USA,Nevada Power Company,US-NW-NEVP,444.0,542.0,,13.0,,False,
2025-06-22T09:00:00.000Z,USA,Nevada Power Company,US-NW-NEVP,451.0,550.0,,13.0,,False,
2025-06-22T10:00:00.000Z,USA,Nevada Power Company,US-NW-NEVP,446.0,544.0,,14.0,,False,
2025-06-22T11:00:00.000Z,USA,Nevada Power Company,US-NW-NEVP,448.0,546.0,,13.0,,False,
2025-06-22T12:00:00.000Z,USA,Nevada Power Company,US-NW-NEVP,451.0,547.0,,14.0,,False,
2025-06-22T13:00:00.000Z,USA,Nevada Power Company,US-NW-NEVP,356.0,434.0,,34.0,,False,
2025-06-22T14:00:00.000Z,USA,Nevada Power Company,US-NW-NEVP,219.0,274.0,,62.0,,False,
2025-06-22T15:00:00.000Z,USA,Nevada Power Company,US-NW-NEVP,177.0,226.0,,70.0,,False,
2025-06-22T16:00:00.000Z,USA,Nevada Power Company,US-NW-NEVP,164.0,213.0,,72.0,,False,
2025-06-22T17:00:00.000Z,USA,Nevada Power Company,US-NW-NEVP,163.0,212.0,,72.0,,False,
2025-06-22T18:00:00.000Z,USA,Nevada Power Company,US-NW-NEVP,164.0,213.0,,72.0,,False,
2025-06-22T19:00:00.000Z,USA,Nevada Power Company,US-NW-NEVP,160.0,207.0,,73.0,,False,
2025-06-22T20:00:00.000Z,USA,Nevada Power Company,US-NW-NEVP,163.0,211.0,,72.0,,False,
2025-06-22T21:00:00.000Z,USA,Nevada Power Company,US-NW-NEVP,169.0,219.0,,70.0,,False,
2025-06-22T22:00:00.000Z,USA,Nevada Power Company,US-NW-NEVP,182.0,235.0,,66.0,,False,
2025-06-22T23:00:00.000Z,USA,Nevada Power Company,US-NW-NEVP,188.0,243.0,,64.0,,False,
2025-06-23T00:00:00.000Z,USA,Nevada Power Company,US-NW-NEVP,208.0,266.0,,60.0,,False,
2025-06-23T01:00:00.000Z,USA,Nevada Power Company,US-NW-NEVP,268.0,336.0,,48.0,,False,
2025-06-23T02:00:00.000Z,USA,Nevada Power Company,US-NW-NEVP,308.0,383.0,,39.0,,True,TIME_SLICER_AVERAGE
2025-06-23T03:00:00.000Z,USA,Nevada Power Company,US-NW-NEVP,353.0,436.0,,30.0,,True,TIME_SLICER_AVERAGE
2025-06-23T04:00:00.000Z,USA,Nevada Power Company,US-NW-NEVP,401.0,493.0,,20.0,,False,
2025-06-23T05:00:00.000Z,USA,Nevada Power Company,US-NW-NEVP,413.0,507.0,,18.0,,False,
2025-06-23T06:00:00.000Z,USA,Nevada Power Company,US-NW-NEVP,408.0,502.0,,18.0,,False,
2025-06-23T07:00:00.000Z,USA,Nevada Power Company,US-NW-NEVP,421.0,515.0,,18.0,,False,
2025-06-23T08:00:00.000Z,USA,Nevada Power Company,US-NW-NEVP,433.0,530.0,,16.0,,False,
2025-06-23T09:00:00.000Z,USA,Nevada Power Company,US-NW-NEVP,426.0,524.0,,15.0,,False,
2025-06-23T10:00:00.000Z,USA,Nevada Power Company,US-NW-NEVP,421.0,518.0,,16.0,,False,
2025-06-23T11:00:00.000Z,USA,Nevada Power Company,US-NW-NEVP,421.0,519.0,,15.0,,False,
2025-06-23T12:00:00.000Z,USA,Nevada Power Company,US-NW-NEVP,419.0,515.0,,16.0,,False,
2025-06-23T13:00:00.000Z,USA,Nevada Power Company,US-NW-NEVP,347.0,430.0,,32.0,,False,
2025-06-23T14:00:00.000Z,USA,Nevada Power Company,US-NW-NEVP,244.0,307.0,,55.0,,False,
2025-06-23T15:00:00.000Z,USA,Nevada Power Company,US-NW-NEVP,196.0,248.0,,65.0,,False,
2025-06-23T16:00:00.000Z,USA,Nevada Power Company,US-NW-NEVP,190.0,242.0,,67.0,,False,
2025-06-23T17:00:00.000Z,USA,Nevada Power Company,US-NW-NEVP,191.0,243.0,,66.0,,False,
2025-06-23T18:00:00.000Z,USA,Nevada Power Company,US-NW-NEVP,194.0,249.0,,65.0,,False,
2025-06-23T19:00:00.000Z,USA,Nevada Power Company,US-NW-NEVP,206.0,264.0,,61.0,,False,
2025-06-23T20:00:00.000Z,USA,Nevada Power Company,US-NW-NEVP,213.0,273.0,,59.0,,False,
2025-06-23T21:00:00.000Z,USA,Nevada Power Company,US-NW-NEVP,213.0,273.0,,59.0,,False,
2025-06-23T22:00:00.000Z,USA,Nevada Power Company,US-NW-NEVP,225.0,287.0,,56.0,,False,
2025-06-23T23:00:00.000Z,USA,Nevada Power Company,US-NW-NEVP,235.0,300.0,,53.0,,False,
2025-06-24T00:00:00.000Z,USA,Nevada Power Company,US-NW-NEVP,261.0,332.0,,47.0,,False,
2025-06-24T01:00:00.000Z,USA,Nevada Power Company,US-NW-NEVP,340.0,425.0,,30.0,,False,
2025-06-24T02:00:00.000Z,USA,Nevada Power Company,US-NW-NEVP,359.0,447.0,,27.0,,True,TIME_SLICER_AVERAGE
2025-06-24T03:00:00.000Z,USA,Nevada Power Company,US-NW-NEVP,373.0,463.0,,24.0,,True,TIME_SLICER_AVERAGE
2025-06-24T04:00:00.000Z,USA,Nevada Power Company,US-NW-NEVP,400.0,494.0,,19.0,,False,
2025-06-24T05:00:00.000Z,USA,Nevada Power Company,US-NW-NEVP,415.0,514.0,,15.0,,False,
2025-06-24T06:00:00.000Z,USA,Nevada Power Company,US-NW-NEVP,422.0,522.0,,14.0,,False,
2025-06-24T07:00:00.000Z,USA,Nevada Power Company,US-NW-NEVP,433.0,536.0,,11.0,,False,
2025-06-24T08:00:00.000Z,USA,Nevada Power Company,US-NW-NEVP,439.0,542.0,,10.0,,False,
2025-06-24T09:00:00.000Z,USA,Nevada Power Company,US-NW-NEVP,439.0,543.0,,10.0,,False,
2025-06-24T10:00:00.000Z,USA,Nevada Power Company,US-NW-NEVP,432.0,534.0,,11.0,,False,
2025-06-24T11:00:00.000Z,USA,Nevada Power Company,US-NW-NEVP,434.0,533.0,,13.0,,False,
2025-06-24T12:00:00.000Z,USA,Nevada Power Company,US-NW-NEVP,431.0,526.0,,16.0,,False,
2025-06-24T13:00:00.000Z,USA,Nevada Power Company,US-NW-NEVP,346.0,424.0,,34.0,,False,
2025-06-24T14:00:00.000Z,USA,Nevada Power Company,US-NW-NEVP,245.0,307.0,,54.0,,False,
2025-06-24T15:00:00.000Z,USA,Nevada Power Company,US-NW-NEVP,205.0,262.0,,61.0,,False,
2025-06-24T16:00:00.000Z,USA,Nevada Power Company,US-NW-NEVP,190.0,246.0,,63.0,,False,
2025-06-24T17:00:00.000Z,USA,Nevada Power Company,US-NW-NEVP,191.0,249.0,,62.0,,False,
2025-06-24T18:00:00.000Z,USA,Nevada Power Company,US-NW-NEVP,198.0,259.0,,60.0,,False,
2025-06-24T19:00:00.000Z,USA,Nevada Power Company,US-NW-NEVP,215.0,280.0,,55.0,,False,
2025-06-24T20:00:00.000Z,USA,Nevada Power Company,US-NW-NEVP,233.0,301.0,,51.0,,False,
2025-06-24T21:00:00.000Z,USA,Nevada Power Company,US-NW-NEVP,248.0,319.0,,47.0,,False,
2025-06-24T22:00:00.000Z,USA,Nevada Power Company,US-NW-NEVP,264.0,338.0,,43.0,,False,
2025-06-24T23:00:00.000Z,USA,Nevada Power Company,US-NW-NEVP,284.0,361.0,,39.0,,False,
2025-06-25T00:00:00.000Z,USA,Nevada Power Company,US-NW-NEVP,304.0,386.0,,35.0,,False,
2025-06-25T01:00:00.000Z,USA,Nevada Power Company,US-NW-NEVP,321.0,405.0,,33.0,,True,TIME_SLICER_AVERAGE
2025-06-25T02:00:00.000Z,USA,Nevada Power Company,US-NW-NEVP,337.0,423.0,,29.0,,True,TIME_SLICER_AVERAGE
2025-06-25T03:00:00.000Z,USA,Nevada Power Company,US-NW-NEVP,360.0,450.0,,25.0,,True,TIME_SLICER_AVERAGE
2025-06-25T04:00:00.000Z,USA,Nevada Power Company,US-NW-NEVP,381.0,472.0,,21.0,,False,
2025-06-25T05:00:00.000Z,USA,Nevada Power Company,US-NW-NEVP,407.0,502.0,,18.0,,False,
2025-06-25T06:00:00.000Z,USA,Nevada Power Company,US-NW-NEVP,413.0,510.0,,16.0,,False,
2025-06-25T07:00:00.000Z,USA,Nevada Power Company,US-NW-NEVP,429.0,528.0,,15.0,,False,
2025-06-25T08:00:00.000Z,USA,Nevada Power Company,US-NW-NEVP,428.0,527.0,,14.0,,False,
2025-06-25T09:00:00.000Z,USA,Nevada Power Company,US-NW-NEVP,430.0,529.0,,14.0,,False,
2025-06-25T10:00:00.000Z,USA,Nevada Power Company,US-NW-NEVP,417.0,516.0,,15.0,,False,
2025-06-25T11:00:00.000Z,USA,Nevada Power Company,US-NW-NEVP,417.0,516.0,,15.0,,False,
2025-06-25T12:00:00.000Z,USA,Nevada Power Company,US-NW-NEVP,417.0,514.0,,16.0,,False,
2025-06-25T13:00:00.000Z,USA,Nevada Power Company,US-NW-NEVP,364.0,451.0,,28.0,,False,
2025-06-25T14:00:00.000Z,USA,Nevada Power Company,US-NW-NEVP,259.0,327.0,,50.0,,False,
2025-06-25T15:00:00.000Z,USA,Nevada Power Company,US-NW-NEVP,210.0,270.0,,58.0,,False,
2025-06-25T16:00:00.000Z,USA,Nevada Power Company,US-NW-NEVP,194.0,251.0,,61.0,,False,
2025-06-25T17:00:00.000Z,USA,Nevada Power Company,US-NW-NEVP,188.0,244.0,,63.0,,False,
2025-06-25T18:00:00.000Z,USA,Nevada Power Company,US-NW-NEVP,189.0,247.0,,61.0,,False,
2025-06-25T19:00:00.000Z,USA,Nevada Power Company,US-NW-NEVP,198.0,259.0,,59.0,,False,
2025-06-25T20:00:00.000Z,USA,Nevada Power Company,US-NW-NEVP,216.0,280.0,,56.0,,False,
2025-06-25T21:00:00.000Z,USA,Nevada Power Company,US-NW-NEVP,224.0,289.0,,54.0,,False,
2025-06-25T22:00:00.000Z,USA,Nevada Power Company,US-NW-NEVP,238.0,307.0,,50.0,,False,
2025-06-25T23:00:00.000Z,USA,Nevada Power Company,US-NW-NEVP,248.0,318.0,,48.0,,False,
2025-06-26T00:00:00.000Z,USA,Nevada Power Company,US-NW-NEVP,263.0,337.0,,45.0,,False,
2025-06-26T01:00:00.000Z,USA,Nevada Power Company,US-NW-NEVP,307.0,387.0,,37.0,,False,
2025-06-26T02:00:00.000Z,USA,Nevada Power Company,US-NW-NEVP,377.0,471.0,,20.0,,False,
2025-06-26T03:00:00.000Z,USA,Nevada Power Company,US-NW-NEVP,393.0,489.0,,17.0,,False,
2025-06-26T04:00:00.000Z,USA,Nevada Power Company,US-NW-NEVP,394.0,491.0,,17.0,,True,TIME_SLICER_AVERAGE
2025-06-26T05:00:00.000Z,USA,Nevada Power Company,US-NW-NEVP,415.0,515.0,,14.0,,False,
2025-06-26T06:00:00.000Z,USA,Nevada Power Company,US-NW-NEVP,427.0,529.0,,12.0,,False,
2025-06-26T07:00:00.000Z,USA,Nevada Power Company,US-NW-NEVP,446.0,547.0,,12.0,,False,
2025-06-26T08:00:00.000Z,USA,Nevada Power Company,US-NW-NEVP,444.0,543.0,,13.0,,False,
2025-06-26T09:00:00.000Z,USA,Nevada Power Company,US-NW-NEVP,445.0,544.0,,13.0,,False,
2025-06-26T10:00:00.000Z,USA,Nevada Power Company,US-NW-NEVP,444.0,542.0,,14.0,,False,
2025-06-26T11:00:00.000Z,USA,Nevada Power Company,US-NW-NEVP,447.0,545.0,,14.0,,False,
2025-06-26T12:00:00.000Z,USA,Nevada Power Company,US-NW-NEVP,449.0,545.0,,15.0,,False,
2025-06-26T13:00:00.000Z,USA,Nevada Power Company,US-NW-NEVP,363.0,444.0,,33.0,,False,
2025-06-26T14:00:00.000Z,USA,Nevada Power Company,US-NW-NEVP,267.0,335.0,,49.0,,False,
2025-06-26T15:00:00.000Z,USA,Nevada Power Company,US-NW-NEVP,225.0,283.0,,59.0,,False,
2025-06-26T16:00:00.000Z,USA,Nevada Power Company,US-NW-NEVP,215.0,270.0,,62.0,,False,
2025-06-26T17:00:00.000Z,USA,Nevada Power Company,US-NW-NEVP,219.0,277.0,,60.0,,False,
2025-06-26T18:00:00.000Z,USA,Nevada Power Company,US-NW-NEVP,223.0,283.0,,58.0,,False,
2025-06-26T19:00:00.000Z,USA,Nevada Power Company,US-NW-NEVP,233.0,296.0,,55.0,,False,
2025-06-26T20:00:00.000Z,USA,Nevada Power Company,US-NW-NEVP,239.0,304.0,,52.0,,False,
2025-06-26T21:00:00.000Z,USA,Nevada Power Company,US-NW-NEVP,239.0,304.0,,52.0,,False,
2025-06-26T22:00:00.000Z,USA,Nevada Power Company,US-NW-NEVP,245.0,312.0,,50.0,,False,
2025-06-26T23:00:00.000Z,USA,Nevada Power Company,US-NW-NEVP,249.0,317.0,,49.0,,False,
2025-06-27T00:00:00.000Z,USA,Nevada Power Company,US-NW-NEVP,257.0,327.0,,47.0,,False,
2025-06-27T01:00:00.000Z,USA,Nevada Power Company,US-NW-NEVP,310.0,389.0,,37.0,,False,
2025-06-27T02:00:00.000Z,USA,Nevada Power Company,US-NW-NEVP,405.0,502.0,,17.0,,False,
2025-06-27T03:00:00.000Z,USA,Nevada Power Company,US-NW-NEVP,377.0,469.0,,21.0,,False,
2025-06-27T04:00:00.000Z,USA,Nevada Power Company,US-NW-NEVP,379.0,470.0,,22.0,,True,TIME_SLICER_AVERAGE
2025-06-27T05:00:00.000Z,USA,Nevada Power Company,US-NW-NEVP,408.0,502.0,,19.0,,False,
2025-06-27T06:00:00.000Z,USA,Nevada Power Company,US-NW-NEVP,423.0,519.0,,16.0,,False,
2025-06-27T07:00:00.000Z,USA,Nevada Power Company,US-NW-NEVP,432.0,529.0,,15.0,,False,
2025-06-27T08:00:00.000Z,USA,Nevada Power Company,US-NW-NEVP,439.0,536.0,,15.0,,False,
2025-06-27T09:00:00.000Z,USA,Nevada Power Company,US-NW-NEVP,438.0,535.0,,15.0,,False,
2025-06-27T10:00:00.000Z,USA,Nevada Power Company,US-NW-NEVP,434.0,530.0,,15.0,,False,
2025-06-27T11:00:00.000Z,USA,Nevada Power Company,US-NW-NEVP,438.0,535.0,,15.0,,False,
2025-06-27T12:00:00.000Z,USA,Nevada Power Company,US-NW-NEVP,436.0,532.0,,16.0,,False,
2025-06-27T13:00:00.000Z,USA,Nevada Power Company,US-NW-NEVP,362.0,444.0,,31.0,,False,
2025-06-27T14:00:00.000Z,USA,Nevada Power Company,US-NW-NEVP,256.0,319.0,,52.0,,False,
2025-06-27T15:00:00.000Z,USA,Nevada Power Company,US-NW-NEVP,223.0,281.0,,59.0,,False,
2025-06-27T16:00:00.000Z,USA,Nevada Power Company,US-NW-NEVP,214.0,272.0,,60.0,,False,
2025-06-27T17:00:00.000Z,USA,Nevada Power Company,US-NW-NEVP,213.0,272.0,,59.0,,False,
2025-06-27T18:00:00.000Z,USA,Nevada Power Company,US-NW-NEVP,217.0,277.0,,58.0,,False,
2025-06-27T19:00:00.000Z,USA,Nevada Power Company,US-NW-NEVP,221.0,283.0,,56.0,,False,
2025-06-27T20:00:00.000Z,USA,Nevada Power Company,US-NW-NEVP,228.0,292.0,,54.0,,False,
2025-06-27T21:00:00.000Z,USA,Nevada Power Company,US-NW-NEVP,236.0,302.0,,52.0,,False,
2025-06-27T22:00:00.000Z,USA,Nevada Power Company,US-NW-NEVP,249.0,317.0,,49.0,,False,
2025-06-27T23:00:00.000Z,USA,Nevada Power Company,US-NW-NEVP,252.0,321.0,,49.0,,False,
2025-06-28T00:00:00.000Z,USA,Nevada Power Company,US-NW-NEVP,272.0,344.0,,45.0,,False,
2025-06-28T01:00:00.000Z,USA,Nevada Power Company,US-NW-NEVP,315.0,394.0,,37.0,,False,
2025-06-28T02:00:00.000Z,USA,Nevada Power Company,US-NW-NEVP,321.0,402.0,,34.0,,True,TIME_SLICER_AVERAGE
2025-06-28T03:00:00.000Z,USA,Nevada Power Company,US-NW-NEVP,337.0,420.0,,31.0,,True,TIME_SLICER_AVERAGE
2025-06-28T04:00:00.000Z,USA,Nevada Power Company,US-NW-NEVP,386.0,478.0,,22.0,,True,TIME_SLICER_AVERAGE
2025-06-28T05:00:00.000Z,USA,Nevada Power Company,US-NW-NEVP,405.0,499.0,,18.0,,False,
2025-06-28T06:00:00.000Z,USA,Nevada Power Company,US-NW-NEVP,414.0,510.0,,17.0,,False,
2025-06-28T07:00:00.000Z,USA,Nevada Power Company,US-NW-NEVP,431.0,528.0,,15.0,,False,
2025-06-28T08:00:00.000Z,USA,Nevada Power Company,US-NW-NEVP,442.0,540.0,,14.0,,False,
2025-06-28T09:00:00.000Z,USA,Nevada Power Company,US-NW-NEVP,444.0,543.0,,14.0,,False,
2025-06-28T10:00:00.000Z,USA,Nevada Power Company,US-NW-NEVP,440.0,539.0,,13.0,,False,
2025-06-28T11:00:00.000Z,USA,Nevada Power Company,US-NW-NEVP,436.0,533.0,,15.0,,False,
2025-06-28T12:00:00.000Z,USA,Nevada Power Company,US-NW-NEVP,438.0,534.0,,15.0,,False,
2025-06-28T13:00:00.000Z,USA,Nevada Power Company,US-NW-NEVP,363.0,448.0,,29.0,,False,
2025-06-28T14:00:00.000Z,USA,Nevada Power Company,US-NW-NEVP,258.0,322.0,,52.0,,False,
2025-06-28T15:00:00.000Z,USA,Nevada Power Company,US-NW-NEVP,216.0,273.0,,61.0,,False,
2025-06-28T16:00:00.000Z,USA,Nevada Power Company,US-NW-NEVP,210.0,267.0,,61.0,,False,
2025-06-28T17:00:00.000Z,USA,Nevada Power Company,US-NW-NEVP,212.0,271.0,,60.0,,False,
2025-06-28T18:00:00.000Z,USA,Nevada Power Company,US-NW-NEVP,224.0,286.0,,56.0,,False,
2025-06-28T19:00:00.000Z,USA,Nevada Power Company,US-NW-NEVP,233.0,299.0,,53.0,,False,
2025-06-28T20:00:00.000Z,USA,Nevada Power Company,US-NW-NEVP,239.0,305.0,,52.0,,False,
2025-06-28T21:00:00.000Z,USA,Nevada Power Company,US-NW-NEVP,246.0,313.0,,50.0,,False,
2025-06-28T22:00:00.000Z,USA,Nevada Power Company,US-NW-NEVP,259.0,330.0,,47.0,,False,
2025-06-28T23:00:00.000Z,USA,Nevada Power Company,US-NW-NEVP,262.0,334.0,,46.0,,False,
2025-06-29T00:00:00.000Z,USA,Nevada Power Company,US-NW-NEVP,271.0,344.0,,45.0,,False,
2025-06-29T01:00:00.000Z,USA,Nevada Power Company,US-NW-NEVP,312.0,391.0,,37.0,,False,
2025-06-29T02:00:00.000Z,USA,Nevada Power Company,US-NW-NEVP,329.0,412.0,,33.0,,True,TIME_SLICER_AVERAGE
2025-06-29T03:00:00.000Z,USA,Nevada Power Company,US-NW-NEVP,361.0,447.0,,28.0,,True,TIME_SLICER_AVERAGE
2025-06-29T04:00:00.000Z,USA,Nevada Power Company,US-NW-NEVP,420.0,515.0,,17.0,,True,TIME_SLICER_AVERAGE
2025-06-29T05:00:00.000Z,USA,Nevada Power Company,US-NW-NEVP,442.0,542.0,,12.0,,False,
2025-06-29T06:00:00.000Z,USA,Nevada Power Company,US-NW-NEVP,451.0,552.0,,11.0,,False,
2025-06-29T07:00:00.000Z,USA,Nevada Power Company,US-NW-NEVP,460.0,561.0,,11.0,,False,
2025-06-29T08:00:00.000Z,USA,Nevada Power Company,US-NW-NEVP,469.0,567.0,,12.0,,False,
2025-06-29T09:00:00.000Z,USA,Nevada Power Company,US-NW-NEVP,466.0,567.0,,10.0,,False,
2025-06-29T10:00:00.000Z,USA,Nevada Power Company,US-NW-NEVP,456.0,557.0,,11.0,,False,
2025-06-29T11:00:00.000Z,USA,Nevada Power Company,US-NW-NEVP,463.0,562.0,,11.0,,False,
2025-06-29T12:00:00.000Z,USA,Nevada Power Company,US-NW-NEVP,463.0,558.0,,13.0,,False,
2025-06-29T13:00:00.000Z,USA,Nevada Power Company,US-NW-NEVP,376.0,456.0,,32.0,,False,
2025-06-29T14:00:00.000Z,USA,Nevada Power Company,US-NW-NEVP,264.0,327.0,,53.0,,False,
2025-06-29T15:00:00.000Z,USA,Nevada Power Company,US-NW-NEVP,227.0,286.0,,58.0,,False,
2025-06-29T16:00:00.000Z,USA,Nevada Power Company,US-NW-NEVP,222.0,281.0,,59.0,,False,
2025-06-29T17:00:00.000Z,USA,Nevada Power Company,US-NW-NEVP,223.0,284.0,,58.0,,False,
2025-06-29T18:00:00.000Z,USA,Nevada Power Company,US-NW-NEVP,228.0,290.0,,56.0,,False,
2025-06-29T19:00:00.000Z,USA,Nevada Power Company,US-NW-NEVP,238.0,305.0,,52.0,,False,
2025-06-29T20:00:00.000Z,USA,Nevada Power Company,US-NW-NEVP,247.0,317.0,,49.0,,False,
2025-06-29T21:00:00.000Z,USA,Nevada Power Company,US-NW-NEVP,260.0,332.0,,46.0,,False,
2025-06-29T22:00:00.000Z,USA,Nevada Power Company,US-NW-NEVP,263.0,337.0,,45.0,,False,
2025-06-29T23:00:00.000Z,USA,Nevada Power Company,US-NW-NEVP,265.0,339.0,,45.0,,False,
2025-06-30T00:00:00.000Z,USA,Nevada Power Company,US-NW-NEVP,281.0,356.0,,43.0,,False,
2025-06-30T01:00:00.000Z,USA,Nevada Power Company,US-NW-NEVP,316.0,396.0,,36.0,,False,
2025-06-30T02:00:00.000Z,USA,Nevada Power Company,US-NW-NEVP,393.0,451.0,,44.0,,False,
2025-06-30T03:00:00.000Z,USA,Nevada Power Company,US-NW-NEVP,416.0,476.0,,41.0,,False,
2025-06-30T04:00:00.000Z,USA,Nevada Power Company,US-NW-NEVP,414.0,477.0,,39.0,,False,
2025-06-30T05:00:00.000Z,USA,Nevada Power Company,US-NW-NEVP,505.0,572.0,,29.0,,False,
2025-06-30T06:00:00.000Z,USA,Nevada Power Company,US-NW-NEVP,510.0,579.0,,29.0,,False,
2025-06-30T07:00:00.000Z,USA,Nevada Power Company,US-NW-NEVP,569.0,638.0,,26.0,,False,
2025-06-30T08:00:00.000Z,USA,Nevada Power Company,US-NW-NEVP,577.0,645.0,,26.0,,False,
2025-06-30T09:00:00.000Z,USA,Nevada Power Company,US-NW-NEVP,591.0,660.0,,24.0,,False,
2025-06-30T10:00:00.000Z,USA,Nevada Power Company,US-NW-NEVP,580.0,650.0,,24.0,,False,
2025-06-30T11:00:00.000Z,USA,Nevada Power Company,US-NW-NEVP,570.0,640.0,,24.0,,False,
2025-06-30T12:00:00.000Z,USA,Nevada Power Company,US-NW-NEVP,554.0,624.0,,25.0,,False,
2025-06-30T13:00:00.000Z,USA,Nevada Power Company,US-NW-NEVP,524.0,591.0,,29.0,,False,
2025-06-30T14:00:00.000Z,USA,Nevada Power Company,US-NW-NEVP,448.0,508.0,,36.0,,False,
2025-06-30T15:00:00.000Z,USA,Nevada Power Company,US-NW-NEVP,427.0,486.0,,40.0,,False,
2025-06-30T16:00:00.000Z,USA,Nevada Power Company,US-NW-NEVP,414.0,473.0,,42.0,,False,
2025-06-30T17:00:00.000Z,USA,Nevada Power Company,US-NW-NEVP,409.0,469.0,,42.0,,False,
2025-06-30T18:00:00.000Z,USA,Nevada Power Company,US-NW-NEVP,397.0,457.0,,42.0,,False,
2025-06-30T19:00:00.000Z,USA,Nevada Power Company,US-NW-NEVP,375.0,435.0,,43.0,,False,
2025-06-30T20:00:00.000Z,USA,Nevada Power Company,US-NW-NEVP,371.0,432.0,,42.0,,False,
2025-06-30T21:00:00.000Z,USA,Nevada Power Company,US-NW-NEVP,388.0,450.0,,40.0,,False,
2025-06-30T22:00:00.000Z,USA,Nevada Power Company,US-NW-NEVP,388.0,450.0,,41.0,,False,
2025-06-30T23:00:00.000Z,USA,Nevada Power Company,US-NW-NEVP,386.0,449.0,,39.0,,False,
2025-07-01T00:00:00.000Z,USA,Nevada Power Company,US-NW-NEVP,389.0,453.0,,39.0,,False,
2025-07-01T01:00:00.000Z,USA,Nevada Power Company,US-NW-NEVP,384.0,446.0,,42.0,,False,
2025-07-01T02:00:00.000Z,USA,Nevada Power Company,US-NW-NEVP,384.0,448.0,,41.0,,False,
2025-07-01T03:00:00.000Z,USA,Nevada Power Company,US-NW-NEVP,447.0,518.0,,33.0,,False,
2025-07-01T04:00:00.000Z,USA,Nevada Power Company,US-NW-NEVP,440.0,539.0,,13.0,,False,
2025-07-01T05:00:00.000Z,USA,Nevada Power Company,US-NW-NEVP,459.0,562.0,,9.0,,False,
2025-07-01T06:00:00.000Z,USA,Nevada Power Company,US-NW-NEVP,473.0,574.0,,9.0,,False,
2025-07-01T07:00:00.000Z,USA,Nevada Power Company,US-NW-NEVP,485.0,588.0,,9.0,,False,
2025-07-01T08:00:00.000Z,USA,Nevada Power Company,US-NW-NEVP,493.0,596.0,,8.0,,False,
2025-07-01T09:00:00.000Z,USA,Nevada Power Company,US-NW-NEVP,498.0,602.0,,7.0,,False,
2025-07-01T10:00:00.000Z,USA,Nevada Power Company,US-NW-NEVP,496.0,601.0,,6.0,,False,
2025-07-01T11:00:00.000Z,USA,Nevada Power Company,US-NW-NEVP,501.0,606.0,,6.0,,False,
2025-07-01T12:00:00.000Z,USA,Nevada Power Company,US-NW-NEVP,499.0,602.0,,8.0,,False,
2025-07-01T13:00:00.000Z,USA,Nevada Power Company,US-NW-NEVP,423.0,511.0,,23.0,,False,
2025-07-01T14:00:00.000Z,USA,Nevada Power Company,US-NW-NEVP,298.0,368.0,,46.0,,False,
2025-07-01T15:00:00.000Z,USA,Nevada Power Company,US-NW-NEVP,270.0,336.0,,50.0,,False,
2025-07-01T16:00:00.000Z,USA,Nevada Power Company,US-NW-NEVP,288.0,359.0,,45.0,,False,
2025-07-01T17:00:00.000Z,USA,Nevada Power Company,US-NW-NEVP,297.0,370.0,,42.0,,False,
2025-07-01T18:00:00.000Z,USA,Nevada Power Company,US-NW-NEVP,282.0,354.0,,44.0,,False,
2025-07-01T19:00:00.000Z,USA,Nevada Power Company,US-NW-NEVP,290.0,364.0,,41.0,,False,
2025-07-01T20:00:00.000Z,USA,Nevada Power Company,US-NW-NEVP,303.0,381.0,,38.0,,False,
2025-07-01T21:00:00.000Z,USA,Nevada Power Company,US-NW-NEVP,284.0,359.0,,41.0,,False,
2025-07-01T22:00:00.000Z,USA,Nevada Power Company,US-NW-NEVP,318.0,401.0,,34.0,,False,
2025-07-01T23:00:00.000Z,USA,Nevada Power Company,US-NW-NEVP,325.0,408.0,,32.0,,False,
2025-07-02T00:00:00.000Z,USA,Nevada Power Company,US-NW-NEVP,321.0,402.0,,35.0,,False,
2025-07-02T01:00:00.000Z,USA,Nevada Power Company,US-NW-NEVP,369.0,457.0,,27.0,,False,
2025-07-02T02:00:00.000Z,USA,Nevada Power Company,US-NW-NEVP,380.0,470.0,,24.0,,True,TIME_SLICER_AVERAGE
2025-07-02T03:00:00.000Z,USA,Nevada Power Company,US-NW-NEVP,375.0,464.0,,25.0,,True,TIME_SLICER_AVERAGE
2025-07-02T04:00:00.000Z,USA,Nevada Power Company,US-NW-NEVP,396.0,488.0,,20.0,,True,TIME_SLICER_AVERAGE
2025-07-02T05:00:00.000Z,USA,Nevada Power Company,US-NW-NEVP,415.0,512.0,,17.0,,False,
2025-07-02T06:00:00.000Z,USA,Nevada Power Company,US-NW-NEVP,425.0,524.0,,14.0,,False,
2025-07-02T07:00:00.000Z,USA,Nevada Power Company,US-NW-NEVP,435.0,534.0,,13.0,,False,
2025-07-02T08:00:00.000Z,USA,Nevada Power Company,US-NW-NEVP,439.0,539.0,,12.0,,False,
2025-07-02T09:00:00.000Z,USA,Nevada Power Company,US-NW-NEVP,437.0,539.0,,11.0,,False,
2025-07-02T10:00:00.000Z,USA,Nevada Power Company,US-NW-NEVP,431.0,532.0,,12.0,,False,
2025-07-02T11:00:00.000Z,USA,Nevada Power Company,US-NW-NEVP,434.0,535.0,,12.0,,False,
2025-07-02T12:00:00.000Z,USA,Nevada Power Company,US-NW-NEVP,435.0,534.0,,13.0,,False,
2025-07-02T13:00:00.000Z,USA,Nevada Power Company,US-NW-NEVP,413.0,506.0,,19.0,,False,
2025-07-02T14:00:00.000Z,USA,Nevada Power Company,US-NW-NEVP,370.0,456.0,,27.0,,False,
2025-07-02T15:00:00.000Z,USA,Nevada Power Company,US-NW-NEVP,351.0,432.0,,32.0,,False,
2025-07-02T16:00:00.000Z,USA,Nevada Power Company,US-NW-NEVP,328.0,406.0,,36.0,,False,
2025-07-02T17:00:00.000Z,USA,Nevada Power Company,US-NW-NEVP,321.0,399.0,,37.0,,False,
2025-07-02T18:00:00.000Z,USA,Nevada Power Company,US-NW-NEVP,326.0,407.0,,34.0,,False,
2025-07-02T19:00:00.000Z,USA,Nevada Power Company,US-NW-NEVP,316.0,396.0,,35.0,,False,
2025-07-02T20:00:00.000Z,USA,Nevada Power Company,US-NW-NEVP,283.0,360.0,,41.0,,False,
2025-07-02T21:00:00.000Z,USA,Nevada Power Company,US-NW-NEVP,311.0,392.0,,36.0,,False,
2025-07-02T22:00:00.000Z,USA,Nevada Power Company,US-NW-NEVP,303.0,381.0,,38.0,,False,
2025-07-02T23:00:00.000Z,USA,Nevada Power Company,US-NW-NEVP,315.0,396.0,,35.0,,False,
2025-07-03T00:00:00.000Z,USA,Nevada Power Company,US-NW-NEVP,285.0,359.0,,42.0,,False,
2025-07-03T01:00:00.000Z,USA,Nevada Power Company,US-NW-NEVP,310.0,386.0,,39.0,,False,
2025-07-03T02:00:00.000Z,USA,Nevada Power Company,US-NW-NEVP,224.0,276.0,,57.0,,False,
2025-07-03T03:00:00.000Z,USA,Nevada Power Company,US-NW-NEVP,240.0,295.0,,54.0,,False,
2025-07-03T04:00:00.000Z,USA,Nevada Power Company,US-NW-NEVP,259.0,316.0,,51.0,,False,
2025-07-03T05:00:00.000Z,USA,Nevada Power Company,US-NW-NEVP,306.0,365.0,,47.0,,False,
2025-07-03T06:00:00.000Z,USA,Nevada Power Company,US-NW-NEVP,360.0,421.0,,43.0,,False,
2025-07-03T07:00:00.000Z,USA,Nevada Power Company,US-NW-NEVP,389.0,451.0,,41.0,,False,
2025-07-03T08:00:00.000Z,USA,Nevada Power Company,US-NW-NEVP,419.0,485.0,,36.0,,False,
2025-07-03T09:00:00.000Z,USA,Nevada Power Company,US-NW-NEVP,413.0,478.0,,36.0,,False,
2025-07-03T10:00:00.000Z,USA,Nevada Power Company,US-NW-NEVP,414.0,480.0,,35.0,,False,
2025-07-03T11:00:00.000Z,USA,Nevada Power Company,US-NW-NEVP,400.0,467.0,,35.0,,False,
2025-07-03T12:00:00.000Z,USA,Nevada Power Company,US-NW-NEVP,397.0,465.0,,34.0,,False,
2025-07-03T13:00:00.000Z,USA,Nevada Power Company,US-NW-NEVP,360.0,426.0,,37.0,,False,
2025-07-03T14:00:00.000Z,USA,Nevada Power Company,US-NW-NEVP,326.0,386.0,,44.0,,False,
2025-07-03T15:00:00.000Z,USA,Nevada Power Company,US-NW-NEVP,242.0,297.0,,53.0,,False,
2025-07-03T16:00:00.000Z,USA,Nevada Power Company,US-NW-NEVP,216.0,271.0,,56.0,,False,
2025-07-03T17:00:00.000Z,USA,Nevada Power Company,US-NW-NEVP,207.0,263.0,,56.0,,False,
2025-07-03T18:00:00.000Z,USA,Nevada Power Company,US-NW-NEVP,227.0,282.0,,55.0,,False,
2025-07-03T19:00:00.000Z,USA,Nevada Power Company,US-NW-NEVP,216.0,271.0,,56.0,,False,
2025-07-03T20:00:00.000Z,USA,Nevada Power Company,US-NW-NEVP,261.0,318.0,,52.0,,False,
2025-07-03T21:00:00.000Z,USA,Nevada Power Company,US-NW-NEVP,269.0,326.0,,51.0,,False,
2025-07-03T22:00:00.000Z,USA,Nevada Power Company,US-NW-NEVP,265.0,321.0,,51.0,,False,
2025-07-03T23:00:00.000Z,USA,Nevada Power Company,US-NW-NEVP,249.0,302.0,,55.0,,False,
2025-07-04T00:00:00.000Z,USA,Nevada Power Company,US-NW-NEVP,289.0,361.0,,44.0,,False,
2025-07-04T01:00:00.000Z,USA,Nevada Power Company,US-NW-NEVP,322.0,399.0,,38.0,,False,
2025-07-04T02:00:00.000Z,USA,Nevada Power Company,US-NW-NEVP,338.0,419.0,,34.0,,True,TIME_SLICER_AVERAGE
2025-07-04T03:00:00.000Z,USA,Nevada Power Company,US-NW-NEVP,355.0,438.0,,30.0,,True,TIME_SLICER_AVERAGE
2025-07-04T04:00:00.000Z,USA,Nevada Power Company,US-NW-NEVP,401.0,493.0,,20.0,,True,TIME_SLICER_AVERAGE
2025-07-04T05:00:00.000Z,USA,Nevada Power Company,US-NW-NEVP,431.0,528.0,,15.0,,False,
2025-07-04T06:00:00.000Z,USA,Nevada Power Company,US-NW-NEVP,438.0,536.0,,15.0,,False,
2025-07-04T07:00:00.000Z,USA,Nevada Power Company,US-NW-NEVP,445.0,545.0,,12.0,,False,
2025-07-04T08:00:00.000Z,USA,Nevada Power Company,US-NW-NEVP,450.0,551.0,,11.0,,False,
2025-07-04T09:00:00.000Z,USA,Nevada Power Company,US-NW-NEVP,446.0,549.0,,10.0,,False,
2025-07-04T10:00:00.000Z,USA,Nevada Power Company,US-NW-NEVP,443.0,546.0,,10.0,,False,
2025-07-04T11:00:00.000Z,USA,Nevada Power Company,US-NW-NEVP,448.0,550.0,,10.0,,False,
2025-07-04T12:00:00.000Z,USA,Nevada Power Company,US-NW-NEVP,452.0,551.0,,11.0,,False,
2025-07-04T13:00:00.000Z,USA,Nevada Power Company,US-NW-NEVP,384.0,469.0,,27.0,,False,
2025-07-04T14:00:00.000Z,USA,Nevada Power Company,US-NW-NEVP,273.0,335.0,,53.0,,False,
2025-07-04T15:00:00.000Z,USA,Nevada Power Company,US-NW-NEVP,224.0,277.0,,63.0,,False,
2025-07-04T16:00:00.000Z,USA,Nevada Power Company,US-NW-NEVP,214.0,266.0,,64.0,,False,
2025-07-04T17:00:00.000Z,USA,Nevada Power Company,US-NW-NEVP,203.0,256.0,,64.0,,False,
2025-07-04T18:00:00.000Z,USA,Nevada Power Company,US-NW-NEVP,198.0,252.0,,64.0,,False,
2025-07-04T19:00:00.000Z,USA,Nevada Power Company,US-NW-NEVP,202.0,258.0,,63.0,,False,
2025-07-04T20:00:00.000Z,USA,Nevada Power Company,US-NW-NEVP,206.0,263.0,,61.0,,False,
2025-07-04T21:00:00.000Z,USA,Nevada Power Company,US-NW-NEVP,209.0,268.0,,59.0,,False,
2025-07-04T22:00:00.000Z,USA,Nevada Power Company,US-NW-NEVP,215.0,275.0,,57.0,,False,
2025-07-04T23:00:00.000Z,USA,Nevada Power Company,US-NW-NEVP,218.0,279.0,,57.0,,False,
2025-07-05T00:00:00.000Z,USA,Nevada Power Company,US-NW-NEVP,237.0,302.0,,53.0,,False,
2025-07-05T01:00:00.000Z,USA,Nevada Power Company,US-NW-NEVP,292.0,365.0,,43.0,,True,TIME_SLICER_AVERAGE
2025-07-05T02:00:00.000Z,USA,Nevada Power Company,US-NW-NEVP,354.0,435.0,,32.0,,True,TIME_SLICER_AVERAGE
2025-07-05T03:00:00.000Z,USA,Nevada Power Company,US-NW-NEVP,411.0,502.0,,20.0,,False,
2025-07-05T04:00:00.000Z,USA,Nevada Power Company,US-NW-NEVP,403.0,492.0,,20.0,,False,
2025-07-05T05:00:00.000Z,USA,Nevada Power Company,US-NW-NEVP,429.0,525.0,,15.0,,False,
2025-07-05T06:00:00.000Z,USA,Nevada Power Company,US-NW-NEVP,433.0,530.0,,15.0,,False,
2025-07-05T07:00:00.000Z,USA,Nevada Power Company,US-NW-NEVP,439.0,538.0,,14.0,,False,
2025-07-05T08:00:00.000Z,USA,Nevada Power Company,US-NW-NEVP,439.0,537.0,,14.0,,False,
2025-07-05T09:00:00.000Z,USA,Nevada Power Company,US-NW-NEVP,439.0,536.0,,14.0,,False,
2025-07-05T10:00:00.000Z,USA,Nevada Power Company,US-NW-NEVP,441.0,534.0,,16.0,,False,
2025-07-05T11:00:00.000Z,USA,Nevada Power Company,US-NW-NEVP,448.0,537.0,,19.0,,False,
2025-07-05T12:00:00.000Z,USA,Nevada Power Company,US-NW-NEVP,449.0,537.0,,19.0,,False,
2025-07-05T13:00:00.000Z,USA,Nevada Power Company,US-NW-NEVP,348.0,418.0,,40.0,,False,
2025-07-05T14:00:00.000Z,USA,Nevada Power Company,US-NW-NEVP,239.0,294.0,,60.0,,False,
2025-07-05T15:00:00.000Z,USA,Nevada Power Company,US-NW-NEVP,196.0,247.0,,67.0,,False,
2025-07-05T16:00:00.000Z,USA,Nevada Power Company,US-NW-NEVP,186.0,236.0,,69.0,,False,
2025-07-05T17:00:00.000Z,USA,Nevada Power Company,US-NW-NEVP,180.0,229.0,,69.0,,False,
2025-07-05T18:00:00.000Z,USA,Nevada Power Company,US-NW-NEVP,181.0,232.0,,67.0,,False,
2025-07-05T19:00:00.000Z,USA,Nevada Power Company,US-NW-NEVP,190.0,243.0,,66.0,,False,
2025-07-05T20:00:00.000Z,USA,Nevada Power Company,US-NW-NEVP,193.0,247.0,,64.0,,False,
2025-07-05T21:00:00.000Z,USA,Nevada Power Company,US-NW-NEVP,201.0,258.0,,61.0,,False,
2025-07-05T22:00:00.000Z,USA,Nevada Power Company,US-NW-NEVP,217.0,276.0,,58.0,,False,
2025-07-05T23:00:00.000Z,USA,Nevada Power Company,US-NW-NEVP,233.0,296.0,,54.0,,False,
2025-07-06T00:00:00.000Z,USA,Nevada Power Company,US-NW-NEVP,254.0,322.0,,49.0,,False,
2025-07-06T01:00:00.000Z,USA,Nevada Power Company,US-NW-NEVP,310.0,388.0,,38.0,,False,
2025-07-06T02:00:00.000Z,USA,Nevada Power Company,US-NW-NEVP,337.0,418.0,,34.0,,True,TIME_SLICER_AVERAGE
2025-07-06T03:00:00.000Z,USA,Nevada Power Company,US-NW-NEVP,362.0,446.0,,29.0,,True,TIME_SLICER_AVERAGE
2025-07-06T04:00:00.000Z,USA,Nevada Power Company,US-NW-NEVP,441.0,535.0,,15.0,,True,TIME_SLICER_AVERAGE
2025-07-06T05:00:00.000Z,USA,Nevada Power Company,US-NW-NEVP,451.0,547.0,,14.0,,False,
2025-07-06T06:00:00.000Z,USA,Nevada Power Company,US-NW-NEVP,457.0,555.0,,12.0,,False,
2025-07-06T07:00:00.000Z,USA,Nevada Power Company,US-NW-NEVP,475.0,576.0,,10.0,,False,
2025-07-06T08:00:00.000Z,USA,Nevada Power Company,US-NW-NEVP,481.0,581.0,,9.0,,False,
2025-07-06T09:00:00.000Z,USA,Nevada Power Company,US-NW-NEVP,483.0,585.0,,8.0,,False,
2025-07-06T10:00:00.000Z,USA,Nevada Power Company,US-NW-NEVP,479.0,581.0,,8.0,,False,
2025-07-06T11:00:00.000Z,USA,Nevada Power Company,US-NW-NEVP,485.0,586.0,,7.0,,False,
2025-07-06T12:00:00.000Z,USA,Nevada Power Company,US-NW-NEVP,492.0,591.0,,9.0,,False,
2025-07-06T13:00:00.000Z,USA,Nevada Power Company,US-NW-NEVP,396.0,470.0,,34.0,,False,
2025-07-06T14:00:00.000Z,USA,Nevada Power Company,US-NW-NEVP,253.0,309.0,,58.0,,False,
2025-07-06T15:00:00.000Z,USA,Nevada Power Company,US-NW-NEVP,204.0,257.0,,65.0,,False,
2025-07-06T16:00:00.000Z,USA,Nevada Power Company,US-NW-NEVP,194.0,246.0,,66.0,,False,
2025-07-06T17:00:00.000Z,USA,Nevada Power Company,US-NW-NEVP,197.0,250.0,,65.0,,False,
2025-07-06T18:00:00.000Z,USA,Nevada Power Company,US-NW-NEVP,208.0,264.0,,63.0,,False,
2025-07-06T19:00:00.000Z,USA,Nevada Power Company,US-NW-NEVP,222.0,280.0,,60.0,,False,
2025-07-06T20:00:00.000Z,USA,Nevada Power Company,US-NW-NEVP,227.0,289.0,,57.0,,False,
2025-07-06T21:00:00.000Z,USA,Nevada Power Company,US-NW-NEVP,234.0,298.0,,54.0,,False,
2025-07-06T22:00:00.000Z,USA,Nevada Power Company,US-NW-NEVP,250.0,318.0,,50.0,,False,
2025-07-06T23:00:00.000Z,USA,Nevada Power Company,US-NW-NEVP,264.0,336.0,,46.0,,False,
2025-07-07T00:00:00.000Z,USA,Nevada Power Company,US-NW-NEVP,279.0,354.0,,43.0,,False,
2025-07-07T01:00:00.000Z,USA,Nevada Power Company,US-NW-NEVP,329.0,409.0,,35.0,,False,
2025-07-07T02:00:00.000Z,USA,Nevada Power Company,US-NW-NEVP,353.0,436.0,,30.0,,True,TIME_SLICER_AVERAGE
2025-07-07T03:00:00.000Z,USA,Nevada Power Company,US-NW-NEVP,382.0,470.0,,24.0,,True,TIME_SLICER_AVERAGE
2025-07-07T04:00:00.000Z,USA,Nevada Power Company,US-NW-NEVP,438.0,533.0,,14.0,,False,
2025-07-07T05:00:00.000Z,USA,Nevada Power Company,US-NW-NEVP,458.0,558.0,,11.0,,False,
2025-07-07T06:00:00.000Z,USA,Nevada Power Company,US-NW-NEVP,459.0,558.0,,11.0,,False,
2025-07-07T07:00:00.000Z,USA,Nevada Power Company,US-NW-NEVP,470.0,572.0,,10.0,,False,
2025-07-07T08:00:00.000Z,USA,Nevada Power Company,US-NW-NEVP,474.0,576.0,,8.0,,False,
2025-07-07T09:00:00.000Z,USA,Nevada Power Company,US-NW-NEVP,478.0,580.0,,8.0,,False,
2025-07-07T10:00:00.000Z,USA,Nevada Power Company,US-NW-NEVP,478.0,581.0,,8.0,,False,
2025-07-07T11:00:00.000Z,USA,Nevada Power Company,US-NW-NEVP,484.0,585.0,,8.0,,False,
2025-07-07T12:00:00.000Z,USA,Nevada Power Company,US-NW-NEVP,480.0,578.0,,11.0,,False,
2025-07-07T13:00:00.000Z,USA,Nevada Power Company,US-NW-NEVP,397.0,476.0,,31.0,,False,
2025-07-07T14:00:00.000Z,USA,Nevada Power Company,US-NW-NEVP,277.0,335.0,,55.0,,False,
2025-07-07T15:00:00.000Z,USA,Nevada Power Company,US-NW-NEVP,239.0,293.0,,62.0,,False,
2025-07-07T16:00:00.000Z,USA,Nevada Power Company,US-NW-NEVP,232.0,287.0,,62.0,,False,
2025-07-07T17:00:00.000Z,USA,Nevada Power Company,US-NW-NEVP,232.0,289.0,,60.0,,False,
2025-07-07T18:00:00.000Z,USA,Nevada Power Company,US-NW-NEVP,225.0,284.0,,59.0,,False,
2025-07-07T19:00:00.000Z,USA,Nevada Power Company,US-NW-NEVP,232.0,293.0,,56.0,,False,
2025-07-07T20:00:00.000Z,USA,Nevada Power Company,US-NW-NEVP,241.0,305.0,,53.0,,False,
2025-07-07T21:00:00.000Z,USA,Nevada Power Company,US-NW-NEVP,245.0,310.0,,52.0,,False,
2025-07-07T22:00:00.000Z,USA,Nevada Power Company,US-NW-NEVP,263.0,334.0,,46.0,,False,
2025-07-07T23:00:00.000Z,USA,Nevada Power Company,US-NW-NEVP,271.0,344.0,,45.0,,False,
2025-07-08T00:00:00.000Z,USA,Nevada Power Company,US-NW-NEVP,285.0,360.0,,42.0,,False,
2025-07-08T01:00:00.000Z,USA,Nevada Power Company,US-NW-NEVP,317.0,397.0,,36.0,,False,
2025-07-08T02:00:00.000Z,USA,Nevada Power Company,US-NW-NEVP,338.0,421.0,,32.0,,True,TIME_SLICER_AVERAGE
2025-07-08T03:00:00.000Z,USA,Nevada Power Company,US-NW-NEVP,375.0,461.0,,26.0,,True,TIME_SLICER_AVERAGE
2025-07-08T04:00:00.000Z,USA,Nevada Power Company,US-NW-NEVP,414.0,505.0,,19.0,,False,
2025-07-08T05:00:00.000Z,USA,Nevada Power Company,US-NW-NEVP,447.0,543.0,,15.0,,False,
2025-07-08T06:00:00.000Z,USA,Nevada Power Company,US-NW-NEVP,465.0,560.0,,14.0,,False,
2025-07-08T07:00:00.000Z,USA,Nevada Power Company,US-NW-NEVP,478.0,574.0,,12.0,,True,TIME_SLICER_AVERAGE
2025-07-08T08:00:00.000Z,USA,Nevada Power Company,US-NW-NEVP,481.0,577.0,,12.0,,False,
2025-07-08T09:00:00.000Z,USA,Nevada Power Company,US-NW-NEVP,479.0,577.0,,11.0,,False,
2025-07-08T10:00:00.000Z,USA,Nevada Power Company,US-NW-NEVP,480.0,577.0,,11.0,,False,
2025-07-08T11:00:00.000Z,USA,Nevada Power Company,US-NW-NEVP,480.0,577.0,,11.0,,False,
2025-07-08T12:00:00.000Z,USA,Nevada Power Company,US-NW-NEVP,483.0,579.0,,11.0,,False,
2025-07-08T13:00:00.000Z,USA,Nevada Power Company,US-NW-NEVP,401.0,483.0,,28.0,,False,
2025-07-08T14:00:00.000Z,USA,Nevada Power Company,US-NW-NEVP,298.0,362.0,,49.0,,False,
2025-07-08T15:00:00.000Z,USA,Nevada Power Company,US-NW-NEVP,257.0,317.0,,56.0,,False,
2025-07-08T16:00:00.000Z,USA,Nevada Power Company,US-NW-NEVP,244.0,304.0,,57.0,,False,
2025-07-08T17:00:00.000Z,USA,Nevada Power Company,US-NW-NEVP,237.0,298.0,,57.0,,False,
2025-07-08T18:00:00.000Z,USA,Nevada Power Company,US-NW-NEVP,242.0,305.0,,55.0,,False,
2025-07-08T19:00:00.000Z,USA,Nevada Power Company,US-NW-NEVP,250.0,316.0,,52.0,,False,
2025-07-08T20:00:00.000Z,USA,Nevada Power Company,US-NW-NEVP,264.0,333.0,,48.0,,False,
2025-07-08T21:00:00.000Z,USA,Nevada Power Company,US-NW-NEVP,267.0,336.0,,47.0,,False,
2025-07-08T22:00:00.000Z,USA,Nevada Power Company,US-NW-NEVP,271.0,343.0,,45.0,,False,
2025-07-08T23:00:00.000Z,USA,Nevada Power Company,US-NW-NEVP,271.0,343.0,,45.0,,False,
2025-07-09T00:00:00.000Z,USA,Nevada Power Company,US-NW-NEVP,286.0,359.0,,43.0,,False,
2025-07-09T01:00:00.000Z,USA,Nevada Power Company,US-NW-NEVP,319.0,398.0,,36.0,,False,
2025-07-09T02:00:00.000Z,USA,Nevada Power Company,US-NW-NEVP,335.0,418.0,,31.0,,True,TIME_SLICER_AVERAGE
2025-07-09T03:00:00.000Z,USA,Nevada Power Company,US-NW-NEVP,361.0,448.0,,26.0,,True,TIME_SLICER_AVERAGE
2025-07-09T04:00:00.000Z,USA,Nevada Power Company,US-NW-NEVP,421.0,515.0,,17.0,,False,
2025-07-09T05:00:00.000Z,USA,Nevada Power Company,US-NW-NEVP,446.0,545.0,,13.0,,False,
2025-07-09T06:00:00.000Z,USA,Nevada Power Company,US-NW-NEVP,448.0,547.0,,12.0,,False,
2025-07-09T07:00:00.000Z,USA,Nevada Power Company,US-NW-NEVP,457.0,559.0,,10.0,,False,
2025-07-09T08:00:00.000Z,USA,Nevada Power Company,US-NW-NEVP,448.0,550.0,,10.0,,False,
2025-07-09T09:00:00.000Z,USA,Nevada Power Company,US-NW-NEVP,453.0,556.0,,9.0,,False,
2025-07-09T10:00:00.000Z,USA,Nevada Power Company,US-NW-NEVP,450.0,551.0,,11.0,,False,
2025-07-09T11:00:00.000Z,USA,Nevada Power Company,US-NW-NEVP,455.0,551.0,,13.0,,False,
2025-07-09T12:00:00.000Z,USA,Nevada Power Company,US-NW-NEVP,454.0,548.0,,15.0,,False,
2025-07-09T13:00:00.000Z,USA,Nevada Power Company,US-NW-NEVP,378.0,459.0,,31.0,,False,
2025-07-09T14:00:00.000Z,USA,Nevada Power Company,US-NW-NEVP,286.0,354.0,,48.0,,False,
2025-07-09T15:00:00.000Z,USA,Nevada Power Company,US-NW-NEVP,256.0,321.0,,52.0,,False,
2025-07-09T16:00:00.000Z,USA,Nevada Power Company,US-NW-NEVP,244.0,308.0,,54.0,,False,
2025-07-09T17:00:00.000Z,USA,Nevada Power Company,US-NW-NEVP,235.0,299.0,,54.0,,False,
2025-07-09T18:00:00.000Z,USA,Nevada Power Company,US-NW-NEVP,238.0,305.0,,52.0,,False,
2025-07-09T19:00:00.000Z,USA,Nevada Power Company,US-NW-NEVP,242.0,311.0,,50.0,,False,
2025-07-09T20:00:00.000Z,USA,Nevada Power Company,US-NW-NEVP,242.0,312.0,,49.0,,False,
2025-07-09T21:00:00.000Z,USA,Nevada Power Company,US-NW-NEVP,244.0,314.0,,49.0,,False,
2025-07-09T22:00:00.000Z,USA,Nevada Power Company,US-NW-NEVP,246.0,315.0,,48.0,,False,
2025-07-09T23:00:00.000Z,USA,Nevada Power Company,US-NW-NEVP,245.0,314.0,,49.0,,False,
2025-07-10T00:00:00.000Z,USA,Nevada Power Company,US-NW-NEVP,257.0,328.0,,47.0,,False,
2025-07-10T01:00:00.000Z,USA,Nevada Power Company,US-NW-NEVP,299.0,379.0,,37.0,,False,
2025-07-10T02:00:00.000Z,USA,Nevada Power Company,US-NW-NEVP,319.0,402.0,,33.0,,True,TIME_SLICER_AVERAGE
2025-07-10T03:00:00.000Z,USA,Nevada Power Company,US-NW-NEVP,359.0,448.0,,26.0,,True,TIME_SLICER_AVERAGE
2025-07-10T04:00:00.000Z,USA,Nevada Power Company,US-NW-NEVP,400.0,494.0,,19.0,,False,
2025-07-10T05:00:00.000Z,USA,Nevada Power Company,US-NW-NEVP,427.0,526.0,,13.0,,False,
2025-07-10T06:00:00.000Z,USA,Nevada Power Company,US-NW-NEVP,432.0,530.0,,14.0,,False,
2025-07-10T07:00:00.000Z,USA,Nevada Power Company,US-NW-NEVP,446.0,545.0,,12.0,,True,TIME_SLICER_AVERAGE
2025-07-10T08:00:00.000Z,USA,Nevada Power Company,US-NW-NEVP,452.0,549.0,,13.0,,False,
2025-07-10T09:00:00.000Z,USA,Nevada Power Company,US-NW-NEVP,458.0,553.0,,14.0,,False,
2025-07-10T10:00:00.000Z,USA,Nevada Power Company,US-NW-NEVP,453.0,547.0,,15.0,,False,
2025-07-10T11:00:00.000Z,USA,Nevada Power Company,US-NW-NEVP,457.0,551.0,,14.0,,False,
2025-07-10T12:00:00.000Z,USA,Nevada Power Company,US-NW-NEVP,461.0,556.0,,14.0,,False,
2025-07-10T13:00:00.000Z,USA,Nevada Power Company,US-NW-NEVP,393.0,477.0,,27.0,,False,
2025-07-10T14:00:00.000Z,USA,Nevada Power Company,US-NW-NEVP,276.0,338.0,,52.0,,False,
2025-07-10T15:00:00.000Z,USA,Nevada Power Company,US-NW-NEVP,245.0,302.0,,58.0,,False,
2025-07-10T16:00:00.000Z,USA,Nevada Power Company,US-NW-NEVP,237.0,295.0,,58.0,,False,
2025-07-10T17:00:00.000Z,USA,Nevada Power Company,US-NW-NEVP,240.0,300.0,,56.0,,False,
2025-07-10T18:00:00.000Z,USA,Nevada Power Company,US-NW-NEVP,244.0,306.0,,54.0,,False,
2025-07-10T19:00:00.000Z,USA,Nevada Power Company,US-NW-NEVP,250.0,316.0,,52.0,,False,
2025-07-10T20:00:00.000Z,USA,Nevada Power Company,US-NW-NEVP,260.0,328.0,,49.0,,False,
2025-07-10T21:00:00.000Z,USA,Nevada Power Company,US-NW-NEVP,262.0,331.0,,48.0,,False,
2025-07-10T22:00:00.000Z,USA,Nevada Power Company,US-NW-NEVP,268.0,337.0,,47.0,,False,
2025-07-10T23:00:00.000Z,USA,Nevada Power Company,US-NW-NEVP,273.0,343.0,,46.0,,False,
2025-07-11T00:00:00.000Z,USA,Nevada Power Company,US-NW-NEVP,289.0,361.0,,44.0,,False,
2025-07-11T01:00:00.000Z,USA,Nevada Power Company,US-NW-NEVP,325.0,405.0,,35.0,,False,
2025-07-11T02:00:00.000Z,USA,Nevada Power Company,US-NW-NEVP,386.0,477.0,,21.0,,False,
2025-07-11T03:00:00.000Z,USA,Nevada Power Company,US-NW-NEVP,406.0,500.0,,18.0,,False,
2025-07-11T04:00:00.000Z,USA,Nevada Power Company,US-NW-NEVP,420.0,514.0,,18.0,,False,
2025-07-11T05:00:00.000Z,USA,Nevada Power Company,US-NW-NEVP,436.0,541.0,,9.0,,False,
2025-07-11T06:00:00.000Z,USA,Nevada Power Company,US-NW-NEVP,454.0,556.0,,10.0,,False,
2025-07-11T07:00:00.000Z,USA,Nevada Power Company,US-NW-NEVP,464.0,566.0,,9.0,,False,
2025-07-11T08:00:00.000Z,USA,Nevada Power Company,US-NW-NEVP,470.0,573.0,,8.0,,False,
2025-07-11T09:00:00.000Z,USA,Nevada Power Company,US-NW-NEVP,474.0,577.0,,8.0,,False,
2025-07-11T10:00:00.000Z,USA,Nevada Power Company,US-NW-NEVP,470.0,572.0,,9.0,,False,
2025-07-11T11:00:00.000Z,USA,Nevada Power Company,US-NW-NEVP,473.0,574.0,,9.0,,False,
2025-07-11T12:00:00.000Z,USA,Nevada Power Company,US-NW-NEVP,479.0,578.0,,10.0,,False,
2025-07-11T13:00:00.000Z,USA,Nevada Power Company,US-NW-NEVP,408.0,490.0,,28.0,,False,
2025-07-11T14:00:00.000Z,USA,Nevada Power Company,US-NW-NEVP,280.0,343.0,,52.0,,False,
2025-07-11T15:00:00.000Z,USA,Nevada Power Company,US-NW-NEVP,240.0,299.0,,58.0,,False,
2025-07-11T16:00:00.000Z,USA,Nevada Power Company,US-NW-NEVP,236.0,296.0,,57.0,,False,
2025-07-11T17:00:00.000Z,USA,Nevada Power Company,US-NW-NEVP,235.0,295.0,,57.0,,False,
2025-07-11T18:00:00.000Z,USA,Nevada Power Company,US-NW-NEVP,233.0,294.0,,57.0,,False,
2025-07-11T19:00:00.000Z,USA,Nevada Power Company,US-NW-NEVP,244.0,309.0,,53.0,,False,
2025-07-11T20:00:00.000Z,USA,Nevada Power Company,US-NW-NEVP,256.0,324.0,,49.0,,False,
2025-07-11T21:00:00.000Z,USA,Nevada Power Company,US-NW-NEVP,260.0,328.0,,48.0,,False,
2025-07-11T22:00:00.000Z,USA,Nevada Power Company,US-NW-NEVP,268.0,338.0,,46.0,,False,
2025-07-11T23:00:00.000Z,USA,Nevada Power Company,US-NW-NEVP,278.0,350.0,,44.0,,False,
2025-07-12T00:00:00.000Z,USA,Nevada Power Company,US-NW-NEVP,289.0,363.0,,42.0,,False,
2025-07-12T01:00:00.000Z,USA,Nevada Power Company,US-NW-NEVP,328.0,409.0,,34.0,,False,
2025-07-12T02:00:00.000Z,USA,Nevada Power Company,US-NW-NEVP,379.0,471.0,,21.0,,False,
2025-07-12T03:00:00.000Z,USA,Nevada Power Company,US-NW-NEVP,400.0,495.0,,17.0,,False,
2025-07-12T04:00:00.000Z,USA,Nevada Power Company,US-NW-NEVP,410.0,504.0,,17.0,,False,
2025-07-12T05:00:00.000Z,USA,Nevada Power Company,US-NW-NEVP,431.0,531.0,,12.0,,False,
2025-07-12T06:00:00.000Z,USA,Nevada Power Company,US-NW-NEVP,438.0,540.0,,10.0,,False,
2025-07-12T07:00:00.000Z,USA,Nevada Power Company,US-NW-NEVP,450.0,552.0,,10.0,,False,
2025-07-12T08:00:00.000Z,USA,Nevada Power Company,US-NW-NEVP,453.0,555.0,,10.0,,False,
2025-07-12T09:00:00.000Z,USA,Nevada Power Company,US-NW-NEVP,453.0,555.0,,10.0,,False,
2025-07-12T10:00:00.000Z,USA,Nevada Power Company,US-NW-NEVP,448.0,550.0,,10.0,,False,
2025-07-12T11:00:00.000Z,USA,Nevada Power Company,US-NW-NEVP,446.0,548.0,,9.0,,False,
2025-07-12T12:00:00.000Z,USA,Nevada Power Company,US-NW-NEVP,450.0,551.0,,10.0,,False,
2025-07-12T13:00:00.000Z,USA,Nevada Power Company,US-NW-NEVP,390.0,477.0,,24.0,,False,
2025-07-12T14:00:00.000Z,USA,Nevada Power Company,US-NW-NEVP,288.0,355.0,,48.0,,False,
2025-07-12T15:00:00.000Z,USA,Nevada Power Company,US-NW-NEVP,242.0,303.0,,55.0,,False,
2025-07-12T16:00:00.000Z,USA,Nevada Power Company,US-NW-NEVP,237.0,298.0,,56.0,,False,
2025-07-12T17:00:00.000Z,USA,Nevada Power Company,US-NW-NEVP,243.0,306.0,,54.0,,False,
2025-07-12T18:00:00.000Z,USA,Nevada Power Company,US-NW-NEVP,245.0,309.0,,53.0,,False,
2025-07-12T19:00:00.000Z,USA,Nevada Power Company,US-NW-NEVP,244.0,310.0,,52.0,,False,
2025-07-12T20:00:00.000Z,USA,Nevada Power Company,US-NW-NEVP,251.0,319.0,,49.0,,False,
2025-07-12T21:00:00.000Z,USA,Nevada Power Company,US-NW-NEVP,264.0,333.0,,47.0,,False,
2025-07-12T22:00:00.000Z,USA,Nevada Power Company,US-NW-NEVP,273.0,343.0,,46.0,,False,
2025-07-12T23:00:00.000Z,USA,Nevada Power Company,US-NW-NEVP,285.0,357.0,,44.0,,False,
2025-07-13T00:00:00.000Z,USA,Nevada Power Company,US-NW-NEVP,295.0,368.0,,42.0,,False,
2025-07-13T01:00:00.000Z,USA,Nevada Power Company,US-NW-NEVP,341.0,422.0,,34.0,,False,
2025-07-13T02:00:00.000Z,USA,Nevada Power Company,US-NW-NEVP,383.0,472.0,,22.0,,False,
2025-07-13T03:00:00.000Z,USA,Nevada Power Company,US-NW-NEVP,402.0,494.0,,19.0,,False,
2025-07-13T04:00:00.000Z,USA,Nevada Power Company,US-NW-NEVP,413.0,507.0,,16.0,,True,TIME_SLICER_AVERAGE
2025-07-13T05:00:00.000Z,USA,Nevada Power Company,US-NW-NEVP,444.0,544.0,,11.0,,False,
2025-07-13T06:00:00.000Z,USA,Nevada Power Company,US-NW-NEVP,452.0,552.0,,11.0,,False,
2025-07-13T07:00:00.000Z,USA,Nevada Power Company,US-NW-NEVP,450.0,551.0,,10.0,,False,
2025-07-13T08:00:00.000Z,USA,Nevada Power Company,US-NW-NEVP,453.0,555.0,,9.0,,False,
2025-07-13T09:00:00.000Z,USA,Nevada Power Company,US-NW-NEVP,456.0,558.0,,9.0,,False,
2025-07-13T10:00:00.000Z,USA,Nevada Power Company,US-NW-NEVP,457.0,558.0,,9.0,,False,
2025-07-13T11:00:00.000Z,USA,Nevada Power Company,US-NW-NEVP,455.0,557.0,,9.0,,False,
2025-07-13T12:00:00.000Z,USA,Nevada Power Company,US-NW-NEVP,461.0,561.0,,9.0,,False,
2025-07-13T13:00:00.000Z,USA,Nevada Power Company,US-NW-NEVP,423.0,513.0,,19.0,,False,
2025-07-13T14:00:00.000Z,USA,Nevada Power Company,US-NW-NEVP,299.0,369.0,,44.0,,False,
2025-07-13T15:00:00.000Z,USA,Nevada Power Company,US-NW-NEVP,247.0,311.0,,52.0,,False,
2025-07-13T16:00:00.000Z,USA,Nevada Power Company,US-NW-NEVP,231.0,295.0,,54.0,,False,
2025-07-13T17:00:00.000Z,USA,Nevada Power Company,US-NW-NEVP,223.0,286.0,,54.0,,False,
2025-07-13T18:00:00.000Z,USA,Nevada Power Company,US-NW-NEVP,223.0,288.0,,53.0,,False,
2025-07-13T19:00:00.000Z,USA,Nevada Power Company,US-NW-NEVP,232.0,300.0,,51.0,,False,
2025-07-13T20:00:00.000Z,USA,Nevada Power Company,US-NW-NEVP,242.0,311.0,,48.0,,False,
2025-07-13T21:00:00.000Z,USA,Nevada Power Company,US-NW-NEVP,245.0,316.0,,47.0,,False,
2025-07-13T22:00:00.000Z,USA,Nevada Power Company,US-NW-NEVP,252.0,325.0,,45.0,,False,
2025-07-13T23:00:00.000Z,USA,Nevada Power Company,US-NW-NEVP,264.0,339.0,,43.0,,False,
2025-07-14T00:00:00.000Z,USA,Nevada Power Company,US-NW-NEVP,290.0,368.0,,39.0,,False,
2025-07-14T01:00:00.000Z,USA,Nevada Power Company,US-NW-NEVP,333.0,417.0,,30.0,,False,
2025-07-14T02:00:00.000Z,USA,Nevada Power Company,US-NW-NEVP,379.0,471.0,,20.0,,False,
2025-07-14T03:00:00.000Z,USA,Nevada Power Company,US-NW-NEVP,382.0,474.0,,20.0,,True,TIME_SLICER_AVERAGE
2025-07-14T04:00:00.000Z,USA,Nevada Power Company,US-NW-NEVP,405.0,499.0,,17.0,,False,
2025-07-14T05:00:00.000Z,USA,Nevada Power Company,US-NW-NEVP,431.0,530.0,,13.0,,False,
2025-07-14T06:00:00.000Z,USA,Nevada Power Company,US-NW-NEVP,437.0,536.0,,13.0,,False,
2025-07-14T07:00:00.000Z,USA,Nevada Power Company,US-NW-NEVP,455.0,555.0,,11.0,,False,
2025-07-14T08:00:00.000Z,USA,Nevada Power Company,US-NW-NEVP,452.0,553.0,,10.0,,False,
2025-07-14T09:00:00.000Z,USA,Nevada Power Company,US-NW-NEVP,451.0,551.0,,11.0,,False,
2025-07-14T10:00:00.000Z,USA,Nevada Power Company,US-NW-NEVP,448.0,549.0,,11.0,,False,
2025-07-14T11:00:00.000Z,USA,Nevada Power Company,US-NW-NEVP,448.0,548.0,,11.0,,False,
2025-07-14T12:00:00.000Z,USA,Nevada Power Company,US-NW-NEVP,446.0,545.0,,12.0,,False,
2025-07-14T13:00:00.000Z,USA,Nevada Power Company,US-NW-NEVP,419.0,511.0,,18.0,,False,
2025-07-14T14:00:00.000Z,USA,Nevada Power Company,US-NW-NEVP,325.0,401.0,,37.0,,False,
2025-07-14T15:00:00.000Z,USA,Nevada Power Company,US-NW-NEVP,263.0,328.0,,50.0,,False,
2025-07-14T16:00:00.000Z,USA,Nevada Power Company,US-NW-NEVP,251.0,316.0,,52.0,,False,
2025-07-14T17:00:00.000Z,USA,Nevada Power Company,US-NW-NEVP,248.0,314.0,,51.0,,False,
2025-07-14T18:00:00.000Z,USA,Nevada Power Company,US-NW-NEVP,250.0,316.0,,50.0,,False,
2025-07-14T19:00:00.000Z,USA,Nevada Power Company,US-NW-NEVP,252.0,320.0,,49.0,,False,
2025-07-14T20:00:00.000Z,USA,Nevada Power Company,US-NW-NEVP,263.0,335.0,,46.0,,False,
2025-07-14T21:00:00.000Z,USA,Nevada Power Company,US-NW-NEVP,275.0,349.0,,43.0,,False,
2025-07-14T22:00:00.000Z,USA,Nevada Power Company,US-NW-NEVP,290.0,367.0,,40.0,,False,
2025-07-14T23:00:00.000Z,USA,Nevada Power Company,US-NW-NEVP,301.0,379.0,,38.0,,False,
2025-07-15T00:00:00.000Z,USA,Nevada Power Company,US-NW-NEVP,325.0,407.0,,34.0,,False,
2025-07-15T01:00:00.000Z,USA,Nevada Power Company,US-NW-NEVP,323.0,405.0,,34.0,,True,TIME_SLICER_AVERAGE
2025-07-15T02:00:00.000Z,USA,Nevada Power Company,US-NW-NEVP,399.0,495.0,,17.0,,False,
2025-07-15T03:00:00.000Z,USA,Nevada Power Company,US-NW-NEVP,407.0,501.0,,17.0,,False,
2025-07-15T04:00:00.000Z,USA,Nevada Power Company,US-NW-NEVP,404.0,499.0,,17.0,,False,
2025-07-15T05:00:00.000Z,USA,Nevada Power Company,US-NW-NEVP,413.0,511.0,,14.0,,False,
2025-07-15T06:00:00.000Z,USA,Nevada Power Company,US-NW-NEVP,427.0,527.0,,12.0,,False,
2025-07-15T07:00:00.000Z,USA,Nevada Power Company,US-NW-NEVP,449.0,552.0,,10.0,,False,
2025-07-15T08:00:00.000Z,USA,Nevada Power Company,US-NW-NEVP,453.0,557.0,,9.0,,False,
2025-07-15T09:00:00.000Z,USA,Nevada Power Company,US-NW-NEVP,454.0,558.0,,8.0,,False,
2025-07-15T10:00:00.000Z,USA,Nevada Power Company,US-NW-NEVP,452.0,556.0,,8.0,,False,
2025-07-15T11:00:00.000Z,USA,Nevada Power Company,US-NW-NEVP,445.0,549.0,,8.0,,False,
2025-07-15T12:00:00.000Z,USA,Nevada Power Company,US-NW-NEVP,449.0,552.0,,9.0,,False,
2025-07-15T13:00:00.000Z,USA,Nevada Power Company,US-NW-NEVP,408.0,498.0,,21.0,,False,
2025-07-15T14:00:00.000Z,USA,Nevada Power Company,US-NW-NEVP,313.0,386.0,,40.0,,False,
2025-07-15T15:00:00.000Z,USA,Nevada Power Company,US-NW-NEVP,276.0,343.0,,48.0,,False,
2025-07-15T16:00:00.000Z,USA,Nevada Power Company,US-NW-NEVP,258.0,325.0,,50.0,,False,
2025-07-15T17:00:00.000Z,USA,Nevada Power Company,US-NW-NEVP,250.0,317.0,,50.0,,False,
2025-07-15T18:00:00.000Z,USA,Nevada Power Company,US-NW-NEVP,249.0,318.0,,49.0,,False,
2025-07-15T19:00:00.000Z,USA,Nevada Power Company,US-NW-NEVP,251.0,322.0,,47.0,,False,
2025-07-15T20:00:00.000Z,USA,Nevada Power Company,US-NW-NEVP,259.0,331.0,,45.0,,False,
2025-07-15T21:00:00.000Z,USA,Nevada Power Company,US-NW-NEVP,256.0,327.0,,46.0,,False,
2025-07-15T22:00:00.000Z,USA,Nevada Power Company,US-NW-NEVP,262.0,335.0,,44.0,,False,
2025-07-15T23:00:00.000Z,USA,Nevada Power Company,US-NW-NEVP,273.0,348.0,,42.0,,False,
2025-07-16T00:00:00.000Z,USA,Nevada Power Company,US-NW-NEVP,295.0,374.0,,38.0,,False,
2025-07-16T01:00:00.000Z,USA,Nevada Power Company,US-NW-NEVP,340.0,425.0,,31.0,,False,
2025-07-16T02:00:00.000Z,USA,Nevada Power Company,US-NW-NEVP,403.0,500.0,,16.0,,False,
2025-07-16T03:00:00.000Z,USA,Nevada Power Company,US-NW-NEVP,409.0,504.0,,17.0,,True,TIME_SLICER_AVERAGE
2025-07-16T04:00:00.000Z,USA,Nevada Power Company,US-NW-NEVP,415.0,509.0,,17.0,,False,
2025-07-16T05:00:00.000Z,USA,Nevada Power Company,US-NW-NEVP,432.0,531.0,,13.0,,False,
2025-07-16T06:00:00.000Z,USA,Nevada Power Company,US-NW-NEVP,446.0,547.0,,11.0,,False,
2025-07-16T07:00:00.000Z,USA,Nevada Power Company,US-NW-NEVP,454.0,556.0,,10.0,,True,TIME_SLICER_AVERAGE
2025-07-16T08:00:00.000Z,USA,Nevada Power Company,US-NW-NEVP,460.0,563.0,,9.0,,False,
2025-07-16T09:00:00.000Z,USA,Nevada Power Company,US-NW-NEVP,454.0,559.0,,8.0,,False,
2025-07-16T10:00:00.000Z,USA,Nevada Power Company,US-NW-NEVP,454.0,558.0,,8.0,,False,
2025-07-16T11:00:00.000Z,USA,Nevada Power Company,US-NW-NEVP,452.0,554.0,,9.0,,False,
2025-07-16T12:00:00.000Z,USA,Nevada Power Company,US-NW-NEVP,458.0,561.0,,8.0,,False,
2025-07-16T13:00:00.000Z,USA,Nevada Power Company,US-NW-NEVP,399.0,489.0,,22.0,,False,
2025-07-16T14:00:00.000Z,USA,Nevada Power Company,US-NW-NEVP,304.0,375.0,,43.0,,False,
2025-07-16T15:00:00.000Z,USA,Nevada Power Company,US-NW-NEVP,251.0,314.0,,54.0,,False,
2025-07-16T16:00:00.000Z,USA,Nevada Power Company,US-NW-NEVP,241.0,303.0,,55.0,,False,
2025-07-16T17:00:00.000Z,USA,Nevada Power Company,US-NW-NEVP,238.0,299.0,,55.0,,False,
2025-07-16T18:00:00.000Z,USA,Nevada Power Company,US-NW-NEVP,240.0,302.0,,54.0,,False,
2025-07-16T19:00:00.000Z,USA,Nevada Power Company,US-NW-NEVP,247.0,312.0,,52.0,,False,
2025-07-16T20:00:00.000Z,USA,Nevada Power Company,US-NW-NEVP,252.0,320.0,,50.0,,False,
2025-07-16T21:00:00.000Z,USA,Nevada Power Company,US-NW-NEVP,261.0,332.0,,46.0,,False,
2025-07-16T22:00:00.000Z,USA,Nevada Power Company,US-NW-NEVP,271.0,345.0,,44.0,,False,
2025-07-16T23:00:00.000Z,USA,Nevada Power Company,US-NW-NEVP,303.0,384.0,,35.0,,False,
2025-07-17T00:00:00.000Z,USA,Nevada Power Company,US-NW-NEVP,311.0,392.0,,34.0,,False,
2025-07-17T01:00:00.000Z,USA,Nevada Power Company,US-NW-NEVP,332.0,416.0,,31.0,,False,
2025-07-17T02:00:00.000Z,USA,Nevada Power Company,US-NW-NEVP,346.0,432.0,,28.0,,True,TIME_SLICER_AVERAGE
2025-07-17T03:00:00.000Z,USA,Nevada Power Company,US-NW-NEVP,368.0,458.0,,24.0,,True,TIME_SLICER_AVERAGE
2025-07-17T04:00:00.000Z,USA,Nevada Power Company,US-NW-NEVP,406.0,501.0,,17.0,,False,
2025-07-17T05:00:00.000Z,USA,Nevada Power Company,US-NW-NEVP,434.0,534.0,,13.0,,False,
2025-07-17T06:00:00.000Z,USA,Nevada Power Company,US-NW-NEVP,437.0,535.0,,13.0,,False,
2025-07-17T07:00:00.000Z,USA,Nevada Power Company,US-NW-NEVP,441.0,541.0,,13.0,,True,TIME_SLICER_AVERAGE
2025-07-17T08:00:00.000Z,USA,Nevada Power Company,US-NW-NEVP,443.0,542.0,,12.0,,False,
2025-07-17T09:00:00.000Z,USA,Nevada Power Company,US-NW-NEVP,448.0,548.0,,11.0,,False,
2025-07-17T10:00:00.000Z,USA,Nevada Power Company,US-NW-NEVP,448.0,548.0,,11.0,,False,
2025-07-17T11:00:00.000Z,USA,Nevada Power Company,US-NW-NEVP,450.0,549.0,,12.0,,False,
2025-07-17T12:00:00.000Z,USA,Nevada Power Company,US-NW-NEVP,451.0,548.0,,13.0,,False,
2025-07-17T13:00:00.000Z,USA,Nevada Power Company,US-NW-NEVP,418.0,505.0,,23.0,,False,
2025-07-17T14:00:00.000Z,USA,Nevada Power Company,US-NW-NEVP,319.0,392.0,,41.0,,False,
2025-07-17T15:00:00.000Z,USA,Nevada Power Company,US-NW-NEVP,276.0,344.0,,48.0,,False,
2025-07-17T16:00:00.000Z,USA,Nevada Power Company,US-NW-NEVP,259.0,325.0,,51.0,,False,
2025-07-17T17:00:00.000Z,USA,Nevada Power Company,US-NW-NEVP,254.0,320.0,,51.0,,False,
2025-07-17T18:00:00.000Z,USA,Nevada Power Company,US-NW-NEVP,257.0,325.0,,49.0,,False,
2025-07-17T19:00:00.000Z,USA,Nevada Power Company,US-NW-NEVP,260.0,330.0,,48.0,,False,
2025-07-17T20:00:00.000Z,USA,Nevada Power Company,US-NW-NEVP,268.0,340.0,,45.0,,False,
2025-07-17T21:00:00.000Z,USA,Nevada Power Company,US-NW-NEVP,267.0,339.0,,45.0,,False,
2025-07-17T22:00:00.000Z,USA,Nevada Power Company,US-NW-NEVP,291.0,367.0,,40.0,,False,
2025-07-17T23:00:00.000Z,USA,Nevada Power Company,US-NW-NEVP,321.0,401.0,,35.0,,False,
2025-07-18T00:00:00.000Z,USA,Nevada Power Company,US-NW-NEVP,338.0,420.0,,33.0,,False,
2025-07-18T01:00:00.000Z,USA,Nevada Power Company,US-NW-NEVP,371.0,457.0,,27.0,,True,TIME_SLICER_AVERAGE
2025-07-18T02:00:00.000Z,USA,Nevada Power Company,US-NW-NEVP,400.0,492.0,,20.0,,False,
2025-07-18T03:00:00.000Z,USA,Nevada Power Company,US-NW-NEVP,407.0,501.0,,19.0,,False,
2025-07-18T04:00:00.000Z,USA,Nevada Power Company,US-NW-NEVP,420.0,516.0,,17.0,,True,TIME_SLICER_AVERAGE
2025-07-18T05:00:00.000Z,USA,Nevada Power Company,US-NW-NEVP,441.0,540.0,,13.0,,True,TIME_SLICER_AVERAGE
2025-07-18T06:00:00.000Z,USA,Nevada Power Company,US-NW-NEVP,451.0,551.0,,12.0,,True,TIME_SLICER_AVERAGE
2025-07-18T07:00:00.000Z,USA,Nevada Power Company,US-NW-NEVP,444.0,544.0,,12.0,,False,
2025-07-18T08:00:00.000Z,USA,Nevada Power Company,US-NW-NEVP,448.0,547.0,,12.0,,False,
2025-07-18T09:00:00.000Z,USA,Nevada Power Company,US-NW-NEVP,449.0,549.0,,12.0,,False,
2025-07-18T10:00:00.000Z,USA,Nevada Power Company,US-NW-NEVP,451.0,550.0,,12.0,,False,
2025-07-18T11:00:00.000Z,USA,Nevada Power Company,US-NW-NEVP,457.0,555.0,,12.0,,False,
2025-07-18T12:00:00.000Z,USA,Nevada Power Company,US-NW-NEVP,461.0,558.0,,13.0,,False,
2025-07-18T13:00:00.000Z,USA,Nevada Power Company,US-NW-NEVP,399.0,489.0,,22.0,,False,
2025-07-18T14:00:00.000Z,USA,Nevada Power Company,US-NW-NEVP,321.0,398.0,,37.0,,False,
2025-07-18T15:00:00.000Z,USA,Nevada Power Company,US-NW-NEVP,277.0,345.0,,47.0,,False,
2025-07-18T16:00:00.000Z,USA,Nevada Power Company,US-NW-NEVP,251.0,315.0,,52.0,,False,
2025-07-18T17:00:00.000Z,USA,Nevada Power Company,US-NW-NEVP,253.0,318.0,,52.0,,False,
2025-07-18T18:00:00.000Z,USA,Nevada Power Company,US-NW-NEVP,262.0,328.0,,50.0,,False,
2025-07-18T19:00:00.000Z,USA,Nevada Power Company,US-NW-NEVP,286.0,357.0,,45.0,,False,
2025-07-18T20:00:00.000Z,USA,Nevada Power Company,US-NW-NEVP,283.0,354.0,,45.0,,False,
2025-07-18T21:00:00.000Z,USA,Nevada Power Company,US-NW-NEVP,277.0,348.0,,46.0,,False,
2025-07-18T22:00:00.000Z,USA,Nevada Power Company,US-NW-NEVP,266.0,337.0,,47.0,,False,
2025-07-18T23:00:00.000Z,USA,Nevada Power Company,US-NW-NEVP,259.0,328.0,,48.0,,False,
2025-07-19T00:00:00.000Z,USA,Nevada Power Company,US-NW-NEVP,273.0,345.0,,44.0,,False,
2025-07-19T01:00:00.000Z,USA,Nevada Power Company,US-NW-NEVP,320.0,398.0,,36.0,,False,
2025-07-19T02:00:00.000Z,USA,Nevada Power Company,US-NW-NEVP,426.0,517.0,,18.0,,False,
2025-07-19T03:00:00.000Z,USA,Nevada Power Company,US-NW-NEVP,432.0,524.0,,18.0,,False,
2025-07-19T04:00:00.000Z,USA,Nevada Power Company,US-NW-NEVP,424.0,513.0,,20.0,,False,
2025-07-19T05:00:00.000Z,USA,Nevada Power Company,US-NW-NEVP,440.0,534.0,,16.0,,False,
2025-07-19T06:00:00.000Z,USA,Nevada Power Company,US-NW-NEVP,444.0,537.0,,16.0,,False,
2025-07-19T07:00:00.000Z,USA,Nevada Power Company,US-NW-NEVP,457.0,553.0,,12.0,,False,
2025-07-19T08:00:00.000Z,USA,Nevada Power Company,US-NW-NEVP,456.0,553.0,,12.0,,False,
2025-07-19T09:00:00.000Z,USA,Nevada Power Company,US-NW-NEVP,450.0,546.0,,13.0,,False,
2025-07-19T10:00:00.000Z,USA,Nevada Power Company,US-NW-NEVP,443.0,540.0,,13.0,,False,
2025-07-19T11:00:00.000Z,USA,Nevada Power Company,US-NW-NEVP,444.0,540.0,,13.0,,False,
2025-07-19T12:00:00.000Z,USA,Nevada Power Company,US-NW-NEVP,444.0,539.0,,14.0,,False,
2025-07-19T13:00:00.000Z,USA,Nevada Power Company,US-NW-NEVP,451.0,542.0,,16.0,,False,
2025-07-19T14:00:00.000Z,USA,Nevada Power Company,US-NW-NEVP,440.0,524.0,,21.0,,False,
2025-07-19T15:00:00.000Z,USA,Nevada Power Company,US-NW-NEVP,425.0,511.0,,22.0,,False,
2025-07-19T16:00:00.000Z,USA,Nevada Power Company,US-NW-NEVP,411.0,491.0,,27.0,,False,
2025-07-19T17:00:00.000Z,USA,Nevada Power Company,US-NW-NEVP,404.0,484.0,,28.0,,False,
2025-07-19T18:00:00.000Z,USA,Nevada Power Company,US-NW-NEVP,405.0,487.0,,27.0,,False,
2025-07-19T19:00:00.000Z,USA,Nevada Power Company,US-NW-NEVP,400.0,487.0,,24.0,,False,
2025-07-19T20:00:00.000Z,USA,Nevada Power Company,US-NW-NEVP,390.0,477.0,,23.0,,False,
2025-07-19T21:00:00.000Z,USA,Nevada Power Company,US-NW-NEVP,378.0,464.0,,25.0,,False,
2025-07-19T22:00:00.000Z,USA,Nevada Power Company,US-NW-NEVP,381.0,467.0,,24.0,,False,
2025-07-19T23:00:00.000Z,USA,Nevada Power Company,US-NW-NEVP,386.0,476.0,,22.0,,False,
2025-07-20T00:00:00.000Z,USA,Nevada Power Company,US-NW-NEVP,397.0,489.0,,20.0,,False,
2025-07-20T01:00:00.000Z,USA,Nevada Power Company,US-NW-NEVP,407.0,499.0,,19.0,,False,
2025-07-20T02:00:00.000Z,USA,Nevada Power Company,US-NW-NEVP,382.0,469.0,,23.0,,False,
2025-07-20T03:00:00.000Z,USA,Nevada Power Company,US-NW-NEVP,376.0,464.0,,24.0,,False,
2025-07-20T04:00:00.000Z,USA,Nevada Power Company,US-NW-NEVP,366.0,450.0,,26.0,,False,
2025-07-20T05:00:00.000Z,USA,Nevada Power Company,US-NW-NEVP,397.0,487.0,,21.0,,False,
2025-07-20T06:00:00.000Z,USA,Nevada Power Company,US-NW-NEVP,402.0,494.0,,20.0,,False,
2025-07-20T07:00:00.000Z,USA,Nevada Power Company,US-NW-NEVP,428.0,524.0,,16.0,,False,
2025-07-20T08:00:00.000Z,USA,Nevada Power Company,US-NW-NEVP,427.0,520.0,,17.0,,False,
2025-07-20T09:00:00.000Z,USA,Nevada Power Company,US-NW-NEVP,428.0,521.0,,17.0,,False,
2025-07-20T10:00:00.000Z,USA,Nevada Power Company,US-NW-NEVP,417.0,509.0,,18.0,,False,
2025-07-20T11:00:00.000Z,USA,Nevada Power Company,US-NW-NEVP,420.0,510.0,,19.0,,False,
2025-07-20T12:00:00.000Z,USA,Nevada Power Company,US-NW-NEVP,428.0,513.0,,21.0,,False,
2025-07-20T13:00:00.000Z,USA,Nevada Power Company,US-NW-NEVP,383.0,459.0,,33.0,,False,
2025-07-20T14:00:00.000Z,USA,Nevada Power Company,US-NW-NEVP,267.0,325.0,,55.0,,False,
2025-07-20T15:00:00.000Z,USA,Nevada Power Company,US-NW-NEVP,226.0,282.0,,61.0,,False,
2025-07-20T16:00:00.000Z,USA,Nevada Power Company,US-NW-NEVP,221.0,276.0,,61.0,,False,
2025-07-20T17:00:00.000Z,USA,Nevada Power Company,US-NW-NEVP,211.0,266.0,,62.0,,False,
2025-07-20T18:00:00.000Z,USA,Nevada Power Company,US-NW-NEVP,210.0,266.0,,61.0,,False,
2025-07-20T19:00:00.000Z,USA,Nevada Power Company,US-NW-NEVP,214.0,273.0,,58.0,,False,
2025-07-20T20:00:00.000Z,USA,Nevada Power Company,US-NW-NEVP,218.0,280.0,,55.0,,False,
2025-07-20T21:00:00.000Z,USA,Nevada Power Company,US-NW-NEVP,225.0,287.0,,54.0,,False,
2025-07-20T22:00:00.000Z,USA,Nevada Power Company,US-NW-NEVP,239.0,304.0,,51.0,,False,
2025-07-20T23:00:00.000Z,USA,Nevada Power Company,US-NW-NEVP,245.0,311.0,,49.0,,False,
2025-07-21T00:00:00.000Z,USA,Nevada Power Company,US-NW-NEVP,264.0,335.0,,45.0,,False,
2025-07-21T01:00:00.000Z,USA,Nevada Power Company,US-NW-NEVP,300.0,378.0,,37.0,,False,
2025-07-21T02:00:00.000Z,USA,Nevada Power Company,US-NW-NEVP,317.0,400.0,,31.0,,True,TIME_SLICER_AVERAGE
2025-07-21T03:00:00.000Z,USA,Nevada Power Company,US-NW-NEVP,348.0,436.0,,25.0,,True,TIME_SLICER_AVERAGE
2025-07-21T04:00:00.000Z,USA,Nevada Power Company,US-NW-NEVP,394.0,488.0,,17.0,,False,
2025-07-21T05:00:00.000Z,USA,Nevada Power Company,US-NW-NEVP,412.0,509.0,,15.0,,False,
2025-07-21T06:00:00.000Z,USA,Nevada Power Company,US-NW-NEVP,419.0,516.0,,14.0,,False,
2025-07-21T07:00:00.000Z,USA,Nevada Power Company,US-NW-NEVP,436.0,534.0,,13.0,,False,
2025-07-21T08:00:00.000Z,USA,Nevada Power Company,US-NW-NEVP,445.0,544.0,,11.0,,False,
2025-07-21T09:00:00.000Z,USA,Nevada Power Company,US-NW-NEVP,450.0,551.0,,10.0,,False,
2025-07-21T10:00:00.000Z,USA,Nevada Power Company,US-NW-NEVP,452.0,549.0,,11.0,,False,
2025-07-21T11:00:00.000Z,USA,Nevada Power Company,US-NW-NEVP,452.0,549.0,,12.0,,False,
2025-07-21T12:00:00.000Z,USA,Nevada Power Company,US-NW-NEVP,448.0,543.0,,14.0,,False,
2025-07-21T13:00:00.000Z,USA,Nevada Power Company,US-NW-NEVP,421.0,510.0,,19.0,,False,
2025-07-21T14:00:00.000Z,USA,Nevada Power Company,US-NW-NEVP,357.0,435.0,,31.0,,False,
2025-07-21T15:00:00.000Z,USA,Nevada Power Company,US-NW-NEVP,269.0,334.0,,48.0,,False,
2025-07-21T16:00:00.000Z,USA,Nevada Power Company,US-NW-NEVP,252.0,315.0,,52.0,,False,
2025-07-21T17:00:00.000Z,USA,Nevada Power Company,US-NW-NEVP,232.0,292.0,,56.0,,False,
2025-07-21T18:00:00.000Z,USA,Nevada Power Company,US-NW-NEVP,231.0,292.0,,55.0,,False,
2025-07-21T19:00:00.000Z,USA,Nevada Power Company,US-NW-NEVP,236.0,298.0,,55.0,,False,
2025-07-21T20:00:00.000Z,USA,Nevada Power Company,US-NW-NEVP,240.0,303.0,,53.0,,False,
2025-07-21T21:00:00.000Z,USA,Nevada Power Company,US-NW-NEVP,230.0,292.0,,54.0,,False,
2025-07-21T22:00:00.000Z,USA,Nevada Power Company,US-NW-NEVP,236.0,301.0,,52.0,,False,
2025-07-21T23:00:00.000Z,USA,Nevada Power Company,US-NW-NEVP,250.0,317.0,,49.0,,False,
2025-07-22T00:00:00.000Z,USA,Nevada Power Company,US-NW-NEVP,267.0,337.0,,46.0,,False,
2025-07-22T01:00:00.000Z,USA,Nevada Power Company,US-NW-NEVP,334.0,415.0,,34.0,,False,
2025-07-22T02:00:00.000Z,USA,Nevada Power Company,US-NW-NEVP,358.0,441.0,,30.0,,True,TIME_SLICER_AVERAGE
2025-07-22T03:00:00.000Z,USA,Nevada Power Company,US-NW-NEVP,378.0,463.0,,26.0,,True,TIME_SLICER_AVERAGE
2025-07-22T04:00:00.000Z,USA,Nevada Power Company,US-NW-NEVP,407.0,497.0,,21.0,,False,
2025-07-22T05:00:00.000Z,USA,Nevada Power Company,US-NW-NEVP,422.0,515.0,,18.0,,False,
2025-07-22T06:00:00.000Z,USA,Nevada Power Company,US-NW-NEVP,427.0,522.0,,16.0,,False,
2025-07-22T07:00:00.000Z,USA,Nevada Power Company,US-NW-NEVP,439.0,539.0,,13.0,,False,
2025-07-22T08:00:00.000Z,USA,Nevada Power Company,US-NW-NEVP,442.0,541.0,,12.0,,False,
2025-07-22T09:00:00.000Z,USA,Nevada Power Company,US-NW-NEVP,443.0,543.0,,11.0,,False,
2025-07-22T10:00:00.000Z,USA,Nevada Power Company,US-NW-NEVP,444.0,544.0,,11.0,,False,
2025-07-22T11:00:00.000Z,USA,Nevada Power Company,US-NW-NEVP,447.0,547.0,,11.0,,False,
2025-07-22T12:00:00.000Z,USA,Nevada Power Company,US-NW-NEVP,449.0,548.0,,12.0,,False,
2025-07-22T13:00:00.000Z,USA,Nevada Power Company,US-NW-NEVP,397.0,482.0,,26.0,,False,
2025-07-22T14:00:00.000Z,USA,Nevada Power Company,US-NW-NEVP,282.0,347.0,,49.0,,False,
2025-07-22T15:00:00.000Z,USA,Nevada Power Company,US-NW-NEVP,234.0,292.0,,58.0,,False,
2025-07-22T16:00:00.000Z,USA,Nevada Power Company,US-NW-NEVP,219.0,274.0,,62.0,,False,
2025-07-22T17:00:00.000Z,USA,Nevada Power Company,US-NW-NEVP,216.0,272.0,,61.0,,False,
2025-07-22T18:00:00.000Z,USA,Nevada Power Company,US-NW-NEVP,214.0,270.0,,61.0,,False,
2025-07-22T19:00:00.000Z,USA,Nevada Power Company,US-NW-NEVP,221.0,279.0,,59.0,,False,
2025-07-22T20:00:00.000Z,USA,Nevada Power Company,US-NW-NEVP,227.0,287.0,,57.0,,False,
2025-07-22T21:00:00.000Z,USA,Nevada Power Company,US-NW-NEVP,234.0,295.0,,56.0,,False,
2025-07-22T22:00:00.000Z,USA,Nevada Power Company,US-NW-NEVP,244.0,306.0,,54.0,,False,
2025-07-22T23:00:00.000Z,USA,Nevada Power Company,US-NW-NEVP,252.0,316.0,,51.0,,False,
2025-07-23T00:00:00.000Z,USA,Nevada Power Company,US-NW-NEVP,275.0,344.0,,46.0,,False,
2025-07-23T01:00:00.000Z,USA,Nevada Power Company,US-NW-NEVP,331.0,411.0,,35.0,,False,
2025-07-23T02:00:00.000Z,USA,Nevada Power Company,US-NW-NEVP,349.0,432.0,,30.0,,True,TIME_SLICER_AVERAGE
2025-07-23T03:00:00.000Z,USA,Nevada Power Company,US-NW-NEVP,367.0,454.0,,26.0,,True,TIME_SLICER_AVERAGE
2025-07-23T04:00:00.000Z,USA,Nevada Power Company,US-NW-NEVP,393.0,485.0,,20.0,,False,
2025-07-23T05:00:00.000Z,USA,Nevada Power Company,US-NW-NEVP,413.0,510.0,,16.0,,False,
2025-07-23T06:00:00.000Z,USA,Nevada Power Company,US-NW-NEVP,430.0,530.0,,13.0,,False,
2025-07-23T07:00:00.000Z,USA,Nevada Power Company,US-NW-NEVP,434.0,534.0,,13.0,,False,
2025-07-23T08:00:00.000Z,USA,Nevada Power Company,US-NW-NEVP,447.0,548.0,,11.0,,False,
2025-07-23T09:00:00.000Z,USA,Nevada Power Company,US-NW-NEVP,454.0,557.0,,9.0,,False,
2025-07-23T10:00:00.000Z,USA,Nevada Power Company,US-NW-NEVP,452.0,556.0,,8.0,,False,
2025-07-23T11:00:00.000Z,USA,Nevada Power Company,US-NW-NEVP,465.0,570.0,,7.0,,False,
2025-07-23T12:00:00.000Z,USA,Nevada Power Company,US-NW-NEVP,467.0,569.0,,8.0,,False,
2025-07-23T13:00:00.000Z,USA,Nevada Power Company,US-NW-NEVP,404.0,493.0,,23.0,,False,
2025-07-23T14:00:00.000Z,USA,Nevada Power Company,US-NW-NEVP,280.0,347.0,,48.0,,False,
2025-07-23T15:00:00.000Z,USA,Nevada Power Company,US-NW-NEVP,226.0,283.0,,59.0,,False,
2025-07-23T16:00:00.000Z,USA,Nevada Power Company,US-NW-NEVP,213.0,269.0,,61.0,,False,
2025-07-23T17:00:00.000Z,USA,Nevada Power Company,US-NW-NEVP,211.0,267.0,,61.0,,False,
2025-07-23T18:00:00.000Z,USA,Nevada Power Company,US-NW-NEVP,216.0,274.0,,60.0,,False,
2025-07-23T19:00:00.000Z,USA,Nevada Power Company,US-NW-NEVP,225.0,286.0,,57.0,,False,
2025-07-23T20:00:00.000Z,USA,Nevada Power Company,US-NW-NEVP,232.0,294.0,,56.0,,False,
2025-07-23T21:00:00.000Z,USA,Nevada Power Company,US-NW-NEVP,238.0,301.0,,54.0,,False,
2025-07-23T22:00:00.000Z,USA,Nevada Power Company,US-NW-NEVP,247.0,312.0,,52.0,,False,
2025-07-23T23:00:00.000Z,USA,Nevada Power Company,US-NW-NEVP,256.0,322.0,,50.0,,False,
2025-07-24T00:00:00.000Z,USA,Nevada Power Company,US-NW-NEVP,265.0,333.0,,48.0,,False,
2025-07-24T01:00:00.000Z,USA,Nevada Power Company,US-NW-NEVP,325.0,403.0,,37.0,,False,
2025-07-24T02:00:00.000Z,USA,Nevada Power Company,US-NW-NEVP,356.0,441.0,,29.0,,True,TIME_SLICER_AVERAGE
2025-07-24T03:00:00.000Z,USA,Nevada Power Company,US-NW-NEVP,401.0,495.0,,19.0,,False,
2025-07-24T04:00:00.000Z,USA,Nevada Power Company,US-NW-NEVP,393.0,485.0,,19.0,,False,
2025-07-24T05:00:00.000Z,USA,Nevada Power Company,US-NW-NEVP,413.0,511.0,,15.0,,False,
2025-07-24T06:00:00.000Z,USA,Nevada Power Company,US-NW-NEVP,428.0,527.0,,13.0,,False,
2025-07-24T07:00:00.000Z,USA,Nevada Power Company,US-NW-NEVP,450.0,552.0,,11.0,,False,
2025-07-24T08:00:00.000Z,USA,Nevada Power Company,US-NW-NEVP,454.0,555.0,,10.0,,False,
2025-07-24T09:00:00.000Z,USA,Nevada Power Company,US-NW-NEVP,459.0,562.0,,8.0,,False,
2025-07-24T10:00:00.000Z,USA,Nevada Power Company,US-NW-NEVP,455.0,558.0,,8.0,,False,
2025-07-24T11:00:00.000Z,USA,Nevada Power Company,US-NW-NEVP,454.0,556.0,,9.0,,False,
2025-07-24T12:00:00.000Z,USA,Nevada Power Company,US-NW-NEVP,459.0,560.0,,9.0,,False,
2025-07-24T13:00:00.000Z,USA,Nevada Power Company,US-NW-NEVP,404.0,488.0,,26.0,,False,
2025-07-24T14:00:00.000Z,USA,Nevada Power Company,US-NW-NEVP,272.0,336.0,,50.0,,False,
2025-07-24T15:00:00.000Z,USA,Nevada Power Company,US-NW-NEVP,222.0,279.0,,59.0,,False,
2025-07-24T16:00:00.000Z,USA,Nevada Power Company,US-NW-NEVP,211.0,266.0,,61.0,,False,
2025-07-24T17:00:00.000Z,USA,Nevada Power Company,US-NW-NEVP,210.0,265.0,,62.0,,False,
2025-07-24T18:00:00.000Z,USA,Nevada Power Company,US-NW-NEVP,209.0,265.0,,61.0,,False,
2025-07-24T19:00:00.000Z,USA,Nevada Power Company,US-NW-NEVP,214.0,271.0,,59.0,,False,
2025-07-24T20:00:00.000Z,USA,Nevada Power Company,US-NW-NEVP,213.0,270.0,,60.0,,False,
2025-07-24T21:00:00.000Z,USA,Nevada Power Company,US-NW-NEVP,220.0,277.0,,58.0,,False,
2025-07-24T22:00:00.000Z,USA,Nevada Power Company,US-NW-NEVP,231.0,292.0,,56.0,,False,
2025-07-24T23:00:00.000Z,USA,Nevada Power Company,US-NW-NEVP,244.0,307.0,,53.0,,False,
2025-07-25T00:00:00.000Z,USA,Nevada Power Company,US-NW-NEVP,273.0,340.0,,48.0,,False,
2025-07-25T01:00:00.000Z,USA,Nevada Power Company,US-NW-NEVP,323.0,400.0,,37.0,,False,
2025-07-25T02:00:00.000Z,USA,Nevada Power Company,US-NW-NEVP,339.0,418.0,,33.0,,True,TIME_SLICER_AVERAGE
2025-07-25T03:00:00.000Z,USA,Nevada Power Company,US-NW-NEVP,362.0,446.0,,28.0,,True,TIME_SLICER_AVERAGE
2025-07-25T04:00:00.000Z,USA,Nevada Power Company,US-NW-NEVP,399.0,489.0,,20.0,,False,
2025-07-25T05:00:00.000Z,USA,Nevada Power Company,US-NW-NEVP,424.0,519.0,,16.0,,False,
2025-07-25T06:00:00.000Z,USA,Nevada Power Company,US-NW-NEVP,421.0,518.0,,15.0,,False,
2025-07-25T07:00:00.000Z,USA,Nevada Power Company,US-NW-NEVP,430.0,526.0,,16.0,,False,
2025-07-25T08:00:00.000Z,USA,Nevada Power Company,US-NW-NEVP,447.0,546.0,,13.0,,False,
2025-07-25T09:00:00.000Z,USA,Nevada Power Company,US-NW-NEVP,446.0,546.0,,12.0,,False,
2025-07-25T10:00:00.000Z,USA,Nevada Power Company,US-NW-NEVP,440.0,540.0,,12.0,,False,
2025-07-25T11:00:00.000Z,USA,Nevada Power Company,US-NW-NEVP,435.0,532.0,,13.0,,False,
2025-07-25T12:00:00.000Z,USA,Nevada Power Company,US-NW-NEVP,437.0,534.0,,14.0,,False,
2025-07-25T13:00:00.000Z,USA,Nevada Power Company,US-NW-NEVP,385.0,470.0,,26.0,,False,
2025-07-25T14:00:00.000Z,USA,Nevada Power Company,US-NW-NEVP,260.0,322.0,,53.0,,False,
2025-07-25T15:00:00.000Z,USA,Nevada Power Company,US-NW-NEVP,217.0,271.0,,62.0,,False,
2025-07-25T16:00:00.000Z,USA,Nevada Power Company,US-NW-NEVP,220.0,274.0,,62.0,,False,
2025-07-25T17:00:00.000Z,USA,Nevada Power Company,US-NW-NEVP,221.0,276.0,,62.0,,False,
2025-07-25T18:00:00.000Z,USA,Nevada Power Company,US-NW-NEVP,225.0,281.0,,61.0,,False,
2025-07-25T19:00:00.000Z,USA,Nevada Power Company,US-NW-NEVP,224.0,282.0,,59.0,,False,
2025-07-25T20:00:00.000Z,USA,Nevada Power Company,US-NW-NEVP,244.0,306.0,,54.0,,False,
2025-07-25T21:00:00.000Z,USA,Nevada Power Company,US-NW-NEVP,250.0,313.0,,52.0,,False,
2025-07-25T22:00:00.000Z,USA,Nevada Power Company,US-NW-NEVP,250.0,314.0,,52.0,,False,
2025-07-25T23:00:00.000Z,USA,Nevada Power Company,US-NW-NEVP,261.0,328.0,,49.0,,False,
2025-07-26T00:00:00.000Z,USA,Nevada Power Company,US-NW-NEVP,300.0,375.0,,39.0,,False,
2025-07-26T01:00:00.000Z,USA,Nevada Power Company,US-NW-NEVP,309.0,385.0,,38.0,,False,
2025-07-26T02:00:00.000Z,USA,Nevada Power Company,US-NW-NEVP,312.0,389.0,,36.0,,True,TIME_SLICER_AVERAGE
2025-07-26T03:00:00.000Z,USA,Nevada Power Company,US-NW-NEVP,400.0,492.0,,18.0,,False,
2025-07-26T04:00:00.000Z,USA,Nevada Power Company,US-NW-NEVP,383.0,474.0,,18.0,,False,
2025-07-26T05:00:00.000Z,USA,Nevada Power Company,US-NW-NEVP,407.0,505.0,,13.0,,False,
2025-07-26T06:00:00.000Z,USA,Nevada Power Company,US-NW-NEVP,406.0,505.0,,13.0,,False,
2025-07-26T07:00:00.000Z,USA,Nevada Power Company,US-NW-NEVP,428.0,527.0,,12.0,,False,
2025-07-26T08:00:00.000Z,USA,Nevada Power Company,US-NW-NEVP,424.0,521.0,,13.0,,False,
2025-07-26T09:00:00.000Z,USA,Nevada Power Company,US-NW-NEVP,418.0,516.0,,14.0,,False,
2025-07-26T10:00:00.000Z,USA,Nevada Power Company,US-NW-NEVP,416.0,511.0,,15.0,,False,
2025-07-26T11:00:00.000Z,USA,Nevada Power Company,US-NW-NEVP,414.0,510.0,,15.0,,False,
2025-07-26T12:00:00.000Z,USA,Nevada Power Company,US-NW-NEVP,420.0,515.0,,15.0,,False,
2025-07-26T13:00:00.000Z,USA,Nevada Power Company,US-NW-NEVP,431.0,525.0,,15.0,,False,
2025-07-26T14:00:00.000Z,USA,Nevada Power Company,US-NW-NEVP,444.0,532.0,,19.0,,False,
2025-07-26T15:00:00.000Z,USA,Nevada Power Company,US-NW-NEVP,402.0,477.0,,30.0,,False,
2025-07-26T16:00:00.000Z,USA,Nevada Power Company,US-NW-NEVP,374.0,448.0,,33.0,,False,
2025-07-26T17:00:00.000Z,USA,Nevada Power Company,US-NW-NEVP,363.0,437.0,,34.0,,False,
2025-07-26T18:00:00.000Z,USA,Nevada Power Company,US-NW-NEVP,351.0,424.0,,36.0,,False,
2025-07-26T19:00:00.000Z,USA,Nevada Power Company,US-NW-NEVP,359.0,437.0,,32.0,,False,
2025-07-26T20:00:00.000Z,USA,Nevada Power Company,US-NW-NEVP,361.0,441.0,,30.0,,False,
2025-07-26T21:00:00.000Z,USA,Nevada Power Company,US-NW-NEVP,350.0,430.0,,30.0,,False,
2025-07-26T22:00:00.000Z,USA,Nevada Power Company,US-NW-NEVP,366.0,449.0,,28.0,,False,
2025-07-26T23:00:00.000Z,USA,Nevada Power Company,US-NW-NEVP,366.0,450.0,,26.0,,False,
2025-07-27T00:00:00.000Z,USA,Nevada Power Company,US-NW-NEVP,375.0,462.0,,23.0,,False,
2025-07-27T01:00:00.000Z,USA,Nevada Power Company,US-NW-NEVP,387.0,480.0,,20.0,,False,
2025-07-27T02:00:00.000Z,USA,Nevada Power Company,US-NW-NEVP,375.0,465.0,,21.0,,True,TIME_SLICER_AVERAGE
2025-07-27T03:00:00.000Z,USA,Nevada Power Company,US-NW-NEVP,383.0,475.0,,20.0,,True,TIME_SLICER_AVERAGE
2025-07-27T04:00:00.000Z,USA,Nevada Power Company,US-NW-NEVP,389.0,483.0,,19.0,,False,
2025-07-27T05:00:00.000Z,USA,Nevada Power Company,US-NW-NEVP,422.0,521.0,,13.0,,False,
2025-07-27T06:00:00.000Z,USA,Nevada Power Company,US-NW-NEVP,425.0,525.0,,13.0,,False,
2025-07-27T07:00:00.000Z,USA,Nevada Power Company,US-NW-NEVP,434.0,535.0,,12.0,,False,
2025-07-27T08:00:00.000Z,USA,Nevada Power Company,US-NW-NEVP,439.0,540.0,,11.0,,False,
2025-07-27T09:00:00.000Z,USA,Nevada Power Company,US-NW-NEVP,443.0,545.0,,11.0,,False,
2025-07-27T10:00:00.000Z,USA,Nevada Power Company,US-NW-NEVP,441.0,541.0,,12.0,,False,
2025-07-27T11:00:00.000Z,USA,Nevada Power Company,US-NW-NEVP,446.0,545.0,,12.0,,False,
2025-07-27T12:00:00.000Z,USA,Nevada Power Company,US-NW-NEVP,449.0,548.0,,11.0,,False,
2025-07-27T13:00:00.000Z,USA,Nevada Power Company,US-NW-NEVP,386.0,469.0,,27.0,,False,
2025-07-27T14:00:00.000Z,USA,Nevada Power Company,US-NW-NEVP,262.0,327.0,,51.0,,False,
2025-07-27T15:00:00.000Z,USA,Nevada Power Company,US-NW-NEVP,210.0,265.0,,63.0,,False,
2025-07-27T16:00:00.000Z,USA,Nevada Power Company,US-NW-NEVP,189.0,241.0,,66.0,,False,
2025-07-27T17:00:00.000Z,USA,Nevada Power Company,US-NW-NEVP,189.0,241.0,,66.0,,False,
2025-07-27T18:00:00.000Z,USA,Nevada Power Company,US-NW-NEVP,197.0,252.0,,63.0,,False,
2025-07-27T19:00:00.000Z,USA,Nevada Power Company,US-NW-NEVP,203.0,260.0,,61.0,,False,
2025-07-27T20:00:00.000Z,USA,Nevada Power Company,US-NW-NEVP,204.0,262.0,,61.0,,False,
2025-07-27T21:00:00.000Z,USA,Nevada Power Company,US-NW-NEVP,212.0,271.0,,59.0,,False,
2025-07-27T22:00:00.000Z,USA,Nevada Power Company,US-NW-NEVP,229.0,290.0,,56.0,,False,
2025-07-27T23:00:00.000Z,USA,Nevada Power Company,US-NW-NEVP,255.0,322.0,,49.0,,False,
2025-07-28T00:00:00.000Z,USA,Nevada Power Company,US-NW-NEVP,273.0,344.0,,46.0,,False,
2025-07-28T01:00:00.000Z,USA,Nevada Power Company,US-NW-NEVP,330.0,411.0,,35.0,,False,
2025-07-28T02:00:00.000Z,USA,Nevada Power Company,US-NW-NEVP,343.0,426.0,,31.0,,True,TIME_SLICER_AVERAGE
2025-07-28T03:00:00.000Z,USA,Nevada Power Company,US-NW-NEVP,405.0,500.0,,18.0,,True,TIME_SLICER_AVERAGE
2025-07-28T04:00:00.000Z,USA,Nevada Power Company,US-NW-NEVP,418.0,513.0,,16.0,,False,
2025-07-28T05:00:00.000Z,USA,Nevada Power Company,US-NW-NEVP,445.0,546.0,,12.0,,False,
2025-07-28T06:00:00.000Z,USA,Nevada Power Company,US-NW-NEVP,440.0,541.0,,11.0,,False,
2025-07-28T07:00:00.000Z,USA,Nevada Power Company,US-NW-NEVP,447.0,551.0,,9.0,,True,TIME_SLICER_AVERAGE
2025-07-28T08:00:00.000Z,USA,Nevada Power Company,US-NW-NEVP,453.0,556.0,,9.0,,False,
2025-07-28T09:00:00.000Z,USA,Nevada Power Company,US-NW-NEVP,460.0,563.0,,9.0,,False,
2025-07-28T10:00:00.000Z,USA,Nevada Power Company,US-NW-NEVP,455.0,558.0,,9.0,,False,
2025-07-28T11:00:00.000Z,USA,Nevada Power Company,US-NW-NEVP,457.0,560.0,,9.0,,False,
2025-07-28T12:00:00.000Z,USA,Nevada Power Company,US-NW-NEVP,460.0,562.0,,9.0,,False,
2025-07-28T13:00:00.000Z,USA,Nevada Power Company,US-NW-NEVP,390.0,478.0,,25.0,,False,
2025-07-28T14:00:00.000Z,USA,Nevada Power Company,US-NW-NEVP,281.0,349.0,,48.0,,False,
2025-07-28T15:00:00.000Z,USA,Nevada Power Company,US-NW-NEVP,226.0,285.0,,58.0,,False,
2025-07-28T16:00:00.000Z,USA,Nevada Power Company,US-NW-NEVP,217.0,274.0,,60.0,,False,
2025-07-28T17:00:00.000Z,USA,Nevada Power Company,US-NW-NEVP,218.0,277.0,,59.0,,False,
2025-07-28T18:00:00.000Z,USA,Nevada Power Company,US-NW-NEVP,222.0,283.0,,58.0,,False,
2025-07-28T19:00:00.000Z,USA,Nevada Power Company,US-NW-NEVP,224.0,286.0,,56.0,,False,
2025-07-28T20:00:00.000Z,USA,Nevada Power Company,US-NW-NEVP,226.0,291.0,,54.0,,False,
2025-07-28T21:00:00.000Z,USA,Nevada Power Company,US-NW-NEVP,229.0,294.0,,53.0,,False,
2025-07-28T22:00:00.000Z,USA,Nevada Power Company,US-NW-NEVP,249.0,317.0,,49.0,,False,
2025-07-28T23:00:00.000Z,USA,Nevada Power Company,US-NW-NEVP,263.0,334.0,,46.0,,False,
2025-07-29T00:00:00.000Z,USA,Nevada Power Company,US-NW-NEVP,282.0,355.0,,43.0,,False,
2025-07-29T01:00:00.000Z,USA,Nevada Power Company,US-NW-NEVP,324.0,404.0,,35.0,,False,
2025-07-29T02:00:00.000Z,USA,Nevada Power Company,US-NW-NEVP,314.0,395.0,,34.0,,True,TIME_SLICER_AVERAGE
2025-07-29T03:00:00.000Z,USA,Nevada Power Company,US-NW-NEVP,360.0,449.0,,24.0,,True,TIME_SLICER_AVERAGE
2025-07-29T04:00:00.000Z,USA,Nevada Power Company,US-NW-NEVP,373.0,463.0,,22.0,,False,
2025-07-29T05:00:00.000Z,USA,Nevada Power Company,US-NW-NEVP,406.0,500.0,,19.0,,False,
2025-07-29T06:00:00.000Z,USA,Nevada Power Company,US-NW-NEVP,413.0,505.0,,19.0,,False,
2025-07-29T07:00:00.000Z,USA,Nevada Power Company,US-NW-NEVP,436.0,529.0,,18.0,,False,
2025-07-29T08:00:00.000Z,USA,Nevada Power Company,US-NW-NEVP,447.0,539.0,,17.0,,False,
2025-07-29T09:00:00.000Z,USA,Nevada Power Company,US-NW-NEVP,453.0,544.0,,16.0,,False,
2025-07-29T10:00:00.000Z,USA,Nevada Power Company,US-NW-NEVP,459.0,550.0,,16.0,,False,
2025-07-29T11:00:00.000Z,USA,Nevada Power Company,US-NW-NEVP,453.0,544.0,,16.0,,False,
2025-07-29T12:00:00.000Z,USA,Nevada Power Company,US-NW-NEVP,446.0,536.0,,18.0,,False,
2025-07-29T13:00:00.000Z,USA,Nevada Power Company,US-NW-NEVP,376.0,453.0,,33.0,,False,
2025-07-29T14:00:00.000Z,USA,Nevada Power Company,US-NW-NEVP,279.0,345.0,,48.0,,False,
2025-07-29T15:00:00.000Z,USA,Nevada Power Company,US-NW-NEVP,233.0,293.0,,57.0,,False,
2025-07-29T16:00:00.000Z,USA,Nevada Power Company,US-NW-NEVP,220.0,278.0,,59.0,,False,
2025-07-29T17:00:00.000Z,USA,Nevada Power Company,US-NW-NEVP,218.0,277.0,,58.0,,False,
2025-07-29T18:00:00.000Z,USA,Nevada Power Company,US-NW-NEVP,217.0,277.0,,58.0,,False,
2025-07-29T19:00:00.000Z,USA,Nevada Power Company,US-NW-NEVP,222.0,283.0,,57.0,,False,
2025-07-29T20:00:00.000Z,USA,Nevada Power Company,US-NW-NEVP,237.0,299.0,,55.0,,False,
2025-07-29T21:00:00.000Z,USA,Nevada Power Company,US-NW-NEVP,245.0,310.0,,52.0,,False,
2025-07-29T22:00:00.000Z,USA,Nevada Power Company,US-NW-NEVP,263.0,332.0,,47.0,,False,
2025-07-29T23:00:00.000Z,USA,Nevada Power Company,US-NW-NEVP,274.0,344.0,,45.0,,False,
2025-07-30T00:00:00.000Z,USA,Nevada Power Company,US-NW-NEVP,287.0,360.0,,42.0,,False,
2025-07-30T01:00:00.000Z,USA,Nevada Power Company,US-NW-NEVP,325.0,405.0,,34.0,,False,
2025-07-30T02:00:00.000Z,USA,Nevada Power Company,US-NW-NEVP,346.0,430.0,,30.0,,True,TIME_SLICER_AVERAGE
2025-07-30T03:00:00.000Z,USA,Nevada Power Company,US-NW-NEVP,415.0,508.0,,19.0,,False,
2025-07-30T04:00:00.000Z,USA,Nevada Power Company,US-NW-NEVP,417.0,510.0,,18.0,,False,
2025-07-30T05:00:00.000Z,USA,Nevada Power Company,US-NW-NEVP,439.0,537.0,,14.0,,False,
2025-07-30T06:00:00.000Z,USA,Nevada Power Company,US-NW-NEVP,447.0,546.0,,13.0,,False,
2025-07-30T07:00:00.000Z,USA,Nevada Power Company,US-NW-NEVP,457.0,556.0,,12.0,,False,
2025-07-30T08:00:00.000Z,USA,Nevada Power Company,US-NW-NEVP,465.0,565.0,,11.0,,False,
2025-07-30T09:00:00.000Z,USA,Nevada Power Company,US-NW-NEVP,469.0,568.0,,10.0,,False,
2025-07-30T10:00:00.000Z,USA,Nevada Power Company,US-NW-NEVP,462.0,561.0,,11.0,,False,
2025-07-30T11:00:00.000Z,USA,Nevada Power Company,US-NW-NEVP,465.0,565.0,,10.0,,False,
2025-07-30T12:00:00.000Z,USA,Nevada Power Company,US-NW-NEVP,467.0,567.0,,10.0,,False,
2025-07-30T13:00:00.000Z,USA,Nevada Power Company,US-NW-NEVP,424.0,513.0,,21.0,,False,
2025-07-30T14:00:00.000Z,USA,Nevada Power Company,US-NW-NEVP,310.0,378.0,,46.0,,False,
2025-07-30T15:00:00.000Z,USA,Nevada Power Company,US-NW-NEVP,253.0,313.0,,56.0,,False,
2025-07-30T16:00:00.000Z,USA,Nevada Power Company,US-NW-NEVP,239.0,298.0,,58.0,,False,
2025-07-30T17:00:00.000Z,USA,Nevada Power Company,US-NW-NEVP,232.0,291.0,,58.0,,False,
2025-07-30T18:00:00.000Z,USA,Nevada Power Company,US-NW-NEVP,228.0,287.0,,58.0,,False,
2025-07-30T19:00:00.000Z,USA,Nevada Power Company,US-NW-NEVP,233.0,294.0,,56.0,,False,
2025-07-30T20:00:00.000Z,USA,Nevada Power Company,US-NW-NEVP,237.0,300.0,,55.0,,False,
2025-07-30T21:00:00.000Z,USA,Nevada Power Company,US-NW-NEVP,246.0,311.0,,52.0,,False,
2025-07-30T22:00:00.000Z,USA,Nevada Power Company,US-NW-NEVP,257.0,324.0,,50.0,,False,
2025-07-30T23:00:00.000Z,USA,Nevada Power Company,US-NW-NEVP,273.0,343.0,,47.0,,False,
2025-07-31T00:00:00.000Z,USA,Nevada Power Company,US-NW-NEVP,293.0,367.0,,42.0,,False,
2025-07-31T01:00:00.000Z,USA,Nevada Power Company,US-NW-NEVP,352.0,437.0,,30.0,,False,
2025-07-31T02:00:00.000Z,USA,Nevada Power Company,US-NW-NEVP,378.0,468.0,,24.0,,True,TIME_SLICER_AVERAGE
2025-07-31T03:00:00.000Z,USA,Nevada Power Company,US-NW-NEVP,414.0,510.0,,17.0,,False,
2025-07-31T04:00:00.000Z,USA,Nevada Power Company,US-NW-NEVP,421.0,517.0,,15.0,,False,
2025-07-31T05:00:00.000Z,USA,Nevada Power Company,US-NW-NEVP,440.0,539.0,,13.0,,False,
2025-07-31T06:00:00.000Z,USA,Nevada Power Company,US-NW-NEVP,445.0,543.0,,13.0,,False,
2025-07-31T07:00:00.000Z,USA,Nevada Power Company,US-NW-NEVP,453.0,552.0,,12.0,,False,
2025-07-31T08:00:00.000Z,USA,Nevada Power Company,US-NW-NEVP,465.0,566.0,,10.0,,False,
2025-07-31T09:00:00.000Z,USA,Nevada Power Company,US-NW-NEVP,462.0,563.0,,10.0,,False,
2025-07-31T10:00:00.000Z,USA,Nevada Power Company,US-NW-NEVP,463.0,565.0,,9.0,,False,
2025-07-31T11:00:00.000Z,USA,Nevada Power Company,US-NW-NEVP,468.0,568.0,,10.0,,False,
2025-07-31T12:00:00.000Z,USA,Nevada Power Company,US-NW-NEVP,472.0,571.0,,11.0,,False,
2025-07-31T13:00:00.000Z,USA,Nevada Power Company,US-NW-NEVP,429.0,515.0,,23.0,,False,
2025-07-31T14:00:00.000Z,USA,Nevada Power Company,US-NW-NEVP,294.0,361.0,,48.0,,False,
2025-07-31T15:00:00.000Z,USA,Nevada Power Company,US-NW-NEVP,244.0,302.0,,58.0,,False,
2025-07-31T16:00:00.000Z,USA,Nevada Power Company,US-NW-NEVP,227.0,284.0,,60.0,,False,
2025-07-31T17:00:00.000Z,USA,Nevada Power Company,US-NW-NEVP,213.0,269.0,,61.0,,False,
2025-07-31T18:00:00.000Z,USA,Nevada Power Company,US-NW-NEVP,215.0,272.0,,60.0,,False,
2025-07-31T19:00:00.000Z,USA,Nevada Power Company,US-NW-NEVP,227.0,287.0,,57.0,,False,
2025-07-31T20:00:00.000Z,USA,Nevada Power Company,US-NW-NEVP,241.0,304.0,,54.0,,False,
2025-07-31T21:00:00.000Z,USA,Nevada Power Company,US-NW-NEVP,252.0,316.0,,53.0,,False,
2025-07-31T22:00:00.000Z,USA,Nevada Power Company,US-NW-NEVP,261.0,328.0,,50.0,,False,
2025-07-31T23:00:00.000Z,USA,Nevada Power Company,US-NW-NEVP,261.0,328.0,,50.0,,False,
2025-08-01T00:00:00.000Z,USA,Nevada Power Company,US-NW-NEVP,279.0,348.0,,47.0,,False,
2025-08-01T01:00:00.000Z,USA,Nevada Power Company,US-NW-NEVP,339.0,419.0,,34.0,,False,
2025-08-01T02:00:00.000Z,USA,Nevada Power Company,US-NW-NEVP,355.0,439.0,,30.0,,True,TIME_SLICER_AVERAGE
2025-08-01T03:00:00.000Z,USA,Nevada Power Company,US-NW-NEVP,414.0,507.0,,20.0,,True,TIME_SLICER_AVERAGE
2025-08-01T04:00:00.000Z,USA,Nevada Power Company,US-NW-NEVP,423.0,516.0,,18.0,,False,
2025-08-01T05:00:00.000Z,USA,Nevada Power Company,US-NW-NEVP,451.0,552.0,,12.0,,False,
2025-08-01T06:00:00.000Z,USA,Nevada Power Company,US-NW-NEVP,452.0,552.0,,11.0,,False,
2025-08-01T07:00:00.000Z,USA,Nevada Power Company,US-NW-NEVP,460.0,563.0,,10.0,,False,
2025-08-01T08:00:00.000Z,USA,Nevada Power Company,US-NW-NEVP,464.0,566.0,,10.0,,False,
2025-08-01T09:00:00.000Z,USA,Nevada Power Company,US-NW-NEVP,469.0,571.0,,9.0,,False,
2025-08-01T10:00:00.000Z,USA,Nevada Power Company,US-NW-NEVP,469.0,572.0,,9.0,,False,
2025-08-01T11:00:00.000Z,USA,Nevada Power Company,US-NW-NEVP,474.0,577.0,,9.0,,False,
2025-08-01T12:00:00.000Z,USA,Nevada Power Company,US-NW-NEVP,478.0,578.0,,10.0,,False,
2025-08-01T13:00:00.000Z,USA,Nevada Power Company,US-NW-NEVP,429.0,515.0,,24.0,,False,
2025-08-01T14:00:00.000Z,USA,Nevada Power Company,US-NW-NEVP,286.0,350.0,,51.0,,False,
2025-08-01T15:00:00.000Z,USA,Nevada Power Company,US-NW-NEVP,225.0,282.0,,60.0,,False,
2025-08-01T16:00:00.000Z,USA,Nevada Power Company,US-NW-NEVP,211.0,268.0,,61.0,,False,
2025-08-01T17:00:00.000Z,USA,Nevada Power Company,US-NW-NEVP,212.0,270.0,,60.0,,False,
2025-08-01T18:00:00.000Z,USA,Nevada Power Company,US-NW-NEVP,219.0,279.0,,58.0,,False,
2025-08-01T19:00:00.000Z,USA,Nevada Power Company,US-NW-NEVP,221.0,281.0,,57.0,,False,
2025-08-01T20:00:00.000Z,USA,Nevada Power Company,US-NW-NEVP,230.0,293.0,,55.0,,False,
2025-08-01T21:00:00.000Z,USA,Nevada Power Company,US-NW-NEVP,246.0,312.0,,52.0,,False,
2025-08-01T22:00:00.000Z,USA,Nevada Power Company,US-NW-NEVP,269.0,338.0,,48.0,,False,
2025-08-01T23:00:00.000Z,USA,Nevada Power Company,US-NW-NEVP,277.0,347.0,,46.0,,False,
2025-08-02T00:00:00.000Z,USA,Nevada Power Company,US-NW-NEVP,294.0,366.0,,43.0,,False,
2025-08-02T01:00:00.000Z,USA,Nevada Power Company,US-NW-NEVP,348.0,429.0,,33.0,,False,
2025-08-02T02:00:00.000Z,USA,Nevada Power Company,US-NW-NEVP,353.0,437.0,,30.0,,True,TIME_SLICER_AVERAGE
2025-08-02T03:00:00.000Z,USA,Nevada Power Company,US-NW-NEVP,402.0,494.0,,20.0,,True,TIME_SLICER_AVERAGE
2025-08-02T04:00:00.000Z,USA,Nevada Power Company,US-NW-NEVP,407.0,499.0,,20.0,,False,
2025-08-02T05:00:00.000Z,USA,Nevada Power Company,US-NW-NEVP,434.0,533.0,,14.0,,False,
2025-08-02T06:00:00.000Z,USA,Nevada Power Company,US-NW-NEVP,438.0,537.0,,13.0,,False,
2025-08-02T07:00:00.000Z,USA,Nevada Power Company,US-NW-NEVP,450.0,551.0,,11.0,,False,
2025-08-02T08:00:00.000Z,USA,Nevada Power Company,US-NW-NEVP,450.0,550.0,,12.0,,False,
2025-08-02T09:00:00.000Z,USA,Nevada Power Company,US-NW-NEVP,445.0,546.0,,11.0,,False,
2025-08-02T10:00:00.000Z,USA,Nevada Power Company,US-NW-NEVP,442.0,543.0,,11.0,,False,
2025-08-02T11:00:00.000Z,USA,Nevada Power Company,US-NW-NEVP,437.0,538.0,,11.0,,False,
2025-08-02T12:00:00.000Z,USA,Nevada Power Company,US-NW-NEVP,437.0,538.0,,11.0,,False,
2025-08-02T13:00:00.000Z,USA,Nevada Power Company,US-NW-NEVP,397.0,483.0,,25.0,,False,
2025-08-02T14:00:00.000Z,USA,Nevada Power Company,US-NW-NEVP,271.0,333.0,,52.0,,False,
2025-08-02T15:00:00.000Z,USA,Nevada Power Company,US-NW-NEVP,223.0,281.0,,59.0,,False,
2025-08-02T16:00:00.000Z,USA,Nevada Power Company,US-NW-NEVP,210.0,267.0,,61.0,,False,
2025-08-02T17:00:00.000Z,USA,Nevada Power Company,US-NW-NEVP,212.0,270.0,,60.0,,False,
2025-08-02T18:00:00.000Z,USA,Nevada Power Company,US-NW-NEVP,214.0,273.0,,60.0,,False,
2025-08-02T19:00:00.000Z,USA,Nevada Power Company,US-NW-NEVP,214.0,273.0,,59.0,,False,
2025-08-02T20:00:00.000Z,USA,Nevada Power Company,US-NW-NEVP,215.0,274.0,,59.0,,False,
2025-08-02T21:00:00.000Z,USA,Nevada Power Company,US-NW-NEVP,220.0,281.0,,57.0,,False,
2025-08-02T22:00:00.000Z,USA,Nevada Power Company,US-NW-NEVP,234.0,297.0,,54.0,,False,
2025-08-02T23:00:00.000Z,USA,Nevada Power Company,US-NW-NEVP,251.0,316.0,,52.0,,False,
2025-08-03T00:00:00.000Z,USA,Nevada Power Company,US-NW-NEVP,283.0,353.0,,46.0,,False,
2025-08-03T01:00:00.000Z,USA,Nevada Power Company,US-NW-NEVP,354.0,436.0,,32.0,,False,
2025-08-03T02:00:00.000Z,USA,Nevada Power Company,US-NW-NEVP,360.0,445.0,,29.0,,True,TIME_SLICER_AVERAGE
2025-08-03T03:00:00.000Z,USA,Nevada Power Company,US-NW-NEVP,406.0,499.0,,19.0,,True,TIME_SLICER_AVERAGE
2025-08-03T04:00:00.000Z,USA,Nevada Power Company,US-NW-NEVP,402.0,496.0,,18.0,,False,
2025-08-03T05:00:00.000Z,USA,Nevada Power Company,US-NW-NEVP,424.0,524.0,,13.0,,False,
2025-08-03T06:00:00.000Z,USA,Nevada Power Company,US-NW-NEVP,429.0,530.0,,12.0,,False,
2025-08-03T07:00:00.000Z,USA,Nevada Power Company,US-NW-NEVP,437.0,538.0,,12.0,,False,
2025-08-03T08:00:00.000Z,USA,Nevada Power Company,US-NW-NEVP,429.0,531.0,,12.0,,False,
2025-08-03T09:00:00.000Z,USA,Nevada Power Company,US-NW-NEVP,430.0,532.0,,11.0,,False,
2025-08-03T10:00:00.000Z,USA,Nevada Power Company,US-NW-NEVP,429.0,531.0,,11.0,,False,
2025-08-03T11:00:00.000Z,USA,Nevada Power Company,US-NW-NEVP,429.0,530.0,,11.0,,False,
2025-08-03T12:00:00.000Z,USA,Nevada Power Company,US-NW-NEVP,431.0,531.0,,11.0,,False,
2025-08-03T13:00:00.000Z,USA,Nevada Power Company,US-NW-NEVP,397.0,484.0,,23.0,,False,
2025-08-03T14:00:00.000Z,USA,Nevada Power Company,US-NW-NEVP,263.0,326.0,,52.0,,False,
2025-08-03T15:00:00.000Z,USA,Nevada Power Company,US-NW-NEVP,214.0,270.0,,62.0,,False,
2025-08-03T16:00:00.000Z,USA,Nevada Power Company,US-NW-NEVP,199.0,253.0,,64.0,,False,
2025-08-03T17:00:00.000Z,USA,Nevada Power Company,US-NW-NEVP,197.0,252.0,,64.0,,False,
2025-08-03T18:00:00.000Z,USA,Nevada Power Company,US-NW-NEVP,202.0,257.0,,63.0,,False,
2025-08-03T19:00:00.000Z,USA,Nevada Power Company,US-NW-NEVP,204.0,260.0,,62.0,,False,
2025-08-03T20:00:00.000Z,USA,Nevada Power Company,US-NW-NEVP,205.0,263.0,,61.0,,False,
2025-08-03T21:00:00.000Z,USA,Nevada Power Company,US-NW-NEVP,211.0,270.0,,59.0,,False,
2025-08-03T22:00:00.000Z,USA,Nevada Power Company,US-NW-NEVP,232.0,293.0,,55.0,,False,
2025-08-03T23:00:00.000Z,USA,Nevada Power Company,US-NW-NEVP,250.0,315.0,,51.0,,False,
2025-08-04T00:00:00.000Z,USA,Nevada Power Company,US-NW-NEVP,281.0,351.0,,45.0,,False,
2025-08-04T01:00:00.000Z,USA,Nevada Power Company,US-NW-NEVP,344.0,426.0,,33.0,,False,
2025-08-04T02:00:00.000Z,USA,Nevada Power Company,US-NW-NEVP,351.0,435.0,,30.0,,True,TIME_SLICER_AVERAGE
2025-08-04T03:00:00.000Z,USA,Nevada Power Company,US-NW-NEVP,399.0,492.0,,19.0,,True,TIME_SLICER_AVERAGE
2025-08-04T04:00:00.000Z,USA,Nevada Power Company,US-NW-NEVP,396.0,489.0,,20.0,,False,
2025-08-04T05:00:00.000Z,USA,Nevada Power Company,US-NW-NEVP,419.0,519.0,,14.0,,False,
2025-08-04T06:00:00.000Z,USA,Nevada Power Company,US-NW-NEVP,415.0,515.0,,14.0,,False,
2025-08-04T07:00:00.000Z,USA,Nevada Power Company,US-NW-NEVP,432.0,532.0,,13.0,,True,TIME_SLICER_AVERAGE
2025-08-04T08:00:00.000Z,USA,Nevada Power Company,US-NW-NEVP,435.0,536.0,,12.0,,False,
2025-08-04T09:00:00.000Z,USA,Nevada Power Company,US-NW-NEVP,432.0,534.0,,11.0,,False,
2025-08-04T10:00:00.000Z,USA,Nevada Power Company,US-NW-NEVP,427.0,528.0,,11.0,,False,
2025-08-04T11:00:00.000Z,USA,Nevada Power Company,US-NW-NEVP,430.0,531.0,,11.0,,False,
2025-08-04T12:00:00.000Z,USA,Nevada Power Company,US-NW-NEVP,437.0,537.0,,11.0,,False,
2025-08-04T13:00:00.000Z,USA,Nevada Power Company,US-NW-NEVP,395.0,478.0,,26.0,,False,
2025-08-04T14:00:00.000Z,USA,Nevada Power Company,US-NW-NEVP,289.0,353.0,,49.0,,False,
2025-08-04T15:00:00.000Z,USA,Nevada Power Company,US-NW-NEVP,240.0,298.0,,57.0,,False,
2025-08-04T16:00:00.000Z,USA,Nevada Power Company,US-NW-NEVP,217.0,275.0,,59.0,,False,
2025-08-04T17:00:00.000Z,USA,Nevada Power Company,US-NW-NEVP,217.0,276.0,,58.0,,False,
2025-08-04T18:00:00.000Z,USA,Nevada Power Company,US-NW-NEVP,216.0,276.0,,58.0,,False,
2025-08-04T19:00:00.000Z,USA,Nevada Power Company,US-NW-NEVP,230.0,294.0,,54.0,,False,
2025-08-04T20:00:00.000Z,USA,Nevada Power Company,US-NW-NEVP,238.0,305.0,,51.0,,False,
2025-08-04T21:00:00.000Z,USA,Nevada Power Company,US-NW-NEVP,252.0,321.0,,49.0,,False,
2025-08-04T22:00:00.000Z,USA,Nevada Power Company,US-NW-NEVP,278.0,350.0,,44.0,,False,
2025-08-04T23:00:00.000Z,USA,Nevada Power Company,US-NW-NEVP,292.0,365.0,,41.0,,False,
2025-08-05T00:00:00.000Z,USA,Nevada Power Company,US-NW-NEVP,323.0,402.0,,36.0,,False,
2025-08-05T01:00:00.000Z,USA,Nevada Power Company,US-NW-NEVP,343.0,424.0,,33.0,,True,TIME_SLICER_AVERAGE
2025-08-05T02:00:00.000Z,USA,Nevada Power Company,US-NW-NEVP,354.0,439.0,,29.0,,True,TIME_SLICER_AVERAGE
2025-08-05T03:00:00.000Z,USA,Nevada Power Company,US-NW-NEVP,396.0,488.0,,20.0,,True,TIME_SLICER_AVERAGE
2025-08-05T04:00:00.000Z,USA,Nevada Power Company,US-NW-NEVP,391.0,483.0,,20.0,,False,
2025-08-05T05:00:00.000Z,USA,Nevada Power Company,US-NW-NEVP,420.0,519.0,,14.0,,False,
2025-08-05T06:00:00.000Z,USA,Nevada Power Company,US-NW-NEVP,416.0,515.0,,15.0,,False,
2025-08-05T07:00:00.000Z,USA,Nevada Power Company,US-NW-NEVP,437.0,537.0,,13.0,,False,
2025-08-05T08:00:00.000Z,USA,Nevada Power Company,US-NW-NEVP,439.0,539.0,,12.0,,False,
2025-08-05T09:00:00.000Z,USA,Nevada Power Company,US-NW-NEVP,443.0,544.0,,11.0,,False,
2025-08-05T10:00:00.000Z,USA,Nevada Power Company,US-NW-NEVP,444.0,546.0,,10.0,,False,
2025-08-05T11:00:00.000Z,USA,Nevada Power Company,US-NW-NEVP,448.0,551.0,,9.0,,False,
2025-08-05T12:00:00.000Z,USA,Nevada Power Company,US-NW-NEVP,455.0,557.0,,10.0,,False,
2025-08-05T13:00:00.000Z,USA,Nevada Power Company,US-NW-NEVP,438.0,532.0,,17.0,,False,
2025-08-05T14:00:00.000Z,USA,Nevada Power Company,US-NW-NEVP,320.0,391.0,,42.0,,False,
2025-08-05T15:00:00.000Z,USA,Nevada Power Company,US-NW-NEVP,250.0,311.0,,55.0,,False,
2025-08-05T16:00:00.000Z,USA,Nevada Power Company,US-NW-NEVP,231.0,291.0,,58.0,,False,
2025-08-05T17:00:00.000Z,USA,Nevada Power Company,US-NW-NEVP,229.0,289.0,,57.0,,False,
2025-08-05T18:00:00.000Z,USA,Nevada Power Company,US-NW-NEVP,233.0,292.0,,58.0,,False,
2025-08-05T19:00:00.000Z,USA,Nevada Power Company,US-NW-NEVP,246.0,308.0,,55.0,,False,
2025-08-05T20:00:00.000Z,USA,Nevada Power Company,US-NW-NEVP,248.0,312.0,,53.0,,False,
2025-08-05T21:00:00.000Z,USA,Nevada Power Company,US-NW-NEVP,255.0,322.0,,50.0,,False,
2025-08-05T22:00:00.000Z,USA,Nevada Power Company,US-NW-NEVP,270.0,340.0,,47.0,,False,
2025-08-05T23:00:00.000Z,USA,Nevada Power Company,US-NW-NEVP,261.0,329.0,,49.0,,False,
2025-08-06T00:00:00.000Z,USA,Nevada Power Company,US-NW-NEVP,291.0,363.0,,44.0,,False,
2025-08-06T01:00:00.000Z,USA,Nevada Power Company,US-NW-NEVP,346.0,429.0,,32.0,,False,
2025-08-06T02:00:00.000Z,USA,Nevada Power Company,US-NW-NEVP,394.0,485.0,,21.0,,False,
2025-08-06T03:00:00.000Z,USA,Nevada Power Company,US-NW-NEVP,413.0,506.0,,19.0,,False,
2025-08-06T04:00:00.000Z,USA,Nevada Power Company,US-NW-NEVP,417.0,511.0,,18.0,,False,
2025-08-06T05:00:00.000Z,USA,Nevada Power Company,US-NW-NEVP,449.0,549.0,,12.0,,False,
2025-08-06T06:00:00.000Z,USA,Nevada Power Company,US-NW-NEVP,456.0,558.0,,10.0,,False,
2025-08-06T07:00:00.000Z,USA,Nevada Power Company,US-NW-NEVP,474.0,575.0,,10.0,,False,
2025-08-06T08:00:00.000Z,USA,Nevada Power Company,US-NW-NEVP,470.0,571.0,,11.0,,False,
2025-08-06T09:00:00.000Z,USA,Nevada Power Company,US-NW-NEVP,466.0,568.0,,10.0,,False,
2025-08-06T10:00:00.000Z,USA,Nevada Power Company,US-NW-NEVP,461.0,561.0,,10.0,,False,
2025-08-06T11:00:00.000Z,USA,Nevada Power Company,US-NW-NEVP,463.0,561.0,,12.0,,False,
2025-08-06T12:00:00.000Z,USA,Nevada Power Company,US-NW-NEVP,459.0,557.0,,12.0,,False,
2025-08-06T13:00:00.000Z,USA,Nevada Power Company,US-NW-NEVP,410.0,503.0,,20.0,,False,
2025-08-06T14:00:00.000Z,USA,Nevada Power Company,US-NW-NEVP,283.0,352.0,,46.0,,False,
2025-08-06T15:00:00.000Z,USA,Nevada Power Company,US-NW-NEVP,234.0,296.0,,56.0,,False,
2025-08-06T16:00:00.000Z,USA,Nevada Power Company,US-NW-NEVP,226.0,288.0,,57.0,,False,
2025-08-06T17:00:00.000Z,USA,Nevada Power Company,US-NW-NEVP,230.0,292.0,,56.0,,False,
2025-08-06T18:00:00.000Z,USA,Nevada Power Company,US-NW-NEVP,238.0,301.0,,55.0,,False,
2025-08-06T19:00:00.000Z,USA,Nevada Power Company,US-NW-NEVP,239.0,303.0,,54.0,,False,
2025-08-06T20:00:00.000Z,USA,Nevada Power Company,US-NW-NEVP,250.0,318.0,,50.0,,False,
2025-08-06T21:00:00.000Z,USA,Nevada Power Company,US-NW-NEVP,251.0,318.0,,50.0,,False,
2025-08-06T22:00:00.000Z,USA,Nevada Power Company,US-NW-NEVP,260.0,329.0,,48.0,,False,
2025-08-06T23:00:00.000Z,USA,Nevada Power Company,US-NW-NEVP,265.0,335.0,,47.0,,False,
2025-08-07T00:00:00.000Z,USA,Nevada Power Company,US-NW-NEVP,280.0,352.0,,44.0,,False,
2025-08-07T01:00:00.000Z,USA,Nevada Power Company,US-NW-NEVP,347.0,432.0,,31.0,,False,
2025-08-07T02:00:00.000Z,USA,Nevada Power Company,US-NW-NEVP,390.0,481.0,,21.0,,False,
2025-08-07T03:00:00.000Z,USA,Nevada Power Company,US-NW-NEVP,396.0,489.0,,20.0,,False,
2025-08-07T04:00:00.000Z,USA,Nevada Power Company,US-NW-NEVP,404.0,496.0,,20.0,,False,
2025-08-07T05:00:00.000Z,USA,Nevada Power Company,US-NW-NEVP,429.0,526.0,,15.0,,False,
2025-08-07T06:00:00.000Z,USA,Nevada Power Company,US-NW-NEVP,435.0,532.0,,14.0,,False,
2025-08-07T07:00:00.000Z,USA,Nevada Power Company,US-NW-NEVP,449.0,548.0,,11.0,,False,
2025-08-07T08:00:00.000Z,USA,Nevada Power Company,US-NW-NEVP,452.0,551.0,,12.0,,False,
2025-08-07T09:00:00.000Z,USA,Nevada Power Company,US-NW-NEVP,444.0,540.0,,14.0,,False,
2025-08-07T10:00:00.000Z,USA,Nevada Power Company,US-NW-NEVP,447.0,541.0,,14.0,,False,
2025-08-07T11:00:00.000Z,USA,Nevada Power Company,US-NW-NEVP,449.0,543.0,,15.0,,False,
2025-08-07T12:00:00.000Z,USA,Nevada Power Company,US-NW-NEVP,448.0,543.0,,14.0,,False,
2025-08-07T13:00:00.000Z,USA,Nevada Power Company,US-NW-NEVP,442.0,534.0,,17.0,,False,
2025-08-07T14:00:00.000Z,USA,Nevada Power Company,US-NW-NEVP,462.0,552.0,,17.0,,False,
2025-08-07T15:00:00.000Z,USA,Nevada Power Company,US-NW-NEVP,447.0,530.0,,23.0,,False,
2025-08-07T16:00:00.000Z,USA,Nevada Power Company,US-NW-NEVP,414.0,496.0,,26.0,,False,
2025-08-07T17:00:00.000Z,USA,Nevada Power Company,US-NW-NEVP,379.0,464.0,,26.0,,False,
2025-08-07T18:00:00.000Z,USA,Nevada Power Company,US-NW-NEVP,412.0,500.0,,23.0,,False,
2025-08-07T19:00:00.000Z,USA,Nevada Power Company,US-NW-NEVP,406.0,497.0,,21.0,,False,
2025-08-07T20:00:00.000Z,USA,Nevada Power Company,US-NW-NEVP,410.0,505.0,,18.0,,False,
2025-08-07T21:00:00.000Z,USA,Nevada Power Company,US-NW-NEVP,402.0,495.0,,19.0,,False,
2025-08-07T22:00:00.000Z,USA,Nevada Power Company,US-NW-NEVP,406.0,500.0,,19.0,,False,
2025-08-07T23:00:00.000Z,USA,Nevada Power Company,US-NW-NEVP,406.0,501.0,,18.0,,False,
2025-08-08T00:00:00.000Z,USA,Nevada Power Company,US-NW-NEVP,409.0,502.0,,19.0,,False,
2025-08-08T01:00:00.000Z,USA,Nevada Power Company,US-NW-NEVP,400.0,492.0,,20.0,,False,
2025-08-08T02:00:00.000Z,USA,Nevada Power Company,US-NW-NEVP,404.0,497.0,,19.0,,False,
2025-08-08T03:00:00.000Z,USA,Nevada Power Company,US-NW-NEVP,411.0,503.0,,19.0,,True,TIME_SLICER_AVERAGE
2025-08-08T04:00:00.000Z,USA,Nevada Power Company,US-NW-NEVP,417.0,509.0,,19.0,,False,
2025-08-08T05:00:00.000Z,USA,Nevada Power Company,US-NW-NEVP,437.0,533.0,,15.0,,False,
2025-08-08T06:00:00.000Z,USA,Nevada Power Company,US-NW-NEVP,443.0,539.0,,15.0,,False,
2025-08-08T07:00:00.000Z,USA,Nevada Power Company,US-NW-NEVP,458.0,556.0,,13.0,,False,
2025-08-08T08:00:00.000Z,USA,Nevada Power Company,US-NW-NEVP,456.0,553.0,,13.0,,False,
2025-08-08T09:00:00.000Z,USA,Nevada Power Company,US-NW-NEVP,442.0,540.0,,14.0,,False,
2025-08-08T10:00:00.000Z,USA,Nevada Power Company,US-NW-NEVP,435.0,531.0,,15.0,,False,
2025-08-08T11:00:00.000Z,USA,Nevada Power Company,US-NW-NEVP,436.0,531.0,,15.0,,False,
2025-08-08T12:00:00.000Z,USA,Nevada Power Company,US-NW-NEVP,442.0,537.0,,14.0,,False,
2025-08-08T13:00:00.000Z,USA,Nevada Power Company,US-NW-NEVP,423.0,509.0,,23.0,,False,
2025-08-08T14:00:00.000Z,USA,Nevada Power Company,US-NW-NEVP,322.0,394.0,,42.0,,False,
2025-08-08T15:00:00.000Z,USA,Nevada Power Company,US-NW-NEVP,269.0,333.0,,52.0,,False,
2025-08-08T16:00:00.000Z,USA,Nevada Power Company,US-NW-NEVP,251.0,314.0,,54.0,,False,
2025-08-08T17:00:00.000Z,USA,Nevada Power Company,US-NW-NEVP,254.0,319.0,,53.0,,False,
2025-08-08T18:00:00.000Z,USA,Nevada Power Company,US-NW-NEVP,253.0,318.0,,52.0,,False,
2025-08-08T19:00:00.000Z,USA,Nevada Power Company,US-NW-NEVP,253.0,320.0,,51.0,,False,
2025-08-08T20:00:00.000Z,USA,Nevada Power Company,US-NW-NEVP,260.0,330.0,,48.0,,False,
2025-08-08T21:00:00.000Z,USA,Nevada Power Company,US-NW-NEVP,265.0,335.0,,47.0,,False,
2025-08-08T22:00:00.000Z,USA,Nevada Power Company,US-NW-NEVP,267.0,337.0,,47.0,,False,
2025-08-08T23:00:00.000Z,USA,Nevada Power Company,US-NW-NEVP,275.0,347.0,,45.0,,False,
2025-08-09T00:00:00.000Z,USA,Nevada Power Company,US-NW-NEVP,301.0,377.0,,41.0,,False,
2025-08-09T01:00:00.000Z,USA,Nevada Power Company,US-NW-NEVP,360.0,445.0,,30.0,,False,
2025-08-09T02:00:00.000Z,USA,Nevada Power Company,US-NW-NEVP,416.0,508.0,,19.0,,False,
2025-08-09T03:00:00.000Z,USA,Nevada Power Company,US-NW-NEVP,426.0,519.0,,17.0,,False,
2025-08-09T04:00:00.000Z,USA,Nevada Power Company,US-NW-NEVP,430.0,522.0,,18.0,,False,
2025-08-09T05:00:00.000Z,USA,Nevada Power Company,US-NW-NEVP,456.0,551.0,,14.0,,False,
2025-08-09T06:00:00.000Z,USA,Nevada Power Company,US-NW-NEVP,457.0,552.0,,14.0,,False,
2025-08-09T07:00:00.000Z,USA,Nevada Power Company,US-NW-NEVP,463.0,561.0,,12.0,,False,
2025-08-09T08:00:00.000Z,USA,Nevada Power Company,US-NW-NEVP,462.0,560.0,,12.0,,False,
2025-08-09T09:00:00.000Z,USA,Nevada Power Company,US-NW-NEVP,452.0,548.0,,13.0,,False,
2025-08-09T10:00:00.000Z,USA,Nevada Power Company,US-NW-NEVP,456.0,551.0,,14.0,,False,
2025-08-09T11:00:00.000Z,USA,Nevada Power Company,US-NW-NEVP,459.0,552.0,,15.0,,False,
2025-08-09T12:00:00.000Z,USA,Nevada Power Company,US-NW-NEVP,464.0,556.0,,15.0,,False,
2025-08-09T13:00:00.000Z,USA,Nevada Power Company,US-NW-NEVP,468.0,558.0,,16.0,,False,
2025-08-09T14:00:00.000Z,USA,Nevada Power Company,US-NW-NEVP,452.0,541.0,,18.0,,False,
2025-08-09T15:00:00.000Z,USA,Nevada Power Company,US-NW-NEVP,433.0,522.0,,20.0,,False,
2025-08-09T16:00:00.000Z,USA,Nevada Power Company,US-NW-NEVP,433.0,523.0,,19.0,,False,
2025-08-09T17:00:00.000Z,USA,Nevada Power Company,US-NW-NEVP,436.0,528.0,,18.0,,False,
2025-08-09T18:00:00.000Z,USA,Nevada Power Company,US-NW-NEVP,434.0,526.0,,18.0,,False,
2025-08-09T19:00:00.000Z,USA,Nevada Power Company,US-NW-NEVP,429.0,520.0,,19.0,,False,
2025-08-09T20:00:00.000Z,USA,Nevada Power Company,US-NW-NEVP,415.0,508.0,,19.0,,False,
2025-08-09T21:00:00.000Z,USA,Nevada Power Company,US-NW-NEVP,415.0,509.0,,18.0,,False,
2025-08-09T22:00:00.000Z,USA,Nevada Power Company,US-NW-NEVP,418.0,513.0,,17.0,,False,
2025-08-09T23:00:00.000Z,USA,Nevada Power Company,US-NW-NEVP,414.0,506.0,,19.0,,False,
2025-08-10T00:00:00.000Z,USA,Nevada Power Company,US-NW-NEVP,429.0,520.0,,19.0,,False,
2025-08-10T01:00:00.000Z,USA,Nevada Power Company,US-NW-NEVP,419.0,510.0,,19.0,,False,
2025-08-10T02:00:00.000Z,USA,Nevada Power Company,US-NW-NEVP,419.0,512.0,,18.0,,False,
2025-08-10T03:00:00.000Z,USA,Nevada Power Company,US-NW-NEVP,428.0,521.0,,17.0,,True,TIME_SLICER_AVERAGE
2025-08-10T04:00:00.000Z,USA,Nevada Power Company,US-NW-NEVP,433.0,525.0,,18.0,,False,
2025-08-10T05:00:00.000Z,USA,Nevada Power Company,US-NW-NEVP,450.0,548.0,,13.0,,False,
2025-08-10T06:00:00.000Z,USA,Nevada Power Company,US-NW-NEVP,451.0,548.0,,14.0,,False,
2025-08-10T07:00:00.000Z,USA,Nevada Power Company,US-NW-NEVP,467.0,568.0,,10.0,,True,TIME_SLICER_AVERAGE
2025-08-10T08:00:00.000Z,USA,Nevada Power Company,US-NW-NEVP,467.0,569.0,,9.0,,False,
2025-08-10T09:00:00.000Z,USA,Nevada Power Company,US-NW-NEVP,468.0,569.0,,9.0,,False,
2025-08-10T10:00:00.000Z,USA,Nevada Power Company,US-NW-NEVP,466.0,568.0,,9.0,,False,
2025-08-10T11:00:00.000Z,USA,Nevada Power Company,US-NW-NEVP,454.0,557.0,,9.0,,False,
2025-08-10T12:00:00.000Z,USA,Nevada Power Company,US-NW-NEVP,457.0,560.0,,9.0,,False,
2025-08-10T13:00:00.000Z,USA,Nevada Power Company,US-NW-NEVP,437.0,533.0,,16.0,,False,
2025-08-10T14:00:00.000Z,USA,Nevada Power Company,US-NW-NEVP,317.0,389.0,,43.0,,False,
2025-08-10T15:00:00.000Z,USA,Nevada Power Company,US-NW-NEVP,252.0,315.0,,54.0,,False,
2025-08-10T16:00:00.000Z,USA,Nevada Power Company,US-NW-NEVP,241.0,303.0,,56.0,,False,
2025-08-10T17:00:00.000Z,USA,Nevada Power Company,US-NW-NEVP,239.0,302.0,,55.0,,False,
2025-08-10T18:00:00.000Z,USA,Nevada Power Company,US-NW-NEVP,244.0,308.0,,53.0,,False,
2025-08-10T19:00:00.000Z,USA,Nevada Power Company,US-NW-NEVP,251.0,318.0,,51.0,,False,
2025-08-10T20:00:00.000Z,USA,Nevada Power Company,US-NW-NEVP,259.0,329.0,,48.0,,False,
2025-08-10T21:00:00.000Z,USA,Nevada Power Company,US-NW-NEVP,265.0,335.0,,47.0,,False,
2025-08-10T22:00:00.000Z,USA,Nevada Power Company,US-NW-NEVP,273.0,345.0,,45.0,,False,
2025-08-10T23:00:00.000Z,USA,Nevada Power Company,US-NW-NEVP,289.0,363.0,,43.0,,False,
2025-08-11T00:00:00.000Z,USA,Nevada Power Company,US-NW-NEVP,324.0,402.0,,37.0,,False,
2025-08-11T01:00:00.000Z,USA,Nevada Power Company,US-NW-NEVP,371.0,459.0,,27.0,,False,
2025-08-11T02:00:00.000Z,USA,Nevada Power Company,US-NW-NEVP,418.0,514.0,,16.0,,False,
2025-08-11T03:00:00.000Z,USA,Nevada Power Company,US-NW-NEVP,422.0,518.0,,15.0,,False,
2025-08-11T04:00:00.000Z,USA,Nevada Power Company,US-NW-NEVP,420.0,515.0,,16.0,,False,
2025-08-11T05:00:00.000Z,USA,Nevada Power Company,US-NW-NEVP,441.0,541.0,,12.0,,False,
2025-08-11T06:00:00.000Z,USA,Nevada Power Company,US-NW-NEVP,447.0,547.0,,12.0,,False,
2025-08-11T07:00:00.000Z,USA,Nevada Power Company,US-NW-NEVP,457.0,559.0,,9.0,,False,
2025-08-11T08:00:00.000Z,USA,Nevada Power Company,US-NW-NEVP,455.0,556.0,,10.0,,False,
2025-08-11T09:00:00.000Z,USA,Nevada Power Company,US-NW-NEVP,453.0,554.0,,10.0,,False,
2025-08-11T10:00:00.000Z,USA,Nevada Power Company,US-NW-NEVP,457.0,555.0,,11.0,,False,
2025-08-11T11:00:00.000Z,USA,Nevada Power Company,US-NW-NEVP,457.0,554.0,,12.0,,False,
2025-08-11T12:00:00.000Z,USA,Nevada Power Company,US-NW-NEVP,460.0,556.0,,12.0,,False,
2025-08-11T13:00:00.000Z,USA,Nevada Power Company,US-NW-NEVP,468.0,558.0,,16.0,,False,
2025-08-11T14:00:00.000Z,USA,Nevada Power Company,US-NW-NEVP,459.0,549.0,,16.0,,False,
2025-08-11T15:00:00.000Z,USA,Nevada Power Company,US-NW-NEVP,437.0,525.0,,21.0,,False,
2025-08-11T16:00:00.000Z,USA,Nevada Power Company,US-NW-NEVP,438.0,525.0,,22.0,,False,
2025-08-11T17:00:00.000Z,USA,Nevada Power Company,US-NW-NEVP,436.0,523.0,,21.0,,False,
2025-08-11T18:00:00.000Z,USA,Nevada Power Company,US-NW-NEVP,434.0,522.0,,21.0,,False,
2025-08-11T19:00:00.000Z,USA,Nevada Power Company,US-NW-NEVP,426.0,517.0,,20.0,,False,
2025-08-11T20:00:00.000Z,USA,Nevada Power Company,US-NW-NEVP,421.0,514.0,,17.0,,False,
2025-08-11T21:00:00.000Z,USA,Nevada Power Company,US-NW-NEVP,411.0,505.0,,17.0,,False,
2025-08-11T22:00:00.000Z,USA,Nevada Power Company,US-NW-NEVP,406.0,501.0,,17.0,,False,
2025-08-11T23:00:00.000Z,USA,Nevada Power Company,US-NW-NEVP,407.0,501.0,,17.0,,False,
2025-08-12T00:00:00.000Z,USA,Nevada Power Company,US-NW-NEVP,400.0,495.0,,17.0,,False,
2025-08-12T01:00:00.000Z,USA,Nevada Power Company,US-NW-NEVP,387.0,482.0,,18.0,,False,
2025-08-12T02:00:00.000Z,USA,Nevada Power Company,US-NW-NEVP,384.0,480.0,,17.0,,False,
2025-08-12T03:00:00.000Z,USA,Nevada Power Company,US-NW-NEVP,391.0,487.0,,16.0,,True,TIME_SLICER_AVERAGE
2025-08-12T04:00:00.000Z,USA,Nevada Power Company,US-NW-NEVP,408.0,506.0,,15.0,,False,
2025-08-12T05:00:00.000Z,USA,Nevada Power Company,US-NW-NEVP,438.0,541.0,,10.0,,False,
2025-08-12T06:00:00.000Z,USA,Nevada Power Company,US-NW-NEVP,447.0,548.0,,10.0,,False,
2025-08-12T07:00:00.000Z,USA,Nevada Power Company,US-NW-NEVP,455.0,557.0,,9.0,,True,TIME_SLICER_AVERAGE
2025-08-12T08:00:00.000Z,USA,Nevada Power Company,US-NW-NEVP,452.0,554.0,,9.0,,False,
2025-08-12T09:00:00.000Z,USA,Nevada Power Company,US-NW-NEVP,444.0,546.0,,9.0,,False,
2025-08-12T10:00:00.000Z,USA,Nevada Power Company,US-NW-NEVP,444.0,546.0,,9.0,,False,
2025-08-12T11:00:00.000Z,USA,Nevada Power Company,US-NW-NEVP,451.0,552.0,,9.0,,False,
2025-08-12T12:00:00.000Z,USA,Nevada Power Company,US-NW-NEVP,457.0,557.0,,9.0,,False,
2025-08-12T13:00:00.000Z,USA,Nevada Power Company,US-NW-NEVP,417.0,512.0,,18.0,,False,
2025-08-12T14:00:00.000Z,USA,Nevada Power Company,US-NW-NEVP,301.0,374.0,,43.0,,False,
2025-08-12T15:00:00.000Z,USA,Nevada Power Company,US-NW-NEVP,247.0,314.0,,51.0,,False,
2025-08-12T16:00:00.000Z,USA,Nevada Power Company,US-NW-NEVP,238.0,303.0,,53.0,,False,
2025-08-12T17:00:00.000Z,USA,Nevada Power Company,US-NW-NEVP,242.0,307.0,,53.0,,False,
2025-08-12T18:00:00.000Z,USA,Nevada Power Company,US-NW-NEVP,244.0,311.0,,51.0,,False,
2025-08-12T19:00:00.000Z,USA,Nevada Power Company,US-NW-NEVP,245.0,313.0,,50.0,,False,
2025-08-12T20:00:00.000Z,USA,Nevada Power Company,US-NW-NEVP,256.0,327.0,,47.0,,False,
2025-08-12T21:00:00.000Z,USA,Nevada Power Company,US-NW-NEVP,260.0,332.0,,45.0,,False,
2025-08-12T22:00:00.000Z,USA,Nevada Power Company,US-NW-NEVP,275.0,351.0,,41.0,,False,
2025-08-12T23:00:00.000Z,USA,Nevada Power Company,US-NW-NEVP,293.0,372.0,,38.0,,False,
2025-08-13T00:00:00.000Z,USA,Nevada Power Company,US-NW-NEVP,306.0,388.0,,35.0,,False,
2025-08-13T01:00:00.000Z,USA,Nevada Power Company,US-NW-NEVP,319.0,403.0,,32.0,,True,TIME_SLICER_AVERAGE
2025-08-13T02:00:00.000Z,USA,Nevada Power Company,US-NW-NEVP,345.0,432.0,,28.0,,True,TIME_SLICER_AVERAGE
2025-08-13T03:00:00.000Z,USA,Nevada Power Company,US-NW-NEVP,405.0,499.0,,19.0,,True,TIME_SLICER_AVERAGE
2025-08-13T04:00:00.000Z,USA,Nevada Power Company,US-NW-NEVP,421.0,514.0,,18.0,,False,
2025-08-13T05:00:00.000Z,USA,Nevada Power Company,US-NW-NEVP,436.0,535.0,,14.0,,False,
2025-08-13T06:00:00.000Z,USA,Nevada Power Company,US-NW-NEVP,432.0,530.0,,14.0,,False,
2025-08-13T07:00:00.000Z,USA,Nevada Power Company,US-NW-NEVP,430.0,531.0,,12.0,,True,TIME_SLICER_AVERAGE
2025-08-13T08:00:00.000Z,USA,Nevada Power Company,US-NW-NEVP,430.0,533.0,,11.0,,False,
2025-08-13T09:00:00.000Z,USA,Nevada Power Company,US-NW-NEVP,431.0,533.0,,12.0,,False,
2025-08-13T10:00:00.000Z,USA,Nevada Power Company,US-NW-NEVP,437.0,536.0,,13.0,,False,
2025-08-13T11:00:00.000Z,USA,Nevada Power Company,US-NW-NEVP,437.0,536.0,,13.0,,False,
2025-08-13T12:00:00.000Z,USA,Nevada Power Company,US-NW-NEVP,431.0,531.0,,13.0,,False,
2025-08-13T13:00:00.000Z,USA,Nevada Power Company,US-NW-NEVP,422.0,514.0,,19.0,,False,
2025-08-13T14:00:00.000Z,USA,Nevada Power Company,US-NW-NEVP,320.0,396.0,,38.0,,False,
2025-08-13T15:00:00.000Z,USA,Nevada Power Company,US-NW-NEVP,257.0,325.0,,50.0,,False,
2025-08-13T16:00:00.000Z,USA,Nevada Power Company,US-NW-NEVP,243.0,310.0,,52.0,,False,
2025-08-13T17:00:00.000Z,USA,Nevada Power Company,US-NW-NEVP,240.0,306.0,,52.0,,False,
2025-08-13T18:00:00.000Z,USA,Nevada Power Company,US-NW-NEVP,241.0,308.0,,51.0,,False,
2025-08-13T19:00:00.000Z,USA,Nevada Power Company,US-NW-NEVP,244.0,313.0,,49.0,,False,
2025-08-13T20:00:00.000Z,USA,Nevada Power Company,US-NW-NEVP,247.0,319.0,,47.0,,False,
2025-08-13T21:00:00.000Z,USA,Nevada Power Company,US-NW-NEVP,251.0,322.0,,46.0,,False,
2025-08-13T22:00:00.000Z,USA,Nevada Power Company,US-NW-NEVP,263.0,336.0,,44.0,,False,
2025-08-13T23:00:00.000Z,USA,Nevada Power Company,US-NW-NEVP,273.0,348.0,,42.0,,False,
2025-08-14T00:00:00.000Z,USA,Nevada Power Company,US-NW-NEVP,286.0,362.0,,40.0,,False,
2025-08-14T01:00:00.000Z,USA,Nevada Power Company,US-NW-NEVP,302.0,382.0,,36.0,,True,TIME_SLICER_AVERAGE
2025-08-14T02:00:00.000Z,USA,Nevada Power Company,US-NW-NEVP,327.0,411.0,,31.0,,True,TIME_SLICER_AVERAGE
2025-08-14T03:00:00.000Z,USA,Nevada Power Company,US-NW-NEVP,377.0,472.0,,19.0,,True,TIME_SLICER_AVERAGE
2025-08-14T04:00:00.000Z,USA,Nevada Power Company,US-NW-NEVP,392.0,489.0,,16.0,,False,
2025-08-14T05:00:00.000Z,USA,Nevada Power Company,US-NW-NEVP,415.0,516.0,,12.0,,False,
2025-08-14T06:00:00.000Z,USA,Nevada Power Company,US-NW-NEVP,412.0,513.0,,13.0,,False,
2025-08-14T07:00:00.000Z,USA,Nevada Power Company,US-NW-NEVP,417.0,517.0,,13.0,,True,TIME_SLICER_AVERAGE
2025-08-14T08:00:00.000Z,USA,Nevada Power Company,US-NW-NEVP,421.0,523.0,,12.0,,True,TIME_SLICER_AVERAGE
2025-08-14T09:00:00.000Z,USA,Nevada Power Company,US-NW-NEVP,427.0,530.0,,11.0,,True,TIME_SLICER_AVERAGE
2025-08-14T10:00:00.000Z,USA,Nevada Power Company,US-NW-NEVP,435.0,539.0,,10.0,,True,TIME_SLICER_AVERAGE
2025-08-14T11:00:00.000Z,USA,Nevada Power Company,US-NW-NEVP,435.0,538.0,,10.0,,False,
2025-08-14T12:00:00.000Z,USA,Nevada Power Company,US-NW-NEVP,429.0,530.0,,12.0,,False,
2025-08-14T13:00:00.000Z,USA,Nevada Power Company,US-NW-NEVP,394.0,485.0,,21.0,,False,
2025-08-14T14:00:00.000Z,USA,Nevada Power Company,US-NW-NEVP,291.0,367.0,,40.0,,False,
2025-08-14T15:00:00.000Z,USA,Nevada Power Company,US-NW-NEVP,232.0,298.0,,52.0,,False,
2025-08-14T16:00:00.000Z,USA,Nevada Power Company,US-NW-NEVP,216.0,280.0,,55.0,,False,
2025-08-14T17:00:00.000Z,USA,Nevada Power Company,US-NW-NEVP,213.0,277.0,,55.0,,False,
2025-08-14T18:00:00.000Z,USA,Nevada Power Company,US-NW-NEVP,208.0,272.0,,56.0,,False,
2025-08-14T19:00:00.000Z,USA,Nevada Power Company,US-NW-NEVP,211.0,276.0,,55.0,,False,
2025-08-14T20:00:00.000Z,USA,Nevada Power Company,US-NW-NEVP,216.0,282.0,,53.0,,False,
2025-08-14T21:00:00.000Z,USA,Nevada Power Company,US-NW-NEVP,223.0,290.0,,51.0,,False,
2025-08-14T22:00:00.000Z,USA,Nevada Power Company,US-NW-NEVP,230.0,298.0,,50.0,,False,
2025-08-14T23:00:00.000Z,USA,Nevada Power Company,US-NW-NEVP,246.0,317.0,,46.0,,False,
2025-08-15T00:00:00.000Z,USA,Nevada Power Company,US-NW-NEVP,266.0,341.0,,42.0,,False,
2025-08-15T01:00:00.000Z,USA,Nevada Power Company,US-NW-NEVP,283.0,361.0,,39.0,,True,TIME_SLICER_AVERAGE
2025-08-15T02:00:00.000Z,USA,Nevada Power Company,US-NW-NEVP,310.0,391.0,,35.0,,True,TIME_SLICER_AVERAGE
2025-08-15T03:00:00.000Z,USA,Nevada Power Company,US-NW-NEVP,368.0,455.0,,26.0,,True,TIME_SLICER_AVERAGE
2025-08-15T04:00:00.000Z,USA,Nevada Power Company,US-NW-NEVP,374.0,462.0,,24.0,,False,
2025-08-15T05:00:00.000Z,USA,Nevada Power Company,US-NW-NEVP,408.0,503.0,,18.0,,False,
2025-08-15T06:00:00.000Z,USA,Nevada Power Company,US-NW-NEVP,414.0,509.0,,17.0,,False,
2025-08-15T07:00:00.000Z,USA,Nevada Power Company,US-NW-NEVP,442.0,542.0,,12.0,,False,
2025-08-15T08:00:00.000Z,USA,Nevada Power Company,US-NW-NEVP,445.0,547.0,,10.0,,False,
2025-08-15T09:00:00.000Z,USA,Nevada Power Company,US-NW-NEVP,447.0,550.0,,10.0,,False,
2025-08-15T10:00:00.000Z,USA,Nevada Power Company,US-NW-NEVP,445.0,547.0,,10.0,,False,
2025-08-15T11:00:00.000Z,USA,Nevada Power Company,US-NW-NEVP,446.0,548.0,,10.0,,False,
2025-08-15T12:00:00.000Z,USA,Nevada Power Company,US-NW-NEVP,446.0,547.0,,10.0,,False,
2025-08-15T13:00:00.000Z,USA,Nevada Power Company,US-NW-NEVP,425.0,516.0,,20.0,,False,
2025-08-15T14:00:00.000Z,USA,Nevada Power Company,US-NW-NEVP,311.0,387.0,,39.0,,False,
2025-08-15T15:00:00.000Z,USA,Nevada Power Company,US-NW-NEVP,249.0,313.0,,52.0,,False,
2025-08-15T16:00:00.000Z,USA,Nevada Power Company,US-NW-NEVP,235.0,296.0,,55.0,,False,
2025-08-15T17:00:00.000Z,USA,Nevada Power Company,US-NW-NEVP,228.0,289.0,,56.0,,False,
2025-08-15T18:00:00.000Z,USA,Nevada Power Company,US-NW-NEVP,234.0,296.0,,54.0,,False,
2025-08-15T19:00:00.000Z,USA,Nevada Power Company,US-NW-NEVP,233.0,296.0,,54.0,,False,
2025-08-15T20:00:00.000Z,USA,Nevada Power Company,US-NW-NEVP,234.0,299.0,,52.0,,False,
2025-08-15T21:00:00.000Z,USA,Nevada Power Company,US-NW-NEVP,239.0,304.0,,51.0,,False,
2025-08-15T22:00:00.000Z,USA,Nevada Power Company,US-NW-NEVP,248.0,315.0,,49.0,,False,
2025-08-15T23:00:00.000Z,USA,Nevada Power Company,US-NW-NEVP,259.0,329.0,,47.0,,False,
2025-08-16T00:00:00.000Z,USA,Nevada Power Company,US-NW-NEVP,312.0,389.0,,38.0,,False,
2025-08-16T01:00:00.000Z,USA,Nevada Power Company,US-NW-NEVP,310.0,385.0,,40.0,,True,TIME_SLICER_AVERAGE
2025-08-16T02:00:00.000Z,USA,Nevada Power Company,US-NW-NEVP,409.0,473.0,,38.0,,False,
2025-08-16T03:00:00.000Z,USA,Nevada Power Company,US-NW-NEVP,407.0,500.0,,19.0,,False,
2025-08-16T04:00:00.000Z,USA,Nevada Power Company,US-NW-NEVP,407.0,500.0,,19.0,,False,
2025-08-16T05:00:00.000Z,USA,Nevada Power Company,US-NW-NEVP,423.0,520.0,,15.0,,False,
2025-08-16T06:00:00.000Z,USA,Nevada Power Company,US-NW-NEVP,438.0,535.0,,15.0,,False,
2025-08-16T07:00:00.000Z,USA,Nevada Power Company,US-NW-NEVP,452.0,550.0,,13.0,,False,
2025-08-16T08:00:00.000Z,USA,Nevada Power Company,US-NW-NEVP,448.0,548.0,,11.0,,False,
2025-08-16T09:00:00.000Z,USA,Nevada Power Company,US-NW-NEVP,439.0,538.0,,12.0,,False,
2025-08-16T10:00:00.000Z,USA,Nevada Power Company,US-NW-NEVP,437.0,537.0,,11.0,,False,
2025-08-16T11:00:00.000Z,USA,Nevada Power Company,US-NW-NEVP,435.0,536.0,,11.0,,False,
2025-08-16T12:00:00.000Z,USA,Nevada Power Company,US-NW-NEVP,429.0,527.0,,13.0,,False,
2025-08-16T13:00:00.000Z,USA,Nevada Power Company,US-NW-NEVP,439.0,535.0,,15.0,,False,
2025-08-16T14:00:00.000Z,USA,Nevada Power Company,US-NW-NEVP,346.0,423.0,,34.0,,False,
2025-08-16T15:00:00.000Z,USA,Nevada Power Company,US-NW-NEVP,233.0,293.0,,56.0,,False,
2025-08-16T16:00:00.000Z,USA,Nevada Power Company,US-NW-NEVP,206.0,262.0,,62.0,,False,
2025-08-16T17:00:00.000Z,USA,Nevada Power Company,US-NW-NEVP,204.0,261.0,,61.0,,False,
2025-08-16T18:00:00.000Z,USA,Nevada Power Company,US-NW-NEVP,207.0,265.0,,60.0,,False,
2025-08-16T19:00:00.000Z,USA,Nevada Power Company,US-NW-NEVP,206.0,265.0,,59.0,,False,
2025-08-16T20:00:00.000Z,USA,Nevada Power Company,US-NW-NEVP,216.0,279.0,,56.0,,False,
2025-08-16T21:00:00.000Z,USA,Nevada Power Company,US-NW-NEVP,220.0,283.0,,55.0,,False,
2025-08-16T22:00:00.000Z,USA,Nevada Power Company,US-NW-NEVP,232.0,298.0,,52.0,,False,
2025-08-16T23:00:00.000Z,USA,Nevada Power Company,US-NW-NEVP,247.0,315.0,,49.0,,False,
2025-08-17T00:00:00.000Z,USA,Nevada Power Company,US-NW-NEVP,283.0,356.0,,43.0,,False,
2025-08-17T01:00:00.000Z,USA,Nevada Power Company,US-NW-NEVP,360.0,444.0,,30.0,,False,
2025-08-17T02:00:00.000Z,USA,Nevada Power Company,US-NW-NEVP,404.0,464.0,,42.0,,False,
2025-08-17T03:00:00.000Z,USA,Nevada Power Company,US-NW-NEVP,324.0,386.0,,45.0,,False,
2025-08-17T04:00:00.000Z,USA,Nevada Power Company,US-NW-NEVP,306.0,366.0,,47.0,,False,
2025-08-17T05:00:00.000Z,USA,Nevada Power Company,US-NW-NEVP,343.0,407.0,,43.0,,False,
2025-08-17T06:00:00.000Z,USA,Nevada Power Company,US-NW-NEVP,357.0,423.0,,41.0,,False,
2025-08-17T07:00:00.000Z,USA,Nevada Power Company,US-NW-NEVP,405.0,480.0,,34.0,,False,
2025-08-17T08:00:00.000Z,USA,Nevada Power Company,US-NW-NEVP,396.0,468.0,,35.0,,False,
2025-08-17T09:00:00.000Z,USA,Nevada Power Company,US-NW-NEVP,385.0,458.0,,35.0,,False,
2025-08-17T10:00:00.000Z,USA,Nevada Power Company,US-NW-NEVP,389.0,463.0,,34.0,,False,
2025-08-17T11:00:00.000Z,USA,Nevada Power Company,US-NW-NEVP,379.0,452.0,,34.0,,False,
2025-08-17T12:00:00.000Z,USA,Nevada Power Company,US-NW-NEVP,390.0,465.0,,31.0,,False,
2025-08-17T13:00:00.000Z,USA,Nevada Power Company,US-NW-NEVP,352.0,419.0,,41.0,,False,
2025-08-17T14:00:00.000Z,USA,Nevada Power Company,US-NW-NEVP,183.0,232.0,,66.0,,False,
2025-08-17T15:00:00.000Z,USA,Nevada Power Company,US-NW-NEVP,137.0,180.0,,74.0,,False,
2025-08-17T16:00:00.000Z,USA,Nevada Power Company,US-NW-NEVP,126.0,169.0,,76.0,,False,
2025-08-17T17:00:00.000Z,USA,Nevada Power Company,US-NW-NEVP,128.0,172.0,,75.0,,False,
2025-08-17T18:00:00.000Z,USA,Nevada Power Company,US-NW-NEVP,131.0,174.0,,75.0,,False,
2025-08-17T19:00:00.000Z,USA,Nevada Power Company,US-NW-NEVP,134.0,178.0,,74.0,,False,
2025-08-17T20:00:00.000Z,USA,Nevada Power Company,US-NW-NEVP,134.0,179.0,,74.0,,False,
2025-08-17T21:00:00.000Z,USA,Nevada Power Company,US-NW-NEVP,141.0,186.0,,73.0,,False,
2025-08-17T22:00:00.000Z,USA,Nevada Power Company,US-NW-NEVP,136.0,180.0,,74.0,,False,
2025-08-17T23:00:00.000Z,USA,Nevada Power Company,US-NW-NEVP,155.0,200.0,,71.0,,False,
2025-08-18T00:00:00.000Z,USA,Nevada Power Company,US-NW-NEVP,181.0,228.0,,68.0,,False,
2025-08-18T01:00:00.000Z,USA,Nevada Power Company,US-NW-NEVP,252.0,309.0,,55.0,,False,
2025-08-18T02:00:00.000Z,USA,Nevada Power Company,US-NW-NEVP,294.0,356.0,,45.0,,False,
2025-08-18T03:00:00.000Z,USA,Nevada Power Company,US-NW-NEVP,430.0,502.0,,26.0,,False,
2025-08-18T04:00:00.000Z,USA,Nevada Power Company,US-NW-NEVP,450.0,542.0,,14.0,,False,
2025-08-18T05:00:00.000Z,USA,Nevada Power Company,US-NW-NEVP,465.0,562.0,,11.0,,False,
2025-08-18T06:00:00.000Z,USA,Nevada Power Company,US-NW-NEVP,472.0,570.0,,9.0,,False,
2025-08-18T07:00:00.000Z,USA,Nevada Power Company,US-NW-NEVP,482.0,583.0,,7.0,,False,
2025-08-18T08:00:00.000Z,USA,Nevada Power Company,US-NW-NEVP,479.0,580.0,,7.0,,False,
2025-08-18T09:00:00.000Z,USA,Nevada Power Company,US-NW-NEVP,468.0,570.0,,7.0,,False,
2025-08-18T10:00:00.000Z,USA,Nevada Power Company,US-NW-NEVP,469.0,571.0,,6.0,,False,
2025-08-18T11:00:00.000Z,USA,Nevada Power Company,US-NW-NEVP,475.0,577.0,,6.0,,False,
2025-08-18T12:00:00.000Z,USA,Nevada Power Company,US-NW-NEVP,476.0,577.0,,6.0,,False,
2025-08-18T13:00:00.000Z,USA,Nevada Power Company,US-NW-NEVP,444.0,537.0,,15.0,,False,
2025-08-18T14:00:00.000Z,USA,Nevada Power Company,US-NW-NEVP,309.0,382.0,,41.0,,False,
2025-08-18T15:00:00.000Z,USA,Nevada Power Company,US-NW-NEVP,236.0,298.0,,54.0,,False,
2025-08-18T16:00:00.000Z,USA,Nevada Power Company,US-NW-NEVP,226.0,288.0,,55.0,,False,
2025-08-18T17:00:00.000Z,USA,Nevada Power Company,US-NW-NEVP,230.0,292.0,,55.0,,False,
2025-08-18T18:00:00.000Z,USA,Nevada Power Company,US-NW-NEVP,235.0,297.0,,54.0,,False,
2025-08-18T19:00:00.000Z,USA,Nevada Power Company,US-NW-NEVP,224.0,286.0,,55.0,,False,
2025-08-18T20:00:00.000Z,USA,Nevada Power Company,US-NW-NEVP,225.0,288.0,,54.0,,False,
2025-08-18T21:00:00.000Z,USA,Nevada Power Company,US-NW-NEVP,233.0,297.0,,53.0,,False,
2025-08-18T22:00:00.000Z,USA,Nevada Power Company,US-NW-NEVP,243.0,309.0,,50.0,,False,
2025-08-18T23:00:00.000Z,USA,Nevada Power Company,US-NW-NEVP,264.0,332.0,,47.0,,False,
2025-08-19T00:00:00.000Z,USA,Nevada Power Company,US-NW-NEVP,295.0,368.0,,41.0,,False,
2025-08-19T01:00:00.000Z,USA,Nevada Power Company,US-NW-NEVP,361.0,445.0,,27.0,,False,
2025-08-19T02:00:00.000Z,USA,Nevada Power Company,US-NW-NEVP,381.0,469.0,,22.0,,False,
2025-08-19T03:00:00.000Z,USA,Nevada Power Company,US-NW-NEVP,396.0,491.0,,18.0,,False,
2025-08-19T04:00:00.000Z,USA,Nevada Power Company,US-NW-NEVP,410.0,505.0,,17.0,,False,
2025-08-19T05:00:00.000Z,USA,Nevada Power Company,US-NW-NEVP,434.0,534.0,,12.0,,False,
2025-08-19T06:00:00.000Z,USA,Nevada Power Company,US-NW-NEVP,432.0,533.0,,12.0,,False,
2025-08-19T07:00:00.000Z,USA,Nevada Power Company,US-NW-NEVP,450.0,553.0,,10.0,,False,
2025-08-19T08:00:00.000Z,USA,Nevada Power Company,US-NW-NEVP,450.0,552.0,,10.0,,False,
2025-08-19T09:00:00.000Z,USA,Nevada Power Company,US-NW-NEVP,448.0,550.0,,9.0,,False,
2025-08-19T10:00:00.000Z,USA,Nevada Power Company,US-NW-NEVP,450.0,552.0,,10.0,,False,
2025-08-19T11:00:00.000Z,USA,Nevada Power Company,US-NW-NEVP,443.0,546.0,,10.0,,False,
2025-08-19T12:00:00.000Z,USA,Nevada Power Company,US-NW-NEVP,438.0,540.0,,10.0,,False,
2025-08-19T13:00:00.000Z,USA,Nevada Power Company,US-NW-NEVP,415.0,512.0,,16.0,,False,
2025-08-19T14:00:00.000Z,USA,Nevada Power Company,US-NW-NEVP,323.0,400.0,,38.0,,False,
2025-08-19T15:00:00.000Z,USA,Nevada Power Company,US-NW-NEVP,255.0,321.0,,51.0,,False,
2025-08-19T16:00:00.000Z,USA,Nevada Power Company,US-NW-NEVP,245.0,310.0,,52.0,,False,
2025-08-19T17:00:00.000Z,USA,Nevada Power Company,US-NW-NEVP,243.0,308.0,,52.0,,False,
2025-08-19T18:00:00.000Z,USA,Nevada Power Company,US-NW-NEVP,239.0,306.0,,52.0,,False,
2025-08-19T19:00:00.000Z,USA,Nevada Power Company,US-NW-NEVP,236.0,303.0,,51.0,,False,
2025-08-19T20:00:00.000Z,USA,Nevada Power Company,US-NW-NEVP,238.0,307.0,,50.0,,False,
2025-08-19T21:00:00.000Z,USA,Nevada Power Company,US-NW-NEVP,252.0,323.0,,47.0,,False,
2025-08-19T22:00:00.000Z,USA,Nevada Power Company,US-NW-NEVP,265.0,337.0,,45.0,,False,
2025-08-19T23:00:00.000Z,USA,Nevada Power Company,US-NW-NEVP,280.0,354.0,,43.0,,False,
2025-08-20T00:00:00.000Z,USA,Nevada Power Company,US-NW-NEVP,309.0,386.0,,38.0,,False,
2025-08-20T01:00:00.000Z,USA,Nevada Power Company,US-NW-NEVP,363.0,449.0,,28.0,,False,
2025-08-20T02:00:00.000Z,USA,Nevada Power Company,US-NW-NEVP,401.0,492.0,,20.0,,False,
2025-08-20T03:00:00.000Z,USA,Nevada Power Company,US-NW-NEVP,416.0,510.0,,19.0,,False,
2025-08-20T04:00:00.000Z,USA,Nevada Power Company,US-NW-NEVP,420.0,513.0,,18.0,,False,
2025-08-20T05:00:00.000Z,USA,Nevada Power Company,US-NW-NEVP,424.0,524.0,,13.0,,False,
2025-08-20T06:00:00.000Z,USA,Nevada Power Company,US-NW-NEVP,425.0,526.0,,12.0,,False,
2025-08-20T07:00:00.000Z,USA,Nevada Power Company,US-NW-NEVP,438.0,539.0,,12.0,,False,
2025-08-20T08:00:00.000Z,USA,Nevada Power Company,US-NW-NEVP,438.0,538.0,,12.0,,False,
2025-08-20T09:00:00.000Z,USA,Nevada Power Company,US-NW-NEVP,444.0,545.0,,11.0,,False,
2025-08-20T10:00:00.000Z,USA,Nevada Power Company,US-NW-NEVP,446.0,548.0,,10.0,,False,
2025-08-20T11:00:00.000Z,USA,Nevada Power Company,US-NW-NEVP,444.0,546.0,,10.0,,False,
2025-08-20T12:00:00.000Z,USA,Nevada Power Company,US-NW-NEVP,447.0,548.0,,11.0,,False,
2025-08-20T13:00:00.000Z,USA,Nevada Power Company,US-NW-NEVP,435.0,534.0,,13.0,,False,
2025-08-20T14:00:00.000Z,USA,Nevada Power Company,US-NW-NEVP,362.0,445.0,,31.0,,False,
2025-08-20T15:00:00.000Z,USA,Nevada Power Company,US-NW-NEVP,274.0,340.0,,49.0,,False,
2025-08-20T16:00:00.000Z,USA,Nevada Power Company,US-NW-NEVP,246.0,312.0,,51.0,,False,
2025-08-20T17:00:00.000Z,USA,Nevada Power Company,US-NW-NEVP,236.0,300.0,,54.0,,False,
2025-08-20T18:00:00.000Z,USA,Nevada Power Company,US-NW-NEVP,238.0,303.0,,52.0,,False,
2025-08-20T19:00:00.000Z,USA,Nevada Power Company,US-NW-NEVP,239.0,307.0,,51.0,,False,
2025-08-20T20:00:00.000Z,USA,Nevada Power Company,US-NW-NEVP,243.0,313.0,,49.0,,False,
2025-08-20T21:00:00.000Z,USA,Nevada Power Company,US-NW-NEVP,247.0,317.0,,48.0,,False,
2025-08-20T22:00:00.000Z,USA,Nevada Power Company,US-NW-NEVP,262.0,336.0,,44.0,,False,
2025-08-20T23:00:00.000Z,USA,Nevada Power Company,US-NW-NEVP,282.0,361.0,,39.0,,False,
2025-08-21T00:00:00.000Z,USA,Nevada Power Company,US-NW-NEVP,302.0,382.0,,36.0,,False,
2025-08-21T01:00:00.000Z,USA,Nevada Power Company,US-NW-NEVP,303.0,382.0,,37.0,,True,TIME_SLICER_AVERAGE
2025-08-21T02:00:00.000Z,USA,Nevada Power Company,US-NW-NEVP,399.0,466.0,,37.0,,False,
2025-08-21T03:00:00.000Z,USA,Nevada Power Company,US-NW-NEVP,427.0,495.0,,36.0,,False,
2025-08-21T04:00:00.000Z,USA,Nevada Power Company,US-NW-NEVP,411.0,507.0,,17.0,,False,
2025-08-21T05:00:00.000Z,USA,Nevada Power Company,US-NW-NEVP,436.0,534.0,,14.0,,False,
2025-08-21T06:00:00.000Z,USA,Nevada Power Company,US-NW-NEVP,443.0,541.0,,13.0,,False,
2025-08-21T07:00:00.000Z,USA,Nevada Power Company,US-NW-NEVP,504.0,577.0,,26.0,,False,
2025-08-21T08:00:00.000Z,USA,Nevada Power Company,US-NW-NEVP,452.0,555.0,,9.0,,False,
2025-08-21T09:00:00.000Z,USA,Nevada Power Company,US-NW-NEVP,452.0,556.0,,9.0,,False,
2025-08-21T10:00:00.000Z,USA,Nevada Power Company,US-NW-NEVP,458.0,561.0,,9.0,,False,
2025-08-21T11:00:00.000Z,USA,Nevada Power Company,US-NW-NEVP,458.0,561.0,,9.0,,False,
2025-08-21T12:00:00.000Z,USA,Nevada Power Company,US-NW-NEVP,462.0,563.0,,10.0,,False,
2025-08-21T13:00:00.000Z,USA,Nevada Power Company,US-NW-NEVP,457.0,555.0,,13.0,,False,
2025-08-21T14:00:00.000Z,USA,Nevada Power Company,US-NW-NEVP,390.0,475.0,,27.0,,False,
2025-08-21T15:00:00.000Z,USA,Nevada Power Company,US-NW-NEVP,304.0,375.0,,44.0,,False,
2025-08-21T16:00:00.000Z,USA,Nevada Power Company,US-NW-NEVP,284.0,353.0,,47.0,,False,
2025-08-21T17:00:00.000Z,USA,Nevada Power Company,US-NW-NEVP,282.0,350.0,,48.0,,False,
2025-08-21T18:00:00.000Z,USA,Nevada Power Company,US-NW-NEVP,300.0,373.0,,43.0,,False,
2025-08-21T19:00:00.000Z,USA,Nevada Power Company,US-NW-NEVP,292.0,366.0,,42.0,,False,
2025-08-21T20:00:00.000Z,USA,Nevada Power Company,US-NW-NEVP,310.0,389.0,,38.0,,False,
2025-08-21T21:00:00.000Z,USA,Nevada Power Company,US-NW-NEVP,317.0,396.0,,36.0,,False,
2025-08-21T22:00:00.000Z,USA,Nevada Power Company,US-NW-NEVP,317.0,397.0,,36.0,,False,
2025-08-21T23:00:00.000Z,USA,Nevada Power Company,US-NW-NEVP,322.0,403.0,,35.0,,False,
2025-08-22T00:00:00.000Z,USA,Nevada Power Company,US-NW-NEVP,345.0,431.0,,29.0,,False,
2025-08-22T01:00:00.000Z,USA,Nevada Power Company,US-NW-NEVP,432.0,502.0,,33.0,,False,
2025-08-22T02:00:00.000Z,USA,Nevada Power Company,US-NW-NEVP,427.0,497.0,,34.0,,False,
2025-08-22T03:00:00.000Z,USA,Nevada Power Company,US-NW-NEVP,413.0,509.0,,17.0,,True,TIME_SLICER_AVERAGE
2025-08-22T04:00:00.000Z,USA,Nevada Power Company,US-NW-NEVP,419.0,515.0,,16.0,,True,TIME_SLICER_AVERAGE
2025-08-22T05:00:00.000Z,USA,Nevada Power Company,US-NW-NEVP,436.0,534.0,,14.0,,True,TIME_SLICER_AVERAGE
2025-08-22T06:00:00.000Z,USA,Nevada Power Company,US-NW-NEVP,438.0,537.0,,13.0,,True,TIME_SLICER_AVERAGE
2025-08-22T07:00:00.000Z,USA,Nevada Power Company,US-NW-NEVP,463.0,565.0,,9.0,,True,TIME_SLICER_AVERAGE
2025-08-22T08:00:00.000Z,USA,Nevada Power Company,US-NW-NEVP,465.0,567.0,,9.0,,False,
2025-08-22T09:00:00.000Z,USA,Nevada Power Company,US-NW-NEVP,464.0,567.0,,9.0,,False,
2025-08-22T10:00:00.000Z,USA,Nevada Power Company,US-NW-NEVP,466.0,567.0,,9.0,,False,
2025-08-22T11:00:00.000Z,USA,Nevada Power Company,US-NW-NEVP,466.0,568.0,,9.0,,False,
2025-08-22T12:00:00.000Z,USA,Nevada Power Company,US-NW-NEVP,462.0,563.0,,10.0,,False,
2025-08-22T13:00:00.000Z,USA,Nevada Power Company,US-NW-NEVP,449.0,546.0,,14.0,,False,
2025-08-22T14:00:00.000Z,USA,Nevada Power Company,US-NW-NEVP,399.0,489.0,,24.0,,False,
2025-08-22T15:00:00.000Z,USA,Nevada Power Company,US-NW-NEVP,336.0,415.0,,36.0,,False,
2025-08-22T16:00:00.000Z,USA,Nevada Power Company,US-NW-NEVP,288.0,362.0,,43.0,,False,
2025-08-22T17:00:00.000Z,USA,Nevada Power Company,US-NW-NEVP,286.0,359.0,,43.0,,False,
2025-08-22T18:00:00.000Z,USA,Nevada Power Company,US-NW-NEVP,322.0,402.0,,35.0,,False,
2025-08-22T19:00:00.000Z,USA,Nevada Power Company,US-NW-NEVP,332.0,415.0,,33.0,,False,
2025-08-22T20:00:00.000Z,USA,Nevada Power Company,US-NW-NEVP,340.0,426.0,,30.0,,False,
2025-08-22T21:00:00.000Z,USA,Nevada Power Company,US-NW-NEVP,350.0,437.0,,28.0,,False,
2025-08-22T22:00:00.000Z,USA,Nevada Power Company,US-NW-NEVP,352.0,438.0,,29.0,,False,
2025-08-22T23:00:00.000Z,USA,Nevada Power Company,US-NW-NEVP,334.0,418.0,,32.0,,False,
2025-08-23T00:00:00.000Z,USA,Nevada Power Company,US-NW-NEVP,360.0,447.0,,28.0,,False,
2025-08-23T01:00:00.000Z,USA,Nevada Power Company,US-NW-NEVP,376.0,466.0,,25.0,,True,TIME_SLICER_AVERAGE
2025-08-23T02:00:00.000Z,USA,Nevada Power Company,US-NW-NEVP,403.0,497.0,,20.0,,True,TIME_SLICER_AVERAGE
2025-08-23T03:00:00.000Z,USA,Nevada Power Company,US-NW-NEVP,428.0,525.0,,16.0,,False,
2025-08-23T04:00:00.000Z,USA,Nevada Power Company,US-NW-NEVP,438.0,536.0,,14.0,,False,
2025-08-23T05:00:00.000Z,USA,Nevada Power Company,US-NW-NEVP,455.0,557.0,,10.0,,False,
2025-08-23T06:00:00.000Z,USA,Nevada Power Company,US-NW-NEVP,462.0,563.0,,10.0,,False,
2025-08-23T07:00:00.000Z,USA,Nevada Power Company,US-NW-NEVP,478.0,581.0,,8.0,,True,TIME_SLICER_AVERAGE
2025-08-23T08:00:00.000Z,USA,Nevada Power Company,US-NW-NEVP,488.0,591.0,,7.0,,False,
2025-08-23T09:00:00.000Z,USA,Nevada Power Company,US-NW-NEVP,483.0,585.0,,8.0,,False,
2025-08-23T10:00:00.000Z,USA,Nevada Power Company,US-NW-NEVP,480.0,582.0,,8.0,,False,
2025-08-23T11:00:00.000Z,USA,Nevada Power Company,US-NW-NEVP,482.0,584.0,,8.0,,False,
2025-08-23T12:00:00.000Z,USA,Nevada Power Company,US-NW-NEVP,481.0,583.0,,8.0,,False,
2025-08-23T13:00:00.000Z,USA,Nevada Power Company,US-NW-NEVP,490.0,589.0,,9.0,,False,
2025-08-23T14:00:00.000Z,USA,Nevada Power Company,US-NW-NEVP,451.0,541.0,,18.0,,False,
2025-08-23T15:00:00.000Z,USA,Nevada Power Company,US-NW-NEVP,383.0,466.0,,30.0,,False,
2025-08-23T16:00:00.000Z,USA,Nevada Power Company,US-NW-NEVP,346.0,426.0,,34.0,,False,
2025-08-23T17:00:00.000Z,USA,Nevada Power Company,US-NW-NEVP,335.0,414.0,,36.0,,False,
2025-08-23T18:00:00.000Z,USA,Nevada Power Company,US-NW-NEVP,316.0,393.0,,39.0,,False,
2025-08-23T19:00:00.000Z,USA,Nevada Power Company,US-NW-NEVP,309.0,388.0,,37.0,,False,
2025-08-23T20:00:00.000Z,USA,Nevada Power Company,US-NW-NEVP,315.0,396.0,,35.0,,False,
2025-08-23T21:00:00.000Z,USA,Nevada Power Company,US-NW-NEVP,327.0,409.0,,33.0,,False,
2025-08-23T22:00:00.000Z,USA,Nevada Power Company,US-NW-NEVP,323.0,404.0,,34.0,,False,
2025-08-23T23:00:00.000Z,USA,Nevada Power Company,US-NW-NEVP,327.0,407.0,,35.0,,False,
2025-08-24T00:00:00.000Z,USA,Nevada Power Company,US-NW-NEVP,378.0,465.0,,26.0,,False,
2025-08-24T01:00:00.000Z,USA,Nevada Power Company,US-NW-NEVP,418.0,512.0,,19.0,,False,
2025-08-24T02:00:00.000Z,USA,Nevada Power Company,US-NW-NEVP,432.0,526.0,,17.0,,True,TIME_SLICER_AVERAGE
2025-08-24T03:00:00.000Z,USA,Nevada Power Company,US-NW-NEVP,450.0,547.0,,14.0,,False,
2025-08-24T04:00:00.000Z,USA,Nevada Power Company,US-NW-NEVP,441.0,536.0,,15.0,,False,
2025-08-24T05:00:00.000Z,USA,Nevada Power Company,US-NW-NEVP,462.0,563.0,,11.0,,False,
2025-08-24T06:00:00.000Z,USA,Nevada Power Company,US-NW-NEVP,465.0,567.0,,10.0,,False,
2025-08-24T07:00:00.000Z,USA,Nevada Power Company,US-NW-NEVP,473.0,576.0,,7.0,,False,
2025-08-24T08:00:00.000Z,USA,Nevada Power Company,US-NW-NEVP,483.0,588.0,,6.0,,False,
2025-08-24T09:00:00.000Z,USA,Nevada Power Company,US-NW-NEVP,488.0,593.0,,6.0,,False,
2025-08-24T10:00:00.000Z,USA,Nevada Power Company,US-NW-NEVP,489.0,592.0,,7.0,,False,
2025-08-24T11:00:00.000Z,USA,Nevada Power Company,US-NW-NEVP,495.0,598.0,,7.0,,False,
2025-08-24T12:00:00.000Z,USA,Nevada Power Company,US-NW-NEVP,493.0,594.0,,8.0,,False,
2025-08-24T13:00:00.000Z,USA,Nevada Power Company,US-NW-NEVP,478.0,577.0,,10.0,,False,
2025-08-24T14:00:00.000Z,USA,Nevada Power Company,US-NW-NEVP,427.0,517.0,,20.0,,False,
2025-08-24T15:00:00.000Z,USA,Nevada Power Company,US-NW-NEVP,319.0,392.0,,41.0,,False,
2025-08-24T16:00:00.000Z,USA,Nevada Power Company,US-NW-NEVP,301.0,372.0,,44.0,,False,
2025-08-24T17:00:00.000Z,USA,Nevada Power Company,US-NW-NEVP,308.0,380.0,,44.0,,False,
2025-08-24T18:00:00.000Z,USA,Nevada Power Company,US-NW-NEVP,307.0,380.0,,43.0,,False,
2025-08-24T19:00:00.000Z,USA,Nevada Power Company,US-NW-NEVP,311.0,386.0,,40.0,,False,
2025-08-24T20:00:00.000Z,USA,Nevada Power Company,US-NW-NEVP,348.0,432.0,,31.0,,False,
2025-08-24T21:00:00.000Z,USA,Nevada Power Company,US-NW-NEVP,386.0,476.0,,24.0,,False,
2025-08-24T22:00:00.000Z,USA,Nevada Power Company,US-NW-NEVP,384.0,473.0,,24.0,,False,
2025-08-24T23:00:00.000Z,USA,Nevada Power Company,US-NW-NEVP,384.0,473.0,,25.0,,False,
2025-08-25T00:00:00.000Z,USA,Nevada Power Company,US-NW-NEVP,385.0,471.0,,27.0,,False,
2025-08-25T01:00:00.000Z,USA,Nevada Power Company,US-NW-NEVP,438.0,533.0,,16.0,,False,
2025-08-25T02:00:00.000Z,USA,Nevada Power Company,US-NW-NEVP,439.0,532.0,,17.0,,False,
2025-08-25T03:00:00.000Z,USA,Nevada Power Company,US-NW-NEVP,436.0,530.0,,17.0,,False,
2025-08-25T04:00:00.000Z,USA,Nevada Power Company,US-NW-NEVP,441.0,535.0,,17.0,,False,
2025-08-25T05:00:00.000Z,USA,Nevada Power Company,US-NW-NEVP,480.0,579.0,,11.0,,False,
2025-08-25T06:00:00.000Z,USA,Nevada Power Company,US-NW-NEVP,485.0,585.0,,9.0,,False,
2025-08-25T07:00:00.000Z,USA,Nevada Power Company,US-NW-NEVP,490.0,593.0,,7.0,,True,TIME_SLICER_AVERAGE
2025-08-25T08:00:00.000Z,USA,Nevada Power Company,US-NW-NEVP,493.0,597.0,,6.0,,False,
2025-08-25T09:00:00.000Z,USA,Nevada Power Company,US-NW-NEVP,495.0,599.0,,6.0,,False,
2025-08-25T10:00:00.000Z,USA,Nevada Power Company,US-NW-NEVP,495.0,599.0,,6.0,,False,
2025-08-25T11:00:00.000Z,USA,Nevada Power Company,US-NW-NEVP,493.0,597.0,,6.0,,False,
2025-08-25T12:00:00.000Z,USA,Nevada Power Company,US-NW-NEVP,483.0,586.0,,7.0,,False,
2025-08-25T13:00:00.000Z,USA,Nevada Power Company,US-NW-NEVP,468.0,570.0,,9.0,,False,
2025-08-25T14:00:00.000Z,USA,Nevada Power Company,US-NW-NEVP,386.0,467.0,,31.0,,False,
2025-08-25T15:00:00.000Z,USA,Nevada Power Company,US-NW-NEVP,338.0,414.0,,39.0,,False,
2025-08-25T16:00:00.000Z,USA,Nevada Power Company,US-NW-NEVP,323.0,397.0,,41.0,,False,
2025-08-25T17:00:00.000Z,USA,Nevada Power Company,US-NW-NEVP,334.0,410.0,,39.0,,False,
2025-08-25T18:00:00.000Z,USA,Nevada Power Company,US-NW-NEVP,352.0,432.0,,34.0,,False,
2025-08-25T19:00:00.000Z,USA,Nevada Power Company,US-NW-NEVP,365.0,448.0,,30.0,,False,
2025-08-25T20:00:00.000Z,USA,Nevada Power Company,US-NW-NEVP,352.0,435.0,,31.0,,False,
2025-08-25T21:00:00.000Z,USA,Nevada Power Company,US-NW-NEVP,370.0,458.0,,27.0,,False,
2025-08-25T22:00:00.000Z,USA,Nevada Power Company,US-NW-NEVP,375.0,464.0,,25.0,,False,
2025-08-25T23:00:00.000Z,USA,Nevada Power Company,US-NW-NEVP,355.0,441.0,,30.0,,False,
2025-08-26T00:00:00.000Z,USA,Nevada Power Company,US-NW-NEVP,378.0,467.0,,25.0,,False,
2025-08-26T01:00:00.000Z,USA,Nevada Power Company,US-NW-NEVP,411.0,505.0,,18.0,,False,
2025-08-26T02:00:00.000Z,USA,Nevada Power Company,US-NW-NEVP,430.0,526.0,,16.0,,True,TIME_SLICER_AVERAGE
2025-08-26T03:00:00.000Z,USA,Nevada Power Company,US-NW-NEVP,443.0,541.0,,14.0,,False,
2025-08-26T04:00:00.000Z,USA,Nevada Power Company,US-NW-NEVP,456.0,554.0,,12.0,,False,
2025-08-26T05:00:00.000Z,USA,Nevada Power Company,US-NW-NEVP,468.0,568.0,,10.0,,False,
2025-08-26T06:00:00.000Z,USA,Nevada Power Company,US-NW-NEVP,462.0,561.0,,11.0,,False,
2025-08-26T07:00:00.000Z,USA,Nevada Power Company,US-NW-NEVP,461.0,563.0,,9.0,,True,TIME_SLICER_AVERAGE
2025-08-26T08:00:00.000Z,USA,Nevada Power Company,US-NW-NEVP,447.0,551.0,,9.0,,False,
2025-08-26T09:00:00.000Z,USA,Nevada Power Company,US-NW-NEVP,450.0,554.0,,8.0,,False,
2025-08-26T10:00:00.000Z,USA,Nevada Power Company,US-NW-NEVP,449.0,553.0,,8.0,,False,
2025-08-26T11:00:00.000Z,USA,Nevada Power Company,US-NW-NEVP,443.0,547.0,,9.0,,False,
2025-08-26T12:00:00.000Z,USA,Nevada Power Company,US-NW-NEVP,438.0,540.0,,10.0,,False,
2025-08-26T13:00:00.000Z,USA,Nevada Power Company,US-NW-NEVP,431.0,530.0,,13.0,,False,
2025-08-26T14:00:00.000Z,USA,Nevada Power Company,US-NW-NEVP,428.0,525.0,,14.0,,False,
2025-08-26T15:00:00.000Z,USA,Nevada Power Company,US-NW-NEVP,401.0,495.0,,19.0,,False,
2025-08-26T16:00:00.000Z,USA,Nevada Power Company,US-NW-NEVP,370.0,457.0,,26.0,,False,
2025-08-26T17:00:00.000Z,USA,Nevada Power Company,US-NW-NEVP,339.0,420.0,,33.0,,False,
2025-08-26T18:00:00.000Z,USA,Nevada Power Company,US-NW-NEVP,293.0,367.0,,42.0,,False,
2025-08-26T19:00:00.000Z,USA,Nevada Power Company,US-NW-NEVP,287.0,360.0,,43.0,,False,
2025-08-26T20:00:00.000Z,USA,Nevada Power Company,US-NW-NEVP,292.0,364.0,,44.0,,False,
2025-08-26T21:00:00.000Z,USA,Nevada Power Company,US-NW-NEVP,313.0,387.0,,40.0,,False,
2025-08-26T22:00:00.000Z,USA,Nevada Power Company,US-NW-NEVP,352.0,433.0,,32.0,,False,
2025-08-26T23:00:00.000Z,USA,Nevada Power Company,US-NW-NEVP,375.0,460.0,,27.0,,False,
2025-08-27T00:00:00.000Z,USA,Nevada Power Company,US-NW-NEVP,355.0,437.0,,31.0,,False,
2025-08-27T01:00:00.000Z,USA,Nevada Power Company,US-NW-NEVP,413.0,505.0,,19.0,,False,
2025-08-27T02:00:00.000Z,USA,Nevada Power Company,US-NW-NEVP,439.0,536.0,,15.0,,False,
2025-08-27T03:00:00.000Z,USA,Nevada Power Company,US-NW-NEVP,433.0,530.0,,15.0,,True,TIME_SLICER_AVERAGE
2025-08-27T04:00:00.000Z,USA,Nevada Power Company,US-NW-NEVP,437.0,536.0,,12.0,,False,
2025-08-27T05:00:00.000Z,USA,Nevada Power Company,US-NW-NEVP,441.0,544.0,,10.0,,False,
2025-08-27T06:00:00.000Z,USA,Nevada Power Company,US-NW-NEVP,441.0,544.0,,10.0,,False,
2025-08-27T07:00:00.000Z,USA,Nevada Power Company,US-NW-NEVP,447.0,552.0,,9.0,,True,TIME_SLICER_AVERAGE
2025-08-27T08:00:00.000Z,USA,Nevada Power Company,US-NW-NEVP,456.0,560.0,,8.0,,False,
2025-08-27T09:00:00.000Z,USA,Nevada Power Company,US-NW-NEVP,454.0,558.0,,9.0,,False,
2025-08-27T10:00:00.000Z,USA,Nevada Power Company,US-NW-NEVP,456.0,558.0,,9.0,,False,
2025-08-27T11:00:00.000Z,USA,Nevada Power Company,US-NW-NEVP,455.0,557.0,,9.0,,False,
2025-08-27T12:00:00.000Z,USA,Nevada Power Company,US-NW-NEVP,449.0,550.0,,10.0,,False,
2025-08-27T13:00:00.000Z,USA,Nevada Power Company,US-NW-NEVP,427.0,523.0,,15.0,,False,
2025-08-27T14:00:00.000Z,USA,Nevada Power Company,US-NW-NEVP,338.0,419.0,,34.0,,False,
2025-08-27T15:00:00.000Z,USA,Nevada Power Company,US-NW-NEVP,277.0,347.0,,46.0,,False,
2025-08-27T16:00:00.000Z,USA,Nevada Power Company,US-NW-NEVP,260.0,327.0,,51.0,,False,
2025-08-27T17:00:00.000Z,USA,Nevada Power Company,US-NW-NEVP,260.0,327.0,,50.0,,False,
2025-08-27T18:00:00.000Z,USA,Nevada Power Company,US-NW-NEVP,256.0,323.0,,51.0,,False,
2025-08-27T19:00:00.000Z,USA,Nevada Power Company,US-NW-NEVP,255.0,322.0,,51.0,,False,
2025-08-27T20:00:00.000Z,USA,Nevada Power Company,US-NW-NEVP,259.0,327.0,,49.0,,False,
2025-08-27T21:00:00.000Z,USA,Nevada Power Company,US-NW-NEVP,274.0,344.0,,47.0,,False,
2025-08-27T22:00:00.000Z,USA,Nevada Power Company,US-NW-NEVP,291.0,363.0,,44.0,,False,
2025-08-27T23:00:00.000Z,USA,Nevada Power Company,US-NW-NEVP,300.0,374.0,,42.0,,False,
2025-08-28T00:00:00.000Z,USA,Nevada Power Company,US-NW-NEVP,335.0,414.0,,35.0,,False,
2025-08-28T01:00:00.000Z,USA,Nevada Power Company,US-NW-NEVP,356.0,441.0,,30.0,,True,TIME_SLICER_AVERAGE
2025-08-28T02:00:00.000Z,USA,Nevada Power Company,US-NW-NEVP,385.0,476.0,,23.0,,True,TIME_SLICER_AVERAGE
2025-08-28T03:00:00.000Z,USA,Nevada Power Company,US-NW-NEVP,429.0,528.0,,14.0,,False,
2025-08-28T04:00:00.000Z,USA,Nevada Power Company,US-NW-NEVP,431.0,529.0,,14.0,,False,
2025-08-28T05:00:00.000Z,USA,Nevada Power Company,US-NW-NEVP,450.0,553.0,,9.0,,False,
2025-08-28T06:00:00.000Z,USA,Nevada Power Company,US-NW-NEVP,449.0,554.0,,8.0,,False,
2025-08-28T07:00:00.000Z,USA,Nevada Power Company,US-NW-NEVP,468.0,575.0,,6.0,,False,
2025-08-28T08:00:00.000Z,USA,Nevada Power Company,US-NW-NEVP,462.0,569.0,,6.0,,False,
2025-08-28T09:00:00.000Z,USA,Nevada Power Company,US-NW-NEVP,469.0,577.0,,6.0,,False,
2025-08-28T10:00:00.000Z,USA,Nevada Power Company,US-NW-NEVP,469.0,576.0,,6.0,,False,
2025-08-28T11:00:00.000Z,USA,Nevada Power Company,US-NW-NEVP,472.0,578.0,,6.0,,False,
2025-08-28T12:00:00.000Z,USA,Nevada Power Company,US-NW-NEVP,473.0,576.0,,8.0,,False,
2025-08-28T13:00:00.000Z,USA,Nevada Power Company,US-NW-NEVP,460.0,558.0,,13.0,,False,
2025-08-28T14:00:00.000Z,USA,Nevada Power Company,US-NW-NEVP,410.0,500.0,,23.0,,False,
2025-08-28T15:00:00.000Z,USA,Nevada Power Company,US-NW-NEVP,336.0,414.0,,37.0,,False,
2025-08-28T16:00:00.000Z,USA,Nevada Power Company,US-NW-NEVP,288.0,360.0,,45.0,,False,
2025-08-28T17:00:00.000Z,USA,Nevada Power Company,US-NW-NEVP,282.0,354.0,,46.0,,False,
2025-08-28T18:00:00.000Z,USA,Nevada Power Company,US-NW-NEVP,290.0,364.0,,44.0,,False,
2025-08-28T19:00:00.000Z,USA,Nevada Power Company,US-NW-NEVP,315.0,393.0,,39.0,,False,
2025-08-28T20:00:00.000Z,USA,Nevada Power Company,US-NW-NEVP,342.0,423.0,,34.0,,False,
2025-08-28T21:00:00.000Z,USA,Nevada Power Company,US-NW-NEVP,351.0,434.0,,32.0,,False,
2025-08-28T22:00:00.000Z,USA,Nevada Power Company,US-NW-NEVP,360.0,445.0,,29.0,,False,
2025-08-28T23:00:00.000Z,USA,Nevada Power Company,US-NW-NEVP,381.0,469.0,,26.0,,False,
2025-08-29T00:00:00.000Z,USA,Nevada Power Company,US-NW-NEVP,410.0,502.0,,21.0,,False,
2025-08-29T01:00:00.000Z,USA,Nevada Power Company,US-NW-NEVP,411.0,504.0,,19.0,,True,TIME_SLICER_AVERAGE
2025-08-29T02:00:00.000Z,USA,Nevada Power Company,US-NW-NEVP,421.0,516.0,,18.0,,True,TIME_SLICER_AVERAGE
2025-08-29T03:00:00.000Z,USA,Nevada Power Company,US-NW-NEVP,446.0,543.0,,14.0,,True,TIME_SLICER_AVERAGE
2025-08-29T04:00:00.000Z,USA,Nevada Power Company,US-NW-NEVP,452.0,549.0,,14.0,,False,
2025-08-29T05:00:00.000Z,USA,Nevada Power Company,US-NW-NEVP,468.0,568.0,,11.0,,False,
2025-08-29T06:00:00.000Z,USA,Nevada Power Company,US-NW-NEVP,464.0,564.0,,10.0,,False,
2025-08-29T07:00:00.000Z,USA,Nevada Power Company,US-NW-NEVP,485.0,587.0,,9.0,,False,
2025-08-29T08:00:00.000Z,USA,Nevada Power Company,US-NW-NEVP,486.0,589.0,,8.0,,False,
2025-08-29T09:00:00.000Z,USA,Nevada Power Company,US-NW-NEVP,484.0,586.0,,8.0,,False,
2025-08-29T10:00:00.000Z,USA,Nevada Power Company,US-NW-NEVP,485.0,588.0,,7.0,,False,
2025-08-29T11:00:00.000Z,USA,Nevada Power Company,US-NW-NEVP,481.0,584.0,,7.0,,False,
2025-08-29T12:00:00.000Z,USA,Nevada Power Company,US-NW-NEVP,477.0,581.0,,7.0,,False,
2025-08-29T13:00:00.000Z,USA,Nevada Power Company,US-NW-NEVP,467.0,568.0,,10.0,,False,
2025-08-29T14:00:00.000Z,USA,Nevada Power Company,US-NW-NEVP,372.0,454.0,,30.0,,False,
2025-08-29T15:00:00.000Z,USA,Nevada Power Company,US-NW-NEVP,279.0,345.0,,49.0,,False,
2025-08-29T16:00:00.000Z,USA,Nevada Power Company,US-NW-NEVP,253.0,318.0,,53.0,,False,
2025-08-29T17:00:00.000Z,USA,Nevada Power Company,US-NW-NEVP,249.0,312.0,,54.0,,False,
2025-08-29T18:00:00.000Z,USA,Nevada Power Company,US-NW-NEVP,253.0,317.0,,54.0,,False,
2025-08-29T19:00:00.000Z,USA,Nevada Power Company,US-NW-NEVP,255.0,319.0,,53.0,,False,
2025-08-29T20:00:00.000Z,USA,Nevada Power Company,US-NW-NEVP,255.0,319.0,,53.0,,False,
2025-08-29T21:00:00.000Z,USA,Nevada Power Company,US-NW-NEVP,258.0,323.0,,51.0,,False,
2025-08-29T22:00:00.000Z,USA,Nevada Power Company,US-NW-NEVP,273.0,340.0,,49.0,,False,
2025-08-29T23:00:00.000Z,USA,Nevada Power Company,US-NW-NEVP,286.0,353.0,,47.0,,False,
2025-08-30T00:00:00.000Z,USA,Nevada Power Company,US-NW-NEVP,337.0,412.0,,38.0,,False,
2025-08-30T01:00:00.000Z,USA,Nevada Power Company,US-NW-NEVP,405.0,491.0,,24.0,,False,
2025-08-30T02:00:00.000Z,USA,Nevada Power Company,US-NW-NEVP,419.0,508.0,,22.0,,True,TIME_SLICER_AVERAGE
2025-08-30T03:00:00.000Z,USA,Nevada Power Company,US-NW-NEVP,448.0,543.0,,16.0,,True,TIME_SLICER_AVERAGE
2025-08-30T04:00:00.000Z,USA,Nevada Power Company,US-NW-NEVP,454.0,551.0,,14.0,,False,
2025-08-30T05:00:00.000Z,USA,Nevada Power Company,US-NW-NEVP,482.0,583.0,,10.0,,False,
2025-08-30T06:00:00.000Z,USA,Nevada Power Company,US-NW-NEVP,486.0,586.0,,10.0,,False,
2025-08-30T07:00:00.000Z,USA,Nevada Power Company,US-NW-NEVP,490.0,591.0,,10.0,,True,TIME_SLICER_AVERAGE
2025-08-30T08:00:00.000Z,USA,Nevada Power Company,US-NW-NEVP,485.0,586.0,,10.0,,False,
2025-08-30T09:00:00.000Z,USA,Nevada Power Company,US-NW-NEVP,481.0,582.0,,10.0,,False,
2025-08-30T10:00:00.000Z,USA,Nevada Power Company,US-NW-NEVP,483.0,584.0,,9.0,,False,
2025-08-30T11:00:00.000Z,USA,Nevada Power Company,US-NW-NEVP,482.0,583.0,,9.0,,False,
2025-08-30T12:00:00.000Z,USA,Nevada Power Company,US-NW-NEVP,485.0,586.0,,9.0,,False,
2025-08-30T13:00:00.000Z,USA,Nevada Power Company,US-NW-NEVP,465.0,561.0,,14.0,,False,
2025-08-30T14:00:00.000Z,USA,Nevada Power Company,US-NW-NEVP,344.0,415.0,,40.0,,False,
2025-08-30T15:00:00.000Z,USA,Nevada Power Company,US-NW-NEVP,257.0,316.0,,56.0,,False,
2025-08-30T16:00:00.000Z,USA,Nevada Power Company,US-NW-NEVP,235.0,292.0,,59.0,,False,
2025-08-30T17:00:00.000Z,USA,Nevada Power Company,US-NW-NEVP,230.0,288.0,,59.0,,False,
2025-08-30T18:00:00.000Z,USA,Nevada Power Company,US-NW-NEVP,235.0,295.0,,57.0,,False,
2025-08-30T19:00:00.000Z,USA,Nevada Power Company,US-NW-NEVP,243.0,304.0,,55.0,,False,
2025-08-30T20:00:00.000Z,USA,Nevada Power Company,US-NW-NEVP,258.0,323.0,,51.0,,False,
2025-08-30T21:00:00.000Z,USA,Nevada Power Company,US-NW-NEVP,268.0,334.0,,50.0,,False,
2025-08-30T22:00:00.000Z,USA,Nevada Power Company,US-NW-NEVP,284.0,352.0,,47.0,,False,
2025-08-30T23:00:00.000Z,USA,Nevada Power Company,US-NW-NEVP,298.0,369.0,,44.0,,False,
2025-08-31T00:00:00.000Z,USA,Nevada Power Company,US-NW-NEVP,334.0,411.0,,37.0,,False,
2025-08-31T01:00:00.000Z,USA,Nevada Power Company,US-NW-NEVP,400.0,491.0,,22.0,,False,
2025-08-31T02:00:00.000Z,USA,Nevada Power Company,US-NW-NEVP,416.0,509.0,,19.0,,True,TIME_SLICER_AVERAGE
2025-08-31T03:00:00.000Z,USA,Nevada Power Company,US-NW-NEVP,441.0,536.0,,16.0,,False,
2025-08-31T04:00:00.000Z,USA,Nevada Power Company,US-NW-NEVP,448.0,544.0,,14.0,,False,
2025-08-31T05:00:00.000Z,USA,Nevada Power Company,US-NW-NEVP,471.0,571.0,,10.0,,False,
2025-08-31T06:00:00.000Z,USA,Nevada Power Company,US-NW-NEVP,482.0,583.0,,9.0,,False,
2025-08-31T07:00:00.000Z,USA,Nevada Power Company,US-NW-NEVP,489.0,590.0,,9.0,,False,
2025-08-31T08:00:00.000Z,USA,Nevada Power Company,US-NW-NEVP,479.0,580.0,,9.0,,False,
2025-08-31T09:00:00.000Z,USA,Nevada Power Company,US-NW-NEVP,478.0,581.0,,8.0,,False,
2025-08-31T10:00:00.000Z,USA,Nevada Power Company,US-NW-NEVP,475.0,576.0,,9.0,,False,
2025-08-31T11:00:00.000Z,USA,Nevada Power Company,US-NW-NEVP,480.0,581.0,,9.0,,False,
2025-08-31T12:00:00.000Z,USA,Nevada Power Company,US-NW-NEVP,479.0,580.0,,9.0,,False,
2025-08-31T13:00:00.000Z,USA,Nevada Power Company,US-NW-NEVP,477.0,575.0,,11.0,,False,
2025-08-31T14:00:00.000Z,USA,Nevada Power Company,US-NW-NEVP,382.0,463.0,,30.0,,False,
2025-08-31T15:00:00.000Z,USA,Nevada Power Company,US-NW-NEVP,268.0,331.0,,52.0,,False,
2025-08-31T16:00:00.000Z,USA,Nevada Power Company,US-NW-NEVP,246.0,307.0,,55.0,,False,
2025-08-31T17:00:00.000Z,USA,Nevada Power Company,US-NW-NEVP,250.0,312.0,,55.0,,False,
2025-08-31T18:00:00.000Z,USA,Nevada Power Company,US-NW-NEVP,253.0,314.0,,54.0,,False,
2025-08-31T19:00:00.000Z,USA,Nevada Power Company,US-NW-NEVP,262.0,326.0,,52.0,,False,
2025-08-31T20:00:00.000Z,USA,Nevada Power Company,US-NW-NEVP,281.0,348.0,,48.0,,False,
2025-08-31T21:00:00.000Z,USA,Nevada Power Company,US-NW-NEVP,286.0,355.0,,47.0,,False,
2025-08-31T22:00:00.000Z,USA,Nevada Power Company,US-NW-NEVP,298.0,370.0,,43.0,,False,
2025-08-31T23:00:00.000Z,USA,Nevada Power Company,US-NW-NEVP,308.0,383.0,,40.0,,False,
2025-09-01T00:00:00.000Z,USA,Nevada Power Company,US-NW-NEVP,341.0,421.0,,34.0,,False,
2025-09-01T01:00:00.000Z,USA,Nevada Power Company,US-NW-NEVP,350.0,432.0,,32.0,,True,TIME_SLICER_AVERAGE
2025-09-01T02:00:00.000Z,USA,Nevada Power Company,US-NW-NEVP,371.0,456.0,,28.0,,True,TIME_SLICER_AVERAGE
2025-09-01T03:00:00.000Z,USA,Nevada Power Company,US-NW-NEVP,440.0,534.0,,16.0,,True,TIME_SLICER_AVERAGE
2025-09-01T04:00:00.000Z,USA,Nevada Power Company,US-NW-NEVP,454.0,550.0,,14.0,,False,
2025-09-01T05:00:00.000Z,USA,Nevada Power Company,US-NW-NEVP,478.0,576.0,,12.0,,False,
2025-09-01T06:00:00.000Z,USA,Nevada Power Company,US-NW-NEVP,483.0,579.0,,13.0,,False,
2025-09-01T07:00:00.000Z,USA,Nevada Power Company,US-NW-NEVP,489.0,589.0,,10.0,,False,
2025-09-01T08:00:00.000Z,USA,Nevada Power Company,US-NW-NEVP,489.0,589.0,,10.0,,False,
2025-09-01T09:00:00.000Z,USA,Nevada Power Company,US-NW-NEVP,489.0,589.0,,10.0,,False,
2025-09-01T10:00:00.000Z,USA,Nevada Power Company,US-NW-NEVP,486.0,586.0,,9.0,,False,
2025-09-01T11:00:00.000Z,USA,Nevada Power Company,US-NW-NEVP,487.0,586.0,,10.0,,False,
2025-09-01T12:00:00.000Z,USA,Nevada Power Company,US-NW-NEVP,485.0,585.0,,10.0,,False,
2025-09-01T13:00:00.000Z,USA,Nevada Power Company,US-NW-NEVP,477.0,576.0,,11.0,,False,
2025-09-01T14:00:00.000Z,USA,Nevada Power Company,US-NW-NEVP,370.0,455.0,,29.0,,False,
2025-09-01T15:00:00.000Z,USA,Nevada Power Company,US-NW-NEVP,292.0,363.0,,45.0,,False,
2025-09-01T16:00:00.000Z,USA,Nevada Power Company,US-NW-NEVP,265.0,332.0,,50.0,,False,
2025-09-01T17:00:00.000Z,USA,Nevada Power Company,US-NW-NEVP,267.0,331.0,,52.0,,False,
2025-09-01T18:00:00.000Z,USA,Nevada Power Company,US-NW-NEVP,276.0,343.0,,50.0,,False,
2025-09-01T19:00:00.000Z,USA,Nevada Power Company,US-NW-NEVP,278.0,346.0,,48.0,,False,
2025-09-01T20:00:00.000Z,USA,Nevada Power Company,US-NW-NEVP,293.0,366.0,,43.0,,False,
2025-09-01T21:00:00.000Z,USA,Nevada Power Company,US-NW-NEVP,292.0,366.0,,43.0,,False,
2025-09-01T22:00:00.000Z,USA,Nevada Power Company,US-NW-NEVP,308.0,385.0,,39.0,,False,
2025-09-01T23:00:00.000Z,USA,Nevada Power Company,US-NW-NEVP,322.0,400.0,,37.0,,False,
2025-09-02T00:00:00.000Z,USA,Nevada Power Company,US-NW-NEVP,350.0,435.0,,30.0,,False,
2025-09-02T01:00:00.000Z,USA,Nevada Power Company,US-NW-NEVP,350.0,436.0,,28.0,,True,TIME_SLICER_AVERAGE
2025-09-02T02:00:00.000Z,USA,Nevada Power Company,US-NW-NEVP,366.0,455.0,,25.0,,True,TIME_SLICER_AVERAGE
2025-09-02T03:00:00.000Z,USA,Nevada Power Company,US-NW-NEVP,420.0,515.0,,16.0,,True,TIME_SLICER_AVERAGE
2025-09-02T04:00:00.000Z,USA,Nevada Power Company,US-NW-NEVP,430.0,525.0,,15.0,,False,
2025-09-02T05:00:00.000Z,USA,Nevada Power Company,US-NW-NEVP,453.0,550.0,,12.0,,False,
2025-09-02T06:00:00.000Z,USA,Nevada Power Company,US-NW-NEVP,461.0,559.0,,12.0,,False,
2025-09-02T07:00:00.000Z,USA,Nevada Power Company,US-NW-NEVP,482.0,581.0,,10.0,,False,
2025-09-02T08:00:00.000Z,USA,Nevada Power Company,US-NW-NEVP,484.0,583.0,,9.0,,False,
2025-09-02T09:00:00.000Z,USA,Nevada Power Company,US-NW-NEVP,482.0,582.0,,9.0,,False,
2025-09-02T10:00:00.000Z,USA,Nevada Power Company,US-NW-NEVP,485.0,585.0,,9.0,,False,
2025-09-02T11:00:00.000Z,USA,Nevada Power Company,US-NW-NEVP,483.0,583.0,,9.0,,False,
2025-09-02T12:00:00.000Z,USA,Nevada Power Company,US-NW-NEVP,472.0,572.0,,10.0,,False,
2025-09-02T13:00:00.000Z,USA,Nevada Power Company,US-NW-NEVP,468.0,565.0,,11.0,,False,
2025-09-02T14:00:00.000Z,USA,Nevada Power Company,US-NW-NEVP,420.0,512.0,,20.0,,False,
2025-09-02T15:00:00.000Z,USA,Nevada Power Company,US-NW-NEVP,377.0,463.0,,28.0,,False,
2025-09-02T16:00:00.000Z,USA,Nevada Power Company,US-NW-NEVP,371.0,457.0,,29.0,,False,
2025-09-02T17:00:00.000Z,USA,Nevada Power Company,US-NW-NEVP,350.0,433.0,,32.0,,False,
2025-09-02T18:00:00.000Z,USA,Nevada Power Company,US-NW-NEVP,339.0,423.0,,33.0,,False,
2025-09-02T19:00:00.000Z,USA,Nevada Power Company,US-NW-NEVP,344.0,429.0,,31.0,,False,
2025-09-02T20:00:00.000Z,USA,Nevada Power Company,US-NW-NEVP,335.0,420.0,,32.0,,False,
2025-09-02T21:00:00.000Z,USA,Nevada Power Company,US-NW-NEVP,339.0,423.0,,32.0,,False,
2025-09-02T22:00:00.000Z,USA,Nevada Power Company,US-NW-NEVP,368.0,457.0,,26.0,,False,
2025-09-02T23:00:00.000Z,USA,Nevada Power Company,US-NW-NEVP,374.0,464.0,,25.0,,False,
2025-09-03T00:00:00.000Z,USA,Nevada Power Company,US-NW-NEVP,394.0,490.0,,18.0,,False,
2025-09-03T01:00:00.000Z,USA,Nevada Power Company,US-NW-NEVP,403.0,501.0,,16.0,,True,TIME_SLICER_AVERAGE
2025-09-03T02:00:00.000Z,USA,Nevada Power Company,US-NW-NEVP,415.0,515.0,,13.0,,True,TIME_SLICER_AVERAGE
2025-09-03T03:00:00.000Z,USA,Nevada Power Company,US-NW-NEVP,442.0,547.0,,9.0,,True,TIME_SLICER_AVERAGE
2025-09-03T04:00:00.000Z,USA,Nevada Power Company,US-NW-NEVP,455.0,559.0,,7.0,,False,
2025-09-03T05:00:00.000Z,USA,Nevada Power Company,US-NW-NEVP,461.0,567.0,,6.0,,False,
2025-09-03T06:00:00.000Z,USA,Nevada Power Company,US-NW-NEVP,462.0,567.0,,7.0,,False,
2025-09-03T07:00:00.000Z,USA,Nevada Power Company,US-NW-NEVP,478.0,583.0,,7.0,,False,
2025-09-03T08:00:00.000Z,USA,Nevada Power Company,US-NW-NEVP,484.0,588.0,,6.0,,False,
2025-09-03T09:00:00.000Z,USA,Nevada Power Company,US-NW-NEVP,487.0,591.0,,6.0,,False,
2025-09-03T10:00:00.000Z,USA,Nevada Power Company,US-NW-NEVP,493.0,595.0,,7.0,,False,
2025-09-03T11:00:00.000Z,USA,Nevada Power Company,US-NW-NEVP,492.0,593.0,,7.0,,False,
2025-09-03T12:00:00.000Z,USA,Nevada Power Company,US-NW-NEVP,491.0,593.0,,7.0,,False,
2025-09-03T13:00:00.000Z,USA,Nevada Power Company,US-NW-NEVP,491.0,592.0,,7.0,,False,
2025-09-03T14:00:00.000Z,USA,Nevada Power Company,US-NW-NEVP,456.0,553.0,,12.0,,False,
2025-09-03T15:00:00.000Z,USA,Nevada Power Company,US-NW-NEVP,415.0,508.0,,19.0,,False,
2025-09-03T16:00:00.000Z,USA,Nevada Power Company,US-NW-NEVP,380.0,466.0,,26.0,,False,
2025-09-03T17:00:00.000Z,USA,Nevada Power Company,US-NW-NEVP,351.0,430.0,,33.0,,False,
2025-09-03T18:00:00.000Z,USA,Nevada Power Company,US-NW-NEVP,343.0,425.0,,32.0,,False,
2025-09-03T19:00:00.000Z,USA,Nevada Power Company,US-NW-NEVP,326.0,408.0,,34.0,,False,
2025-09-03T20:00:00.000Z,USA,Nevada Power Company,US-NW-NEVP,315.0,396.0,,36.0,,False,
2025-09-03T21:00:00.000Z,USA,Nevada Power Company,US-NW-NEVP,298.0,375.0,,40.0,,False,
2025-09-03T22:00:00.000Z,USA,Nevada Power Company,US-NW-NEVP,299.0,375.0,,40.0,,False,
2025-09-03T23:00:00.000Z,USA,Nevada Power Company,US-NW-NEVP,312.0,389.0,,38.0,,False,
2025-09-04T00:00:00.000Z,USA,Nevada Power Company,US-NW-NEVP,343.0,425.0,,32.0,,True,TIME_SLICER_AVERAGE
2025-09-04T01:00:00.000Z,USA,Nevada Power Company,US-NW-NEVP,368.0,456.0,,26.0,,True,TIME_SLICER_AVERAGE
2025-09-04T02:00:00.000Z,USA,Nevada Power Company,US-NW-NEVP,406.0,499.0,,19.0,,True,TIME_SLICER_AVERAGE
2025-09-04T03:00:00.000Z,USA,Nevada Power Company,US-NW-NEVP,441.0,541.0,,12.0,,False,
2025-09-04T04:00:00.000Z,USA,Nevada Power Company,US-NW-NEVP,450.0,548.0,,12.0,,False,
2025-09-04T05:00:00.000Z,USA,Nevada Power Company,US-NW-NEVP,453.0,553.0,,11.0,,False,
2025-09-04T06:00:00.000Z,USA,Nevada Power Company,US-NW-NEVP,456.0,556.0,,10.0,,False,
2025-09-04T07:00:00.000Z,USA,Nevada Power Company,US-NW-NEVP,470.0,572.0,,9.0,,False,
2025-09-04T08:00:00.000Z,USA,Nevada Power Company,US-NW-NEVP,481.0,581.0,,9.0,,False,
2025-09-04T09:00:00.000Z,USA,Nevada Power Company,US-NW-NEVP,491.0,592.0,,8.0,,True,TIME_SLICER_AVERAGE
2025-09-04T10:00:00.000Z,USA,Nevada Power Company,US-NW-NEVP,487.0,587.0,,9.0,,False,
2025-09-04T11:00:00.000Z,USA,Nevada Power Company,US-NW-NEVP,488.0,588.0,,9.0,,True,TIME_SLICER_AVERAGE
2025-09-04T12:00:00.000Z,USA,Nevada Power Company,US-NW-NEVP,483.0,580.0,,11.0,,False,
2025-09-04T13:00:00.000Z,USA,Nevada Power Company,US-NW-NEVP,480.0,577.0,,11.0,,False,
2025-09-04T14:00:00.000Z,USA,Nevada Power Company,US-NW-NEVP,411.0,502.0,,21.0,,False,
2025-09-04T15:00:00.000Z,USA,Nevada Power Company,US-NW-NEVP,367.0,451.0,,30.0,,False,
2025-09-04T16:00:00.000Z,USA,Nevada Power Company,US-NW-NEVP,341.0,421.0,,35.0,,False,
2025-09-04T17:00:00.000Z,USA,Nevada Power Company,US-NW-NEVP,310.0,385.0,,41.0,,False,
2025-09-04T18:00:00.000Z,USA,Nevada Power Company,US-NW-NEVP,303.0,378.0,,42.0,,False,
2025-09-04T19:00:00.000Z,USA,Nevada Power Company,US-NW-NEVP,300.0,375.0,,41.0,,False,
2025-09-04T20:00:00.000Z,USA,Nevada Power Company,US-NW-NEVP,325.0,405.0,,36.0,,False,
2025-09-04T21:00:00.000Z,USA,Nevada Power Company,US-NW-NEVP,345.0,430.0,,30.0,,False,
2025-09-04T22:00:00.000Z,USA,Nevada Power Company,US-NW-NEVP,345.0,430.0,,30.0,,False,
2025-09-04T23:00:00.000Z,USA,Nevada Power Company,US-NW-NEVP,329.0,412.0,,33.0,,False,
2025-09-05T00:00:00.000Z,USA,Nevada Power Company,US-NW-NEVP,356.0,441.0,,29.0,,False,
2025-09-05T01:00:00.000Z,USA,Nevada Power Company,US-NW-NEVP,374.0,460.0,,27.0,,True,TIME_SLICER_AVERAGE
2025-09-05T02:00:00.000Z,USA,Nevada Power Company,US-NW-NEVP,395.0,483.0,,24.0,,True,TIME_SLICER_AVERAGE
2025-09-05T03:00:00.000Z,USA,Nevada Power Company,US-NW-NEVP,452.0,548.0,,14.0,,True,TIME_SLICER_AVERAGE
2025-09-05T04:00:00.000Z,USA,Nevada Power Company,US-NW-NEVP,463.0,562.0,,11.0,,False,
2025-09-05T05:00:00.000Z,USA,Nevada Power Company,US-NW-NEVP,467.0,568.0,,9.0,,False,
2025-09-05T06:00:00.000Z,USA,Nevada Power Company,US-NW-NEVP,473.0,574.0,,8.0,,False,
2025-09-05T07:00:00.000Z,USA,Nevada Power Company,US-NW-NEVP,484.0,586.0,,7.0,,False,
2025-09-05T08:00:00.000Z,USA,Nevada Power Company,US-NW-NEVP,489.0,593.0,,6.0,,False,
2025-09-05T09:00:00.000Z,USA,Nevada Power Company,US-NW-NEVP,495.0,600.0,,4.0,,False,
2025-09-05T10:00:00.000Z,USA,Nevada Power Company,US-NW-NEVP,485.0,589.0,,5.0,,False,
2025-09-05T11:00:00.000Z,USA,Nevada Power Company,US-NW-NEVP,485.0,589.0,,5.0,,False,
2025-09-05T12:00:00.000Z,USA,Nevada Power Company,US-NW-NEVP,486.0,590.0,,5.0,,False,
2025-09-05T13:00:00.000Z,USA,Nevada Power Company,US-NW-NEVP,494.0,599.0,,4.0,,False,
2025-09-05T14:00:00.000Z,USA,Nevada Power Company,US-NW-NEVP,446.0,539.0,,16.0,,False,
2025-09-05T15:00:00.000Z,USA,Nevada Power Company,US-NW-NEVP,302.0,374.0,,44.0,,False,
2025-09-05T16:00:00.000Z,USA,Nevada Power Company,US-NW-NEVP,291.0,361.0,,46.0,,False,
2025-09-05T17:00:00.000Z,USA,Nevada Power Company,US-NW-NEVP,275.0,343.0,,49.0,,False,
2025-09-05T18:00:00.000Z,USA,Nevada Power Company,US-NW-NEVP,275.0,343.0,,49.0,,False,
2025-09-05T19:00:00.000Z,USA,Nevada Power Company,US-NW-NEVP,268.0,336.0,,49.0,,False,
2025-09-05T20:00:00.000Z,USA,Nevada Power Company,US-NW-NEVP,275.0,345.0,,46.0,,False,
2025-09-05T21:00:00.000Z,USA,Nevada Power Company,US-NW-NEVP,282.0,355.0,,44.0,,False,
2025-09-05T22:00:00.000Z,USA,Nevada Power Company,US-NW-NEVP,304.0,380.0,,39.0,,False,
2025-09-05T23:00:00.000Z,USA,Nevada Power Company,US-NW-NEVP,303.0,378.0,,39.0,,False,
2025-09-06T00:00:00.000Z,USA,Nevada Power Company,US-NW-NEVP,346.0,431.0,,29.0,,False,
2025-09-06T01:00:00.000Z,USA,Nevada Power Company,US-NW-NEVP,367.0,454.0,,26.0,,True,TIME_SLICER_AVERAGE
2025-09-06T02:00:00.000Z,USA,Nevada Power Company,US-NW-NEVP,383.0,475.0,,21.0,,True,TIME_SLICER_AVERAGE
2025-09-06T03:00:00.000Z,USA,Nevada Power Company,US-NW-NEVP,442.0,544.0,,10.0,,True,TIME_SLICER_AVERAGE
2025-09-06T04:00:00.000Z,USA,Nevada Power Company,US-NW-NEVP,452.0,555.0,,8.0,,False,
2025-09-06T05:00:00.000Z,USA,Nevada Power Company,US-NW-NEVP,465.0,568.0,,8.0,,False,
2025-09-06T06:00:00.000Z,USA,Nevada Power Company,US-NW-NEVP,477.0,581.0,,6.0,,False,
2025-09-06T07:00:00.000Z,USA,Nevada Power Company,US-NW-NEVP,467.0,573.0,,5.0,,False,
2025-09-06T08:00:00.000Z,USA,Nevada Power Company,US-NW-NEVP,469.0,575.0,,5.0,,False,
2025-09-06T09:00:00.000Z,USA,Nevada Power Company,US-NW-NEVP,473.0,581.0,,4.0,,False,
2025-09-06T10:00:00.000Z,USA,Nevada Power Company,US-NW-NEVP,466.0,575.0,,4.0,,False,
2025-09-06T11:00:00.000Z,USA,Nevada Power Company,US-NW-NEVP,463.0,570.0,,5.0,,False,
2025-09-06T12:00:00.000Z,USA,Nevada Power Company,US-NW-NEVP,474.0,580.0,,5.0,,False,
2025-09-06T13:00:00.000Z,USA,Nevada Power Company,US-NW-NEVP,466.0,572.0,,6.0,,False,
2025-09-06T14:00:00.000Z,USA,Nevada Power Company,US-NW-NEVP,352.0,438.0,,29.0,,False,
2025-09-06T15:00:00.000Z,USA,Nevada Power Company,US-NW-NEVP,256.0,324.0,,49.0,,False,
2025-09-06T16:00:00.000Z,USA,Nevada Power Company,US-NW-NEVP,230.0,293.0,,55.0,,False,
2025-09-06T17:00:00.000Z,USA,Nevada Power Company,US-NW-NEVP,229.0,293.0,,55.0,,False,
2025-09-06T18:00:00.000Z,USA,Nevada Power Company,US-NW-NEVP,230.0,294.0,,55.0,,False,
2025-09-06T19:00:00.000Z,USA,Nevada Power Company,US-NW-NEVP,233.0,298.0,,54.0,,False,
2025-09-06T20:00:00.000Z,USA,Nevada Power Company,US-NW-NEVP,236.0,302.0,,52.0,,False,
2025-09-06T21:00:00.000Z,USA,Nevada Power Company,US-NW-NEVP,236.0,302.0,,52.0,,False,
2025-09-06T22:00:00.000Z,USA,Nevada Power Company,US-NW-NEVP,257.0,327.0,,48.0,,False,
2025-09-06T23:00:00.000Z,USA,Nevada Power Company,US-NW-NEVP,270.0,342.0,,46.0,,False,
2025-09-07T00:00:00.000Z,USA,Nevada Power Company,US-NW-NEVP,335.0,417.0,,33.0,,False,
2025-09-07T01:00:00.000Z,USA,Nevada Power Company,US-NW-NEVP,363.0,448.0,,28.0,,True,TIME_SLICER_AVERAGE
2025-09-07T02:00:00.000Z,USA,Nevada Power Company,US-NW-NEVP,393.0,482.0,,24.0,,True,TIME_SLICER_AVERAGE
2025-09-07T03:00:00.000Z,USA,Nevada Power Company,US-NW-NEVP,444.0,541.0,,13.0,,True,TIME_SLICER_AVERAGE
2025-09-07T04:00:00.000Z,USA,Nevada Power Company,US-NW-NEVP,443.0,541.0,,13.0,,False,
2025-09-07T05:00:00.000Z,USA,Nevada Power Company,US-NW-NEVP,457.0,556.0,,12.0,,False,
2025-09-07T06:00:00.000Z,USA,Nevada Power Company,US-NW-NEVP,463.0,561.0,,11.0,,False,
2025-09-07T07:00:00.000Z,USA,Nevada Power Company,US-NW-NEVP,454.0,556.0,,9.0,,False,
2025-09-07T08:00:00.000Z,USA,Nevada Power Company,US-NW-NEVP,455.0,558.0,,9.0,,False,
2025-09-07T09:00:00.000Z,USA,Nevada Power Company,US-NW-NEVP,448.0,551.0,,9.0,,False,
2025-09-07T10:00:00.000Z,USA,Nevada Power Company,US-NW-NEVP,446.0,549.0,,9.0,,False,
2025-09-07T11:00:00.000Z,USA,Nevada Power Company,US-NW-NEVP,451.0,553.0,,9.0,,False,
2025-09-07T12:00:00.000Z,USA,Nevada Power Company,US-NW-NEVP,461.0,561.0,,9.0,,False,
2025-09-07T13:00:00.000Z,USA,Nevada Power Company,US-NW-NEVP,462.0,561.0,,11.0,,False,
2025-09-07T14:00:00.000Z,USA,Nevada Power Company,US-NW-NEVP,340.0,416.0,,36.0,,False,
2025-09-07T15:00:00.000Z,USA,Nevada Power Company,US-NW-NEVP,246.0,306.0,,56.0,,False,
2025-09-07T16:00:00.000Z,USA,Nevada Power Company,US-NW-NEVP,228.0,286.0,,60.0,,False,
2025-09-07T17:00:00.000Z,USA,Nevada Power Company,US-NW-NEVP,228.0,287.0,,59.0,,False,
2025-09-07T18:00:00.000Z,USA,Nevada Power Company,US-NW-NEVP,232.0,293.0,,57.0,,False,
2025-09-07T19:00:00.000Z,USA,Nevada Power Company,US-NW-NEVP,235.0,297.0,,56.0,,False,
2025-09-07T20:00:00.000Z,USA,Nevada Power Company,US-NW-NEVP,243.0,308.0,,53.0,,False,
2025-09-07T21:00:00.000Z,USA,Nevada Power Company,US-NW-NEVP,267.0,334.0,,49.0,,False,
2025-09-07T22:00:00.000Z,USA,Nevada Power Company,US-NW-NEVP,272.0,342.0,,47.0,,False,
2025-09-07T23:00:00.000Z,USA,Nevada Power Company,US-NW-NEVP,286.0,358.0,,44.0,,False,
2025-09-08T00:00:00.000Z,USA,Nevada Power Company,US-NW-NEVP,338.0,419.0,,34.0,,False,
2025-09-08T01:00:00.000Z,USA,Nevada Power Company,US-NW-NEVP,337.0,418.0,,33.0,,True,TIME_SLICER_AVERAGE
2025-09-08T02:00:00.000Z,USA,Nevada Power Company,US-NW-NEVP,444.0,506.0,,36.0,,False,
2025-09-08T03:00:00.000Z,USA,Nevada Power Company,US-NW-NEVP,459.0,522.0,,34.0,,False,
2025-09-08T04:00:00.000Z,USA,Nevada Power Company,US-NW-NEVP,489.0,553.0,,32.0,,False,
2025-09-08T05:00:00.000Z,USA,Nevada Power Company,US-NW-NEVP,510.0,574.0,,31.0,,False,
2025-09-08T06:00:00.000Z,USA,Nevada Power Company,US-NW-NEVP,524.0,589.0,,29.0,,False,
2025-09-08T07:00:00.000Z,USA,Nevada Power Company,US-NW-NEVP,500.0,565.0,,31.0,,False,
2025-09-08T08:00:00.000Z,USA,Nevada Power Company,US-NW-NEVP,480.0,545.0,,32.0,,False,
2025-09-08T09:00:00.000Z,USA,Nevada Power Company,US-NW-NEVP,481.0,547.0,,30.0,,False,
2025-09-08T10:00:00.000Z,USA,Nevada Power Company,US-NW-NEVP,487.0,554.0,,29.0,,False,
2025-09-08T11:00:00.000Z,USA,Nevada Power Company,US-NW-NEVP,489.0,556.0,,29.0,,False,
2025-09-08T12:00:00.000Z,USA,Nevada Power Company,US-NW-NEVP,503.0,572.0,,28.0,,False,
2025-09-08T13:00:00.000Z,USA,Nevada Power Company,US-NW-NEVP,510.0,580.0,,26.0,,False,
2025-09-08T14:00:00.000Z,USA,Nevada Power Company,US-NW-NEVP,500.0,566.0,,30.0,,False,
2025-09-08T15:00:00.000Z,USA,Nevada Power Company,US-NW-NEVP,473.0,535.0,,35.0,,False,
2025-09-08T16:00:00.000Z,USA,Nevada Power Company,US-NW-NEVP,445.0,506.0,,38.0,,False,
2025-09-08T17:00:00.000Z,USA,Nevada Power Company,US-NW-NEVP,443.0,504.0,,39.0,,False,
2025-09-08T18:00:00.000Z,USA,Nevada Power Company,US-NW-NEVP,451.0,510.0,,40.0,,False,
2025-09-08T19:00:00.000Z,USA,Nevada Power Company,US-NW-NEVP,444.0,504.0,,40.0,,False,
2025-09-08T20:00:00.000Z,USA,Nevada Power Company,US-NW-NEVP,449.0,510.0,,39.0,,False,
2025-09-08T21:00:00.000Z,USA,Nevada Power Company,US-NW-NEVP,429.0,491.0,,39.0,,False,
2025-09-08T22:00:00.000Z,USA,Nevada Power Company,US-NW-NEVP,434.0,497.0,,37.0,,False,
2025-09-08T23:00:00.000Z,USA,Nevada Power Company,US-NW-NEVP,415.0,477.0,,39.0,,False,
2025-09-09T00:00:00.000Z,USA,Nevada Power Company,US-NW-NEVP,423.0,487.0,,37.0,,False,
2025-09-09T01:00:00.000Z,USA,Nevada Power Company,US-NW-NEVP,385.0,452.0,,36.0,,False,
2025-09-09T02:00:00.000Z,USA,Nevada Power Company,US-NW-NEVP,387.0,453.0,,37.0,,False,
2025-09-09T03:00:00.000Z,USA,Nevada Power Company,US-NW-NEVP,431.0,499.0,,33.0,,False,
2025-09-09T04:00:00.000Z,USA,Nevada Power Company,US-NW-NEVP,445.0,543.0,,13.0,,False,
2025-09-09T05:00:00.000Z,USA,Nevada Power Company,US-NW-NEVP,460.0,560.0,,11.0,,False,
2025-09-09T06:00:00.000Z,USA,Nevada Power Company,US-NW-NEVP,459.0,559.0,,10.0,,False,
2025-09-09T07:00:00.000Z,USA,Nevada Power Company,US-NW-NEVP,456.0,561.0,,8.0,,False,
2025-09-09T08:00:00.000Z,USA,Nevada Power Company,US-NW-NEVP,454.0,559.0,,7.0,,False,
2025-09-09T09:00:00.000Z,USA,Nevada Power Company,US-NW-NEVP,446.0,553.0,,7.0,,False,
2025-09-09T10:00:00.000Z,USA,Nevada Power Company,US-NW-NEVP,450.0,556.0,,7.0,,False,
2025-09-09T11:00:00.000Z,USA,Nevada Power Company,US-NW-NEVP,451.0,557.0,,7.0,,False,
2025-09-09T12:00:00.000Z,USA,Nevada Power Company,US-NW-NEVP,444.0,550.0,,7.0,,False,
2025-09-09T13:00:00.000Z,USA,Nevada Power Company,US-NW-NEVP,453.0,557.0,,8.0,,False,
2025-09-09T14:00:00.000Z,USA,Nevada Power Company,US-NW-NEVP,359.0,443.0,,30.0,,False,
2025-09-09T15:00:00.000Z,USA,Nevada Power Company,US-NW-NEVP,264.0,333.0,,49.0,,False,
2025-09-09T16:00:00.000Z,USA,Nevada Power Company,US-NW-NEVP,239.0,301.0,,55.0,,False,
2025-09-09T17:00:00.000Z,USA,Nevada Power Company,US-NW-NEVP,232.0,293.0,,57.0,,False,
2025-09-09T18:00:00.000Z,USA,Nevada Power Company,US-NW-NEVP,228.0,288.0,,57.0,,False,
2025-09-09T19:00:00.000Z,USA,Nevada Power Company,US-NW-NEVP,232.0,294.0,,56.0,,False,
2025-09-09T20:00:00.000Z,USA,Nevada Power Company,US-NW-NEVP,234.0,298.0,,54.0,,False,
2025-09-09T21:00:00.000Z,USA,Nevada Power Company,US-NW-NEVP,233.0,298.0,,53.0,,False,
2025-09-09T22:00:00.000Z,USA,Nevada Power Company,US-NW-NEVP,251.0,321.0,,48.0,,False,
2025-09-09T23:00:00.000Z,USA,Nevada Power Company,US-NW-NEVP,267.0,340.0,,45.0,,False,
2025-09-10T00:00:00.000Z,USA,Nevada Power Company,US-NW-NEVP,322.0,405.0,,34.0,,False,
2025-09-10T01:00:00.000Z,USA,Nevada Power Company,US-NW-NEVP,329.0,411.0,,33.0,,True,TIME_SLICER_AVERAGE
2025-09-10T02:00:00.000Z,USA,Nevada Power Company,US-NW-NEVP,474.0,543.0,,30.0,,False,
2025-09-10T03:00:00.000Z,USA,Nevada Power Company,US-NW-NEVP,500.0,570.0,,27.0,,False,
2025-09-10T04:00:00.000Z,USA,Nevada Power Company,US-NW-NEVP,468.0,567.0,,11.0,,False,
2025-09-10T05:00:00.000Z,USA,Nevada Power Company,US-NW-NEVP,478.0,578.0,,10.0,,False,
2025-09-10T06:00:00.000Z,USA,Nevada Power Company,US-NW-NEVP,480.0,579.0,,10.0,,False,
2025-09-10T07:00:00.000Z,USA,Nevada Power Company,US-NW-NEVP,470.0,571.0,,10.0,,False,
2025-09-10T08:00:00.000Z,USA,Nevada Power Company,US-NW-NEVP,473.0,574.0,,9.0,,False,
2025-09-10T09:00:00.000Z,USA,Nevada Power Company,US-NW-NEVP,487.0,588.0,,8.0,,False,
2025-09-10T10:00:00.000Z,USA,Nevada Power Company,US-NW-NEVP,485.0,586.0,,8.0,,False,
2025-09-10T11:00:00.000Z,USA,Nevada Power Company,US-NW-NEVP,488.0,589.0,,8.0,,False,
2025-09-10T12:00:00.000Z,USA,Nevada Power Company,US-NW-NEVP,493.0,592.0,,9.0,,False,
2025-09-10T13:00:00.000Z,USA,Nevada Power Company,US-NW-NEVP,476.0,572.0,,12.0,,False,
2025-09-10T14:00:00.000Z,USA,Nevada Power Company,US-NW-NEVP,363.0,442.0,,33.0,,False,
2025-09-10T15:00:00.000Z,USA,Nevada Power Company,US-NW-NEVP,263.0,324.0,,54.0,,False,
2025-09-10T16:00:00.000Z,USA,Nevada Power Company,US-NW-NEVP,223.0,278.0,,61.0,,False,
2025-09-10T17:00:00.000Z,USA,Nevada Power Company,US-NW-NEVP,221.0,277.0,,61.0,,False,
2025-09-10T18:00:00.000Z,USA,Nevada Power Company,US-NW-NEVP,225.0,282.0,,60.0,,False,
2025-09-10T19:00:00.000Z,USA,Nevada Power Company,US-NW-NEVP,234.0,292.0,,58.0,,False,
2025-09-10T20:00:00.000Z,USA,Nevada Power Company,US-NW-NEVP,238.0,298.0,,56.0,,False,
2025-09-10T21:00:00.000Z,USA,Nevada Power Company,US-NW-NEVP,237.0,297.0,,56.0,,False,
2025-09-10T22:00:00.000Z,USA,Nevada Power Company,US-NW-NEVP,243.0,305.0,,55.0,,False,
2025-09-10T23:00:00.000Z,USA,Nevada Power Company,US-NW-NEVP,258.0,325.0,,50.0,,False,
2025-09-11T00:00:00.000Z,USA,Nevada Power Company,US-NW-NEVP,323.0,403.0,,35.0,,False,
2025-09-11T01:00:00.000Z,USA,Nevada Power Company,US-NW-NEVP,452.0,519.0,,32.0,,False,
2025-09-11T02:00:00.000Z,USA,Nevada Power Company,US-NW-NEVP,471.0,537.0,,32.0,,False,
2025-09-11T03:00:00.000Z,USA,Nevada Power Company,US-NW-NEVP,426.0,518.0,,17.0,,False,
2025-09-11T04:00:00.000Z,USA,Nevada Power Company,US-NW-NEVP,445.0,538.0,,16.0,,False,
2025-09-11T05:00:00.000Z,USA,Nevada Power Company,US-NW-NEVP,456.0,550.0,,14.0,,False,
2025-09-11T06:00:00.000Z,USA,Nevada Power Company,US-NW-NEVP,460.0,556.0,,13.0,,False,
2025-09-11T07:00:00.000Z,USA,Nevada Power Company,US-NW-NEVP,452.0,551.0,,12.0,,False,
2025-09-11T08:00:00.000Z,USA,Nevada Power Company,US-NW-NEVP,453.0,550.0,,12.0,,False,
2025-09-11T09:00:00.000Z,USA,Nevada Power Company,US-NW-NEVP,457.0,553.0,,13.0,,False,
2025-09-11T10:00:00.000Z,USA,Nevada Power Company,US-NW-NEVP,465.0,561.0,,12.0,,False,
2025-09-11T11:00:00.000Z,USA,Nevada Power Company,US-NW-NEVP,464.0,561.0,,11.0,,False,
2025-09-11T12:00:00.000Z,USA,Nevada Power Company,US-NW-NEVP,456.0,553.0,,12.0,,False,
2025-09-11T13:00:00.000Z,USA,Nevada Power Company,US-NW-NEVP,438.0,532.0,,15.0,,False,
2025-09-11T14:00:00.000Z,USA,Nevada Power Company,US-NW-NEVP,331.0,405.0,,39.0,,False,
2025-09-11T15:00:00.000Z,USA,Nevada Power Company,US-NW-NEVP,214.0,264.0,,65.0,,False,
2025-09-11T16:00:00.000Z,USA,Nevada Power Company,US-NW-NEVP,189.0,236.0,,70.0,,False,
2025-09-11T17:00:00.000Z,USA,Nevada Power Company,US-NW-NEVP,183.0,230.0,,70.0,,False,
2025-09-11T18:00:00.000Z,USA,Nevada Power Company,US-NW-NEVP,190.0,237.0,,69.0,,False,
2025-09-11T19:00:00.000Z,USA,Nevada Power Company,US-NW-NEVP,198.0,248.0,,67.0,,False,
2025-09-11T20:00:00.000Z,USA,Nevada Power Company,US-NW-NEVP,206.0,258.0,,65.0,,False,
2025-09-11T21:00:00.000Z,USA,Nevada Power Company,US-NW-NEVP,217.0,271.0,,62.0,,False,
2025-09-11T22:00:00.000Z,USA,Nevada Power Company,US-NW-NEVP,226.0,284.0,,59.0,,False,
2025-09-11T23:00:00.000Z,USA,Nevada Power Company,US-NW-NEVP,243.0,306.0,,53.0,,False,
2025-09-12T00:00:00.000Z,USA,Nevada Power Company,US-NW-NEVP,308.0,382.0,,39.0,,False,
2025-09-12T01:00:00.000Z,USA,Nevada Power Company,US-NW-NEVP,401.0,491.0,,21.0,,False,
2025-09-12T02:00:00.000Z,USA,Nevada Power Company,US-NW-NEVP,419.0,512.0,,17.0,,True,TIME_SLICER_AVERAGE
2025-09-12T03:00:00.000Z,USA,Nevada Power Company,US-NW-NEVP,432.0,527.0,,16.0,,False,
2025-09-12T04:00:00.000Z,USA,Nevada Power Company,US-NW-NEVP,455.0,551.0,,14.0,,False,
2025-09-12T05:00:00.000Z,USA,Nevada Power Company,US-NW-NEVP,466.0,564.0,,11.0,,False,
2025-09-12T06:00:00.000Z,USA,Nevada Power Company,US-NW-NEVP,470.0,569.0,,10.0,,False,
2025-09-12T07:00:00.000Z,USA,Nevada Power Company,US-NW-NEVP,472.0,573.0,,9.0,,True,TIME_SLICER_AVERAGE
2025-09-12T08:00:00.000Z,USA,Nevada Power Company,US-NW-NEVP,465.0,566.0,,9.0,,False,
2025-09-12T09:00:00.000Z,USA,Nevada Power Company,US-NW-NEVP,449.0,550.0,,10.0,,False,
2025-09-12T10:00:00.000Z,USA,Nevada Power Company,US-NW-NEVP,442.0,543.0,,10.0,,False,
2025-09-12T11:00:00.000Z,USA,Nevada Power Company,US-NW-NEVP,445.0,545.0,,10.0,,False,
2025-09-12T12:00:00.000Z,USA,Nevada Power Company,US-NW-NEVP,448.0,548.0,,10.0,,False,
2025-09-12T13:00:00.000Z,USA,Nevada Power Company,US-NW-NEVP,430.0,527.0,,13.0,,False,
2025-09-12T14:00:00.000Z,USA,Nevada Power Company,US-NW-NEVP,322.0,399.0,,36.0,,False,
2025-09-12T15:00:00.000Z,USA,Nevada Power Company,US-NW-NEVP,231.0,291.0,,57.0,,False,
2025-09-12T16:00:00.000Z,USA,Nevada Power Company,US-NW-NEVP,207.0,262.0,,62.0,,False,
2025-09-12T17:00:00.000Z,USA,Nevada Power Company,US-NW-NEVP,195.0,251.0,,63.0,,False,
2025-09-12T18:00:00.000Z,USA,Nevada Power Company,US-NW-NEVP,192.0,248.0,,63.0,,False,
2025-09-12T19:00:00.000Z,USA,Nevada Power Company,US-NW-NEVP,200.0,258.0,,61.0,,False,
2025-09-12T20:00:00.000Z,USA,Nevada Power Company,US-NW-NEVP,207.0,266.0,,60.0,,False,
2025-09-12T21:00:00.000Z,USA,Nevada Power Company,US-NW-NEVP,217.0,279.0,,57.0,,False,
2025-09-12T22:00:00.000Z,USA,Nevada Power Company,US-NW-NEVP,227.0,293.0,,53.0,,False,
2025-09-12T23:00:00.000Z,USA,Nevada Power Company,US-NW-NEVP,245.0,315.0,,49.0,,False,
2025-09-13T00:00:00.000Z,USA,Nevada Power Company,US-NW-NEVP,325.0,409.0,,32.0,,False,
2025-09-13T01:00:00.000Z,USA,Nevada Power Company,US-NW-NEVP,392.0,487.0,,19.0,,False,
2025-09-13T02:00:00.000Z,USA,Nevada Power Company,US-NW-NEVP,411.0,507.0,,16.0,,True,TIME_SLICER_AVERAGE
2025-09-13T03:00:00.000Z,USA,Nevada Power Company,US-NW-NEVP,421.0,516.0,,15.0,,True,TIME_SLICER_AVERAGE
2025-09-13T04:00:00.000Z,USA,Nevada Power Company,US-NW-NEVP,439.0,534.0,,14.0,,False,
2025-09-13T05:00:00.000Z,USA,Nevada Power Company,US-NW-NEVP,456.0,553.0,,13.0,,False,
2025-09-13T06:00:00.000Z,USA,Nevada Power Company,US-NW-NEVP,465.0,563.0,,11.0,,False,
2025-09-13T07:00:00.000Z,USA,Nevada Power Company,US-NW-NEVP,473.0,576.0,,8.0,,True,TIME_SLICER_AVERAGE
2025-09-13T08:00:00.000Z,USA,Nevada Power Company,US-NW-NEVP,475.0,579.0,,7.0,,False,
2025-09-13T09:00:00.000Z,USA,Nevada Power Company,US-NW-NEVP,475.0,579.0,,7.0,,False,
2025-09-13T10:00:00.000Z,USA,Nevada Power Company,US-NW-NEVP,475.0,578.0,,7.0,,False,
2025-09-13T11:00:00.000Z,USA,Nevada Power Company,US-NW-NEVP,479.0,580.0,,7.0,,False,
2025-09-13T12:00:00.000Z,USA,Nevada Power Company,US-NW-NEVP,480.0,580.0,,8.0,,False,
2025-09-13T13:00:00.000Z,USA,Nevada Power Company,US-NW-NEVP,462.0,561.0,,11.0,,False,
2025-09-13T14:00:00.000Z,USA,Nevada Power Company,US-NW-NEVP,343.0,418.0,,37.0,,False,
2025-09-13T15:00:00.000Z,USA,Nevada Power Company,US-NW-NEVP,230.0,286.0,,60.0,,False,
2025-09-13T16:00:00.000Z,USA,Nevada Power Company,US-NW-NEVP,205.0,258.0,,63.0,,False,
2025-09-13T17:00:00.000Z,USA,Nevada Power Company,US-NW-NEVP,203.0,256.0,,64.0,,False,
2025-09-13T18:00:00.000Z,USA,Nevada Power Company,US-NW-NEVP,204.0,258.0,,63.0,,False,
2025-09-13T19:00:00.000Z,USA,Nevada Power Company,US-NW-NEVP,207.0,262.0,,62.0,,False,
2025-09-13T20:00:00.000Z,USA,Nevada Power Company,US-NW-NEVP,208.0,265.0,,61.0,,False,
2025-09-13T21:00:00.000Z,USA,Nevada Power Company,US-NW-NEVP,209.0,267.0,,60.0,,False,
2025-09-13T22:00:00.000Z,USA,Nevada Power Company,US-NW-NEVP,225.0,287.0,,56.0,,False,
2025-09-13T23:00:00.000Z,USA,Nevada Power Company,US-NW-NEVP,246.0,311.0,,52.0,,False,
2025-09-14T00:00:00.000Z,USA,Nevada Power Company,US-NW-NEVP,319.0,397.0,,36.0,,False,
2025-09-14T01:00:00.000Z,USA,Nevada Power Company,US-NW-NEVP,346.0,428.0,,31.0,,True,TIME_SLICER_AVERAGE
2025-09-14T02:00:00.000Z,USA,Nevada Power Company,US-NW-NEVP,440.0,539.0,,12.0,,True,TIME_SLICER_AVERAGE
2025-09-14T03:00:00.000Z,USA,Nevada Power Company,US-NW-NEVP,442.0,543.0,,11.0,,True,TIME_SLICER_AVERAGE
2025-09-14T04:00:00.000Z,USA,Nevada Power Company,US-NW-NEVP,451.0,552.0,,10.0,,False,
2025-09-14T05:00:00.000Z,USA,Nevada Power Company,US-NW-NEVP,460.0,563.0,,8.0,,False,
2025-09-14T06:00:00.000Z,USA,Nevada Power Company,US-NW-NEVP,460.0,564.0,,8.0,,False,
2025-09-14T07:00:00.000Z,USA,Nevada Power Company,US-NW-NEVP,469.0,574.0,,7.0,,True,TIME_SLICER_AVERAGE
2025-09-14T08:00:00.000Z,USA,Nevada Power Company,US-NW-NEVP,468.0,572.0,,8.0,,False,
2025-09-14T09:00:00.000Z,USA,Nevada Power Company,US-NW-NEVP,459.0,561.0,,8.0,,False,
2025-09-14T10:00:00.000Z,USA,Nevada Power Company,US-NW-NEVP,457.0,560.0,,8.0,,False,
2025-09-14T11:00:00.000Z,USA,Nevada Power Company,US-NW-NEVP,454.0,555.0,,9.0,,False,
2025-09-14T12:00:00.000Z,USA,Nevada Power Company,US-NW-NEVP,459.0,560.0,,9.0,,False,
2025-09-14T13:00:00.000Z,USA,Nevada Power Company,US-NW-NEVP,439.0,536.0,,13.0,,False,
2025-09-14T14:00:00.000Z,USA,Nevada Power Company,US-NW-NEVP,325.0,396.0,,41.0,,False,
2025-09-14T15:00:00.000Z,USA,Nevada Power Company,US-NW-NEVP,225.0,278.0,,62.0,,False,
2025-09-14T16:00:00.000Z,USA,Nevada Power Company,US-NW-NEVP,189.0,240.0,,67.0,,False,
2025-09-14T17:00:00.000Z,USA,Nevada Power Company,US-NW-NEVP,186.0,236.0,,68.0,,False,
2025-09-14T18:00:00.000Z,USA,Nevada Power Company,US-NW-NEVP,188.0,240.0,,66.0,,False,
2025-09-14T19:00:00.000Z,USA,Nevada Power Company,US-NW-NEVP,205.0,261.0,,62.0,,False,
2025-09-14T20:00:00.000Z,USA,Nevada Power Company,US-NW-NEVP,212.0,270.0,,60.0,,False,
2025-09-14T21:00:00.000Z,USA,Nevada Power Company,US-NW-NEVP,224.0,285.0,,58.0,,False,
2025-09-14T22:00:00.000Z,USA,Nevada Power Company,US-NW-NEVP,237.0,300.0,,55.0,,False,
2025-09-14T23:00:00.000Z,USA,Nevada Power Company,US-NW-NEVP,255.0,321.0,,51.0,,False,
2025-09-15T00:00:00.000Z,USA,Nevada Power Company,US-NW-NEVP,331.0,410.0,,36.0,,False,
2025-09-15T01:00:00.000Z,USA,Nevada Power Company,US-NW-NEVP,334.0,413.0,,35.0,,True,TIME_SLICER_AVERAGE
2025-09-15T02:00:00.000Z,USA,Nevada Power Company,US-NW-NEVP,430.0,525.0,,16.0,,True,TIME_SLICER_AVERAGE
2025-09-15T03:00:00.000Z,USA,Nevada Power Company,US-NW-NEVP,422.0,515.0,,17.0,,True,TIME_SLICER_AVERAGE
2025-09-15T04:00:00.000Z,USA,Nevada Power Company,US-NW-NEVP,420.0,487.0,,34.0,,False,
2025-09-15T05:00:00.000Z,USA,Nevada Power Company,US-NW-NEVP,444.0,513.0,,32.0,,False,
2025-09-15T06:00:00.000Z,USA,Nevada Power Company,US-NW-NEVP,455.0,525.0,,31.0,,False,
2025-09-15T07:00:00.000Z,USA,Nevada Power Company,US-NW-NEVP,500.0,572.0,,27.0,,False,
2025-09-15T08:00:00.000Z,USA,Nevada Power Company,US-NW-NEVP,531.0,607.0,,22.0,,False,
2025-09-15T09:00:00.000Z,USA,Nevada Power Company,US-NW-NEVP,531.0,605.0,,23.0,,False,
2025-09-15T10:00:00.000Z,USA,Nevada Power Company,US-NW-NEVP,530.0,606.0,,21.0,,False,
2025-09-15T11:00:00.000Z,USA,Nevada Power Company,US-NW-NEVP,533.0,610.0,,20.0,,False,
2025-09-15T12:00:00.000Z,USA,Nevada Power Company,US-NW-NEVP,524.0,601.0,,20.0,,False,
2025-09-15T13:00:00.000Z,USA,Nevada Power Company,US-NW-NEVP,518.0,594.0,,23.0,,False,
2025-09-15T14:00:00.000Z,USA,Nevada Power Company,US-NW-NEVP,540.0,613.0,,24.0,,False,
2025-09-15T15:00:00.000Z,USA,Nevada Power Company,US-NW-NEVP,454.0,523.0,,34.0,,False,
2025-09-15T16:00:00.000Z,USA,Nevada Power Company,US-NW-NEVP,406.0,474.0,,39.0,,False,
2025-09-15T17:00:00.000Z,USA,Nevada Power Company,US-NW-NEVP,408.0,478.0,,36.0,,False,
2025-09-15T18:00:00.000Z,USA,Nevada Power Company,US-NW-NEVP,412.0,484.0,,35.0,,False,
2025-09-15T19:00:00.000Z,USA,Nevada Power Company,US-NW-NEVP,412.0,484.0,,35.0,,False,
2025-09-15T20:00:00.000Z,USA,Nevada Power Company,US-NW-NEVP,406.0,476.0,,35.0,,False,
2025-09-15T21:00:00.000Z,USA,Nevada Power Company,US-NW-NEVP,400.0,468.0,,38.0,,False,
2025-09-15T22:00:00.000Z,USA,Nevada Power Company,US-NW-NEVP,408.0,477.0,,38.0,,False,
2025-09-15T23:00:00.000Z,USA,Nevada Power Company,US-NW-NEVP,430.0,498.0,,37.0,,False,
2025-09-16T00:00:00.000Z,USA,Nevada Power Company,US-NW-NEVP,439.0,511.0,,33.0,,False,
2025-09-16T01:00:00.000Z,USA,Nevada Power Company,US-NW-NEVP,404.0,474.0,,35.0,,False,
2025-09-16T02:00:00.000Z,USA,Nevada Power Company,US-NW-NEVP,409.0,473.0,,36.0,,False,
2025-09-16T03:00:00.000Z,USA,Nevada Power Company,US-NW-NEVP,430.0,495.0,,35.0,,False,
2025-09-16T04:00:00.000Z,USA,Nevada Power Company,US-NW-NEVP,409.0,475.0,,36.0,,False,
2025-09-16T05:00:00.000Z,USA,Nevada Power Company,US-NW-NEVP,458.0,526.0,,31.0,,False,
2025-09-16T06:00:00.000Z,USA,Nevada Power Company,US-NW-NEVP,457.0,526.0,,30.0,,False,
2025-09-16T07:00:00.000Z,USA,Nevada Power Company,US-NW-NEVP,533.0,603.0,,25.0,,False,
2025-09-16T08:00:00.000Z,USA,Nevada Power Company,US-NW-NEVP,552.0,625.0,,21.0,,False,
2025-09-16T09:00:00.000Z,USA,Nevada Power Company,US-NW-NEVP,565.0,638.0,,20.0,,False,
2025-09-16T10:00:00.000Z,USA,Nevada Power Company,US-NW-NEVP,563.0,637.0,,20.0,,False,
2025-09-16T11:00:00.000Z,USA,Nevada Power Company,US-NW-NEVP,557.0,631.0,,20.0,,False,
2025-09-16T12:00:00.000Z,USA,Nevada Power Company,US-NW-NEVP,541.0,613.0,,22.0,,False,
2025-09-16T13:00:00.000Z,USA,Nevada Power Company,US-NW-NEVP,525.0,596.0,,23.0,,False,
2025-09-16T14:00:00.000Z,USA,Nevada Power Company,US-NW-NEVP,561.0,631.0,,23.0,,False,
2025-09-16T15:00:00.000Z,USA,Nevada Power Company,US-NW-NEVP,502.0,568.0,,31.0,,False,
2025-09-16T16:00:00.000Z,USA,Nevada Power Company,US-NW-NEVP,454.0,518.0,,35.0,,False,
2025-09-16T17:00:00.000Z,USA,Nevada Power Company,US-NW-NEVP,430.0,493.0,,37.0,,False,
2025-09-16T18:00:00.000Z,USA,Nevada Power Company,US-NW-NEVP,432.0,496.0,,37.0,,False,
2025-09-16T19:00:00.000Z,USA,Nevada Power Company,US-NW-NEVP,438.0,503.0,,36.0,,False,
2025-09-16T20:00:00.000Z,USA,Nevada Power Company,US-NW-NEVP,445.0,512.0,,34.0,,False,
2025-09-16T21:00:00.000Z,USA,Nevada Power Company,US-NW-NEVP,447.0,513.0,,36.0,,False,
2025-09-16T22:00:00.000Z,USA,Nevada Power Company,US-NW-NEVP,468.0,532.0,,36.0,,False,
2025-09-16T23:00:00.000Z,USA,Nevada Power Company,US-NW-NEVP,495.0,559.0,,34.0,,False,
2025-09-17T00:00:00.000Z,USA,Nevada Power Company,US-NW-NEVP,482.0,548.0,,34.0,,False,
2025-09-17T01:00:00.000Z,USA,Nevada Power Company,US-NW-NEVP,458.0,525.0,,34.0,,False,
2025-09-17T02:00:00.000Z,USA,Nevada Power Company,US-NW-NEVP,471.0,539.0,,32.0,,False,
2025-09-17T03:00:00.000Z,USA,Nevada Power Company,US-NW-NEVP,491.0,565.0,,23.0,,False,
2025-09-17T04:00:00.000Z,USA,Nevada Power Company,US-NW-NEVP,445.0,544.0,,12.0,,False,
2025-09-17T05:00:00.000Z,USA,Nevada Power Company,US-NW-NEVP,460.0,562.0,,9.0,,False,
2025-09-17T06:00:00.000Z,USA,Nevada Power Company,US-NW-NEVP,475.0,578.0,,7.0,,False,
2025-09-17T07:00:00.000Z,USA,Nevada Power Company,US-NW-NEVP,484.0,590.0,,5.0,,False,
2025-09-17T08:00:00.000Z,USA,Nevada Power Company,US-NW-NEVP,486.0,591.0,,5.0,,False,
2025-09-17T09:00:00.000Z,USA,Nevada Power Company,US-NW-NEVP,484.0,591.0,,5.0,,False,
2025-09-17T10:00:00.000Z,USA,Nevada Power Company,US-NW-NEVP,480.0,585.0,,5.0,,False,
2025-09-17T11:00:00.000Z,USA,Nevada Power Company,US-NW-NEVP,485.0,590.0,,5.0,,False,
2025-09-17T12:00:00.000Z,USA,Nevada Power Company,US-NW-NEVP,478.0,583.0,,6.0,,False,
2025-09-17T13:00:00.000Z,USA,Nevada Power Company,US-NW-NEVP,462.0,564.0,,8.0,,False,
2025-09-17T14:00:00.000Z,USA,Nevada Power Company,US-NW-NEVP,374.0,458.0,,30.0,,False,
2025-09-17T15:00:00.000Z,USA,Nevada Power Company,US-NW-NEVP,280.0,345.0,,50.0,,False,
2025-09-17T16:00:00.000Z,USA,Nevada Power Company,US-NW-NEVP,252.0,313.0,,55.0,,False,
2025-09-17T17:00:00.000Z,USA,Nevada Power Company,US-NW-NEVP,254.0,317.0,,54.0,,False,
2025-09-17T18:00:00.000Z,USA,Nevada Power Company,US-NW-NEVP,260.0,326.0,,51.0,,False,
2025-09-17T19:00:00.000Z,USA,Nevada Power Company,US-NW-NEVP,266.0,336.0,,48.0,,False,
2025-09-17T20:00:00.000Z,USA,Nevada Power Company,US-NW-NEVP,284.0,358.0,,44.0,,False,
2025-09-17T21:00:00.000Z,USA,Nevada Power Company,US-NW-NEVP,289.0,362.0,,44.0,,False,
2025-09-17T22:00:00.000Z,USA,Nevada Power Company,US-NW-NEVP,295.0,367.0,,43.0,,False,
2025-09-17T23:00:00.000Z,USA,Nevada Power Company,US-NW-NEVP,305.0,380.0,,41.0,,False,
2025-09-18T00:00:00.000Z,USA,Nevada Power Company,US-NW-NEVP,356.0,438.0,,31.0,,False,
2025-09-18T01:00:00.000Z,USA,Nevada Power Company,US-NW-NEVP,364.0,450.0,,26.0,,True,TIME_SLICER_AVERAGE
2025-09-18T02:00:00.000Z,USA,Nevada Power Company,US-NW-NEVP,433.0,531.0,,12.0,,True,TIME_SLICER_AVERAGE
2025-09-18T03:00:00.000Z,USA,Nevada Power Company,US-NW-NEVP,449.0,546.0,,13.0,,True,TIME_SLICER_AVERAGE
2025-09-18T04:00:00.000Z,USA,Nevada Power Company,US-NW-NEVP,451.0,549.0,,12.0,,False,
2025-09-18T05:00:00.000Z,USA,Nevada Power Company,US-NW-NEVP,464.0,565.0,,10.0,,False,
2025-09-18T06:00:00.000Z,USA,Nevada Power Company,US-NW-NEVP,467.0,569.0,,9.0,,False,
2025-09-18T07:00:00.000Z,USA,Nevada Power Company,US-NW-NEVP,480.0,583.0,,7.0,,False,
2025-09-18T08:00:00.000Z,USA,Nevada Power Company,US-NW-NEVP,483.0,587.0,,7.0,,False,
2025-09-18T09:00:00.000Z,USA,Nevada Power Company,US-NW-NEVP,488.0,592.0,,7.0,,False,
2025-09-18T10:00:00.000Z,USA,Nevada Power Company,US-NW-NEVP,492.0,595.0,,6.0,,False,
2025-09-18T11:00:00.000Z,USA,Nevada Power Company,US-NW-NEVP,493.0,595.0,,7.0,,False,
2025-09-18T12:00:00.000Z,USA,Nevada Power Company,US-NW-NEVP,487.0,589.0,,7.0,,False,
2025-09-18T13:00:00.000Z,USA,Nevada Power Company,US-NW-NEVP,479.0,578.0,,10.0,,False,
2025-09-18T14:00:00.000Z,USA,Nevada Power Company,US-NW-NEVP,435.0,523.0,,22.0,,False,
2025-09-18T15:00:00.000Z,USA,Nevada Power Company,US-NW-NEVP,402.0,483.0,,30.0,,False,
2025-09-18T16:00:00.000Z,USA,Nevada Power Company,US-NW-NEVP,370.0,448.0,,35.0,,False,
2025-09-18T17:00:00.000Z,USA,Nevada Power Company,US-NW-NEVP,376.0,456.0,,33.0,,False,
2025-09-18T18:00:00.000Z,USA,Nevada Power Company,US-NW-NEVP,388.0,469.0,,30.0,,False,
2025-09-18T19:00:00.000Z,USA,Nevada Power Company,US-NW-NEVP,403.0,490.0,,25.0,,False,
2025-09-18T20:00:00.000Z,USA,Nevada Power Company,US-NW-NEVP,414.0,505.0,,22.0,,False,
2025-09-18T21:00:00.000Z,USA,Nevada Power Company,US-NW-NEVP,427.0,522.0,,18.0,,False,
2025-09-18T22:00:00.000Z,USA,Nevada Power Company,US-NW-NEVP,442.0,540.0,,14.0,,False,
2025-09-18T23:00:00.000Z,USA,Nevada Power Company,US-NW-NEVP,449.0,549.0,,12.0,,False,
2025-09-19T00:00:00.000Z,USA,Nevada Power Company,US-NW-NEVP,446.0,547.0,,12.0,,False,
2025-09-19T01:00:00.000Z,USA,Nevada Power Company,US-NW-NEVP,440.0,540.0,,12.0,,True,TIME_SLICER_AVERAGE
2025-09-19T02:00:00.000Z,USA,Nevada Power Company,US-NW-NEVP,453.0,553.0,,11.0,,True,TIME_SLICER_AVERAGE
2025-09-19T03:00:00.000Z,USA,Nevada Power Company,US-NW-NEVP,458.0,556.0,,12.0,,False,
2025-09-19T04:00:00.000Z,USA,Nevada Power Company,US-NW-NEVP,461.0,560.0,,11.0,,False,
2025-09-19T05:00:00.000Z,USA,Nevada Power Company,US-NW-NEVP,472.0,573.0,,9.0,,True,TIME_SLICER_AVERAGE
2025-09-19T06:00:00.000Z,USA,Nevada Power Company,US-NW-NEVP,480.0,583.0,,8.0,,True,TIME_SLICER_AVERAGE
2025-09-19T07:00:00.000Z,USA,Nevada Power Company,US-NW-NEVP,483.0,587.0,,6.0,,False,
2025-09-19T08:00:00.000Z,USA,Nevada Power Company,US-NW-NEVP,484.0,586.0,,7.0,,False,
2025-09-19T09:00:00.000Z,USA,Nevada Power Company,US-NW-NEVP,498.0,599.0,,6.0,,False,
2025-09-19T10:00:00.000Z,USA,Nevada Power Company,US-NW-NEVP,495.0,597.0,,6.0,,False,
2025-09-19T11:00:00.000Z,USA,Nevada Power Company,US-NW-NEVP,502.0,602.0,,6.0,,False,
2025-09-19T12:00:00.000Z,USA,Nevada Power Company,US-NW-NEVP,498.0,597.0,,7.0,,False,
2025-09-19T13:00:00.000Z,USA,Nevada Power Company,US-NW-NEVP,486.0,583.0,,9.0,,False,
2025-09-19T14:00:00.000Z,USA,Nevada Power Company,US-NW-NEVP,407.0,494.0,,23.0,,False,
2025-09-19T15:00:00.000Z,USA,Nevada Power Company,US-NW-NEVP,323.0,396.0,,41.0,,False,
2025-09-19T16:00:00.000Z,USA,Nevada Power Company,US-NW-NEVP,309.0,377.0,,45.0,,False,
2025-09-19T17:00:00.000Z,USA,Nevada Power Company,US-NW-NEVP,291.0,357.0,,49.0,,False,
2025-09-19T18:00:00.000Z,USA,Nevada Power Company,US-NW-NEVP,287.0,353.0,,48.0,,False,
2025-09-19T19:00:00.000Z,USA,Nevada Power Company,US-NW-NEVP,315.0,388.0,,42.0,,False,
2025-09-19T20:00:00.000Z,USA,Nevada Power Company,US-NW-NEVP,324.0,398.0,,39.0,,False,
2025-09-19T21:00:00.000Z,USA,Nevada Power Company,US-NW-NEVP,312.0,385.0,,41.0,,False,
2025-09-19T22:00:00.000Z,USA,Nevada Power Company,US-NW-NEVP,322.0,396.0,,39.0,,False,
2025-09-19T23:00:00.000Z,USA,Nevada Power Company,US-NW-NEVP,357.0,439.0,,31.0,,False,
2025-09-20T00:00:00.000Z,USA,Nevada Power Company,US-NW-NEVP,390.0,478.0,,23.0,,False,
2025-09-20T01:00:00.000Z,USA,Nevada Power Company,US-NW-NEVP,404.0,496.0,,20.0,,True,TIME_SLICER_AVERAGE
2025-09-20T02:00:00.000Z,USA,Nevada Power Company,US-NW-NEVP,443.0,540.0,,13.0,,True,TIME_SLICER_AVERAGE
2025-09-20T03:00:00.000Z,USA,Nevada Power Company,US-NW-NEVP,441.0,537.0,,15.0,,False,
2025-09-20T04:00:00.000Z,USA,Nevada Power Company,US-NW-NEVP,436.0,531.0,,15.0,,False,
2025-09-20T05:00:00.000Z,USA,Nevada Power Company,US-NW-NEVP,458.0,556.0,,12.0,,False,
2025-09-20T06:00:00.000Z,USA,Nevada Power Company,US-NW-NEVP,463.0,562.0,,11.0,,False,
2025-09-20T07:00:00.000Z,USA,Nevada Power Company,US-NW-NEVP,482.0,582.0,,9.0,,True,TIME_SLICER_AVERAGE
2025-09-20T08:00:00.000Z,USA,Nevada Power Company,US-NW-NEVP,490.0,591.0,,8.0,,False,
2025-09-20T09:00:00.000Z,USA,Nevada Power Company,US-NW-NEVP,486.0,585.0,,9.0,,False,
2025-09-20T10:00:00.000Z,USA,Nevada Power Company,US-NW-NEVP,478.0,577.0,,9.0,,False,
2025-09-20T11:00:00.000Z,USA,Nevada Power Company,US-NW-NEVP,473.0,572.0,,9.0,,False,
2025-09-20T12:00:00.000Z,USA,Nevada Power Company,US-NW-NEVP,468.0,566.0,,10.0,,False,
2025-09-20T13:00:00.000Z,USA,Nevada Power Company,US-NW-NEVP,456.0,553.0,,11.0,,False,
2025-09-20T14:00:00.000Z,USA,Nevada Power Company,US-NW-NEVP,361.0,442.0,,31.0,,False,
2025-09-20T15:00:00.000Z,USA,Nevada Power Company,US-NW-NEVP,264.0,327.0,,52.0,,False,
2025-09-20T16:00:00.000Z,USA,Nevada Power Company,US-NW-NEVP,234.0,293.0,,57.0,,False,
2025-09-20T17:00:00.000Z,USA,Nevada Power Company,US-NW-NEVP,230.0,290.0,,57.0,,False,
2025-09-20T18:00:00.000Z,USA,Nevada Power Company,US-NW-NEVP,237.0,298.0,,56.0,,False,
2025-09-20T19:00:00.000Z,USA,Nevada Power Company,US-NW-NEVP,243.0,305.0,,54.0,,False,
2025-09-20T20:00:00.000Z,USA,Nevada Power Company,US-NW-NEVP,246.0,308.0,,54.0,,False,
2025-09-20T21:00:00.000Z,USA,Nevada Power Company,US-NW-NEVP,248.0,311.0,,53.0,,False,
2025-09-20T22:00:00.000Z,USA,Nevada Power Company,US-NW-NEVP,259.0,324.0,,51.0,,False,
2025-09-20T23:00:00.000Z,USA,Nevada Power Company,US-NW-NEVP,286.0,356.0,,45.0,,False,
2025-09-21T00:00:00.000Z,USA,Nevada Power Company,US-NW-NEVP,360.0,442.0,,31.0,,False,
2025-09-21T01:00:00.000Z,USA,Nevada Power Company,US-NW-NEVP,357.0,439.0,,31.0,,True,TIME_SLICER_AVERAGE
2025-09-21T02:00:00.000Z,USA,Nevada Power Company,US-NW-NEVP,420.0,511.0,,18.0,,False,
2025-09-21T03:00:00.000Z,USA,Nevada Power Company,US-NW-NEVP,424.0,516.0,,18.0,,False,
2025-09-21T04:00:00.000Z,USA,Nevada Power Company,US-NW-NEVP,437.0,532.0,,15.0,,False,
2025-09-21T05:00:00.000Z,USA,Nevada Power Company,US-NW-NEVP,450.0,547.0,,13.0,,False,
2025-09-21T06:00:00.000Z,USA,Nevada Power Company,US-NW-NEVP,461.0,557.0,,13.0,,False,
2025-09-21T07:00:00.000Z,USA,Nevada Power Company,US-NW-NEVP,486.0,584.0,,11.0,,False,
2025-09-21T08:00:00.000Z,USA,Nevada Power Company,US-NW-NEVP,484.0,582.0,,11.0,,False,
2025-09-21T09:00:00.000Z,USA,Nevada Power Company,US-NW-NEVP,482.0,581.0,,10.0,,False,
2025-09-21T10:00:00.000Z,USA,Nevada Power Company,US-NW-NEVP,479.0,576.0,,11.0,,False,
2025-09-21T11:00:00.000Z,USA,Nevada Power Company,US-NW-NEVP,471.0,568.0,,11.0,,False,
2025-09-21T12:00:00.000Z,USA,Nevada Power Company,US-NW-NEVP,468.0,565.0,,11.0,,False,
2025-09-21T13:00:00.000Z,USA,Nevada Power Company,US-NW-NEVP,458.0,555.0,,13.0,,False,
2025-09-21T14:00:00.000Z,USA,Nevada Power Company,US-NW-NEVP,366.0,446.0,,33.0,,False,
2025-09-21T15:00:00.000Z,USA,Nevada Power Company,US-NW-NEVP,264.0,325.0,,55.0,,False,
2025-09-21T16:00:00.000Z,USA,Nevada Power Company,US-NW-NEVP,239.0,297.0,,59.0,,False,
2025-09-21T17:00:00.000Z,USA,Nevada Power Company,US-NW-NEVP,231.0,289.0,,60.0,,False,
2025-09-21T18:00:00.000Z,USA,Nevada Power Company,US-NW-NEVP,243.0,303.0,,57.0,,False,
2025-09-21T19:00:00.000Z,USA,Nevada Power Company,US-NW-NEVP,266.0,331.0,,52.0,,False,
2025-09-21T20:00:00.000Z,USA,Nevada Power Company,US-NW-NEVP,284.0,354.0,,47.0,,False,
2025-09-21T21:00:00.000Z,USA,Nevada Power Company,US-NW-NEVP,297.0,371.0,,42.0,,False,
2025-09-21T22:00:00.000Z,USA,Nevada Power Company,US-NW-NEVP,327.0,407.0,,35.0,,False,
2025-09-21T23:00:00.000Z,USA,Nevada Power Company,US-NW-NEVP,351.0,434.0,,32.0,,False,
2025-09-22T00:00:00.000Z,USA,Nevada Power Company,US-NW-NEVP,459.0,557.0,,12.0,,False,
2025-09-22T01:00:00.000Z,USA,Nevada Power Company,US-NW-NEVP,451.0,546.0,,15.0,,False,
2025-09-22T02:00:00.000Z,USA,Nevada Power Company,US-NW-NEVP,415.0,508.0,,18.0,,False,
2025-09-22T03:00:00.000Z,USA,Nevada Power Company,US-NW-NEVP,429.0,522.0,,17.0,,False,
2025-09-22T04:00:00.000Z,USA,Nevada Power Company,US-NW-NEVP,439.0,533.0,,15.0,,False,
2025-09-22T05:00:00.000Z,USA,Nevada Power Company,US-NW-NEVP,444.0,540.0,,14.0,,False,
2025-09-22T06:00:00.000Z,USA,Nevada Power Company,US-NW-NEVP,445.0,543.0,,13.0,,False,
2025-09-22T07:00:00.000Z,USA,Nevada Power Company,US-NW-NEVP,468.0,565.0,,12.0,,False,
2025-09-22T08:00:00.000Z,USA,Nevada Power Company,US-NW-NEVP,468.0,564.0,,12.0,,False,
2025-09-22T09:00:00.000Z,USA,Nevada Power Company,US-NW-NEVP,467.0,563.0,,12.0,,False,
2025-09-22T10:00:00.000Z,USA,Nevada Power Company,US-NW-NEVP,471.0,567.0,,12.0,,False,
2025-09-22T11:00:00.000Z,USA,Nevada Power Company,US-NW-NEVP,472.0,568.0,,11.0,,False,
2025-09-22T12:00:00.000Z,USA,Nevada Power Company,US-NW-NEVP,470.0,566.0,,11.0,,False,
2025-09-22T13:00:00.000Z,USA,Nevada Power Company,US-NW-NEVP,456.0,551.0,,13.0,,False,
2025-09-22T14:00:00.000Z,USA,Nevada Power Company,US-NW-NEVP,399.0,482.0,,28.0,,False,
2025-09-22T15:00:00.000Z,USA,Nevada Power Company,US-NW-NEVP,278.0,341.0,,52.0,,False,
2025-09-22T16:00:00.000Z,USA,Nevada Power Company,US-NW-NEVP,246.0,309.0,,54.0,,False,
2025-09-22T17:00:00.000Z,USA,Nevada Power Company,US-NW-NEVP,225.0,286.0,,57.0,,False,
2025-09-22T18:00:00.000Z,USA,Nevada Power Company,US-NW-NEVP,237.0,300.0,,54.0,,False,
2025-09-22T19:00:00.000Z,USA,Nevada Power Company,US-NW-NEVP,251.0,316.0,,52.0,,False,
2025-09-22T20:00:00.000Z,USA,Nevada Power Company,US-NW-NEVP,238.0,301.0,,54.0,,False,
2025-09-22T21:00:00.000Z,USA,Nevada Power Company,US-NW-NEVP,240.0,305.0,,52.0,,False,
2025-09-22T22:00:00.000Z,USA,Nevada Power Company,US-NW-NEVP,246.0,313.0,,51.0,,False,
2025-09-22T23:00:00.000Z,USA,Nevada Power Company,US-NW-NEVP,273.0,345.0,,45.0,,False,
2025-09-23T00:00:00.000Z,USA,Nevada Power Company,US-NW-NEVP,345.0,427.0,,32.0,,False,
2025-09-23T01:00:00.000Z,USA,Nevada Power Company,US-NW-NEVP,415.0,508.0,,16.0,,False,
2025-09-23T02:00:00.000Z,USA,Nevada Power Company,US-NW-NEVP,439.0,535.0,,13.0,,False,
2025-09-23T03:00:00.000Z,USA,Nevada Power Company,US-NW-NEVP,456.0,552.0,,12.0,,False,
2025-09-23T04:00:00.000Z,USA,Nevada Power Company,US-NW-NEVP,457.0,553.0,,12.0,,False,
2025-09-23T05:00:00.000Z,USA,Nevada Power Company,US-NW-NEVP,466.0,565.0,,10.0,,False,
2025-09-23T06:00:00.000Z,USA,Nevada Power Company,US-NW-NEVP,464.0,564.0,,10.0,,False,
2025-09-23T07:00:00.000Z,USA,Nevada Power Company,US-NW-NEVP,477.0,580.0,,6.0,,False,
2025-09-23T08:00:00.000Z,USA,Nevada Power Company,US-NW-NEVP,484.0,584.0,,7.0,,False,
2025-09-23T09:00:00.000Z,USA,Nevada Power Company,US-NW-NEVP,478.0,579.0,,8.0,,False,
2025-09-23T10:00:00.000Z,USA,Nevada Power Company,US-NW-NEVP,473.0,572.0,,8.0,,False,
2025-09-23T11:00:00.000Z,USA,Nevada Power Company,US-NW-NEVP,473.0,573.0,,8.0,,False,
2025-09-23T12:00:00.000Z,USA,Nevada Power Company,US-NW-NEVP,474.0,573.0,,8.0,,False,
2025-09-23T13:00:00.000Z,USA,Nevada Power Company,US-NW-NEVP,463.0,561.0,,9.0,,False,
2025-09-23T14:00:00.000Z,USA,Nevada Power Company,US-NW-NEVP,473.0,570.0,,10.0,,False,
2025-09-23T15:00:00.000Z,USA,Nevada Power Company,US-NW-NEVP,457.0,548.0,,17.0,,False,
2025-09-23T16:00:00.000Z,USA,Nevada Power Company,US-NW-NEVP,438.0,523.0,,22.0,,False,
2025-09-23T17:00:00.000Z,USA,Nevada Power Company,US-NW-NEVP,439.0,525.0,,22.0,,False,
2025-09-23T18:00:00.000Z,USA,Nevada Power Company,US-NW-NEVP,435.0,523.0,,20.0,,False,
2025-09-23T19:00:00.000Z,USA,Nevada Power Company,US-NW-NEVP,437.0,527.0,,19.0,,False,
2025-09-23T20:00:00.000Z,USA,Nevada Power Company,US-NW-NEVP,434.0,527.0,,17.0,,False,
2025-09-23T21:00:00.000Z,USA,Nevada Power Company,US-NW-NEVP,431.0,524.0,,17.0,,False,
2025-09-23T22:00:00.000Z,USA,Nevada Power Company,US-NW-NEVP,429.0,522.0,,18.0,,False,
2025-09-23T23:00:00.000Z,USA,Nevada Power Company,US-NW-NEVP,438.0,533.0,,15.0,,False,
2025-09-24T00:00:00.000Z,USA,Nevada Power Company,US-NW-NEVP,429.0,526.0,,14.0,,False,
2025-09-24T01:00:00.000Z,USA,Nevada Power Company,US-NW-NEVP,419.0,514.0,,16.0,,False,
2025-09-24T02:00:00.000Z,USA,Nevada Power Company,US-NW-NEVP,447.0,545.0,,11.0,,False,
2025-09-24T03:00:00.000Z,USA,Nevada Power Company,US-NW-NEVP,445.0,542.0,,13.0,,True,TIME_SLICER_AVERAGE
2025-09-24T04:00:00.000Z,USA,Nevada Power Company,US-NW-NEVP,449.0,546.0,,13.0,,False,
2025-09-24T05:00:00.000Z,USA,Nevada Power Company,US-NW-NEVP,466.0,566.0,,10.0,,False,
2025-09-24T06:00:00.000Z,USA,Nevada Power Company,US-NW-NEVP,466.0,568.0,,9.0,,False,
2025-09-24T07:00:00.000Z,USA,Nevada Power Company,US-NW-NEVP,472.0,576.0,,7.0,,True,TIME_SLICER_AVERAGE
2025-09-24T08:00:00.000Z,USA,Nevada Power Company,US-NW-NEVP,478.0,583.0,,6.0,,False,
2025-09-24T09:00:00.000Z,USA,Nevada Power Company,US-NW-NEVP,484.0,588.0,,6.0,,False,
2025-09-24T10:00:00.000Z,USA,Nevada Power Company,US-NW-NEVP,487.0,590.0,,7.0,,False,
2025-09-24T11:00:00.000Z,USA,Nevada Power Company,US-NW-NEVP,487.0,591.0,,6.0,,False,
2025-09-24T12:00:00.000Z,USA,Nevada Power Company,US-NW-NEVP,492.0,592.0,,8.0,,False,
2025-09-24T13:00:00.000Z,USA,Nevada Power Company,US-NW-NEVP,481.0,578.0,,10.0,,False,
2025-09-24T14:00:00.000Z,USA,Nevada Power Company,US-NW-NEVP,393.0,476.0,,28.0,,False,
2025-09-24T15:00:00.000Z,USA,Nevada Power Company,US-NW-NEVP,270.0,331.0,,54.0,,False,
2025-09-24T16:00:00.000Z,USA,Nevada Power Company,US-NW-NEVP,247.0,307.0,,57.0,,False,
2025-09-24T17:00:00.000Z,USA,Nevada Power Company,US-NW-NEVP,249.0,309.0,,57.0,,False,
2025-09-24T18:00:00.000Z,USA,Nevada Power Company,US-NW-NEVP,235.0,295.0,,57.0,,False,
2025-09-24T19:00:00.000Z,USA,Nevada Power Company,US-NW-NEVP,238.0,301.0,,55.0,,False,
2025-09-24T20:00:00.000Z,USA,Nevada Power Company,US-NW-NEVP,244.0,309.0,,53.0,,False,
2025-09-24T21:00:00.000Z,USA,Nevada Power Company,US-NW-NEVP,253.0,322.0,,50.0,,False,
2025-09-24T22:00:00.000Z,USA,Nevada Power Company,US-NW-NEVP,263.0,335.0,,46.0,,False,
2025-09-24T23:00:00.000Z,USA,Nevada Power Company,US-NW-NEVP,290.0,365.0,,41.0,,False,
2025-09-25T00:00:00.000Z,USA,Nevada Power Company,US-NW-NEVP,357.0,446.0,,26.0,,False,
2025-09-25T01:00:00.000Z,USA,Nevada Power Company,US-NW-NEVP,380.0,475.0,,20.0,,True,TIME_SLICER_AVERAGE
2025-09-25T02:00:00.000Z,USA,Nevada Power Company,US-NW-NEVP,418.0,518.0,,13.0,,False,
2025-09-25T03:00:00.000Z,USA,Nevada Power Company,US-NW-NEVP,438.0,539.0,,10.0,,False,
2025-09-25T04:00:00.000Z,USA,Nevada Power Company,US-NW-NEVP,449.0,551.0,,8.0,,False,
2025-09-25T05:00:00.000Z,USA,Nevada Power Company,US-NW-NEVP,458.0,562.0,,7.0,,False,
2025-09-25T06:00:00.000Z,USA,Nevada Power Company,US-NW-NEVP,468.0,569.0,,8.0,,False,
2025-09-25T07:00:00.000Z,USA,Nevada Power Company,US-NW-NEVP,474.0,575.0,,8.0,,False,
2025-09-25T08:00:00.000Z,USA,Nevada Power Company,US-NW-NEVP,467.0,568.0,,8.0,,False,
2025-09-25T09:00:00.000Z,USA,Nevada Power Company,US-NW-NEVP,463.0,565.0,,8.0,,False,
2025-09-25T10:00:00.000Z,USA,Nevada Power Company,US-NW-NEVP,459.0,559.0,,9.0,,False,
2025-09-25T11:00:00.000Z,USA,Nevada Power Company,US-NW-NEVP,458.0,559.0,,9.0,,False,
2025-09-25T12:00:00.000Z,USA,Nevada Power Company,US-NW-NEVP,464.0,561.0,,10.0,,False,
2025-09-25T13:00:00.000Z,USA,Nevada Power Company,US-NW-NEVP,457.0,555.0,,11.0,,False,
2025-09-25T14:00:00.000Z,USA,Nevada Power Company,US-NW-NEVP,391.0,475.0,,26.0,,False,
2025-09-25T15:00:00.000Z,USA,Nevada Power Company,US-NW-NEVP,304.0,371.0,,44.0,,False,
2025-09-25T16:00:00.000Z,USA,Nevada Power Company,US-NW-NEVP,253.0,315.0,,53.0,,False,
2025-09-25T17:00:00.000Z,USA,Nevada Power Company,US-NW-NEVP,238.0,299.0,,55.0,,False,
2025-09-25T18:00:00.000Z,USA,Nevada Power Company,US-NW-NEVP,245.0,307.0,,53.0,,False,
2025-09-25T19:00:00.000Z,USA,Nevada Power Company,US-NW-NEVP,241.0,306.0,,52.0,,False,
2025-09-25T20:00:00.000Z,USA,Nevada Power Company,US-NW-NEVP,253.0,321.0,,49.0,,False,
2025-09-25T21:00:00.000Z,USA,Nevada Power Company,US-NW-NEVP,282.0,356.0,,41.0,,False,
2025-09-25T22:00:00.000Z,USA,Nevada Power Company,US-NW-NEVP,286.0,361.0,,41.0,,False,
2025-09-25T23:00:00.000Z,USA,Nevada Power Company,US-NW-NEVP,282.0,355.0,,42.0,,False,
2025-09-26T00:00:00.000Z,USA,Nevada Power Company,US-NW-NEVP,349.0,435.0,,27.0,,False,
2025-09-26T01:00:00.000Z,USA,Nevada Power Company,US-NW-NEVP,406.0,501.0,,16.0,,False,
2025-09-26T02:00:00.000Z,USA,Nevada Power Company,US-NW-NEVP,412.0,507.0,,16.0,,False,
2025-09-26T03:00:00.000Z,USA,Nevada Power Company,US-NW-NEVP,426.0,523.0,,15.0,,False,
2025-09-26T04:00:00.000Z,USA,Nevada Power Company,US-NW-NEVP,433.0,529.0,,15.0,,False,
2025-09-26T05:00:00.000Z,USA,Nevada Power Company,US-NW-NEVP,453.0,550.0,,13.0,,False,
2025-09-26T06:00:00.000Z,USA,Nevada Power Company,US-NW-NEVP,455.0,553.0,,12.0,,False,
2025-09-26T07:00:00.000Z,USA,Nevada Power Company,US-NW-NEVP,473.0,571.0,,11.0,,False,
2025-09-26T08:00:00.000Z,USA,Nevada Power Company,US-NW-NEVP,463.0,561.0,,11.0,,False,
2025-09-26T09:00:00.000Z,USA,Nevada Power Company,US-NW-NEVP,460.0,559.0,,11.0,,False,
2025-09-26T10:00:00.000Z,USA,Nevada Power Company,US-NW-NEVP,460.0,558.0,,11.0,,False,
2025-09-26T11:00:00.000Z,USA,Nevada Power Company,US-NW-NEVP,455.0,552.0,,12.0,,False,
2025-09-26T12:00:00.000Z,USA,Nevada Power Company,US-NW-NEVP,451.0,548.0,,12.0,,False,
2025-09-26T13:00:00.000Z,USA,Nevada Power Company,US-NW-NEVP,451.0,547.0,,13.0,,False,
2025-09-26T14:00:00.000Z,USA,Nevada Power Company,US-NW-NEVP,402.0,486.0,,25.0,,False,
2025-09-26T15:00:00.000Z,USA,Nevada Power Company,US-NW-NEVP,308.0,376.0,,44.0,,False,
2025-09-26T16:00:00.000Z,USA,Nevada Power Company,US-NW-NEVP,302.0,371.0,,44.0,,False,
2025-09-26T17:00:00.000Z,USA,Nevada Power Company,US-NW-NEVP,272.0,337.0,,50.0,,False,
2025-09-26T18:00:00.000Z,USA,Nevada Power Company,US-NW-NEVP,246.0,310.0,,53.0,,False,
2025-09-26T19:00:00.000Z,USA,Nevada Power Company,US-NW-NEVP,254.0,322.0,,50.0,,False,
2025-09-26T20:00:00.000Z,USA,Nevada Power Company,US-NW-NEVP,255.0,325.0,,49.0,,False,
2025-09-26T21:00:00.000Z,USA,Nevada Power Company,US-NW-NEVP,305.0,383.0,,37.0,,False,
2025-09-26T22:00:00.000Z,USA,Nevada Power Company,US-NW-NEVP,367.0,452.0,,25.0,,False,
2025-09-26T23:00:00.000Z,USA,Nevada Power Company,US-NW-NEVP,374.0,461.0,,24.0,,False,
2025-09-27T00:00:00.000Z,USA,Nevada Power Company,US-NW-NEVP,403.0,499.0,,16.0,,False,
2025-09-27T01:00:00.000Z,USA,Nevada Power Company,US-NW-NEVP,423.0,522.0,,11.0,,False,
2025-09-27T02:00:00.000Z,USA,Nevada Power Company,US-NW-NEVP,423.0,521.0,,13.0,,False,
2025-09-27T03:00:00.000Z,USA,Nevada Power Company,US-NW-NEVP,427.0,525.0,,12.0,,False,
2025-09-27T04:00:00.000Z,USA,Nevada Power Company,US-NW-NEVP,431.0,530.0,,10.0,,False,
2025-09-27T05:00:00.000Z,USA,Nevada Power Company,US-NW-NEVP,452.0,553.0,,8.0,,False,
2025-09-27T06:00:00.000Z,USA,Nevada Power Company,US-NW-NEVP,453.0,553.0,,8.0,,False,
2025-09-27T07:00:00.000Z,USA,Nevada Power Company,US-NW-NEVP,461.0,560.0,,9.0,,False,
2025-09-27T08:00:00.000Z,USA,Nevada Power Company,US-NW-NEVP,460.0,559.0,,9.0,,False,
2025-09-27T09:00:00.000Z,USA,Nevada Power Company,US-NW-NEVP,466.0,567.0,,7.0,,False,
2025-09-27T10:00:00.000Z,USA,Nevada Power Company,US-NW-NEVP,465.0,567.0,,7.0,,False,
2025-09-27T11:00:00.000Z,USA,Nevada Power Company,US-NW-NEVP,461.0,563.0,,6.0,,False,
2025-09-27T12:00:00.000Z,USA,Nevada Power Company,US-NW-NEVP,453.0,552.0,,8.0,,False,
2025-09-27T13:00:00.000Z,USA,Nevada Power Company,US-NW-NEVP,446.0,543.0,,9.0,,False,
2025-09-27T14:00:00.000Z,USA,Nevada Power Company,US-NW-NEVP,396.0,481.0,,24.0,,False,
2025-09-27T15:00:00.000Z,USA,Nevada Power Company,US-NW-NEVP,305.0,376.0,,41.0,,False,
2025-09-27T16:00:00.000Z,USA,Nevada Power Company,US-NW-NEVP,268.0,333.0,,48.0,,False,
2025-09-27T17:00:00.000Z,USA,Nevada Power Company,US-NW-NEVP,250.0,312.0,,52.0,,False,
2025-09-27T18:00:00.000Z,USA,Nevada Power Company,US-NW-NEVP,227.0,287.0,,56.0,,False,
2025-09-27T19:00:00.000Z,USA,Nevada Power Company,US-NW-NEVP,215.0,274.0,,58.0,,False,
2025-09-27T20:00:00.000Z,USA,Nevada Power Company,US-NW-NEVP,219.0,280.0,,57.0,,False,
2025-09-27T21:00:00.000Z,USA,Nevada Power Company,US-NW-NEVP,231.0,294.0,,54.0,,False,
2025-09-27T22:00:00.000Z,USA,Nevada Power Company,US-NW-NEVP,233.0,300.0,,51.0,,False,
2025-09-27T23:00:00.000Z,USA,Nevada Power Company,US-NW-NEVP,286.0,361.0,,40.0,,False,
2025-09-28T00:00:00.000Z,USA,Nevada Power Company,US-NW-NEVP,378.0,466.0,,23.0,,False,
2025-09-28T01:00:00.000Z,USA,Nevada Power Company,US-NW-NEVP,426.0,517.0,,17.0,,False,
2025-09-28T02:00:00.000Z,USA,Nevada Power Company,US-NW-NEVP,421.0,513.0,,17.0,,True,TIME_SLICER_AVERAGE
2025-09-28T03:00:00.000Z,USA,Nevada Power Company,US-NW-NEVP,419.0,513.0,,15.0,,True,TIME_SLICER_AVERAGE
2025-09-28T04:00:00.000Z,USA,Nevada Power Company,US-NW-NEVP,439.0,537.0,,12.0,,False,
2025-09-28T05:00:00.000Z,USA,Nevada Power Company,US-NW-NEVP,460.0,559.0,,9.0,,False,
2025-09-28T06:00:00.000Z,USA,Nevada Power Company,US-NW-NEVP,455.0,555.0,,9.0,,False,
2025-09-28T07:00:00.000Z,USA,Nevada Power Company,US-NW-NEVP,480.0,580.0,,9.0,,False,
2025-09-28T08:00:00.000Z,USA,Nevada Power Company,US-NW-NEVP,482.0,582.0,,8.0,,False,
2025-09-28T09:00:00.000Z,USA,Nevada Power Company,US-NW-NEVP,482.0,582.0,,8.0,,False,
2025-09-28T10:00:00.000Z,USA,Nevada Power Company,US-NW-NEVP,483.0,583.0,,8.0,,False,
2025-09-28T11:00:00.000Z,USA,Nevada Power Company,US-NW-NEVP,477.0,577.0,,8.0,,False,
2025-09-28T12:00:00.000Z,USA,Nevada Power Company,US-NW-NEVP,474.0,574.0,,9.0,,False,
2025-09-28T13:00:00.000Z,USA,Nevada Power Company,US-NW-NEVP,476.0,575.0,,9.0,,False,
2025-09-28T14:00:00.000Z,USA,Nevada Power Company,US-NW-NEVP,477.0,568.0,,13.0,,False,
2025-09-28T15:00:00.000Z,USA,Nevada Power Company,US-NW-NEVP,399.0,478.0,,27.0,,False,
2025-09-28T16:00:00.000Z,USA,Nevada Power Company,US-NW-NEVP,302.0,371.0,,44.0,,False,
2025-09-28T17:00:00.000Z,USA,Nevada Power Company,US-NW-NEVP,243.0,304.0,,56.0,,False,
2025-09-28T18:00:00.000Z,USA,Nevada Power Company,US-NW-NEVP,236.0,298.0,,56.0,,False,
2025-09-28T19:00:00.000Z,USA,Nevada Power Company,US-NW-NEVP,240.0,305.0,,54.0,,False,
2025-09-28T20:00:00.000Z,USA,Nevada Power Company,US-NW-NEVP,235.0,299.0,,54.0,,False,
2025-09-28T21:00:00.000Z,USA,Nevada Power Company,US-NW-NEVP,258.0,325.0,,49.0,,False,
2025-09-28T22:00:00.000Z,USA,Nevada Power Company,US-NW-NEVP,279.0,349.0,,45.0,,False,
2025-09-28T23:00:00.000Z,USA,Nevada Power Company,US-NW-NEVP,303.0,376.0,,41.0,,False,
2025-09-29T00:00:00.000Z,USA,Nevada Power Company,US-NW-NEVP,329.0,403.0,,38.0,,True,TIME_SLICER_AVERAGE
2025-09-29T01:00:00.000Z,USA,Nevada Power Company,US-NW-NEVP,332.0,405.0,,38.0,,True,TIME_SLICER_AVERAGE
2025-09-29T02:00:00.000Z,USA,Nevada Power Company,US-NW-NEVP,504.0,571.0,,26.0,,False,
2025-09-29T03:00:00.000Z,USA,Nevada Power Company,US-NW-NEVP,518.0,584.0,,27.0,,False,
2025-09-29T04:00:00.000Z,USA,Nevada Power Company,US-NW-NEVP,453.0,545.0,,15.0,,False,
2025-09-29T05:00:00.000Z,USA,Nevada Power Company,US-NW-NEVP,468.0,563.0,,13.0,,False,
2025-09-29T06:00:00.000Z,USA,Nevada Power Company,US-NW-NEVP,471.0,568.0,,11.0,,False,
2025-09-29T07:00:00.000Z,USA,Nevada Power Company,US-NW-NEVP,577.0,644.0,,23.0,,False,
2025-09-29T08:00:00.000Z,USA,Nevada Power Company,US-NW-NEVP,479.0,578.0,,9.0,,False,
2025-09-29T09:00:00.000Z,USA,Nevada Power Company,US-NW-NEVP,476.0,577.0,,9.0,,False,
2025-09-29T10:00:00.000Z,USA,Nevada Power Company,US-NW-NEVP,470.0,571.0,,9.0,,False,
2025-09-29T11:00:00.000Z,USA,Nevada Power Company,US-NW-NEVP,468.0,569.0,,9.0,,False,
2025-09-29T12:00:00.000Z,USA,Nevada Power Company,US-NW-NEVP,467.0,567.0,,9.0,,False,
2025-09-29T13:00:00.000Z,USA,Nevada Power Company,US-NW-NEVP,465.0,564.0,,10.0,,False,
2025-09-29T14:00:00.000Z,USA,Nevada Power Company,US-NW-NEVP,391.0,474.0,,28.0,,False,
2025-09-29T15:00:00.000Z,USA,Nevada Power Company,US-NW-NEVP,297.0,364.0,,48.0,,False,
2025-09-29T16:00:00.000Z,USA,Nevada Power Company,US-NW-NEVP,272.0,336.0,,52.0,,False,
2025-09-29T17:00:00.000Z,USA,Nevada Power Company,US-NW-NEVP,266.0,329.0,,53.0,,False,
2025-09-29T18:00:00.000Z,USA,Nevada Power Company,US-NW-NEVP,266.0,327.0,,53.0,,False,
2025-09-29T19:00:00.000Z,USA,Nevada Power Company,US-NW-NEVP,267.0,329.0,,53.0,,False,
2025-09-29T20:00:00.000Z,USA,Nevada Power Company,US-NW-NEVP,266.0,330.0,,52.0,,False,
2025-09-29T21:00:00.000Z,USA,Nevada Power Company,US-NW-NEVP,267.0,330.0,,52.0,,False,
2025-09-29T22:00:00.000Z,USA,Nevada Power Company,US-NW-NEVP,280.0,348.0,,47.0,,False,
2025-09-29T23:00:00.000Z,USA,Nevada Power Company,US-NW-NEVP,294.0,366.0,,43.0,,False,
2025-09-30T00:00:00.000Z,USA,Nevada Power Company,US-NW-NEVP,373.0,459.0,,26.0,,False,
2025-09-30T01:00:00.000Z,USA,Nevada Power Company,US-NW-NEVP,407.0,470.0,,35.0,,False,
2025-09-30T02:00:00.000Z,USA,Nevada Power Company,US-NW-NEVP,419.0,481.0,,34.0,,False,
2025-09-30T03:00:00.000Z,USA,Nevada Power Company,US-NW-NEVP,413.0,475.0,,35.0,,False,
2025-09-30T04:00:00.000Z,USA,Nevada Power Company,US-NW-NEVP,403.0,496.0,,18.0,,False,
2025-09-30T05:00:00.000Z,USA,Nevada Power Company,US-NW-NEVP,412.0,507.0,,16.0,,False,
2025-09-30T06:00:00.000Z,USA,Nevada Power Company,US-NW-NEVP,423.0,519.0,,15.0,,False,
2025-09-30T07:00:00.000Z,USA,Nevada Power Company,US-NW-NEVP,449.0,549.0,,11.0,,False,
2025-09-30T08:00:00.000Z,USA,Nevada Power Company,US-NW-NEVP,452.0,551.0,,11.0,,False,
2025-09-30T09:00:00.000Z,USA,Nevada Power Company,US-NW-NEVP,447.0,547.0,,10.0,,False,
2025-09-30T10:00:00.000Z,USA,Nevada Power Company,US-NW-NEVP,447.0,546.0,,11.0,,False,
2025-09-30T11:00:00.000Z,USA,Nevada Power Company,US-NW-NEVP,456.0,554.0,,10.0,,False,
2025-09-30T12:00:00.000Z,USA,Nevada Power Company,US-NW-NEVP,451.0,548.0,,11.0,,False,
2025-09-30T13:00:00.000Z,USA,Nevada Power Company,US-NW-NEVP,448.0,546.0,,11.0,,False,
2025-09-30T14:00:00.000Z,USA,Nevada Power Company,US-NW-NEVP,407.0,493.0,,22.0,,False,
2025-09-30T15:00:00.000Z,USA,Nevada Power Company,US-NW-NEVP,263.0,325.0,,51.0,,False,
2025-09-30T16:00:00.000Z,USA,Nevada Power Company,US-NW-NEVP,229.0,287.0,,59.0,,False,
2025-09-30T17:00:00.000Z,USA,Nevada Power Company,US-NW-NEVP,215.0,271.0,,61.0,,False,
2025-09-30T18:00:00.000Z,USA,Nevada Power Company,US-NW-NEVP,224.0,281.0,,60.0,,False,
2025-09-30T19:00:00.000Z,USA,Nevada Power Company,US-NW-NEVP,229.0,286.0,,59.0,,False,
2025-09-30T20:00:00.000Z,USA,Nevada Power Company,US-NW-NEVP,235.0,292.0,,58.0,,False,
2025-09-30T21:00:00.000Z,USA,Nevada Power Company,US-NW-NEVP,235.0,294.0,,57.0,,False,
2025-09-30T22:00:00.000Z,USA,Nevada Power Company,US-NW-NEVP,250.0,313.0,,53.0,,False,
2025-09-30T23:00:00.000Z,USA,Nevada Power Company,US-NW-NEVP,293.0,364.0,,45.0,,False,
2025-10-01T00:00:00.000Z,USA,Nevada Power Company,US-NW-NEVP,379.0,467.0,,25.0,,False,
2025-10-01T01:00:00.000Z,USA,Nevada Power Company,US-NW-NEVP,398.0,488.0,,22.0,,True,TIME_SLICER_AVERAGE
2025-10-01T02:00:00.000Z,USA,Nevada Power Company,US-NW-NEVP,435.0,530.0,,14.0,,True,TIME_SLICER_AVERAGE
2025-10-01T03:00:00.000Z,USA,Nevada Power Company,US-NW-NEVP,436.0,532.0,,14.0,,True,TIME_SLICER_AVERAGE
2025-10-01T04:00:00.000Z,USA,Nevada Power Company,US-NW-NEVP,450.0,548.0,,11.0,,False,
2025-10-01T05:00:00.000Z,USA,Nevada Power Company,US-NW-NEVP,457.0,559.0,,8.0,,False,
2025-10-01T06:00:00.000Z,USA,Nevada Power Company,US-NW-NEVP,457.0,560.0,,9.0,,False,
2025-10-01T07:00:00.000Z,USA,Nevada Power Company,US-NW-NEVP,467.0,569.0,,9.0,,True,TIME_SLICER_AVERAGE
2025-10-01T08:00:00.000Z,USA,Nevada Power Company,US-NW-NEVP,473.0,575.0,,8.0,,False,
2025-10-01T09:00:00.000Z,USA,Nevada Power Company,US-NW-NEVP,466.0,567.0,,8.0,,False,
2025-10-01T10:00:00.000Z,USA,Nevada Power Company,US-NW-NEVP,463.0,566.0,,7.0,,False,
2025-10-01T11:00:00.000Z,USA,Nevada Power Company,US-NW-NEVP,463.0,565.0,,7.0,,False,
2025-10-01T12:00:00.000Z,USA,Nevada Power Company,US-NW-NEVP,459.0,559.0,,9.0,,False,
2025-10-01T13:00:00.000Z,USA,Nevada Power Company,US-NW-NEVP,464.0,563.0,,9.0,,False,
2025-10-01T14:00:00.000Z,USA,Nevada Power Company,US-NW-NEVP,390.0,473.0,,27.0,,False,
2025-10-01T15:00:00.000Z,USA,Nevada Power Company,US-NW-NEVP,277.0,338.0,,53.0,,False,
2025-10-01T16:00:00.000Z,USA,Nevada Power Company,US-NW-NEVP,245.0,302.0,,59.0,,False,
2025-10-01T17:00:00.000Z,USA,Nevada Power Company,US-NW-NEVP,245.0,303.0,,57.0,,False,
2025-10-01T18:00:00.000Z,USA,Nevada Power Company,US-NW-NEVP,250.0,310.0,,56.0,,False,
2025-10-01T19:00:00.000Z,USA,Nevada Power Company,US-NW-NEVP,246.0,306.0,,56.0,,False,
2025-10-01T20:00:00.000Z,USA,Nevada Power Company,US-NW-NEVP,244.0,306.0,,55.0,,False,
2025-10-01T21:00:00.000Z,USA,Nevada Power Company,US-NW-NEVP,250.0,313.0,,54.0,,False,
2025-10-01T22:00:00.000Z,USA,Nevada Power Company,US-NW-NEVP,267.0,335.0,,49.0,,False,
2025-10-01T23:00:00.000Z,USA,Nevada Power Company,US-NW-NEVP,300.0,376.0,,41.0,,False,
2025-10-02T00:00:00.000Z,USA,Nevada Power Company,US-NW-NEVP,386.0,480.0,,20.0,,False,
2025-10-02T01:00:00.000Z,USA,Nevada Power Company,US-NW-NEVP,385.0,480.0,,19.0,,True,TIME_SLICER_AVERAGE
2025-10-02T02:00:00.000Z,USA,Nevada Power Company,US-NW-NEVP,432.0,536.0,,9.0,,True,TIME_SLICER_AVERAGE
2025-10-02T03:00:00.000Z,USA,Nevada Power Company,US-NW-NEVP,439.0,544.0,,8.0,,True,TIME_SLICER_AVERAGE
2025-10-02T04:00:00.000Z,USA,Nevada Power Company,US-NW-NEVP,448.0,552.0,,8.0,,False,
2025-10-02T05:00:00.000Z,USA,Nevada Power Company,US-NW-NEVP,458.0,561.0,,8.0,,False,
2025-10-02T06:00:00.000Z,USA,Nevada Power Company,US-NW-NEVP,461.0,566.0,,6.0,,False,
2025-10-02T07:00:00.000Z,USA,Nevada Power Company,US-NW-NEVP,477.0,582.0,,5.0,,False,
2025-10-02T08:00:00.000Z,USA,Nevada Power Company,US-NW-NEVP,480.0,584.0,,6.0,,False,
2025-10-02T09:00:00.000Z,USA,Nevada Power Company,US-NW-NEVP,481.0,584.0,,6.0,,False,
2025-10-02T10:00:00.000Z,USA,Nevada Power Company,US-NW-NEVP,482.0,585.0,,6.0,,False,
2025-10-02T11:00:00.000Z,USA,Nevada Power Company,US-NW-NEVP,473.0,576.0,,6.0,,False,
2025-10-02T12:00:00.000Z,USA,Nevada Power Company,US-NW-NEVP,475.0,579.0,,6.0,,False,
2025-10-02T13:00:00.000Z,USA,Nevada Power Company,US-NW-NEVP,486.0,591.0,,6.0,,False,
2025-10-02T14:00:00.000Z,USA,Nevada Power Company,US-NW-NEVP,399.0,487.0,,24.0,,False,
2025-10-02T15:00:00.000Z,USA,Nevada Power Company,US-NW-NEVP,273.0,335.0,,53.0,,False,
2025-10-02T16:00:00.000Z,USA,Nevada Power Company,US-NW-NEVP,254.0,314.0,,56.0,,False,
2025-10-02T17:00:00.000Z,USA,Nevada Power Company,US-NW-NEVP,252.0,311.0,,57.0,,False,
2025-10-02T18:00:00.000Z,USA,Nevada Power Company,US-NW-NEVP,252.0,312.0,,57.0,,False,
2025-10-02T19:00:00.000Z,USA,Nevada Power Company,US-NW-NEVP,257.0,317.0,,56.0,,False,
2025-10-02T20:00:00.000Z,USA,Nevada Power Company,US-NW-NEVP,262.0,325.0,,53.0,,False,
2025-10-02T21:00:00.000Z,USA,Nevada Power Company,US-NW-NEVP,266.0,330.0,,52.0,,False,
2025-10-02T22:00:00.000Z,USA,Nevada Power Company,US-NW-NEVP,274.0,341.0,,49.0,,False,
2025-10-02T23:00:00.000Z,USA,Nevada Power Company,US-NW-NEVP,305.0,381.0,,40.0,,False,
2025-10-03T00:00:00.000Z,USA,Nevada Power Company,US-NW-NEVP,392.0,484.0,,21.0,,False,
2025-10-03T01:00:00.000Z,USA,Nevada Power Company,US-NW-NEVP,388.0,482.0,,20.0,,True,TIME_SLICER_AVERAGE
2025-10-03T02:00:00.000Z,USA,Nevada Power Company,US-NW-NEVP,440.0,543.0,,9.0,,False,
2025-10-03T03:00:00.000Z,USA,Nevada Power Company,US-NW-NEVP,445.0,547.0,,9.0,,False,
2025-10-03T04:00:00.000Z,USA,Nevada Power Company,US-NW-NEVP,449.0,549.0,,11.0,,False,
2025-10-03T05:00:00.000Z,USA,Nevada Power Company,US-NW-NEVP,444.0,542.0,,12.0,,False,
2025-10-03T06:00:00.000Z,USA,Nevada Power Company,US-NW-NEVP,435.0,536.0,,11.0,,False,
2025-10-03T07:00:00.000Z,USA,Nevada Power Company,US-NW-NEVP,448.0,551.0,,9.0,,False,
2025-10-03T08:00:00.000Z,USA,Nevada Power Company,US-NW-NEVP,448.0,549.0,,9.0,,False,
2025-10-03T09:00:00.000Z,USA,Nevada Power Company,US-NW-NEVP,452.0,553.0,,10.0,,False,
2025-10-03T10:00:00.000Z,USA,Nevada Power Company,US-NW-NEVP,459.0,560.0,,9.0,,False,
2025-10-03T11:00:00.000Z,USA,Nevada Power Company,US-NW-NEVP,465.0,564.0,,10.0,,False,
2025-10-03T12:00:00.000Z,USA,Nevada Power Company,US-NW-NEVP,464.0,560.0,,11.0,,False,
2025-10-03T13:00:00.000Z,USA,Nevada Power Company,US-NW-NEVP,468.0,565.0,,11.0,,False,
2025-10-03T14:00:00.000Z,USA,Nevada Power Company,US-NW-NEVP,401.0,487.0,,24.0,,False,
2025-10-03T15:00:00.000Z,USA,Nevada Power Company,US-NW-NEVP,278.0,343.0,,50.0,,False,
2025-10-03T16:00:00.000Z,USA,Nevada Power Company,US-NW-NEVP,226.0,285.0,,58.0,,False,
2025-10-03T17:00:00.000Z,USA,Nevada Power Company,US-NW-NEVP,217.0,274.0,,60.0,,False,
2025-10-03T18:00:00.000Z,USA,Nevada Power Company,US-NW-NEVP,214.0,271.0,,61.0,,False,
2025-10-03T19:00:00.000Z,USA,Nevada Power Company,US-NW-NEVP,215.0,273.0,,60.0,,False,
2025-10-03T20:00:00.000Z,USA,Nevada Power Company,US-NW-NEVP,213.0,271.0,,60.0,,False,
2025-10-03T21:00:00.000Z,USA,Nevada Power Company,US-NW-NEVP,216.0,275.0,,59.0,,False,
2025-10-03T22:00:00.000Z,USA,Nevada Power Company,US-NW-NEVP,234.0,295.0,,56.0,,False,
2025-10-03T23:00:00.000Z,USA,Nevada Power Company,US-NW-NEVP,269.0,338.0,,48.0,,False,
2025-10-04T00:00:00.000Z,USA,Nevada Power Company,US-NW-NEVP,375.0,464.0,,25.0,,False,
2025-10-04T01:00:00.000Z,USA,Nevada Power Company,US-NW-NEVP,438.0,539.0,,11.0,,False,
2025-10-04T02:00:00.000Z,USA,Nevada Power Company,US-NW-NEVP,444.0,544.0,,10.0,,False,
2025-10-04T03:00:00.000Z,USA,Nevada Power Company,US-NW-NEVP,434.0,533.0,,12.0,,True,TIME_SLICER_AVERAGE
2025-10-04T04:00:00.000Z,USA,Nevada Power Company,US-NW-NEVP,434.0,533.0,,13.0,,False,
2025-10-04T05:00:00.000Z,USA,Nevada Power Company,US-NW-NEVP,432.0,528.0,,15.0,,False,
2025-10-04T06:00:00.000Z,USA,Nevada Power Company,US-NW-NEVP,431.0,529.0,,13.0,,False,
2025-10-04T07:00:00.000Z,USA,Nevada Power Company,US-NW-NEVP,448.0,552.0,,9.0,,True,TIME_SLICER_AVERAGE
2025-10-04T08:00:00.000Z,USA,Nevada Power Company,US-NW-NEVP,454.0,558.0,,9.0,,False,
2025-10-04T09:00:00.000Z,USA,Nevada Power Company,US-NW-NEVP,456.0,560.0,,8.0,,False,
2025-10-04T10:00:00.000Z,USA,Nevada Power Company,US-NW-NEVP,457.0,562.0,,7.0,,False,
2025-10-04T11:00:00.000Z,USA,Nevada Power Company,US-NW-NEVP,454.0,559.0,,7.0,,False,
2025-10-04T12:00:00.000Z,USA,Nevada Power Company,US-NW-NEVP,455.0,560.0,,7.0,,False,
2025-10-04T13:00:00.000Z,USA,Nevada Power Company,US-NW-NEVP,462.0,568.0,,6.0,,False,
2025-10-04T14:00:00.000Z,USA,Nevada Power Company,US-NW-NEVP,392.0,478.0,,27.0,,False,
2025-10-04T15:00:00.000Z,USA,Nevada Power Company,US-NW-NEVP,245.0,305.0,,58.0,,False,
2025-10-04T16:00:00.000Z,USA,Nevada Power Company,US-NW-NEVP,197.0,251.0,,65.0,,False,
2025-10-04T17:00:00.000Z,USA,Nevada Power Company,US-NW-NEVP,195.0,249.0,,66.0,,False,
2025-10-04T18:00:00.000Z,USA,Nevada Power Company,US-NW-NEVP,199.0,252.0,,65.0,,False,
2025-10-04T19:00:00.000Z,USA,Nevada Power Company,US-NW-NEVP,195.0,249.0,,66.0,,False,
2025-10-04T20:00:00.000Z,USA,Nevada Power Company,US-NW-NEVP,197.0,250.0,,66.0,,False,
2025-10-04T21:00:00.000Z,USA,Nevada Power Company,US-NW-NEVP,205.0,260.0,,64.0,,False,
2025-10-04T22:00:00.000Z,USA,Nevada Power Company,US-NW-NEVP,219.0,277.0,,61.0,,False,
2025-10-04T23:00:00.000Z,USA,Nevada Power Company,US-NW-NEVP,262.0,329.0,,51.0,,False,
2025-10-05T00:00:00.000Z,USA,Nevada Power Company,US-NW-NEVP,391.0,482.0,,23.0,,False,
2025-10-05T01:00:00.000Z,USA,Nevada Power Company,US-NW-NEVP,398.0,490.0,,22.0,,True,TIME_SLICER_AVERAGE
2025-10-05T02:00:00.000Z,USA,Nevada Power Company,US-NW-NEVP,453.0,552.0,,10.0,,False,
2025-10-05T03:00:00.000Z,USA,Nevada Power Company,US-NW-NEVP,454.0,554.0,,9.0,,False,
2025-10-05T04:00:00.000Z,USA,Nevada Power Company,US-NW-NEVP,447.0,546.0,,9.0,,False,
2025-10-05T05:00:00.000Z,USA,Nevada Power Company,US-NW-NEVP,445.0,540.0,,12.0,,False,
2025-10-05T06:00:00.000Z,USA,Nevada Power Company,US-NW-NEVP,441.0,537.0,,11.0,,False,
2025-10-05T07:00:00.000Z,USA,Nevada Power Company,US-NW-NEVP,451.0,549.0,,11.0,,False,
2025-10-05T08:00:00.000Z,USA,Nevada Power Company,US-NW-NEVP,451.0,549.0,,11.0,,False,
2025-10-05T09:00:00.000Z,USA,Nevada Power Company,US-NW-NEVP,452.0,549.0,,11.0,,False,
2025-10-05T10:00:00.000Z,USA,Nevada Power Company,US-NW-NEVP,458.0,555.0,,10.0,,False,
2025-10-05T11:00:00.000Z,USA,Nevada Power Company,US-NW-NEVP,459.0,557.0,,9.0,,False,
2025-10-05T12:00:00.000Z,USA,Nevada Power Company,US-NW-NEVP,462.0,560.0,,9.0,,False,
2025-10-05T13:00:00.000Z,USA,Nevada Power Company,US-NW-NEVP,483.0,580.0,,8.0,,False,
2025-10-05T14:00:00.000Z,USA,Nevada Power Company,US-NW-NEVP,501.0,589.0,,13.0,,False,
2025-10-05T15:00:00.000Z,USA,Nevada Power Company,US-NW-NEVP,479.0,556.0,,23.0,,False,
2025-10-05T16:00:00.000Z,USA,Nevada Power Company,US-NW-NEVP,434.0,510.0,,27.0,,False,
2025-10-05T17:00:00.000Z,USA,Nevada Power Company,US-NW-NEVP,432.0,507.0,,28.0,,False,
2025-10-05T18:00:00.000Z,USA,Nevada Power Company,US-NW-NEVP,429.0,507.0,,26.0,,False,
2025-10-05T19:00:00.000Z,USA,Nevada Power Company,US-NW-NEVP,420.0,499.0,,25.0,,False,
2025-10-05T20:00:00.000Z,USA,Nevada Power Company,US-NW-NEVP,414.0,491.0,,27.0,,False,
2025-10-05T21:00:00.000Z,USA,Nevada Power Company,US-NW-NEVP,413.0,492.0,,26.0,,False,
2025-10-05T22:00:00.000Z,USA,Nevada Power Company,US-NW-NEVP,425.0,509.0,,23.0,,False,
2025-10-05T23:00:00.000Z,USA,Nevada Power Company,US-NW-NEVP,440.0,532.0,,16.0,,False,
2025-10-06T00:00:00.000Z,USA,Nevada Power Company,US-NW-NEVP,469.0,565.0,,10.0,,False,
2025-10-06T01:00:00.000Z,USA,Nevada Power Company,US-NW-NEVP,481.0,577.0,,9.0,,False,
2025-10-06T02:00:00.000Z,USA,Nevada Power Company,US-NW-NEVP,452.0,547.0,,13.0,,False,
2025-10-06T03:00:00.000Z,USA,Nevada Power Company,US-NW-NEVP,447.0,543.0,,12.0,,True,TIME_SLICER_AVERAGE
2025-10-06T04:00:00.000Z,USA,Nevada Power Company,US-NW-NEVP,454.0,553.0,,11.0,,False,
2025-10-06T05:00:00.000Z,USA,Nevada Power Company,US-NW-NEVP,460.0,560.0,,10.0,,False,
2025-10-06T06:00:00.000Z,USA,Nevada Power Company,US-NW-NEVP,475.0,578.0,,7.0,,False,
2025-10-06T07:00:00.000Z,USA,Nevada Power Company,US-NW-NEVP,482.0,586.0,,7.0,,False,
2025-10-06T08:00:00.000Z,USA,Nevada Power Company,US-NW-NEVP,486.0,592.0,,6.0,,False,
2025-10-06T09:00:00.000Z,USA,Nevada Power Company,US-NW-NEVP,488.0,594.0,,5.0,,False,
2025-10-06T10:00:00.000Z,USA,Nevada Power Company,US-NW-NEVP,491.0,598.0,,4.0,,False,
2025-10-06T11:00:00.000Z,USA,Nevada Power Company,US-NW-NEVP,483.0,591.0,,5.0,,False,
2025-10-06T12:00:00.000Z,USA,Nevada Power Company,US-NW-NEVP,475.0,582.0,,5.0,,False,
2025-10-06T13:00:00.000Z,USA,Nevada Power Company,US-NW-NEVP,453.0,556.0,,9.0,,False,
2025-10-06T14:00:00.000Z,USA,Nevada Power Company,US-NW-NEVP,381.0,468.0,,26.0,,False,
2025-10-06T15:00:00.000Z,USA,Nevada Power Company,US-NW-NEVP,242.0,298.0,,59.0,,False,
2025-10-06T16:00:00.000Z,USA,Nevada Power Company,US-NW-NEVP,199.0,251.0,,66.0,,False,
2025-10-06T17:00:00.000Z,USA,Nevada Power Company,US-NW-NEVP,194.0,247.0,,66.0,,False,
2025-10-06T18:00:00.000Z,USA,Nevada Power Company,US-NW-NEVP,202.0,255.0,,65.0,,False,
2025-10-06T19:00:00.000Z,USA,Nevada Power Company,US-NW-NEVP,203.0,256.0,,65.0,,False,
2025-10-06T20:00:00.000Z,USA,Nevada Power Company,US-NW-NEVP,207.0,263.0,,63.0,,False,
2025-10-06T21:00:00.000Z,USA,Nevada Power Company,US-NW-NEVP,216.0,275.0,,60.0,,False,
2025-10-06T22:00:00.000Z,USA,Nevada Power Company,US-NW-NEVP,232.0,295.0,,56.0,,False,
2025-10-06T23:00:00.000Z,USA,Nevada Power Company,US-NW-NEVP,273.0,343.0,,47.0,,False,
2025-10-07T00:00:00.000Z,USA,Nevada Power Company,US-NW-NEVP,389.0,482.0,,22.0,,False,
2025-10-07T01:00:00.000Z,USA,Nevada Power Company,US-NW-NEVP,402.0,498.0,,19.0,,True,TIME_SLICER_AVERAGE
2025-10-07T02:00:00.000Z,USA,Nevada Power Company,US-NW-NEVP,446.0,548.0,,10.0,,True,TIME_SLICER_AVERAGE
2025-10-07T03:00:00.000Z,USA,Nevada Power Company,US-NW-NEVP,431.0,531.0,,12.0,,True,TIME_SLICER_AVERAGE
2025-10-07T04:00:00.000Z,USA,Nevada Power Company,US-NW-NEVP,441.0,543.0,,11.0,,False,
2025-10-07T05:00:00.000Z,USA,Nevada Power Company,US-NW-NEVP,455.0,557.0,,10.0,,False,
2025-10-07T06:00:00.000Z,USA,Nevada Power Company,US-NW-NEVP,469.0,572.0,,8.0,,False,
2025-10-07T07:00:00.000Z,USA,Nevada Power Company,US-NW-NEVP,471.0,575.0,,8.0,,False,
2025-10-07T08:00:00.000Z,USA,Nevada Power Company,US-NW-NEVP,470.0,575.0,,7.0,,False,
2025-10-07T09:00:00.000Z,USA,Nevada Power Company,US-NW-NEVP,473.0,578.0,,7.0,,False,
2025-10-07T10:00:00.000Z,USA,Nevada Power Company,US-NW-NEVP,478.0,583.0,,6.0,,False,
2025-10-07T11:00:00.000Z,USA,Nevada Power Company,US-NW-NEVP,478.0,581.0,,8.0,,False,
2025-10-07T12:00:00.000Z,USA,Nevada Power Company,US-NW-NEVP,461.0,561.0,,10.0,,False,
2025-10-07T13:00:00.000Z,USA,Nevada Power Company,US-NW-NEVP,444.0,544.0,,11.0,,False,
2025-10-07T14:00:00.000Z,USA,Nevada Power Company,US-NW-NEVP,409.0,498.0,,23.0,,False,
2025-10-07T15:00:00.000Z,USA,Nevada Power Company,US-NW-NEVP,266.0,323.0,,58.0,,False,
2025-10-07T16:00:00.000Z,USA,Nevada Power Company,US-NW-NEVP,209.0,261.0,,66.0,,False,
2025-10-07T17:00:00.000Z,USA,Nevada Power Company,US-NW-NEVP,202.0,255.0,,66.0,,False,
2025-10-07T18:00:00.000Z,USA,Nevada Power Company,US-NW-NEVP,214.0,268.0,,63.0,,False,
2025-10-07T19:00:00.000Z,USA,Nevada Power Company,US-NW-NEVP,214.0,267.0,,64.0,,False,
2025-10-07T20:00:00.000Z,USA,Nevada Power Company,US-NW-NEVP,217.0,273.0,,62.0,,False,
2025-10-07T21:00:00.000Z,USA,Nevada Power Company,US-NW-NEVP,230.0,288.0,,59.0,,False,
2025-10-07T22:00:00.000Z,USA,Nevada Power Company,US-NW-NEVP,253.0,318.0,,53.0,,False,
2025-10-07T23:00:00.000Z,USA,Nevada Power Company,US-NW-NEVP,297.0,372.0,,42.0,,False,
2025-10-08T00:00:00.000Z,USA,Nevada Power Company,US-NW-NEVP,323.0,402.0,,37.0,,True,TIME_SLICER_AVERAGE
2025-10-08T01:00:00.000Z,USA,Nevada Power Company,US-NW-NEVP,339.0,418.0,,35.0,,True,TIME_SLICER_AVERAGE
2025-10-08T02:00:00.000Z,USA,Nevada Power Company,US-NW-NEVP,461.0,559.0,,12.0,,True,TIME_SLICER_AVERAGE
2025-10-08T03:00:00.000Z,USA,Nevada Power Company,US-NW-NEVP,460.0,559.0,,12.0,,True,TIME_SLICER_AVERAGE
2025-10-08T04:00:00.000Z,USA,Nevada Power Company,US-NW-NEVP,466.0,567.0,,11.0,,False,
2025-10-08T05:00:00.000Z,USA,Nevada Power Company,US-NW-NEVP,470.0,571.0,,10.0,,False,
2025-10-08T06:00:00.000Z,USA,Nevada Power Company,US-NW-NEVP,471.0,572.0,,9.0,,False,
2025-10-08T07:00:00.000Z,USA,Nevada Power Company,US-NW-NEVP,461.0,563.0,,9.0,,False,
2025-10-08T08:00:00.000Z,USA,Nevada Power Company,US-NW-NEVP,461.0,564.0,,9.0,,False,
2025-10-08T09:00:00.000Z,USA,Nevada Power Company,US-NW-NEVP,462.0,565.0,,9.0,,False,
2025-10-08T10:00:00.000Z,USA,Nevada Power Company,US-NW-NEVP,473.0,575.0,,8.0,,False,
2025-10-08T11:00:00.000Z,USA,Nevada Power Company,US-NW-NEVP,469.0,571.0,,9.0,,False,
2025-10-08T12:00:00.000Z,USA,Nevada Power Company,US-NW-NEVP,457.0,559.0,,10.0,,False,
2025-10-08T13:00:00.000Z,USA,Nevada Power Company,US-NW-NEVP,447.0,549.0,,10.0,,False,
2025-10-08T14:00:00.000Z,USA,Nevada Power Company,US-NW-NEVP,394.0,485.0,,23.0,,False,
2025-10-08T15:00:00.000Z,USA,Nevada Power Company,US-NW-NEVP,257.0,323.0,,52.0,,False,
2025-10-08T16:00:00.000Z,USA,Nevada Power Company,US-NW-NEVP,200.0,253.0,,65.0,,False,
2025-10-08T17:00:00.000Z,USA,Nevada Power Company,US-NW-NEVP,180.0,232.0,,68.0,,False,
2025-10-08T18:00:00.000Z,USA,Nevada Power Company,US-NW-NEVP,175.0,225.0,,69.0,,False,
2025-10-08T19:00:00.000Z,USA,Nevada Power Company,US-NW-NEVP,176.0,228.0,,68.0,,False,
2025-10-08T20:00:00.000Z,USA,Nevada Power Company,US-NW-NEVP,178.0,231.0,,67.0,,False,
2025-10-08T21:00:00.000Z,USA,Nevada Power Company,US-NW-NEVP,190.0,247.0,,63.0,,False,
2025-10-08T22:00:00.000Z,USA,Nevada Power Company,US-NW-NEVP,206.0,266.0,,60.0,,False,
2025-10-08T23:00:00.000Z,USA,Nevada Power Company,US-NW-NEVP,242.0,308.0,,52.0,,False,
2025-10-09T00:00:00.000Z,USA,Nevada Power Company,US-NW-NEVP,277.0,348.0,,46.0,,True,TIME_SLICER_AVERAGE
2025-10-09T01:00:00.000Z,USA,Nevada Power Company,US-NW-NEVP,295.0,367.0,,43.0,,True,TIME_SLICER_AVERAGE
2025-10-09T02:00:00.000Z,USA,Nevada Power Company,US-NW-NEVP,401.0,493.0,,21.0,,True,TIME_SLICER_AVERAGE
2025-10-09T03:00:00.000Z,USA,Nevada Power Company,US-NW-NEVP,409.0,504.0,,18.0,,True,TIME_SLICER_AVERAGE
2025-10-09T04:00:00.000Z,USA,Nevada Power Company,US-NW-NEVP,423.0,519.0,,16.0,,False,
2025-10-09T05:00:00.000Z,USA,Nevada Power Company,US-NW-NEVP,429.0,526.0,,15.0,,False,
2025-10-09T06:00:00.000Z,USA,Nevada Power Company,US-NW-NEVP,440.0,538.0,,14.0,,False,
2025-10-09T07:00:00.000Z,USA,Nevada Power Company,US-NW-NEVP,454.0,552.0,,13.0,,False,
2025-10-09T08:00:00.000Z,USA,Nevada Power Company,US-NW-NEVP,459.0,557.0,,12.0,,False,
2025-10-09T09:00:00.000Z,USA,Nevada Power Company,US-NW-NEVP,452.0,550.0,,13.0,,False,
2025-10-09T10:00:00.000Z,USA,Nevada Power Company,US-NW-NEVP,456.0,556.0,,11.0,,False,
2025-10-09T11:00:00.000Z,USA,Nevada Power Company,US-NW-NEVP,459.0,559.0,,11.0,,False,
2025-10-09T12:00:00.000Z,USA,Nevada Power Company,US-NW-NEVP,453.0,555.0,,10.0,,False,
2025-10-09T13:00:00.000Z,USA,Nevada Power Company,US-NW-NEVP,441.0,543.0,,11.0,,False,
2025-10-09T14:00:00.000Z,USA,Nevada Power Company,US-NW-NEVP,405.0,501.0,,18.0,,False,
2025-10-09T15:00:00.000Z,USA,Nevada Power Company,US-NW-NEVP,327.0,409.0,,35.0,,False,
2025-10-09T16:00:00.000Z,USA,Nevada Power Company,US-NW-NEVP,269.0,338.0,,49.0,,False,
2025-10-09T17:00:00.000Z,USA,Nevada Power Company,US-NW-NEVP,283.0,356.0,,45.0,,False,
2025-10-09T18:00:00.000Z,USA,Nevada Power Company,US-NW-NEVP,301.0,377.0,,41.0,,False,
2025-10-09T19:00:00.000Z,USA,Nevada Power Company,US-NW-NEVP,320.0,400.0,,36.0,,False,
2025-10-09T20:00:00.000Z,USA,Nevada Power Company,US-NW-NEVP,337.0,422.0,,31.0,,False,
2025-10-09T21:00:00.000Z,USA,Nevada Power Company,US-NW-NEVP,299.0,381.0,,37.0,,False,
2025-10-09T22:00:00.000Z,USA,Nevada Power Company,US-NW-NEVP,280.0,358.0,,41.0,,False,
2025-10-09T23:00:00.000Z,USA,Nevada Power Company,US-NW-NEVP,336.0,421.0,,31.0,,False,
2025-10-10T00:00:00.000Z,USA,Nevada Power Company,US-NW-NEVP,356.0,444.0,,28.0,,True,TIME_SLICER_AVERAGE
2025-10-10T01:00:00.000Z,USA,Nevada Power Company,US-NW-NEVP,377.0,468.0,,23.0,,True,TIME_SLICER_AVERAGE
2025-10-10T02:00:00.000Z,USA,Nevada Power Company,US-NW-NEVP,423.0,521.0,,15.0,,True,TIME_SLICER_AVERAGE
2025-10-10T03:00:00.000Z,USA,Nevada Power Company,US-NW-NEVP,425.0,523.0,,16.0,,False,
2025-10-10T04:00:00.000Z,USA,Nevada Power Company,US-NW-NEVP,416.0,513.0,,16.0,,False,
2025-10-10T05:00:00.000Z,USA,Nevada Power Company,US-NW-NEVP,427.0,524.0,,15.0,,False,
2025-10-10T06:00:00.000Z,USA,Nevada Power Company,US-NW-NEVP,439.0,538.0,,13.0,,False,
2025-10-10T07:00:00.000Z,USA,Nevada Power Company,US-NW-NEVP,443.0,539.0,,14.0,,False,
2025-10-10T08:00:00.000Z,USA,Nevada Power Company,US-NW-NEVP,442.0,538.0,,15.0,,False,
2025-10-10T09:00:00.000Z,USA,Nevada Power Company,US-NW-NEVP,446.0,544.0,,13.0,,False,
2025-10-10T10:00:00.000Z,USA,Nevada Power Company,US-NW-NEVP,452.0,550.0,,13.0,,False,
2025-10-10T11:00:00.000Z,USA,Nevada Power Company,US-NW-NEVP,453.0,554.0,,11.0,,False,
2025-10-10T12:00:00.000Z,USA,Nevada Power Company,US-NW-NEVP,439.0,537.0,,14.0,,False,
2025-10-10T13:00:00.000Z,USA,Nevada Power Company,US-NW-NEVP,436.0,534.0,,14.0,,False,
2025-10-10T14:00:00.000Z,USA,Nevada Power Company,US-NW-NEVP,424.0,520.0,,17.0,,False,
2025-10-10T15:00:00.000Z,USA,Nevada Power Company,US-NW-NEVP,374.0,457.0,,31.0,,False,
2025-10-10T16:00:00.000Z,USA,Nevada Power Company,US-NW-NEVP,309.0,380.0,,45.0,,False,
2025-10-10T17:00:00.000Z,USA,Nevada Power Company,US-NW-NEVP,272.0,338.0,,51.0,,False,
2025-10-10T18:00:00.000Z,USA,Nevada Power Company,US-NW-NEVP,282.0,348.0,,50.0,,False,
2025-10-10T19:00:00.000Z,USA,Nevada Power Company,US-NW-NEVP,284.0,349.0,,51.0,,False,
2025-10-10T20:00:00.000Z,USA,Nevada Power Company,US-NW-NEVP,280.0,346.0,,51.0,,False,
2025-10-10T21:00:00.000Z,USA,Nevada Power Company,US-NW-NEVP,290.0,359.0,,47.0,,False,
2025-10-10T22:00:00.000Z,USA,Nevada Power Company,US-NW-NEVP,371.0,451.0,,32.0,,False,
2025-10-10T23:00:00.000Z,USA,Nevada Power Company,US-NW-NEVP,384.0,467.0,,29.0,,False,
2025-10-11T00:00:00.000Z,USA,Nevada Power Company,US-NW-NEVP,420.0,510.0,,22.0,,False,
2025-10-11T01:00:00.000Z,USA,Nevada Power Company,US-NW-NEVP,431.0,524.0,,19.0,,True,TIME_SLICER_AVERAGE
2025-10-11T02:00:00.000Z,USA,Nevada Power Company,US-NW-NEVP,427.0,520.0,,18.0,,False,
2025-10-11T03:00:00.000Z,USA,Nevada Power Company,US-NW-NEVP,434.0,527.0,,17.0,,False,
2025-10-11T04:00:00.000Z,USA,Nevada Power Company,US-NW-NEVP,437.0,530.0,,17.0,,False,
2025-10-11T05:00:00.000Z,USA,Nevada Power Company,US-NW-NEVP,450.0,546.0,,15.0,,False,
2025-10-11T06:00:00.000Z,USA,Nevada Power Company,US-NW-NEVP,432.0,529.0,,15.0,,False,
2025-10-11T07:00:00.000Z,USA,Nevada Power Company,US-NW-NEVP,424.0,521.0,,16.0,,False,
2025-10-11T08:00:00.000Z,USA,Nevada Power Company,US-NW-NEVP,424.0,522.0,,15.0,,False,
2025-10-11T09:00:00.000Z,USA,Nevada Power Company,US-NW-NEVP,426.0,524.0,,15.0,,False,
2025-10-11T10:00:00.000Z,USA,Nevada Power Company,US-NW-NEVP,434.0,533.0,,13.0,,False,
2025-10-11T11:00:00.000Z,USA,Nevada Power Company,US-NW-NEVP,436.0,535.0,,13.0,,False,
2025-10-11T12:00:00.000Z,USA,Nevada Power Company,US-NW-NEVP,432.0,532.0,,12.0,,False,
2025-10-11T13:00:00.000Z,USA,Nevada Power Company,US-NW-NEVP,429.0,528.0,,13.0,,False,
2025-10-11T14:00:00.000Z,USA,Nevada Power Company,US-NW-NEVP,404.0,497.0,,20.0,,False,
2025-10-11T15:00:00.000Z,USA,Nevada Power Company,US-NW-NEVP,274.0,337.0,,52.0,,False,
2025-10-11T16:00:00.000Z,USA,Nevada Power Company,US-NW-NEVP,249.0,309.0,,56.0,,False,
2025-10-11T17:00:00.000Z,USA,Nevada Power Company,US-NW-NEVP,236.0,294.0,,59.0,,False,
2025-10-11T18:00:00.000Z,USA,Nevada Power Company,US-NW-NEVP,230.0,288.0,,59.0,,False,
2025-10-11T19:00:00.000Z,USA,Nevada Power Company,US-NW-NEVP,241.0,299.0,,58.0,,False,
2025-10-11T20:00:00.000Z,USA,Nevada Power Company,US-NW-NEVP,236.0,294.0,,59.0,,False,
2025-10-11T21:00:00.000Z,USA,Nevada Power Company,US-NW-NEVP,244.0,303.0,,57.0,,False,
2025-10-11T22:00:00.000Z,USA,Nevada Power Company,US-NW-NEVP,259.0,322.0,,53.0,,False,
2025-10-11T23:00:00.000Z,USA,Nevada Power Company,US-NW-NEVP,291.0,361.0,,46.0,,False,
2025-10-12T00:00:00.000Z,USA,Nevada Power Company,US-NW-NEVP,397.0,488.0,,23.0,,False,
2025-10-12T01:00:00.000Z,USA,Nevada Power Company,US-NW-NEVP,420.0,512.0,,18.0,,False,
2025-10-12T02:00:00.000Z,USA,Nevada Power Company,US-NW-NEVP,419.0,513.0,,17.0,,False,
2025-10-12T03:00:00.000Z,USA,Nevada Power Company,US-NW-NEVP,424.0,520.0,,15.0,,True,TIME_SLICER_AVERAGE
2025-10-12T04:00:00.000Z,USA,Nevada Power Company,US-NW-NEVP,419.0,513.0,,16.0,,True,TIME_SLICER_AVERAGE
2025-10-12T05:00:00.000Z,USA,Nevada Power Company,US-NW-NEVP,413.0,506.0,,18.0,,True,TIME_SLICER_AVERAGE
2025-10-12T06:00:00.000Z,USA,Nevada Power Company,US-NW-NEVP,432.0,529.0,,15.0,,False,
2025-10-12T07:00:00.000Z,USA,Nevada Power Company,US-NW-NEVP,416.0,509.0,,19.0,,False,
2025-10-12T08:00:00.000Z,USA,Nevada Power Company,US-NW-NEVP,422.0,516.0,,18.0,,False,
2025-10-12T09:00:00.000Z,USA,Nevada Power Company,US-NW-NEVP,421.0,515.0,,17.0,,False,
2025-10-12T10:00:00.000Z,USA,Nevada Power Company,US-NW-NEVP,427.0,522.0,,16.0,,False,
2025-10-12T11:00:00.000Z,USA,Nevada Power Company,US-NW-NEVP,426.0,521.0,,17.0,,False,
2025-10-12T12:00:00.000Z,USA,Nevada Power Company,US-NW-NEVP,430.0,526.0,,15.0,,False,
2025-10-12T13:00:00.000Z,USA,Nevada Power Company,US-NW-NEVP,442.0,539.0,,15.0,,False,
2025-10-12T14:00:00.000Z,USA,Nevada Power Company,US-NW-NEVP,383.0,463.0,,32.0,,False,
2025-10-12T15:00:00.000Z,USA,Nevada Power Company,US-NW-NEVP,245.0,299.0,,62.0,,False,
2025-10-12T16:00:00.000Z,USA,Nevada Power Company,US-NW-NEVP,211.0,262.0,,68.0,,False,
2025-10-12T17:00:00.000Z,USA,Nevada Power Company,US-NW-NEVP,210.0,260.0,,68.0,,False,
2025-10-12T18:00:00.000Z,USA,Nevada Power Company,US-NW-NEVP,213.0,263.0,,67.0,,False,
2025-10-12T19:00:00.000Z,USA,Nevada Power Company,US-NW-NEVP,216.0,267.0,,67.0,,False,
2025-10-12T20:00:00.000Z,USA,Nevada Power Company,US-NW-NEVP,219.0,271.0,,66.0,,False,
2025-10-12T21:00:00.000Z,USA,Nevada Power Company,US-NW-NEVP,221.0,275.0,,65.0,,False,
2025-10-12T22:00:00.000Z,USA,Nevada Power Company,US-NW-NEVP,235.0,293.0,,60.0,,False,
2025-10-12T23:00:00.000Z,USA,Nevada Power Company,US-NW-NEVP,283.0,350.0,,49.0,,False,
2025-10-13T00:00:00.000Z,USA,Nevada Power Company,US-NW-NEVP,322.0,396.0,,41.0,,True,TIME_SLICER_AVERAGE
2025-10-13T01:00:00.000Z,USA,Nevada Power Company,US-NW-NEVP,350.0,425.0,,38.0,,True,TIME_SLICER_AVERAGE
2025-10-13T02:00:00.000Z,USA,Nevada Power Company,US-NW-NEVP,467.0,563.0,,14.0,,True,TIME_SLICER_AVERAGE
2025-10-13T03:00:00.000Z,USA,Nevada Power Company,US-NW-NEVP,467.0,566.0,,12.0,,True,TIME_SLICER_AVERAGE
2025-10-13T04:00:00.000Z,USA,Nevada Power Company,US-NW-NEVP,468.0,567.0,,12.0,,True,TIME_SLICER_AVERAGE
2025-10-13T05:00:00.000Z,USA,Nevada Power Company,US-NW-NEVP,463.0,563.0,,12.0,,False,
2025-10-13T06:00:00.000Z,USA,Nevada Power Company,US-NW-NEVP,472.0,573.0,,10.0,,False,
2025-10-13T07:00:00.000Z,USA,Nevada Power Company,US-NW-NEVP,477.0,578.0,,10.0,,False,
2025-10-13T08:00:00.000Z,USA,Nevada Power Company,US-NW-NEVP,473.0,574.0,,10.0,,False,
2025-10-13T09:00:00.000Z,USA,Nevada Power Company,US-NW-NEVP,475.0,577.0,,9.0,,False,
2025-10-13T10:00:00.000Z,USA,Nevada Power Company,US-NW-NEVP,483.0,585.0,,8.0,,False,
2025-10-13T11:00:00.000Z,USA,Nevada Power Company,US-NW-NEVP,481.0,583.0,,9.0,,False,
2025-10-13T12:00:00.000Z,USA,Nevada Power Company,US-NW-NEVP,476.0,578.0,,9.0,,False,
2025-10-13T13:00:00.000Z,USA,Nevada Power Company,US-NW-NEVP,458.0,558.0,,12.0,,False,
2025-10-13T14:00:00.000Z,USA,Nevada Power Company,US-NW-NEVP,403.0,491.0,,25.0,,False,
2025-10-13T15:00:00.000Z,USA,Nevada Power Company,US-NW-NEVP,295.0,359.0,,51.0,,False,
2025-10-13T16:00:00.000Z,USA,Nevada Power Company,US-NW-NEVP,263.0,323.0,,56.0,,False,
2025-10-13T17:00:00.000Z,USA,Nevada Power Company,US-NW-NEVP,257.0,318.0,,56.0,,False,
2025-10-13T18:00:00.000Z,USA,Nevada Power Company,US-NW-NEVP,260.0,321.0,,55.0,,False,
2025-10-13T19:00:00.000Z,USA,Nevada Power Company,US-NW-NEVP,258.0,321.0,,54.0,,False,
2025-10-13T20:00:00.000Z,USA,Nevada Power Company,US-NW-NEVP,292.0,364.0,,45.0,,False,
2025-10-13T21:00:00.000Z,USA,Nevada Power Company,US-NW-NEVP,330.0,410.0,,35.0,,False,
2025-10-13T22:00:00.000Z,USA,Nevada Power Company,US-NW-NEVP,343.0,427.0,,31.0,,False,
2025-10-13T23:00:00.000Z,USA,Nevada Power Company,US-NW-NEVP,376.0,467.0,,24.0,,False,
2025-10-14T00:00:00.000Z,USA,Nevada Power Company,US-NW-NEVP,391.0,481.0,,24.0,,True,TIME_SLICER_AVERAGE
2025-10-14T01:00:00.000Z,USA,Nevada Power Company,US-NW-NEVP,391.0,478.0,,26.0,,True,TIME_SLICER_AVERAGE
2025-10-14T02:00:00.000Z,USA,Nevada Power Company,US-NW-NEVP,432.0,525.0,,18.0,,True,TIME_SLICER_AVERAGE
2025-10-14T03:00:00.000Z,USA,Nevada Power Company,US-NW-NEVP,441.0,536.0,,16.0,,True,TIME_SLICER_AVERAGE
2025-10-14T04:00:00.000Z,USA,Nevada Power Company,US-NW-NEVP,452.0,547.0,,16.0,,False,
2025-10-14T05:00:00.000Z,USA,Nevada Power Company,US-NW-NEVP,464.0,561.0,,14.0,,False,
2025-10-14T06:00:00.000Z,USA,Nevada Power Company,US-NW-NEVP,461.0,558.0,,14.0,,False,
2025-10-14T07:00:00.000Z,USA,Nevada Power Company,US-NW-NEVP,482.0,582.0,,11.0,,False,
2025-10-14T08:00:00.000Z,USA,Nevada Power Company,US-NW-NEVP,475.0,575.0,,11.0,,False,
2025-10-14T09:00:00.000Z,USA,Nevada Power Company,US-NW-NEVP,467.0,567.0,,12.0,,False,
2025-10-14T10:00:00.000Z,USA,Nevada Power Company,US-NW-NEVP,476.0,576.0,,11.0,,False,
2025-10-14T11:00:00.000Z,USA,Nevada Power Company,US-NW-NEVP,473.0,573.0,,10.0,,False,
2025-10-14T12:00:00.000Z,USA,Nevada Power Company,US-NW-NEVP,465.0,566.0,,11.0,,False,
2025-10-14T13:00:00.000Z,USA,Nevada Power Company,US-NW-NEVP,452.0,553.0,,12.0,,False,
2025-10-14T14:00:00.000Z,USA,Nevada Power Company,US-NW-NEVP,415.0,508.0,,20.0,,False,
2025-10-14T15:00:00.000Z,USA,Nevada Power Company,US-NW-NEVP,355.0,431.0,,36.0,,False,
2025-10-14T16:00:00.000Z,USA,Nevada Power Company,US-NW-NEVP,341.0,411.0,,42.0,,False,
2025-10-14T17:00:00.000Z,USA,Nevada Power Company,US-NW-NEVP,318.0,385.0,,46.0,,False,
2025-10-14T18:00:00.000Z,USA,Nevada Power Company,US-NW-NEVP,326.0,393.0,,46.0,,False,
2025-10-14T19:00:00.000Z,USA,Nevada Power Company,US-NW-NEVP,323.0,391.0,,45.0,,False,
2025-10-14T20:00:00.000Z,USA,Nevada Power Company,US-NW-NEVP,331.0,401.0,,43.0,,False,
2025-10-14T21:00:00.000Z,USA,Nevada Power Company,US-NW-NEVP,333.0,402.0,,43.0,,False,
2025-10-14T22:00:00.000Z,USA,Nevada Power Company,US-NW-NEVP,317.0,386.0,,44.0,,False,
2025-10-14T23:00:00.000Z,USA,Nevada Power Company,US-NW-NEVP,387.0,471.0,,28.0,,False,
2025-10-15T00:00:00.000Z,USA,Nevada Power Company,US-NW-NEVP,393.0,480.0,,26.0,,True,TIME_SLICER_AVERAGE
2025-10-15T01:00:00.000Z,USA,Nevada Power Company,US-NW-NEVP,393.0,481.0,,25.0,,True,TIME_SLICER_AVERAGE
2025-10-15T02:00:00.000Z,USA,Nevada Power Company,US-NW-NEVP,399.0,498.0,,14.0,,False,
2025-10-15T03:00:00.000Z,USA,Nevada Power Company,US-NW-NEVP,428.0,526.0,,13.0,,False,
2025-10-15T04:00:00.000Z,USA,Nevada Power Company,US-NW-NEVP,497.0,576.0,,24.0,,False,
2025-10-15T05:00:00.000Z,USA,Nevada Power Company,US-NW-NEVP,509.0,590.0,,22.0,,False,
2025-10-15T06:00:00.000Z,USA,Nevada Power Company,US-NW-NEVP,510.0,592.0,,21.0,,False,
2025-10-15T07:00:00.000Z,USA,Nevada Power Company,US-NW-NEVP,518.0,603.0,,18.0,,False,
2025-10-15T08:00:00.000Z,USA,Nevada Power Company,US-NW-NEVP,522.0,607.0,,17.0,,False,
2025-10-15T09:00:00.000Z,USA,Nevada Power Company,US-NW-NEVP,529.0,616.0,,16.0,,False,
2025-10-15T10:00:00.000Z,USA,Nevada Power Company,US-NW-NEVP,529.0,618.0,,15.0,,False,
2025-10-15T11:00:00.000Z,USA,Nevada Power Company,US-NW-NEVP,509.0,599.0,,15.0,,False,
2025-10-15T12:00:00.000Z,USA,Nevada Power Company,US-NW-NEVP,490.0,580.0,,17.0,,False,
2025-10-15T13:00:00.000Z,USA,Nevada Power Company,US-NW-NEVP,444.0,529.0,,22.0,,False,
2025-10-15T14:00:00.000Z,USA,Nevada Power Company,US-NW-NEVP,438.0,522.0,,24.0,,False,
2025-10-15T15:00:00.000Z,USA,Nevada Power Company,US-NW-NEVP,408.0,489.0,,29.0,,False,
2025-10-15T16:00:00.000Z,USA,Nevada Power Company,US-NW-NEVP,350.0,429.0,,34.0,,False,
2025-10-15T17:00:00.000Z,USA,Nevada Power Company,US-NW-NEVP,331.0,411.0,,36.0,,False,
2025-10-15T18:00:00.000Z,USA,Nevada Power Company,US-NW-NEVP,324.0,403.0,,37.0,,False,
2025-10-15T19:00:00.000Z,USA,Nevada Power Company,US-NW-NEVP,309.0,386.0,,37.0,,False,
2025-10-15T20:00:00.000Z,USA,Nevada Power Company,US-NW-NEVP,318.0,396.0,,36.0,,False,
2025-10-15T21:00:00.000Z,USA,Nevada Power Company,US-NW-NEVP,348.0,425.0,,36.0,,False,
2025-10-15T22:00:00.000Z,USA,Nevada Power Company,US-NW-NEVP,371.0,453.0,,33.0,,False,
2025-10-15T23:00:00.000Z,USA,Nevada Power Company,US-NW-NEVP,351.0,434.0,,32.0,,False,
2025-10-16T00:00:00.000Z,USA,Nevada Power Company,US-NW-NEVP,373.0,471.0,,17.0,,False,
2025-10-16T01:00:00.000Z,USA,Nevada Power Company,US-NW-NEVP,387.0,486.0,,15.0,,False,
2025-10-16T02:00:00.000Z,USA,Nevada Power Company,US-NW-NEVP,397.0,495.0,,15.0,,False,
2025-10-16T03:00:00.000Z,USA,Nevada Power Company,US-NW-NEVP,396.0,463.0,,36.0,,False,
2025-10-16T04:00:00.000Z,USA,Nevada Power Company,US-NW-NEVP,430.0,500.0,,32.0,,False,
2025-10-16T05:00:00.000Z,USA,Nevada Power Company,US-NW-NEVP,408.0,475.0,,35.0,,False,
2025-10-16T06:00:00.000Z,USA,Nevada Power Company,US-NW-NEVP,446.0,515.0,,31.0,,False,
2025-10-16T07:00:00.000Z,USA,Nevada Power Company,US-NW-NEVP,446.0,514.0,,33.0,,False,
2025-10-16T08:00:00.000Z,USA,Nevada Power Company,US-NW-NEVP,437.0,506.0,,33.0,,False,
2025-10-16T09:00:00.000Z,USA,Nevada Power Company,US-NW-NEVP,453.0,523.0,,31.0,,False,
2025-10-16T10:00:00.000Z,USA,Nevada Power Company,US-NW-NEVP,476.0,549.0,,27.0,,False,
2025-10-16T11:00:00.000Z,USA,Nevada Power Company,US-NW-NEVP,504.0,580.0,,23.0,,False,
2025-10-16T12:00:00.000Z,USA,Nevada Power Company,US-NW-NEVP,491.0,566.0,,24.0,,False,
2025-10-16T13:00:00.000Z,USA,Nevada Power Company,US-NW-NEVP,458.0,529.0,,31.0,,False,
2025-10-16T14:00:00.000Z,USA,Nevada Power Company,US-NW-NEVP,472.0,539.0,,32.0,,False,
2025-10-16T15:00:00.000Z,USA,Nevada Power Company,US-NW-NEVP,372.0,427.0,,47.0,,False,
2025-10-16T16:00:00.000Z,USA,Nevada Power Company,US-NW-NEVP,293.0,344.0,,56.0,,False,
2025-10-16T17:00:00.000Z,USA,Nevada Power Company,US-NW-NEVP,264.0,315.0,,56.0,,False,
2025-10-16T18:00:00.000Z,USA,Nevada Power Company,US-NW-NEVP,256.0,306.0,,56.0,,False,
2025-10-16T19:00:00.000Z,USA,Nevada Power Company,US-NW-NEVP,259.0,308.0,,57.0,,False,
2025-10-16T20:00:00.000Z,USA,Nevada Power Company,US-NW-NEVP,264.0,315.0,,57.0,,False,
2025-10-16T21:00:00.000Z,USA,Nevada Power Company,US-NW-NEVP,266.0,318.0,,55.0,,False,
2025-10-16T22:00:00.000Z,USA,Nevada Power Company,US-NW-NEVP,283.0,335.0,,54.0,,False,
2025-10-16T23:00:00.000Z,USA,Nevada Power Company,US-NW-NEVP,293.0,351.0,,50.0,,False,
2025-10-17T00:00:00.000Z,USA,Nevada Power Company,US-NW-NEVP,308.0,366.0,,49.0,,False,
2025-10-17T01:00:00.000Z,USA,Nevada Power Company,US-NW-NEVP,333.0,391.0,,47.0,,False,
2025-10-17T02:00:00.000Z,USA,Nevada Power Company,US-NW-NEVP,342.0,399.0,,47.0,,False,
2025-10-17T03:00:00.000Z,USA,Nevada Power Company,US-NW-NEVP,341.0,398.0,,47.0,,False,
2025-10-17T04:00:00.000Z,USA,Nevada Power Company,US-NW-NEVP,429.0,524.0,,17.0,,False,
2025-10-17T05:00:00.000Z,USA,Nevada Power Company,US-NW-NEVP,425.0,519.0,,18.0,,False,
2025-10-17T06:00:00.000Z,USA,Nevada Power Company,US-NW-NEVP,423.0,515.0,,19.0,,False,
2025-10-17T07:00:00.000Z,USA,Nevada Power Company,US-NW-NEVP,427.0,521.0,,18.0,,False,
2025-10-17T08:00:00.000Z,USA,Nevada Power Company,US-NW-NEVP,431.0,525.0,,17.0,,False,
2025-10-17T09:00:00.000Z,USA,Nevada Power Company,US-NW-NEVP,433.0,527.0,,17.0,,False,
2025-10-17T10:00:00.000Z,USA,Nevada Power Company,US-NW-NEVP,437.0,532.0,,16.0,,False,
2025-10-17T11:00:00.000Z,USA,Nevada Power Company,US-NW-NEVP,444.0,541.0,,14.0,,False,
2025-10-17T12:00:00.000Z,USA,Nevada Power Company,US-NW-NEVP,438.0,534.0,,15.0,,False,
2025-10-17T13:00:00.000Z,USA,Nevada Power Company,US-NW-NEVP,438.0,533.0,,16.0,,False,
2025-10-17T14:00:00.000Z,USA,Nevada Power Company,US-NW-NEVP,388.0,472.0,,28.0,,False,
2025-10-17T15:00:00.000Z,USA,Nevada Power Company,US-NW-NEVP,261.0,320.0,,57.0,,False,
2025-10-17T16:00:00.000Z,USA,Nevada Power Company,US-NW-NEVP,219.0,271.0,,65.0,,False,
2025-10-17T17:00:00.000Z,USA,Nevada Power Company,US-NW-NEVP,216.0,267.0,,66.0,,False,
2025-10-17T18:00:00.000Z,USA,Nevada Power Company,US-NW-NEVP,218.0,269.0,,66.0,,False,
2025-10-17T19:00:00.000Z,USA,Nevada Power Company,US-NW-NEVP,218.0,269.0,,66.0,,False,
2025-10-17T20:00:00.000Z,USA,Nevada Power Company,US-NW-NEVP,211.0,265.0,,64.0,,False,
2025-10-17T21:00:00.000Z,USA,Nevada Power Company,US-NW-NEVP,222.0,278.0,,62.0,,False,
2025-10-17T22:00:00.000Z,USA,Nevada Power Company,US-NW-NEVP,232.0,290.0,,60.0,,False,
2025-10-17T23:00:00.000Z,USA,Nevada Power Company,US-NW-NEVP,286.0,354.0,,48.0,,False,
2025-10-18T00:00:00.000Z,USA,Nevada Power Company,US-NW-NEVP,307.0,378.0,,44.0,,True,TIME_SLICER_AVERAGE
2025-10-18T01:00:00.000Z,USA,Nevada Power Company,US-NW-NEVP,311.0,383.0,,43.0,,True,TIME_SLICER_AVERAGE
2025-10-18T02:00:00.000Z,USA,Nevada Power Company,US-NW-NEVP,429.0,522.0,,18.0,,True,TIME_SLICER_AVERAGE
2025-10-18T03:00:00.000Z,USA,Nevada Power Company,US-NW-NEVP,417.0,510.0,,19.0,,True,TIME_SLICER_AVERAGE
2025-10-18T04:00:00.000Z,USA,Nevada Power Company,US-NW-NEVP,413.0,506.0,,19.0,,False,
2025-10-18T05:00:00.000Z,USA,Nevada Power Company,US-NW-NEVP,416.0,509.0,,19.0,,False,
2025-10-18T06:00:00.000Z,USA,Nevada Power Company,US-NW-NEVP,423.0,516.0,,18.0,,False,
2025-10-18T07:00:00.000Z,USA,Nevada Power Company,US-NW-NEVP,439.0,533.0,,17.0,,False,
2025-10-18T08:00:00.000Z,USA,Nevada Power Company,US-NW-NEVP,435.0,529.0,,17.0,,False,
2025-10-18T09:00:00.000Z,USA,Nevada Power Company,US-NW-NEVP,441.0,537.0,,16.0,,False,
2025-10-18T10:00:00.000Z,USA,Nevada Power Company,US-NW-NEVP,452.0,549.0,,14.0,,False,
2025-10-18T11:00:00.000Z,USA,Nevada Power Company,US-NW-NEVP,458.0,556.0,,13.0,,False,
2025-10-18T12:00:00.000Z,USA,Nevada Power Company,US-NW-NEVP,458.0,555.0,,13.0,,False,
2025-10-18T13:00:00.000Z,USA,Nevada Power Company,US-NW-NEVP,460.0,556.0,,14.0,,False,
2025-10-18T14:00:00.000Z,USA,Nevada Power Company,US-NW-NEVP,400.0,484.0,,28.0,,False,
2025-10-18T15:00:00.000Z,USA,Nevada Power Company,US-NW-NEVP,244.0,297.0,,62.0,,False,
2025-10-18T16:00:00.000Z,USA,Nevada Power Company,US-NW-NEVP,203.0,253.0,,68.0,,False,
2025-10-18T17:00:00.000Z,USA,Nevada Power Company,US-NW-NEVP,198.0,248.0,,68.0,,False,
2025-10-18T18:00:00.000Z,USA,Nevada Power Company,US-NW-NEVP,197.0,248.0,,67.0,,False,
2025-10-18T19:00:00.000Z,USA,Nevada Power Company,US-NW-NEVP,202.0,255.0,,66.0,,False,
2025-10-18T20:00:00.000Z,USA,Nevada Power Company,US-NW-NEVP,197.0,249.0,,66.0,,False,
2025-10-18T21:00:00.000Z,USA,Nevada Power Company,US-NW-NEVP,203.0,257.0,,64.0,,False,
2025-10-18T22:00:00.000Z,USA,Nevada Power Company,US-NW-NEVP,219.0,276.0,,61.0,,False,
2025-10-18T23:00:00.000Z,USA,Nevada Power Company,US-NW-NEVP,280.0,347.0,,49.0,,False,
2025-10-19T00:00:00.000Z,USA,Nevada Power Company,US-NW-NEVP,316.0,388.0,,42.0,,True,TIME_SLICER_AVERAGE
2025-10-19T01:00:00.000Z,USA,Nevada Power Company,US-NW-NEVP,336.0,409.0,,40.0,,True,TIME_SLICER_AVERAGE
2025-10-19T02:00:00.000Z,USA,Nevada Power Company,US-NW-NEVP,458.0,552.0,,15.0,,True,TIME_SLICER_AVERAGE
2025-10-19T03:00:00.000Z,USA,Nevada Power Company,US-NW-NEVP,452.0,547.0,,15.0,,True,TIME_SLICER_AVERAGE
2025-10-19T04:00:00.000Z,USA,Nevada Power Company,US-NW-NEVP,445.0,539.0,,16.0,,False,
2025-10-19T05:00:00.000Z,USA,Nevada Power Company,US-NW-NEVP,454.0,545.0,,17.0,,False,
2025-10-19T06:00:00.000Z,USA,Nevada Power Company,US-NW-NEVP,449.0,541.0,,17.0,,False,
2025-10-19T07:00:00.000Z,USA,Nevada Power Company,US-NW-NEVP,458.0,551.0,,16.0,,False,
2025-10-19T08:00:00.000Z,USA,Nevada Power Company,US-NW-NEVP,457.0,552.0,,15.0,,False,
2025-10-19T09:00:00.000Z,USA,Nevada Power Company,US-NW-NEVP,455.0,551.0,,15.0,,False,
2025-10-19T10:00:00.000Z,USA,Nevada Power Company,US-NW-NEVP,448.0,543.0,,15.0,,False,
2025-10-19T11:00:00.000Z,USA,Nevada Power Company,US-NW-NEVP,444.0,540.0,,15.0,,False,
2025-10-19T12:00:00.000Z,USA,Nevada Power Company,US-NW-NEVP,450.0,546.0,,14.0,,False,
2025-10-19T13:00:00.000Z,USA,Nevada Power Company,US-NW-NEVP,448.0,544.0,,15.0,,False,
2025-10-19T14:00:00.000Z,USA,Nevada Power Company,US-NW-NEVP,380.0,461.0,,30.0,,False,
2025-10-19T15:00:00.000Z,USA,Nevada Power Company,US-NW-NEVP,232.0,283.0,,64.0,,False,
2025-10-19T16:00:00.000Z,USA,Nevada Power Company,US-NW-NEVP,194.0,241.0,,70.0,,False,
2025-10-19T17:00:00.000Z,USA,Nevada Power Company,US-NW-NEVP,187.0,235.0,,70.0,,False,
2025-10-19T18:00:00.000Z,USA,Nevada Power Company,US-NW-NEVP,185.0,233.0,,70.0,,False,
2025-10-19T19:00:00.000Z,USA,Nevada Power Company,US-NW-NEVP,188.0,238.0,,68.0,,False,
2025-10-19T20:00:00.000Z,USA,Nevada Power Company,US-NW-NEVP,185.0,235.0,,69.0,,False,
2025-10-19T21:00:00.000Z,USA,Nevada Power Company,US-NW-NEVP,195.0,247.0,,66.0,,False,
2025-10-19T22:00:00.000Z,USA,Nevada Power Company,US-NW-NEVP,209.0,263.0,,63.0,,False,
2025-10-19T23:00:00.000Z,USA,Nevada Power Company,US-NW-NEVP,263.0,327.0,,52.0,,False,
2025-10-20T00:00:00.000Z,USA,Nevada Power Company,US-NW-NEVP,288.0,354.0,,48.0,,True,TIME_SLICER_AVERAGE
2025-10-20T01:00:00.000Z,USA,Nevada Power Company,US-NW-NEVP,295.0,364.0,,46.0,,True,TIME_SLICER_AVERAGE
2025-10-20T02:00:00.000Z,USA,Nevada Power Company,US-NW-NEVP,422.0,510.0,,21.0,,False,
2025-10-20T03:00:00.000Z,USA,Nevada Power Company,US-NW-NEVP,421.0,506.0,,23.0,,False,
2025-10-20T04:00:00.000Z,USA,Nevada Power Company,US-NW-NEVP,424.0,511.0,,22.0,,False,
2025-10-20T05:00:00.000Z,USA,Nevada Power Company,US-NW-NEVP,434.0,522.0,,21.0,,False,
2025-10-20T06:00:00.000Z,USA,Nevada Power Company,US-NW-NEVP,437.0,529.0,,18.0,,False,
2025-10-20T07:00:00.000Z,USA,Nevada Power Company,US-NW-NEVP,441.0,537.0,,16.0,,False,
2025-10-20T08:00:00.000Z,USA,Nevada Power Company,US-NW-NEVP,445.0,540.0,,16.0,,False,
2025-10-20T09:00:00.000Z,USA,Nevada Power Company,US-NW-NEVP,441.0,536.0,,16.0,,False,
2025-10-20T10:00:00.000Z,USA,Nevada Power Company,US-NW-NEVP,448.0,545.0,,14.0,,False,
2025-10-20T11:00:00.000Z,USA,Nevada Power Company,US-NW-NEVP,460.0,560.0,,11.0,,False,
2025-10-20T12:00:00.000Z,USA,Nevada Power Company,US-NW-NEVP,463.0,562.0,,10.0,,False,
2025-10-20T13:00:00.000Z,USA,Nevada Power Company,US-NW-NEVP,465.0,563.0,,11.0,,False,
2025-10-20T14:00:00.000Z,USA,Nevada Power Company,US-NW-NEVP,404.0,490.0,,25.0,,False,
2025-10-20T15:00:00.000Z,USA,Nevada Power Company,US-NW-NEVP,256.0,314.0,,58.0,,False,
2025-10-20T16:00:00.000Z,USA,Nevada Power Company,US-NW-NEVP,207.0,256.0,,68.0,,False,
2025-10-20T17:00:00.000Z,USA,Nevada Power Company,US-NW-NEVP,198.0,247.0,,69.0,,False,
2025-10-20T18:00:00.000Z,USA,Nevada Power Company,US-NW-NEVP,202.0,252.0,,67.0,,False,
2025-10-20T19:00:00.000Z,USA,Nevada Power Company,US-NW-NEVP,204.0,254.0,,67.0,,False,
2025-10-20T20:00:00.000Z,USA,Nevada Power Company,US-NW-NEVP,204.0,255.0,,67.0,,False,
2025-10-20T21:00:00.000Z,USA,Nevada Power Company,US-NW-NEVP,219.0,274.0,,63.0,,False,
2025-10-20T22:00:00.000Z,USA,Nevada Power Company,US-NW-NEVP,234.0,291.0,,60.0,,False,
2025-10-20T23:00:00.000Z,USA,Nevada Power Company,US-NW-NEVP,291.0,358.0,,48.0,,False,
2025-10-21T00:00:00.000Z,USA,Nevada Power Company,US-NW-NEVP,398.0,482.0,,27.0,,False,
2025-10-21T01:00:00.000Z,USA,Nevada Power Company,US-NW-NEVP,442.0,527.0,,22.0,,False,
2025-10-21T02:00:00.000Z,USA,Nevada Power Company,US-NW-NEVP,438.0,526.0,,19.0,,False,
2025-10-21T03:00:00.000Z,USA,Nevada Power Company,US-NW-NEVP,448.0,541.0,,15.0,,True,TIME_SLICER_AVERAGE
2025-10-21T04:00:00.000Z,USA,Nevada Power Company,US-NW-NEVP,453.0,551.0,,13.0,,False,
2025-10-21T05:00:00.000Z,USA,Nevada Power Company,US-NW-NEVP,458.0,557.0,,12.0,,False,
2025-10-21T06:00:00.000Z,USA,Nevada Power Company,US-NW-NEVP,462.0,562.0,,12.0,,False,
2025-10-21T07:00:00.000Z,USA,Nevada Power Company,US-NW-NEVP,475.0,577.0,,9.0,,False,
2025-10-21T08:00:00.000Z,USA,Nevada Power Company,US-NW-NEVP,471.0,574.0,,9.0,,False,
2025-10-21T09:00:00.000Z,USA,Nevada Power Company,US-NW-NEVP,468.0,571.0,,9.0,,False,
2025-10-21T10:00:00.000Z,USA,Nevada Power Company,US-NW-NEVP,464.0,568.0,,9.0,,False,
2025-10-21T11:00:00.000Z,USA,Nevada Power Company,US-NW-NEVP,466.0,569.0,,9.0,,False,
2025-10-21T12:00:00.000Z,USA,Nevada Power Company,US-NW-NEVP,471.0,574.0,,9.0,,False,
2025-10-21T13:00:00.000Z,USA,Nevada Power Company,US-NW-NEVP,456.0,557.0,,12.0,,False,
2025-10-21T14:00:00.000Z,USA,Nevada Power Company,US-NW-NEVP,425.0,516.0,,21.0,,False,
2025-10-21T15:00:00.000Z,USA,Nevada Power Company,US-NW-NEVP,285.0,349.0,,52.0,,False,
2025-10-21T16:00:00.000Z,USA,Nevada Power Company,US-NW-NEVP,229.0,284.0,,63.0,,False,
2025-10-21T17:00:00.000Z,USA,Nevada Power Company,US-NW-NEVP,218.0,272.0,,64.0,,False,
2025-10-21T18:00:00.000Z,USA,Nevada Power Company,US-NW-NEVP,227.0,282.0,,62.0,,False,
2025-10-21T19:00:00.000Z,USA,Nevada Power Company,US-NW-NEVP,232.0,289.0,,62.0,,False,
2025-10-21T20:00:00.000Z,USA,Nevada Power Company,US-NW-NEVP,232.0,289.0,,61.0,,False,
2025-10-21T21:00:00.000Z,USA,Nevada Power Company,US-NW-NEVP,245.0,305.0,,57.0,,False,
2025-10-21T22:00:00.000Z,USA,Nevada Power Company,US-NW-NEVP,268.0,335.0,,51.0,,False,
2025-10-21T23:00:00.000Z,USA,Nevada Power Company,US-NW-NEVP,336.0,416.0,,36.0,,False,
2025-10-22T00:00:00.000Z,USA,Nevada Power Company,US-NW-NEVP,355.0,438.0,,32.0,,True,TIME_SLICER_AVERAGE
2025-10-22T01:00:00.000Z,USA,Nevada Power Company,US-NW-NEVP,480.0,580.0,,11.0,,True,TIME_SLICER_AVERAGE
2025-10-22T02:00:00.000Z,USA,Nevada Power Company,US-NW-NEVP,482.0,583.0,,10.0,,True,TIME_SLICER_AVERAGE
2025-10-22T03:00:00.000Z,USA,Nevada Power Company,US-NW-NEVP,482.0,586.0,,8.0,,True,TIME_SLICER_AVERAGE
2025-10-22T04:00:00.000Z,USA,Nevada Power Company,US-NW-NEVP,490.0,593.0,,8.0,,True,TIME_SLICER_AVERAGE
2025-10-22T05:00:00.000Z,USA,Nevada Power Company,US-NW-NEVP,488.0,590.0,,9.0,,False,
2025-10-22T06:00:00.000Z,USA,Nevada Power Company,US-NW-NEVP,506.0,610.0,,6.0,,False,
2025-10-22T07:00:00.000Z,USA,Nevada Power Company,US-NW-NEVP,510.0,616.0,,4.0,,False,
2025-10-22T08:00:00.000Z,USA,Nevada Power Company,US-NW-NEVP,501.0,607.0,,4.0,,False,
2025-10-22T09:00:00.000Z,USA,Nevada Power Company,US-NW-NEVP,502.0,608.0,,4.0,,False,
2025-10-22T10:00:00.000Z,USA,Nevada Power Company,US-NW-NEVP,501.0,608.0,,4.0,,False,
2025-10-22T11:00:00.000Z,USA,Nevada Power Company,US-NW-NEVP,494.0,602.0,,4.0,,False,
2025-10-22T12:00:00.000Z,USA,Nevada Power Company,US-NW-NEVP,491.0,598.0,,5.0,,False,
2025-10-22T13:00:00.000Z,USA,Nevada Power Company,US-NW-NEVP,485.0,590.0,,7.0,,False,
2025-10-22T14:00:00.000Z,USA,Nevada Power Company,US-NW-NEVP,472.0,573.0,,9.0,,False,
2025-10-22T15:00:00.000Z,USA,Nevada Power Company,US-NW-NEVP,447.0,544.0,,15.0,,False,
2025-10-22T16:00:00.000Z,USA,Nevada Power Company,US-NW-NEVP,392.0,481.0,,25.0,,False,
2025-10-22T17:00:00.000Z,USA,Nevada Power Company,US-NW-NEVP,320.0,393.0,,41.0,,False,
2025-10-22T18:00:00.000Z,USA,Nevada Power Company,US-NW-NEVP,306.0,379.0,,43.0,,False,
2025-10-22T19:00:00.000Z,USA,Nevada Power Company,US-NW-NEVP,310.0,383.0,,42.0,,False,
2025-10-22T20:00:00.000Z,USA,Nevada Power Company,US-NW-NEVP,301.0,372.0,,44.0,,False,
2025-10-22T21:00:00.000Z,USA,Nevada Power Company,US-NW-NEVP,280.0,348.0,,49.0,,False,
2025-10-22T22:00:00.000Z,USA,Nevada Power Company,US-NW-NEVP,274.0,344.0,,48.0,,False,
2025-10-22T23:00:00.000Z,USA,Nevada Power Company,US-NW-NEVP,319.0,396.0,,38.0,,False,
2025-10-23T00:00:00.000Z,USA,Nevada Power Company,US-NW-NEVP,362.0,442.0,,33.0,,True,TIME_SLICER_AVERAGE
2025-10-23T01:00:00.000Z,USA,Nevada Power Company,US-NW-NEVP,486.0,583.0,,13.0,,True,TIME_SLICER_AVERAGE
2025-10-23T02:00:00.000Z,USA,Nevada Power Company,US-NW-NEVP,490.0,590.0,,11.0,,True,TIME_SLICER_AVERAGE
2025-10-23T03:00:00.000Z,USA,Nevada Power Company,US-NW-NEVP,486.0,587.0,,10.0,,True,TIME_SLICER_AVERAGE
2025-10-23T04:00:00.000Z,USA,Nevada Power Company,US-NW-NEVP,490.0,588.0,,12.0,,True,TIME_SLICER_AVERAGE
2025-10-23T05:00:00.000Z,USA,Nevada Power Company,US-NW-NEVP,486.0,583.0,,12.0,,True,TIME_SLICER_AVERAGE
2025-10-23T06:00:00.000Z,USA,Nevada Power Company,US-NW-NEVP,486.0,584.0,,11.0,,True,TIME_SLICER_AVERAGE
2025-10-23T07:00:00.000Z,USA,Nevada Power Company,US-NW-NEVP,503.0,604.0,,9.0,,False,
2025-10-23T08:00:00.000Z,USA,Nevada Power Company,US-NW-NEVP,506.0,608.0,,7.0,,False,
2025-10-23T09:00:00.000Z,USA,Nevada Power Company,US-NW-NEVP,495.0,598.0,,8.0,,False,
2025-10-23T10:00:00.000Z,USA,Nevada Power Company,US-NW-NEVP,491.0,594.0,,8.0,,False,
2025-10-23T11:00:00.000Z,USA,Nevada Power Company,US-NW-NEVP,493.0,595.0,,8.0,,False,
2025-10-23T12:00:00.000Z,USA,Nevada Power Company,US-NW-NEVP,491.0,593.0,,8.0,,False,
2025-10-23T13:00:00.000Z,USA,Nevada Power Company,US-NW-NEVP,476.0,575.0,,11.0,,False,
2025-10-23T14:00:00.000Z,USA,Nevada Power Company,US-NW-NEVP,438.0,534.0,,16.0,,False,
2025-10-23T15:00:00.000Z,USA,Nevada Power Company,US-NW-NEVP,291.0,362.0,,45.0,,False,
2025-10-23T16:00:00.000Z,USA,Nevada Power Company,US-NW-NEVP,244.0,305.0,,56.0,,False,
2025-10-23T17:00:00.000Z,USA,Nevada Power Company,US-NW-NEVP,237.0,296.0,,59.0,,False,
2025-10-23T18:00:00.000Z,USA,Nevada Power Company,US-NW-NEVP,242.0,301.0,,58.0,,False,
2025-10-23T19:00:00.000Z,USA,Nevada Power Company,US-NW-NEVP,239.0,298.0,,58.0,,False,
2025-10-23T20:00:00.000Z,USA,Nevada Power Company,US-NW-NEVP,236.0,296.0,,58.0,,False,
2025-10-23T21:00:00.000Z,USA,Nevada Power Company,US-NW-NEVP,238.0,299.0,,57.0,,False,
2025-10-23T22:00:00.000Z,USA,Nevada Power Company,US-NW-NEVP,243.0,306.0,,55.0,,False,
2025-10-23T23:00:00.000Z,USA,Nevada Power Company,US-NW-NEVP,313.0,388.0,,41.0,,False,
2025-10-24T00:00:00.000Z,USA,Nevada Power Company,US-NW-NEVP,356.0,435.0,,34.0,,True,TIME_SLICER_AVERAGE
2025-10-24T01:00:00.000Z,USA,Nevada Power Company,US-NW-NEVP,483.0,576.0,,15.0,,True,TIME_SLICER_AVERAGE
2025-10-24T02:00:00.000Z,USA,Nevada Power Company,US-NW-NEVP,476.0,572.0,,14.0,,True,TIME_SLICER_AVERAGE
2025-10-24T03:00:00.000Z,USA,Nevada Power Company,US-NW-NEVP,476.0,574.0,,12.0,,True,TIME_SLICER_AVERAGE
2025-10-24T04:00:00.000Z,USA,Nevada Power Company,US-NW-NEVP,481.0,580.0,,11.0,,False,
2025-10-24T05:00:00.000Z,USA,Nevada Power Company,US-NW-NEVP,482.0,582.0,,10.0,,False,
2025-10-24T06:00:00.000Z,USA,Nevada Power Company,US-NW-NEVP,509.0,613.0,,6.0,,False,
2025-10-24T07:00:00.000Z,USA,Nevada Power Company,US-NW-NEVP,509.0,614.0,,5.0,,False,
2025-10-24T08:00:00.000Z,USA,Nevada Power Company,US-NW-NEVP,505.0,611.0,,5.0,,False,
2025-10-24T09:00:00.000Z,USA,Nevada Power Company,US-NW-NEVP,499.0,606.0,,5.0,,False,
2025-10-24T10:00:00.000Z,USA,Nevada Power Company,US-NW-NEVP,494.0,602.0,,5.0,,False,
2025-10-24T11:00:00.000Z,USA,Nevada Power Company,US-NW-NEVP,496.0,603.0,,5.0,,False,
2025-10-24T12:00:00.000Z,USA,Nevada Power Company,US-NW-NEVP,489.0,595.0,,6.0,,False,
2025-10-24T13:00:00.000Z,USA,Nevada Power Company,US-NW-NEVP,461.0,565.0,,9.0,,False,
2025-10-24T14:00:00.000Z,USA,Nevada Power Company,US-NW-NEVP,439.0,537.0,,15.0,,False,
2025-10-24T15:00:00.000Z,USA,Nevada Power Company,US-NW-NEVP,309.0,377.0,,47.0,,False,
2025-10-24T16:00:00.000Z,USA,Nevada Power Company,US-NW-NEVP,266.0,326.0,,56.0,,False,
2025-10-24T17:00:00.000Z,USA,Nevada Power Company,US-NW-NEVP,269.0,329.0,,56.0,,False,
2025-10-24T18:00:00.000Z,USA,Nevada Power Company,US-NW-NEVP,273.0,333.0,,55.0,,False,
2025-10-24T19:00:00.000Z,USA,Nevada Power Company,US-NW-NEVP,275.0,337.0,,54.0,,False,
2025-10-24T20:00:00.000Z,USA,Nevada Power Company,US-NW-NEVP,276.0,340.0,,53.0,,False,
2025-10-24T21:00:00.000Z,USA,Nevada Power Company,US-NW-NEVP,274.0,338.0,,53.0,,False,
2025-10-24T22:00:00.000Z,USA,Nevada Power Company,US-NW-NEVP,283.0,350.0,,49.0,,False,
2025-10-24T23:00:00.000Z,USA,Nevada Power Company,US-NW-NEVP,341.0,420.0,,36.0,,False,
2025-10-25T00:00:00.000Z,USA,Nevada Power Company,US-NW-NEVP,362.0,444.0,,32.0,,True,TIME_SLICER_AVERAGE
2025-10-25T01:00:00.000Z,USA,Nevada Power Company,US-NW-NEVP,475.0,571.0,,13.0,,True,TIME_SLICER_AVERAGE
2025-10-25T02:00:00.000Z,USA,Nevada Power Company,US-NW-NEVP,460.0,557.0,,13.0,,True,TIME_SLICER_AVERAGE
2025-10-25T03:00:00.000Z,USA,Nevada Power Company,US-NW-NEVP,461.0,559.0,,13.0,,True,TIME_SLICER_AVERAGE
2025-10-25T04:00:00.000Z,USA,Nevada Power Company,US-NW-NEVP,460.0,558.0,,13.0,,False,
2025-10-25T05:00:00.000Z,USA,Nevada Power Company,US-NW-NEVP,475.0,573.0,,12.0,,False,
2025-10-25T06:00:00.000Z,USA,Nevada Power Company,US-NW-NEVP,472.0,569.0,,12.0,,False,
2025-10-25T07:00:00.000Z,USA,Nevada Power Company,US-NW-NEVP,474.0,575.0,,10.0,,False,
2025-10-25T08:00:00.000Z,USA,Nevada Power Company,US-NW-NEVP,478.0,580.0,,9.0,,False,
2025-10-25T09:00:00.000Z,USA,Nevada Power Company,US-NW-NEVP,478.0,581.0,,9.0,,False,
2025-10-25T10:00:00.000Z,USA,Nevada Power Company,US-NW-NEVP,481.0,582.0,,9.0,,False,
2025-10-25T11:00:00.000Z,USA,Nevada Power Company,US-NW-NEVP,480.0,581.0,,10.0,,False,
2025-10-25T12:00:00.000Z,USA,Nevada Power Company,US-NW-NEVP,481.0,580.0,,11.0,,False,
2025-10-25T13:00:00.000Z,USA,Nevada Power Company,US-NW-NEVP,476.0,574.0,,12.0,,False,
2025-10-25T14:00:00.000Z,USA,Nevada Power Company,US-NW-NEVP,446.0,538.0,,19.0,,False,
2025-10-25T15:00:00.000Z,USA,Nevada Power Company,US-NW-NEVP,305.0,371.0,,49.0,,False,
2025-10-25T16:00:00.000Z,USA,Nevada Power Company,US-NW-NEVP,256.0,313.0,,59.0,,False,
2025-10-25T17:00:00.000Z,USA,Nevada Power Company,US-NW-NEVP,256.0,313.0,,59.0,,False,
2025-10-25T18:00:00.000Z,USA,Nevada Power Company,US-NW-NEVP,251.0,307.0,,60.0,,False,
2025-10-25T19:00:00.000Z,USA,Nevada Power Company,US-NW-NEVP,268.0,328.0,,56.0,,False,
2025-10-25T20:00:00.000Z,USA,Nevada Power Company,US-NW-NEVP,290.0,354.0,,50.0,,False,
2025-10-25T21:00:00.000Z,USA,Nevada Power Company,US-NW-NEVP,318.0,389.0,,43.0,,False,
2025-10-25T22:00:00.000Z,USA,Nevada Power Company,US-NW-NEVP,342.0,417.0,,38.0,,False,
2025-10-25T23:00:00.000Z,USA,Nevada Power Company,US-NW-NEVP,386.0,472.0,,26.0,,False,
2025-10-26T00:00:00.000Z,USA,Nevada Power Company,US-NW-NEVP,416.0,505.0,,22.0,,True,TIME_SLICER_AVERAGE
2025-10-26T01:00:00.000Z,USA,Nevada Power Company,US-NW-NEVP,460.0,554.0,,16.0,,True,TIME_SLICER_AVERAGE
2025-10-26T02:00:00.000Z,USA,Nevada Power Company,US-NW-NEVP,458.0,555.0,,13.0,,True,TIME_SLICER_AVERAGE
2025-10-26T03:00:00.000Z,USA,Nevada Power Company,US-NW-NEVP,457.0,555.0,,13.0,,True,TIME_SLICER_AVERAGE
2025-10-26T04:00:00.000Z,USA,Nevada Power Company,US-NW-NEVP,455.0,551.0,,14.0,,True,TIME_SLICER_AVERAGE
2025-10-26T05:00:00.000Z,USA,Nevada Power Company,US-NW-NEVP,463.0,559.0,,15.0,,True,TIME_SLICER_AVERAGE
2025-10-26T06:00:00.000Z,USA,Nevada Power Company,US-NW-NEVP,461.0,557.0,,15.0,,False,
2025-10-26T07:00:00.000Z,USA,Nevada Power Company,US-NW-NEVP,459.0,555.0,,15.0,,False,
2025-10-26T08:00:00.000Z,USA,Nevada Power Company,US-NW-NEVP,459.0,556.0,,14.0,,False,
2025-10-26T09:00:00.000Z,USA,Nevada Power Company,US-NW-NEVP,455.0,551.0,,14.0,,False,
2025-10-26T10:00:00.000Z,USA,Nevada Power Company,US-NW-NEVP,460.0,557.0,,13.0,,False,
2025-10-26T11:00:00.000Z,USA,Nevada Power Company,US-NW-NEVP,458.0,556.0,,13.0,,False,
2025-10-26T12:00:00.000Z,USA,Nevada Power Company,US-NW-NEVP,460.0,558.0,,13.0,,False,
2025-10-26T13:00:00.000Z,USA,Nevada Power Company,US-NW-NEVP,463.0,561.0,,12.0,,False,
2025-10-26T14:00:00.000Z,USA,Nevada Power Company,US-NW-NEVP,428.0,520.0,,19.0,,False,
2025-10-26T15:00:00.000Z,USA,Nevada Power Company,US-NW-NEVP,288.0,354.0,,49.0,,False,
2025-10-26T16:00:00.000Z,USA,Nevada Power Company,US-NW-NEVP,230.0,287.0,,60.0,,False,
2025-10-26T17:00:00.000Z,USA,Nevada Power Company,US-NW-NEVP,223.0,278.0,,62.0,,False,
2025-10-26T18:00:00.000Z,USA,Nevada Power Company,US-NW-NEVP,226.0,281.0,,62.0,,False,
2025-10-26T19:00:00.000Z,USA,Nevada Power Company,US-NW-NEVP,225.0,280.0,,62.0,,False,
2025-10-26T20:00:00.000Z,USA,Nevada Power Company,US-NW-NEVP,228.0,285.0,,60.0,,False,
2025-10-26T21:00:00.000Z,USA,Nevada Power Company,US-NW-NEVP,234.0,294.0,,58.0,,False,
2025-10-26T22:00:00.000Z,USA,Nevada Power Company,US-NW-NEVP,248.0,309.0,,55.0,,False,
2025-10-26T23:00:00.000Z,USA,Nevada Power Company,US-NW-NEVP,304.0,377.0,,42.0,,False,
2025-10-27T00:00:00.000Z,USA,Nevada Power Company,US-NW-NEVP,332.0,409.0,,37.0,,True,TIME_SLICER_AVERAGE
2025-10-27T01:00:00.000Z,USA,Nevada Power Company,US-NW-NEVP,442.0,529.0,,21.0,,True,TIME_SLICER_AVERAGE
2025-10-27T02:00:00.000Z,USA,Nevada Power Company,US-NW-NEVP,448.0,538.0,,19.0,,True,TIME_SLICER_AVERAGE
2025-10-27T03:00:00.000Z,USA,Nevada Power Company,US-NW-NEVP,444.0,536.0,,18.0,,True,TIME_SLICER_AVERAGE
2025-10-27T04:00:00.000Z,USA,Nevada Power Company,US-NW-NEVP,439.0,531.0,,18.0,,False,
2025-10-27T05:00:00.000Z,USA,Nevada Power Company,US-NW-NEVP,442.0,538.0,,16.0,,False,
2025-10-27T06:00:00.000Z,USA,Nevada Power Company,US-NW-NEVP,448.0,545.0,,14.0,,False,
2025-10-27T07:00:00.000Z,USA,Nevada Power Company,US-NW-NEVP,453.0,552.0,,12.0,,False,
2025-10-27T08:00:00.000Z,USA,Nevada Power Company,US-NW-NEVP,457.0,557.0,,11.0,,False,
2025-10-27T09:00:00.000Z,USA,Nevada Power Company,US-NW-NEVP,458.0,557.0,,12.0,,False,
2025-10-27T10:00:00.000Z,USA,Nevada Power Company,US-NW-NEVP,456.0,555.0,,12.0,,False,
2025-10-27T11:00:00.000Z,USA,Nevada Power Company,US-NW-NEVP,456.0,555.0,,12.0,,False,
2025-10-27T12:00:00.000Z,USA,Nevada Power Company,US-NW-NEVP,456.0,556.0,,11.0,,False,
2025-10-27T13:00:00.000Z,USA,Nevada Power Company,US-NW-NEVP,456.0,556.0,,11.0,,False,
2025-10-27T14:00:00.000Z,USA,Nevada Power Company,US-NW-NEVP,426.0,519.0,,19.0,,False,
2025-10-27T15:00:00.000Z,USA,Nevada Power Company,US-NW-NEVP,298.0,363.0,,49.0,,False,
2025-10-27T16:00:00.000Z,USA,Nevada Power Company,US-NW-NEVP,253.0,309.0,,59.0,,False,
2025-10-27T17:00:00.000Z,USA,Nevada Power Company,US-NW-NEVP,253.0,310.0,,59.0,,False,
2025-10-27T18:00:00.000Z,USA,Nevada Power Company,US-NW-NEVP,256.0,314.0,,58.0,,False,
2025-10-27T19:00:00.000Z,USA,Nevada Power Company,US-NW-NEVP,261.0,321.0,,57.0,,False,
2025-10-27T20:00:00.000Z,USA,Nevada Power Company,US-NW-NEVP,262.0,323.0,,55.0,,False,
2025-10-27T21:00:00.000Z,USA,Nevada Power Company,US-NW-NEVP,257.0,318.0,,56.0,,False,
2025-10-27T22:00:00.000Z,USA,Nevada Power Company,US-NW-NEVP,261.0,324.0,,54.0,,False,
2025-10-27T23:00:00.000Z,USA,Nevada Power Company,US-NW-NEVP,321.0,395.0,,41.0,,False,
2025-10-28T00:00:00.000Z,USA,Nevada Power Company,US-NW-NEVP,347.0,424.0,,37.0,,True,TIME_SLICER_AVERAGE
2025-10-28T01:00:00.000Z,USA,Nevada Power Company,US-NW-NEVP,461.0,552.0,,18.0,,True,TIME_SLICER_AVERAGE
2025-10-28T02:00:00.000Z,USA,Nevada Power Company,US-NW-NEVP,462.0,556.0,,15.0,,True,TIME_SLICER_AVERAGE
2025-10-28T03:00:00.000Z,USA,Nevada Power Company,US-NW-NEVP,454.0,552.0,,14.0,,True,TIME_SLICER_AVERAGE
2025-10-28T04:00:00.000Z,USA,Nevada Power Company,US-NW-NEVP,448.0,547.0,,13.0,,False,
2025-10-28T05:00:00.000Z,USA,Nevada Power Company,US-NW-NEVP,459.0,557.0,,12.0,,False,
2025-10-28T06:00:00.000Z,USA,Nevada Power Company,US-NW-NEVP,465.0,565.0,,11.0,,False,
2025-10-28T07:00:00.000Z,USA,Nevada Power Company,US-NW-NEVP,473.0,576.0,,9.0,,False,
2025-10-28T08:00:00.000Z,USA,Nevada Power Company,US-NW-NEVP,476.0,579.0,,8.0,,False,
2025-10-28T09:00:00.000Z,USA,Nevada Power Company,US-NW-NEVP,479.0,582.0,,8.0,,False,
2025-10-28T10:00:00.000Z,USA,Nevada Power Company,US-NW-NEVP,476.0,579.0,,8.0,,False,
2025-10-28T11:00:00.000Z,USA,Nevada Power Company,US-NW-NEVP,477.0,579.0,,8.0,,False,
2025-10-28T12:00:00.000Z,USA,Nevada Power Company,US-NW-NEVP,474.0,576.0,,9.0,,False,
2025-10-28T13:00:00.000Z,USA,Nevada Power Company,US-NW-NEVP,464.0,566.0,,10.0,,False,
2025-10-28T14:00:00.000Z,USA,Nevada Power Company,US-NW-NEVP,432.0,525.0,,19.0,,False,
2025-10-28T15:00:00.000Z,USA,Nevada Power Company,US-NW-NEVP,292.0,355.0,,52.0,,False,
2025-10-28T16:00:00.000Z,USA,Nevada Power Company,US-NW-NEVP,239.0,295.0,,61.0,,False,
2025-10-28T17:00:00.000Z,USA,Nevada Power Company,US-NW-NEVP,231.0,286.0,,62.0,,False,
2025-10-28T18:00:00.000Z,USA,Nevada Power Company,US-NW-NEVP,232.0,289.0,,61.0,,False,
2025-10-28T19:00:00.000Z,USA,Nevada Power Company,US-NW-NEVP,255.0,312.0,,59.0,,False,
2025-10-28T20:00:00.000Z,USA,Nevada Power Company,US-NW-NEVP,239.0,297.0,,60.0,,False,
2025-10-28T21:00:00.000Z,USA,Nevada Power Company,US-NW-NEVP,242.0,302.0,,58.0,,False,
2025-10-28T22:00:00.000Z,USA,Nevada Power Company,US-NW-NEVP,256.0,318.0,,55.0,,False,
2025-10-28T23:00:00.000Z,USA,Nevada Power Company,US-NW-NEVP,330.0,407.0,,38.0,,False,
2025-10-29T00:00:00.000Z,USA,Nevada Power Company,US-NW-NEVP,345.0,425.0,,35.0,,True,TIME_SLICER_AVERAGE
2025-10-29T01:00:00.000Z,USA,Nevada Power Company,US-NW-NEVP,475.0,576.0,,10.0,,True,TIME_SLICER_AVERAGE
2025-10-29T02:00:00.000Z,USA,Nevada Power Company,US-NW-NEVP,473.0,574.0,,8.0,,False,
2025-10-29T03:00:00.000Z,USA,Nevada Power Company,US-NW-NEVP,480.0,584.0,,7.0,,False,
2025-10-29T04:00:00.000Z,USA,Nevada Power Company,US-NW-NEVP,492.0,596.0,,6.0,,False,
2025-10-29T05:00:00.000Z,USA,Nevada Power Company,US-NW-NEVP,491.0,594.0,,6.0,,False,
2025-10-29T06:00:00.000Z,USA,Nevada Power Company,US-NW-NEVP,490.0,594.0,,6.0,,False,
2025-10-29T07:00:00.000Z,USA,Nevada Power Company,US-NW-NEVP,492.0,596.0,,6.0,,False,
2025-10-29T08:00:00.000Z,USA,Nevada Power Company,US-NW-NEVP,489.0,591.0,,7.0,,False,
2025-10-29T09:00:00.000Z,USA,Nevada Power Company,US-NW-NEVP,486.0,588.0,,8.0,,False,
2025-10-29T10:00:00.000Z,USA,Nevada Power Company,US-NW-NEVP,484.0,584.0,,9.0,,False,
2025-10-29T11:00:00.000Z,USA,Nevada Power Company,US-NW-NEVP,480.0,581.0,,9.0,,False,
2025-10-29T12:00:00.000Z,USA,Nevada Power Company,US-NW-NEVP,478.0,578.0,,9.0,,False,
2025-10-29T13:00:00.000Z,USA,Nevada Power Company,US-NW-NEVP,475.0,574.0,,10.0,,False,
2025-10-29T14:00:00.000Z,USA,Nevada Power Company,US-NW-NEVP,480.0,579.0,,10.0,,False,
2025-10-29T15:00:00.000Z,USA,Nevada Power Company,US-NW-NEVP,483.0,572.0,,17.0,,False,
2025-10-29T16:00:00.000Z,USA,Nevada Power Company,US-NW-NEVP,465.0,543.0,,25.0,,False,
2025-10-29T17:00:00.000Z,USA,Nevada Power Company,US-NW-NEVP,455.0,531.0,,28.0,,False,
2025-10-29T18:00:00.000Z,USA,Nevada Power Company,US-NW-NEVP,467.0,542.0,,29.0,,False,
2025-10-29T19:00:00.000Z,USA,Nevada Power Company,US-NW-NEVP,463.0,537.0,,30.0,,False,
2025-10-29T20:00:00.000Z,USA,Nevada Power Company,US-NW-NEVP,464.0,541.0,,28.0,,False,
2025-10-29T21:00:00.000Z,USA,Nevada Power Company,US-NW-NEVP,464.0,549.0,,21.0,,False,
2025-10-29T22:00:00.000Z,USA,Nevada Power Company,US-NW-NEVP,469.0,559.0,,17.0,,False,
2025-10-29T23:00:00.000Z,USA,Nevada Power Company,US-NW-NEVP,467.0,561.0,,15.0,,False,
2025-10-30T00:00:00.000Z,USA,Nevada Power Company,US-NW-NEVP,455.0,549.0,,15.0,,False,
2025-10-30T01:00:00.000Z,USA,Nevada Power Company,US-NW-NEVP,462.0,556.0,,15.0,,False,
2025-10-30T02:00:00.000Z,USA,Nevada Power Company,US-NW-NEVP,465.0,561.0,,13.0,,False,
2025-10-30T03:00:00.000Z,USA,Nevada Power Company,US-NW-NEVP,467.0,564.0,,12.0,,True,TIME_SLICER_AVERAGE
2025-10-30T04:00:00.000Z,USA,Nevada Power Company,US-NW-NEVP,465.0,565.0,,12.0,,False,
2025-10-30T05:00:00.000Z,USA,Nevada Power Company,US-NW-NEVP,473.0,574.0,,10.0,,False,
2025-10-30T06:00:00.000Z,USA,Nevada Power Company,US-NW-NEVP,476.0,578.0,,9.0,,False,
2025-10-30T07:00:00.000Z,USA,Nevada Power Company,US-NW-NEVP,488.0,592.0,,7.0,,False,
2025-10-30T08:00:00.000Z,USA,Nevada Power Company,US-NW-NEVP,498.0,602.0,,6.0,,False,
2025-10-30T09:00:00.000Z,USA,Nevada Power Company,US-NW-NEVP,502.0,608.0,,5.0,,False,
2025-10-30T10:00:00.000Z,USA,Nevada Power Company,US-NW-NEVP,506.0,610.0,,5.0,,False,
2025-10-30T11:00:00.000Z,USA,Nevada Power Company,US-NW-NEVP,499.0,603.0,,6.0,,False,
2025-10-30T12:00:00.000Z,USA,Nevada Power Company,US-NW-NEVP,489.0,591.0,,8.0,,False,
2025-10-30T13:00:00.000Z,USA,Nevada Power Company,US-NW-NEVP,481.0,583.0,,9.0,,False,
2025-10-30T14:00:00.000Z,USA,Nevada Power Company,US-NW-NEVP,453.0,549.0,,15.0,,False,
2025-10-30T15:00:00.000Z,USA,Nevada Power Company,US-NW-NEVP,313.0,380.0,,47.0,,False,
2025-10-30T16:00:00.000Z,USA,Nevada Power Company,US-NW-NEVP,255.0,312.0,,59.0,,False,
2025-10-30T17:00:00.000Z,USA,Nevada Power Company,US-NW-NEVP,260.0,319.0,,57.0,,False,
2025-10-30T18:00:00.000Z,USA,Nevada Power Company,US-NW-NEVP,271.0,332.0,,55.0,,False,
2025-10-30T19:00:00.000Z,USA,Nevada Power Company,US-NW-NEVP,272.0,333.0,,54.0,,False,
2025-10-30T20:00:00.000Z,USA,Nevada Power Company,US-NW-NEVP,274.0,338.0,,53.0,,False,
2025-10-30T21:00:00.000Z,USA,Nevada Power Company,US-NW-NEVP,276.0,341.0,,52.0,,False,
2025-10-30T22:00:00.000Z,USA,Nevada Power Company,US-NW-NEVP,298.0,370.0,,45.0,,False,
2025-10-30T23:00:00.000Z,USA,Nevada Power Company,US-NW-NEVP,362.0,446.0,,31.0,,False,
2025-10-31T00:00:00.000Z,USA,Nevada Power Company,US-NW-NEVP,374.0,460.0,,28.0,,True,TIME_SLICER_AVERAGE
2025-10-31T01:00:00.000Z,USA,Nevada Power Company,US-NW-NEVP,479.0,578.0,,11.0,,True,TIME_SLICER_AVERAGE
2025-10-31T02:00:00.000Z,USA,Nevada Power Company,US-NW-NEVP,488.0,591.0,,8.0,,True,TIME_SLICER_AVERAGE
2025-10-31T03:00:00.000Z,USA,Nevada Power Company,US-NW-NEVP,489.0,594.0,,6.0,,True,TIME_SLICER_AVERAGE
2025-10-31T04:00:00.000Z,USA,Nevada Power Company,US-NW-NEVP,492.0,597.0,,6.0,,False,
2025-10-31T05:00:00.000Z,USA,Nevada Power Company,US-NW-NEVP,502.0,608.0,,5.0,,False,
2025-10-31T06:00:00.000Z,USA,Nevada Power Company,US-NW-NEVP,508.0,614.0,,4.0,,False,
2025-10-31T07:00:00.000Z,USA,Nevada Power Company,US-NW-NEVP,516.0,623.0,,3.0,,False,
2025-10-31T08:00:00.000Z,USA,Nevada Power Company,US-NW-NEVP,518.0,625.0,,2.0,,False,
2025-10-31T09:00:00.000Z,USA,Nevada Power Company,US-NW-NEVP,513.0,621.0,,2.0,,False,
2025-10-31T10:00:00.000Z,USA,Nevada Power Company,US-NW-NEVP,513.0,620.0,,2.0,,False,
2025-10-31T11:00:00.000Z,USA,Nevada Power Company,US-NW-NEVP,513.0,618.0,,3.0,,False,
2025-10-31T12:00:00.000Z,USA,Nevada Power Company,US-NW-NEVP,512.0,615.0,,5.0,,False,
2025-10-31T13:00:00.000Z,USA,Nevada Power Company,US-NW-NEVP,499.0,602.0,,7.0,,False,
2025-10-31T14:00:00.000Z,USA,Nevada Power Company,US-NW-NEVP,479.0,577.0,,11.0,,False,
2025-10-31T15:00:00.000Z,USA,Nevada Power Company,US-NW-NEVP,337.0,407.0,,43.0,,False,
2025-10-31T16:00:00.000Z,USA,Nevada Power Company,US-NW-NEVP,268.0,328.0,,56.0,,False,
2025-10-31T17:00:00.000Z,USA,Nevada Power Company,US-NW-NEVP,262.0,320.0,,57.0,,False,
2025-10-31T18:00:00.000Z,USA,Nevada Power Company,US-NW-NEVP,263.0,323.0,,56.0,,False,
2025-10-31T19:00:00.000Z,USA,Nevada Power Company,US-NW-NEVP,260.0,320.0,,57.0,,False,
2025-10-31T20:00:00.000Z,USA,Nevada Power Company,US-NW-NEVP,258.0,317.0,,57.0,,False,
2025-10-31T21:00:00.000Z,USA,Nevada Power Company,US-NW-NEVP,269.0,334.0,,53.0,,False,
2025-10-31T22:00:00.000Z,USA,Nevada Power Company,US-NW-NEVP,275.0,344.0,,49.0,,False,
2025-10-31T23:00:00.000Z,USA,Nevada Power Company,US-NW-NEVP,355.0,438.0,,32.0,,False,
2025-11-01T00:00:00.000Z,USA,Nevada Power Company,US-NW-NEVP,379.0,463.0,,29.0,,True,TIME_SLICER_AVERAGE
2025-11-01T01:00:00.000Z,USA,Nevada Power Company,US-NW-NEVP,485.0,587.0,,9.0,,True,TIME_SLICER_AVERAGE
2025-11-01T02:00:00.000Z,USA,Nevada Power Company,US-NW-NEVP,495.0,599.0,,8.0,,True,TIME_SLICER_AVERAGE
2025-11-01T03:00:00.000Z,USA,Nevada Power Company,US-NW-NEVP,500.0,604.0,,7.0,,True,TIME_SLICER_AVERAGE
2025-11-01T04:00:00.000Z,USA,Nevada Power Company,US-NW-NEVP,491.0,594.0,,7.0,,True,TIME_SLICER_AVERAGE
2025-11-01T05:00:00.000Z,USA,Nevada Power Company,US-NW-NEVP,492.0,595.0,,7.0,,False,
2025-11-01T06:00:00.000Z,USA,Nevada Power Company,US-NW-NEVP,499.0,603.0,,5.0,,True,TIME_SLICER_AVERAGE
2025-11-01T07:00:00.000Z,USA,Nevada Power Company,US-NW-NEVP,499.0,602.0,,6.0,,False,
2025-11-01T08:00:00.000Z,USA,Nevada Power Company,US-NW-NEVP,505.0,607.0,,7.0,,False,
2025-11-01T09:00:00.000Z,USA,Nevada Power Company,US-NW-NEVP,508.0,609.0,,7.0,,False,
2025-11-01T10:00:00.000Z,USA,Nevada Power Company,US-NW-NEVP,503.0,604.0,,7.0,,False,
2025-11-01T11:00:00.000Z,USA,Nevada Power Company,US-NW-NEVP,503.0,604.0,,8.0,,False,
2025-11-01T12:00:00.000Z,USA,Nevada Power Company,US-NW-NEVP,500.0,600.0,,9.0,,False,
2025-11-01T13:00:00.000Z,USA,Nevada Power Company,US-NW-NEVP,498.0,597.0,,10.0,,False,
2025-11-01T14:00:00.000Z,USA,Nevada Power Company,US-NW-NEVP,459.0,554.0,,16.0,,False,
2025-11-01T15:00:00.000Z,USA,Nevada Power Company,US-NW-NEVP,324.0,397.0,,43.0,,False,
2025-11-01T16:00:00.000Z,USA,Nevada Power Company,US-NW-NEVP,268.0,332.0,,54.0,,False,
2025-11-01T17:00:00.000Z,USA,Nevada Power Company,US-NW-NEVP,242.0,296.0,,62.0,,False,
2025-11-01T18:00:00.000Z,USA,Nevada Power Company,US-NW-NEVP,237.0,292.0,,62.0,,False,
2025-11-01T19:00:00.000Z,USA,Nevada Power Company,US-NW-NEVP,233.0,287.0,,62.0,,False,
2025-11-01T20:00:00.000Z,USA,Nevada Power Company,US-NW-NEVP,230.0,285.0,,62.0,,False,
2025-11-01T21:00:00.000Z,USA,Nevada Power Company,US-NW-NEVP,235.0,294.0,,59.0,,False,
2025-11-01T22:00:00.000Z,USA,Nevada Power Company,US-NW-NEVP,250.0,311.0,,56.0,,False,
2025-11-01T23:00:00.000Z,USA,Nevada Power Company,US-NW-NEVP,335.0,411.0,,38.0,,False,
2025-11-02T00:00:00.000Z,USA,Nevada Power Company,US-NW-NEVP,357.0,435.0,,35.0,,True,TIME_SLICER_AVERAGE
2025-11-02T01:00:00.000Z,USA,Nevada Power Company,US-NW-NEVP,464.0,558.0,,16.0,,True,TIME_SLICER_AVERAGE
2025-11-02T02:00:00.000Z,USA,Nevada Power Company,US-NW-NEVP,467.0,562.0,,16.0,,True,TIME_SLICER_AVERAGE
2025-11-02T03:00:00.000Z,USA,Nevada Power Company,US-NW-NEVP,465.0,560.0,,16.0,,True,TIME_SLICER_AVERAGE
2025-11-02T04:00:00.000Z,USA,Nevada Power Company,US-NW-NEVP,462.0,557.0,,15.0,,True,TIME_SLICER_AVERAGE
2025-11-02T05:00:00.000Z,USA,Nevada Power Company,US-NW-NEVP,460.0,555.0,,15.0,,False,
2025-11-02T06:00:00.000Z,USA,Nevada Power Company,US-NW-NEVP,470.0,566.0,,14.0,,True,TIME_SLICER_AVERAGE
2025-11-02T07:00:00.000Z,USA,Nevada Power Company,US-NW-NEVP,472.0,568.0,,14.0,,False,
2025-11-02T08:00:00.000Z,USA,Nevada Power Company,US-NW-NEVP,478.0,573.0,,14.0,,False,
2025-11-02T09:00:00.000Z,USA,Nevada Power Company,US-NW-NEVP,486.0,583.0,,13.0,,False,
2025-11-02T10:00:00.000Z,USA,Nevada Power Company,US-NW-NEVP,476.0,574.0,,13.0,,False,
2025-11-02T11:00:00.000Z,USA,Nevada Power Company,US-NW-NEVP,474.0,570.0,,14.0,,False,
2025-11-02T12:00:00.000Z,USA,Nevada Power Company,US-NW-NEVP,472.0,567.0,,14.0,,False,
2025-11-02T13:00:00.000Z,USA,Nevada Power Company,US-NW-NEVP,480.0,575.0,,13.0,,False,
2025-11-02T14:00:00.000Z,USA,Nevada Power Company,US-NW-NEVP,446.0,537.0,,19.0,,False,
2025-11-02T15:00:00.000Z,USA,Nevada Power Company,US-NW-NEVP,308.0,377.0,,47.0,,False,
2025-11-02T16:00:00.000Z,USA,Nevada Power Company,US-NW-NEVP,238.0,290.0,,63.0,,False,
2025-11-02T17:00:00.000Z,USA,Nevada Power Company,US-NW-NEVP,228.0,279.0,,66.0,,False,
2025-11-02T18:00:00.000Z,USA,Nevada Power Company,US-NW-NEVP,227.0,278.0,,65.0,,False,
2025-11-02T19:00:00.000Z,USA,Nevada Power Company,US-NW-NEVP,225.0,276.0,,66.0,,False,
2025-11-02T20:00:00.000Z,USA,Nevada Power Company,US-NW-NEVP,224.0,275.0,,65.0,,False,
2025-11-02T21:00:00.000Z,USA,Nevada Power Company,US-NW-NEVP,236.0,291.0,,62.0,,False,
2025-11-02T22:00:00.000Z,USA,Nevada Power Company,US-NW-NEVP,256.0,316.0,,56.0,,False,
2025-11-02T23:00:00.000Z,USA,Nevada Power Company,US-NW-NEVP,360.0,438.0,,35.0,,False,
2025-11-03T00:00:00.000Z,USA,Nevada Power Company,US-NW-NEVP,370.0,448.0,,34.0,,True,TIME_SLICER_AVERAGE
2025-11-03T01:00:00.000Z,USA,Nevada Power Company,US-NW-NEVP,372.0,452.0,,32.0,,True,TIME_SLICER_AVERAGE
2025-11-03T02:00:00.000Z,USA,Nevada Power Company,US-NW-NEVP,471.0,567.0,,13.0,,False,
2025-11-03T03:00:00.000Z,USA,Nevada Power Company,US-NW-NEVP,478.0,575.0,,11.0,,False,
2025-11-03T04:00:00.000Z,USA,Nevada Power Company,US-NW-NEVP,480.0,579.0,,9.0,,False,
2025-11-03T05:00:00.000Z,USA,Nevada Power Company,US-NW-NEVP,488.0,589.0,,7.0,,False,
2025-11-03T06:00:00.000Z,USA,Nevada Power Company,US-NW-NEVP,494.0,596.0,,7.0,,False,
2025-11-03T07:00:00.000Z,USA,Nevada Power Company,US-NW-NEVP,495.0,598.0,,6.0,,False,
2025-11-03T08:00:00.000Z,USA,Nevada Power Company,US-NW-NEVP,500.0,601.0,,7.0,,False,
2025-11-03T09:00:00.000Z,USA,Nevada Power Company,US-NW-NEVP,504.0,606.0,,6.0,,False,
2025-11-03T10:00:00.000Z,USA,Nevada Power Company,US-NW-NEVP,498.0,600.0,,6.0,,False,
2025-11-03T11:00:00.000Z,USA,Nevada Power Company,US-NW-NEVP,501.0,603.0,,6.0,,False,
2025-11-03T12:00:00.000Z,USA,Nevada Power Company,US-NW-NEVP,499.0,601.0,,7.0,,False,
2025-11-03T13:00:00.000Z,USA,Nevada Power Company,US-NW-NEVP,489.0,588.0,,9.0,,False,
2025-11-03T14:00:00.000Z,USA,Nevada Power Company,US-NW-NEVP,473.0,572.0,,10.0,,False,
2025-11-03T15:00:00.000Z,USA,Nevada Power Company,US-NW-NEVP,498.0,602.0,,6.0,,False,
2025-11-03T16:00:00.000Z,USA,Nevada Power Company,US-NW-NEVP,505.0,600.0,,11.0,,False,
2025-11-03T17:00:00.000Z,USA,Nevada Power Company,US-NW-NEVP,498.0,591.0,,13.0,,False,
2025-11-03T18:00:00.000Z,USA,Nevada Power Company,US-NW-NEVP,485.0,570.0,,19.0,,False,
2025-11-03T19:00:00.000Z,USA,Nevada Power Company,US-NW-NEVP,485.0,570.0,,20.0,,False,
2025-11-03T20:00:00.000Z,USA,Nevada Power Company,US-NW-NEVP,480.0,566.0,,19.0,,False,
2025-11-03T21:00:00.000Z,USA,Nevada Power Company,US-NW-NEVP,478.0,568.0,,17.0,,False,
2025-11-03T22:00:00.000Z,USA,Nevada Power Company,US-NW-NEVP,479.0,570.0,,16.0,,False,
2025-11-03T23:00:00.000Z,USA,Nevada Power Company,US-NW-NEVP,476.0,571.0,,13.0,,False,
2025-11-04T00:00:00.000Z,USA,Nevada Power Company,US-NW-NEVP,465.0,560.0,,13.0,,False,
2025-11-04T01:00:00.000Z,USA,Nevada Power Company,US-NW-NEVP,460.0,558.0,,12.0,,False,
2025-11-04T02:00:00.000Z,USA,Nevada Power Company,US-NW-NEVP,466.0,566.0,,10.0,,False,
2025-11-04T03:00:00.000Z,USA,Nevada Power Company,US-NW-NEVP,472.0,571.0,,11.0,,True,TIME_SLICER_AVERAGE
2025-11-04T04:00:00.000Z,USA,Nevada Power Company,US-NW-NEVP,471.0,568.0,,12.0,,True,TIME_SLICER_AVERAGE
2025-11-04T05:00:00.000Z,USA,Nevada Power Company,US-NW-NEVP,466.0,562.0,,14.0,,False,
2025-11-04T06:00:00.000Z,USA,Nevada Power Company,US-NW-NEVP,465.0,560.0,,15.0,,False,
2025-11-04T07:00:00.000Z,USA,Nevada Power Company,US-NW-NEVP,467.0,562.0,,15.0,,False,
2025-11-04T08:00:00.000Z,USA,Nevada Power Company,US-NW-NEVP,474.0,570.0,,13.0,,False,
2025-11-04T09:00:00.000Z,USA,Nevada Power Company,US-NW-NEVP,477.0,574.0,,12.0,,False,
2025-11-04T10:00:00.000Z,USA,Nevada Power Company,US-NW-NEVP,476.0,573.0,,12.0,,False,
2025-11-04T11:00:00.000Z,USA,Nevada Power Company,US-NW-NEVP,477.0,575.0,,12.0,,False,
2025-11-04T12:00:00.000Z,USA,Nevada Power Company,US-NW-NEVP,478.0,576.0,,12.0,,False,
2025-11-04T13:00:00.000Z,USA,Nevada Power Company,US-NW-NEVP,475.0,573.0,,12.0,,False,
2025-11-04T14:00:00.000Z,USA,Nevada Power Company,US-NW-NEVP,447.0,538.0,,18.0,,False,
2025-11-04T15:00:00.000Z,USA,Nevada Power Company,US-NW-NEVP,323.0,389.0,,46.0,,False,
2025-11-04T16:00:00.000Z,USA,Nevada Power Company,US-NW-NEVP,265.0,322.0,,58.0,,False,
2025-11-04T17:00:00.000Z,USA,Nevada Power Company,US-NW-NEVP,263.0,320.0,,58.0,,False,
2025-11-04T18:00:00.000Z,USA,Nevada Power Company,US-NW-NEVP,265.0,324.0,,56.0,,False,
2025-11-04T19:00:00.000Z,USA,Nevada Power Company,US-NW-NEVP,268.0,329.0,,55.0,,False,
2025-11-04T20:00:00.000Z,USA,Nevada Power Company,US-NW-NEVP,271.0,332.0,,55.0,,False,
2025-11-04T21:00:00.000Z,USA,Nevada Power Company,US-NW-NEVP,272.0,334.0,,54.0,,False,
2025-11-04T22:00:00.000Z,USA,Nevada Power Company,US-NW-NEVP,285.0,351.0,,50.0,,False,
2025-11-04T23:00:00.000Z,USA,Nevada Power Company,US-NW-NEVP,364.0,445.0,,32.0,,False,
2025-11-05T00:00:00.000Z,USA,Nevada Power Company,US-NW-NEVP,385.0,468.0,,30.0,,True,TIME_SLICER_AVERAGE
2025-11-05T01:00:00.000Z,USA,Nevada Power Company,US-NW-NEVP,472.0,569.0,,14.0,,True,TIME_SLICER_AVERAGE
2025-11-05T02:00:00.000Z,USA,Nevada Power Company,US-NW-NEVP,484.0,583.0,,12.0,,True,TIME_SLICER_AVERAGE
2025-11-05T03:00:00.000Z,USA,Nevada Power Company,US-NW-NEVP,483.0,582.0,,12.0,,True,TIME_SLICER_AVERAGE
2025-11-05T04:00:00.000Z,USA,Nevada Power Company,US-NW-NEVP,476.0,575.0,,12.0,,True,TIME_SLICER_AVERAGE
2025-11-05T05:00:00.000Z,USA,Nevada Power Company,US-NW-NEVP,477.0,575.0,,12.0,,False,
2025-11-05T06:00:00.000Z,USA,Nevada Power Company,US-NW-NEVP,478.0,577.0,,11.0,,False,
2025-11-05T07:00:00.000Z,USA,Nevada Power Company,US-NW-NEVP,477.0,575.0,,12.0,,False,
2025-11-05T08:00:00.000Z,USA,Nevada Power Company,US-NW-NEVP,490.0,590.0,,10.0,,False,
2025-11-05T09:00:00.000Z,USA,Nevada Power Company,US-NW-NEVP,510.0,610.0,,8.0,,False,
2025-11-05T10:00:00.000Z,USA,Nevada Power Company,US-NW-NEVP,506.0,606.0,,9.0,,False,
2025-11-05T11:00:00.000Z,USA,Nevada Power Company,US-NW-NEVP,499.0,597.0,,10.0,,False,
2025-11-05T12:00:00.000Z,USA,Nevada Power Company,US-NW-NEVP,499.0,598.0,,10.0,,False,
2025-11-05T13:00:00.000Z,USA,Nevada Power Company,US-NW-NEVP,499.0,596.0,,11.0,,False,
2025-11-05T14:00:00.000Z,USA,Nevada Power Company,US-NW-NEVP,470.0,563.0,,16.0,,False,
2025-11-05T15:00:00.000Z,USA,Nevada Power Company,US-NW-NEVP,354.0,429.0,,38.0,,False,
2025-11-05T16:00:00.000Z,USA,Nevada Power Company,US-NW-NEVP,295.0,359.0,,51.0,,False,
2025-11-05T17:00:00.000Z,USA,Nevada Power Company,US-NW-NEVP,296.0,360.0,,51.0,,False,
2025-11-05T18:00:00.000Z,USA,Nevada Power Company,US-NW-NEVP,298.0,361.0,,51.0,,False,
2025-11-05T19:00:00.000Z,USA,Nevada Power Company,US-NW-NEVP,300.0,366.0,,49.0,,False,
2025-11-05T20:00:00.000Z,USA,Nevada Power Company,US-NW-NEVP,301.0,368.0,,48.0,,False,
2025-11-05T21:00:00.000Z,USA,Nevada Power Company,US-NW-NEVP,331.0,406.0,,40.0,,False,
2025-11-05T22:00:00.000Z,USA,Nevada Power Company,US-NW-NEVP,358.0,436.0,,35.0,,False,
2025-11-05T23:00:00.000Z,USA,Nevada Power Company,US-NW-NEVP,392.0,476.0,,28.0,,False,
2025-11-06T00:00:00.000Z,USA,Nevada Power Company,US-NW-NEVP,403.0,488.0,,27.0,,True,TIME_SLICER_AVERAGE
2025-11-06T01:00:00.000Z,USA,Nevada Power Company,US-NW-NEVP,460.0,556.0,,15.0,,True,TIME_SLICER_AVERAGE
2025-11-06T02:00:00.000Z,USA,Nevada Power Company,US-NW-NEVP,469.0,565.0,,15.0,,True,TIME_SLICER_AVERAGE
2025-11-06T03:00:00.000Z,USA,Nevada Power Company,US-NW-NEVP,465.0,561.0,,16.0,,True,TIME_SLICER_AVERAGE
2025-11-06T04:00:00.000Z,USA,Nevada Power Company,US-NW-NEVP,460.0,556.0,,16.0,,True,TIME_SLICER_AVERAGE
2025-11-06T05:00:00.000Z,USA,Nevada Power Company,US-NW-NEVP,458.0,554.0,,16.0,,False,
2025-11-06T06:00:00.000Z,USA,Nevada Power Company,US-NW-NEVP,456.0,552.0,,15.0,,False,
2025-11-06T07:00:00.000Z,USA,Nevada Power Company,US-NW-NEVP,459.0,557.0,,14.0,,False,
2025-11-06T08:00:00.000Z,USA,Nevada Power Company,US-NW-NEVP,466.0,563.0,,14.0,,False,
2025-11-06T09:00:00.000Z,USA,Nevada Power Company,US-NW-NEVP,476.0,573.0,,13.0,,False,
2025-11-06T10:00:00.000Z,USA,Nevada Power Company,US-NW-NEVP,477.0,575.0,,12.0,,False,
2025-11-06T11:00:00.000Z,USA,Nevada Power Company,US-NW-NEVP,483.0,582.0,,12.0,,False,
2025-11-06T12:00:00.000Z,USA,Nevada Power Company,US-NW-NEVP,486.0,584.0,,12.0,,False,
2025-11-06T13:00:00.000Z,USA,Nevada Power Company,US-NW-NEVP,488.0,584.0,,12.0,,False,
2025-11-06T14:00:00.000Z,USA,Nevada Power Company,US-NW-NEVP,472.0,567.0,,15.0,,False,
2025-11-06T15:00:00.000Z,USA,Nevada Power Company,US-NW-NEVP,345.0,414.0,,42.0,,False,
2025-11-06T16:00:00.000Z,USA,Nevada Power Company,US-NW-NEVP,271.0,327.0,,59.0,,False,
2025-11-06T17:00:00.000Z,USA,Nevada Power Company,US-NW-NEVP,264.0,320.0,,59.0,,False,
2025-11-06T18:00:00.000Z,USA,Nevada Power Company,US-NW-NEVP,259.0,316.0,,58.0,,False,
2025-11-06T19:00:00.000Z,USA,Nevada Power Company,US-NW-NEVP,259.0,317.0,,57.0,,False,
2025-11-06T20:00:00.000Z,USA,Nevada Power Company,US-NW-NEVP,257.0,315.0,,58.0,,False,
2025-11-06T21:00:00.000Z,USA,Nevada Power Company,US-NW-NEVP,253.0,311.0,,58.0,,False,
2025-11-06T22:00:00.000Z,USA,Nevada Power Company,US-NW-NEVP,268.0,330.0,,54.0,,False,
2025-11-06T23:00:00.000Z,USA,Nevada Power Company,US-NW-NEVP,355.0,433.0,,35.0,,False,
2025-11-07T00:00:00.000Z,USA,Nevada Power Company,US-NW-NEVP,384.0,464.0,,32.0,,True,TIME_SLICER_AVERAGE
2025-11-07T01:00:00.000Z,USA,Nevada Power Company,US-NW-NEVP,478.0,574.0,,14.0,,True,TIME_SLICER_AVERAGE
2025-11-07T02:00:00.000Z,USA,Nevada Power Company,US-NW-NEVP,489.0,585.0,,13.0,,True,TIME_SLICER_AVERAGE
2025-11-07T03:00:00.000Z,USA,Nevada Power Company,US-NW-NEVP,495.0,592.0,,12.0,,True,TIME_SLICER_AVERAGE
2025-11-07T04:00:00.000Z,USA,Nevada Power Company,US-NW-NEVP,489.0,586.0,,12.0,,True,TIME_SLICER_AVERAGE
2025-11-07T05:00:00.000Z,USA,Nevada Power Company,US-NW-NEVP,476.0,573.0,,13.0,,False,
2025-11-07T06:00:00.000Z,USA,Nevada Power Company,US-NW-NEVP,468.0,566.0,,13.0,,False,
2025-11-07T07:00:00.000Z,USA,Nevada Power Company,US-NW-NEVP,462.0,561.0,,13.0,,False,
2025-11-07T08:00:00.000Z,USA,Nevada Power Company,US-NW-NEVP,472.0,570.0,,12.0,,False,
2025-11-07T09:00:00.000Z,USA,Nevada Power Company,US-NW-NEVP,479.0,579.0,,11.0,,False,
2025-11-07T10:00:00.000Z,USA,Nevada Power Company,US-NW-NEVP,478.0,578.0,,11.0,,False,
2025-11-07T11:00:00.000Z,USA,Nevada Power Company,US-NW-NEVP,480.0,578.0,,12.0,,False,
2025-11-07T12:00:00.000Z,USA,Nevada Power Company,US-NW-NEVP,482.0,581.0,,12.0,,False,
2025-11-07T13:00:00.000Z,USA,Nevada Power Company,US-NW-NEVP,484.0,582.0,,12.0,,False,
2025-11-07T14:00:00.000Z,USA,Nevada Power Company,US-NW-NEVP,462.0,557.0,,15.0,,False,
2025-11-07T15:00:00.000Z,USA,Nevada Power Company,US-NW-NEVP,350.0,428.0,,36.0,,False,
2025-11-07T16:00:00.000Z,USA,Nevada Power Company,US-NW-NEVP,280.0,341.0,,55.0,,False,
2025-11-07T17:00:00.000Z,USA,Nevada Power Company,US-NW-NEVP,276.0,335.0,,56.0,,False,
2025-11-07T18:00:00.000Z,USA,Nevada Power Company,US-NW-NEVP,275.0,335.0,,56.0,,False,
2025-11-07T19:00:00.000Z,USA,Nevada Power Company,US-NW-NEVP,276.0,340.0,,53.0,,False,
2025-11-07T20:00:00.000Z,USA,Nevada Power Company,US-NW-NEVP,260.0,322.0,,55.0,,False,
2025-11-07T21:00:00.000Z,USA,Nevada Power Company,US-NW-NEVP,276.0,343.0,,50.0,,False,
2025-11-07T22:00:00.000Z,USA,Nevada Power Company,US-NW-NEVP,285.0,352.0,,49.0,,False,
2025-11-07T23:00:00.000Z,USA,Nevada Power Company,US-NW-NEVP,363.0,445.0,,32.0,,False,
2025-11-08T00:00:00.000Z,USA,Nevada Power Company,US-NW-NEVP,385.0,468.0,,30.0,,True,TIME_SLICER_AVERAGE
2025-11-08T01:00:00.000Z,USA,Nevada Power Company,US-NW-NEVP,464.0,559.0,,16.0,,True,TIME_SLICER_AVERAGE
2025-11-08T02:00:00.000Z,USA,Nevada Power Company,US-NW-NEVP,470.0,566.0,,15.0,,True,TIME_SLICER_AVERAGE
2025-11-08T03:00:00.000Z,USA,Nevada Power Company,US-NW-NEVP,467.0,564.0,,15.0,,True,TIME_SLICER_AVERAGE
2025-11-08T04:00:00.000Z,USA,Nevada Power Company,US-NW-NEVP,467.0,565.0,,13.0,,True,TIME_SLICER_AVERAGE
2025-11-08T05:00:00.000Z,USA,Nevada Power Company,US-NW-NEVP,465.0,562.0,,14.0,,False,
2025-11-08T06:00:00.000Z,USA,Nevada Power Company,US-NW-NEVP,467.0,564.0,,13.0,,False,
2025-11-08T07:00:00.000Z,USA,Nevada Power Company,US-NW-NEVP,471.0,569.0,,13.0,,False,
2025-11-08T08:00:00.000Z,USA,Nevada Power Company,US-NW-NEVP,474.0,573.0,,12.0,,False,
2025-11-08T09:00:00.000Z,USA,Nevada Power Company,US-NW-NEVP,481.0,581.0,,11.0,,False,
2025-11-08T10:00:00.000Z,USA,Nevada Power Company,US-NW-NEVP,483.0,582.0,,11.0,,False,
2025-11-08T11:00:00.000Z,USA,Nevada Power Company,US-NW-NEVP,478.0,576.0,,12.0,,False,
2025-11-08T12:00:00.000Z,USA,Nevada Power Company,US-NW-NEVP,477.0,576.0,,12.0,,False,
2025-11-08T13:00:00.000Z,USA,Nevada Power Company,US-NW-NEVP,479.0,578.0,,12.0,,False,
2025-11-08T14:00:00.000Z,USA,Nevada Power Company,US-NW-NEVP,456.0,551.0,,16.0,,False,
2025-11-08T15:00:00.000Z,USA,Nevada Power Company,US-NW-NEVP,327.0,397.0,,44.0,,False,
2025-11-08T16:00:00.000Z,USA,Nevada Power Company,US-NW-NEVP,269.0,328.0,,57.0,,False,
2025-11-08T17:00:00.000Z,USA,Nevada Power Company,US-NW-NEVP,239.0,294.0,,61.0,,False,
2025-11-08T18:00:00.000Z,USA,Nevada Power Company,US-NW-NEVP,240.0,298.0,,59.0,,False,
2025-11-08T19:00:00.000Z,USA,Nevada Power Company,US-NW-NEVP,239.0,298.0,,59.0,,False,
2025-11-08T20:00:00.000Z,USA,Nevada Power Company,US-NW-NEVP,238.0,298.0,,58.0,,False,
2025-11-08T21:00:00.000Z,USA,Nevada Power Company,US-NW-NEVP,243.0,303.0,,58.0,,False,
2025-11-08T22:00:00.000Z,USA,Nevada Power Company,US-NW-NEVP,252.0,315.0,,54.0,,False,
2025-11-08T23:00:00.000Z,USA,Nevada Power Company,US-NW-NEVP,336.0,417.0,,35.0,,False,
2025-11-09T00:00:00.000Z,USA,Nevada Power Company,US-NW-NEVP,367.0,449.0,,31.0,,True,TIME_SLICER_AVERAGE
2025-11-09T01:00:00.000Z,USA,Nevada Power Company,US-NW-NEVP,465.0,562.0,,14.0,,True,TIME_SLICER_AVERAGE
2025-11-09T02:00:00.000Z,USA,Nevada Power Company,US-NW-NEVP,468.0,565.0,,13.0,,True,TIME_SLICER_AVERAGE
2025-11-09T03:00:00.000Z,USA,Nevada Power Company,US-NW-NEVP,472.0,572.0,,12.0,,True,TIME_SLICER_AVERAGE
2025-11-09T04:00:00.000Z,USA,Nevada Power Company,US-NW-NEVP,470.0,570.0,,12.0,,True,TIME_SLICER_AVERAGE
2025-11-09T05:00:00.000Z,USA,Nevada Power Company,US-NW-NEVP,468.0,567.0,,13.0,,False,
2025-11-09T06:00:00.000Z,USA,Nevada Power Company,US-NW-NEVP,480.0,579.0,,12.0,,False,
2025-11-09T07:00:00.000Z,USA,Nevada Power Company,US-NW-NEVP,482.0,582.0,,11.0,,False,
2025-11-09T08:00:00.000Z,USA,Nevada Power Company,US-NW-NEVP,492.0,592.0,,9.0,,False,
2025-11-09T09:00:00.000Z,USA,Nevada Power Company,US-NW-NEVP,496.0,597.0,,8.0,,False,
2025-11-09T10:00:00.000Z,USA,Nevada Power Company,US-NW-NEVP,494.0,596.0,,8.0,,False,
2025-11-09T11:00:00.000Z,USA,Nevada Power Company,US-NW-NEVP,498.0,601.0,,7.0,,False,
2025-11-09T12:00:00.000Z,USA,Nevada Power Company,US-NW-NEVP,495.0,598.0,,8.0,,False,
2025-11-09T13:00:00.000Z,USA,Nevada Power Company,US-NW-NEVP,493.0,595.0,,8.0,,False,
2025-11-09T14:00:00.000Z,USA,Nevada Power Company,US-NW-NEVP,477.0,576.0,,11.0,,False,
2025-11-09T15:00:00.000Z,USA,Nevada Power Company,US-NW-NEVP,333.0,406.0,,42.0,,False,
2025-11-09T16:00:00.000Z,USA,Nevada Power Company,US-NW-NEVP,248.0,305.0,,59.0,,False,
2025-11-09T17:00:00.000Z,USA,Nevada Power Company,US-NW-NEVP,234.0,292.0,,60.0,,False,
2025-11-09T18:00:00.000Z,USA,Nevada Power Company,US-NW-NEVP,237.0,296.0,,59.0,,False,
2025-11-09T19:00:00.000Z,USA,Nevada Power Company,US-NW-NEVP,240.0,299.0,,59.0,,False,
2025-11-09T20:00:00.000Z,USA,Nevada Power Company,US-NW-NEVP,237.0,296.0,,59.0,,False,
2025-11-09T21:00:00.000Z,USA,Nevada Power Company,US-NW-NEVP,238.0,297.0,,59.0,,False,
2025-11-09T22:00:00.000Z,USA,Nevada Power Company,US-NW-NEVP,262.0,328.0,,52.0,,False,
2025-11-09T23:00:00.000Z,USA,Nevada Power Company,US-NW-NEVP,353.0,436.0,,33.0,,False,
2025-11-10T00:00:00.000Z,USA,Nevada Power Company,US-NW-NEVP,385.0,473.0,,27.0,,True,TIME_SLICER_AVERAGE
2025-11-10T01:00:00.000Z,USA,Nevada Power Company,US-NW-NEVP,472.0,571.0,,12.0,,True,TIME_SLICER_AVERAGE
2025-11-10T02:00:00.000Z,USA,Nevada Power Company,US-NW-NEVP,457.0,554.0,,13.0,,False,
2025-11-10T03:00:00.000Z,USA,Nevada Power Company,US-NW-NEVP,463.0,560.0,,13.0,,False,
2025-11-10T04:00:00.000Z,USA,Nevada Power Company,US-NW-NEVP,460.0,559.0,,12.0,,False,
2025-11-10T05:00:00.000Z,USA,Nevada Power Company,US-NW-NEVP,463.0,561.0,,12.0,,False,
2025-11-10T06:00:00.000Z,USA,Nevada Power Company,US-NW-NEVP,467.0,563.0,,13.0,,False,
2025-11-10T07:00:00.000Z,USA,Nevada Power Company,US-NW-NEVP,457.0,554.0,,13.0,,False,
2025-11-10T08:00:00.000Z,USA,Nevada Power Company,US-NW-NEVP,462.0,559.0,,13.0,,False,
2025-11-10T09:00:00.000Z,USA,Nevada Power Company,US-NW-NEVP,463.0,559.0,,13.0,,False,
2025-11-10T10:00:00.000Z,USA,Nevada Power Company,US-NW-NEVP,465.0,562.0,,13.0,,False,
2025-11-10T11:00:00.000Z,USA,Nevada Power Company,US-NW-NEVP,464.0,561.0,,12.0,,False,
2025-11-10T12:00:00.000Z,USA,Nevada Power Company,US-NW-NEVP,461.0,558.0,,13.0,,False,
2025-11-10T13:00:00.000Z,USA,Nevada Power Company,US-NW-NEVP,464.0,559.0,,14.0,,False,
2025-11-10T14:00:00.000Z,USA,Nevada Power Company,US-NW-NEVP,446.0,538.0,,18.0,,False,
2025-11-10T15:00:00.000Z,USA,Nevada Power Company,US-NW-NEVP,312.0,378.0,,46.0,,False,
2025-11-10T16:00:00.000Z,USA,Nevada Power Company,US-NW-NEVP,237.0,289.0,,63.0,,False,
2025-11-10T17:00:00.000Z,USA,Nevada Power Company,US-NW-NEVP,229.0,280.0,,64.0,,False,
2025-11-10T18:00:00.000Z,USA,Nevada Power Company,US-NW-NEVP,236.0,288.0,,62.0,,False,
2025-11-10T19:00:00.000Z,USA,Nevada Power Company,US-NW-NEVP,234.0,286.0,,62.0,,False,
2025-11-10T20:00:00.000Z,USA,Nevada Power Company,US-NW-NEVP,241.0,295.0,,61.0,,False,
2025-11-10T21:00:00.000Z,USA,Nevada Power Company,US-NW-NEVP,247.0,303.0,,59.0,,False,
2025-11-10T22:00:00.000Z,USA,Nevada Power Company,US-NW-NEVP,265.0,328.0,,53.0,,False,
2025-11-10T23:00:00.000Z,USA,Nevada Power Company,US-NW-NEVP,348.0,429.0,,33.0,,False,
2025-11-11T00:00:00.000Z,USA,Nevada Power Company,US-NW-NEVP,437.0,530.0,,17.0,,False,
2025-11-11T01:00:00.000Z,USA,Nevada Power Company,US-NW-NEVP,448.0,544.0,,14.0,,False,
2025-11-11T02:00:00.000Z,USA,Nevada Power Company,US-NW-NEVP,446.0,542.0,,14.0,,False,
2025-11-11T03:00:00.000Z,USA,Nevada Power Company,US-NW-NEVP,445.0,541.0,,15.0,,True,TIME_SLICER_AVERAGE
2025-11-11T04:00:00.000Z,USA,Nevada Power Company,US-NW-NEVP,447.0,542.0,,14.0,,True,TIME_SLICER_AVERAGE
2025-11-11T05:00:00.000Z,USA,Nevada Power Company,US-NW-NEVP,448.0,546.0,,14.0,,False,
2025-11-11T06:00:00.000Z,USA,Nevada Power Company,US-NW-NEVP,457.0,555.0,,13.0,,False,
2025-11-11T07:00:00.000Z,USA,Nevada Power Company,US-NW-NEVP,462.0,561.0,,12.0,,False,
2025-11-11T08:00:00.000Z,USA,Nevada Power Company,US-NW-NEVP,470.0,569.0,,11.0,,False,
2025-11-11T09:00:00.000Z,USA,Nevada Power Company,US-NW-NEVP,472.0,572.0,,11.0,,False,
2025-11-11T10:00:00.000Z,USA,Nevada Power Company,US-NW-NEVP,471.0,569.0,,12.0,,False,
2025-11-11T11:00:00.000Z,USA,Nevada Power Company,US-NW-NEVP,465.0,563.0,,13.0,,False,
2025-11-11T12:00:00.000Z,USA,Nevada Power Company,US-NW-NEVP,467.0,566.0,,12.0,,False,
2025-11-11T13:00:00.000Z,USA,Nevada Power Company,US-NW-NEVP,467.0,565.0,,12.0,,False,
2025-11-11T14:00:00.000Z,USA,Nevada Power Company,US-NW-NEVP,449.0,546.0,,14.0,,False,
2025-11-11T15:00:00.000Z,USA,Nevada Power Company,US-NW-NEVP,341.0,421.0,,36.0,,False,
2025-11-11T16:00:00.000Z,USA,Nevada Power Company,US-NW-NEVP,270.0,333.0,,53.0,,False,
2025-11-11T17:00:00.000Z,USA,Nevada Power Company,US-NW-NEVP,276.0,340.0,,51.0,,False,
2025-11-11T18:00:00.000Z,USA,Nevada Power Company,US-NW-NEVP,274.0,337.0,,52.0,,False,
2025-11-11T19:00:00.000Z,USA,Nevada Power Company,US-NW-NEVP,282.0,348.0,,49.0,,False,
2025-11-11T20:00:00.000Z,USA,Nevada Power Company,US-NW-NEVP,291.0,359.0,,47.0,,False,
2025-11-11T21:00:00.000Z,USA,Nevada Power Company,US-NW-NEVP,306.0,377.0,,45.0,,False,
2025-11-11T22:00:00.000Z,USA,Nevada Power Company,US-NW-NEVP,334.0,410.0,,38.0,,False,
2025-11-11T23:00:00.000Z,USA,Nevada Power Company,US-NW-NEVP,399.0,486.0,,25.0,,False,
2025-11-12T00:00:00.000Z,USA,Nevada Power Company,US-NW-NEVP,417.0,506.0,,22.0,,True,TIME_SLICER_AVERAGE
2025-11-12T01:00:00.000Z,USA,Nevada Power Company,US-NW-NEVP,477.0,576.0,,12.0,,True,TIME_SLICER_AVERAGE
2025-11-12T02:00:00.000Z,USA,Nevada Power Company,US-NW-NEVP,485.0,584.0,,11.0,,True,TIME_SLICER_AVERAGE
2025-11-12T03:00:00.000Z,USA,Nevada Power Company,US-NW-NEVP,489.0,589.0,,11.0,,True,TIME_SLICER_AVERAGE
2025-11-12T04:00:00.000Z,USA,Nevada Power Company,US-NW-NEVP,478.0,579.0,,10.0,,True,TIME_SLICER_AVERAGE
2025-11-12T05:00:00.000Z,USA,Nevada Power Company,US-NW-NEVP,475.0,575.0,,10.0,,False,
2025-11-12T06:00:00.000Z,USA,Nevada Power Company,US-NW-NEVP,478.0,579.0,,10.0,,False,
2025-11-12T07:00:00.000Z,USA,Nevada Power Company,US-NW-NEVP,473.0,574.0,,10.0,,False,
2025-11-12T08:00:00.000Z,USA,Nevada Power Company,US-NW-NEVP,484.0,586.0,,8.0,,False,
2025-11-12T09:00:00.000Z,USA,Nevada Power Company,US-NW-NEVP,479.0,583.0,,7.0,,False,
2025-11-12T10:00:00.000Z,USA,Nevada Power Company,US-NW-NEVP,484.0,589.0,,7.0,,False,
2025-11-12T11:00:00.000Z,USA,Nevada Power Company,US-NW-NEVP,484.0,589.0,,7.0,,False,
2025-11-12T12:00:00.000Z,USA,Nevada Power Company,US-NW-NEVP,480.0,584.0,,7.0,,False,
2025-11-12T13:00:00.000Z,USA,Nevada Power Company,US-NW-NEVP,472.0,575.0,,8.0,,False,
2025-11-12T14:00:00.000Z,USA,Nevada Power Company,US-NW-NEVP,457.0,558.0,,11.0,,False,
2025-11-12T15:00:00.000Z,USA,Nevada Power Company,US-NW-NEVP,411.0,505.0,,20.0,,False,
2025-11-12T16:00:00.000Z,USA,Nevada Power Company,US-NW-NEVP,388.0,475.0,,26.0,,False,
2025-11-12T17:00:00.000Z,USA,Nevada Power Company,US-NW-NEVP,376.0,462.0,,27.0,,False,
2025-11-12T18:00:00.000Z,USA,Nevada Power Company,US-NW-NEVP,351.0,434.0,,32.0,,False,
2025-11-12T19:00:00.000Z,USA,Nevada Power Company,US-NW-NEVP,344.0,427.0,,32.0,,False,
2025-11-12T20:00:00.000Z,USA,Nevada Power Company,US-NW-NEVP,350.0,434.0,,31.0,,False,
2025-11-12T21:00:00.000Z,USA,Nevada Power Company,US-NW-NEVP,339.0,422.0,,34.0,,False,
2025-11-12T22:00:00.000Z,USA,Nevada Power Company,US-NW-NEVP,356.0,439.0,,31.0,,False,
2025-11-12T23:00:00.000Z,USA,Nevada Power Company,US-NW-NEVP,428.0,520.0,,19.0,,False,
2025-11-13T00:00:00.000Z,USA,Nevada Power Company,US-NW-NEVP,428.0,520.0,,19.0,,True,TIME_SLICER_AVERAGE
2025-11-13T01:00:00.000Z,USA,Nevada Power Company,US-NW-NEVP,467.0,566.0,,12.0,,True,TIME_SLICER_AVERAGE
2025-11-13T02:00:00.000Z,USA,Nevada Power Company,US-NW-NEVP,482.0,581.0,,11.0,,True,TIME_SLICER_AVERAGE
2025-11-13T03:00:00.000Z,USA,Nevada Power Company,US-NW-NEVP,487.0,587.0,,11.0,,True,TIME_SLICER_AVERAGE
2025-11-13T04:00:00.000Z,USA,Nevada Power Company,US-NW-NEVP,480.0,578.0,,11.0,,True,TIME_SLICER_AVERAGE
2025-11-13T05:00:00.000Z,USA,Nevada Power Company,US-NW-NEVP,482.0,581.0,,11.0,,False,
2025-11-13T06:00:00.000Z,USA,Nevada Power Company,US-NW-NEVP,478.0,577.0,,11.0,,False,
2025-11-13T07:00:00.000Z,USA,Nevada Power Company,US-NW-NEVP,470.0,569.0,,11.0,,False,
2025-11-13T08:00:00.000Z,USA,Nevada Power Company,US-NW-NEVP,482.0,583.0,,9.0,,False,
2025-11-13T09:00:00.000Z,USA,Nevada Power Company,US-NW-NEVP,478.0,579.0,,9.0,,False,
2025-11-13T10:00:00.000Z,USA,Nevada Power Company,US-NW-NEVP,474.0,576.0,,9.0,,False,
2025-11-13T11:00:00.000Z,USA,Nevada Power Company,US-NW-NEVP,472.0,574.0,,9.0,,False,
2025-11-13T12:00:00.000Z,USA,Nevada Power Company,US-NW-NEVP,469.0,570.0,,10.0,,False,
2025-11-13T13:00:00.000Z,USA,Nevada Power Company,US-NW-NEVP,470.0,570.0,,11.0,,False,
2025-11-13T14:00:00.000Z,USA,Nevada Power Company,US-NW-NEVP,459.0,554.0,,15.0,,False,
2025-11-13T15:00:00.000Z,USA,Nevada Power Company,US-NW-NEVP,355.0,435.0,,35.0,,False,
2025-11-13T16:00:00.000Z,USA,Nevada Power Company,US-NW-NEVP,287.0,351.0,,52.0,,False,
2025-11-13T17:00:00.000Z,USA,Nevada Power Company,US-NW-NEVP,272.0,336.0,,52.0,,False,
2025-11-13T18:00:00.000Z,USA,Nevada Power Company,US-NW-NEVP,269.0,334.0,,51.0,,False,
2025-11-13T19:00:00.000Z,USA,Nevada Power Company,US-NW-NEVP,279.0,347.0,,49.0,,False,
2025-11-13T20:00:00.000Z,USA,Nevada Power Company,US-NW-NEVP,281.0,352.0,,46.0,,False,
2025-11-13T21:00:00.000Z,USA,Nevada Power Company,US-NW-NEVP,288.0,359.0,,46.0,,False,
2025-11-13T22:00:00.000Z,USA,Nevada Power Company,US-NW-NEVP,300.0,372.0,,44.0,,False,
2025-11-13T23:00:00.000Z,USA,Nevada Power Company,US-NW-NEVP,367.0,454.0,,27.0,,False,
2025-11-14T00:00:00.000Z,USA,Nevada Power Company,US-NW-NEVP,382.0,470.0,,26.0,,True,TIME_SLICER_AVERAGE
2025-11-14T01:00:00.000Z,USA,Nevada Power Company,US-NW-NEVP,448.0,547.0,,14.0,,True,TIME_SLICER_AVERAGE
2025-11-14T02:00:00.000Z,USA,Nevada Power Company,US-NW-NEVP,453.0,551.0,,14.0,,True,TIME_SLICER_AVERAGE
2025-11-14T03:00:00.000Z,USA,Nevada Power Company,US-NW-NEVP,450.0,546.0,,16.0,,True,TIME_SLICER_AVERAGE
2025-11-14T04:00:00.000Z,USA,Nevada Power Company,US-NW-NEVP,433.0,527.0,,18.0,,True,TIME_SLICER_AVERAGE
2025-11-14T05:00:00.000Z,USA,Nevada Power Company,US-NW-NEVP,429.0,522.0,,19.0,,False,
2025-11-14T06:00:00.000Z,USA,Nevada Power Company,US-NW-NEVP,437.0,532.0,,17.0,,False,
2025-11-14T07:00:00.000Z,USA,Nevada Power Company,US-NW-NEVP,438.0,534.0,,16.0,,False,
2025-11-14T08:00:00.000Z,USA,Nevada Power Company,US-NW-NEVP,452.0,550.0,,13.0,,False,
2025-11-14T09:00:00.000Z,USA,Nevada Power Company,US-NW-NEVP,451.0,551.0,,12.0,,False,
2025-11-14T10:00:00.000Z,USA,Nevada Power Company,US-NW-NEVP,450.0,549.0,,13.0,,False,
2025-11-14T11:00:00.000Z,USA,Nevada Power Company,US-NW-NEVP,456.0,554.0,,13.0,,False,
2025-11-14T12:00:00.000Z,USA,Nevada Power Company,US-NW-NEVP,453.0,552.0,,13.0,,False,
2025-11-14T13:00:00.000Z,USA,Nevada Power Company,US-NW-NEVP,450.0,547.0,,14.0,,False,
2025-11-14T14:00:00.000Z,USA,Nevada Power Company,US-NW-NEVP,447.0,543.0,,15.0,,False,
2025-11-14T15:00:00.000Z,USA,Nevada Power Company,US-NW-NEVP,417.0,510.0,,19.0,,False,
2025-11-14T16:00:00.000Z,USA,Nevada Power Company,US-NW-NEVP,369.0,454.0,,29.0,,False,
2025-11-14T17:00:00.000Z,USA,Nevada Power Company,US-NW-NEVP,339.0,420.0,,35.0,,False,
2025-11-14T18:00:00.000Z,USA,Nevada Power Company,US-NW-NEVP,355.0,437.0,,32.0,,False,
2025-11-14T19:00:00.000Z,USA,Nevada Power Company,US-NW-NEVP,340.0,420.0,,34.0,,False,
2025-11-14T20:00:00.000Z,USA,Nevada Power Company,US-NW-NEVP,325.0,404.0,,37.0,,False,
2025-11-14T21:00:00.000Z,USA,Nevada Power Company,US-NW-NEVP,356.0,440.0,,30.0,,False,
2025-11-14T22:00:00.000Z,USA,Nevada Power Company,US-NW-NEVP,379.0,467.0,,25.0,,False,
2025-11-14T23:00:00.000Z,USA,Nevada Power Company,US-NW-NEVP,405.0,498.0,,19.0,,False,
2025-11-15T00:00:00.000Z,USA,Nevada Power Company,US-NW-NEVP,410.0,504.0,,18.0,,True,TIME_SLICER_AVERAGE
2025-11-15T01:00:00.000Z,USA,Nevada Power Company,US-NW-NEVP,420.0,517.0,,16.0,,True,TIME_SLICER_AVERAGE
2025-11-15T02:00:00.000Z,USA,Nevada Power Company,US-NW-NEVP,431.0,528.0,,17.0,,True,TIME_SLICER_AVERAGE
2025-11-15T03:00:00.000Z,USA,Nevada Power Company,US-NW-NEVP,430.0,527.0,,17.0,,True,TIME_SLICER_AVERAGE
2025-11-15T04:00:00.000Z,USA,Nevada Power Company,US-NW-NEVP,418.0,514.0,,17.0,,True,TIME_SLICER_AVERAGE
2025-11-15T05:00:00.000Z,USA,Nevada Power Company,US-NW-NEVP,415.0,509.0,,19.0,,False,
2025-11-15T06:00:00.000Z,USA,Nevada Power Company,US-NW-NEVP,423.0,517.0,,19.0,,False,
2025-11-15T07:00:00.000Z,USA,Nevada Power Company,US-NW-NEVP,425.0,519.0,,19.0,,False,
2025-11-15T08:00:00.000Z,USA,Nevada Power Company,US-NW-NEVP,433.0,532.0,,15.0,,False,
2025-11-15T09:00:00.000Z,USA,Nevada Power Company,US-NW-NEVP,437.0,536.0,,14.0,,False,
2025-11-15T10:00:00.000Z,USA,Nevada Power Company,US-NW-NEVP,437.0,536.0,,14.0,,False,
2025-11-15T11:00:00.000Z,USA,Nevada Power Company,US-NW-NEVP,435.0,533.0,,15.0,,False,
2025-11-15T12:00:00.000Z,USA,Nevada Power Company,US-NW-NEVP,437.0,535.0,,15.0,,False,
2025-11-15T13:00:00.000Z,USA,Nevada Power Company,US-NW-NEVP,437.0,535.0,,14.0,,False,
2025-11-15T14:00:00.000Z,USA,Nevada Power Company,US-NW-NEVP,433.0,533.0,,14.0,,False,
2025-11-15T15:00:00.000Z,USA,Nevada Power Company,US-NW-NEVP,407.0,501.0,,19.0,,False,
2025-11-15T16:00:00.000Z,USA,Nevada Power Company,US-NW-NEVP,377.0,465.0,,26.0,,False,
2025-11-15T17:00:00.000Z,USA,Nevada Power Company,US-NW-NEVP,358.0,444.0,,29.0,,False,
2025-11-15T18:00:00.000Z,USA,Nevada Power Company,US-NW-NEVP,349.0,433.0,,32.0,,False,
2025-11-15T19:00:00.000Z,USA,Nevada Power Company,US-NW-NEVP,351.0,435.0,,31.0,,False,
2025-11-15T20:00:00.000Z,USA,Nevada Power Company,US-NW-NEVP,376.0,464.0,,27.0,,False,
2025-11-15T21:00:00.000Z,USA,Nevada Power Company,US-NW-NEVP,408.0,501.0,,21.0,,False,
2025-11-15T22:00:00.000Z,USA,Nevada Power Company,US-NW-NEVP,428.0,523.0,,17.0,,False,
2025-11-15T23:00:00.000Z,USA,Nevada Power Company,US-NW-NEVP,437.0,534.0,,15.0,,False,
2025-11-16T00:00:00.000Z,USA,Nevada Power Company,US-NW-NEVP,423.0,520.0,,16.0,,False,
2025-11-16T01:00:00.000Z,USA,Nevada Power Company,US-NW-NEVP,427.0,524.0,,16.0,,False,
2025-11-16T02:00:00.000Z,USA,Nevada Power Company,US-NW-NEVP,394.0,494.0,,14.0,,False,
2025-11-16T03:00:00.000Z,USA,Nevada Power Company,US-NW-NEVP,438.0,538.0,,13.0,,False,
2025-11-16T04:00:00.000Z,USA,Nevada Power Company,US-NW-NEVP,437.0,537.0,,13.0,,False,
2025-11-16T05:00:00.000Z,USA,Nevada Power Company,US-NW-NEVP,445.0,545.0,,13.0,,False,
2025-11-16T06:00:00.000Z,USA,Nevada Power Company,US-NW-NEVP,447.0,546.0,,12.0,,False,
2025-11-16T07:00:00.000Z,USA,Nevada Power Company,US-NW-NEVP,444.0,545.0,,11.0,,False,
2025-11-16T08:00:00.000Z,USA,Nevada Power Company,US-NW-NEVP,437.0,542.0,,9.0,,False,
2025-11-16T09:00:00.000Z,USA,Nevada Power Company,US-NW-NEVP,433.0,540.0,,8.0,,False,
2025-11-16T10:00:00.000Z,USA,Nevada Power Company,US-NW-NEVP,432.0,539.0,,8.0,,False,
2025-11-16T11:00:00.000Z,USA,Nevada Power Company,US-NW-NEVP,429.0,535.0,,9.0,,False,
2025-11-16T12:00:00.000Z,USA,Nevada Power Company,US-NW-NEVP,432.0,533.0,,12.0,,False,
2025-11-16T13:00:00.000Z,USA,Nevada Power Company,US-NW-NEVP,434.0,531.0,,15.0,,False,
2025-11-16T14:00:00.000Z,USA,Nevada Power Company,US-NW-NEVP,433.0,531.0,,14.0,,False,
2025-11-16T15:00:00.000Z,USA,Nevada Power Company,US-NW-NEVP,387.0,480.0,,20.0,,False,
2025-11-16T16:00:00.000Z,USA,Nevada Power Company,US-NW-NEVP,366.0,454.0,,26.0,,False,
2025-11-16T17:00:00.000Z,USA,Nevada Power Company,US-NW-NEVP,333.0,415.0,,33.0,,False,
2025-11-16T18:00:00.000Z,USA,Nevada Power Company,US-NW-NEVP,273.0,344.0,,46.0,,False,
2025-11-16T19:00:00.000Z,USA,Nevada Power Company,US-NW-NEVP,285.0,361.0,,42.0,,False,
2025-11-16T20:00:00.000Z,USA,Nevada Power Company,US-NW-NEVP,315.0,398.0,,34.0,,False,
2025-11-16T21:00:00.000Z,USA,Nevada Power Company,US-NW-NEVP,331.0,415.0,,32.0,,False,
2025-11-16T22:00:00.000Z,USA,Nevada Power Company,US-NW-NEVP,373.0,465.0,,23.0,,False,
2025-11-16T23:00:00.000Z,USA,Nevada Power Company,US-NW-NEVP,386.0,479.0,,20.0,,False,
2025-11-17T00:00:00.000Z,USA,Nevada Power Company,US-NW-NEVP,393.0,494.0,,13.0,,False,
2025-11-17T01:00:00.000Z,USA,Nevada Power Company,US-NW-NEVP,395.0,493.0,,14.0,,False,
2025-11-17T02:00:00.000Z,USA,Nevada Power Company,US-NW-NEVP,404.0,499.0,,15.0,,False,
2025-11-17T03:00:00.000Z,USA,Nevada Power Company,US-NW-NEVP,429.0,519.0,,18.0,,False,
2025-11-17T04:00:00.000Z,USA,Nevada Power Company,US-NW-NEVP,435.0,527.0,,17.0,,False,
2025-11-17T05:00:00.000Z,USA,Nevada Power Company,US-NW-NEVP,446.0,539.0,,16.0,,False,
2025-11-17T06:00:00.000Z,USA,Nevada Power Company,US-NW-NEVP,439.0,531.0,,17.0,,False,
2025-11-17T07:00:00.000Z,USA,Nevada Power Company,US-NW-NEVP,431.0,524.0,,17.0,,False,
2025-11-17T08:00:00.000Z,USA,Nevada Power Company,US-NW-NEVP,436.0,535.0,,13.0,,False,
2025-11-17T09:00:00.000Z,USA,Nevada Power Company,US-NW-NEVP,440.0,539.0,,13.0,,False,
2025-11-17T10:00:00.000Z,USA,Nevada Power Company,US-NW-NEVP,431.0,530.0,,13.0,,False,
2025-11-17T11:00:00.000Z,USA,Nevada Power Company,US-NW-NEVP,429.0,528.0,,14.0,,False,
2025-11-17T12:00:00.000Z,USA,Nevada Power Company,US-NW-NEVP,434.0,535.0,,13.0,,False,
2025-11-17T13:00:00.000Z,USA,Nevada Power Company,US-NW-NEVP,442.0,535.0,,16.0,,False,
2025-11-17T14:00:00.000Z,USA,Nevada Power Company,US-NW-NEVP,438.0,532.0,,17.0,,False,
2025-11-17T15:00:00.000Z,USA,Nevada Power Company,US-NW-NEVP,401.0,487.0,,25.0,,False,
2025-11-17T16:00:00.000Z,USA,Nevada Power Company,US-NW-NEVP,355.0,434.0,,33.0,,False,
2025-11-17T17:00:00.000Z,USA,Nevada Power Company,US-NW-NEVP,339.0,418.0,,35.0,,False,
2025-11-17T18:00:00.000Z,USA,Nevada Power Company,US-NW-NEVP,325.0,407.0,,34.0,,False,
2025-11-17T19:00:00.000Z,USA,Nevada Power Company,US-NW-NEVP,298.0,375.0,,40.0,,False,
2025-11-17T20:00:00.000Z,USA,Nevada Power Company,US-NW-NEVP,294.0,370.0,,41.0,,False,
2025-11-17T21:00:00.000Z,USA,Nevada Power Company,US-NW-NEVP,331.0,413.0,,33.0,,False,
2025-11-17T22:00:00.000Z,USA,Nevada Power Company,US-NW-NEVP,349.0,431.0,,31.0,,False,
2025-11-17T23:00:00.000Z,USA,Nevada Power Company,US-NW-NEVP,425.0,520.0,,17.0,,False,
2025-11-18T00:00:00.000Z,USA,Nevada Power Company,US-NW-NEVP,418.0,514.0,,15.0,,False,
2025-11-18T01:00:00.000Z,USA,Nevada Power Company,US-NW-NEVP,404.0,498.0,,18.0,,False,
2025-11-18T02:00:00.000Z,USA,Nevada Power Company,US-NW-NEVP,404.0,497.0,,18.0,,False,
2025-11-18T03:00:00.000Z,USA,Nevada Power Company,US-NW-NEVP,417.0,515.0,,15.0,,False,
2025-11-18T04:00:00.000Z,USA,Nevada Power Company,US-NW-NEVP,421.0,519.0,,15.0,,False,
2025-11-18T05:00:00.000Z,USA,Nevada Power Company,US-NW-NEVP,441.0,539.0,,14.0,,False,
2025-11-18T06:00:00.000Z,USA,Nevada Power Company,US-NW-NEVP,446.0,544.0,,14.0,,False,
2025-11-18T07:00:00.000Z,USA,Nevada Power Company,US-NW-NEVP,435.0,533.0,,15.0,,False,
2025-11-18T08:00:00.000Z,USA,Nevada Power Company,US-NW-NEVP,443.0,544.0,,12.0,,False,
2025-11-18T09:00:00.000Z,USA,Nevada Power Company,US-NW-NEVP,449.0,550.0,,12.0,,False,
2025-11-18T10:00:00.000Z,USA,Nevada Power Company,US-NW-NEVP,456.0,556.0,,12.0,,False,
2025-11-18T11:00:00.000Z,USA,Nevada Power Company,US-NW-NEVP,456.0,558.0,,11.0,,False,
2025-11-18T12:00:00.000Z,USA,Nevada Power Company,US-NW-NEVP,455.0,558.0,,10.0,,False,
2025-11-18T13:00:00.000Z,USA,Nevada Power Company,US-NW-NEVP,451.0,554.0,,10.0,,False,
2025-11-18T14:00:00.000Z,USA,Nevada Power Company,US-NW-NEVP,443.0,546.0,,10.0,,False,
2025-11-18T15:00:00.000Z,USA,Nevada Power Company,US-NW-NEVP,400.0,495.0,,20.0,,False,
2025-11-18T16:00:00.000Z,USA,Nevada Power Company,US-NW-NEVP,368.0,458.0,,26.0,,False,
2025-11-18T17:00:00.000Z,USA,Nevada Power Company,US-NW-NEVP,369.0,459.0,,26.0,,False,
2025-11-18T18:00:00.000Z,USA,Nevada Power Company,US-NW-NEVP,325.0,407.0,,35.0,,False,
2025-11-18T19:00:00.000Z,USA,Nevada Power Company,US-NW-NEVP,348.0,436.0,,29.0,,False,
2025-11-18T20:00:00.000Z,USA,Nevada Power Company,US-NW-NEVP,377.0,469.0,,23.0,,False,
2025-11-18T21:00:00.000Z,USA,Nevada Power Company,US-NW-NEVP,382.0,477.0,,20.0,,False,
2025-11-18T22:00:00.000Z,USA,Nevada Power Company,US-NW-NEVP,373.0,470.0,,19.0,,False,
2025-11-18T23:00:00.000Z,USA,Nevada Power Company,US-NW-NEVP,404.0,507.0,,13.0,,False,
2025-11-19T00:00:00.000Z,USA,Nevada Power Company,US-NW-NEVP,408.0,510.0,,11.0,,False,
2025-11-19T01:00:00.000Z,USA,Nevada Power Company,US-NW-NEVP,413.0,511.0,,14.0,,False,
2025-11-19T02:00:00.000Z,USA,Nevada Power Company,US-NW-NEVP,386.0,463.0,,29.0,,False,
2025-11-19T03:00:00.000Z,USA,Nevada Power Company,US-NW-NEVP,367.0,439.0,,33.0,,False,
2025-11-19T04:00:00.000Z,USA,Nevada Power Company,US-NW-NEVP,371.0,443.0,,33.0,,False,
2025-11-19T05:00:00.000Z,USA,Nevada Power Company,US-NW-NEVP,438.0,540.0,,11.0,,False,
2025-11-19T06:00:00.000Z,USA,Nevada Power Company,US-NW-NEVP,439.0,539.0,,12.0,,False,
2025-11-19T07:00:00.000Z,USA,Nevada Power Company,US-NW-NEVP,439.0,541.0,,11.0,,False,
2025-11-19T08:00:00.000Z,USA,Nevada Power Company,US-NW-NEVP,444.0,549.0,,8.0,,False,
2025-11-19T09:00:00.000Z,USA,Nevada Power Company,US-NW-NEVP,447.0,553.0,,8.0,,False,
2025-11-19T10:00:00.000Z,USA,Nevada Power Company,US-NW-NEVP,448.0,553.0,,8.0,,False,
2025-11-19T11:00:00.000Z,USA,Nevada Power Company,US-NW-NEVP,450.0,555.0,,9.0,,False,
2025-11-19T12:00:00.000Z,USA,Nevada Power Company,US-NW-NEVP,452.0,557.0,,8.0,,False,
2025-11-19T13:00:00.000Z,USA,Nevada Power Company,US-NW-NEVP,405.0,478.0,,31.0,,False,
2025-11-19T14:00:00.000Z,USA,Nevada Power Company,US-NW-NEVP,374.0,450.0,,31.0,,False,
2025-11-19T15:00:00.000Z,USA,Nevada Power Company,US-NW-NEVP,215.0,268.0,,62.0,,False,
2025-11-19T16:00:00.000Z,USA,Nevada Power Company,US-NW-NEVP,181.0,235.0,,62.0,,False,
2025-11-19T17:00:00.000Z,USA,Nevada Power Company,US-NW-NEVP,167.0,215.0,,67.0,,False,
2025-11-19T18:00:00.000Z,USA,Nevada Power Company,US-NW-NEVP,118.0,159.0,,78.0,,False,
2025-11-19T19:00:00.000Z,USA,Nevada Power Company,US-NW-NEVP,106.0,146.0,,80.0,,False,
2025-11-19T20:00:00.000Z,USA,Nevada Power Company,US-NW-NEVP,120.0,161.0,,78.0,,False,
2025-11-19T21:00:00.000Z,USA,Nevada Power Company,US-NW-NEVP,134.0,177.0,,75.0,,False,
2025-11-19T22:00:00.000Z,USA,Nevada Power Company,US-NW-NEVP,135.0,183.0,,70.0,,False,
2025-11-19T23:00:00.000Z,USA,Nevada Power Company,US-NW-NEVP,205.0,266.0,,54.0,,False,
2025-11-20T00:00:00.000Z,USA,Nevada Power Company,US-NW-NEVP,286.0,356.0,,40.0,,True,TIME_SLICER_AVERAGE
2025-11-20T01:00:00.000Z,USA,Nevada Power Company,US-NW-NEVP,299.0,373.0,,36.0,,False,
2025-11-20T02:00:00.000Z,USA,Nevada Power Company,US-NW-NEVP,323.0,400.0,,32.0,,False,
2025-11-20T04:00:00.000Z,USA,Nevada Power Company,US-NW-NEVP,431.0,536.0,,10.0,,False,
2025-11-20T05:00:00.000Z,USA,Nevada Power Company,US-NW-NEVP,428.0,531.0,,11.0,,False,
2025-11-20T06:00:00.000Z,USA,Nevada Power Company,US-NW-NEVP,442.0,542.0,,12.0,,False,
2025-11-20T07:00:00.000Z,USA,Nevada Power Company,US-NW-NEVP,436.0,536.0,,12.0,,False,
2025-11-20T08:00:00.000Z,USA,Nevada Power Company,US-NW-NEVP,428.0,531.0,,10.0,,False,
2025-11-20T09:00:00.000Z,USA,Nevada Power Company,US-NW-NEVP,433.0,536.0,,10.0,,False,
2025-11-20T10:00:00.000Z,USA,Nevada Power Company,US-NW-NEVP,428.0,533.0,,9.0,,False,
2025-11-20T11:00:00.000Z,USA,Nevada Power Company,US-NW-NEVP,438.0,543.0,,8.0,,False,
2025-11-20T12:00:00.000Z,USA,Nevada Power Company,US-NW-NEVP,448.0,555.0,,7.0,,False,
2025-11-20T13:00:00.000Z,USA,Nevada Power Company,US-NW-NEVP,437.0,542.0,,8.0,,False,
2025-11-20T14:00:00.000Z,USA,Nevada Power Company,US-NW-NEVP,418.0,522.0,,11.0,,False,
2025-11-20T15:00:00.000Z,USA,Nevada Power Company,US-NW-NEVP,349.0,440.0,,25.0,,False,
2025-11-20T16:00:00.000Z,USA,Nevada Power Company,US-NW-NEVP,358.0,452.0,,23.0,,False,
2025-11-20T17:00:00.000Z,USA,Nevada Power Company,US-NW-NEVP,326.0,411.0,,32.0,,False,
2025-11-20T18:00:00.000Z,USA,Nevada Power Company,US-NW-NEVP,318.0,402.0,,34.0,,False,
2025-11-20T19:00:00.000Z,USA,Nevada Power Company,US-NW-NEVP,306.0,391.0,,35.0,,False,
2025-11-20T20:00:00.000Z,USA,Nevada Power Company,US-NW-NEVP,297.0,377.0,,38.0,,False,
2025-11-20T21:00:00.000Z,USA,Nevada Power Company,US-NW-NEVP,287.0,366.0,,40.0,,False,
2025-11-20T22:00:00.000Z,USA,Nevada Power Company,US-NW-NEVP,304.0,387.0,,35.0,,False,
2025-11-20T23:00:00.000Z,USA,Nevada Power Company,US-NW-NEVP,386.0,482.0,,18.0,,False,
2025-11-21T00:00:00.000Z,USA,Nevada Power Company,US-NW-NEVP,396.0,491.0,,19.0,,True,TIME_SLICER_AVERAGE
2025-11-21T01:00:00.000Z,USA,Nevada Power Company,US-NW-NEVP,421.0,520.0,,14.0,,True,TIME_SLICER_AVERAGE
2025-11-21T02:00:00.000Z,USA,Nevada Power Company,US-NW-NEVP,420.0,518.0,,14.0,,True,TIME_SLICER_AVERAGE
2025-11-21T03:00:00.000Z,USA,Nevada Power Company,US-NW-NEVP,423.0,521.0,,15.0,,True,TIME_SLICER_AVERAGE
2025-11-21T04:00:00.000Z,USA,Nevada Power Company,US-NW-NEVP,433.0,530.0,,15.0,,True,TIME_SLICER_AVERAGE
2025-11-21T05:00:00.000Z,USA,Nevada Power Company,US-NW-NEVP,436.0,534.0,,14.0,,False,
2025-11-21T06:00:00.000Z,USA,Nevada Power Company,US-NW-NEVP,441.0,539.0,,13.0,,True,TIME_SLICER_AVERAGE
2025-11-21T07:00:00.000Z,USA,Nevada Power Company,US-NW-NEVP,432.0,530.0,,13.0,,True,TIME_SLICER_AVERAGE
2025-11-21T08:00:00.000Z,USA,Nevada Power Company,US-NW-NEVP,436.0,536.0,,12.0,,False,
2025-11-21T09:00:00.000Z,USA,Nevada Power Company,US-NW-NEVP,438.0,539.0,,11.0,,False,
2025-11-21T10:00:00.000Z,USA,Nevada Power Company,US-NW-NEVP,437.0,540.0,,11.0,,False,
2025-11-21T11:00:00.000Z,USA,Nevada Power Company,US-NW-NEVP,438.0,539.0,,11.0,,False,
2025-11-21T12:00:00.000Z,USA,Nevada Power Company,US-NW-NEVP,437.0,540.0,,10.0,,False,
2025-11-21T13:00:00.000Z,USA,Nevada Power Company,US-NW-NEVP,421.0,523.0,,12.0,,False,
2025-11-21T14:00:00.000Z,USA,Nevada Power Company,US-NW-NEVP,428.0,531.0,,11.0,,False,
2025-11-21T15:00:00.000Z,USA,Nevada Power Company,US-NW-NEVP,425.0,522.0,,15.0,,False,
2025-11-21T16:00:00.000Z,USA,Nevada Power Company,US-NW-NEVP,403.0,496.0,,21.0,,False,
2025-11-21T17:00:00.000Z,USA,Nevada Power Company,US-NW-NEVP,371.0,458.0,,28.0,,False,
2025-11-21T18:00:00.000Z,USA,Nevada Power Company,US-NW-NEVP,360.0,448.0,,28.0,,False,
2025-11-21T19:00:00.000Z,USA,Nevada Power Company,US-NW-NEVP,363.0,453.0,,26.0,,False,
2025-11-21T20:00:00.000Z,USA,Nevada Power Company,US-NW-NEVP,359.0,448.0,,27.0,,False,
2025-11-21T21:00:00.000Z,USA,Nevada Power Company,US-NW-NEVP,361.0,450.0,,27.0,,False,
2025-11-21T22:00:00.000Z,USA,Nevada Power Company,US-NW-NEVP,377.0,469.0,,24.0,,False,
2025-11-21T23:00:00.000Z,USA,Nevada Power Company,US-NW-NEVP,408.0,507.0,,16.0,,False,
2025-11-22T00:00:00.000Z,USA,Nevada Power Company,US-NW-NEVP,428.0,529.0,,13.0,,False,
2025-11-22T01:00:00.000Z,USA,Nevada Power Company,US-NW-NEVP,415.0,516.0,,14.0,,True,TIME_SLICER_AVERAGE
2025-11-22T02:00:00.000Z,USA,Nevada Power Company,US-NW-NEVP,418.0,518.0,,14.0,,True,TIME_SLICER_AVERAGE
2025-11-22T03:00:00.000Z,USA,Nevada Power Company,US-NW-NEVP,430.0,530.0,,14.0,,True,TIME_SLICER_AVERAGE
2025-11-22T04:00:00.000Z,USA,Nevada Power Company,US-NW-NEVP,433.0,532.0,,13.0,,True,TIME_SLICER_AVERAGE
2025-11-22T05:00:00.000Z,USA,Nevada Power Company,US-NW-NEVP,433.0,533.0,,13.0,,False,
2025-11-22T06:00:00.000Z,USA,Nevada Power Company,US-NW-NEVP,433.0,532.0,,13.0,,False,
2025-11-22T07:00:00.000Z,USA,Nevada Power Company,US-NW-NEVP,433.0,534.0,,12.0,,False,
2025-11-22T08:00:00.000Z,USA,Nevada Power Company,US-NW-NEVP,434.0,537.0,,10.0,,False,
2025-11-22T09:00:00.000Z,USA,Nevada Power Company,US-NW-NEVP,441.0,544.0,,10.0,,False,
2025-11-22T10:00:00.000Z,USA,Nevada Power Company,US-NW-NEVP,429.0,533.0,,10.0,,False,
2025-11-22T11:00:00.000Z,USA,Nevada Power Company,US-NW-NEVP,432.0,536.0,,9.0,,False,
2025-11-22T12:00:00.000Z,USA,Nevada Power Company,US-NW-NEVP,437.0,541.0,,9.0,,False,
2025-11-22T13:00:00.000Z,USA,Nevada Power Company,US-NW-NEVP,447.0,551.0,,9.0,,False,
2025-11-22T14:00:00.000Z,USA,Nevada Power Company,US-NW-NEVP,448.0,552.0,,9.0,,False,
2025-11-22T15:00:00.000Z,USA,Nevada Power Company,US-NW-NEVP,428.0,527.0,,14.0,,False,
2025-11-22T16:00:00.000Z,USA,Nevada Power Company,US-NW-NEVP,372.0,462.0,,25.0,,False,
2025-11-22T17:00:00.000Z,USA,Nevada Power Company,US-NW-NEVP,351.0,439.0,,29.0,,False,
2025-11-22T18:00:00.000Z,USA,Nevada Power Company,US-NW-NEVP,319.0,401.0,,36.0,,False,
2025-11-22T19:00:00.000Z,USA,Nevada Power Company,US-NW-NEVP,328.0,410.0,,35.0,,False,
2025-11-22T20:00:00.000Z,USA,Nevada Power Company,US-NW-NEVP,331.0,413.0,,35.0,,False,
2025-11-22T21:00:00.000Z,USA,Nevada Power Company,US-NW-NEVP,327.0,409.0,,36.0,,False,
2025-11-22T22:00:00.000Z,USA,Nevada Power Company,US-NW-NEVP,357.0,446.0,,28.0,,False,
2025-11-22T23:00:00.000Z,USA,Nevada Power Company,US-NW-NEVP,404.0,500.0,,19.0,,False,
2025-11-23T00:00:00.000Z,USA,Nevada Power Company,US-NW-NEVP,403.0,498.0,,19.0,,True,TIME_SLICER_AVERAGE
2025-11-23T01:00:00.000Z,USA,Nevada Power Company,US-NW-NEVP,427.0,527.0,,13.0,,True,TIME_SLICER_AVERAGE
2025-11-23T02:00:00.000Z,USA,Nevada Power Company,US-NW-NEVP,401.0,460.0,,40.0,,False,
2025-11-23T03:00:00.000Z,USA,Nevada Power Company,US-NW-NEVP,399.0,457.0,,41.0,,False,
2025-11-23T04:00:00.000Z,USA,Nevada Power Company,US-NW-NEVP,401.0,458.0,,43.0,,False,
2025-11-23T05:00:00.000Z,USA,Nevada Power Company,US-NW-NEVP,411.0,503.0,,19.0,,False,
2025-11-23T06:00:00.000Z,USA,Nevada Power Company,US-NW-NEVP,425.0,517.0,,18.0,,False,
2025-11-23T07:00:00.000Z,USA,Nevada Power Company,US-NW-NEVP,422.0,513.0,,19.0,,False,
2025-11-23T08:00:00.000Z,USA,Nevada Power Company,US-NW-NEVP,423.0,518.0,,17.0,,False,
2025-11-23T09:00:00.000Z,USA,Nevada Power Company,US-NW-NEVP,416.0,510.0,,17.0,,False,
2025-11-23T10:00:00.000Z,USA,Nevada Power Company,US-NW-NEVP,414.0,510.0,,17.0,,False,
2025-11-23T11:00:00.000Z,USA,Nevada Power Company,US-NW-NEVP,422.0,518.0,,15.0,,False,
2025-11-23T12:00:00.000Z,USA,Nevada Power Company,US-NW-NEVP,423.0,519.0,,15.0,,False,
2025-11-23T13:00:00.000Z,USA,Nevada Power Company,US-NW-NEVP,426.0,523.0,,15.0,,False,
2025-11-23T14:00:00.000Z,USA,Nevada Power Company,US-NW-NEVP,429.0,526.0,,14.0,,False,
2025-11-23T15:00:00.000Z,USA,Nevada Power Company,US-NW-NEVP,404.0,491.0,,24.0,,False,
2025-11-23T16:00:00.000Z,USA,Nevada Power Company,US-NW-NEVP,290.0,360.0,,44.0,,False,
2025-11-23T17:00:00.000Z,USA,Nevada Power Company,US-NW-NEVP,249.0,315.0,,52.0,,False,
2025-11-23T18:00:00.000Z,USA,Nevada Power Company,US-NW-NEVP,253.0,318.0,,52.0,,False,
2025-11-23T19:00:00.000Z,USA,Nevada Power Company,US-NW-NEVP,258.0,324.0,,51.0,,False,
2025-11-23T20:00:00.000Z,USA,Nevada Power Company,US-NW-NEVP,254.0,320.0,,52.0,,False,
2025-11-23T21:00:00.000Z,USA,Nevada Power Company,US-NW-NEVP,591.0,656.0,,28.0,,False,
2025-11-23T22:00:00.000Z,USA,Nevada Power Company,US-NW-NEVP,260.0,331.0,,48.0,,False,
2025-11-23T23:00:00.000Z,USA,Nevada Power Company,US-NW-NEVP,342.0,430.0,,28.0,,False,
2025-11-24T00:00:00.000Z,USA,Nevada Power Company,US-NW-NEVP,422.0,484.0,,34.0,,False,
2025-11-24T01:00:00.000Z,USA,Nevada Power Company,US-NW-NEVP,433.0,492.0,,39.0,,False,
2025-11-24T02:00:00.000Z,USA,Nevada Power Company,US-NW-NEVP,418.0,476.0,,40.0,,False,
2025-11-24T03:00:00.000Z,USA,Nevada Power Company,US-NW-NEVP,458.0,528.0,,29.0,,False,
2025-11-24T04:00:00.000Z,USA,Nevada Power Company,US-NW-NEVP,486.0,555.0,,30.0,,False,
2025-11-24T05:00:00.000Z,USA,Nevada Power Company,US-NW-NEVP,467.0,566.0,,12.0,,False,
2025-11-24T06:00:00.000Z,USA,Nevada Power Company,US-NW-NEVP,460.0,558.0,,13.0,,False,
2025-11-24T07:00:00.000Z,USA,Nevada Power Company,US-NW-NEVP,446.0,543.0,,13.0,,False,
2025-11-24T08:00:00.000Z,USA,Nevada Power Company,US-NW-NEVP,437.0,537.0,,12.0,,False,
2025-11-24T09:00:00.000Z,USA,Nevada Power Company,US-NW-NEVP,435.0,535.0,,12.0,,False,
2025-11-24T10:00:00.000Z,USA,Nevada Power Company,US-NW-NEVP,435.0,536.0,,12.0,,False,
2025-11-24T11:00:00.000Z,USA,Nevada Power Company,US-NW-NEVP,430.0,530.0,,13.0,,False,
2025-11-24T12:00:00.000Z,USA,Nevada Power Company,US-NW-NEVP,431.0,530.0,,14.0,,False,
2025-11-24T13:00:00.000Z,USA,Nevada Power Company,US-NW-NEVP,426.0,525.0,,14.0,,False,
2025-11-24T14:00:00.000Z,USA,Nevada Power Company,US-NW-NEVP,421.0,519.0,,15.0,,False,
2025-11-24T15:00:00.000Z,USA,Nevada Power Company,US-NW-NEVP,352.0,437.0,,31.0,,False,
2025-11-24T16:00:00.000Z,USA,Nevada Power Company,US-NW-NEVP,269.0,337.0,,50.0,,False,
2025-11-24T17:00:00.000Z,USA,Nevada Power Company,US-NW-NEVP,251.0,314.0,,54.0,,False,
2025-11-24T18:00:00.000Z,USA,Nevada Power Company,US-NW-NEVP,251.0,311.0,,56.0,,False,
2025-11-24T19:00:00.000Z,USA,Nevada Power Company,US-NW-NEVP,248.0,309.0,,56.0,,False,
2025-11-24T20:00:00.000Z,USA,Nevada Power Company,US-NW-NEVP,244.0,305.0,,56.0,,False,
2025-11-24T21:00:00.000Z,USA,Nevada Power Company,US-NW-NEVP,236.0,296.0,,58.0,,False,
2025-11-24T22:00:00.000Z,USA,Nevada Power Company,US-NW-NEVP,251.0,317.0,,53.0,,False,
2025-11-24T23:00:00.000Z,USA,Nevada Power Company,US-NW-NEVP,350.0,435.0,,31.0,,False,
2025-11-25T00:00:00.000Z,USA,Nevada Power Company,US-NW-NEVP,380.0,464.0,,29.0,,True,TIME_SLICER_AVERAGE
2025-11-25T01:00:00.000Z,USA,Nevada Power Company,US-NW-NEVP,439.0,532.0,,18.0,,True,TIME_SLICER_AVERAGE
2025-11-25T02:00:00.000Z,USA,Nevada Power Company,US-NW-NEVP,439.0,530.0,,19.0,,True,TIME_SLICER_AVERAGE
2025-11-25T03:00:00.000Z,USA,Nevada Power Company,US-NW-NEVP,442.0,534.0,,19.0,,True,TIME_SLICER_AVERAGE
2025-11-25T04:00:00.000Z,USA,Nevada Power Company,US-NW-NEVP,451.0,544.0,,17.0,,True,TIME_SLICER_AVERAGE
2025-11-25T05:00:00.000Z,USA,Nevada Power Company,US-NW-NEVP,458.0,551.0,,15.0,,False,
2025-11-25T06:00:00.000Z,USA,Nevada Power Company,US-NW-NEVP,457.0,550.0,,16.0,,False,
2025-11-25T07:00:00.000Z,USA,Nevada Power Company,US-NW-NEVP,462.0,557.0,,14.0,,False,
2025-11-25T08:00:00.000Z,USA,Nevada Power Company,US-NW-NEVP,461.0,560.0,,12.0,,False,
2025-11-25T09:00:00.000Z,USA,Nevada Power Company,US-NW-NEVP,459.0,557.0,,13.0,,False,
2025-11-25T10:00:00.000Z,USA,Nevada Power Company,US-NW-NEVP,453.0,552.0,,12.0,,True,TIME_SLICER_AVERAGE
2025-11-25T11:00:00.000Z,USA,Nevada Power Company,US-NW-NEVP,452.0,550.0,,13.0,,False,
2025-11-25T12:00:00.000Z,USA,Nevada Power Company,US-NW-NEVP,454.0,553.0,,13.0,,False,
2025-11-25T13:00:00.000Z,USA,Nevada Power Company,US-NW-NEVP,449.0,547.0,,13.0,,False,
2025-11-25T14:00:00.000Z,USA,Nevada Power Company,US-NW-NEVP,442.0,539.0,,14.0,,False,
2025-11-25T15:00:00.000Z,USA,Nevada Power Company,US-NW-NEVP,360.0,444.0,,30.0,,False,
2025-11-25T16:00:00.000Z,USA,Nevada Power Company,US-NW-NEVP,270.0,335.0,,52.0,,False,
2025-11-25T17:00:00.000Z,USA,Nevada Power Company,US-NW-NEVP,259.0,321.0,,54.0,,False,
2025-11-25T18:00:00.000Z,USA,Nevada Power Company,US-NW-NEVP,260.0,323.0,,53.0,,False,
2025-11-25T19:00:00.000Z,USA,Nevada Power Company,US-NW-NEVP,267.0,330.0,,53.0,,False,
2025-11-25T20:00:00.000Z,USA,Nevada Power Company,US-NW-NEVP,259.0,322.0,,53.0,,False,
2025-11-25T21:00:00.000Z,USA,Nevada Power Company,US-NW-NEVP,264.0,330.0,,51.0,,True,TIME_SLICER_AVERAGE
2025-11-25T22:00:00.000Z,USA,Nevada Power Company,US-NW-NEVP,277.0,347.0,,48.0,,False,
2025-11-25T23:00:00.000Z,USA,Nevada Power Company,US-NW-NEVP,370.0,460.0,,25.0,,False,
2025-11-26T00:00:00.000Z,USA,Nevada Power Company,US-NW-NEVP,383.0,474.0,,22.0,,True,TIME_SLICER_AVERAGE
2025-11-26T01:00:00.000Z,USA,Nevada Power Company,US-NW-NEVP,440.0,542.0,,10.0,,True,TIME_SLICER_AVERAGE
2025-11-26T02:00:00.000Z,USA,Nevada Power Company,US-NW-NEVP,449.0,551.0,,10.0,,True,TIME_SLICER_AVERAGE
2025-11-26T03:00:00.000Z,USA,Nevada Power Company,US-NW-NEVP,458.0,560.0,,9.0,,True,TIME_SLICER_AVERAGE
2025-11-26T04:00:00.000Z,USA,Nevada Power Company,US-NW-NEVP,469.0,571.0,,8.0,,True,TIME_SLICER_AVERAGE
2025-11-26T05:00:00.000Z,USA,Nevada Power Company,US-NW-NEVP,457.0,558.0,,10.0,,False,
2025-11-26T06:00:00.000Z,USA,Nevada Power Company,US-NW-NEVP,462.0,562.0,,11.0,,False,
2025-11-26T07:00:00.000Z,USA,Nevada Power Company,US-NW-NEVP,464.0,562.0,,12.0,,False,
2025-11-26T08:00:00.000Z,USA,Nevada Power Company,US-NW-NEVP,453.0,555.0,,10.0,,False,
2025-11-26T09:00:00.000Z,USA,Nevada Power Company,US-NW-NEVP,448.0,551.0,,9.0,,False,
2025-11-26T10:00:00.000Z,USA,Nevada Power Company,US-NW-NEVP,443.0,548.0,,9.0,,True,TIME_SLICER_AVERAGE
2025-11-26T11:00:00.000Z,USA,Nevada Power Company,US-NW-NEVP,441.0,545.0,,10.0,,False,
2025-11-26T12:00:00.000Z,USA,Nevada Power Company,US-NW-NEVP,446.0,550.0,,10.0,,False,
2025-11-26T13:00:00.000Z,USA,Nevada Power Company,US-NW-NEVP,444.0,546.0,,11.0,,False,
2025-11-26T14:00:00.000Z,USA,Nevada Power Company,US-NW-NEVP,436.0,538.0,,11.0,,False,
2025-11-26T15:00:00.000Z,USA,Nevada Power Company,US-NW-NEVP,383.0,476.0,,21.0,,False,
2025-11-26T16:00:00.000Z,USA,Nevada Power Company,US-NW-NEVP,362.0,452.0,,26.0,,True,TIME_SLICER_AVERAGE
2025-11-26T17:00:00.000Z,USA,Nevada Power Company,US-NW-NEVP,338.0,422.0,,32.0,,True,TIME_SLICER_AVERAGE
2025-11-26T18:00:00.000Z,USA,Nevada Power Company,US-NW-NEVP,322.0,403.0,,36.0,,True,TIME_SLICER_AVERAGE
2025-11-26T19:00:00.000Z,USA,Nevada Power Company,US-NW-NEVP,309.0,386.0,,39.0,,True,TIME_SLICER_AVERAGE
2025-11-26T20:00:00.000Z,USA,Nevada Power Company,US-NW-NEVP,293.0,367.0,,43.0,,True,TIME_SLICER_AVERAGE
2025-11-26T21:00:00.000Z,USA,Nevada Power Company,US-NW-NEVP,286.0,360.0,,44.0,,True,TIME_SLICER_AVERAGE
2025-11-26T22:00:00.000Z,USA,Nevada Power Company,US-NW-NEVP,272.0,343.0,,47.0,,False,
2025-11-26T23:00:00.000Z,USA,Nevada Power Company,US-NW-NEVP,353.0,441.0,,27.0,,False,
2025-11-27T00:00:00.000Z,USA,Nevada Power Company,US-NW-NEVP,381.0,469.0,,24.0,,True,TIME_SLICER_AVERAGE
2025-11-27T01:00:00.000Z,USA,Nevada Power Company,US-NW-NEVP,448.0,546.0,,12.0,,True,TIME_SLICER_AVERAGE
2025-11-27T02:00:00.000Z,USA,Nevada Power Company,US-NW-NEVP,454.0,552.0,,11.0,,True,TIME_SLICER_AVERAGE
2025-11-27T03:00:00.000Z,USA,Nevada Power Company,US-NW-NEVP,455.0,554.0,,11.0,,True,TIME_SLICER_AVERAGE
2025-11-27T04:00:00.000Z,USA,Nevada Power Company,US-NW-NEVP,459.0,561.0,,9.0,,True,TIME_SLICER_AVERAGE
2025-11-27T05:00:00.000Z,USA,Nevada Power Company,US-NW-NEVP,460.0,562.0,,9.0,,False,
2025-11-27T06:00:00.000Z,USA,Nevada Power Company,US-NW-NEVP,460.0,561.0,,9.0,,False,
2025-11-27T07:00:00.000Z,USA,Nevada Power Company,US-NW-NEVP,463.0,564.0,,10.0,,False,
2025-11-27T08:00:00.000Z,USA,Nevada Power Company,US-NW-NEVP,454.0,558.0,,8.0,,False,
2025-11-27T09:00:00.000Z,USA,Nevada Power Company,US-NW-NEVP,452.0,558.0,,7.0,,False,
2025-11-27T10:00:00.000Z,USA,Nevada Power Company,US-NW-NEVP,458.0,563.0,,7.0,,True,TIME_SLICER_AVERAGE
2025-11-27T11:00:00.000Z,USA,Nevada Power Company,US-NW-NEVP,461.0,566.0,,7.0,,False,
2025-11-27T12:00:00.000Z,USA,Nevada Power Company,US-NW-NEVP,464.0,570.0,,7.0,,False,
2025-11-27T13:00:00.000Z,USA,Nevada Power Company,US-NW-NEVP,470.0,574.0,,8.0,,False,
2025-11-27T14:00:00.000Z,USA,Nevada Power Company,US-NW-NEVP,475.0,579.0,,7.0,,False,
2025-11-27T15:00:00.000Z,USA,Nevada Power Company,US-NW-NEVP,409.0,502.0,,21.0,,False,
2025-11-27T16:00:00.000Z,USA,Nevada Power Company,US-NW-NEVP,379.0,466.0,,27.0,,True,TIME_SLICER_AVERAGE
2025-11-27T17:00:00.000Z,USA,Nevada Power Company,US-NW-NEVP,352.0,436.0,,32.0,,True,TIME_SLICER_AVERAGE
2025-11-27T18:00:00.000Z,USA,Nevada Power Company,US-NW-NEVP,336.0,415.0,,37.0,,True,TIME_SLICER_AVERAGE
2025-11-27T19:00:00.000Z,USA,Nevada Power Company,US-NW-NEVP,326.0,400.0,,41.0,,False,
2025-11-27T20:00:00.000Z,USA,Nevada Power Company,US-NW-NEVP,304.0,376.0,,44.0,,False,
2025-11-27T21:00:00.000Z,USA,Nevada Power Company,US-NW-NEVP,287.0,359.0,,46.0,,False,
2025-11-27T22:00:00.000Z,USA,Nevada Power Company,US-NW-NEVP,301.0,376.0,,42.0,,False,
2025-11-27T23:00:00.000Z,USA,Nevada Power Company,US-NW-NEVP,402.0,493.0,,22.0,,False,
2025-11-28T00:00:00.000Z,USA,Nevada Power Company,US-NW-NEVP,418.0,509.0,,21.0,,True,TIME_SLICER_AVERAGE
2025-11-28T01:00:00.000Z,USA,Nevada Power Company,US-NW-NEVP,466.0,564.0,,12.0,,True,TIME_SLICER_AVERAGE
2025-11-28T02:00:00.000Z,USA,Nevada Power Company,US-NW-NEVP,463.0,560.0,,12.0,,True,TIME_SLICER_AVERAGE
2025-11-28T03:00:00.000Z,USA,Nevada Power Company,US-NW-NEVP,466.0,563.0,,13.0,,True,TIME_SLICER_AVERAGE
2025-11-28T04:00:00.000Z,USA,Nevada Power Company,US-NW-NEVP,465.0,564.0,,11.0,,True,TIME_SLICER_AVERAGE
2025-11-28T05:00:00.000Z,USA,Nevada Power Company,US-NW-NEVP,469.0,567.0,,11.0,,False,
2025-11-28T06:00:00.000Z,USA,Nevada Power Company,US-NW-NEVP,463.0,560.0,,12.0,,False,
2025-11-28T07:00:00.000Z,USA,Nevada Power Company,US-NW-NEVP,457.0,556.0,,11.0,,False,
2025-11-28T08:00:00.000Z,USA,Nevada Power Company,US-NW-NEVP,453.0,554.0,,10.0,,False,
2025-11-28T09:00:00.000Z,USA,Nevada Power Company,US-NW-NEVP,453.0,554.0,,10.0,,False,
2025-11-28T10:00:00.000Z,USA,Nevada Power Company,US-NW-NEVP,447.0,550.0,,10.0,,True,TIME_SLICER_AVERAGE
2025-11-28T11:00:00.000Z,USA,Nevada Power Company,US-NW-NEVP,442.0,544.0,,11.0,,False,
2025-11-28T12:00:00.000Z,USA,Nevada Power Company,US-NW-NEVP,442.0,543.0,,10.0,,False,
2025-11-28T13:00:00.000Z,USA,Nevada Power Company,US-NW-NEVP,440.0,541.0,,11.0,,False,
2025-11-28T14:00:00.000Z,USA,Nevada Power Company,US-NW-NEVP,434.0,533.0,,13.0,,False,
2025-11-28T15:00:00.000Z,USA,Nevada Power Company,US-NW-NEVP,347.0,426.0,,33.0,,False,
2025-11-28T16:00:00.000Z,USA,Nevada Power Company,US-NW-NEVP,320.0,394.0,,40.0,,True,TIME_SLICER_AVERAGE
2025-11-28T17:00:00.000Z,USA,Nevada Power Company,US-NW-NEVP,291.0,361.0,,47.0,,True,TIME_SLICER_AVERAGE
2025-11-28T18:00:00.000Z,USA,Nevada Power Company,US-NW-NEVP,270.0,334.0,,52.0,,True,TIME_SLICER_AVERAGE
2025-11-28T19:00:00.000Z,USA,Nevada Power Company,US-NW-NEVP,251.0,310.0,,57.0,,False,
2025-11-28T20:00:00.000Z,USA,Nevada Power Company,US-NW-NEVP,245.0,305.0,,58.0,,False,
2025-11-28T21:00:00.000Z,USA,Nevada Power Company,US-NW-NEVP,237.0,297.0,,58.0,,False,
2025-11-28T22:00:00.000Z,USA,Nevada Power Company,US-NW-NEVP,253.0,319.0,,53.0,,False,
2025-11-28T23:00:00.000Z,USA,Nevada Power Company,US-NW-NEVP,360.0,446.0,,29.0,,False,
2025-11-29T00:00:00.000Z,USA,Nevada Power Company,US-NW-NEVP,378.0,465.0,,26.0,,True,TIME_SLICER_AVERAGE
2025-11-29T01:00:00.000Z,USA,Nevada Power Company,US-NW-NEVP,435.0,529.0,,16.0,,True,TIME_SLICER_AVERAGE
2025-11-29T02:00:00.000Z,USA,Nevada Power Company,US-NW-NEVP,431.0,523.0,,18.0,,True,TIME_SLICER_AVERAGE
2025-11-29T03:00:00.000Z,USA,Nevada Power Company,US-NW-NEVP,434.0,526.0,,18.0,,True,TIME_SLICER_AVERAGE
2025-11-29T04:00:00.000Z,USA,Nevada Power Company,US-NW-NEVP,425.0,519.0,,17.0,,True,TIME_SLICER_AVERAGE
2025-11-29T05:00:00.000Z,USA,Nevada Power Company,US-NW-NEVP,424.0,518.0,,16.0,,False,
2025-11-29T06:00:00.000Z,USA,Nevada Power Company,US-NW-NEVP,428.0,522.0,,16.0,,False,
2025-11-29T07:00:00.000Z,USA,Nevada Power Company,US-NW-NEVP,438.0,533.0,,15.0,,False,
2025-11-29T08:00:00.000Z,USA,Nevada Power Company,US-NW-NEVP,444.0,542.0,,13.0,,False,
2025-11-29T09:00:00.000Z,USA,Nevada Power Company,US-NW-NEVP,445.0,543.0,,12.0,,False,
2025-11-29T10:00:00.000Z,USA,Nevada Power Company,US-NW-NEVP,447.0,547.0,,11.0,,False,
2025-11-29T11:00:00.000Z,USA,Nevada Power Company,US-NW-NEVP,445.0,546.0,,11.0,,False,
2025-11-29T12:00:00.000Z,USA,Nevada Power Company,US-NW-NEVP,449.0,550.0,,10.0,,False,
2025-11-29T13:00:00.000Z,USA,Nevada Power Company,US-NW-NEVP,444.0,545.0,,11.0,,False,
2025-11-29T14:00:00.000Z,USA,Nevada Power Company,US-NW-NEVP,432.0,533.0,,12.0,,False,
2025-11-29T15:00:00.000Z,USA,Nevada Power Company,US-NW-NEVP,362.0,451.0,,26.0,,False,
2025-11-29T16:00:00.000Z,USA,Nevada Power Company,US-NW-NEVP,343.0,427.0,,31.0,,True,TIME_SLICER_AVERAGE
2025-11-29T17:00:00.000Z,USA,Nevada Power Company,US-NW-NEVP,318.0,397.0,,38.0,,True,TIME_SLICER_AVERAGE
2025-11-29T18:00:00.000Z,USA,Nevada Power Company,US-NW-NEVP,302.0,377.0,,42.0,,True,TIME_SLICER_AVERAGE
2025-11-29T19:00:00.000Z,USA,Nevada Power Company,US-NW-NEVP,294.0,366.0,,44.0,,True,TIME_SLICER_AVERAGE
2025-11-29T20:00:00.000Z,USA,Nevada Power Company,US-NW-NEVP,294.0,365.0,,45.0,,True,TIME_SLICER_AVERAGE
2025-11-29T21:00:00.000Z,USA,Nevada Power Company,US-NW-NEVP,283.0,351.0,,48.0,,False,
2025-11-29T22:00:00.000Z,USA,Nevada Power Company,US-NW-NEVP,308.0,385.0,,40.0,,False,
2025-11-29T23:00:00.000Z,USA,Nevada Power Company,US-NW-NEVP,384.0,478.0,,20.0,,False,
2025-11-30T00:00:00.000Z,USA,Nevada Power Company,US-NW-NEVP,406.0,502.0,,17.0,,True,TIME_SLICER_AVERAGE
2025-11-30T01:00:00.000Z,USA,Nevada Power Company,US-NW-NEVP,449.0,552.0,,8.0,,True,TIME_SLICER_AVERAGE
2025-11-30T02:00:00.000Z,USA,Nevada Power Company,US-NW-NEVP,450.0,551.0,,8.0,,True,TIME_SLICER_AVERAGE
2025-11-30T03:00:00.000Z,USA,Nevada Power Company,US-NW-NEVP,449.0,551.0,,9.0,,True,TIME_SLICER_AVERAGE
2025-11-30T04:00:00.000Z,USA,Nevada Power Company,US-NW-NEVP,447.0,549.0,,8.0,,True,TIME_SLICER_AVERAGE
2025-11-30T05:00:00.000Z,USA,Nevada Power Company,US-NW-NEVP,449.0,551.0,,9.0,,False,
2025-11-30T06:00:00.000Z,USA,Nevada Power Company,US-NW-NEVP,447.0,547.0,,10.0,,False,
2025-11-30T07:00:00.000Z,USA,Nevada Power Company,US-NW-NEVP,459.0,560.0,,10.0,,False,
2025-11-30T08:00:00.000Z,USA,Nevada Power Company,US-NW-NEVP,453.0,556.0,,9.0,,False,
2025-11-30T09:00:00.000Z,USA,Nevada Power Company,US-NW-NEVP,441.0,545.0,,9.0,,False,
2025-11-30T10:00:00.000Z,USA,Nevada Power Company,US-NW-NEVP,438.0,543.0,,9.0,,False,
2025-11-30T11:00:00.000Z,USA,Nevada Power Company,US-NW-NEVP,444.0,548.0,,8.0,,False,
2025-11-30T12:00:00.000Z,USA,Nevada Power Company,US-NW-NEVP,444.0,546.0,,9.0,,False,
2025-11-30T13:00:00.000Z,USA,Nevada Power Company,US-NW-NEVP,442.0,541.0,,12.0,,False,
2025-11-30T14:00:00.000Z,USA,Nevada Power Company,US-NW-NEVP,443.0,541.0,,13.0,,False,
2025-11-30T15:00:00.000Z,USA,Nevada Power Company,US-NW-NEVP,395.0,489.0,,18.0,,False,
2025-11-30T16:00:00.000Z,USA,Nevada Power Company,US-NW-NEVP,343.0,430.0,,27.0,,False,
2025-11-30T17:00:00.000Z,USA,Nevada Power Company,US-NW-NEVP,319.0,402.0,,32.0,,False,
2025-11-30T18:00:00.000Z,USA,Nevada Power Company,US-NW-NEVP,313.0,396.0,,33.0,,False,
2025-11-30T19:00:00.000Z,USA,Nevada Power Company,US-NW-NEVP,315.0,397.0,,34.0,,True,TIME_SLICER_AVERAGE
2025-11-30T20:00:00.000Z,USA,Nevada Power Company,US-NW-NEVP,313.0,394.0,,34.0,,True,TIME_SLICER_AVERAGE
2025-11-30T21:00:00.000Z,USA,Nevada Power Company,US-NW-NEVP,310.0,392.0,,34.0,,True,TIME_SLICER_AVERAGE
2025-11-30T22:00:00.000Z,USA,Nevada Power Company,US-NW-NEVP,322.0,404.0,,34.0,,False,
2025-11-30T23:00:00.000Z,USA,Nevada Power Company,US-NW-NEVP,399.0,494.0,,18.0,,False,
2025-12-01T00:00:00.000Z,USA,Nevada Power Company,US-NW-NEVP,417.0,514.0,,15.0,,True,TIME_SLICER_AVERAGE
2025-12-01T01:00:00.000Z,USA,Nevada Power Company,US-NW-NEVP,456.0,557.0,,10.0,,True,TIME_SLICER_AVERAGE
2025-12-01T02:00:00.000Z,USA,Nevada Power Company,US-NW-NEVP,458.0,561.0,,8.0,,True,TIME_SLICER_AVERAGE
2025-12-01T03:00:00.000Z,USA,Nevada Power Company,US-NW-NEVP,474.0,578.0,,8.0,,True,TIME_SLICER_AVERAGE
2025-12-01T04:00:00.000Z,USA,Nevada Power Company,US-NW-NEVP,482.0,586.0,,6.0,,True,TIME_SLICER_AVERAGE
2025-12-01T05:00:00.000Z,USA,Nevada Power Company,US-NW-NEVP,476.0,579.0,,7.0,,False,
2025-12-01T06:00:00.000Z,USA,Nevada Power Company,US-NW-NEVP,469.0,570.0,,9.0,,False,
2025-12-01T07:00:00.000Z,USA,Nevada Power Company,US-NW-NEVP,472.0,574.0,,9.0,,False,
2025-12-01T08:00:00.000Z,USA,Nevada Power Company,US-NW-NEVP,479.0,579.0,,9.0,,False,
2025-12-01T09:00:00.000Z,USA,Nevada Power Company,US-NW-NEVP,477.0,578.0,,9.0,,False,
2025-12-01T10:00:00.000Z,USA,Nevada Power Company,US-NW-NEVP,474.0,575.0,,8.0,,False,
2025-12-01T11:00:00.000Z,USA,Nevada Power Company,US-NW-NEVP,478.0,579.0,,9.0,,False,
2025-12-01T12:00:00.000Z,USA,Nevada Power Company,US-NW-NEVP,476.0,575.0,,10.0,,False,
2025-12-01T13:00:00.000Z,USA,Nevada Power Company,US-NW-NEVP,477.0,572.0,,12.0,,False,
2025-12-01T14:00:00.000Z,USA,Nevada Power Company,US-NW-NEVP,461.0,556.0,,14.0,,True,TIME_SLICER_AVERAGE
2025-12-01T15:00:00.000Z,USA,Nevada Power Company,US-NW-NEVP,435.0,526.0,,18.0,,True,TIME_SLICER_AVERAGE
2025-12-01T16:00:00.000Z,USA,Nevada Power Company,US-NW-NEVP,358.0,436.0,,35.0,,True,TIME_SLICER_AVERAGE
2025-12-01T17:00:00.000Z,USA,Nevada Power Company,US-NW-NEVP,337.0,411.0,,39.0,,True,TIME_SLICER_AVERAGE
2025-12-01T18:00:00.000Z,USA,Nevada Power Company,US-NW-NEVP,346.0,424.0,,38.0,,True,TIME_SLICER_AVERAGE
2025-12-01T19:00:00.000Z,USA,Nevada Power Company,US-NW-NEVP,356.0,436.0,,36.0,,True,TIME_SLICER_AVERAGE
2025-12-01T20:00:00.000Z,USA,Nevada Power Company,US-NW-NEVP,361.0,443.0,,34.0,,True,TIME_SLICER_AVERAGE
2025-12-01T21:00:00.000Z,USA,Nevada Power Company,US-NW-NEVP,369.0,454.0,,30.0,,True,TIME_SLICER_AVERAGE
2025-12-01T22:00:00.000Z,USA,Nevada Power Company,US-NW-NEVP,391.0,483.0,,25.0,,True,TIME_SLICER_AVERAGE
2025-12-01T23:00:00.000Z,USA,Nevada Power Company,US-NW-NEVP,383.0,473.0,,25.0,,False,
2025-12-02T00:00:00.000Z,USA,Nevada Power Company,US-NW-NEVP,388.0,478.0,,25.0,,True,TIME_SLICER_AVERAGE
2025-12-02T01:00:00.000Z,USA,Nevada Power Company,US-NW-NEVP,472.0,575.0,,9.0,,True,TIME_SLICER_AVERAGE
2025-12-02T02:00:00.000Z,USA,Nevada Power Company,US-NW-NEVP,458.0,559.0,,9.0,,False,
2025-12-02T03:00:00.000Z,USA,Nevada Power Company,US-NW-NEVP,452.0,552.0,,11.0,,False,
2025-12-02T04:00:00.000Z,USA,Nevada Power Company,US-NW-NEVP,458.0,558.0,,10.0,,False,
2025-12-02T05:00:00.000Z,USA,Nevada Power Company,US-NW-NEVP,463.0,564.0,,10.0,,False,
2025-12-02T06:00:00.000Z,USA,Nevada Power Company,US-NW-NEVP,466.0,567.0,,10.0,,False,
2025-12-02T07:00:00.000Z,USA,Nevada Power Company,US-NW-NEVP,464.0,563.0,,10.0,,False,
2025-12-02T08:00:00.000Z,USA,Nevada Power Company,US-NW-NEVP,460.0,561.0,,9.0,,False,
2025-12-02T09:00:00.000Z,USA,Nevada Power Company,US-NW-NEVP,456.0,559.0,,9.0,,False,
2025-12-02T10:00:00.000Z,USA,Nevada Power Company,US-NW-NEVP,455.0,558.0,,8.0,,False,
2025-12-02T11:00:00.000Z,USA,Nevada Power Company,US-NW-NEVP,462.0,565.0,,8.0,,False,
2025-12-02T12:00:00.000Z,USA,Nevada Power Company,US-NW-NEVP,463.0,565.0,,9.0,,False,
2025-12-02T13:00:00.000Z,USA,Nevada Power Company,US-NW-NEVP,461.0,563.0,,9.0,,False,
2025-12-02T14:00:00.000Z,USA,Nevada Power Company,US-NW-NEVP,458.0,559.0,,9.0,,False,
2025-12-02T15:00:00.000Z,USA,Nevada Power Company,US-NW-NEVP,460.0,563.0,,8.0,,False,
2025-12-02T16:00:00.000Z,USA,Nevada Power Company,US-NW-NEVP,482.0,586.0,,7.0,,False,
2025-12-02T17:00:00.000Z,USA,Nevada Power Company,US-NW-NEVP,476.0,583.0,,5.0,,False,
2025-12-02T18:00:00.000Z,USA,Nevada Power Company,US-NW-NEVP,471.0,573.0,,8.0,,False,
2025-12-02T19:00:00.000Z,USA,Nevada Power Company,US-NW-NEVP,467.0,568.0,,10.0,,False,
2025-12-02T20:00:00.000Z,USA,Nevada Power Company,US-NW-NEVP,465.0,566.0,,9.0,,False,
2025-12-02T21:00:00.000Z,USA,Nevada Power Company,US-NW-NEVP,468.0,570.0,,8.0,,False,
2025-12-02T22:00:00.000Z,USA,Nevada Power Company,US-NW-NEVP,486.0,585.0,,9.0,,False,
2025-12-02T23:00:00.000Z,USA,Nevada Power Company,US-NW-NEVP,466.0,569.0,,8.0,,False,
2025-12-03T00:00:00.000Z,USA,Nevada Power Company,US-NW-NEVP,465.0,569.0,,7.0,,False,
2025-12-03T01:00:00.000Z,USA,Nevada Power Company,US-NW-NEVP,457.0,560.0,,8.0,,False,
2025-12-03T02:00:00.000Z,USA,Nevada Power Company,US-NW-NEVP,457.0,562.0,,7.0,,False,
2025-12-03T03:00:00.000Z,USA,Nevada Power Company,US-NW-NEVP,455.0,561.0,,7.0,,True,TIME_SLICER_AVERAGE
2025-12-03T04:00:00.000Z,USA,Nevada Power Company,US-NW-NEVP,450.0,557.0,,6.0,,True,TIME_SLICER_AVERAGE
2025-12-03T05:00:00.000Z,USA,Nevada Power Company,US-NW-NEVP,448.0,555.0,,7.0,,False,
2025-12-03T06:00:00.000Z,USA,Nevada Power Company,US-NW-NEVP,460.0,568.0,,6.0,,False,
2025-12-03T07:00:00.000Z,USA,Nevada Power Company,US-NW-NEVP,475.0,585.0,,4.0,,False,
2025-12-03T08:00:00.000Z,USA,Nevada Power Company,US-NW-NEVP,471.0,580.0,,5.0,,False,
2025-12-03T09:00:00.000Z,USA,Nevada Power Company,US-NW-NEVP,471.0,579.0,,5.0,,False,
2025-12-03T10:00:00.000Z,USA,Nevada Power Company,US-NW-NEVP,466.0,575.0,,5.0,,False,
2025-12-03T11:00:00.000Z,USA,Nevada Power Company,US-NW-NEVP,471.0,580.0,,5.0,,False,
2025-12-03T12:00:00.000Z,USA,Nevada Power Company,US-NW-NEVP,476.0,585.0,,5.0,,False,
2025-12-03T13:00:00.000Z,USA,Nevada Power Company,US-NW-NEVP,465.0,573.0,,6.0,,False,
2025-12-03T14:00:00.000Z,USA,Nevada Power Company,US-NW-NEVP,445.0,551.0,,8.0,,False,
2025-12-03T15:00:00.000Z,USA,Nevada Power Company,US-NW-NEVP,390.0,485.0,,21.0,,False,
2025-12-03T16:00:00.000Z,USA,Nevada Power Company,US-NW-NEVP,302.0,378.0,,42.0,,False,
2025-12-03T17:00:00.000Z,USA,Nevada Power Company,US-NW-NEVP,312.0,391.0,,39.0,,True,TIME_SLICER_AVERAGE
2025-12-03T18:00:00.000Z,USA,Nevada Power Company,US-NW-NEVP,321.0,402.0,,38.0,,True,TIME_SLICER_AVERAGE
2025-12-03T19:00:00.000Z,USA,Nevada Power Company,US-NW-NEVP,332.0,414.0,,36.0,,True,TIME_SLICER_AVERAGE
2025-12-03T20:00:00.000Z,USA,Nevada Power Company,US-NW-NEVP,339.0,422.0,,35.0,,True,TIME_SLICER_AVERAGE
2025-12-03T21:00:00.000Z,USA,Nevada Power Company,US-NW-NEVP,350.0,436.0,,32.0,,True,TIME_SLICER_AVERAGE
2025-12-03T22:00:00.000Z,USA,Nevada Power Company,US-NW-NEVP,371.0,460.0,,28.0,,True,TIME_SLICER_AVERAGE
2025-12-03T23:00:00.000Z,USA,Nevada Power Company,US-NW-NEVP,372.0,462.0,,26.0,,False,
2025-12-04T00:00:00.000Z,USA,Nevada Power Company,US-NW-NEVP,384.0,478.0,,22.0,,True,TIME_SLICER_AVERAGE
2025-12-04T01:00:00.000Z,USA,Nevada Power Company,US-NW-NEVP,449.0,555.0,,8.0,,True,TIME_SLICER_AVERAGE
2025-12-04T02:00:00.000Z,USA,Nevada Power Company,US-NW-NEVP,443.0,550.0,,8.0,,True,TIME_SLICER_AVERAGE
2025-12-04T03:00:00.000Z,USA,Nevada Power Company,US-NW-NEVP,451.0,559.0,,7.0,,True,TIME_SLICER_AVERAGE
2025-12-04T04:00:00.000Z,USA,Nevada Power Company,US-NW-NEVP,458.0,568.0,,5.0,,True,TIME_SLICER_AVERAGE
2025-12-04T05:00:00.000Z,USA,Nevada Power Company,US-NW-NEVP,456.0,567.0,,5.0,,False,
2025-12-04T06:00:00.000Z,USA,Nevada Power Company,US-NW-NEVP,461.0,569.0,,6.0,,False,
2025-12-04T07:00:00.000Z,USA,Nevada Power Company,US-NW-NEVP,478.0,585.0,,5.0,,False,
2025-12-04T08:00:00.000Z,USA,Nevada Power Company,US-NW-NEVP,480.0,588.0,,5.0,,False,
2025-12-04T09:00:00.000Z,USA,Nevada Power Company,US-NW-NEVP,475.0,583.0,,5.0,,False,
2025-12-04T10:00:00.000Z,USA,Nevada Power Company,US-NW-NEVP,473.0,580.0,,6.0,,False,
2025-12-04T11:00:00.000Z,USA,Nevada Power Company,US-NW-NEVP,470.0,577.0,,7.0,,False,
2025-12-04T12:00:00.000Z,USA,Nevada Power Company,US-NW-NEVP,466.0,572.0,,8.0,,False,
2025-12-04T13:00:00.000Z,USA,Nevada Power Company,US-NW-NEVP,461.0,566.0,,9.0,,False,
2025-12-04T14:00:00.000Z,USA,Nevada Power Company,US-NW-NEVP,455.0,559.0,,10.0,,False,
2025-12-04T15:00:00.000Z,USA,Nevada Power Company,US-NW-NEVP,398.0,490.0,,23.0,,False,
2025-12-04T16:00:00.000Z,USA,Nevada Power Company,US-NW-NEVP,370.0,457.0,,29.0,,True,TIME_SLICER_AVERAGE
2025-12-04T17:00:00.000Z,USA,Nevada Power Company,US-NW-NEVP,333.0,411.0,,39.0,,True,TIME_SLICER_AVERAGE
2025-12-04T18:00:00.000Z,USA,Nevada Power Company,US-NW-NEVP,317.0,392.0,,42.0,,True,TIME_SLICER_AVERAGE
2025-12-04T19:00:00.000Z,USA,Nevada Power Company,US-NW-NEVP,303.0,374.0,,46.0,,True,TIME_SLICER_AVERAGE
2025-12-04T20:00:00.000Z,USA,Nevada Power Company,US-NW-NEVP,281.0,346.0,,52.0,,False,
2025-12-04T21:00:00.000Z,USA,Nevada Power Company,US-NW-NEVP,286.0,354.0,,50.0,,True,TIME_SLICER_AVERAGE
2025-12-04T22:00:00.000Z,USA,Nevada Power Company,US-NW-NEVP,291.0,362.0,,47.0,,False,
2025-12-04T23:00:00.000Z,USA,Nevada Power Company,US-NW-NEVP,383.0,473.0,,25.0,,False,
2025-12-05T00:00:00.000Z,USA,Nevada Power Company,US-NW-NEVP,396.0,487.0,,23.0,,True,TIME_SLICER_AVERAGE
2025-12-05T01:00:00.000Z,USA,Nevada Power Company,US-NW-NEVP,456.0,558.0,,11.0,,True,TIME_SLICER_AVERAGE
2025-12-05T02:00:00.000Z,USA,Nevada Power Company,US-NW-NEVP,446.0,547.0,,12.0,,True,TIME_SLICER_AVERAGE
2025-12-05T03:00:00.000Z,USA,Nevada Power Company,US-NW-NEVP,446.0,548.0,,12.0,,True,TIME_SLICER_AVERAGE
2025-12-05T04:00:00.000Z,USA,Nevada Power Company,US-NW-NEVP,446.0,550.0,,10.0,,True,TIME_SLICER_AVERAGE
2025-12-05T05:00:00.000Z,USA,Nevada Power Company,US-NW-NEVP,445.0,550.0,,9.0,,False,
2025-12-05T06:00:00.000Z,USA,Nevada Power Company,US-NW-NEVP,450.0,554.0,,9.0,,False,
2025-12-05T07:00:00.000Z,USA,Nevada Power Company,US-NW-NEVP,461.0,565.0,,9.0,,False,
2025-12-05T08:00:00.000Z,USA,Nevada Power Company,US-NW-NEVP,453.0,555.0,,11.0,,False,
2025-12-05T09:00:00.000Z,USA,Nevada Power Company,US-NW-NEVP,457.0,559.0,,10.0,,False,
2025-12-05T10:00:00.000Z,USA,Nevada Power Company,US-NW-NEVP,457.0,559.0,,10.0,,False,
2025-12-05T11:00:00.000Z,USA,Nevada Power Company,US-NW-NEVP,459.0,562.0,,10.0,,False,
2025-12-05T12:00:00.000Z,USA,Nevada Power Company,US-NW-NEVP,460.0,563.0,,10.0,,False,
2025-12-05T13:00:00.000Z,USA,Nevada Power Company,US-NW-NEVP,462.0,565.0,,9.0,,False,
2025-12-05T14:00:00.000Z,USA,Nevada Power Company,US-NW-NEVP,457.0,562.0,,9.0,,False,
2025-12-05T15:00:00.000Z,USA,Nevada Power Company,US-NW-NEVP,402.0,496.0,,21.0,,False,
2025-12-05T16:00:00.000Z,USA,Nevada Power Company,US-NW-NEVP,346.0,430.0,,34.0,,True,TIME_SLICER_AVERAGE
2025-12-05T17:00:00.000Z,USA,Nevada Power Company,US-NW-NEVP,291.0,363.0,,46.0,,False,
2025-12-05T18:00:00.000Z,USA,Nevada Power Company,US-NW-NEVP,297.0,370.0,,46.0,,True,TIME_SLICER_AVERAGE
2025-12-05T19:00:00.000Z,USA,Nevada Power Company,US-NW-NEVP,302.0,374.0,,45.0,,False,
2025-12-05T20:00:00.000Z,USA,Nevada Power Company,US-NW-NEVP,298.0,371.0,,45.0,,False,
2025-12-05T21:00:00.000Z,USA,Nevada Power Company,US-NW-NEVP,289.0,362.0,,46.0,,False,
2025-12-05T22:00:00.000Z,USA,Nevada Power Company,US-NW-NEVP,306.0,383.0,,42.0,,False,
2025-12-05T23:00:00.000Z,USA,Nevada Power Company,US-NW-NEVP,380.0,472.0,,23.0,,False,
2025-12-06T00:00:00.000Z,USA,Nevada Power Company,US-NW-NEVP,381.0,471.0,,23.0,,True,TIME_SLICER_AVERAGE
2025-12-06T01:00:00.000Z,USA,Nevada Power Company,US-NW-NEVP,424.0,519.0,,16.0,,True,TIME_SLICER_AVERAGE
2025-12-06T02:00:00.000Z,USA,Nevada Power Company,US-NW-NEVP,408.0,503.0,,17.0,,True,TIME_SLICER_AVERAGE
2025-12-06T03:00:00.000Z,USA,Nevada Power Company,US-NW-NEVP,409.0,504.0,,17.0,,True,TIME_SLICER_AVERAGE
2025-12-06T04:00:00.000Z,USA,Nevada Power Company,US-NW-NEVP,409.0,503.0,,17.0,,True,TIME_SLICER_AVERAGE
2025-12-06T05:00:00.000Z,USA,Nevada Power Company,US-NW-NEVP,401.0,492.0,,19.0,,False,
2025-12-06T06:00:00.000Z,USA,Nevada Power Company,US-NW-NEVP,420.0,513.0,,17.0,,False,
2025-12-06T07:00:00.000Z,USA,Nevada Power Company,US-NW-NEVP,415.0,507.0,,19.0,,False,
2025-12-06T08:00:00.000Z,USA,Nevada Power Company,US-NW-NEVP,418.0,510.0,,19.0,,False,
2025-12-06T09:00:00.000Z,USA,Nevada Power Company,US-NW-NEVP,418.0,509.0,,19.0,,False,
2025-12-06T10:00:00.000Z,USA,Nevada Power Company,US-NW-NEVP,419.0,511.0,,19.0,,False,
2025-12-06T11:00:00.000Z,USA,Nevada Power Company,US-NW-NEVP,421.0,513.0,,19.0,,False,
2025-12-06T12:00:00.000Z,USA,Nevada Power Company,US-NW-NEVP,424.0,516.0,,19.0,,False,
2025-12-06T13:00:00.000Z,USA,Nevada Power Company,US-NW-NEVP,424.0,516.0,,19.0,,False,
2025-12-06T14:00:00.000Z,USA,Nevada Power Company,US-NW-NEVP,429.0,523.0,,17.0,,False,
2025-12-06T15:00:00.000Z,USA,Nevada Power Company,US-NW-NEVP,377.0,459.0,,29.0,,False,
2025-12-06T16:00:00.000Z,USA,Nevada Power Company,US-NW-NEVP,296.0,362.0,,47.0,,False,
2025-12-06T17:00:00.000Z,USA,Nevada Power Company,US-NW-NEVP,279.0,342.0,,51.0,,False,
2025-12-06T18:00:00.000Z,USA,Nevada Power Company,US-NW-NEVP,288.0,354.0,,48.0,,False,
2025-12-06T19:00:00.000Z,USA,Nevada Power Company,US-NW-NEVP,283.0,348.0,,49.0,,False,
2025-12-06T20:00:00.000Z,USA,Nevada Power Company,US-NW-NEVP,277.0,340.0,,51.0,,False,
2025-12-06T21:00:00.000Z,USA,Nevada Power Company,US-NW-NEVP,271.0,333.0,,53.0,,False,
2025-12-06T22:00:00.000Z,USA,Nevada Power Company,US-NW-NEVP,280.0,345.0,,49.0,,False,
2025-12-06T23:00:00.000Z,USA,Nevada Power Company,US-NW-NEVP,292.0,361.0,,45.0,,True,TIME_SLICER_AVERAGE
2025-12-07T00:00:00.000Z,USA,Nevada Power Company,US-NW-NEVP,303.0,376.0,,42.0,,True,TIME_SLICER_AVERAGE
2025-12-07T01:00:00.000Z,USA,Nevada Power Company,US-NW-NEVP,431.0,527.0,,15.0,,True,TIME_SLICER_AVERAGE
2025-12-07T02:00:00.000Z,USA,Nevada Power Company,US-NW-NEVP,412.0,508.0,,14.0,,False,
2025-12-07T03:00:00.000Z,USA,Nevada Power Company,US-NW-NEVP,405.0,501.0,,15.0,,False,
2025-12-07T04:00:00.000Z,USA,Nevada Power Company,US-NW-NEVP,410.0,506.0,,13.0,,False,
2025-12-07T05:00:00.000Z,USA,Nevada Power Company,US-NW-NEVP,430.0,529.0,,12.0,,False,
2025-12-07T06:00:00.000Z,USA,Nevada Power Company,US-NW-NEVP,433.0,531.0,,12.0,,False,
2025-12-07T07:00:00.000Z,USA,Nevada Power Company,US-NW-NEVP,432.0,531.0,,13.0,,False,
2025-12-07T08:00:00.000Z,USA,Nevada Power Company,US-NW-NEVP,429.0,528.0,,13.0,,False,
2025-12-07T09:00:00.000Z,USA,Nevada Power Company,US-NW-NEVP,427.0,526.0,,13.0,,False,
2025-12-07T10:00:00.000Z,USA,Nevada Power Company,US-NW-NEVP,426.0,525.0,,13.0,,False,
2025-12-07T11:00:00.000Z,USA,Nevada Power Company,US-NW-NEVP,411.0,509.0,,14.0,,False,
2025-12-07T12:00:00.000Z,USA,Nevada Power Company,US-NW-NEVP,423.0,522.0,,14.0,,False,
2025-12-07T13:00:00.000Z,USA,Nevada Power Company,US-NW-NEVP,423.0,520.0,,14.0,,False,
2025-12-07T14:00:00.000Z,USA,Nevada Power Company,US-NW-NEVP,431.0,528.0,,14.0,,False,
2025-12-07T15:00:00.000Z,USA,Nevada Power Company,US-NW-NEVP,383.0,470.0,,25.0,,False,
2025-12-07T16:00:00.000Z,USA,Nevada Power Company,US-NW-NEVP,283.0,348.0,,49.0,,False,
2025-12-07T17:00:00.000Z,USA,Nevada Power Company,US-NW-NEVP,439.0,522.0,,22.0,,False,
2025-12-07T18:00:00.000Z,USA,Nevada Power Company,US-NW-NEVP,439.0,524.0,,21.0,,False,
2025-12-07T19:00:00.000Z,USA,Nevada Power Company,US-NW-NEVP,291.0,358.0,,48.0,,False,
2025-12-07T20:00:00.000Z,USA,Nevada Power Company,US-NW-NEVP,281.0,347.0,,50.0,,False,
2025-12-07T21:00:00.000Z,USA,Nevada Power Company,US-NW-NEVP,274.0,340.0,,50.0,,False,
2025-12-07T22:00:00.000Z,USA,Nevada Power Company,US-NW-NEVP,283.0,350.0,,48.0,,False,
2025-12-07T23:00:00.000Z,USA,Nevada Power Company,US-NW-NEVP,373.0,460.0,,25.0,,False,
2025-12-08T00:00:00.000Z,USA,Nevada Power Company,US-NW-NEVP,427.0,522.0,,14.0,,False,
2025-12-08T01:00:00.000Z,USA,Nevada Power Company,US-NW-NEVP,416.0,509.0,,16.0,,False,
2025-12-08T02:00:00.000Z,USA,Nevada Power Company,US-NW-NEVP,410.0,503.0,,17.0,,True,TIME_SLICER_AVERAGE
2025-12-08T03:00:00.000Z,USA,Nevada Power Company,US-NW-NEVP,403.0,495.0,,18.0,,True,TIME_SLICER_AVERAGE
2025-12-08T04:00:00.000Z,USA,Nevada Power Company,US-NW-NEVP,407.0,500.0,,17.0,,True,TIME_SLICER_AVERAGE
2025-12-08T05:00:00.000Z,USA,Nevada Power Company,US-NW-NEVP,421.0,514.0,,17.0,,False,
2025-12-08T06:00:00.000Z,USA,Nevada Power Company,US-NW-NEVP,410.0,503.0,,18.0,,False,
2025-12-08T07:00:00.000Z,USA,Nevada Power Company,US-NW-NEVP,451.0,524.0,,30.0,,False,
2025-12-08T08:00:00.000Z,USA,Nevada Power Company,US-NW-NEVP,466.0,538.0,,30.0,,False,
2025-12-08T09:00:00.000Z,USA,Nevada Power Company,US-NW-NEVP,465.0,537.0,,30.0,,False,
2025-12-08T10:00:00.000Z,USA,Nevada Power Company,US-NW-NEVP,462.0,533.0,,31.0,,False,
2025-12-08T11:00:00.000Z,USA,Nevada Power Company,US-NW-NEVP,462.0,533.0,,31.0,,False,
2025-12-08T12:00:00.000Z,USA,Nevada Power Company,US-NW-NEVP,458.0,528.0,,31.0,,False,
2025-12-08T13:00:00.000Z,USA,Nevada Power Company,US-NW-NEVP,462.0,535.0,,30.0,,False,
2025-12-08T14:00:00.000Z,USA,Nevada Power Company,US-NW-NEVP,466.0,540.0,,29.0,,False,
2025-12-08T15:00:00.000Z,USA,Nevada Power Company,US-NW-NEVP,371.0,433.0,,44.0,,False,
2025-12-08T16:00:00.000Z,USA,Nevada Power Company,US-NW-NEVP,254.0,305.0,,62.0,,False,
2025-12-08T17:00:00.000Z,USA,Nevada Power Company,US-NW-NEVP,250.0,300.0,,63.0,,True,TIME_SLICER_AVERAGE
2025-12-08T18:00:00.000Z,USA,Nevada Power Company,US-NW-NEVP,249.0,300.0,,63.0,,True,TIME_SLICER_AVERAGE
2025-12-08T19:00:00.000Z,USA,Nevada Power Company,US-NW-NEVP,247.0,297.0,,65.0,,True,TIME_SLICER_AVERAGE
2025-12-08T20:00:00.000Z,USA,Nevada Power Company,US-NW-NEVP,247.0,297.0,,64.0,,False,
2025-12-08T21:00:00.000Z,USA,Nevada Power Company,US-NW-NEVP,235.0,284.0,,67.0,,False,
2025-12-08T22:00:00.000Z,USA,Nevada Power Company,US-NW-NEVP,239.0,288.0,,66.0,,False,
2025-12-08T23:00:00.000Z,USA,Nevada Power Company,US-NW-NEVP,335.0,396.0,,49.0,,False,
2025-12-09T00:00:00.000Z,USA,Nevada Power Company,US-NW-NEVP,335.0,395.0,,47.0,,False,
2025-12-09T01:00:00.000Z,USA,Nevada Power Company,US-NW-NEVP,438.0,508.0,,33.0,,False,
2025-12-09T02:00:00.000Z,USA,Nevada Power Company,US-NW-NEVP,444.0,515.0,,32.0,,False,
2025-12-09T03:00:00.000Z,USA,Nevada Power Company,US-NW-NEVP,409.0,503.0,,17.0,,False,
2025-12-09T04:00:00.000Z,USA,Nevada Power Company,US-NW-NEVP,412.0,505.0,,17.0,,False,
2025-12-09T05:00:00.000Z,USA,Nevada Power Company,US-NW-NEVP,402.0,493.0,,18.0,,False,
2025-12-09T06:00:00.000Z,USA,Nevada Power Company,US-NW-NEVP,397.0,487.0,,19.0,,False,
2025-12-09T07:00:00.000Z,USA,Nevada Power Company,US-NW-NEVP,391.0,481.0,,20.0,,False,
2025-12-09T08:00:00.000Z,USA,Nevada Power Company,US-NW-NEVP,415.0,507.0,,18.0,,False,
2025-12-09T09:00:00.000Z,USA,Nevada Power Company,US-NW-NEVP,415.0,507.0,,18.0,,False,
2025-12-09T10:00:00.000Z,USA,Nevada Power Company,US-NW-NEVP,417.0,509.0,,17.0,,False,
2025-12-09T11:00:00.000Z,USA,Nevada Power Company,US-NW-NEVP,420.0,513.0,,17.0,,False,
2025-12-09T12:00:00.000Z,USA,Nevada Power Company,US-NW-NEVP,423.0,516.0,,16.0,,False,
2025-12-09T13:00:00.000Z,USA,Nevada Power Company,US-NW-NEVP,424.0,517.0,,17.0,,False,
2025-12-09T14:00:00.000Z,USA,Nevada Power Company,US-NW-NEVP,412.0,505.0,,17.0,,False,
2025-12-09T15:00:00.000Z,USA,Nevada Power Company,US-NW-NEVP,421.0,515.0,,15.0,,False,
2025-12-09T16:00:00.000Z,USA,Nevada Power Company,US-NW-NEVP,441.0,532.0,,16.0,,False,
2025-12-09T17:00:00.000Z,USA,Nevada Power Company,US-NW-NEVP,443.0,531.0,,18.0,,False,
2025-12-09T18:00:00.000Z,USA,Nevada Power Company,US-NW-NEVP,447.0,535.0,,18.0,,False,
2025-12-09T19:00:00.000Z,USA,Nevada Power Company,US-NW-NEVP,442.0,527.0,,20.0,,False,
2025-12-09T20:00:00.000Z,USA,Nevada Power Company,US-NW-NEVP,434.0,519.0,,22.0,,False,
2025-12-09T21:00:00.000Z,USA,Nevada Power Company,US-NW-NEVP,445.0,528.0,,22.0,,False,
2025-12-09T22:00:00.000Z,USA,Nevada Power Company,US-NW-NEVP,439.0,525.0,,21.0,,False,
2025-12-09T23:00:00.000Z,USA,Nevada Power Company,US-NW-NEVP,421.0,512.0,,17.0,,False,
2025-12-10T00:00:00.000Z,USA,Nevada Power Company,US-NW-NEVP,416.0,509.0,,16.0,,False,
2025-12-10T01:00:00.000Z,USA,Nevada Power Company,US-NW-NEVP,423.0,517.0,,15.0,,False,
2025-12-10T02:00:00.000Z,USA,Nevada Power Company,US-NW-NEVP,425.0,520.0,,14.0,,False,
2025-12-10T03:00:00.000Z,USA,Nevada Power Company,US-NW-NEVP,435.0,530.0,,14.0,,True,TIME_SLICER_AVERAGE
2025-12-10T04:00:00.000Z,USA,Nevada Power Company,US-NW-NEVP,432.0,526.0,,14.0,,True,TIME_SLICER_AVERAGE
2025-12-10T05:00:00.000Z,USA,Nevada Power Company,US-NW-NEVP,438.0,533.0,,14.0,,False,
2025-12-10T06:00:00.000Z,USA,Nevada Power Company,US-NW-NEVP,439.0,533.0,,16.0,,False,
2025-12-10T07:00:00.000Z,USA,Nevada Power Company,US-NW-NEVP,452.0,550.0,,13.0,,False,
2025-12-10T08:00:00.000Z,USA,Nevada Power Company,US-NW-NEVP,437.0,534.0,,15.0,,False,
2025-12-10T09:00:00.000Z,USA,Nevada Power Company,US-NW-NEVP,429.0,525.0,,15.0,,False,
2025-12-10T10:00:00.000Z,USA,Nevada Power Company,US-NW-NEVP,428.0,524.0,,16.0,,False,
2025-12-10T11:00:00.000Z,USA,Nevada Power Company,US-NW-NEVP,424.0,520.0,,16.0,,False,
2025-12-10T12:00:00.000Z,USA,Nevada Power Company,US-NW-NEVP,428.0,524.0,,16.0,,False,
2025-12-10T13:00:00.000Z,USA,Nevada Power Company,US-NW-NEVP,429.0,525.0,,16.0,,False,
2025-12-10T14:00:00.000Z,USA,Nevada Power Company,US-NW-NEVP,428.0,525.0,,16.0,,False,
2025-12-10T15:00:00.000Z,USA,Nevada Power Company,US-NW-NEVP,383.0,469.0,,26.0,,False,
2025-12-10T16:00:00.000Z,USA,Nevada Power Company,US-NW-NEVP,292.0,363.0,,45.0,,False,
2025-12-10T17:00:00.000Z,USA,Nevada Power Company,US-NW-NEVP,271.0,337.0,,50.0,,False,
2025-12-10T18:00:00.000Z,USA,Nevada Power Company,US-NW-NEVP,275.0,341.0,,50.0,,False,
2025-12-10T19:00:00.000Z,USA,Nevada Power Company,US-NW-NEVP,281.0,347.0,,49.0,,False,
2025-12-10T20:00:00.000Z,USA,Nevada Power Company,US-NW-NEVP,282.0,349.0,,48.0,,False,
2025-12-10T21:00:00.000Z,USA,Nevada Power Company,US-NW-NEVP,272.0,337.0,,50.0,,False,
2025-12-10T22:00:00.000Z,USA,Nevada Power Company,US-NW-NEVP,281.0,349.0,,48.0,,False,
2025-12-10T23:00:00.000Z,USA,Nevada Power Company,US-NW-NEVP,361.0,446.0,,28.0,,False,
2025-12-11T00:00:00.000Z,USA,Nevada Power Company,US-NW-NEVP,371.0,457.0,,27.0,,True,TIME_SLICER_AVERAGE
2025-12-11T01:00:00.000Z,USA,Nevada Power Company,US-NW-NEVP,416.0,509.0,,18.0,,True,TIME_SLICER_AVERAGE
2025-12-11T02:00:00.000Z,USA,Nevada Power Company,US-NW-NEVP,403.0,495.0,,19.0,,True,TIME_SLICER_AVERAGE
2025-12-11T03:00:00.000Z,USA,Nevada Power Company,US-NW-NEVP,408.0,502.0,,19.0,,True,TIME_SLICER_AVERAGE
2025-12-11T04:00:00.000Z,USA,Nevada Power Company,US-NW-NEVP,407.0,501.0,,18.0,,True,TIME_SLICER_AVERAGE
2025-12-11T05:00:00.000Z,USA,Nevada Power Company,US-NW-NEVP,401.0,494.0,,19.0,,False,
2025-12-11T06:00:00.000Z,USA,Nevada Power Company,US-NW-NEVP,406.0,499.0,,18.0,,False,
2025-12-11T07:00:00.000Z,USA,Nevada Power Company,US-NW-NEVP,426.0,523.0,,15.0,,False,
2025-12-11T08:00:00.000Z,USA,Nevada Power Company,US-NW-NEVP,417.0,511.0,,16.0,,False,
2025-12-11T09:00:00.000Z,USA,Nevada Power Company,US-NW-NEVP,418.0,513.0,,17.0,,False,
2025-12-11T10:00:00.000Z,USA,Nevada Power Company,US-NW-NEVP,418.0,514.0,,16.0,,False,
2025-12-11T11:00:00.000Z,USA,Nevada Power Company,US-NW-NEVP,419.0,515.0,,16.0,,False,
2025-12-11T12:00:00.000Z,USA,Nevada Power Company,US-NW-NEVP,419.0,514.0,,16.0,,False,
2025-12-11T13:00:00.000Z,USA,Nevada Power Company,US-NW-NEVP,419.0,515.0,,16.0,,False,
2025-12-11T14:00:00.000Z,USA,Nevada Power Company,US-NW-NEVP,398.0,490.0,,21.0,,True,TIME_SLICER_AVERAGE
2025-12-11T15:00:00.000Z,USA,Nevada Power Company,US-NW-NEVP,386.0,474.0,,25.0,,False,
2025-12-11T16:00:00.000Z,USA,Nevada Power Company,US-NW-NEVP,289.0,359.0,,46.0,,False,
2025-12-11T17:00:00.000Z,USA,Nevada Power Company,US-NW-NEVP,261.0,327.0,,51.0,,False,
2025-12-11T18:00:00.000Z,USA,Nevada Power Company,US-NW-NEVP,261.0,327.0,,50.0,,False,
2025-12-11T19:00:00.000Z,USA,Nevada Power Company,US-NW-NEVP,260.0,326.0,,50.0,,False,
2025-12-11T20:00:00.000Z,USA,Nevada Power Company,US-NW-NEVP,257.0,321.0,,51.0,,False,
2025-12-11T21:00:00.000Z,USA,Nevada Power Company,US-NW-NEVP,250.0,313.0,,54.0,,False,
2025-12-11T22:00:00.000Z,USA,Nevada Power Company,US-NW-NEVP,263.0,328.0,,51.0,,False,
2025-12-11T23:00:00.000Z,USA,Nevada Power Company,US-NW-NEVP,350.0,432.0,,31.0,,False,
2025-12-12T00:00:00.000Z,USA,Nevada Power Company,US-NW-NEVP,361.0,444.0,,29.0,,True,TIME_SLICER_AVERAGE
2025-12-12T01:00:00.000Z,USA,Nevada Power Company,US-NW-NEVP,404.0,495.0,,21.0,,True,TIME_SLICER_AVERAGE
2025-12-12T02:00:00.000Z,USA,Nevada Power Company,US-NW-NEVP,402.0,493.0,,20.0,,True,TIME_SLICER_AVERAGE
2025-12-12T03:00:00.000Z,USA,Nevada Power Company,US-NW-NEVP,409.0,501.0,,20.0,,True,TIME_SLICER_AVERAGE
2025-12-12T04:00:00.000Z,USA,Nevada Power Company,US-NW-NEVP,409.0,503.0,,18.0,,True,TIME_SLICER_AVERAGE
2025-12-12T05:00:00.000Z,USA,Nevada Power Company,US-NW-NEVP,408.0,502.0,,18.0,,False,
2025-12-12T06:00:00.000Z,USA,Nevada Power Company,US-NW-NEVP,413.0,506.0,,18.0,,False,
2025-12-12T07:00:00.000Z,USA,Nevada Power Company,US-NW-NEVP,433.0,531.0,,14.0,,False,
2025-12-12T08:00:00.000Z,USA,Nevada Power Company,US-NW-NEVP,429.0,528.0,,14.0,,False,
2025-12-12T09:00:00.000Z,USA,Nevada Power Company,US-NW-NEVP,428.0,526.0,,15.0,,False,
2025-12-12T10:00:00.000Z,USA,Nevada Power Company,US-NW-NEVP,426.0,523.0,,15.0,,False,
2025-12-12T11:00:00.000Z,USA,Nevada Power Company,US-NW-NEVP,425.0,523.0,,15.0,,False,
2025-12-12T12:00:00.000Z,USA,Nevada Power Company,US-NW-NEVP,420.0,518.0,,15.0,,False,
2025-12-12T13:00:00.000Z,USA,Nevada Power Company,US-NW-NEVP,421.0,519.0,,15.0,,True,TIME_SLICER_AVERAGE
2025-12-12T14:00:00.000Z,USA,Nevada Power Company,US-NW-NEVP,381.0,472.0,,23.0,,True,TIME_SLICER_AVERAGE
2025-12-12T15:00:00.000Z,USA,Nevada Power Company,US-NW-NEVP,374.0,463.0,,25.0,,False,
2025-12-12T16:00:00.000Z,USA,Nevada Power Company,US-NW-NEVP,285.0,357.0,,45.0,,False,
2025-12-12T17:00:00.000Z,USA,Nevada Power Company,US-NW-NEVP,259.0,324.0,,52.0,,False,
2025-12-12T18:00:00.000Z,USA,Nevada Power Company,US-NW-NEVP,263.0,330.0,,50.0,,False,
2025-12-12T19:00:00.000Z,USA,Nevada Power Company,US-NW-NEVP,268.0,335.0,,50.0,,False,
2025-12-12T20:00:00.000Z,USA,Nevada Power Company,US-NW-NEVP,264.0,331.0,,51.0,,False,
2025-12-12T21:00:00.000Z,USA,Nevada Power Company,US-NW-NEVP,260.0,327.0,,51.0,,False,
2025-12-12T22:00:00.000Z,USA,Nevada Power Company,US-NW-NEVP,266.0,334.0,,49.0,,False,
2025-12-12T23:00:00.000Z,USA,Nevada Power Company,US-NW-NEVP,351.0,437.0,,29.0,,False,
2025-12-13T00:00:00.000Z,USA,Nevada Power Company,US-NW-NEVP,356.0,441.0,,29.0,,True,TIME_SLICER_AVERAGE
2025-12-13T01:00:00.000Z,USA,Nevada Power Company,US-NW-NEVP,401.0,493.0,,20.0,,True,TIME_SLICER_AVERAGE
2025-12-13T02:00:00.000Z,USA,Nevada Power Company,US-NW-NEVP,375.0,463.0,,24.0,,True,TIME_SLICER_AVERAGE
2025-12-13T03:00:00.000Z,USA,Nevada Power Company,US-NW-NEVP,385.0,475.0,,22.0,,True,TIME_SLICER_AVERAGE
2025-12-13T04:00:00.000Z,USA,Nevada Power Company,US-NW-NEVP,389.0,478.0,,23.0,,True,TIME_SLICER_AVERAGE
2025-12-13T05:00:00.000Z,USA,Nevada Power Company,US-NW-NEVP,384.0,472.0,,24.0,,False,
2025-12-13T06:00:00.000Z,USA,Nevada Power Company,US-NW-NEVP,389.0,476.0,,24.0,,False,
2025-12-13T07:00:00.000Z,USA,Nevada Power Company,US-NW-NEVP,411.0,502.0,,20.0,,False,
2025-12-13T08:00:00.000Z,USA,Nevada Power Company,US-NW-NEVP,416.0,510.0,,18.0,,False,
2025-12-13T09:00:00.000Z,USA,Nevada Power Company,US-NW-NEVP,415.0,509.0,,18.0,,False,
2025-12-13T10:00:00.000Z,USA,Nevada Power Company,US-NW-NEVP,418.0,513.0,,17.0,,True,TIME_SLICER_AVERAGE
2025-12-13T11:00:00.000Z,USA,Nevada Power Company,US-NW-NEVP,418.0,514.0,,17.0,,False,
2025-12-13T12:00:00.000Z,USA,Nevada Power Company,US-NW-NEVP,419.0,514.0,,17.0,,False,
2025-12-13T13:00:00.000Z,USA,Nevada Power Company,US-NW-NEVP,419.0,512.0,,18.0,,False,
2025-12-13T14:00:00.000Z,USA,Nevada Power Company,US-NW-NEVP,422.0,515.0,,18.0,,False,
2025-12-13T15:00:00.000Z,USA,Nevada Power Company,US-NW-NEVP,373.0,457.0,,28.0,,False,
2025-12-13T16:00:00.000Z,USA,Nevada Power Company,US-NW-NEVP,275.0,343.0,,48.0,,False,
2025-12-13T17:00:00.000Z,USA,Nevada Power Company,US-NW-NEVP,257.0,321.0,,52.0,,False,
2025-12-13T18:00:00.000Z,USA,Nevada Power Company,US-NW-NEVP,265.0,330.0,,50.0,,False,
2025-12-13T19:00:00.000Z,USA,Nevada Power Company,US-NW-NEVP,275.0,342.0,,49.0,,False,
2025-12-13T20:00:00.000Z,USA,Nevada Power Company,US-NW-NEVP,272.0,338.0,,49.0,,False,
2025-12-13T21:00:00.000Z,USA,Nevada Power Company,US-NW-NEVP,264.0,330.0,,50.0,,False,
2025-12-13T22:00:00.000Z,USA,Nevada Power Company,US-NW-NEVP,270.0,339.0,,47.0,,False,
2025-12-13T23:00:00.000Z,USA,Nevada Power Company,US-NW-NEVP,347.0,432.0,,30.0,,False,
2025-12-14T00:00:00.000Z,USA,Nevada Power Company,US-NW-NEVP,343.0,427.0,,30.0,,True,TIME_SLICER_AVERAGE
2025-12-14T01:00:00.000Z,USA,Nevada Power Company,US-NW-NEVP,412.0,507.0,,17.0,,True,TIME_SLICER_AVERAGE
2025-12-14T02:00:00.000Z,USA,Nevada Power Company,US-NW-NEVP,406.0,502.0,,16.0,,False,
2025-12-14T03:00:00.000Z,USA,Nevada Power Company,US-NW-NEVP,407.0,503.0,,16.0,,False,
2025-12-14T04:00:00.000Z,USA,Nevada Power Company,US-NW-NEVP,408.0,505.0,,16.0,,False,
2025-12-14T05:00:00.000Z,USA,Nevada Power Company,US-NW-NEVP,413.0,509.0,,15.0,,False,
2025-12-14T06:00:00.000Z,USA,Nevada Power Company,US-NW-NEVP,416.0,511.0,,16.0,,False,
2025-12-14T07:00:00.000Z,USA,Nevada Power Company,US-NW-NEVP,429.0,527.0,,15.0,,False,
2025-12-14T08:00:00.000Z,USA,Nevada Power Company,US-NW-NEVP,422.0,518.0,,17.0,,False,
2025-12-14T09:00:00.000Z,USA,Nevada Power Company,US-NW-NEVP,420.0,515.0,,17.0,,False,
2025-12-14T10:00:00.000Z,USA,Nevada Power Company,US-NW-NEVP,420.0,515.0,,17.0,,False,
2025-12-14T11:00:00.000Z,USA,Nevada Power Company,US-NW-NEVP,417.0,509.0,,19.0,,False,
2025-12-14T12:00:00.000Z,USA,Nevada Power Company,US-NW-NEVP,406.0,497.0,,19.0,,False,
2025-12-14T13:00:00.000Z,USA,Nevada Power Company,US-NW-NEVP,422.0,513.0,,19.0,,False,
2025-12-14T14:00:00.000Z,USA,Nevada Power Company,US-NW-NEVP,429.0,521.0,,18.0,,False,
2025-12-14T15:00:00.000Z,USA,Nevada Power Company,US-NW-NEVP,399.0,487.0,,23.0,,False,
2025-12-14T16:00:00.000Z,USA,Nevada Power Company,US-NW-NEVP,347.0,429.0,,33.0,,False,
2025-12-14T17:00:00.000Z,USA,Nevada Power Company,US-NW-NEVP,292.0,362.0,,46.0,,False,
2025-12-14T18:00:00.000Z,USA,Nevada Power Company,US-NW-NEVP,302.0,374.0,,44.0,,False,
2025-12-14T19:00:00.000Z,USA,Nevada Power Company,US-NW-NEVP,301.0,374.0,,43.0,,False,
2025-12-14T20:00:00.000Z,USA,Nevada Power Company,US-NW-NEVP,295.0,368.0,,43.0,,False,
2025-12-14T21:00:00.000Z,USA,Nevada Power Company,US-NW-NEVP,270.0,339.0,,48.0,,False,
2025-12-14T22:00:00.000Z,USA,Nevada Power Company,US-NW-NEVP,275.0,346.0,,46.0,,False,
2025-12-14T23:00:00.000Z,USA,Nevada Power Company,US-NW-NEVP,364.0,449.0,,28.0,,False,
2025-12-15T00:00:00.000Z,USA,Nevada Power Company,US-NW-NEVP,417.0,506.0,,19.0,,False,
2025-12-15T01:00:00.000Z,USA,Nevada Power Company,US-NW-NEVP,419.0,509.0,,19.0,,False,
2025-12-15T02:00:00.000Z,USA,Nevada Power Company,US-NW-NEVP,414.0,505.0,,18.0,,False,
2025-12-15T03:00:00.000Z,USA,Nevada Power Company,US-NW-NEVP,418.0,511.0,,17.0,,False,
2025-12-15T04:00:00.000Z,USA,Nevada Power Company,US-NW-NEVP,432.0,527.0,,15.0,,False,
2025-12-15T05:00:00.000Z,USA,Nevada Power Company,US-NW-NEVP,429.0,525.0,,16.0,,False,
2025-12-15T06:00:00.000Z,USA,Nevada Power Company,US-NW-NEVP,421.0,516.0,,17.0,,False,
2025-12-15T07:00:00.000Z,USA,Nevada Power Company,US-NW-NEVP,414.0,507.0,,19.0,,False,
2025-12-15T08:00:00.000Z,USA,Nevada Power Company,US-NW-NEVP,429.0,524.0,,16.0,,False,
2025-12-15T09:00:00.000Z,USA,Nevada Power Company,US-NW-NEVP,428.0,523.0,,16.0,,False,
2025-12-15T10:00:00.000Z,USA,Nevada Power Company,US-NW-NEVP,414.0,507.0,,17.0,,False,
2025-12-15T11:00:00.000Z,USA,Nevada Power Company,US-NW-NEVP,422.0,517.0,,16.0,,False,
2025-12-15T12:00:00.000Z,USA,Nevada Power Company,US-NW-NEVP,423.0,518.0,,17.0,,False,
2025-12-15T13:00:00.000Z,USA,Nevada Power Company,US-NW-NEVP,416.0,510.0,,18.0,,False,
2025-12-15T14:00:00.000Z,USA,Nevada Power Company,US-NW-NEVP,412.0,508.0,,17.0,,False,
2025-12-15T15:00:00.000Z,USA,Nevada Power Company,US-NW-NEVP,377.0,463.0,,26.0,,False,
2025-12-15T16:00:00.000Z,USA,Nevada Power Company,US-NW-NEVP,289.0,361.0,,44.0,,False,
2025-12-15T17:00:00.000Z,USA,Nevada Power Company,US-NW-NEVP,261.0,325.0,,51.0,,False,
2025-12-15T18:00:00.000Z,USA,Nevada Power Company,US-NW-NEVP,265.0,329.0,,51.0,,False,
2025-12-15T19:00:00.000Z,USA,Nevada Power Company,US-NW-NEVP,272.0,336.0,,50.0,,False,
2025-12-15T20:00:00.000Z,USA,Nevada Power Company,US-NW-NEVP,270.0,334.0,,51.0,,False,
2025-12-15T21:00:00.000Z,USA,Nevada Power Company,US-NW-NEVP,266.0,330.0,,52.0,,False,
2025-12-15T22:00:00.000Z,USA,Nevada Power Company,US-NW-NEVP,282.0,350.0,,48.0,,False,
2025-12-15T23:00:00.000Z,USA,Nevada Power Company,US-NW-NEVP,353.0,436.0,,31.0,,False,
2025-12-16T00:00:00.000Z,USA,Nevada Power Company,US-NW-NEVP,399.0,492.0,,17.0,,False,
2025-12-16T01:00:00.000Z,USA,Nevada Power Company,US-NW-NEVP,389.0,482.0,,19.0,,False,
2025-12-16T02:00:00.000Z,USA,Nevada Power Company,US-NW-NEVP,395.0,487.0,,19.0,,False,
2025-12-16T03:00:00.000Z,USA,Nevada Power Company,US-NW-NEVP,346.0,442.0,,19.0,,False,
2025-12-16T04:00:00.000Z,USA,Nevada Power Company,US-NW-NEVP,356.0,452.0,,19.0,,False,
2025-12-16T05:00:00.000Z,USA,Nevada Power Company,US-NW-NEVP,355.0,451.0,,18.0,,False,
2025-12-16T06:00:00.000Z,USA,Nevada Power Company,US-NW-NEVP,342.0,414.0,,38.0,,False,
2025-12-16T07:00:00.000Z,USA,Nevada Power Company,US-NW-NEVP,331.0,400.0,,40.0,,False,
2025-12-16T08:00:00.000Z,USA,Nevada Power Company,US-NW-NEVP,333.0,404.0,,40.0,,False,
2025-12-16T09:00:00.000Z,USA,Nevada Power Company,US-NW-NEVP,330.0,400.0,,41.0,,False,
2025-12-16T10:00:00.000Z,USA,Nevada Power Company,US-NW-NEVP,329.0,399.0,,41.0,,False,
2025-12-16T11:00:00.000Z,USA,Nevada Power Company,US-NW-NEVP,341.0,411.0,,40.0,,False,
2025-12-16T12:00:00.000Z,USA,Nevada Power Company,US-NW-NEVP,351.0,421.0,,40.0,,False,
2025-12-16T13:00:00.000Z,USA,Nevada Power Company,US-NW-NEVP,357.0,428.0,,39.0,,False,
2025-12-16T14:00:00.000Z,USA,Nevada Power Company,US-NW-NEVP,334.0,403.0,,41.0,,False,
2025-12-16T15:00:00.000Z,USA,Nevada Power Company,US-NW-NEVP,274.0,335.0,,52.0,,False,
2025-12-16T16:00:00.000Z,USA,Nevada Power Company,US-NW-NEVP,178.0,228.0,,68.0,,False,
2025-12-16T17:00:00.000Z,USA,Nevada Power Company,US-NW-NEVP,162.0,211.0,,70.0,,False,
2025-12-16T18:00:00.000Z,USA,Nevada Power Company,US-NW-NEVP,161.0,209.0,,71.0,,False,
2025-12-16T19:00:00.000Z,USA,Nevada Power Company,US-NW-NEVP,168.0,216.0,,71.0,,False,
2025-12-16T20:00:00.000Z,USA,Nevada Power Company,US-NW-NEVP,173.0,221.0,,70.0,,False,
2025-12-16T21:00:00.000Z,USA,Nevada Power Company,US-NW-NEVP,163.0,210.0,,72.0,,False,
2025-12-16T22:00:00.000Z,USA,Nevada Power Company,US-NW-NEVP,177.0,226.0,,68.0,,False,
2025-12-16T23:00:00.000Z,USA,Nevada Power Company,US-NW-NEVP,261.0,325.0,,50.0,,False,
2025-12-17T00:00:00.000Z,USA,Nevada Power Company,US-NW-NEVP,347.0,443.0,,19.0,,False,
2025-12-17T01:00:00.000Z,USA,Nevada Power Company,US-NW-NEVP,355.0,450.0,,18.0,,False,
2025-12-17T02:00:00.000Z,USA,Nevada Power Company,US-NW-NEVP,357.0,454.0,,18.0,,False,
2025-12-17T03:00:00.000Z,USA,Nevada Power Company,US-NW-NEVP,354.0,450.0,,19.0,,True,TIME_SLICER_AVERAGE
2025-12-17T04:00:00.000Z,USA,Nevada Power Company,US-NW-NEVP,352.0,448.0,,19.0,,True,TIME_SLICER_AVERAGE
2025-12-17T05:00:00.000Z,USA,Nevada Power Company,US-NW-NEVP,392.0,486.0,,19.0,,False,
2025-12-17T06:00:00.000Z,USA,Nevada Power Company,US-NW-NEVP,386.0,479.0,,21.0,,False,
2025-12-17T07:00:00.000Z,USA,Nevada Power Company,US-NW-NEVP,385.0,478.0,,21.0,,False,
2025-12-17T08:00:00.000Z,USA,Nevada Power Company,US-NW-NEVP,399.0,494.0,,19.0,,False,
2025-12-17T09:00:00.000Z,USA,Nevada Power Company,US-NW-NEVP,392.0,486.0,,20.0,,False,
2025-12-17T10:00:00.000Z,USA,Nevada Power Company,US-NW-NEVP,385.0,478.0,,21.0,,False,
2025-12-17T11:00:00.000Z,USA,Nevada Power Company,US-NW-NEVP,414.0,514.0,,14.0,,False,
2025-12-17T12:00:00.000Z,USA,Nevada Power Company,US-NW-NEVP,422.0,521.0,,13.0,,False,
2025-12-17T13:00:00.000Z,USA,Nevada Power Company,US-NW-NEVP,421.0,518.0,,15.0,,False,
2025-12-17T14:00:00.000Z,USA,Nevada Power Company,US-NW-NEVP,383.0,476.0,,22.0,,True,TIME_SLICER_AVERAGE
2025-12-17T15:00:00.000Z,USA,Nevada Power Company,US-NW-NEVP,354.0,441.0,,28.0,,False,
2025-12-17T16:00:00.000Z,USA,Nevada Power Company,US-NW-NEVP,269.0,339.0,,47.0,,False,
2025-12-17T17:00:00.000Z,USA,Nevada Power Company,US-NW-NEVP,253.0,318.0,,52.0,,False,
2025-12-17T18:00:00.000Z,USA,Nevada Power Company,US-NW-NEVP,255.0,321.0,,51.0,,False,
2025-12-17T19:00:00.000Z,USA,Nevada Power Company,US-NW-NEVP,255.0,322.0,,50.0,,False,
2025-12-17T20:00:00.000Z,USA,Nevada Power Company,US-NW-NEVP,252.0,317.0,,52.0,,False,
2025-12-17T21:00:00.000Z,USA,Nevada Power Company,US-NW-NEVP,245.0,310.0,,53.0,,False,
2025-12-17T22:00:00.000Z,USA,Nevada Power Company,US-NW-NEVP,251.0,318.0,,50.0,,False,
2025-12-17T23:00:00.000Z,USA,Nevada Power Company,US-NW-NEVP,319.0,400.0,,34.0,,False,
2025-12-18T00:00:00.000Z,USA,Nevada Power Company,US-NW-NEVP,315.0,396.0,,34.0,,True,TIME_SLICER_AVERAGE
2025-12-18T01:00:00.000Z,USA,Nevada Power Company,US-NW-NEVP,376.0,468.0,,21.0,,True,TIME_SLICER_AVERAGE
2025-12-18T02:00:00.000Z,USA,Nevada Power Company,US-NW-NEVP,373.0,466.0,,19.0,,False,
2025-12-18T03:00:00.000Z,USA,Nevada Power Company,US-NW-NEVP,375.0,468.0,,19.0,,False,
2025-12-18T04:00:00.000Z,USA,Nevada Power Company,US-NW-NEVP,385.0,478.0,,18.0,,False,
2025-12-18T05:00:00.000Z,USA,Nevada Power Company,US-NW-NEVP,386.0,477.0,,19.0,,False,
2025-12-18T06:00:00.000Z,USA,Nevada Power Company,US-NW-NEVP,381.0,470.0,,20.0,,False,
2025-12-18T07:00:00.000Z,USA,Nevada Power Company,US-NW-NEVP,382.0,473.0,,20.0,,False,
2025-12-18T08:00:00.000Z,USA,Nevada Power Company,US-NW-NEVP,408.0,503.0,,16.0,,False,
2025-12-18T09:00:00.000Z,USA,Nevada Power Company,US-NW-NEVP,411.0,506.0,,15.0,,False,
2025-12-18T10:00:00.000Z,USA,Nevada Power Company,US-NW-NEVP,416.0,512.0,,15.0,,False,
2025-12-18T11:00:00.000Z,USA,Nevada Power Company,US-NW-NEVP,419.0,514.0,,15.0,,False,
2025-12-18T12:00:00.000Z,USA,Nevada Power Company,US-NW-NEVP,418.0,514.0,,15.0,,False,
2025-12-18T13:00:00.000Z,USA,Nevada Power Company,US-NW-NEVP,415.0,512.0,,14.0,,False,
2025-12-18T14:00:00.000Z,USA,Nevada Power Company,US-NW-NEVP,398.0,493.0,,17.0,,False,
2025-12-18T15:00:00.000Z,USA,Nevada Power Company,US-NW-NEVP,403.0,496.0,,17.0,,False,
2025-12-18T16:00:00.000Z,USA,Nevada Power Company,US-NW-NEVP,420.0,512.0,,16.0,,False,
2025-12-18T17:00:00.000Z,USA,Nevada Power Company,US-NW-NEVP,425.0,518.0,,15.0,,False,
2025-12-18T18:00:00.000Z,USA,Nevada Power Company,US-NW-NEVP,435.0,528.0,,14.0,,False,
2025-12-18T19:00:00.000Z,USA,Nevada Power Company,US-NW-NEVP,435.0,527.0,,15.0,,False,
2025-12-18T20:00:00.000Z,USA,Nevada Power Company,US-NW-NEVP,431.0,526.0,,14.0,,False,
2025-12-18T21:00:00.000Z,USA,Nevada Power Company,US-NW-NEVP,430.0,530.0,,11.0,,False,
2025-12-18T22:00:00.000Z,USA,Nevada Power Company,US-NW-NEVP,423.0,523.0,,11.0,,False,
2025-12-18T23:00:00.000Z,USA,Nevada Power Company,US-NW-NEVP,396.0,493.0,,15.0,,False,
2025-12-19T00:00:00.000Z,USA,Nevada Power Company,US-NW-NEVP,396.0,492.0,,15.0,,False,
2025-12-19T01:00:00.000Z,USA,Nevada Power Company,US-NW-NEVP,381.0,476.0,,18.0,,False,
2025-12-19T02:00:00.000Z,USA,Nevada Power Company,US-NW-NEVP,386.0,480.0,,17.0,,False,
2025-12-19T03:00:00.000Z,USA,Nevada Power Company,US-NW-NEVP,393.0,489.0,,19.0,,True,TIME_SLICER_AVERAGE
2025-12-19T04:00:00.000Z,USA,Nevada Power Company,US-NW-NEVP,391.0,486.0,,19.0,,True,TIME_SLICER_AVERAGE
2025-12-19T05:00:00.000Z,USA,Nevada Power Company,US-NW-NEVP,387.0,481.0,,19.0,,True,TIME_SLICER_AVERAGE
2025-12-19T06:00:00.000Z,USA,Nevada Power Company,US-NW-NEVP,393.0,487.0,,19.0,,True,TIME_SLICER_AVERAGE
2025-12-19T07:00:00.000Z,USA,Nevada Power Company,US-NW-NEVP,402.0,496.0,,19.0,,True,TIME_SLICER_AVERAGE
2025-12-19T08:00:00.000Z,USA,Nevada Power Company,US-NW-NEVP,394.0,488.0,,19.0,,False,
2025-12-19T09:00:00.000Z,USA,Nevada Power Company,US-NW-NEVP,393.0,487.0,,19.0,,False,
2025-12-19T10:00:00.000Z,USA,Nevada Power Company,US-NW-NEVP,390.0,484.0,,20.0,,False,
2025-12-19T11:00:00.000Z,USA,Nevada Power Company,US-NW-NEVP,393.0,487.0,,20.0,,False,
2025-12-19T12:00:00.000Z,USA,Nevada Power Company,US-NW-NEVP,393.0,487.0,,20.0,,False,
2025-12-19T13:00:00.000Z,USA,Nevada Power Company,US-NW-NEVP,388.0,481.0,,20.0,,False,
2025-12-19T14:00:00.000Z,USA,Nevada Power Company,US-NW-NEVP,374.0,465.0,,23.0,,True,TIME_SLICER_AVERAGE
2025-12-19T15:00:00.000Z,USA,Nevada Power Company,US-NW-NEVP,367.0,457.0,,24.0,,True,TIME_SLICER_AVERAGE
2025-12-19T16:00:00.000Z,USA,Nevada Power Company,US-NW-NEVP,357.0,445.0,,24.0,,False,
2025-12-19T17:00:00.000Z,USA,Nevada Power Company,US-NW-NEVP,331.0,411.0,,32.0,,False,
2025-12-19T18:00:00.000Z,USA,Nevada Power Company,US-NW-NEVP,313.0,390.0,,36.0,,False,
2025-12-19T19:00:00.000Z,USA,Nevada Power Company,US-NW-NEVP,295.0,369.0,,40.0,,False,
2025-12-19T20:00:00.000Z,USA,Nevada Power Company,US-NW-NEVP,310.0,386.0,,37.0,,False,
2025-12-19T21:00:00.000Z,USA,Nevada Power Company,US-NW-NEVP,296.0,369.0,,40.0,,False,
2025-12-19T22:00:00.000Z,USA,Nevada Power Company,US-NW-NEVP,309.0,386.0,,37.0,,False,
2025-12-19T23:00:00.000Z,USA,Nevada Power Company,US-NW-NEVP,353.0,438.0,,27.0,,False,
2025-12-20T00:00:00.000Z,USA,Nevada Power Company,US-NW-NEVP,366.0,452.0,,26.0,,True,TIME_SLICER_AVERAGE
2025-12-20T01:00:00.000Z,USA,Nevada Power Company,US-NW-NEVP,389.0,480.0,,21.0,,True,TIME_SLICER_AVERAGE
2025-12-20T02:00:00.000Z,USA,Nevada Power Company,US-NW-NEVP,388.0,480.0,,21.0,,True,TIME_SLICER_AVERAGE
2025-12-20T03:00:00.000Z,USA,Nevada Power Company,US-NW-NEVP,394.0,488.0,,20.0,,True,TIME_SLICER_AVERAGE
2025-12-20T04:00:00.000Z,USA,Nevada Power Company,US-NW-NEVP,394.0,486.0,,20.0,,True,TIME_SLICER_AVERAGE
2025-12-20T05:00:00.000Z,USA,Nevada Power Company,US-NW-NEVP,390.0,482.0,,21.0,,False,
2025-12-20T06:00:00.000Z,USA,Nevada Power Company,US-NW-NEVP,392.0,484.0,,21.0,,False,
2025-12-20T07:00:00.000Z,USA,Nevada Power Company,US-NW-NEVP,404.0,498.0,,19.0,,False,
2025-12-20T08:00:00.000Z,USA,Nevada Power Company,US-NW-NEVP,411.0,507.0,,17.0,,False,
2025-12-20T09:00:00.000Z,USA,Nevada Power Company,US-NW-NEVP,411.0,509.0,,16.0,,False,
2025-12-20T10:00:00.000Z,USA,Nevada Power Company,US-NW-NEVP,406.0,503.0,,17.0,,False,
2025-12-20T11:00:00.000Z,USA,Nevada Power Company,US-NW-NEVP,406.0,502.0,,17.0,,False,
2025-12-20T12:00:00.000Z,USA,Nevada Power Company,US-NW-NEVP,402.0,498.0,,17.0,,False,
2025-12-20T13:00:00.000Z,USA,Nevada Power Company,US-NW-NEVP,400.0,496.0,,18.0,,False,
2025-12-20T14:00:00.000Z,USA,Nevada Power Company,US-NW-NEVP,400.0,496.0,,18.0,,False,
2025-12-20T15:00:00.000Z,USA,Nevada Power Company,US-NW-NEVP,385.0,478.0,,20.0,,False,
2025-12-20T16:00:00.000Z,USA,Nevada Power Company,US-NW-NEVP,338.0,418.0,,33.0,,False,
2025-12-20T17:00:00.000Z,USA,Nevada Power Company,US-NW-NEVP,290.0,362.0,,43.0,,False,
2025-12-20T18:00:00.000Z,USA,Nevada Power Company,US-NW-NEVP,269.0,336.0,,49.0,,False,
2025-12-20T19:00:00.000Z,USA,Nevada Power Company,US-NW-NEVP,273.0,341.0,,48.0,,False,
2025-12-20T20:00:00.000Z,USA,Nevada Power Company,US-NW-NEVP,260.0,327.0,,50.0,,False,
2025-12-20T21:00:00.000Z,USA,Nevada Power Company,US-NW-NEVP,258.0,326.0,,50.0,,False,
2025-12-20T22:00:00.000Z,USA,Nevada Power Company,US-NW-NEVP,273.0,345.0,,46.0,,False,
2025-12-20T23:00:00.000Z,USA,Nevada Power Company,US-NW-NEVP,343.0,431.0,,28.0,,False,
2025-12-21T00:00:00.000Z,USA,Nevada Power Company,US-NW-NEVP,351.0,438.0,,27.0,,True,TIME_SLICER_AVERAGE
2025-12-21T01:00:00.000Z,USA,Nevada Power Company,US-NW-NEVP,402.0,499.0,,17.0,,True,TIME_SLICER_AVERAGE
2025-12-21T02:00:00.000Z,USA,Nevada Power Company,US-NW-NEVP,386.0,482.0,,17.0,,False,
2025-12-21T03:00:00.000Z,USA,Nevada Power Company,US-NW-NEVP,386.0,480.0,,18.0,,False,
2025-12-21T04:00:00.000Z,USA,Nevada Power Company,US-NW-NEVP,396.0,492.0,,16.0,,False,
2025-12-21T05:00:00.000Z,USA,Nevada Power Company,US-NW-NEVP,386.0,480.0,,18.0,,False,
2025-12-21T06:00:00.000Z,USA,Nevada Power Company,US-NW-NEVP,383.0,475.0,,20.0,,False,
2025-12-21T07:00:00.000Z,USA,Nevada Power Company,US-NW-NEVP,381.0,475.0,,19.0,,False,
2025-12-21T08:00:00.000Z,USA,Nevada Power Company,US-NW-NEVP,391.0,488.0,,16.0,,False,
2025-12-21T09:00:00.000Z,USA,Nevada Power Company,US-NW-NEVP,396.0,494.0,,15.0,,False,
2025-12-21T10:00:00.000Z,USA,Nevada Power Company,US-NW-NEVP,394.0,492.0,,15.0,,False,
2025-12-21T11:00:00.000Z,USA,Nevada Power Company,US-NW-NEVP,394.0,492.0,,15.0,,False,
2025-12-21T12:00:00.000Z,USA,Nevada Power Company,US-NW-NEVP,395.0,493.0,,15.0,,False,
2025-12-21T13:00:00.000Z,USA,Nevada Power Company,US-NW-NEVP,397.0,493.0,,16.0,,False,
2025-12-21T14:00:00.000Z,USA,Nevada Power Company,US-NW-NEVP,406.0,503.0,,15.0,,False,
2025-12-21T15:00:00.000Z,USA,Nevada Power Company,US-NW-NEVP,404.0,499.0,,15.0,,False,
2025-12-21T16:00:00.000Z,USA,Nevada Power Company,US-NW-NEVP,395.0,487.0,,16.0,,False,
2025-12-21T17:00:00.000Z,USA,Nevada Power Company,US-NW-NEVP,404.0,497.0,,15.0,,False,
2025-12-21T18:00:00.000Z,USA,Nevada Power Company,US-NW-NEVP,407.0,500.0,,15.0,,False,
2025-12-21T19:00:00.000Z,USA,Nevada Power Company,US-NW-NEVP,403.0,494.0,,17.0,,False,
2025-12-21T20:00:00.000Z,USA,Nevada Power Company,US-NW-NEVP,388.0,474.0,,22.0,,False,
2025-12-21T21:00:00.000Z,USA,Nevada Power Company,US-NW-NEVP,407.0,498.0,,17.0,,False,
2025-12-21T22:00:00.000Z,USA,Nevada Power Company,US-NW-NEVP,408.0,500.0,,16.0,,False,
2025-12-21T23:00:00.000Z,USA,Nevada Power Company,US-NW-NEVP,399.0,495.0,,15.0,,False,
2025-12-22T00:00:00.000Z,USA,Nevada Power Company,US-NW-NEVP,400.0,495.0,,17.0,,False,
2025-12-22T01:00:00.000Z,USA,Nevada Power Company,US-NW-NEVP,392.0,484.0,,19.0,,False,
2025-12-22T02:00:00.000Z,USA,Nevada Power Company,US-NW-NEVP,391.0,484.0,,19.0,,False,
2025-12-22T03:00:00.000Z,USA,Nevada Power Company,US-NW-NEVP,387.0,479.0,,19.0,,True,TIME_SLICER_AVERAGE
2025-12-22T04:00:00.000Z,USA,Nevada Power Company,US-NW-NEVP,379.0,471.0,,20.0,,True,TIME_SLICER_AVERAGE
2025-12-22T05:00:00.000Z,USA,Nevada Power Company,US-NW-NEVP,376.0,467.0,,22.0,,False,
2025-12-22T06:00:00.000Z,USA,Nevada Power Company,US-NW-NEVP,369.0,459.0,,24.0,,False,
2025-12-22T07:00:00.000Z,USA,Nevada Power Company,US-NW-NEVP,371.0,461.0,,23.0,,False,
2025-12-22T08:00:00.000Z,USA,Nevada Power Company,US-NW-NEVP,395.0,490.0,,19.0,,False,
2025-12-22T09:00:00.000Z,USA,Nevada Power Company,US-NW-NEVP,396.0,490.0,,19.0,,False,
2025-12-22T10:00:00.000Z,USA,Nevada Power Company,US-NW-NEVP,397.0,492.0,,19.0,,False,
2025-12-22T11:00:00.000Z,USA,Nevada Power Company,US-NW-NEVP,396.0,489.0,,19.0,,False,
2025-12-22T12:00:00.000Z,USA,Nevada Power Company,US-NW-NEVP,403.0,498.0,,18.0,,False,
2025-12-22T13:00:00.000Z,USA,Nevada Power Company,US-NW-NEVP,397.0,491.0,,19.0,,False,
2025-12-22T14:00:00.000Z,USA,Nevada Power Company,US-NW-NEVP,406.0,502.0,,17.0,,False,
2025-12-22T15:00:00.000Z,USA,Nevada Power Company,US-NW-NEVP,391.0,483.0,,21.0,,False,
2025-12-22T16:00:00.000Z,USA,Nevada Power Company,US-NW-NEVP,345.0,427.0,,32.0,,False,
2025-12-22T17:00:00.000Z,USA,Nevada Power Company,US-NW-NEVP,316.0,393.0,,38.0,,False,
2025-12-22T18:00:00.000Z,USA,Nevada Power Company,US-NW-NEVP,296.0,369.0,,42.0,,False,
2025-12-22T19:00:00.000Z,USA,Nevada Power Company,US-NW-NEVP,282.0,351.0,,46.0,,False,
2025-12-22T20:00:00.000Z,USA,Nevada Power Company,US-NW-NEVP,287.0,357.0,,45.0,,False,
2025-12-22T21:00:00.000Z,USA,Nevada Power Company,US-NW-NEVP,300.0,376.0,,41.0,,False,
2025-12-22T22:00:00.000Z,USA,Nevada Power Company,US-NW-NEVP,307.0,384.0,,39.0,,False,
2025-12-22T23:00:00.000Z,USA,Nevada Power Company,US-NW-NEVP,368.0,457.0,,25.0,,False,
2025-12-23T00:00:00.000Z,USA,Nevada Power Company,US-NW-NEVP,362.0,450.0,,25.0,,True,TIME_SLICER_AVERAGE
2025-12-23T01:00:00.000Z,USA,Nevada Power Company,US-NW-NEVP,385.0,478.0,,21.0,,True,TIME_SLICER_AVERAGE
2025-12-23T02:00:00.000Z,USA,Nevada Power Company,US-NW-NEVP,376.0,468.0,,22.0,,True,TIME_SLICER_AVERAGE
2025-12-23T03:00:00.000Z,USA,Nevada Power Company,US-NW-NEVP,382.0,474.0,,21.0,,True,TIME_SLICER_AVERAGE
2025-12-23T04:00:00.000Z,USA,Nevada Power Company,US-NW-NEVP,381.0,473.0,,21.0,,True,TIME_SLICER_AVERAGE
2025-12-23T05:00:00.000Z,USA,Nevada Power Company,US-NW-NEVP,381.0,474.0,,20.0,,False,
2025-12-23T06:00:00.000Z,USA,Nevada Power Company,US-NW-NEVP,407.0,502.0,,18.0,,False,
2025-12-23T07:00:00.000Z,USA,Nevada Power Company,US-NW-NEVP,400.0,495.0,,19.0,,False,
2025-12-23T08:00:00.000Z,USA,Nevada Power Company,US-NW-NEVP,404.0,499.0,,18.0,,False,
2025-12-23T09:00:00.000Z,USA,Nevada Power Company,US-NW-NEVP,407.0,502.0,,18.0,,False,
2025-12-23T10:00:00.000Z,USA,Nevada Power Company,US-NW-NEVP,411.0,506.0,,17.0,,False,
2025-12-23T11:00:00.000Z,USA,Nevada Power Company,US-NW-NEVP,412.0,507.0,,17.0,,False,
2025-12-23T12:00:00.000Z,USA,Nevada Power Company,US-NW-NEVP,414.0,510.0,,17.0,,False,
2025-12-23T13:00:00.000Z,USA,Nevada Power Company,US-NW-NEVP,406.0,501.0,,18.0,,False,
2025-12-23T14:00:00.000Z,USA,Nevada Power Company,US-NW-NEVP,409.0,504.0,,17.0,,False,
2025-12-23T15:00:00.000Z,USA,Nevada Power Company,US-NW-NEVP,404.0,498.0,,18.0,,False,
2025-12-23T16:00:00.000Z,USA,Nevada Power Company,US-NW-NEVP,379.0,469.0,,24.0,,False,
2025-12-23T17:00:00.000Z,USA,Nevada Power Company,US-NW-NEVP,355.0,440.0,,29.0,,False,
2025-12-23T18:00:00.000Z,USA,Nevada Power Company,US-NW-NEVP,359.0,445.0,,29.0,,False,
2025-12-23T19:00:00.000Z,USA,Nevada Power Company,US-NW-NEVP,356.0,441.0,,30.0,,False,
2025-12-23T20:00:00.000Z,USA,Nevada Power Company,US-NW-NEVP,351.0,436.0,,30.0,,False,
2025-12-23T21:00:00.000Z,USA,Nevada Power Company,US-NW-NEVP,374.0,464.0,,25.0,,False,
2025-12-23T22:00:00.000Z,USA,Nevada Power Company,US-NW-NEVP,386.0,476.0,,23.0,,False,
2025-12-23T23:00:00.000Z,USA,Nevada Power Company,US-NW-NEVP,397.0,491.0,,19.0,,False,
2025-12-24T00:00:00.000Z,USA,Nevada Power Company,US-NW-NEVP,392.0,487.0,,19.0,,False,
2025-12-24T01:00:00.000Z,USA,Nevada Power Company,US-NW-NEVP,394.0,488.0,,19.0,,True,TIME_SLICER_AVERAGE
2025-12-24T02:00:00.000Z,USA,Nevada Power Company,US-NW-NEVP,388.0,482.0,,20.0,,True,TIME_SLICER_AVERAGE
2025-12-24T03:00:00.000Z,USA,Nevada Power Company,US-NW-NEVP,393.0,487.0,,20.0,,True,TIME_SLICER_AVERAGE
2025-12-24T04:00:00.000Z,USA,Nevada Power Company,US-NW-NEVP,395.0,489.0,,20.0,,False,
2025-12-24T05:00:00.000Z,USA,Nevada Power Company,US-NW-NEVP,401.0,495.0,,19.0,,False,
2025-12-24T06:00:00.000Z,USA,Nevada Power Company,US-NW-NEVP,401.0,495.0,,19.0,,False,
2025-12-24T07:00:00.000Z,USA,Nevada Power Company,US-NW-NEVP,402.0,496.0,,19.0,,False,
2025-12-24T08:00:00.000Z,USA,Nevada Power Company,US-NW-NEVP,410.0,505.0,,17.0,,False,
2025-12-24T09:00:00.000Z,USA,Nevada Power Company,US-NW-NEVP,408.0,501.0,,19.0,,False,
2025-12-24T10:00:00.000Z,USA,Nevada Power Company,US-NW-NEVP,405.0,497.0,,20.0,,False,
2025-12-24T11:00:00.000Z,USA,Nevada Power Company,US-NW-NEVP,399.0,490.0,,21.0,,False,
2025-12-24T12:00:00.000Z,USA,Nevada Power Company,US-NW-NEVP,400.0,491.0,,21.0,,False,
2025-12-24T13:00:00.000Z,USA,Nevada Power Company,US-NW-NEVP,393.0,481.0,,23.0,,False,
2025-12-24T14:00:00.000Z,USA,Nevada Power Company,US-NW-NEVP,398.0,487.0,,22.0,,False,
2025-12-24T15:00:00.000Z,USA,Nevada Power Company,US-NW-NEVP,397.0,489.0,,21.0,,False,
2025-12-24T16:00:00.000Z,USA,Nevada Power Company,US-NW-NEVP,388.0,480.0,,22.0,,False,
2025-12-24T17:00:00.000Z,USA,Nevada Power Company,US-NW-NEVP,382.0,470.0,,25.0,,False,
2025-12-24T18:00:00.000Z,USA,Nevada Power Company,US-NW-NEVP,381.0,468.0,,25.0,,False,
2025-12-24T19:00:00.000Z,USA,Nevada Power Company,US-NW-NEVP,357.0,441.0,,30.0,,False,
2025-12-24T20:00:00.000Z,USA,Nevada Power Company,US-NW-NEVP,361.0,447.0,,28.0,,False,
2025-12-24T21:00:00.000Z,USA,Nevada Power Company,US-NW-NEVP,366.0,452.0,,27.0,,False,
2025-12-24T22:00:00.000Z,USA,Nevada Power Company,US-NW-NEVP,377.0,466.0,,25.0,,False,
2025-12-24T23:00:00.000Z,USA,Nevada Power Company,US-NW-NEVP,382.0,473.0,,23.0,,False,
2025-12-25T00:00:00.000Z,USA,Nevada Power Company,US-NW-NEVP,381.0,473.0,,22.0,,True,TIME_SLICER_AVERAGE
2025-12-25T01:00:00.000Z,USA,Nevada Power Company,US-NW-NEVP,378.0,469.0,,23.0,,False,
2025-12-25T02:00:00.000Z,USA,Nevada Power Company,US-NW-NEVP,385.0,477.0,,22.0,,False,
2025-12-25T03:00:00.000Z,USA,Nevada Power Company,US-NW-NEVP,387.0,479.0,,22.0,,False,
2025-12-25T04:00:00.000Z,USA,Nevada Power Company,US-NW-NEVP,391.0,484.0,,20.0,,False,
2025-12-25T05:00:00.000Z,USA,Nevada Power Company,US-NW-NEVP,381.0,473.0,,21.0,,False,
2025-12-25T06:00:00.000Z,USA,Nevada Power Company,US-NW-NEVP,379.0,470.0,,22.0,,False,
2025-12-25T07:00:00.000Z,USA,Nevada Power Company,US-NW-NEVP,379.0,469.0,,22.0,,False,
2025-12-25T08:00:00.000Z,USA,Nevada Power Company,US-NW-NEVP,405.0,498.0,,19.0,,False,
2025-12-25T09:00:00.000Z,USA,Nevada Power Company,US-NW-NEVP,406.0,499.0,,19.0,,False,
2025-12-25T10:00:00.000Z,USA,Nevada Power Company,US-NW-NEVP,411.0,504.0,,19.0,,True,TIME_SLICER_AVERAGE
2025-12-25T11:00:00.000Z,USA,Nevada Power Company,US-NW-NEVP,411.0,503.0,,19.0,,False,
2025-12-25T12:00:00.000Z,USA,Nevada Power Company,US-NW-NEVP,412.0,505.0,,18.0,,True,TIME_SLICER_AVERAGE
2025-12-25T13:00:00.000Z,USA,Nevada Power Company,US-NW-NEVP,409.0,501.0,,18.0,,False,
2025-12-25T14:00:00.000Z,USA,Nevada Power Company,US-NW-NEVP,402.0,494.0,,20.0,,False,
2025-12-25T15:00:00.000Z,USA,Nevada Power Company,US-NW-NEVP,376.0,465.0,,25.0,,False,
2025-12-25T16:00:00.000Z,USA,Nevada Power Company,US-NW-NEVP,296.0,369.0,,43.0,,False,
2025-12-25T17:00:00.000Z,USA,Nevada Power Company,US-NW-NEVP,270.0,337.0,,50.0,,False,
2025-12-25T18:00:00.000Z,USA,Nevada Power Company,US-NW-NEVP,282.0,352.0,,47.0,,False,
2025-12-25T19:00:00.000Z,USA,Nevada Power Company,US-NW-NEVP,290.0,361.0,,45.0,,False,
2025-12-25T20:00:00.000Z,USA,Nevada Power Company,US-NW-NEVP,279.0,348.0,,47.0,,False,
2025-12-25T21:00:00.000Z,USA,Nevada Power Company,US-NW-NEVP,279.0,347.0,,48.0,,False,
2025-12-25T22:00:00.000Z,USA,Nevada Power Company,US-NW-NEVP,286.0,355.0,,47.0,,False,
2025-12-25T23:00:00.000Z,USA,Nevada Power Company,US-NW-NEVP,351.0,432.0,,32.0,,False,
2025-12-26T00:00:00.000Z,USA,Nevada Power Company,US-NW-NEVP,352.0,436.0,,31.0,,True,TIME_SLICER_AVERAGE
2025-12-26T01:00:00.000Z,USA,Nevada Power Company,US-NW-NEVP,388.0,477.0,,23.0,,True,TIME_SLICER_AVERAGE
2025-12-26T02:00:00.000Z,USA,Nevada Power Company,US-NW-NEVP,376.0,464.0,,25.0,,True,TIME_SLICER_AVERAGE
2025-12-26T03:00:00.000Z,USA,Nevada Power Company,US-NW-NEVP,377.0,466.0,,24.0,,True,TIME_SLICER_AVERAGE
2025-12-26T04:00:00.000Z,USA,Nevada Power Company,US-NW-NEVP,376.0,467.0,,23.0,,True,TIME_SLICER_AVERAGE
2025-12-26T05:00:00.000Z,USA,Nevada Power Company,US-NW-NEVP,375.0,466.0,,22.0,,False,
2025-12-26T06:00:00.000Z,USA,Nevada Power Company,US-NW-NEVP,398.0,491.0,,20.0,,False,
2025-12-26T07:00:00.000Z,USA,Nevada Power Company,US-NW-NEVP,399.0,491.0,,20.0,,False,
2025-12-26T08:00:00.000Z,USA,Nevada Power Company,US-NW-NEVP,395.0,485.0,,22.0,,False,
2025-12-26T09:00:00.000Z,USA,Nevada Power Company,US-NW-NEVP,395.0,485.0,,22.0,,False,
2025-12-26T10:00:00.000Z,USA,Nevada Power Company,US-NW-NEVP,400.0,490.0,,22.0,,False,
2025-12-26T11:00:00.000Z,USA,Nevada Power Company,US-NW-NEVP,404.0,495.0,,21.0,,True,TIME_SLICER_AVERAGE
2025-12-26T12:00:00.000Z,USA,Nevada Power Company,US-NW-NEVP,396.0,487.0,,21.0,,False,
2025-12-26T13:00:00.000Z,USA,Nevada Power Company,US-NW-NEVP,391.0,481.0,,22.0,,False,
2025-12-26T14:00:00.000Z,USA,Nevada Power Company,US-NW-NEVP,392.0,482.0,,22.0,,False,
2025-12-26T15:00:00.000Z,USA,Nevada Power Company,US-NW-NEVP,381.0,469.0,,24.0,,False,
2025-12-26T16:00:00.000Z,USA,Nevada Power Company,US-NW-NEVP,350.0,431.0,,31.0,,False,
2025-12-26T17:00:00.000Z,USA,Nevada Power Company,US-NW-NEVP,313.0,387.0,,40.0,,False,
2025-12-26T18:00:00.000Z,USA,Nevada Power Company,US-NW-NEVP,292.0,365.0,,43.0,,False,
2025-12-26T19:00:00.000Z,USA,Nevada Power Company,US-NW-NEVP,287.0,359.0,,44.0,,False,
2025-12-26T20:00:00.000Z,USA,Nevada Power Company,US-NW-NEVP,283.0,355.0,,45.0,,False,
2025-12-26T21:00:00.000Z,USA,Nevada Power Company,US-NW-NEVP,299.0,373.0,,42.0,,True,TIME_SLICER_AVERAGE
2025-12-26T22:00:00.000Z,USA,Nevada Power Company,US-NW-NEVP,311.0,388.0,,39.0,,False,
2025-12-26T23:00:00.000Z,USA,Nevada Power Company,US-NW-NEVP,365.0,452.0,,27.0,,False,
2025-12-27T00:00:00.000Z,USA,Nevada Power Company,US-NW-NEVP,366.0,456.0,,26.0,,True,TIME_SLICER_AVERAGE
2025-12-27T01:00:00.000Z,USA,Nevada Power Company,US-NW-NEVP,382.0,473.0,,23.0,,True,TIME_SLICER_AVERAGE
2025-12-27T02:00:00.000Z,USA,Nevada Power Company,US-NW-NEVP,376.0,468.0,,23.0,,True,TIME_SLICER_AVERAGE
2025-12-27T03:00:00.000Z,USA,Nevada Power Company,US-NW-NEVP,382.0,475.0,,22.0,,True,TIME_SLICER_AVERAGE
2025-12-27T04:00:00.000Z,USA,Nevada Power Company,US-NW-NEVP,382.0,473.0,,23.0,,True,TIME_SLICER_AVERAGE
2025-12-27T05:00:00.000Z,USA,Nevada Power Company,US-NW-NEVP,383.0,474.0,,23.0,,False,
2025-12-27T06:00:00.000Z,USA,Nevada Power Company,US-NW-NEVP,400.0,491.0,,21.0,,False,
2025-12-27T07:00:00.000Z,USA,Nevada Power Company,US-NW-NEVP,404.0,493.0,,22.0,,False,
2025-12-27T08:00:00.000Z,USA,Nevada Power Company,US-NW-NEVP,401.0,492.0,,21.0,,False,
2025-12-27T09:00:00.000Z,USA,Nevada Power Company,US-NW-NEVP,390.0,477.0,,24.0,,False,
2025-12-27T10:00:00.000Z,USA,Nevada Power Company,US-NW-NEVP,393.0,480.0,,24.0,,True,TIME_SLICER_AVERAGE
2025-12-27T11:00:00.000Z,USA,Nevada Power Company,US-NW-NEVP,387.0,473.0,,25.0,,False,
2025-12-27T12:00:00.000Z,USA,Nevada Power Company,US-NW-NEVP,392.0,483.0,,21.0,,False,
2025-12-27T13:00:00.000Z,USA,Nevada Power Company,US-NW-NEVP,393.0,486.0,,19.0,,False,
2025-12-27T14:00:00.000Z,USA,Nevada Power Company,US-NW-NEVP,404.0,501.0,,16.0,,False,
2025-12-27T15:00:00.000Z,USA,Nevada Power Company,US-NW-NEVP,381.0,471.0,,23.0,,False,
2025-12-27T16:00:00.000Z,USA,Nevada Power Company,US-NW-NEVP,299.0,373.0,,41.0,,False,
2025-12-27T17:00:00.000Z,USA,Nevada Power Company,US-NW-NEVP,258.0,324.0,,51.0,,False,
2025-12-27T18:00:00.000Z,USA,Nevada Power Company,US-NW-NEVP,267.0,334.0,,50.0,,False,
2025-12-27T19:00:00.000Z,USA,Nevada Power Company,US-NW-NEVP,265.0,332.0,,50.0,,False,
2025-12-27T20:00:00.000Z,USA,Nevada Power Company,US-NW-NEVP,270.0,338.0,,49.0,,False,
2025-12-27T21:00:00.000Z,USA,Nevada Power Company,US-NW-NEVP,276.0,344.0,,48.0,,False,
2025-12-27T22:00:00.000Z,USA,Nevada Power Company,US-NW-NEVP,277.0,347.0,,47.0,,False,
2025-12-27T23:00:00.000Z,USA,Nevada Power Company,US-NW-NEVP,342.0,426.0,,31.0,,False,
2025-12-28T00:00:00.000Z,USA,Nevada Power Company,US-NW-NEVP,346.0,433.0,,30.0,,True,TIME_SLICER_AVERAGE
2025-12-28T01:00:00.000Z,USA,Nevada Power Company,US-NW-NEVP,425.0,527.0,,12.0,,True,TIME_SLICER_AVERAGE
2025-12-28T02:00:00.000Z,USA,Nevada Power Company,US-NW-NEVP,399.0,498.0,,13.0,,False,
2025-12-28T03:00:00.000Z,USA,Nevada Power Company,US-NW-NEVP,404.0,505.0,,11.0,,False,
2025-12-28T04:00:00.000Z,USA,Nevada Power Company,US-NW-NEVP,398.0,498.0,,13.0,,False,
2025-12-28T05:00:00.000Z,USA,Nevada Power Company,US-NW-NEVP,401.0,501.0,,12.0,,False,
2025-12-28T06:00:00.000Z,USA,Nevada Power Company,US-NW-NEVP,399.0,497.0,,14.0,,False,
2025-12-28T07:00:00.000Z,USA,Nevada Power Company,US-NW-NEVP,419.0,520.0,,12.0,,False,
2025-12-28T08:00:00.000Z,USA,Nevada Power Company,US-NW-NEVP,428.0,530.0,,11.0,,False,
2025-12-28T09:00:00.000Z,USA,Nevada Power Company,US-NW-NEVP,427.0,527.0,,12.0,,False,
2025-12-28T10:00:00.000Z,USA,Nevada Power Company,US-NW-NEVP,409.0,506.0,,14.0,,False,
2025-12-28T11:00:00.000Z,USA,Nevada Power Company,US-NW-NEVP,406.0,502.0,,14.0,,False,
2025-12-28T12:00:00.000Z,USA,Nevada Power Company,US-NW-NEVP,415.0,514.0,,14.0,,False,
2025-12-28T13:00:00.000Z,USA,Nevada Power Company,US-NW-NEVP,411.0,509.0,,14.0,,False,
2025-12-28T14:00:00.000Z,USA,Nevada Power Company,US-NW-NEVP,413.0,510.0,,15.0,,False,
2025-12-28T15:00:00.000Z,USA,Nevada Power Company,US-NW-NEVP,383.0,474.0,,22.0,,False,
2025-12-28T16:00:00.000Z,USA,Nevada Power Company,US-NW-NEVP,424.0,513.0,,19.0,,False,
2025-12-28T17:00:00.000Z,USA,Nevada Power Company,US-NW-NEVP,261.0,326.0,,52.0,,False,
2025-12-28T18:00:00.000Z,USA,Nevada Power Company,US-NW-NEVP,269.0,335.0,,49.0,,False,
2025-12-28T19:00:00.000Z,USA,Nevada Power Company,US-NW-NEVP,405.0,491.0,,22.0,,False,
2025-12-28T20:00:00.000Z,USA,Nevada Power Company,US-NW-NEVP,274.0,341.0,,49.0,,False,
2025-12-28T21:00:00.000Z,USA,Nevada Power Company,US-NW-NEVP,270.0,336.0,,51.0,,False,
2025-12-28T22:00:00.000Z,USA,Nevada Power Company,US-NW-NEVP,277.0,347.0,,48.0,,False,
2025-12-28T23:00:00.000Z,USA,Nevada Power Company,US-NW-NEVP,331.0,413.0,,34.0,,False,
2025-12-29T00:00:00.000Z,USA,Nevada Power Company,US-NW-NEVP,402.0,499.0,,15.0,,False,
2025-12-29T01:00:00.000Z,USA,Nevada Power Company,US-NW-NEVP,401.0,497.0,,16.0,,False,
2025-12-29T02:00:00.000Z,USA,Nevada Power Company,US-NW-NEVP,410.0,507.0,,15.0,,False,
2025-12-29T03:00:00.000Z,USA,Nevada Power Company,US-NW-NEVP,401.0,496.0,,17.0,,False,
2025-12-29T04:00:00.000Z,USA,Nevada Power Company,US-NW-NEVP,403.0,498.0,,17.0,,False,
2025-12-29T05:00:00.000Z,USA,Nevada Power Company,US-NW-NEVP,404.0,498.0,,18.0,,False,
2025-12-29T06:00:00.000Z,USA,Nevada Power Company,US-NW-NEVP,428.0,524.0,,16.0,,False,
2025-12-29T07:00:00.000Z,USA,Nevada Power Company,US-NW-NEVP,424.0,520.0,,16.0,,False,
2025-12-29T08:00:00.000Z,USA,Nevada Power Company,US-NW-NEVP,421.0,516.0,,17.0,,False,
2025-12-29T09:00:00.000Z,USA,Nevada Power Company,US-NW-NEVP,419.0,514.0,,17.0,,False,
2025-12-29T10:00:00.000Z,USA,Nevada Power Company,US-NW-NEVP,418.0,513.0,,17.0,,False,
2025-12-29T11:00:00.000Z,USA,Nevada Power Company,US-NW-NEVP,419.0,514.0,,16.0,,False,
2025-12-29T12:00:00.000Z,USA,Nevada Power Company,US-NW-NEVP,421.0,518.0,,16.0,,False,
2025-12-29T13:00:00.000Z,USA,Nevada Power Company,US-NW-NEVP,419.0,516.0,,16.0,,False,
2025-12-29T14:00:00.000Z,USA,Nevada Power Company,US-NW-NEVP,422.0,519.0,,15.0,,False,
2025-12-29T15:00:00.000Z,USA,Nevada Power Company,US-NW-NEVP,409.0,503.0,,18.0,,False,
2025-12-29T16:00:00.000Z,USA,Nevada Power Company,US-NW-NEVP,449.0,545.0,,12.0,,False,
2025-12-29T17:00:00.000Z,USA,Nevada Power Company,US-NW-NEVP,442.0,530.0,,18.0,,False,
2025-12-29T18:00:00.000Z,USA,Nevada Power Company,US-NW-NEVP,434.0,520.0,,20.0,,False,
2025-12-29T19:00:00.000Z,USA,Nevada Power Company,US-NW-NEVP,431.0,517.0,,21.0,,False,
2025-12-29T20:00:00.000Z,USA,Nevada Power Company,US-NW-NEVP,281.0,349.0,,49.0,,False,
2025-12-29T21:00:00.000Z,USA,Nevada Power Company,US-NW-NEVP,274.0,342.0,,49.0,,False,
2025-12-29T22:00:00.000Z,USA,Nevada Power Company,US-NW-NEVP,279.0,349.0,,47.0,,False,
2025-12-29T23:00:00.000Z,USA,Nevada Power Company,US-NW-NEVP,340.0,423.0,,32.0,,False,
2025-12-30T00:00:00.000Z,USA,Nevada Power Company,US-NW-NEVP,404.0,502.0,,15.0,,False,
2025-12-30T01:00:00.000Z,USA,Nevada Power Company,US-NW-NEVP,408.0,506.0,,14.0,,False,
2025-12-30T02:00:00.000Z,USA,Nevada Power Company,US-NW-NEVP,415.0,514.0,,13.0,,True,TIME_SLICER_AVERAGE
2025-12-30T03:00:00.000Z,USA,Nevada Power Company,US-NW-NEVP,409.0,506.0,,14.0,,True,TIME_SLICER_AVERAGE
2025-12-30T04:00:00.000Z,USA,Nevada Power Company,US-NW-NEVP,407.0,505.0,,14.0,,True,TIME_SLICER_AVERAGE
2025-12-30T05:00:00.000Z,USA,Nevada Power Company,US-NW-NEVP,421.0,521.0,,13.0,,False,
2025-12-30T06:00:00.000Z,USA,Nevada Power Company,US-NW-NEVP,419.0,517.0,,14.0,,False,
2025-12-30T07:00:00.000Z,USA,Nevada Power Company,US-NW-NEVP,435.0,535.0,,13.0,,False,
2025-12-30T08:00:00.000Z,USA,Nevada Power Company,US-NW-NEVP,432.0,530.0,,14.0,,False,
2025-12-30T09:00:00.000Z,USA,Nevada Power Company,US-NW-NEVP,433.0,531.0,,14.0,,False,
2025-12-30T10:00:00.000Z,USA,Nevada Power Company,US-NW-NEVP,436.0,535.0,,13.0,,True,TIME_SLICER_AVERAGE
2025-12-30T11:00:00.000Z,USA,Nevada Power Company,US-NW-NEVP,431.0,530.0,,14.0,,True,TIME_SLICER_AVERAGE
2025-12-30T12:00:00.000Z,USA,Nevada Power Company,US-NW-NEVP,425.0,522.0,,15.0,,False,
2025-12-30T13:00:00.000Z,USA,Nevada Power Company,US-NW-NEVP,420.0,516.0,,15.0,,False,
2025-12-30T14:00:00.000Z,USA,Nevada Power Company,US-NW-NEVP,417.0,512.0,,16.0,,False,
2025-12-30T15:00:00.000Z,USA,Nevada Power Company,US-NW-NEVP,405.0,497.0,,20.0,,False,
2025-12-30T16:00:00.000Z,USA,Nevada Power Company,US-NW-NEVP,357.0,438.0,,33.0,,False,
2025-12-30T17:00:00.000Z,USA,Nevada Power Company,US-NW-NEVP,335.0,411.0,,38.0,,False,
2025-12-30T18:00:00.000Z,USA,Nevada Power Company,US-NW-NEVP,309.0,383.0,,40.0,,False,
2025-12-30T19:00:00.000Z,USA,Nevada Power Company,US-NW-NEVP,316.0,392.0,,38.0,,False,
2025-12-30T20:00:00.000Z,USA,Nevada Power Company,US-NW-NEVP,331.0,409.0,,36.0,,False,
2025-12-30T21:00:00.000Z,USA,Nevada Power Company,US-NW-NEVP,354.0,436.0,,31.0,,False,
2025-12-30T22:00:00.000Z,USA,Nevada Power Company,US-NW-NEVP,361.0,445.0,,29.0,,False,
2025-12-30T23:00:00.000Z,USA,Nevada Power Company,US-NW-NEVP,381.0,475.0,,20.0,,False,
2025-12-31T00:00:00.000Z,USA,Nevada Power Company,US-NW-NEVP,378.0,473.0,,20.0,,True,TIME_SLICER_AVERAGE
2025-12-31T01:00:00.000Z,USA,Nevada Power Company,US-NW-NEVP,390.0,486.0,,17.0,,True,TIME_SLICER_AVERAGE
2025-12-31T02:00:00.000Z,USA,Nevada Power Company,US-NW-NEVP,385.0,481.0,,18.0,,True,TIME_SLICER_AVERAGE
2025-12-31T03:00:00.000Z,USA,Nevada Power Company,US-NW-NEVP,394.0,491.0,,18.0,,True,TIME_SLICER_AVERAGE
2025-12-31T04:00:00.000Z,USA,Nevada Power Company,US-NW-NEVP,398.0,495.0,,16.0,,True,TIME_SLICER_AVERAGE
2025-12-31T05:00:00.000Z,USA,Nevada Power Company,US-NW-NEVP,402.0,500.0,,16.0,,False,
2025-12-31T06:00:00.000Z,USA,Nevada Power Company,US-NW-NEVP,409.0,506.0,,16.0,,False,
2025-12-31T07:00:00.000Z,USA,Nevada Power Company,US-NW-NEVP,430.0,529.0,,14.0,,False,
2025-12-31T08:00:00.000Z,USA,Nevada Power Company,US-NW-NEVP,430.0,530.0,,13.0,,False,
2025-12-31T09:00:00.000Z,USA,Nevada Power Company,US-NW-NEVP,420.0,518.0,,15.0,,False,
2025-12-31T10:00:00.000Z,USA,Nevada Power Company,US-NW-NEVP,418.0,516.0,,15.0,,False,
2025-12-31T11:00:00.000Z,USA,Nevada Power Company,US-NW-NEVP,416.0,514.0,,15.0,,False,
2025-12-31T12:00:00.000Z,USA,Nevada Power Company,US-NW-NEVP,407.0,502.0,,17.0,,False,
2025-12-31T13:00:00.000Z,USA,Nevada Power Company,US-NW-NEVP,405.0,501.0,,17.0,,False,
2025-12-31T14:00:00.000Z,USA,Nevada Power Company,US-NW-NEVP,407.0,503.0,,16.0,,False,
2025-12-31T15:00:00.000Z,USA,Nevada Power Company,US-NW-NEVP,410.0,505.0,,17.0,,False,
2025-12-31T16:00:00.000Z,USA,Nevada Power Company,US-NW-NEVP,397.0,486.0,,24.0,,False,
2025-12-31T17:00:00.000Z,USA,Nevada Power Company,US-NW-NEVP,377.0,462.0,,28.0,,False,
2025-12-31T18:00:00.000Z,USA,Nevada Power Company,US-NW-NEVP,375.0,461.0,,28.0,,False,
2025-12-31T19:00:00.000Z,USA,Nevada Power Company,US-NW-NEVP,382.0,468.0,,27.0,,False,
2025-12-31T20:00:00.000Z,USA,Nevada Power Company,US-NW-NEVP,388.0,476.0,,25.0,,False,
2025-12-31T21:00:00.000Z,USA,Nevada Power Company,US-NW-NEVP,383.0,473.0,,24.0,,False,
2025-12-31T22:00:00.000Z,USA,Nevada Power Company,US-NW-NEVP,386.0,479.0,,21.0,,False,
2025-12-31T23:00:00.000Z,USA,Nevada Power Company,US-NW-NEVP,397.0,493.0,,17.0,,False,
