Datetime (UTC),Country,Zone name,Zone id,Carbon intensity gCO₂eq/kWh (direct),Carbon intensity gCO₂eq/kWh (Life cycle),Carbon-free energy percentage (CFE%),Renewable energy percentage (RE%),Data source,Data estimated,Data estimation method
2025-01-01T00:00:00.000Z,TR,Turkey,TR,471.0,539.0,,28.0,,False,
2025-01-01T01:00:00.000Z,TR,Turkey,TR,475.0,545.0,,27.0,,False,
2025-01-01T02:00:00.000Z,TR,Turkey,TR,476.0,547.0,,26.0,,False,
2025-01-01T03:00:00.000Z,TR,Turkey,TR,478.0,548.0,,26.0,,False,
2025-01-01T04:00:00.000Z,TR,Turkey,TR,468.0,537.0,,28.0,,False,
2025-01-01T05:00:00.000Z,TR,Turkey,TR,469.0,536.0,,29.0,,False,
2025-01-01T06:00:00.000Z,TR,Turkey,TR,449.0,513.0,,33.0,,False,
2025-01-01T07:00:00.000Z,TR,Turkey,TR,397.0,462.0,,39.0,,False,
2025-01-01T08:00:00.000Z,TR,Turkey,TR,412.0,477.0,,37.0,,False,
2025-01-01T09:00:00.000Z,TR,Turkey,TR,413.0,479.0,,36.0,,False,
2025-01-01T10:00:00.000Z,TR,Turkey,TR,407.0,472.0,,37.0,,False,
2025-01-01T11:00:00.000Z,TR,Turkey,TR,407.0,472.0,,37.0,,False,
2025-01-01T12:00:00.000Z,TR,Turkey,TR,412.0,479.0,,35.0,,False,
2025-01-01T13:00:00.000Z,TR,Turkey,TR,416.0,486.0,,32.0,,False,
2025-01-01T14:00:00.000Z,TR,Turkey,TR,394.0,464.0,,34.0,,False,
2025-01-01T15:00:00.000Z,TR,Turkey,TR,379.0,447.0,,36.0,,False,
2025-01-01T16:00:00.000Z,TR,Turkey,TR,381.0,450.0,,36.0,,False,
2025-01-01T17:00:00.000Z,TR,Turkey,TR,386.0,455.0,,35.0,,False,
2025-01-01T18:00:00.000Z,TR,Turkey,TR,395.0,464.0,,34.0,,False,
2025-01-01T19:00:00.000Z,TR,Turkey,TR,401.0,470.0,,34.0,,False,
2025-01-01T20:00:00.000Z,TR,Turkey,TR,415.0,486.0,,32.0,,False,
2025-01-01T21:00:00.000Z,TR,Turkey,TR,433.0,505.0,,29.0,,False,
2025-01-01T22:00:00.000Z,TR,Turkey,TR,451.0,524.0,,26.0,,False,
2025-01-01T23:00:00.000Z,TR,Turkey,TR,458.0,531.0,,26.0,,False,
2025-01-02T00:00:00.000Z,TR,Turkey,TR,467.0,541.0,,25.0,,False,
2025-01-02T01:00:00.000Z,TR,Turkey,TR,464.0,537.0,,25.0,,False,
2025-01-02T02:00:00.000Z,TR,Turkey,TR,463.0,536.0,,26.0,,False,
2025-01-02T03:00:00.000Z,TR,Turkey,TR,463.0,538.0,,24.0,,False,
2025-01-02T04:00:00.000Z,TR,Turkey,TR,441.0,518.0,,25.0,,False,
2025-01-02T05:00:00.000Z,TR,Turkey,TR,391.0,464.0,,32.0,,False,
2025-01-02T06:00:00.000Z,TR,Turkey,TR,381.0,451.0,,35.0,,False,
2025-01-02T07:00:00.000Z,TR,Turkey,TR,402.0,474.0,,31.0,,False,
2025-01-02T08:00:00.000Z,TR,Turkey,TR,406.0,477.0,,32.0,,False,
2025-01-02T09:00:00.000Z,TR,Turkey,TR,412.0,482.0,,32.0,,False,
2025-01-02T10:00:00.000Z,TR,Turkey,TR,406.0,477.0,,32.0,,False,
2025-01-02T11:00:00.000Z,TR,Turkey,TR,409.0,480.0,,31.0,,False,
2025-01-02T12:00:00.000Z,TR,Turkey,TR,399.0,470.0,,32.0,,False,
2025-01-02T13:00:00.000Z,TR,Turkey,TR,378.0,450.0,,34.0,,False,
2025-01-02T14:00:00.000Z,TR,Turkey,TR,348.0,415.0,,39.0,,False,
2025-01-02T15:00:00.000Z,TR,Turkey,TR,351.0,418.0,,39.0,,False,
2025-01-02T16:00:00.000Z,TR,Turkey,TR,365.0,435.0,,36.0,,False,
2025-01-02T17:00:00.000Z,TR,Turkey,TR,371.0,440.0,,36.0,,False,
2025-01-02T18:00:00.000Z,TR,Turkey,TR,372.0,441.0,,36.0,,False,
2025-01-02T19:00:00.000Z,TR,Turkey,TR,362.0,427.0,,39.0,,False,
2025-01-02T20:00:00.000Z,TR,Turkey,TR,365.0,428.0,,41.0,,False,
2025-01-02T21:00:00.000Z,TR,Turkey,TR,380.0,443.0,,39.0,,False,
2025-01-02T22:00:00.000Z,TR,Turkey,TR,391.0,453.0,,39.0,,False,
2025-01-02T23:00:00.000Z,TR,Turkey,TR,403.0,465.0,,37.0,,False,
2025-01-03T00:00:00.000Z,TR,Turkey,TR,407.0,468.0,,37.0,,False,
2025-01-03T01:00:00.000Z,TR,Turkey,TR,405.0,466.0,,38.0,,False,
2025-01-03T02:00:00.000Z,TR,Turkey,TR,404.0,464.0,,38.0,,False,
2025-01-03T03:00:00.000Z,TR,Turkey,TR,406.0,470.0,,36.0,,False,
2025-01-03T04:00:00.000Z,TR,Turkey,TR,394.0,460.0,,35.0,,False,
2025-01-03T05:00:00.000Z,TR,Turkey,TR,360.0,424.0,,40.0,,False,
2025-01-03T06:00:00.000Z,TR,Turkey,TR,351.0,413.0,,42.0,,False,
2025-01-03T07:00:00.000Z,TR,Turkey,TR,362.0,426.0,,40.0,,False,
2025-01-03T08:00:00.000Z,TR,Turkey,TR,364.0,426.0,,41.0,,False,
2025-01-03T09:00:00.000Z,TR,Turkey,TR,369.0,428.0,,42.0,,False,
2025-01-03T10:00:00.000Z,TR,Turkey,TR,362.0,422.0,,43.0,,False,
2025-01-03T11:00:00.000Z,TR,Turkey,TR,367.0,429.0,,41.0,,False,
2025-01-03T12:00:00.000Z,TR,Turkey,TR,357.0,419.0,,41.0,,False,
2025-01-03T13:00:00.000Z,TR,Turkey,TR,352.0,417.0,,40.0,,False,
2025-01-03T14:00:00.000Z,TR,Turkey,TR,337.0,400.0,,42.0,,False,
2025-01-03T15:00:00.000Z,TR,Turkey,TR,340.0,404.0,,42.0,,False,
2025-01-03T16:00:00.000Z,TR,Turkey,TR,350.0,415.0,,40.0,,False,
2025-01-03T17:00:00.000Z,TR,Turkey,TR,351.0,416.0,,40.0,,False,
2025-01-03T18:00:00.000Z,TR,Turkey,TR,354.0,418.0,,40.0,,False,
2025-01-03T19:00:00.000Z,TR,Turkey,TR,346.0,406.0,,44.0,,False,
2025-01-03T20:00:00.000Z,TR,Turkey,TR,350.0,409.0,,44.0,,False,
2025-01-03T21:00:00.000Z,TR,Turkey,TR,359.0,418.0,,44.0,,False,
2025-01-03T22:00:00.000Z,TR,Turkey,TR,374.0,434.0,,42.0,,False,
2025-01-03T23:00:00.000Z,TR,Turkey,TR,388.0,448.0,,40.0,,False,
2025-01-04T00:00:00.000Z,TR,Turkey,TR,397.0,458.0,,39.0,,False,
2025-01-04T01:00:00.000Z,TR,Turkey,TR,403.0,465.0,,38.0,,False,
2025-01-04T02:00:00.000Z,TR,Turkey,TR,406.0,469.0,,37.0,,False,
2025-01-04T03:00:00.000Z,TR,Turkey,TR,409.0,474.0,,35.0,,False,
2025-01-04T04:00:00.000Z,TR,Turkey,TR,406.0,473.0,,34.0,,False,
2025-01-04T05:00:00.000Z,TR,Turkey,TR,399.0,469.0,,33.0,,False,
2025-01-04T06:00:00.000Z,TR,Turkey,TR,390.0,460.0,,33.0,,False,
2025-01-04T07:00:00.000Z,TR,Turkey,TR,386.0,456.0,,34.0,,False,
2025-01-04T08:00:00.000Z,TR,Turkey,TR,383.0,452.0,,35.0,,False,
2025-01-04T09:00:00.000Z,TR,Turkey,TR,390.0,459.0,,34.0,,False,
2025-01-04T10:00:00.000Z,TR,Turkey,TR,389.0,459.0,,34.0,,False,
2025-01-04T11:00:00.000Z,TR,Turkey,TR,379.0,449.0,,35.0,,False,
2025-01-04T12:00:00.000Z,TR,Turkey,TR,372.0,442.0,,36.0,,False,
2025-01-04T13:00:00.000Z,TR,Turkey,TR,364.0,434.0,,36.0,,False,
2025-01-04T14:00:00.000Z,TR,Turkey,TR,354.0,422.0,,38.0,,False,
2025-01-04T15:00:00.000Z,TR,Turkey,TR,350.0,417.0,,39.0,,False,
2025-01-04T16:00:00.000Z,TR,Turkey,TR,357.0,425.0,,38.0,,False,
2025-01-04T17:00:00.000Z,TR,Turkey,TR,369.0,439.0,,36.0,,False,
2025-01-04T18:00:00.000Z,TR,Turkey,TR,375.0,445.0,,35.0,,False,
2025-01-04T19:00:00.000Z,TR,Turkey,TR,369.0,435.0,,38.0,,False,
2025-01-04T20:00:00.000Z,TR,Turkey,TR,378.0,445.0,,37.0,,False,
2025-01-04T21:00:00.000Z,TR,Turkey,TR,398.0,466.0,,35.0,,False,
2025-01-04T22:00:00.000Z,TR,Turkey,TR,416.0,486.0,,32.0,,False,
2025-01-04T23:00:00.000Z,TR,Turkey,TR,431.0,503.0,,29.0,,False,
2025-01-05T00:00:00.000Z,TR,Turkey,TR,442.0,514.0,,28.0,,False,
2025-01-05T01:00:00.000Z,TR,Turkey,TR,447.0,519.0,,28.0,,False,
2025-01-05T02:00:00.000Z,TR,Turkey,TR,453.0,526.0,,26.0,,False,
2025-01-05T03:00:00.000Z,TR,Turkey,TR,457.0,532.0,,25.0,,False,
2025-01-05T04:00:00.000Z,TR,Turkey,TR,459.0,535.0,,24.0,,False,
2025-01-05T05:00:00.000Z,TR,Turkey,TR,465.0,543.0,,22.0,,False,
2025-01-05T06:00:00.000Z,TR,Turkey,TR,456.0,533.0,,23.0,,False,
2025-01-05T07:00:00.000Z,TR,Turkey,TR,454.0,532.0,,23.0,,False,
2025-01-05T08:00:00.000Z,TR,Turkey,TR,456.0,534.0,,23.0,,False,
2025-01-05T09:00:00.000Z,TR,Turkey,TR,454.0,531.0,,24.0,,False,
2025-01-05T10:00:00.000Z,TR,Turkey,TR,448.0,524.0,,25.0,,False,
2025-01-05T11:00:00.000Z,TR,Turkey,TR,441.0,517.0,,26.0,,False,
2025-01-05T12:00:00.000Z,TR,Turkey,TR,431.0,507.0,,27.0,,False,
2025-01-05T13:00:00.000Z,TR,Turkey,TR,423.0,500.0,,27.0,,False,
2025-01-05T14:00:00.000Z,TR,Turkey,TR,402.0,477.0,,30.0,,False,
2025-01-05T15:00:00.000Z,TR,Turkey,TR,390.0,464.0,,31.0,,False,
2025-01-05T16:00:00.000Z,TR,Turkey,TR,394.0,469.0,,31.0,,False,
2025-01-05T17:00:00.000Z,TR,Turkey,TR,400.0,475.0,,30.0,,False,
2025-01-05T18:00:00.000Z,TR,Turkey,TR,407.0,482.0,,29.0,,False,
2025-01-05T19:00:00.000Z,TR,Turkey,TR,402.0,474.0,,31.0,,False,
2025-01-05T20:00:00.000Z,TR,Turkey,TR,411.0,484.0,,30.0,,False,
2025-01-05T21:00:00.000Z,TR,Turkey,TR,436.0,511.0,,27.0,,False,
2025-01-05T22:00:00.000Z,TR,Turkey,TR,458.0,535.0,,23.0,,False,
2025-01-05T23:00:00.000Z,TR,Turkey,TR,467.0,544.0,,23.0,,False,
2025-01-06T00:00:00.000Z,TR,Turkey,TR,469.0,545.0,,23.0,,False,
2025-01-06T01:00:00.000Z,TR,Turkey,TR,471.0,548.0,,23.0,,False,
2025-01-06T02:00:00.000Z,TR,Turkey,TR,470.0,547.0,,23.0,,False,
2025-01-06T03:00:00.000Z,TR,Turkey,TR,463.0,541.0,,22.0,,False,
2025-01-06T04:00:00.000Z,TR,Turkey,TR,441.0,521.0,,23.0,,False,
2025-01-06T05:00:00.000Z,TR,Turkey,TR,395.0,471.0,,30.0,,False,
2025-01-06T06:00:00.000Z,TR,Turkey,TR,382.0,456.0,,32.0,,False,
2025-01-06T07:00:00.000Z,TR,Turkey,TR,392.0,467.0,,30.0,,False,
2025-01-06T08:00:00.000Z,TR,Turkey,TR,408.0,484.0,,28.0,,False,
2025-01-06T09:00:00.000Z,TR,Turkey,TR,419.0,496.0,,27.0,,False,
2025-01-06T10:00:00.000Z,TR,Turkey,TR,412.0,489.0,,27.0,,False,
2025-01-06T11:00:00.000Z,TR,Turkey,TR,411.0,488.0,,28.0,,False,
2025-01-06T12:00:00.000Z,TR,Turkey,TR,407.0,484.0,,28.0,,False,
2025-01-06T13:00:00.000Z,TR,Turkey,TR,389.0,463.0,,31.0,,False,
2025-01-06T14:00:00.000Z,TR,Turkey,TR,364.0,435.0,,35.0,,False,
2025-01-06T15:00:00.000Z,TR,Turkey,TR,365.0,437.0,,35.0,,False,
2025-01-06T16:00:00.000Z,TR,Turkey,TR,376.0,449.0,,33.0,,False,
2025-01-06T17:00:00.000Z,TR,Turkey,TR,384.0,457.0,,32.0,,False,
2025-01-06T18:00:00.000Z,TR,Turkey,TR,385.0,457.0,,33.0,,False,
2025-01-06T19:00:00.000Z,TR,Turkey,TR,375.0,442.0,,37.0,,False,
2025-01-06T20:00:00.000Z,TR,Turkey,TR,377.0,442.0,,38.0,,False,
2025-01-06T21:00:00.000Z,TR,Turkey,TR,389.0,454.0,,37.0,,False,
2025-01-06T22:00:00.000Z,TR,Turkey,TR,403.0,468.0,,35.0,,False,
2025-01-06T23:00:00.000Z,TR,Turkey,TR,409.0,474.0,,34.0,,False,
2025-01-07T00:00:00.000Z,TR,Turkey,TR,415.0,481.0,,34.0,,False,
2025-01-07T01:00:00.000Z,TR,Turkey,TR,416.0,480.0,,34.0,,False,
2025-01-07T02:00:00.000Z,TR,Turkey,TR,412.0,476.0,,35.0,,False,
2025-01-07T03:00:00.000Z,TR,Turkey,TR,410.0,477.0,,34.0,,False,
2025-01-07T04:00:00.000Z,TR,Turkey,TR,395.0,463.0,,34.0,,False,
2025-01-07T05:00:00.000Z,TR,Turkey,TR,361.0,427.0,,38.0,,False,
2025-01-07T06:00:00.000Z,TR,Turkey,TR,356.0,420.0,,40.0,,False,
2025-01-07T07:00:00.000Z,TR,Turkey,TR,371.0,437.0,,38.0,,False,
2025-01-07T08:00:00.000Z,TR,Turkey,TR,374.0,438.0,,38.0,,False,
2025-01-07T09:00:00.000Z,TR,Turkey,TR,363.0,424.0,,42.0,,False,
2025-01-07T10:00:00.000Z,TR,Turkey,TR,359.0,421.0,,42.0,,False,
2025-01-07T11:00:00.000Z,TR,Turkey,TR,359.0,422.0,,41.0,,False,
2025-01-07T12:00:00.000Z,TR,Turkey,TR,351.0,414.0,,42.0,,False,
2025-01-07T13:00:00.000Z,TR,Turkey,TR,355.0,420.0,,40.0,,False,
2025-01-07T14:00:00.000Z,TR,Turkey,TR,346.0,412.0,,40.0,,False,
2025-01-07T15:00:00.000Z,TR,Turkey,TR,347.0,412.0,,40.0,,False,
2025-01-07T16:00:00.000Z,TR,Turkey,TR,354.0,420.0,,39.0,,False,
2025-01-07T17:00:00.000Z,TR,Turkey,TR,356.0,421.0,,39.0,,False,
2025-01-07T18:00:00.000Z,TR,Turkey,TR,357.0,421.0,,40.0,,False,
2025-01-07T19:00:00.000Z,TR,Turkey,TR,346.0,407.0,,43.0,,False,
2025-01-07T20:00:00.000Z,TR,Turkey,TR,358.0,418.0,,43.0,,False,
2025-01-07T21:00:00.000Z,TR,Turkey,TR,377.0,436.0,,41.0,,False,
2025-01-07T22:00:00.000Z,TR,Turkey,TR,391.0,451.0,,40.0,,False,
2025-01-07T23:00:00.000Z,TR,Turkey,TR,406.0,467.0,,37.0,,False,
2025-01-08T00:00:00.000Z,TR,Turkey,TR,413.0,475.0,,36.0,,False,
2025-01-08T01:00:00.000Z,TR,Turkey,TR,416.0,478.0,,36.0,,False,
2025-01-08T02:00:00.000Z,TR,Turkey,TR,415.0,478.0,,36.0,,False,
2025-01-08T03:00:00.000Z,TR,Turkey,TR,416.0,482.0,,33.0,,False,
2025-01-08T04:00:00.000Z,TR,Turkey,TR,406.0,475.0,,32.0,,False,
2025-01-08T05:00:00.000Z,TR,Turkey,TR,373.0,441.0,,36.0,,False,
2025-01-08T06:00:00.000Z,TR,Turkey,TR,364.0,431.0,,38.0,,False,
2025-01-08T07:00:00.000Z,TR,Turkey,TR,380.0,448.0,,35.0,,False,
2025-01-08T08:00:00.000Z,TR,Turkey,TR,387.0,455.0,,35.0,,False,
2025-01-08T09:00:00.000Z,TR,Turkey,TR,378.0,444.0,,38.0,,False,
2025-01-08T10:00:00.000Z,TR,Turkey,TR,379.0,446.0,,37.0,,False,
2025-01-08T11:00:00.000Z,TR,Turkey,TR,379.0,447.0,,36.0,,False,
2025-01-08T12:00:00.000Z,TR,Turkey,TR,387.0,456.0,,34.0,,False,
2025-01-08T13:00:00.000Z,TR,Turkey,TR,377.0,448.0,,34.0,,False,
2025-01-08T14:00:00.000Z,TR,Turkey,TR,361.0,430.0,,37.0,,False,
2025-01-08T15:00:00.000Z,TR,Turkey,TR,359.0,428.0,,37.0,,False,
2025-01-08T16:00:00.000Z,TR,Turkey,TR,368.0,437.0,,36.0,,False,
2025-01-08T17:00:00.000Z,TR,Turkey,TR,374.0,445.0,,34.0,,False,
2025-01-08T18:00:00.000Z,TR,Turkey,TR,383.0,454.0,,33.0,,False,
2025-01-08T19:00:00.000Z,TR,Turkey,TR,379.0,447.0,,36.0,,False,
2025-01-08T20:00:00.000Z,TR,Turkey,TR,387.0,455.0,,35.0,,False,
2025-01-08T21:00:00.000Z,TR,Turkey,TR,409.0,480.0,,31.0,,False,
2025-01-08T22:00:00.000Z,TR,Turkey,TR,427.0,499.0,,29.0,,False,
2025-01-08T23:00:00.000Z,TR,Turkey,TR,439.0,513.0,,27.0,,False,
2025-01-09T00:00:00.000Z,TR,Turkey,TR,450.0,524.0,,25.0,,False,
2025-01-09T01:00:00.000Z,TR,Turkey,TR,454.0,528.0,,25.0,,False,
2025-01-09T02:00:00.000Z,TR,Turkey,TR,455.0,530.0,,24.0,,False,
2025-01-09T03:00:00.000Z,TR,Turkey,TR,452.0,530.0,,23.0,,False,
2025-01-09T04:00:00.000Z,TR,Turkey,TR,431.0,508.0,,25.0,,False,
2025-01-09T05:00:00.000Z,TR,Turkey,TR,398.0,473.0,,30.0,,False,
2025-01-09T06:00:00.000Z,TR,Turkey,TR,396.0,470.0,,30.0,,False,
2025-01-09T07:00:00.000Z,TR,Turkey,TR,411.0,487.0,,28.0,,False,
2025-01-09T08:00:00.000Z,TR,Turkey,TR,418.0,494.0,,27.0,,False,
2025-01-09T09:00:00.000Z,TR,Turkey,TR,429.0,502.0,,29.0,,False,
2025-01-09T10:00:00.000Z,TR,Turkey,TR,430.0,503.0,,28.0,,False,
2025-01-09T11:00:00.000Z,TR,Turkey,TR,424.0,499.0,,28.0,,False,
2025-01-09T12:00:00.000Z,TR,Turkey,TR,410.0,485.0,,30.0,,False,
2025-01-09T13:00:00.000Z,TR,Turkey,TR,393.0,467.0,,31.0,,False,
2025-01-09T14:00:00.000Z,TR,Turkey,TR,368.0,439.0,,35.0,,False,
2025-01-09T15:00:00.000Z,TR,Turkey,TR,365.0,437.0,,35.0,,False,
2025-01-09T16:00:00.000Z,TR,Turkey,TR,374.0,447.0,,34.0,,False,
2025-01-09T17:00:00.000Z,TR,Turkey,TR,383.0,456.0,,32.0,,False,
2025-01-09T18:00:00.000Z,TR,Turkey,TR,389.0,463.0,,31.0,,False,
2025-01-09T19:00:00.000Z,TR,Turkey,TR,391.0,464.0,,32.0,,False,
2025-01-09T20:00:00.000Z,TR,Turkey,TR,397.0,469.0,,32.0,,False,
2025-01-09T21:00:00.000Z,TR,Turkey,TR,413.0,485.0,,30.0,,False,
2025-01-09T22:00:00.000Z,TR,Turkey,TR,426.0,499.0,,29.0,,False,
2025-01-09T23:00:00.000Z,TR,Turkey,TR,440.0,512.0,,27.0,,False,
2025-01-10T00:00:00.000Z,TR,Turkey,TR,442.0,515.0,,27.0,,False,
2025-01-10T01:00:00.000Z,TR,Turkey,TR,443.0,516.0,,27.0,,False,
2025-01-10T02:00:00.000Z,TR,Turkey,TR,444.0,517.0,,27.0,,False,
2025-01-10T03:00:00.000Z,TR,Turkey,TR,442.0,516.0,,26.0,,False,
2025-01-10T04:00:00.000Z,TR,Turkey,TR,421.0,495.0,,28.0,,False,
2025-01-10T05:00:00.000Z,TR,Turkey,TR,380.0,451.0,,34.0,,False,
2025-01-10T06:00:00.000Z,TR,Turkey,TR,373.0,442.0,,36.0,,False,
2025-01-10T07:00:00.000Z,TR,Turkey,TR,390.0,461.0,,33.0,,False,
2025-01-10T08:00:00.000Z,TR,Turkey,TR,396.0,466.0,,33.0,,False,
2025-01-10T09:00:00.000Z,TR,Turkey,TR,403.0,469.0,,35.0,,False,
2025-01-10T10:00:00.000Z,TR,Turkey,TR,416.0,484.0,,33.0,,False,
2025-01-10T11:00:00.000Z,TR,Turkey,TR,406.0,474.0,,33.0,,False,
2025-01-10T12:00:00.000Z,TR,Turkey,TR,398.0,468.0,,33.0,,False,
2025-01-10T13:00:00.000Z,TR,Turkey,TR,387.0,459.0,,33.0,,False,
2025-01-10T14:00:00.000Z,TR,Turkey,TR,361.0,430.0,,37.0,,False,
2025-01-10T15:00:00.000Z,TR,Turkey,TR,356.0,425.0,,38.0,,False,
2025-01-10T16:00:00.000Z,TR,Turkey,TR,364.0,434.0,,36.0,,False,
2025-01-10T17:00:00.000Z,TR,Turkey,TR,373.0,443.0,,35.0,,False,
2025-01-10T18:00:00.000Z,TR,Turkey,TR,379.0,449.0,,34.0,,False,
2025-01-10T19:00:00.000Z,TR,Turkey,TR,367.0,432.0,,38.0,,False,
2025-01-10T20:00:00.000Z,TR,Turkey,TR,371.0,435.0,,39.0,,False,
2025-01-10T21:00:00.000Z,TR,Turkey,TR,389.0,454.0,,37.0,,False,
2025-01-10T22:00:00.000Z,TR,Turkey,TR,407.0,473.0,,34.0,,False,
2025-01-10T23:00:00.000Z,TR,Turkey,TR,422.0,490.0,,32.0,,False,
2025-01-11T00:00:00.000Z,TR,Turkey,TR,435.0,505.0,,30.0,,False,
2025-01-11T01:00:00.000Z,TR,Turkey,TR,443.0,514.0,,28.0,,False,
2025-01-11T02:00:00.000Z,TR,Turkey,TR,445.0,516.0,,27.0,,False,
2025-01-11T03:00:00.000Z,TR,Turkey,TR,443.0,516.0,,27.0,,False,
2025-01-11T04:00:00.000Z,TR,Turkey,TR,436.0,509.0,,27.0,,False,
2025-01-11T05:00:00.000Z,TR,Turkey,TR,410.0,481.0,,31.0,,False,
2025-01-11T06:00:00.000Z,TR,Turkey,TR,400.0,469.0,,33.0,,False,
2025-01-11T07:00:00.000Z,TR,Turkey,TR,406.0,476.0,,32.0,,False,
2025-01-11T08:00:00.000Z,TR,Turkey,TR,399.0,466.0,,35.0,,False,
2025-01-11T09:00:00.000Z,TR,Turkey,TR,401.0,465.0,,36.0,,False,
2025-01-11T10:00:00.000Z,TR,Turkey,TR,396.0,461.0,,37.0,,False,
2025-01-11T11:00:00.000Z,TR,Turkey,TR,392.0,458.0,,37.0,,False,
2025-01-11T12:00:00.000Z,TR,Turkey,TR,389.0,456.0,,36.0,,False,
2025-01-11T13:00:00.000Z,TR,Turkey,TR,392.0,462.0,,33.0,,False,
2025-01-11T14:00:00.000Z,TR,Turkey,TR,379.0,449.0,,35.0,,False,
2025-01-11T15:00:00.000Z,TR,Turkey,TR,368.0,437.0,,36.0,,False,
2025-01-11T16:00:00.000Z,TR,Turkey,TR,379.0,449.0,,35.0,,False,
2025-01-11T17:00:00.000Z,TR,Turkey,TR,389.0,461.0,,33.0,,False,
2025-01-11T18:00:00.000Z,TR,Turkey,TR,394.0,465.0,,32.0,,False,
2025-01-11T19:00:00.000Z,TR,Turkey,TR,389.0,457.0,,35.0,,False,
2025-01-11T20:00:00.000Z,TR,Turkey,TR,397.0,466.0,,34.0,,False,
2025-01-11T21:00:00.000Z,TR,Turkey,TR,410.0,478.0,,33.0,,False,
2025-01-11T22:00:00.000Z,TR,Turkey,TR,428.0,497.0,,31.0,,False,
2025-01-11T23:00:00.000Z,TR,Turkey,TR,441.0,510.0,,30.0,,False,
2025-01-12T00:00:00.000Z,TR,Turkey,TR,450.0,520.0,,29.0,,False,
2025-01-12T01:00:00.000Z,TR,Turkey,TR,456.0,527.0,,28.0,,False,
2025-01-12T02:00:00.000Z,TR,Turkey,TR,457.0,528.0,,28.0,,False,
2025-01-12T03:00:00.000Z,TR,Turkey,TR,458.0,529.0,,27.0,,False,
2025-01-12T04:00:00.000Z,TR,Turkey,TR,452.0,522.0,,28.0,,False,
2025-01-12T05:00:00.000Z,TR,Turkey,TR,442.0,510.0,,31.0,,False,
2025-01-12T06:00:00.000Z,TR,Turkey,TR,422.0,485.0,,35.0,,False,
2025-01-12T07:00:00.000Z,TR,Turkey,TR,397.0,458.0,,40.0,,False,
2025-01-12T08:00:00.000Z,TR,Turkey,TR,377.0,436.0,,43.0,,False,
2025-01-12T09:00:00.000Z,TR,Turkey,TR,364.0,423.0,,44.0,,False,
2025-01-12T10:00:00.000Z,TR,Turkey,TR,380.0,439.0,,42.0,,False,
2025-01-12T11:00:00.000Z,TR,Turkey,TR,390.0,449.0,,41.0,,False,
2025-01-12T12:00:00.000Z,TR,Turkey,TR,401.0,464.0,,38.0,,False,
2025-01-12T13:00:00.000Z,TR,Turkey,TR,395.0,458.0,,37.0,,False,
2025-01-12T14:00:00.000Z,TR,Turkey,TR,378.0,441.0,,38.0,,False,
2025-01-12T15:00:00.000Z,TR,Turkey,TR,365.0,428.0,,40.0,,False,
2025-01-12T16:00:00.000Z,TR,Turkey,TR,366.0,429.0,,40.0,,False,
2025-01-12T17:00:00.000Z,TR,Turkey,TR,367.0,428.0,,41.0,,False,
2025-01-12T18:00:00.000Z,TR,Turkey,TR,366.0,426.0,,42.0,,False,
2025-01-12T19:00:00.000Z,TR,Turkey,TR,345.0,401.0,,47.0,,False,
2025-01-12T20:00:00.000Z,TR,Turkey,TR,359.0,414.0,,46.0,,False,
2025-01-12T21:00:00.000Z,TR,Turkey,TR,377.0,432.0,,44.0,,False,
2025-01-12T22:00:00.000Z,TR,Turkey,TR,398.0,455.0,,41.0,,False,
2025-01-12T23:00:00.000Z,TR,Turkey,TR,408.0,467.0,,39.0,,False,
2025-01-13T00:00:00.000Z,TR,Turkey,TR,414.0,473.0,,38.0,,False,
2025-01-13T01:00:00.000Z,TR,Turkey,TR,419.0,478.0,,38.0,,False,
2025-01-13T02:00:00.000Z,TR,Turkey,TR,424.0,483.0,,37.0,,False,
2025-01-13T03:00:00.000Z,TR,Turkey,TR,421.0,482.0,,36.0,,False,
2025-01-13T04:00:00.000Z,TR,Turkey,TR,410.0,475.0,,34.0,,False,
2025-01-13T05:00:00.000Z,TR,Turkey,TR,393.0,464.0,,32.0,,False,
2025-01-13T06:00:00.000Z,TR,Turkey,TR,378.0,447.0,,34.0,,False,
2025-01-13T07:00:00.000Z,TR,Turkey,TR,377.0,447.0,,34.0,,False,
2025-01-13T08:00:00.000Z,TR,Turkey,TR,374.0,443.0,,35.0,,False,
2025-01-13T09:00:00.000Z,TR,Turkey,TR,379.0,447.0,,35.0,,False,
2025-01-13T10:00:00.000Z,TR,Turkey,TR,378.0,447.0,,35.0,,False,
2025-01-13T11:00:00.000Z,TR,Turkey,TR,367.0,435.0,,36.0,,False,
2025-01-13T12:00:00.000Z,TR,Turkey,TR,364.0,432.0,,36.0,,False,
2025-01-13T13:00:00.000Z,TR,Turkey,TR,354.0,421.0,,38.0,,False,
2025-01-13T14:00:00.000Z,TR,Turkey,TR,347.0,413.0,,39.0,,False,
2025-01-13T15:00:00.000Z,TR,Turkey,TR,355.0,423.0,,38.0,,False,
2025-01-13T16:00:00.000Z,TR,Turkey,TR,367.0,436.0,,36.0,,False,
2025-01-13T17:00:00.000Z,TR,Turkey,TR,375.0,444.0,,35.0,,False,
2025-01-13T18:00:00.000Z,TR,Turkey,TR,379.0,448.0,,34.0,,False,
2025-01-13T19:00:00.000Z,TR,Turkey,TR,366.0,430.0,,39.0,,False,
2025-01-13T20:00:00.000Z,TR,Turkey,TR,377.0,441.0,,38.0,,False,
2025-01-13T21:00:00.000Z,TR,Turkey,TR,392.0,457.0,,37.0,,False,
2025-01-13T22:00:00.000Z,TR,Turkey,TR,409.0,475.0,,35.0,,False,
2025-01-13T23:00:00.000Z,TR,Turkey,TR,418.0,483.0,,34.0,,False,
2025-01-14T00:00:00.000Z,TR,Turkey,TR,424.0,488.0,,34.0,,False,
2025-01-14T01:00:00.000Z,TR,Turkey,TR,425.0,488.0,,34.0,,False,
2025-01-14T02:00:00.000Z,TR,Turkey,TR,424.0,488.0,,34.0,,False,
2025-01-14T03:00:00.000Z,TR,Turkey,TR,419.0,485.0,,33.0,,False,
2025-01-14T04:00:00.000Z,TR,Turkey,TR,409.0,477.0,,32.0,,False,
2025-01-14T05:00:00.000Z,TR,Turkey,TR,386.0,456.0,,33.0,,False,
2025-01-14T06:00:00.000Z,TR,Turkey,TR,369.0,436.0,,37.0,,False,
2025-01-14T07:00:00.000Z,TR,Turkey,TR,377.0,445.0,,35.0,,False,
2025-01-14T08:00:00.000Z,TR,Turkey,TR,381.0,451.0,,34.0,,False,
2025-01-14T09:00:00.000Z,TR,Turkey,TR,388.0,456.0,,35.0,,False,
2025-01-14T10:00:00.000Z,TR,Turkey,TR,390.0,459.0,,34.0,,False,
2025-01-14T11:00:00.000Z,TR,Turkey,TR,380.0,449.0,,35.0,,False,
2025-01-14T12:00:00.000Z,TR,Turkey,TR,373.0,442.0,,35.0,,False,
2025-01-14T13:00:00.000Z,TR,Turkey,TR,360.0,427.0,,38.0,,False,
2025-01-14T14:00:00.000Z,TR,Turkey,TR,349.0,415.0,,39.0,,False,
2025-01-14T15:00:00.000Z,TR,Turkey,TR,352.0,419.0,,39.0,,False,
2025-01-14T16:00:00.000Z,TR,Turkey,TR,363.0,430.0,,37.0,,False,
2025-01-14T17:00:00.000Z,TR,Turkey,TR,368.0,435.0,,37.0,,False,
2025-01-14T18:00:00.000Z,TR,Turkey,TR,375.0,443.0,,36.0,,False,
2025-01-14T19:00:00.000Z,TR,Turkey,TR,370.0,435.0,,39.0,,False,
2025-01-14T20:00:00.000Z,TR,Turkey,TR,376.0,440.0,,39.0,,False,
2025-01-14T21:00:00.000Z,TR,Turkey,TR,376.0,437.0,,41.0,,False,
2025-01-14T22:00:00.000Z,TR,Turkey,TR,381.0,444.0,,39.0,,False,
2025-01-14T23:00:00.000Z,TR,Turkey,TR,399.0,462.0,,37.0,,False,
2025-01-15T00:00:00.000Z,TR,Turkey,TR,407.0,471.0,,36.0,,False,
2025-01-15T01:00:00.000Z,TR,Turkey,TR,415.0,481.0,,34.0,,False,
2025-01-15T02:00:00.000Z,TR,Turkey,TR,411.0,477.0,,34.0,,False,
2025-01-15T03:00:00.000Z,TR,Turkey,TR,407.0,474.0,,34.0,,False,
2025-01-15T04:00:00.000Z,TR,Turkey,TR,402.0,473.0,,32.0,,False,
2025-01-15T05:00:00.000Z,TR,Turkey,TR,384.0,458.0,,31.0,,False,
2025-01-15T06:00:00.000Z,TR,Turkey,TR,373.0,446.0,,33.0,,False,
2025-01-15T07:00:00.000Z,TR,Turkey,TR,379.0,453.0,,32.0,,False,
2025-01-15T08:00:00.000Z,TR,Turkey,TR,383.0,457.0,,32.0,,False,
2025-01-15T09:00:00.000Z,TR,Turkey,TR,395.0,470.0,,30.0,,False,
2025-01-15T10:00:00.000Z,TR,Turkey,TR,395.0,470.0,,29.0,,False,
2025-01-15T11:00:00.000Z,TR,Turkey,TR,384.0,458.0,,31.0,,False,
2025-01-15T12:00:00.000Z,TR,Turkey,TR,375.0,449.0,,32.0,,False,
2025-01-15T13:00:00.000Z,TR,Turkey,TR,363.0,435.0,,35.0,,False,
2025-01-15T14:00:00.000Z,TR,Turkey,TR,348.0,418.0,,37.0,,False,
2025-01-15T15:00:00.000Z,TR,Turkey,TR,353.0,424.0,,36.0,,False,
2025-01-15T16:00:00.000Z,TR,Turkey,TR,363.0,436.0,,34.0,,False,
2025-01-15T17:00:00.000Z,TR,Turkey,TR,371.0,445.0,,33.0,,False,
2025-01-15T18:00:00.000Z,TR,Turkey,TR,380.0,455.0,,31.0,,False,
2025-01-15T19:00:00.000Z,TR,Turkey,TR,377.0,450.0,,33.0,,False,
2025-01-15T20:00:00.000Z,TR,Turkey,TR,380.0,452.0,,34.0,,False,
2025-01-15T21:00:00.000Z,TR,Turkey,TR,397.0,470.0,,32.0,,False,
2025-01-15T22:00:00.000Z,TR,Turkey,TR,416.0,490.0,,29.0,,False,
2025-01-15T23:00:00.000Z,TR,Turkey,TR,427.0,502.0,,27.0,,False,
2025-01-16T00:00:00.000Z,TR,Turkey,TR,434.0,509.0,,27.0,,False,
2025-01-16T01:00:00.000Z,TR,Turkey,TR,437.0,512.0,,27.0,,False,
2025-01-16T02:00:00.000Z,TR,Turkey,TR,437.0,511.0,,27.0,,False,
2025-01-16T03:00:00.000Z,TR,Turkey,TR,431.0,506.0,,27.0,,False,
2025-01-16T04:00:00.000Z,TR,Turkey,TR,419.0,494.0,,27.0,,False,
2025-01-16T05:00:00.000Z,TR,Turkey,TR,380.0,453.0,,33.0,,False,
2025-01-16T06:00:00.000Z,TR,Turkey,TR,371.0,442.0,,35.0,,False,
2025-01-16T07:00:00.000Z,TR,Turkey,TR,380.0,452.0,,33.0,,False,
2025-01-16T08:00:00.000Z,TR,Turkey,TR,389.0,461.0,,32.0,,False,
2025-01-16T09:00:00.000Z,TR,Turkey,TR,404.0,478.0,,29.0,,False,
2025-01-16T10:00:00.000Z,TR,Turkey,TR,397.0,471.0,,30.0,,False,
2025-01-16T11:00:00.000Z,TR,Turkey,TR,386.0,458.0,,33.0,,False,
2025-01-16T12:00:00.000Z,TR,Turkey,TR,378.0,450.0,,33.0,,False,
2025-01-16T13:00:00.000Z,TR,Turkey,TR,363.0,433.0,,36.0,,False,
2025-01-16T14:00:00.000Z,TR,Turkey,TR,345.0,413.0,,39.0,,False,
2025-01-16T15:00:00.000Z,TR,Turkey,TR,346.0,414.0,,39.0,,False,
2025-01-16T16:00:00.000Z,TR,Turkey,TR,353.0,422.0,,38.0,,False,
2025-01-16T17:00:00.000Z,TR,Turkey,TR,358.0,427.0,,37.0,,False,
2025-01-16T18:00:00.000Z,TR,Turkey,TR,362.0,431.0,,36.0,,False,
2025-01-16T19:00:00.000Z,TR,Turkey,TR,359.0,425.0,,39.0,,False,
2025-01-16T20:00:00.000Z,TR,Turkey,TR,365.0,430.0,,39.0,,False,
2025-01-16T21:00:00.000Z,TR,Turkey,TR,381.0,447.0,,37.0,,False,
2025-01-16T22:00:00.000Z,TR,Turkey,TR,398.0,466.0,,34.0,,False,
2025-01-16T23:00:00.000Z,TR,Turkey,TR,404.0,472.0,,34.0,,False,
2025-01-17T00:00:00.000Z,TR,Turkey,TR,406.0,473.0,,34.0,,False,
2025-01-17T01:00:00.000Z,TR,Turkey,TR,409.0,476.0,,34.0,,False,
2025-01-17T02:00:00.000Z,TR,Turkey,TR,410.0,477.0,,34.0,,False,
2025-01-17T03:00:00.000Z,TR,Turkey,TR,407.0,476.0,,33.0,,False,
2025-01-17T04:00:00.000Z,TR,Turkey,TR,382.0,453.0,,34.0,,False,
2025-01-17T05:00:00.000Z,TR,Turkey,TR,360.0,428.0,,37.0,,False,
2025-01-17T06:00:00.000Z,TR,Turkey,TR,352.0,419.0,,39.0,,False,
2025-01-17T07:00:00.000Z,TR,Turkey,TR,373.0,442.0,,35.0,,False,
2025-01-17T08:00:00.000Z,TR,Turkey,TR,393.0,466.0,,32.0,,False,
2025-01-17T09:00:00.000Z,TR,Turkey,TR,407.0,480.0,,31.0,,False,
2025-01-17T10:00:00.000Z,TR,Turkey,TR,413.0,484.0,,31.0,,False,
2025-01-17T11:00:00.000Z,TR,Turkey,TR,404.0,476.0,,31.0,,False,
2025-01-17T12:00:00.000Z,TR,Turkey,TR,388.0,460.0,,33.0,,False,
2025-01-17T13:00:00.000Z,TR,Turkey,TR,377.0,448.0,,34.0,,False,
2025-01-17T14:00:00.000Z,TR,Turkey,TR,355.0,425.0,,37.0,,False,
2025-01-17T15:00:00.000Z,TR,Turkey,TR,347.0,415.0,,39.0,,False,
2025-01-17T16:00:00.000Z,TR,Turkey,TR,352.0,420.0,,38.0,,False,
2025-01-17T17:00:00.000Z,TR,Turkey,TR,363.0,433.0,,36.0,,False,
2025-01-17T18:00:00.000Z,TR,Turkey,TR,370.0,441.0,,35.0,,False,
2025-01-17T19:00:00.000Z,TR,Turkey,TR,376.0,447.0,,34.0,,False,
2025-01-17T20:00:00.000Z,TR,Turkey,TR,381.0,450.0,,35.0,,False,
2025-01-17T21:00:00.000Z,TR,Turkey,TR,387.0,456.0,,35.0,,False,
2025-01-17T22:00:00.000Z,TR,Turkey,TR,395.0,462.0,,36.0,,False,
2025-01-17T23:00:00.000Z,TR,Turkey,TR,407.0,473.0,,35.0,,False,
2025-01-18T00:00:00.000Z,TR,Turkey,TR,410.0,476.0,,35.0,,False,
2025-01-18T01:00:00.000Z,TR,Turkey,TR,412.0,478.0,,35.0,,False,
2025-01-18T02:00:00.000Z,TR,Turkey,TR,416.0,483.0,,34.0,,False,
2025-01-18T03:00:00.000Z,TR,Turkey,TR,412.0,479.0,,34.0,,False,
2025-01-18T04:00:00.000Z,TR,Turkey,TR,400.0,465.0,,36.0,,False,
2025-01-18T05:00:00.000Z,TR,Turkey,TR,373.0,435.0,,40.0,,False,
2025-01-18T06:00:00.000Z,TR,Turkey,TR,363.0,424.0,,43.0,,False,
2025-01-18T07:00:00.000Z,TR,Turkey,TR,356.0,415.0,,45.0,,False,
2025-01-18T08:00:00.000Z,TR,Turkey,TR,351.0,410.0,,46.0,,False,
2025-01-18T09:00:00.000Z,TR,Turkey,TR,338.0,397.0,,47.0,,False,
2025-01-18T10:00:00.000Z,TR,Turkey,TR,338.0,397.0,,47.0,,False,
2025-01-18T11:00:00.000Z,TR,Turkey,TR,346.0,404.0,,47.0,,False,
2025-01-18T12:00:00.000Z,TR,Turkey,TR,336.0,395.0,,47.0,,False,
2025-01-18T13:00:00.000Z,TR,Turkey,TR,338.0,397.0,,46.0,,False,
2025-01-18T14:00:00.000Z,TR,Turkey,TR,346.0,407.0,,43.0,,False,
2025-01-18T15:00:00.000Z,TR,Turkey,TR,337.0,399.0,,44.0,,False,
2025-01-18T16:00:00.000Z,TR,Turkey,TR,339.0,400.0,,44.0,,False,
2025-01-18T17:00:00.000Z,TR,Turkey,TR,346.0,408.0,,43.0,,False,
2025-01-18T18:00:00.000Z,TR,Turkey,TR,353.0,416.0,,42.0,,False,
2025-01-18T19:00:00.000Z,TR,Turkey,TR,362.0,425.0,,41.0,,False,
2025-01-18T20:00:00.000Z,TR,Turkey,TR,367.0,429.0,,41.0,,False,
2025-01-18T21:00:00.000Z,TR,Turkey,TR,375.0,438.0,,40.0,,False,
2025-01-18T22:00:00.000Z,TR,Turkey,TR,387.0,450.0,,39.0,,False,
2025-01-18T23:00:00.000Z,TR,Turkey,TR,401.0,464.0,,38.0,,False,
2025-01-19T00:00:00.000Z,TR,Turkey,TR,416.0,479.0,,37.0,,False,
2025-01-19T01:00:00.000Z,TR,Turkey,TR,420.0,482.0,,36.0,,False,
2025-01-19T02:00:00.000Z,TR,Turkey,TR,420.0,483.0,,36.0,,False,
2025-01-19T03:00:00.000Z,TR,Turkey,TR,424.0,490.0,,34.0,,False,
2025-01-19T04:00:00.000Z,TR,Turkey,TR,423.0,488.0,,34.0,,False,
2025-01-19T05:00:00.000Z,TR,Turkey,TR,423.0,486.0,,35.0,,False,
2025-01-19T06:00:00.000Z,TR,Turkey,TR,416.0,477.0,,38.0,,False,
2025-01-19T07:00:00.000Z,TR,Turkey,TR,390.0,449.0,,43.0,,False,
2025-01-19T08:00:00.000Z,TR,Turkey,TR,363.0,421.0,,47.0,,False,
2025-01-19T09:00:00.000Z,TR,Turkey,TR,362.0,420.0,,46.0,,False,
2025-01-19T10:00:00.000Z,TR,Turkey,TR,350.0,407.0,,48.0,,False,
2025-01-19T11:00:00.000Z,TR,Turkey,TR,349.0,406.0,,48.0,,False,
2025-01-19T12:00:00.000Z,TR,Turkey,TR,343.0,400.0,,48.0,,False,
2025-01-19T13:00:00.000Z,TR,Turkey,TR,373.0,432.0,,43.0,,False,
2025-01-19T14:00:00.000Z,TR,Turkey,TR,377.0,440.0,,40.0,,False,
2025-01-19T15:00:00.000Z,TR,Turkey,TR,356.0,418.0,,42.0,,False,
2025-01-19T16:00:00.000Z,TR,Turkey,TR,356.0,418.0,,42.0,,False,
2025-01-19T17:00:00.000Z,TR,Turkey,TR,362.0,425.0,,41.0,,False,
2025-01-19T18:00:00.000Z,TR,Turkey,TR,361.0,423.0,,42.0,,False,
2025-01-19T19:00:00.000Z,TR,Turkey,TR,350.0,408.0,,45.0,,False,
2025-01-19T20:00:00.000Z,TR,Turkey,TR,353.0,410.0,,46.0,,False,
2025-01-19T21:00:00.000Z,TR,Turkey,TR,353.0,409.0,,47.0,,False,
2025-01-19T22:00:00.000Z,TR,Turkey,TR,364.0,420.0,,45.0,,False,
2025-01-19T23:00:00.000Z,TR,Turkey,TR,356.0,413.0,,45.0,,False,
2025-01-20T00:00:00.000Z,TR,Turkey,TR,359.0,416.0,,45.0,,False,
2025-01-20T01:00:00.000Z,TR,Turkey,TR,369.0,427.0,,44.0,,False,
2025-01-20T02:00:00.000Z,TR,Turkey,TR,368.0,425.0,,45.0,,False,
2025-01-20T03:00:00.000Z,TR,Turkey,TR,370.0,429.0,,43.0,,False,
2025-01-20T04:00:00.000Z,TR,Turkey,TR,373.0,435.0,,41.0,,False,
2025-01-20T05:00:00.000Z,TR,Turkey,TR,349.0,411.0,,43.0,,False,
2025-01-20T06:00:00.000Z,TR,Turkey,TR,346.0,408.0,,43.0,,False,
2025-01-20T07:00:00.000Z,TR,Turkey,TR,355.0,417.0,,42.0,,False,
2025-01-20T08:00:00.000Z,TR,Turkey,TR,348.0,409.0,,44.0,,False,
2025-01-20T09:00:00.000Z,TR,Turkey,TR,347.0,409.0,,44.0,,False,
2025-01-20T10:00:00.000Z,TR,Turkey,TR,352.0,414.0,,44.0,,False,
2025-01-20T11:00:00.000Z,TR,Turkey,TR,358.0,420.0,,43.0,,False,
2025-01-20T12:00:00.000Z,TR,Turkey,TR,349.0,412.0,,43.0,,False,
2025-01-20T13:00:00.000Z,TR,Turkey,TR,348.0,413.0,,41.0,,False,
2025-01-20T14:00:00.000Z,TR,Turkey,TR,331.0,395.0,,43.0,,False,
2025-01-20T15:00:00.000Z,TR,Turkey,TR,324.0,387.0,,45.0,,False,
2025-01-20T16:00:00.000Z,TR,Turkey,TR,337.0,402.0,,42.0,,False,
2025-01-20T17:00:00.000Z,TR,Turkey,TR,347.0,413.0,,40.0,,False,
2025-01-20T18:00:00.000Z,TR,Turkey,TR,356.0,423.0,,39.0,,False,
2025-01-20T19:00:00.000Z,TR,Turkey,TR,365.0,433.0,,38.0,,False,
2025-01-20T20:00:00.000Z,TR,Turkey,TR,376.0,444.0,,36.0,,False,
2025-01-20T21:00:00.000Z,TR,Turkey,TR,401.0,473.0,,31.0,,False,
2025-01-20T22:00:00.000Z,TR,Turkey,TR,419.0,493.0,,29.0,,False,
2025-01-20T23:00:00.000Z,TR,Turkey,TR,435.0,510.0,,26.0,,False,
2025-01-21T00:00:00.000Z,TR,Turkey,TR,446.0,523.0,,25.0,,False,
2025-01-21T01:00:00.000Z,TR,Turkey,TR,453.0,530.0,,24.0,,False,
2025-01-21T02:00:00.000Z,TR,Turkey,TR,458.0,536.0,,23.0,,False,
2025-01-21T03:00:00.000Z,TR,Turkey,TR,453.0,532.0,,22.0,,False,
2025-01-21T04:00:00.000Z,TR,Turkey,TR,435.0,512.0,,25.0,,False,
2025-01-21T05:00:00.000Z,TR,Turkey,TR,397.0,472.0,,30.0,,False,
2025-01-21T06:00:00.000Z,TR,Turkey,TR,388.0,462.0,,32.0,,False,
2025-01-21T07:00:00.000Z,TR,Turkey,TR,398.0,472.0,,30.0,,False,
2025-01-21T08:00:00.000Z,TR,Turkey,TR,405.0,480.0,,29.0,,False,
2025-01-21T09:00:00.000Z,TR,Turkey,TR,412.0,486.0,,30.0,,False,
2025-01-21T10:00:00.000Z,TR,Turkey,TR,414.0,489.0,,29.0,,False,
2025-01-21T11:00:00.000Z,TR,Turkey,TR,411.0,488.0,,28.0,,False,
2025-01-21T12:00:00.000Z,TR,Turkey,TR,404.0,481.0,,28.0,,False,
2025-01-21T13:00:00.000Z,TR,Turkey,TR,385.0,460.0,,31.0,,False,
2025-01-21T14:00:00.000Z,TR,Turkey,TR,366.0,439.0,,34.0,,False,
2025-01-21T15:00:00.000Z,TR,Turkey,TR,367.0,440.0,,34.0,,False,
2025-01-21T16:00:00.000Z,TR,Turkey,TR,376.0,451.0,,32.0,,False,
2025-01-21T17:00:00.000Z,TR,Turkey,TR,385.0,460.0,,31.0,,False,
2025-01-21T18:00:00.000Z,TR,Turkey,TR,392.0,468.0,,30.0,,False,
2025-01-21T19:00:00.000Z,TR,Turkey,TR,387.0,458.0,,33.0,,False,
2025-01-21T20:00:00.000Z,TR,Turkey,TR,393.0,464.0,,33.0,,False,
2025-01-21T21:00:00.000Z,TR,Turkey,TR,406.0,476.0,,32.0,,False,
2025-01-21T22:00:00.000Z,TR,Turkey,TR,418.0,489.0,,31.0,,False,
2025-01-21T23:00:00.000Z,TR,Turkey,TR,430.0,501.0,,29.0,,False,
2025-01-22T00:00:00.000Z,TR,Turkey,TR,442.0,515.0,,27.0,,False,
2025-01-22T01:00:00.000Z,TR,Turkey,TR,447.0,522.0,,26.0,,False,
2025-01-22T02:00:00.000Z,TR,Turkey,TR,449.0,524.0,,25.0,,False,
2025-01-22T03:00:00.000Z,TR,Turkey,TR,447.0,524.0,,24.0,,False,
2025-01-22T04:00:00.000Z,TR,Turkey,TR,433.0,511.0,,25.0,,False,
2025-01-22T05:00:00.000Z,TR,Turkey,TR,408.0,484.0,,28.0,,False,
2025-01-22T06:00:00.000Z,TR,Turkey,TR,390.0,467.0,,29.0,,False,
2025-01-22T07:00:00.000Z,TR,Turkey,TR,387.0,463.0,,30.0,,False,
2025-01-22T08:00:00.000Z,TR,Turkey,TR,381.0,457.0,,31.0,,False,
2025-01-22T09:00:00.000Z,TR,Turkey,TR,396.0,473.0,,29.0,,False,
2025-01-22T10:00:00.000Z,TR,Turkey,TR,395.0,472.0,,29.0,,False,
2025-01-22T11:00:00.000Z,TR,Turkey,TR,382.0,457.0,,31.0,,False,
2025-01-22T12:00:00.000Z,TR,Turkey,TR,372.0,446.0,,33.0,,False,
2025-01-22T13:00:00.000Z,TR,Turkey,TR,364.0,437.0,,35.0,,False,
2025-01-22T14:00:00.000Z,TR,Turkey,TR,359.0,431.0,,35.0,,False,
2025-01-22T15:00:00.000Z,TR,Turkey,TR,359.0,431.0,,35.0,,False,
2025-01-22T16:00:00.000Z,TR,Turkey,TR,367.0,440.0,,34.0,,False,
2025-01-22T17:00:00.000Z,TR,Turkey,TR,379.0,454.0,,32.0,,False,
2025-01-22T18:00:00.000Z,TR,Turkey,TR,388.0,464.0,,30.0,,False,
2025-01-22T19:00:00.000Z,TR,Turkey,TR,388.0,462.0,,32.0,,False,
2025-01-22T20:00:00.000Z,TR,Turkey,TR,388.0,461.0,,32.0,,False,
2025-01-22T21:00:00.000Z,TR,Turkey,TR,409.0,483.0,,30.0,,False,
2025-01-22T22:00:00.000Z,TR,Turkey,TR,434.0,511.0,,26.0,,False,
2025-01-22T23:00:00.000Z,TR,Turkey,TR,450.0,529.0,,23.0,,False,
2025-01-23T00:00:00.000Z,TR,Turkey,TR,460.0,539.0,,22.0,,False,
2025-01-23T01:00:00.000Z,TR,Turkey,TR,464.0,544.0,,21.0,,False,
2025-01-23T02:00:00.000Z,TR,Turkey,TR,467.0,549.0,,20.0,,False,
2025-01-23T03:00:00.000Z,TR,Turkey,TR,464.0,546.0,,20.0,,False,
2025-01-23T04:00:00.000Z,TR,Turkey,TR,442.0,523.0,,22.0,,False,
2025-01-23T05:00:00.000Z,TR,Turkey,TR,404.0,482.0,,27.0,,False,
2025-01-23T06:00:00.000Z,TR,Turkey,TR,380.0,455.0,,32.0,,False,
2025-01-23T07:00:00.000Z,TR,Turkey,TR,380.0,454.0,,32.0,,False,
2025-01-23T08:00:00.000Z,TR,Turkey,TR,383.0,458.0,,31.0,,False,
2025-01-23T09:00:00.000Z,TR,Turkey,TR,402.0,479.0,,28.0,,False,
2025-01-23T10:00:00.000Z,TR,Turkey,TR,402.0,480.0,,27.0,,False,
2025-01-23T11:00:00.000Z,TR,Turkey,TR,392.0,468.0,,30.0,,False,
2025-01-23T12:00:00.000Z,TR,Turkey,TR,389.0,465.0,,30.0,,False,
2025-01-23T13:00:00.000Z,TR,Turkey,TR,381.0,456.0,,31.0,,False,
2025-01-23T14:00:00.000Z,TR,Turkey,TR,367.0,440.0,,34.0,,False,
2025-01-23T15:00:00.000Z,TR,Turkey,TR,367.0,440.0,,34.0,,False,
2025-01-23T16:00:00.000Z,TR,Turkey,TR,376.0,451.0,,32.0,,False,
2025-01-23T17:00:00.000Z,TR,Turkey,TR,386.0,462.0,,30.0,,False,
2025-01-23T18:00:00.000Z,TR,Turkey,TR,394.0,470.0,,29.0,,False,
2025-01-23T19:00:00.000Z,TR,Turkey,TR,391.0,464.0,,31.0,,False,
2025-01-23T20:00:00.000Z,TR,Turkey,TR,396.0,469.0,,31.0,,False,
2025-01-23T21:00:00.000Z,TR,Turkey,TR,420.0,494.0,,28.0,,False,
2025-01-23T22:00:00.000Z,TR,Turkey,TR,439.0,515.0,,25.0,,False,
2025-01-23T23:00:00.000Z,TR,Turkey,TR,452.0,529.0,,23.0,,False,
2025-01-24T00:00:00.000Z,TR,Turkey,TR,460.0,537.0,,22.0,,False,
2025-01-24T01:00:00.000Z,TR,Turkey,TR,460.0,537.0,,23.0,,False,
2025-01-24T02:00:00.000Z,TR,Turkey,TR,461.0,538.0,,23.0,,False,
2025-01-24T03:00:00.000Z,TR,Turkey,TR,455.0,533.0,,23.0,,False,
2025-01-24T04:00:00.000Z,TR,Turkey,TR,440.0,518.0,,24.0,,False,
2025-01-24T05:00:00.000Z,TR,Turkey,TR,400.0,474.0,,30.0,,False,
2025-01-24T06:00:00.000Z,TR,Turkey,TR,385.0,458.0,,32.0,,False,
2025-01-24T07:00:00.000Z,TR,Turkey,TR,392.0,466.0,,31.0,,False,
2025-01-24T08:00:00.000Z,TR,Turkey,TR,404.0,478.0,,30.0,,False,
2025-01-24T09:00:00.000Z,TR,Turkey,TR,418.0,493.0,,28.0,,False,
2025-01-24T10:00:00.000Z,TR,Turkey,TR,431.0,506.0,,27.0,,False,
2025-01-24T11:00:00.000Z,TR,Turkey,TR,422.0,499.0,,26.0,,False,
2025-01-24T12:00:00.000Z,TR,Turkey,TR,416.0,493.0,,27.0,,False,
2025-01-24T13:00:00.000Z,TR,Turkey,TR,401.0,477.0,,29.0,,False,
2025-01-24T14:00:00.000Z,TR,Turkey,TR,378.0,451.0,,33.0,,False,
2025-01-24T15:00:00.000Z,TR,Turkey,TR,370.0,442.0,,34.0,,False,
2025-01-24T16:00:00.000Z,TR,Turkey,TR,377.0,450.0,,33.0,,False,
2025-01-24T17:00:00.000Z,TR,Turkey,TR,386.0,460.0,,31.0,,False,
2025-01-24T18:00:00.000Z,TR,Turkey,TR,389.0,462.0,,31.0,,False,
2025-01-24T19:00:00.000Z,TR,Turkey,TR,386.0,458.0,,33.0,,False,
2025-01-24T20:00:00.000Z,TR,Turkey,TR,396.0,467.0,,32.0,,False,
2025-01-24T21:00:00.000Z,TR,Turkey,TR,414.0,487.0,,30.0,,False,
2025-01-24T22:00:00.000Z,TR,Turkey,TR,432.0,506.0,,27.0,,False,
2025-01-24T23:00:00.000Z,TR,Turkey,TR,439.0,512.0,,27.0,,False,
2025-01-25T00:00:00.000Z,TR,Turkey,TR,453.0,527.0,,25.0,,False,
2025-01-25T01:00:00.000Z,TR,Turkey,TR,460.0,536.0,,24.0,,False,
2025-01-25T02:00:00.000Z,TR,Turkey,TR,462.0,537.0,,23.0,,False,
2025-01-25T03:00:00.000Z,TR,Turkey,TR,457.0,533.0,,24.0,,False,
2025-01-25T04:00:00.000Z,TR,Turkey,TR,448.0,524.0,,25.0,,False,
2025-01-25T05:00:00.000Z,TR,Turkey,TR,423.0,497.0,,28.0,,False,
2025-01-25T06:00:00.000Z,TR,Turkey,TR,403.0,474.0,,32.0,,False,
2025-01-25T07:00:00.000Z,TR,Turkey,TR,406.0,478.0,,32.0,,False,
2025-01-25T08:00:00.000Z,TR,Turkey,TR,410.0,482.0,,31.0,,False,
2025-01-25T09:00:00.000Z,TR,Turkey,TR,421.0,494.0,,29.0,,False,
2025-01-25T10:00:00.000Z,TR,Turkey,TR,420.0,493.0,,29.0,,False,
2025-01-25T11:00:00.000Z,TR,Turkey,TR,417.0,490.0,,29.0,,False,
2025-01-25T12:00:00.000Z,TR,Turkey,TR,415.0,489.0,,29.0,,False,
2025-01-25T13:00:00.000Z,TR,Turkey,TR,402.0,477.0,,30.0,,False,
2025-01-25T14:00:00.000Z,TR,Turkey,TR,380.0,451.0,,34.0,,False,
2025-01-25T15:00:00.000Z,TR,Turkey,TR,365.0,435.0,,36.0,,False,
2025-01-25T16:00:00.000Z,TR,Turkey,TR,369.0,439.0,,36.0,,False,
2025-01-25T17:00:00.000Z,TR,Turkey,TR,378.0,449.0,,34.0,,False,
2025-01-25T18:00:00.000Z,TR,Turkey,TR,386.0,458.0,,33.0,,False,
2025-01-25T19:00:00.000Z,TR,Turkey,TR,384.0,454.0,,34.0,,False,
2025-01-25T20:00:00.000Z,TR,Turkey,TR,383.0,451.0,,36.0,,False,
2025-01-25T21:00:00.000Z,TR,Turkey,TR,400.0,469.0,,34.0,,False,
2025-01-25T22:00:00.000Z,TR,Turkey,TR,417.0,488.0,,31.0,,False,
2025-01-25T23:00:00.000Z,TR,Turkey,TR,437.0,510.0,,28.0,,False,
2025-01-26T00:00:00.000Z,TR,Turkey,TR,450.0,524.0,,26.0,,False,
2025-01-26T01:00:00.000Z,TR,Turkey,TR,457.0,530.0,,26.0,,False,
2025-01-26T02:00:00.000Z,TR,Turkey,TR,459.0,532.0,,26.0,,False,
2025-01-26T03:00:00.000Z,TR,Turkey,TR,463.0,537.0,,25.0,,False,
2025-01-26T04:00:00.000Z,TR,Turkey,TR,457.0,530.0,,26.0,,False,
2025-01-26T05:00:00.000Z,TR,Turkey,TR,466.0,539.0,,25.0,,False,
2025-01-26T06:00:00.000Z,TR,Turkey,TR,463.0,535.0,,27.0,,False,
2025-01-26T07:00:00.000Z,TR,Turkey,TR,455.0,524.0,,30.0,,False,
2025-01-26T08:00:00.000Z,TR,Turkey,TR,451.0,519.0,,31.0,,False,
2025-01-26T09:00:00.000Z,TR,Turkey,TR,431.0,499.0,,33.0,,False,
2025-01-26T10:00:00.000Z,TR,Turkey,TR,426.0,494.0,,34.0,,False,
2025-01-26T11:00:00.000Z,TR,Turkey,TR,439.0,506.0,,33.0,,False,
2025-01-26T12:00:00.000Z,TR,Turkey,TR,433.0,502.0,,32.0,,False,
2025-01-26T13:00:00.000Z,TR,Turkey,TR,429.0,503.0,,29.0,,False,
2025-01-26T14:00:00.000Z,TR,Turkey,TR,407.0,479.0,,32.0,,False,
2025-01-26T15:00:00.000Z,TR,Turkey,TR,381.0,451.0,,36.0,,False,
2025-01-26T16:00:00.000Z,TR,Turkey,TR,375.0,443.0,,37.0,,False,
2025-01-26T17:00:00.000Z,TR,Turkey,TR,380.0,449.0,,36.0,,False,
2025-01-26T18:00:00.000Z,TR,Turkey,TR,391.0,461.0,,34.0,,False,
2025-01-26T19:00:00.000Z,TR,Turkey,TR,399.0,470.0,,33.0,,False,
2025-01-26T20:00:00.000Z,TR,Turkey,TR,412.0,483.0,,31.0,,False,
2025-01-26T21:00:00.000Z,TR,Turkey,TR,424.0,496.0,,30.0,,False,
2025-01-26T22:00:00.000Z,TR,Turkey,TR,444.0,518.0,,27.0,,False,
2025-01-26T23:00:00.000Z,TR,Turkey,TR,460.0,535.0,,25.0,,False,
2025-01-27T00:00:00.000Z,TR,Turkey,TR,473.0,549.0,,22.0,,False,
2025-01-27T01:00:00.000Z,TR,Turkey,TR,477.0,553.0,,22.0,,False,
2025-01-27T02:00:00.000Z,TR,Turkey,TR,475.0,551.0,,22.0,,False,
2025-01-27T03:00:00.000Z,TR,Turkey,TR,468.0,545.0,,22.0,,False,
2025-01-27T04:00:00.000Z,TR,Turkey,TR,445.0,521.0,,25.0,,False,
2025-01-27T05:00:00.000Z,TR,Turkey,TR,386.0,457.0,,34.0,,False,
2025-01-27T06:00:00.000Z,TR,Turkey,TR,375.0,444.0,,36.0,,False,
2025-01-27T07:00:00.000Z,TR,Turkey,TR,388.0,458.0,,34.0,,False,
2025-01-27T08:00:00.000Z,TR,Turkey,TR,401.0,473.0,,32.0,,False,
2025-01-27T09:00:00.000Z,TR,Turkey,TR,420.0,493.0,,30.0,,False,
2025-01-27T10:00:00.000Z,TR,Turkey,TR,416.0,489.0,,30.0,,False,
2025-01-27T11:00:00.000Z,TR,Turkey,TR,409.0,482.0,,31.0,,False,
2025-01-27T12:00:00.000Z,TR,Turkey,TR,406.0,480.0,,30.0,,False,
2025-01-27T13:00:00.000Z,TR,Turkey,TR,382.0,455.0,,33.0,,False,
2025-01-27T14:00:00.000Z,TR,Turkey,TR,356.0,425.0,,38.0,,False,
2025-01-27T15:00:00.000Z,TR,Turkey,TR,351.0,419.0,,38.0,,False,
2025-01-27T16:00:00.000Z,TR,Turkey,TR,359.0,429.0,,37.0,,False,
2025-01-27T17:00:00.000Z,TR,Turkey,TR,371.0,442.0,,35.0,,False,
2025-01-27T18:00:00.000Z,TR,Turkey,TR,383.0,456.0,,32.0,,False,
2025-01-27T19:00:00.000Z,TR,Turkey,TR,395.0,469.0,,31.0,,False,
2025-01-27T20:00:00.000Z,TR,Turkey,TR,407.0,481.0,,29.0,,False,
2025-01-27T21:00:00.000Z,TR,Turkey,TR,416.0,490.0,,29.0,,False,
2025-01-27T22:00:00.000Z,TR,Turkey,TR,432.0,506.0,,27.0,,False,
2025-01-27T23:00:00.000Z,TR,Turkey,TR,445.0,520.0,,25.0,,False,
2025-01-28T00:00:00.000Z,TR,Turkey,TR,451.0,526.0,,25.0,,False,
2025-01-28T01:00:00.000Z,TR,Turkey,TR,456.0,531.0,,24.0,,False,
2025-01-28T02:00:00.000Z,TR,Turkey,TR,454.0,529.0,,25.0,,False,
2025-01-28T03:00:00.000Z,TR,Turkey,TR,447.0,522.0,,25.0,,False,
2025-01-28T04:00:00.000Z,TR,Turkey,TR,428.0,503.0,,27.0,,False,
2025-01-28T05:00:00.000Z,TR,Turkey,TR,386.0,456.0,,34.0,,False,
2025-01-28T06:00:00.000Z,TR,Turkey,TR,386.0,456.0,,34.0,,False,
2025-01-28T07:00:00.000Z,TR,Turkey,TR,394.0,463.0,,34.0,,False,
2025-01-28T08:00:00.000Z,TR,Turkey,TR,394.0,461.0,,36.0,,False,
2025-01-28T09:00:00.000Z,TR,Turkey,TR,396.0,460.0,,38.0,,False,
2025-01-28T10:00:00.000Z,TR,Turkey,TR,394.0,459.0,,37.0,,False,
2025-01-28T11:00:00.000Z,TR,Turkey,TR,400.0,464.0,,37.0,,False,
2025-01-28T12:00:00.000Z,TR,Turkey,TR,389.0,456.0,,36.0,,False,
2025-01-28T13:00:00.000Z,TR,Turkey,TR,382.0,451.0,,35.0,,False,
2025-01-28T14:00:00.000Z,TR,Turkey,TR,365.0,433.0,,37.0,,False,
2025-01-28T15:00:00.000Z,TR,Turkey,TR,356.0,423.0,,39.0,,False,
2025-01-28T16:00:00.000Z,TR,Turkey,TR,360.0,427.0,,38.0,,False,
2025-01-28T17:00:00.000Z,TR,Turkey,TR,367.0,435.0,,37.0,,False,
2025-01-28T18:00:00.000Z,TR,Turkey,TR,374.0,443.0,,36.0,,False,
2025-01-28T19:00:00.000Z,TR,Turkey,TR,371.0,437.0,,38.0,,False,
2025-01-28T20:00:00.000Z,TR,Turkey,TR,375.0,440.0,,38.0,,False,
2025-01-28T21:00:00.000Z,TR,Turkey,TR,389.0,454.0,,37.0,,False,
2025-01-28T22:00:00.000Z,TR,Turkey,TR,405.0,470.0,,35.0,,False,
2025-01-28T23:00:00.000Z,TR,Turkey,TR,412.0,477.0,,35.0,,False,
2025-01-29T00:00:00.000Z,TR,Turkey,TR,419.0,485.0,,34.0,,False,
2025-01-29T01:00:00.000Z,TR,Turkey,TR,425.0,491.0,,33.0,,False,
2025-01-29T02:00:00.000Z,TR,Turkey,TR,425.0,492.0,,33.0,,False,
2025-01-29T03:00:00.000Z,TR,Turkey,TR,423.0,492.0,,31.0,,False,
2025-01-29T04:00:00.000Z,TR,Turkey,TR,409.0,479.0,,32.0,,False,
2025-01-29T05:00:00.000Z,TR,Turkey,TR,372.0,438.0,,38.0,,False,
2025-01-29T06:00:00.000Z,TR,Turkey,TR,372.0,437.0,,38.0,,False,
2025-01-29T07:00:00.000Z,TR,Turkey,TR,375.0,440.0,,39.0,,False,
2025-01-29T08:00:00.000Z,TR,Turkey,TR,369.0,431.0,,41.0,,False,
2025-01-29T09:00:00.000Z,TR,Turkey,TR,361.0,422.0,,43.0,,False,
2025-01-29T10:00:00.000Z,TR,Turkey,TR,365.0,427.0,,42.0,,False,
2025-01-29T11:00:00.000Z,TR,Turkey,TR,374.0,436.0,,41.0,,False,
2025-01-29T12:00:00.000Z,TR,Turkey,TR,383.0,448.0,,37.0,,False,
2025-01-29T13:00:00.000Z,TR,Turkey,TR,384.0,454.0,,34.0,,False,
2025-01-29T14:00:00.000Z,TR,Turkey,TR,372.0,442.0,,35.0,,False,
2025-01-29T15:00:00.000Z,TR,Turkey,TR,360.0,429.0,,37.0,,False,
2025-01-29T16:00:00.000Z,TR,Turkey,TR,361.0,430.0,,37.0,,False,
2025-01-29T17:00:00.000Z,TR,Turkey,TR,370.0,440.0,,35.0,,False,
2025-01-29T18:00:00.000Z,TR,Turkey,TR,377.0,448.0,,34.0,,False,
2025-01-29T19:00:00.000Z,TR,Turkey,TR,375.0,443.0,,36.0,,False,
2025-01-29T20:00:00.000Z,TR,Turkey,TR,379.0,446.0,,36.0,,False,
2025-01-29T21:00:00.000Z,TR,Turkey,TR,399.0,469.0,,33.0,,False,
2025-01-29T22:00:00.000Z,TR,Turkey,TR,420.0,492.0,,30.0,,False,
2025-01-29T23:00:00.000Z,TR,Turkey,TR,433.0,506.0,,28.0,,False,
2025-01-30T00:00:00.000Z,TR,Turkey,TR,439.0,511.0,,27.0,,False,
2025-01-30T01:00:00.000Z,TR,Turkey,TR,444.0,517.0,,27.0,,False,
2025-01-30T02:00:00.000Z,TR,Turkey,TR,445.0,519.0,,26.0,,False,
2025-01-30T03:00:00.000Z,TR,Turkey,TR,439.0,514.0,,26.0,,False,
2025-01-30T04:00:00.000Z,TR,Turkey,TR,420.0,494.0,,28.0,,False,
2025-01-30T05:00:00.000Z,TR,Turkey,TR,384.0,454.0,,34.0,,False,
2025-01-30T06:00:00.000Z,TR,Turkey,TR,385.0,454.0,,35.0,,False,
2025-01-30T07:00:00.000Z,TR,Turkey,TR,399.0,469.0,,33.0,,False,
2025-01-30T08:00:00.000Z,TR,Turkey,TR,405.0,475.0,,32.0,,False,
2025-01-30T09:00:00.000Z,TR,Turkey,TR,415.0,486.0,,31.0,,False,
2025-01-30T10:00:00.000Z,TR,Turkey,TR,418.0,490.0,,30.0,,False,
2025-01-30T11:00:00.000Z,TR,Turkey,TR,419.0,494.0,,29.0,,False,
2025-01-30T12:00:00.000Z,TR,Turkey,TR,418.0,494.0,,28.0,,False,
2025-01-30T13:00:00.000Z,TR,Turkey,TR,400.0,475.0,,30.0,,False,
2025-01-30T14:00:00.000Z,TR,Turkey,TR,365.0,436.0,,36.0,,False,
2025-01-30T15:00:00.000Z,TR,Turkey,TR,357.0,427.0,,37.0,,False,
2025-01-30T16:00:00.000Z,TR,Turkey,TR,364.0,435.0,,36.0,,False,
2025-01-30T17:00:00.000Z,TR,Turkey,TR,374.0,446.0,,34.0,,False,
2025-01-30T18:00:00.000Z,TR,Turkey,TR,386.0,458.0,,33.0,,False,
2025-01-30T19:00:00.000Z,TR,Turkey,TR,396.0,471.0,,30.0,,False,
2025-01-30T20:00:00.000Z,TR,Turkey,TR,405.0,481.0,,29.0,,False,
2025-01-30T21:00:00.000Z,TR,Turkey,TR,418.0,494.0,,28.0,,False,
2025-01-30T22:00:00.000Z,TR,Turkey,TR,444.0,524.0,,23.0,,False,
2025-01-30T23:00:00.000Z,TR,Turkey,TR,463.0,544.0,,20.0,,False,
2025-01-31T00:00:00.000Z,TR,Turkey,TR,477.0,561.0,,17.0,,False,
2025-01-31T01:00:00.000Z,TR,Turkey,TR,485.0,569.0,,16.0,,False,
2025-01-31T02:00:00.000Z,TR,Turkey,TR,486.0,570.0,,16.0,,False,
2025-01-31T03:00:00.000Z,TR,Turkey,TR,477.0,561.0,,17.0,,False,
2025-01-31T04:00:00.000Z,TR,Turkey,TR,450.0,530.0,,22.0,,False,
2025-01-31T05:00:00.000Z,TR,Turkey,TR,405.0,479.0,,30.0,,False,
2025-01-31T06:00:00.000Z,TR,Turkey,TR,401.0,474.0,,31.0,,False,
2025-01-31T07:00:00.000Z,TR,Turkey,TR,424.0,499.0,,28.0,,False,
2025-01-31T08:00:00.000Z,TR,Turkey,TR,427.0,501.0,,28.0,,False,
2025-01-31T09:00:00.000Z,TR,Turkey,TR,440.0,513.0,,29.0,,False,
2025-01-31T10:00:00.000Z,TR,Turkey,TR,443.0,517.0,,28.0,,False,
2025-01-31T11:00:00.000Z,TR,Turkey,TR,438.0,511.0,,28.0,,False,
2025-01-31T12:00:00.000Z,TR,Turkey,TR,429.0,504.0,,28.0,,False,
2025-01-31T13:00:00.000Z,TR,Turkey,TR,413.0,488.0,,29.0,,False,
2025-01-31T14:00:00.000Z,TR,Turkey,TR,386.0,459.0,,32.0,,False,
2025-01-31T15:00:00.000Z,TR,Turkey,TR,374.0,446.0,,34.0,,False,
2025-01-31T16:00:00.000Z,TR,Turkey,TR,375.0,447.0,,34.0,,False,
2025-01-31T17:00:00.000Z,TR,Turkey,TR,384.0,457.0,,32.0,,False,
2025-01-31T18:00:00.000Z,TR,Turkey,TR,393.0,467.0,,31.0,,False,
2025-01-31T19:00:00.000Z,TR,Turkey,TR,404.0,479.0,,29.0,,False,
2025-01-31T20:00:00.000Z,TR,Turkey,TR,415.0,491.0,,28.0,,False,
2025-01-31T21:00:00.000Z,TR,Turkey,TR,428.0,505.0,,26.0,,False,
2025-01-31T22:00:00.000Z,TR,Turkey,TR,444.0,522.0,,24.0,,False,
2025-01-31T23:00:00.000Z,TR,Turkey,TR,458.0,537.0,,22.0,,False,
2025-02-01T00:00:00.000Z,TR,Turkey,TR,466.0,546.0,,21.0,,False,
2025-02-01T01:00:00.000Z,TR,Turkey,TR,472.0,552.0,,20.0,,False,
2025-02-01T02:00:00.000Z,TR,Turkey,TR,473.0,553.0,,20.0,,False,
2025-02-01T03:00:00.000Z,TR,Turkey,TR,466.0,546.0,,21.0,,False,
2025-02-01T04:00:00.000Z,TR,Turkey,TR,454.0,534.0,,22.0,,False,
2025-02-01T05:00:00.000Z,TR,Turkey,TR,436.0,514.0,,25.0,,False,
2025-02-01T06:00:00.000Z,TR,Turkey,TR,432.0,507.0,,27.0,,False,
2025-02-01T07:00:00.000Z,TR,Turkey,TR,431.0,504.0,,29.0,,False,
2025-02-01T08:00:00.000Z,TR,Turkey,TR,440.0,511.0,,29.0,,False,
2025-02-01T09:00:00.000Z,TR,Turkey,TR,435.0,506.0,,31.0,,False,
2025-02-01T10:00:00.000Z,TR,Turkey,TR,427.0,499.0,,31.0,,False,
2025-02-01T11:00:00.000Z,TR,Turkey,TR,435.0,507.0,,30.0,,False,
2025-02-01T12:00:00.000Z,TR,Turkey,TR,432.0,505.0,,29.0,,False,
2025-02-01T13:00:00.000Z,TR,Turkey,TR,416.0,492.0,,29.0,,False,
2025-02-01T14:00:00.000Z,TR,Turkey,TR,405.0,480.0,,29.0,,False,
2025-02-01T15:00:00.000Z,TR,Turkey,TR,383.0,456.0,,33.0,,False,
2025-02-01T16:00:00.000Z,TR,Turkey,TR,378.0,450.0,,34.0,,False,
2025-02-01T17:00:00.000Z,TR,Turkey,TR,386.0,459.0,,32.0,,False,
2025-02-01T18:00:00.000Z,TR,Turkey,TR,394.0,468.0,,31.0,,False,
2025-02-01T19:00:00.000Z,TR,Turkey,TR,398.0,471.0,,31.0,,False,
2025-02-01T20:00:00.000Z,TR,Turkey,TR,408.0,481.0,,30.0,,False,
2025-02-01T21:00:00.000Z,TR,Turkey,TR,431.0,506.0,,27.0,,False,
2025-02-01T22:00:00.000Z,TR,Turkey,TR,453.0,530.0,,24.0,,False,
2025-02-01T23:00:00.000Z,TR,Turkey,TR,468.0,546.0,,22.0,,False,
2025-02-02T00:00:00.000Z,TR,Turkey,TR,471.0,548.0,,22.0,,False,
2025-02-02T01:00:00.000Z,TR,Turkey,TR,474.0,550.0,,23.0,,False,
2025-02-02T02:00:00.000Z,TR,Turkey,TR,477.0,552.0,,23.0,,False,
2025-02-02T03:00:00.000Z,TR,Turkey,TR,475.0,551.0,,23.0,,False,
2025-02-02T04:00:00.000Z,TR,Turkey,TR,472.0,547.0,,23.0,,False,
2025-02-02T05:00:00.000Z,TR,Turkey,TR,466.0,538.0,,27.0,,False,
2025-02-02T06:00:00.000Z,TR,Turkey,TR,460.0,527.0,,30.0,,False,
2025-02-02T07:00:00.000Z,TR,Turkey,TR,443.0,511.0,,32.0,,False,
2025-02-02T08:00:00.000Z,TR,Turkey,TR,427.0,494.0,,34.0,,False,
2025-02-02T09:00:00.000Z,TR,Turkey,TR,412.0,481.0,,35.0,,False,
2025-02-02T10:00:00.000Z,TR,Turkey,TR,409.0,476.0,,36.0,,False,
2025-02-02T11:00:00.000Z,TR,Turkey,TR,415.0,483.0,,36.0,,False,
2025-02-02T12:00:00.000Z,TR,Turkey,TR,426.0,495.0,,33.0,,False,
2025-02-02T13:00:00.000Z,TR,Turkey,TR,439.0,513.0,,28.0,,False,
2025-02-02T14:00:00.000Z,TR,Turkey,TR,438.0,514.0,,26.0,,False,
2025-02-02T15:00:00.000Z,TR,Turkey,TR,410.0,485.0,,29.0,,False,
2025-02-02T16:00:00.000Z,TR,Turkey,TR,402.0,475.0,,31.0,,False,
2025-02-02T17:00:00.000Z,TR,Turkey,TR,407.0,482.0,,30.0,,False,
2025-02-02T18:00:00.000Z,TR,Turkey,TR,416.0,491.0,,28.0,,False,
2025-02-02T19:00:00.000Z,TR,Turkey,TR,419.0,494.0,,29.0,,False,
2025-02-02T20:00:00.000Z,TR,Turkey,TR,434.0,509.0,,27.0,,False,
2025-02-02T21:00:00.000Z,TR,Turkey,TR,454.0,531.0,,24.0,,False,
2025-02-02T22:00:00.000Z,TR,Turkey,TR,464.0,543.0,,22.0,,False,
2025-02-02T23:00:00.000Z,TR,Turkey,TR,480.0,561.0,,19.0,,False,
2025-02-03T00:00:00.000Z,TR,Turkey,TR,499.0,579.0,,18.0,,False,
2025-02-03T01:00:00.000Z,TR,Turkey,TR,502.0,583.0,,17.0,,False,
2025-02-03T02:00:00.000Z,TR,Turkey,TR,501.0,582.0,,17.0,,False,
2025-02-03T03:00:00.000Z,TR,Turkey,TR,495.0,578.0,,16.0,,False,
2025-02-03T04:00:00.000Z,TR,Turkey,TR,463.0,544.0,,20.0,,False,
2025-02-03T05:00:00.000Z,TR,Turkey,TR,410.0,485.0,,29.0,,False,
2025-02-03T06:00:00.000Z,TR,Turkey,TR,402.0,476.0,,31.0,,False,
2025-02-03T07:00:00.000Z,TR,Turkey,TR,425.0,502.0,,27.0,,False,
2025-02-03T08:00:00.000Z,TR,Turkey,TR,436.0,513.0,,26.0,,False,
2025-02-03T09:00:00.000Z,TR,Turkey,TR,444.0,519.0,,27.0,,False,
2025-02-03T10:00:00.000Z,TR,Turkey,TR,444.0,519.0,,26.0,,False,
2025-02-03T11:00:00.000Z,TR,Turkey,TR,434.0,509.0,,27.0,,False,
2025-02-03T12:00:00.000Z,TR,Turkey,TR,424.0,499.0,,28.0,,False,
2025-02-03T13:00:00.000Z,TR,Turkey,TR,399.0,473.0,,31.0,,False,
2025-02-03T14:00:00.000Z,TR,Turkey,TR,373.0,445.0,,35.0,,False,
2025-02-03T15:00:00.000Z,TR,Turkey,TR,362.0,432.0,,37.0,,False,
2025-02-03T16:00:00.000Z,TR,Turkey,TR,365.0,435.0,,36.0,,False,
2025-02-03T17:00:00.000Z,TR,Turkey,TR,375.0,447.0,,34.0,,False,
2025-02-03T18:00:00.000Z,TR,Turkey,TR,380.0,453.0,,33.0,,False,
2025-02-03T19:00:00.000Z,TR,Turkey,TR,384.0,455.0,,33.0,,False,
2025-02-03T20:00:00.000Z,TR,Turkey,TR,390.0,460.0,,33.0,,False,
2025-02-03T21:00:00.000Z,TR,Turkey,TR,402.0,472.0,,32.0,,False,
2025-02-03T22:00:00.000Z,TR,Turkey,TR,413.0,485.0,,30.0,,False,
2025-02-03T23:00:00.000Z,TR,Turkey,TR,424.0,493.0,,31.0,,False,
2025-02-04T00:00:00.000Z,TR,Turkey,TR,422.0,489.0,,32.0,,False,
2025-02-04T01:00:00.000Z,TR,Turkey,TR,419.0,486.0,,33.0,,False,
2025-02-04T02:00:00.000Z,TR,Turkey,TR,404.0,470.0,,34.0,,False,
2025-02-04T03:00:00.000Z,TR,Turkey,TR,413.0,480.0,,33.0,,False,
2025-02-04T04:00:00.000Z,TR,Turkey,TR,398.0,466.0,,34.0,,False,
2025-02-04T05:00:00.000Z,TR,Turkey,TR,374.0,442.0,,36.0,,False,
2025-02-04T06:00:00.000Z,TR,Turkey,TR,366.0,433.0,,37.0,,False,
2025-02-04T07:00:00.000Z,TR,Turkey,TR,376.0,444.0,,36.0,,False,
2025-02-04T08:00:00.000Z,TR,Turkey,TR,378.0,445.0,,36.0,,False,
2025-02-04T09:00:00.000Z,TR,Turkey,TR,383.0,448.0,,37.0,,False,
2025-02-04T10:00:00.000Z,TR,Turkey,TR,372.0,439.0,,37.0,,False,
2025-02-04T11:00:00.000Z,TR,Turkey,TR,366.0,434.0,,37.0,,False,
2025-02-04T12:00:00.000Z,TR,Turkey,TR,374.0,442.0,,36.0,,False,
2025-02-04T13:00:00.000Z,TR,Turkey,TR,358.0,424.0,,39.0,,False,
2025-02-04T14:00:00.000Z,TR,Turkey,TR,342.0,406.0,,42.0,,False,
2025-02-04T15:00:00.000Z,TR,Turkey,TR,343.0,407.0,,41.0,,False,
2025-02-04T16:00:00.000Z,TR,Turkey,TR,349.0,414.0,,40.0,,False,
2025-02-04T17:00:00.000Z,TR,Turkey,TR,353.0,418.0,,39.0,,False,
2025-02-04T18:00:00.000Z,TR,Turkey,TR,358.0,422.0,,39.0,,False,
2025-02-04T19:00:00.000Z,TR,Turkey,TR,358.0,421.0,,40.0,,False,
2025-02-04T20:00:00.000Z,TR,Turkey,TR,365.0,427.0,,40.0,,False,
2025-02-04T21:00:00.000Z,TR,Turkey,TR,382.0,445.0,,38.0,,False,
2025-02-04T22:00:00.000Z,TR,Turkey,TR,383.0,447.0,,38.0,,False,
2025-02-04T23:00:00.000Z,TR,Turkey,TR,392.0,456.0,,37.0,,False,
2025-02-05T00:00:00.000Z,TR,Turkey,TR,406.0,468.0,,37.0,,False,
2025-02-05T01:00:00.000Z,TR,Turkey,TR,406.0,468.0,,37.0,,False,
2025-02-05T02:00:00.000Z,TR,Turkey,TR,401.0,464.0,,37.0,,False,
2025-02-05T03:00:00.000Z,TR,Turkey,TR,386.0,450.0,,37.0,,False,
2025-02-05T04:00:00.000Z,TR,Turkey,TR,389.0,455.0,,35.0,,False,
2025-02-05T05:00:00.000Z,TR,Turkey,TR,366.0,433.0,,37.0,,False,
2025-02-05T06:00:00.000Z,TR,Turkey,TR,350.0,417.0,,39.0,,False,
2025-02-05T07:00:00.000Z,TR,Turkey,TR,348.0,414.0,,39.0,,False,
2025-02-05T08:00:00.000Z,TR,Turkey,TR,349.0,415.0,,39.0,,False,
2025-02-05T09:00:00.000Z,TR,Turkey,TR,356.0,421.0,,39.0,,False,
2025-02-05T10:00:00.000Z,TR,Turkey,TR,355.0,421.0,,39.0,,False,
2025-02-05T11:00:00.000Z,TR,Turkey,TR,350.0,415.0,,40.0,,False,
2025-02-05T12:00:00.000Z,TR,Turkey,TR,345.0,410.0,,40.0,,False,
2025-02-05T13:00:00.000Z,TR,Turkey,TR,340.0,404.0,,41.0,,False,
2025-02-05T14:00:00.000Z,TR,Turkey,TR,332.0,394.0,,43.0,,False,
2025-02-05T15:00:00.000Z,TR,Turkey,TR,334.0,398.0,,42.0,,False,
2025-02-05T16:00:00.000Z,TR,Turkey,TR,340.0,405.0,,41.0,,False,
2025-02-05T17:00:00.000Z,TR,Turkey,TR,350.0,416.0,,39.0,,False,
2025-02-05T18:00:00.000Z,TR,Turkey,TR,355.0,422.0,,38.0,,False,
2025-02-05T19:00:00.000Z,TR,Turkey,TR,351.0,414.0,,41.0,,False,
2025-02-05T20:00:00.000Z,TR,Turkey,TR,358.0,420.0,,41.0,,False,
2025-02-05T21:00:00.000Z,TR,Turkey,TR,374.0,438.0,,38.0,,False,
2025-02-05T22:00:00.000Z,TR,Turkey,TR,386.0,450.0,,37.0,,False,
2025-02-05T23:00:00.000Z,TR,Turkey,TR,390.0,453.0,,37.0,,False,
2025-02-06T00:00:00.000Z,TR,Turkey,TR,397.0,459.0,,37.0,,False,
2025-02-06T01:00:00.000Z,TR,Turkey,TR,398.0,459.0,,38.0,,False,
2025-02-06T02:00:00.000Z,TR,Turkey,TR,397.0,459.0,,38.0,,False,
2025-02-06T03:00:00.000Z,TR,Turkey,TR,401.0,466.0,,35.0,,False,
2025-02-06T04:00:00.000Z,TR,Turkey,TR,400.0,470.0,,32.0,,False,
2025-02-06T05:00:00.000Z,TR,Turkey,TR,372.0,442.0,,34.0,,False,
2025-02-06T06:00:00.000Z,TR,Turkey,TR,358.0,426.0,,37.0,,False,
2025-02-06T07:00:00.000Z,TR,Turkey,TR,359.0,427.0,,37.0,,False,
2025-02-06T08:00:00.000Z,TR,Turkey,TR,359.0,426.0,,38.0,,False,
2025-02-06T09:00:00.000Z,TR,Turkey,TR,370.0,437.0,,37.0,,False,
2025-02-06T10:00:00.000Z,TR,Turkey,TR,364.0,431.0,,37.0,,False,
2025-02-06T11:00:00.000Z,TR,Turkey,TR,357.0,423.0,,38.0,,False,
2025-02-06T12:00:00.000Z,TR,Turkey,TR,357.0,423.0,,38.0,,False,
2025-02-06T13:00:00.000Z,TR,Turkey,TR,349.0,414.0,,39.0,,False,
2025-02-06T14:00:00.000Z,TR,Turkey,TR,339.0,404.0,,40.0,,False,
2025-02-06T15:00:00.000Z,TR,Turkey,TR,337.0,402.0,,41.0,,False,
2025-02-06T16:00:00.000Z,TR,Turkey,TR,338.0,403.0,,41.0,,False,
2025-02-06T17:00:00.000Z,TR,Turkey,TR,345.0,411.0,,40.0,,False,
2025-02-06T18:00:00.000Z,TR,Turkey,TR,349.0,415.0,,39.0,,False,
2025-02-06T19:00:00.000Z,TR,Turkey,TR,346.0,410.0,,41.0,,False,
2025-02-06T20:00:00.000Z,TR,Turkey,TR,357.0,421.0,,40.0,,False,
2025-02-06T21:00:00.000Z,TR,Turkey,TR,369.0,433.0,,39.0,,False,
2025-02-06T22:00:00.000Z,TR,Turkey,TR,381.0,445.0,,38.0,,False,
2025-02-06T23:00:00.000Z,TR,Turkey,TR,390.0,454.0,,37.0,,False,
2025-02-07T00:00:00.000Z,TR,Turkey,TR,393.0,457.0,,37.0,,False,
2025-02-07T01:00:00.000Z,TR,Turkey,TR,397.0,460.0,,37.0,,False,
2025-02-07T02:00:00.000Z,TR,Turkey,TR,396.0,461.0,,36.0,,False,
2025-02-07T03:00:00.000Z,TR,Turkey,TR,399.0,466.0,,34.0,,False,
2025-02-07T04:00:00.000Z,TR,Turkey,TR,396.0,466.0,,32.0,,False,
2025-02-07T05:00:00.000Z,TR,Turkey,TR,367.0,437.0,,35.0,,False,
2025-02-07T06:00:00.000Z,TR,Turkey,TR,348.0,415.0,,39.0,,False,
2025-02-07T07:00:00.000Z,TR,Turkey,TR,355.0,424.0,,37.0,,False,
2025-02-07T08:00:00.000Z,TR,Turkey,TR,357.0,426.0,,37.0,,False,
2025-02-07T09:00:00.000Z,TR,Turkey,TR,370.0,439.0,,35.0,,False,
2025-02-07T10:00:00.000Z,TR,Turkey,TR,374.0,443.0,,35.0,,False,
2025-02-07T11:00:00.000Z,TR,Turkey,TR,365.0,434.0,,35.0,,False,
2025-02-07T12:00:00.000Z,TR,Turkey,TR,355.0,422.0,,38.0,,False,
2025-02-07T13:00:00.000Z,TR,Turkey,TR,344.0,410.0,,40.0,,False,
2025-02-07T14:00:00.000Z,TR,Turkey,TR,334.0,399.0,,41.0,,False,
2025-02-07T15:00:00.000Z,TR,Turkey,TR,339.0,405.0,,40.0,,False,
2025-02-07T16:00:00.000Z,TR,Turkey,TR,343.0,410.0,,39.0,,False,
2025-02-07T17:00:00.000Z,TR,Turkey,TR,350.0,417.0,,38.0,,False,
2025-02-07T18:00:00.000Z,TR,Turkey,TR,357.0,424.0,,38.0,,False,
2025-02-07T19:00:00.000Z,TR,Turkey,TR,357.0,422.0,,39.0,,False,
2025-02-07T20:00:00.000Z,TR,Turkey,TR,359.0,422.0,,40.0,,False,
2025-02-07T21:00:00.000Z,TR,Turkey,TR,369.0,432.0,,39.0,,False,
2025-02-07T22:00:00.000Z,TR,Turkey,TR,382.0,446.0,,37.0,,False,
2025-02-07T23:00:00.000Z,TR,Turkey,TR,390.0,453.0,,37.0,,False,
2025-02-08T00:00:00.000Z,TR,Turkey,TR,393.0,456.0,,38.0,,False,
2025-02-08T01:00:00.000Z,TR,Turkey,TR,396.0,458.0,,38.0,,False,
2025-02-08T02:00:00.000Z,TR,Turkey,TR,397.0,461.0,,37.0,,False,
2025-02-08T03:00:00.000Z,TR,Turkey,TR,399.0,464.0,,36.0,,False,
2025-02-08T04:00:00.000Z,TR,Turkey,TR,397.0,463.0,,35.0,,False,
2025-02-08T05:00:00.000Z,TR,Turkey,TR,383.0,449.0,,36.0,,False,
2025-02-08T06:00:00.000Z,TR,Turkey,TR,373.0,440.0,,37.0,,False,
2025-02-08T07:00:00.000Z,TR,Turkey,TR,376.0,442.0,,37.0,,False,
2025-02-08T08:00:00.000Z,TR,Turkey,TR,372.0,435.0,,39.0,,False,
2025-02-08T09:00:00.000Z,TR,Turkey,TR,366.0,427.0,,41.0,,False,
2025-02-08T10:00:00.000Z,TR,Turkey,TR,371.0,432.0,,41.0,,False,
2025-02-08T11:00:00.000Z,TR,Turkey,TR,372.0,434.0,,40.0,,False,
2025-02-08T12:00:00.000Z,TR,Turkey,TR,368.0,431.0,,40.0,,False,
2025-02-08T13:00:00.000Z,TR,Turkey,TR,365.0,430.0,,39.0,,False,
2025-02-08T14:00:00.000Z,TR,Turkey,TR,357.0,422.0,,39.0,,False,
2025-02-08T15:00:00.000Z,TR,Turkey,TR,344.0,409.0,,40.0,,False,
2025-02-08T16:00:00.000Z,TR,Turkey,TR,347.0,412.0,,40.0,,False,
2025-02-08T17:00:00.000Z,TR,Turkey,TR,351.0,416.0,,40.0,,False,
2025-02-08T18:00:00.000Z,TR,Turkey,TR,359.0,425.0,,38.0,,False,
2025-02-08T19:00:00.000Z,TR,Turkey,TR,356.0,419.0,,41.0,,False,
2025-02-08T20:00:00.000Z,TR,Turkey,TR,362.0,424.0,,41.0,,False,
2025-02-08T21:00:00.000Z,TR,Turkey,TR,375.0,437.0,,40.0,,False,
2025-02-08T22:00:00.000Z,TR,Turkey,TR,389.0,452.0,,38.0,,False,
2025-02-08T23:00:00.000Z,TR,Turkey,TR,400.0,463.0,,37.0,,False,
2025-02-09T00:00:00.000Z,TR,Turkey,TR,404.0,466.0,,38.0,,False,
2025-02-09T01:00:00.000Z,TR,Turkey,TR,406.0,467.0,,38.0,,False,
2025-02-09T02:00:00.000Z,TR,Turkey,TR,408.0,469.0,,37.0,,False,
2025-02-09T03:00:00.000Z,TR,Turkey,TR,405.0,466.0,,38.0,,False,
2025-02-09T04:00:00.000Z,TR,Turkey,TR,403.0,464.0,,38.0,,False,
2025-02-09T05:00:00.000Z,TR,Turkey,TR,407.0,468.0,,38.0,,False,
2025-02-09T06:00:00.000Z,TR,Turkey,TR,399.0,457.0,,41.0,,False,
2025-02-09T07:00:00.000Z,TR,Turkey,TR,392.0,450.0,,42.0,,False,
2025-02-09T08:00:00.000Z,TR,Turkey,TR,381.0,437.0,,44.0,,False,
2025-02-09T09:00:00.000Z,TR,Turkey,TR,361.0,417.0,,46.0,,False,
2025-02-09T10:00:00.000Z,TR,Turkey,TR,367.0,423.0,,45.0,,False,
2025-02-09T11:00:00.000Z,TR,Turkey,TR,381.0,439.0,,42.0,,False,
2025-02-09T12:00:00.000Z,TR,Turkey,TR,384.0,444.0,,41.0,,False,
2025-02-09T13:00:00.000Z,TR,Turkey,TR,382.0,446.0,,38.0,,False,
2025-02-09T14:00:00.000Z,TR,Turkey,TR,375.0,442.0,,37.0,,False,
2025-02-09T15:00:00.000Z,TR,Turkey,TR,364.0,431.0,,38.0,,False,
2025-02-09T16:00:00.000Z,TR,Turkey,TR,361.0,428.0,,38.0,,False,
2025-02-09T17:00:00.000Z,TR,Turkey,TR,365.0,432.0,,38.0,,False,
2025-02-09T18:00:00.000Z,TR,Turkey,TR,371.0,438.0,,37.0,,False,
2025-02-09T19:00:00.000Z,TR,Turkey,TR,366.0,430.0,,39.0,,False,
2025-02-09T20:00:00.000Z,TR,Turkey,TR,373.0,437.0,,39.0,,False,
2025-02-09T21:00:00.000Z,TR,Turkey,TR,393.0,458.0,,36.0,,False,
2025-02-09T22:00:00.000Z,TR,Turkey,TR,409.0,475.0,,34.0,,False,
2025-02-09T23:00:00.000Z,TR,Turkey,TR,420.0,486.0,,33.0,,False,
2025-02-10T00:00:00.000Z,TR,Turkey,TR,425.0,491.0,,33.0,,False,
2025-02-10T01:00:00.000Z,TR,Turkey,TR,428.0,494.0,,33.0,,False,
2025-02-10T02:00:00.000Z,TR,Turkey,TR,428.0,495.0,,32.0,,False,
2025-02-10T03:00:00.000Z,TR,Turkey,TR,430.0,500.0,,30.0,,False,
2025-02-10T04:00:00.000Z,TR,Turkey,TR,418.0,490.0,,29.0,,False,
2025-02-10T05:00:00.000Z,TR,Turkey,TR,385.0,457.0,,32.0,,False,
2025-02-10T06:00:00.000Z,TR,Turkey,TR,374.0,445.0,,34.0,,False,
2025-02-10T07:00:00.000Z,TR,Turkey,TR,384.0,457.0,,32.0,,False,
2025-02-10T08:00:00.000Z,TR,Turkey,TR,385.0,458.0,,32.0,,False,
2025-02-10T09:00:00.000Z,TR,Turkey,TR,396.0,470.0,,30.0,,False,
2025-02-10T10:00:00.000Z,TR,Turkey,TR,393.0,466.0,,31.0,,False,
2025-02-10T11:00:00.000Z,TR,Turkey,TR,384.0,457.0,,32.0,,False,
2025-02-10T12:00:00.000Z,TR,Turkey,TR,376.0,449.0,,33.0,,False,
2025-02-10T13:00:00.000Z,TR,Turkey,TR,357.0,427.0,,36.0,,False,
2025-02-10T14:00:00.000Z,TR,Turkey,TR,342.0,410.0,,39.0,,False,
2025-02-10T15:00:00.000Z,TR,Turkey,TR,342.0,410.0,,39.0,,False,
2025-02-10T16:00:00.000Z,TR,Turkey,TR,350.0,419.0,,37.0,,False,
2025-02-10T17:00:00.000Z,TR,Turkey,TR,360.0,431.0,,36.0,,False,
2025-02-10T18:00:00.000Z,TR,Turkey,TR,368.0,439.0,,34.0,,False,
2025-02-10T19:00:00.000Z,TR,Turkey,TR,371.0,442.0,,34.0,,False,
2025-02-10T20:00:00.000Z,TR,Turkey,TR,378.0,449.0,,34.0,,False,
2025-02-10T21:00:00.000Z,TR,Turkey,TR,390.0,462.0,,32.0,,False,
2025-02-10T22:00:00.000Z,TR,Turkey,TR,407.0,481.0,,30.0,,False,
2025-02-10T23:00:00.000Z,TR,Turkey,TR,416.0,490.0,,29.0,,False,
2025-02-11T00:00:00.000Z,TR,Turkey,TR,423.0,497.0,,28.0,,False,
2025-02-11T01:00:00.000Z,TR,Turkey,TR,426.0,500.0,,28.0,,False,
2025-02-11T02:00:00.000Z,TR,Turkey,TR,426.0,500.0,,27.0,,False,
2025-02-11T03:00:00.000Z,TR,Turkey,TR,419.0,494.0,,27.0,,False,
2025-02-11T04:00:00.000Z,TR,Turkey,TR,406.0,482.0,,28.0,,False,
2025-02-11T05:00:00.000Z,TR,Turkey,TR,372.0,446.0,,32.0,,False,
2025-02-11T06:00:00.000Z,TR,Turkey,TR,357.0,429.0,,35.0,,False,
2025-02-11T07:00:00.000Z,TR,Turkey,TR,366.0,439.0,,34.0,,False,
2025-02-11T08:00:00.000Z,TR,Turkey,TR,372.0,447.0,,32.0,,False,
2025-02-11T09:00:00.000Z,TR,Turkey,TR,390.0,467.0,,29.0,,False,
2025-02-11T10:00:00.000Z,TR,Turkey,TR,384.0,459.0,,30.0,,False,
2025-02-11T11:00:00.000Z,TR,Turkey,TR,372.0,447.0,,32.0,,False,
2025-02-11T12:00:00.000Z,TR,Turkey,TR,363.0,436.0,,34.0,,False,
2025-02-11T13:00:00.000Z,TR,Turkey,TR,354.0,425.0,,36.0,,False,
2025-02-11T14:00:00.000Z,TR,Turkey,TR,345.0,415.0,,37.0,,False,
2025-02-11T15:00:00.000Z,TR,Turkey,TR,340.0,411.0,,38.0,,False,
2025-02-11T16:00:00.000Z,TR,Turkey,TR,340.0,411.0,,37.0,,False,
2025-02-11T17:00:00.000Z,TR,Turkey,TR,354.0,426.0,,35.0,,False,
2025-02-11T18:00:00.000Z,TR,Turkey,TR,365.0,438.0,,33.0,,False,
2025-02-11T19:00:00.000Z,TR,Turkey,TR,364.0,436.0,,34.0,,False,
2025-02-11T20:00:00.000Z,TR,Turkey,TR,369.0,440.0,,35.0,,False,
2025-02-11T21:00:00.000Z,TR,Turkey,TR,358.0,422.0,,40.0,,False,
2025-02-11T22:00:00.000Z,TR,Turkey,TR,361.0,424.0,,41.0,,False,
2025-02-11T23:00:00.000Z,TR,Turkey,TR,373.0,437.0,,40.0,,False,
2025-02-12T00:00:00.000Z,TR,Turkey,TR,383.0,446.0,,39.0,,False,
2025-02-12T01:00:00.000Z,TR,Turkey,TR,388.0,453.0,,38.0,,False,
2025-02-12T02:00:00.000Z,TR,Turkey,TR,384.0,449.0,,38.0,,False,
2025-02-12T03:00:00.000Z,TR,Turkey,TR,392.0,459.0,,36.0,,False,
2025-02-12T04:00:00.000Z,TR,Turkey,TR,383.0,450.0,,36.0,,False,
2025-02-12T05:00:00.000Z,TR,Turkey,TR,366.0,435.0,,36.0,,False,
2025-02-12T06:00:00.000Z,TR,Turkey,TR,352.0,420.0,,38.0,,False,
2025-02-12T07:00:00.000Z,TR,Turkey,TR,362.0,431.0,,37.0,,False,
2025-02-12T08:00:00.000Z,TR,Turkey,TR,367.0,436.0,,36.0,,False,
2025-02-12T09:00:00.000Z,TR,Turkey,TR,365.0,432.0,,38.0,,False,
2025-02-12T10:00:00.000Z,TR,Turkey,TR,360.0,427.0,,39.0,,False,
2025-02-12T11:00:00.000Z,TR,Turkey,TR,358.0,425.0,,38.0,,False,
2025-02-12T12:00:00.000Z,TR,Turkey,TR,352.0,418.0,,39.0,,False,
2025-02-12T13:00:00.000Z,TR,Turkey,TR,346.0,413.0,,39.0,,False,
2025-02-12T14:00:00.000Z,TR,Turkey,TR,338.0,404.0,,41.0,,False,
2025-02-12T15:00:00.000Z,TR,Turkey,TR,337.0,403.0,,41.0,,False,
2025-02-12T16:00:00.000Z,TR,Turkey,TR,339.0,404.0,,41.0,,False,
2025-02-12T17:00:00.000Z,TR,Turkey,TR,341.0,406.0,,41.0,,False,
2025-02-12T18:00:00.000Z,TR,Turkey,TR,345.0,409.0,,41.0,,False,
2025-02-12T19:00:00.000Z,TR,Turkey,TR,347.0,412.0,,41.0,,False,
2025-02-12T20:00:00.000Z,TR,Turkey,TR,357.0,422.0,,40.0,,False,
2025-02-12T21:00:00.000Z,TR,Turkey,TR,368.0,432.0,,40.0,,False,
2025-02-12T22:00:00.000Z,TR,Turkey,TR,383.0,448.0,,38.0,,False,
2025-02-12T23:00:00.000Z,TR,Turkey,TR,396.0,462.0,,36.0,,False,
2025-02-13T00:00:00.000Z,TR,Turkey,TR,405.0,472.0,,35.0,,False,
2025-02-13T01:00:00.000Z,TR,Turkey,TR,407.0,474.0,,35.0,,False,
2025-02-13T02:00:00.000Z,TR,Turkey,TR,409.0,477.0,,33.0,,False,
2025-02-13T03:00:00.000Z,TR,Turkey,TR,408.0,478.0,,32.0,,False,
2025-02-13T04:00:00.000Z,TR,Turkey,TR,396.0,467.0,,32.0,,False,
2025-02-13T05:00:00.000Z,TR,Turkey,TR,373.0,445.0,,34.0,,False,
2025-02-13T06:00:00.000Z,TR,Turkey,TR,359.0,430.0,,36.0,,False,
2025-02-13T07:00:00.000Z,TR,Turkey,TR,365.0,436.0,,35.0,,False,
2025-02-13T08:00:00.000Z,TR,Turkey,TR,368.0,440.0,,35.0,,False,
2025-02-13T09:00:00.000Z,TR,Turkey,TR,374.0,445.0,,35.0,,False,
2025-02-13T10:00:00.000Z,TR,Turkey,TR,373.0,443.0,,35.0,,False,
2025-02-13T11:00:00.000Z,TR,Turkey,TR,369.0,439.0,,36.0,,False,
2025-02-13T12:00:00.000Z,TR,Turkey,TR,361.0,430.0,,37.0,,False,
2025-02-13T13:00:00.000Z,TR,Turkey,TR,356.0,426.0,,37.0,,False,
2025-02-13T14:00:00.000Z,TR,Turkey,TR,352.0,422.0,,37.0,,False,
2025-02-13T15:00:00.000Z,TR,Turkey,TR,353.0,424.0,,37.0,,False,
2025-02-13T16:00:00.000Z,TR,Turkey,TR,352.0,423.0,,37.0,,False,
2025-02-13T17:00:00.000Z,TR,Turkey,TR,362.0,433.0,,36.0,,False,
2025-02-13T18:00:00.000Z,TR,Turkey,TR,370.0,442.0,,35.0,,False,
2025-02-13T19:00:00.000Z,TR,Turkey,TR,374.0,445.0,,35.0,,False,
2025-02-13T20:00:00.000Z,TR,Turkey,TR,380.0,451.0,,34.0,,False,
2025-02-13T21:00:00.000Z,TR,Turkey,TR,385.0,453.0,,36.0,,False,
2025-02-13T22:00:00.000Z,TR,Turkey,TR,393.0,460.0,,36.0,,False,
2025-02-13T23:00:00.000Z,TR,Turkey,TR,404.0,470.0,,35.0,,False,
2025-02-14T00:00:00.000Z,TR,Turkey,TR,405.0,470.0,,36.0,,False,
2025-02-14T01:00:00.000Z,TR,Turkey,TR,404.0,468.0,,37.0,,False,
2025-02-14T02:00:00.000Z,TR,Turkey,TR,404.0,470.0,,36.0,,False,
2025-02-14T03:00:00.000Z,TR,Turkey,TR,408.0,476.0,,33.0,,False,
2025-02-14T04:00:00.000Z,TR,Turkey,TR,393.0,461.0,,35.0,,False,
2025-02-14T05:00:00.000Z,TR,Turkey,TR,358.0,423.0,,40.0,,False,
2025-02-14T06:00:00.000Z,TR,Turkey,TR,352.0,417.0,,41.0,,False,
2025-02-14T07:00:00.000Z,TR,Turkey,TR,364.0,429.0,,39.0,,False,
2025-02-14T08:00:00.000Z,TR,Turkey,TR,366.0,431.0,,40.0,,False,
2025-02-14T09:00:00.000Z,TR,Turkey,TR,366.0,427.0,,42.0,,False,
2025-02-14T10:00:00.000Z,TR,Turkey,TR,360.0,422.0,,43.0,,False,
2025-02-14T11:00:00.000Z,TR,Turkey,TR,365.0,427.0,,41.0,,False,
2025-02-14T12:00:00.000Z,TR,Turkey,TR,363.0,427.0,,41.0,,False,
2025-02-14T13:00:00.000Z,TR,Turkey,TR,361.0,427.0,,39.0,,False,
2025-02-14T14:00:00.000Z,TR,Turkey,TR,347.0,412.0,,41.0,,False,
2025-02-14T15:00:00.000Z,TR,Turkey,TR,341.0,406.0,,42.0,,False,
2025-02-14T16:00:00.000Z,TR,Turkey,TR,345.0,410.0,,41.0,,False,
2025-02-14T17:00:00.000Z,TR,Turkey,TR,353.0,419.0,,40.0,,False,
2025-02-14T18:00:00.000Z,TR,Turkey,TR,362.0,429.0,,38.0,,False,
2025-02-14T19:00:00.000Z,TR,Turkey,TR,368.0,434.0,,38.0,,False,
2025-02-14T20:00:00.000Z,TR,Turkey,TR,365.0,430.0,,40.0,,False,
2025-02-14T21:00:00.000Z,TR,Turkey,TR,387.0,453.0,,36.0,,False,
2025-02-14T22:00:00.000Z,TR,Turkey,TR,403.0,471.0,,33.0,,False,
2025-02-14T23:00:00.000Z,TR,Turkey,TR,417.0,487.0,,31.0,,False,
2025-02-15T00:00:00.000Z,TR,Turkey,TR,426.0,496.0,,30.0,,False,
2025-02-15T01:00:00.000Z,TR,Turkey,TR,429.0,500.0,,30.0,,False,
2025-02-15T02:00:00.000Z,TR,Turkey,TR,431.0,501.0,,30.0,,False,
2025-02-15T03:00:00.000Z,TR,Turkey,TR,430.0,502.0,,29.0,,False,
2025-02-15T04:00:00.000Z,TR,Turkey,TR,417.0,488.0,,31.0,,False,
2025-02-15T05:00:00.000Z,TR,Turkey,TR,404.0,474.0,,33.0,,False,
2025-02-15T06:00:00.000Z,TR,Turkey,TR,397.0,465.0,,34.0,,False,
2025-02-15T07:00:00.000Z,TR,Turkey,TR,396.0,464.0,,35.0,,False,
2025-02-15T08:00:00.000Z,TR,Turkey,TR,390.0,455.0,,37.0,,False,
2025-02-15T09:00:00.000Z,TR,Turkey,TR,397.0,461.0,,38.0,,False,
2025-02-15T10:00:00.000Z,TR,Turkey,TR,398.0,463.0,,37.0,,False,
2025-02-15T11:00:00.000Z,TR,Turkey,TR,396.0,463.0,,36.0,,False,
2025-02-15T12:00:00.000Z,TR,Turkey,TR,394.0,462.0,,35.0,,False,
2025-02-15T13:00:00.000Z,TR,Turkey,TR,390.0,460.0,,34.0,,False,
2025-02-15T14:00:00.000Z,TR,Turkey,TR,384.0,455.0,,34.0,,False,
2025-02-15T15:00:00.000Z,TR,Turkey,TR,371.0,442.0,,35.0,,False,
2025-02-15T16:00:00.000Z,TR,Turkey,TR,367.0,438.0,,35.0,,False,
2025-02-15T17:00:00.000Z,TR,Turkey,TR,373.0,444.0,,35.0,,False,
2025-02-15T18:00:00.000Z,TR,Turkey,TR,381.0,454.0,,33.0,,False,
2025-02-15T19:00:00.000Z,TR,Turkey,TR,387.0,460.0,,33.0,,False,
2025-02-15T20:00:00.000Z,TR,Turkey,TR,395.0,467.0,,32.0,,False,
2025-02-15T21:00:00.000Z,TR,Turkey,TR,415.0,488.0,,29.0,,False,
2025-02-15T22:00:00.000Z,TR,Turkey,TR,436.0,512.0,,26.0,,False,
2025-02-15T23:00:00.000Z,TR,Turkey,TR,449.0,526.0,,24.0,,False,
2025-02-16T00:00:00.000Z,TR,Turkey,TR,454.0,529.0,,25.0,,False,
2025-02-16T01:00:00.000Z,TR,Turkey,TR,460.0,536.0,,24.0,,False,
2025-02-16T02:00:00.000Z,TR,Turkey,TR,465.0,542.0,,23.0,,False,
2025-02-16T03:00:00.000Z,TR,Turkey,TR,458.0,535.0,,24.0,,False,
2025-02-16T04:00:00.000Z,TR,Turkey,TR,451.0,526.0,,26.0,,False,
2025-02-16T05:00:00.000Z,TR,Turkey,TR,458.0,531.0,,26.0,,False,
2025-02-16T06:00:00.000Z,TR,Turkey,TR,454.0,524.0,,29.0,,False,
2025-02-16T07:00:00.000Z,TR,Turkey,TR,438.0,507.0,,32.0,,False,
2025-02-16T08:00:00.000Z,TR,Turkey,TR,426.0,493.0,,35.0,,False,
2025-02-16T09:00:00.000Z,TR,Turkey,TR,424.0,489.0,,36.0,,False,
2025-02-16T10:00:00.000Z,TR,Turkey,TR,425.0,491.0,,35.0,,False,
2025-02-16T11:00:00.000Z,TR,Turkey,TR,439.0,506.0,,33.0,,False,
2025-02-16T12:00:00.000Z,TR,Turkey,TR,430.0,501.0,,31.0,,False,
2025-02-16T13:00:00.000Z,TR,Turkey,TR,430.0,504.0,,28.0,,False,
2025-02-16T14:00:00.000Z,TR,Turkey,TR,421.0,498.0,,27.0,,False,
2025-02-16T15:00:00.000Z,TR,Turkey,TR,393.0,466.0,,32.0,,False,
2025-02-16T16:00:00.000Z,TR,Turkey,TR,383.0,455.0,,33.0,,False,
2025-02-16T17:00:00.000Z,TR,Turkey,TR,389.0,462.0,,32.0,,False,
2025-02-16T18:00:00.000Z,TR,Turkey,TR,396.0,470.0,,31.0,,False,
2025-02-16T19:00:00.000Z,TR,Turkey,TR,397.0,470.0,,32.0,,False,
2025-02-16T20:00:00.000Z,TR,Turkey,TR,413.0,485.0,,31.0,,False,
2025-02-16T21:00:00.000Z,TR,Turkey,TR,430.0,504.0,,28.0,,False,
2025-02-16T22:00:00.000Z,TR,Turkey,TR,446.0,521.0,,26.0,,False,
2025-02-16T23:00:00.000Z,TR,Turkey,TR,464.0,540.0,,23.0,,False,
2025-02-17T00:00:00.000Z,TR,Turkey,TR,468.0,543.0,,24.0,,False,
2025-02-17T01:00:00.000Z,TR,Turkey,TR,469.0,543.0,,24.0,,False,
2025-02-17T02:00:00.000Z,TR,Turkey,TR,465.0,539.0,,25.0,,False,
2025-02-17T03:00:00.000Z,TR,Turkey,TR,458.0,534.0,,24.0,,False,
2025-02-17T04:00:00.000Z,TR,Turkey,TR,444.0,520.0,,25.0,,False,
2025-02-17T05:00:00.000Z,TR,Turkey,TR,402.0,475.0,,31.0,,False,
2025-02-17T06:00:00.000Z,TR,Turkey,TR,393.0,464.0,,32.0,,False,
2025-02-17T07:00:00.000Z,TR,Turkey,TR,397.0,468.0,,33.0,,False,
2025-02-17T08:00:00.000Z,TR,Turkey,TR,401.0,471.0,,33.0,,False,
2025-02-17T09:00:00.000Z,TR,Turkey,TR,395.0,464.0,,34.0,,False,
2025-02-17T10:00:00.000Z,TR,Turkey,TR,389.0,459.0,,34.0,,False,
2025-02-17T11:00:00.000Z,TR,Turkey,TR,389.0,458.0,,34.0,,False,
2025-02-17T12:00:00.000Z,TR,Turkey,TR,386.0,457.0,,34.0,,False,
2025-02-17T13:00:00.000Z,TR,Turkey,TR,380.0,452.0,,33.0,,False,
2025-02-17T14:00:00.000Z,TR,Turkey,TR,360.0,429.0,,37.0,,False,
2025-02-17T15:00:00.000Z,TR,Turkey,TR,358.0,427.0,,37.0,,False,
2025-02-17T16:00:00.000Z,TR,Turkey,TR,360.0,430.0,,37.0,,False,
2025-02-17T17:00:00.000Z,TR,Turkey,TR,370.0,441.0,,35.0,,False,
2025-02-17T18:00:00.000Z,TR,Turkey,TR,381.0,453.0,,33.0,,False,
2025-02-17T19:00:00.000Z,TR,Turkey,TR,388.0,461.0,,32.0,,False,
2025-02-17T20:00:00.000Z,TR,Turkey,TR,397.0,469.0,,32.0,,False,
2025-02-17T21:00:00.000Z,TR,Turkey,TR,406.0,477.0,,32.0,,False,
2025-02-17T22:00:00.000Z,TR,Turkey,TR,422.0,493.0,,30.0,,False,
2025-02-17T23:00:00.000Z,TR,Turkey,TR,433.0,504.0,,29.0,,False,
2025-02-18T00:00:00.000Z,TR,Turkey,TR,440.0,513.0,,28.0,,False,
2025-02-18T01:00:00.000Z,TR,Turkey,TR,444.0,516.0,,27.0,,False,
2025-02-18T02:00:00.000Z,TR,Turkey,TR,446.0,520.0,,26.0,,False,
2025-02-18T03:00:00.000Z,TR,Turkey,TR,444.0,518.0,,26.0,,False,
2025-02-18T04:00:00.000Z,TR,Turkey,TR,433.0,509.0,,26.0,,False,
2025-02-18T05:00:00.000Z,TR,Turkey,TR,407.0,483.0,,28.0,,False,
2025-02-18T06:00:00.000Z,TR,Turkey,TR,389.0,465.0,,30.0,,False,
2025-02-18T07:00:00.000Z,TR,Turkey,TR,392.0,468.0,,29.0,,False,
2025-02-18T08:00:00.000Z,TR,Turkey,TR,393.0,468.0,,30.0,,False,
2025-02-18T09:00:00.000Z,TR,Turkey,TR,409.0,486.0,,27.0,,False,
2025-02-18T10:00:00.000Z,TR,Turkey,TR,403.0,480.0,,28.0,,False,
2025-02-18T11:00:00.000Z,TR,Turkey,TR,385.0,460.0,,31.0,,False,
2025-02-18T12:00:00.000Z,TR,Turkey,TR,380.0,454.0,,32.0,,False,
2025-02-18T13:00:00.000Z,TR,Turkey,TR,369.0,442.0,,34.0,,False,
2025-02-18T14:00:00.000Z,TR,Turkey,TR,364.0,436.0,,35.0,,False,
2025-02-18T15:00:00.000Z,TR,Turkey,TR,368.0,440.0,,34.0,,False,
2025-02-18T16:00:00.000Z,TR,Turkey,TR,371.0,443.0,,33.0,,False,
2025-02-18T17:00:00.000Z,TR,Turkey,TR,375.0,448.0,,33.0,,False,
2025-02-18T18:00:00.000Z,TR,Turkey,TR,383.0,455.0,,32.0,,False,
2025-02-18T19:00:00.000Z,TR,Turkey,TR,378.0,448.0,,35.0,,False,
2025-02-18T20:00:00.000Z,TR,Turkey,TR,392.0,463.0,,33.0,,False,
2025-02-18T21:00:00.000Z,TR,Turkey,TR,420.0,494.0,,28.0,,False,
2025-02-18T22:00:00.000Z,TR,Turkey,TR,438.0,514.0,,25.0,,False,
2025-02-18T23:00:00.000Z,TR,Turkey,TR,451.0,528.0,,24.0,,False,
2025-02-19T00:00:00.000Z,TR,Turkey,TR,449.0,525.0,,25.0,,False,
2025-02-19T01:00:00.000Z,TR,Turkey,TR,454.0,530.0,,24.0,,False,
2025-02-19T02:00:00.000Z,TR,Turkey,TR,449.0,525.0,,25.0,,False,
2025-02-19T03:00:00.000Z,TR,Turkey,TR,439.0,515.0,,26.0,,False,
2025-02-19T04:00:00.000Z,TR,Turkey,TR,424.0,499.0,,27.0,,False,
2025-02-19T05:00:00.000Z,TR,Turkey,TR,391.0,466.0,,30.0,,False,
2025-02-19T06:00:00.000Z,TR,Turkey,TR,374.0,447.0,,33.0,,False,
2025-02-19T07:00:00.000Z,TR,Turkey,TR,377.0,450.0,,33.0,,False,
2025-02-19T08:00:00.000Z,TR,Turkey,TR,382.0,456.0,,32.0,,False,
2025-02-19T09:00:00.000Z,TR,Turkey,TR,401.0,476.0,,29.0,,False,
2025-02-19T10:00:00.000Z,TR,Turkey,TR,398.0,473.0,,29.0,,False,
2025-02-19T11:00:00.000Z,TR,Turkey,TR,382.0,455.0,,32.0,,False,
2025-02-19T12:00:00.000Z,TR,Turkey,TR,379.0,451.0,,33.0,,False,
2025-02-19T13:00:00.000Z,TR,Turkey,TR,366.0,437.0,,35.0,,False,
2025-02-19T14:00:00.000Z,TR,Turkey,TR,357.0,427.0,,37.0,,False,
2025-02-19T15:00:00.000Z,TR,Turkey,TR,359.0,429.0,,36.0,,False,
2025-02-19T16:00:00.000Z,TR,Turkey,TR,359.0,428.0,,36.0,,False,
2025-02-19T17:00:00.000Z,TR,Turkey,TR,362.0,431.0,,36.0,,False,
2025-02-19T18:00:00.000Z,TR,Turkey,TR,361.0,428.0,,37.0,,False,
2025-02-19T19:00:00.000Z,TR,Turkey,TR,352.0,415.0,,41.0,,False,
2025-02-19T20:00:00.000Z,TR,Turkey,TR,355.0,416.0,,42.0,,False,
2025-02-19T21:00:00.000Z,TR,Turkey,TR,372.0,434.0,,40.0,,False,
2025-02-19T22:00:00.000Z,TR,Turkey,TR,381.0,442.0,,40.0,,False,
2025-02-19T23:00:00.000Z,TR,Turkey,TR,389.0,448.0,,40.0,,False,
2025-02-20T00:00:00.000Z,TR,Turkey,TR,389.0,448.0,,40.0,,False,
2025-02-20T01:00:00.000Z,TR,Turkey,TR,390.0,449.0,,41.0,,False,
2025-02-20T02:00:00.000Z,TR,Turkey,TR,396.0,456.0,,39.0,,False,
2025-02-20T03:00:00.000Z,TR,Turkey,TR,396.0,459.0,,37.0,,False,
2025-02-20T04:00:00.000Z,TR,Turkey,TR,392.0,458.0,,36.0,,False,
2025-02-20T05:00:00.000Z,TR,Turkey,TR,371.0,439.0,,36.0,,False,
2025-02-20T06:00:00.000Z,TR,Turkey,TR,357.0,423.0,,39.0,,False,
2025-02-20T07:00:00.000Z,TR,Turkey,TR,367.0,434.0,,37.0,,False,
2025-02-20T08:00:00.000Z,TR,Turkey,TR,373.0,440.0,,37.0,,False,
2025-02-20T09:00:00.000Z,TR,Turkey,TR,377.0,442.0,,38.0,,False,
2025-02-20T10:00:00.000Z,TR,Turkey,TR,370.0,435.0,,38.0,,False,
2025-02-20T11:00:00.000Z,TR,Turkey,TR,368.0,433.0,,38.0,,False,
2025-02-20T12:00:00.000Z,TR,Turkey,TR,364.0,429.0,,39.0,,False,
2025-02-20T13:00:00.000Z,TR,Turkey,TR,359.0,424.0,,39.0,,False,
2025-02-20T14:00:00.000Z,TR,Turkey,TR,352.0,419.0,,39.0,,False,
2025-02-20T15:00:00.000Z,TR,Turkey,TR,347.0,413.0,,39.0,,False,
2025-02-20T16:00:00.000Z,TR,Turkey,TR,347.0,414.0,,39.0,,False,
2025-02-20T17:00:00.000Z,TR,Turkey,TR,356.0,424.0,,38.0,,False,
2025-02-20T18:00:00.000Z,TR,Turkey,TR,362.0,430.0,,37.0,,False,
2025-02-20T19:00:00.000Z,TR,Turkey,TR,357.0,422.0,,40.0,,False,
2025-02-20T20:00:00.000Z,TR,Turkey,TR,366.0,431.0,,39.0,,False,
2025-02-20T21:00:00.000Z,TR,Turkey,TR,387.0,454.0,,36.0,,False,
2025-02-20T22:00:00.000Z,TR,Turkey,TR,403.0,471.0,,33.0,,False,
2025-02-20T23:00:00.000Z,TR,Turkey,TR,404.0,471.0,,34.0,,False,
2025-02-21T00:00:00.000Z,TR,Turkey,TR,412.0,479.0,,33.0,,False,
2025-02-21T01:00:00.000Z,TR,Turkey,TR,412.0,478.0,,34.0,,False,
2025-02-21T02:00:00.000Z,TR,Turkey,TR,411.0,479.0,,33.0,,False,
2025-02-21T03:00:00.000Z,TR,Turkey,TR,407.0,475.0,,33.0,,False,
2025-02-21T04:00:00.000Z,TR,Turkey,TR,398.0,467.0,,33.0,,False,
2025-02-21T05:00:00.000Z,TR,Turkey,TR,371.0,438.0,,37.0,,False,
2025-02-21T06:00:00.000Z,TR,Turkey,TR,365.0,430.0,,39.0,,False,
2025-02-21T07:00:00.000Z,TR,Turkey,TR,370.0,434.0,,39.0,,False,
2025-02-21T08:00:00.000Z,TR,Turkey,TR,364.0,427.0,,40.0,,False,
2025-02-21T09:00:00.000Z,TR,Turkey,TR,366.0,427.0,,41.0,,False,
2025-02-21T10:00:00.000Z,TR,Turkey,TR,360.0,421.0,,42.0,,False,
2025-02-21T11:00:00.000Z,TR,Turkey,TR,362.0,425.0,,40.0,,False,
2025-02-21T12:00:00.000Z,TR,Turkey,TR,366.0,430.0,,39.0,,False,
2025-02-21T13:00:00.000Z,TR,Turkey,TR,358.0,423.0,,39.0,,False,
2025-02-21T14:00:00.000Z,TR,Turkey,TR,349.0,414.0,,40.0,,False,
2025-02-21T15:00:00.000Z,TR,Turkey,TR,346.0,412.0,,39.0,,False,
2025-02-21T16:00:00.000Z,TR,Turkey,TR,345.0,411.0,,40.0,,False,
2025-02-21T17:00:00.000Z,TR,Turkey,TR,352.0,418.0,,39.0,,False,
2025-02-21T18:00:00.000Z,TR,Turkey,TR,358.0,425.0,,38.0,,False,
2025-02-21T19:00:00.000Z,TR,Turkey,TR,355.0,420.0,,40.0,,False,
2025-02-21T20:00:00.000Z,TR,Turkey,TR,358.0,421.0,,41.0,,False,
2025-02-21T21:00:00.000Z,TR,Turkey,TR,353.0,412.0,,44.0,,False,
2025-02-21T22:00:00.000Z,TR,Turkey,TR,362.0,420.0,,44.0,,False,
2025-02-21T23:00:00.000Z,TR,Turkey,TR,369.0,426.0,,44.0,,False,
2025-02-22T00:00:00.000Z,TR,Turkey,TR,376.0,433.0,,43.0,,False,
2025-02-22T01:00:00.000Z,TR,Turkey,TR,378.0,434.0,,43.0,,False,
2025-02-22T02:00:00.000Z,TR,Turkey,TR,380.0,437.0,,43.0,,False,
2025-02-22T03:00:00.000Z,TR,Turkey,TR,380.0,438.0,,42.0,,False,
2025-02-22T04:00:00.000Z,TR,Turkey,TR,380.0,438.0,,42.0,,False,
2025-02-22T05:00:00.000Z,TR,Turkey,TR,364.0,421.0,,44.0,,False,
2025-02-22T06:00:00.000Z,TR,Turkey,TR,362.0,419.0,,45.0,,False,
2025-02-22T07:00:00.000Z,TR,Turkey,TR,354.0,409.0,,47.0,,False,
2025-02-22T08:00:00.000Z,TR,Turkey,TR,352.0,406.0,,48.0,,False,
2025-02-22T09:00:00.000Z,TR,Turkey,TR,345.0,400.0,,48.0,,False,
2025-02-22T10:00:00.000Z,TR,Turkey,TR,344.0,400.0,,48.0,,False,
2025-02-22T11:00:00.000Z,TR,Turkey,TR,350.0,405.0,,47.0,,False,
2025-02-22T12:00:00.000Z,TR,Turkey,TR,350.0,406.0,,47.0,,False,
2025-02-22T13:00:00.000Z,TR,Turkey,TR,346.0,403.0,,46.0,,False,
2025-02-22T14:00:00.000Z,TR,Turkey,TR,349.0,411.0,,42.0,,False,
2025-02-22T15:00:00.000Z,TR,Turkey,TR,341.0,404.0,,42.0,,False,
2025-02-22T16:00:00.000Z,TR,Turkey,TR,333.0,396.0,,44.0,,False,
2025-02-22T17:00:00.000Z,TR,Turkey,TR,342.0,405.0,,42.0,,False,
2025-02-22T18:00:00.000Z,TR,Turkey,TR,352.0,416.0,,41.0,,False,
2025-02-22T19:00:00.000Z,TR,Turkey,TR,363.0,428.0,,39.0,,False,
2025-02-22T20:00:00.000Z,TR,Turkey,TR,373.0,439.0,,38.0,,False,
2025-02-22T21:00:00.000Z,TR,Turkey,TR,391.0,458.0,,35.0,,False,
2025-02-22T22:00:00.000Z,TR,Turkey,TR,406.0,475.0,,33.0,,False,
2025-02-22T23:00:00.000Z,TR,Turkey,TR,419.0,488.0,,32.0,,False,
2025-02-23T00:00:00.000Z,TR,Turkey,TR,427.0,497.0,,31.0,,False,
2025-02-23T01:00:00.000Z,TR,Turkey,TR,431.0,502.0,,30.0,,False,
2025-02-23T02:00:00.000Z,TR,Turkey,TR,430.0,501.0,,30.0,,False,
2025-02-23T03:00:00.000Z,TR,Turkey,TR,422.0,491.0,,32.0,,False,
2025-02-23T04:00:00.000Z,TR,Turkey,TR,431.0,501.0,,30.0,,False,
2025-02-23T05:00:00.000Z,TR,Turkey,TR,429.0,495.0,,33.0,,False,
2025-02-23T06:00:00.000Z,TR,Turkey,TR,413.0,475.0,,38.0,,False,
2025-02-23T07:00:00.000Z,TR,Turkey,TR,402.0,463.0,,40.0,,False,
2025-02-23T08:00:00.000Z,TR,Turkey,TR,393.0,453.0,,42.0,,False,
2025-02-23T09:00:00.000Z,TR,Turkey,TR,391.0,451.0,,42.0,,False,
2025-02-23T10:00:00.000Z,TR,Turkey,TR,392.0,452.0,,41.0,,False,
2025-02-23T11:00:00.000Z,TR,Turkey,TR,378.0,437.0,,44.0,,False,
2025-02-23T12:00:00.000Z,TR,Turkey,TR,393.0,452.0,,41.0,,False,
2025-02-23T13:00:00.000Z,TR,Turkey,TR,386.0,447.0,,41.0,,False,
2025-02-23T14:00:00.000Z,TR,Turkey,TR,381.0,447.0,,37.0,,False,
2025-02-23T15:00:00.000Z,TR,Turkey,TR,365.0,433.0,,38.0,,False,
2025-02-23T16:00:00.000Z,TR,Turkey,TR,348.0,413.0,,41.0,,False,
2025-02-23T17:00:00.000Z,TR,Turkey,TR,350.0,416.0,,40.0,,False,
2025-02-23T18:00:00.000Z,TR,Turkey,TR,360.0,426.0,,39.0,,False,
2025-02-23T19:00:00.000Z,TR,Turkey,TR,366.0,432.0,,38.0,,False,
2025-02-23T20:00:00.000Z,TR,Turkey,TR,377.0,444.0,,37.0,,False,
2025-02-23T21:00:00.000Z,TR,Turkey,TR,397.0,465.0,,35.0,,False,
2025-02-23T22:00:00.000Z,TR,Turkey,TR,414.0,484.0,,32.0,,False,
2025-02-23T23:00:00.000Z,TR,Turkey,TR,423.0,493.0,,31.0,,False,
2025-02-24T00:00:00.000Z,TR,Turkey,TR,429.0,499.0,,31.0,,False,
2025-02-24T01:00:00.000Z,TR,Turkey,TR,432.0,502.0,,30.0,,False,
2025-02-24T02:00:00.000Z,TR,Turkey,TR,439.0,512.0,,28.0,,False,
2025-02-24T03:00:00.000Z,TR,Turkey,TR,432.0,507.0,,27.0,,False,
2025-02-24T04:00:00.000Z,TR,Turkey,TR,420.0,496.0,,27.0,,False,
2025-02-24T05:00:00.000Z,TR,Turkey,TR,374.0,444.0,,35.0,,False,
2025-02-24T06:00:00.000Z,TR,Turkey,TR,375.0,445.0,,35.0,,False,
2025-02-24T07:00:00.000Z,TR,Turkey,TR,389.0,460.0,,33.0,,False,
2025-02-24T08:00:00.000Z,TR,Turkey,TR,399.0,472.0,,31.0,,False,
2025-02-24T09:00:00.000Z,TR,Turkey,TR,400.0,470.0,,33.0,,False,
2025-02-24T10:00:00.000Z,TR,Turkey,TR,398.0,469.0,,33.0,,False,
2025-02-24T11:00:00.000Z,TR,Turkey,TR,394.0,465.0,,34.0,,False,
2025-02-24T12:00:00.000Z,TR,Turkey,TR,392.0,464.0,,33.0,,False,
2025-02-24T13:00:00.000Z,TR,Turkey,TR,383.0,456.0,,33.0,,False,
2025-02-24T14:00:00.000Z,TR,Turkey,TR,363.0,435.0,,35.0,,False,
2025-02-24T15:00:00.000Z,TR,Turkey,TR,348.0,418.0,,38.0,,False,
2025-02-24T16:00:00.000Z,TR,Turkey,TR,343.0,413.0,,38.0,,False,
2025-02-24T17:00:00.000Z,TR,Turkey,TR,349.0,419.0,,38.0,,False,
2025-02-24T18:00:00.000Z,TR,Turkey,TR,357.0,427.0,,37.0,,False,
2025-02-24T19:00:00.000Z,TR,Turkey,TR,370.0,443.0,,35.0,,False,
2025-02-24T20:00:00.000Z,TR,Turkey,TR,388.0,463.0,,31.0,,False,
2025-02-24T21:00:00.000Z,TR,Turkey,TR,424.0,504.0,,24.0,,False,
2025-02-24T22:00:00.000Z,TR,Turkey,TR,449.0,532.0,,20.0,,False,
2025-02-24T23:00:00.000Z,TR,Turkey,TR,458.0,542.0,,19.0,,False,
2025-02-25T00:00:00.000Z,TR,Turkey,TR,460.0,543.0,,19.0,,False,
2025-02-25T01:00:00.000Z,TR,Turkey,TR,458.0,541.0,,19.0,,False,
2025-02-25T02:00:00.000Z,TR,Turkey,TR,456.0,539.0,,19.0,,False,
2025-02-25T03:00:00.000Z,TR,Turkey,TR,447.0,530.0,,20.0,,False,
2025-02-25T04:00:00.000Z,TR,Turkey,TR,430.0,512.0,,22.0,,False,
2025-02-25T05:00:00.000Z,TR,Turkey,TR,400.0,478.0,,28.0,,False,
2025-02-25T06:00:00.000Z,TR,Turkey,TR,390.0,467.0,,29.0,,False,
2025-02-25T07:00:00.000Z,TR,Turkey,TR,400.0,478.0,,28.0,,False,
2025-02-25T08:00:00.000Z,TR,Turkey,TR,401.0,478.0,,28.0,,False,
2025-02-25T09:00:00.000Z,TR,Turkey,TR,415.0,494.0,,26.0,,False,
2025-02-25T10:00:00.000Z,TR,Turkey,TR,417.0,497.0,,25.0,,False,
2025-02-25T11:00:00.000Z,TR,Turkey,TR,413.0,493.0,,26.0,,False,
2025-02-25T12:00:00.000Z,TR,Turkey,TR,409.0,488.0,,26.0,,False,
2025-02-25T13:00:00.000Z,TR,Turkey,TR,396.0,476.0,,27.0,,False,
2025-02-25T14:00:00.000Z,TR,Turkey,TR,374.0,451.0,,31.0,,False,
2025-02-25T15:00:00.000Z,TR,Turkey,TR,370.0,446.0,,32.0,,False,
2025-02-25T16:00:00.000Z,TR,Turkey,TR,369.0,445.0,,32.0,,False,
2025-02-25T17:00:00.000Z,TR,Turkey,TR,378.0,455.0,,30.0,,False,
2025-02-25T18:00:00.000Z,TR,Turkey,TR,391.0,470.0,,28.0,,False,
2025-02-25T19:00:00.000Z,TR,Turkey,TR,403.0,484.0,,26.0,,False,
2025-02-25T20:00:00.000Z,TR,Turkey,TR,417.0,498.0,,24.0,,False,
2025-02-25T21:00:00.000Z,TR,Turkey,TR,419.0,497.0,,26.0,,False,
2025-02-25T22:00:00.000Z,TR,Turkey,TR,434.0,512.0,,24.0,,False,
2025-02-25T23:00:00.000Z,TR,Turkey,TR,441.0,519.0,,24.0,,False,
2025-02-26T00:00:00.000Z,TR,Turkey,TR,442.0,518.0,,26.0,,False,
2025-02-26T01:00:00.000Z,TR,Turkey,TR,441.0,517.0,,25.0,,False,
2025-02-26T02:00:00.000Z,TR,Turkey,TR,441.0,518.0,,25.0,,False,
2025-02-26T03:00:00.000Z,TR,Turkey,TR,429.0,506.0,,26.0,,False,
2025-02-26T04:00:00.000Z,TR,Turkey,TR,409.0,484.0,,29.0,,False,
2025-02-26T05:00:00.000Z,TR,Turkey,TR,363.0,431.0,,38.0,,False,
2025-02-26T06:00:00.000Z,TR,Turkey,TR,352.0,418.0,,40.0,,False,
2025-02-26T07:00:00.000Z,TR,Turkey,TR,377.0,448.0,,35.0,,False,
2025-02-26T08:00:00.000Z,TR,Turkey,TR,390.0,461.0,,34.0,,False,
2025-02-26T09:00:00.000Z,TR,Turkey,TR,399.0,469.0,,34.0,,False,
2025-02-26T10:00:00.000Z,TR,Turkey,TR,395.0,465.0,,34.0,,False,
2025-02-26T11:00:00.000Z,TR,Turkey,TR,400.0,471.0,,33.0,,False,
2025-02-26T12:00:00.000Z,TR,Turkey,TR,396.0,466.0,,33.0,,False,
2025-02-26T13:00:00.000Z,TR,Turkey,TR,389.0,462.0,,33.0,,False,
2025-02-26T14:00:00.000Z,TR,Turkey,TR,381.0,455.0,,32.0,,False,
2025-02-26T15:00:00.000Z,TR,Turkey,TR,371.0,445.0,,34.0,,False,
2025-02-26T16:00:00.000Z,TR,Turkey,TR,361.0,433.0,,35.0,,False,
2025-02-26T17:00:00.000Z,TR,Turkey,TR,369.0,441.0,,34.0,,False,
2025-02-26T18:00:00.000Z,TR,Turkey,TR,378.0,451.0,,33.0,,False,
2025-02-26T19:00:00.000Z,TR,Turkey,TR,391.0,466.0,,30.0,,False,
2025-02-26T20:00:00.000Z,TR,Turkey,TR,402.0,478.0,,29.0,,False,
2025-02-26T21:00:00.000Z,TR,Turkey,TR,418.0,495.0,,27.0,,False,
2025-02-26T22:00:00.000Z,TR,Turkey,TR,433.0,510.0,,25.0,,False,
2025-02-26T23:00:00.000Z,TR,Turkey,TR,443.0,519.0,,25.0,,False,
2025-02-27T00:00:00.000Z,TR,Turkey,TR,448.0,524.0,,25.0,,False,
2025-02-27T01:00:00.000Z,TR,Turkey,TR,447.0,522.0,,25.0,,False,
2025-02-27T02:00:00.000Z,TR,Turkey,TR,443.0,517.0,,26.0,,False,
2025-02-27T03:00:00.000Z,TR,Turkey,TR,441.0,518.0,,25.0,,False,
2025-02-27T04:00:00.000Z,TR,Turkey,TR,429.0,505.0,,26.0,,False,
2025-02-27T05:00:00.000Z,TR,Turkey,TR,394.0,467.0,,32.0,,False,
2025-02-27T06:00:00.000Z,TR,Turkey,TR,386.0,457.0,,34.0,,False,
2025-02-27T07:00:00.000Z,TR,Turkey,TR,387.0,457.0,,34.0,,False,
2025-02-27T08:00:00.000Z,TR,Turkey,TR,389.0,457.0,,35.0,,False,
2025-02-27T09:00:00.000Z,TR,Turkey,TR,380.0,447.0,,37.0,,False,
2025-02-27T10:00:00.000Z,TR,Turkey,TR,382.0,450.0,,37.0,,False,
2025-02-27T11:00:00.000Z,TR,Turkey,TR,393.0,461.0,,35.0,,False,
2025-02-27T12:00:00.000Z,TR,Turkey,TR,387.0,456.0,,35.0,,False,
2025-02-27T13:00:00.000Z,TR,Turkey,TR,389.0,462.0,,32.0,,False,
2025-02-27T14:00:00.000Z,TR,Turkey,TR,383.0,458.0,,32.0,,False,
2025-02-27T15:00:00.000Z,TR,Turkey,TR,372.0,446.0,,33.0,,False,
2025-02-27T16:00:00.000Z,TR,Turkey,TR,368.0,441.0,,34.0,,False,
2025-02-27T17:00:00.000Z,TR,Turkey,TR,379.0,453.0,,32.0,,False,
2025-02-27T18:00:00.000Z,TR,Turkey,TR,389.0,465.0,,30.0,,False,
2025-02-27T19:00:00.000Z,TR,Turkey,TR,397.0,473.0,,29.0,,False,
2025-02-27T20:00:00.000Z,TR,Turkey,TR,402.0,478.0,,29.0,,False,
2025-02-27T21:00:00.000Z,TR,Turkey,TR,420.0,496.0,,27.0,,False,
2025-02-27T22:00:00.000Z,TR,Turkey,TR,436.0,513.0,,25.0,,False,
2025-02-27T23:00:00.000Z,TR,Turkey,TR,450.0,528.0,,23.0,,False,
2025-02-28T00:00:00.000Z,TR,Turkey,TR,459.0,538.0,,22.0,,False,
2025-02-28T01:00:00.000Z,TR,Turkey,TR,462.0,542.0,,21.0,,False,
2025-02-28T02:00:00.000Z,TR,Turkey,TR,462.0,542.0,,21.0,,False,
2025-02-28T03:00:00.000Z,TR,Turkey,TR,459.0,541.0,,20.0,,False,
2025-02-28T04:00:00.000Z,TR,Turkey,TR,445.0,527.0,,21.0,,False,
2025-02-28T05:00:00.000Z,TR,Turkey,TR,419.0,500.0,,24.0,,False,
2025-02-28T06:00:00.000Z,TR,Turkey,TR,410.0,490.0,,25.0,,False,
2025-02-28T07:00:00.000Z,TR,Turkey,TR,421.0,502.0,,24.0,,False,
2025-02-28T08:00:00.000Z,TR,Turkey,TR,423.0,504.0,,24.0,,False,
2025-02-28T09:00:00.000Z,TR,Turkey,TR,431.0,511.0,,24.0,,False,
2025-02-28T10:00:00.000Z,TR,Turkey,TR,436.0,517.0,,23.0,,False,
2025-02-28T11:00:00.000Z,TR,Turkey,TR,427.0,509.0,,23.0,,False,
2025-02-28T12:00:00.000Z,TR,Turkey,TR,416.0,497.0,,25.0,,False,
2025-02-28T13:00:00.000Z,TR,Turkey,TR,398.0,476.0,,28.0,,False,
2025-02-28T14:00:00.000Z,TR,Turkey,TR,381.0,457.0,,31.0,,False,
2025-02-28T15:00:00.000Z,TR,Turkey,TR,375.0,450.0,,32.0,,False,
2025-02-28T16:00:00.000Z,TR,Turkey,TR,375.0,450.0,,32.0,,False,
2025-02-28T17:00:00.000Z,TR,Turkey,TR,383.0,459.0,,30.0,,False,
2025-02-28T18:00:00.000Z,TR,Turkey,TR,393.0,470.0,,29.0,,False,
2025-02-28T19:00:00.000Z,TR,Turkey,TR,391.0,467.0,,30.0,,False,
2025-02-28T20:00:00.000Z,TR,Turkey,TR,400.0,475.0,,30.0,,False,
2025-02-28T21:00:00.000Z,TR,Turkey,TR,421.0,497.0,,27.0,,False,
2025-02-28T22:00:00.000Z,TR,Turkey,TR,438.0,517.0,,24.0,,False,
2025-02-28T23:00:00.000Z,TR,Turkey,TR,454.0,534.0,,21.0,,False,
2025-03-01T00:00:00.000Z,TR,Turkey,TR,457.0,537.0,,21.0,,False,
2025-03-01T01:00:00.000Z,TR,Turkey,TR,448.0,528.0,,22.0,,False,
2025-03-01T02:00:00.000Z,TR,Turkey,TR,443.0,522.0,,23.0,,False,
2025-03-01T03:00:00.000Z,TR,Turkey,TR,454.0,534.0,,21.0,,False,
2025-03-01T04:00:00.000Z,TR,Turkey,TR,461.0,541.0,,21.0,,False,
2025-03-01T05:00:00.000Z,TR,Turkey,TR,446.0,523.0,,25.0,,False,
2025-03-01T06:00:00.000Z,TR,Turkey,TR,443.0,517.0,,27.0,,False,
2025-03-01T07:00:00.000Z,TR,Turkey,TR,424.0,494.0,,32.0,,False,
2025-03-01T08:00:00.000Z,TR,Turkey,TR,414.0,481.0,,35.0,,False,
2025-03-01T09:00:00.000Z,TR,Turkey,TR,413.0,480.0,,35.0,,False,
2025-03-01T10:00:00.000Z,TR,Turkey,TR,428.0,496.0,,33.0,,False,
2025-03-01T11:00:00.000Z,TR,Turkey,TR,429.0,498.0,,32.0,,False,
2025-03-01T12:00:00.000Z,TR,Turkey,TR,429.0,497.0,,32.0,,False,
2025-03-01T13:00:00.000Z,TR,Turkey,TR,425.0,496.0,,31.0,,False,
2025-03-01T14:00:00.000Z,TR,Turkey,TR,410.0,485.0,,29.0,,False,
2025-03-01T15:00:00.000Z,TR,Turkey,TR,387.0,459.0,,32.0,,False,
2025-03-01T16:00:00.000Z,TR,Turkey,TR,392.0,465.0,,32.0,,False,
2025-03-01T17:00:00.000Z,TR,Turkey,TR,387.0,461.0,,32.0,,False,
2025-03-01T18:00:00.000Z,TR,Turkey,TR,404.0,479.0,,29.0,,False,
2025-03-01T19:00:00.000Z,TR,Turkey,TR,410.0,485.0,,29.0,,False,
2025-03-01T20:00:00.000Z,TR,Turkey,TR,417.0,492.0,,28.0,,False,
2025-03-01T21:00:00.000Z,TR,Turkey,TR,437.0,513.0,,25.0,,False,
2025-03-01T22:00:00.000Z,TR,Turkey,TR,456.0,535.0,,22.0,,False,
2025-03-01T23:00:00.000Z,TR,Turkey,TR,472.0,552.0,,20.0,,False,
2025-03-02T00:00:00.000Z,TR,Turkey,TR,476.0,557.0,,19.0,,False,
2025-03-02T01:00:00.000Z,TR,Turkey,TR,464.0,544.0,,21.0,,False,
2025-03-02T02:00:00.000Z,TR,Turkey,TR,456.0,536.0,,22.0,,False,
2025-03-02T03:00:00.000Z,TR,Turkey,TR,470.0,552.0,,19.0,,False,
2025-03-02T04:00:00.000Z,TR,Turkey,TR,489.0,570.0,,18.0,,False,
2025-03-02T05:00:00.000Z,TR,Turkey,TR,487.0,561.0,,24.0,,False,
2025-03-02T06:00:00.000Z,TR,Turkey,TR,456.0,524.0,,31.0,,False,
2025-03-02T07:00:00.000Z,TR,Turkey,TR,408.0,477.0,,36.0,,False,
2025-03-02T08:00:00.000Z,TR,Turkey,TR,393.0,460.0,,39.0,,False,
2025-03-02T09:00:00.000Z,TR,Turkey,TR,395.0,463.0,,39.0,,False,
2025-03-02T10:00:00.000Z,TR,Turkey,TR,390.0,456.0,,39.0,,False,
2025-03-02T11:00:00.000Z,TR,Turkey,TR,394.0,458.0,,40.0,,False,
2025-03-02T12:00:00.000Z,TR,Turkey,TR,413.0,477.0,,37.0,,False,
2025-03-02T13:00:00.000Z,TR,Turkey,TR,421.0,489.0,,33.0,,False,
2025-03-02T14:00:00.000Z,TR,Turkey,TR,404.0,477.0,,31.0,,False,
2025-03-02T15:00:00.000Z,TR,Turkey,TR,388.0,461.0,,32.0,,False,
2025-03-02T16:00:00.000Z,TR,Turkey,TR,392.0,464.0,,32.0,,False,
2025-03-02T17:00:00.000Z,TR,Turkey,TR,388.0,460.0,,33.0,,False,
2025-03-02T18:00:00.000Z,TR,Turkey,TR,401.0,474.0,,31.0,,False,
2025-03-02T19:00:00.000Z,TR,Turkey,TR,395.0,464.0,,34.0,,False,
2025-03-02T20:00:00.000Z,TR,Turkey,TR,403.0,471.0,,34.0,,False,
2025-03-02T21:00:00.000Z,TR,Turkey,TR,413.0,481.0,,33.0,,False,
2025-03-02T22:00:00.000Z,TR,Turkey,TR,428.0,497.0,,31.0,,False,
2025-03-02T23:00:00.000Z,TR,Turkey,TR,424.0,492.0,,32.0,,False,
2025-03-03T00:00:00.000Z,TR,Turkey,TR,431.0,498.0,,32.0,,False,
2025-03-03T01:00:00.000Z,TR,Turkey,TR,432.0,500.0,,31.0,,False,
2025-03-03T02:00:00.000Z,TR,Turkey,TR,430.0,498.0,,31.0,,False,
2025-03-03T03:00:00.000Z,TR,Turkey,TR,432.0,499.0,,31.0,,False,
2025-03-03T04:00:00.000Z,TR,Turkey,TR,422.0,490.0,,31.0,,False,
2025-03-03T05:00:00.000Z,TR,Turkey,TR,405.0,475.0,,31.0,,False,
2025-03-03T06:00:00.000Z,TR,Turkey,TR,389.0,459.0,,33.0,,False,
2025-03-03T07:00:00.000Z,TR,Turkey,TR,393.0,462.0,,33.0,,False,
2025-03-03T08:00:00.000Z,TR,Turkey,TR,387.0,457.0,,34.0,,False,
2025-03-03T09:00:00.000Z,TR,Turkey,TR,393.0,461.0,,34.0,,False,
2025-03-03T10:00:00.000Z,TR,Turkey,TR,391.0,460.0,,33.0,,False,
2025-03-03T11:00:00.000Z,TR,Turkey,TR,381.0,450.0,,35.0,,False,
2025-03-03T12:00:00.000Z,TR,Turkey,TR,379.0,448.0,,35.0,,False,
2025-03-03T13:00:00.000Z,TR,Turkey,TR,371.0,440.0,,35.0,,False,
2025-03-03T14:00:00.000Z,TR,Turkey,TR,367.0,435.0,,36.0,,False,
2025-03-03T15:00:00.000Z,TR,Turkey,TR,365.0,434.0,,36.0,,False,
2025-03-03T16:00:00.000Z,TR,Turkey,TR,358.0,423.0,,39.0,,False,
2025-03-03T17:00:00.000Z,TR,Turkey,TR,353.0,417.0,,40.0,,False,
2025-03-03T18:00:00.000Z,TR,Turkey,TR,364.0,429.0,,39.0,,False,
2025-03-03T19:00:00.000Z,TR,Turkey,TR,356.0,416.0,,42.0,,False,
2025-03-03T20:00:00.000Z,TR,Turkey,TR,360.0,420.0,,42.0,,False,
2025-03-03T21:00:00.000Z,TR,Turkey,TR,372.0,431.0,,41.0,,False,
2025-03-03T22:00:00.000Z,TR,Turkey,TR,383.0,443.0,,40.0,,False,
2025-03-03T23:00:00.000Z,TR,Turkey,TR,393.0,453.0,,39.0,,False,
2025-03-04T00:00:00.000Z,TR,Turkey,TR,397.0,457.0,,39.0,,False,
2025-03-04T01:00:00.000Z,TR,Turkey,TR,401.0,466.0,,36.0,,False,
2025-03-04T02:00:00.000Z,TR,Turkey,TR,401.0,465.0,,35.0,,False,
2025-03-04T03:00:00.000Z,TR,Turkey,TR,402.0,467.0,,35.0,,False,
2025-03-04T04:00:00.000Z,TR,Turkey,TR,402.0,468.0,,35.0,,False,
2025-03-04T05:00:00.000Z,TR,Turkey,TR,371.0,434.0,,40.0,,False,
2025-03-04T06:00:00.000Z,TR,Turkey,TR,368.0,428.0,,41.0,,False,
2025-03-04T07:00:00.000Z,TR,Turkey,TR,368.0,425.0,,44.0,,False,
2025-03-04T08:00:00.000Z,TR,Turkey,TR,353.0,408.0,,47.0,,False,
2025-03-04T09:00:00.000Z,TR,Turkey,TR,344.0,398.0,,48.0,,False,
2025-03-04T10:00:00.000Z,TR,Turkey,TR,344.0,398.0,,48.0,,False,
2025-03-04T11:00:00.000Z,TR,Turkey,TR,350.0,404.0,,47.0,,False,
2025-03-04T12:00:00.000Z,TR,Turkey,TR,335.0,390.0,,48.0,,False,
2025-03-04T13:00:00.000Z,TR,Turkey,TR,357.0,416.0,,43.0,,False,
2025-03-04T14:00:00.000Z,TR,Turkey,TR,356.0,420.0,,41.0,,False,
2025-03-04T15:00:00.000Z,TR,Turkey,TR,356.0,421.0,,39.0,,False,
2025-03-04T16:00:00.000Z,TR,Turkey,TR,355.0,420.0,,40.0,,False,
2025-03-04T17:00:00.000Z,TR,Turkey,TR,351.0,416.0,,40.0,,False,
2025-03-04T18:00:00.000Z,TR,Turkey,TR,358.0,422.0,,40.0,,False,
2025-03-04T19:00:00.000Z,TR,Turkey,TR,354.0,415.0,,42.0,,False,
2025-03-04T20:00:00.000Z,TR,Turkey,TR,361.0,422.0,,42.0,,False,
2025-03-04T21:00:00.000Z,TR,Turkey,TR,375.0,437.0,,40.0,,False,
2025-03-04T22:00:00.000Z,TR,Turkey,TR,395.0,458.0,,37.0,,False,
2025-03-04T23:00:00.000Z,TR,Turkey,TR,407.0,472.0,,35.0,,False,
2025-03-05T00:00:00.000Z,TR,Turkey,TR,417.0,483.0,,33.0,,False,
2025-03-05T01:00:00.000Z,TR,Turkey,TR,421.0,491.0,,31.0,,False,
2025-03-05T02:00:00.000Z,TR,Turkey,TR,418.0,488.0,,31.0,,False,
2025-03-05T03:00:00.000Z,TR,Turkey,TR,420.0,490.0,,31.0,,False,
2025-03-05T04:00:00.000Z,TR,Turkey,TR,417.0,486.0,,32.0,,False,
2025-03-05T05:00:00.000Z,TR,Turkey,TR,390.0,456.0,,36.0,,False,
2025-03-05T06:00:00.000Z,TR,Turkey,TR,395.0,460.0,,37.0,,False,
2025-03-05T07:00:00.000Z,TR,Turkey,TR,396.0,458.0,,38.0,,False,
2025-03-05T08:00:00.000Z,TR,Turkey,TR,360.0,421.0,,43.0,,False,
2025-03-05T09:00:00.000Z,TR,Turkey,TR,364.0,423.0,,44.0,,False,
2025-03-05T10:00:00.000Z,TR,Turkey,TR,366.0,426.0,,43.0,,False,
2025-03-05T11:00:00.000Z,TR,Turkey,TR,370.0,430.0,,43.0,,False,
2025-03-05T12:00:00.000Z,TR,Turkey,TR,359.0,420.0,,43.0,,False,
2025-03-05T13:00:00.000Z,TR,Turkey,TR,374.0,438.0,,39.0,,False,
2025-03-05T14:00:00.000Z,TR,Turkey,TR,382.0,449.0,,36.0,,False,
2025-03-05T15:00:00.000Z,TR,Turkey,TR,377.0,446.0,,35.0,,False,
2025-03-05T16:00:00.000Z,TR,Turkey,TR,374.0,443.0,,36.0,,False,
2025-03-05T17:00:00.000Z,TR,Turkey,TR,363.0,431.0,,37.0,,False,
2025-03-05T18:00:00.000Z,TR,Turkey,TR,374.0,443.0,,36.0,,False,
2025-03-05T19:00:00.000Z,TR,Turkey,TR,378.0,446.0,,36.0,,False,
2025-03-05T20:00:00.000Z,TR,Turkey,TR,386.0,454.0,,35.0,,False,
2025-03-05T21:00:00.000Z,TR,Turkey,TR,397.0,466.0,,34.0,,False,
2025-03-05T22:00:00.000Z,TR,Turkey,TR,415.0,485.0,,31.0,,False,
2025-03-05T23:00:00.000Z,TR,Turkey,TR,428.0,500.0,,29.0,,False,
2025-03-06T00:00:00.000Z,TR,Turkey,TR,433.0,506.0,,28.0,,False,
2025-03-06T01:00:00.000Z,TR,Turkey,TR,431.0,504.0,,28.0,,False,
2025-03-06T02:00:00.000Z,TR,Turkey,TR,427.0,501.0,,28.0,,False,
2025-03-06T03:00:00.000Z,TR,Turkey,TR,430.0,504.0,,27.0,,False,
2025-03-06T04:00:00.000Z,TR,Turkey,TR,426.0,498.0,,29.0,,False,
2025-03-06T05:00:00.000Z,TR,Turkey,TR,402.0,472.0,,33.0,,False,
2025-03-06T06:00:00.000Z,TR,Turkey,TR,398.0,464.0,,36.0,,False,
2025-03-06T07:00:00.000Z,TR,Turkey,TR,396.0,458.0,,39.0,,False,
2025-03-06T08:00:00.000Z,TR,Turkey,TR,401.0,461.0,,40.0,,False,
2025-03-06T09:00:00.000Z,TR,Turkey,TR,388.0,450.0,,40.0,,False,
2025-03-06T10:00:00.000Z,TR,Turkey,TR,383.0,445.0,,40.0,,False,
2025-03-06T11:00:00.000Z,TR,Turkey,TR,401.0,463.0,,39.0,,False,
2025-03-06T12:00:00.000Z,TR,Turkey,TR,394.0,457.0,,38.0,,False,
2025-03-06T13:00:00.000Z,TR,Turkey,TR,393.0,459.0,,36.0,,False,
2025-03-06T14:00:00.000Z,TR,Turkey,TR,377.0,445.0,,36.0,,False,
2025-03-06T15:00:00.000Z,TR,Turkey,TR,367.0,435.0,,37.0,,False,
2025-03-06T16:00:00.000Z,TR,Turkey,TR,361.0,427.0,,39.0,,False,
2025-03-06T17:00:00.000Z,TR,Turkey,TR,359.0,426.0,,38.0,,False,
2025-03-06T18:00:00.000Z,TR,Turkey,TR,367.0,435.0,,37.0,,False,
2025-03-06T19:00:00.000Z,TR,Turkey,TR,365.0,430.0,,39.0,,False,
2025-03-06T20:00:00.000Z,TR,Turkey,TR,378.0,444.0,,37.0,,False,
2025-03-06T21:00:00.000Z,TR,Turkey,TR,397.0,465.0,,34.0,,False,
2025-03-06T22:00:00.000Z,TR,Turkey,TR,417.0,488.0,,30.0,,False,
2025-03-06T23:00:00.000Z,TR,Turkey,TR,429.0,502.0,,28.0,,False,
2025-03-07T00:00:00.000Z,TR,Turkey,TR,433.0,507.0,,28.0,,False,
2025-03-07T01:00:00.000Z,TR,Turkey,TR,431.0,505.0,,28.0,,False,
2025-03-07T02:00:00.000Z,TR,Turkey,TR,428.0,501.0,,28.0,,False,
2025-03-07T03:00:00.000Z,TR,Turkey,TR,424.0,496.0,,29.0,,False,
2025-03-07T04:00:00.000Z,TR,Turkey,TR,417.0,487.0,,31.0,,False,
2025-03-07T05:00:00.000Z,TR,Turkey,TR,398.0,464.0,,36.0,,False,
2025-03-07T06:00:00.000Z,TR,Turkey,TR,392.0,454.0,,39.0,,False,
2025-03-07T07:00:00.000Z,TR,Turkey,TR,375.0,435.0,,43.0,,False,
2025-03-07T08:00:00.000Z,TR,Turkey,TR,356.0,415.0,,45.0,,False,
2025-03-07T09:00:00.000Z,TR,Turkey,TR,345.0,404.0,,47.0,,False,
2025-03-07T10:00:00.000Z,TR,Turkey,TR,346.0,405.0,,47.0,,False,
2025-03-07T11:00:00.000Z,TR,Turkey,TR,360.0,419.0,,45.0,,False,
2025-03-07T12:00:00.000Z,TR,Turkey,TR,360.0,419.0,,44.0,,False,
2025-03-07T13:00:00.000Z,TR,Turkey,TR,365.0,426.0,,42.0,,False,
2025-03-07T14:00:00.000Z,TR,Turkey,TR,369.0,435.0,,38.0,,False,
2025-03-07T15:00:00.000Z,TR,Turkey,TR,363.0,430.0,,38.0,,False,
2025-03-07T16:00:00.000Z,TR,Turkey,TR,358.0,424.0,,39.0,,False,
2025-03-07T17:00:00.000Z,TR,Turkey,TR,354.0,420.0,,39.0,,False,
2025-03-07T18:00:00.000Z,TR,Turkey,TR,367.0,435.0,,37.0,,False,
2025-03-07T19:00:00.000Z,TR,Turkey,TR,366.0,432.0,,39.0,,False,
2025-03-07T20:00:00.000Z,TR,Turkey,TR,372.0,439.0,,38.0,,False,
2025-03-07T21:00:00.000Z,TR,Turkey,TR,389.0,457.0,,35.0,,False,
2025-03-07T22:00:00.000Z,TR,Turkey,TR,404.0,475.0,,32.0,,False,
2025-03-07T23:00:00.000Z,TR,Turkey,TR,415.0,488.0,,30.0,,False,
2025-03-08T00:00:00.000Z,TR,Turkey,TR,422.0,494.0,,29.0,,False,
2025-03-08T01:00:00.000Z,TR,Turkey,TR,416.0,488.0,,30.0,,False,
2025-03-08T02:00:00.000Z,TR,Turkey,TR,415.0,487.0,,30.0,,False,
2025-03-08T03:00:00.000Z,TR,Turkey,TR,423.0,496.0,,29.0,,False,
2025-03-08T04:00:00.000Z,TR,Turkey,TR,428.0,500.0,,30.0,,False,
2025-03-08T05:00:00.000Z,TR,Turkey,TR,414.0,482.0,,34.0,,False,
2025-03-08T06:00:00.000Z,TR,Turkey,TR,400.0,462.0,,39.0,,False,
2025-03-08T07:00:00.000Z,TR,Turkey,TR,400.0,462.0,,40.0,,False,
2025-03-08T08:00:00.000Z,TR,Turkey,TR,375.0,434.0,,44.0,,False,
2025-03-08T09:00:00.000Z,TR,Turkey,TR,368.0,427.0,,45.0,,False,
2025-03-08T10:00:00.000Z,TR,Turkey,TR,360.0,419.0,,46.0,,False,
2025-03-08T11:00:00.000Z,TR,Turkey,TR,370.0,429.0,,45.0,,False,
2025-03-08T12:00:00.000Z,TR,Turkey,TR,362.0,419.0,,46.0,,False,
2025-03-08T13:00:00.000Z,TR,Turkey,TR,373.0,432.0,,43.0,,False,
2025-03-08T14:00:00.000Z,TR,Turkey,TR,370.0,436.0,,39.0,,False,
2025-03-08T15:00:00.000Z,TR,Turkey,TR,352.0,417.0,,41.0,,False,
2025-03-08T16:00:00.000Z,TR,Turkey,TR,356.0,422.0,,40.0,,False,
2025-03-08T17:00:00.000Z,TR,Turkey,TR,349.0,414.0,,41.0,,False,
2025-03-08T18:00:00.000Z,TR,Turkey,TR,361.0,427.0,,39.0,,False,
2025-03-08T19:00:00.000Z,TR,Turkey,TR,371.0,438.0,,38.0,,False,
2025-03-08T20:00:00.000Z,TR,Turkey,TR,382.0,450.0,,36.0,,False,
2025-03-08T21:00:00.000Z,TR,Turkey,TR,395.0,463.0,,35.0,,False,
2025-03-08T22:00:00.000Z,TR,Turkey,TR,412.0,482.0,,32.0,,False,
2025-03-08T23:00:00.000Z,TR,Turkey,TR,429.0,500.0,,30.0,,False,
2025-03-09T00:00:00.000Z,TR,Turkey,TR,435.0,508.0,,28.0,,False,
2025-03-09T01:00:00.000Z,TR,Turkey,TR,434.0,508.0,,28.0,,False,
2025-03-09T02:00:00.000Z,TR,Turkey,TR,437.0,512.0,,27.0,,False,
2025-03-09T03:00:00.000Z,TR,Turkey,TR,446.0,520.0,,27.0,,False,
2025-03-09T04:00:00.000Z,TR,Turkey,TR,454.0,525.0,,29.0,,False,
2025-03-09T05:00:00.000Z,TR,Turkey,TR,411.0,476.0,,37.0,,False,
2025-03-09T06:00:00.000Z,TR,Turkey,TR,376.0,439.0,,43.0,,False,
2025-03-09T07:00:00.000Z,TR,Turkey,TR,369.0,434.0,,43.0,,False,
2025-03-09T08:00:00.000Z,TR,Turkey,TR,374.0,439.0,,43.0,,False,
2025-03-09T09:00:00.000Z,TR,Turkey,TR,375.0,440.0,,43.0,,False,
2025-03-09T10:00:00.000Z,TR,Turkey,TR,374.0,439.0,,42.0,,False,
2025-03-09T11:00:00.000Z,TR,Turkey,TR,367.0,431.0,,43.0,,False,
2025-03-09T12:00:00.000Z,TR,Turkey,TR,358.0,420.0,,44.0,,False,
2025-03-09T13:00:00.000Z,TR,Turkey,TR,393.0,457.0,,39.0,,False,
2025-03-09T14:00:00.000Z,TR,Turkey,TR,407.0,477.0,,33.0,,False,
2025-03-09T15:00:00.000Z,TR,Turkey,TR,388.0,458.0,,34.0,,False,
2025-03-09T16:00:00.000Z,TR,Turkey,TR,388.0,459.0,,34.0,,False,
2025-03-09T17:00:00.000Z,TR,Turkey,TR,388.0,460.0,,34.0,,False,
2025-03-09T18:00:00.000Z,TR,Turkey,TR,401.0,473.0,,32.0,,False,
2025-03-09T19:00:00.000Z,TR,Turkey,TR,404.0,476.0,,32.0,,False,
2025-03-09T20:00:00.000Z,TR,Turkey,TR,411.0,483.0,,31.0,,False,
2025-03-09T21:00:00.000Z,TR,Turkey,TR,426.0,500.0,,29.0,,False,
2025-03-09T22:00:00.000Z,TR,Turkey,TR,446.0,519.0,,27.0,,False,
2025-03-09T23:00:00.000Z,TR,Turkey,TR,457.0,531.0,,26.0,,False,
2025-03-10T00:00:00.000Z,TR,Turkey,TR,458.0,532.0,,26.0,,False,
2025-03-10T01:00:00.000Z,TR,Turkey,TR,455.0,530.0,,25.0,,False,
2025-03-10T02:00:00.000Z,TR,Turkey,TR,458.0,534.0,,24.0,,False,
2025-03-10T03:00:00.000Z,TR,Turkey,TR,460.0,537.0,,24.0,,False,
2025-03-10T04:00:00.000Z,TR,Turkey,TR,460.0,537.0,,24.0,,False,
2025-03-10T05:00:00.000Z,TR,Turkey,TR,427.0,500.0,,29.0,,False,
2025-03-10T06:00:00.000Z,TR,Turkey,TR,426.0,497.0,,30.0,,False,
2025-03-10T07:00:00.000Z,TR,Turkey,TR,431.0,499.0,,32.0,,False,
2025-03-10T08:00:00.000Z,TR,Turkey,TR,416.0,481.0,,36.0,,False,
2025-03-10T09:00:00.000Z,TR,Turkey,TR,390.0,454.0,,39.0,,False,
2025-03-10T10:00:00.000Z,TR,Turkey,TR,396.0,460.0,,39.0,,False,
2025-03-10T11:00:00.000Z,TR,Turkey,TR,390.0,453.0,,40.0,,False,
2025-03-10T12:00:00.000Z,TR,Turkey,TR,383.0,448.0,,39.0,,False,
2025-03-10T13:00:00.000Z,TR,Turkey,TR,401.0,468.0,,35.0,,False,
2025-03-10T14:00:00.000Z,TR,Turkey,TR,391.0,459.0,,35.0,,False,
2025-03-10T15:00:00.000Z,TR,Turkey,TR,378.0,447.0,,36.0,,False,
2025-03-10T16:00:00.000Z,TR,Turkey,TR,375.0,444.0,,36.0,,False,
2025-03-10T17:00:00.000Z,TR,Turkey,TR,367.0,435.0,,37.0,,False,
2025-03-10T18:00:00.000Z,TR,Turkey,TR,376.0,444.0,,36.0,,False,
2025-03-10T19:00:00.000Z,TR,Turkey,TR,372.0,437.0,,39.0,,False,
2025-03-10T20:00:00.000Z,TR,Turkey,TR,377.0,441.0,,39.0,,False,
2025-03-10T21:00:00.000Z,TR,Turkey,TR,382.0,444.0,,40.0,,False,
2025-03-10T22:00:00.000Z,TR,Turkey,TR,395.0,457.0,,39.0,,False,
2025-03-10T23:00:00.000Z,TR,Turkey,TR,399.0,460.0,,39.0,,False,
2025-03-11T00:00:00.000Z,TR,Turkey,TR,402.0,463.0,,39.0,,False,
2025-03-11T01:00:00.000Z,TR,Turkey,TR,402.0,464.0,,38.0,,False,
2025-03-11T02:00:00.000Z,TR,Turkey,TR,398.0,461.0,,38.0,,False,
2025-03-11T03:00:00.000Z,TR,Turkey,TR,403.0,466.0,,37.0,,False,
2025-03-11T04:00:00.000Z,TR,Turkey,TR,403.0,465.0,,38.0,,False,
2025-03-11T05:00:00.000Z,TR,Turkey,TR,379.0,438.0,,42.0,,False,
2025-03-11T06:00:00.000Z,TR,Turkey,TR,364.0,420.0,,45.0,,False,
2025-03-11T07:00:00.000Z,TR,Turkey,TR,327.0,381.0,,51.0,,False,
2025-03-11T08:00:00.000Z,TR,Turkey,TR,301.0,351.0,,56.0,,False,
2025-03-11T09:00:00.000Z,TR,Turkey,TR,292.0,343.0,,57.0,,False,
2025-03-11T10:00:00.000Z,TR,Turkey,TR,291.0,342.0,,56.0,,False,
2025-03-11T11:00:00.000Z,TR,Turkey,TR,289.0,340.0,,57.0,,False,
2025-03-11T12:00:00.000Z,TR,Turkey,TR,285.0,336.0,,57.0,,False,
2025-03-11T13:00:00.000Z,TR,Turkey,TR,292.0,342.0,,56.0,,False,
2025-03-11T14:00:00.000Z,TR,Turkey,TR,321.0,374.0,,51.0,,False,
2025-03-11T15:00:00.000Z,TR,Turkey,TR,333.0,388.0,,48.0,,False,
2025-03-11T16:00:00.000Z,TR,Turkey,TR,334.0,389.0,,48.0,,False,
2025-03-11T17:00:00.000Z,TR,Turkey,TR,331.0,387.0,,48.0,,False,
2025-03-11T18:00:00.000Z,TR,Turkey,TR,338.0,393.0,,48.0,,False,
2025-03-11T19:00:00.000Z,TR,Turkey,TR,331.0,384.0,,50.0,,False,
2025-03-11T20:00:00.000Z,TR,Turkey,TR,337.0,389.0,,50.0,,False,
2025-03-11T21:00:00.000Z,TR,Turkey,TR,344.0,396.0,,49.0,,False,
2025-03-11T22:00:00.000Z,TR,Turkey,TR,362.0,416.0,,47.0,,False,
2025-03-11T23:00:00.000Z,TR,Turkey,TR,374.0,428.0,,45.0,,False,
2025-03-12T00:00:00.000Z,TR,Turkey,TR,373.0,428.0,,45.0,,False,
2025-03-12T01:00:00.000Z,TR,Turkey,TR,371.0,427.0,,45.0,,False,
2025-03-12T02:00:00.000Z,TR,Turkey,TR,375.0,432.0,,43.0,,False,
2025-03-12T03:00:00.000Z,TR,Turkey,TR,383.0,441.0,,42.0,,False,
2025-03-12T04:00:00.000Z,TR,Turkey,TR,376.0,432.0,,44.0,,False,
2025-03-12T05:00:00.000Z,TR,Turkey,TR,358.0,411.0,,47.0,,False,
2025-03-12T06:00:00.000Z,TR,Turkey,TR,342.0,395.0,,50.0,,False,
2025-03-12T07:00:00.000Z,TR,Turkey,TR,309.0,359.0,,55.0,,False,
2025-03-12T08:00:00.000Z,TR,Turkey,TR,292.0,342.0,,57.0,,False,
2025-03-12T09:00:00.000Z,TR,Turkey,TR,289.0,338.0,,58.0,,False,
2025-03-12T10:00:00.000Z,TR,Turkey,TR,287.0,337.0,,57.0,,False,
2025-03-12T11:00:00.000Z,TR,Turkey,TR,301.0,351.0,,56.0,,False,
2025-03-12T12:00:00.000Z,TR,Turkey,TR,313.0,364.0,,54.0,,False,
2025-03-12T13:00:00.000Z,TR,Turkey,TR,323.0,375.0,,52.0,,False,
2025-03-12T14:00:00.000Z,TR,Turkey,TR,343.0,400.0,,47.0,,False,
2025-03-12T15:00:00.000Z,TR,Turkey,TR,343.0,402.0,,45.0,,False,
2025-03-12T16:00:00.000Z,TR,Turkey,TR,342.0,401.0,,45.0,,False,
2025-03-12T17:00:00.000Z,TR,Turkey,TR,337.0,396.0,,45.0,,False,
2025-03-12T18:00:00.000Z,TR,Turkey,TR,344.0,404.0,,44.0,,False,
2025-03-12T19:00:00.000Z,TR,Turkey,TR,341.0,399.0,,46.0,,False,
2025-03-12T20:00:00.000Z,TR,Turkey,TR,342.0,397.0,,47.0,,False,
2025-03-12T21:00:00.000Z,TR,Turkey,TR,354.0,409.0,,46.0,,False,
2025-03-12T22:00:00.000Z,TR,Turkey,TR,366.0,422.0,,45.0,,False,
2025-03-12T23:00:00.000Z,TR,Turkey,TR,378.0,435.0,,43.0,,False,
2025-03-13T00:00:00.000Z,TR,Turkey,TR,379.0,435.0,,44.0,,False,
2025-03-13T01:00:00.000Z,TR,Turkey,TR,368.0,422.0,,46.0,,False,
2025-03-13T02:00:00.000Z,TR,Turkey,TR,365.0,418.0,,47.0,,False,
2025-03-13T03:00:00.000Z,TR,Turkey,TR,368.0,421.0,,47.0,,False,
2025-03-13T04:00:00.000Z,TR,Turkey,TR,362.0,414.0,,48.0,,False,
2025-03-13T05:00:00.000Z,TR,Turkey,TR,328.0,378.0,,52.0,,False,
2025-03-13T06:00:00.000Z,TR,Turkey,TR,291.0,340.0,,57.0,,False,
2025-03-13T07:00:00.000Z,TR,Turkey,TR,271.0,319.0,,60.0,,False,
2025-03-13T08:00:00.000Z,TR,Turkey,TR,261.0,308.0,,61.0,,False,
2025-03-13T09:00:00.000Z,TR,Turkey,TR,273.0,321.0,,59.0,,False,
2025-03-13T10:00:00.000Z,TR,Turkey,TR,269.0,317.0,,59.0,,False,
2025-03-13T11:00:00.000Z,TR,Turkey,TR,259.0,307.0,,61.0,,False,
2025-03-13T12:00:00.000Z,TR,Turkey,TR,263.0,311.0,,60.0,,False,
2025-03-13T13:00:00.000Z,TR,Turkey,TR,277.0,325.0,,59.0,,False,
2025-03-13T14:00:00.000Z,TR,Turkey,TR,307.0,358.0,,53.0,,False,
2025-03-13T15:00:00.000Z,TR,Turkey,TR,314.0,369.0,,50.0,,False,
2025-03-13T16:00:00.000Z,TR,Turkey,TR,319.0,375.0,,49.0,,False,
2025-03-13T17:00:00.000Z,TR,Turkey,TR,313.0,367.0,,50.0,,False,
2025-03-13T18:00:00.000Z,TR,Turkey,TR,320.0,375.0,,49.0,,False,
2025-03-13T19:00:00.000Z,TR,Turkey,TR,317.0,370.0,,51.0,,False,
2025-03-13T20:00:00.000Z,TR,Turkey,TR,320.0,372.0,,52.0,,False,
2025-03-13T21:00:00.000Z,TR,Turkey,TR,334.0,387.0,,50.0,,False,
2025-03-13T22:00:00.000Z,TR,Turkey,TR,346.0,400.0,,48.0,,False,
2025-03-13T23:00:00.000Z,TR,Turkey,TR,355.0,410.0,,47.0,,False,
2025-03-14T00:00:00.000Z,TR,Turkey,TR,361.0,416.0,,46.0,,False,
2025-03-14T01:00:00.000Z,TR,Turkey,TR,364.0,421.0,,45.0,,False,
2025-03-14T02:00:00.000Z,TR,Turkey,TR,369.0,428.0,,43.0,,False,
2025-03-14T03:00:00.000Z,TR,Turkey,TR,378.0,438.0,,41.0,,False,
2025-03-14T04:00:00.000Z,TR,Turkey,TR,382.0,442.0,,41.0,,False,
2025-03-14T05:00:00.000Z,TR,Turkey,TR,369.0,428.0,,43.0,,False,
2025-03-14T06:00:00.000Z,TR,Turkey,TR,359.0,417.0,,45.0,,False,
2025-03-14T07:00:00.000Z,TR,Turkey,TR,339.0,394.0,,49.0,,False,
2025-03-14T08:00:00.000Z,TR,Turkey,TR,312.0,365.0,,53.0,,False,
2025-03-14T09:00:00.000Z,TR,Turkey,TR,307.0,360.0,,54.0,,False,
2025-03-14T10:00:00.000Z,TR,Turkey,TR,324.0,380.0,,51.0,,False,
2025-03-14T11:00:00.000Z,TR,Turkey,TR,307.0,362.0,,53.0,,False,
2025-03-14T12:00:00.000Z,TR,Turkey,TR,315.0,370.0,,52.0,,False,
2025-03-14T13:00:00.000Z,TR,Turkey,TR,331.0,386.0,,50.0,,False,
2025-03-14T14:00:00.000Z,TR,Turkey,TR,349.0,410.0,,44.0,,False,
2025-03-14T15:00:00.000Z,TR,Turkey,TR,342.0,404.0,,43.0,,False,
2025-03-14T16:00:00.000Z,TR,Turkey,TR,342.0,404.0,,44.0,,False,
2025-03-14T17:00:00.000Z,TR,Turkey,TR,339.0,401.0,,44.0,,False,
2025-03-14T18:00:00.000Z,TR,Turkey,TR,346.0,409.0,,43.0,,False,
2025-03-14T19:00:00.000Z,TR,Turkey,TR,347.0,409.0,,43.0,,False,
2025-03-14T20:00:00.000Z,TR,Turkey,TR,354.0,417.0,,42.0,,False,
2025-03-14T21:00:00.000Z,TR,Turkey,TR,360.0,421.0,,43.0,,False,
2025-03-14T22:00:00.000Z,TR,Turkey,TR,372.0,435.0,,41.0,,False,
2025-03-14T23:00:00.000Z,TR,Turkey,TR,382.0,445.0,,39.0,,False,
2025-03-15T00:00:00.000Z,TR,Turkey,TR,383.0,446.0,,39.0,,False,
2025-03-15T01:00:00.000Z,TR,Turkey,TR,380.0,444.0,,39.0,,False,
2025-03-15T02:00:00.000Z,TR,Turkey,TR,381.0,445.0,,39.0,,False,
2025-03-15T03:00:00.000Z,TR,Turkey,TR,392.0,457.0,,38.0,,False,
2025-03-15T04:00:00.000Z,TR,Turkey,TR,394.0,456.0,,40.0,,False,
2025-03-15T05:00:00.000Z,TR,Turkey,TR,378.0,435.0,,44.0,,False,
2025-03-15T06:00:00.000Z,TR,Turkey,TR,353.0,409.0,,48.0,,False,
2025-03-15T07:00:00.000Z,TR,Turkey,TR,323.0,379.0,,51.0,,False,
2025-03-15T08:00:00.000Z,TR,Turkey,TR,315.0,369.0,,53.0,,False,
2025-03-15T09:00:00.000Z,TR,Turkey,TR,308.0,363.0,,54.0,,False,
2025-03-15T10:00:00.000Z,TR,Turkey,TR,311.0,365.0,,54.0,,False,
2025-03-15T11:00:00.000Z,TR,Turkey,TR,305.0,359.0,,54.0,,False,
2025-03-15T12:00:00.000Z,TR,Turkey,TR,326.0,379.0,,52.0,,False,
2025-03-15T13:00:00.000Z,TR,Turkey,TR,326.0,380.0,,51.0,,False,
2025-03-15T14:00:00.000Z,TR,Turkey,TR,333.0,391.0,,48.0,,False,
2025-03-15T15:00:00.000Z,TR,Turkey,TR,328.0,388.0,,46.0,,False,
2025-03-15T16:00:00.000Z,TR,Turkey,TR,325.0,384.0,,48.0,,False,
2025-03-15T17:00:00.000Z,TR,Turkey,TR,319.0,377.0,,48.0,,False,
2025-03-15T18:00:00.000Z,TR,Turkey,TR,329.0,387.0,,47.0,,False,
2025-03-15T19:00:00.000Z,TR,Turkey,TR,325.0,380.0,,50.0,,False,
2025-03-15T20:00:00.000Z,TR,Turkey,TR,325.0,378.0,,51.0,,False,
2025-03-15T21:00:00.000Z,TR,Turkey,TR,333.0,386.0,,51.0,,False,
2025-03-15T22:00:00.000Z,TR,Turkey,TR,344.0,397.0,,49.0,,False,
2025-03-15T23:00:00.000Z,TR,Turkey,TR,349.0,402.0,,49.0,,False,
2025-03-16T00:00:00.000Z,TR,Turkey,TR,345.0,397.0,,50.0,,False,
2025-03-16T01:00:00.000Z,TR,Turkey,TR,340.0,393.0,,50.0,,False,
2025-03-16T02:00:00.000Z,TR,Turkey,TR,341.0,393.0,,50.0,,False,
2025-03-16T03:00:00.000Z,TR,Turkey,TR,337.0,389.0,,51.0,,False,
2025-03-16T04:00:00.000Z,TR,Turkey,TR,301.0,350.0,,57.0,,False,
2025-03-16T05:00:00.000Z,TR,Turkey,TR,273.0,322.0,,61.0,,False,
2025-03-16T06:00:00.000Z,TR,Turkey,TR,286.0,337.0,,59.0,,False,
2025-03-16T07:00:00.000Z,TR,Turkey,TR,302.0,355.0,,57.0,,False,
2025-03-16T08:00:00.000Z,TR,Turkey,TR,308.0,363.0,,56.0,,False,
2025-03-16T09:00:00.000Z,TR,Turkey,TR,305.0,360.0,,56.0,,False,
2025-03-16T10:00:00.000Z,TR,Turkey,TR,295.0,348.0,,57.0,,False,
2025-03-16T11:00:00.000Z,TR,Turkey,TR,282.0,334.0,,59.0,,False,
2025-03-16T12:00:00.000Z,TR,Turkey,TR,268.0,317.0,,61.0,,False,
2025-03-16T13:00:00.000Z,TR,Turkey,TR,265.0,313.0,,61.0,,False,
2025-03-16T14:00:00.000Z,TR,Turkey,TR,289.0,338.0,,57.0,,False,
2025-03-16T15:00:00.000Z,TR,Turkey,TR,291.0,344.0,,55.0,,False,
2025-03-16T16:00:00.000Z,TR,Turkey,TR,291.0,343.0,,55.0,,False,
2025-03-16T17:00:00.000Z,TR,Turkey,TR,289.0,341.0,,55.0,,False,
2025-03-16T18:00:00.000Z,TR,Turkey,TR,292.0,344.0,,55.0,,False,
2025-03-16T19:00:00.000Z,TR,Turkey,TR,291.0,343.0,,55.0,,False,
2025-03-16T20:00:00.000Z,TR,Turkey,TR,293.0,344.0,,56.0,,False,
2025-03-16T21:00:00.000Z,TR,Turkey,TR,305.0,357.0,,54.0,,False,
2025-03-16T22:00:00.000Z,TR,Turkey,TR,323.0,377.0,,51.0,,False,
2025-03-16T23:00:00.000Z,TR,Turkey,TR,338.0,394.0,,49.0,,False,
2025-03-17T00:00:00.000Z,TR,Turkey,TR,347.0,404.0,,47.0,,False,
2025-03-17T01:00:00.000Z,TR,Turkey,TR,344.0,402.0,,47.0,,False,
2025-03-17T02:00:00.000Z,TR,Turkey,TR,347.0,405.0,,47.0,,False,
2025-03-17T03:00:00.000Z,TR,Turkey,TR,358.0,418.0,,44.0,,False,
2025-03-17T04:00:00.000Z,TR,Turkey,TR,359.0,419.0,,44.0,,False,
2025-03-17T05:00:00.000Z,TR,Turkey,TR,333.0,391.0,,48.0,,False,
2025-03-17T06:00:00.000Z,TR,Turkey,TR,330.0,388.0,,48.0,,False,
2025-03-17T07:00:00.000Z,TR,Turkey,TR,332.0,389.0,,48.0,,False,
2025-03-17T08:00:00.000Z,TR,Turkey,TR,322.0,376.0,,51.0,,False,
2025-03-17T09:00:00.000Z,TR,Turkey,TR,326.0,380.0,,51.0,,False,
2025-03-17T10:00:00.000Z,TR,Turkey,TR,328.0,382.0,,51.0,,False,
2025-03-17T11:00:00.000Z,TR,Turkey,TR,322.0,377.0,,50.0,,False,
2025-03-17T12:00:00.000Z,TR,Turkey,TR,319.0,376.0,,49.0,,False,
2025-03-17T13:00:00.000Z,TR,Turkey,TR,316.0,374.0,,49.0,,False,
2025-03-17T14:00:00.000Z,TR,Turkey,TR,307.0,366.0,,49.0,,False,
2025-03-17T15:00:00.000Z,TR,Turkey,TR,305.0,363.0,,49.0,,False,
2025-03-17T16:00:00.000Z,TR,Turkey,TR,303.0,360.0,,50.0,,False,
2025-03-17T17:00:00.000Z,TR,Turkey,TR,301.0,360.0,,50.0,,False,
2025-03-17T18:00:00.000Z,TR,Turkey,TR,306.0,364.0,,49.0,,False,
2025-03-17T19:00:00.000Z,TR,Turkey,TR,312.0,370.0,,49.0,,False,
2025-03-17T20:00:00.000Z,TR,Turkey,TR,317.0,377.0,,48.0,,False,
2025-03-17T21:00:00.000Z,TR,Turkey,TR,339.0,402.0,,44.0,,False,
2025-03-17T22:00:00.000Z,TR,Turkey,TR,356.0,421.0,,41.0,,False,
2025-03-17T23:00:00.000Z,TR,Turkey,TR,364.0,429.0,,40.0,,False,
2025-03-18T00:00:00.000Z,TR,Turkey,TR,362.0,427.0,,41.0,,False,
2025-03-18T01:00:00.000Z,TR,Turkey,TR,360.0,425.0,,41.0,,False,
2025-03-18T02:00:00.000Z,TR,Turkey,TR,358.0,421.0,,41.0,,False,
2025-03-18T03:00:00.000Z,TR,Turkey,TR,364.0,428.0,,40.0,,False,
2025-03-18T04:00:00.000Z,TR,Turkey,TR,360.0,424.0,,41.0,,False,
2025-03-18T05:00:00.000Z,TR,Turkey,TR,336.0,398.0,,44.0,,False,
2025-03-18T06:00:00.000Z,TR,Turkey,TR,334.0,395.0,,45.0,,False,
2025-03-18T07:00:00.000Z,TR,Turkey,TR,333.0,392.0,,46.0,,False,
2025-03-18T08:00:00.000Z,TR,Turkey,TR,331.0,387.0,,48.0,,False,
2025-03-18T09:00:00.000Z,TR,Turkey,TR,325.0,380.0,,50.0,,False,
2025-03-18T10:00:00.000Z,TR,Turkey,TR,317.0,372.0,,50.0,,False,
2025-03-18T11:00:00.000Z,TR,Turkey,TR,322.0,376.0,,51.0,,False,
2025-03-18T12:00:00.000Z,TR,Turkey,TR,322.0,377.0,,50.0,,False,
2025-03-18T13:00:00.000Z,TR,Turkey,TR,310.0,366.0,,50.0,,False,
2025-03-18T14:00:00.000Z,TR,Turkey,TR,304.0,361.0,,50.0,,False,
2025-03-18T15:00:00.000Z,TR,Turkey,TR,298.0,356.0,,50.0,,False,
2025-03-18T16:00:00.000Z,TR,Turkey,TR,299.0,356.0,,50.0,,False,
2025-03-18T17:00:00.000Z,TR,Turkey,TR,293.0,350.0,,51.0,,False,
2025-03-18T18:00:00.000Z,TR,Turkey,TR,292.0,347.0,,52.0,,False,
2025-03-18T19:00:00.000Z,TR,Turkey,TR,289.0,342.0,,54.0,,False,
2025-03-18T20:00:00.000Z,TR,Turkey,TR,290.0,342.0,,55.0,,False,
2025-03-18T21:00:00.000Z,TR,Turkey,TR,296.0,346.0,,55.0,,False,
2025-03-18T22:00:00.000Z,TR,Turkey,TR,305.0,355.0,,54.0,,False,
2025-03-18T23:00:00.000Z,TR,Turkey,TR,313.0,364.0,,53.0,,False,
2025-03-19T00:00:00.000Z,TR,Turkey,TR,313.0,364.0,,53.0,,False,
2025-03-19T01:00:00.000Z,TR,Turkey,TR,314.0,365.0,,53.0,,False,
2025-03-19T02:00:00.000Z,TR,Turkey,TR,318.0,369.0,,52.0,,False,
2025-03-19T03:00:00.000Z,TR,Turkey,TR,330.0,383.0,,50.0,,False,
2025-03-19T04:00:00.000Z,TR,Turkey,TR,326.0,380.0,,50.0,,False,
2025-03-19T05:00:00.000Z,TR,Turkey,TR,310.0,363.0,,51.0,,False,
2025-03-19T06:00:00.000Z,TR,Turkey,TR,301.0,354.0,,53.0,,False,
2025-03-19T07:00:00.000Z,TR,Turkey,TR,304.0,358.0,,52.0,,False,
2025-03-19T08:00:00.000Z,TR,Turkey,TR,300.0,352.0,,53.0,,False,
2025-03-19T09:00:00.000Z,TR,Turkey,TR,301.0,352.0,,54.0,,False,
2025-03-19T10:00:00.000Z,TR,Turkey,TR,298.0,349.0,,54.0,,False,
2025-03-19T11:00:00.000Z,TR,Turkey,TR,300.0,351.0,,54.0,,False,
2025-03-19T12:00:00.000Z,TR,Turkey,TR,300.0,353.0,,53.0,,False,
2025-03-19T13:00:00.000Z,TR,Turkey,TR,304.0,358.0,,52.0,,False,
2025-03-19T14:00:00.000Z,TR,Turkey,TR,302.0,357.0,,51.0,,False,
2025-03-19T15:00:00.000Z,TR,Turkey,TR,296.0,352.0,,51.0,,False,
2025-03-19T16:00:00.000Z,TR,Turkey,TR,296.0,352.0,,51.0,,False,
2025-03-19T17:00:00.000Z,TR,Turkey,TR,294.0,350.0,,51.0,,False,
2025-03-19T18:00:00.000Z,TR,Turkey,TR,299.0,355.0,,51.0,,False,
2025-03-19T19:00:00.000Z,TR,Turkey,TR,303.0,359.0,,51.0,,False,
2025-03-19T20:00:00.000Z,TR,Turkey,TR,307.0,363.0,,51.0,,False,
2025-03-19T21:00:00.000Z,TR,Turkey,TR,316.0,370.0,,50.0,,False,
2025-03-19T22:00:00.000Z,TR,Turkey,TR,327.0,384.0,,48.0,,False,
2025-03-19T23:00:00.000Z,TR,Turkey,TR,330.0,385.0,,49.0,,False,
2025-03-20T00:00:00.000Z,TR,Turkey,TR,333.0,389.0,,48.0,,False,
2025-03-20T01:00:00.000Z,TR,Turkey,TR,334.0,390.0,,48.0,,False,
2025-03-20T02:00:00.000Z,TR,Turkey,TR,335.0,392.0,,47.0,,False,
2025-03-20T03:00:00.000Z,TR,Turkey,TR,345.0,403.0,,46.0,,False,
2025-03-20T04:00:00.000Z,TR,Turkey,TR,350.0,410.0,,44.0,,False,
2025-03-20T05:00:00.000Z,TR,Turkey,TR,329.0,389.0,,46.0,,False,
2025-03-20T06:00:00.000Z,TR,Turkey,TR,314.0,371.0,,49.0,,False,
2025-03-20T07:00:00.000Z,TR,Turkey,TR,315.0,373.0,,49.0,,False,
2025-03-20T08:00:00.000Z,TR,Turkey,TR,314.0,371.0,,49.0,,False,
2025-03-20T09:00:00.000Z,TR,Turkey,TR,320.0,376.0,,49.0,,False,
2025-03-20T10:00:00.000Z,TR,Turkey,TR,323.0,381.0,,48.0,,False,
2025-03-20T11:00:00.000Z,TR,Turkey,TR,321.0,378.0,,48.0,,False,
2025-03-20T12:00:00.000Z,TR,Turkey,TR,318.0,376.0,,48.0,,False,
2025-03-20T13:00:00.000Z,TR,Turkey,TR,310.0,368.0,,48.0,,False,
2025-03-20T14:00:00.000Z,TR,Turkey,TR,302.0,360.0,,49.0,,False,
2025-03-20T15:00:00.000Z,TR,Turkey,TR,295.0,353.0,,50.0,,False,
2025-03-20T16:00:00.000Z,TR,Turkey,TR,295.0,352.0,,51.0,,False,
2025-03-20T17:00:00.000Z,TR,Turkey,TR,288.0,345.0,,52.0,,False,
2025-03-20T18:00:00.000Z,TR,Turkey,TR,293.0,349.0,,51.0,,False,
2025-03-20T19:00:00.000Z,TR,Turkey,TR,301.0,358.0,,50.0,,False,
2025-03-20T20:00:00.000Z,TR,Turkey,TR,315.0,374.0,,48.0,,False,
2025-03-20T21:00:00.000Z,TR,Turkey,TR,331.0,392.0,,45.0,,False,
2025-03-20T22:00:00.000Z,TR,Turkey,TR,344.0,406.0,,43.0,,False,
2025-03-20T23:00:00.000Z,TR,Turkey,TR,357.0,420.0,,41.0,,False,
2025-03-21T00:00:00.000Z,TR,Turkey,TR,360.0,423.0,,41.0,,False,
2025-03-21T01:00:00.000Z,TR,Turkey,TR,356.0,419.0,,41.0,,False,
2025-03-21T02:00:00.000Z,TR,Turkey,TR,356.0,420.0,,41.0,,False,
2025-03-21T03:00:00.000Z,TR,Turkey,TR,367.0,432.0,,39.0,,False,
2025-03-21T04:00:00.000Z,TR,Turkey,TR,370.0,436.0,,38.0,,False,
2025-03-21T05:00:00.000Z,TR,Turkey,TR,348.0,413.0,,41.0,,False,
2025-03-21T06:00:00.000Z,TR,Turkey,TR,347.0,411.0,,42.0,,False,
2025-03-21T07:00:00.000Z,TR,Turkey,TR,351.0,415.0,,42.0,,False,
2025-03-21T08:00:00.000Z,TR,Turkey,TR,346.0,408.0,,43.0,,False,
2025-03-21T09:00:00.000Z,TR,Turkey,TR,350.0,411.0,,44.0,,False,
2025-03-21T10:00:00.000Z,TR,Turkey,TR,358.0,418.0,,43.0,,False,
2025-03-21T11:00:00.000Z,TR,Turkey,TR,351.0,413.0,,42.0,,False,
2025-03-21T12:00:00.000Z,TR,Turkey,TR,345.0,408.0,,42.0,,False,
2025-03-21T13:00:00.000Z,TR,Turkey,TR,334.0,397.0,,43.0,,False,
2025-03-21T14:00:00.000Z,TR,Turkey,TR,326.0,388.0,,44.0,,False,
2025-03-21T15:00:00.000Z,TR,Turkey,TR,314.0,376.0,,46.0,,False,
2025-03-21T16:00:00.000Z,TR,Turkey,TR,313.0,376.0,,46.0,,False,
2025-03-21T17:00:00.000Z,TR,Turkey,TR,307.0,369.0,,47.0,,False,
2025-03-21T18:00:00.000Z,TR,Turkey,TR,315.0,378.0,,45.0,,False,
2025-03-21T19:00:00.000Z,TR,Turkey,TR,327.0,391.0,,43.0,,False,
2025-03-21T20:00:00.000Z,TR,Turkey,TR,333.0,398.0,,43.0,,False,
2025-03-21T21:00:00.000Z,TR,Turkey,TR,346.0,412.0,,41.0,,False,
2025-03-21T22:00:00.000Z,TR,Turkey,TR,357.0,425.0,,39.0,,False,
2025-03-21T23:00:00.000Z,TR,Turkey,TR,367.0,436.0,,37.0,,False,
2025-03-22T00:00:00.000Z,TR,Turkey,TR,371.0,441.0,,36.0,,False,
2025-03-22T01:00:00.000Z,TR,Turkey,TR,366.0,435.0,,37.0,,False,
2025-03-22T02:00:00.000Z,TR,Turkey,TR,370.0,440.0,,36.0,,False,
2025-03-22T03:00:00.000Z,TR,Turkey,TR,387.0,459.0,,33.0,,False,
2025-03-22T04:00:00.000Z,TR,Turkey,TR,400.0,473.0,,32.0,,False,
2025-03-22T05:00:00.000Z,TR,Turkey,TR,388.0,458.0,,35.0,,False,
2025-03-22T06:00:00.000Z,TR,Turkey,TR,382.0,448.0,,38.0,,False,
2025-03-22T07:00:00.000Z,TR,Turkey,TR,375.0,437.0,,42.0,,False,
2025-03-22T08:00:00.000Z,TR,Turkey,TR,369.0,428.0,,44.0,,False,
2025-03-22T09:00:00.000Z,TR,Turkey,TR,365.0,425.0,,45.0,,False,
2025-03-22T10:00:00.000Z,TR,Turkey,TR,364.0,423.0,,44.0,,False,
2025-03-22T11:00:00.000Z,TR,Turkey,TR,363.0,423.0,,45.0,,False,
2025-03-22T12:00:00.000Z,TR,Turkey,TR,370.0,431.0,,43.0,,False,
2025-03-22T13:00:00.000Z,TR,Turkey,TR,369.0,434.0,,40.0,,False,
2025-03-22T14:00:00.000Z,TR,Turkey,TR,358.0,426.0,,39.0,,False,
2025-03-22T15:00:00.000Z,TR,Turkey,TR,324.0,391.0,,43.0,,False,
2025-03-22T16:00:00.000Z,TR,Turkey,TR,315.0,379.0,,45.0,,False,
2025-03-22T17:00:00.000Z,TR,Turkey,TR,311.0,375.0,,46.0,,False,
2025-03-22T18:00:00.000Z,TR,Turkey,TR,317.0,381.0,,45.0,,False,
2025-03-22T19:00:00.000Z,TR,Turkey,TR,331.0,397.0,,43.0,,False,
2025-03-22T20:00:00.000Z,TR,Turkey,TR,346.0,414.0,,40.0,,False,
2025-03-22T21:00:00.000Z,TR,Turkey,TR,349.0,415.0,,41.0,,False,
2025-03-22T22:00:00.000Z,TR,Turkey,TR,365.0,433.0,,38.0,,False,
2025-03-22T23:00:00.000Z,TR,Turkey,TR,378.0,447.0,,36.0,,False,
2025-03-23T00:00:00.000Z,TR,Turkey,TR,381.0,450.0,,36.0,,False,
2025-03-23T01:00:00.000Z,TR,Turkey,TR,379.0,448.0,,36.0,,False,
2025-03-23T02:00:00.000Z,TR,Turkey,TR,382.0,451.0,,36.0,,False,
2025-03-23T03:00:00.000Z,TR,Turkey,TR,401.0,472.0,,33.0,,False,
2025-03-23T04:00:00.000Z,TR,Turkey,TR,405.0,471.0,,36.0,,False,
2025-03-23T05:00:00.000Z,TR,Turkey,TR,346.0,404.0,,48.0,,False,
2025-03-23T06:00:00.000Z,TR,Turkey,TR,325.0,382.0,,52.0,,False,
2025-03-23T07:00:00.000Z,TR,Turkey,TR,326.0,383.0,,52.0,,False,
2025-03-23T08:00:00.000Z,TR,Turkey,TR,326.0,383.0,,52.0,,False,
2025-03-23T09:00:00.000Z,TR,Turkey,TR,322.0,379.0,,53.0,,False,
2025-03-23T10:00:00.000Z,TR,Turkey,TR,320.0,377.0,,53.0,,False,
2025-03-23T11:00:00.000Z,TR,Turkey,TR,309.0,364.0,,54.0,,False,
2025-03-23T12:00:00.000Z,TR,Turkey,TR,311.0,366.0,,53.0,,False,
2025-03-23T13:00:00.000Z,TR,Turkey,TR,308.0,362.0,,53.0,,False,
2025-03-23T14:00:00.000Z,TR,Turkey,TR,324.0,382.0,,48.0,,False,
2025-03-23T15:00:00.000Z,TR,Turkey,TR,314.0,374.0,,48.0,,False,
2025-03-23T16:00:00.000Z,TR,Turkey,TR,305.0,363.0,,50.0,,False,
2025-03-23T17:00:00.000Z,TR,Turkey,TR,303.0,361.0,,50.0,,False,
2025-03-23T18:00:00.000Z,TR,Turkey,TR,309.0,367.0,,50.0,,False,
2025-03-23T19:00:00.000Z,TR,Turkey,TR,318.0,376.0,,49.0,,False,
2025-03-23T20:00:00.000Z,TR,Turkey,TR,320.0,377.0,,49.0,,False,
2025-03-23T21:00:00.000Z,TR,Turkey,TR,321.0,377.0,,50.0,,False,
2025-03-23T22:00:00.000Z,TR,Turkey,TR,331.0,387.0,,49.0,,False,
2025-03-23T23:00:00.000Z,TR,Turkey,TR,337.0,392.0,,49.0,,False,
2025-03-24T00:00:00.000Z,TR,Turkey,TR,341.0,397.0,,48.0,,False,
2025-03-24T01:00:00.000Z,TR,Turkey,TR,341.0,398.0,,47.0,,False,
2025-03-24T02:00:00.000Z,TR,Turkey,TR,345.0,403.0,,46.0,,False,
2025-03-24T03:00:00.000Z,TR,Turkey,TR,360.0,420.0,,44.0,,False,
2025-03-24T04:00:00.000Z,TR,Turkey,TR,362.0,422.0,,43.0,,False,
2025-03-24T05:00:00.000Z,TR,Turkey,TR,337.0,397.0,,46.0,,False,
2025-03-24T06:00:00.000Z,TR,Turkey,TR,320.0,377.0,,49.0,,False,
2025-03-24T07:00:00.000Z,TR,Turkey,TR,314.0,369.0,,51.0,,False,
2025-03-24T08:00:00.000Z,TR,Turkey,TR,314.0,368.0,,51.0,,False,
2025-03-24T09:00:00.000Z,TR,Turkey,TR,322.0,377.0,,50.0,,False,
2025-03-24T10:00:00.000Z,TR,Turkey,TR,317.0,373.0,,51.0,,False,
2025-03-24T11:00:00.000Z,TR,Turkey,TR,315.0,371.0,,51.0,,False,
2025-03-24T12:00:00.000Z,TR,Turkey,TR,319.0,377.0,,49.0,,False,
2025-03-24T13:00:00.000Z,TR,Turkey,TR,325.0,388.0,,45.0,,False,
2025-03-24T14:00:00.000Z,TR,Turkey,TR,322.0,385.0,,45.0,,False,
2025-03-24T15:00:00.000Z,TR,Turkey,TR,315.0,378.0,,45.0,,False,
2025-03-24T16:00:00.000Z,TR,Turkey,TR,314.0,376.0,,46.0,,False,
2025-03-24T17:00:00.000Z,TR,Turkey,TR,313.0,377.0,,45.0,,False,
2025-03-24T18:00:00.000Z,TR,Turkey,TR,314.0,378.0,,45.0,,False,
2025-03-24T19:00:00.000Z,TR,Turkey,TR,318.0,380.0,,46.0,,False,
2025-03-24T20:00:00.000Z,TR,Turkey,TR,324.0,385.0,,46.0,,False,
2025-03-24T21:00:00.000Z,TR,Turkey,TR,332.0,393.0,,45.0,,False,
2025-03-24T22:00:00.000Z,TR,Turkey,TR,345.0,407.0,,44.0,,False,
2025-03-24T23:00:00.000Z,TR,Turkey,TR,345.0,405.0,,45.0,,False,
2025-03-25T00:00:00.000Z,TR,Turkey,TR,348.0,408.0,,44.0,,False,
2025-03-25T01:00:00.000Z,TR,Turkey,TR,345.0,405.0,,45.0,,False,
2025-03-25T02:00:00.000Z,TR,Turkey,TR,355.0,416.0,,43.0,,False,
2025-03-25T03:00:00.000Z,TR,Turkey,TR,362.0,424.0,,42.0,,False,
2025-03-25T04:00:00.000Z,TR,Turkey,TR,356.0,417.0,,43.0,,False,
2025-03-25T05:00:00.000Z,TR,Turkey,TR,336.0,398.0,,45.0,,False,
2025-03-25T06:00:00.000Z,TR,Turkey,TR,341.0,402.0,,45.0,,False,
2025-03-25T07:00:00.000Z,TR,Turkey,TR,351.0,412.0,,44.0,,False,
2025-03-25T08:00:00.000Z,TR,Turkey,TR,347.0,408.0,,45.0,,False,
2025-03-25T09:00:00.000Z,TR,Turkey,TR,354.0,414.0,,45.0,,False,
2025-03-25T10:00:00.000Z,TR,Turkey,TR,346.0,407.0,,45.0,,False,
2025-03-25T11:00:00.000Z,TR,Turkey,TR,341.0,402.0,,45.0,,False,
2025-03-25T12:00:00.000Z,TR,Turkey,TR,351.0,414.0,,42.0,,False,
2025-03-25T13:00:00.000Z,TR,Turkey,TR,342.0,407.0,,42.0,,False,
2025-03-25T14:00:00.000Z,TR,Turkey,TR,327.0,392.0,,43.0,,False,
2025-03-25T15:00:00.000Z,TR,Turkey,TR,320.0,384.0,,44.0,,False,
2025-03-25T16:00:00.000Z,TR,Turkey,TR,319.0,383.0,,44.0,,False,
2025-03-25T17:00:00.000Z,TR,Turkey,TR,317.0,382.0,,44.0,,False,
2025-03-25T18:00:00.000Z,TR,Turkey,TR,327.0,392.0,,43.0,,False,
2025-03-25T19:00:00.000Z,TR,Turkey,TR,332.0,397.0,,43.0,,False,
2025-03-25T20:00:00.000Z,TR,Turkey,TR,338.0,403.0,,42.0,,False,
2025-03-25T21:00:00.000Z,TR,Turkey,TR,341.0,405.0,,42.0,,False,
2025-03-25T22:00:00.000Z,TR,Turkey,TR,348.0,413.0,,41.0,,False,
2025-03-25T23:00:00.000Z,TR,Turkey,TR,348.0,413.0,,42.0,,False,
2025-03-26T00:00:00.000Z,TR,Turkey,TR,353.0,419.0,,41.0,,False,
2025-03-26T01:00:00.000Z,TR,Turkey,TR,352.0,419.0,,40.0,,False,
2025-03-26T02:00:00.000Z,TR,Turkey,TR,362.0,430.0,,38.0,,False,
2025-03-26T03:00:00.000Z,TR,Turkey,TR,381.0,452.0,,35.0,,False,
2025-03-26T04:00:00.000Z,TR,Turkey,TR,376.0,447.0,,35.0,,False,
2025-03-26T05:00:00.000Z,TR,Turkey,TR,348.0,416.0,,40.0,,False,
2025-03-26T06:00:00.000Z,TR,Turkey,TR,340.0,407.0,,41.0,,False,
2025-03-26T07:00:00.000Z,TR,Turkey,TR,341.0,407.0,,42.0,,False,
2025-03-26T08:00:00.000Z,TR,Turkey,TR,341.0,406.0,,42.0,,False,
2025-03-26T09:00:00.000Z,TR,Turkey,TR,362.0,430.0,,39.0,,False,
2025-03-26T10:00:00.000Z,TR,Turkey,TR,357.0,426.0,,39.0,,False,
2025-03-26T11:00:00.000Z,TR,Turkey,TR,357.0,427.0,,38.0,,False,
2025-03-26T12:00:00.000Z,TR,Turkey,TR,360.0,432.0,,36.0,,False,
2025-03-26T13:00:00.000Z,TR,Turkey,TR,341.0,411.0,,39.0,,False,
2025-03-26T14:00:00.000Z,TR,Turkey,TR,333.0,403.0,,40.0,,False,
2025-03-26T15:00:00.000Z,TR,Turkey,TR,325.0,394.0,,41.0,,False,
2025-03-26T16:00:00.000Z,TR,Turkey,TR,322.0,390.0,,42.0,,False,
2025-03-26T17:00:00.000Z,TR,Turkey,TR,315.0,383.0,,43.0,,False,
2025-03-26T18:00:00.000Z,TR,Turkey,TR,319.0,386.0,,43.0,,False,
2025-03-26T19:00:00.000Z,TR,Turkey,TR,331.0,400.0,,41.0,,False,
2025-03-26T20:00:00.000Z,TR,Turkey,TR,338.0,407.0,,40.0,,False,
2025-03-26T21:00:00.000Z,TR,Turkey,TR,353.0,423.0,,38.0,,False,
2025-03-26T22:00:00.000Z,TR,Turkey,TR,368.0,440.0,,35.0,,False,
2025-03-26T23:00:00.000Z,TR,Turkey,TR,377.0,449.0,,35.0,,False,
2025-03-27T00:00:00.000Z,TR,Turkey,TR,375.0,446.0,,35.0,,False,
2025-03-27T01:00:00.000Z,TR,Turkey,TR,376.0,447.0,,35.0,,False,
2025-03-27T02:00:00.000Z,TR,Turkey,TR,380.0,451.0,,35.0,,False,
2025-03-27T03:00:00.000Z,TR,Turkey,TR,397.0,470.0,,32.0,,False,
2025-03-27T04:00:00.000Z,TR,Turkey,TR,377.0,447.0,,36.0,,False,
2025-03-27T05:00:00.000Z,TR,Turkey,TR,352.0,420.0,,40.0,,False,
2025-03-27T06:00:00.000Z,TR,Turkey,TR,336.0,402.0,,42.0,,False,
2025-03-27T07:00:00.000Z,TR,Turkey,TR,335.0,397.0,,45.0,,False,
2025-03-27T08:00:00.000Z,TR,Turkey,TR,342.0,404.0,,45.0,,False,
2025-03-27T09:00:00.000Z,TR,Turkey,TR,379.0,442.0,,40.0,,False,
2025-03-27T10:00:00.000Z,TR,Turkey,TR,360.0,424.0,,42.0,,False,
2025-03-27T11:00:00.000Z,TR,Turkey,TR,351.0,412.0,,44.0,,False,
2025-03-27T12:00:00.000Z,TR,Turkey,TR,338.0,400.0,,45.0,,False,
2025-03-27T13:00:00.000Z,TR,Turkey,TR,349.0,412.0,,43.0,,False,
2025-03-27T14:00:00.000Z,TR,Turkey,TR,352.0,419.0,,40.0,,False,
2025-03-27T15:00:00.000Z,TR,Turkey,TR,339.0,405.0,,41.0,,False,
2025-03-27T16:00:00.000Z,TR,Turkey,TR,335.0,400.0,,42.0,,False,
2025-03-27T17:00:00.000Z,TR,Turkey,TR,329.0,394.0,,43.0,,False,
2025-03-27T18:00:00.000Z,TR,Turkey,TR,331.0,396.0,,43.0,,False,
2025-03-27T19:00:00.000Z,TR,Turkey,TR,309.0,369.0,,48.0,,False,
2025-03-27T20:00:00.000Z,TR,Turkey,TR,304.0,362.0,,49.0,,False,
2025-03-27T21:00:00.000Z,TR,Turkey,TR,317.0,375.0,,48.0,,False,
2025-03-27T22:00:00.000Z,TR,Turkey,TR,336.0,394.0,,47.0,,False,
2025-03-27T23:00:00.000Z,TR,Turkey,TR,338.0,397.0,,46.0,,False,
2025-03-28T00:00:00.000Z,TR,Turkey,TR,338.0,397.0,,46.0,,False,
2025-03-28T01:00:00.000Z,TR,Turkey,TR,335.0,393.0,,47.0,,False,
2025-03-28T02:00:00.000Z,TR,Turkey,TR,337.0,396.0,,47.0,,False,
2025-03-28T03:00:00.000Z,TR,Turkey,TR,347.0,406.0,,45.0,,False,
2025-03-28T04:00:00.000Z,TR,Turkey,TR,337.0,397.0,,46.0,,False,
2025-03-28T05:00:00.000Z,TR,Turkey,TR,330.0,390.0,,46.0,,False,
2025-03-28T06:00:00.000Z,TR,Turkey,TR,331.0,390.0,,47.0,,False,
2025-03-28T07:00:00.000Z,TR,Turkey,TR,309.0,365.0,,51.0,,False,
2025-03-28T08:00:00.000Z,TR,Turkey,TR,310.0,364.0,,52.0,,False,
2025-03-28T09:00:00.000Z,TR,Turkey,TR,294.0,349.0,,54.0,,False,
2025-03-28T10:00:00.000Z,TR,Turkey,TR,291.0,345.0,,54.0,,False,
2025-03-28T11:00:00.000Z,TR,Turkey,TR,302.0,355.0,,53.0,,False,
2025-03-28T12:00:00.000Z,TR,Turkey,TR,319.0,376.0,,50.0,,False,
2025-03-28T13:00:00.000Z,TR,Turkey,TR,317.0,375.0,,49.0,,False,
2025-03-28T14:00:00.000Z,TR,Turkey,TR,327.0,389.0,,45.0,,False,
2025-03-28T15:00:00.000Z,TR,Turkey,TR,322.0,387.0,,44.0,,False,
2025-03-28T16:00:00.000Z,TR,Turkey,TR,325.0,389.0,,44.0,,False,
2025-03-28T17:00:00.000Z,TR,Turkey,TR,322.0,387.0,,44.0,,False,
2025-03-28T18:00:00.000Z,TR,Turkey,TR,325.0,390.0,,44.0,,False,
2025-03-28T19:00:00.000Z,TR,Turkey,TR,315.0,376.0,,47.0,,False,
2025-03-28T20:00:00.000Z,TR,Turkey,TR,318.0,379.0,,47.0,,False,
2025-03-28T21:00:00.000Z,TR,Turkey,TR,317.0,378.0,,48.0,,False,
2025-03-28T22:00:00.000Z,TR,Turkey,TR,319.0,378.0,,49.0,,False,
2025-03-28T23:00:00.000Z,TR,Turkey,TR,323.0,383.0,,48.0,,False,
2025-03-29T00:00:00.000Z,TR,Turkey,TR,324.0,383.0,,48.0,,False,
2025-03-29T01:00:00.000Z,TR,Turkey,TR,316.0,375.0,,50.0,,False,
2025-03-29T02:00:00.000Z,TR,Turkey,TR,322.0,381.0,,49.0,,False,
2025-03-29T03:00:00.000Z,TR,Turkey,TR,327.0,385.0,,49.0,,False,
2025-03-29T04:00:00.000Z,TR,Turkey,TR,310.0,362.0,,55.0,,False,
2025-03-29T05:00:00.000Z,TR,Turkey,TR,277.0,328.0,,60.0,,False,
2025-03-29T06:00:00.000Z,TR,Turkey,TR,281.0,332.0,,60.0,,False,
2025-03-29T07:00:00.000Z,TR,Turkey,TR,270.0,320.0,,61.0,,False,
2025-03-29T08:00:00.000Z,TR,Turkey,TR,259.0,309.0,,63.0,,False,
2025-03-29T09:00:00.000Z,TR,Turkey,TR,253.0,303.0,,63.0,,False,
2025-03-29T10:00:00.000Z,TR,Turkey,TR,243.0,292.0,,65.0,,False,
2025-03-29T11:00:00.000Z,TR,Turkey,TR,245.0,294.0,,64.0,,False,
2025-03-29T12:00:00.000Z,TR,Turkey,TR,245.0,295.0,,64.0,,False,
2025-03-29T13:00:00.000Z,TR,Turkey,TR,236.0,284.0,,65.0,,False,
2025-03-29T14:00:00.000Z,TR,Turkey,TR,253.0,303.0,,62.0,,False,
2025-03-29T15:00:00.000Z,TR,Turkey,TR,265.0,319.0,,57.0,,False,
2025-03-29T16:00:00.000Z,TR,Turkey,TR,273.0,329.0,,55.0,,False,
2025-03-29T17:00:00.000Z,TR,Turkey,TR,268.0,323.0,,56.0,,False,
2025-03-29T18:00:00.000Z,TR,Turkey,TR,266.0,322.0,,56.0,,False,
2025-03-29T19:00:00.000Z,TR,Turkey,TR,270.0,327.0,,55.0,,False,
2025-03-29T20:00:00.000Z,TR,Turkey,TR,267.0,322.0,,57.0,,False,
2025-03-29T21:00:00.000Z,TR,Turkey,TR,261.0,312.0,,60.0,,False,
2025-03-29T22:00:00.000Z,TR,Turkey,TR,263.0,312.0,,62.0,,False,
2025-03-29T23:00:00.000Z,TR,Turkey,TR,282.0,333.0,,59.0,,False,
2025-03-30T00:00:00.000Z,TR,Turkey,TR,301.0,353.0,,57.0,,False,
2025-03-30T01:00:00.000Z,TR,Turkey,TR,309.0,362.0,,55.0,,False,
2025-03-30T02:00:00.000Z,TR,Turkey,TR,312.0,366.0,,54.0,,False,
2025-03-30T03:00:00.000Z,TR,Turkey,TR,305.0,359.0,,55.0,,False,
2025-03-30T04:00:00.000Z,TR,Turkey,TR,309.0,362.0,,55.0,,False,
2025-03-30T05:00:00.000Z,TR,Turkey,TR,282.0,334.0,,59.0,,False,
2025-03-30T06:00:00.000Z,TR,Turkey,TR,262.0,315.0,,62.0,,False,
2025-03-30T07:00:00.000Z,TR,Turkey,TR,263.0,315.0,,62.0,,False,
2025-03-30T08:00:00.000Z,TR,Turkey,TR,262.0,315.0,,63.0,,False,
2025-03-30T09:00:00.000Z,TR,Turkey,TR,270.0,323.0,,62.0,,False,
2025-03-30T10:00:00.000Z,TR,Turkey,TR,266.0,318.0,,62.0,,False,
2025-03-30T11:00:00.000Z,TR,Turkey,TR,279.0,333.0,,60.0,,False,
2025-03-30T12:00:00.000Z,TR,Turkey,TR,274.0,326.0,,60.0,,False,
2025-03-30T13:00:00.000Z,TR,Turkey,TR,260.0,312.0,,61.0,,False,
2025-03-30T14:00:00.000Z,TR,Turkey,TR,276.0,331.0,,57.0,,False,
2025-03-30T15:00:00.000Z,TR,Turkey,TR,298.0,361.0,,50.0,,False,
2025-03-30T16:00:00.000Z,TR,Turkey,TR,305.0,368.0,,49.0,,False,
2025-03-30T17:00:00.000Z,TR,Turkey,TR,278.0,339.0,,53.0,,False,
2025-03-30T18:00:00.000Z,TR,Turkey,TR,303.0,364.0,,50.0,,False,
2025-03-30T19:00:00.000Z,TR,Turkey,TR,306.0,368.0,,49.0,,False,
2025-03-30T20:00:00.000Z,TR,Turkey,TR,307.0,368.0,,50.0,,False,
2025-03-30T21:00:00.000Z,TR,Turkey,TR,306.0,365.0,,51.0,,False,
2025-03-30T22:00:00.000Z,TR,Turkey,TR,317.0,375.0,,51.0,,False,
2025-03-30T23:00:00.000Z,TR,Turkey,TR,316.0,372.0,,53.0,,False,
2025-03-31T00:00:00.000Z,TR,Turkey,TR,322.0,378.0,,52.0,,False,
2025-03-31T01:00:00.000Z,TR,Turkey,TR,326.0,383.0,,52.0,,False,
2025-03-31T02:00:00.000Z,TR,Turkey,TR,328.0,385.0,,51.0,,False,
2025-03-31T03:00:00.000Z,TR,Turkey,TR,339.0,396.0,,50.0,,False,
2025-03-31T04:00:00.000Z,TR,Turkey,TR,313.0,370.0,,54.0,,False,
2025-03-31T05:00:00.000Z,TR,Turkey,TR,273.0,327.0,,61.0,,False,
2025-03-31T06:00:00.000Z,TR,Turkey,TR,274.0,327.0,,61.0,,True,TIME_SLICER_AVERAGE
2025-03-31T07:00:00.000Z,TR,Turkey,TR,275.0,328.0,,61.0,,True,TIME_SLICER_AVERAGE
2025-03-31T08:00:00.000Z,TR,Turkey,TR,275.0,329.0,,61.0,,True,TIME_SLICER_AVERAGE
2025-03-31T09:00:00.000Z,TR,Turkey,TR,276.0,329.0,,61.0,,False,
2025-03-31T10:00:00.000Z,TR,Turkey,TR,252.0,303.0,,64.0,,False,
2025-03-31T11:00:00.000Z,TR,Turkey,TR,263.0,314.0,,62.0,,False,
2025-03-31T12:00:00.000Z,TR,Turkey,TR,265.0,316.0,,61.0,,False,
2025-03-31T13:00:00.000Z,TR,Turkey,TR,257.0,308.0,,62.0,,False,
2025-03-31T14:00:00.000Z,TR,Turkey,TR,260.0,313.0,,59.0,,False,
2025-03-31T15:00:00.000Z,TR,Turkey,TR,263.0,319.0,,57.0,,False,
2025-03-31T16:00:00.000Z,TR,Turkey,TR,277.0,333.0,,55.0,,False,
2025-03-31T17:00:00.000Z,TR,Turkey,TR,266.0,318.0,,58.0,,False,
2025-03-31T18:00:00.000Z,TR,Turkey,TR,266.0,318.0,,59.0,,False,
2025-03-31T19:00:00.000Z,TR,Turkey,TR,247.0,297.0,,62.0,,False,
2025-03-31T20:00:00.000Z,TR,Turkey,TR,234.0,282.0,,64.0,,False,
2025-03-31T21:00:00.000Z,TR,Turkey,TR,238.0,284.0,,66.0,,False,
2025-03-31T22:00:00.000Z,TR,Turkey,TR,239.0,283.0,,66.0,,False,
2025-03-31T23:00:00.000Z,TR,Turkey,TR,211.0,254.0,,70.0,,False,
2025-04-01T00:00:00.000Z,TR,Turkey,TR,210.0,253.0,,70.0,,False,
2025-04-01T01:00:00.000Z,TR,Turkey,TR,211.0,254.0,,70.0,,False,
2025-04-01T02:00:00.000Z,TR,Turkey,TR,212.0,257.0,,69.0,,False,
2025-04-01T03:00:00.000Z,TR,Turkey,TR,214.0,259.0,,69.0,,False,
2025-04-01T04:00:00.000Z,TR,Turkey,TR,219.0,263.0,,69.0,,False,
2025-04-01T05:00:00.000Z,TR,Turkey,TR,225.0,270.0,,68.0,,False,
2025-04-01T06:00:00.000Z,TR,Turkey,TR,221.0,265.0,,69.0,,False,
2025-04-01T07:00:00.000Z,TR,Turkey,TR,205.0,247.0,,71.0,,False,
2025-04-01T08:00:00.000Z,TR,Turkey,TR,199.0,240.0,,72.0,,False,
2025-04-01T09:00:00.000Z,TR,Turkey,TR,195.0,236.0,,73.0,,False,
2025-04-01T10:00:00.000Z,TR,Turkey,TR,214.0,257.0,,70.0,,False,
2025-04-01T11:00:00.000Z,TR,Turkey,TR,215.0,258.0,,70.0,,False,
2025-04-01T12:00:00.000Z,TR,Turkey,TR,214.0,257.0,,70.0,,False,
2025-04-01T13:00:00.000Z,TR,Turkey,TR,218.0,260.0,,69.0,,False,
2025-04-01T14:00:00.000Z,TR,Turkey,TR,228.0,273.0,,67.0,,False,
2025-04-01T15:00:00.000Z,TR,Turkey,TR,242.0,291.0,,63.0,,False,
2025-04-01T16:00:00.000Z,TR,Turkey,TR,233.0,281.0,,64.0,,False,
2025-04-01T17:00:00.000Z,TR,Turkey,TR,232.0,279.0,,64.0,,False,
2025-04-01T18:00:00.000Z,TR,Turkey,TR,238.0,287.0,,63.0,,False,
2025-04-01T19:00:00.000Z,TR,Turkey,TR,243.0,292.0,,63.0,,False,
2025-04-01T20:00:00.000Z,TR,Turkey,TR,249.0,297.0,,62.0,,False,
2025-04-01T21:00:00.000Z,TR,Turkey,TR,246.0,295.0,,62.0,,False,
2025-04-01T22:00:00.000Z,TR,Turkey,TR,249.0,299.0,,61.0,,False,
2025-04-01T23:00:00.000Z,TR,Turkey,TR,252.0,304.0,,60.0,,False,
2025-04-02T00:00:00.000Z,TR,Turkey,TR,253.0,304.0,,61.0,,False,
2025-04-02T01:00:00.000Z,TR,Turkey,TR,264.0,317.0,,59.0,,False,
2025-04-02T02:00:00.000Z,TR,Turkey,TR,282.0,336.0,,57.0,,False,
2025-04-02T03:00:00.000Z,TR,Turkey,TR,300.0,355.0,,54.0,,False,
2025-04-02T04:00:00.000Z,TR,Turkey,TR,296.0,354.0,,53.0,,False,
2025-04-02T05:00:00.000Z,TR,Turkey,TR,303.0,363.0,,50.0,,False,
2025-04-02T06:00:00.000Z,TR,Turkey,TR,295.0,354.0,,51.0,,False,
2025-04-02T07:00:00.000Z,TR,Turkey,TR,285.0,344.0,,52.0,,False,
2025-04-02T08:00:00.000Z,TR,Turkey,TR,267.0,324.0,,55.0,,False,
2025-04-02T09:00:00.000Z,TR,Turkey,TR,283.0,342.0,,53.0,,False,
2025-04-02T10:00:00.000Z,TR,Turkey,TR,273.0,331.0,,54.0,,False,
2025-04-02T11:00:00.000Z,TR,Turkey,TR,270.0,328.0,,54.0,,False,
2025-04-02T12:00:00.000Z,TR,Turkey,TR,274.0,333.0,,53.0,,False,
2025-04-02T13:00:00.000Z,TR,Turkey,TR,279.0,339.0,,52.0,,False,
2025-04-02T14:00:00.000Z,TR,Turkey,TR,282.0,343.0,,50.0,,False,
2025-04-02T15:00:00.000Z,TR,Turkey,TR,277.0,338.0,,51.0,,False,
2025-04-02T16:00:00.000Z,TR,Turkey,TR,273.0,334.0,,51.0,,False,
2025-04-02T17:00:00.000Z,TR,Turkey,TR,264.0,323.0,,53.0,,False,
2025-04-02T18:00:00.000Z,TR,Turkey,TR,283.0,344.0,,50.0,,False,
2025-04-02T19:00:00.000Z,TR,Turkey,TR,286.0,346.0,,51.0,,False,
2025-04-02T20:00:00.000Z,TR,Turkey,TR,298.0,360.0,,48.0,,False,
2025-04-02T21:00:00.000Z,TR,Turkey,TR,307.0,369.0,,47.0,,False,
2025-04-02T22:00:00.000Z,TR,Turkey,TR,318.0,381.0,,46.0,,False,
2025-04-02T23:00:00.000Z,TR,Turkey,TR,322.0,384.0,,47.0,,False,
2025-04-03T00:00:00.000Z,TR,Turkey,TR,328.0,391.0,,46.0,,False,
2025-04-03T01:00:00.000Z,TR,Turkey,TR,328.0,391.0,,46.0,,False,
2025-04-03T02:00:00.000Z,TR,Turkey,TR,330.0,393.0,,45.0,,False,
2025-04-03T03:00:00.000Z,TR,Turkey,TR,342.0,407.0,,43.0,,False,
2025-04-03T04:00:00.000Z,TR,Turkey,TR,343.0,409.0,,42.0,,False,
2025-04-03T05:00:00.000Z,TR,Turkey,TR,325.0,392.0,,44.0,,False,
2025-04-03T06:00:00.000Z,TR,Turkey,TR,323.0,389.0,,44.0,,False,
2025-04-03T07:00:00.000Z,TR,Turkey,TR,327.0,394.0,,44.0,,False,
2025-04-03T08:00:00.000Z,TR,Turkey,TR,320.0,384.0,,45.0,,False,
2025-04-03T09:00:00.000Z,TR,Turkey,TR,326.0,391.0,,45.0,,False,
2025-04-03T10:00:00.000Z,TR,Turkey,TR,318.0,382.0,,45.0,,False,
2025-04-03T11:00:00.000Z,TR,Turkey,TR,314.0,379.0,,46.0,,False,
2025-04-03T12:00:00.000Z,TR,Turkey,TR,320.0,384.0,,45.0,,False,
2025-04-03T13:00:00.000Z,TR,Turkey,TR,316.0,382.0,,45.0,,False,
2025-04-03T14:00:00.000Z,TR,Turkey,TR,307.0,372.0,,46.0,,False,
2025-04-03T15:00:00.000Z,TR,Turkey,TR,294.0,358.0,,48.0,,False,
2025-04-03T16:00:00.000Z,TR,Turkey,TR,283.0,346.0,,50.0,,False,
2025-04-03T17:00:00.000Z,TR,Turkey,TR,283.0,345.0,,50.0,,False,
2025-04-03T18:00:00.000Z,TR,Turkey,TR,293.0,356.0,,48.0,,False,
2025-04-03T19:00:00.000Z,TR,Turkey,TR,302.0,366.0,,47.0,,False,
2025-04-03T20:00:00.000Z,TR,Turkey,TR,313.0,378.0,,45.0,,False,
2025-04-03T21:00:00.000Z,TR,Turkey,TR,323.0,389.0,,44.0,,False,
2025-04-03T22:00:00.000Z,TR,Turkey,TR,333.0,400.0,,43.0,,False,
2025-04-03T23:00:00.000Z,TR,Turkey,TR,333.0,398.0,,44.0,,False,
2025-04-04T00:00:00.000Z,TR,Turkey,TR,334.0,398.0,,45.0,,False,
2025-04-04T01:00:00.000Z,TR,Turkey,TR,337.0,400.0,,44.0,,False,
2025-04-04T02:00:00.000Z,TR,Turkey,TR,320.0,386.0,,45.0,,False,
2025-04-04T03:00:00.000Z,TR,Turkey,TR,345.0,411.0,,42.0,,False,
2025-04-04T04:00:00.000Z,TR,Turkey,TR,341.0,406.0,,43.0,,False,
2025-04-04T05:00:00.000Z,TR,Turkey,TR,316.0,379.0,,47.0,,False,
2025-04-04T06:00:00.000Z,TR,Turkey,TR,317.0,380.0,,47.0,,False,
2025-04-04T07:00:00.000Z,TR,Turkey,TR,317.0,379.0,,48.0,,False,
2025-04-04T08:00:00.000Z,TR,Turkey,TR,316.0,377.0,,48.0,,False,
2025-04-04T09:00:00.000Z,TR,Turkey,TR,319.0,378.0,,49.0,,False,
2025-04-04T10:00:00.000Z,TR,Turkey,TR,316.0,376.0,,49.0,,False,
2025-04-04T11:00:00.000Z,TR,Turkey,TR,311.0,370.0,,49.0,,False,
2025-04-04T12:00:00.000Z,TR,Turkey,TR,321.0,383.0,,47.0,,False,
2025-04-04T13:00:00.000Z,TR,Turkey,TR,320.0,384.0,,45.0,,False,
2025-04-04T14:00:00.000Z,TR,Turkey,TR,317.0,383.0,,44.0,,False,
2025-04-04T15:00:00.000Z,TR,Turkey,TR,310.0,376.0,,45.0,,False,
2025-04-04T16:00:00.000Z,TR,Turkey,TR,297.0,362.0,,47.0,,False,
2025-04-04T17:00:00.000Z,TR,Turkey,TR,293.0,356.0,,48.0,,False,
2025-04-04T18:00:00.000Z,TR,Turkey,TR,299.0,363.0,,47.0,,False,
2025-04-04T19:00:00.000Z,TR,Turkey,TR,311.0,376.0,,45.0,,False,
2025-04-04T20:00:00.000Z,TR,Turkey,TR,317.0,382.0,,44.0,,False,
2025-04-04T21:00:00.000Z,TR,Turkey,TR,319.0,384.0,,45.0,,False,
2025-04-04T22:00:00.000Z,TR,Turkey,TR,329.0,394.0,,44.0,,False,
2025-04-04T23:00:00.000Z,TR,Turkey,TR,337.0,402.0,,44.0,,False,
2025-04-05T00:00:00.000Z,TR,Turkey,TR,340.0,405.0,,44.0,,False,
2025-04-05T01:00:00.000Z,TR,Turkey,TR,344.0,409.0,,43.0,,False,
2025-04-05T02:00:00.000Z,TR,Turkey,TR,353.0,420.0,,41.0,,False,
2025-04-05T03:00:00.000Z,TR,Turkey,TR,363.0,432.0,,39.0,,False,
2025-04-05T04:00:00.000Z,TR,Turkey,TR,359.0,425.0,,42.0,,False,
2025-04-05T05:00:00.000Z,TR,Turkey,TR,341.0,404.0,,45.0,,False,
2025-04-05T06:00:00.000Z,TR,Turkey,TR,333.0,395.0,,47.0,,False,
2025-04-05T07:00:00.000Z,TR,Turkey,TR,324.0,382.0,,50.0,,False,
2025-04-05T08:00:00.000Z,TR,Turkey,TR,320.0,377.0,,51.0,,False,
2025-04-05T09:00:00.000Z,TR,Turkey,TR,321.0,377.0,,51.0,,False,
2025-04-05T10:00:00.000Z,TR,Turkey,TR,317.0,373.0,,51.0,,False,
2025-04-05T11:00:00.000Z,TR,Turkey,TR,310.0,366.0,,52.0,,False,
2025-04-05T12:00:00.000Z,TR,Turkey,TR,299.0,354.0,,53.0,,False,
2025-04-05T13:00:00.000Z,TR,Turkey,TR,308.0,367.0,,50.0,,False,
2025-04-05T14:00:00.000Z,TR,Turkey,TR,311.0,374.0,,47.0,,False,
2025-04-05T15:00:00.000Z,TR,Turkey,TR,300.0,364.0,,47.0,,False,
2025-04-05T16:00:00.000Z,TR,Turkey,TR,284.0,346.0,,50.0,,False,
2025-04-05T17:00:00.000Z,TR,Turkey,TR,280.0,342.0,,51.0,,False,
2025-04-05T18:00:00.000Z,TR,Turkey,TR,285.0,346.0,,50.0,,False,
2025-04-05T19:00:00.000Z,TR,Turkey,TR,287.0,347.0,,50.0,,False,
2025-04-05T20:00:00.000Z,TR,Turkey,TR,288.0,346.0,,52.0,,False,
2025-04-05T21:00:00.000Z,TR,Turkey,TR,280.0,335.0,,55.0,,False,
2025-04-05T22:00:00.000Z,TR,Turkey,TR,271.0,322.0,,58.0,,False,
2025-04-05T23:00:00.000Z,TR,Turkey,TR,273.0,324.0,,59.0,,False,
2025-04-06T00:00:00.000Z,TR,Turkey,TR,271.0,320.0,,60.0,,False,
2025-04-06T01:00:00.000Z,TR,Turkey,TR,271.0,319.0,,61.0,,False,
2025-04-06T02:00:00.000Z,TR,Turkey,TR,275.0,323.0,,60.0,,False,
2025-04-06T03:00:00.000Z,TR,Turkey,TR,285.0,333.0,,59.0,,False,
2025-04-06T04:00:00.000Z,TR,Turkey,TR,272.0,320.0,,61.0,,False,
2025-04-06T05:00:00.000Z,TR,Turkey,TR,229.0,275.0,,67.0,,False,
2025-04-06T06:00:00.000Z,TR,Turkey,TR,228.0,275.0,,67.0,,False,
2025-04-06T07:00:00.000Z,TR,Turkey,TR,234.0,281.0,,65.0,,False,
2025-04-06T08:00:00.000Z,TR,Turkey,TR,240.0,288.0,,64.0,,False,
2025-04-06T09:00:00.000Z,TR,Turkey,TR,239.0,288.0,,64.0,,False,
2025-04-06T10:00:00.000Z,TR,Turkey,TR,237.0,286.0,,64.0,,False,
2025-04-06T11:00:00.000Z,TR,Turkey,TR,226.0,272.0,,66.0,,False,
2025-04-06T12:00:00.000Z,TR,Turkey,TR,221.0,268.0,,66.0,,False,
2025-04-06T13:00:00.000Z,TR,Turkey,TR,206.0,251.0,,69.0,,False,
2025-04-06T14:00:00.000Z,TR,Turkey,TR,229.0,274.0,,66.0,,False,
2025-04-06T15:00:00.000Z,TR,Turkey,TR,238.0,285.0,,64.0,,False,
2025-04-06T16:00:00.000Z,TR,Turkey,TR,229.0,277.0,,64.0,,False,
2025-04-06T17:00:00.000Z,TR,Turkey,TR,225.0,273.0,,65.0,,False,
2025-04-06T18:00:00.000Z,TR,Turkey,TR,230.0,278.0,,64.0,,False,
2025-04-06T19:00:00.000Z,TR,Turkey,TR,235.0,282.0,,64.0,,False,
2025-04-06T20:00:00.000Z,TR,Turkey,TR,238.0,284.0,,64.0,,False,
2025-04-06T21:00:00.000Z,TR,Turkey,TR,246.0,293.0,,63.0,,False,
2025-04-06T22:00:00.000Z,TR,Turkey,TR,260.0,308.0,,61.0,,False,
2025-04-06T23:00:00.000Z,TR,Turkey,TR,254.0,302.0,,62.0,,False,
2025-04-07T00:00:00.000Z,TR,Turkey,TR,241.0,287.0,,64.0,,False,
2025-04-07T01:00:00.000Z,TR,Turkey,TR,246.0,292.0,,64.0,,False,
2025-04-07T02:00:00.000Z,TR,Turkey,TR,261.0,308.0,,62.0,,False,
2025-04-07T03:00:00.000Z,TR,Turkey,TR,279.0,328.0,,59.0,,False,
2025-04-07T04:00:00.000Z,TR,Turkey,TR,280.0,330.0,,58.0,,False,
2025-04-07T05:00:00.000Z,TR,Turkey,TR,255.0,303.0,,62.0,,False,
2025-04-07T06:00:00.000Z,TR,Turkey,TR,249.0,296.0,,63.0,,False,
2025-04-07T07:00:00.000Z,TR,Turkey,TR,252.0,298.0,,63.0,,False,
2025-04-07T08:00:00.000Z,TR,Turkey,TR,250.0,297.0,,63.0,,False,
2025-04-07T09:00:00.000Z,TR,Turkey,TR,257.0,304.0,,61.0,,False,
2025-04-07T10:00:00.000Z,TR,Turkey,TR,250.0,298.0,,62.0,,False,
2025-04-07T11:00:00.000Z,TR,Turkey,TR,257.0,306.0,,60.0,,False,
2025-04-07T12:00:00.000Z,TR,Turkey,TR,252.0,304.0,,59.0,,False,
2025-04-07T13:00:00.000Z,TR,Turkey,TR,261.0,315.0,,57.0,,False,
2025-04-07T14:00:00.000Z,TR,Turkey,TR,258.0,314.0,,56.0,,False,
2025-04-07T15:00:00.000Z,TR,Turkey,TR,263.0,320.0,,54.0,,False,
2025-04-07T16:00:00.000Z,TR,Turkey,TR,256.0,312.0,,55.0,,False,
2025-04-07T17:00:00.000Z,TR,Turkey,TR,254.0,310.0,,56.0,,False,
2025-04-07T18:00:00.000Z,TR,Turkey,TR,261.0,317.0,,55.0,,False,
2025-04-07T19:00:00.000Z,TR,Turkey,TR,270.0,326.0,,54.0,,False,
2025-04-07T20:00:00.000Z,TR,Turkey,TR,283.0,341.0,,52.0,,False,
2025-04-07T21:00:00.000Z,TR,Turkey,TR,292.0,350.0,,51.0,,False,
2025-04-07T22:00:00.000Z,TR,Turkey,TR,302.0,360.0,,50.0,,False,
2025-04-07T23:00:00.000Z,TR,Turkey,TR,309.0,367.0,,50.0,,False,
2025-04-08T00:00:00.000Z,TR,Turkey,TR,312.0,370.0,,50.0,,False,
2025-04-08T01:00:00.000Z,TR,Turkey,TR,318.0,377.0,,48.0,,False,
2025-04-08T02:00:00.000Z,TR,Turkey,TR,318.0,377.0,,48.0,,False,
2025-04-08T03:00:00.000Z,TR,Turkey,TR,326.0,388.0,,46.0,,False,
2025-04-08T04:00:00.000Z,TR,Turkey,TR,325.0,388.0,,45.0,,False,
2025-04-08T05:00:00.000Z,TR,Turkey,TR,307.0,370.0,,47.0,,False,
2025-04-08T06:00:00.000Z,TR,Turkey,TR,303.0,366.0,,47.0,,False,
2025-04-08T07:00:00.000Z,TR,Turkey,TR,305.0,368.0,,47.0,,False,
2025-04-08T08:00:00.000Z,TR,Turkey,TR,305.0,369.0,,47.0,,False,
2025-04-08T09:00:00.000Z,TR,Turkey,TR,307.0,369.0,,47.0,,False,
2025-04-08T10:00:00.000Z,TR,Turkey,TR,306.0,369.0,,47.0,,False,
2025-04-08T11:00:00.000Z,TR,Turkey,TR,288.0,349.0,,49.0,,False,
2025-04-08T12:00:00.000Z,TR,Turkey,TR,284.0,346.0,,49.0,,False,
2025-04-08T13:00:00.000Z,TR,Turkey,TR,282.0,344.0,,50.0,,False,
2025-04-08T14:00:00.000Z,TR,Turkey,TR,278.0,340.0,,50.0,,False,
2025-04-08T15:00:00.000Z,TR,Turkey,TR,277.0,339.0,,50.0,,False,
2025-04-08T16:00:00.000Z,TR,Turkey,TR,270.0,331.0,,51.0,,False,
2025-04-08T17:00:00.000Z,TR,Turkey,TR,268.0,329.0,,52.0,,False,
2025-04-08T18:00:00.000Z,TR,Turkey,TR,270.0,329.0,,52.0,,False,
2025-04-08T19:00:00.000Z,TR,Turkey,TR,280.0,341.0,,50.0,,False,
2025-04-08T20:00:00.000Z,TR,Turkey,TR,293.0,355.0,,48.0,,False,
2025-04-08T21:00:00.000Z,TR,Turkey,TR,304.0,366.0,,47.0,,False,
2025-04-08T22:00:00.000Z,TR,Turkey,TR,311.0,372.0,,47.0,,False,
2025-04-08T23:00:00.000Z,TR,Turkey,TR,304.0,363.0,,50.0,,False,
2025-04-09T00:00:00.000Z,TR,Turkey,TR,313.0,373.0,,48.0,,False,
2025-04-09T01:00:00.000Z,TR,Turkey,TR,321.0,382.0,,47.0,,False,
2025-04-09T02:00:00.000Z,TR,Turkey,TR,323.0,385.0,,46.0,,False,
2025-04-09T03:00:00.000Z,TR,Turkey,TR,330.0,393.0,,45.0,,False,
2025-04-09T04:00:00.000Z,TR,Turkey,TR,325.0,388.0,,45.0,,False,
2025-04-09T05:00:00.000Z,TR,Turkey,TR,299.0,362.0,,48.0,,False,
2025-04-09T06:00:00.000Z,TR,Turkey,TR,284.0,344.0,,50.0,,False,
2025-04-09T07:00:00.000Z,TR,Turkey,TR,294.0,355.0,,49.0,,False,
2025-04-09T08:00:00.000Z,TR,Turkey,TR,296.0,357.0,,49.0,,False,
2025-04-09T09:00:00.000Z,TR,Turkey,TR,303.0,364.0,,48.0,,False,
2025-04-09T10:00:00.000Z,TR,Turkey,TR,308.0,371.0,,46.0,,False,
2025-04-09T11:00:00.000Z,TR,Turkey,TR,296.0,357.0,,49.0,,False,
2025-04-09T12:00:00.000Z,TR,Turkey,TR,300.0,361.0,,48.0,,False,
2025-04-09T13:00:00.000Z,TR,Turkey,TR,300.0,364.0,,46.0,,False,
2025-04-09T14:00:00.000Z,TR,Turkey,TR,295.0,359.0,,47.0,,False,
2025-04-09T15:00:00.000Z,TR,Turkey,TR,293.0,356.0,,48.0,,False,
2025-04-09T16:00:00.000Z,TR,Turkey,TR,285.0,347.0,,49.0,,False,
2025-04-09T17:00:00.000Z,TR,Turkey,TR,280.0,341.0,,50.0,,False,
2025-04-09T18:00:00.000Z,TR,Turkey,TR,284.0,346.0,,49.0,,False,
2025-04-09T19:00:00.000Z,TR,Turkey,TR,293.0,355.0,,48.0,,False,
2025-04-09T20:00:00.000Z,TR,Turkey,TR,300.0,363.0,,47.0,,False,
2025-04-09T21:00:00.000Z,TR,Turkey,TR,311.0,374.0,,46.0,,False,
2025-04-09T22:00:00.000Z,TR,Turkey,TR,326.0,390.0,,44.0,,False,
2025-04-09T23:00:00.000Z,TR,Turkey,TR,335.0,399.0,,43.0,,False,
2025-04-10T00:00:00.000Z,TR,Turkey,TR,338.0,402.0,,43.0,,False,
2025-04-10T01:00:00.000Z,TR,Turkey,TR,338.0,403.0,,43.0,,False,
2025-04-10T02:00:00.000Z,TR,Turkey,TR,338.0,402.0,,43.0,,False,
2025-04-10T03:00:00.000Z,TR,Turkey,TR,343.0,408.0,,41.0,,False,
2025-04-10T04:00:00.000Z,TR,Turkey,TR,332.0,397.0,,43.0,,False,
2025-04-10T05:00:00.000Z,TR,Turkey,TR,311.0,374.0,,46.0,,False,
2025-04-10T06:00:00.000Z,TR,Turkey,TR,306.0,369.0,,47.0,,False,
2025-04-10T07:00:00.000Z,TR,Turkey,TR,313.0,375.0,,47.0,,False,
2025-04-10T08:00:00.000Z,TR,Turkey,TR,303.0,364.0,,49.0,,False,
2025-04-10T09:00:00.000Z,TR,Turkey,TR,297.0,358.0,,49.0,,False,
2025-04-10T10:00:00.000Z,TR,Turkey,TR,294.0,353.0,,50.0,,False,
2025-04-10T11:00:00.000Z,TR,Turkey,TR,294.0,353.0,,51.0,,False,
2025-04-10T12:00:00.000Z,TR,Turkey,TR,286.0,345.0,,51.0,,False,
2025-04-10T13:00:00.000Z,TR,Turkey,TR,290.0,349.0,,50.0,,False,
2025-04-10T14:00:00.000Z,TR,Turkey,TR,299.0,360.0,,48.0,,False,
2025-04-10T15:00:00.000Z,TR,Turkey,TR,290.0,352.0,,49.0,,False,
2025-04-10T16:00:00.000Z,TR,Turkey,TR,276.0,336.0,,51.0,,False,
2025-04-10T17:00:00.000Z,TR,Turkey,TR,273.0,332.0,,51.0,,False,
2025-04-10T18:00:00.000Z,TR,Turkey,TR,279.0,339.0,,50.0,,False,
2025-04-10T19:00:00.000Z,TR,Turkey,TR,291.0,353.0,,49.0,,False,
2025-04-10T20:00:00.000Z,TR,Turkey,TR,295.0,356.0,,49.0,,False,
2025-04-10T21:00:00.000Z,TR,Turkey,TR,307.0,367.0,,48.0,,False,
2025-04-10T22:00:00.000Z,TR,Turkey,TR,308.0,366.0,,49.0,,False,
2025-04-10T23:00:00.000Z,TR,Turkey,TR,309.0,366.0,,50.0,,False,
2025-04-11T00:00:00.000Z,TR,Turkey,TR,304.0,361.0,,50.0,,False,
2025-04-11T01:00:00.000Z,TR,Turkey,TR,312.0,370.0,,49.0,,False,
2025-04-11T02:00:00.000Z,TR,Turkey,TR,316.0,374.0,,48.0,,False,
2025-04-11T03:00:00.000Z,TR,Turkey,TR,323.0,383.0,,47.0,,False,
2025-04-11T04:00:00.000Z,TR,Turkey,TR,321.0,381.0,,47.0,,False,
2025-04-11T05:00:00.000Z,TR,Turkey,TR,304.0,365.0,,48.0,,False,
2025-04-11T06:00:00.000Z,TR,Turkey,TR,300.0,360.0,,49.0,,False,
2025-04-11T07:00:00.000Z,TR,Turkey,TR,299.0,358.0,,50.0,,False,
2025-04-11T08:00:00.000Z,TR,Turkey,TR,299.0,358.0,,49.0,,False,
2025-04-11T09:00:00.000Z,TR,Turkey,TR,310.0,370.0,,48.0,,False,
2025-04-11T10:00:00.000Z,TR,Turkey,TR,320.0,381.0,,46.0,,False,
2025-04-11T11:00:00.000Z,TR,Turkey,TR,314.0,375.0,,46.0,,False,
2025-04-11T12:00:00.000Z,TR,Turkey,TR,312.0,374.0,,46.0,,False,
2025-04-11T13:00:00.000Z,TR,Turkey,TR,310.0,373.0,,46.0,,False,
2025-04-11T14:00:00.000Z,TR,Turkey,TR,299.0,362.0,,47.0,,False,
2025-04-11T15:00:00.000Z,TR,Turkey,TR,290.0,352.0,,49.0,,False,
2025-04-11T16:00:00.000Z,TR,Turkey,TR,278.0,339.0,,51.0,,False,
2025-04-11T17:00:00.000Z,TR,Turkey,TR,274.0,334.0,,51.0,,False,
2025-04-11T18:00:00.000Z,TR,Turkey,TR,282.0,343.0,,50.0,,False,
2025-04-11T19:00:00.000Z,TR,Turkey,TR,294.0,356.0,,48.0,,False,
2025-04-11T20:00:00.000Z,TR,Turkey,TR,302.0,364.0,,47.0,,False,
2025-04-11T21:00:00.000Z,TR,Turkey,TR,307.0,370.0,,47.0,,False,
2025-04-11T22:00:00.000Z,TR,Turkey,TR,311.0,372.0,,48.0,,False,
2025-04-11T23:00:00.000Z,TR,Turkey,TR,314.0,374.0,,48.0,,False,
2025-04-12T00:00:00.000Z,TR,Turkey,TR,321.0,381.0,,47.0,,False,
2025-04-12T01:00:00.000Z,TR,Turkey,TR,315.0,373.0,,49.0,,False,
2025-04-12T02:00:00.000Z,TR,Turkey,TR,319.0,377.0,,48.0,,False,
2025-04-12T03:00:00.000Z,TR,Turkey,TR,325.0,383.0,,48.0,,False,
2025-04-12T04:00:00.000Z,TR,Turkey,TR,328.0,386.0,,48.0,,False,
2025-04-12T05:00:00.000Z,TR,Turkey,TR,314.0,371.0,,51.0,,False,
2025-04-12T06:00:00.000Z,TR,Turkey,TR,306.0,361.0,,53.0,,False,
2025-04-12T07:00:00.000Z,TR,Turkey,TR,310.0,365.0,,52.0,,False,
2025-04-12T08:00:00.000Z,TR,Turkey,TR,301.0,355.0,,54.0,,False,
2025-04-12T09:00:00.000Z,TR,Turkey,TR,309.0,363.0,,53.0,,False,
2025-04-12T10:00:00.000Z,TR,Turkey,TR,310.0,366.0,,52.0,,False,
2025-04-12T11:00:00.000Z,TR,Turkey,TR,310.0,366.0,,51.0,,False,
2025-04-12T12:00:00.000Z,TR,Turkey,TR,307.0,363.0,,51.0,,False,
2025-04-12T13:00:00.000Z,TR,Turkey,TR,307.0,366.0,,49.0,,False,
2025-04-12T14:00:00.000Z,TR,Turkey,TR,295.0,354.0,,50.0,,False,
2025-04-12T15:00:00.000Z,TR,Turkey,TR,284.0,344.0,,51.0,,False,
2025-04-12T16:00:00.000Z,TR,Turkey,TR,284.0,343.0,,51.0,,False,
2025-04-12T17:00:00.000Z,TR,Turkey,TR,270.0,327.0,,54.0,,False,
2025-04-12T18:00:00.000Z,TR,Turkey,TR,278.0,336.0,,52.0,,False,
2025-04-12T19:00:00.000Z,TR,Turkey,TR,291.0,351.0,,50.0,,False,
2025-04-12T20:00:00.000Z,TR,Turkey,TR,304.0,366.0,,48.0,,False,
2025-04-12T21:00:00.000Z,TR,Turkey,TR,320.0,383.0,,45.0,,False,
2025-04-12T22:00:00.000Z,TR,Turkey,TR,323.0,384.0,,46.0,,False,
2025-04-12T23:00:00.000Z,TR,Turkey,TR,331.0,392.0,,46.0,,False,
2025-04-13T00:00:00.000Z,TR,Turkey,TR,326.0,386.0,,48.0,,False,
2025-04-13T01:00:00.000Z,TR,Turkey,TR,327.0,385.0,,48.0,,False,
2025-04-13T02:00:00.000Z,TR,Turkey,TR,320.0,377.0,,50.0,,False,
2025-04-13T03:00:00.000Z,TR,Turkey,TR,322.0,378.0,,50.0,,False,
2025-04-13T04:00:00.000Z,TR,Turkey,TR,332.0,386.0,,51.0,,False,
2025-04-13T05:00:00.000Z,TR,Turkey,TR,305.0,357.0,,56.0,,False,
2025-04-13T06:00:00.000Z,TR,Turkey,TR,290.0,341.0,,58.0,,False,
2025-04-13T07:00:00.000Z,TR,Turkey,TR,291.0,342.0,,58.0,,False,
2025-04-13T08:00:00.000Z,TR,Turkey,TR,291.0,342.0,,58.0,,False,
2025-04-13T09:00:00.000Z,TR,Turkey,TR,289.0,340.0,,58.0,,False,
2025-04-13T10:00:00.000Z,TR,Turkey,TR,271.0,321.0,,60.0,,False,
2025-04-13T11:00:00.000Z,TR,Turkey,TR,270.0,320.0,,60.0,,False,
2025-04-13T12:00:00.000Z,TR,Turkey,TR,271.0,321.0,,60.0,,False,
2025-04-13T13:00:00.000Z,TR,Turkey,TR,289.0,340.0,,58.0,,False,
2025-04-13T14:00:00.000Z,TR,Turkey,TR,301.0,357.0,,53.0,,False,
2025-04-13T15:00:00.000Z,TR,Turkey,TR,304.0,365.0,,49.0,,False,
2025-04-13T16:00:00.000Z,TR,Turkey,TR,278.0,337.0,,52.0,,False,
2025-04-13T17:00:00.000Z,TR,Turkey,TR,270.0,328.0,,54.0,,False,
2025-04-13T18:00:00.000Z,TR,Turkey,TR,275.0,333.0,,53.0,,False,
2025-04-13T19:00:00.000Z,TR,Turkey,TR,289.0,349.0,,51.0,,False,
2025-04-13T20:00:00.000Z,TR,Turkey,TR,305.0,366.0,,48.0,,False,
2025-04-13T21:00:00.000Z,TR,Turkey,TR,323.0,386.0,,45.0,,False,
2025-04-13T22:00:00.000Z,TR,Turkey,TR,333.0,396.0,,45.0,,False,
2025-04-13T23:00:00.000Z,TR,Turkey,TR,342.0,406.0,,43.0,,False,
2025-04-14T00:00:00.000Z,TR,Turkey,TR,353.0,418.0,,42.0,,False,
2025-04-14T01:00:00.000Z,TR,Turkey,TR,356.0,422.0,,41.0,,False,
2025-04-14T02:00:00.000Z,TR,Turkey,TR,356.0,423.0,,40.0,,False,
2025-04-14T03:00:00.000Z,TR,Turkey,TR,355.0,420.0,,41.0,,False,
2025-04-14T04:00:00.000Z,TR,Turkey,TR,344.0,408.0,,43.0,,False,
2025-04-14T05:00:00.000Z,TR,Turkey,TR,321.0,383.0,,46.0,,False,
2025-04-14T06:00:00.000Z,TR,Turkey,TR,320.0,382.0,,47.0,,False,
2025-04-14T07:00:00.000Z,TR,Turkey,TR,323.0,385.0,,46.0,,False,
2025-04-14T08:00:00.000Z,TR,Turkey,TR,324.0,387.0,,45.0,,False,
2025-04-14T09:00:00.000Z,TR,Turkey,TR,330.0,392.0,,45.0,,False,
2025-04-14T10:00:00.000Z,TR,Turkey,TR,324.0,386.0,,46.0,,False,
2025-04-14T11:00:00.000Z,TR,Turkey,TR,307.0,367.0,,49.0,,False,
2025-04-14T12:00:00.000Z,TR,Turkey,TR,300.0,359.0,,50.0,,False,
2025-04-14T13:00:00.000Z,TR,Turkey,TR,296.0,356.0,,50.0,,False,
2025-04-14T14:00:00.000Z,TR,Turkey,TR,290.0,350.0,,50.0,,False,
2025-04-14T15:00:00.000Z,TR,Turkey,TR,280.0,339.0,,51.0,,False,
2025-04-14T16:00:00.000Z,TR,Turkey,TR,269.0,328.0,,53.0,,False,
2025-04-14T17:00:00.000Z,TR,Turkey,TR,262.0,318.0,,54.0,,False,
2025-04-14T18:00:00.000Z,TR,Turkey,TR,270.0,327.0,,53.0,,False,
2025-04-14T19:00:00.000Z,TR,Turkey,TR,283.0,342.0,,51.0,,False,
2025-04-14T20:00:00.000Z,TR,Turkey,TR,297.0,358.0,,48.0,,False,
2025-04-14T21:00:00.000Z,TR,Turkey,TR,311.0,374.0,,46.0,,False,
2025-04-14T22:00:00.000Z,TR,Turkey,TR,313.0,376.0,,46.0,,False,
2025-04-14T23:00:00.000Z,TR,Turkey,TR,321.0,383.0,,46.0,,False,
2025-04-15T00:00:00.000Z,TR,Turkey,TR,332.0,395.0,,44.0,,False,
2025-04-15T01:00:00.000Z,TR,Turkey,TR,338.0,402.0,,43.0,,False,
2025-04-15T02:00:00.000Z,TR,Turkey,TR,341.0,405.0,,42.0,,False,
2025-04-15T03:00:00.000Z,TR,Turkey,TR,345.0,410.0,,42.0,,False,
2025-04-15T04:00:00.000Z,TR,Turkey,TR,339.0,404.0,,43.0,,False,
2025-04-15T05:00:00.000Z,TR,Turkey,TR,326.0,389.0,,44.0,,False,
2025-04-15T06:00:00.000Z,TR,Turkey,TR,330.0,394.0,,44.0,,False,
2025-04-15T07:00:00.000Z,TR,Turkey,TR,331.0,394.0,,45.0,,False,
2025-04-15T08:00:00.000Z,TR,Turkey,TR,329.0,392.0,,45.0,,False,
2025-04-15T09:00:00.000Z,TR,Turkey,TR,344.0,406.0,,44.0,,False,
2025-04-15T10:00:00.000Z,TR,Turkey,TR,333.0,397.0,,45.0,,False,
2025-04-15T11:00:00.000Z,TR,Turkey,TR,327.0,388.0,,46.0,,False,
2025-04-15T12:00:00.000Z,TR,Turkey,TR,307.0,368.0,,48.0,,False,
2025-04-15T13:00:00.000Z,TR,Turkey,TR,297.0,359.0,,48.0,,False,
2025-04-15T14:00:00.000Z,TR,Turkey,TR,307.0,370.0,,46.0,,False,
2025-04-15T15:00:00.000Z,TR,Turkey,TR,296.0,358.0,,48.0,,False,
2025-04-15T16:00:00.000Z,TR,Turkey,TR,283.0,344.0,,50.0,,False,
2025-04-15T17:00:00.000Z,TR,Turkey,TR,276.0,336.0,,51.0,,False,
2025-04-15T18:00:00.000Z,TR,Turkey,TR,280.0,340.0,,51.0,,False,
2025-04-15T19:00:00.000Z,TR,Turkey,TR,293.0,355.0,,48.0,,False,
2025-04-15T20:00:00.000Z,TR,Turkey,TR,306.0,369.0,,46.0,,False,
2025-04-15T21:00:00.000Z,TR,Turkey,TR,328.0,395.0,,42.0,,False,
2025-04-15T22:00:00.000Z,TR,Turkey,TR,345.0,413.0,,40.0,,False,
2025-04-15T23:00:00.000Z,TR,Turkey,TR,351.0,419.0,,39.0,,False,
2025-04-16T00:00:00.000Z,TR,Turkey,TR,358.0,426.0,,39.0,,False,
2025-04-16T01:00:00.000Z,TR,Turkey,TR,360.0,429.0,,38.0,,False,
2025-04-16T02:00:00.000Z,TR,Turkey,TR,359.0,428.0,,38.0,,False,
2025-04-16T03:00:00.000Z,TR,Turkey,TR,361.0,430.0,,38.0,,False,
2025-04-16T04:00:00.000Z,TR,Turkey,TR,352.0,418.0,,41.0,,False,
2025-04-16T05:00:00.000Z,TR,Turkey,TR,339.0,405.0,,43.0,,False,
2025-04-16T06:00:00.000Z,TR,Turkey,TR,335.0,398.0,,45.0,,False,
2025-04-16T07:00:00.000Z,TR,Turkey,TR,316.0,377.0,,48.0,,False,
2025-04-16T08:00:00.000Z,TR,Turkey,TR,318.0,377.0,,49.0,,False,
2025-04-16T09:00:00.000Z,TR,Turkey,TR,329.0,387.0,,48.0,,False,
2025-04-16T10:00:00.000Z,TR,Turkey,TR,326.0,384.0,,49.0,,False,
2025-04-16T11:00:00.000Z,TR,Turkey,TR,324.0,382.0,,49.0,,False,
2025-04-16T12:00:00.000Z,TR,Turkey,TR,317.0,376.0,,49.0,,False,
2025-04-16T13:00:00.000Z,TR,Turkey,TR,309.0,370.0,,48.0,,False,
2025-04-16T14:00:00.000Z,TR,Turkey,TR,312.0,374.0,,46.0,,False,
2025-04-16T15:00:00.000Z,TR,Turkey,TR,309.0,373.0,,46.0,,False,
2025-04-16T16:00:00.000Z,TR,Turkey,TR,294.0,356.0,,48.0,,False,
2025-04-16T17:00:00.000Z,TR,Turkey,TR,289.0,350.0,,49.0,,False,
2025-04-16T18:00:00.000Z,TR,Turkey,TR,295.0,356.0,,48.0,,False,
2025-04-16T19:00:00.000Z,TR,Turkey,TR,302.0,365.0,,47.0,,False,
2025-04-16T20:00:00.000Z,TR,Turkey,TR,317.0,382.0,,44.0,,False,
2025-04-16T21:00:00.000Z,TR,Turkey,TR,340.0,409.0,,40.0,,False,
2025-04-16T22:00:00.000Z,TR,Turkey,TR,350.0,418.0,,39.0,,False,
2025-04-16T23:00:00.000Z,TR,Turkey,TR,357.0,425.0,,39.0,,False,
2025-04-17T00:00:00.000Z,TR,Turkey,TR,361.0,429.0,,39.0,,False,
2025-04-17T01:00:00.000Z,TR,Turkey,TR,363.0,431.0,,39.0,,False,
2025-04-17T02:00:00.000Z,TR,Turkey,TR,363.0,431.0,,38.0,,False,
2025-04-17T03:00:00.000Z,TR,Turkey,TR,360.0,426.0,,40.0,,False,
2025-04-17T04:00:00.000Z,TR,Turkey,TR,350.0,414.0,,43.0,,False,
2025-04-17T05:00:00.000Z,TR,Turkey,TR,337.0,401.0,,44.0,,False,
2025-04-17T06:00:00.000Z,TR,Turkey,TR,342.0,403.0,,46.0,,False,
2025-04-17T07:00:00.000Z,TR,Turkey,TR,327.0,385.0,,49.0,,False,
2025-04-17T08:00:00.000Z,TR,Turkey,TR,328.0,386.0,,49.0,,False,
2025-04-17T09:00:00.000Z,TR,Turkey,TR,314.0,374.0,,50.0,,False,
2025-04-17T10:00:00.000Z,TR,Turkey,TR,308.0,367.0,,50.0,,False,
2025-04-17T11:00:00.000Z,TR,Turkey,TR,312.0,369.0,,51.0,,False,
2025-04-17T12:00:00.000Z,TR,Turkey,TR,314.0,371.0,,50.0,,False,
2025-04-17T13:00:00.000Z,TR,Turkey,TR,318.0,377.0,,48.0,,False,
2025-04-17T14:00:00.000Z,TR,Turkey,TR,324.0,388.0,,44.0,,False,
2025-04-17T15:00:00.000Z,TR,Turkey,TR,316.0,381.0,,44.0,,False,
2025-04-17T16:00:00.000Z,TR,Turkey,TR,298.0,360.0,,47.0,,False,
2025-04-17T17:00:00.000Z,TR,Turkey,TR,290.0,352.0,,49.0,,False,
2025-04-17T18:00:00.000Z,TR,Turkey,TR,298.0,361.0,,47.0,,False,
2025-04-17T19:00:00.000Z,TR,Turkey,TR,312.0,377.0,,45.0,,False,
2025-04-17T20:00:00.000Z,TR,Turkey,TR,322.0,387.0,,44.0,,False,
2025-04-17T21:00:00.000Z,TR,Turkey,TR,341.0,408.0,,41.0,,False,
2025-04-17T22:00:00.000Z,TR,Turkey,TR,354.0,423.0,,39.0,,False,
2025-04-17T23:00:00.000Z,TR,Turkey,TR,361.0,429.0,,38.0,,False,
2025-04-18T00:00:00.000Z,TR,Turkey,TR,363.0,431.0,,39.0,,False,
2025-04-18T01:00:00.000Z,TR,Turkey,TR,362.0,430.0,,39.0,,False,
2025-04-18T02:00:00.000Z,TR,Turkey,TR,363.0,431.0,,39.0,,False,
2025-04-18T03:00:00.000Z,TR,Turkey,TR,365.0,433.0,,39.0,,False,
2025-04-18T04:00:00.000Z,TR,Turkey,TR,362.0,427.0,,41.0,,False,
2025-04-18T05:00:00.000Z,TR,Turkey,TR,341.0,404.0,,45.0,,False,
2025-04-18T06:00:00.000Z,TR,Turkey,TR,342.0,403.0,,46.0,,False,
2025-04-18T07:00:00.000Z,TR,Turkey,TR,345.0,405.0,,47.0,,False,
2025-04-18T08:00:00.000Z,TR,Turkey,TR,326.0,383.0,,50.0,,False,
2025-04-18T09:00:00.000Z,TR,Turkey,TR,327.0,384.0,,50.0,,False,
2025-04-18T10:00:00.000Z,TR,Turkey,TR,301.0,358.0,,53.0,,False,
2025-04-18T11:00:00.000Z,TR,Turkey,TR,307.0,363.0,,52.0,,False,
2025-04-18T12:00:00.000Z,TR,Turkey,TR,318.0,375.0,,50.0,,False,
2025-04-18T13:00:00.000Z,TR,Turkey,TR,325.0,384.0,,48.0,,False,
2025-04-18T14:00:00.000Z,TR,Turkey,TR,327.0,391.0,,44.0,,False,
2025-04-18T15:00:00.000Z,TR,Turkey,TR,318.0,382.0,,44.0,,False,
2025-04-18T16:00:00.000Z,TR,Turkey,TR,305.0,368.0,,46.0,,False,
2025-04-18T17:00:00.000Z,TR,Turkey,TR,300.0,362.0,,47.0,,False,
2025-04-18T18:00:00.000Z,TR,Turkey,TR,309.0,371.0,,47.0,,False,
2025-04-18T19:00:00.000Z,TR,Turkey,TR,323.0,387.0,,44.0,,False,
2025-04-18T20:00:00.000Z,TR,Turkey,TR,330.0,395.0,,43.0,,False,
2025-04-18T21:00:00.000Z,TR,Turkey,TR,342.0,407.0,,42.0,,False,
2025-04-18T22:00:00.000Z,TR,Turkey,TR,343.0,407.0,,43.0,,False,
2025-04-18T23:00:00.000Z,TR,Turkey,TR,347.0,410.0,,44.0,,False,
2025-04-19T00:00:00.000Z,TR,Turkey,TR,354.0,417.0,,43.0,,False,
2025-04-19T01:00:00.000Z,TR,Turkey,TR,357.0,419.0,,43.0,,False,
2025-04-19T02:00:00.000Z,TR,Turkey,TR,358.0,421.0,,43.0,,False,
2025-04-19T03:00:00.000Z,TR,Turkey,TR,363.0,424.0,,43.0,,False,
2025-04-19T04:00:00.000Z,TR,Turkey,TR,355.0,411.0,,47.0,,False,
2025-04-19T05:00:00.000Z,TR,Turkey,TR,329.0,384.0,,51.0,,False,
2025-04-19T06:00:00.000Z,TR,Turkey,TR,334.0,388.0,,52.0,,False,
2025-04-19T07:00:00.000Z,TR,Turkey,TR,319.0,372.0,,54.0,,False,
2025-04-19T08:00:00.000Z,TR,Turkey,TR,314.0,366.0,,55.0,,False,
2025-04-19T09:00:00.000Z,TR,Turkey,TR,296.0,348.0,,57.0,,False,
2025-04-19T10:00:00.000Z,TR,Turkey,TR,299.0,351.0,,56.0,,False,
2025-04-19T11:00:00.000Z,TR,Turkey,TR,297.0,351.0,,55.0,,False,
2025-04-19T12:00:00.000Z,TR,Turkey,TR,300.0,355.0,,53.0,,False,
2025-04-19T13:00:00.000Z,TR,Turkey,TR,293.0,347.0,,54.0,,False,
2025-04-19T14:00:00.000Z,TR,Turkey,TR,299.0,353.0,,53.0,,False,
2025-04-19T15:00:00.000Z,TR,Turkey,TR,315.0,374.0,,49.0,,False,
2025-04-19T16:00:00.000Z,TR,Turkey,TR,316.0,377.0,,47.0,,False,
2025-04-19T17:00:00.000Z,TR,Turkey,TR,309.0,370.0,,48.0,,False,
2025-04-19T18:00:00.000Z,TR,Turkey,TR,319.0,381.0,,46.0,,False,
2025-04-19T19:00:00.000Z,TR,Turkey,TR,330.0,393.0,,44.0,,False,
2025-04-19T20:00:00.000Z,TR,Turkey,TR,335.0,399.0,,44.0,,False,
2025-04-19T21:00:00.000Z,TR,Turkey,TR,345.0,409.0,,43.0,,False,
2025-04-19T22:00:00.000Z,TR,Turkey,TR,357.0,421.0,,42.0,,False,
2025-04-19T23:00:00.000Z,TR,Turkey,TR,363.0,426.0,,42.0,,False,
2025-04-20T00:00:00.000Z,TR,Turkey,TR,360.0,421.0,,44.0,,False,
2025-04-20T01:00:00.000Z,TR,Turkey,TR,360.0,421.0,,44.0,,False,
2025-04-20T02:00:00.000Z,TR,Turkey,TR,362.0,422.0,,44.0,,False,
2025-04-20T03:00:00.000Z,TR,Turkey,TR,372.0,431.0,,44.0,,False,
2025-04-20T04:00:00.000Z,TR,Turkey,TR,374.0,431.0,,46.0,,False,
2025-04-20T05:00:00.000Z,TR,Turkey,TR,321.0,375.0,,54.0,,False,
2025-04-20T06:00:00.000Z,TR,Turkey,TR,326.0,381.0,,53.0,,False,
2025-04-20T07:00:00.000Z,TR,Turkey,TR,341.0,397.0,,51.0,,False,
2025-04-20T08:00:00.000Z,TR,Turkey,TR,343.0,399.0,,51.0,,False,
2025-04-20T09:00:00.000Z,TR,Turkey,TR,344.0,401.0,,50.0,,False,
2025-04-20T10:00:00.000Z,TR,Turkey,TR,331.0,387.0,,52.0,,False,
2025-04-20T11:00:00.000Z,TR,Turkey,TR,316.0,370.0,,54.0,,False,
2025-04-20T12:00:00.000Z,TR,Turkey,TR,306.0,358.0,,56.0,,False,
2025-04-20T13:00:00.000Z,TR,Turkey,TR,281.0,330.0,,59.0,,False,
2025-04-20T14:00:00.000Z,TR,Turkey,TR,282.0,333.0,,57.0,,False,
2025-04-20T15:00:00.000Z,TR,Turkey,TR,314.0,371.0,,50.0,,False,
2025-04-20T16:00:00.000Z,TR,Turkey,TR,314.0,374.0,,49.0,,False,
2025-04-20T17:00:00.000Z,TR,Turkey,TR,303.0,361.0,,50.0,,False,
2025-04-20T18:00:00.000Z,TR,Turkey,TR,310.0,370.0,,49.0,,False,
2025-04-20T19:00:00.000Z,TR,Turkey,TR,316.0,377.0,,48.0,,False,
2025-04-20T20:00:00.000Z,TR,Turkey,TR,336.0,397.0,,46.0,,False,
2025-04-20T21:00:00.000Z,TR,Turkey,TR,341.0,402.0,,46.0,,False,
2025-04-20T22:00:00.000Z,TR,Turkey,TR,347.0,407.0,,46.0,,False,
2025-04-20T23:00:00.000Z,TR,Turkey,TR,354.0,413.0,,46.0,,False,
2025-04-21T00:00:00.000Z,TR,Turkey,TR,357.0,416.0,,46.0,,False,
2025-04-21T01:00:00.000Z,TR,Turkey,TR,363.0,423.0,,44.0,,False,
2025-04-21T02:00:00.000Z,TR,Turkey,TR,363.0,424.0,,44.0,,False,
2025-04-21T03:00:00.000Z,TR,Turkey,TR,368.0,429.0,,44.0,,False,
2025-04-21T04:00:00.000Z,TR,Turkey,TR,355.0,414.0,,46.0,,False,
2025-04-21T05:00:00.000Z,TR,Turkey,TR,332.0,390.0,,49.0,,False,
2025-04-21T06:00:00.000Z,TR,Turkey,TR,343.0,401.0,,48.0,,False,
2025-04-21T07:00:00.000Z,TR,Turkey,TR,340.0,398.0,,49.0,,False,
2025-04-21T08:00:00.000Z,TR,Turkey,TR,342.0,399.0,,49.0,,False,
2025-04-21T09:00:00.000Z,TR,Turkey,TR,339.0,396.0,,49.0,,False,
2025-04-21T10:00:00.000Z,TR,Turkey,TR,330.0,386.0,,50.0,,False,
2025-04-21T11:00:00.000Z,TR,Turkey,TR,333.0,389.0,,50.0,,False,
2025-04-21T12:00:00.000Z,TR,Turkey,TR,327.0,382.0,,50.0,,False,
2025-04-21T13:00:00.000Z,TR,Turkey,TR,318.0,373.0,,51.0,,False,
2025-04-21T14:00:00.000Z,TR,Turkey,TR,323.0,383.0,,47.0,,False,
2025-04-21T15:00:00.000Z,TR,Turkey,TR,325.0,387.0,,45.0,,False,
2025-04-21T16:00:00.000Z,TR,Turkey,TR,315.0,378.0,,46.0,,False,
2025-04-21T17:00:00.000Z,TR,Turkey,TR,307.0,369.0,,47.0,,False,
2025-04-21T18:00:00.000Z,TR,Turkey,TR,314.0,376.0,,47.0,,False,
2025-04-21T19:00:00.000Z,TR,Turkey,TR,327.0,391.0,,44.0,,False,
2025-04-21T20:00:00.000Z,TR,Turkey,TR,339.0,404.0,,43.0,,False,
2025-04-21T21:00:00.000Z,TR,Turkey,TR,353.0,418.0,,41.0,,False,
2025-04-21T22:00:00.000Z,TR,Turkey,TR,356.0,419.0,,42.0,,False,
2025-04-21T23:00:00.000Z,TR,Turkey,TR,362.0,426.0,,41.0,,False,
2025-04-22T00:00:00.000Z,TR,Turkey,TR,367.0,432.0,,41.0,,False,
2025-04-22T01:00:00.000Z,TR,Turkey,TR,367.0,432.0,,41.0,,False,
2025-04-22T02:00:00.000Z,TR,Turkey,TR,371.0,436.0,,40.0,,False,
2025-04-22T03:00:00.000Z,TR,Turkey,TR,372.0,435.0,,41.0,,False,
2025-04-22T04:00:00.000Z,TR,Turkey,TR,353.0,410.0,,47.0,,False,
2025-04-22T05:00:00.000Z,TR,Turkey,TR,338.0,395.0,,48.0,,False,
2025-04-22T06:00:00.000Z,TR,Turkey,TR,337.0,394.0,,49.0,,False,
2025-04-22T07:00:00.000Z,TR,Turkey,TR,322.0,379.0,,51.0,,False,
2025-04-22T08:00:00.000Z,TR,Turkey,TR,311.0,367.0,,53.0,,False,
2025-04-22T09:00:00.000Z,TR,Turkey,TR,308.0,364.0,,53.0,,False,
2025-04-22T10:00:00.000Z,TR,Turkey,TR,301.0,356.0,,54.0,,False,
2025-04-22T11:00:00.000Z,TR,Turkey,TR,320.0,376.0,,51.0,,False,
2025-04-22T12:00:00.000Z,TR,Turkey,TR,314.0,370.0,,51.0,,False,
2025-04-22T13:00:00.000Z,TR,Turkey,TR,305.0,363.0,,51.0,,False,
2025-04-22T14:00:00.000Z,TR,Turkey,TR,318.0,381.0,,46.0,,False,
2025-04-22T15:00:00.000Z,TR,Turkey,TR,320.0,384.0,,45.0,,False,
2025-04-22T16:00:00.000Z,TR,Turkey,TR,309.0,372.0,,46.0,,False,
2025-04-22T17:00:00.000Z,TR,Turkey,TR,306.0,368.0,,47.0,,False,
2025-04-22T18:00:00.000Z,TR,Turkey,TR,301.0,364.0,,47.0,,False,
2025-04-22T19:00:00.000Z,TR,Turkey,TR,329.0,393.0,,43.0,,False,
2025-04-22T20:00:00.000Z,TR,Turkey,TR,340.0,406.0,,42.0,,False,
2025-04-22T21:00:00.000Z,TR,Turkey,TR,355.0,420.0,,41.0,,False,
2025-04-22T22:00:00.000Z,TR,Turkey,TR,357.0,420.0,,42.0,,False,
2025-04-22T23:00:00.000Z,TR,Turkey,TR,359.0,422.0,,43.0,,False,
2025-04-23T00:00:00.000Z,TR,Turkey,TR,358.0,419.0,,44.0,,False,
2025-04-23T01:00:00.000Z,TR,Turkey,TR,361.0,423.0,,43.0,,False,
2025-04-23T02:00:00.000Z,TR,Turkey,TR,364.0,425.0,,43.0,,False,
2025-04-23T03:00:00.000Z,TR,Turkey,TR,365.0,423.0,,45.0,,False,
2025-04-23T04:00:00.000Z,TR,Turkey,TR,347.0,401.0,,50.0,,False,
2025-04-23T05:00:00.000Z,TR,Turkey,TR,320.0,372.0,,54.0,,False,
2025-04-23T06:00:00.000Z,TR,Turkey,TR,308.0,360.0,,55.0,,False,
2025-04-23T07:00:00.000Z,TR,Turkey,TR,290.0,342.0,,57.0,,False,
2025-04-23T08:00:00.000Z,TR,Turkey,TR,285.0,336.0,,58.0,,False,
2025-04-23T09:00:00.000Z,TR,Turkey,TR,281.0,332.0,,59.0,,False,
2025-04-23T10:00:00.000Z,TR,Turkey,TR,290.0,340.0,,59.0,,False,
2025-04-23T11:00:00.000Z,TR,Turkey,TR,283.0,333.0,,59.0,,False,
2025-04-23T12:00:00.000Z,TR,Turkey,TR,275.0,324.0,,60.0,,False,
2025-04-23T13:00:00.000Z,TR,Turkey,TR,279.0,328.0,,59.0,,False,
2025-04-23T14:00:00.000Z,TR,Turkey,TR,305.0,357.0,,54.0,,False,
2025-04-23T15:00:00.000Z,TR,Turkey,TR,313.0,371.0,,49.0,,False,
2025-04-23T16:00:00.000Z,TR,Turkey,TR,314.0,372.0,,49.0,,False,
2025-04-23T17:00:00.000Z,TR,Turkey,TR,310.0,369.0,,49.0,,False,
2025-04-23T18:00:00.000Z,TR,Turkey,TR,317.0,376.0,,48.0,,False,
2025-04-23T19:00:00.000Z,TR,Turkey,TR,322.0,381.0,,48.0,,False,
2025-04-23T20:00:00.000Z,TR,Turkey,TR,332.0,391.0,,47.0,,False,
2025-04-23T21:00:00.000Z,TR,Turkey,TR,333.0,392.0,,47.0,,False,
2025-04-23T22:00:00.000Z,TR,Turkey,TR,345.0,404.0,,46.0,,False,
2025-04-23T23:00:00.000Z,TR,Turkey,TR,355.0,413.0,,46.0,,False,
2025-04-24T00:00:00.000Z,TR,Turkey,TR,357.0,415.0,,46.0,,False,
2025-04-24T01:00:00.000Z,TR,Turkey,TR,354.0,412.0,,46.0,,False,
2025-04-24T02:00:00.000Z,TR,Turkey,TR,355.0,413.0,,46.0,,False,
2025-04-24T03:00:00.000Z,TR,Turkey,TR,353.0,411.0,,46.0,,False,
2025-04-24T04:00:00.000Z,TR,Turkey,TR,332.0,386.0,,50.0,,False,
2025-04-24T05:00:00.000Z,TR,Turkey,TR,316.0,371.0,,52.0,,False,
2025-04-24T06:00:00.000Z,TR,Turkey,TR,311.0,365.0,,52.0,,False,
2025-04-24T07:00:00.000Z,TR,Turkey,TR,303.0,357.0,,53.0,,False,
2025-04-24T08:00:00.000Z,TR,Turkey,TR,307.0,360.0,,53.0,,False,
2025-04-24T09:00:00.000Z,TR,Turkey,TR,308.0,362.0,,53.0,,False,
2025-04-24T10:00:00.000Z,TR,Turkey,TR,300.0,353.0,,54.0,,False,
2025-04-24T11:00:00.000Z,TR,Turkey,TR,301.0,356.0,,52.0,,False,
2025-04-24T12:00:00.000Z,TR,Turkey,TR,303.0,361.0,,51.0,,False,
2025-04-24T13:00:00.000Z,TR,Turkey,TR,298.0,357.0,,50.0,,False,
2025-04-24T14:00:00.000Z,TR,Turkey,TR,310.0,370.0,,48.0,,False,
2025-04-24T15:00:00.000Z,TR,Turkey,TR,318.0,380.0,,46.0,,False,
2025-04-24T16:00:00.000Z,TR,Turkey,TR,314.0,376.0,,47.0,,False,
2025-04-24T17:00:00.000Z,TR,Turkey,TR,311.0,372.0,,47.0,,False,
2025-04-24T18:00:00.000Z,TR,Turkey,TR,317.0,379.0,,46.0,,False,
2025-04-24T19:00:00.000Z,TR,Turkey,TR,326.0,389.0,,45.0,,False,
2025-04-24T20:00:00.000Z,TR,Turkey,TR,333.0,395.0,,45.0,,False,
2025-04-24T21:00:00.000Z,TR,Turkey,TR,336.0,395.0,,46.0,,False,
2025-04-24T22:00:00.000Z,TR,Turkey,TR,345.0,404.0,,46.0,,False,
2025-04-24T23:00:00.000Z,TR,Turkey,TR,350.0,408.0,,46.0,,False,
2025-04-25T00:00:00.000Z,TR,Turkey,TR,353.0,410.0,,46.0,,False,
2025-04-25T01:00:00.000Z,TR,Turkey,TR,354.0,411.0,,46.0,,False,
2025-04-25T02:00:00.000Z,TR,Turkey,TR,358.0,416.0,,46.0,,False,
2025-04-25T03:00:00.000Z,TR,Turkey,TR,362.0,420.0,,45.0,,False,
2025-04-25T04:00:00.000Z,TR,Turkey,TR,344.0,401.0,,48.0,,False,
2025-04-25T05:00:00.000Z,TR,Turkey,TR,323.0,381.0,,49.0,,False,
2025-04-25T06:00:00.000Z,TR,Turkey,TR,323.0,381.0,,49.0,,False,
2025-04-25T07:00:00.000Z,TR,Turkey,TR,326.0,383.0,,49.0,,False,
2025-04-25T08:00:00.000Z,TR,Turkey,TR,324.0,382.0,,49.0,,False,
2025-04-25T09:00:00.000Z,TR,Turkey,TR,336.0,392.0,,49.0,,False,
2025-04-25T10:00:00.000Z,TR,Turkey,TR,325.0,382.0,,50.0,,False,
2025-04-25T11:00:00.000Z,TR,Turkey,TR,326.0,382.0,,50.0,,False,
2025-04-25T12:00:00.000Z,TR,Turkey,TR,326.0,384.0,,48.0,,False,
2025-04-25T13:00:00.000Z,TR,Turkey,TR,307.0,368.0,,49.0,,False,
2025-04-25T14:00:00.000Z,TR,Turkey,TR,311.0,374.0,,47.0,,False,
2025-04-25T15:00:00.000Z,TR,Turkey,TR,322.0,385.0,,45.0,,False,
2025-04-25T16:00:00.000Z,TR,Turkey,TR,314.0,377.0,,46.0,,False,
2025-04-25T17:00:00.000Z,TR,Turkey,TR,306.0,369.0,,47.0,,False,
2025-04-25T18:00:00.000Z,TR,Turkey,TR,312.0,375.0,,46.0,,False,
2025-04-25T19:00:00.000Z,TR,Turkey,TR,324.0,387.0,,45.0,,False,
2025-04-25T20:00:00.000Z,TR,Turkey,TR,340.0,406.0,,42.0,,False,
2025-04-25T21:00:00.000Z,TR,Turkey,TR,347.0,412.0,,42.0,,False,
2025-04-25T22:00:00.000Z,TR,Turkey,TR,354.0,420.0,,41.0,,False,
2025-04-25T23:00:00.000Z,TR,Turkey,TR,357.0,421.0,,42.0,,False,
2025-04-26T00:00:00.000Z,TR,Turkey,TR,360.0,424.0,,42.0,,False,
2025-04-26T01:00:00.000Z,TR,Turkey,TR,355.0,418.0,,43.0,,False,
2025-04-26T02:00:00.000Z,TR,Turkey,TR,350.0,413.0,,44.0,,False,
2025-04-26T03:00:00.000Z,TR,Turkey,TR,349.0,411.0,,45.0,,False,
2025-04-26T04:00:00.000Z,TR,Turkey,TR,341.0,398.0,,49.0,,False,
2025-04-26T05:00:00.000Z,TR,Turkey,TR,332.0,390.0,,49.0,,False,
2025-04-26T06:00:00.000Z,TR,Turkey,TR,329.0,386.0,,50.0,,False,
2025-04-26T07:00:00.000Z,TR,Turkey,TR,322.0,377.0,,51.0,,False,
2025-04-26T08:00:00.000Z,TR,Turkey,TR,318.0,373.0,,51.0,,False,
2025-04-26T09:00:00.000Z,TR,Turkey,TR,316.0,372.0,,51.0,,False,
2025-04-26T10:00:00.000Z,TR,Turkey,TR,311.0,366.0,,52.0,,False,
2025-04-26T11:00:00.000Z,TR,Turkey,TR,315.0,369.0,,52.0,,False,
2025-04-26T12:00:00.000Z,TR,Turkey,TR,314.0,368.0,,52.0,,False,
2025-04-26T13:00:00.000Z,TR,Turkey,TR,300.0,355.0,,53.0,,False,
2025-04-26T14:00:00.000Z,TR,Turkey,TR,308.0,366.0,,50.0,,False,
2025-04-26T15:00:00.000Z,TR,Turkey,TR,305.0,365.0,,49.0,,False,
2025-04-26T16:00:00.000Z,TR,Turkey,TR,291.0,350.0,,51.0,,False,
2025-04-26T17:00:00.000Z,TR,Turkey,TR,285.0,343.0,,52.0,,False,
2025-04-26T18:00:00.000Z,TR,Turkey,TR,289.0,346.0,,52.0,,False,
2025-04-26T19:00:00.000Z,TR,Turkey,TR,297.0,356.0,,51.0,,False,
2025-04-26T20:00:00.000Z,TR,Turkey,TR,309.0,369.0,,48.0,,False,
2025-04-26T21:00:00.000Z,TR,Turkey,TR,312.0,372.0,,49.0,,False,
2025-04-26T22:00:00.000Z,TR,Turkey,TR,315.0,373.0,,49.0,,False,
2025-04-26T23:00:00.000Z,TR,Turkey,TR,314.0,371.0,,51.0,,False,
2025-04-27T00:00:00.000Z,TR,Turkey,TR,298.0,352.0,,54.0,,False,
2025-04-27T01:00:00.000Z,TR,Turkey,TR,291.0,344.0,,56.0,,False,
2025-04-27T02:00:00.000Z,TR,Turkey,TR,285.0,336.0,,57.0,,False,
2025-04-27T03:00:00.000Z,TR,Turkey,TR,260.0,310.0,,61.0,,False,
2025-04-27T04:00:00.000Z,TR,Turkey,TR,239.0,288.0,,64.0,,False,
2025-04-27T05:00:00.000Z,TR,Turkey,TR,248.0,298.0,,63.0,,False,
2025-04-27T06:00:00.000Z,TR,Turkey,TR,266.0,317.0,,61.0,,False,
2025-04-27T07:00:00.000Z,TR,Turkey,TR,263.0,315.0,,61.0,,False,
2025-04-27T08:00:00.000Z,TR,Turkey,TR,259.0,309.0,,61.0,,False,
2025-04-27T09:00:00.000Z,TR,Turkey,TR,255.0,304.0,,62.0,,False,
2025-04-27T10:00:00.000Z,TR,Turkey,TR,244.0,292.0,,63.0,,False,
2025-04-27T11:00:00.000Z,TR,Turkey,TR,245.0,292.0,,63.0,,False,
2025-04-27T12:00:00.000Z,TR,Turkey,TR,232.0,278.0,,65.0,,False,
2025-04-27T13:00:00.000Z,TR,Turkey,TR,211.0,254.0,,68.0,,False,
2025-04-27T14:00:00.000Z,TR,Turkey,TR,199.0,242.0,,69.0,,False,
2025-04-27T15:00:00.000Z,TR,Turkey,TR,218.0,263.0,,66.0,,False,
2025-04-27T16:00:00.000Z,TR,Turkey,TR,242.0,289.0,,63.0,,False,
2025-04-27T17:00:00.000Z,TR,Turkey,TR,237.0,284.0,,63.0,,False,
2025-04-27T18:00:00.000Z,TR,Turkey,TR,236.0,282.0,,64.0,,False,
2025-04-27T19:00:00.000Z,TR,Turkey,TR,223.0,267.0,,66.0,,False,
2025-04-27T20:00:00.000Z,TR,Turkey,TR,213.0,256.0,,68.0,,False,
2025-04-27T21:00:00.000Z,TR,Turkey,TR,221.0,265.0,,67.0,,False,
2025-04-27T22:00:00.000Z,TR,Turkey,TR,209.0,252.0,,69.0,,False,
2025-04-27T23:00:00.000Z,TR,Turkey,TR,207.0,250.0,,69.0,,False,
2025-04-28T00:00:00.000Z,TR,Turkey,TR,207.0,250.0,,69.0,,False,
2025-04-28T01:00:00.000Z,TR,Turkey,TR,207.0,250.0,,69.0,,False,
2025-04-28T02:00:00.000Z,TR,Turkey,TR,211.0,254.0,,69.0,,False,
2025-04-28T03:00:00.000Z,TR,Turkey,TR,218.0,262.0,,67.0,,False,
2025-04-28T04:00:00.000Z,TR,Turkey,TR,219.0,263.0,,67.0,,False,
2025-04-28T05:00:00.000Z,TR,Turkey,TR,199.0,242.0,,70.0,,False,
2025-04-28T06:00:00.000Z,TR,Turkey,TR,198.0,240.0,,70.0,,False,
2025-04-28T07:00:00.000Z,TR,Turkey,TR,206.0,250.0,,68.0,,False,
2025-04-28T08:00:00.000Z,TR,Turkey,TR,201.0,244.0,,70.0,,False,
2025-04-28T09:00:00.000Z,TR,Turkey,TR,218.0,262.0,,67.0,,False,
2025-04-28T10:00:00.000Z,TR,Turkey,TR,213.0,256.0,,68.0,,False,
2025-04-28T11:00:00.000Z,TR,Turkey,TR,205.0,248.0,,69.0,,False,
2025-04-28T12:00:00.000Z,TR,Turkey,TR,207.0,251.0,,68.0,,False,
2025-04-28T13:00:00.000Z,TR,Turkey,TR,201.0,244.0,,69.0,,False,
2025-04-28T14:00:00.000Z,TR,Turkey,TR,226.0,269.0,,66.0,,False,
2025-04-28T15:00:00.000Z,TR,Turkey,TR,245.0,291.0,,63.0,,False,
2025-04-28T16:00:00.000Z,TR,Turkey,TR,241.0,288.0,,62.0,,False,
2025-04-28T17:00:00.000Z,TR,Turkey,TR,232.0,279.0,,64.0,,False,
2025-04-28T18:00:00.000Z,TR,Turkey,TR,238.0,285.0,,63.0,,False,
2025-04-28T19:00:00.000Z,TR,Turkey,TR,247.0,293.0,,62.0,,False,
2025-04-28T20:00:00.000Z,TR,Turkey,TR,240.0,285.0,,64.0,,False,
2025-04-28T21:00:00.000Z,TR,Turkey,TR,237.0,281.0,,65.0,,False,
2025-04-28T22:00:00.000Z,TR,Turkey,TR,240.0,283.0,,65.0,,False,
2025-04-28T23:00:00.000Z,TR,Turkey,TR,237.0,280.0,,66.0,,False,
2025-04-29T00:00:00.000Z,TR,Turkey,TR,231.0,274.0,,67.0,,False,
2025-04-29T01:00:00.000Z,TR,Turkey,TR,224.0,266.0,,68.0,,False,
2025-04-29T02:00:00.000Z,TR,Turkey,TR,238.0,281.0,,66.0,,False,
2025-04-29T03:00:00.000Z,TR,Turkey,TR,222.0,264.0,,68.0,,False,
2025-04-29T04:00:00.000Z,TR,Turkey,TR,217.0,259.0,,69.0,,False,
2025-04-29T05:00:00.000Z,TR,Turkey,TR,224.0,267.0,,67.0,,False,
2025-04-29T06:00:00.000Z,TR,Turkey,TR,233.0,276.0,,66.0,,False,
2025-04-29T07:00:00.000Z,TR,Turkey,TR,212.0,254.0,,69.0,,False,
2025-04-29T08:00:00.000Z,TR,Turkey,TR,228.0,272.0,,66.0,,False,
2025-04-29T09:00:00.000Z,TR,Turkey,TR,230.0,274.0,,66.0,,False,
2025-04-29T10:00:00.000Z,TR,Turkey,TR,210.0,253.0,,68.0,,False,
2025-04-29T11:00:00.000Z,TR,Turkey,TR,213.0,255.0,,68.0,,False,
2025-04-29T12:00:00.000Z,TR,Turkey,TR,229.0,273.0,,66.0,,False,
2025-04-29T13:00:00.000Z,TR,Turkey,TR,244.0,288.0,,64.0,,False,
2025-04-29T14:00:00.000Z,TR,Turkey,TR,244.0,291.0,,62.0,,False,
2025-04-29T15:00:00.000Z,TR,Turkey,TR,259.0,309.0,,59.0,,False,
2025-04-29T16:00:00.000Z,TR,Turkey,TR,253.0,303.0,,59.0,,False,
2025-04-29T17:00:00.000Z,TR,Turkey,TR,248.0,298.0,,60.0,,False,
2025-04-29T18:00:00.000Z,TR,Turkey,TR,252.0,302.0,,60.0,,False,
2025-04-29T19:00:00.000Z,TR,Turkey,TR,256.0,306.0,,60.0,,False,
2025-04-29T20:00:00.000Z,TR,Turkey,TR,262.0,311.0,,60.0,,False,
2025-04-29T21:00:00.000Z,TR,Turkey,TR,264.0,311.0,,61.0,,False,
2025-04-29T22:00:00.000Z,TR,Turkey,TR,274.0,321.0,,60.0,,False,
2025-04-29T23:00:00.000Z,TR,Turkey,TR,277.0,324.0,,60.0,,False,
2025-04-30T00:00:00.000Z,TR,Turkey,TR,281.0,328.0,,59.0,,False,
2025-04-30T01:00:00.000Z,TR,Turkey,TR,272.0,319.0,,60.0,,False,
2025-04-30T02:00:00.000Z,TR,Turkey,TR,283.0,331.0,,59.0,,False,
2025-04-30T03:00:00.000Z,TR,Turkey,TR,267.0,314.0,,61.0,,False,
2025-04-30T04:00:00.000Z,TR,Turkey,TR,270.0,317.0,,60.0,,False,
2025-04-30T05:00:00.000Z,TR,Turkey,TR,264.0,311.0,,61.0,,False,
2025-04-30T06:00:00.000Z,TR,Turkey,TR,265.0,311.0,,61.0,,False,
2025-04-30T07:00:00.000Z,TR,Turkey,TR,248.0,294.0,,63.0,,False,
2025-04-30T08:00:00.000Z,TR,Turkey,TR,244.0,289.0,,64.0,,False,
2025-04-30T09:00:00.000Z,TR,Turkey,TR,245.0,291.0,,63.0,,False,
2025-04-30T10:00:00.000Z,TR,Turkey,TR,237.0,282.0,,65.0,,False,
2025-04-30T11:00:00.000Z,TR,Turkey,TR,240.0,285.0,,64.0,,False,
2025-04-30T12:00:00.000Z,TR,Turkey,TR,252.0,297.0,,62.0,,False,
2025-04-30T13:00:00.000Z,TR,Turkey,TR,254.0,300.0,,62.0,,False,
2025-04-30T14:00:00.000Z,TR,Turkey,TR,258.0,306.0,,60.0,,False,
2025-04-30T15:00:00.000Z,TR,Turkey,TR,265.0,316.0,,58.0,,False,
2025-04-30T16:00:00.000Z,TR,Turkey,TR,260.0,311.0,,58.0,,False,
2025-04-30T17:00:00.000Z,TR,Turkey,TR,254.0,305.0,,59.0,,False,
2025-04-30T18:00:00.000Z,TR,Turkey,TR,259.0,310.0,,58.0,,False,
2025-04-30T19:00:00.000Z,TR,Turkey,TR,255.0,304.0,,60.0,,False,
2025-04-30T20:00:00.000Z,TR,Turkey,TR,246.0,293.0,,62.0,,False,
2025-04-30T21:00:00.000Z,TR,Turkey,TR,221.0,265.0,,66.0,,False,
2025-04-30T22:00:00.000Z,TR,Turkey,TR,224.0,268.0,,67.0,,False,
2025-04-30T23:00:00.000Z,TR,Turkey,TR,223.0,266.0,,67.0,,False,
2025-05-01T00:00:00.000Z,TR,Turkey,TR,220.0,263.0,,68.0,,False,
2025-05-01T01:00:00.000Z,TR,Turkey,TR,221.0,264.0,,68.0,,False,
2025-05-01T02:00:00.000Z,TR,Turkey,TR,223.0,265.0,,68.0,,False,
2025-05-01T03:00:00.000Z,TR,Turkey,TR,220.0,263.0,,68.0,,False,
2025-05-01T04:00:00.000Z,TR,Turkey,TR,209.0,252.0,,69.0,,False,
2025-05-01T05:00:00.000Z,TR,Turkey,TR,203.0,245.0,,70.0,,False,
2025-05-01T06:00:00.000Z,TR,Turkey,TR,199.0,241.0,,71.0,,False,
2025-05-01T07:00:00.000Z,TR,Turkey,TR,191.0,232.0,,72.0,,False,
2025-05-01T08:00:00.000Z,TR,Turkey,TR,191.0,232.0,,72.0,,False,
2025-05-01T09:00:00.000Z,TR,Turkey,TR,197.0,238.0,,71.0,,False,
2025-05-01T10:00:00.000Z,TR,Turkey,TR,192.0,233.0,,72.0,,False,
2025-05-01T11:00:00.000Z,TR,Turkey,TR,197.0,239.0,,70.0,,False,
2025-05-01T12:00:00.000Z,TR,Turkey,TR,204.0,248.0,,69.0,,False,
2025-05-01T13:00:00.000Z,TR,Turkey,TR,204.0,246.0,,69.0,,False,
2025-05-01T14:00:00.000Z,TR,Turkey,TR,216.0,260.0,,67.0,,False,
2025-05-01T15:00:00.000Z,TR,Turkey,TR,236.0,284.0,,62.0,,False,
2025-05-01T16:00:00.000Z,TR,Turkey,TR,246.0,299.0,,59.0,,False,
2025-05-01T17:00:00.000Z,TR,Turkey,TR,241.0,293.0,,60.0,,False,
2025-05-01T18:00:00.000Z,TR,Turkey,TR,241.0,292.0,,60.0,,False,
2025-05-01T19:00:00.000Z,TR,Turkey,TR,247.0,300.0,,60.0,,False,
2025-05-01T20:00:00.000Z,TR,Turkey,TR,257.0,310.0,,58.0,,False,
2025-05-01T21:00:00.000Z,TR,Turkey,TR,263.0,315.0,,58.0,,False,
2025-05-01T22:00:00.000Z,TR,Turkey,TR,274.0,327.0,,57.0,,False,
2025-05-01T23:00:00.000Z,TR,Turkey,TR,281.0,336.0,,55.0,,False,
2025-05-02T00:00:00.000Z,TR,Turkey,TR,282.0,336.0,,56.0,,False,
2025-05-02T01:00:00.000Z,TR,Turkey,TR,280.0,333.0,,56.0,,False,
2025-05-02T02:00:00.000Z,TR,Turkey,TR,286.0,340.0,,55.0,,False,
2025-05-02T03:00:00.000Z,TR,Turkey,TR,283.0,336.0,,56.0,,False,
2025-05-02T04:00:00.000Z,TR,Turkey,TR,261.0,314.0,,59.0,,False,
2025-05-02T05:00:00.000Z,TR,Turkey,TR,246.0,297.0,,61.0,,False,
2025-05-02T06:00:00.000Z,TR,Turkey,TR,248.0,299.0,,61.0,,False,
2025-05-02T07:00:00.000Z,TR,Turkey,TR,231.0,281.0,,63.0,,False,
2025-05-02T08:00:00.000Z,TR,Turkey,TR,231.0,281.0,,63.0,,False,
2025-05-02T09:00:00.000Z,TR,Turkey,TR,232.0,280.0,,64.0,,False,
2025-05-02T10:00:00.000Z,TR,Turkey,TR,221.0,268.0,,65.0,,False,
2025-05-02T11:00:00.000Z,TR,Turkey,TR,217.0,263.0,,66.0,,False,
2025-05-02T12:00:00.000Z,TR,Turkey,TR,234.0,280.0,,64.0,,False,
2025-05-02T13:00:00.000Z,TR,Turkey,TR,230.0,277.0,,64.0,,False,
2025-05-02T14:00:00.000Z,TR,Turkey,TR,232.0,282.0,,62.0,,False,
2025-05-02T15:00:00.000Z,TR,Turkey,TR,233.0,284.0,,61.0,,False,
2025-05-02T16:00:00.000Z,TR,Turkey,TR,233.0,285.0,,60.0,,False,
2025-05-02T17:00:00.000Z,TR,Turkey,TR,231.0,283.0,,60.0,,False,
2025-05-02T18:00:00.000Z,TR,Turkey,TR,233.0,285.0,,60.0,,False,
2025-05-02T19:00:00.000Z,TR,Turkey,TR,233.0,284.0,,61.0,,False,
2025-05-02T20:00:00.000Z,TR,Turkey,TR,238.0,289.0,,61.0,,False,
2025-05-02T21:00:00.000Z,TR,Turkey,TR,248.0,299.0,,60.0,,False,
2025-05-02T22:00:00.000Z,TR,Turkey,TR,252.0,304.0,,60.0,,False,
2025-05-02T23:00:00.000Z,TR,Turkey,TR,261.0,313.0,,59.0,,False,
2025-05-03T00:00:00.000Z,TR,Turkey,TR,264.0,315.0,,59.0,,False,
2025-05-03T01:00:00.000Z,TR,Turkey,TR,263.0,314.0,,60.0,,False,
2025-05-03T02:00:00.000Z,TR,Turkey,TR,266.0,316.0,,59.0,,False,
2025-05-03T03:00:00.000Z,TR,Turkey,TR,269.0,319.0,,59.0,,False,
2025-05-03T04:00:00.000Z,TR,Turkey,TR,257.0,307.0,,61.0,,False,
2025-05-03T05:00:00.000Z,TR,Turkey,TR,245.0,295.0,,62.0,,False,
2025-05-03T06:00:00.000Z,TR,Turkey,TR,239.0,288.0,,63.0,,False,
2025-05-03T07:00:00.000Z,TR,Turkey,TR,223.0,272.0,,65.0,,False,
2025-05-03T08:00:00.000Z,TR,Turkey,TR,220.0,269.0,,65.0,,False,
2025-05-03T09:00:00.000Z,TR,Turkey,TR,228.0,278.0,,64.0,,False,
2025-05-03T10:00:00.000Z,TR,Turkey,TR,233.0,283.0,,63.0,,False,
2025-05-03T11:00:00.000Z,TR,Turkey,TR,232.0,283.0,,63.0,,False,
2025-05-03T12:00:00.000Z,TR,Turkey,TR,240.0,292.0,,61.0,,False,
2025-05-03T13:00:00.000Z,TR,Turkey,TR,238.0,290.0,,62.0,,False,
2025-05-03T14:00:00.000Z,TR,Turkey,TR,263.0,316.0,,58.0,,False,
2025-05-03T15:00:00.000Z,TR,Turkey,TR,273.0,331.0,,53.0,,False,
2025-05-03T16:00:00.000Z,TR,Turkey,TR,264.0,321.0,,55.0,,False,
2025-05-03T17:00:00.000Z,TR,Turkey,TR,254.0,310.0,,56.0,,False,
2025-05-03T18:00:00.000Z,TR,Turkey,TR,257.0,314.0,,56.0,,False,
2025-05-03T19:00:00.000Z,TR,Turkey,TR,266.0,324.0,,55.0,,False,
2025-05-03T20:00:00.000Z,TR,Turkey,TR,282.0,342.0,,52.0,,False,
2025-05-03T21:00:00.000Z,TR,Turkey,TR,293.0,354.0,,51.0,,False,
2025-05-03T22:00:00.000Z,TR,Turkey,TR,303.0,364.0,,49.0,,False,
2025-05-03T23:00:00.000Z,TR,Turkey,TR,310.0,370.0,,49.0,,False,
2025-05-04T00:00:00.000Z,TR,Turkey,TR,308.0,368.0,,50.0,,False,
2025-05-04T01:00:00.000Z,TR,Turkey,TR,304.0,363.0,,51.0,,False,
2025-05-04T02:00:00.000Z,TR,Turkey,TR,312.0,371.0,,50.0,,False,
2025-05-04T03:00:00.000Z,TR,Turkey,TR,301.0,359.0,,52.0,,False,
2025-05-04T04:00:00.000Z,TR,Turkey,TR,271.0,325.0,,58.0,,False,
2025-05-04T05:00:00.000Z,TR,Turkey,TR,264.0,319.0,,60.0,,False,
2025-05-04T06:00:00.000Z,TR,Turkey,TR,287.0,343.0,,57.0,,False,
2025-05-04T07:00:00.000Z,TR,Turkey,TR,295.0,352.0,,56.0,,False,
2025-05-04T08:00:00.000Z,TR,Turkey,TR,294.0,351.0,,56.0,,False,
2025-05-04T09:00:00.000Z,TR,Turkey,TR,295.0,352.0,,56.0,,False,
2025-05-04T10:00:00.000Z,TR,Turkey,TR,287.0,342.0,,57.0,,False,
2025-05-04T11:00:00.000Z,TR,Turkey,TR,270.0,324.0,,59.0,,False,
2025-05-04T12:00:00.000Z,TR,Turkey,TR,256.0,309.0,,61.0,,False,
2025-05-04T13:00:00.000Z,TR,Turkey,TR,237.0,288.0,,64.0,,False,
2025-05-04T14:00:00.000Z,TR,Turkey,TR,245.0,297.0,,61.0,,False,
2025-05-04T15:00:00.000Z,TR,Turkey,TR,278.0,334.0,,55.0,,False,
2025-05-04T16:00:00.000Z,TR,Turkey,TR,271.0,329.0,,54.0,,False,
2025-05-04T17:00:00.000Z,TR,Turkey,TR,251.0,307.0,,57.0,,False,
2025-05-04T18:00:00.000Z,TR,Turkey,TR,250.0,305.0,,58.0,,False,
2025-05-04T19:00:00.000Z,TR,Turkey,TR,260.0,316.0,,57.0,,False,
2025-05-04T20:00:00.000Z,TR,Turkey,TR,274.0,332.0,,54.0,,False,
2025-05-04T21:00:00.000Z,TR,Turkey,TR,289.0,349.0,,52.0,,False,
2025-05-04T22:00:00.000Z,TR,Turkey,TR,304.0,364.0,,50.0,,False,
2025-05-04T23:00:00.000Z,TR,Turkey,TR,309.0,368.0,,50.0,,False,
2025-05-05T00:00:00.000Z,TR,Turkey,TR,305.0,362.0,,52.0,,False,
2025-05-05T01:00:00.000Z,TR,Turkey,TR,309.0,366.0,,52.0,,False,
2025-05-05T02:00:00.000Z,TR,Turkey,TR,314.0,372.0,,51.0,,False,
2025-05-05T03:00:00.000Z,TR,Turkey,TR,320.0,377.0,,51.0,,False,
2025-05-05T04:00:00.000Z,TR,Turkey,TR,300.0,357.0,,53.0,,False,
2025-05-05T05:00:00.000Z,TR,Turkey,TR,291.0,348.0,,54.0,,False,
2025-05-05T06:00:00.000Z,TR,Turkey,TR,301.0,358.0,,53.0,,False,
2025-05-05T07:00:00.000Z,TR,Turkey,TR,297.0,354.0,,53.0,,False,
2025-05-05T08:00:00.000Z,TR,Turkey,TR,287.0,344.0,,54.0,,False,
2025-05-05T09:00:00.000Z,TR,Turkey,TR,292.0,349.0,,54.0,,False,
2025-05-05T10:00:00.000Z,TR,Turkey,TR,281.0,337.0,,55.0,,False,
2025-05-05T11:00:00.000Z,TR,Turkey,TR,289.0,345.0,,54.0,,False,
2025-05-05T12:00:00.000Z,TR,Turkey,TR,288.0,345.0,,53.0,,False,
2025-05-05T13:00:00.000Z,TR,Turkey,TR,280.0,337.0,,54.0,,False,
2025-05-05T14:00:00.000Z,TR,Turkey,TR,280.0,339.0,,52.0,,False,
2025-05-05T15:00:00.000Z,TR,Turkey,TR,283.0,345.0,,50.0,,False,
2025-05-05T16:00:00.000Z,TR,Turkey,TR,273.0,334.0,,51.0,,False,
2025-05-05T17:00:00.000Z,TR,Turkey,TR,264.0,324.0,,53.0,,False,
2025-05-05T18:00:00.000Z,TR,Turkey,TR,269.0,329.0,,52.0,,False,
2025-05-05T19:00:00.000Z,TR,Turkey,TR,275.0,335.0,,52.0,,False,
2025-05-05T20:00:00.000Z,TR,Turkey,TR,285.0,346.0,,51.0,,False,
2025-05-05T21:00:00.000Z,TR,Turkey,TR,301.0,362.0,,49.0,,False,
2025-05-05T22:00:00.000Z,TR,Turkey,TR,306.0,366.0,,49.0,,False,
2025-05-05T23:00:00.000Z,TR,Turkey,TR,305.0,364.0,,50.0,,False,
2025-05-06T00:00:00.000Z,TR,Turkey,TR,303.0,360.0,,52.0,,False,
2025-05-06T01:00:00.000Z,TR,Turkey,TR,304.0,362.0,,52.0,,False,
2025-05-06T02:00:00.000Z,TR,Turkey,TR,311.0,369.0,,51.0,,False,
2025-05-06T03:00:00.000Z,TR,Turkey,TR,318.0,375.0,,50.0,,False,
2025-05-06T04:00:00.000Z,TR,Turkey,TR,309.0,365.0,,52.0,,False,
2025-05-06T05:00:00.000Z,TR,Turkey,TR,290.0,344.0,,55.0,,False,
2025-05-06T06:00:00.000Z,TR,Turkey,TR,297.0,352.0,,54.0,,False,
2025-05-06T07:00:00.000Z,TR,Turkey,TR,274.0,329.0,,57.0,,False,
2025-05-06T08:00:00.000Z,TR,Turkey,TR,269.0,324.0,,57.0,,False,
2025-05-06T09:00:00.000Z,TR,Turkey,TR,267.0,322.0,,58.0,,False,
2025-05-06T10:00:00.000Z,TR,Turkey,TR,267.0,321.0,,58.0,,False,
2025-05-06T11:00:00.000Z,TR,Turkey,TR,265.0,318.0,,58.0,,False,
2025-05-06T12:00:00.000Z,TR,Turkey,TR,274.0,328.0,,57.0,,False,
2025-05-06T13:00:00.000Z,TR,Turkey,TR,281.0,336.0,,55.0,,False,
2025-05-06T14:00:00.000Z,TR,Turkey,TR,277.0,335.0,,53.0,,False,
2025-05-06T15:00:00.000Z,TR,Turkey,TR,274.0,333.0,,53.0,,False,
2025-05-06T16:00:00.000Z,TR,Turkey,TR,256.0,314.0,,55.0,,False,
2025-05-06T17:00:00.000Z,TR,Turkey,TR,255.0,312.0,,56.0,,False,
2025-05-06T18:00:00.000Z,TR,Turkey,TR,259.0,316.0,,55.0,,False,
2025-05-06T19:00:00.000Z,TR,Turkey,TR,267.0,324.0,,54.0,,False,
2025-05-06T20:00:00.000Z,TR,Turkey,TR,270.0,327.0,,54.0,,False,
2025-05-06T21:00:00.000Z,TR,Turkey,TR,272.0,328.0,,55.0,,False,
2025-05-06T22:00:00.000Z,TR,Turkey,TR,275.0,329.0,,56.0,,False,
2025-05-06T23:00:00.000Z,TR,Turkey,TR,279.0,332.0,,56.0,,False,
2025-05-07T00:00:00.000Z,TR,Turkey,TR,281.0,334.0,,57.0,,False,
2025-05-07T01:00:00.000Z,TR,Turkey,TR,281.0,333.0,,57.0,,False,
2025-05-07T02:00:00.000Z,TR,Turkey,TR,281.0,332.0,,57.0,,False,
2025-05-07T03:00:00.000Z,TR,Turkey,TR,288.0,340.0,,56.0,,False,
2025-05-07T04:00:00.000Z,TR,Turkey,TR,280.0,331.0,,58.0,,False,
2025-05-07T05:00:00.000Z,TR,Turkey,TR,264.0,315.0,,60.0,,False,
2025-05-07T06:00:00.000Z,TR,Turkey,TR,257.0,308.0,,60.0,,False,
2025-05-07T07:00:00.000Z,TR,Turkey,TR,245.0,296.0,,62.0,,False,
2025-05-07T08:00:00.000Z,TR,Turkey,TR,241.0,291.0,,62.0,,False,
2025-05-07T09:00:00.000Z,TR,Turkey,TR,252.0,302.0,,61.0,,False,
2025-05-07T10:00:00.000Z,TR,Turkey,TR,241.0,290.0,,63.0,,False,
2025-05-07T11:00:00.000Z,TR,Turkey,TR,239.0,288.0,,63.0,,False,
2025-05-07T12:00:00.000Z,TR,Turkey,TR,247.0,296.0,,61.0,,False,
2025-05-07T13:00:00.000Z,TR,Turkey,TR,244.0,293.0,,61.0,,False,
2025-05-07T14:00:00.000Z,TR,Turkey,TR,259.0,313.0,,57.0,,False,
2025-05-07T15:00:00.000Z,TR,Turkey,TR,268.0,325.0,,54.0,,False,
2025-05-07T16:00:00.000Z,TR,Turkey,TR,275.0,334.0,,52.0,,False,
2025-05-07T17:00:00.000Z,TR,Turkey,TR,268.0,327.0,,53.0,,False,
2025-05-07T18:00:00.000Z,TR,Turkey,TR,268.0,328.0,,53.0,,False,
2025-05-07T19:00:00.000Z,TR,Turkey,TR,281.0,342.0,,51.0,,False,
2025-05-07T20:00:00.000Z,TR,Turkey,TR,291.0,352.0,,49.0,,False,
2025-05-07T21:00:00.000Z,TR,Turkey,TR,301.0,363.0,,48.0,,False,
2025-05-07T22:00:00.000Z,TR,Turkey,TR,313.0,376.0,,47.0,,False,
2025-05-07T23:00:00.000Z,TR,Turkey,TR,317.0,378.0,,47.0,,False,
2025-05-08T00:00:00.000Z,TR,Turkey,TR,321.0,382.0,,47.0,,False,
2025-05-08T01:00:00.000Z,TR,Turkey,TR,325.0,387.0,,47.0,,False,
2025-05-08T02:00:00.000Z,TR,Turkey,TR,329.0,391.0,,46.0,,False,
2025-05-08T03:00:00.000Z,TR,Turkey,TR,331.0,391.0,,47.0,,False,
2025-05-08T04:00:00.000Z,TR,Turkey,TR,312.0,370.0,,50.0,,False,
2025-05-08T05:00:00.000Z,TR,Turkey,TR,303.0,363.0,,50.0,,False,
2025-05-08T06:00:00.000Z,TR,Turkey,TR,304.0,364.0,,50.0,,False,
2025-05-08T07:00:00.000Z,TR,Turkey,TR,305.0,364.0,,50.0,,False,
2025-05-08T08:00:00.000Z,TR,Turkey,TR,303.0,361.0,,51.0,,False,
2025-05-08T09:00:00.000Z,TR,Turkey,TR,298.0,355.0,,53.0,,False,
2025-05-08T10:00:00.000Z,TR,Turkey,TR,282.0,338.0,,55.0,,False,
2025-05-08T11:00:00.000Z,TR,Turkey,TR,286.0,341.0,,54.0,,False,
2025-05-08T12:00:00.000Z,TR,Turkey,TR,278.0,334.0,,54.0,,False,
2025-05-08T13:00:00.000Z,TR,Turkey,TR,273.0,330.0,,54.0,,False,
2025-05-08T14:00:00.000Z,TR,Turkey,TR,273.0,333.0,,52.0,,False,
2025-05-08T15:00:00.000Z,TR,Turkey,TR,285.0,346.0,,49.0,,False,
2025-05-08T16:00:00.000Z,TR,Turkey,TR,279.0,340.0,,50.0,,False,
2025-05-08T17:00:00.000Z,TR,Turkey,TR,269.0,329.0,,52.0,,False,
2025-05-08T18:00:00.000Z,TR,Turkey,TR,272.0,332.0,,52.0,,False,
2025-05-08T19:00:00.000Z,TR,Turkey,TR,277.0,336.0,,52.0,,False,
2025-05-08T20:00:00.000Z,TR,Turkey,TR,276.0,336.0,,52.0,,False,
2025-05-08T21:00:00.000Z,TR,Turkey,TR,287.0,347.0,,51.0,,False,
2025-05-08T22:00:00.000Z,TR,Turkey,TR,298.0,356.0,,51.0,,False,
2025-05-08T23:00:00.000Z,TR,Turkey,TR,304.0,362.0,,51.0,,False,
2025-05-09T00:00:00.000Z,TR,Turkey,TR,308.0,366.0,,50.0,,False,
2025-05-09T01:00:00.000Z,TR,Turkey,TR,313.0,372.0,,49.0,,False,
2025-05-09T02:00:00.000Z,TR,Turkey,TR,313.0,372.0,,50.0,,False,
2025-05-09T03:00:00.000Z,TR,Turkey,TR,318.0,377.0,,49.0,,False,
2025-05-09T04:00:00.000Z,TR,Turkey,TR,307.0,364.0,,52.0,,False,
2025-05-09T05:00:00.000Z,TR,Turkey,TR,304.0,363.0,,51.0,,False,
2025-05-09T06:00:00.000Z,TR,Turkey,TR,310.0,369.0,,50.0,,False,
2025-05-09T07:00:00.000Z,TR,Turkey,TR,315.0,374.0,,50.0,,False,
2025-05-09T08:00:00.000Z,TR,Turkey,TR,311.0,369.0,,51.0,,False,
2025-05-09T09:00:00.000Z,TR,Turkey,TR,315.0,374.0,,51.0,,False,
2025-05-09T10:00:00.000Z,TR,Turkey,TR,309.0,367.0,,51.0,,False,
2025-05-09T11:00:00.000Z,TR,Turkey,TR,303.0,361.0,,51.0,,False,
2025-05-09T12:00:00.000Z,TR,Turkey,TR,311.0,373.0,,48.0,,False,
2025-05-09T13:00:00.000Z,TR,Turkey,TR,296.0,357.0,,49.0,,False,
2025-05-09T14:00:00.000Z,TR,Turkey,TR,290.0,353.0,,49.0,,False,
2025-05-09T15:00:00.000Z,TR,Turkey,TR,297.0,361.0,,47.0,,False,
2025-05-09T16:00:00.000Z,TR,Turkey,TR,292.0,354.0,,48.0,,False,
2025-05-09T17:00:00.000Z,TR,Turkey,TR,281.0,342.0,,50.0,,False,
2025-05-09T18:00:00.000Z,TR,Turkey,TR,287.0,349.0,,49.0,,False,
2025-05-09T19:00:00.000Z,TR,Turkey,TR,292.0,354.0,,48.0,,False,
2025-05-09T20:00:00.000Z,TR,Turkey,TR,305.0,367.0,,48.0,,False,
2025-05-09T21:00:00.000Z,TR,Turkey,TR,304.0,364.0,,49.0,,False,
2025-05-09T22:00:00.000Z,TR,Turkey,TR,314.0,373.0,,48.0,,False,
2025-05-09T23:00:00.000Z,TR,Turkey,TR,315.0,373.0,,49.0,,False,
2025-05-10T00:00:00.000Z,TR,Turkey,TR,317.0,374.0,,50.0,,False,
2025-05-10T01:00:00.000Z,TR,Turkey,TR,318.0,375.0,,50.0,,False,
2025-05-10T02:00:00.000Z,TR,Turkey,TR,317.0,372.0,,52.0,,False,
2025-05-10T03:00:00.000Z,TR,Turkey,TR,314.0,366.0,,54.0,,False,
2025-05-10T04:00:00.000Z,TR,Turkey,TR,274.0,324.0,,60.0,,False,
2025-05-10T05:00:00.000Z,TR,Turkey,TR,268.0,316.0,,61.0,,False,
2025-05-10T06:00:00.000Z,TR,Turkey,TR,281.0,329.0,,60.0,,False,
2025-05-10T07:00:00.000Z,TR,Turkey,TR,270.0,318.0,,61.0,,False,
2025-05-10T08:00:00.000Z,TR,Turkey,TR,270.0,318.0,,61.0,,False,
2025-05-10T09:00:00.000Z,TR,Turkey,TR,260.0,307.0,,62.0,,False,
2025-05-10T10:00:00.000Z,TR,Turkey,TR,256.0,304.0,,62.0,,False,
2025-05-10T11:00:00.000Z,TR,Turkey,TR,270.0,319.0,,60.0,,False,
2025-05-10T12:00:00.000Z,TR,Turkey,TR,268.0,316.0,,60.0,,False,
2025-05-10T13:00:00.000Z,TR,Turkey,TR,259.0,307.0,,61.0,,False,
2025-05-10T14:00:00.000Z,TR,Turkey,TR,267.0,317.0,,59.0,,False,
2025-05-10T15:00:00.000Z,TR,Turkey,TR,273.0,326.0,,57.0,,False,
2025-05-10T16:00:00.000Z,TR,Turkey,TR,269.0,323.0,,56.0,,False,
2025-05-10T17:00:00.000Z,TR,Turkey,TR,261.0,313.0,,58.0,,False,
2025-05-10T18:00:00.000Z,TR,Turkey,TR,266.0,319.0,,57.0,,False,
2025-05-10T19:00:00.000Z,TR,Turkey,TR,274.0,328.0,,56.0,,False,
2025-05-10T20:00:00.000Z,TR,Turkey,TR,279.0,332.0,,56.0,,False,
2025-05-10T21:00:00.000Z,TR,Turkey,TR,285.0,337.0,,56.0,,False,
2025-05-10T22:00:00.000Z,TR,Turkey,TR,290.0,343.0,,55.0,,False,
2025-05-10T23:00:00.000Z,TR,Turkey,TR,303.0,356.0,,54.0,,False,
2025-05-11T00:00:00.000Z,TR,Turkey,TR,304.0,355.0,,56.0,,False,
2025-05-11T01:00:00.000Z,TR,Turkey,TR,307.0,358.0,,55.0,,False,
2025-05-11T02:00:00.000Z,TR,Turkey,TR,311.0,362.0,,55.0,,False,
2025-05-11T03:00:00.000Z,TR,Turkey,TR,292.0,343.0,,57.0,,False,
2025-05-11T04:00:00.000Z,TR,Turkey,TR,265.0,316.0,,61.0,,False,
2025-05-11T05:00:00.000Z,TR,Turkey,TR,260.0,310.0,,62.0,,False,
2025-05-11T06:00:00.000Z,TR,Turkey,TR,273.0,324.0,,60.0,,False,
2025-05-11T07:00:00.000Z,TR,Turkey,TR,282.0,334.0,,59.0,,False,
2025-05-11T08:00:00.000Z,TR,Turkey,TR,288.0,341.0,,58.0,,False,
2025-05-11T09:00:00.000Z,TR,Turkey,TR,293.0,346.0,,57.0,,False,
2025-05-11T10:00:00.000Z,TR,Turkey,TR,287.0,339.0,,58.0,,False,
2025-05-11T11:00:00.000Z,TR,Turkey,TR,280.0,330.0,,59.0,,False,
2025-05-11T12:00:00.000Z,TR,Turkey,TR,271.0,321.0,,60.0,,False,
2025-05-11T13:00:00.000Z,TR,Turkey,TR,255.0,303.0,,63.0,,False,
2025-05-11T14:00:00.000Z,TR,Turkey,TR,253.0,302.0,,62.0,,False,
2025-05-11T15:00:00.000Z,TR,Turkey,TR,274.0,327.0,,57.0,,False,
2025-05-11T16:00:00.000Z,TR,Turkey,TR,297.0,354.0,,52.0,,False,
2025-05-11T17:00:00.000Z,TR,Turkey,TR,294.0,352.0,,52.0,,False,
2025-05-11T18:00:00.000Z,TR,Turkey,TR,298.0,356.0,,51.0,,False,
2025-05-11T19:00:00.000Z,TR,Turkey,TR,300.0,358.0,,51.0,,False,
2025-05-11T20:00:00.000Z,TR,Turkey,TR,308.0,367.0,,50.0,,False,
2025-05-11T21:00:00.000Z,TR,Turkey,TR,318.0,378.0,,49.0,,False,
2025-05-11T22:00:00.000Z,TR,Turkey,TR,330.0,390.0,,48.0,,False,
2025-05-11T23:00:00.000Z,TR,Turkey,TR,337.0,396.0,,48.0,,False,
2025-05-12T00:00:00.000Z,TR,Turkey,TR,342.0,401.0,,47.0,,False,
2025-05-12T01:00:00.000Z,TR,Turkey,TR,346.0,406.0,,47.0,,False,
2025-05-12T02:00:00.000Z,TR,Turkey,TR,352.0,411.0,,46.0,,False,
2025-05-12T03:00:00.000Z,TR,Turkey,TR,350.0,410.0,,46.0,,False,
2025-05-12T04:00:00.000Z,TR,Turkey,TR,338.0,397.0,,48.0,,False,
2025-05-12T05:00:00.000Z,TR,Turkey,TR,315.0,372.0,,51.0,,False,
2025-05-12T06:00:00.000Z,TR,Turkey,TR,317.0,374.0,,51.0,,False,
2025-05-12T07:00:00.000Z,TR,Turkey,TR,323.0,381.0,,50.0,,False,
2025-05-12T08:00:00.000Z,TR,Turkey,TR,315.0,372.0,,51.0,,False,
2025-05-12T09:00:00.000Z,TR,Turkey,TR,317.0,374.0,,51.0,,False,
2025-05-12T10:00:00.000Z,TR,Turkey,TR,309.0,365.0,,52.0,,False,
2025-05-12T11:00:00.000Z,TR,Turkey,TR,306.0,360.0,,53.0,,False,
2025-05-12T12:00:00.000Z,TR,Turkey,TR,299.0,354.0,,53.0,,False,
2025-05-12T13:00:00.000Z,TR,Turkey,TR,302.0,359.0,,51.0,,False,
2025-05-12T14:00:00.000Z,TR,Turkey,TR,295.0,354.0,,51.0,,False,
2025-05-12T15:00:00.000Z,TR,Turkey,TR,298.0,358.0,,49.0,,False,
2025-05-12T16:00:00.000Z,TR,Turkey,TR,285.0,343.0,,51.0,,False,
2025-05-12T17:00:00.000Z,TR,Turkey,TR,277.0,335.0,,53.0,,False,
2025-05-12T18:00:00.000Z,TR,Turkey,TR,282.0,340.0,,52.0,,False,
2025-05-12T19:00:00.000Z,TR,Turkey,TR,282.0,338.0,,53.0,,False,
2025-05-12T20:00:00.000Z,TR,Turkey,TR,284.0,340.0,,53.0,,False,
2025-05-12T21:00:00.000Z,TR,Turkey,TR,293.0,348.0,,53.0,,False,
2025-05-12T22:00:00.000Z,TR,Turkey,TR,302.0,357.0,,53.0,,False,
2025-05-12T23:00:00.000Z,TR,Turkey,TR,300.0,353.0,,54.0,,False,
2025-05-13T00:00:00.000Z,TR,Turkey,TR,307.0,360.0,,53.0,,False,
2025-05-13T01:00:00.000Z,TR,Turkey,TR,305.0,357.0,,54.0,,False,
2025-05-13T02:00:00.000Z,TR,Turkey,TR,303.0,355.0,,54.0,,False,
2025-05-13T03:00:00.000Z,TR,Turkey,TR,293.0,344.0,,56.0,,False,
2025-05-13T04:00:00.000Z,TR,Turkey,TR,277.0,327.0,,58.0,,False,
2025-05-13T05:00:00.000Z,TR,Turkey,TR,282.0,333.0,,57.0,,False,
2025-05-13T06:00:00.000Z,TR,Turkey,TR,285.0,335.0,,58.0,,False,
2025-05-13T07:00:00.000Z,TR,Turkey,TR,277.0,326.0,,59.0,,False,
2025-05-13T08:00:00.000Z,TR,Turkey,TR,266.0,316.0,,60.0,,False,
2025-05-13T09:00:00.000Z,TR,Turkey,TR,266.0,315.0,,60.0,,False,
2025-05-13T10:00:00.000Z,TR,Turkey,TR,268.0,318.0,,59.0,,False,
2025-05-13T11:00:00.000Z,TR,Turkey,TR,276.0,327.0,,58.0,,False,
2025-05-13T12:00:00.000Z,TR,Turkey,TR,276.0,327.0,,57.0,,False,
2025-05-13T13:00:00.000Z,TR,Turkey,TR,268.0,318.0,,59.0,,False,
2025-05-13T14:00:00.000Z,TR,Turkey,TR,260.0,310.0,,59.0,,False,
2025-05-13T15:00:00.000Z,TR,Turkey,TR,262.0,313.0,,59.0,,False,
2025-05-13T16:00:00.000Z,TR,Turkey,TR,261.0,312.0,,58.0,,False,
2025-05-13T17:00:00.000Z,TR,Turkey,TR,257.0,309.0,,58.0,,False,
2025-05-13T18:00:00.000Z,TR,Turkey,TR,265.0,318.0,,57.0,,False,
2025-05-13T19:00:00.000Z,TR,Turkey,TR,267.0,319.0,,57.0,,False,
2025-05-13T20:00:00.000Z,TR,Turkey,TR,277.0,329.0,,56.0,,False,
2025-05-13T21:00:00.000Z,TR,Turkey,TR,285.0,337.0,,56.0,,False,
2025-05-13T22:00:00.000Z,TR,Turkey,TR,296.0,348.0,,55.0,,False,
2025-05-13T23:00:00.000Z,TR,Turkey,TR,303.0,356.0,,54.0,,False,
2025-05-14T00:00:00.000Z,TR,Turkey,TR,309.0,362.0,,54.0,,False,
2025-05-14T01:00:00.000Z,TR,Turkey,TR,316.0,370.0,,52.0,,False,
2025-05-14T02:00:00.000Z,TR,Turkey,TR,322.0,376.0,,52.0,,False,
2025-05-14T03:00:00.000Z,TR,Turkey,TR,322.0,375.0,,53.0,,False,
2025-05-14T04:00:00.000Z,TR,Turkey,TR,296.0,349.0,,56.0,,False,
2025-05-14T05:00:00.000Z,TR,Turkey,TR,288.0,340.0,,57.0,,False,
2025-05-14T06:00:00.000Z,TR,Turkey,TR,299.0,350.0,,56.0,,False,
2025-05-14T07:00:00.000Z,TR,Turkey,TR,287.0,339.0,,57.0,,False,
2025-05-14T08:00:00.000Z,TR,Turkey,TR,286.0,337.0,,58.0,,False,
2025-05-14T09:00:00.000Z,TR,Turkey,TR,299.0,350.0,,56.0,,False,
2025-05-14T10:00:00.000Z,TR,Turkey,TR,300.0,351.0,,56.0,,False,
2025-05-14T11:00:00.000Z,TR,Turkey,TR,307.0,358.0,,55.0,,False,
2025-05-14T12:00:00.000Z,TR,Turkey,TR,304.0,356.0,,55.0,,False,
2025-05-14T13:00:00.000Z,TR,Turkey,TR,299.0,351.0,,55.0,,False,
2025-05-14T14:00:00.000Z,TR,Turkey,TR,303.0,360.0,,51.0,,False,
2025-05-14T15:00:00.000Z,TR,Turkey,TR,303.0,361.0,,50.0,,False,
2025-05-14T16:00:00.000Z,TR,Turkey,TR,302.0,361.0,,49.0,,False,
2025-05-14T17:00:00.000Z,TR,Turkey,TR,289.0,348.0,,51.0,,False,
2025-05-14T18:00:00.000Z,TR,Turkey,TR,295.0,354.0,,50.0,,False,
2025-05-14T19:00:00.000Z,TR,Turkey,TR,305.0,365.0,,49.0,,False,
2025-05-14T20:00:00.000Z,TR,Turkey,TR,306.0,366.0,,49.0,,False,
2025-05-14T21:00:00.000Z,TR,Turkey,TR,325.0,385.0,,48.0,,False,
2025-05-14T22:00:00.000Z,TR,Turkey,TR,338.0,397.0,,46.0,,False,
2025-05-14T23:00:00.000Z,TR,Turkey,TR,344.0,404.0,,46.0,,False,
2025-05-15T00:00:00.000Z,TR,Turkey,TR,349.0,410.0,,44.0,,False,
2025-05-15T01:00:00.000Z,TR,Turkey,TR,347.0,409.0,,44.0,,False,
2025-05-15T02:00:00.000Z,TR,Turkey,TR,343.0,404.0,,45.0,,False,
2025-05-15T03:00:00.000Z,TR,Turkey,TR,355.0,416.0,,44.0,,False,
2025-05-15T04:00:00.000Z,TR,Turkey,TR,354.0,414.0,,46.0,,False,
2025-05-15T05:00:00.000Z,TR,Turkey,TR,336.0,396.0,,48.0,,False,
2025-05-15T06:00:00.000Z,TR,Turkey,TR,334.0,393.0,,49.0,,False,
2025-05-15T07:00:00.000Z,TR,Turkey,TR,320.0,377.0,,51.0,,False,
2025-05-15T08:00:00.000Z,TR,Turkey,TR,331.0,387.0,,50.0,,False,
2025-05-15T09:00:00.000Z,TR,Turkey,TR,337.0,395.0,,49.0,,False,
2025-05-15T10:00:00.000Z,TR,Turkey,TR,338.0,395.0,,49.0,,False,
2025-05-15T11:00:00.000Z,TR,Turkey,TR,336.0,392.0,,50.0,,False,
2025-05-15T12:00:00.000Z,TR,Turkey,TR,327.0,382.0,,51.0,,False,
2025-05-15T13:00:00.000Z,TR,Turkey,TR,320.0,377.0,,50.0,,False,
2025-05-15T14:00:00.000Z,TR,Turkey,TR,328.0,389.0,,46.0,,False,
2025-05-15T15:00:00.000Z,TR,Turkey,TR,324.0,387.0,,45.0,,False,
2025-05-15T16:00:00.000Z,TR,Turkey,TR,308.0,370.0,,48.0,,False,
2025-05-15T17:00:00.000Z,TR,Turkey,TR,294.0,355.0,,50.0,,False,
2025-05-15T18:00:00.000Z,TR,Turkey,TR,298.0,358.0,,49.0,,False,
2025-05-15T19:00:00.000Z,TR,Turkey,TR,315.0,377.0,,47.0,,False,
2025-05-15T20:00:00.000Z,TR,Turkey,TR,328.0,391.0,,45.0,,False,
2025-05-15T21:00:00.000Z,TR,Turkey,TR,335.0,398.0,,44.0,,False,
2025-05-15T22:00:00.000Z,TR,Turkey,TR,339.0,401.0,,45.0,,False,
2025-05-15T23:00:00.000Z,TR,Turkey,TR,329.0,389.0,,46.0,,False,
2025-05-16T00:00:00.000Z,TR,Turkey,TR,326.0,385.0,,48.0,,False,
2025-05-16T01:00:00.000Z,TR,Turkey,TR,324.0,382.0,,49.0,,False,
2025-05-16T02:00:00.000Z,TR,Turkey,TR,329.0,388.0,,48.0,,False,
2025-05-16T03:00:00.000Z,TR,Turkey,TR,329.0,386.0,,50.0,,False,
2025-05-16T04:00:00.000Z,TR,Turkey,TR,319.0,372.0,,53.0,,False,
2025-05-16T05:00:00.000Z,TR,Turkey,TR,297.0,349.0,,55.0,,False,
2025-05-16T06:00:00.000Z,TR,Turkey,TR,296.0,348.0,,55.0,,False,
2025-05-16T07:00:00.000Z,TR,Turkey,TR,302.0,355.0,,54.0,,False,
2025-05-16T08:00:00.000Z,TR,Turkey,TR,301.0,354.0,,55.0,,False,
2025-05-16T09:00:00.000Z,TR,Turkey,TR,285.0,338.0,,56.0,,False,
2025-05-16T10:00:00.000Z,TR,Turkey,TR,279.0,331.0,,57.0,,False,
2025-05-16T11:00:00.000Z,TR,Turkey,TR,278.0,329.0,,58.0,,False,
2025-05-16T12:00:00.000Z,TR,Turkey,TR,281.0,332.0,,57.0,,False,
2025-05-16T13:00:00.000Z,TR,Turkey,TR,273.0,323.0,,58.0,,False,
2025-05-16T14:00:00.000Z,TR,Turkey,TR,275.0,325.0,,57.0,,False,
2025-05-16T15:00:00.000Z,TR,Turkey,TR,280.0,333.0,,55.0,,False,
2025-05-16T16:00:00.000Z,TR,Turkey,TR,278.0,332.0,,55.0,,False,
2025-05-16T17:00:00.000Z,TR,Turkey,TR,268.0,322.0,,56.0,,False,
2025-05-16T18:00:00.000Z,TR,Turkey,TR,272.0,325.0,,56.0,,False,
2025-05-16T19:00:00.000Z,TR,Turkey,TR,276.0,328.0,,56.0,,False,
2025-05-16T20:00:00.000Z,TR,Turkey,TR,273.0,322.0,,58.0,,False,
2025-05-16T21:00:00.000Z,TR,Turkey,TR,259.0,306.0,,61.0,,False,
2025-05-16T22:00:00.000Z,TR,Turkey,TR,262.0,307.0,,62.0,,False,
2025-05-16T23:00:00.000Z,TR,Turkey,TR,264.0,309.0,,62.0,,False,
2025-05-17T00:00:00.000Z,TR,Turkey,TR,251.0,295.0,,64.0,,False,
2025-05-17T01:00:00.000Z,TR,Turkey,TR,241.0,285.0,,65.0,,False,
2025-05-17T02:00:00.000Z,TR,Turkey,TR,250.0,295.0,,64.0,,False,
2025-05-17T03:00:00.000Z,TR,Turkey,TR,235.0,279.0,,66.0,,False,
2025-05-17T04:00:00.000Z,TR,Turkey,TR,232.0,275.0,,66.0,,False,
2025-05-17T05:00:00.000Z,TR,Turkey,TR,225.0,268.0,,67.0,,False,
2025-05-17T06:00:00.000Z,TR,Turkey,TR,227.0,271.0,,67.0,,False,
2025-05-17T07:00:00.000Z,TR,Turkey,TR,235.0,279.0,,66.0,,False,
2025-05-17T08:00:00.000Z,TR,Turkey,TR,233.0,278.0,,66.0,,False,
2025-05-17T09:00:00.000Z,TR,Turkey,TR,240.0,285.0,,65.0,,False,
2025-05-17T10:00:00.000Z,TR,Turkey,TR,238.0,283.0,,65.0,,False,
2025-05-17T11:00:00.000Z,TR,Turkey,TR,232.0,277.0,,66.0,,False,
2025-05-17T12:00:00.000Z,TR,Turkey,TR,235.0,280.0,,66.0,,False,
2025-05-17T13:00:00.000Z,TR,Turkey,TR,248.0,294.0,,64.0,,False,
2025-05-17T14:00:00.000Z,TR,Turkey,TR,272.0,323.0,,58.0,,False,
2025-05-17T15:00:00.000Z,TR,Turkey,TR,299.0,356.0,,51.0,,False,
2025-05-17T16:00:00.000Z,TR,Turkey,TR,301.0,361.0,,49.0,,False,
2025-05-17T17:00:00.000Z,TR,Turkey,TR,289.0,348.0,,51.0,,False,
2025-05-17T18:00:00.000Z,TR,Turkey,TR,287.0,346.0,,51.0,,False,
2025-05-17T19:00:00.000Z,TR,Turkey,TR,293.0,353.0,,50.0,,False,
2025-05-17T20:00:00.000Z,TR,Turkey,TR,307.0,368.0,,48.0,,False,
2025-05-17T21:00:00.000Z,TR,Turkey,TR,314.0,375.0,,48.0,,False,
2025-05-17T22:00:00.000Z,TR,Turkey,TR,331.0,393.0,,45.0,,False,
2025-05-17T23:00:00.000Z,TR,Turkey,TR,341.0,404.0,,44.0,,False,
2025-05-18T00:00:00.000Z,TR,Turkey,TR,338.0,398.0,,46.0,,False,
2025-05-18T01:00:00.000Z,TR,Turkey,TR,340.0,400.0,,46.0,,False,
2025-05-18T02:00:00.000Z,TR,Turkey,TR,344.0,404.0,,46.0,,False,
2025-05-18T03:00:00.000Z,TR,Turkey,TR,346.0,403.0,,48.0,,False,
2025-05-18T04:00:00.000Z,TR,Turkey,TR,328.0,382.0,,52.0,,False,
2025-05-18T05:00:00.000Z,TR,Turkey,TR,285.0,337.0,,59.0,,False,
2025-05-18T06:00:00.000Z,TR,Turkey,TR,271.0,323.0,,60.0,,False,
2025-05-18T07:00:00.000Z,TR,Turkey,TR,271.0,323.0,,60.0,,False,
2025-05-18T08:00:00.000Z,TR,Turkey,TR,278.0,329.0,,60.0,,False,
2025-05-18T09:00:00.000Z,TR,Turkey,TR,284.0,336.0,,59.0,,False,
2025-05-18T10:00:00.000Z,TR,Turkey,TR,287.0,339.0,,58.0,,False,
2025-05-18T11:00:00.000Z,TR,Turkey,TR,282.0,333.0,,59.0,,False,
2025-05-18T12:00:00.000Z,TR,Turkey,TR,281.0,331.0,,59.0,,False,
2025-05-18T13:00:00.000Z,TR,Turkey,TR,261.0,310.0,,62.0,,False,
2025-05-18T14:00:00.000Z,TR,Turkey,TR,255.0,304.0,,62.0,,False,
2025-05-18T15:00:00.000Z,TR,Turkey,TR,291.0,346.0,,54.0,,False,
2025-05-18T16:00:00.000Z,TR,Turkey,TR,300.0,357.0,,51.0,,False,
2025-05-18T17:00:00.000Z,TR,Turkey,TR,291.0,349.0,,52.0,,False,
2025-05-18T18:00:00.000Z,TR,Turkey,TR,296.0,353.0,,52.0,,False,
2025-05-18T19:00:00.000Z,TR,Turkey,TR,303.0,361.0,,51.0,,False,
2025-05-18T20:00:00.000Z,TR,Turkey,TR,311.0,369.0,,50.0,,False,
2025-05-18T21:00:00.000Z,TR,Turkey,TR,326.0,385.0,,48.0,,False,
2025-05-18T22:00:00.000Z,TR,Turkey,TR,340.0,399.0,,47.0,,False,
2025-05-18T23:00:00.000Z,TR,Turkey,TR,349.0,409.0,,46.0,,False,
2025-05-19T00:00:00.000Z,TR,Turkey,TR,348.0,406.0,,47.0,,False,
2025-05-19T01:00:00.000Z,TR,Turkey,TR,348.0,406.0,,47.0,,False,
2025-05-19T02:00:00.000Z,TR,Turkey,TR,353.0,410.0,,48.0,,False,
2025-05-19T03:00:00.000Z,TR,Turkey,TR,332.0,388.0,,51.0,,False,
2025-05-19T04:00:00.000Z,TR,Turkey,TR,295.0,349.0,,56.0,,False,
2025-05-19T05:00:00.000Z,TR,Turkey,TR,285.0,338.0,,58.0,,False,
2025-05-19T06:00:00.000Z,TR,Turkey,TR,280.0,333.0,,59.0,,False,
2025-05-19T07:00:00.000Z,TR,Turkey,TR,284.0,338.0,,58.0,,False,
2025-05-19T08:00:00.000Z,TR,Turkey,TR,278.0,331.0,,59.0,,False,
2025-05-19T09:00:00.000Z,TR,Turkey,TR,288.0,342.0,,58.0,,False,
2025-05-19T10:00:00.000Z,TR,Turkey,TR,283.0,336.0,,59.0,,False,
2025-05-19T11:00:00.000Z,TR,Turkey,TR,275.0,327.0,,60.0,,False,
2025-05-19T12:00:00.000Z,TR,Turkey,TR,266.0,317.0,,61.0,,False,
2025-05-19T13:00:00.000Z,TR,Turkey,TR,252.0,301.0,,63.0,,False,
2025-05-19T14:00:00.000Z,TR,Turkey,TR,284.0,336.0,,58.0,,False,
2025-05-19T15:00:00.000Z,TR,Turkey,TR,312.0,369.0,,50.0,,False,
2025-05-19T16:00:00.000Z,TR,Turkey,TR,313.0,373.0,,48.0,,False,
2025-05-19T17:00:00.000Z,TR,Turkey,TR,301.0,360.0,,50.0,,False,
2025-05-19T18:00:00.000Z,TR,Turkey,TR,303.0,362.0,,50.0,,False,
2025-05-19T19:00:00.000Z,TR,Turkey,TR,314.0,375.0,,48.0,,False,
2025-05-19T20:00:00.000Z,TR,Turkey,TR,325.0,386.0,,47.0,,False,
2025-05-19T21:00:00.000Z,TR,Turkey,TR,333.0,393.0,,47.0,,False,
2025-05-19T22:00:00.000Z,TR,Turkey,TR,341.0,401.0,,46.0,,False,
2025-05-19T23:00:00.000Z,TR,Turkey,TR,354.0,415.0,,44.0,,False,
2025-05-20T00:00:00.000Z,TR,Turkey,TR,360.0,422.0,,43.0,,False,
2025-05-20T01:00:00.000Z,TR,Turkey,TR,355.0,416.0,,44.0,,False,
2025-05-20T02:00:00.000Z,TR,Turkey,TR,362.0,424.0,,44.0,,False,
2025-05-20T03:00:00.000Z,TR,Turkey,TR,366.0,426.0,,44.0,,False,
2025-05-20T04:00:00.000Z,TR,Turkey,TR,355.0,414.0,,47.0,,False,
2025-05-20T05:00:00.000Z,TR,Turkey,TR,339.0,398.0,,48.0,,False,
2025-05-20T06:00:00.000Z,TR,Turkey,TR,334.0,392.0,,49.0,,False,
2025-05-20T07:00:00.000Z,TR,Turkey,TR,325.0,382.0,,50.0,,False,
2025-05-20T08:00:00.000Z,TR,Turkey,TR,318.0,375.0,,51.0,,False,
2025-05-20T09:00:00.000Z,TR,Turkey,TR,333.0,390.0,,49.0,,False,
2025-05-20T10:00:00.000Z,TR,Turkey,TR,333.0,390.0,,49.0,,False,
2025-05-20T11:00:00.000Z,TR,Turkey,TR,336.0,394.0,,48.0,,False,
2025-05-20T12:00:00.000Z,TR,Turkey,TR,332.0,389.0,,49.0,,False,
2025-05-20T13:00:00.000Z,TR,Turkey,TR,324.0,383.0,,48.0,,False,
2025-05-20T14:00:00.000Z,TR,Turkey,TR,321.0,383.0,,46.0,,False,
2025-05-20T15:00:00.000Z,TR,Turkey,TR,320.0,383.0,,45.0,,False,
2025-05-20T16:00:00.000Z,TR,Turkey,TR,307.0,369.0,,47.0,,False,
2025-05-20T17:00:00.000Z,TR,Turkey,TR,296.0,356.0,,49.0,,False,
2025-05-20T18:00:00.000Z,TR,Turkey,TR,305.0,367.0,,47.0,,False,
2025-05-20T19:00:00.000Z,TR,Turkey,TR,313.0,376.0,,46.0,,False,
2025-05-20T20:00:00.000Z,TR,Turkey,TR,326.0,389.0,,45.0,,False,
2025-05-20T21:00:00.000Z,TR,Turkey,TR,339.0,404.0,,43.0,,False,
2025-05-20T22:00:00.000Z,TR,Turkey,TR,351.0,417.0,,41.0,,False,
2025-05-20T23:00:00.000Z,TR,Turkey,TR,360.0,426.0,,40.0,,False,
2025-05-21T00:00:00.000Z,TR,Turkey,TR,365.0,431.0,,40.0,,False,
2025-05-21T01:00:00.000Z,TR,Turkey,TR,370.0,437.0,,39.0,,False,
2025-05-21T02:00:00.000Z,TR,Turkey,TR,375.0,442.0,,39.0,,False,
2025-05-21T03:00:00.000Z,TR,Turkey,TR,373.0,438.0,,40.0,,False,
2025-05-21T04:00:00.000Z,TR,Turkey,TR,360.0,420.0,,45.0,,False,
2025-05-21T05:00:00.000Z,TR,Turkey,TR,354.0,415.0,,45.0,,False,
2025-05-21T06:00:00.000Z,TR,Turkey,TR,355.0,416.0,,45.0,,False,
2025-05-21T07:00:00.000Z,TR,Turkey,TR,347.0,406.0,,47.0,,False,
2025-05-21T08:00:00.000Z,TR,Turkey,TR,351.0,411.0,,46.0,,False,
2025-05-21T09:00:00.000Z,TR,Turkey,TR,362.0,423.0,,45.0,,False,
2025-05-21T10:00:00.000Z,TR,Turkey,TR,356.0,418.0,,45.0,,False,
2025-05-21T11:00:00.000Z,TR,Turkey,TR,353.0,412.0,,46.0,,False,
2025-05-21T12:00:00.000Z,TR,Turkey,TR,346.0,406.0,,46.0,,False,
2025-05-21T13:00:00.000Z,TR,Turkey,TR,339.0,402.0,,44.0,,False,
2025-05-21T14:00:00.000Z,TR,Turkey,TR,334.0,399.0,,44.0,,False,
2025-05-21T15:00:00.000Z,TR,Turkey,TR,326.0,391.0,,44.0,,False,
2025-05-21T16:00:00.000Z,TR,Turkey,TR,310.0,373.0,,46.0,,False,
2025-05-21T17:00:00.000Z,TR,Turkey,TR,295.0,356.0,,49.0,,False,
2025-05-21T18:00:00.000Z,TR,Turkey,TR,297.0,358.0,,49.0,,False,
2025-05-21T19:00:00.000Z,TR,Turkey,TR,311.0,374.0,,46.0,,False,
2025-05-21T20:00:00.000Z,TR,Turkey,TR,328.0,393.0,,44.0,,False,
2025-05-21T21:00:00.000Z,TR,Turkey,TR,350.0,417.0,,40.0,,False,
2025-05-21T22:00:00.000Z,TR,Turkey,TR,368.0,438.0,,37.0,,False,
2025-05-21T23:00:00.000Z,TR,Turkey,TR,376.0,445.0,,37.0,,False,
2025-05-22T00:00:00.000Z,TR,Turkey,TR,381.0,451.0,,36.0,,False,
2025-05-22T01:00:00.000Z,TR,Turkey,TR,383.0,453.0,,36.0,,False,
2025-05-22T02:00:00.000Z,TR,Turkey,TR,386.0,457.0,,35.0,,False,
2025-05-22T03:00:00.000Z,TR,Turkey,TR,384.0,452.0,,38.0,,False,
2025-05-22T04:00:00.000Z,TR,Turkey,TR,365.0,427.0,,43.0,,False,
2025-05-22T05:00:00.000Z,TR,Turkey,TR,347.0,408.0,,45.0,,False,
2025-05-22T06:00:00.000Z,TR,Turkey,TR,349.0,411.0,,45.0,,False,
2025-05-22T07:00:00.000Z,TR,Turkey,TR,358.0,419.0,,44.0,,False,
2025-05-22T08:00:00.000Z,TR,Turkey,TR,358.0,420.0,,44.0,,False,
2025-05-22T09:00:00.000Z,TR,Turkey,TR,367.0,428.0,,44.0,,False,
2025-05-22T10:00:00.000Z,TR,Turkey,TR,363.0,424.0,,44.0,,False,
2025-05-22T11:00:00.000Z,TR,Turkey,TR,348.0,409.0,,45.0,,False,
2025-05-22T12:00:00.000Z,TR,Turkey,TR,348.0,412.0,,43.0,,False,
2025-05-22T13:00:00.000Z,TR,Turkey,TR,331.0,395.0,,44.0,,False,
2025-05-22T14:00:00.000Z,TR,Turkey,TR,320.0,384.0,,45.0,,False,
2025-05-22T15:00:00.000Z,TR,Turkey,TR,307.0,370.0,,47.0,,False,
2025-05-22T16:00:00.000Z,TR,Turkey,TR,299.0,361.0,,48.0,,False,
2025-05-22T17:00:00.000Z,TR,Turkey,TR,290.0,351.0,,50.0,,False,
2025-05-22T18:00:00.000Z,TR,Turkey,TR,296.0,358.0,,49.0,,False,
2025-05-22T19:00:00.000Z,TR,Turkey,TR,308.0,371.0,,47.0,,False,
2025-05-22T20:00:00.000Z,TR,Turkey,TR,326.0,392.0,,44.0,,False,
2025-05-22T21:00:00.000Z,TR,Turkey,TR,349.0,417.0,,40.0,,False,
2025-05-22T22:00:00.000Z,TR,Turkey,TR,367.0,436.0,,37.0,,False,
2025-05-22T23:00:00.000Z,TR,Turkey,TR,371.0,440.0,,38.0,,False,
2025-05-23T00:00:00.000Z,TR,Turkey,TR,374.0,442.0,,38.0,,False,
2025-05-23T01:00:00.000Z,TR,Turkey,TR,374.0,442.0,,38.0,,False,
2025-05-23T02:00:00.000Z,TR,Turkey,TR,380.0,448.0,,37.0,,False,
2025-05-23T03:00:00.000Z,TR,Turkey,TR,386.0,454.0,,37.0,,False,
2025-05-23T04:00:00.000Z,TR,Turkey,TR,373.0,437.0,,41.0,,False,
2025-05-23T05:00:00.000Z,TR,Turkey,TR,357.0,422.0,,42.0,,False,
2025-05-23T06:00:00.000Z,TR,Turkey,TR,354.0,418.0,,43.0,,False,
2025-05-23T07:00:00.000Z,TR,Turkey,TR,357.0,420.0,,43.0,,False,
2025-05-23T08:00:00.000Z,TR,Turkey,TR,350.0,409.0,,46.0,,False,
2025-05-23T09:00:00.000Z,TR,Turkey,TR,357.0,416.0,,46.0,,False,
2025-05-23T10:00:00.000Z,TR,Turkey,TR,352.0,411.0,,46.0,,False,
2025-05-23T11:00:00.000Z,TR,Turkey,TR,336.0,395.0,,47.0,,False,
2025-05-23T12:00:00.000Z,TR,Turkey,TR,335.0,397.0,,46.0,,False,
2025-05-23T13:00:00.000Z,TR,Turkey,TR,326.0,388.0,,46.0,,False,
2025-05-23T14:00:00.000Z,TR,Turkey,TR,316.0,379.0,,46.0,,False,
2025-05-23T15:00:00.000Z,TR,Turkey,TR,307.0,370.0,,47.0,,False,
2025-05-23T16:00:00.000Z,TR,Turkey,TR,297.0,358.0,,49.0,,False,
2025-05-23T17:00:00.000Z,TR,Turkey,TR,285.0,345.0,,51.0,,False,
2025-05-23T18:00:00.000Z,TR,Turkey,TR,292.0,352.0,,50.0,,False,
2025-05-23T19:00:00.000Z,TR,Turkey,TR,304.0,365.0,,48.0,,False,
2025-05-23T20:00:00.000Z,TR,Turkey,TR,319.0,382.0,,45.0,,False,
2025-05-23T21:00:00.000Z,TR,Turkey,TR,339.0,405.0,,42.0,,False,
2025-05-23T22:00:00.000Z,TR,Turkey,TR,350.0,416.0,,41.0,,False,
2025-05-23T23:00:00.000Z,TR,Turkey,TR,351.0,416.0,,42.0,,False,
2025-05-24T00:00:00.000Z,TR,Turkey,TR,357.0,423.0,,41.0,,False,
2025-05-24T01:00:00.000Z,TR,Turkey,TR,361.0,427.0,,40.0,,False,
2025-05-24T02:00:00.000Z,TR,Turkey,TR,369.0,435.0,,39.0,,False,
2025-05-24T03:00:00.000Z,TR,Turkey,TR,368.0,431.0,,42.0,,False,
2025-05-24T04:00:00.000Z,TR,Turkey,TR,354.0,413.0,,46.0,,False,
2025-05-24T05:00:00.000Z,TR,Turkey,TR,347.0,406.0,,47.0,,False,
2025-05-24T06:00:00.000Z,TR,Turkey,TR,343.0,401.0,,48.0,,False,
2025-05-24T07:00:00.000Z,TR,Turkey,TR,343.0,399.0,,49.0,,False,
2025-05-24T08:00:00.000Z,TR,Turkey,TR,338.0,394.0,,50.0,,False,
2025-05-24T09:00:00.000Z,TR,Turkey,TR,351.0,408.0,,48.0,,False,
2025-05-24T10:00:00.000Z,TR,Turkey,TR,341.0,397.0,,49.0,,False,
2025-05-24T11:00:00.000Z,TR,Turkey,TR,328.0,383.0,,51.0,,False,
2025-05-24T12:00:00.000Z,TR,Turkey,TR,318.0,372.0,,52.0,,False,
2025-05-24T13:00:00.000Z,TR,Turkey,TR,310.0,365.0,,52.0,,False,
2025-05-24T14:00:00.000Z,TR,Turkey,TR,302.0,359.0,,51.0,,False,
2025-05-24T15:00:00.000Z,TR,Turkey,TR,298.0,356.0,,50.0,,False,
2025-05-24T16:00:00.000Z,TR,Turkey,TR,286.0,344.0,,52.0,,False,
2025-05-24T17:00:00.000Z,TR,Turkey,TR,274.0,329.0,,54.0,,False,
2025-05-24T18:00:00.000Z,TR,Turkey,TR,277.0,333.0,,54.0,,False,
2025-05-24T19:00:00.000Z,TR,Turkey,TR,291.0,348.0,,51.0,,False,
2025-05-24T20:00:00.000Z,TR,Turkey,TR,307.0,366.0,,49.0,,False,
2025-05-24T21:00:00.000Z,TR,Turkey,TR,322.0,381.0,,47.0,,False,
2025-05-24T22:00:00.000Z,TR,Turkey,TR,334.0,394.0,,45.0,,False,
2025-05-24T23:00:00.000Z,TR,Turkey,TR,344.0,405.0,,45.0,,False,
2025-05-25T00:00:00.000Z,TR,Turkey,TR,344.0,403.0,,46.0,,False,
2025-05-25T01:00:00.000Z,TR,Turkey,TR,346.0,404.0,,46.0,,False,
2025-05-25T02:00:00.000Z,TR,Turkey,TR,355.0,413.0,,45.0,,False,
2025-05-25T03:00:00.000Z,TR,Turkey,TR,349.0,405.0,,48.0,,False,
2025-05-25T04:00:00.000Z,TR,Turkey,TR,307.0,359.0,,55.0,,False,
2025-05-25T05:00:00.000Z,TR,Turkey,TR,283.0,333.0,,59.0,,False,
2025-05-25T06:00:00.000Z,TR,Turkey,TR,282.0,332.0,,59.0,,False,
2025-05-25T07:00:00.000Z,TR,Turkey,TR,285.0,336.0,,59.0,,False,
2025-05-25T08:00:00.000Z,TR,Turkey,TR,279.0,329.0,,60.0,,False,
2025-05-25T09:00:00.000Z,TR,Turkey,TR,273.0,322.0,,61.0,,False,
2025-05-25T10:00:00.000Z,TR,Turkey,TR,257.0,304.0,,63.0,,False,
2025-05-25T11:00:00.000Z,TR,Turkey,TR,243.0,289.0,,65.0,,False,
2025-05-25T12:00:00.000Z,TR,Turkey,TR,234.0,278.0,,66.0,,False,
2025-05-25T13:00:00.000Z,TR,Turkey,TR,232.0,276.0,,66.0,,False,
2025-05-25T14:00:00.000Z,TR,Turkey,TR,275.0,326.0,,58.0,,False,
2025-05-25T15:00:00.000Z,TR,Turkey,TR,303.0,360.0,,51.0,,False,
2025-05-25T16:00:00.000Z,TR,Turkey,TR,300.0,359.0,,50.0,,False,
2025-05-25T17:00:00.000Z,TR,Turkey,TR,288.0,346.0,,52.0,,False,
2025-05-25T18:00:00.000Z,TR,Turkey,TR,291.0,348.0,,52.0,,False,
2025-05-25T19:00:00.000Z,TR,Turkey,TR,301.0,360.0,,50.0,,False,
2025-05-25T20:00:00.000Z,TR,Turkey,TR,308.0,365.0,,50.0,,False,
2025-05-25T21:00:00.000Z,TR,Turkey,TR,292.0,345.0,,54.0,,False,
2025-05-25T22:00:00.000Z,TR,Turkey,TR,311.0,363.0,,54.0,,False,
2025-05-25T23:00:00.000Z,TR,Turkey,TR,323.0,376.0,,52.0,,False,
2025-05-26T00:00:00.000Z,TR,Turkey,TR,329.0,383.0,,51.0,,False,
2025-05-26T01:00:00.000Z,TR,Turkey,TR,336.0,391.0,,50.0,,False,
2025-05-26T02:00:00.000Z,TR,Turkey,TR,345.0,401.0,,48.0,,False,
2025-05-26T03:00:00.000Z,TR,Turkey,TR,354.0,411.0,,47.0,,False,
2025-05-26T04:00:00.000Z,TR,Turkey,TR,350.0,410.0,,46.0,,False,
2025-05-26T05:00:00.000Z,TR,Turkey,TR,333.0,395.0,,46.0,,False,
2025-05-26T06:00:00.000Z,TR,Turkey,TR,323.0,385.0,,47.0,,False,
2025-05-26T07:00:00.000Z,TR,Turkey,TR,322.0,383.0,,47.0,,False,
2025-05-26T08:00:00.000Z,TR,Turkey,TR,319.0,380.0,,48.0,,False,
2025-05-26T09:00:00.000Z,TR,Turkey,TR,340.0,403.0,,44.0,,False,
2025-05-26T10:00:00.000Z,TR,Turkey,TR,335.0,398.0,,45.0,,False,
2025-05-26T11:00:00.000Z,TR,Turkey,TR,326.0,389.0,,45.0,,False,
2025-05-26T12:00:00.000Z,TR,Turkey,TR,321.0,383.0,,46.0,,False,
2025-05-26T13:00:00.000Z,TR,Turkey,TR,321.0,384.0,,45.0,,False,
2025-05-26T14:00:00.000Z,TR,Turkey,TR,315.0,378.0,,46.0,,False,
2025-05-26T15:00:00.000Z,TR,Turkey,TR,310.0,372.0,,47.0,,False,
2025-05-26T16:00:00.000Z,TR,Turkey,TR,306.0,368.0,,47.0,,False,
2025-05-26T17:00:00.000Z,TR,Turkey,TR,297.0,358.0,,49.0,,False,
2025-05-26T18:00:00.000Z,TR,Turkey,TR,299.0,359.0,,49.0,,False,
2025-05-26T19:00:00.000Z,TR,Turkey,TR,314.0,377.0,,46.0,,False,
2025-05-26T20:00:00.000Z,TR,Turkey,TR,330.0,394.0,,44.0,,False,
2025-05-26T21:00:00.000Z,TR,Turkey,TR,350.0,417.0,,40.0,,False,
2025-05-26T22:00:00.000Z,TR,Turkey,TR,360.0,428.0,,39.0,,False,
2025-05-26T23:00:00.000Z,TR,Turkey,TR,365.0,432.0,,39.0,,False,
2025-05-27T00:00:00.000Z,TR,Turkey,TR,367.0,434.0,,39.0,,False,
2025-05-27T01:00:00.000Z,TR,Turkey,TR,377.0,445.0,,38.0,,False,
2025-05-27T02:00:00.000Z,TR,Turkey,TR,378.0,445.0,,38.0,,False,
2025-05-27T03:00:00.000Z,TR,Turkey,TR,377.0,442.0,,39.0,,False,
2025-05-27T04:00:00.000Z,TR,Turkey,TR,364.0,427.0,,42.0,,False,
2025-05-27T05:00:00.000Z,TR,Turkey,TR,341.0,402.0,,45.0,,False,
2025-05-27T06:00:00.000Z,TR,Turkey,TR,341.0,401.0,,46.0,,False,
2025-05-27T07:00:00.000Z,TR,Turkey,TR,344.0,403.0,,47.0,,False,
2025-05-27T08:00:00.000Z,TR,Turkey,TR,341.0,399.0,,47.0,,False,
2025-05-27T09:00:00.000Z,TR,Turkey,TR,345.0,404.0,,47.0,,False,
2025-05-27T10:00:00.000Z,TR,Turkey,TR,336.0,395.0,,47.0,,False,
2025-05-27T11:00:00.000Z,TR,Turkey,TR,337.0,396.0,,47.0,,False,
2025-05-27T12:00:00.000Z,TR,Turkey,TR,336.0,396.0,,47.0,,False,
2025-05-27T13:00:00.000Z,TR,Turkey,TR,329.0,390.0,,46.0,,False,
2025-05-27T14:00:00.000Z,TR,Turkey,TR,326.0,389.0,,45.0,,False,
2025-05-27T15:00:00.000Z,TR,Turkey,TR,321.0,385.0,,45.0,,False,
2025-05-27T16:00:00.000Z,TR,Turkey,TR,310.0,373.0,,46.0,,False,
2025-05-27T17:00:00.000Z,TR,Turkey,TR,302.0,365.0,,47.0,,False,
2025-05-27T18:00:00.000Z,TR,Turkey,TR,305.0,368.0,,47.0,,False,
2025-05-27T19:00:00.000Z,TR,Turkey,TR,318.0,383.0,,44.0,,False,
2025-05-27T20:00:00.000Z,TR,Turkey,TR,333.0,398.0,,42.0,,False,
2025-05-27T21:00:00.000Z,TR,Turkey,TR,350.0,417.0,,40.0,,False,
2025-05-27T22:00:00.000Z,TR,Turkey,TR,361.0,428.0,,39.0,,False,
2025-05-27T23:00:00.000Z,TR,Turkey,TR,365.0,431.0,,39.0,,False,
2025-05-28T00:00:00.000Z,TR,Turkey,TR,370.0,437.0,,39.0,,False,
2025-05-28T01:00:00.000Z,TR,Turkey,TR,373.0,440.0,,38.0,,False,
2025-05-28T02:00:00.000Z,TR,Turkey,TR,380.0,446.0,,38.0,,False,
2025-05-28T03:00:00.000Z,TR,Turkey,TR,381.0,446.0,,39.0,,False,
2025-05-28T04:00:00.000Z,TR,Turkey,TR,373.0,438.0,,40.0,,False,
2025-05-28T05:00:00.000Z,TR,Turkey,TR,362.0,426.0,,41.0,,False,
2025-05-28T06:00:00.000Z,TR,Turkey,TR,358.0,421.0,,43.0,,False,
2025-05-28T07:00:00.000Z,TR,Turkey,TR,364.0,426.0,,43.0,,False,
2025-05-28T08:00:00.000Z,TR,Turkey,TR,371.0,434.0,,41.0,,False,
2025-05-28T09:00:00.000Z,TR,Turkey,TR,382.0,445.0,,40.0,,False,
2025-05-28T10:00:00.000Z,TR,Turkey,TR,371.0,434.0,,41.0,,False,
2025-05-28T11:00:00.000Z,TR,Turkey,TR,366.0,429.0,,42.0,,False,
2025-05-28T12:00:00.000Z,TR,Turkey,TR,355.0,418.0,,43.0,,False,
2025-05-28T13:00:00.000Z,TR,Turkey,TR,348.0,413.0,,42.0,,False,
2025-05-28T14:00:00.000Z,TR,Turkey,TR,342.0,408.0,,41.0,,False,
2025-05-28T15:00:00.000Z,TR,Turkey,TR,340.0,406.0,,41.0,,False,
2025-05-28T16:00:00.000Z,TR,Turkey,TR,334.0,399.0,,42.0,,False,
2025-05-28T17:00:00.000Z,TR,Turkey,TR,321.0,386.0,,44.0,,False,
2025-05-28T18:00:00.000Z,TR,Turkey,TR,327.0,392.0,,43.0,,False,
2025-05-28T19:00:00.000Z,TR,Turkey,TR,342.0,408.0,,41.0,,False,
2025-05-28T20:00:00.000Z,TR,Turkey,TR,363.0,431.0,,37.0,,False,
2025-05-28T21:00:00.000Z,TR,Turkey,TR,380.0,449.0,,35.0,,False,
2025-05-28T22:00:00.000Z,TR,Turkey,TR,388.0,457.0,,35.0,,False,
2025-05-28T23:00:00.000Z,TR,Turkey,TR,394.0,462.0,,35.0,,False,
2025-05-29T00:00:00.000Z,TR,Turkey,TR,400.0,468.0,,35.0,,False,
2025-05-29T01:00:00.000Z,TR,Turkey,TR,404.0,473.0,,34.0,,False,
2025-05-29T02:00:00.000Z,TR,Turkey,TR,409.0,477.0,,34.0,,False,
2025-05-29T03:00:00.000Z,TR,Turkey,TR,407.0,474.0,,35.0,,False,
2025-05-29T04:00:00.000Z,TR,Turkey,TR,400.0,465.0,,37.0,,False,
2025-05-29T05:00:00.000Z,TR,Turkey,TR,373.0,436.0,,41.0,,False,
2025-05-29T06:00:00.000Z,TR,Turkey,TR,371.0,433.0,,42.0,,False,
2025-05-29T07:00:00.000Z,TR,Turkey,TR,381.0,443.0,,41.0,,False,
2025-05-29T08:00:00.000Z,TR,Turkey,TR,381.0,443.0,,41.0,,False,
2025-05-29T09:00:00.000Z,TR,Turkey,TR,391.0,454.0,,39.0,,False,
2025-05-29T10:00:00.000Z,TR,Turkey,TR,371.0,434.0,,41.0,,False,
2025-05-29T11:00:00.000Z,TR,Turkey,TR,345.0,406.0,,45.0,,False,
2025-05-29T12:00:00.000Z,TR,Turkey,TR,348.0,409.0,,44.0,,False,
2025-05-29T13:00:00.000Z,TR,Turkey,TR,353.0,416.0,,41.0,,False,
2025-05-29T14:00:00.000Z,TR,Turkey,TR,350.0,415.0,,40.0,,False,
2025-05-29T15:00:00.000Z,TR,Turkey,TR,347.0,413.0,,41.0,,False,
2025-05-29T16:00:00.000Z,TR,Turkey,TR,342.0,407.0,,41.0,,False,
2025-05-29T17:00:00.000Z,TR,Turkey,TR,334.0,398.0,,43.0,,False,
2025-05-29T18:00:00.000Z,TR,Turkey,TR,339.0,405.0,,41.0,,False,
2025-05-29T19:00:00.000Z,TR,Turkey,TR,350.0,416.0,,40.0,,False,
2025-05-29T20:00:00.000Z,TR,Turkey,TR,362.0,429.0,,39.0,,False,
2025-05-29T21:00:00.000Z,TR,Turkey,TR,385.0,453.0,,36.0,,False,
2025-05-29T22:00:00.000Z,TR,Turkey,TR,391.0,459.0,,36.0,,False,
2025-05-29T23:00:00.000Z,TR,Turkey,TR,401.0,468.0,,35.0,,False,
2025-05-30T00:00:00.000Z,TR,Turkey,TR,407.0,474.0,,35.0,,False,
2025-05-30T01:00:00.000Z,TR,Turkey,TR,399.0,463.0,,37.0,,False,
2025-05-30T02:00:00.000Z,TR,Turkey,TR,404.0,467.0,,37.0,,False,
2025-05-30T03:00:00.000Z,TR,Turkey,TR,398.0,460.0,,39.0,,False,
2025-05-30T04:00:00.000Z,TR,Turkey,TR,381.0,441.0,,42.0,,False,
2025-05-30T05:00:00.000Z,TR,Turkey,TR,357.0,415.0,,45.0,,False,
2025-05-30T06:00:00.000Z,TR,Turkey,TR,350.0,407.0,,47.0,,False,
2025-05-30T07:00:00.000Z,TR,Turkey,TR,348.0,406.0,,46.0,,False,
2025-05-30T08:00:00.000Z,TR,Turkey,TR,340.0,395.0,,49.0,,False,
2025-05-30T09:00:00.000Z,TR,Turkey,TR,359.0,413.0,,47.0,,False,
2025-05-30T10:00:00.000Z,TR,Turkey,TR,334.0,388.0,,50.0,,False,
2025-05-30T11:00:00.000Z,TR,Turkey,TR,326.0,380.0,,50.0,,False,
2025-05-30T12:00:00.000Z,TR,Turkey,TR,329.0,383.0,,49.0,,False,
2025-05-30T13:00:00.000Z,TR,Turkey,TR,317.0,371.0,,51.0,,False,
2025-05-30T14:00:00.000Z,TR,Turkey,TR,309.0,363.0,,51.0,,False,
2025-05-30T15:00:00.000Z,TR,Turkey,TR,319.0,373.0,,50.0,,False,
2025-05-30T16:00:00.000Z,TR,Turkey,TR,318.0,374.0,,50.0,,False,
2025-05-30T17:00:00.000Z,TR,Turkey,TR,314.0,370.0,,49.0,,False,
2025-05-30T18:00:00.000Z,TR,Turkey,TR,314.0,370.0,,50.0,,False,
2025-05-30T19:00:00.000Z,TR,Turkey,TR,320.0,375.0,,50.0,,False,
2025-05-30T20:00:00.000Z,TR,Turkey,TR,329.0,384.0,,49.0,,False,
2025-05-30T21:00:00.000Z,TR,Turkey,TR,342.0,397.0,,48.0,,False,
2025-05-30T22:00:00.000Z,TR,Turkey,TR,351.0,406.0,,47.0,,False,
2025-05-30T23:00:00.000Z,TR,Turkey,TR,361.0,416.0,,46.0,,False,
2025-05-31T00:00:00.000Z,TR,Turkey,TR,363.0,417.0,,47.0,,False,
2025-05-31T01:00:00.000Z,TR,Turkey,TR,365.0,419.0,,47.0,,False,
2025-05-31T02:00:00.000Z,TR,Turkey,TR,368.0,421.0,,47.0,,False,
2025-05-31T03:00:00.000Z,TR,Turkey,TR,333.0,385.0,,51.0,,False,
2025-05-31T04:00:00.000Z,TR,Turkey,TR,296.0,345.0,,57.0,,False,
2025-05-31T05:00:00.000Z,TR,Turkey,TR,289.0,337.0,,58.0,,False,
2025-05-31T06:00:00.000Z,TR,Turkey,TR,285.0,332.0,,59.0,,False,
2025-05-31T07:00:00.000Z,TR,Turkey,TR,285.0,333.0,,59.0,,False,
2025-05-31T08:00:00.000Z,TR,Turkey,TR,286.0,334.0,,58.0,,False,
2025-05-31T09:00:00.000Z,TR,Turkey,TR,293.0,342.0,,57.0,,False,
2025-05-31T10:00:00.000Z,TR,Turkey,TR,287.0,336.0,,58.0,,False,
2025-05-31T11:00:00.000Z,TR,Turkey,TR,280.0,327.0,,59.0,,False,
2025-05-31T12:00:00.000Z,TR,Turkey,TR,271.0,318.0,,60.0,,False,
2025-05-31T13:00:00.000Z,TR,Turkey,TR,274.0,320.0,,60.0,,False,
2025-05-31T14:00:00.000Z,TR,Turkey,TR,295.0,342.0,,57.0,,False,
2025-05-31T15:00:00.000Z,TR,Turkey,TR,320.0,371.0,,53.0,,False,
2025-05-31T16:00:00.000Z,TR,Turkey,TR,311.0,363.0,,53.0,,False,
2025-05-31T17:00:00.000Z,TR,Turkey,TR,298.0,349.0,,55.0,,False,
2025-05-31T18:00:00.000Z,TR,Turkey,TR,299.0,350.0,,55.0,,False,
2025-05-31T19:00:00.000Z,TR,Turkey,TR,310.0,362.0,,53.0,,False,
2025-05-31T20:00:00.000Z,TR,Turkey,TR,320.0,372.0,,52.0,,False,
2025-05-31T21:00:00.000Z,TR,Turkey,TR,339.0,393.0,,49.0,,False,
2025-05-31T22:00:00.000Z,TR,Turkey,TR,353.0,408.0,,47.0,,False,
2025-05-31T23:00:00.000Z,TR,Turkey,TR,352.0,406.0,,48.0,,False,
2025-06-01T00:00:00.000Z,TR,Turkey,TR,338.0,389.0,,52.0,,False,
2025-06-01T01:00:00.000Z,TR,Turkey,TR,348.0,398.0,,51.0,,False,
2025-06-01T02:00:00.000Z,TR,Turkey,TR,358.0,410.0,,50.0,,False,
2025-06-01T03:00:00.000Z,TR,Turkey,TR,328.0,379.0,,53.0,,False,
2025-06-01T04:00:00.000Z,TR,Turkey,TR,301.0,351.0,,57.0,,False,
2025-06-01T05:00:00.000Z,TR,Turkey,TR,309.0,360.0,,56.0,,False,
2025-06-01T06:00:00.000Z,TR,Turkey,TR,320.0,371.0,,55.0,,False,
2025-06-01T07:00:00.000Z,TR,Turkey,TR,321.0,373.0,,54.0,,False,
2025-06-01T08:00:00.000Z,TR,Turkey,TR,317.0,368.0,,55.0,,False,
2025-06-01T09:00:00.000Z,TR,Turkey,TR,315.0,367.0,,55.0,,False,
2025-06-01T10:00:00.000Z,TR,Turkey,TR,304.0,354.0,,56.0,,False,
2025-06-01T11:00:00.000Z,TR,Turkey,TR,293.0,343.0,,58.0,,False,
2025-06-01T12:00:00.000Z,TR,Turkey,TR,289.0,338.0,,58.0,,False,
2025-06-01T13:00:00.000Z,TR,Turkey,TR,273.0,320.0,,60.0,,False,
2025-06-01T14:00:00.000Z,TR,Turkey,TR,288.0,337.0,,57.0,,False,
2025-06-01T15:00:00.000Z,TR,Turkey,TR,314.0,367.0,,52.0,,False,
2025-06-01T16:00:00.000Z,TR,Turkey,TR,313.0,369.0,,51.0,,False,
2025-06-01T17:00:00.000Z,TR,Turkey,TR,307.0,364.0,,51.0,,False,
2025-06-01T18:00:00.000Z,TR,Turkey,TR,310.0,367.0,,51.0,,False,
2025-06-01T19:00:00.000Z,TR,Turkey,TR,326.0,384.0,,48.0,,False,
2025-06-01T20:00:00.000Z,TR,Turkey,TR,343.0,402.0,,46.0,,False,
2025-06-01T21:00:00.000Z,TR,Turkey,TR,346.0,403.0,,47.0,,False,
2025-06-01T22:00:00.000Z,TR,Turkey,TR,362.0,420.0,,45.0,,False,
2025-06-01T23:00:00.000Z,TR,Turkey,TR,379.0,438.0,,43.0,,False,
2025-06-02T00:00:00.000Z,TR,Turkey,TR,388.0,447.0,,43.0,,False,
2025-06-02T01:00:00.000Z,TR,Turkey,TR,388.0,446.0,,43.0,,False,
2025-06-02T02:00:00.000Z,TR,Turkey,TR,395.0,451.0,,44.0,,False,
2025-06-02T03:00:00.000Z,TR,Turkey,TR,400.0,457.0,,43.0,,False,
2025-06-02T04:00:00.000Z,TR,Turkey,TR,395.0,453.0,,42.0,,False,
2025-06-02T05:00:00.000Z,TR,Turkey,TR,384.0,442.0,,43.0,,False,
2025-06-02T06:00:00.000Z,TR,Turkey,TR,382.0,440.0,,44.0,,False,
2025-06-02T07:00:00.000Z,TR,Turkey,TR,353.0,411.0,,47.0,,False,
2025-06-02T08:00:00.000Z,TR,Turkey,TR,370.0,426.0,,46.0,,False,
2025-06-02T09:00:00.000Z,TR,Turkey,TR,371.0,428.0,,46.0,,False,
2025-06-02T10:00:00.000Z,TR,Turkey,TR,349.0,405.0,,48.0,,False,
2025-06-02T11:00:00.000Z,TR,Turkey,TR,355.0,410.0,,47.0,,False,
2025-06-02T12:00:00.000Z,TR,Turkey,TR,332.0,388.0,,49.0,,False,
2025-06-02T13:00:00.000Z,TR,Turkey,TR,326.0,381.0,,50.0,,False,
2025-06-02T14:00:00.000Z,TR,Turkey,TR,329.0,386.0,,48.0,,False,
2025-06-02T15:00:00.000Z,TR,Turkey,TR,340.0,399.0,,45.0,,False,
2025-06-02T16:00:00.000Z,TR,Turkey,TR,338.0,398.0,,45.0,,False,
2025-06-02T17:00:00.000Z,TR,Turkey,TR,325.0,385.0,,47.0,,False,
2025-06-02T18:00:00.000Z,TR,Turkey,TR,325.0,384.0,,47.0,,False,
2025-06-02T19:00:00.000Z,TR,Turkey,TR,339.0,400.0,,45.0,,False,
2025-06-02T20:00:00.000Z,TR,Turkey,TR,357.0,419.0,,43.0,,False,
2025-06-02T21:00:00.000Z,TR,Turkey,TR,370.0,432.0,,42.0,,False,
2025-06-02T22:00:00.000Z,TR,Turkey,TR,389.0,451.0,,39.0,,False,
2025-06-02T23:00:00.000Z,TR,Turkey,TR,395.0,458.0,,39.0,,False,
2025-06-03T00:00:00.000Z,TR,Turkey,TR,399.0,461.0,,39.0,,False,
2025-06-03T01:00:00.000Z,TR,Turkey,TR,404.0,465.0,,39.0,,False,
2025-06-03T02:00:00.000Z,TR,Turkey,TR,416.0,478.0,,37.0,,False,
2025-06-03T03:00:00.000Z,TR,Turkey,TR,412.0,472.0,,39.0,,False,
2025-06-03T04:00:00.000Z,TR,Turkey,TR,384.0,442.0,,43.0,,False,
2025-06-03T05:00:00.000Z,TR,Turkey,TR,377.0,434.0,,45.0,,False,
2025-06-03T06:00:00.000Z,TR,Turkey,TR,373.0,429.0,,46.0,,False,
2025-06-03T07:00:00.000Z,TR,Turkey,TR,351.0,406.0,,49.0,,False,
2025-06-03T08:00:00.000Z,TR,Turkey,TR,346.0,400.0,,50.0,,False,
2025-06-03T09:00:00.000Z,TR,Turkey,TR,369.0,425.0,,47.0,,False,
2025-06-03T10:00:00.000Z,TR,Turkey,TR,356.0,411.0,,48.0,,False,
2025-06-03T11:00:00.000Z,TR,Turkey,TR,357.0,411.0,,48.0,,False,
2025-06-03T12:00:00.000Z,TR,Turkey,TR,352.0,405.0,,49.0,,False,
2025-06-03T13:00:00.000Z,TR,Turkey,TR,342.0,395.0,,50.0,,False,
2025-06-03T14:00:00.000Z,TR,Turkey,TR,345.0,402.0,,47.0,,False,
2025-06-03T15:00:00.000Z,TR,Turkey,TR,346.0,405.0,,45.0,,False,
2025-06-03T16:00:00.000Z,TR,Turkey,TR,344.0,404.0,,44.0,,False,
2025-06-03T17:00:00.000Z,TR,Turkey,TR,332.0,392.0,,46.0,,False,
2025-06-03T18:00:00.000Z,TR,Turkey,TR,332.0,392.0,,46.0,,False,
2025-06-03T19:00:00.000Z,TR,Turkey,TR,346.0,406.0,,44.0,,False,
2025-06-03T20:00:00.000Z,TR,Turkey,TR,358.0,417.0,,44.0,,False,
2025-06-03T21:00:00.000Z,TR,Turkey,TR,370.0,430.0,,43.0,,False,
2025-06-03T22:00:00.000Z,TR,Turkey,TR,390.0,451.0,,41.0,,False,
2025-06-03T23:00:00.000Z,TR,Turkey,TR,405.0,466.0,,39.0,,False,
2025-06-04T00:00:00.000Z,TR,Turkey,TR,409.0,469.0,,39.0,,False,
2025-06-04T01:00:00.000Z,TR,Turkey,TR,411.0,471.0,,39.0,,False,
2025-06-04T02:00:00.000Z,TR,Turkey,TR,424.0,483.0,,38.0,,False,
2025-06-04T03:00:00.000Z,TR,Turkey,TR,410.0,470.0,,40.0,,False,
2025-06-04T04:00:00.000Z,TR,Turkey,TR,381.0,440.0,,44.0,,False,
2025-06-04T05:00:00.000Z,TR,Turkey,TR,358.0,414.0,,47.0,,False,
2025-06-04T06:00:00.000Z,TR,Turkey,TR,349.0,406.0,,48.0,,False,
2025-06-04T07:00:00.000Z,TR,Turkey,TR,337.0,393.0,,50.0,,False,
2025-06-04T08:00:00.000Z,TR,Turkey,TR,331.0,387.0,,51.0,,False,
2025-06-04T09:00:00.000Z,TR,Turkey,TR,339.0,395.0,,49.0,,False,
2025-06-04T10:00:00.000Z,TR,Turkey,TR,335.0,390.0,,50.0,,False,
2025-06-04T11:00:00.000Z,TR,Turkey,TR,332.0,385.0,,51.0,,False,
2025-06-04T12:00:00.000Z,TR,Turkey,TR,321.0,374.0,,53.0,,False,
2025-06-04T13:00:00.000Z,TR,Turkey,TR,316.0,368.0,,54.0,,False,
2025-06-04T14:00:00.000Z,TR,Turkey,TR,318.0,371.0,,53.0,,False,
2025-06-04T15:00:00.000Z,TR,Turkey,TR,343.0,398.0,,48.0,,False,
2025-06-04T16:00:00.000Z,TR,Turkey,TR,346.0,403.0,,47.0,,False,
2025-06-04T17:00:00.000Z,TR,Turkey,TR,336.0,393.0,,48.0,,False,
2025-06-04T18:00:00.000Z,TR,Turkey,TR,333.0,389.0,,49.0,,False,
2025-06-04T19:00:00.000Z,TR,Turkey,TR,330.0,384.0,,50.0,,False,
2025-06-04T20:00:00.000Z,TR,Turkey,TR,336.0,390.0,,50.0,,False,
2025-06-04T21:00:00.000Z,TR,Turkey,TR,351.0,404.0,,49.0,,False,
2025-06-04T22:00:00.000Z,TR,Turkey,TR,369.0,422.0,,48.0,,False,
2025-06-04T23:00:00.000Z,TR,Turkey,TR,380.0,434.0,,46.0,,False,
2025-06-05T00:00:00.000Z,TR,Turkey,TR,384.0,439.0,,46.0,,False,
2025-06-05T01:00:00.000Z,TR,Turkey,TR,385.0,440.0,,45.0,,False,
2025-06-05T02:00:00.000Z,TR,Turkey,TR,389.0,445.0,,45.0,,False,
2025-06-05T03:00:00.000Z,TR,Turkey,TR,340.0,395.0,,51.0,,False,
2025-06-05T04:00:00.000Z,TR,Turkey,TR,312.0,366.0,,55.0,,False,
2025-06-05T05:00:00.000Z,TR,Turkey,TR,317.0,373.0,,54.0,,False,
2025-06-05T06:00:00.000Z,TR,Turkey,TR,332.0,389.0,,52.0,,False,
2025-06-05T07:00:00.000Z,TR,Turkey,TR,345.0,405.0,,50.0,,False,
2025-06-05T08:00:00.000Z,TR,Turkey,TR,353.0,412.0,,50.0,,False,
2025-06-05T09:00:00.000Z,TR,Turkey,TR,351.0,410.0,,50.0,,True,TIME_SLICER_AVERAGE
2025-06-05T10:00:00.000Z,TR,Turkey,TR,350.0,409.0,,49.0,,True,TIME_SLICER_AVERAGE
2025-06-05T11:00:00.000Z,TR,Turkey,TR,350.0,410.0,,49.0,,False,
2025-06-05T12:00:00.000Z,TR,Turkey,TR,322.0,378.0,,53.0,,False,
2025-06-05T13:00:00.000Z,TR,Turkey,TR,282.0,333.0,,59.0,,False,
2025-06-05T14:00:00.000Z,TR,Turkey,TR,256.0,304.0,,63.0,,False,
2025-06-05T15:00:00.000Z,TR,Turkey,TR,280.0,328.0,,60.0,,False,
2025-06-05T16:00:00.000Z,TR,Turkey,TR,304.0,353.0,,56.0,,False,
2025-06-05T17:00:00.000Z,TR,Turkey,TR,289.0,336.0,,59.0,,False,
2025-06-05T18:00:00.000Z,TR,Turkey,TR,289.0,337.0,,59.0,,False,
2025-06-05T19:00:00.000Z,TR,Turkey,TR,298.0,346.0,,58.0,,False,
2025-06-05T20:00:00.000Z,TR,Turkey,TR,312.0,361.0,,56.0,,False,
2025-06-05T21:00:00.000Z,TR,Turkey,TR,316.0,365.0,,56.0,,False,
2025-06-05T22:00:00.000Z,TR,Turkey,TR,321.0,370.0,,56.0,,False,
2025-06-05T23:00:00.000Z,TR,Turkey,TR,340.0,391.0,,53.0,,False,
2025-06-06T00:00:00.000Z,TR,Turkey,TR,331.0,381.0,,55.0,,False,
2025-06-06T01:00:00.000Z,TR,Turkey,TR,338.0,389.0,,54.0,,False,
2025-06-06T02:00:00.000Z,TR,Turkey,TR,332.0,383.0,,55.0,,False,
2025-06-06T03:00:00.000Z,TR,Turkey,TR,299.0,349.0,,59.0,,False,
2025-06-06T04:00:00.000Z,TR,Turkey,TR,310.0,362.0,,57.0,,False,
2025-06-06T05:00:00.000Z,TR,Turkey,TR,310.0,362.0,,57.0,,True,TIME_SLICER_AVERAGE
2025-06-06T06:00:00.000Z,TR,Turkey,TR,319.0,371.0,,56.0,,True,TIME_SLICER_AVERAGE
2025-06-06T07:00:00.000Z,TR,Turkey,TR,311.0,361.0,,59.0,,True,TIME_SLICER_AVERAGE
2025-06-06T08:00:00.000Z,TR,Turkey,TR,313.0,363.0,,58.0,,True,TIME_SLICER_AVERAGE
2025-06-06T09:00:00.000Z,TR,Turkey,TR,319.0,369.0,,58.0,,True,TIME_SLICER_AVERAGE
2025-06-06T10:00:00.000Z,TR,Turkey,TR,317.0,367.0,,58.0,,True,TIME_SLICER_AVERAGE
2025-06-06T11:00:00.000Z,TR,Turkey,TR,308.0,357.0,,59.0,,True,TIME_SLICER_AVERAGE
2025-06-06T12:00:00.000Z,TR,Turkey,TR,308.0,359.0,,57.0,,True,TIME_SLICER_AVERAGE
2025-06-06T13:00:00.000Z,TR,Turkey,TR,305.0,355.0,,58.0,,False,
2025-06-06T14:00:00.000Z,TR,Turkey,TR,249.0,294.0,,65.0,,False,
2025-06-06T15:00:00.000Z,TR,Turkey,TR,260.0,305.0,,64.0,,False,
2025-06-06T16:00:00.000Z,TR,Turkey,TR,299.0,346.0,,58.0,,False,
2025-06-06T17:00:00.000Z,TR,Turkey,TR,297.0,343.0,,59.0,,False,
2025-06-06T18:00:00.000Z,TR,Turkey,TR,289.0,334.0,,60.0,,False,
2025-06-06T19:00:00.000Z,TR,Turkey,TR,280.0,325.0,,61.0,,False,
2025-06-06T20:00:00.000Z,TR,Turkey,TR,272.0,318.0,,62.0,,False,
2025-06-06T21:00:00.000Z,TR,Turkey,TR,293.0,340.0,,60.0,,False,
2025-06-06T22:00:00.000Z,TR,Turkey,TR,295.0,343.0,,59.0,,False,
2025-06-06T23:00:00.000Z,TR,Turkey,TR,309.0,358.0,,57.0,,False,
2025-06-07T00:00:00.000Z,TR,Turkey,TR,309.0,358.0,,58.0,,False,
2025-06-07T01:00:00.000Z,TR,Turkey,TR,309.0,357.0,,58.0,,False,
2025-06-07T02:00:00.000Z,TR,Turkey,TR,307.0,356.0,,58.0,,False,
2025-06-07T03:00:00.000Z,TR,Turkey,TR,280.0,328.0,,61.0,,False,
2025-06-07T04:00:00.000Z,TR,Turkey,TR,298.0,349.0,,59.0,,False,
2025-06-07T05:00:00.000Z,TR,Turkey,TR,293.0,344.0,,59.0,,True,TIME_SLICER_AVERAGE
2025-06-07T06:00:00.000Z,TR,Turkey,TR,295.0,347.0,,59.0,,True,TIME_SLICER_AVERAGE
2025-06-07T07:00:00.000Z,TR,Turkey,TR,282.0,333.0,,61.0,,True,TIME_SLICER_AVERAGE
2025-06-07T08:00:00.000Z,TR,Turkey,TR,276.0,328.0,,61.0,,True,TIME_SLICER_AVERAGE
2025-06-07T09:00:00.000Z,TR,Turkey,TR,275.0,327.0,,62.0,,True,TIME_SLICER_AVERAGE
2025-06-07T10:00:00.000Z,TR,Turkey,TR,268.0,318.0,,62.0,,True,TIME_SLICER_AVERAGE
2025-06-07T11:00:00.000Z,TR,Turkey,TR,273.0,322.0,,62.0,,True,TIME_SLICER_AVERAGE
2025-06-07T12:00:00.000Z,TR,Turkey,TR,266.0,314.0,,63.0,,True,TIME_SLICER_AVERAGE
2025-06-07T13:00:00.000Z,TR,Turkey,TR,260.0,308.0,,64.0,,False,
2025-06-07T14:00:00.000Z,TR,Turkey,TR,242.0,287.0,,66.0,,False,
2025-06-07T15:00:00.000Z,TR,Turkey,TR,286.0,332.0,,60.0,,False,
2025-06-07T16:00:00.000Z,TR,Turkey,TR,301.0,347.0,,58.0,,False,
2025-06-07T17:00:00.000Z,TR,Turkey,TR,288.0,333.0,,60.0,,False,
2025-06-07T18:00:00.000Z,TR,Turkey,TR,286.0,331.0,,60.0,,False,
2025-06-07T19:00:00.000Z,TR,Turkey,TR,293.0,339.0,,60.0,,False,
2025-06-07T20:00:00.000Z,TR,Turkey,TR,299.0,346.0,,59.0,,False,
2025-06-07T21:00:00.000Z,TR,Turkey,TR,315.0,363.0,,57.0,,False,
2025-06-07T22:00:00.000Z,TR,Turkey,TR,336.0,386.0,,54.0,,False,
2025-06-07T23:00:00.000Z,TR,Turkey,TR,348.0,399.0,,52.0,,False,
2025-06-08T00:00:00.000Z,TR,Turkey,TR,345.0,396.0,,53.0,,False,
2025-06-08T01:00:00.000Z,TR,Turkey,TR,351.0,402.0,,52.0,,False,
2025-06-08T02:00:00.000Z,TR,Turkey,TR,361.0,414.0,,51.0,,False,
2025-06-08T03:00:00.000Z,TR,Turkey,TR,310.0,361.0,,57.0,,False,
2025-06-08T04:00:00.000Z,TR,Turkey,TR,298.0,350.0,,59.0,,False,
2025-06-08T05:00:00.000Z,TR,Turkey,TR,296.0,348.0,,59.0,,True,TIME_SLICER_AVERAGE
2025-06-08T06:00:00.000Z,TR,Turkey,TR,299.0,351.0,,59.0,,True,TIME_SLICER_AVERAGE
2025-06-08T07:00:00.000Z,TR,Turkey,TR,286.0,339.0,,60.0,,True,TIME_SLICER_AVERAGE
2025-06-08T08:00:00.000Z,TR,Turkey,TR,282.0,335.0,,60.0,,True,TIME_SLICER_AVERAGE
2025-06-08T09:00:00.000Z,TR,Turkey,TR,282.0,336.0,,60.0,,True,TIME_SLICER_AVERAGE
2025-06-08T10:00:00.000Z,TR,Turkey,TR,275.0,327.0,,61.0,,True,TIME_SLICER_AVERAGE
2025-06-08T11:00:00.000Z,TR,Turkey,TR,280.0,332.0,,60.0,,True,TIME_SLICER_AVERAGE
2025-06-08T12:00:00.000Z,TR,Turkey,TR,278.0,330.0,,61.0,,False,
2025-06-08T13:00:00.000Z,TR,Turkey,TR,259.0,307.0,,64.0,,False,
2025-06-08T14:00:00.000Z,TR,Turkey,TR,293.0,342.0,,59.0,,False,
2025-06-08T15:00:00.000Z,TR,Turkey,TR,315.0,366.0,,55.0,,False,
2025-06-08T16:00:00.000Z,TR,Turkey,TR,317.0,369.0,,54.0,,False,
2025-06-08T17:00:00.000Z,TR,Turkey,TR,302.0,354.0,,55.0,,False,
2025-06-08T18:00:00.000Z,TR,Turkey,TR,304.0,355.0,,55.0,,False,
2025-06-08T19:00:00.000Z,TR,Turkey,TR,316.0,369.0,,53.0,,False,
2025-06-08T20:00:00.000Z,TR,Turkey,TR,321.0,375.0,,52.0,,False,
2025-06-08T21:00:00.000Z,TR,Turkey,TR,347.0,405.0,,48.0,,False,
2025-06-08T22:00:00.000Z,TR,Turkey,TR,373.0,432.0,,44.0,,False,
2025-06-08T23:00:00.000Z,TR,Turkey,TR,386.0,446.0,,43.0,,False,
2025-06-09T00:00:00.000Z,TR,Turkey,TR,395.0,454.0,,43.0,,False,
2025-06-09T01:00:00.000Z,TR,Turkey,TR,400.0,458.0,,43.0,,False,
2025-06-09T02:00:00.000Z,TR,Turkey,TR,397.0,452.0,,45.0,,False,
2025-06-09T03:00:00.000Z,TR,Turkey,TR,366.0,420.0,,50.0,,False,
2025-06-09T04:00:00.000Z,TR,Turkey,TR,321.0,375.0,,56.0,,False,
2025-06-09T05:00:00.000Z,TR,Turkey,TR,312.0,366.0,,57.0,,False,
2025-06-09T06:00:00.000Z,TR,Turkey,TR,319.0,374.0,,56.0,,True,TIME_SLICER_AVERAGE
2025-06-09T07:00:00.000Z,TR,Turkey,TR,326.0,382.0,,55.0,,False,
2025-06-09T08:00:00.000Z,TR,Turkey,TR,321.0,376.0,,55.0,,False,
2025-06-09T09:00:00.000Z,TR,Turkey,TR,318.0,372.0,,56.0,,False,
2025-06-09T10:00:00.000Z,TR,Turkey,TR,306.0,358.0,,57.0,,False,
2025-06-09T11:00:00.000Z,TR,Turkey,TR,290.0,341.0,,60.0,,False,
2025-06-09T12:00:00.000Z,TR,Turkey,TR,279.0,328.0,,61.0,,False,
2025-06-09T13:00:00.000Z,TR,Turkey,TR,295.0,343.0,,59.0,,False,
2025-06-09T14:00:00.000Z,TR,Turkey,TR,326.0,376.0,,54.0,,False,
2025-06-09T15:00:00.000Z,TR,Turkey,TR,341.0,393.0,,50.0,,False,
2025-06-09T16:00:00.000Z,TR,Turkey,TR,330.0,383.0,,51.0,,False,
2025-06-09T17:00:00.000Z,TR,Turkey,TR,316.0,368.0,,52.0,,False,
2025-06-09T18:00:00.000Z,TR,Turkey,TR,316.0,367.0,,53.0,,False,
2025-06-09T19:00:00.000Z,TR,Turkey,TR,309.0,359.0,,54.0,,False,
2025-06-09T20:00:00.000Z,TR,Turkey,TR,304.0,354.0,,55.0,,False,
2025-06-09T21:00:00.000Z,TR,Turkey,TR,313.0,360.0,,56.0,,False,
2025-06-09T22:00:00.000Z,TR,Turkey,TR,315.0,362.0,,56.0,,False,
2025-06-09T23:00:00.000Z,TR,Turkey,TR,314.0,362.0,,56.0,,False,
2025-06-10T00:00:00.000Z,TR,Turkey,TR,295.0,341.0,,59.0,,False,
2025-06-10T01:00:00.000Z,TR,Turkey,TR,295.0,342.0,,59.0,,False,
2025-06-10T02:00:00.000Z,TR,Turkey,TR,290.0,336.0,,60.0,,False,
2025-06-10T03:00:00.000Z,TR,Turkey,TR,264.0,309.0,,63.0,,False,
2025-06-10T04:00:00.000Z,TR,Turkey,TR,249.0,294.0,,64.0,,False,
2025-06-10T05:00:00.000Z,TR,Turkey,TR,238.0,283.0,,66.0,,False,
2025-06-10T06:00:00.000Z,TR,Turkey,TR,253.0,297.0,,64.0,,False,
2025-06-10T07:00:00.000Z,TR,Turkey,TR,254.0,299.0,,64.0,,False,
2025-06-10T08:00:00.000Z,TR,Turkey,TR,267.0,312.0,,62.0,,False,
2025-06-10T09:00:00.000Z,TR,Turkey,TR,248.0,293.0,,64.0,,False,
2025-06-10T10:00:00.000Z,TR,Turkey,TR,267.0,312.0,,62.0,,False,
2025-06-10T11:00:00.000Z,TR,Turkey,TR,271.0,317.0,,61.0,,False,
2025-06-10T12:00:00.000Z,TR,Turkey,TR,279.0,325.0,,60.0,,False,
2025-06-10T13:00:00.000Z,TR,Turkey,TR,295.0,341.0,,58.0,,False,
2025-06-10T14:00:00.000Z,TR,Turkey,TR,292.0,337.0,,58.0,,False,
2025-06-10T15:00:00.000Z,TR,Turkey,TR,291.0,337.0,,57.0,,False,
2025-06-10T16:00:00.000Z,TR,Turkey,TR,282.0,329.0,,58.0,,False,
2025-06-10T17:00:00.000Z,TR,Turkey,TR,276.0,323.0,,59.0,,False,
2025-06-10T18:00:00.000Z,TR,Turkey,TR,274.0,320.0,,60.0,,False,
2025-06-10T19:00:00.000Z,TR,Turkey,TR,285.0,331.0,,58.0,,False,
2025-06-10T20:00:00.000Z,TR,Turkey,TR,302.0,351.0,,55.0,,False,
2025-06-10T21:00:00.000Z,TR,Turkey,TR,315.0,366.0,,53.0,,False,
2025-06-10T22:00:00.000Z,TR,Turkey,TR,327.0,378.0,,52.0,,False,
2025-06-10T23:00:00.000Z,TR,Turkey,TR,339.0,392.0,,50.0,,False,
2025-06-11T00:00:00.000Z,TR,Turkey,TR,345.0,398.0,,49.0,,False,
2025-06-11T01:00:00.000Z,TR,Turkey,TR,352.0,404.0,,49.0,,False,
2025-06-11T02:00:00.000Z,TR,Turkey,TR,362.0,415.0,,48.0,,False,
2025-06-11T03:00:00.000Z,TR,Turkey,TR,371.0,423.0,,47.0,,False,
2025-06-11T04:00:00.000Z,TR,Turkey,TR,360.0,412.0,,49.0,,False,
2025-06-11T05:00:00.000Z,TR,Turkey,TR,347.0,399.0,,50.0,,False,
2025-06-11T06:00:00.000Z,TR,Turkey,TR,360.0,413.0,,48.0,,False,
2025-06-11T07:00:00.000Z,TR,Turkey,TR,370.0,424.0,,47.0,,False,
2025-06-11T08:00:00.000Z,TR,Turkey,TR,372.0,426.0,,47.0,,False,
2025-06-11T09:00:00.000Z,TR,Turkey,TR,383.0,438.0,,45.0,,False,
2025-06-11T10:00:00.000Z,TR,Turkey,TR,372.0,426.0,,46.0,,False,
2025-06-11T11:00:00.000Z,TR,Turkey,TR,351.0,405.0,,48.0,,False,
2025-06-11T12:00:00.000Z,TR,Turkey,TR,342.0,396.0,,49.0,,False,
2025-06-11T13:00:00.000Z,TR,Turkey,TR,335.0,391.0,,48.0,,False,
2025-06-11T14:00:00.000Z,TR,Turkey,TR,333.0,391.0,,47.0,,False,
2025-06-11T15:00:00.000Z,TR,Turkey,TR,338.0,398.0,,45.0,,False,
2025-06-11T16:00:00.000Z,TR,Turkey,TR,332.0,391.0,,46.0,,False,
2025-06-11T17:00:00.000Z,TR,Turkey,TR,321.0,380.0,,47.0,,False,
2025-06-11T18:00:00.000Z,TR,Turkey,TR,318.0,376.0,,48.0,,False,
2025-06-11T19:00:00.000Z,TR,Turkey,TR,333.0,392.0,,46.0,,False,
2025-06-11T20:00:00.000Z,TR,Turkey,TR,350.0,412.0,,43.0,,False,
2025-06-11T21:00:00.000Z,TR,Turkey,TR,368.0,431.0,,40.0,,False,
2025-06-11T22:00:00.000Z,TR,Turkey,TR,385.0,449.0,,38.0,,False,
2025-06-11T23:00:00.000Z,TR,Turkey,TR,400.0,466.0,,36.0,,False,
2025-06-12T00:00:00.000Z,TR,Turkey,TR,412.0,478.0,,34.0,,False,
2025-06-12T01:00:00.000Z,TR,Turkey,TR,416.0,481.0,,35.0,,False,
2025-06-12T02:00:00.000Z,TR,Turkey,TR,421.0,485.0,,35.0,,False,
2025-06-12T03:00:00.000Z,TR,Turkey,TR,414.0,474.0,,38.0,,False,
2025-06-12T04:00:00.000Z,TR,Turkey,TR,406.0,465.0,,40.0,,False,
2025-06-12T05:00:00.000Z,TR,Turkey,TR,384.0,443.0,,42.0,,False,
2025-06-12T06:00:00.000Z,TR,Turkey,TR,372.0,430.0,,44.0,,False,
2025-06-12T07:00:00.000Z,TR,Turkey,TR,365.0,422.0,,45.0,,False,
2025-06-12T08:00:00.000Z,TR,Turkey,TR,364.0,421.0,,46.0,,False,
2025-06-12T09:00:00.000Z,TR,Turkey,TR,378.0,434.0,,44.0,,False,
2025-06-12T10:00:00.000Z,TR,Turkey,TR,365.0,422.0,,45.0,,False,
2025-06-12T11:00:00.000Z,TR,Turkey,TR,353.0,411.0,,45.0,,False,
2025-06-12T12:00:00.000Z,TR,Turkey,TR,349.0,409.0,,44.0,,False,
2025-06-12T13:00:00.000Z,TR,Turkey,TR,347.0,409.0,,43.0,,False,
2025-06-12T14:00:00.000Z,TR,Turkey,TR,333.0,394.0,,44.0,,False,
2025-06-12T15:00:00.000Z,TR,Turkey,TR,330.0,391.0,,45.0,,False,
2025-06-12T16:00:00.000Z,TR,Turkey,TR,324.0,384.0,,46.0,,False,
2025-06-12T17:00:00.000Z,TR,Turkey,TR,318.0,378.0,,46.0,,False,
2025-06-12T18:00:00.000Z,TR,Turkey,TR,317.0,377.0,,47.0,,False,
2025-06-12T19:00:00.000Z,TR,Turkey,TR,327.0,387.0,,46.0,,False,
2025-06-12T20:00:00.000Z,TR,Turkey,TR,335.0,395.0,,45.0,,False,
2025-06-12T21:00:00.000Z,TR,Turkey,TR,345.0,405.0,,44.0,,False,
2025-06-12T22:00:00.000Z,TR,Turkey,TR,359.0,420.0,,42.0,,False,
2025-06-12T23:00:00.000Z,TR,Turkey,TR,369.0,431.0,,41.0,,False,
2025-06-13T00:00:00.000Z,TR,Turkey,TR,379.0,441.0,,40.0,,False,
2025-06-13T01:00:00.000Z,TR,Turkey,TR,386.0,449.0,,39.0,,False,
2025-06-13T02:00:00.000Z,TR,Turkey,TR,395.0,457.0,,38.0,,False,
2025-06-13T03:00:00.000Z,TR,Turkey,TR,390.0,450.0,,40.0,,False,
2025-06-13T04:00:00.000Z,TR,Turkey,TR,380.0,438.0,,43.0,,False,
2025-06-13T05:00:00.000Z,TR,Turkey,TR,362.0,419.0,,45.0,,False,
2025-06-13T06:00:00.000Z,TR,Turkey,TR,358.0,415.0,,46.0,,False,
2025-06-13T07:00:00.000Z,TR,Turkey,TR,363.0,419.0,,46.0,,False,
2025-06-13T08:00:00.000Z,TR,Turkey,TR,353.0,408.0,,48.0,,False,
2025-06-13T09:00:00.000Z,TR,Turkey,TR,360.0,414.0,,47.0,,False,
2025-06-13T10:00:00.000Z,TR,Turkey,TR,342.0,397.0,,48.0,,False,
2025-06-13T11:00:00.000Z,TR,Turkey,TR,339.0,394.0,,48.0,,False,
2025-06-13T12:00:00.000Z,TR,Turkey,TR,343.0,399.0,,46.0,,False,
2025-06-13T13:00:00.000Z,TR,Turkey,TR,336.0,393.0,,46.0,,False,
2025-06-13T14:00:00.000Z,TR,Turkey,TR,335.0,394.0,,46.0,,False,
2025-06-13T15:00:00.000Z,TR,Turkey,TR,328.0,388.0,,46.0,,False,
2025-06-13T16:00:00.000Z,TR,Turkey,TR,324.0,384.0,,46.0,,False,
2025-06-13T17:00:00.000Z,TR,Turkey,TR,315.0,374.0,,47.0,,False,
2025-06-13T18:00:00.000Z,TR,Turkey,TR,314.0,373.0,,48.0,,False,
2025-06-13T19:00:00.000Z,TR,Turkey,TR,323.0,381.0,,47.0,,False,
2025-06-13T20:00:00.000Z,TR,Turkey,TR,332.0,390.0,,46.0,,False,
2025-06-13T21:00:00.000Z,TR,Turkey,TR,345.0,402.0,,46.0,,False,
2025-06-13T22:00:00.000Z,TR,Turkey,TR,350.0,407.0,,46.0,,False,
2025-06-13T23:00:00.000Z,TR,Turkey,TR,358.0,415.0,,45.0,,False,
2025-06-14T00:00:00.000Z,TR,Turkey,TR,361.0,417.0,,45.0,,False,
2025-06-14T01:00:00.000Z,TR,Turkey,TR,367.0,423.0,,45.0,,False,
2025-06-14T02:00:00.000Z,TR,Turkey,TR,377.0,433.0,,44.0,,False,
2025-06-14T03:00:00.000Z,TR,Turkey,TR,374.0,428.0,,46.0,,False,
2025-06-14T04:00:00.000Z,TR,Turkey,TR,337.0,389.0,,51.0,,False,
2025-06-14T05:00:00.000Z,TR,Turkey,TR,319.0,370.0,,53.0,,False,
2025-06-14T06:00:00.000Z,TR,Turkey,TR,293.0,342.0,,56.0,,False,
2025-06-14T07:00:00.000Z,TR,Turkey,TR,281.0,330.0,,58.0,,False,
2025-06-14T08:00:00.000Z,TR,Turkey,TR,287.0,336.0,,57.0,,False,
2025-06-14T09:00:00.000Z,TR,Turkey,TR,285.0,334.0,,57.0,,False,
2025-06-14T10:00:00.000Z,TR,Turkey,TR,286.0,335.0,,57.0,,False,
2025-06-14T11:00:00.000Z,TR,Turkey,TR,295.0,344.0,,56.0,,False,
2025-06-14T12:00:00.000Z,TR,Turkey,TR,289.0,338.0,,57.0,,False,
2025-06-14T13:00:00.000Z,TR,Turkey,TR,320.0,369.0,,53.0,,False,
2025-06-14T14:00:00.000Z,TR,Turkey,TR,329.0,379.0,,52.0,,False,
2025-06-14T15:00:00.000Z,TR,Turkey,TR,335.0,389.0,,49.0,,False,
2025-06-14T16:00:00.000Z,TR,Turkey,TR,337.0,393.0,,47.0,,False,
2025-06-14T17:00:00.000Z,TR,Turkey,TR,329.0,386.0,,48.0,,False,
2025-06-14T18:00:00.000Z,TR,Turkey,TR,328.0,384.0,,48.0,,False,
2025-06-14T19:00:00.000Z,TR,Turkey,TR,339.0,397.0,,46.0,,False,
2025-06-14T20:00:00.000Z,TR,Turkey,TR,346.0,402.0,,47.0,,False,
2025-06-14T21:00:00.000Z,TR,Turkey,TR,355.0,410.0,,47.0,,False,
2025-06-14T22:00:00.000Z,TR,Turkey,TR,365.0,419.0,,46.0,,False,
2025-06-14T23:00:00.000Z,TR,Turkey,TR,376.0,431.0,,45.0,,False,
2025-06-15T00:00:00.000Z,TR,Turkey,TR,374.0,427.0,,46.0,,False,
2025-06-15T01:00:00.000Z,TR,Turkey,TR,374.0,426.0,,47.0,,False,
2025-06-15T02:00:00.000Z,TR,Turkey,TR,379.0,431.0,,46.0,,False,
2025-06-15T03:00:00.000Z,TR,Turkey,TR,353.0,405.0,,50.0,,False,
2025-06-15T04:00:00.000Z,TR,Turkey,TR,313.0,363.0,,55.0,,False,
2025-06-15T05:00:00.000Z,TR,Turkey,TR,304.0,355.0,,56.0,,False,
2025-06-15T06:00:00.000Z,TR,Turkey,TR,319.0,372.0,,54.0,,False,
2025-06-15T07:00:00.000Z,TR,Turkey,TR,325.0,378.0,,53.0,,False,
2025-06-15T08:00:00.000Z,TR,Turkey,TR,326.0,379.0,,53.0,,False,
2025-06-15T09:00:00.000Z,TR,Turkey,TR,326.0,380.0,,53.0,,False,
2025-06-15T10:00:00.000Z,TR,Turkey,TR,309.0,361.0,,55.0,,False,
2025-06-15T11:00:00.000Z,TR,Turkey,TR,291.0,341.0,,58.0,,False,
2025-06-15T12:00:00.000Z,TR,Turkey,TR,284.0,332.0,,59.0,,False,
2025-06-15T13:00:00.000Z,TR,Turkey,TR,259.0,304.0,,62.0,,False,
2025-06-15T14:00:00.000Z,TR,Turkey,TR,296.0,344.0,,57.0,,False,
2025-06-15T15:00:00.000Z,TR,Turkey,TR,328.0,380.0,,51.0,,False,
2025-06-15T16:00:00.000Z,TR,Turkey,TR,339.0,394.0,,48.0,,False,
2025-06-15T17:00:00.000Z,TR,Turkey,TR,327.0,382.0,,49.0,,False,
2025-06-15T18:00:00.000Z,TR,Turkey,TR,323.0,377.0,,50.0,,False,
2025-06-15T19:00:00.000Z,TR,Turkey,TR,331.0,386.0,,49.0,,False,
2025-06-15T20:00:00.000Z,TR,Turkey,TR,340.0,396.0,,48.0,,False,
2025-06-15T21:00:00.000Z,TR,Turkey,TR,350.0,405.0,,47.0,,False,
2025-06-15T22:00:00.000Z,TR,Turkey,TR,364.0,419.0,,46.0,,False,
2025-06-15T23:00:00.000Z,TR,Turkey,TR,380.0,437.0,,44.0,,False,
2025-06-16T00:00:00.000Z,TR,Turkey,TR,387.0,443.0,,43.0,,False,
2025-06-16T01:00:00.000Z,TR,Turkey,TR,391.0,446.0,,43.0,,False,
2025-06-16T02:00:00.000Z,TR,Turkey,TR,405.0,463.0,,41.0,,False,
2025-06-16T03:00:00.000Z,TR,Turkey,TR,400.0,456.0,,42.0,,False,
2025-06-16T04:00:00.000Z,TR,Turkey,TR,384.0,439.0,,45.0,,False,
2025-06-16T05:00:00.000Z,TR,Turkey,TR,374.0,428.0,,46.0,,False,
2025-06-16T06:00:00.000Z,TR,Turkey,TR,371.0,425.0,,47.0,,False,
2025-06-16T07:00:00.000Z,TR,Turkey,TR,354.0,407.0,,49.0,,False,
2025-06-16T08:00:00.000Z,TR,Turkey,TR,352.0,405.0,,49.0,,False,
2025-06-16T09:00:00.000Z,TR,Turkey,TR,341.0,395.0,,50.0,,False,
2025-06-16T10:00:00.000Z,TR,Turkey,TR,348.0,402.0,,49.0,,False,
2025-06-16T11:00:00.000Z,TR,Turkey,TR,355.0,409.0,,48.0,,False,
2025-06-16T12:00:00.000Z,TR,Turkey,TR,361.0,417.0,,46.0,,False,
2025-06-16T13:00:00.000Z,TR,Turkey,TR,354.0,411.0,,46.0,,False,
2025-06-16T14:00:00.000Z,TR,Turkey,TR,340.0,396.0,,47.0,,False,
2025-06-16T15:00:00.000Z,TR,Turkey,TR,342.0,400.0,,45.0,,False,
2025-06-16T16:00:00.000Z,TR,Turkey,TR,344.0,404.0,,44.0,,False,
2025-06-16T17:00:00.000Z,TR,Turkey,TR,337.0,397.0,,44.0,,False,
2025-06-16T18:00:00.000Z,TR,Turkey,TR,334.0,394.0,,45.0,,False,
2025-06-16T19:00:00.000Z,TR,Turkey,TR,346.0,407.0,,43.0,,False,
2025-06-16T20:00:00.000Z,TR,Turkey,TR,362.0,424.0,,41.0,,False,
2025-06-16T21:00:00.000Z,TR,Turkey,TR,379.0,442.0,,39.0,,False,
2025-06-16T22:00:00.000Z,TR,Turkey,TR,392.0,456.0,,38.0,,False,
2025-06-16T23:00:00.000Z,TR,Turkey,TR,402.0,465.0,,37.0,,False,
2025-06-17T00:00:00.000Z,TR,Turkey,TR,415.0,480.0,,35.0,,False,
2025-06-17T01:00:00.000Z,TR,Turkey,TR,419.0,485.0,,34.0,,False,
2025-06-17T02:00:00.000Z,TR,Turkey,TR,427.0,493.0,,33.0,,False,
2025-06-17T03:00:00.000Z,TR,Turkey,TR,427.0,489.0,,36.0,,False,
2025-06-17T04:00:00.000Z,TR,Turkey,TR,415.0,475.0,,38.0,,False,
2025-06-17T05:00:00.000Z,TR,Turkey,TR,395.0,454.0,,41.0,,False,
2025-06-17T06:00:00.000Z,TR,Turkey,TR,396.0,455.0,,41.0,,False,
2025-06-17T07:00:00.000Z,TR,Turkey,TR,397.0,455.0,,41.0,,False,
2025-06-17T08:00:00.000Z,TR,Turkey,TR,383.0,440.0,,43.0,,False,
2025-06-17T09:00:00.000Z,TR,Turkey,TR,373.0,430.0,,45.0,,False,
2025-06-17T10:00:00.000Z,TR,Turkey,TR,380.0,436.0,,44.0,,False,
2025-06-17T11:00:00.000Z,TR,Turkey,TR,375.0,431.0,,44.0,,False,
2025-06-17T12:00:00.000Z,TR,Turkey,TR,367.0,422.0,,45.0,,False,
2025-06-17T13:00:00.000Z,TR,Turkey,TR,361.0,417.0,,45.0,,False,
2025-06-17T14:00:00.000Z,TR,Turkey,TR,355.0,414.0,,44.0,,False,
2025-06-17T15:00:00.000Z,TR,Turkey,TR,357.0,419.0,,42.0,,False,
2025-06-17T16:00:00.000Z,TR,Turkey,TR,348.0,410.0,,43.0,,False,
2025-06-17T17:00:00.000Z,TR,Turkey,TR,339.0,400.0,,44.0,,False,
2025-06-17T18:00:00.000Z,TR,Turkey,TR,337.0,397.0,,45.0,,False,
2025-06-17T19:00:00.000Z,TR,Turkey,TR,347.0,408.0,,43.0,,False,
2025-06-17T20:00:00.000Z,TR,Turkey,TR,361.0,424.0,,41.0,,False,
2025-06-17T21:00:00.000Z,TR,Turkey,TR,380.0,445.0,,38.0,,False,
2025-06-17T22:00:00.000Z,TR,Turkey,TR,395.0,460.0,,36.0,,False,
2025-06-17T23:00:00.000Z,TR,Turkey,TR,408.0,474.0,,35.0,,False,
2025-06-18T00:00:00.000Z,TR,Turkey,TR,405.0,472.0,,35.0,,False,
2025-06-18T01:00:00.000Z,TR,Turkey,TR,409.0,475.0,,35.0,,False,
2025-06-18T02:00:00.000Z,TR,Turkey,TR,418.0,483.0,,34.0,,False,
2025-06-18T03:00:00.000Z,TR,Turkey,TR,418.0,480.0,,37.0,,False,
2025-06-18T04:00:00.000Z,TR,Turkey,TR,409.0,468.0,,39.0,,False,
2025-06-18T05:00:00.000Z,TR,Turkey,TR,389.0,446.0,,42.0,,False,
2025-06-18T06:00:00.000Z,TR,Turkey,TR,391.0,448.0,,42.0,,False,
2025-06-18T07:00:00.000Z,TR,Turkey,TR,390.0,446.0,,43.0,,False,
2025-06-18T08:00:00.000Z,TR,Turkey,TR,376.0,432.0,,44.0,,False,
2025-06-18T09:00:00.000Z,TR,Turkey,TR,360.0,417.0,,46.0,,False,
2025-06-18T10:00:00.000Z,TR,Turkey,TR,364.0,419.0,,46.0,,False,
2025-06-18T11:00:00.000Z,TR,Turkey,TR,361.0,415.0,,47.0,,False,
2025-06-18T12:00:00.000Z,TR,Turkey,TR,354.0,409.0,,47.0,,False,
2025-06-18T13:00:00.000Z,TR,Turkey,TR,350.0,406.0,,46.0,,False,
2025-06-18T14:00:00.000Z,TR,Turkey,TR,343.0,402.0,,45.0,,False,
2025-06-18T15:00:00.000Z,TR,Turkey,TR,344.0,404.0,,44.0,,False,
2025-06-18T16:00:00.000Z,TR,Turkey,TR,333.0,393.0,,45.0,,False,
2025-06-18T17:00:00.000Z,TR,Turkey,TR,327.0,387.0,,45.0,,False,
2025-06-18T18:00:00.000Z,TR,Turkey,TR,328.0,388.0,,45.0,,False,
2025-06-18T19:00:00.000Z,TR,Turkey,TR,336.0,398.0,,44.0,,False,
2025-06-18T20:00:00.000Z,TR,Turkey,TR,355.0,418.0,,41.0,,False,
2025-06-18T21:00:00.000Z,TR,Turkey,TR,370.0,434.0,,39.0,,False,
2025-06-18T22:00:00.000Z,TR,Turkey,TR,384.0,448.0,,38.0,,False,
2025-06-18T23:00:00.000Z,TR,Turkey,TR,400.0,465.0,,36.0,,False,
2025-06-19T00:00:00.000Z,TR,Turkey,TR,410.0,476.0,,35.0,,False,
2025-06-19T01:00:00.000Z,TR,Turkey,TR,414.0,480.0,,34.0,,False,
2025-06-19T02:00:00.000Z,TR,Turkey,TR,422.0,487.0,,34.0,,False,
2025-06-19T03:00:00.000Z,TR,Turkey,TR,421.0,483.0,,36.0,,False,
2025-06-19T04:00:00.000Z,TR,Turkey,TR,416.0,478.0,,37.0,,False,
2025-06-19T05:00:00.000Z,TR,Turkey,TR,397.0,458.0,,40.0,,False,
2025-06-19T06:00:00.000Z,TR,Turkey,TR,396.0,456.0,,40.0,,False,
2025-06-19T07:00:00.000Z,TR,Turkey,TR,395.0,455.0,,41.0,,False,
2025-06-19T08:00:00.000Z,TR,Turkey,TR,392.0,450.0,,41.0,,False,
2025-06-19T09:00:00.000Z,TR,Turkey,TR,407.0,465.0,,40.0,,False,
2025-06-19T10:00:00.000Z,TR,Turkey,TR,397.0,455.0,,40.0,,False,
2025-06-19T11:00:00.000Z,TR,Turkey,TR,380.0,438.0,,42.0,,False,
2025-06-19T12:00:00.000Z,TR,Turkey,TR,375.0,434.0,,42.0,,False,
2025-06-19T13:00:00.000Z,TR,Turkey,TR,366.0,427.0,,42.0,,False,
2025-06-19T14:00:00.000Z,TR,Turkey,TR,360.0,424.0,,40.0,,False,
2025-06-19T15:00:00.000Z,TR,Turkey,TR,356.0,420.0,,40.0,,False,
2025-06-19T16:00:00.000Z,TR,Turkey,TR,348.0,412.0,,41.0,,False,
2025-06-19T17:00:00.000Z,TR,Turkey,TR,339.0,401.0,,43.0,,False,
2025-06-19T18:00:00.000Z,TR,Turkey,TR,338.0,401.0,,43.0,,False,
2025-06-19T19:00:00.000Z,TR,Turkey,TR,354.0,418.0,,40.0,,False,
2025-06-19T20:00:00.000Z,TR,Turkey,TR,370.0,436.0,,38.0,,False,
2025-06-19T21:00:00.000Z,TR,Turkey,TR,388.0,457.0,,35.0,,False,
2025-06-19T22:00:00.000Z,TR,Turkey,TR,404.0,474.0,,32.0,,False,
2025-06-19T23:00:00.000Z,TR,Turkey,TR,419.0,490.0,,30.0,,False,
2025-06-20T00:00:00.000Z,TR,Turkey,TR,431.0,504.0,,28.0,,False,
2025-06-20T01:00:00.000Z,TR,Turkey,TR,440.0,513.0,,27.0,,False,
2025-06-20T02:00:00.000Z,TR,Turkey,TR,442.0,514.0,,28.0,,False,
2025-06-20T03:00:00.000Z,TR,Turkey,TR,444.0,513.0,,29.0,,False,
2025-06-20T04:00:00.000Z,TR,Turkey,TR,434.0,501.0,,32.0,,False,
2025-06-20T05:00:00.000Z,TR,Turkey,TR,409.0,476.0,,35.0,,False,
2025-06-20T06:00:00.000Z,TR,Turkey,TR,408.0,474.0,,36.0,,False,
2025-06-20T07:00:00.000Z,TR,Turkey,TR,403.0,466.0,,38.0,,False,
2025-06-20T08:00:00.000Z,TR,Turkey,TR,392.0,452.0,,40.0,,False,
2025-06-20T09:00:00.000Z,TR,Turkey,TR,402.0,461.0,,40.0,,False,
2025-06-20T10:00:00.000Z,TR,Turkey,TR,389.0,448.0,,41.0,,False,
2025-06-20T11:00:00.000Z,TR,Turkey,TR,376.0,434.0,,42.0,,False,
2025-06-20T12:00:00.000Z,TR,Turkey,TR,371.0,431.0,,42.0,,False,
2025-06-20T13:00:00.000Z,TR,Turkey,TR,360.0,420.0,,43.0,,False,
2025-06-20T14:00:00.000Z,TR,Turkey,TR,352.0,413.0,,42.0,,False,
2025-06-20T15:00:00.000Z,TR,Turkey,TR,343.0,404.0,,43.0,,False,
2025-06-20T16:00:00.000Z,TR,Turkey,TR,333.0,393.0,,45.0,,False,
2025-06-20T17:00:00.000Z,TR,Turkey,TR,322.0,381.0,,47.0,,False,
2025-06-20T18:00:00.000Z,TR,Turkey,TR,321.0,379.0,,47.0,,False,
2025-06-20T19:00:00.000Z,TR,Turkey,TR,330.0,390.0,,45.0,,False,
2025-06-20T20:00:00.000Z,TR,Turkey,TR,336.0,396.0,,45.0,,False,
2025-06-20T21:00:00.000Z,TR,Turkey,TR,356.0,417.0,,42.0,,False,
2025-06-20T22:00:00.000Z,TR,Turkey,TR,366.0,427.0,,41.0,,False,
2025-06-20T23:00:00.000Z,TR,Turkey,TR,377.0,439.0,,40.0,,False,
2025-06-21T00:00:00.000Z,TR,Turkey,TR,379.0,440.0,,40.0,,False,
2025-06-21T01:00:00.000Z,TR,Turkey,TR,377.0,437.0,,42.0,,False,
2025-06-21T02:00:00.000Z,TR,Turkey,TR,383.0,441.0,,42.0,,False,
2025-06-21T03:00:00.000Z,TR,Turkey,TR,381.0,438.0,,43.0,,False,
2025-06-21T04:00:00.000Z,TR,Turkey,TR,355.0,408.0,,48.0,,False,
2025-06-21T05:00:00.000Z,TR,Turkey,TR,346.0,398.0,,50.0,,False,
2025-06-21T06:00:00.000Z,TR,Turkey,TR,346.0,397.0,,50.0,,False,
2025-06-21T07:00:00.000Z,TR,Turkey,TR,318.0,369.0,,53.0,,False,
2025-06-21T08:00:00.000Z,TR,Turkey,TR,316.0,366.0,,53.0,,False,
2025-06-21T09:00:00.000Z,TR,Turkey,TR,313.0,364.0,,54.0,,False,
2025-06-21T10:00:00.000Z,TR,Turkey,TR,310.0,359.0,,54.0,,False,
2025-06-21T11:00:00.000Z,TR,Turkey,TR,329.0,379.0,,52.0,,False,
2025-06-21T12:00:00.000Z,TR,Turkey,TR,323.0,372.0,,53.0,,False,
2025-06-21T13:00:00.000Z,TR,Turkey,TR,319.0,366.0,,54.0,,False,
2025-06-21T14:00:00.000Z,TR,Turkey,TR,315.0,365.0,,53.0,,False,
2025-06-21T15:00:00.000Z,TR,Turkey,TR,315.0,368.0,,51.0,,False,
2025-06-21T16:00:00.000Z,TR,Turkey,TR,314.0,367.0,,51.0,,False,
2025-06-21T17:00:00.000Z,TR,Turkey,TR,307.0,360.0,,52.0,,False,
2025-06-21T18:00:00.000Z,TR,Turkey,TR,304.0,356.0,,52.0,,False,
2025-06-21T19:00:00.000Z,TR,Turkey,TR,313.0,366.0,,51.0,,False,
2025-06-21T20:00:00.000Z,TR,Turkey,TR,327.0,380.0,,49.0,,False,
2025-06-21T21:00:00.000Z,TR,Turkey,TR,329.0,382.0,,50.0,,False,
2025-06-21T22:00:00.000Z,TR,Turkey,TR,324.0,376.0,,51.0,,False,
2025-06-21T23:00:00.000Z,TR,Turkey,TR,333.0,387.0,,49.0,,False,
2025-06-22T00:00:00.000Z,TR,Turkey,TR,341.0,396.0,,48.0,,False,
2025-06-22T01:00:00.000Z,TR,Turkey,TR,346.0,400.0,,48.0,,False,
2025-06-22T02:00:00.000Z,TR,Turkey,TR,352.0,405.0,,48.0,,False,
2025-06-22T03:00:00.000Z,TR,Turkey,TR,322.0,372.0,,53.0,,False,
2025-06-22T04:00:00.000Z,TR,Turkey,TR,305.0,354.0,,56.0,,False,
2025-06-22T05:00:00.000Z,TR,Turkey,TR,284.0,333.0,,58.0,,False,
2025-06-22T06:00:00.000Z,TR,Turkey,TR,300.0,350.0,,57.0,,False,
2025-06-22T07:00:00.000Z,TR,Turkey,TR,306.0,357.0,,55.0,,False,
2025-06-22T08:00:00.000Z,TR,Turkey,TR,311.0,364.0,,54.0,,False,
2025-06-22T09:00:00.000Z,TR,Turkey,TR,311.0,364.0,,53.0,,False,
2025-06-22T10:00:00.000Z,TR,Turkey,TR,294.0,345.0,,56.0,,False,
2025-06-22T11:00:00.000Z,TR,Turkey,TR,281.0,330.0,,58.0,,False,
2025-06-22T12:00:00.000Z,TR,Turkey,TR,268.0,316.0,,60.0,,False,
2025-06-22T13:00:00.000Z,TR,Turkey,TR,257.0,302.0,,62.0,,False,
2025-06-22T14:00:00.000Z,TR,Turkey,TR,286.0,332.0,,58.0,,False,
2025-06-22T15:00:00.000Z,TR,Turkey,TR,305.0,355.0,,54.0,,False,
2025-06-22T16:00:00.000Z,TR,Turkey,TR,317.0,370.0,,51.0,,False,
2025-06-22T17:00:00.000Z,TR,Turkey,TR,316.0,371.0,,50.0,,False,
2025-06-22T18:00:00.000Z,TR,Turkey,TR,314.0,368.0,,51.0,,False,
2025-06-22T19:00:00.000Z,TR,Turkey,TR,321.0,375.0,,50.0,,False,
2025-06-22T20:00:00.000Z,TR,Turkey,TR,335.0,390.0,,48.0,,False,
2025-06-22T21:00:00.000Z,TR,Turkey,TR,347.0,404.0,,46.0,,False,
2025-06-22T22:00:00.000Z,TR,Turkey,TR,367.0,426.0,,43.0,,False,
2025-06-22T23:00:00.000Z,TR,Turkey,TR,382.0,442.0,,41.0,,False,
2025-06-23T00:00:00.000Z,TR,Turkey,TR,387.0,447.0,,41.0,,False,
2025-06-23T01:00:00.000Z,TR,Turkey,TR,391.0,450.0,,41.0,,False,
2025-06-23T02:00:00.000Z,TR,Turkey,TR,403.0,463.0,,39.0,,False,
2025-06-23T03:00:00.000Z,TR,Turkey,TR,408.0,467.0,,40.0,,False,
2025-06-23T04:00:00.000Z,TR,Turkey,TR,393.0,451.0,,42.0,,False,
2025-06-23T05:00:00.000Z,TR,Turkey,TR,367.0,424.0,,45.0,,False,
2025-06-23T06:00:00.000Z,TR,Turkey,TR,380.0,437.0,,44.0,,False,
2025-06-23T07:00:00.000Z,TR,Turkey,TR,385.0,442.0,,43.0,,False,
2025-06-23T08:00:00.000Z,TR,Turkey,TR,382.0,437.0,,44.0,,False,
2025-06-23T09:00:00.000Z,TR,Turkey,TR,361.0,416.0,,47.0,,False,
2025-06-23T10:00:00.000Z,TR,Turkey,TR,372.0,426.0,,45.0,,False,
2025-06-23T11:00:00.000Z,TR,Turkey,TR,368.0,422.0,,46.0,,False,
2025-06-23T12:00:00.000Z,TR,Turkey,TR,358.0,413.0,,46.0,,False,
2025-06-23T13:00:00.000Z,TR,Turkey,TR,350.0,407.0,,46.0,,False,
2025-06-23T14:00:00.000Z,TR,Turkey,TR,341.0,399.0,,46.0,,False,
2025-06-23T15:00:00.000Z,TR,Turkey,TR,349.0,410.0,,42.0,,False,
2025-06-23T16:00:00.000Z,TR,Turkey,TR,343.0,405.0,,42.0,,False,
2025-06-23T17:00:00.000Z,TR,Turkey,TR,335.0,397.0,,43.0,,False,
2025-06-23T18:00:00.000Z,TR,Turkey,TR,334.0,396.0,,44.0,,False,
2025-06-23T19:00:00.000Z,TR,Turkey,TR,343.0,405.0,,43.0,,False,
2025-06-23T20:00:00.000Z,TR,Turkey,TR,354.0,417.0,,41.0,,False,
2025-06-23T21:00:00.000Z,TR,Turkey,TR,375.0,440.0,,38.0,,False,
2025-06-23T22:00:00.000Z,TR,Turkey,TR,391.0,457.0,,36.0,,False,
2025-06-23T23:00:00.000Z,TR,Turkey,TR,406.0,474.0,,34.0,,False,
2025-06-24T00:00:00.000Z,TR,Turkey,TR,413.0,481.0,,33.0,,False,
2025-06-24T01:00:00.000Z,TR,Turkey,TR,422.0,490.0,,32.0,,False,
2025-06-24T02:00:00.000Z,TR,Turkey,TR,431.0,499.0,,31.0,,False,
2025-06-24T03:00:00.000Z,TR,Turkey,TR,433.0,500.0,,32.0,,False,
2025-06-24T04:00:00.000Z,TR,Turkey,TR,429.0,493.0,,34.0,,False,
2025-06-24T05:00:00.000Z,TR,Turkey,TR,414.0,478.0,,36.0,,False,
2025-06-24T06:00:00.000Z,TR,Turkey,TR,411.0,475.0,,36.0,,False,
2025-06-24T07:00:00.000Z,TR,Turkey,TR,413.0,477.0,,36.0,,False,
2025-06-24T08:00:00.000Z,TR,Turkey,TR,409.0,471.0,,37.0,,False,
2025-06-24T09:00:00.000Z,TR,Turkey,TR,408.0,470.0,,37.0,,False,
2025-06-24T10:00:00.000Z,TR,Turkey,TR,400.0,463.0,,38.0,,False,
2025-06-24T11:00:00.000Z,TR,Turkey,TR,388.0,450.0,,40.0,,False,
2025-06-24T12:00:00.000Z,TR,Turkey,TR,392.0,456.0,,38.0,,False,
2025-06-24T13:00:00.000Z,TR,Turkey,TR,378.0,442.0,,39.0,,False,
2025-06-24T14:00:00.000Z,TR,Turkey,TR,370.0,436.0,,38.0,,False,
2025-06-24T15:00:00.000Z,TR,Turkey,TR,364.0,430.0,,38.0,,False,
2025-06-24T16:00:00.000Z,TR,Turkey,TR,351.0,416.0,,40.0,,False,
2025-06-24T17:00:00.000Z,TR,Turkey,TR,344.0,408.0,,41.0,,False,
2025-06-24T18:00:00.000Z,TR,Turkey,TR,344.0,409.0,,41.0,,False,
2025-06-24T19:00:00.000Z,TR,Turkey,TR,355.0,421.0,,39.0,,False,
2025-06-24T20:00:00.000Z,TR,Turkey,TR,370.0,438.0,,37.0,,False,
2025-06-24T21:00:00.000Z,TR,Turkey,TR,387.0,456.0,,34.0,,False,
2025-06-24T22:00:00.000Z,TR,Turkey,TR,400.0,470.0,,33.0,,False,
2025-06-24T23:00:00.000Z,TR,Turkey,TR,412.0,482.0,,31.0,,False,
2025-06-25T00:00:00.000Z,TR,Turkey,TR,420.0,490.0,,31.0,,False,
2025-06-25T01:00:00.000Z,TR,Turkey,TR,422.0,493.0,,31.0,,False,
2025-06-25T02:00:00.000Z,TR,Turkey,TR,429.0,499.0,,30.0,,False,
2025-06-25T03:00:00.000Z,TR,Turkey,TR,431.0,499.0,,32.0,,False,
2025-06-25T04:00:00.000Z,TR,Turkey,TR,425.0,490.0,,34.0,,False,
2025-06-25T05:00:00.000Z,TR,Turkey,TR,405.0,468.0,,37.0,,False,
2025-06-25T06:00:00.000Z,TR,Turkey,TR,395.0,457.0,,39.0,,False,
2025-06-25T07:00:00.000Z,TR,Turkey,TR,395.0,457.0,,39.0,,False,
2025-06-25T08:00:00.000Z,TR,Turkey,TR,393.0,453.0,,40.0,,False,
2025-06-25T09:00:00.000Z,TR,Turkey,TR,401.0,461.0,,39.0,,False,
2025-06-25T10:00:00.000Z,TR,Turkey,TR,391.0,452.0,,39.0,,False,
2025-06-25T11:00:00.000Z,TR,Turkey,TR,373.0,434.0,,41.0,,False,
2025-06-25T12:00:00.000Z,TR,Turkey,TR,368.0,429.0,,41.0,,False,
2025-06-25T13:00:00.000Z,TR,Turkey,TR,356.0,417.0,,42.0,,False,
2025-06-25T14:00:00.000Z,TR,Turkey,TR,351.0,414.0,,41.0,,False,
2025-06-25T15:00:00.000Z,TR,Turkey,TR,345.0,408.0,,41.0,,False,
2025-06-25T16:00:00.000Z,TR,Turkey,TR,335.0,398.0,,43.0,,False,
2025-06-25T17:00:00.000Z,TR,Turkey,TR,328.0,390.0,,44.0,,False,
2025-06-25T18:00:00.000Z,TR,Turkey,TR,325.0,386.0,,45.0,,False,
2025-06-25T19:00:00.000Z,TR,Turkey,TR,334.0,397.0,,43.0,,False,
2025-06-25T20:00:00.000Z,TR,Turkey,TR,348.0,413.0,,40.0,,False,
2025-06-25T21:00:00.000Z,TR,Turkey,TR,366.0,432.0,,38.0,,False,
2025-06-25T22:00:00.000Z,TR,Turkey,TR,380.0,447.0,,36.0,,False,
2025-06-25T23:00:00.000Z,TR,Turkey,TR,393.0,461.0,,34.0,,False,
2025-06-26T00:00:00.000Z,TR,Turkey,TR,403.0,472.0,,33.0,,False,
2025-06-26T01:00:00.000Z,TR,Turkey,TR,412.0,482.0,,31.0,,False,
2025-06-26T02:00:00.000Z,TR,Turkey,TR,423.0,493.0,,30.0,,False,
2025-06-26T03:00:00.000Z,TR,Turkey,TR,423.0,491.0,,31.0,,False,
2025-06-26T04:00:00.000Z,TR,Turkey,TR,415.0,480.0,,34.0,,False,
2025-06-26T05:00:00.000Z,TR,Turkey,TR,405.0,473.0,,34.0,,False,
2025-06-26T06:00:00.000Z,TR,Turkey,TR,399.0,466.0,,35.0,,False,
2025-06-26T07:00:00.000Z,TR,Turkey,TR,399.0,466.0,,35.0,,False,
2025-06-26T08:00:00.000Z,TR,Turkey,TR,388.0,453.0,,37.0,,False,
2025-06-26T09:00:00.000Z,TR,Turkey,TR,387.0,451.0,,38.0,,False,
2025-06-26T10:00:00.000Z,TR,Turkey,TR,378.0,441.0,,39.0,,False,
2025-06-26T11:00:00.000Z,TR,Turkey,TR,368.0,432.0,,40.0,,False,
2025-06-26T12:00:00.000Z,TR,Turkey,TR,370.0,434.0,,38.0,,False,
2025-06-26T13:00:00.000Z,TR,Turkey,TR,359.0,424.0,,39.0,,False,
2025-06-26T14:00:00.000Z,TR,Turkey,TR,344.0,409.0,,41.0,,False,
2025-06-26T15:00:00.000Z,TR,Turkey,TR,333.0,397.0,,42.0,,False,
2025-06-26T16:00:00.000Z,TR,Turkey,TR,327.0,390.0,,43.0,,False,
2025-06-26T17:00:00.000Z,TR,Turkey,TR,319.0,381.0,,45.0,,False,
2025-06-26T18:00:00.000Z,TR,Turkey,TR,317.0,379.0,,45.0,,False,
2025-06-26T19:00:00.000Z,TR,Turkey,TR,329.0,392.0,,43.0,,False,
2025-06-26T20:00:00.000Z,TR,Turkey,TR,339.0,403.0,,42.0,,False,
2025-06-26T21:00:00.000Z,TR,Turkey,TR,347.0,410.0,,41.0,,False,
2025-06-26T22:00:00.000Z,TR,Turkey,TR,357.0,420.0,,41.0,,False,
2025-06-26T23:00:00.000Z,TR,Turkey,TR,372.0,437.0,,38.0,,False,
2025-06-27T00:00:00.000Z,TR,Turkey,TR,380.0,444.0,,38.0,,False,
2025-06-27T01:00:00.000Z,TR,Turkey,TR,389.0,454.0,,37.0,,False,
2025-06-27T02:00:00.000Z,TR,Turkey,TR,398.0,464.0,,35.0,,False,
2025-06-27T03:00:00.000Z,TR,Turkey,TR,404.0,469.0,,35.0,,False,
2025-06-27T04:00:00.000Z,TR,Turkey,TR,397.0,460.0,,38.0,,False,
2025-06-27T05:00:00.000Z,TR,Turkey,TR,379.0,441.0,,40.0,,False,
2025-06-27T06:00:00.000Z,TR,Turkey,TR,369.0,430.0,,42.0,,False,
2025-06-27T07:00:00.000Z,TR,Turkey,TR,369.0,430.0,,42.0,,False,
2025-06-27T08:00:00.000Z,TR,Turkey,TR,363.0,423.0,,43.0,,False,
2025-06-27T09:00:00.000Z,TR,Turkey,TR,374.0,434.0,,42.0,,False,
2025-06-27T10:00:00.000Z,TR,Turkey,TR,373.0,433.0,,42.0,,False,
2025-06-27T11:00:00.000Z,TR,Turkey,TR,351.0,411.0,,44.0,,False,
2025-06-27T12:00:00.000Z,TR,Turkey,TR,352.0,414.0,,42.0,,False,
2025-06-27T13:00:00.000Z,TR,Turkey,TR,344.0,407.0,,42.0,,False,
2025-06-27T14:00:00.000Z,TR,Turkey,TR,343.0,407.0,,41.0,,False,
2025-06-27T15:00:00.000Z,TR,Turkey,TR,333.0,397.0,,42.0,,False,
2025-06-27T16:00:00.000Z,TR,Turkey,TR,323.0,385.0,,44.0,,False,
2025-06-27T17:00:00.000Z,TR,Turkey,TR,318.0,379.0,,45.0,,False,
2025-06-27T18:00:00.000Z,TR,Turkey,TR,315.0,376.0,,46.0,,False,
2025-06-27T19:00:00.000Z,TR,Turkey,TR,333.0,397.0,,43.0,,False,
2025-06-27T20:00:00.000Z,TR,Turkey,TR,351.0,416.0,,40.0,,False,
2025-06-27T21:00:00.000Z,TR,Turkey,TR,369.0,436.0,,37.0,,False,
2025-06-27T22:00:00.000Z,TR,Turkey,TR,383.0,452.0,,35.0,,False,
2025-06-27T23:00:00.000Z,TR,Turkey,TR,393.0,462.0,,33.0,,False,
2025-06-28T00:00:00.000Z,TR,Turkey,TR,399.0,467.0,,33.0,,False,
2025-06-28T01:00:00.000Z,TR,Turkey,TR,401.0,469.0,,34.0,,False,
2025-06-28T02:00:00.000Z,TR,Turkey,TR,408.0,473.0,,34.0,,False,
2025-06-28T03:00:00.000Z,TR,Turkey,TR,400.0,461.0,,38.0,,False,
2025-06-28T04:00:00.000Z,TR,Turkey,TR,387.0,444.0,,42.0,,False,
2025-06-28T05:00:00.000Z,TR,Turkey,TR,382.0,438.0,,43.0,,False,
2025-06-28T06:00:00.000Z,TR,Turkey,TR,377.0,433.0,,44.0,,False,
2025-06-28T07:00:00.000Z,TR,Turkey,TR,348.0,403.0,,47.0,,False,
2025-06-28T08:00:00.000Z,TR,Turkey,TR,322.0,376.0,,50.0,,False,
2025-06-28T09:00:00.000Z,TR,Turkey,TR,323.0,375.0,,51.0,,False,
2025-06-28T10:00:00.000Z,TR,Turkey,TR,322.0,374.0,,51.0,,False,
2025-06-28T11:00:00.000Z,TR,Turkey,TR,332.0,384.0,,50.0,,False,
2025-06-28T12:00:00.000Z,TR,Turkey,TR,336.0,388.0,,50.0,,False,
2025-06-28T13:00:00.000Z,TR,Turkey,TR,335.0,387.0,,49.0,,False,
2025-06-28T14:00:00.000Z,TR,Turkey,TR,334.0,390.0,,47.0,,False,
2025-06-28T15:00:00.000Z,TR,Turkey,TR,333.0,392.0,,45.0,,False,
2025-06-28T16:00:00.000Z,TR,Turkey,TR,323.0,382.0,,46.0,,False,
2025-06-28T17:00:00.000Z,TR,Turkey,TR,320.0,379.0,,46.0,,False,
2025-06-28T18:00:00.000Z,TR,Turkey,TR,320.0,380.0,,46.0,,False,
2025-06-28T19:00:00.000Z,TR,Turkey,TR,329.0,389.0,,45.0,,False,
2025-06-28T20:00:00.000Z,TR,Turkey,TR,335.0,396.0,,44.0,,False,
2025-06-28T21:00:00.000Z,TR,Turkey,TR,339.0,398.0,,45.0,,False,
2025-06-28T22:00:00.000Z,TR,Turkey,TR,342.0,399.0,,46.0,,False,
2025-06-28T23:00:00.000Z,TR,Turkey,TR,341.0,394.0,,48.0,,False,
2025-06-29T00:00:00.000Z,TR,Turkey,TR,335.0,386.0,,51.0,,False,
2025-06-29T01:00:00.000Z,TR,Turkey,TR,335.0,385.0,,51.0,,False,
2025-06-29T02:00:00.000Z,TR,Turkey,TR,345.0,396.0,,50.0,,False,
2025-06-29T03:00:00.000Z,TR,Turkey,TR,320.0,368.0,,54.0,,False,
2025-06-29T04:00:00.000Z,TR,Turkey,TR,288.0,336.0,,58.0,,False,
2025-06-29T05:00:00.000Z,TR,Turkey,TR,273.0,321.0,,59.0,,False,
2025-06-29T06:00:00.000Z,TR,Turkey,TR,274.0,323.0,,59.0,,False,
2025-06-29T07:00:00.000Z,TR,Turkey,TR,280.0,328.0,,58.0,,False,
2025-06-29T08:00:00.000Z,TR,Turkey,TR,274.0,322.0,,59.0,,False,
2025-06-29T09:00:00.000Z,TR,Turkey,TR,276.0,325.0,,59.0,,False,
2025-06-29T10:00:00.000Z,TR,Turkey,TR,269.0,317.0,,59.0,,False,
2025-06-29T11:00:00.000Z,TR,Turkey,TR,263.0,311.0,,60.0,,False,
2025-06-29T12:00:00.000Z,TR,Turkey,TR,265.0,312.0,,60.0,,False,
2025-06-29T13:00:00.000Z,TR,Turkey,TR,264.0,309.0,,61.0,,False,
2025-06-29T14:00:00.000Z,TR,Turkey,TR,304.0,354.0,,54.0,,False,
2025-06-29T15:00:00.000Z,TR,Turkey,TR,329.0,383.0,,49.0,,False,
2025-06-29T16:00:00.000Z,TR,Turkey,TR,327.0,383.0,,48.0,,False,
2025-06-29T17:00:00.000Z,TR,Turkey,TR,321.0,378.0,,48.0,,False,
2025-06-29T18:00:00.000Z,TR,Turkey,TR,322.0,379.0,,48.0,,False,
2025-06-29T19:00:00.000Z,TR,Turkey,TR,333.0,391.0,,46.0,,False,
2025-06-29T20:00:00.000Z,TR,Turkey,TR,344.0,404.0,,44.0,,False,
2025-06-29T21:00:00.000Z,TR,Turkey,TR,358.0,419.0,,42.0,,False,
2025-06-29T22:00:00.000Z,TR,Turkey,TR,373.0,434.0,,40.0,,False,
2025-06-29T23:00:00.000Z,TR,Turkey,TR,388.0,451.0,,38.0,,False,
2025-06-30T00:00:00.000Z,TR,Turkey,TR,388.0,450.0,,39.0,,False,
2025-06-30T01:00:00.000Z,TR,Turkey,TR,391.0,453.0,,39.0,,False,
2025-06-30T02:00:00.000Z,TR,Turkey,TR,396.0,457.0,,39.0,,False,
2025-06-30T03:00:00.000Z,TR,Turkey,TR,392.0,452.0,,40.0,,False,
2025-06-30T04:00:00.000Z,TR,Turkey,TR,388.0,447.0,,41.0,,False,
2025-06-30T05:00:00.000Z,TR,Turkey,TR,380.0,440.0,,41.0,,False,
2025-06-30T06:00:00.000Z,TR,Turkey,TR,375.0,433.0,,43.0,,False,
2025-06-30T07:00:00.000Z,TR,Turkey,TR,374.0,431.0,,44.0,,False,
2025-06-30T08:00:00.000Z,TR,Turkey,TR,372.0,429.0,,44.0,,False,
2025-06-30T09:00:00.000Z,TR,Turkey,TR,381.0,438.0,,42.0,,False,
2025-06-30T10:00:00.000Z,TR,Turkey,TR,368.0,426.0,,43.0,,False,
2025-06-30T11:00:00.000Z,TR,Turkey,TR,358.0,418.0,,43.0,,False,
2025-06-30T12:00:00.000Z,TR,Turkey,TR,361.0,422.0,,41.0,,False,
2025-06-30T13:00:00.000Z,TR,Turkey,TR,353.0,416.0,,41.0,,False,
2025-06-30T14:00:00.000Z,TR,Turkey,TR,345.0,409.0,,41.0,,False,
2025-06-30T15:00:00.000Z,TR,Turkey,TR,347.0,412.0,,40.0,,False,
2025-06-30T16:00:00.000Z,TR,Turkey,TR,339.0,404.0,,41.0,,False,
2025-06-30T17:00:00.000Z,TR,Turkey,TR,331.0,395.0,,42.0,,False,
2025-06-30T18:00:00.000Z,TR,Turkey,TR,331.0,394.0,,43.0,,False,
2025-06-30T19:00:00.000Z,TR,Turkey,TR,343.0,408.0,,41.0,,False,
2025-06-30T20:00:00.000Z,TR,Turkey,TR,359.0,426.0,,38.0,,False,
2025-06-30T21:00:00.000Z,TR,Turkey,TR,378.0,447.0,,35.0,,False,
2025-06-30T22:00:00.000Z,TR,Turkey,TR,395.0,465.0,,32.0,,False,
2025-06-30T23:00:00.000Z,TR,Turkey,TR,408.0,480.0,,30.0,,False,
2025-07-01T00:00:00.000Z,TR,Turkey,TR,419.0,492.0,,29.0,,False,
2025-07-01T01:00:00.000Z,TR,Turkey,TR,427.0,502.0,,27.0,,False,
2025-07-01T02:00:00.000Z,TR,Turkey,TR,435.0,510.0,,26.0,,False,
2025-07-01T03:00:00.000Z,TR,Turkey,TR,431.0,503.0,,28.0,,False,
2025-07-01T04:00:00.000Z,TR,Turkey,TR,426.0,496.0,,31.0,,False,
2025-07-01T05:00:00.000Z,TR,Turkey,TR,406.0,475.0,,33.0,,False,
2025-07-01T06:00:00.000Z,TR,Turkey,TR,404.0,472.0,,34.0,,False,
2025-07-01T07:00:00.000Z,TR,Turkey,TR,403.0,470.0,,35.0,,False,
2025-07-01T08:00:00.000Z,TR,Turkey,TR,389.0,452.0,,38.0,,False,
2025-07-01T09:00:00.000Z,TR,Turkey,TR,388.0,448.0,,40.0,,False,
2025-07-01T10:00:00.000Z,TR,Turkey,TR,378.0,439.0,,41.0,,False,
2025-07-01T11:00:00.000Z,TR,Turkey,TR,367.0,427.0,,41.0,,False,
2025-07-01T12:00:00.000Z,TR,Turkey,TR,367.0,429.0,,40.0,,False,
2025-07-01T13:00:00.000Z,TR,Turkey,TR,359.0,422.0,,40.0,,False,
2025-07-01T14:00:00.000Z,TR,Turkey,TR,347.0,410.0,,41.0,,False,
2025-07-01T15:00:00.000Z,TR,Turkey,TR,344.0,408.0,,41.0,,False,
2025-07-01T16:00:00.000Z,TR,Turkey,TR,338.0,401.0,,42.0,,False,
2025-07-01T17:00:00.000Z,TR,Turkey,TR,331.0,393.0,,43.0,,False,
2025-07-01T18:00:00.000Z,TR,Turkey,TR,334.0,396.0,,43.0,,False,
2025-07-01T19:00:00.000Z,TR,Turkey,TR,342.0,404.0,,42.0,,False,
2025-07-01T20:00:00.000Z,TR,Turkey,TR,350.0,412.0,,41.0,,False,
2025-07-01T21:00:00.000Z,TR,Turkey,TR,362.0,424.0,,40.0,,False,
2025-07-01T22:00:00.000Z,TR,Turkey,TR,372.0,434.0,,40.0,,False,
2025-07-01T23:00:00.000Z,TR,Turkey,TR,387.0,450.0,,37.0,,False,
2025-07-02T00:00:00.000Z,TR,Turkey,TR,394.0,457.0,,37.0,,False,
2025-07-02T01:00:00.000Z,TR,Turkey,TR,401.0,465.0,,36.0,,False,
2025-07-02T02:00:00.000Z,TR,Turkey,TR,409.0,472.0,,35.0,,False,
2025-07-02T03:00:00.000Z,TR,Turkey,TR,408.0,469.0,,37.0,,False,
2025-07-02T04:00:00.000Z,TR,Turkey,TR,395.0,454.0,,40.0,,False,
2025-07-02T05:00:00.000Z,TR,Turkey,TR,381.0,440.0,,41.0,,False,
2025-07-02T06:00:00.000Z,TR,Turkey,TR,377.0,434.0,,43.0,,False,
2025-07-02T07:00:00.000Z,TR,Turkey,TR,372.0,427.0,,44.0,,False,
2025-07-02T08:00:00.000Z,TR,Turkey,TR,367.0,422.0,,45.0,,False,
2025-07-02T09:00:00.000Z,TR,Turkey,TR,361.0,415.0,,46.0,,False,
2025-07-02T10:00:00.000Z,TR,Turkey,TR,350.0,405.0,,47.0,,False,
2025-07-02T11:00:00.000Z,TR,Turkey,TR,347.0,402.0,,47.0,,False,
2025-07-02T12:00:00.000Z,TR,Turkey,TR,357.0,413.0,,45.0,,False,
2025-07-02T13:00:00.000Z,TR,Turkey,TR,352.0,411.0,,44.0,,False,
2025-07-02T14:00:00.000Z,TR,Turkey,TR,351.0,412.0,,42.0,,False,
2025-07-02T15:00:00.000Z,TR,Turkey,TR,349.0,412.0,,41.0,,False,
2025-07-02T16:00:00.000Z,TR,Turkey,TR,346.0,410.0,,41.0,,False,
2025-07-02T17:00:00.000Z,TR,Turkey,TR,339.0,402.0,,42.0,,False,
2025-07-02T18:00:00.000Z,TR,Turkey,TR,337.0,400.0,,42.0,,False,
2025-07-02T19:00:00.000Z,TR,Turkey,TR,345.0,409.0,,41.0,,False,
2025-07-02T20:00:00.000Z,TR,Turkey,TR,357.0,421.0,,39.0,,False,
2025-07-02T21:00:00.000Z,TR,Turkey,TR,366.0,429.0,,39.0,,False,
2025-07-02T22:00:00.000Z,TR,Turkey,TR,377.0,441.0,,38.0,,False,
2025-07-02T23:00:00.000Z,TR,Turkey,TR,391.0,456.0,,36.0,,False,
2025-07-03T00:00:00.000Z,TR,Turkey,TR,397.0,462.0,,36.0,,False,
2025-07-03T01:00:00.000Z,TR,Turkey,TR,402.0,467.0,,35.0,,False,
2025-07-03T02:00:00.000Z,TR,Turkey,TR,412.0,477.0,,34.0,,False,
2025-07-03T03:00:00.000Z,TR,Turkey,TR,409.0,472.0,,36.0,,False,
2025-07-03T04:00:00.000Z,TR,Turkey,TR,402.0,462.0,,39.0,,False,
2025-07-03T05:00:00.000Z,TR,Turkey,TR,384.0,444.0,,41.0,,False,
2025-07-03T06:00:00.000Z,TR,Turkey,TR,379.0,437.0,,43.0,,False,
2025-07-03T07:00:00.000Z,TR,Turkey,TR,368.0,425.0,,44.0,,False,
2025-07-03T08:00:00.000Z,TR,Turkey,TR,360.0,415.0,,46.0,,False,
2025-07-03T09:00:00.000Z,TR,Turkey,TR,346.0,401.0,,47.0,,False,
2025-07-03T10:00:00.000Z,TR,Turkey,TR,347.0,401.0,,47.0,,False,
2025-07-03T11:00:00.000Z,TR,Turkey,TR,345.0,399.0,,48.0,,False,
2025-07-03T12:00:00.000Z,TR,Turkey,TR,338.0,392.0,,48.0,,False,
2025-07-03T13:00:00.000Z,TR,Turkey,TR,350.0,406.0,,46.0,,False,
2025-07-03T14:00:00.000Z,TR,Turkey,TR,350.0,408.0,,44.0,,False,
2025-07-03T15:00:00.000Z,TR,Turkey,TR,350.0,411.0,,42.0,,False,
2025-07-03T16:00:00.000Z,TR,Turkey,TR,345.0,408.0,,41.0,,False,
2025-07-03T17:00:00.000Z,TR,Turkey,TR,338.0,400.0,,42.0,,False,
2025-07-03T18:00:00.000Z,TR,Turkey,TR,339.0,401.0,,42.0,,False,
2025-07-03T19:00:00.000Z,TR,Turkey,TR,344.0,406.0,,42.0,,False,
2025-07-03T20:00:00.000Z,TR,Turkey,TR,357.0,421.0,,40.0,,False,
2025-07-03T21:00:00.000Z,TR,Turkey,TR,367.0,431.0,,39.0,,False,
2025-07-03T22:00:00.000Z,TR,Turkey,TR,379.0,444.0,,38.0,,False,
2025-07-03T23:00:00.000Z,TR,Turkey,TR,389.0,454.0,,37.0,,False,
2025-07-04T00:00:00.000Z,TR,Turkey,TR,397.0,462.0,,36.0,,False,
2025-07-04T01:00:00.000Z,TR,Turkey,TR,396.0,459.0,,37.0,,False,
2025-07-04T02:00:00.000Z,TR,Turkey,TR,400.0,461.0,,38.0,,False,
2025-07-04T03:00:00.000Z,TR,Turkey,TR,393.0,453.0,,40.0,,False,
2025-07-04T04:00:00.000Z,TR,Turkey,TR,383.0,441.0,,42.0,,False,
2025-07-04T05:00:00.000Z,TR,Turkey,TR,365.0,421.0,,45.0,,False,
2025-07-04T06:00:00.000Z,TR,Turkey,TR,363.0,419.0,,45.0,,False,
2025-07-04T07:00:00.000Z,TR,Turkey,TR,366.0,422.0,,44.0,,False,
2025-07-04T08:00:00.000Z,TR,Turkey,TR,367.0,424.0,,44.0,,False,
2025-07-04T09:00:00.000Z,TR,Turkey,TR,369.0,425.0,,44.0,,False,
2025-07-04T10:00:00.000Z,TR,Turkey,TR,355.0,412.0,,46.0,,False,
2025-07-04T11:00:00.000Z,TR,Turkey,TR,353.0,409.0,,45.0,,False,
2025-07-04T12:00:00.000Z,TR,Turkey,TR,355.0,412.0,,44.0,,False,
2025-07-04T13:00:00.000Z,TR,Turkey,TR,349.0,408.0,,44.0,,False,
2025-07-04T14:00:00.000Z,TR,Turkey,TR,344.0,405.0,,43.0,,False,
2025-07-04T15:00:00.000Z,TR,Turkey,TR,344.0,406.0,,42.0,,False,
2025-07-04T16:00:00.000Z,TR,Turkey,TR,342.0,406.0,,41.0,,False,
2025-07-04T17:00:00.000Z,TR,Turkey,TR,335.0,398.0,,42.0,,False,
2025-07-04T18:00:00.000Z,TR,Turkey,TR,335.0,398.0,,42.0,,False,
2025-07-04T19:00:00.000Z,TR,Turkey,TR,343.0,407.0,,41.0,,False,
2025-07-04T20:00:00.000Z,TR,Turkey,TR,353.0,418.0,,40.0,,False,
2025-07-04T21:00:00.000Z,TR,Turkey,TR,371.0,438.0,,37.0,,False,
2025-07-04T22:00:00.000Z,TR,Turkey,TR,383.0,451.0,,35.0,,False,
2025-07-04T23:00:00.000Z,TR,Turkey,TR,396.0,465.0,,33.0,,False,
2025-07-05T00:00:00.000Z,TR,Turkey,TR,401.0,471.0,,33.0,,False,
2025-07-05T01:00:00.000Z,TR,Turkey,TR,406.0,477.0,,32.0,,False,
2025-07-05T02:00:00.000Z,TR,Turkey,TR,419.0,489.0,,31.0,,False,
2025-07-05T03:00:00.000Z,TR,Turkey,TR,423.0,491.0,,32.0,,False,
2025-07-05T04:00:00.000Z,TR,Turkey,TR,412.0,475.0,,36.0,,False,
2025-07-05T05:00:00.000Z,TR,Turkey,TR,402.0,465.0,,38.0,,False,
2025-07-05T06:00:00.000Z,TR,Turkey,TR,402.0,464.0,,38.0,,False,
2025-07-05T07:00:00.000Z,TR,Turkey,TR,403.0,463.0,,39.0,,False,
2025-07-05T08:00:00.000Z,TR,Turkey,TR,392.0,451.0,,41.0,,False,
2025-07-05T09:00:00.000Z,TR,Turkey,TR,383.0,441.0,,42.0,,False,
2025-07-05T10:00:00.000Z,TR,Turkey,TR,384.0,443.0,,42.0,,False,
2025-07-05T11:00:00.000Z,TR,Turkey,TR,379.0,437.0,,43.0,,False,
2025-07-05T12:00:00.000Z,TR,Turkey,TR,375.0,432.0,,43.0,,False,
2025-07-05T13:00:00.000Z,TR,Turkey,TR,368.0,426.0,,43.0,,False,
2025-07-05T14:00:00.000Z,TR,Turkey,TR,368.0,430.0,,40.0,,False,
2025-07-05T15:00:00.000Z,TR,Turkey,TR,365.0,430.0,,38.0,,False,
2025-07-05T16:00:00.000Z,TR,Turkey,TR,356.0,421.0,,39.0,,False,
2025-07-05T17:00:00.000Z,TR,Turkey,TR,348.0,413.0,,40.0,,False,
2025-07-05T18:00:00.000Z,TR,Turkey,TR,345.0,409.0,,41.0,,False,
2025-07-05T19:00:00.000Z,TR,Turkey,TR,354.0,418.0,,40.0,,False,
2025-07-05T20:00:00.000Z,TR,Turkey,TR,368.0,435.0,,37.0,,False,
2025-07-05T21:00:00.000Z,TR,Turkey,TR,382.0,449.0,,36.0,,False,
2025-07-05T22:00:00.000Z,TR,Turkey,TR,397.0,465.0,,34.0,,False,
2025-07-05T23:00:00.000Z,TR,Turkey,TR,410.0,479.0,,32.0,,False,
2025-07-06T00:00:00.000Z,TR,Turkey,TR,413.0,482.0,,32.0,,False,
2025-07-06T01:00:00.000Z,TR,Turkey,TR,420.0,489.0,,31.0,,False,
2025-07-06T02:00:00.000Z,TR,Turkey,TR,429.0,499.0,,30.0,,False,
2025-07-06T03:00:00.000Z,TR,Turkey,TR,421.0,487.0,,34.0,,False,
2025-07-06T04:00:00.000Z,TR,Turkey,TR,411.0,471.0,,39.0,,False,
2025-07-06T05:00:00.000Z,TR,Turkey,TR,345.0,401.0,,49.0,,False,
2025-07-06T06:00:00.000Z,TR,Turkey,TR,335.0,391.0,,50.0,,False,
2025-07-06T07:00:00.000Z,TR,Turkey,TR,332.0,387.0,,51.0,,False,
2025-07-06T08:00:00.000Z,TR,Turkey,TR,326.0,381.0,,51.0,,False,
2025-07-06T09:00:00.000Z,TR,Turkey,TR,317.0,372.0,,52.0,,False,
2025-07-06T10:00:00.000Z,TR,Turkey,TR,325.0,380.0,,51.0,,False,
2025-07-06T11:00:00.000Z,TR,Turkey,TR,345.0,399.0,,49.0,,False,
2025-07-06T12:00:00.000Z,TR,Turkey,TR,357.0,411.0,,47.0,,False,
2025-07-06T13:00:00.000Z,TR,Turkey,TR,366.0,421.0,,46.0,,False,
2025-07-06T14:00:00.000Z,TR,Turkey,TR,370.0,428.0,,43.0,,False,
2025-07-06T15:00:00.000Z,TR,Turkey,TR,378.0,444.0,,37.0,,False,
2025-07-06T16:00:00.000Z,TR,Turkey,TR,374.0,442.0,,36.0,,False,
2025-07-06T17:00:00.000Z,TR,Turkey,TR,364.0,431.0,,38.0,,False,
2025-07-06T18:00:00.000Z,TR,Turkey,TR,351.0,417.0,,39.0,,False,
2025-07-06T19:00:00.000Z,TR,Turkey,TR,372.0,440.0,,37.0,,False,
2025-07-06T20:00:00.000Z,TR,Turkey,TR,383.0,452.0,,35.0,,False,
2025-07-06T21:00:00.000Z,TR,Turkey,TR,395.0,465.0,,33.0,,False,
2025-07-06T22:00:00.000Z,TR,Turkey,TR,413.0,483.0,,31.0,,False,
2025-07-06T23:00:00.000Z,TR,Turkey,TR,424.0,496.0,,29.0,,False,
2025-07-07T00:00:00.000Z,TR,Turkey,TR,434.0,507.0,,28.0,,False,
2025-07-07T01:00:00.000Z,TR,Turkey,TR,439.0,512.0,,28.0,,False,
2025-07-07T02:00:00.000Z,TR,Turkey,TR,449.0,522.0,,27.0,,False,
2025-07-07T03:00:00.000Z,TR,Turkey,TR,450.0,520.0,,28.0,,False,
2025-07-07T04:00:00.000Z,TR,Turkey,TR,438.0,507.0,,30.0,,False,
2025-07-07T05:00:00.000Z,TR,Turkey,TR,422.0,492.0,,31.0,,False,
2025-07-07T06:00:00.000Z,TR,Turkey,TR,413.0,484.0,,32.0,,False,
2025-07-07T07:00:00.000Z,TR,Turkey,TR,419.0,490.0,,30.0,,False,
2025-07-07T08:00:00.000Z,TR,Turkey,TR,413.0,484.0,,31.0,,False,
2025-07-07T09:00:00.000Z,TR,Turkey,TR,412.0,481.0,,33.0,,False,
2025-07-07T10:00:00.000Z,TR,Turkey,TR,402.0,471.0,,33.0,,False,
2025-07-07T11:00:00.000Z,TR,Turkey,TR,387.0,455.0,,35.0,,False,
2025-07-07T12:00:00.000Z,TR,Turkey,TR,382.0,450.0,,36.0,,False,
2025-07-07T13:00:00.000Z,TR,Turkey,TR,370.0,438.0,,37.0,,False,
2025-07-07T14:00:00.000Z,TR,Turkey,TR,356.0,423.0,,39.0,,False,
2025-07-07T15:00:00.000Z,TR,Turkey,TR,350.0,418.0,,39.0,,False,
2025-07-07T16:00:00.000Z,TR,Turkey,TR,342.0,409.0,,40.0,,False,
2025-07-07T17:00:00.000Z,TR,Turkey,TR,336.0,402.0,,41.0,,False,
2025-07-07T18:00:00.000Z,TR,Turkey,TR,333.0,399.0,,42.0,,False,
2025-07-07T19:00:00.000Z,TR,Turkey,TR,347.0,414.0,,39.0,,False,
2025-07-07T20:00:00.000Z,TR,Turkey,TR,362.0,431.0,,37.0,,False,
2025-07-07T21:00:00.000Z,TR,Turkey,TR,386.0,458.0,,32.0,,False,
2025-07-07T22:00:00.000Z,TR,Turkey,TR,404.0,479.0,,29.0,,False,
2025-07-07T23:00:00.000Z,TR,Turkey,TR,416.0,493.0,,27.0,,False,
2025-07-08T00:00:00.000Z,TR,Turkey,TR,432.0,510.0,,24.0,,False,
2025-07-08T01:00:00.000Z,TR,Turkey,TR,438.0,517.0,,23.0,,False,
2025-07-08T02:00:00.000Z,TR,Turkey,TR,446.0,526.0,,22.0,,False,
2025-07-08T03:00:00.000Z,TR,Turkey,TR,455.0,534.0,,22.0,,False,
2025-07-08T04:00:00.000Z,TR,Turkey,TR,443.0,519.0,,25.0,,False,
2025-07-08T05:00:00.000Z,TR,Turkey,TR,418.0,493.0,,29.0,,False,
2025-07-08T06:00:00.000Z,TR,Turkey,TR,412.0,486.0,,30.0,,False,
2025-07-08T07:00:00.000Z,TR,Turkey,TR,415.0,488.0,,29.0,,False,
2025-07-08T08:00:00.000Z,TR,Turkey,TR,408.0,482.0,,30.0,,False,
2025-07-08T09:00:00.000Z,TR,Turkey,TR,415.0,486.0,,31.0,,False,
2025-07-08T10:00:00.000Z,TR,Turkey,TR,405.0,477.0,,31.0,,False,
2025-07-08T11:00:00.000Z,TR,Turkey,TR,394.0,466.0,,32.0,,False,
2025-07-08T12:00:00.000Z,TR,Turkey,TR,384.0,455.0,,34.0,,False,
2025-07-08T13:00:00.000Z,TR,Turkey,TR,367.0,436.0,,36.0,,False,
2025-07-08T14:00:00.000Z,TR,Turkey,TR,351.0,419.0,,38.0,,False,
2025-07-08T15:00:00.000Z,TR,Turkey,TR,346.0,413.0,,39.0,,False,
2025-07-08T16:00:00.000Z,TR,Turkey,TR,339.0,406.0,,40.0,,False,
2025-07-08T17:00:00.000Z,TR,Turkey,TR,333.0,399.0,,41.0,,False,
2025-07-08T18:00:00.000Z,TR,Turkey,TR,335.0,402.0,,41.0,,False,
2025-07-08T19:00:00.000Z,TR,Turkey,TR,349.0,418.0,,38.0,,False,
2025-07-08T20:00:00.000Z,TR,Turkey,TR,366.0,437.0,,35.0,,False,
2025-07-08T21:00:00.000Z,TR,Turkey,TR,390.0,464.0,,31.0,,False,
2025-07-08T22:00:00.000Z,TR,Turkey,TR,408.0,484.0,,27.0,,False,
2025-07-08T23:00:00.000Z,TR,Turkey,TR,425.0,504.0,,24.0,,False,
2025-07-09T00:00:00.000Z,TR,Turkey,TR,438.0,519.0,,22.0,,False,
2025-07-09T01:00:00.000Z,TR,Turkey,TR,444.0,524.0,,22.0,,False,
2025-07-09T02:00:00.000Z,TR,Turkey,TR,452.0,533.0,,21.0,,False,
2025-07-09T03:00:00.000Z,TR,Turkey,TR,452.0,530.0,,23.0,,False,
2025-07-09T04:00:00.000Z,TR,Turkey,TR,441.0,515.0,,26.0,,False,
2025-07-09T05:00:00.000Z,TR,Turkey,TR,420.0,494.0,,28.0,,False,
2025-07-09T06:00:00.000Z,TR,Turkey,TR,416.0,489.0,,29.0,,False,
2025-07-09T07:00:00.000Z,TR,Turkey,TR,411.0,483.0,,30.0,,False,
2025-07-09T08:00:00.000Z,TR,Turkey,TR,401.0,471.0,,32.0,,False,
2025-07-09T09:00:00.000Z,TR,Turkey,TR,398.0,467.0,,34.0,,False,
2025-07-09T10:00:00.000Z,TR,Turkey,TR,393.0,462.0,,34.0,,False,
2025-07-09T11:00:00.000Z,TR,Turkey,TR,380.0,448.0,,35.0,,False,
2025-07-09T12:00:00.000Z,TR,Turkey,TR,372.0,440.0,,36.0,,False,
2025-07-09T13:00:00.000Z,TR,Turkey,TR,364.0,433.0,,36.0,,False,
2025-07-09T14:00:00.000Z,TR,Turkey,TR,348.0,416.0,,38.0,,False,
2025-07-09T15:00:00.000Z,TR,Turkey,TR,342.0,410.0,,39.0,,False,
2025-07-09T16:00:00.000Z,TR,Turkey,TR,333.0,400.0,,40.0,,False,
2025-07-09T17:00:00.000Z,TR,Turkey,TR,326.0,392.0,,42.0,,False,
2025-07-09T18:00:00.000Z,TR,Turkey,TR,329.0,396.0,,41.0,,False,
2025-07-09T19:00:00.000Z,TR,Turkey,TR,343.0,412.0,,38.0,,False,
2025-07-09T20:00:00.000Z,TR,Turkey,TR,361.0,431.0,,36.0,,False,
2025-07-09T21:00:00.000Z,TR,Turkey,TR,382.0,455.0,,32.0,,False,
2025-07-09T22:00:00.000Z,TR,Turkey,TR,403.0,478.0,,29.0,,False,
2025-07-09T23:00:00.000Z,TR,Turkey,TR,412.0,486.0,,28.0,,False,
2025-07-10T00:00:00.000Z,TR,Turkey,TR,416.0,490.0,,28.0,,False,
2025-07-10T01:00:00.000Z,TR,Turkey,TR,417.0,489.0,,29.0,,False,
2025-07-10T02:00:00.000Z,TR,Turkey,TR,420.0,492.0,,29.0,,False,
2025-07-10T03:00:00.000Z,TR,Turkey,TR,425.0,495.0,,30.0,,False,
2025-07-10T04:00:00.000Z,TR,Turkey,TR,418.0,487.0,,32.0,,False,
2025-07-10T05:00:00.000Z,TR,Turkey,TR,398.0,465.0,,35.0,,False,
2025-07-10T06:00:00.000Z,TR,Turkey,TR,395.0,462.0,,35.0,,False,
2025-07-10T07:00:00.000Z,TR,Turkey,TR,389.0,455.0,,36.0,,False,
2025-07-10T08:00:00.000Z,TR,Turkey,TR,381.0,445.0,,38.0,,False,
2025-07-10T09:00:00.000Z,TR,Turkey,TR,388.0,452.0,,38.0,,False,
2025-07-10T10:00:00.000Z,TR,Turkey,TR,385.0,450.0,,37.0,,False,
2025-07-10T11:00:00.000Z,TR,Turkey,TR,373.0,438.0,,38.0,,False,
2025-07-10T12:00:00.000Z,TR,Turkey,TR,370.0,435.0,,38.0,,False,
2025-07-10T13:00:00.000Z,TR,Turkey,TR,359.0,425.0,,39.0,,False,
2025-07-10T14:00:00.000Z,TR,Turkey,TR,356.0,423.0,,38.0,,False,
2025-07-10T15:00:00.000Z,TR,Turkey,TR,355.0,423.0,,38.0,,False,
2025-07-10T16:00:00.000Z,TR,Turkey,TR,345.0,412.0,,39.0,,False,
2025-07-10T17:00:00.000Z,TR,Turkey,TR,335.0,401.0,,41.0,,False,
2025-07-10T18:00:00.000Z,TR,Turkey,TR,337.0,403.0,,40.0,,False,
2025-07-10T19:00:00.000Z,TR,Turkey,TR,347.0,414.0,,39.0,,False,
2025-07-10T20:00:00.000Z,TR,Turkey,TR,360.0,429.0,,36.0,,False,
2025-07-10T21:00:00.000Z,TR,Turkey,TR,372.0,442.0,,35.0,,False,
2025-07-10T22:00:00.000Z,TR,Turkey,TR,385.0,455.0,,33.0,,False,
2025-07-10T23:00:00.000Z,TR,Turkey,TR,393.0,463.0,,33.0,,False,
2025-07-11T00:00:00.000Z,TR,Turkey,TR,400.0,469.0,,32.0,,False,
2025-07-11T01:00:00.000Z,TR,Turkey,TR,402.0,470.0,,33.0,,False,
2025-07-11T02:00:00.000Z,TR,Turkey,TR,405.0,473.0,,33.0,,False,
2025-07-11T03:00:00.000Z,TR,Turkey,TR,406.0,472.0,,34.0,,False,
2025-07-11T04:00:00.000Z,TR,Turkey,TR,402.0,466.0,,36.0,,False,
2025-07-11T05:00:00.000Z,TR,Turkey,TR,372.0,435.0,,40.0,,False,
2025-07-11T06:00:00.000Z,TR,Turkey,TR,365.0,427.0,,41.0,,False,
2025-07-11T07:00:00.000Z,TR,Turkey,TR,370.0,433.0,,41.0,,False,
2025-07-11T08:00:00.000Z,TR,Turkey,TR,363.0,423.0,,42.0,,False,
2025-07-11T09:00:00.000Z,TR,Turkey,TR,365.0,424.0,,43.0,,False,
2025-07-11T10:00:00.000Z,TR,Turkey,TR,360.0,419.0,,44.0,,False,
2025-07-11T11:00:00.000Z,TR,Turkey,TR,346.0,406.0,,44.0,,False,
2025-07-11T12:00:00.000Z,TR,Turkey,TR,342.0,402.0,,44.0,,False,
2025-07-11T13:00:00.000Z,TR,Turkey,TR,333.0,393.0,,45.0,,False,
2025-07-11T14:00:00.000Z,TR,Turkey,TR,330.0,391.0,,44.0,,False,
2025-07-11T15:00:00.000Z,TR,Turkey,TR,329.0,392.0,,43.0,,False,
2025-07-11T16:00:00.000Z,TR,Turkey,TR,330.0,394.0,,42.0,,False,
2025-07-11T17:00:00.000Z,TR,Turkey,TR,306.0,369.0,,46.0,,False,
2025-07-11T18:00:00.000Z,TR,Turkey,TR,306.0,369.0,,46.0,,False,
2025-07-11T19:00:00.000Z,TR,Turkey,TR,336.0,402.0,,41.0,,False,
2025-07-11T20:00:00.000Z,TR,Turkey,TR,350.0,417.0,,39.0,,False,
2025-07-11T21:00:00.000Z,TR,Turkey,TR,367.0,436.0,,36.0,,False,
2025-07-11T22:00:00.000Z,TR,Turkey,TR,375.0,444.0,,35.0,,False,
2025-07-11T23:00:00.000Z,TR,Turkey,TR,385.0,455.0,,33.0,,False,
2025-07-12T00:00:00.000Z,TR,Turkey,TR,397.0,469.0,,31.0,,False,
2025-07-12T01:00:00.000Z,TR,Turkey,TR,402.0,474.0,,31.0,,False,
2025-07-12T02:00:00.000Z,TR,Turkey,TR,407.0,477.0,,31.0,,False,
2025-07-12T03:00:00.000Z,TR,Turkey,TR,410.0,478.0,,33.0,,False,
2025-07-12T04:00:00.000Z,TR,Turkey,TR,400.0,463.0,,37.0,,False,
2025-07-12T05:00:00.000Z,TR,Turkey,TR,384.0,445.0,,40.0,,False,
2025-07-12T06:00:00.000Z,TR,Turkey,TR,374.0,433.0,,43.0,,False,
2025-07-12T07:00:00.000Z,TR,Turkey,TR,367.0,423.0,,45.0,,False,
2025-07-12T08:00:00.000Z,TR,Turkey,TR,354.0,409.0,,47.0,,False,
2025-07-12T09:00:00.000Z,TR,Turkey,TR,330.0,385.0,,50.0,,False,
2025-07-12T10:00:00.000Z,TR,Turkey,TR,327.0,381.0,,50.0,,False,
2025-07-12T11:00:00.000Z,TR,Turkey,TR,341.0,394.0,,49.0,,False,
2025-07-12T12:00:00.000Z,TR,Turkey,TR,341.0,394.0,,49.0,,False,
2025-07-12T13:00:00.000Z,TR,Turkey,TR,337.0,392.0,,48.0,,False,
2025-07-12T14:00:00.000Z,TR,Turkey,TR,337.0,396.0,,45.0,,False,
2025-07-12T15:00:00.000Z,TR,Turkey,TR,337.0,399.0,,43.0,,False,
2025-07-12T16:00:00.000Z,TR,Turkey,TR,334.0,397.0,,43.0,,False,
2025-07-12T17:00:00.000Z,TR,Turkey,TR,324.0,386.0,,44.0,,False,
2025-07-12T18:00:00.000Z,TR,Turkey,TR,323.0,384.0,,45.0,,False,
2025-07-12T19:00:00.000Z,TR,Turkey,TR,334.0,397.0,,43.0,,False,
2025-07-12T20:00:00.000Z,TR,Turkey,TR,346.0,409.0,,41.0,,False,
2025-07-12T21:00:00.000Z,TR,Turkey,TR,366.0,432.0,,38.0,,False,
2025-07-12T22:00:00.000Z,TR,Turkey,TR,375.0,441.0,,37.0,,False,
2025-07-12T23:00:00.000Z,TR,Turkey,TR,384.0,450.0,,36.0,,False,
2025-07-13T00:00:00.000Z,TR,Turkey,TR,391.0,457.0,,36.0,,False,
2025-07-13T01:00:00.000Z,TR,Turkey,TR,394.0,459.0,,36.0,,False,
2025-07-13T02:00:00.000Z,TR,Turkey,TR,404.0,468.0,,36.0,,False,
2025-07-13T03:00:00.000Z,TR,Turkey,TR,405.0,466.0,,38.0,,False,
2025-07-13T04:00:00.000Z,TR,Turkey,TR,392.0,449.0,,42.0,,False,
2025-07-13T05:00:00.000Z,TR,Turkey,TR,332.0,384.0,,51.0,,False,
2025-07-13T06:00:00.000Z,TR,Turkey,TR,314.0,365.0,,54.0,,False,
2025-07-13T07:00:00.000Z,TR,Turkey,TR,300.0,351.0,,55.0,,False,
2025-07-13T08:00:00.000Z,TR,Turkey,TR,298.0,348.0,,56.0,,False,
2025-07-13T09:00:00.000Z,TR,Turkey,TR,298.0,348.0,,55.0,,False,
2025-07-13T10:00:00.000Z,TR,Turkey,TR,288.0,338.0,,57.0,,False,
2025-07-13T11:00:00.000Z,TR,Turkey,TR,282.0,331.0,,57.0,,False,
2025-07-13T12:00:00.000Z,TR,Turkey,TR,281.0,330.0,,57.0,,False,
2025-07-13T13:00:00.000Z,TR,Turkey,TR,305.0,354.0,,54.0,,False,
2025-07-13T14:00:00.000Z,TR,Turkey,TR,333.0,386.0,,49.0,,False,
2025-07-13T15:00:00.000Z,TR,Turkey,TR,344.0,404.0,,44.0,,False,
2025-07-13T16:00:00.000Z,TR,Turkey,TR,342.0,402.0,,44.0,,False,
2025-07-13T17:00:00.000Z,TR,Turkey,TR,333.0,393.0,,45.0,,False,
2025-07-13T18:00:00.000Z,TR,Turkey,TR,328.0,386.0,,46.0,,False,
2025-07-13T19:00:00.000Z,TR,Turkey,TR,335.0,394.0,,45.0,,False,
2025-07-13T20:00:00.000Z,TR,Turkey,TR,344.0,404.0,,44.0,,False,
2025-07-13T21:00:00.000Z,TR,Turkey,TR,351.0,412.0,,43.0,,False,
2025-07-13T22:00:00.000Z,TR,Turkey,TR,366.0,427.0,,41.0,,False,
2025-07-13T23:00:00.000Z,TR,Turkey,TR,373.0,434.0,,41.0,,False,
2025-07-14T00:00:00.000Z,TR,Turkey,TR,383.0,443.0,,40.0,,False,
2025-07-14T01:00:00.000Z,TR,Turkey,TR,388.0,448.0,,40.0,,False,
2025-07-14T02:00:00.000Z,TR,Turkey,TR,392.0,451.0,,40.0,,False,
2025-07-14T03:00:00.000Z,TR,Turkey,TR,400.0,458.0,,40.0,,False,
2025-07-14T04:00:00.000Z,TR,Turkey,TR,387.0,444.0,,42.0,,False,
2025-07-14T05:00:00.000Z,TR,Turkey,TR,358.0,414.0,,46.0,,False,
2025-07-14T06:00:00.000Z,TR,Turkey,TR,354.0,409.0,,47.0,,False,
2025-07-14T07:00:00.000Z,TR,Turkey,TR,354.0,408.0,,47.0,,False,
2025-07-14T08:00:00.000Z,TR,Turkey,TR,351.0,404.0,,48.0,,False,
2025-07-14T09:00:00.000Z,TR,Turkey,TR,347.0,400.0,,48.0,,False,
2025-07-14T10:00:00.000Z,TR,Turkey,TR,345.0,400.0,,48.0,,False,
2025-07-14T11:00:00.000Z,TR,Turkey,TR,341.0,396.0,,47.0,,False,
2025-07-14T12:00:00.000Z,TR,Turkey,TR,342.0,399.0,,46.0,,False,
2025-07-14T13:00:00.000Z,TR,Turkey,TR,339.0,398.0,,45.0,,False,
2025-07-14T14:00:00.000Z,TR,Turkey,TR,334.0,395.0,,44.0,,False,
2025-07-14T15:00:00.000Z,TR,Turkey,TR,334.0,396.0,,43.0,,False,
2025-07-14T16:00:00.000Z,TR,Turkey,TR,325.0,385.0,,45.0,,False,
2025-07-14T17:00:00.000Z,TR,Turkey,TR,316.0,375.0,,47.0,,False,
2025-07-14T18:00:00.000Z,TR,Turkey,TR,319.0,378.0,,46.0,,False,
2025-07-14T19:00:00.000Z,TR,Turkey,TR,328.0,387.0,,45.0,,False,
2025-07-14T20:00:00.000Z,TR,Turkey,TR,338.0,398.0,,44.0,,False,
2025-07-14T21:00:00.000Z,TR,Turkey,TR,360.0,423.0,,40.0,,False,
2025-07-14T22:00:00.000Z,TR,Turkey,TR,375.0,439.0,,38.0,,False,
2025-07-14T23:00:00.000Z,TR,Turkey,TR,385.0,449.0,,37.0,,False,
2025-07-15T00:00:00.000Z,TR,Turkey,TR,388.0,451.0,,38.0,,False,
2025-07-15T01:00:00.000Z,TR,Turkey,TR,392.0,455.0,,38.0,,False,
2025-07-15T02:00:00.000Z,TR,Turkey,TR,394.0,456.0,,38.0,,False,
2025-07-15T03:00:00.000Z,TR,Turkey,TR,397.0,456.0,,39.0,,False,
2025-07-15T04:00:00.000Z,TR,Turkey,TR,387.0,443.0,,42.0,,False,
2025-07-15T05:00:00.000Z,TR,Turkey,TR,362.0,417.0,,46.0,,False,
2025-07-15T06:00:00.000Z,TR,Turkey,TR,351.0,404.0,,48.0,,False,
2025-07-15T07:00:00.000Z,TR,Turkey,TR,348.0,402.0,,48.0,,False,
2025-07-15T08:00:00.000Z,TR,Turkey,TR,349.0,402.0,,48.0,,False,
2025-07-15T09:00:00.000Z,TR,Turkey,TR,346.0,399.0,,48.0,,False,
2025-07-15T10:00:00.000Z,TR,Turkey,TR,350.0,404.0,,48.0,,False,
2025-07-15T11:00:00.000Z,TR,Turkey,TR,350.0,404.0,,47.0,,False,
2025-07-15T12:00:00.000Z,TR,Turkey,TR,350.0,406.0,,46.0,,False,
2025-07-15T13:00:00.000Z,TR,Turkey,TR,344.0,402.0,,45.0,,False,
2025-07-15T14:00:00.000Z,TR,Turkey,TR,342.0,401.0,,44.0,,False,
2025-07-15T15:00:00.000Z,TR,Turkey,TR,340.0,400.0,,43.0,,False,
2025-07-15T16:00:00.000Z,TR,Turkey,TR,333.0,393.0,,45.0,,False,
2025-07-15T17:00:00.000Z,TR,Turkey,TR,327.0,387.0,,45.0,,False,
2025-07-15T18:00:00.000Z,TR,Turkey,TR,330.0,390.0,,45.0,,False,
2025-07-15T19:00:00.000Z,TR,Turkey,TR,341.0,403.0,,43.0,,False,
2025-07-15T20:00:00.000Z,TR,Turkey,TR,352.0,414.0,,42.0,,False,
2025-07-15T21:00:00.000Z,TR,Turkey,TR,362.0,424.0,,40.0,,False,
2025-07-15T22:00:00.000Z,TR,Turkey,TR,378.0,442.0,,38.0,,False,
2025-07-15T23:00:00.000Z,TR,Turkey,TR,387.0,451.0,,37.0,,False,
2025-07-16T00:00:00.000Z,TR,Turkey,TR,397.0,462.0,,36.0,,False,
2025-07-16T01:00:00.000Z,TR,Turkey,TR,404.0,469.0,,35.0,,False,
2025-07-16T02:00:00.000Z,TR,Turkey,TR,413.0,479.0,,33.0,,False,
2025-07-16T03:00:00.000Z,TR,Turkey,TR,415.0,481.0,,34.0,,False,
2025-07-16T04:00:00.000Z,TR,Turkey,TR,409.0,474.0,,35.0,,False,
2025-07-16T05:00:00.000Z,TR,Turkey,TR,384.0,449.0,,37.0,,False,
2025-07-16T06:00:00.000Z,TR,Turkey,TR,374.0,438.0,,39.0,,False,
2025-07-16T07:00:00.000Z,TR,Turkey,TR,380.0,444.0,,38.0,,False,
2025-07-16T08:00:00.000Z,TR,Turkey,TR,377.0,441.0,,38.0,,False,
2025-07-16T09:00:00.000Z,TR,Turkey,TR,387.0,452.0,,37.0,,False,
2025-07-16T10:00:00.000Z,TR,Turkey,TR,379.0,444.0,,37.0,,False,
2025-07-16T11:00:00.000Z,TR,Turkey,TR,352.0,415.0,,41.0,,False,
2025-07-16T12:00:00.000Z,TR,Turkey,TR,341.0,404.0,,42.0,,False,
2025-07-16T13:00:00.000Z,TR,Turkey,TR,341.0,406.0,,41.0,,False,
2025-07-16T14:00:00.000Z,TR,Turkey,TR,336.0,401.0,,41.0,,False,
2025-07-16T15:00:00.000Z,TR,Turkey,TR,339.0,405.0,,40.0,,False,
2025-07-16T16:00:00.000Z,TR,Turkey,TR,335.0,401.0,,40.0,,False,
2025-07-16T17:00:00.000Z,TR,Turkey,TR,331.0,397.0,,41.0,,False,
2025-07-16T18:00:00.000Z,TR,Turkey,TR,336.0,403.0,,40.0,,False,
2025-07-16T19:00:00.000Z,TR,Turkey,TR,350.0,419.0,,37.0,,False,
2025-07-16T20:00:00.000Z,TR,Turkey,TR,371.0,442.0,,34.0,,False,
2025-07-16T21:00:00.000Z,TR,Turkey,TR,392.0,466.0,,31.0,,False,
2025-07-16T22:00:00.000Z,TR,Turkey,TR,407.0,483.0,,28.0,,False,
2025-07-16T23:00:00.000Z,TR,Turkey,TR,418.0,494.0,,27.0,,False,
2025-07-17T00:00:00.000Z,TR,Turkey,TR,427.0,504.0,,25.0,,False,
2025-07-17T01:00:00.000Z,TR,Turkey,TR,434.0,512.0,,25.0,,False,
2025-07-17T02:00:00.000Z,TR,Turkey,TR,447.0,526.0,,22.0,,False,
2025-07-17T03:00:00.000Z,TR,Turkey,TR,455.0,533.0,,22.0,,False,
2025-07-17T04:00:00.000Z,TR,Turkey,TR,448.0,525.0,,24.0,,False,
2025-07-17T05:00:00.000Z,TR,Turkey,TR,424.0,501.0,,27.0,,False,
2025-07-17T06:00:00.000Z,TR,Turkey,TR,413.0,487.0,,29.0,,False,
2025-07-17T07:00:00.000Z,TR,Turkey,TR,419.0,495.0,,28.0,,False,
2025-07-17T08:00:00.000Z,TR,Turkey,TR,413.0,489.0,,28.0,,False,
2025-07-17T09:00:00.000Z,TR,Turkey,TR,425.0,500.0,,27.0,,False,
2025-07-17T10:00:00.000Z,TR,Turkey,TR,416.0,492.0,,28.0,,False,
2025-07-17T11:00:00.000Z,TR,Turkey,TR,400.0,474.0,,30.0,,False,
2025-07-17T12:00:00.000Z,TR,Turkey,TR,385.0,457.0,,33.0,,False,
2025-07-17T13:00:00.000Z,TR,Turkey,TR,369.0,439.0,,35.0,,False,
2025-07-17T14:00:00.000Z,TR,Turkey,TR,355.0,424.0,,37.0,,False,
2025-07-17T15:00:00.000Z,TR,Turkey,TR,352.0,421.0,,38.0,,False,
2025-07-17T16:00:00.000Z,TR,Turkey,TR,340.0,408.0,,39.0,,False,
2025-07-17T17:00:00.000Z,TR,Turkey,TR,334.0,401.0,,40.0,,False,
2025-07-17T18:00:00.000Z,TR,Turkey,TR,337.0,404.0,,40.0,,False,
2025-07-17T19:00:00.000Z,TR,Turkey,TR,347.0,416.0,,38.0,,False,
2025-07-17T20:00:00.000Z,TR,Turkey,TR,361.0,431.0,,36.0,,False,
2025-07-17T21:00:00.000Z,TR,Turkey,TR,382.0,455.0,,32.0,,False,
2025-07-17T22:00:00.000Z,TR,Turkey,TR,396.0,471.0,,30.0,,False,
2025-07-17T23:00:00.000Z,TR,Turkey,TR,414.0,491.0,,27.0,,False,
2025-07-18T00:00:00.000Z,TR,Turkey,TR,426.0,504.0,,25.0,,False,
2025-07-18T01:00:00.000Z,TR,Turkey,TR,427.0,505.0,,25.0,,False,
2025-07-18T02:00:00.000Z,TR,Turkey,TR,434.0,512.0,,24.0,,False,
2025-07-18T03:00:00.000Z,TR,Turkey,TR,447.0,527.0,,22.0,,False,
2025-07-18T04:00:00.000Z,TR,Turkey,TR,437.0,514.0,,25.0,,False,
2025-07-18T05:00:00.000Z,TR,Turkey,TR,412.0,487.0,,28.0,,False,
2025-07-18T06:00:00.000Z,TR,Turkey,TR,401.0,474.0,,30.0,,False,
2025-07-18T07:00:00.000Z,TR,Turkey,TR,403.0,477.0,,30.0,,False,
2025-07-18T08:00:00.000Z,TR,Turkey,TR,400.0,473.0,,31.0,,False,
2025-07-18T09:00:00.000Z,TR,Turkey,TR,404.0,476.0,,31.0,,False,
2025-07-18T10:00:00.000Z,TR,Turkey,TR,401.0,474.0,,31.0,,False,
2025-07-18T11:00:00.000Z,TR,Turkey,TR,381.0,452.0,,34.0,,False,
2025-07-18T12:00:00.000Z,TR,Turkey,TR,371.0,442.0,,35.0,,False,
2025-07-18T13:00:00.000Z,TR,Turkey,TR,361.0,431.0,,36.0,,False,
2025-07-18T14:00:00.000Z,TR,Turkey,TR,355.0,424.0,,37.0,,False,
2025-07-18T15:00:00.000Z,TR,Turkey,TR,353.0,422.0,,37.0,,False,
2025-07-18T16:00:00.000Z,TR,Turkey,TR,350.0,419.0,,38.0,,False,
2025-07-18T17:00:00.000Z,TR,Turkey,TR,343.0,411.0,,39.0,,False,
2025-07-18T18:00:00.000Z,TR,Turkey,TR,342.0,410.0,,39.0,,False,
2025-07-18T19:00:00.000Z,TR,Turkey,TR,355.0,425.0,,37.0,,False,
2025-07-18T20:00:00.000Z,TR,Turkey,TR,370.0,441.0,,35.0,,False,
2025-07-18T21:00:00.000Z,TR,Turkey,TR,385.0,458.0,,32.0,,False,
2025-07-18T22:00:00.000Z,TR,Turkey,TR,394.0,468.0,,31.0,,False,
2025-07-18T23:00:00.000Z,TR,Turkey,TR,408.0,483.0,,28.0,,False,
2025-07-19T00:00:00.000Z,TR,Turkey,TR,415.0,489.0,,28.0,,False,
2025-07-19T01:00:00.000Z,TR,Turkey,TR,416.0,490.0,,28.0,,False,
2025-07-19T02:00:00.000Z,TR,Turkey,TR,426.0,501.0,,27.0,,False,
2025-07-19T03:00:00.000Z,TR,Turkey,TR,432.0,506.0,,27.0,,False,
2025-07-19T04:00:00.000Z,TR,Turkey,TR,416.0,488.0,,30.0,,False,
2025-07-19T05:00:00.000Z,TR,Turkey,TR,406.0,478.0,,32.0,,False,
2025-07-19T06:00:00.000Z,TR,Turkey,TR,402.0,474.0,,32.0,,False,
2025-07-19T07:00:00.000Z,TR,Turkey,TR,396.0,465.0,,34.0,,False,
2025-07-19T08:00:00.000Z,TR,Turkey,TR,380.0,445.0,,38.0,,False,
2025-07-19T09:00:00.000Z,TR,Turkey,TR,381.0,445.0,,39.0,,False,
2025-07-19T10:00:00.000Z,TR,Turkey,TR,371.0,435.0,,40.0,,False,
2025-07-19T11:00:00.000Z,TR,Turkey,TR,360.0,422.0,,42.0,,False,
2025-07-19T12:00:00.000Z,TR,Turkey,TR,362.0,424.0,,42.0,,False,
2025-07-19T13:00:00.000Z,TR,Turkey,TR,362.0,426.0,,40.0,,False,
2025-07-19T14:00:00.000Z,TR,Turkey,TR,358.0,423.0,,39.0,,False,
2025-07-19T15:00:00.000Z,TR,Turkey,TR,347.0,413.0,,40.0,,False,
2025-07-19T16:00:00.000Z,TR,Turkey,TR,340.0,405.0,,41.0,,False,
2025-07-19T17:00:00.000Z,TR,Turkey,TR,330.0,395.0,,42.0,,False,
2025-07-19T18:00:00.000Z,TR,Turkey,TR,333.0,397.0,,42.0,,False,
2025-07-19T19:00:00.000Z,TR,Turkey,TR,341.0,407.0,,41.0,,False,
2025-07-19T20:00:00.000Z,TR,Turkey,TR,353.0,419.0,,39.0,,False,
2025-07-19T21:00:00.000Z,TR,Turkey,TR,373.0,442.0,,35.0,,False,
2025-07-19T22:00:00.000Z,TR,Turkey,TR,383.0,453.0,,34.0,,False,
2025-07-19T23:00:00.000Z,TR,Turkey,TR,397.0,468.0,,32.0,,False,
2025-07-20T00:00:00.000Z,TR,Turkey,TR,403.0,474.0,,32.0,,False,
2025-07-20T01:00:00.000Z,TR,Turkey,TR,412.0,483.0,,31.0,,False,
2025-07-20T02:00:00.000Z,TR,Turkey,TR,419.0,489.0,,31.0,,False,
2025-07-20T03:00:00.000Z,TR,Turkey,TR,422.0,488.0,,33.0,,False,
2025-07-20T04:00:00.000Z,TR,Turkey,TR,412.0,477.0,,36.0,,False,
2025-07-20T05:00:00.000Z,TR,Turkey,TR,404.0,465.0,,39.0,,False,
2025-07-20T06:00:00.000Z,TR,Turkey,TR,395.0,456.0,,41.0,,False,
2025-07-20T07:00:00.000Z,TR,Turkey,TR,382.0,442.0,,43.0,,False,
2025-07-20T08:00:00.000Z,TR,Turkey,TR,362.0,419.0,,46.0,,False,
2025-07-20T09:00:00.000Z,TR,Turkey,TR,362.0,419.0,,46.0,,False,
2025-07-20T10:00:00.000Z,TR,Turkey,TR,369.0,426.0,,45.0,,False,
2025-07-20T11:00:00.000Z,TR,Turkey,TR,370.0,426.0,,45.0,,False,
2025-07-20T12:00:00.000Z,TR,Turkey,TR,381.0,437.0,,44.0,,False,
2025-07-20T13:00:00.000Z,TR,Turkey,TR,367.0,423.0,,45.0,,False,
2025-07-20T14:00:00.000Z,TR,Turkey,TR,359.0,419.0,,43.0,,False,
2025-07-20T15:00:00.000Z,TR,Turkey,TR,360.0,425.0,,40.0,,False,
2025-07-20T16:00:00.000Z,TR,Turkey,TR,349.0,413.0,,41.0,,False,
2025-07-20T17:00:00.000Z,TR,Turkey,TR,337.0,400.0,,43.0,,False,
2025-07-20T18:00:00.000Z,TR,Turkey,TR,338.0,401.0,,43.0,,False,
2025-07-20T19:00:00.000Z,TR,Turkey,TR,345.0,408.0,,42.0,,False,
2025-07-20T20:00:00.000Z,TR,Turkey,TR,357.0,421.0,,40.0,,False,
2025-07-20T21:00:00.000Z,TR,Turkey,TR,367.0,433.0,,38.0,,False,
2025-07-20T22:00:00.000Z,TR,Turkey,TR,378.0,445.0,,37.0,,False,
2025-07-20T23:00:00.000Z,TR,Turkey,TR,388.0,455.0,,35.0,,False,
2025-07-21T00:00:00.000Z,TR,Turkey,TR,399.0,467.0,,34.0,,False,
2025-07-21T01:00:00.000Z,TR,Turkey,TR,410.0,480.0,,32.0,,False,
2025-07-21T02:00:00.000Z,TR,Turkey,TR,421.0,491.0,,31.0,,False,
2025-07-21T03:00:00.000Z,TR,Turkey,TR,434.0,505.0,,29.0,,False,
2025-07-21T04:00:00.000Z,TR,Turkey,TR,426.0,496.0,,30.0,,False,
2025-07-21T05:00:00.000Z,TR,Turkey,TR,398.0,468.0,,34.0,,False,
2025-07-21T06:00:00.000Z,TR,Turkey,TR,387.0,455.0,,35.0,,False,
2025-07-21T07:00:00.000Z,TR,Turkey,TR,387.0,456.0,,35.0,,False,
2025-07-21T08:00:00.000Z,TR,Turkey,TR,386.0,454.0,,36.0,,False,
2025-07-21T09:00:00.000Z,TR,Turkey,TR,393.0,461.0,,35.0,,False,
2025-07-21T10:00:00.000Z,TR,Turkey,TR,380.0,448.0,,36.0,,False,
2025-07-21T11:00:00.000Z,TR,Turkey,TR,368.0,434.0,,38.0,,False,
2025-07-21T12:00:00.000Z,TR,Turkey,TR,368.0,437.0,,36.0,,False,
2025-07-21T13:00:00.000Z,TR,Turkey,TR,362.0,432.0,,36.0,,False,
2025-07-21T14:00:00.000Z,TR,Turkey,TR,341.0,409.0,,39.0,,False,
2025-07-21T15:00:00.000Z,TR,Turkey,TR,336.0,404.0,,40.0,,False,
2025-07-21T16:00:00.000Z,TR,Turkey,TR,327.0,394.0,,41.0,,False,
2025-07-21T17:00:00.000Z,TR,Turkey,TR,323.0,389.0,,42.0,,False,
2025-07-21T18:00:00.000Z,TR,Turkey,TR,324.0,390.0,,42.0,,False,
2025-07-21T19:00:00.000Z,TR,Turkey,TR,338.0,406.0,,40.0,,False,
2025-07-21T20:00:00.000Z,TR,Turkey,TR,353.0,423.0,,37.0,,False,
2025-07-21T21:00:00.000Z,TR,Turkey,TR,374.0,447.0,,33.0,,False,
2025-07-21T22:00:00.000Z,TR,Turkey,TR,397.0,473.0,,29.0,,False,
2025-07-21T23:00:00.000Z,TR,Turkey,TR,411.0,488.0,,27.0,,False,
2025-07-22T00:00:00.000Z,TR,Turkey,TR,420.0,498.0,,26.0,,False,
2025-07-22T01:00:00.000Z,TR,Turkey,TR,419.0,496.0,,27.0,,False,
2025-07-22T02:00:00.000Z,TR,Turkey,TR,428.0,506.0,,25.0,,False,
2025-07-22T03:00:00.000Z,TR,Turkey,TR,438.0,516.0,,24.0,,False,
2025-07-22T04:00:00.000Z,TR,Turkey,TR,430.0,506.0,,26.0,,False,
2025-07-22T05:00:00.000Z,TR,Turkey,TR,405.0,479.0,,30.0,,False,
2025-07-22T06:00:00.000Z,TR,Turkey,TR,392.0,463.0,,33.0,,False,
2025-07-22T07:00:00.000Z,TR,Turkey,TR,395.0,468.0,,32.0,,False,
2025-07-22T08:00:00.000Z,TR,Turkey,TR,391.0,463.0,,33.0,,False,
2025-07-22T09:00:00.000Z,TR,Turkey,TR,402.0,474.0,,31.0,,False,
2025-07-22T10:00:00.000Z,TR,Turkey,TR,388.0,459.0,,33.0,,False,
2025-07-22T11:00:00.000Z,TR,Turkey,TR,368.0,436.0,,37.0,,False,
2025-07-22T12:00:00.000Z,TR,Turkey,TR,364.0,433.0,,37.0,,False,
2025-07-22T13:00:00.000Z,TR,Turkey,TR,347.0,414.0,,39.0,,False,
2025-07-22T14:00:00.000Z,TR,Turkey,TR,334.0,400.0,,41.0,,False,
2025-07-22T15:00:00.000Z,TR,Turkey,TR,326.0,392.0,,42.0,,False,
2025-07-22T16:00:00.000Z,TR,Turkey,TR,321.0,386.0,,43.0,,False,
2025-07-22T17:00:00.000Z,TR,Turkey,TR,323.0,389.0,,42.0,,False,
2025-07-22T18:00:00.000Z,TR,Turkey,TR,323.0,389.0,,42.0,,False,
2025-07-22T19:00:00.000Z,TR,Turkey,TR,327.0,394.0,,41.0,,False,
2025-07-22T20:00:00.000Z,TR,Turkey,TR,342.0,411.0,,39.0,,False,
2025-07-22T21:00:00.000Z,TR,Turkey,TR,360.0,431.0,,36.0,,False,
2025-07-22T22:00:00.000Z,TR,Turkey,TR,379.0,453.0,,32.0,,False,
2025-07-22T23:00:00.000Z,TR,Turkey,TR,397.0,474.0,,29.0,,False,
2025-07-23T00:00:00.000Z,TR,Turkey,TR,413.0,492.0,,26.0,,False,
2025-07-23T01:00:00.000Z,TR,Turkey,TR,418.0,496.0,,25.0,,False,
2025-07-23T02:00:00.000Z,TR,Turkey,TR,429.0,509.0,,24.0,,False,
2025-07-23T03:00:00.000Z,TR,Turkey,TR,445.0,526.0,,21.0,,False,
2025-07-23T04:00:00.000Z,TR,Turkey,TR,443.0,524.0,,22.0,,False,
2025-07-23T05:00:00.000Z,TR,Turkey,TR,418.0,497.0,,26.0,,False,
2025-07-23T06:00:00.000Z,TR,Turkey,TR,401.0,477.0,,29.0,,False,
2025-07-23T07:00:00.000Z,TR,Turkey,TR,403.0,479.0,,28.0,,False,
2025-07-23T08:00:00.000Z,TR,Turkey,TR,397.0,472.0,,30.0,,False,
2025-07-23T09:00:00.000Z,TR,Turkey,TR,403.0,478.0,,29.0,,False,
2025-07-23T10:00:00.000Z,TR,Turkey,TR,388.0,461.0,,32.0,,False,
2025-07-23T11:00:00.000Z,TR,Turkey,TR,365.0,433.0,,37.0,,False,
2025-07-23T12:00:00.000Z,TR,Turkey,TR,356.0,423.0,,38.0,,False,
2025-07-23T13:00:00.000Z,TR,Turkey,TR,337.0,403.0,,41.0,,False,
2025-07-23T14:00:00.000Z,TR,Turkey,TR,316.0,379.0,,45.0,,False,
2025-07-23T15:00:00.000Z,TR,Turkey,TR,316.0,379.0,,44.0,,False,
2025-07-23T16:00:00.000Z,TR,Turkey,TR,307.0,368.0,,47.0,,False,
2025-07-23T17:00:00.000Z,TR,Turkey,TR,303.0,364.0,,47.0,,False,
2025-07-23T18:00:00.000Z,TR,Turkey,TR,306.0,366.0,,47.0,,False,
2025-07-23T19:00:00.000Z,TR,Turkey,TR,318.0,381.0,,44.0,,False,
2025-07-23T20:00:00.000Z,TR,Turkey,TR,331.0,396.0,,42.0,,False,
2025-07-23T21:00:00.000Z,TR,Turkey,TR,353.0,420.0,,38.0,,False,
2025-07-23T22:00:00.000Z,TR,Turkey,TR,375.0,446.0,,33.0,,False,
2025-07-23T23:00:00.000Z,TR,Turkey,TR,387.0,460.0,,31.0,,False,
2025-07-24T00:00:00.000Z,TR,Turkey,TR,396.0,470.0,,30.0,,False,
2025-07-24T01:00:00.000Z,TR,Turkey,TR,404.0,477.0,,29.0,,False,
2025-07-24T02:00:00.000Z,TR,Turkey,TR,412.0,487.0,,28.0,,False,
2025-07-24T03:00:00.000Z,TR,Turkey,TR,412.0,485.0,,28.0,,False,
2025-07-24T04:00:00.000Z,TR,Turkey,TR,408.0,479.0,,31.0,,False,
2025-07-24T05:00:00.000Z,TR,Turkey,TR,388.0,458.0,,33.0,,False,
2025-07-24T06:00:00.000Z,TR,Turkey,TR,383.0,453.0,,34.0,,False,
2025-07-24T07:00:00.000Z,TR,Turkey,TR,383.0,453.0,,34.0,,False,
2025-07-24T08:00:00.000Z,TR,Turkey,TR,380.0,449.0,,35.0,,False,
2025-07-24T09:00:00.000Z,TR,Turkey,TR,381.0,449.0,,35.0,,False,
2025-07-24T10:00:00.000Z,TR,Turkey,TR,374.0,442.0,,35.0,,False,
2025-07-24T11:00:00.000Z,TR,Turkey,TR,359.0,425.0,,38.0,,False,
2025-07-24T12:00:00.000Z,TR,Turkey,TR,352.0,418.0,,39.0,,False,
2025-07-24T13:00:00.000Z,TR,Turkey,TR,343.0,409.0,,39.0,,False,
2025-07-24T14:00:00.000Z,TR,Turkey,TR,330.0,395.0,,41.0,,False,
2025-07-24T15:00:00.000Z,TR,Turkey,TR,322.0,387.0,,42.0,,False,
2025-07-24T16:00:00.000Z,TR,Turkey,TR,315.0,379.0,,43.0,,False,
2025-07-24T17:00:00.000Z,TR,Turkey,TR,311.0,374.0,,44.0,,False,
2025-07-24T18:00:00.000Z,TR,Turkey,TR,313.0,377.0,,44.0,,False,
2025-07-24T19:00:00.000Z,TR,Turkey,TR,325.0,390.0,,42.0,,False,
2025-07-24T20:00:00.000Z,TR,Turkey,TR,340.0,406.0,,39.0,,False,
2025-07-24T21:00:00.000Z,TR,Turkey,TR,354.0,423.0,,37.0,,False,
2025-07-24T22:00:00.000Z,TR,Turkey,TR,367.0,437.0,,35.0,,False,
2025-07-24T23:00:00.000Z,TR,Turkey,TR,379.0,450.0,,33.0,,False,
2025-07-25T00:00:00.000Z,TR,Turkey,TR,383.0,453.0,,33.0,,False,
2025-07-25T01:00:00.000Z,TR,Turkey,TR,389.0,460.0,,32.0,,False,
2025-07-25T02:00:00.000Z,TR,Turkey,TR,398.0,470.0,,31.0,,False,
2025-07-25T03:00:00.000Z,TR,Turkey,TR,405.0,476.0,,30.0,,False,
2025-07-25T04:00:00.000Z,TR,Turkey,TR,398.0,468.0,,32.0,,False,
2025-07-25T05:00:00.000Z,TR,Turkey,TR,383.0,453.0,,34.0,,False,
2025-07-25T06:00:00.000Z,TR,Turkey,TR,376.0,445.0,,35.0,,False,
2025-07-25T07:00:00.000Z,TR,Turkey,TR,375.0,444.0,,35.0,,False,
2025-07-25T08:00:00.000Z,TR,Turkey,TR,376.0,445.0,,35.0,,False,
2025-07-25T09:00:00.000Z,TR,Turkey,TR,382.0,451.0,,34.0,,False,
2025-07-25T10:00:00.000Z,TR,Turkey,TR,372.0,440.0,,36.0,,False,
2025-07-25T11:00:00.000Z,TR,Turkey,TR,355.0,421.0,,38.0,,False,
2025-07-25T12:00:00.000Z,TR,Turkey,TR,346.0,412.0,,40.0,,False,
2025-07-25T13:00:00.000Z,TR,Turkey,TR,340.0,406.0,,40.0,,False,
2025-07-25T14:00:00.000Z,TR,Turkey,TR,327.0,392.0,,42.0,,False,
2025-07-25T15:00:00.000Z,TR,Turkey,TR,324.0,389.0,,42.0,,False,
2025-07-25T16:00:00.000Z,TR,Turkey,TR,320.0,385.0,,42.0,,False,
2025-07-25T17:00:00.000Z,TR,Turkey,TR,315.0,379.0,,43.0,,False,
2025-07-25T18:00:00.000Z,TR,Turkey,TR,318.0,382.0,,43.0,,False,
2025-07-25T19:00:00.000Z,TR,Turkey,TR,327.0,393.0,,41.0,,False,
2025-07-25T20:00:00.000Z,TR,Turkey,TR,337.0,403.0,,40.0,,False,
2025-07-25T21:00:00.000Z,TR,Turkey,TR,349.0,417.0,,38.0,,False,
2025-07-25T22:00:00.000Z,TR,Turkey,TR,360.0,428.0,,36.0,,False,
2025-07-25T23:00:00.000Z,TR,Turkey,TR,365.0,433.0,,36.0,,False,
2025-07-26T00:00:00.000Z,TR,Turkey,TR,369.0,436.0,,36.0,,False,
2025-07-26T01:00:00.000Z,TR,Turkey,TR,374.0,442.0,,35.0,,False,
2025-07-26T02:00:00.000Z,TR,Turkey,TR,379.0,447.0,,35.0,,False,
2025-07-26T03:00:00.000Z,TR,Turkey,TR,392.0,461.0,,33.0,,False,
2025-07-26T04:00:00.000Z,TR,Turkey,TR,389.0,456.0,,35.0,,False,
2025-07-26T05:00:00.000Z,TR,Turkey,TR,382.0,448.0,,37.0,,False,
2025-07-26T06:00:00.000Z,TR,Turkey,TR,380.0,445.0,,37.0,,False,
2025-07-26T07:00:00.000Z,TR,Turkey,TR,378.0,442.0,,39.0,,False,
2025-07-26T08:00:00.000Z,TR,Turkey,TR,373.0,435.0,,39.0,,False,
2025-07-26T09:00:00.000Z,TR,Turkey,TR,374.0,435.0,,40.0,,False,
2025-07-26T10:00:00.000Z,TR,Turkey,TR,366.0,428.0,,40.0,,False,
2025-07-26T11:00:00.000Z,TR,Turkey,TR,355.0,415.0,,42.0,,False,
2025-07-26T12:00:00.000Z,TR,Turkey,TR,344.0,403.0,,44.0,,False,
2025-07-26T13:00:00.000Z,TR,Turkey,TR,340.0,400.0,,44.0,,False,
2025-07-26T14:00:00.000Z,TR,Turkey,TR,338.0,401.0,,42.0,,False,
2025-07-26T15:00:00.000Z,TR,Turkey,TR,329.0,392.0,,43.0,,False,
2025-07-26T16:00:00.000Z,TR,Turkey,TR,320.0,383.0,,44.0,,False,
2025-07-26T17:00:00.000Z,TR,Turkey,TR,317.0,379.0,,44.0,,False,
2025-07-26T18:00:00.000Z,TR,Turkey,TR,320.0,382.0,,44.0,,False,
2025-07-26T19:00:00.000Z,TR,Turkey,TR,332.0,397.0,,41.0,,False,
2025-07-26T20:00:00.000Z,TR,Turkey,TR,343.0,409.0,,40.0,,False,
2025-07-26T21:00:00.000Z,TR,Turkey,TR,360.0,428.0,,37.0,,False,
2025-07-26T22:00:00.000Z,TR,Turkey,TR,373.0,443.0,,35.0,,False,
2025-07-26T23:00:00.000Z,TR,Turkey,TR,387.0,458.0,,32.0,,False,
2025-07-27T00:00:00.000Z,TR,Turkey,TR,397.0,470.0,,31.0,,False,
2025-07-27T01:00:00.000Z,TR,Turkey,TR,409.0,482.0,,29.0,,False,
2025-07-27T02:00:00.000Z,TR,Turkey,TR,422.0,498.0,,26.0,,False,
2025-07-27T03:00:00.000Z,TR,Turkey,TR,436.0,512.0,,25.0,,False,
2025-07-27T04:00:00.000Z,TR,Turkey,TR,445.0,520.0,,26.0,,False,
2025-07-27T05:00:00.000Z,TR,Turkey,TR,445.0,516.0,,28.0,,False,
2025-07-27T06:00:00.000Z,TR,Turkey,TR,445.0,516.0,,29.0,,False,
2025-07-27T07:00:00.000Z,TR,Turkey,TR,443.0,513.0,,29.0,,False,
2025-07-27T08:00:00.000Z,TR,Turkey,TR,443.0,513.0,,30.0,,False,
2025-07-27T09:00:00.000Z,TR,Turkey,TR,443.0,512.0,,30.0,,False,
2025-07-27T10:00:00.000Z,TR,Turkey,TR,431.0,500.0,,31.0,,False,
2025-07-27T11:00:00.000Z,TR,Turkey,TR,417.0,485.0,,33.0,,False,
2025-07-27T12:00:00.000Z,TR,Turkey,TR,412.0,481.0,,32.0,,False,
2025-07-27T13:00:00.000Z,TR,Turkey,TR,401.0,472.0,,32.0,,False,
2025-07-27T14:00:00.000Z,TR,Turkey,TR,382.0,453.0,,34.0,,False,
2025-07-27T15:00:00.000Z,TR,Turkey,TR,370.0,441.0,,35.0,,False,
2025-07-27T16:00:00.000Z,TR,Turkey,TR,355.0,425.0,,37.0,,False,
2025-07-27T17:00:00.000Z,TR,Turkey,TR,345.0,414.0,,38.0,,False,
2025-07-27T18:00:00.000Z,TR,Turkey,TR,348.0,419.0,,37.0,,False,
2025-07-27T19:00:00.000Z,TR,Turkey,TR,356.0,427.0,,36.0,,False,
2025-07-27T20:00:00.000Z,TR,Turkey,TR,365.0,437.0,,34.0,,False,
2025-07-27T21:00:00.000Z,TR,Turkey,TR,381.0,456.0,,31.0,,False,
2025-07-27T22:00:00.000Z,TR,Turkey,TR,397.0,474.0,,28.0,,False,
2025-07-27T23:00:00.000Z,TR,Turkey,TR,417.0,497.0,,25.0,,False,
2025-07-28T00:00:00.000Z,TR,Turkey,TR,430.0,512.0,,22.0,,False,
2025-07-28T01:00:00.000Z,TR,Turkey,TR,440.0,523.0,,21.0,,False,
2025-07-28T02:00:00.000Z,TR,Turkey,TR,452.0,536.0,,19.0,,False,
2025-07-28T03:00:00.000Z,TR,Turkey,TR,463.0,547.0,,17.0,,False,
2025-07-28T04:00:00.000Z,TR,Turkey,TR,452.0,535.0,,19.0,,False,
2025-07-28T05:00:00.000Z,TR,Turkey,TR,411.0,490.0,,26.0,,False,
2025-07-28T06:00:00.000Z,TR,Turkey,TR,393.0,469.0,,30.0,,False,
2025-07-28T07:00:00.000Z,TR,Turkey,TR,396.0,472.0,,29.0,,False,
2025-07-28T08:00:00.000Z,TR,Turkey,TR,389.0,465.0,,30.0,,False,
2025-07-28T09:00:00.000Z,TR,Turkey,TR,398.0,474.0,,29.0,,False,
2025-07-28T10:00:00.000Z,TR,Turkey,TR,385.0,459.0,,31.0,,False,
2025-07-28T11:00:00.000Z,TR,Turkey,TR,361.0,432.0,,36.0,,False,
2025-07-28T12:00:00.000Z,TR,Turkey,TR,350.0,419.0,,37.0,,False,
2025-07-28T13:00:00.000Z,TR,Turkey,TR,335.0,402.0,,40.0,,False,
2025-07-28T14:00:00.000Z,TR,Turkey,TR,321.0,386.0,,43.0,,False,
2025-07-28T15:00:00.000Z,TR,Turkey,TR,324.0,390.0,,42.0,,False,
2025-07-28T16:00:00.000Z,TR,Turkey,TR,323.0,389.0,,42.0,,False,
2025-07-28T17:00:00.000Z,TR,Turkey,TR,325.0,391.0,,42.0,,False,
2025-07-28T18:00:00.000Z,TR,Turkey,TR,327.0,394.0,,42.0,,False,
2025-07-28T19:00:00.000Z,TR,Turkey,TR,331.0,399.0,,41.0,,False,
2025-07-28T20:00:00.000Z,TR,Turkey,TR,343.0,411.0,,39.0,,False,
2025-07-28T21:00:00.000Z,TR,Turkey,TR,359.0,430.0,,36.0,,False,
2025-07-28T22:00:00.000Z,TR,Turkey,TR,376.0,450.0,,33.0,,False,
2025-07-28T23:00:00.000Z,TR,Turkey,TR,393.0,468.0,,30.0,,False,
2025-07-29T00:00:00.000Z,TR,Turkey,TR,408.0,486.0,,27.0,,False,
2025-07-29T01:00:00.000Z,TR,Turkey,TR,415.0,494.0,,25.0,,False,
2025-07-29T02:00:00.000Z,TR,Turkey,TR,427.0,507.0,,23.0,,False,
2025-07-29T03:00:00.000Z,TR,Turkey,TR,443.0,525.0,,21.0,,False,
2025-07-29T04:00:00.000Z,TR,Turkey,TR,439.0,520.0,,22.0,,False,
2025-07-29T05:00:00.000Z,TR,Turkey,TR,410.0,488.0,,26.0,,False,
2025-07-29T06:00:00.000Z,TR,Turkey,TR,397.0,474.0,,29.0,,False,
2025-07-29T07:00:00.000Z,TR,Turkey,TR,401.0,477.0,,28.0,,False,
2025-07-29T08:00:00.000Z,TR,Turkey,TR,400.0,477.0,,29.0,,False,
2025-07-29T09:00:00.000Z,TR,Turkey,TR,408.0,485.0,,28.0,,False,
2025-07-29T10:00:00.000Z,TR,Turkey,TR,396.0,471.0,,30.0,,False,
2025-07-29T11:00:00.000Z,TR,Turkey,TR,375.0,448.0,,33.0,,False,
2025-07-29T12:00:00.000Z,TR,Turkey,TR,362.0,433.0,,36.0,,False,
2025-07-29T13:00:00.000Z,TR,Turkey,TR,349.0,418.0,,38.0,,False,
2025-07-29T14:00:00.000Z,TR,Turkey,TR,335.0,402.0,,40.0,,False,
2025-07-29T15:00:00.000Z,TR,Turkey,TR,331.0,398.0,,41.0,,False,
2025-07-29T16:00:00.000Z,TR,Turkey,TR,326.0,393.0,,42.0,,False,
2025-07-29T17:00:00.000Z,TR,Turkey,TR,325.0,391.0,,42.0,,False,
2025-07-29T18:00:00.000Z,TR,Turkey,TR,328.0,395.0,,41.0,,False,
2025-07-29T19:00:00.000Z,TR,Turkey,TR,332.0,401.0,,40.0,,False,
2025-07-29T20:00:00.000Z,TR,Turkey,TR,345.0,415.0,,38.0,,False,
2025-07-29T21:00:00.000Z,TR,Turkey,TR,360.0,431.0,,35.0,,False,
2025-07-29T22:00:00.000Z,TR,Turkey,TR,375.0,448.0,,33.0,,False,
2025-07-29T23:00:00.000Z,TR,Turkey,TR,390.0,465.0,,30.0,,False,
2025-07-30T00:00:00.000Z,TR,Turkey,TR,402.0,479.0,,28.0,,False,
2025-07-30T01:00:00.000Z,TR,Turkey,TR,413.0,491.0,,26.0,,False,
2025-07-30T02:00:00.000Z,TR,Turkey,TR,423.0,502.0,,24.0,,False,
2025-07-30T03:00:00.000Z,TR,Turkey,TR,437.0,518.0,,22.0,,False,
2025-07-30T04:00:00.000Z,TR,Turkey,TR,433.0,514.0,,23.0,,False,
2025-07-30T05:00:00.000Z,TR,Turkey,TR,404.0,481.0,,28.0,,False,
2025-07-30T06:00:00.000Z,TR,Turkey,TR,395.0,469.0,,30.0,,False,
2025-07-30T07:00:00.000Z,TR,Turkey,TR,391.0,465.0,,31.0,,False,
2025-07-30T08:00:00.000Z,TR,Turkey,TR,393.0,468.0,,30.0,,False,
2025-07-30T09:00:00.000Z,TR,Turkey,TR,400.0,475.0,,29.0,,False,
2025-07-30T10:00:00.000Z,TR,Turkey,TR,393.0,466.0,,31.0,,False,
2025-07-30T11:00:00.000Z,TR,Turkey,TR,371.0,442.0,,34.0,,False,
2025-07-30T12:00:00.000Z,TR,Turkey,TR,360.0,430.0,,36.0,,False,
2025-07-30T13:00:00.000Z,TR,Turkey,TR,349.0,417.0,,38.0,,False,
2025-07-30T14:00:00.000Z,TR,Turkey,TR,334.0,400.0,,41.0,,False,
2025-07-30T15:00:00.000Z,TR,Turkey,TR,330.0,397.0,,41.0,,False,
2025-07-30T16:00:00.000Z,TR,Turkey,TR,326.0,392.0,,42.0,,False,
2025-07-30T17:00:00.000Z,TR,Turkey,TR,321.0,386.0,,42.0,,False,
2025-07-30T18:00:00.000Z,TR,Turkey,TR,324.0,389.0,,42.0,,False,
2025-07-30T19:00:00.000Z,TR,Turkey,TR,337.0,404.0,,40.0,,False,
2025-07-30T20:00:00.000Z,TR,Turkey,TR,347.0,415.0,,38.0,,False,
2025-07-30T21:00:00.000Z,TR,Turkey,TR,363.0,433.0,,35.0,,False,
2025-07-30T22:00:00.000Z,TR,Turkey,TR,375.0,447.0,,33.0,,False,
2025-07-30T23:00:00.000Z,TR,Turkey,TR,388.0,461.0,,31.0,,False,
2025-07-31T00:00:00.000Z,TR,Turkey,TR,398.0,471.0,,30.0,,False,
2025-07-31T01:00:00.000Z,TR,Turkey,TR,399.0,472.0,,30.0,,False,
2025-07-31T02:00:00.000Z,TR,Turkey,TR,405.0,478.0,,29.0,,False,
2025-07-31T03:00:00.000Z,TR,Turkey,TR,413.0,485.0,,29.0,,False,
2025-07-31T04:00:00.000Z,TR,Turkey,TR,406.0,477.0,,30.0,,False,
2025-07-31T05:00:00.000Z,TR,Turkey,TR,384.0,454.0,,33.0,,False,
2025-07-31T06:00:00.000Z,TR,Turkey,TR,379.0,448.0,,34.0,,False,
2025-07-31T07:00:00.000Z,TR,Turkey,TR,385.0,456.0,,33.0,,False,
2025-07-31T08:00:00.000Z,TR,Turkey,TR,385.0,454.0,,34.0,,False,
2025-07-31T09:00:00.000Z,TR,Turkey,TR,383.0,451.0,,35.0,,False,
2025-07-31T10:00:00.000Z,TR,Turkey,TR,378.0,447.0,,35.0,,False,
2025-07-31T11:00:00.000Z,TR,Turkey,TR,368.0,437.0,,36.0,,False,
2025-07-31T12:00:00.000Z,TR,Turkey,TR,359.0,427.0,,37.0,,False,
2025-07-31T13:00:00.000Z,TR,Turkey,TR,349.0,416.0,,38.0,,False,
2025-07-31T14:00:00.000Z,TR,Turkey,TR,335.0,401.0,,41.0,,False,
2025-07-31T15:00:00.000Z,TR,Turkey,TR,337.0,403.0,,40.0,,False,
2025-07-31T16:00:00.000Z,TR,Turkey,TR,331.0,397.0,,41.0,,False,
2025-07-31T17:00:00.000Z,TR,Turkey,TR,324.0,389.0,,42.0,,False,
2025-07-31T18:00:00.000Z,TR,Turkey,TR,327.0,392.0,,42.0,,False,
2025-07-31T19:00:00.000Z,TR,Turkey,TR,339.0,406.0,,39.0,,False,
2025-07-31T20:00:00.000Z,TR,Turkey,TR,350.0,417.0,,38.0,,False,
2025-07-31T21:00:00.000Z,TR,Turkey,TR,365.0,434.0,,35.0,,False,
2025-07-31T22:00:00.000Z,TR,Turkey,TR,377.0,448.0,,33.0,,False,
2025-07-31T23:00:00.000Z,TR,Turkey,TR,387.0,457.0,,32.0,,False,
2025-08-01T00:00:00.000Z,TR,Turkey,TR,392.0,462.0,,32.0,,False,
2025-08-01T01:00:00.000Z,TR,Turkey,TR,394.0,463.0,,33.0,,False,
2025-08-01T02:00:00.000Z,TR,Turkey,TR,382.0,450.0,,35.0,,False,
2025-08-01T03:00:00.000Z,TR,Turkey,TR,402.0,469.0,,33.0,,False,
2025-08-01T04:00:00.000Z,TR,Turkey,TR,394.0,460.0,,35.0,,False,
2025-08-01T05:00:00.000Z,TR,Turkey,TR,373.0,438.0,,38.0,,False,
2025-08-01T06:00:00.000Z,TR,Turkey,TR,365.0,428.0,,39.0,,False,
2025-08-01T07:00:00.000Z,TR,Turkey,TR,366.0,429.0,,39.0,,False,
2025-08-01T08:00:00.000Z,TR,Turkey,TR,355.0,418.0,,41.0,,False,
2025-08-01T09:00:00.000Z,TR,Turkey,TR,377.0,439.0,,39.0,,False,
2025-08-01T10:00:00.000Z,TR,Turkey,TR,358.0,420.0,,41.0,,False,
2025-08-01T11:00:00.000Z,TR,Turkey,TR,356.0,418.0,,41.0,,False,
2025-08-01T12:00:00.000Z,TR,Turkey,TR,352.0,414.0,,41.0,,False,
2025-08-01T13:00:00.000Z,TR,Turkey,TR,347.0,410.0,,41.0,,False,
2025-08-01T14:00:00.000Z,TR,Turkey,TR,342.0,406.0,,41.0,,False,
2025-08-01T15:00:00.000Z,TR,Turkey,TR,334.0,397.0,,42.0,,False,
2025-08-01T16:00:00.000Z,TR,Turkey,TR,335.0,399.0,,41.0,,False,
2025-08-01T17:00:00.000Z,TR,Turkey,TR,333.0,397.0,,41.0,,False,
2025-08-01T18:00:00.000Z,TR,Turkey,TR,336.0,401.0,,41.0,,False,
2025-08-01T19:00:00.000Z,TR,Turkey,TR,343.0,408.0,,40.0,,False,
2025-08-01T20:00:00.000Z,TR,Turkey,TR,352.0,417.0,,39.0,,False,
2025-08-01T21:00:00.000Z,TR,Turkey,TR,360.0,426.0,,38.0,,False,
2025-08-01T22:00:00.000Z,TR,Turkey,TR,369.0,436.0,,37.0,,False,
2025-08-01T23:00:00.000Z,TR,Turkey,TR,381.0,448.0,,35.0,,False,
2025-08-02T00:00:00.000Z,TR,Turkey,TR,386.0,454.0,,35.0,,False,
2025-08-02T01:00:00.000Z,TR,Turkey,TR,393.0,461.0,,34.0,,False,
2025-08-02T02:00:00.000Z,TR,Turkey,TR,394.0,461.0,,34.0,,False,
2025-08-02T03:00:00.000Z,TR,Turkey,TR,403.0,470.0,,34.0,,False,
2025-08-02T04:00:00.000Z,TR,Turkey,TR,397.0,462.0,,36.0,,False,
2025-08-02T05:00:00.000Z,TR,Turkey,TR,389.0,453.0,,37.0,,False,
2025-08-02T06:00:00.000Z,TR,Turkey,TR,385.0,449.0,,37.0,,False,
2025-08-02T07:00:00.000Z,TR,Turkey,TR,386.0,449.0,,38.0,,False,
2025-08-02T08:00:00.000Z,TR,Turkey,TR,386.0,450.0,,38.0,,False,
2025-08-02T09:00:00.000Z,TR,Turkey,TR,385.0,448.0,,38.0,,False,
2025-08-02T10:00:00.000Z,TR,Turkey,TR,381.0,444.0,,38.0,,False,
2025-08-02T11:00:00.000Z,TR,Turkey,TR,366.0,428.0,,41.0,,False,
2025-08-02T12:00:00.000Z,TR,Turkey,TR,355.0,416.0,,42.0,,False,
2025-08-02T13:00:00.000Z,TR,Turkey,TR,351.0,413.0,,42.0,,False,
2025-08-02T14:00:00.000Z,TR,Turkey,TR,347.0,411.0,,41.0,,False,
2025-08-02T15:00:00.000Z,TR,Turkey,TR,339.0,403.0,,41.0,,False,
2025-08-02T16:00:00.000Z,TR,Turkey,TR,334.0,398.0,,42.0,,False,
2025-08-02T17:00:00.000Z,TR,Turkey,TR,328.0,391.0,,43.0,,False,
2025-08-02T18:00:00.000Z,TR,Turkey,TR,332.0,396.0,,42.0,,False,
2025-08-02T19:00:00.000Z,TR,Turkey,TR,346.0,412.0,,40.0,,False,
2025-08-02T20:00:00.000Z,TR,Turkey,TR,363.0,431.0,,37.0,,False,
2025-08-02T21:00:00.000Z,TR,Turkey,TR,377.0,447.0,,35.0,,False,
2025-08-02T22:00:00.000Z,TR,Turkey,TR,395.0,466.0,,32.0,,False,
2025-08-02T23:00:00.000Z,TR,Turkey,TR,409.0,481.0,,30.0,,False,
2025-08-03T00:00:00.000Z,TR,Turkey,TR,420.0,494.0,,28.0,,False,
2025-08-03T01:00:00.000Z,TR,Turkey,TR,429.0,505.0,,26.0,,False,
2025-08-03T02:00:00.000Z,TR,Turkey,TR,438.0,514.0,,25.0,,False,
2025-08-03T03:00:00.000Z,TR,Turkey,TR,451.0,526.0,,25.0,,False,
2025-08-03T04:00:00.000Z,TR,Turkey,TR,445.0,516.0,,28.0,,False,
2025-08-03T05:00:00.000Z,TR,Turkey,TR,437.0,502.0,,33.0,,False,
2025-08-03T06:00:00.000Z,TR,Turkey,TR,424.0,486.0,,36.0,,False,
2025-08-03T07:00:00.000Z,TR,Turkey,TR,407.0,470.0,,37.0,,False,
2025-08-03T08:00:00.000Z,TR,Turkey,TR,405.0,468.0,,38.0,,False,
2025-08-03T09:00:00.000Z,TR,Turkey,TR,411.0,474.0,,37.0,,False,
2025-08-03T10:00:00.000Z,TR,Turkey,TR,417.0,480.0,,36.0,,False,
2025-08-03T11:00:00.000Z,TR,Turkey,TR,402.0,463.0,,39.0,,False,
2025-08-03T12:00:00.000Z,TR,Turkey,TR,388.0,448.0,,41.0,,False,
2025-08-03T13:00:00.000Z,TR,Turkey,TR,383.0,444.0,,40.0,,False,
2025-08-03T14:00:00.000Z,TR,Turkey,TR,379.0,445.0,,37.0,,False,
2025-08-03T15:00:00.000Z,TR,Turkey,TR,374.0,442.0,,36.0,,False,
2025-08-03T16:00:00.000Z,TR,Turkey,TR,365.0,433.0,,37.0,,False,
2025-08-03T17:00:00.000Z,TR,Turkey,TR,351.0,417.0,,39.0,,False,
2025-08-03T18:00:00.000Z,TR,Turkey,TR,353.0,419.0,,39.0,,False,
2025-08-03T19:00:00.000Z,TR,Turkey,TR,365.0,433.0,,37.0,,False,
2025-08-03T20:00:00.000Z,TR,Turkey,TR,378.0,448.0,,34.0,,False,
2025-08-03T21:00:00.000Z,TR,Turkey,TR,392.0,465.0,,32.0,,False,
2025-08-03T22:00:00.000Z,TR,Turkey,TR,408.0,483.0,,29.0,,False,
2025-08-03T23:00:00.000Z,TR,Turkey,TR,421.0,498.0,,27.0,,False,
2025-08-04T00:00:00.000Z,TR,Turkey,TR,439.0,518.0,,24.0,,False,
2025-08-04T01:00:00.000Z,TR,Turkey,TR,446.0,525.0,,23.0,,False,
2025-08-04T02:00:00.000Z,TR,Turkey,TR,452.0,530.0,,22.0,,False,
2025-08-04T03:00:00.000Z,TR,Turkey,TR,459.0,537.0,,22.0,,False,
2025-08-04T04:00:00.000Z,TR,Turkey,TR,448.0,524.0,,24.0,,False,
2025-08-04T05:00:00.000Z,TR,Turkey,TR,421.0,497.0,,27.0,,False,
2025-08-04T06:00:00.000Z,TR,Turkey,TR,410.0,483.0,,30.0,,False,
2025-08-04T07:00:00.000Z,TR,Turkey,TR,410.0,483.0,,30.0,,False,
2025-08-04T08:00:00.000Z,TR,Turkey,TR,403.0,474.0,,32.0,,False,
2025-08-04T09:00:00.000Z,TR,Turkey,TR,395.0,464.0,,34.0,,False,
2025-08-04T10:00:00.000Z,TR,Turkey,TR,394.0,463.0,,33.0,,False,
2025-08-04T11:00:00.000Z,TR,Turkey,TR,383.0,452.0,,34.0,,False,
2025-08-04T12:00:00.000Z,TR,Turkey,TR,373.0,441.0,,35.0,,False,
2025-08-04T13:00:00.000Z,TR,Turkey,TR,367.0,436.0,,35.0,,False,
2025-08-04T14:00:00.000Z,TR,Turkey,TR,356.0,425.0,,37.0,,False,
2025-08-04T15:00:00.000Z,TR,Turkey,TR,351.0,419.0,,37.0,,False,
2025-08-04T16:00:00.000Z,TR,Turkey,TR,343.0,412.0,,39.0,,False,
2025-08-04T17:00:00.000Z,TR,Turkey,TR,335.0,402.0,,40.0,,False,
2025-08-04T18:00:00.000Z,TR,Turkey,TR,340.0,408.0,,39.0,,False,
2025-08-04T19:00:00.000Z,TR,Turkey,TR,352.0,421.0,,37.0,,False,
2025-08-04T20:00:00.000Z,TR,Turkey,TR,366.0,437.0,,35.0,,False,
2025-08-04T21:00:00.000Z,TR,Turkey,TR,386.0,460.0,,31.0,,False,
2025-08-04T22:00:00.000Z,TR,Turkey,TR,402.0,478.0,,28.0,,False,
2025-08-04T23:00:00.000Z,TR,Turkey,TR,414.0,491.0,,26.0,,False,
2025-08-05T00:00:00.000Z,TR,Turkey,TR,422.0,499.0,,26.0,,False,
2025-08-05T01:00:00.000Z,TR,Turkey,TR,432.0,509.0,,24.0,,False,
2025-08-05T02:00:00.000Z,TR,Turkey,TR,437.0,515.0,,23.0,,False,
2025-08-05T03:00:00.000Z,TR,Turkey,TR,442.0,520.0,,24.0,,False,
2025-08-05T04:00:00.000Z,TR,Turkey,TR,431.0,505.0,,27.0,,False,
2025-08-05T05:00:00.000Z,TR,Turkey,TR,409.0,481.0,,30.0,,False,
2025-08-05T06:00:00.000Z,TR,Turkey,TR,402.0,475.0,,30.0,,False,
2025-08-05T07:00:00.000Z,TR,Turkey,TR,408.0,479.0,,31.0,,False,
2025-08-05T08:00:00.000Z,TR,Turkey,TR,408.0,478.0,,31.0,,False,
2025-08-05T09:00:00.000Z,TR,Turkey,TR,407.0,476.0,,32.0,,False,
2025-08-05T10:00:00.000Z,TR,Turkey,TR,402.0,472.0,,31.0,,False,
2025-08-05T11:00:00.000Z,TR,Turkey,TR,379.0,447.0,,35.0,,False,
2025-08-05T12:00:00.000Z,TR,Turkey,TR,369.0,436.0,,36.0,,False,
2025-08-05T13:00:00.000Z,TR,Turkey,TR,360.0,427.0,,37.0,,False,
2025-08-05T14:00:00.000Z,TR,Turkey,TR,345.0,411.0,,40.0,,False,
2025-08-05T15:00:00.000Z,TR,Turkey,TR,341.0,407.0,,40.0,,False,
2025-08-05T16:00:00.000Z,TR,Turkey,TR,338.0,405.0,,40.0,,False,
2025-08-05T17:00:00.000Z,TR,Turkey,TR,330.0,395.0,,41.0,,False,
2025-08-05T18:00:00.000Z,TR,Turkey,TR,333.0,399.0,,41.0,,False,
2025-08-05T19:00:00.000Z,TR,Turkey,TR,345.0,412.0,,38.0,,False,
2025-08-05T20:00:00.000Z,TR,Turkey,TR,358.0,427.0,,36.0,,False,
2025-08-05T21:00:00.000Z,TR,Turkey,TR,377.0,448.0,,33.0,,False,
2025-08-05T22:00:00.000Z,TR,Turkey,TR,391.0,464.0,,31.0,,False,
2025-08-05T23:00:00.000Z,TR,Turkey,TR,406.0,481.0,,28.0,,False,
2025-08-06T00:00:00.000Z,TR,Turkey,TR,415.0,490.0,,27.0,,False,
2025-08-06T01:00:00.000Z,TR,Turkey,TR,414.0,488.0,,28.0,,False,
2025-08-06T02:00:00.000Z,TR,Turkey,TR,419.0,492.0,,27.0,,False,
2025-08-06T03:00:00.000Z,TR,Turkey,TR,427.0,500.0,,27.0,,False,
2025-08-06T04:00:00.000Z,TR,Turkey,TR,415.0,486.0,,30.0,,False,
2025-08-06T05:00:00.000Z,TR,Turkey,TR,395.0,465.0,,33.0,,False,
2025-08-06T06:00:00.000Z,TR,Turkey,TR,385.0,454.0,,34.0,,False,
2025-08-06T07:00:00.000Z,TR,Turkey,TR,388.0,457.0,,34.0,,False,
2025-08-06T08:00:00.000Z,TR,Turkey,TR,382.0,450.0,,35.0,,False,
2025-08-06T09:00:00.000Z,TR,Turkey,TR,387.0,455.0,,34.0,,False,
2025-08-06T10:00:00.000Z,TR,Turkey,TR,378.0,447.0,,35.0,,False,
2025-08-06T11:00:00.000Z,TR,Turkey,TR,367.0,435.0,,36.0,,False,
2025-08-06T12:00:00.000Z,TR,Turkey,TR,358.0,427.0,,37.0,,False,
2025-08-06T13:00:00.000Z,TR,Turkey,TR,350.0,417.0,,38.0,,False,
2025-08-06T14:00:00.000Z,TR,Turkey,TR,330.0,396.0,,41.0,,False,
2025-08-06T15:00:00.000Z,TR,Turkey,TR,325.0,390.0,,42.0,,False,
2025-08-06T16:00:00.000Z,TR,Turkey,TR,321.0,386.0,,43.0,,False,
2025-08-06T17:00:00.000Z,TR,Turkey,TR,316.0,380.0,,43.0,,False,
2025-08-06T18:00:00.000Z,TR,Turkey,TR,321.0,385.0,,43.0,,False,
2025-08-06T19:00:00.000Z,TR,Turkey,TR,329.0,394.0,,41.0,,False,
2025-08-06T20:00:00.000Z,TR,Turkey,TR,343.0,410.0,,39.0,,False,
2025-08-06T21:00:00.000Z,TR,Turkey,TR,353.0,420.0,,38.0,,False,
2025-08-06T22:00:00.000Z,TR,Turkey,TR,366.0,435.0,,35.0,,False,
2025-08-06T23:00:00.000Z,TR,Turkey,TR,375.0,443.0,,35.0,,False,
2025-08-07T00:00:00.000Z,TR,Turkey,TR,378.0,445.0,,35.0,,False,
2025-08-07T01:00:00.000Z,TR,Turkey,TR,385.0,452.0,,35.0,,False,
2025-08-07T02:00:00.000Z,TR,Turkey,TR,391.0,458.0,,34.0,,False,
2025-08-07T03:00:00.000Z,TR,Turkey,TR,397.0,462.0,,34.0,,False,
2025-08-07T04:00:00.000Z,TR,Turkey,TR,390.0,454.0,,36.0,,False,
2025-08-07T05:00:00.000Z,TR,Turkey,TR,377.0,442.0,,37.0,,False,
2025-08-07T06:00:00.000Z,TR,Turkey,TR,375.0,440.0,,37.0,,False,
2025-08-07T07:00:00.000Z,TR,Turkey,TR,376.0,440.0,,38.0,,False,
2025-08-07T08:00:00.000Z,TR,Turkey,TR,374.0,437.0,,38.0,,False,
2025-08-07T09:00:00.000Z,TR,Turkey,TR,368.0,430.0,,40.0,,False,
2025-08-07T10:00:00.000Z,TR,Turkey,TR,356.0,418.0,,41.0,,False,
2025-08-07T11:00:00.000Z,TR,Turkey,TR,348.0,410.0,,42.0,,False,
2025-08-07T12:00:00.000Z,TR,Turkey,TR,338.0,398.0,,44.0,,False,
2025-08-07T13:00:00.000Z,TR,Turkey,TR,331.0,392.0,,44.0,,False,
2025-08-07T14:00:00.000Z,TR,Turkey,TR,327.0,389.0,,43.0,,False,
2025-08-07T15:00:00.000Z,TR,Turkey,TR,324.0,387.0,,43.0,,False,
2025-08-07T16:00:00.000Z,TR,Turkey,TR,316.0,379.0,,44.0,,False,
2025-08-07T17:00:00.000Z,TR,Turkey,TR,311.0,373.0,,45.0,,False,
2025-08-07T18:00:00.000Z,TR,Turkey,TR,314.0,376.0,,45.0,,False,
2025-08-07T19:00:00.000Z,TR,Turkey,TR,322.0,384.0,,43.0,,False,
2025-08-07T20:00:00.000Z,TR,Turkey,TR,332.0,394.0,,42.0,,False,
2025-08-07T21:00:00.000Z,TR,Turkey,TR,349.0,414.0,,39.0,,False,
2025-08-07T22:00:00.000Z,TR,Turkey,TR,362.0,428.0,,37.0,,False,
2025-08-07T23:00:00.000Z,TR,Turkey,TR,369.0,435.0,,37.0,,False,
2025-08-08T00:00:00.000Z,TR,Turkey,TR,373.0,438.0,,37.0,,False,
2025-08-08T01:00:00.000Z,TR,Turkey,TR,379.0,443.0,,37.0,,False,
2025-08-08T02:00:00.000Z,TR,Turkey,TR,380.0,444.0,,37.0,,False,
2025-08-08T03:00:00.000Z,TR,Turkey,TR,385.0,449.0,,37.0,,False,
2025-08-08T04:00:00.000Z,TR,Turkey,TR,378.0,440.0,,39.0,,False,
2025-08-08T05:00:00.000Z,TR,Turkey,TR,367.0,429.0,,40.0,,False,
2025-08-08T06:00:00.000Z,TR,Turkey,TR,361.0,422.0,,41.0,,False,
2025-08-08T07:00:00.000Z,TR,Turkey,TR,364.0,425.0,,41.0,,False,
2025-08-08T08:00:00.000Z,TR,Turkey,TR,361.0,421.0,,41.0,,False,
2025-08-08T09:00:00.000Z,TR,Turkey,TR,364.0,423.0,,42.0,,False,
2025-08-08T10:00:00.000Z,TR,Turkey,TR,356.0,415.0,,43.0,,False,
2025-08-08T11:00:00.000Z,TR,Turkey,TR,347.0,407.0,,43.0,,False,
2025-08-08T12:00:00.000Z,TR,Turkey,TR,338.0,397.0,,44.0,,False,
2025-08-08T13:00:00.000Z,TR,Turkey,TR,332.0,392.0,,44.0,,False,
2025-08-08T14:00:00.000Z,TR,Turkey,TR,324.0,384.0,,44.0,,False,
2025-08-08T15:00:00.000Z,TR,Turkey,TR,324.0,386.0,,44.0,,False,
2025-08-08T16:00:00.000Z,TR,Turkey,TR,321.0,381.0,,45.0,,False,
2025-08-08T17:00:00.000Z,TR,Turkey,TR,315.0,375.0,,45.0,,False,
2025-08-08T18:00:00.000Z,TR,Turkey,TR,319.0,380.0,,45.0,,False,
2025-08-08T19:00:00.000Z,TR,Turkey,TR,328.0,390.0,,43.0,,False,
2025-08-08T20:00:00.000Z,TR,Turkey,TR,341.0,404.0,,41.0,,False,
2025-08-08T21:00:00.000Z,TR,Turkey,TR,355.0,420.0,,39.0,,False,
2025-08-08T22:00:00.000Z,TR,Turkey,TR,367.0,433.0,,37.0,,False,
2025-08-08T23:00:00.000Z,TR,Turkey,TR,382.0,449.0,,35.0,,False,
2025-08-09T00:00:00.000Z,TR,Turkey,TR,391.0,459.0,,33.0,,False,
2025-08-09T01:00:00.000Z,TR,Turkey,TR,395.0,463.0,,33.0,,False,
2025-08-09T02:00:00.000Z,TR,Turkey,TR,396.0,463.0,,34.0,,False,
2025-08-09T03:00:00.000Z,TR,Turkey,TR,399.0,464.0,,35.0,,False,
2025-08-09T04:00:00.000Z,TR,Turkey,TR,390.0,451.0,,38.0,,False,
2025-08-09T05:00:00.000Z,TR,Turkey,TR,378.0,438.0,,41.0,,False,
2025-08-09T06:00:00.000Z,TR,Turkey,TR,375.0,433.0,,42.0,,False,
2025-08-09T07:00:00.000Z,TR,Turkey,TR,373.0,430.0,,42.0,,False,
2025-08-09T08:00:00.000Z,TR,Turkey,TR,375.0,432.0,,42.0,,False,
2025-08-09T09:00:00.000Z,TR,Turkey,TR,379.0,435.0,,42.0,,False,
2025-08-09T10:00:00.000Z,TR,Turkey,TR,374.0,431.0,,42.0,,False,
2025-08-09T11:00:00.000Z,TR,Turkey,TR,360.0,416.0,,44.0,,False,
2025-08-09T12:00:00.000Z,TR,Turkey,TR,360.0,417.0,,43.0,,False,
2025-08-09T13:00:00.000Z,TR,Turkey,TR,348.0,406.0,,44.0,,False,
2025-08-09T14:00:00.000Z,TR,Turkey,TR,344.0,404.0,,42.0,,False,
2025-08-09T15:00:00.000Z,TR,Turkey,TR,334.0,396.0,,43.0,,False,
2025-08-09T16:00:00.000Z,TR,Turkey,TR,322.0,383.0,,45.0,,False,
2025-08-09T17:00:00.000Z,TR,Turkey,TR,314.0,374.0,,46.0,,False,
2025-08-09T18:00:00.000Z,TR,Turkey,TR,318.0,379.0,,45.0,,False,
2025-08-09T19:00:00.000Z,TR,Turkey,TR,331.0,393.0,,43.0,,False,
2025-08-09T20:00:00.000Z,TR,Turkey,TR,341.0,404.0,,41.0,,False,
2025-08-09T21:00:00.000Z,TR,Turkey,TR,356.0,421.0,,39.0,,False,
2025-08-09T22:00:00.000Z,TR,Turkey,TR,372.0,439.0,,36.0,,False,
2025-08-09T23:00:00.000Z,TR,Turkey,TR,387.0,455.0,,34.0,,False,
2025-08-10T00:00:00.000Z,TR,Turkey,TR,395.0,464.0,,33.0,,False,
2025-08-10T01:00:00.000Z,TR,Turkey,TR,398.0,465.0,,33.0,,False,
2025-08-10T02:00:00.000Z,TR,Turkey,TR,401.0,467.0,,34.0,,False,
2025-08-10T03:00:00.000Z,TR,Turkey,TR,406.0,469.0,,35.0,,False,
2025-08-10T04:00:00.000Z,TR,Turkey,TR,387.0,445.0,,41.0,,False,
2025-08-10T05:00:00.000Z,TR,Turkey,TR,331.0,386.0,,49.0,,False,
2025-08-10T06:00:00.000Z,TR,Turkey,TR,308.0,361.0,,52.0,,False,
2025-08-10T07:00:00.000Z,TR,Turkey,TR,301.0,354.0,,53.0,,False,
2025-08-10T08:00:00.000Z,TR,Turkey,TR,295.0,347.0,,54.0,,False,
2025-08-10T09:00:00.000Z,TR,Turkey,TR,295.0,346.0,,54.0,,False,
2025-08-10T10:00:00.000Z,TR,Turkey,TR,300.0,351.0,,54.0,,False,
2025-08-10T11:00:00.000Z,TR,Turkey,TR,296.0,347.0,,54.0,,False,
2025-08-10T12:00:00.000Z,TR,Turkey,TR,313.0,364.0,,52.0,,False,
2025-08-10T13:00:00.000Z,TR,Turkey,TR,328.0,380.0,,50.0,,False,
2025-08-10T14:00:00.000Z,TR,Turkey,TR,334.0,388.0,,48.0,,False,
2025-08-10T15:00:00.000Z,TR,Turkey,TR,339.0,398.0,,44.0,,False,
2025-08-10T16:00:00.000Z,TR,Turkey,TR,332.0,392.0,,44.0,,False,
2025-08-10T17:00:00.000Z,TR,Turkey,TR,328.0,388.0,,44.0,,False,
2025-08-10T18:00:00.000Z,TR,Turkey,TR,332.0,393.0,,44.0,,False,
2025-08-10T19:00:00.000Z,TR,Turkey,TR,340.0,402.0,,42.0,,False,
2025-08-10T20:00:00.000Z,TR,Turkey,TR,352.0,416.0,,40.0,,False,
2025-08-10T21:00:00.000Z,TR,Turkey,TR,364.0,429.0,,38.0,,False,
2025-08-10T22:00:00.000Z,TR,Turkey,TR,384.0,451.0,,35.0,,False,
2025-08-10T23:00:00.000Z,TR,Turkey,TR,396.0,465.0,,33.0,,False,
2025-08-11T00:00:00.000Z,TR,Turkey,TR,403.0,471.0,,32.0,,False,
2025-08-11T01:00:00.000Z,TR,Turkey,TR,408.0,476.0,,32.0,,False,
2025-08-11T02:00:00.000Z,TR,Turkey,TR,413.0,482.0,,31.0,,False,
2025-08-11T03:00:00.000Z,TR,Turkey,TR,415.0,483.0,,32.0,,False,
2025-08-11T04:00:00.000Z,TR,Turkey,TR,412.0,478.0,,33.0,,False,
2025-08-11T05:00:00.000Z,TR,Turkey,TR,397.0,464.0,,34.0,,False,
2025-08-11T06:00:00.000Z,TR,Turkey,TR,391.0,457.0,,35.0,,False,
2025-08-11T07:00:00.000Z,TR,Turkey,TR,390.0,455.0,,36.0,,False,
2025-08-11T08:00:00.000Z,TR,Turkey,TR,391.0,456.0,,35.0,,False,
2025-08-11T09:00:00.000Z,TR,Turkey,TR,394.0,459.0,,36.0,,False,
2025-08-11T10:00:00.000Z,TR,Turkey,TR,387.0,452.0,,36.0,,False,
2025-08-11T11:00:00.000Z,TR,Turkey,TR,370.0,434.0,,38.0,,False,
2025-08-11T12:00:00.000Z,TR,Turkey,TR,361.0,424.0,,39.0,,False,
2025-08-11T13:00:00.000Z,TR,Turkey,TR,348.0,412.0,,40.0,,False,
2025-08-11T14:00:00.000Z,TR,Turkey,TR,341.0,405.0,,41.0,,False,
2025-08-11T15:00:00.000Z,TR,Turkey,TR,337.0,402.0,,41.0,,False,
2025-08-11T16:00:00.000Z,TR,Turkey,TR,328.0,391.0,,42.0,,False,
2025-08-11T17:00:00.000Z,TR,Turkey,TR,323.0,386.0,,43.0,,False,
2025-08-11T18:00:00.000Z,TR,Turkey,TR,328.0,391.0,,42.0,,False,
2025-08-11T19:00:00.000Z,TR,Turkey,TR,342.0,408.0,,40.0,,False,
2025-08-11T20:00:00.000Z,TR,Turkey,TR,354.0,420.0,,38.0,,False,
2025-08-11T21:00:00.000Z,TR,Turkey,TR,371.0,439.0,,36.0,,False,
2025-08-11T22:00:00.000Z,TR,Turkey,TR,381.0,449.0,,35.0,,False,
2025-08-11T23:00:00.000Z,TR,Turkey,TR,387.0,455.0,,34.0,,False,
2025-08-12T00:00:00.000Z,TR,Turkey,TR,392.0,460.0,,34.0,,False,
2025-08-12T01:00:00.000Z,TR,Turkey,TR,395.0,461.0,,34.0,,False,
2025-08-12T02:00:00.000Z,TR,Turkey,TR,404.0,470.0,,33.0,,False,
2025-08-12T03:00:00.000Z,TR,Turkey,TR,413.0,480.0,,32.0,,False,
2025-08-12T04:00:00.000Z,TR,Turkey,TR,407.0,473.0,,34.0,,False,
2025-08-12T05:00:00.000Z,TR,Turkey,TR,395.0,460.0,,35.0,,False,
2025-08-12T06:00:00.000Z,TR,Turkey,TR,393.0,457.0,,36.0,,False,
2025-08-12T07:00:00.000Z,TR,Turkey,TR,390.0,452.0,,37.0,,False,
2025-08-12T08:00:00.000Z,TR,Turkey,TR,386.0,449.0,,38.0,,False,
2025-08-12T09:00:00.000Z,TR,Turkey,TR,385.0,447.0,,38.0,,False,
2025-08-12T10:00:00.000Z,TR,Turkey,TR,381.0,442.0,,38.0,,False,
2025-08-12T11:00:00.000Z,TR,Turkey,TR,362.0,422.0,,42.0,,False,
2025-08-12T12:00:00.000Z,TR,Turkey,TR,354.0,414.0,,42.0,,False,
2025-08-12T13:00:00.000Z,TR,Turkey,TR,348.0,409.0,,42.0,,False,
2025-08-12T14:00:00.000Z,TR,Turkey,TR,344.0,407.0,,41.0,,False,
2025-08-12T15:00:00.000Z,TR,Turkey,TR,337.0,401.0,,42.0,,False,
2025-08-12T16:00:00.000Z,TR,Turkey,TR,322.0,384.0,,44.0,,False,
2025-08-12T17:00:00.000Z,TR,Turkey,TR,309.0,371.0,,46.0,,False,
2025-08-12T18:00:00.000Z,TR,Turkey,TR,316.0,377.0,,45.0,,False,
2025-08-12T19:00:00.000Z,TR,Turkey,TR,327.0,389.0,,43.0,,False,
2025-08-12T20:00:00.000Z,TR,Turkey,TR,339.0,403.0,,41.0,,False,
2025-08-12T21:00:00.000Z,TR,Turkey,TR,359.0,426.0,,37.0,,False,
2025-08-12T22:00:00.000Z,TR,Turkey,TR,379.0,448.0,,34.0,,False,
2025-08-12T23:00:00.000Z,TR,Turkey,TR,378.0,447.0,,35.0,,False,
2025-08-13T00:00:00.000Z,TR,Turkey,TR,395.0,463.0,,33.0,,False,
2025-08-13T01:00:00.000Z,TR,Turkey,TR,401.0,469.0,,33.0,,False,
2025-08-13T02:00:00.000Z,TR,Turkey,TR,408.0,476.0,,32.0,,False,
2025-08-13T03:00:00.000Z,TR,Turkey,TR,418.0,485.0,,31.0,,False,
2025-08-13T04:00:00.000Z,TR,Turkey,TR,409.0,475.0,,34.0,,False,
2025-08-13T05:00:00.000Z,TR,Turkey,TR,395.0,460.0,,35.0,,False,
2025-08-13T06:00:00.000Z,TR,Turkey,TR,392.0,456.0,,36.0,,False,
2025-08-13T07:00:00.000Z,TR,Turkey,TR,394.0,459.0,,35.0,,False,
2025-08-13T08:00:00.000Z,TR,Turkey,TR,390.0,455.0,,36.0,,False,
2025-08-13T09:00:00.000Z,TR,Turkey,TR,393.0,458.0,,36.0,,False,
2025-08-13T10:00:00.000Z,TR,Turkey,TR,388.0,453.0,,36.0,,False,
2025-08-13T11:00:00.000Z,TR,Turkey,TR,374.0,439.0,,37.0,,False,
2025-08-13T12:00:00.000Z,TR,Turkey,TR,364.0,428.0,,39.0,,False,
2025-08-13T13:00:00.000Z,TR,Turkey,TR,356.0,421.0,,39.0,,False,
2025-08-13T14:00:00.000Z,TR,Turkey,TR,347.0,413.0,,39.0,,False,
2025-08-13T15:00:00.000Z,TR,Turkey,TR,341.0,406.0,,40.0,,False,
2025-08-13T16:00:00.000Z,TR,Turkey,TR,331.0,396.0,,42.0,,False,
2025-08-13T17:00:00.000Z,TR,Turkey,TR,323.0,386.0,,43.0,,False,
2025-08-13T18:00:00.000Z,TR,Turkey,TR,331.0,395.0,,42.0,,False,
2025-08-13T19:00:00.000Z,TR,Turkey,TR,343.0,410.0,,39.0,,False,
2025-08-13T20:00:00.000Z,TR,Turkey,TR,356.0,424.0,,37.0,,False,
2025-08-13T21:00:00.000Z,TR,Turkey,TR,373.0,443.0,,34.0,,False,
2025-08-13T22:00:00.000Z,TR,Turkey,TR,385.0,456.0,,32.0,,False,
2025-08-13T23:00:00.000Z,TR,Turkey,TR,393.0,465.0,,31.0,,False,
2025-08-14T00:00:00.000Z,TR,Turkey,TR,403.0,475.0,,30.0,,False,
2025-08-14T01:00:00.000Z,TR,Turkey,TR,408.0,479.0,,30.0,,False,
2025-08-14T02:00:00.000Z,TR,Turkey,TR,414.0,486.0,,29.0,,False,
2025-08-14T03:00:00.000Z,TR,Turkey,TR,423.0,495.0,,28.0,,False,
2025-08-14T04:00:00.000Z,TR,Turkey,TR,419.0,488.0,,30.0,,False,
2025-08-14T05:00:00.000Z,TR,Turkey,TR,404.0,473.0,,32.0,,False,
2025-08-14T06:00:00.000Z,TR,Turkey,TR,405.0,474.0,,32.0,,False,
2025-08-14T07:00:00.000Z,TR,Turkey,TR,407.0,476.0,,32.0,,False,
2025-08-14T08:00:00.000Z,TR,Turkey,TR,406.0,476.0,,32.0,,False,
2025-08-14T09:00:00.000Z,TR,Turkey,TR,410.0,479.0,,32.0,,False,
2025-08-14T10:00:00.000Z,TR,Turkey,TR,401.0,469.0,,33.0,,False,
2025-08-14T11:00:00.000Z,TR,Turkey,TR,381.0,447.0,,36.0,,False,
2025-08-14T12:00:00.000Z,TR,Turkey,TR,369.0,435.0,,37.0,,False,
2025-08-14T13:00:00.000Z,TR,Turkey,TR,355.0,422.0,,38.0,,False,
2025-08-14T14:00:00.000Z,TR,Turkey,TR,344.0,410.0,,40.0,,False,
2025-08-14T15:00:00.000Z,TR,Turkey,TR,334.0,398.0,,41.0,,False,
2025-08-14T16:00:00.000Z,TR,Turkey,TR,327.0,391.0,,42.0,,False,
2025-08-14T17:00:00.000Z,TR,Turkey,TR,323.0,387.0,,43.0,,False,
2025-08-14T18:00:00.000Z,TR,Turkey,TR,330.0,395.0,,42.0,,False,
2025-08-14T19:00:00.000Z,TR,Turkey,TR,341.0,407.0,,40.0,,False,
2025-08-14T20:00:00.000Z,TR,Turkey,TR,356.0,424.0,,37.0,,False,
2025-08-14T21:00:00.000Z,TR,Turkey,TR,374.0,443.0,,34.0,,False,
2025-08-14T22:00:00.000Z,TR,Turkey,TR,389.0,461.0,,32.0,,False,
2025-08-14T23:00:00.000Z,TR,Turkey,TR,401.0,474.0,,30.0,,False,
2025-08-15T00:00:00.000Z,TR,Turkey,TR,408.0,481.0,,29.0,,False,
2025-08-15T01:00:00.000Z,TR,Turkey,TR,410.0,483.0,,29.0,,False,
2025-08-15T02:00:00.000Z,TR,Turkey,TR,413.0,485.0,,29.0,,False,
2025-08-15T03:00:00.000Z,TR,Turkey,TR,424.0,496.0,,28.0,,False,
2025-08-15T04:00:00.000Z,TR,Turkey,TR,415.0,484.0,,31.0,,False,
2025-08-15T05:00:00.000Z,TR,Turkey,TR,395.0,462.0,,34.0,,False,
2025-08-15T06:00:00.000Z,TR,Turkey,TR,391.0,457.0,,35.0,,False,
2025-08-15T07:00:00.000Z,TR,Turkey,TR,391.0,456.0,,36.0,,False,
2025-08-15T08:00:00.000Z,TR,Turkey,TR,388.0,452.0,,36.0,,False,
2025-08-15T09:00:00.000Z,TR,Turkey,TR,390.0,453.0,,37.0,,False,
2025-08-15T10:00:00.000Z,TR,Turkey,TR,385.0,447.0,,38.0,,False,
2025-08-15T11:00:00.000Z,TR,Turkey,TR,362.0,423.0,,41.0,,False,
2025-08-15T12:00:00.000Z,TR,Turkey,TR,350.0,411.0,,42.0,,False,
2025-08-15T13:00:00.000Z,TR,Turkey,TR,338.0,400.0,,43.0,,False,
2025-08-15T14:00:00.000Z,TR,Turkey,TR,324.0,386.0,,44.0,,False,
2025-08-15T15:00:00.000Z,TR,Turkey,TR,316.0,378.0,,45.0,,False,
2025-08-15T16:00:00.000Z,TR,Turkey,TR,310.0,371.0,,46.0,,False,
2025-08-15T17:00:00.000Z,TR,Turkey,TR,307.0,367.0,,46.0,,False,
2025-08-15T18:00:00.000Z,TR,Turkey,TR,316.0,378.0,,45.0,,False,
2025-08-15T19:00:00.000Z,TR,Turkey,TR,326.0,387.0,,44.0,,False,
2025-08-15T20:00:00.000Z,TR,Turkey,TR,339.0,402.0,,41.0,,False,
2025-08-15T21:00:00.000Z,TR,Turkey,TR,352.0,416.0,,40.0,,False,
2025-08-15T22:00:00.000Z,TR,Turkey,TR,360.0,425.0,,39.0,,False,
2025-08-15T23:00:00.000Z,TR,Turkey,TR,370.0,435.0,,37.0,,False,
2025-08-16T00:00:00.000Z,TR,Turkey,TR,375.0,441.0,,36.0,,False,
2025-08-16T01:00:00.000Z,TR,Turkey,TR,376.0,440.0,,37.0,,False,
2025-08-16T02:00:00.000Z,TR,Turkey,TR,379.0,444.0,,37.0,,False,
2025-08-16T03:00:00.000Z,TR,Turkey,TR,390.0,455.0,,36.0,,False,
2025-08-16T04:00:00.000Z,TR,Turkey,TR,380.0,441.0,,40.0,,False,
2025-08-16T05:00:00.000Z,TR,Turkey,TR,371.0,429.0,,43.0,,False,
2025-08-16T06:00:00.000Z,TR,Turkey,TR,372.0,429.0,,43.0,,False,
2025-08-16T07:00:00.000Z,TR,Turkey,TR,367.0,423.0,,44.0,,False,
2025-08-16T08:00:00.000Z,TR,Turkey,TR,365.0,420.0,,45.0,,False,
2025-08-16T09:00:00.000Z,TR,Turkey,TR,361.0,417.0,,45.0,,False,
2025-08-16T10:00:00.000Z,TR,Turkey,TR,359.0,414.0,,46.0,,False,
2025-08-16T11:00:00.000Z,TR,Turkey,TR,335.0,388.0,,49.0,,False,
2025-08-16T12:00:00.000Z,TR,Turkey,TR,328.0,382.0,,49.0,,False,
2025-08-16T13:00:00.000Z,TR,Turkey,TR,329.0,383.0,,48.0,,False,
2025-08-16T14:00:00.000Z,TR,Turkey,TR,339.0,396.0,,45.0,,False,
2025-08-16T15:00:00.000Z,TR,Turkey,TR,344.0,406.0,,42.0,,False,
2025-08-16T16:00:00.000Z,TR,Turkey,TR,336.0,398.0,,43.0,,False,
2025-08-16T17:00:00.000Z,TR,Turkey,TR,330.0,391.0,,44.0,,False,
2025-08-16T18:00:00.000Z,TR,Turkey,TR,337.0,399.0,,43.0,,False,
2025-08-16T19:00:00.000Z,TR,Turkey,TR,347.0,410.0,,41.0,,False,
2025-08-16T20:00:00.000Z,TR,Turkey,TR,361.0,426.0,,39.0,,False,
2025-08-16T21:00:00.000Z,TR,Turkey,TR,381.0,449.0,,35.0,,False,
2025-08-16T22:00:00.000Z,TR,Turkey,TR,398.0,468.0,,32.0,,False,
2025-08-16T23:00:00.000Z,TR,Turkey,TR,409.0,479.0,,31.0,,False,
2025-08-17T00:00:00.000Z,TR,Turkey,TR,420.0,490.0,,30.0,,False,
2025-08-17T01:00:00.000Z,TR,Turkey,TR,423.0,493.0,,30.0,,False,
2025-08-17T02:00:00.000Z,TR,Turkey,TR,430.0,500.0,,29.0,,False,
2025-08-17T03:00:00.000Z,TR,Turkey,TR,443.0,514.0,,28.0,,False,
2025-08-17T04:00:00.000Z,TR,Turkey,TR,440.0,506.0,,31.0,,False,
2025-08-17T05:00:00.000Z,TR,Turkey,TR,402.0,462.0,,39.0,,False,
2025-08-17T06:00:00.000Z,TR,Turkey,TR,381.0,440.0,,43.0,,False,
2025-08-17T07:00:00.000Z,TR,Turkey,TR,371.0,430.0,,43.0,,False,
2025-08-17T08:00:00.000Z,TR,Turkey,TR,363.0,422.0,,44.0,,False,
2025-08-17T09:00:00.000Z,TR,Turkey,TR,361.0,420.0,,45.0,,False,
2025-08-17T10:00:00.000Z,TR,Turkey,TR,368.0,426.0,,44.0,,False,
2025-08-17T11:00:00.000Z,TR,Turkey,TR,372.0,429.0,,44.0,,False,
2025-08-17T12:00:00.000Z,TR,Turkey,TR,371.0,429.0,,44.0,,False,
2025-08-17T13:00:00.000Z,TR,Turkey,TR,388.0,448.0,,40.0,,False,
2025-08-17T14:00:00.000Z,TR,Turkey,TR,389.0,454.0,,37.0,,False,
2025-08-17T15:00:00.000Z,TR,Turkey,TR,387.0,457.0,,34.0,,False,
2025-08-17T16:00:00.000Z,TR,Turkey,TR,372.0,441.0,,36.0,,False,
2025-08-17T17:00:00.000Z,TR,Turkey,TR,360.0,428.0,,37.0,,False,
2025-08-17T18:00:00.000Z,TR,Turkey,TR,366.0,434.0,,36.0,,False,
2025-08-17T19:00:00.000Z,TR,Turkey,TR,383.0,453.0,,34.0,,False,
2025-08-17T20:00:00.000Z,TR,Turkey,TR,402.0,477.0,,29.0,,False,
2025-08-17T21:00:00.000Z,TR,Turkey,TR,420.0,497.0,,26.0,,False,
2025-08-17T22:00:00.000Z,TR,Turkey,TR,441.0,520.0,,23.0,,False,
2025-08-17T23:00:00.000Z,TR,Turkey,TR,456.0,535.0,,21.0,,False,
2025-08-18T00:00:00.000Z,TR,Turkey,TR,465.0,545.0,,20.0,,False,
2025-08-18T01:00:00.000Z,TR,Turkey,TR,469.0,549.0,,19.0,,False,
2025-08-18T02:00:00.000Z,TR,Turkey,TR,478.0,560.0,,18.0,,False,
2025-08-18T03:00:00.000Z,TR,Turkey,TR,484.0,566.0,,17.0,,False,
2025-08-18T04:00:00.000Z,TR,Turkey,TR,474.0,553.0,,20.0,,False,
2025-08-18T05:00:00.000Z,TR,Turkey,TR,444.0,521.0,,24.0,,False,
2025-08-18T06:00:00.000Z,TR,Turkey,TR,437.0,513.0,,25.0,,False,
2025-08-18T07:00:00.000Z,TR,Turkey,TR,442.0,518.0,,25.0,,False,
2025-08-18T08:00:00.000Z,TR,Turkey,TR,441.0,517.0,,25.0,,False,
2025-08-18T09:00:00.000Z,TR,Turkey,TR,442.0,517.0,,26.0,,False,
2025-08-18T10:00:00.000Z,TR,Turkey,TR,426.0,500.0,,28.0,,False,
2025-08-18T11:00:00.000Z,TR,Turkey,TR,404.0,474.0,,31.0,,False,
2025-08-18T12:00:00.000Z,TR,Turkey,TR,393.0,463.0,,33.0,,False,
2025-08-18T13:00:00.000Z,TR,Turkey,TR,382.0,452.0,,33.0,,False,
2025-08-18T14:00:00.000Z,TR,Turkey,TR,363.0,431.0,,37.0,,False,
2025-08-18T15:00:00.000Z,TR,Turkey,TR,355.0,423.0,,38.0,,False,
2025-08-18T16:00:00.000Z,TR,Turkey,TR,350.0,417.0,,38.0,,False,
2025-08-18T17:00:00.000Z,TR,Turkey,TR,346.0,413.0,,39.0,,False,
2025-08-18T18:00:00.000Z,TR,Turkey,TR,356.0,424.0,,37.0,,False,
2025-08-18T19:00:00.000Z,TR,Turkey,TR,370.0,439.0,,35.0,,False,
2025-08-18T20:00:00.000Z,TR,Turkey,TR,386.0,458.0,,32.0,,False,
2025-08-18T21:00:00.000Z,TR,Turkey,TR,404.0,477.0,,29.0,,False,
2025-08-18T22:00:00.000Z,TR,Turkey,TR,414.0,488.0,,28.0,,False,
2025-08-18T23:00:00.000Z,TR,Turkey,TR,421.0,494.0,,28.0,,False,
2025-08-19T00:00:00.000Z,TR,Turkey,TR,427.0,499.0,,28.0,,False,
2025-08-19T01:00:00.000Z,TR,Turkey,TR,424.0,495.0,,29.0,,False,
2025-08-19T02:00:00.000Z,TR,Turkey,TR,426.0,496.0,,29.0,,False,
2025-08-19T03:00:00.000Z,TR,Turkey,TR,436.0,506.0,,28.0,,False,
2025-08-19T04:00:00.000Z,TR,Turkey,TR,430.0,499.0,,30.0,,False,
2025-08-19T05:00:00.000Z,TR,Turkey,TR,415.0,484.0,,31.0,,False,
2025-08-19T06:00:00.000Z,TR,Turkey,TR,415.0,484.0,,31.0,,False,
2025-08-19T07:00:00.000Z,TR,Turkey,TR,414.0,481.0,,33.0,,False,
2025-08-19T08:00:00.000Z,TR,Turkey,TR,414.0,481.0,,33.0,,False,
2025-08-19T09:00:00.000Z,TR,Turkey,TR,418.0,485.0,,33.0,,False,
2025-08-19T10:00:00.000Z,TR,Turkey,TR,409.0,476.0,,33.0,,False,
2025-08-19T11:00:00.000Z,TR,Turkey,TR,388.0,452.0,,37.0,,False,
2025-08-19T12:00:00.000Z,TR,Turkey,TR,381.0,446.0,,37.0,,False,
2025-08-19T13:00:00.000Z,TR,Turkey,TR,374.0,440.0,,36.0,,False,
2025-08-19T14:00:00.000Z,TR,Turkey,TR,362.0,429.0,,37.0,,False,
2025-08-19T15:00:00.000Z,TR,Turkey,TR,352.0,418.0,,39.0,,False,
2025-08-19T16:00:00.000Z,TR,Turkey,TR,345.0,410.0,,39.0,,False,
2025-08-19T17:00:00.000Z,TR,Turkey,TR,341.0,407.0,,40.0,,False,
2025-08-19T18:00:00.000Z,TR,Turkey,TR,347.0,413.0,,39.0,,False,
2025-08-19T19:00:00.000Z,TR,Turkey,TR,355.0,421.0,,38.0,,False,
2025-08-19T20:00:00.000Z,TR,Turkey,TR,365.0,432.0,,37.0,,False,
2025-08-19T21:00:00.000Z,TR,Turkey,TR,377.0,445.0,,35.0,,False,
2025-08-19T22:00:00.000Z,TR,Turkey,TR,389.0,458.0,,33.0,,False,
2025-08-19T23:00:00.000Z,TR,Turkey,TR,400.0,471.0,,32.0,,False,
2025-08-20T00:00:00.000Z,TR,Turkey,TR,408.0,479.0,,31.0,,False,
2025-08-20T01:00:00.000Z,TR,Turkey,TR,414.0,484.0,,30.0,,False,
2025-08-20T02:00:00.000Z,TR,Turkey,TR,418.0,489.0,,29.0,,False,
2025-08-20T03:00:00.000Z,TR,Turkey,TR,427.0,498.0,,28.0,,False,
2025-08-20T04:00:00.000Z,TR,Turkey,TR,421.0,492.0,,30.0,,False,
2025-08-20T05:00:00.000Z,TR,Turkey,TR,402.0,471.0,,33.0,,False,
2025-08-20T06:00:00.000Z,TR,Turkey,TR,397.0,465.0,,34.0,,False,
2025-08-20T07:00:00.000Z,TR,Turkey,TR,401.0,469.0,,33.0,,False,
2025-08-20T08:00:00.000Z,TR,Turkey,TR,404.0,472.0,,33.0,,False,
2025-08-20T09:00:00.000Z,TR,Turkey,TR,415.0,483.0,,32.0,,False,
2025-08-20T10:00:00.000Z,TR,Turkey,TR,406.0,475.0,,32.0,,False,
2025-08-20T11:00:00.000Z,TR,Turkey,TR,389.0,458.0,,34.0,,False,
2025-08-20T12:00:00.000Z,TR,Turkey,TR,383.0,452.0,,34.0,,False,
2025-08-20T13:00:00.000Z,TR,Turkey,TR,372.0,441.0,,35.0,,False,
2025-08-20T14:00:00.000Z,TR,Turkey,TR,357.0,426.0,,37.0,,False,
2025-08-20T15:00:00.000Z,TR,Turkey,TR,348.0,416.0,,38.0,,False,
2025-08-20T16:00:00.000Z,TR,Turkey,TR,340.0,407.0,,40.0,,False,
2025-08-20T17:00:00.000Z,TR,Turkey,TR,336.0,403.0,,40.0,,False,
2025-08-20T18:00:00.000Z,TR,Turkey,TR,341.0,408.0,,40.0,,False,
2025-08-20T19:00:00.000Z,TR,Turkey,TR,349.0,417.0,,38.0,,False,
2025-08-20T20:00:00.000Z,TR,Turkey,TR,351.0,421.0,,37.0,,False,
2025-08-20T21:00:00.000Z,TR,Turkey,TR,384.0,456.0,,32.0,,False,
2025-08-20T22:00:00.000Z,TR,Turkey,TR,400.0,475.0,,29.0,,False,
2025-08-20T23:00:00.000Z,TR,Turkey,TR,414.0,490.0,,27.0,,False,
2025-08-21T00:00:00.000Z,TR,Turkey,TR,423.0,500.0,,25.0,,False,
2025-08-21T01:00:00.000Z,TR,Turkey,TR,426.0,503.0,,25.0,,False,
2025-08-21T02:00:00.000Z,TR,Turkey,TR,425.0,502.0,,25.0,,False,
2025-08-21T03:00:00.000Z,TR,Turkey,TR,435.0,512.0,,24.0,,False,
2025-08-21T04:00:00.000Z,TR,Turkey,TR,430.0,505.0,,26.0,,False,
2025-08-21T05:00:00.000Z,TR,Turkey,TR,412.0,486.0,,29.0,,False,
2025-08-21T06:00:00.000Z,TR,Turkey,TR,414.0,487.0,,29.0,,False,
2025-08-21T07:00:00.000Z,TR,Turkey,TR,417.0,489.0,,29.0,,False,
2025-08-21T08:00:00.000Z,TR,Turkey,TR,411.0,481.0,,31.0,,False,
2025-08-21T09:00:00.000Z,TR,Turkey,TR,408.0,480.0,,31.0,,False,
2025-08-21T10:00:00.000Z,TR,Turkey,TR,413.0,485.0,,30.0,,False,
2025-08-21T11:00:00.000Z,TR,Turkey,TR,390.0,459.0,,34.0,,False,
2025-08-21T12:00:00.000Z,TR,Turkey,TR,386.0,456.0,,33.0,,False,
2025-08-21T13:00:00.000Z,TR,Turkey,TR,378.0,449.0,,33.0,,False,
2025-08-21T14:00:00.000Z,TR,Turkey,TR,360.0,430.0,,36.0,,False,
2025-08-21T15:00:00.000Z,TR,Turkey,TR,351.0,420.0,,37.0,,False,
2025-08-21T16:00:00.000Z,TR,Turkey,TR,342.0,410.0,,39.0,,False,
2025-08-21T17:00:00.000Z,TR,Turkey,TR,337.0,405.0,,40.0,,False,
2025-08-21T18:00:00.000Z,TR,Turkey,TR,345.0,413.0,,39.0,,False,
2025-08-21T19:00:00.000Z,TR,Turkey,TR,358.0,428.0,,36.0,,False,
2025-08-21T20:00:00.000Z,TR,Turkey,TR,368.0,440.0,,34.0,,False,
2025-08-21T21:00:00.000Z,TR,Turkey,TR,391.0,467.0,,30.0,,False,
2025-08-21T22:00:00.000Z,TR,Turkey,TR,409.0,487.0,,26.0,,False,
2025-08-21T23:00:00.000Z,TR,Turkey,TR,428.0,509.0,,23.0,,False,
2025-08-22T00:00:00.000Z,TR,Turkey,TR,444.0,527.0,,20.0,,False,
2025-08-22T01:00:00.000Z,TR,Turkey,TR,452.0,536.0,,19.0,,False,
2025-08-22T02:00:00.000Z,TR,Turkey,TR,459.0,543.0,,18.0,,False,
2025-08-22T03:00:00.000Z,TR,Turkey,TR,470.0,554.0,,17.0,,False,
2025-08-22T04:00:00.000Z,TR,Turkey,TR,460.0,540.0,,20.0,,False,
2025-08-22T05:00:00.000Z,TR,Turkey,TR,440.0,519.0,,24.0,,False,
2025-08-22T06:00:00.000Z,TR,Turkey,TR,440.0,517.0,,24.0,,False,
2025-08-22T07:00:00.000Z,TR,Turkey,TR,444.0,520.0,,25.0,,False,
2025-08-22T08:00:00.000Z,TR,Turkey,TR,443.0,520.0,,24.0,,False,
2025-08-22T09:00:00.000Z,TR,Turkey,TR,445.0,520.0,,25.0,,False,
2025-08-22T10:00:00.000Z,TR,Turkey,TR,434.0,508.0,,27.0,,False,
2025-08-22T11:00:00.000Z,TR,Turkey,TR,415.0,489.0,,29.0,,False,
2025-08-22T12:00:00.000Z,TR,Turkey,TR,398.0,469.0,,32.0,,False,
2025-08-22T13:00:00.000Z,TR,Turkey,TR,376.0,447.0,,34.0,,False,
2025-08-22T14:00:00.000Z,TR,Turkey,TR,358.0,428.0,,37.0,,False,
2025-08-22T15:00:00.000Z,TR,Turkey,TR,352.0,421.0,,37.0,,False,
2025-08-22T16:00:00.000Z,TR,Turkey,TR,343.0,411.0,,39.0,,False,
2025-08-22T17:00:00.000Z,TR,Turkey,TR,341.0,409.0,,39.0,,False,
2025-08-22T18:00:00.000Z,TR,Turkey,TR,354.0,423.0,,37.0,,False,
2025-08-22T19:00:00.000Z,TR,Turkey,TR,369.0,440.0,,34.0,,False,
2025-08-22T20:00:00.000Z,TR,Turkey,TR,375.0,448.0,,33.0,,False,
2025-08-22T21:00:00.000Z,TR,Turkey,TR,402.0,477.0,,29.0,,False,
2025-08-22T22:00:00.000Z,TR,Turkey,TR,418.0,497.0,,25.0,,False,
2025-08-22T23:00:00.000Z,TR,Turkey,TR,431.0,511.0,,23.0,,False,
2025-08-23T00:00:00.000Z,TR,Turkey,TR,442.0,524.0,,21.0,,False,
2025-08-23T01:00:00.000Z,TR,Turkey,TR,448.0,529.0,,21.0,,False,
2025-08-23T02:00:00.000Z,TR,Turkey,TR,455.0,537.0,,19.0,,False,
2025-08-23T03:00:00.000Z,TR,Turkey,TR,465.0,547.0,,18.0,,False,
2025-08-23T04:00:00.000Z,TR,Turkey,TR,454.0,532.0,,23.0,,False,
2025-08-23T05:00:00.000Z,TR,Turkey,TR,440.0,515.0,,26.0,,False,
2025-08-23T06:00:00.000Z,TR,Turkey,TR,435.0,509.0,,27.0,,False,
2025-08-23T07:00:00.000Z,TR,Turkey,TR,430.0,502.0,,29.0,,False,
2025-08-23T08:00:00.000Z,TR,Turkey,TR,427.0,498.0,,30.0,,False,
2025-08-23T09:00:00.000Z,TR,Turkey,TR,429.0,499.0,,30.0,,False,
2025-08-23T10:00:00.000Z,TR,Turkey,TR,420.0,489.0,,31.0,,False,
2025-08-23T11:00:00.000Z,TR,Turkey,TR,403.0,470.0,,34.0,,False,
2025-08-23T12:00:00.000Z,TR,Turkey,TR,396.0,463.0,,34.0,,False,
2025-08-23T13:00:00.000Z,TR,Turkey,TR,388.0,456.0,,34.0,,False,
2025-08-23T14:00:00.000Z,TR,Turkey,TR,376.0,445.0,,34.0,,False,
2025-08-23T15:00:00.000Z,TR,Turkey,TR,365.0,435.0,,35.0,,False,
2025-08-23T16:00:00.000Z,TR,Turkey,TR,353.0,423.0,,37.0,,False,
2025-08-23T17:00:00.000Z,TR,Turkey,TR,346.0,414.0,,38.0,,False,
2025-08-23T18:00:00.000Z,TR,Turkey,TR,356.0,426.0,,36.0,,False,
2025-08-23T19:00:00.000Z,TR,Turkey,TR,371.0,443.0,,34.0,,False,
2025-08-23T20:00:00.000Z,TR,Turkey,TR,384.0,457.0,,32.0,,False,
2025-08-23T21:00:00.000Z,TR,Turkey,TR,402.0,478.0,,28.0,,False,
2025-08-23T22:00:00.000Z,TR,Turkey,TR,414.0,491.0,,27.0,,False,
2025-08-23T23:00:00.000Z,TR,Turkey,TR,421.0,499.0,,26.0,,False,
2025-08-24T00:00:00.000Z,TR,Turkey,TR,428.0,505.0,,25.0,,False,
2025-08-24T01:00:00.000Z,TR,Turkey,TR,429.0,505.0,,26.0,,False,
2025-08-24T02:00:00.000Z,TR,Turkey,TR,430.0,505.0,,27.0,,False,
2025-08-24T03:00:00.000Z,TR,Turkey,TR,433.0,505.0,,28.0,,False,
2025-08-24T04:00:00.000Z,TR,Turkey,TR,429.0,495.0,,32.0,,False,
2025-08-24T05:00:00.000Z,TR,Turkey,TR,396.0,457.0,,40.0,,False,
2025-08-24T06:00:00.000Z,TR,Turkey,TR,357.0,415.0,,45.0,,False,
2025-08-24T07:00:00.000Z,TR,Turkey,TR,336.0,392.0,,48.0,,False,
2025-08-24T08:00:00.000Z,TR,Turkey,TR,329.0,385.0,,49.0,,False,
2025-08-24T09:00:00.000Z,TR,Turkey,TR,332.0,388.0,,49.0,,False,
2025-08-24T10:00:00.000Z,TR,Turkey,TR,340.0,397.0,,48.0,,False,
2025-08-24T11:00:00.000Z,TR,Turkey,TR,339.0,395.0,,48.0,,False,
2025-08-24T12:00:00.000Z,TR,Turkey,TR,340.0,396.0,,48.0,,False,
2025-08-24T13:00:00.000Z,TR,Turkey,TR,343.0,398.0,,47.0,,False,
2025-08-24T14:00:00.000Z,TR,Turkey,TR,353.0,414.0,,42.0,,False,
2025-08-24T15:00:00.000Z,TR,Turkey,TR,358.0,425.0,,38.0,,False,
2025-08-24T16:00:00.000Z,TR,Turkey,TR,348.0,414.0,,40.0,,False,
2025-08-24T17:00:00.000Z,TR,Turkey,TR,339.0,403.0,,41.0,,False,
2025-08-24T18:00:00.000Z,TR,Turkey,TR,348.0,413.0,,40.0,,False,
2025-08-24T19:00:00.000Z,TR,Turkey,TR,354.0,420.0,,39.0,,False,
2025-08-24T20:00:00.000Z,TR,Turkey,TR,365.0,431.0,,38.0,,False,
2025-08-24T21:00:00.000Z,TR,Turkey,TR,371.0,435.0,,38.0,,False,
2025-08-24T22:00:00.000Z,TR,Turkey,TR,382.0,446.0,,38.0,,False,
2025-08-24T23:00:00.000Z,TR,Turkey,TR,392.0,456.0,,37.0,,False,
2025-08-25T00:00:00.000Z,TR,Turkey,TR,396.0,457.0,,38.0,,False,
2025-08-25T01:00:00.000Z,TR,Turkey,TR,403.0,465.0,,37.0,,False,
2025-08-25T02:00:00.000Z,TR,Turkey,TR,406.0,468.0,,37.0,,False,
2025-08-25T03:00:00.000Z,TR,Turkey,TR,413.0,475.0,,36.0,,False,
2025-08-25T04:00:00.000Z,TR,Turkey,TR,405.0,467.0,,37.0,,False,
2025-08-25T05:00:00.000Z,TR,Turkey,TR,382.0,444.0,,39.0,,False,
2025-08-25T06:00:00.000Z,TR,Turkey,TR,378.0,439.0,,40.0,,False,
2025-08-25T07:00:00.000Z,TR,Turkey,TR,382.0,443.0,,40.0,,False,
2025-08-25T08:00:00.000Z,TR,Turkey,TR,380.0,440.0,,40.0,,False,
2025-08-25T09:00:00.000Z,TR,Turkey,TR,378.0,437.0,,41.0,,False,
2025-08-25T10:00:00.000Z,TR,Turkey,TR,377.0,437.0,,41.0,,False,
2025-08-25T11:00:00.000Z,TR,Turkey,TR,366.0,426.0,,41.0,,False,
2025-08-25T12:00:00.000Z,TR,Turkey,TR,359.0,420.0,,41.0,,False,
2025-08-25T13:00:00.000Z,TR,Turkey,TR,355.0,418.0,,40.0,,False,
2025-08-25T14:00:00.000Z,TR,Turkey,TR,349.0,414.0,,40.0,,False,
2025-08-25T15:00:00.000Z,TR,Turkey,TR,345.0,410.0,,40.0,,False,
2025-08-25T16:00:00.000Z,TR,Turkey,TR,337.0,402.0,,41.0,,False,
2025-08-25T17:00:00.000Z,TR,Turkey,TR,337.0,402.0,,41.0,,False,
2025-08-25T18:00:00.000Z,TR,Turkey,TR,345.0,411.0,,40.0,,False,
2025-08-25T19:00:00.000Z,TR,Turkey,TR,351.0,418.0,,39.0,,False,
2025-08-25T20:00:00.000Z,TR,Turkey,TR,355.0,421.0,,39.0,,False,
2025-08-25T21:00:00.000Z,TR,Turkey,TR,370.0,437.0,,37.0,,False,
2025-08-25T22:00:00.000Z,TR,Turkey,TR,386.0,454.0,,34.0,,False,
2025-08-25T23:00:00.000Z,TR,Turkey,TR,397.0,466.0,,33.0,,False,
2025-08-26T00:00:00.000Z,TR,Turkey,TR,404.0,473.0,,32.0,,False,
2025-08-26T01:00:00.000Z,TR,Turkey,TR,411.0,479.0,,32.0,,False,
2025-08-26T02:00:00.000Z,TR,Turkey,TR,414.0,482.0,,32.0,,False,
2025-08-26T03:00:00.000Z,TR,Turkey,TR,421.0,489.0,,31.0,,False,
2025-08-26T04:00:00.000Z,TR,Turkey,TR,415.0,481.0,,33.0,,False,
2025-08-26T05:00:00.000Z,TR,Turkey,TR,399.0,464.0,,35.0,,False,
2025-08-26T06:00:00.000Z,TR,Turkey,TR,396.0,459.0,,37.0,,False,
2025-08-26T07:00:00.000Z,TR,Turkey,TR,396.0,457.0,,39.0,,False,
2025-08-26T08:00:00.000Z,TR,Turkey,TR,389.0,449.0,,40.0,,False,
2025-08-26T09:00:00.000Z,TR,Turkey,TR,377.0,437.0,,41.0,,False,
2025-08-26T10:00:00.000Z,TR,Turkey,TR,387.0,447.0,,40.0,,False,
2025-08-26T11:00:00.000Z,TR,Turkey,TR,376.0,437.0,,40.0,,False,
2025-08-26T12:00:00.000Z,TR,Turkey,TR,372.0,434.0,,40.0,,False,
2025-08-26T13:00:00.000Z,TR,Turkey,TR,364.0,427.0,,39.0,,False,
2025-08-26T14:00:00.000Z,TR,Turkey,TR,351.0,415.0,,40.0,,False,
2025-08-26T15:00:00.000Z,TR,Turkey,TR,345.0,409.0,,41.0,,False,
2025-08-26T16:00:00.000Z,TR,Turkey,TR,337.0,401.0,,42.0,,False,
2025-08-26T17:00:00.000Z,TR,Turkey,TR,336.0,399.0,,42.0,,False,
2025-08-26T18:00:00.000Z,TR,Turkey,TR,344.0,407.0,,41.0,,False,
2025-08-26T19:00:00.000Z,TR,Turkey,TR,355.0,419.0,,40.0,,False,
2025-08-26T20:00:00.000Z,TR,Turkey,TR,364.0,427.0,,39.0,,False,
2025-08-26T21:00:00.000Z,TR,Turkey,TR,375.0,438.0,,38.0,,False,
2025-08-26T22:00:00.000Z,TR,Turkey,TR,388.0,453.0,,36.0,,False,
2025-08-26T23:00:00.000Z,TR,Turkey,TR,397.0,462.0,,35.0,,False,
2025-08-27T00:00:00.000Z,TR,Turkey,TR,402.0,467.0,,35.0,,False,
2025-08-27T01:00:00.000Z,TR,Turkey,TR,408.0,472.0,,35.0,,False,
2025-08-27T02:00:00.000Z,TR,Turkey,TR,411.0,476.0,,34.0,,False,
2025-08-27T03:00:00.000Z,TR,Turkey,TR,418.0,482.0,,34.0,,False,
2025-08-27T04:00:00.000Z,TR,Turkey,TR,402.0,464.0,,38.0,,False,
2025-08-27T05:00:00.000Z,TR,Turkey,TR,388.0,449.0,,39.0,,False,
2025-08-27T06:00:00.000Z,TR,Turkey,TR,385.0,444.0,,41.0,,False,
2025-08-27T07:00:00.000Z,TR,Turkey,TR,378.0,436.0,,42.0,,False,
2025-08-27T08:00:00.000Z,TR,Turkey,TR,375.0,433.0,,42.0,,False,
2025-08-27T09:00:00.000Z,TR,Turkey,TR,370.0,427.0,,43.0,,False,
2025-08-27T10:00:00.000Z,TR,Turkey,TR,375.0,433.0,,43.0,,False,
2025-08-27T11:00:00.000Z,TR,Turkey,TR,365.0,422.0,,44.0,,False,
2025-08-27T12:00:00.000Z,TR,Turkey,TR,362.0,419.0,,44.0,,False,
2025-08-27T13:00:00.000Z,TR,Turkey,TR,351.0,410.0,,44.0,,False,
2025-08-27T14:00:00.000Z,TR,Turkey,TR,346.0,407.0,,43.0,,False,
2025-08-27T15:00:00.000Z,TR,Turkey,TR,343.0,405.0,,42.0,,False,
2025-08-27T16:00:00.000Z,TR,Turkey,TR,335.0,396.0,,43.0,,False,
2025-08-27T17:00:00.000Z,TR,Turkey,TR,333.0,395.0,,44.0,,False,
2025-08-27T18:00:00.000Z,TR,Turkey,TR,340.0,402.0,,43.0,,False,
2025-08-27T19:00:00.000Z,TR,Turkey,TR,350.0,412.0,,42.0,,False,
2025-08-27T20:00:00.000Z,TR,Turkey,TR,359.0,421.0,,41.0,,False,
2025-08-27T21:00:00.000Z,TR,Turkey,TR,377.0,440.0,,38.0,,False,
2025-08-27T22:00:00.000Z,TR,Turkey,TR,392.0,456.0,,36.0,,False,
2025-08-27T23:00:00.000Z,TR,Turkey,TR,402.0,467.0,,35.0,,False,
2025-08-28T00:00:00.000Z,TR,Turkey,TR,409.0,474.0,,34.0,,False,
2025-08-28T01:00:00.000Z,TR,Turkey,TR,412.0,476.0,,34.0,,False,
2025-08-28T02:00:00.000Z,TR,Turkey,TR,409.0,472.0,,35.0,,False,
2025-08-28T03:00:00.000Z,TR,Turkey,TR,416.0,478.0,,35.0,,False,
2025-08-28T04:00:00.000Z,TR,Turkey,TR,410.0,471.0,,37.0,,False,
2025-08-28T05:00:00.000Z,TR,Turkey,TR,392.0,452.0,,39.0,,False,
2025-08-28T06:00:00.000Z,TR,Turkey,TR,394.0,453.0,,40.0,,False,
2025-08-28T07:00:00.000Z,TR,Turkey,TR,387.0,446.0,,41.0,,False,
2025-08-28T08:00:00.000Z,TR,Turkey,TR,385.0,443.0,,41.0,,False,
2025-08-28T09:00:00.000Z,TR,Turkey,TR,376.0,434.0,,42.0,,False,
2025-08-28T10:00:00.000Z,TR,Turkey,TR,380.0,438.0,,42.0,,False,
2025-08-28T11:00:00.000Z,TR,Turkey,TR,376.0,434.0,,42.0,,False,
2025-08-28T12:00:00.000Z,TR,Turkey,TR,368.0,426.0,,43.0,,False,
2025-08-28T13:00:00.000Z,TR,Turkey,TR,358.0,416.0,,43.0,,False,
2025-08-28T14:00:00.000Z,TR,Turkey,TR,353.0,415.0,,41.0,,False,
2025-08-28T15:00:00.000Z,TR,Turkey,TR,348.0,411.0,,41.0,,False,
2025-08-28T16:00:00.000Z,TR,Turkey,TR,340.0,402.0,,42.0,,False,
2025-08-28T17:00:00.000Z,TR,Turkey,TR,339.0,401.0,,42.0,,False,
2025-08-28T18:00:00.000Z,TR,Turkey,TR,349.0,413.0,,41.0,,False,
2025-08-28T19:00:00.000Z,TR,Turkey,TR,361.0,425.0,,39.0,,False,
2025-08-28T20:00:00.000Z,TR,Turkey,TR,369.0,434.0,,38.0,,False,
2025-08-28T21:00:00.000Z,TR,Turkey,TR,383.0,447.0,,37.0,,False,
2025-08-28T22:00:00.000Z,TR,Turkey,TR,397.0,463.0,,35.0,,False,
2025-08-28T23:00:00.000Z,TR,Turkey,TR,413.0,480.0,,33.0,,False,
2025-08-29T00:00:00.000Z,TR,Turkey,TR,424.0,493.0,,31.0,,False,
2025-08-29T01:00:00.000Z,TR,Turkey,TR,432.0,501.0,,30.0,,False,
2025-08-29T02:00:00.000Z,TR,Turkey,TR,437.0,507.0,,29.0,,False,
2025-08-29T03:00:00.000Z,TR,Turkey,TR,446.0,517.0,,27.0,,False,
2025-08-29T04:00:00.000Z,TR,Turkey,TR,440.0,509.0,,29.0,,False,
2025-08-29T05:00:00.000Z,TR,Turkey,TR,422.0,490.0,,32.0,,False,
2025-08-29T06:00:00.000Z,TR,Turkey,TR,422.0,490.0,,32.0,,False,
2025-08-29T07:00:00.000Z,TR,Turkey,TR,424.0,490.0,,33.0,,False,
2025-08-29T08:00:00.000Z,TR,Turkey,TR,423.0,489.0,,33.0,,False,
2025-08-29T09:00:00.000Z,TR,Turkey,TR,429.0,495.0,,33.0,,False,
2025-08-29T10:00:00.000Z,TR,Turkey,TR,422.0,487.0,,34.0,,False,
2025-08-29T11:00:00.000Z,TR,Turkey,TR,399.0,464.0,,36.0,,False,
2025-08-29T12:00:00.000Z,TR,Turkey,TR,393.0,459.0,,35.0,,False,
2025-08-29T13:00:00.000Z,TR,Turkey,TR,379.0,447.0,,36.0,,False,
2025-08-29T14:00:00.000Z,TR,Turkey,TR,372.0,441.0,,36.0,,False,
2025-08-29T15:00:00.000Z,TR,Turkey,TR,365.0,434.0,,36.0,,False,
2025-08-29T16:00:00.000Z,TR,Turkey,TR,357.0,426.0,,37.0,,False,
2025-08-29T17:00:00.000Z,TR,Turkey,TR,359.0,428.0,,37.0,,False,
2025-08-29T18:00:00.000Z,TR,Turkey,TR,370.0,440.0,,35.0,,False,
2025-08-29T19:00:00.000Z,TR,Turkey,TR,381.0,452.0,,33.0,,False,
2025-08-29T20:00:00.000Z,TR,Turkey,TR,392.0,464.0,,32.0,,False,
2025-08-29T21:00:00.000Z,TR,Turkey,TR,418.0,494.0,,27.0,,False,
2025-08-29T22:00:00.000Z,TR,Turkey,TR,437.0,516.0,,24.0,,False,
2025-08-29T23:00:00.000Z,TR,Turkey,TR,454.0,533.0,,22.0,,False,
2025-08-30T00:00:00.000Z,TR,Turkey,TR,463.0,544.0,,20.0,,False,
2025-08-30T01:00:00.000Z,TR,Turkey,TR,471.0,552.0,,19.0,,False,
2025-08-30T02:00:00.000Z,TR,Turkey,TR,478.0,559.0,,19.0,,False,
2025-08-30T03:00:00.000Z,TR,Turkey,TR,493.0,575.0,,17.0,,False,
2025-08-30T04:00:00.000Z,TR,Turkey,TR,488.0,565.0,,20.0,,False,
2025-08-30T05:00:00.000Z,TR,Turkey,TR,479.0,552.0,,24.0,,False,
2025-08-30T06:00:00.000Z,TR,Turkey,TR,473.0,545.0,,26.0,,False,
2025-08-30T07:00:00.000Z,TR,Turkey,TR,473.0,541.0,,28.0,,False,
2025-08-30T08:00:00.000Z,TR,Turkey,TR,470.0,537.0,,29.0,,False,
2025-08-30T09:00:00.000Z,TR,Turkey,TR,467.0,534.0,,30.0,,False,
2025-08-30T10:00:00.000Z,TR,Turkey,TR,457.0,523.0,,31.0,,False,
2025-08-30T11:00:00.000Z,TR,Turkey,TR,416.0,478.0,,37.0,,False,
2025-08-30T12:00:00.000Z,TR,Turkey,TR,402.0,465.0,,38.0,,False,
2025-08-30T13:00:00.000Z,TR,Turkey,TR,401.0,466.0,,36.0,,False,
2025-08-30T14:00:00.000Z,TR,Turkey,TR,399.0,468.0,,33.0,,False,
2025-08-30T15:00:00.000Z,TR,Turkey,TR,382.0,451.0,,35.0,,False,
2025-08-30T16:00:00.000Z,TR,Turkey,TR,368.0,437.0,,37.0,,False,
2025-08-30T17:00:00.000Z,TR,Turkey,TR,367.0,435.0,,37.0,,False,
2025-08-30T18:00:00.000Z,TR,Turkey,TR,379.0,449.0,,35.0,,False,
2025-08-30T19:00:00.000Z,TR,Turkey,TR,393.0,464.0,,33.0,,False,
2025-08-30T20:00:00.000Z,TR,Turkey,TR,406.0,479.0,,30.0,,False,
2025-08-30T21:00:00.000Z,TR,Turkey,TR,422.0,497.0,,28.0,,False,
2025-08-30T22:00:00.000Z,TR,Turkey,TR,439.0,514.0,,26.0,,False,
2025-08-30T23:00:00.000Z,TR,Turkey,TR,454.0,530.0,,24.0,,False,
2025-08-31T00:00:00.000Z,TR,Turkey,TR,462.0,537.0,,24.0,,False,
2025-08-31T01:00:00.000Z,TR,Turkey,TR,462.0,534.0,,25.0,,False,
2025-08-31T02:00:00.000Z,TR,Turkey,TR,462.0,533.0,,26.0,,False,
2025-08-31T03:00:00.000Z,TR,Turkey,TR,476.0,547.0,,25.0,,False,
2025-08-31T04:00:00.000Z,TR,Turkey,TR,462.0,528.0,,30.0,,False,
2025-08-31T05:00:00.000Z,TR,Turkey,TR,418.0,479.0,,38.0,,False,
2025-08-31T06:00:00.000Z,TR,Turkey,TR,380.0,441.0,,43.0,,False,
2025-08-31T07:00:00.000Z,TR,Turkey,TR,366.0,425.0,,44.0,,False,
2025-08-31T08:00:00.000Z,TR,Turkey,TR,359.0,418.0,,45.0,,False,
2025-08-31T09:00:00.000Z,TR,Turkey,TR,361.0,420.0,,45.0,,False,
2025-08-31T10:00:00.000Z,TR,Turkey,TR,347.0,405.0,,47.0,,False,
2025-08-31T11:00:00.000Z,TR,Turkey,TR,337.0,393.0,,49.0,,False,
2025-08-31T12:00:00.000Z,TR,Turkey,TR,365.0,421.0,,45.0,,False,
2025-08-31T13:00:00.000Z,TR,Turkey,TR,381.0,439.0,,42.0,,False,
2025-08-31T14:00:00.000Z,TR,Turkey,TR,377.0,439.0,,40.0,,False,
2025-08-31T15:00:00.000Z,TR,Turkey,TR,385.0,455.0,,34.0,,False,
2025-08-31T16:00:00.000Z,TR,Turkey,TR,376.0,445.0,,35.0,,False,
2025-08-31T17:00:00.000Z,TR,Turkey,TR,371.0,440.0,,36.0,,False,
2025-08-31T18:00:00.000Z,TR,Turkey,TR,379.0,449.0,,35.0,,False,
2025-08-31T19:00:00.000Z,TR,Turkey,TR,396.0,468.0,,32.0,,False,
2025-08-31T20:00:00.000Z,TR,Turkey,TR,410.0,483.0,,30.0,,False,
2025-08-31T21:00:00.000Z,TR,Turkey,TR,431.0,508.0,,25.0,,False,
2025-08-31T22:00:00.000Z,TR,Turkey,TR,447.0,525.0,,23.0,,False,
2025-08-31T23:00:00.000Z,TR,Turkey,TR,458.0,537.0,,22.0,,False,
2025-09-01T00:00:00.000Z,TR,Turkey,TR,471.0,551.0,,20.0,,False,
2025-09-01T01:00:00.000Z,TR,Turkey,TR,478.0,558.0,,19.0,,False,
2025-09-01T02:00:00.000Z,TR,Turkey,TR,479.0,560.0,,19.0,,False,
2025-09-01T03:00:00.000Z,TR,Turkey,TR,489.0,571.0,,17.0,,False,
2025-09-01T04:00:00.000Z,TR,Turkey,TR,476.0,556.0,,20.0,,False,
2025-09-01T05:00:00.000Z,TR,Turkey,TR,441.0,518.0,,25.0,,False,
2025-09-01T06:00:00.000Z,TR,Turkey,TR,429.0,504.0,,27.0,,False,
2025-09-01T07:00:00.000Z,TR,Turkey,TR,439.0,515.0,,25.0,,False,
2025-09-01T08:00:00.000Z,TR,Turkey,TR,436.0,512.0,,26.0,,False,
2025-09-01T09:00:00.000Z,TR,Turkey,TR,447.0,523.0,,25.0,,False,
2025-09-01T10:00:00.000Z,TR,Turkey,TR,436.0,512.0,,26.0,,False,
2025-09-01T11:00:00.000Z,TR,Turkey,TR,415.0,490.0,,28.0,,False,
2025-09-01T12:00:00.000Z,TR,Turkey,TR,395.0,470.0,,30.0,,False,
2025-09-01T13:00:00.000Z,TR,Turkey,TR,374.0,447.0,,33.0,,False,
2025-09-01T14:00:00.000Z,TR,Turkey,TR,364.0,434.0,,35.0,,False,
2025-09-01T15:00:00.000Z,TR,Turkey,TR,355.0,425.0,,37.0,,False,
2025-09-01T16:00:00.000Z,TR,Turkey,TR,345.0,414.0,,38.0,,False,
2025-09-01T17:00:00.000Z,TR,Turkey,TR,341.0,409.0,,39.0,,False,
2025-09-01T18:00:00.000Z,TR,Turkey,TR,350.0,419.0,,37.0,,False,
2025-09-01T19:00:00.000Z,TR,Turkey,TR,363.0,434.0,,35.0,,False,
2025-09-01T20:00:00.000Z,TR,Turkey,TR,382.0,455.0,,32.0,,False,
2025-09-01T21:00:00.000Z,TR,Turkey,TR,405.0,482.0,,28.0,,False,
2025-09-01T22:00:00.000Z,TR,Turkey,TR,417.0,494.0,,26.0,,False,
2025-09-01T23:00:00.000Z,TR,Turkey,TR,429.0,506.0,,25.0,,False,
2025-09-02T00:00:00.000Z,TR,Turkey,TR,437.0,514.0,,24.0,,False,
2025-09-02T01:00:00.000Z,TR,Turkey,TR,439.0,515.0,,25.0,,False,
2025-09-02T02:00:00.000Z,TR,Turkey,TR,441.0,516.0,,25.0,,False,
2025-09-02T03:00:00.000Z,TR,Turkey,TR,450.0,526.0,,24.0,,False,
2025-09-02T04:00:00.000Z,TR,Turkey,TR,438.0,512.0,,26.0,,False,
2025-09-02T05:00:00.000Z,TR,Turkey,TR,409.0,481.0,,31.0,,False,
2025-09-02T06:00:00.000Z,TR,Turkey,TR,405.0,475.0,,32.0,,False,
2025-09-02T07:00:00.000Z,TR,Turkey,TR,412.0,482.0,,31.0,,False,
2025-09-02T08:00:00.000Z,TR,Turkey,TR,406.0,475.0,,33.0,,False,
2025-09-02T09:00:00.000Z,TR,Turkey,TR,410.0,478.0,,33.0,,False,
2025-09-02T10:00:00.000Z,TR,Turkey,TR,401.0,469.0,,33.0,,False,
2025-09-02T11:00:00.000Z,TR,Turkey,TR,377.0,443.0,,37.0,,False,
2025-09-02T12:00:00.000Z,TR,Turkey,TR,363.0,428.0,,39.0,,False,
2025-09-02T13:00:00.000Z,TR,Turkey,TR,349.0,414.0,,40.0,,False,
2025-09-02T14:00:00.000Z,TR,Turkey,TR,339.0,405.0,,40.0,,False,
2025-09-02T15:00:00.000Z,TR,Turkey,TR,336.0,401.0,,41.0,,False,
2025-09-02T16:00:00.000Z,TR,Turkey,TR,333.0,398.0,,41.0,,False,
2025-09-02T17:00:00.000Z,TR,Turkey,TR,333.0,399.0,,41.0,,False,
2025-09-02T18:00:00.000Z,TR,Turkey,TR,342.0,408.0,,40.0,,False,
2025-09-02T19:00:00.000Z,TR,Turkey,TR,351.0,418.0,,39.0,,False,
2025-09-02T20:00:00.000Z,TR,Turkey,TR,360.0,427.0,,38.0,,False,
2025-09-02T21:00:00.000Z,TR,Turkey,TR,375.0,443.0,,36.0,,False,
2025-09-02T22:00:00.000Z,TR,Turkey,TR,390.0,459.0,,33.0,,False,
2025-09-02T23:00:00.000Z,TR,Turkey,TR,402.0,473.0,,32.0,,False,
2025-09-03T00:00:00.000Z,TR,Turkey,TR,408.0,478.0,,31.0,,False,
2025-09-03T01:00:00.000Z,TR,Turkey,TR,407.0,476.0,,32.0,,False,
2025-09-03T02:00:00.000Z,TR,Turkey,TR,415.0,485.0,,30.0,,False,
2025-09-03T03:00:00.000Z,TR,Turkey,TR,425.0,496.0,,29.0,,False,
2025-09-03T04:00:00.000Z,TR,Turkey,TR,419.0,489.0,,30.0,,False,
2025-09-03T05:00:00.000Z,TR,Turkey,TR,392.0,460.0,,34.0,,False,
2025-09-03T06:00:00.000Z,TR,Turkey,TR,388.0,456.0,,35.0,,False,
2025-09-03T07:00:00.000Z,TR,Turkey,TR,389.0,457.0,,35.0,,False,
2025-09-03T08:00:00.000Z,TR,Turkey,TR,384.0,450.0,,36.0,,False,
2025-09-03T09:00:00.000Z,TR,Turkey,TR,384.0,446.0,,38.0,,False,
2025-09-03T10:00:00.000Z,TR,Turkey,TR,386.0,449.0,,38.0,,False,
2025-09-03T11:00:00.000Z,TR,Turkey,TR,363.0,424.0,,41.0,,False,
2025-09-03T12:00:00.000Z,TR,Turkey,TR,354.0,415.0,,42.0,,False,
2025-09-03T13:00:00.000Z,TR,Turkey,TR,343.0,405.0,,43.0,,False,
2025-09-03T14:00:00.000Z,TR,Turkey,TR,337.0,400.0,,42.0,,False,
2025-09-03T15:00:00.000Z,TR,Turkey,TR,333.0,396.0,,43.0,,False,
2025-09-03T16:00:00.000Z,TR,Turkey,TR,325.0,387.0,,44.0,,False,
2025-09-03T17:00:00.000Z,TR,Turkey,TR,327.0,390.0,,43.0,,False,
2025-09-03T18:00:00.000Z,TR,Turkey,TR,337.0,400.0,,42.0,,False,
2025-09-03T19:00:00.000Z,TR,Turkey,TR,346.0,410.0,,41.0,,False,
2025-09-03T20:00:00.000Z,TR,Turkey,TR,358.0,423.0,,39.0,,False,
2025-09-03T21:00:00.000Z,TR,Turkey,TR,379.0,447.0,,35.0,,False,
2025-09-03T22:00:00.000Z,TR,Turkey,TR,391.0,459.0,,34.0,,False,
2025-09-03T23:00:00.000Z,TR,Turkey,TR,401.0,469.0,,33.0,,False,
2025-09-04T00:00:00.000Z,TR,Turkey,TR,408.0,475.0,,33.0,,False,
2025-09-04T01:00:00.000Z,TR,Turkey,TR,412.0,479.0,,33.0,,False,
2025-09-04T02:00:00.000Z,TR,Turkey,TR,417.0,483.0,,32.0,,False,
2025-09-04T03:00:00.000Z,TR,Turkey,TR,424.0,491.0,,31.0,,False,
2025-09-04T04:00:00.000Z,TR,Turkey,TR,415.0,481.0,,33.0,,False,
2025-09-04T05:00:00.000Z,TR,Turkey,TR,398.0,464.0,,35.0,,False,
2025-09-04T06:00:00.000Z,TR,Turkey,TR,395.0,459.0,,37.0,,False,
2025-09-04T07:00:00.000Z,TR,Turkey,TR,391.0,453.0,,38.0,,False,
2025-09-04T08:00:00.000Z,TR,Turkey,TR,389.0,450.0,,39.0,,False,
2025-09-04T09:00:00.000Z,TR,Turkey,TR,395.0,455.0,,39.0,,False,
2025-09-04T10:00:00.000Z,TR,Turkey,TR,390.0,453.0,,37.0,,False,
2025-09-04T11:00:00.000Z,TR,Turkey,TR,377.0,440.0,,38.0,,False,
2025-09-04T12:00:00.000Z,TR,Turkey,TR,373.0,438.0,,38.0,,False,
2025-09-04T13:00:00.000Z,TR,Turkey,TR,366.0,432.0,,38.0,,False,
2025-09-04T14:00:00.000Z,TR,Turkey,TR,354.0,420.0,,39.0,,False,
2025-09-04T15:00:00.000Z,TR,Turkey,TR,345.0,411.0,,40.0,,False,
2025-09-04T16:00:00.000Z,TR,Turkey,TR,335.0,400.0,,41.0,,False,
2025-09-04T17:00:00.000Z,TR,Turkey,TR,335.0,399.0,,42.0,,False,
2025-09-04T18:00:00.000Z,TR,Turkey,TR,344.0,409.0,,40.0,,False,
2025-09-04T19:00:00.000Z,TR,Turkey,TR,358.0,425.0,,38.0,,False,
2025-09-04T20:00:00.000Z,TR,Turkey,TR,374.0,441.0,,36.0,,False,
2025-09-04T21:00:00.000Z,TR,Turkey,TR,392.0,462.0,,33.0,,False,
2025-09-04T22:00:00.000Z,TR,Turkey,TR,402.0,473.0,,31.0,,False,
2025-09-04T23:00:00.000Z,TR,Turkey,TR,407.0,478.0,,31.0,,False,
2025-09-05T00:00:00.000Z,TR,Turkey,TR,415.0,486.0,,30.0,,False,
2025-09-05T01:00:00.000Z,TR,Turkey,TR,421.0,492.0,,29.0,,False,
2025-09-05T02:00:00.000Z,TR,Turkey,TR,422.0,493.0,,29.0,,False,
2025-09-05T03:00:00.000Z,TR,Turkey,TR,429.0,501.0,,28.0,,False,
2025-09-05T04:00:00.000Z,TR,Turkey,TR,425.0,496.0,,29.0,,False,
2025-09-05T05:00:00.000Z,TR,Turkey,TR,411.0,482.0,,31.0,,False,
2025-09-05T06:00:00.000Z,TR,Turkey,TR,409.0,479.0,,31.0,,False,
2025-09-05T07:00:00.000Z,TR,Turkey,TR,413.0,481.0,,32.0,,False,
2025-09-05T08:00:00.000Z,TR,Turkey,TR,406.0,474.0,,33.0,,False,
2025-09-05T09:00:00.000Z,TR,Turkey,TR,411.0,476.0,,34.0,,False,
2025-09-05T10:00:00.000Z,TR,Turkey,TR,406.0,472.0,,34.0,,False,
2025-09-05T11:00:00.000Z,TR,Turkey,TR,384.0,449.0,,37.0,,False,
2025-09-05T12:00:00.000Z,TR,Turkey,TR,376.0,442.0,,37.0,,False,
2025-09-05T13:00:00.000Z,TR,Turkey,TR,369.0,436.0,,37.0,,False,
2025-09-05T14:00:00.000Z,TR,Turkey,TR,353.0,419.0,,39.0,,False,
2025-09-05T15:00:00.000Z,TR,Turkey,TR,347.0,413.0,,40.0,,False,
2025-09-05T16:00:00.000Z,TR,Turkey,TR,342.0,408.0,,40.0,,False,
2025-09-05T17:00:00.000Z,TR,Turkey,TR,341.0,407.0,,40.0,,False,
2025-09-05T18:00:00.000Z,TR,Turkey,TR,348.0,414.0,,39.0,,False,
2025-09-05T19:00:00.000Z,TR,Turkey,TR,358.0,425.0,,37.0,,False,
2025-09-05T20:00:00.000Z,TR,Turkey,TR,375.0,445.0,,34.0,,False,
2025-09-05T21:00:00.000Z,TR,Turkey,TR,391.0,464.0,,31.0,,False,
2025-09-05T22:00:00.000Z,TR,Turkey,TR,405.0,480.0,,29.0,,False,
2025-09-05T23:00:00.000Z,TR,Turkey,TR,420.0,496.0,,26.0,,False,
2025-09-06T00:00:00.000Z,TR,Turkey,TR,429.0,507.0,,25.0,,False,
2025-09-06T01:00:00.000Z,TR,Turkey,TR,435.0,512.0,,24.0,,False,
2025-09-06T02:00:00.000Z,TR,Turkey,TR,436.0,513.0,,24.0,,False,
2025-09-06T03:00:00.000Z,TR,Turkey,TR,446.0,523.0,,23.0,,False,
2025-09-06T04:00:00.000Z,TR,Turkey,TR,444.0,519.0,,25.0,,False,
2025-09-06T05:00:00.000Z,TR,Turkey,TR,427.0,499.0,,29.0,,False,
2025-09-06T06:00:00.000Z,TR,Turkey,TR,420.0,488.0,,32.0,,False,
2025-09-06T07:00:00.000Z,TR,Turkey,TR,407.0,473.0,,35.0,,False,
2025-09-06T08:00:00.000Z,TR,Turkey,TR,407.0,471.0,,36.0,,False,
2025-09-06T09:00:00.000Z,TR,Turkey,TR,407.0,471.0,,36.0,,False,
2025-09-06T10:00:00.000Z,TR,Turkey,TR,403.0,466.0,,36.0,,False,
2025-09-06T11:00:00.000Z,TR,Turkey,TR,385.0,447.0,,39.0,,False,
2025-09-06T12:00:00.000Z,TR,Turkey,TR,376.0,438.0,,40.0,,False,
2025-09-06T13:00:00.000Z,TR,Turkey,TR,365.0,428.0,,40.0,,False,
2025-09-06T14:00:00.000Z,TR,Turkey,TR,357.0,421.0,,39.0,,False,
2025-09-06T15:00:00.000Z,TR,Turkey,TR,354.0,421.0,,38.0,,False,
2025-09-06T16:00:00.000Z,TR,Turkey,TR,346.0,411.0,,39.0,,False,
2025-09-06T17:00:00.000Z,TR,Turkey,TR,347.0,413.0,,39.0,,False,
2025-09-06T18:00:00.000Z,TR,Turkey,TR,355.0,422.0,,38.0,,False,
2025-09-06T19:00:00.000Z,TR,Turkey,TR,364.0,431.0,,37.0,,False,
2025-09-06T20:00:00.000Z,TR,Turkey,TR,375.0,442.0,,36.0,,False,
2025-09-06T21:00:00.000Z,TR,Turkey,TR,393.0,462.0,,33.0,,False,
2025-09-06T22:00:00.000Z,TR,Turkey,TR,405.0,475.0,,32.0,,False,
2025-09-06T23:00:00.000Z,TR,Turkey,TR,415.0,485.0,,31.0,,False,
2025-09-07T00:00:00.000Z,TR,Turkey,TR,418.0,487.0,,32.0,,False,
2025-09-07T01:00:00.000Z,TR,Turkey,TR,420.0,486.0,,33.0,,False,
2025-09-07T02:00:00.000Z,TR,Turkey,TR,422.0,489.0,,32.0,,False,
2025-09-07T03:00:00.000Z,TR,Turkey,TR,428.0,493.0,,33.0,,False,
2025-09-07T04:00:00.000Z,TR,Turkey,TR,418.0,478.0,,38.0,,False,
2025-09-07T05:00:00.000Z,TR,Turkey,TR,352.0,407.0,,48.0,,False,
2025-09-07T06:00:00.000Z,TR,Turkey,TR,317.0,370.0,,52.0,,False,
2025-09-07T07:00:00.000Z,TR,Turkey,TR,318.0,371.0,,52.0,,False,
2025-09-07T08:00:00.000Z,TR,Turkey,TR,318.0,372.0,,52.0,,False,
2025-09-07T09:00:00.000Z,TR,Turkey,TR,316.0,369.0,,52.0,,False,
2025-09-07T10:00:00.000Z,TR,Turkey,TR,306.0,358.0,,53.0,,False,
2025-09-07T11:00:00.000Z,TR,Turkey,TR,321.0,374.0,,51.0,,False,
2025-09-07T12:00:00.000Z,TR,Turkey,TR,337.0,390.0,,50.0,,False,
2025-09-07T13:00:00.000Z,TR,Turkey,TR,335.0,388.0,,50.0,,False,
2025-09-07T14:00:00.000Z,TR,Turkey,TR,344.0,399.0,,47.0,,False,
2025-09-07T15:00:00.000Z,TR,Turkey,TR,351.0,412.0,,42.0,,False,
2025-09-07T16:00:00.000Z,TR,Turkey,TR,343.0,406.0,,42.0,,False,
2025-09-07T17:00:00.000Z,TR,Turkey,TR,341.0,404.0,,42.0,,False,
2025-09-07T18:00:00.000Z,TR,Turkey,TR,350.0,414.0,,41.0,,False,
2025-09-07T19:00:00.000Z,TR,Turkey,TR,370.0,435.0,,38.0,,False,
2025-09-07T20:00:00.000Z,TR,Turkey,TR,382.0,448.0,,36.0,,False,
2025-09-07T21:00:00.000Z,TR,Turkey,TR,397.0,463.0,,35.0,,False,
2025-09-07T22:00:00.000Z,TR,Turkey,TR,407.0,473.0,,34.0,,False,
2025-09-07T23:00:00.000Z,TR,Turkey,TR,420.0,486.0,,33.0,,False,
2025-09-08T00:00:00.000Z,TR,Turkey,TR,425.0,491.0,,33.0,,False,
2025-09-08T01:00:00.000Z,TR,Turkey,TR,426.0,491.0,,33.0,,False,
2025-09-08T02:00:00.000Z,TR,Turkey,TR,425.0,490.0,,33.0,,False,
2025-09-08T03:00:00.000Z,TR,Turkey,TR,437.0,504.0,,31.0,,False,
2025-09-08T04:00:00.000Z,TR,Turkey,TR,428.0,494.0,,32.0,,False,
2025-09-08T05:00:00.000Z,TR,Turkey,TR,396.0,461.0,,36.0,,False,
2025-09-08T06:00:00.000Z,TR,Turkey,TR,387.0,450.0,,38.0,,False,
2025-09-08T07:00:00.000Z,TR,Turkey,TR,392.0,455.0,,38.0,,False,
2025-09-08T08:00:00.000Z,TR,Turkey,TR,391.0,453.0,,38.0,,False,
2025-09-08T09:00:00.000Z,TR,Turkey,TR,387.0,449.0,,39.0,,False,
2025-09-08T10:00:00.000Z,TR,Turkey,TR,388.0,450.0,,39.0,,False,
2025-09-08T11:00:00.000Z,TR,Turkey,TR,378.0,439.0,,40.0,,False,
2025-09-08T12:00:00.000Z,TR,Turkey,TR,373.0,436.0,,39.0,,False,
2025-09-08T13:00:00.000Z,TR,Turkey,TR,366.0,431.0,,39.0,,False,
2025-09-08T14:00:00.000Z,TR,Turkey,TR,360.0,425.0,,39.0,,False,
2025-09-08T15:00:00.000Z,TR,Turkey,TR,358.0,423.0,,39.0,,False,
2025-09-08T16:00:00.000Z,TR,Turkey,TR,353.0,417.0,,40.0,,False,
2025-09-08T17:00:00.000Z,TR,Turkey,TR,355.0,420.0,,39.0,,False,
2025-09-08T18:00:00.000Z,TR,Turkey,TR,365.0,431.0,,38.0,,False,
2025-09-08T19:00:00.000Z,TR,Turkey,TR,374.0,440.0,,37.0,,False,
2025-09-08T20:00:00.000Z,TR,Turkey,TR,390.0,458.0,,35.0,,False,
2025-09-08T21:00:00.000Z,TR,Turkey,TR,415.0,486.0,,30.0,,False,
2025-09-08T22:00:00.000Z,TR,Turkey,TR,424.0,497.0,,28.0,,False,
2025-09-08T23:00:00.000Z,TR,Turkey,TR,433.0,506.0,,27.0,,False,
2025-09-09T00:00:00.000Z,TR,Turkey,TR,441.0,515.0,,26.0,,False,
2025-09-09T01:00:00.000Z,TR,Turkey,TR,441.0,515.0,,26.0,,False,
2025-09-09T02:00:00.000Z,TR,Turkey,TR,440.0,514.0,,26.0,,False,
2025-09-09T03:00:00.000Z,TR,Turkey,TR,448.0,523.0,,25.0,,False,
2025-09-09T04:00:00.000Z,TR,Turkey,TR,444.0,516.0,,27.0,,False,
2025-09-09T05:00:00.000Z,TR,Turkey,TR,426.0,497.0,,30.0,,False,
2025-09-09T06:00:00.000Z,TR,Turkey,TR,429.0,499.0,,30.0,,False,
2025-09-09T07:00:00.000Z,TR,Turkey,TR,424.0,493.0,,32.0,,False,
2025-09-09T08:00:00.000Z,TR,Turkey,TR,423.0,491.0,,32.0,,False,
2025-09-09T09:00:00.000Z,TR,Turkey,TR,415.0,483.0,,33.0,,False,
2025-09-09T10:00:00.000Z,TR,Turkey,TR,421.0,488.0,,32.0,,False,
2025-09-09T11:00:00.000Z,TR,Turkey,TR,413.0,480.0,,33.0,,False,
2025-09-09T12:00:00.000Z,TR,Turkey,TR,402.0,469.0,,34.0,,False,
2025-09-09T13:00:00.000Z,TR,Turkey,TR,390.0,459.0,,34.0,,False,
2025-09-09T14:00:00.000Z,TR,Turkey,TR,381.0,452.0,,34.0,,False,
2025-09-09T15:00:00.000Z,TR,Turkey,TR,373.0,443.0,,35.0,,False,
2025-09-09T16:00:00.000Z,TR,Turkey,TR,362.0,431.0,,36.0,,False,
2025-09-09T17:00:00.000Z,TR,Turkey,TR,362.0,431.0,,37.0,,False,
2025-09-09T18:00:00.000Z,TR,Turkey,TR,374.0,444.0,,34.0,,False,
2025-09-09T19:00:00.000Z,TR,Turkey,TR,390.0,463.0,,31.0,,False,
2025-09-09T20:00:00.000Z,TR,Turkey,TR,408.0,483.0,,29.0,,False,
2025-09-09T21:00:00.000Z,TR,Turkey,TR,422.0,496.0,,27.0,,False,
2025-09-09T22:00:00.000Z,TR,Turkey,TR,434.0,510.0,,25.0,,False,
2025-09-09T23:00:00.000Z,TR,Turkey,TR,442.0,519.0,,24.0,,False,
2025-09-10T00:00:00.000Z,TR,Turkey,TR,453.0,530.0,,23.0,,False,
2025-09-10T01:00:00.000Z,TR,Turkey,TR,455.0,532.0,,23.0,,False,
2025-09-10T02:00:00.000Z,TR,Turkey,TR,455.0,532.0,,23.0,,False,
2025-09-10T03:00:00.000Z,TR,Turkey,TR,454.0,533.0,,22.0,,False,
2025-09-10T04:00:00.000Z,TR,Turkey,TR,441.0,518.0,,24.0,,False,
2025-09-10T05:00:00.000Z,TR,Turkey,TR,427.0,502.0,,27.0,,False,
2025-09-10T06:00:00.000Z,TR,Turkey,TR,432.0,506.0,,27.0,,False,
2025-09-10T07:00:00.000Z,TR,Turkey,TR,442.0,515.0,,28.0,,False,
2025-09-10T08:00:00.000Z,TR,Turkey,TR,437.0,507.0,,29.0,,False,
2025-09-10T09:00:00.000Z,TR,Turkey,TR,444.0,514.0,,29.0,,False,
2025-09-10T10:00:00.000Z,TR,Turkey,TR,435.0,505.0,,30.0,,False,
2025-09-10T11:00:00.000Z,TR,Turkey,TR,417.0,487.0,,31.0,,False,
2025-09-10T12:00:00.000Z,TR,Turkey,TR,403.0,471.0,,33.0,,False,
2025-09-10T13:00:00.000Z,TR,Turkey,TR,382.0,452.0,,35.0,,False,
2025-09-10T14:00:00.000Z,TR,Turkey,TR,361.0,430.0,,37.0,,False,
2025-09-10T15:00:00.000Z,TR,Turkey,TR,349.0,416.0,,39.0,,False,
2025-09-10T16:00:00.000Z,TR,Turkey,TR,341.0,408.0,,40.0,,False,
2025-09-10T17:00:00.000Z,TR,Turkey,TR,347.0,414.0,,39.0,,False,
2025-09-10T18:00:00.000Z,TR,Turkey,TR,358.0,427.0,,37.0,,False,
2025-09-10T19:00:00.000Z,TR,Turkey,TR,373.0,444.0,,34.0,,False,
2025-09-10T20:00:00.000Z,TR,Turkey,TR,393.0,466.0,,31.0,,False,
2025-09-10T21:00:00.000Z,TR,Turkey,TR,409.0,483.0,,29.0,,False,
2025-09-10T22:00:00.000Z,TR,Turkey,TR,423.0,498.0,,27.0,,False,
2025-09-10T23:00:00.000Z,TR,Turkey,TR,434.0,509.0,,26.0,,False,
2025-09-11T00:00:00.000Z,TR,Turkey,TR,442.0,517.0,,25.0,,False,
2025-09-11T01:00:00.000Z,TR,Turkey,TR,445.0,521.0,,24.0,,False,
2025-09-11T02:00:00.000Z,TR,Turkey,TR,444.0,520.0,,24.0,,False,
2025-09-11T03:00:00.000Z,TR,Turkey,TR,445.0,521.0,,24.0,,False,
2025-09-11T04:00:00.000Z,TR,Turkey,TR,441.0,516.0,,26.0,,False,
2025-09-11T05:00:00.000Z,TR,Turkey,TR,427.0,501.0,,28.0,,False,
2025-09-11T06:00:00.000Z,TR,Turkey,TR,433.0,507.0,,27.0,,False,
2025-09-11T07:00:00.000Z,TR,Turkey,TR,438.0,511.0,,27.0,,False,
2025-09-11T08:00:00.000Z,TR,Turkey,TR,435.0,507.0,,28.0,,False,
2025-09-11T09:00:00.000Z,TR,Turkey,TR,439.0,511.0,,28.0,,False,
2025-09-11T10:00:00.000Z,TR,Turkey,TR,433.0,505.0,,29.0,,False,
2025-09-11T11:00:00.000Z,TR,Turkey,TR,412.0,482.0,,31.0,,False,
2025-09-11T12:00:00.000Z,TR,Turkey,TR,401.0,472.0,,32.0,,False,
2025-09-11T13:00:00.000Z,TR,Turkey,TR,385.0,457.0,,33.0,,False,
2025-09-11T14:00:00.000Z,TR,Turkey,TR,370.0,442.0,,34.0,,False,
2025-09-11T15:00:00.000Z,TR,Turkey,TR,359.0,430.0,,36.0,,False,
2025-09-11T16:00:00.000Z,TR,Turkey,TR,349.0,418.0,,38.0,,False,
2025-09-11T17:00:00.000Z,TR,Turkey,TR,353.0,423.0,,37.0,,False,
2025-09-11T18:00:00.000Z,TR,Turkey,TR,364.0,434.0,,35.0,,False,
2025-09-11T19:00:00.000Z,TR,Turkey,TR,379.0,452.0,,33.0,,False,
2025-09-11T20:00:00.000Z,TR,Turkey,TR,399.0,474.0,,29.0,,False,
2025-09-11T21:00:00.000Z,TR,Turkey,TR,420.0,497.0,,26.0,,False,
2025-09-11T22:00:00.000Z,TR,Turkey,TR,436.0,515.0,,23.0,,False,
2025-09-11T23:00:00.000Z,TR,Turkey,TR,447.0,526.0,,22.0,,False,
2025-09-12T00:00:00.000Z,TR,Turkey,TR,456.0,535.0,,21.0,,False,
2025-09-12T01:00:00.000Z,TR,Turkey,TR,459.0,539.0,,21.0,,False,
2025-09-12T02:00:00.000Z,TR,Turkey,TR,459.0,539.0,,21.0,,False,
2025-09-12T03:00:00.000Z,TR,Turkey,TR,458.0,538.0,,21.0,,False,
2025-09-12T04:00:00.000Z,TR,Turkey,TR,456.0,536.0,,22.0,,False,
2025-09-12T05:00:00.000Z,TR,Turkey,TR,440.0,518.0,,24.0,,False,
2025-09-12T06:00:00.000Z,TR,Turkey,TR,437.0,514.0,,25.0,,False,
2025-09-12T07:00:00.000Z,TR,Turkey,TR,443.0,519.0,,25.0,,False,
2025-09-12T08:00:00.000Z,TR,Turkey,TR,443.0,518.0,,26.0,,False,
2025-09-12T09:00:00.000Z,TR,Turkey,TR,452.0,523.0,,28.0,,False,
2025-09-12T10:00:00.000Z,TR,Turkey,TR,438.0,508.0,,30.0,,False,
2025-09-12T11:00:00.000Z,TR,Turkey,TR,420.0,489.0,,31.0,,False,
2025-09-12T12:00:00.000Z,TR,Turkey,TR,407.0,476.0,,32.0,,False,
2025-09-12T13:00:00.000Z,TR,Turkey,TR,393.0,464.0,,33.0,,False,
2025-09-12T14:00:00.000Z,TR,Turkey,TR,376.0,447.0,,34.0,,False,
2025-09-12T15:00:00.000Z,TR,Turkey,TR,365.0,433.0,,36.0,,False,
2025-09-12T16:00:00.000Z,TR,Turkey,TR,357.0,425.0,,37.0,,False,
2025-09-12T17:00:00.000Z,TR,Turkey,TR,360.0,428.0,,37.0,,False,
2025-09-12T18:00:00.000Z,TR,Turkey,TR,370.0,440.0,,35.0,,False,
2025-09-12T19:00:00.000Z,TR,Turkey,TR,380.0,452.0,,33.0,,False,
2025-09-12T20:00:00.000Z,TR,Turkey,TR,392.0,464.0,,32.0,,False,
2025-09-12T21:00:00.000Z,TR,Turkey,TR,410.0,484.0,,29.0,,False,
2025-09-12T22:00:00.000Z,TR,Turkey,TR,420.0,494.0,,28.0,,False,
2025-09-12T23:00:00.000Z,TR,Turkey,TR,427.0,500.0,,28.0,,False,
2025-09-13T00:00:00.000Z,TR,Turkey,TR,425.0,496.0,,30.0,,False,
2025-09-13T01:00:00.000Z,TR,Turkey,TR,416.0,485.0,,32.0,,False,
2025-09-13T02:00:00.000Z,TR,Turkey,TR,421.0,488.0,,32.0,,False,
2025-09-13T03:00:00.000Z,TR,Turkey,TR,424.0,491.0,,32.0,,False,
2025-09-13T04:00:00.000Z,TR,Turkey,TR,413.0,476.0,,36.0,,False,
2025-09-13T05:00:00.000Z,TR,Turkey,TR,398.0,457.0,,40.0,,False,
2025-09-13T06:00:00.000Z,TR,Turkey,TR,386.0,443.0,,43.0,,False,
2025-09-13T07:00:00.000Z,TR,Turkey,TR,362.0,418.0,,45.0,,False,
2025-09-13T08:00:00.000Z,TR,Turkey,TR,347.0,401.0,,48.0,,False,
2025-09-13T09:00:00.000Z,TR,Turkey,TR,335.0,389.0,,50.0,,False,
2025-09-13T10:00:00.000Z,TR,Turkey,TR,339.0,392.0,,49.0,,False,
2025-09-13T11:00:00.000Z,TR,Turkey,TR,337.0,390.0,,49.0,,False,
2025-09-13T12:00:00.000Z,TR,Turkey,TR,343.0,396.0,,48.0,,False,
2025-09-13T13:00:00.000Z,TR,Turkey,TR,344.0,400.0,,46.0,,False,
2025-09-13T14:00:00.000Z,TR,Turkey,TR,347.0,408.0,,42.0,,False,
2025-09-13T15:00:00.000Z,TR,Turkey,TR,335.0,395.0,,44.0,,False,
2025-09-13T16:00:00.000Z,TR,Turkey,TR,327.0,387.0,,45.0,,False,
2025-09-13T17:00:00.000Z,TR,Turkey,TR,329.0,389.0,,45.0,,False,
2025-09-13T18:00:00.000Z,TR,Turkey,TR,341.0,402.0,,43.0,,False,
2025-09-13T19:00:00.000Z,TR,Turkey,TR,355.0,418.0,,40.0,,False,
2025-09-13T20:00:00.000Z,TR,Turkey,TR,368.0,432.0,,39.0,,False,
2025-09-13T21:00:00.000Z,TR,Turkey,TR,380.0,444.0,,38.0,,False,
2025-09-13T22:00:00.000Z,TR,Turkey,TR,392.0,456.0,,36.0,,False,
2025-09-13T23:00:00.000Z,TR,Turkey,TR,402.0,466.0,,36.0,,False,
2025-09-14T00:00:00.000Z,TR,Turkey,TR,402.0,465.0,,37.0,,False,
2025-09-14T01:00:00.000Z,TR,Turkey,TR,406.0,468.0,,37.0,,False,
2025-09-14T02:00:00.000Z,TR,Turkey,TR,403.0,465.0,,37.0,,False,
2025-09-14T03:00:00.000Z,TR,Turkey,TR,403.0,464.0,,38.0,,False,
2025-09-14T04:00:00.000Z,TR,Turkey,TR,385.0,441.0,,43.0,,False,
2025-09-14T05:00:00.000Z,TR,Turkey,TR,322.0,374.0,,52.0,,False,
2025-09-14T06:00:00.000Z,TR,Turkey,TR,335.0,389.0,,51.0,,False,
2025-09-14T07:00:00.000Z,TR,Turkey,TR,353.0,410.0,,48.0,,False,
2025-09-14T08:00:00.000Z,TR,Turkey,TR,353.0,409.0,,47.0,,False,
2025-09-14T09:00:00.000Z,TR,Turkey,TR,355.0,412.0,,47.0,,False,
2025-09-14T10:00:00.000Z,TR,Turkey,TR,344.0,399.0,,49.0,,False,
2025-09-14T11:00:00.000Z,TR,Turkey,TR,333.0,386.0,,51.0,,False,
2025-09-14T12:00:00.000Z,TR,Turkey,TR,330.0,383.0,,51.0,,False,
2025-09-14T13:00:00.000Z,TR,Turkey,TR,357.0,412.0,,46.0,,False,
2025-09-14T14:00:00.000Z,TR,Turkey,TR,385.0,448.0,,38.0,,False,
2025-09-14T15:00:00.000Z,TR,Turkey,TR,388.0,455.0,,35.0,,False,
2025-09-14T16:00:00.000Z,TR,Turkey,TR,369.0,436.0,,37.0,,False,
2025-09-14T17:00:00.000Z,TR,Turkey,TR,370.0,437.0,,37.0,,False,
2025-09-14T18:00:00.000Z,TR,Turkey,TR,381.0,449.0,,35.0,,False,
2025-09-14T19:00:00.000Z,TR,Turkey,TR,388.0,458.0,,33.0,,False,
2025-09-14T20:00:00.000Z,TR,Turkey,TR,412.0,483.0,,30.0,,False,
2025-09-14T21:00:00.000Z,TR,Turkey,TR,427.0,499.0,,29.0,,False,
2025-09-14T22:00:00.000Z,TR,Turkey,TR,442.0,516.0,,26.0,,False,
2025-09-14T23:00:00.000Z,TR,Turkey,TR,455.0,529.0,,25.0,,False,
2025-09-15T00:00:00.000Z,TR,Turkey,TR,460.0,533.0,,25.0,,False,
2025-09-15T01:00:00.000Z,TR,Turkey,TR,455.0,527.0,,26.0,,False,
2025-09-15T02:00:00.000Z,TR,Turkey,TR,451.0,522.0,,27.0,,False,
2025-09-15T03:00:00.000Z,TR,Turkey,TR,454.0,526.0,,26.0,,False,
2025-09-15T04:00:00.000Z,TR,Turkey,TR,448.0,518.0,,28.0,,False,
2025-09-15T05:00:00.000Z,TR,Turkey,TR,426.0,496.0,,30.0,,False,
2025-09-15T06:00:00.000Z,TR,Turkey,TR,423.0,492.0,,31.0,,False,
2025-09-15T07:00:00.000Z,TR,Turkey,TR,424.0,491.0,,33.0,,False,
2025-09-15T08:00:00.000Z,TR,Turkey,TR,426.0,493.0,,32.0,,False,
2025-09-15T09:00:00.000Z,TR,Turkey,TR,437.0,503.0,,32.0,,False,
2025-09-15T10:00:00.000Z,TR,Turkey,TR,426.0,492.0,,33.0,,False,
2025-09-15T11:00:00.000Z,TR,Turkey,TR,416.0,482.0,,34.0,,False,
2025-09-15T12:00:00.000Z,TR,Turkey,TR,407.0,474.0,,34.0,,False,
2025-09-15T13:00:00.000Z,TR,Turkey,TR,394.0,462.0,,34.0,,False,
2025-09-15T14:00:00.000Z,TR,Turkey,TR,377.0,445.0,,35.0,,False,
2025-09-15T15:00:00.000Z,TR,Turkey,TR,369.0,436.0,,36.0,,False,
2025-09-15T16:00:00.000Z,TR,Turkey,TR,360.0,427.0,,38.0,,False,
2025-09-15T17:00:00.000Z,TR,Turkey,TR,364.0,431.0,,37.0,,False,
2025-09-15T18:00:00.000Z,TR,Turkey,TR,376.0,445.0,,35.0,,False,
2025-09-15T19:00:00.000Z,TR,Turkey,TR,390.0,460.0,,33.0,,False,
2025-09-15T20:00:00.000Z,TR,Turkey,TR,403.0,473.0,,31.0,,False,
2025-09-15T21:00:00.000Z,TR,Turkey,TR,424.0,495.0,,29.0,,False,
2025-09-15T22:00:00.000Z,TR,Turkey,TR,436.0,508.0,,27.0,,False,
2025-09-15T23:00:00.000Z,TR,Turkey,TR,444.0,515.0,,27.0,,False,
2025-09-16T00:00:00.000Z,TR,Turkey,TR,448.0,518.0,,28.0,,False,
2025-09-16T01:00:00.000Z,TR,Turkey,TR,452.0,522.0,,27.0,,False,
2025-09-16T02:00:00.000Z,TR,Turkey,TR,450.0,520.0,,27.0,,False,
2025-09-16T03:00:00.000Z,TR,Turkey,TR,451.0,521.0,,27.0,,False,
2025-09-16T04:00:00.000Z,TR,Turkey,TR,443.0,510.0,,30.0,,False,
2025-09-16T05:00:00.000Z,TR,Turkey,TR,425.0,491.0,,32.0,,False,
2025-09-16T06:00:00.000Z,TR,Turkey,TR,424.0,489.0,,33.0,,False,
2025-09-16T07:00:00.000Z,TR,Turkey,TR,426.0,488.0,,35.0,,False,
2025-09-16T08:00:00.000Z,TR,Turkey,TR,429.0,491.0,,35.0,,False,
2025-09-16T09:00:00.000Z,TR,Turkey,TR,423.0,485.0,,36.0,,False,
2025-09-16T10:00:00.000Z,TR,Turkey,TR,429.0,491.0,,35.0,,False,
2025-09-16T11:00:00.000Z,TR,Turkey,TR,416.0,479.0,,36.0,,False,
2025-09-16T12:00:00.000Z,TR,Turkey,TR,406.0,470.0,,35.0,,False,
2025-09-16T13:00:00.000Z,TR,Turkey,TR,397.0,464.0,,34.0,,False,
2025-09-16T14:00:00.000Z,TR,Turkey,TR,383.0,452.0,,34.0,,False,
2025-09-16T15:00:00.000Z,TR,Turkey,TR,369.0,436.0,,36.0,,False,
2025-09-16T16:00:00.000Z,TR,Turkey,TR,360.0,427.0,,38.0,,False,
2025-09-16T17:00:00.000Z,TR,Turkey,TR,366.0,432.0,,37.0,,False,
2025-09-16T18:00:00.000Z,TR,Turkey,TR,381.0,449.0,,35.0,,False,
2025-09-16T19:00:00.000Z,TR,Turkey,TR,397.0,468.0,,32.0,,False,
2025-09-16T20:00:00.000Z,TR,Turkey,TR,411.0,484.0,,29.0,,False,
2025-09-16T21:00:00.000Z,TR,Turkey,TR,436.0,511.0,,26.0,,False,
2025-09-16T22:00:00.000Z,TR,Turkey,TR,446.0,520.0,,25.0,,False,
2025-09-16T23:00:00.000Z,TR,Turkey,TR,457.0,531.0,,24.0,,False,
2025-09-17T00:00:00.000Z,TR,Turkey,TR,469.0,545.0,,22.0,,False,
2025-09-17T01:00:00.000Z,TR,Turkey,TR,478.0,555.0,,21.0,,False,
2025-09-17T02:00:00.000Z,TR,Turkey,TR,479.0,557.0,,20.0,,False,
2025-09-17T03:00:00.000Z,TR,Turkey,TR,486.0,566.0,,18.0,,False,
2025-09-17T04:00:00.000Z,TR,Turkey,TR,484.0,562.0,,19.0,,False,
2025-09-17T05:00:00.000Z,TR,Turkey,TR,465.0,542.0,,22.0,,False,
2025-09-17T06:00:00.000Z,TR,Turkey,TR,467.0,543.0,,23.0,,False,
2025-09-17T07:00:00.000Z,TR,Turkey,TR,473.0,547.0,,23.0,,False,
2025-09-17T08:00:00.000Z,TR,Turkey,TR,472.0,546.0,,24.0,,False,
2025-09-17T09:00:00.000Z,TR,Turkey,TR,479.0,551.0,,25.0,,False,
2025-09-17T10:00:00.000Z,TR,Turkey,TR,468.0,541.0,,25.0,,False,
2025-09-17T11:00:00.000Z,TR,Turkey,TR,446.0,519.0,,27.0,,False,
2025-09-17T12:00:00.000Z,TR,Turkey,TR,427.0,500.0,,28.0,,False,
2025-09-17T13:00:00.000Z,TR,Turkey,TR,406.0,478.0,,30.0,,False,
2025-09-17T14:00:00.000Z,TR,Turkey,TR,380.0,450.0,,34.0,,False,
2025-09-17T15:00:00.000Z,TR,Turkey,TR,364.0,432.0,,37.0,,False,
2025-09-17T16:00:00.000Z,TR,Turkey,TR,352.0,419.0,,39.0,,False,
2025-09-17T17:00:00.000Z,TR,Turkey,TR,360.0,428.0,,37.0,,False,
2025-09-17T18:00:00.000Z,TR,Turkey,TR,370.0,438.0,,36.0,,False,
2025-09-17T19:00:00.000Z,TR,Turkey,TR,378.0,446.0,,35.0,,False,
2025-09-17T20:00:00.000Z,TR,Turkey,TR,379.0,443.0,,37.0,,False,
2025-09-17T21:00:00.000Z,TR,Turkey,TR,400.0,467.0,,34.0,,False,
2025-09-17T22:00:00.000Z,TR,Turkey,TR,407.0,473.0,,34.0,,False,
2025-09-17T23:00:00.000Z,TR,Turkey,TR,412.0,477.0,,34.0,,False,
2025-09-18T00:00:00.000Z,TR,Turkey,TR,412.0,474.0,,35.0,,False,
2025-09-18T01:00:00.000Z,TR,Turkey,TR,413.0,474.0,,36.0,,False,
2025-09-18T02:00:00.000Z,TR,Turkey,TR,412.0,474.0,,36.0,,False,
2025-09-18T03:00:00.000Z,TR,Turkey,TR,413.0,476.0,,35.0,,False,
2025-09-18T04:00:00.000Z,TR,Turkey,TR,403.0,463.0,,38.0,,False,
2025-09-18T05:00:00.000Z,TR,Turkey,TR,383.0,442.0,,40.0,,False,
2025-09-18T06:00:00.000Z,TR,Turkey,TR,378.0,435.0,,42.0,,False,
2025-09-18T07:00:00.000Z,TR,Turkey,TR,368.0,423.0,,45.0,,False,
2025-09-18T08:00:00.000Z,TR,Turkey,TR,363.0,417.0,,46.0,,False,
2025-09-18T09:00:00.000Z,TR,Turkey,TR,339.0,393.0,,48.0,,False,
2025-09-18T10:00:00.000Z,TR,Turkey,TR,343.0,397.0,,48.0,,False,
2025-09-18T11:00:00.000Z,TR,Turkey,TR,348.0,401.0,,47.0,,False,
2025-09-18T12:00:00.000Z,TR,Turkey,TR,354.0,409.0,,46.0,,False,
2025-09-18T13:00:00.000Z,TR,Turkey,TR,348.0,404.0,,45.0,,False,
2025-09-18T14:00:00.000Z,TR,Turkey,TR,345.0,404.0,,43.0,,False,
2025-09-18T15:00:00.000Z,TR,Turkey,TR,341.0,401.0,,43.0,,False,
2025-09-18T16:00:00.000Z,TR,Turkey,TR,335.0,395.0,,44.0,,False,
2025-09-18T17:00:00.000Z,TR,Turkey,TR,344.0,405.0,,43.0,,False,
2025-09-18T18:00:00.000Z,TR,Turkey,TR,357.0,419.0,,41.0,,False,
2025-09-18T19:00:00.000Z,TR,Turkey,TR,371.0,434.0,,38.0,,False,
2025-09-18T20:00:00.000Z,TR,Turkey,TR,380.0,443.0,,38.0,,False,
2025-09-18T21:00:00.000Z,TR,Turkey,TR,396.0,459.0,,37.0,,False,
2025-09-18T22:00:00.000Z,TR,Turkey,TR,406.0,469.0,,36.0,,False,
2025-09-18T23:00:00.000Z,TR,Turkey,TR,410.0,470.0,,37.0,,False,
2025-09-19T00:00:00.000Z,TR,Turkey,TR,415.0,474.0,,37.0,,False,
2025-09-19T01:00:00.000Z,TR,Turkey,TR,414.0,472.0,,38.0,,False,
2025-09-19T02:00:00.000Z,TR,Turkey,TR,410.0,468.0,,39.0,,False,
2025-09-19T03:00:00.000Z,TR,Turkey,TR,411.0,469.0,,38.0,,False,
2025-09-19T04:00:00.000Z,TR,Turkey,TR,400.0,456.0,,41.0,,False,
2025-09-19T05:00:00.000Z,TR,Turkey,TR,387.0,443.0,,43.0,,False,
2025-09-19T06:00:00.000Z,TR,Turkey,TR,352.0,405.0,,47.0,,False,
2025-09-19T07:00:00.000Z,TR,Turkey,TR,310.0,362.0,,53.0,,False,
2025-09-19T08:00:00.000Z,TR,Turkey,TR,305.0,357.0,,54.0,,False,
2025-09-19T09:00:00.000Z,TR,Turkey,TR,321.0,374.0,,52.0,,False,
2025-09-19T10:00:00.000Z,TR,Turkey,TR,323.0,376.0,,51.0,,False,
2025-09-19T11:00:00.000Z,TR,Turkey,TR,312.0,363.0,,53.0,,False,
2025-09-19T12:00:00.000Z,TR,Turkey,TR,322.0,373.0,,52.0,,False,
2025-09-19T13:00:00.000Z,TR,Turkey,TR,332.0,386.0,,49.0,,False,
2025-09-19T14:00:00.000Z,TR,Turkey,TR,348.0,405.0,,45.0,,False,
2025-09-19T15:00:00.000Z,TR,Turkey,TR,351.0,410.0,,43.0,,False,
2025-09-19T16:00:00.000Z,TR,Turkey,TR,348.0,407.0,,44.0,,False,
2025-09-19T17:00:00.000Z,TR,Turkey,TR,352.0,410.0,,44.0,,False,
2025-09-19T18:00:00.000Z,TR,Turkey,TR,362.0,421.0,,42.0,,False,
2025-09-19T19:00:00.000Z,TR,Turkey,TR,376.0,436.0,,40.0,,False,
2025-09-19T20:00:00.000Z,TR,Turkey,TR,387.0,446.0,,40.0,,False,
2025-09-19T21:00:00.000Z,TR,Turkey,TR,402.0,462.0,,38.0,,False,
2025-09-19T22:00:00.000Z,TR,Turkey,TR,409.0,469.0,,38.0,,False,
2025-09-19T23:00:00.000Z,TR,Turkey,TR,410.0,469.0,,38.0,,False,
2025-09-20T00:00:00.000Z,TR,Turkey,TR,409.0,466.0,,40.0,,False,
2025-09-20T01:00:00.000Z,TR,Turkey,TR,408.0,463.0,,41.0,,False,
2025-09-20T02:00:00.000Z,TR,Turkey,TR,408.0,463.0,,41.0,,False,
2025-09-20T03:00:00.000Z,TR,Turkey,TR,401.0,456.0,,42.0,,False,
2025-09-20T04:00:00.000Z,TR,Turkey,TR,353.0,405.0,,49.0,,False,
2025-09-20T05:00:00.000Z,TR,Turkey,TR,317.0,368.0,,53.0,,False,
2025-09-20T06:00:00.000Z,TR,Turkey,TR,302.0,352.0,,55.0,,False,
2025-09-20T07:00:00.000Z,TR,Turkey,TR,308.0,359.0,,54.0,,False,
2025-09-20T08:00:00.000Z,TR,Turkey,TR,315.0,368.0,,53.0,,False,
2025-09-20T09:00:00.000Z,TR,Turkey,TR,326.0,379.0,,51.0,,False,
2025-09-20T10:00:00.000Z,TR,Turkey,TR,316.0,369.0,,52.0,,False,
2025-09-20T11:00:00.000Z,TR,Turkey,TR,301.0,352.0,,55.0,,False,
2025-09-20T12:00:00.000Z,TR,Turkey,TR,294.0,343.0,,56.0,,False,
2025-09-20T13:00:00.000Z,TR,Turkey,TR,293.0,343.0,,56.0,,False,
2025-09-20T14:00:00.000Z,TR,Turkey,TR,328.0,379.0,,51.0,,False,
2025-09-20T15:00:00.000Z,TR,Turkey,TR,343.0,399.0,,47.0,,False,
2025-09-20T16:00:00.000Z,TR,Turkey,TR,338.0,394.0,,47.0,,False,
2025-09-20T17:00:00.000Z,TR,Turkey,TR,338.0,394.0,,47.0,,False,
2025-09-20T18:00:00.000Z,TR,Turkey,TR,350.0,407.0,,45.0,,False,
2025-09-20T19:00:00.000Z,TR,Turkey,TR,360.0,418.0,,44.0,,False,
2025-09-20T20:00:00.000Z,TR,Turkey,TR,373.0,431.0,,42.0,,False,
2025-09-20T21:00:00.000Z,TR,Turkey,TR,390.0,447.0,,41.0,,False,
2025-09-20T22:00:00.000Z,TR,Turkey,TR,396.0,452.0,,41.0,,False,
2025-09-20T23:00:00.000Z,TR,Turkey,TR,389.0,444.0,,42.0,,False,
2025-09-21T00:00:00.000Z,TR,Turkey,TR,379.0,433.0,,44.0,,False,
2025-09-21T01:00:00.000Z,TR,Turkey,TR,381.0,435.0,,44.0,,False,
2025-09-21T02:00:00.000Z,TR,Turkey,TR,377.0,430.0,,45.0,,False,
2025-09-21T03:00:00.000Z,TR,Turkey,TR,373.0,426.0,,46.0,,False,
2025-09-21T04:00:00.000Z,TR,Turkey,TR,330.0,383.0,,51.0,,False,
2025-09-21T05:00:00.000Z,TR,Turkey,TR,339.0,394.0,,49.0,,False,
2025-09-21T06:00:00.000Z,TR,Turkey,TR,353.0,410.0,,48.0,,False,
2025-09-21T07:00:00.000Z,TR,Turkey,TR,379.0,439.0,,45.0,,False,
2025-09-21T08:00:00.000Z,TR,Turkey,TR,384.0,445.0,,44.0,,False,
2025-09-21T09:00:00.000Z,TR,Turkey,TR,389.0,451.0,,43.0,,False,
2025-09-21T10:00:00.000Z,TR,Turkey,TR,374.0,434.0,,45.0,,False,
2025-09-21T11:00:00.000Z,TR,Turkey,TR,351.0,408.0,,48.0,,False,
2025-09-21T12:00:00.000Z,TR,Turkey,TR,326.0,381.0,,51.0,,False,
2025-09-21T13:00:00.000Z,TR,Turkey,TR,292.0,342.0,,56.0,,False,
2025-09-21T14:00:00.000Z,TR,Turkey,TR,325.0,377.0,,51.0,,False,
2025-09-21T15:00:00.000Z,TR,Turkey,TR,357.0,415.0,,44.0,,False,
2025-09-21T16:00:00.000Z,TR,Turkey,TR,349.0,407.0,,44.0,,False,
2025-09-21T17:00:00.000Z,TR,Turkey,TR,355.0,413.0,,44.0,,False,
2025-09-21T18:00:00.000Z,TR,Turkey,TR,371.0,430.0,,41.0,,False,
2025-09-21T19:00:00.000Z,TR,Turkey,TR,380.0,439.0,,41.0,,False,
2025-09-21T20:00:00.000Z,TR,Turkey,TR,394.0,454.0,,39.0,,False,
2025-09-21T21:00:00.000Z,TR,Turkey,TR,405.0,466.0,,38.0,,False,
2025-09-21T22:00:00.000Z,TR,Turkey,TR,417.0,477.0,,37.0,,False,
2025-09-21T23:00:00.000Z,TR,Turkey,TR,424.0,484.0,,37.0,,False,
2025-09-22T00:00:00.000Z,TR,Turkey,TR,430.0,491.0,,36.0,,False,
2025-09-22T01:00:00.000Z,TR,Turkey,TR,433.0,494.0,,36.0,,False,
2025-09-22T02:00:00.000Z,TR,Turkey,TR,435.0,495.0,,36.0,,False,
2025-09-22T03:00:00.000Z,TR,Turkey,TR,436.0,498.0,,35.0,,False,
2025-09-22T04:00:00.000Z,TR,Turkey,TR,425.0,484.0,,38.0,,False,
2025-09-22T05:00:00.000Z,TR,Turkey,TR,408.0,467.0,,40.0,,False,
2025-09-22T06:00:00.000Z,TR,Turkey,TR,408.0,467.0,,40.0,,False,
2025-09-22T07:00:00.000Z,TR,Turkey,TR,396.0,456.0,,41.0,,False,
2025-09-22T08:00:00.000Z,TR,Turkey,TR,412.0,473.0,,39.0,,False,
2025-09-22T09:00:00.000Z,TR,Turkey,TR,396.0,457.0,,40.0,,False,
2025-09-22T10:00:00.000Z,TR,Turkey,TR,409.0,469.0,,39.0,,False,
2025-09-22T11:00:00.000Z,TR,Turkey,TR,410.0,472.0,,38.0,,False,
2025-09-22T12:00:00.000Z,TR,Turkey,TR,424.0,490.0,,33.0,,False,
2025-09-22T13:00:00.000Z,TR,Turkey,TR,413.0,483.0,,32.0,,False,
2025-09-22T14:00:00.000Z,TR,Turkey,TR,391.0,461.0,,33.0,,False,
2025-09-22T15:00:00.000Z,TR,Turkey,TR,374.0,442.0,,36.0,,False,
2025-09-22T16:00:00.000Z,TR,Turkey,TR,369.0,438.0,,36.0,,False,
2025-09-22T17:00:00.000Z,TR,Turkey,TR,377.0,446.0,,35.0,,False,
2025-09-22T18:00:00.000Z,TR,Turkey,TR,391.0,462.0,,33.0,,False,
2025-09-22T19:00:00.000Z,TR,Turkey,TR,408.0,482.0,,30.0,,False,
2025-09-22T20:00:00.000Z,TR,Turkey,TR,429.0,504.0,,27.0,,False,
2025-09-22T21:00:00.000Z,TR,Turkey,TR,443.0,520.0,,25.0,,False,
2025-09-22T22:00:00.000Z,TR,Turkey,TR,459.0,537.0,,22.0,,False,
2025-09-22T23:00:00.000Z,TR,Turkey,TR,472.0,550.0,,21.0,,False,
2025-09-23T00:00:00.000Z,TR,Turkey,TR,482.0,561.0,,20.0,,False,
2025-09-23T01:00:00.000Z,TR,Turkey,TR,484.0,563.0,,20.0,,False,
2025-09-23T02:00:00.000Z,TR,Turkey,TR,482.0,561.0,,20.0,,False,
2025-09-23T03:00:00.000Z,TR,Turkey,TR,477.0,555.0,,21.0,,False,
2025-09-23T04:00:00.000Z,TR,Turkey,TR,474.0,552.0,,22.0,,False,
2025-09-23T05:00:00.000Z,TR,Turkey,TR,456.0,531.0,,25.0,,False,
2025-09-23T06:00:00.000Z,TR,Turkey,TR,454.0,526.0,,27.0,,False,
2025-09-23T07:00:00.000Z,TR,Turkey,TR,452.0,522.0,,29.0,,False,
2025-09-23T08:00:00.000Z,TR,Turkey,TR,452.0,521.0,,30.0,,False,
2025-09-23T09:00:00.000Z,TR,Turkey,TR,456.0,524.0,,30.0,,False,
2025-09-23T10:00:00.000Z,TR,Turkey,TR,452.0,521.0,,30.0,,False,
2025-09-23T11:00:00.000Z,TR,Turkey,TR,438.0,507.0,,31.0,,False,
2025-09-23T12:00:00.000Z,TR,Turkey,TR,425.0,496.0,,31.0,,False,
2025-09-23T13:00:00.000Z,TR,Turkey,TR,421.0,496.0,,28.0,,False,
2025-09-23T14:00:00.000Z,TR,Turkey,TR,399.0,475.0,,29.0,,False,
2025-09-23T15:00:00.000Z,TR,Turkey,TR,386.0,461.0,,31.0,,False,
2025-09-23T16:00:00.000Z,TR,Turkey,TR,377.0,451.0,,33.0,,False,
2025-09-23T17:00:00.000Z,TR,Turkey,TR,388.0,463.0,,31.0,,False,
2025-09-23T18:00:00.000Z,TR,Turkey,TR,401.0,478.0,,28.0,,False,
2025-09-23T19:00:00.000Z,TR,Turkey,TR,420.0,500.0,,25.0,,False,
2025-09-23T20:00:00.000Z,TR,Turkey,TR,438.0,519.0,,22.0,,False,
2025-09-23T21:00:00.000Z,TR,Turkey,TR,452.0,533.0,,21.0,,False,
2025-09-23T22:00:00.000Z,TR,Turkey,TR,463.0,544.0,,20.0,,False,
2025-09-23T23:00:00.000Z,TR,Turkey,TR,471.0,551.0,,20.0,,False,
2025-09-24T00:00:00.000Z,TR,Turkey,TR,480.0,561.0,,19.0,,False,
2025-09-24T01:00:00.000Z,TR,Turkey,TR,481.0,561.0,,19.0,,False,
2025-09-24T02:00:00.000Z,TR,Turkey,TR,482.0,563.0,,19.0,,False,
2025-09-24T03:00:00.000Z,TR,Turkey,TR,481.0,562.0,,19.0,,False,
2025-09-24T04:00:00.000Z,TR,Turkey,TR,479.0,559.0,,20.0,,False,
2025-09-24T05:00:00.000Z,TR,Turkey,TR,456.0,532.0,,25.0,,False,
2025-09-24T06:00:00.000Z,TR,Turkey,TR,456.0,529.0,,27.0,,False,
2025-09-24T07:00:00.000Z,TR,Turkey,TR,461.0,531.0,,28.0,,False,
2025-09-24T08:00:00.000Z,TR,Turkey,TR,458.0,527.0,,29.0,,False,
2025-09-24T09:00:00.000Z,TR,Turkey,TR,455.0,523.0,,30.0,,False,
2025-09-24T10:00:00.000Z,TR,Turkey,TR,457.0,525.0,,30.0,,False,
2025-09-24T11:00:00.000Z,TR,Turkey,TR,437.0,505.0,,32.0,,False,
2025-09-24T12:00:00.000Z,TR,Turkey,TR,426.0,496.0,,31.0,,False,
2025-09-24T13:00:00.000Z,TR,Turkey,TR,421.0,495.0,,28.0,,False,
2025-09-24T14:00:00.000Z,TR,Turkey,TR,404.0,480.0,,29.0,,False,
2025-09-24T15:00:00.000Z,TR,Turkey,TR,389.0,463.0,,31.0,,False,
2025-09-24T16:00:00.000Z,TR,Turkey,TR,378.0,451.0,,33.0,,False,
2025-09-24T17:00:00.000Z,TR,Turkey,TR,388.0,461.0,,31.0,,False,
2025-09-24T18:00:00.000Z,TR,Turkey,TR,397.0,471.0,,30.0,,False,
2025-09-24T19:00:00.000Z,TR,Turkey,TR,410.0,486.0,,28.0,,False,
2025-09-24T20:00:00.000Z,TR,Turkey,TR,423.0,500.0,,26.0,,False,
2025-09-24T21:00:00.000Z,TR,Turkey,TR,432.0,508.0,,26.0,,False,
2025-09-24T22:00:00.000Z,TR,Turkey,TR,440.0,515.0,,26.0,,False,
2025-09-24T23:00:00.000Z,TR,Turkey,TR,446.0,520.0,,26.0,,False,
2025-09-25T00:00:00.000Z,TR,Turkey,TR,452.0,526.0,,26.0,,False,
2025-09-25T01:00:00.000Z,TR,Turkey,TR,452.0,525.0,,26.0,,False,
2025-09-25T02:00:00.000Z,TR,Turkey,TR,449.0,522.0,,27.0,,False,
2025-09-25T03:00:00.000Z,TR,Turkey,TR,443.0,515.0,,28.0,,False,
2025-09-25T04:00:00.000Z,TR,Turkey,TR,433.0,503.0,,30.0,,False,
2025-09-25T05:00:00.000Z,TR,Turkey,TR,414.0,482.0,,33.0,,False,
2025-09-25T06:00:00.000Z,TR,Turkey,TR,408.0,472.0,,37.0,,False,
2025-09-25T07:00:00.000Z,TR,Turkey,TR,409.0,471.0,,38.0,,False,
2025-09-25T08:00:00.000Z,TR,Turkey,TR,395.0,457.0,,39.0,,False,
2025-09-25T09:00:00.000Z,TR,Turkey,TR,375.0,436.0,,42.0,,False,
2025-09-25T10:00:00.000Z,TR,Turkey,TR,372.0,432.0,,43.0,,False,
2025-09-25T11:00:00.000Z,TR,Turkey,TR,375.0,433.0,,43.0,,False,
2025-09-25T12:00:00.000Z,TR,Turkey,TR,372.0,430.0,,43.0,,False,
2025-09-25T13:00:00.000Z,TR,Turkey,TR,359.0,418.0,,43.0,,False,
2025-09-25T14:00:00.000Z,TR,Turkey,TR,345.0,405.0,,43.0,,False,
2025-09-25T15:00:00.000Z,TR,Turkey,TR,333.0,392.0,,45.0,,False,
2025-09-25T16:00:00.000Z,TR,Turkey,TR,325.0,384.0,,46.0,,False,
2025-09-25T17:00:00.000Z,TR,Turkey,TR,331.0,390.0,,45.0,,False,
2025-09-25T18:00:00.000Z,TR,Turkey,TR,340.0,401.0,,44.0,,False,
2025-09-25T19:00:00.000Z,TR,Turkey,TR,353.0,414.0,,42.0,,False,
2025-09-25T20:00:00.000Z,TR,Turkey,TR,357.0,417.0,,42.0,,False,
2025-09-25T21:00:00.000Z,TR,Turkey,TR,360.0,419.0,,43.0,,False,
2025-09-25T22:00:00.000Z,TR,Turkey,TR,365.0,421.0,,44.0,,False,
2025-09-25T23:00:00.000Z,TR,Turkey,TR,370.0,425.0,,45.0,,False,
2025-09-26T00:00:00.000Z,TR,Turkey,TR,370.0,423.0,,46.0,,False,
2025-09-26T01:00:00.000Z,TR,Turkey,TR,367.0,420.0,,47.0,,False,
2025-09-26T02:00:00.000Z,TR,Turkey,TR,366.0,419.0,,47.0,,False,
2025-09-26T03:00:00.000Z,TR,Turkey,TR,368.0,422.0,,46.0,,False,
2025-09-26T04:00:00.000Z,TR,Turkey,TR,366.0,419.0,,47.0,,False,
2025-09-26T05:00:00.000Z,TR,Turkey,TR,351.0,403.0,,49.0,,False,
2025-09-26T06:00:00.000Z,TR,Turkey,TR,343.0,394.0,,50.0,,False,
2025-09-26T07:00:00.000Z,TR,Turkey,TR,321.0,372.0,,53.0,,False,
2025-09-26T08:00:00.000Z,TR,Turkey,TR,321.0,372.0,,53.0,,False,
2025-09-26T09:00:00.000Z,TR,Turkey,TR,306.0,357.0,,55.0,,False,
2025-09-26T10:00:00.000Z,TR,Turkey,TR,296.0,346.0,,56.0,,False,
2025-09-26T11:00:00.000Z,TR,Turkey,TR,307.0,357.0,,54.0,,False,
2025-09-26T12:00:00.000Z,TR,Turkey,TR,319.0,370.0,,53.0,,False,
2025-09-26T13:00:00.000Z,TR,Turkey,TR,330.0,383.0,,50.0,,False,
2025-09-26T14:00:00.000Z,TR,Turkey,TR,325.0,381.0,,48.0,,False,
2025-09-26T15:00:00.000Z,TR,Turkey,TR,328.0,384.0,,47.0,,False,
2025-09-26T16:00:00.000Z,TR,Turkey,TR,328.0,385.0,,47.0,,False,
2025-09-26T17:00:00.000Z,TR,Turkey,TR,335.0,393.0,,46.0,,False,
2025-09-26T18:00:00.000Z,TR,Turkey,TR,344.0,403.0,,44.0,,False,
2025-09-26T19:00:00.000Z,TR,Turkey,TR,357.0,417.0,,42.0,,False,
2025-09-26T20:00:00.000Z,TR,Turkey,TR,364.0,422.0,,43.0,,False,
2025-09-26T21:00:00.000Z,TR,Turkey,TR,370.0,427.0,,43.0,,False,
2025-09-26T22:00:00.000Z,TR,Turkey,TR,377.0,433.0,,43.0,,False,
2025-09-26T23:00:00.000Z,TR,Turkey,TR,383.0,439.0,,43.0,,False,
2025-09-27T00:00:00.000Z,TR,Turkey,TR,380.0,434.0,,45.0,,False,
2025-09-27T01:00:00.000Z,TR,Turkey,TR,387.0,441.0,,44.0,,False,
2025-09-27T02:00:00.000Z,TR,Turkey,TR,389.0,444.0,,43.0,,False,
2025-09-27T03:00:00.000Z,TR,Turkey,TR,390.0,445.0,,43.0,,False,
2025-09-27T04:00:00.000Z,TR,Turkey,TR,376.0,429.0,,46.0,,False,
2025-09-27T05:00:00.000Z,TR,Turkey,TR,351.0,403.0,,49.0,,False,
2025-09-27T06:00:00.000Z,TR,Turkey,TR,326.0,378.0,,52.0,,False,
2025-09-27T07:00:00.000Z,TR,Turkey,TR,303.0,354.0,,55.0,,False,
2025-09-27T08:00:00.000Z,TR,Turkey,TR,306.0,357.0,,55.0,,False,
2025-09-27T09:00:00.000Z,TR,Turkey,TR,307.0,359.0,,54.0,,False,
2025-09-27T10:00:00.000Z,TR,Turkey,TR,304.0,356.0,,54.0,,False,
2025-09-27T11:00:00.000Z,TR,Turkey,TR,305.0,357.0,,54.0,,False,
2025-09-27T12:00:00.000Z,TR,Turkey,TR,325.0,376.0,,52.0,,False,
2025-09-27T13:00:00.000Z,TR,Turkey,TR,352.0,406.0,,48.0,,False,
2025-09-27T14:00:00.000Z,TR,Turkey,TR,355.0,413.0,,44.0,,False,
2025-09-27T15:00:00.000Z,TR,Turkey,TR,352.0,411.0,,43.0,,False,
2025-09-27T16:00:00.000Z,TR,Turkey,TR,344.0,403.0,,45.0,,False,
2025-09-27T17:00:00.000Z,TR,Turkey,TR,356.0,416.0,,43.0,,False,
2025-09-27T18:00:00.000Z,TR,Turkey,TR,367.0,429.0,,41.0,,False,
2025-09-27T19:00:00.000Z,TR,Turkey,TR,385.0,448.0,,38.0,,False,
2025-09-27T20:00:00.000Z,TR,Turkey,TR,406.0,471.0,,35.0,,False,
2025-09-27T21:00:00.000Z,TR,Turkey,TR,416.0,480.0,,35.0,,False,
2025-09-27T22:00:00.000Z,TR,Turkey,TR,425.0,489.0,,34.0,,False,
2025-09-27T23:00:00.000Z,TR,Turkey,TR,434.0,496.0,,34.0,,False,
2025-10-08T00:00:00.000Z,TR,Turkey,TR,468.0,538.0,,27.0,,False,
2025-10-08T01:00:00.000Z,TR,Turkey,TR,469.0,538.0,,27.0,,False,
2025-10-08T02:00:00.000Z,TR,Turkey,TR,467.0,537.0,,27.0,,False,
2025-10-08T03:00:00.000Z,TR,Turkey,TR,467.0,539.0,,25.0,,False,
2025-10-08T04:00:00.000Z,TR,Turkey,TR,462.0,534.0,,26.0,,False,
2025-10-08T05:00:00.000Z,TR,Turkey,TR,433.0,502.0,,30.0,,False,
2025-10-08T06:00:00.000Z,TR,Turkey,TR,426.0,493.0,,32.0,,False,
2025-10-08T07:00:00.000Z,TR,Turkey,TR,439.0,507.0,,30.0,,False,
2025-10-08T08:00:00.000Z,TR,Turkey,TR,438.0,507.0,,30.0,,False,
2025-10-08T09:00:00.000Z,TR,Turkey,TR,450.0,518.0,,30.0,,False,
2025-10-08T10:00:00.000Z,TR,Turkey,TR,450.0,519.0,,29.0,,False,
2025-10-08T11:00:00.000Z,TR,Turkey,TR,437.0,506.0,,30.0,,False,
2025-10-08T12:00:00.000Z,TR,Turkey,TR,433.0,503.0,,29.0,,False,
2025-10-08T13:00:00.000Z,TR,Turkey,TR,422.0,494.0,,29.0,,False,
2025-10-08T14:00:00.000Z,TR,Turkey,TR,401.0,472.0,,31.0,,False,
2025-10-08T15:00:00.000Z,TR,Turkey,TR,388.0,458.0,,34.0,,False,
2025-10-08T16:00:00.000Z,TR,Turkey,TR,388.0,458.0,,34.0,,False,
2025-10-08T17:00:00.000Z,TR,Turkey,TR,396.0,467.0,,33.0,,False,
2025-10-08T18:00:00.000Z,TR,Turkey,TR,410.0,482.0,,30.0,,False,
2025-10-08T19:00:00.000Z,TR,Turkey,TR,420.0,492.0,,29.0,,False,
2025-10-08T20:00:00.000Z,TR,Turkey,TR,429.0,500.0,,29.0,,False,
2025-10-08T21:00:00.000Z,TR,Turkey,TR,442.0,512.0,,29.0,,False,
2025-10-08T22:00:00.000Z,TR,Turkey,TR,456.0,526.0,,27.0,,False,
2025-10-08T23:00:00.000Z,TR,Turkey,TR,468.0,539.0,,26.0,,False,
2025-10-09T00:00:00.000Z,TR,Turkey,TR,476.0,548.0,,25.0,,False,
2025-10-09T01:00:00.000Z,TR,Turkey,TR,478.0,549.0,,25.0,,False,
2025-10-09T02:00:00.000Z,TR,Turkey,TR,474.0,545.0,,25.0,,False,
2025-10-09T03:00:00.000Z,TR,Turkey,TR,471.0,543.0,,25.0,,False,
2025-10-09T04:00:00.000Z,TR,Turkey,TR,468.0,541.0,,24.0,,False,
2025-10-09T05:00:00.000Z,TR,Turkey,TR,437.0,509.0,,28.0,,False,
2025-10-09T06:00:00.000Z,TR,Turkey,TR,431.0,503.0,,29.0,,False,
2025-10-09T07:00:00.000Z,TR,Turkey,TR,437.0,508.0,,28.0,,False,
2025-10-09T08:00:00.000Z,TR,Turkey,TR,436.0,507.0,,29.0,,False,
2025-10-09T09:00:00.000Z,TR,Turkey,TR,451.0,522.0,,27.0,,False,
2025-10-09T10:00:00.000Z,TR,Turkey,TR,446.0,518.0,,27.0,,False,
2025-10-09T11:00:00.000Z,TR,Turkey,TR,434.0,506.0,,29.0,,False,
2025-10-09T12:00:00.000Z,TR,Turkey,TR,428.0,500.0,,29.0,,False,
2025-10-09T13:00:00.000Z,TR,Turkey,TR,418.0,493.0,,28.0,,False,
2025-10-09T14:00:00.000Z,TR,Turkey,TR,397.0,469.0,,31.0,,False,
2025-10-09T15:00:00.000Z,TR,Turkey,TR,384.0,455.0,,34.0,,False,
2025-10-09T16:00:00.000Z,TR,Turkey,TR,384.0,455.0,,34.0,,False,
2025-10-09T17:00:00.000Z,TR,Turkey,TR,392.0,464.0,,32.0,,False,
2025-10-09T18:00:00.000Z,TR,Turkey,TR,402.0,475.0,,30.0,,False,
2025-10-09T19:00:00.000Z,TR,Turkey,TR,420.0,495.0,,28.0,,False,
2025-10-09T20:00:00.000Z,TR,Turkey,TR,433.0,508.0,,26.0,,False,
2025-10-09T21:00:00.000Z,TR,Turkey,TR,446.0,521.0,,26.0,,False,
2025-10-09T22:00:00.000Z,TR,Turkey,TR,464.0,541.0,,23.0,,False,
2025-10-09T23:00:00.000Z,TR,Turkey,TR,472.0,550.0,,21.0,,False,
2025-10-10T00:00:00.000Z,TR,Turkey,TR,476.0,554.0,,21.0,,False,
2025-10-10T01:00:00.000Z,TR,Turkey,TR,478.0,555.0,,21.0,,False,
2025-10-10T02:00:00.000Z,TR,Turkey,TR,477.0,555.0,,21.0,,False,
2025-10-10T03:00:00.000Z,TR,Turkey,TR,469.0,547.0,,22.0,,False,
2025-10-10T04:00:00.000Z,TR,Turkey,TR,461.0,537.0,,24.0,,False,
2025-10-10T05:00:00.000Z,TR,Turkey,TR,437.0,510.0,,28.0,,False,
2025-10-10T06:00:00.000Z,TR,Turkey,TR,451.0,524.0,,27.0,,False,
2025-10-10T07:00:00.000Z,TR,Turkey,TR,464.0,536.0,,27.0,,False,
2025-10-10T08:00:00.000Z,TR,Turkey,TR,467.0,538.0,,27.0,,False,
2025-10-10T09:00:00.000Z,TR,Turkey,TR,470.0,538.0,,29.0,,False,
2025-10-10T10:00:00.000Z,TR,Turkey,TR,460.0,530.0,,29.0,,False,
2025-10-10T11:00:00.000Z,TR,Turkey,TR,457.0,527.0,,28.0,,False,
2025-10-10T12:00:00.000Z,TR,Turkey,TR,448.0,520.0,,28.0,,False,
2025-10-10T13:00:00.000Z,TR,Turkey,TR,434.0,510.0,,26.0,,False,
2025-10-10T14:00:00.000Z,TR,Turkey,TR,402.0,475.0,,30.0,,False,
2025-10-10T15:00:00.000Z,TR,Turkey,TR,384.0,456.0,,33.0,,False,
2025-10-10T16:00:00.000Z,TR,Turkey,TR,386.0,458.0,,33.0,,False,
2025-10-10T17:00:00.000Z,TR,Turkey,TR,400.0,473.0,,31.0,,False,
2025-10-10T18:00:00.000Z,TR,Turkey,TR,415.0,490.0,,28.0,,False,
2025-10-10T19:00:00.000Z,TR,Turkey,TR,424.0,499.0,,27.0,,False,
2025-10-10T20:00:00.000Z,TR,Turkey,TR,435.0,509.0,,27.0,,False,
2025-10-10T21:00:00.000Z,TR,Turkey,TR,445.0,519.0,,26.0,,False,
2025-10-10T22:00:00.000Z,TR,Turkey,TR,462.0,538.0,,24.0,,False,
2025-10-10T23:00:00.000Z,TR,Turkey,TR,472.0,549.0,,23.0,,False,
2025-10-11T00:00:00.000Z,TR,Turkey,TR,485.0,561.0,,22.0,,False,
2025-10-11T01:00:00.000Z,TR,Turkey,TR,490.0,566.0,,21.0,,False,
2025-10-11T02:00:00.000Z,TR,Turkey,TR,484.0,558.0,,22.0,,False,
2025-10-11T03:00:00.000Z,TR,Turkey,TR,481.0,555.0,,23.0,,False,
2025-10-11T04:00:00.000Z,TR,Turkey,TR,483.0,555.0,,24.0,,False,
2025-10-11T05:00:00.000Z,TR,Turkey,TR,470.0,539.0,,28.0,,False,
2025-10-11T06:00:00.000Z,TR,Turkey,TR,456.0,522.0,,32.0,,False,
2025-10-11T07:00:00.000Z,TR,Turkey,TR,453.0,519.0,,32.0,,False,
2025-10-11T08:00:00.000Z,TR,Turkey,TR,453.0,518.0,,33.0,,False,
2025-10-11T09:00:00.000Z,TR,Turkey,TR,448.0,513.0,,34.0,,False,
2025-10-11T10:00:00.000Z,TR,Turkey,TR,428.0,492.0,,36.0,,False,
2025-10-11T11:00:00.000Z,TR,Turkey,TR,419.0,480.0,,38.0,,False,
2025-10-11T12:00:00.000Z,TR,Turkey,TR,411.0,472.0,,38.0,,False,
2025-10-11T13:00:00.000Z,TR,Turkey,TR,400.0,464.0,,37.0,,False,
2025-10-11T14:00:00.000Z,TR,Turkey,TR,388.0,454.0,,36.0,,False,
2025-10-11T15:00:00.000Z,TR,Turkey,TR,370.0,433.0,,39.0,,False,
2025-10-11T16:00:00.000Z,TR,Turkey,TR,372.0,436.0,,39.0,,False,
2025-10-11T17:00:00.000Z,TR,Turkey,TR,382.0,447.0,,38.0,,False,
2025-10-11T18:00:00.000Z,TR,Turkey,TR,390.0,455.0,,37.0,,False,
2025-10-11T19:00:00.000Z,TR,Turkey,TR,390.0,456.0,,36.0,,False,
2025-10-11T20:00:00.000Z,TR,Turkey,TR,397.0,461.0,,36.0,,False,
2025-10-11T21:00:00.000Z,TR,Turkey,TR,408.0,471.0,,36.0,,False,
2025-10-11T22:00:00.000Z,TR,Turkey,TR,420.0,484.0,,35.0,,False,
2025-10-11T23:00:00.000Z,TR,Turkey,TR,433.0,498.0,,33.0,,False,
2025-10-12T00:00:00.000Z,TR,Turkey,TR,436.0,499.0,,35.0,,False,
2025-10-12T01:00:00.000Z,TR,Turkey,TR,429.0,488.0,,38.0,,False,
2025-10-12T02:00:00.000Z,TR,Turkey,TR,428.0,487.0,,38.0,,False,
2025-10-12T03:00:00.000Z,TR,Turkey,TR,428.0,486.0,,38.0,,False,
2025-10-12T04:00:00.000Z,TR,Turkey,TR,444.0,503.0,,36.0,,False,
2025-10-12T05:00:00.000Z,TR,Turkey,TR,393.0,450.0,,43.0,,False,
2025-10-12T06:00:00.000Z,TR,Turkey,TR,382.0,439.0,,45.0,,False,
2025-10-12T07:00:00.000Z,TR,Turkey,TR,366.0,423.0,,46.0,,False,
2025-10-12T08:00:00.000Z,TR,Turkey,TR,365.0,422.0,,46.0,,False,
2025-10-12T09:00:00.000Z,TR,Turkey,TR,364.0,421.0,,47.0,,False,
2025-10-12T10:00:00.000Z,TR,Turkey,TR,376.0,433.0,,45.0,,False,
2025-10-12T11:00:00.000Z,TR,Turkey,TR,386.0,444.0,,44.0,,False,
2025-10-12T12:00:00.000Z,TR,Turkey,TR,408.0,466.0,,40.0,,False,
2025-10-12T13:00:00.000Z,TR,Turkey,TR,416.0,475.0,,38.0,,False,
2025-10-12T14:00:00.000Z,TR,Turkey,TR,413.0,479.0,,35.0,,False,
2025-10-12T15:00:00.000Z,TR,Turkey,TR,402.0,469.0,,34.0,,False,
2025-10-12T16:00:00.000Z,TR,Turkey,TR,394.0,460.0,,36.0,,False,
2025-10-12T17:00:00.000Z,TR,Turkey,TR,405.0,473.0,,34.0,,False,
2025-10-12T18:00:00.000Z,TR,Turkey,TR,410.0,477.0,,33.0,,False,
2025-10-12T19:00:00.000Z,TR,Turkey,TR,403.0,468.0,,36.0,,False,
2025-10-12T20:00:00.000Z,TR,Turkey,TR,416.0,480.0,,35.0,,False,
2025-10-12T21:00:00.000Z,TR,Turkey,TR,430.0,493.0,,35.0,,False,
2025-10-12T22:00:00.000Z,TR,Turkey,TR,447.0,511.0,,33.0,,False,
2025-10-12T23:00:00.000Z,TR,Turkey,TR,444.0,509.0,,32.0,,False,
2025-10-13T00:00:00.000Z,TR,Turkey,TR,462.0,527.0,,31.0,,False,
2025-10-13T01:00:00.000Z,TR,Turkey,TR,469.0,534.0,,30.0,,False,
2025-10-13T02:00:00.000Z,TR,Turkey,TR,473.0,538.0,,29.0,,False,
2025-10-13T03:00:00.000Z,TR,Turkey,TR,473.0,541.0,,27.0,,False,
2025-10-13T04:00:00.000Z,TR,Turkey,TR,465.0,534.0,,27.0,,False,
2025-10-13T05:00:00.000Z,TR,Turkey,TR,443.0,511.0,,30.0,,False,
2025-10-13T06:00:00.000Z,TR,Turkey,TR,450.0,518.0,,31.0,,False,
2025-10-13T07:00:00.000Z,TR,Turkey,TR,460.0,526.0,,30.0,,False,
2025-10-13T08:00:00.000Z,TR,Turkey,TR,462.0,528.0,,31.0,,False,
2025-10-13T09:00:00.000Z,TR,Turkey,TR,461.0,527.0,,31.0,,False,
2025-10-13T10:00:00.000Z,TR,Turkey,TR,458.0,525.0,,30.0,,False,
2025-10-13T11:00:00.000Z,TR,Turkey,TR,462.0,530.0,,29.0,,False,
2025-10-13T12:00:00.000Z,TR,Turkey,TR,445.0,517.0,,28.0,,False,
2025-10-13T13:00:00.000Z,TR,Turkey,TR,436.0,512.0,,26.0,,False,
2025-10-13T14:00:00.000Z,TR,Turkey,TR,407.0,480.0,,30.0,,False,
2025-10-13T15:00:00.000Z,TR,Turkey,TR,399.0,472.0,,31.0,,False,
2025-10-13T16:00:00.000Z,TR,Turkey,TR,403.0,477.0,,30.0,,False,
2025-10-13T17:00:00.000Z,TR,Turkey,TR,412.0,487.0,,28.0,,False,
2025-10-13T18:00:00.000Z,TR,Turkey,TR,424.0,500.0,,26.0,,False,
2025-10-13T19:00:00.000Z,TR,Turkey,TR,438.0,516.0,,24.0,,False,
2025-10-13T20:00:00.000Z,TR,Turkey,TR,453.0,532.0,,22.0,,False,
2025-10-13T21:00:00.000Z,TR,Turkey,TR,466.0,545.0,,21.0,,False,
2025-10-13T22:00:00.000Z,TR,Turkey,TR,479.0,558.0,,20.0,,False,
2025-10-13T23:00:00.000Z,TR,Turkey,TR,491.0,572.0,,18.0,,False,
2025-10-14T00:00:00.000Z,TR,Turkey,TR,500.0,581.0,,17.0,,False,
2025-10-14T01:00:00.000Z,TR,Turkey,TR,501.0,582.0,,17.0,,False,
2025-10-14T02:00:00.000Z,TR,Turkey,TR,497.0,577.0,,18.0,,False,
2025-10-14T03:00:00.000Z,TR,Turkey,TR,489.0,569.0,,18.0,,False,
2025-10-14T04:00:00.000Z,TR,Turkey,TR,478.0,556.0,,21.0,,False,
2025-10-14T05:00:00.000Z,TR,Turkey,TR,464.0,540.0,,23.0,,False,
2025-10-14T06:00:00.000Z,TR,Turkey,TR,470.0,544.0,,24.0,,False,
2025-10-14T07:00:00.000Z,TR,Turkey,TR,473.0,542.0,,28.0,,False,
2025-10-14T08:00:00.000Z,TR,Turkey,TR,471.0,540.0,,28.0,,False,
2025-10-14T09:00:00.000Z,TR,Turkey,TR,453.0,523.0,,30.0,,False,
2025-10-14T10:00:00.000Z,TR,Turkey,TR,461.0,530.0,,29.0,,False,
2025-10-14T11:00:00.000Z,TR,Turkey,TR,452.0,523.0,,29.0,,False,
2025-10-14T12:00:00.000Z,TR,Turkey,TR,450.0,523.0,,27.0,,False,
2025-10-14T13:00:00.000Z,TR,Turkey,TR,442.0,519.0,,25.0,,False,
2025-10-14T14:00:00.000Z,TR,Turkey,TR,403.0,477.0,,30.0,,False,
2025-10-14T15:00:00.000Z,TR,Turkey,TR,386.0,458.0,,33.0,,False,
2025-10-14T16:00:00.000Z,TR,Turkey,TR,389.0,462.0,,32.0,,False,
2025-10-14T17:00:00.000Z,TR,Turkey,TR,402.0,476.0,,30.0,,False,
2025-10-14T18:00:00.000Z,TR,Turkey,TR,419.0,495.0,,27.0,,False,
2025-10-14T19:00:00.000Z,TR,Turkey,TR,434.0,511.0,,25.0,,False,
2025-10-14T20:00:00.000Z,TR,Turkey,TR,453.0,532.0,,22.0,,False,
2025-10-14T21:00:00.000Z,TR,Turkey,TR,470.0,549.0,,20.0,,False,
2025-10-14T22:00:00.000Z,TR,Turkey,TR,488.0,568.0,,18.0,,False,
2025-10-14T23:00:00.000Z,TR,Turkey,TR,498.0,579.0,,17.0,,False,
2025-10-15T00:00:00.000Z,TR,Turkey,TR,501.0,582.0,,17.0,,False,
2025-10-15T01:00:00.000Z,TR,Turkey,TR,505.0,586.0,,16.0,,False,
2025-10-15T02:00:00.000Z,TR,Turkey,TR,501.0,582.0,,17.0,,False,
2025-10-15T03:00:00.000Z,TR,Turkey,TR,492.0,572.0,,18.0,,False,
2025-10-15T04:00:00.000Z,TR,Turkey,TR,480.0,558.0,,20.0,,False,
2025-10-15T05:00:00.000Z,TR,Turkey,TR,462.0,538.0,,24.0,,False,
2025-10-15T06:00:00.000Z,TR,Turkey,TR,461.0,532.0,,27.0,,False,
2025-10-15T07:00:00.000Z,TR,Turkey,TR,471.0,539.0,,28.0,,False,
2025-10-15T08:00:00.000Z,TR,Turkey,TR,471.0,539.0,,29.0,,False,
2025-10-15T09:00:00.000Z,TR,Turkey,TR,456.0,524.0,,31.0,,False,
2025-10-15T10:00:00.000Z,TR,Turkey,TR,473.0,542.0,,28.0,,False,
2025-10-15T11:00:00.000Z,TR,Turkey,TR,457.0,525.0,,30.0,,False,
2025-10-15T12:00:00.000Z,TR,Turkey,TR,449.0,520.0,,28.0,,False,
2025-10-15T13:00:00.000Z,TR,Turkey,TR,430.0,504.0,,27.0,,False,
2025-10-15T14:00:00.000Z,TR,Turkey,TR,406.0,480.0,,30.0,,False,
2025-10-15T15:00:00.000Z,TR,Turkey,TR,388.0,459.0,,33.0,,False,
2025-10-15T16:00:00.000Z,TR,Turkey,TR,386.0,457.0,,33.0,,False,
2025-10-15T17:00:00.000Z,TR,Turkey,TR,395.0,467.0,,32.0,,False,
2025-10-15T18:00:00.000Z,TR,Turkey,TR,406.0,479.0,,30.0,,False,
2025-10-15T19:00:00.000Z,TR,Turkey,TR,419.0,492.0,,29.0,,False,
2025-10-15T20:00:00.000Z,TR,Turkey,TR,433.0,506.0,,27.0,,False,
2025-10-15T21:00:00.000Z,TR,Turkey,TR,443.0,516.0,,27.0,,False,
2025-10-15T22:00:00.000Z,TR,Turkey,TR,457.0,531.0,,25.0,,False,
2025-10-15T23:00:00.000Z,TR,Turkey,TR,460.0,534.0,,25.0,,False,
2025-10-16T00:00:00.000Z,TR,Turkey,TR,467.0,541.0,,24.0,,False,
2025-10-16T01:00:00.000Z,TR,Turkey,TR,467.0,542.0,,24.0,,False,
2025-10-16T02:00:00.000Z,TR,Turkey,TR,461.0,535.0,,25.0,,False,
2025-10-16T03:00:00.000Z,TR,Turkey,TR,456.0,530.0,,25.0,,False,
2025-10-16T04:00:00.000Z,TR,Turkey,TR,448.0,521.0,,26.0,,False,
2025-10-16T05:00:00.000Z,TR,Turkey,TR,432.0,503.0,,29.0,,False,
2025-10-16T06:00:00.000Z,TR,Turkey,TR,431.0,498.0,,32.0,,False,
2025-10-16T07:00:00.000Z,TR,Turkey,TR,432.0,495.0,,35.0,,False,
2025-10-16T08:00:00.000Z,TR,Turkey,TR,425.0,486.0,,37.0,,False,
2025-10-16T09:00:00.000Z,TR,Turkey,TR,402.0,463.0,,40.0,,False,
2025-10-16T10:00:00.000Z,TR,Turkey,TR,403.0,465.0,,39.0,,False,
2025-10-16T11:00:00.000Z,TR,Turkey,TR,419.0,480.0,,37.0,,False,
2025-10-16T12:00:00.000Z,TR,Turkey,TR,415.0,480.0,,35.0,,False,
2025-10-16T13:00:00.000Z,TR,Turkey,TR,408.0,479.0,,31.0,,False,
2025-10-16T14:00:00.000Z,TR,Turkey,TR,388.0,460.0,,32.0,,False,
2025-10-16T15:00:00.000Z,TR,Turkey,TR,371.0,441.0,,35.0,,False,
2025-10-16T16:00:00.000Z,TR,Turkey,TR,378.0,448.0,,34.0,,False,
2025-10-16T17:00:00.000Z,TR,Turkey,TR,390.0,462.0,,32.0,,False,
2025-10-16T18:00:00.000Z,TR,Turkey,TR,401.0,474.0,,30.0,,False,
2025-10-16T19:00:00.000Z,TR,Turkey,TR,409.0,482.0,,30.0,,False,
2025-10-16T20:00:00.000Z,TR,Turkey,TR,420.0,493.0,,29.0,,False,
2025-10-16T21:00:00.000Z,TR,Turkey,TR,437.0,511.0,,27.0,,False,
2025-10-16T22:00:00.000Z,TR,Turkey,TR,454.0,529.0,,24.0,,False,
2025-10-16T23:00:00.000Z,TR,Turkey,TR,466.0,542.0,,23.0,,False,
2025-10-17T00:00:00.000Z,TR,Turkey,TR,469.0,544.0,,23.0,,False,
2025-10-17T01:00:00.000Z,TR,Turkey,TR,474.0,550.0,,22.0,,False,
2025-10-17T02:00:00.000Z,TR,Turkey,TR,475.0,553.0,,21.0,,False,
2025-10-17T03:00:00.000Z,TR,Turkey,TR,470.0,548.0,,21.0,,False,
2025-10-17T04:00:00.000Z,TR,Turkey,TR,460.0,537.0,,23.0,,False,
2025-10-17T05:00:00.000Z,TR,Turkey,TR,449.0,524.0,,25.0,,False,
2025-10-17T06:00:00.000Z,TR,Turkey,TR,457.0,529.0,,27.0,,False,
2025-10-17T07:00:00.000Z,TR,Turkey,TR,462.0,532.0,,28.0,,False,
2025-10-17T08:00:00.000Z,TR,Turkey,TR,456.0,525.0,,29.0,,False,
2025-10-17T09:00:00.000Z,TR,Turkey,TR,463.0,531.0,,30.0,,False,
2025-10-17T10:00:00.000Z,TR,Turkey,TR,459.0,529.0,,29.0,,False,
2025-10-17T11:00:00.000Z,TR,Turkey,TR,447.0,518.0,,29.0,,False,
2025-10-17T12:00:00.000Z,TR,Turkey,TR,453.0,528.0,,26.0,,False,
2025-10-17T13:00:00.000Z,TR,Turkey,TR,440.0,519.0,,24.0,,False,
2025-10-17T14:00:00.000Z,TR,Turkey,TR,400.0,477.0,,29.0,,False,
2025-10-17T15:00:00.000Z,TR,Turkey,TR,388.0,462.0,,32.0,,False,
2025-10-17T16:00:00.000Z,TR,Turkey,TR,393.0,467.0,,31.0,,False,
2025-10-17T17:00:00.000Z,TR,Turkey,TR,405.0,481.0,,29.0,,False,
2025-10-17T18:00:00.000Z,TR,Turkey,TR,419.0,497.0,,26.0,,False,
2025-10-17T19:00:00.000Z,TR,Turkey,TR,434.0,514.0,,24.0,,False,
2025-10-17T20:00:00.000Z,TR,Turkey,TR,448.0,529.0,,22.0,,False,
2025-10-17T21:00:00.000Z,TR,Turkey,TR,465.0,548.0,,19.0,,False,
2025-10-17T22:00:00.000Z,TR,Turkey,TR,477.0,560.0,,18.0,,False,
2025-10-17T23:00:00.000Z,TR,Turkey,TR,487.0,570.0,,17.0,,False,
2025-10-18T00:00:00.000Z,TR,Turkey,TR,495.0,578.0,,16.0,,False,
2025-10-18T01:00:00.000Z,TR,Turkey,TR,498.0,582.0,,16.0,,False,
2025-10-18T02:00:00.000Z,TR,Turkey,TR,498.0,582.0,,16.0,,False,
2025-10-18T03:00:00.000Z,TR,Turkey,TR,495.0,579.0,,16.0,,False,
2025-10-18T04:00:00.000Z,TR,Turkey,TR,495.0,577.0,,17.0,,False,
2025-10-18T05:00:00.000Z,TR,Turkey,TR,483.0,562.0,,20.0,,False,
2025-10-18T06:00:00.000Z,TR,Turkey,TR,478.0,552.0,,24.0,,False,
2025-10-18T07:00:00.000Z,TR,Turkey,TR,472.0,544.0,,26.0,,False,
2025-10-18T08:00:00.000Z,TR,Turkey,TR,465.0,537.0,,27.0,,False,
2025-10-18T09:00:00.000Z,TR,Turkey,TR,468.0,539.0,,28.0,,False,
2025-10-18T10:00:00.000Z,TR,Turkey,TR,471.0,542.0,,27.0,,False,
2025-10-18T11:00:00.000Z,TR,Turkey,TR,463.0,535.0,,27.0,,False,
2025-10-18T12:00:00.000Z,TR,Turkey,TR,459.0,536.0,,24.0,,False,
2025-10-18T13:00:00.000Z,TR,Turkey,TR,450.0,532.0,,21.0,,False,
2025-10-18T14:00:00.000Z,TR,Turkey,TR,414.0,492.0,,27.0,,False,
2025-10-18T15:00:00.000Z,TR,Turkey,TR,393.0,468.0,,31.0,,False,
2025-10-18T16:00:00.000Z,TR,Turkey,TR,395.0,469.0,,31.0,,False,
2025-10-18T17:00:00.000Z,TR,Turkey,TR,409.0,486.0,,28.0,,False,
2025-10-18T18:00:00.000Z,TR,Turkey,TR,422.0,501.0,,26.0,,False,
2025-10-18T19:00:00.000Z,TR,Turkey,TR,438.0,518.0,,23.0,,False,
2025-10-18T20:00:00.000Z,TR,Turkey,TR,453.0,533.0,,21.0,,False,
2025-10-18T21:00:00.000Z,TR,Turkey,TR,467.0,547.0,,20.0,,False,
2025-10-18T22:00:00.000Z,TR,Turkey,TR,482.0,564.0,,18.0,,False,
2025-10-18T23:00:00.000Z,TR,Turkey,TR,492.0,572.0,,18.0,,False,
2025-10-19T00:00:00.000Z,TR,Turkey,TR,492.0,572.0,,19.0,,False,
2025-10-19T01:00:00.000Z,TR,Turkey,TR,486.0,563.0,,21.0,,False,
2025-10-19T02:00:00.000Z,TR,Turkey,TR,484.0,561.0,,21.0,,False,
2025-10-19T03:00:00.000Z,TR,Turkey,TR,484.0,562.0,,21.0,,False,
2025-10-19T04:00:00.000Z,TR,Turkey,TR,485.0,559.0,,24.0,,False,
2025-10-19T05:00:00.000Z,TR,Turkey,TR,459.0,525.0,,32.0,,False,
2025-10-19T06:00:00.000Z,TR,Turkey,TR,417.0,480.0,,39.0,,False,
2025-10-19T07:00:00.000Z,TR,Turkey,TR,389.0,451.0,,42.0,,False,
2025-10-19T08:00:00.000Z,TR,Turkey,TR,373.0,433.0,,44.0,,False,
2025-10-19T09:00:00.000Z,TR,Turkey,TR,378.0,438.0,,44.0,,False,
2025-10-19T10:00:00.000Z,TR,Turkey,TR,394.0,454.0,,42.0,,False,
2025-10-19T11:00:00.000Z,TR,Turkey,TR,398.0,458.0,,40.0,,False,
2025-10-19T12:00:00.000Z,TR,Turkey,TR,415.0,479.0,,36.0,,False,
2025-10-19T13:00:00.000Z,TR,Turkey,TR,423.0,494.0,,30.0,,False,
2025-10-19T14:00:00.000Z,TR,Turkey,TR,402.0,474.0,,32.0,,False,
2025-10-19T15:00:00.000Z,TR,Turkey,TR,388.0,459.0,,34.0,,False,
2025-10-19T16:00:00.000Z,TR,Turkey,TR,388.0,458.0,,34.0,,False,
2025-10-19T17:00:00.000Z,TR,Turkey,TR,397.0,469.0,,32.0,,False,
2025-10-19T18:00:00.000Z,TR,Turkey,TR,408.0,480.0,,31.0,,False,
2025-10-19T19:00:00.000Z,TR,Turkey,TR,417.0,490.0,,30.0,,False,
2025-10-19T20:00:00.000Z,TR,Turkey,TR,434.0,509.0,,27.0,,False,
2025-10-19T21:00:00.000Z,TR,Turkey,TR,453.0,529.0,,25.0,,False,
2025-10-19T22:00:00.000Z,TR,Turkey,TR,468.0,544.0,,23.0,,False,
2025-10-19T23:00:00.000Z,TR,Turkey,TR,480.0,557.0,,22.0,,False,
2025-10-20T00:00:00.000Z,TR,Turkey,TR,490.0,567.0,,21.0,,False,
2025-10-20T01:00:00.000Z,TR,Turkey,TR,492.0,569.0,,21.0,,False,
2025-10-20T02:00:00.000Z,TR,Turkey,TR,488.0,566.0,,21.0,,False,
2025-10-20T03:00:00.000Z,TR,Turkey,TR,483.0,562.0,,20.0,,False,
2025-10-20T04:00:00.000Z,TR,Turkey,TR,474.0,554.0,,20.0,,False,
2025-10-20T05:00:00.000Z,TR,Turkey,TR,443.0,521.0,,24.0,,False,
2025-10-20T06:00:00.000Z,TR,Turkey,TR,441.0,519.0,,24.0,,False,
2025-10-20T07:00:00.000Z,TR,Turkey,TR,455.0,534.0,,22.0,,False,
2025-10-20T08:00:00.000Z,TR,Turkey,TR,458.0,538.0,,22.0,,False,
2025-10-20T09:00:00.000Z,TR,Turkey,TR,467.0,545.0,,22.0,,False,
2025-10-20T10:00:00.000Z,TR,Turkey,TR,461.0,540.0,,22.0,,False,
2025-10-20T11:00:00.000Z,TR,Turkey,TR,450.0,530.0,,22.0,,False,
2025-10-20T12:00:00.000Z,TR,Turkey,TR,441.0,522.0,,22.0,,False,
2025-10-20T13:00:00.000Z,TR,Turkey,TR,422.0,502.0,,25.0,,False,
2025-10-20T14:00:00.000Z,TR,Turkey,TR,395.0,471.0,,30.0,,False,
2025-10-20T15:00:00.000Z,TR,Turkey,TR,390.0,465.0,,30.0,,False,
2025-10-20T16:00:00.000Z,TR,Turkey,TR,396.0,472.0,,29.0,,False,
2025-10-20T17:00:00.000Z,TR,Turkey,TR,407.0,485.0,,27.0,,False,
2025-10-20T18:00:00.000Z,TR,Turkey,TR,418.0,498.0,,25.0,,False,
2025-10-20T19:00:00.000Z,TR,Turkey,TR,437.0,518.0,,22.0,,False,
2025-10-20T20:00:00.000Z,TR,Turkey,TR,451.0,533.0,,20.0,,False,
2025-10-20T21:00:00.000Z,TR,Turkey,TR,469.0,552.0,,18.0,,False,
2025-10-20T22:00:00.000Z,TR,Turkey,TR,482.0,566.0,,17.0,,False,
2025-10-20T23:00:00.000Z,TR,Turkey,TR,493.0,576.0,,16.0,,False,
2025-10-21T00:00:00.000Z,TR,Turkey,TR,499.0,583.0,,15.0,,False,
2025-10-21T01:00:00.000Z,TR,Turkey,TR,499.0,583.0,,15.0,,False,
2025-10-21T02:00:00.000Z,TR,Turkey,TR,496.0,580.0,,15.0,,False,
2025-10-21T03:00:00.000Z,TR,Turkey,TR,493.0,578.0,,15.0,,False,
2025-10-21T04:00:00.000Z,TR,Turkey,TR,476.0,559.0,,17.0,,False,
2025-10-21T05:00:00.000Z,TR,Turkey,TR,443.0,523.0,,23.0,,False,
2025-10-21T06:00:00.000Z,TR,Turkey,TR,448.0,528.0,,22.0,,False,
2025-10-21T07:00:00.000Z,TR,Turkey,TR,466.0,547.0,,20.0,,False,
2025-10-21T08:00:00.000Z,TR,Turkey,TR,476.0,556.0,,19.0,,False,
2025-10-21T09:00:00.000Z,TR,Turkey,TR,475.0,556.0,,20.0,,False,
2025-10-21T10:00:00.000Z,TR,Turkey,TR,477.0,558.0,,19.0,,False,
2025-10-21T11:00:00.000Z,TR,Turkey,TR,472.0,554.0,,19.0,,False,
2025-10-21T12:00:00.000Z,TR,Turkey,TR,456.0,538.0,,20.0,,False,
2025-10-21T13:00:00.000Z,TR,Turkey,TR,427.0,506.0,,24.0,,False,
2025-10-21T14:00:00.000Z,TR,Turkey,TR,402.0,479.0,,28.0,,False,
2025-10-21T15:00:00.000Z,TR,Turkey,TR,389.0,464.0,,30.0,,False,
2025-10-21T16:00:00.000Z,TR,Turkey,TR,396.0,472.0,,30.0,,False,
2025-10-21T17:00:00.000Z,TR,Turkey,TR,408.0,485.0,,27.0,,False,
2025-10-21T18:00:00.000Z,TR,Turkey,TR,422.0,501.0,,25.0,,False,
2025-10-21T19:00:00.000Z,TR,Turkey,TR,440.0,521.0,,22.0,,False,
2025-10-21T20:00:00.000Z,TR,Turkey,TR,455.0,536.0,,20.0,,False,
2025-10-21T21:00:00.000Z,TR,Turkey,TR,468.0,549.0,,19.0,,False,
2025-10-21T22:00:00.000Z,TR,Turkey,TR,479.0,560.0,,18.0,,False,
2025-10-21T23:00:00.000Z,TR,Turkey,TR,486.0,566.0,,18.0,,False,
2025-10-22T00:00:00.000Z,TR,Turkey,TR,488.0,568.0,,19.0,,False,
2025-10-22T01:00:00.000Z,TR,Turkey,TR,492.0,573.0,,18.0,,False,
2025-10-22T02:00:00.000Z,TR,Turkey,TR,490.0,569.0,,19.0,,False,
2025-10-22T03:00:00.000Z,TR,Turkey,TR,484.0,565.0,,18.0,,False,
2025-10-22T04:00:00.000Z,TR,Turkey,TR,474.0,555.0,,19.0,,False,
2025-10-22T05:00:00.000Z,TR,Turkey,TR,446.0,525.0,,23.0,,False,
2025-10-22T06:00:00.000Z,TR,Turkey,TR,448.0,527.0,,23.0,,False,
2025-10-22T07:00:00.000Z,TR,Turkey,TR,456.0,532.0,,24.0,,False,
2025-10-22T08:00:00.000Z,TR,Turkey,TR,459.0,534.0,,24.0,,False,
2025-10-22T09:00:00.000Z,TR,Turkey,TR,461.0,536.0,,25.0,,False,
2025-10-22T10:00:00.000Z,TR,Turkey,TR,460.0,536.0,,23.0,,False,
2025-10-22T11:00:00.000Z,TR,Turkey,TR,446.0,523.0,,24.0,,False,
2025-10-22T12:00:00.000Z,TR,Turkey,TR,443.0,522.0,,23.0,,False,
2025-10-22T13:00:00.000Z,TR,Turkey,TR,428.0,506.0,,25.0,,False,
2025-10-22T14:00:00.000Z,TR,Turkey,TR,402.0,478.0,,29.0,,False,
2025-10-22T15:00:00.000Z,TR,Turkey,TR,393.0,467.0,,30.0,,False,
2025-10-22T16:00:00.000Z,TR,Turkey,TR,398.0,473.0,,29.0,,False,
2025-10-22T17:00:00.000Z,TR,Turkey,TR,411.0,488.0,,27.0,,False,
2025-10-22T18:00:00.000Z,TR,Turkey,TR,425.0,503.0,,25.0,,False,
2025-10-22T19:00:00.000Z,TR,Turkey,TR,433.0,511.0,,24.0,,False,
2025-10-22T20:00:00.000Z,TR,Turkey,TR,441.0,518.0,,24.0,,False,
2025-10-22T21:00:00.000Z,TR,Turkey,TR,449.0,524.0,,25.0,,False,
2025-10-22T22:00:00.000Z,TR,Turkey,TR,459.0,533.0,,24.0,,False,
2025-10-22T23:00:00.000Z,TR,Turkey,TR,463.0,537.0,,25.0,,False,
2025-10-23T00:00:00.000Z,TR,Turkey,TR,467.0,540.0,,25.0,,False,
2025-10-23T01:00:00.000Z,TR,Turkey,TR,470.0,542.0,,25.0,,False,
2025-10-23T02:00:00.000Z,TR,Turkey,TR,469.0,542.0,,24.0,,False,
2025-10-23T03:00:00.000Z,TR,Turkey,TR,462.0,536.0,,24.0,,False,
2025-10-23T04:00:00.000Z,TR,Turkey,TR,449.0,522.0,,27.0,,False,
2025-10-23T05:00:00.000Z,TR,Turkey,TR,423.0,493.0,,30.0,,False,
2025-10-23T06:00:00.000Z,TR,Turkey,TR,423.0,492.0,,31.0,,False,
2025-10-23T07:00:00.000Z,TR,Turkey,TR,427.0,496.0,,31.0,,False,
2025-10-23T08:00:00.000Z,TR,Turkey,TR,427.0,496.0,,31.0,,False,
2025-10-23T09:00:00.000Z,TR,Turkey,TR,434.0,501.0,,31.0,,False,
2025-10-23T10:00:00.000Z,TR,Turkey,TR,431.0,501.0,,30.0,,False,
2025-10-23T11:00:00.000Z,TR,Turkey,TR,412.0,480.0,,32.0,,False,
2025-10-23T12:00:00.000Z,TR,Turkey,TR,400.0,469.0,,33.0,,False,
2025-10-23T13:00:00.000Z,TR,Turkey,TR,395.0,466.0,,32.0,,False,
2025-10-23T14:00:00.000Z,TR,Turkey,TR,385.0,456.0,,33.0,,False,
2025-10-23T15:00:00.000Z,TR,Turkey,TR,382.0,453.0,,33.0,,False,
2025-10-23T16:00:00.000Z,TR,Turkey,TR,391.0,463.0,,32.0,,False,
2025-10-23T17:00:00.000Z,TR,Turkey,TR,398.0,470.0,,31.0,,False,
2025-10-23T18:00:00.000Z,TR,Turkey,TR,403.0,474.0,,31.0,,False,
2025-10-23T19:00:00.000Z,TR,Turkey,TR,400.0,469.0,,33.0,,False,
2025-10-23T20:00:00.000Z,TR,Turkey,TR,408.0,475.0,,33.0,,False,
2025-10-23T21:00:00.000Z,TR,Turkey,TR,412.0,476.0,,35.0,,False,
2025-10-23T22:00:00.000Z,TR,Turkey,TR,420.0,483.0,,35.0,,False,
2025-10-23T23:00:00.000Z,TR,Turkey,TR,425.0,487.0,,35.0,,False,
2025-10-24T00:00:00.000Z,TR,Turkey,TR,423.0,484.0,,36.0,,False,
2025-10-24T01:00:00.000Z,TR,Turkey,TR,426.0,487.0,,36.0,,False,
2025-10-24T02:00:00.000Z,TR,Turkey,TR,416.0,476.0,,37.0,,False,
2025-10-24T03:00:00.000Z,TR,Turkey,TR,413.0,474.0,,37.0,,False,
2025-10-24T04:00:00.000Z,TR,Turkey,TR,400.0,460.0,,39.0,,False,
2025-10-24T05:00:00.000Z,TR,Turkey,TR,363.0,420.0,,44.0,,False,
2025-10-24T06:00:00.000Z,TR,Turkey,TR,371.0,428.0,,44.0,,False,
2025-10-24T07:00:00.000Z,TR,Turkey,TR,362.0,417.0,,46.0,,False,
2025-10-24T08:00:00.000Z,TR,Turkey,TR,339.0,393.0,,49.0,,False,
2025-10-24T09:00:00.000Z,TR,Turkey,TR,328.0,382.0,,50.0,,False,
2025-10-24T10:00:00.000Z,TR,Turkey,TR,332.0,387.0,,49.0,,False,
2025-10-24T11:00:00.000Z,TR,Turkey,TR,355.0,409.0,,47.0,,False,
2025-10-24T12:00:00.000Z,TR,Turkey,TR,361.0,417.0,,45.0,,False,
2025-10-24T13:00:00.000Z,TR,Turkey,TR,360.0,418.0,,43.0,,False,
2025-10-24T14:00:00.000Z,TR,Turkey,TR,352.0,412.0,,43.0,,False,
2025-10-24T15:00:00.000Z,TR,Turkey,TR,354.0,415.0,,42.0,,False,
2025-10-24T16:00:00.000Z,TR,Turkey,TR,359.0,420.0,,41.0,,False,
2025-10-24T17:00:00.000Z,TR,Turkey,TR,374.0,437.0,,39.0,,False,
2025-10-24T18:00:00.000Z,TR,Turkey,TR,384.0,449.0,,37.0,,False,
2025-10-24T19:00:00.000Z,TR,Turkey,TR,396.0,462.0,,35.0,,False,
2025-10-24T20:00:00.000Z,TR,Turkey,TR,411.0,477.0,,33.0,,False,
2025-10-24T21:00:00.000Z,TR,Turkey,TR,421.0,488.0,,32.0,,False,
2025-10-24T22:00:00.000Z,TR,Turkey,TR,431.0,499.0,,31.0,,False,
2025-10-24T23:00:00.000Z,TR,Turkey,TR,441.0,507.0,,31.0,,False,
2025-10-25T00:00:00.000Z,TR,Turkey,TR,444.0,511.0,,31.0,,False,
2025-10-25T01:00:00.000Z,TR,Turkey,TR,452.0,521.0,,29.0,,False,
2025-10-25T02:00:00.000Z,TR,Turkey,TR,458.0,528.0,,28.0,,False,
2025-10-25T03:00:00.000Z,TR,Turkey,TR,463.0,535.0,,26.0,,False,
2025-10-25T04:00:00.000Z,TR,Turkey,TR,465.0,538.0,,26.0,,False,
2025-10-25T05:00:00.000Z,TR,Turkey,TR,445.0,514.0,,30.0,,False,
2025-10-25T06:00:00.000Z,TR,Turkey,TR,447.0,515.0,,30.0,,False,
2025-10-25T07:00:00.000Z,TR,Turkey,TR,452.0,520.0,,31.0,,False,
2025-10-25T08:00:00.000Z,TR,Turkey,TR,450.0,517.0,,31.0,,False,
2025-10-25T09:00:00.000Z,TR,Turkey,TR,455.0,522.0,,31.0,,False,
2025-10-25T10:00:00.000Z,TR,Turkey,TR,421.0,485.0,,36.0,,False,
2025-10-25T11:00:00.000Z,TR,Turkey,TR,430.0,496.0,,33.0,,False,
2025-10-25T12:00:00.000Z,TR,Turkey,TR,435.0,505.0,,30.0,,False,
2025-10-25T13:00:00.000Z,TR,Turkey,TR,426.0,500.0,,28.0,,False,
2025-10-25T14:00:00.000Z,TR,Turkey,TR,400.0,472.0,,32.0,,False,
2025-10-25T15:00:00.000Z,TR,Turkey,TR,383.0,453.0,,35.0,,False,
2025-10-25T16:00:00.000Z,TR,Turkey,TR,385.0,455.0,,35.0,,False,
2025-10-25T17:00:00.000Z,TR,Turkey,TR,399.0,471.0,,32.0,,False,
2025-10-25T18:00:00.000Z,TR,Turkey,TR,413.0,487.0,,29.0,,False,
2025-10-25T19:00:00.000Z,TR,Turkey,TR,429.0,504.0,,27.0,,False,
2025-10-25T20:00:00.000Z,TR,Turkey,TR,449.0,527.0,,23.0,,False,
2025-10-25T21:00:00.000Z,TR,Turkey,TR,471.0,549.0,,21.0,,False,
2025-10-25T22:00:00.000Z,TR,Turkey,TR,483.0,562.0,,20.0,,False,
2025-10-25T23:00:00.000Z,TR,Turkey,TR,495.0,573.0,,19.0,,False,
2025-10-26T00:00:00.000Z,TR,Turkey,TR,496.0,573.0,,20.0,,False,
2025-10-26T01:00:00.000Z,TR,Turkey,TR,491.0,566.0,,21.0,,False,
2025-10-26T02:00:00.000Z,TR,Turkey,TR,485.0,559.0,,23.0,,False,
2025-10-26T03:00:00.000Z,TR,Turkey,TR,487.0,561.0,,23.0,,False,
2025-10-26T04:00:00.000Z,TR,Turkey,TR,488.0,557.0,,26.0,,False,
2025-10-26T05:00:00.000Z,TR,Turkey,TR,454.0,516.0,,35.0,,False,
2025-10-26T06:00:00.000Z,TR,Turkey,TR,401.0,461.0,,42.0,,False,
2025-10-26T07:00:00.000Z,TR,Turkey,TR,387.0,447.0,,43.0,,False,
2025-10-26T08:00:00.000Z,TR,Turkey,TR,388.0,447.0,,44.0,,False,
2025-10-26T09:00:00.000Z,TR,Turkey,TR,389.0,448.0,,44.0,,False,
2025-10-26T10:00:00.000Z,TR,Turkey,TR,381.0,439.0,,45.0,,False,
2025-10-26T11:00:00.000Z,TR,Turkey,TR,362.0,418.0,,47.0,,False,
2025-10-26T12:00:00.000Z,TR,Turkey,TR,354.0,409.0,,48.0,,False,
2025-10-26T13:00:00.000Z,TR,Turkey,TR,397.0,455.0,,41.0,,False,
2025-10-26T14:00:00.000Z,TR,Turkey,TR,393.0,454.0,,39.0,,False,
2025-10-26T15:00:00.000Z,TR,Turkey,TR,370.0,429.0,,43.0,,False,
2025-10-26T16:00:00.000Z,TR,Turkey,TR,369.0,427.0,,43.0,,False,
2025-10-26T17:00:00.000Z,TR,Turkey,TR,377.0,436.0,,42.0,,False,
2025-10-26T18:00:00.000Z,TR,Turkey,TR,384.0,443.0,,41.0,,False,
2025-10-26T19:00:00.000Z,TR,Turkey,TR,378.0,434.0,,43.0,,False,
2025-10-26T20:00:00.000Z,TR,Turkey,TR,377.0,433.0,,44.0,,False,
2025-10-26T21:00:00.000Z,TR,Turkey,TR,380.0,434.0,,45.0,,False,
2025-10-26T22:00:00.000Z,TR,Turkey,TR,380.0,434.0,,45.0,,False,
2025-10-26T23:00:00.000Z,TR,Turkey,TR,371.0,426.0,,45.0,,False,
2025-10-27T00:00:00.000Z,TR,Turkey,TR,369.0,424.0,,46.0,,False,
2025-10-27T01:00:00.000Z,TR,Turkey,TR,371.0,425.0,,46.0,,False,
2025-10-27T02:00:00.000Z,TR,Turkey,TR,376.0,429.0,,46.0,,False,
2025-10-27T03:00:00.000Z,TR,Turkey,TR,382.0,437.0,,44.0,,False,
2025-10-27T04:00:00.000Z,TR,Turkey,TR,377.0,431.0,,45.0,,False,
2025-10-27T05:00:00.000Z,TR,Turkey,TR,374.0,426.0,,47.0,,False,
2025-10-27T06:00:00.000Z,TR,Turkey,TR,339.0,391.0,,51.0,,False,
2025-10-27T07:00:00.000Z,TR,Turkey,TR,319.0,370.0,,53.0,,False,
2025-10-27T08:00:00.000Z,TR,Turkey,TR,320.0,370.0,,53.0,,False,
2025-10-27T09:00:00.000Z,TR,Turkey,TR,332.0,383.0,,52.0,,False,
2025-10-27T10:00:00.000Z,TR,Turkey,TR,328.0,380.0,,51.0,,False,
2025-10-27T11:00:00.000Z,TR,Turkey,TR,331.0,383.0,,51.0,,False,
2025-10-27T12:00:00.000Z,TR,Turkey,TR,350.0,404.0,,47.0,,False,
2025-10-27T13:00:00.000Z,TR,Turkey,TR,366.0,426.0,,42.0,,False,
2025-10-27T14:00:00.000Z,TR,Turkey,TR,364.0,427.0,,40.0,,False,
2025-10-27T15:00:00.000Z,TR,Turkey,TR,361.0,424.0,,41.0,,False,
2025-10-27T16:00:00.000Z,TR,Turkey,TR,368.0,431.0,,40.0,,False,
2025-10-27T17:00:00.000Z,TR,Turkey,TR,380.0,444.0,,38.0,,False,
2025-10-27T18:00:00.000Z,TR,Turkey,TR,390.0,455.0,,36.0,,False,
2025-10-27T19:00:00.000Z,TR,Turkey,TR,403.0,469.0,,34.0,,False,
2025-10-27T20:00:00.000Z,TR,Turkey,TR,412.0,478.0,,34.0,,False,
2025-10-27T21:00:00.000Z,TR,Turkey,TR,424.0,489.0,,33.0,,False,
2025-10-27T22:00:00.000Z,TR,Turkey,TR,439.0,504.0,,32.0,,False,
2025-10-27T23:00:00.000Z,TR,Turkey,TR,451.0,517.0,,30.0,,False,
2025-10-28T00:00:00.000Z,TR,Turkey,TR,459.0,525.0,,30.0,,False,
2025-10-28T01:00:00.000Z,TR,Turkey,TR,462.0,529.0,,29.0,,False,
2025-10-28T02:00:00.000Z,TR,Turkey,TR,460.0,527.0,,29.0,,False,
2025-10-28T03:00:00.000Z,TR,Turkey,TR,460.0,529.0,,28.0,,False,
2025-10-28T04:00:00.000Z,TR,Turkey,TR,454.0,524.0,,28.0,,False,
2025-10-28T05:00:00.000Z,TR,Turkey,TR,426.0,492.0,,33.0,,False,
2025-10-28T06:00:00.000Z,TR,Turkey,TR,433.0,498.0,,34.0,,False,
2025-10-28T07:00:00.000Z,TR,Turkey,TR,426.0,489.0,,36.0,,False,
2025-10-28T08:00:00.000Z,TR,Turkey,TR,439.0,502.0,,35.0,,False,
2025-10-28T09:00:00.000Z,TR,Turkey,TR,434.0,496.0,,36.0,,False,
2025-10-28T10:00:00.000Z,TR,Turkey,TR,443.0,505.0,,35.0,,False,
2025-10-28T11:00:00.000Z,TR,Turkey,TR,433.0,496.0,,34.0,,False,
2025-10-28T12:00:00.000Z,TR,Turkey,TR,427.0,493.0,,33.0,,False,
2025-10-28T13:00:00.000Z,TR,Turkey,TR,412.0,480.0,,33.0,,False,
2025-10-28T14:00:00.000Z,TR,Turkey,TR,383.0,449.0,,37.0,,False,
2025-10-28T15:00:00.000Z,TR,Turkey,TR,373.0,437.0,,39.0,,False,
2025-10-28T16:00:00.000Z,TR,Turkey,TR,379.0,443.0,,38.0,,False,
2025-10-28T17:00:00.000Z,TR,Turkey,TR,387.0,451.0,,38.0,,False,
2025-10-28T18:00:00.000Z,TR,Turkey,TR,403.0,470.0,,35.0,,False,
2025-10-28T19:00:00.000Z,TR,Turkey,TR,416.0,483.0,,33.0,,False,
2025-10-28T20:00:00.000Z,TR,Turkey,TR,422.0,488.0,,33.0,,False,
2025-10-28T21:00:00.000Z,TR,Turkey,TR,439.0,505.0,,32.0,,False,
2025-10-28T22:00:00.000Z,TR,Turkey,TR,454.0,521.0,,30.0,,False,
2025-10-28T23:00:00.000Z,TR,Turkey,TR,470.0,538.0,,28.0,,False,
2025-10-29T00:00:00.000Z,TR,Turkey,TR,479.0,548.0,,27.0,,False,
2025-10-29T01:00:00.000Z,TR,Turkey,TR,483.0,552.0,,27.0,,False,
2025-10-29T02:00:00.000Z,TR,Turkey,TR,478.0,546.0,,27.0,,False,
2025-10-29T03:00:00.000Z,TR,Turkey,TR,463.0,532.0,,28.0,,False,
2025-10-29T04:00:00.000Z,TR,Turkey,TR,472.0,540.0,,28.0,,False,
2025-10-29T05:00:00.000Z,TR,Turkey,TR,462.0,527.0,,31.0,,False,
2025-10-29T06:00:00.000Z,TR,Turkey,TR,443.0,505.0,,35.0,,False,
2025-10-29T07:00:00.000Z,TR,Turkey,TR,415.0,477.0,,38.0,,False,
2025-10-29T08:00:00.000Z,TR,Turkey,TR,397.0,458.0,,41.0,,False,
2025-10-29T09:00:00.000Z,TR,Turkey,TR,402.0,463.0,,41.0,,False,
2025-10-29T10:00:00.000Z,TR,Turkey,TR,397.0,458.0,,42.0,,False,
2025-10-29T11:00:00.000Z,TR,Turkey,TR,391.0,452.0,,42.0,,False,
2025-10-29T12:00:00.000Z,TR,Turkey,TR,394.0,457.0,,40.0,,False,
2025-10-29T13:00:00.000Z,TR,Turkey,TR,411.0,478.0,,35.0,,False,
2025-10-29T14:00:00.000Z,TR,Turkey,TR,392.0,460.0,,35.0,,False,
2025-10-29T15:00:00.000Z,TR,Turkey,TR,372.0,438.0,,38.0,,False,
2025-10-29T16:00:00.000Z,TR,Turkey,TR,381.0,448.0,,37.0,,False,
2025-10-29T17:00:00.000Z,TR,Turkey,TR,390.0,458.0,,36.0,,False,
2025-10-29T18:00:00.000Z,TR,Turkey,TR,419.0,489.0,,31.0,,False,
2025-10-29T19:00:00.000Z,TR,Turkey,TR,433.0,504.0,,29.0,,False,
2025-10-29T20:00:00.000Z,TR,Turkey,TR,446.0,518.0,,27.0,,False,
2025-10-29T21:00:00.000Z,TR,Turkey,TR,459.0,531.0,,26.0,,False,
2025-10-29T22:00:00.000Z,TR,Turkey,TR,470.0,543.0,,25.0,,False,
2025-10-29T23:00:00.000Z,TR,Turkey,TR,481.0,555.0,,24.0,,False,
2025-10-30T00:00:00.000Z,TR,Turkey,TR,489.0,563.0,,23.0,,False,
2025-10-30T01:00:00.000Z,TR,Turkey,TR,492.0,566.0,,22.0,,False,
2025-10-30T02:00:00.000Z,TR,Turkey,TR,488.0,563.0,,22.0,,False,
2025-10-30T03:00:00.000Z,TR,Turkey,TR,477.0,552.0,,23.0,,False,
2025-10-30T04:00:00.000Z,TR,Turkey,TR,442.0,514.0,,29.0,,False,
2025-10-30T05:00:00.000Z,TR,Turkey,TR,423.0,491.0,,33.0,,False,
2025-10-30T06:00:00.000Z,TR,Turkey,TR,427.0,496.0,,33.0,,False,
2025-10-30T07:00:00.000Z,TR,Turkey,TR,451.0,519.0,,31.0,,False,
2025-10-30T08:00:00.000Z,TR,Turkey,TR,459.0,525.0,,31.0,,False,
2025-10-30T09:00:00.000Z,TR,Turkey,TR,458.0,525.0,,31.0,,False,
2025-10-30T10:00:00.000Z,TR,Turkey,TR,456.0,524.0,,31.0,,False,
2025-10-30T11:00:00.000Z,TR,Turkey,TR,456.0,525.0,,30.0,,False,
2025-10-30T12:00:00.000Z,TR,Turkey,TR,442.0,516.0,,27.0,,False,
2025-10-30T13:00:00.000Z,TR,Turkey,TR,428.0,505.0,,26.0,,False,
2025-10-30T14:00:00.000Z,TR,Turkey,TR,385.0,458.0,,33.0,,False,
2025-10-30T15:00:00.000Z,TR,Turkey,TR,373.0,444.0,,35.0,,False,
2025-10-30T16:00:00.000Z,TR,Turkey,TR,384.0,456.0,,33.0,,False,
2025-10-30T17:00:00.000Z,TR,Turkey,TR,393.0,466.0,,32.0,,False,
2025-10-30T18:00:00.000Z,TR,Turkey,TR,405.0,480.0,,29.0,,False,
2025-10-30T19:00:00.000Z,TR,Turkey,TR,422.0,500.0,,26.0,,False,
2025-10-30T20:00:00.000Z,TR,Turkey,TR,437.0,515.0,,24.0,,False,
2025-10-30T21:00:00.000Z,TR,Turkey,TR,447.0,524.0,,24.0,,False,
2025-10-30T22:00:00.000Z,TR,Turkey,TR,452.0,528.0,,25.0,,False,
2025-10-30T23:00:00.000Z,TR,Turkey,TR,467.0,543.0,,23.0,,False,
2025-10-31T00:00:00.000Z,TR,Turkey,TR,473.0,548.0,,23.0,,False,
2025-10-31T01:00:00.000Z,TR,Turkey,TR,477.0,552.0,,22.0,,False,
2025-10-31T02:00:00.000Z,TR,Turkey,TR,478.0,555.0,,22.0,,False,
2025-10-31T03:00:00.000Z,TR,Turkey,TR,472.0,549.0,,22.0,,False,
2025-10-31T04:00:00.000Z,TR,Turkey,TR,457.0,533.0,,24.0,,False,
2025-10-31T05:00:00.000Z,TR,Turkey,TR,441.0,514.0,,27.0,,False,
2025-10-31T06:00:00.000Z,TR,Turkey,TR,455.0,528.0,,27.0,,False,
2025-10-31T07:00:00.000Z,TR,Turkey,TR,467.0,537.0,,28.0,,False,
2025-10-31T08:00:00.000Z,TR,Turkey,TR,468.0,538.0,,28.0,,False,
2025-10-31T09:00:00.000Z,TR,Turkey,TR,469.0,540.0,,28.0,,False,
2025-10-31T10:00:00.000Z,TR,Turkey,TR,455.0,525.0,,29.0,,False,
2025-10-31T11:00:00.000Z,TR,Turkey,TR,461.0,533.0,,27.0,,False,
2025-10-31T12:00:00.000Z,TR,Turkey,TR,452.0,528.0,,25.0,,False,
2025-10-31T13:00:00.000Z,TR,Turkey,TR,423.0,499.0,,27.0,,False,
2025-10-31T14:00:00.000Z,TR,Turkey,TR,383.0,455.0,,33.0,,False,
2025-10-31T15:00:00.000Z,TR,Turkey,TR,377.0,449.0,,34.0,,False,
2025-10-31T16:00:00.000Z,TR,Turkey,TR,394.0,469.0,,31.0,,False,
2025-10-31T17:00:00.000Z,TR,Turkey,TR,404.0,480.0,,29.0,,False,
2025-10-31T18:00:00.000Z,TR,Turkey,TR,420.0,498.0,,26.0,,False,
2025-10-31T19:00:00.000Z,TR,Turkey,TR,436.0,516.0,,23.0,,False,
2025-10-31T20:00:00.000Z,TR,Turkey,TR,449.0,530.0,,22.0,,False,
2025-10-31T21:00:00.000Z,TR,Turkey,TR,462.0,542.0,,21.0,,False,
2025-10-31T22:00:00.000Z,TR,Turkey,TR,478.0,560.0,,19.0,,False,
2025-10-31T23:00:00.000Z,TR,Turkey,TR,490.0,572.0,,17.0,,False,
2025-11-01T00:00:00.000Z,TR,Turkey,TR,498.0,581.0,,16.0,,False,
2025-11-01T01:00:00.000Z,TR,Turkey,TR,498.0,581.0,,16.0,,False,
2025-11-01T02:00:00.000Z,TR,Turkey,TR,493.0,575.0,,17.0,,False,
2025-11-01T03:00:00.000Z,TR,Turkey,TR,486.0,568.0,,18.0,,False,
2025-11-01T04:00:00.000Z,TR,Turkey,TR,485.0,565.0,,20.0,,False,
2025-11-01T05:00:00.000Z,TR,Turkey,TR,479.0,557.0,,21.0,,False,
2025-11-01T06:00:00.000Z,TR,Turkey,TR,481.0,555.0,,24.0,,False,
2025-11-01T07:00:00.000Z,TR,Turkey,TR,487.0,558.0,,26.0,,False,
2025-11-01T08:00:00.000Z,TR,Turkey,TR,484.0,552.0,,28.0,,False,
2025-11-01T09:00:00.000Z,TR,Turkey,TR,474.0,543.0,,29.0,,False,
2025-11-01T10:00:00.000Z,TR,Turkey,TR,474.0,542.0,,29.0,,False,
2025-11-01T11:00:00.000Z,TR,Turkey,TR,468.0,537.0,,29.0,,False,
2025-11-01T12:00:00.000Z,TR,Turkey,TR,459.0,530.0,,27.0,,False,
2025-11-01T13:00:00.000Z,TR,Turkey,TR,437.0,512.0,,27.0,,False,
2025-11-01T14:00:00.000Z,TR,Turkey,TR,399.0,470.0,,32.0,,False,
2025-11-01T15:00:00.000Z,TR,Turkey,TR,376.0,444.0,,36.0,,False,
2025-11-01T16:00:00.000Z,TR,Turkey,TR,382.0,451.0,,36.0,,False,
2025-11-01T17:00:00.000Z,TR,Turkey,TR,394.0,465.0,,34.0,,False,
2025-11-01T18:00:00.000Z,TR,Turkey,TR,407.0,479.0,,31.0,,False,
2025-11-01T19:00:00.000Z,TR,Turkey,TR,420.0,494.0,,29.0,,False,
2025-11-01T20:00:00.000Z,TR,Turkey,TR,434.0,508.0,,28.0,,False,
2025-11-01T21:00:00.000Z,TR,Turkey,TR,450.0,523.0,,27.0,,False,
2025-11-01T22:00:00.000Z,TR,Turkey,TR,467.0,541.0,,25.0,,False,
2025-11-01T23:00:00.000Z,TR,Turkey,TR,480.0,555.0,,23.0,,False,
2025-11-02T00:00:00.000Z,TR,Turkey,TR,488.0,563.0,,22.0,,False,
2025-11-02T01:00:00.000Z,TR,Turkey,TR,489.0,564.0,,22.0,,False,
2025-11-02T02:00:00.000Z,TR,Turkey,TR,487.0,563.0,,22.0,,False,
2025-11-02T03:00:00.000Z,TR,Turkey,TR,481.0,555.0,,24.0,,False,
2025-11-02T04:00:00.000Z,TR,Turkey,TR,487.0,559.0,,25.0,,False,
2025-11-02T05:00:00.000Z,TR,Turkey,TR,459.0,524.0,,33.0,,False,
2025-11-02T06:00:00.000Z,TR,Turkey,TR,411.0,474.0,,39.0,,False,
2025-11-02T07:00:00.000Z,TR,Turkey,TR,398.0,461.0,,41.0,,False,
2025-11-02T08:00:00.000Z,TR,Turkey,TR,411.0,475.0,,39.0,,False,
2025-11-02T09:00:00.000Z,TR,Turkey,TR,420.0,486.0,,38.0,,False,
2025-11-02T10:00:00.000Z,TR,Turkey,TR,422.0,487.0,,38.0,,False,
2025-11-02T11:00:00.000Z,TR,Turkey,TR,423.0,487.0,,38.0,,False,
2025-11-02T12:00:00.000Z,TR,Turkey,TR,444.0,510.0,,33.0,,False,
2025-11-02T13:00:00.000Z,TR,Turkey,TR,448.0,521.0,,28.0,,False,
2025-11-02T14:00:00.000Z,TR,Turkey,TR,422.0,496.0,,29.0,,False,
2025-11-02T15:00:00.000Z,TR,Turkey,TR,402.0,473.0,,32.0,,False,
2025-11-02T16:00:00.000Z,TR,Turkey,TR,406.0,478.0,,32.0,,False,
2025-11-02T17:00:00.000Z,TR,Turkey,TR,417.0,490.0,,30.0,,False,
2025-11-02T18:00:00.000Z,TR,Turkey,TR,424.0,498.0,,29.0,,False,
2025-11-02T19:00:00.000Z,TR,Turkey,TR,429.0,502.0,,29.0,,False,
2025-11-02T20:00:00.000Z,TR,Turkey,TR,443.0,516.0,,27.0,,False,
2025-11-02T21:00:00.000Z,TR,Turkey,TR,465.0,540.0,,24.0,,False,
2025-11-02T22:00:00.000Z,TR,Turkey,TR,487.0,563.0,,22.0,,False,
2025-11-02T23:00:00.000Z,TR,Turkey,TR,501.0,579.0,,20.0,,False,
2025-11-03T00:00:00.000Z,TR,Turkey,TR,510.0,587.0,,19.0,,False,
2025-11-03T01:00:00.000Z,TR,Turkey,TR,513.0,591.0,,18.0,,False,
2025-11-03T02:00:00.000Z,TR,Turkey,TR,510.0,589.0,,18.0,,False,
2025-11-03T03:00:00.000Z,TR,Turkey,TR,499.0,578.0,,18.0,,False,
2025-11-03T04:00:00.000Z,TR,Turkey,TR,473.0,550.0,,22.0,,False,
2025-11-03T05:00:00.000Z,TR,Turkey,TR,435.0,507.0,,29.0,,False,
2025-11-03T06:00:00.000Z,TR,Turkey,TR,446.0,519.0,,28.0,,False,
2025-11-03T07:00:00.000Z,TR,Turkey,TR,466.0,539.0,,25.0,,False,
2025-11-03T08:00:00.000Z,TR,Turkey,TR,473.0,547.0,,25.0,,False,
2025-11-03T09:00:00.000Z,TR,Turkey,TR,467.0,541.0,,26.0,,False,
2025-11-03T10:00:00.000Z,TR,Turkey,TR,474.0,548.0,,25.0,,False,
2025-11-03T11:00:00.000Z,TR,Turkey,TR,464.0,540.0,,23.0,,False,
2025-11-03T12:00:00.000Z,TR,Turkey,TR,450.0,529.0,,23.0,,False,
2025-11-03T13:00:00.000Z,TR,Turkey,TR,418.0,495.0,,27.0,,False,
2025-11-03T14:00:00.000Z,TR,Turkey,TR,382.0,454.0,,33.0,,False,
2025-11-03T15:00:00.000Z,TR,Turkey,TR,380.0,452.0,,34.0,,False,
2025-11-03T16:00:00.000Z,TR,Turkey,TR,392.0,467.0,,31.0,,False,
2025-11-03T17:00:00.000Z,TR,Turkey,TR,403.0,479.0,,29.0,,False,
2025-11-03T18:00:00.000Z,TR,Turkey,TR,415.0,491.0,,27.0,,False,
2025-11-03T19:00:00.000Z,TR,Turkey,TR,427.0,505.0,,25.0,,False,
2025-11-03T20:00:00.000Z,TR,Turkey,TR,440.0,519.0,,24.0,,False,
2025-11-03T21:00:00.000Z,TR,Turkey,TR,457.0,537.0,,22.0,,False,
2025-11-03T22:00:00.000Z,TR,Turkey,TR,476.0,557.0,,19.0,,False,
2025-11-03T23:00:00.000Z,TR,Turkey,TR,489.0,572.0,,17.0,,False,
2025-11-04T00:00:00.000Z,TR,Turkey,TR,496.0,579.0,,16.0,,False,
2025-11-04T01:00:00.000Z,TR,Turkey,TR,502.0,586.0,,15.0,,False,
2025-11-04T02:00:00.000Z,TR,Turkey,TR,501.0,585.0,,15.0,,False,
2025-11-04T03:00:00.000Z,TR,Turkey,TR,485.0,568.0,,17.0,,False,
2025-11-04T04:00:00.000Z,TR,Turkey,TR,461.0,541.0,,22.0,,False,
2025-11-04T05:00:00.000Z,TR,Turkey,TR,422.0,497.0,,28.0,,False,
2025-11-04T06:00:00.000Z,TR,Turkey,TR,430.0,505.0,,28.0,,False,
2025-11-04T07:00:00.000Z,TR,Turkey,TR,464.0,543.0,,22.0,,False,
2025-11-04T08:00:00.000Z,TR,Turkey,TR,477.0,556.0,,21.0,,False,
2025-11-04T09:00:00.000Z,TR,Turkey,TR,491.0,568.0,,21.0,,False,
2025-11-04T10:00:00.000Z,TR,Turkey,TR,485.0,562.0,,21.0,,False,
2025-11-04T11:00:00.000Z,TR,Turkey,TR,466.0,543.0,,23.0,,False,
2025-11-04T12:00:00.000Z,TR,Turkey,TR,450.0,528.0,,23.0,,False,
2025-11-04T13:00:00.000Z,TR,Turkey,TR,410.0,485.0,,29.0,,False,
2025-11-04T14:00:00.000Z,TR,Turkey,TR,380.0,451.0,,34.0,,False,
2025-11-04T15:00:00.000Z,TR,Turkey,TR,373.0,444.0,,35.0,,False,
2025-11-04T16:00:00.000Z,TR,Turkey,TR,386.0,458.0,,33.0,,False,
2025-11-04T17:00:00.000Z,TR,Turkey,TR,398.0,471.0,,31.0,,False,
2025-11-04T18:00:00.000Z,TR,Turkey,TR,405.0,479.0,,30.0,,False,
2025-11-04T19:00:00.000Z,TR,Turkey,TR,406.0,479.0,,30.0,,False,
2025-11-04T20:00:00.000Z,TR,Turkey,TR,418.0,491.0,,30.0,,False,
2025-11-04T21:00:00.000Z,TR,Turkey,TR,432.0,504.0,,28.0,,False,
2025-11-04T22:00:00.000Z,TR,Turkey,TR,449.0,522.0,,26.0,,False,
2025-11-04T23:00:00.000Z,TR,Turkey,TR,454.0,527.0,,26.0,,False,
2025-11-05T00:00:00.000Z,TR,Turkey,TR,459.0,532.0,,26.0,,False,
2025-11-05T01:00:00.000Z,TR,Turkey,TR,461.0,534.0,,25.0,,False,
2025-11-05T02:00:00.000Z,TR,Turkey,TR,455.0,527.0,,26.0,,False,
2025-11-05T03:00:00.000Z,TR,Turkey,TR,449.0,521.0,,26.0,,False,
2025-11-05T04:00:00.000Z,TR,Turkey,TR,430.0,501.0,,30.0,,False,
2025-11-05T05:00:00.000Z,TR,Turkey,TR,408.0,476.0,,33.0,,False,
2025-11-05T06:00:00.000Z,TR,Turkey,TR,414.0,480.0,,34.0,,False,
2025-11-05T07:00:00.000Z,TR,Turkey,TR,416.0,479.0,,36.0,,False,
2025-11-05T08:00:00.000Z,TR,Turkey,TR,418.0,481.0,,36.0,,False,
2025-11-05T09:00:00.000Z,TR,Turkey,TR,407.0,469.0,,38.0,,False,
2025-11-05T10:00:00.000Z,TR,Turkey,TR,414.0,476.0,,37.0,,False,
2025-11-05T11:00:00.000Z,TR,Turkey,TR,411.0,474.0,,37.0,,False,
2025-11-05T12:00:00.000Z,TR,Turkey,TR,407.0,473.0,,34.0,,False,
2025-11-05T13:00:00.000Z,TR,Turkey,TR,391.0,460.0,,34.0,,False,
2025-11-05T14:00:00.000Z,TR,Turkey,TR,359.0,425.0,,39.0,,False,
2025-11-05T15:00:00.000Z,TR,Turkey,TR,358.0,423.0,,39.0,,False,
2025-11-05T16:00:00.000Z,TR,Turkey,TR,370.0,437.0,,37.0,,False,
2025-11-05T17:00:00.000Z,TR,Turkey,TR,379.0,448.0,,35.0,,False,
2025-11-05T18:00:00.000Z,TR,Turkey,TR,384.0,453.0,,35.0,,False,
2025-11-05T19:00:00.000Z,TR,Turkey,TR,383.0,449.0,,37.0,,False,
2025-11-05T20:00:00.000Z,TR,Turkey,TR,390.0,455.0,,36.0,,False,
2025-11-05T21:00:00.000Z,TR,Turkey,TR,407.0,473.0,,34.0,,False,
2025-11-05T22:00:00.000Z,TR,Turkey,TR,421.0,487.0,,33.0,,False,
2025-11-05T23:00:00.000Z,TR,Turkey,TR,434.0,500.0,,32.0,,False,
2025-11-06T00:00:00.000Z,TR,Turkey,TR,434.0,500.0,,32.0,,False,
2025-11-06T01:00:00.000Z,TR,Turkey,TR,437.0,502.0,,32.0,,False,
2025-11-06T02:00:00.000Z,TR,Turkey,TR,435.0,501.0,,32.0,,False,
2025-11-06T03:00:00.000Z,TR,Turkey,TR,438.0,505.0,,31.0,,False,
2025-11-06T04:00:00.000Z,TR,Turkey,TR,431.0,500.0,,30.0,,False,
2025-11-06T05:00:00.000Z,TR,Turkey,TR,404.0,472.0,,33.0,,False,
2025-11-06T06:00:00.000Z,TR,Turkey,TR,399.0,465.0,,35.0,,False,
2025-11-06T07:00:00.000Z,TR,Turkey,TR,420.0,488.0,,32.0,,False,
2025-11-06T08:00:00.000Z,TR,Turkey,TR,431.0,499.0,,31.0,,False,
2025-11-06T09:00:00.000Z,TR,Turkey,TR,442.0,510.0,,31.0,,False,
2025-11-06T10:00:00.000Z,TR,Turkey,TR,438.0,507.0,,30.0,,False,
2025-11-06T11:00:00.000Z,TR,Turkey,TR,423.0,492.0,,31.0,,False,
2025-11-06T12:00:00.000Z,TR,Turkey,TR,416.0,488.0,,30.0,,False,
2025-11-06T13:00:00.000Z,TR,Turkey,TR,396.0,467.0,,32.0,,False,
2025-11-06T14:00:00.000Z,TR,Turkey,TR,375.0,443.0,,35.0,,False,
2025-11-06T15:00:00.000Z,TR,Turkey,TR,368.0,435.0,,37.0,,False,
2025-11-06T16:00:00.000Z,TR,Turkey,TR,381.0,450.0,,35.0,,False,
2025-11-06T17:00:00.000Z,TR,Turkey,TR,387.0,456.0,,34.0,,False,
2025-11-06T18:00:00.000Z,TR,Turkey,TR,396.0,466.0,,32.0,,False,
2025-11-06T19:00:00.000Z,TR,Turkey,TR,396.0,464.0,,34.0,,False,
2025-11-06T20:00:00.000Z,TR,Turkey,TR,414.0,483.0,,32.0,,False,
2025-11-06T21:00:00.000Z,TR,Turkey,TR,429.0,499.0,,30.0,,False,
2025-11-06T22:00:00.000Z,TR,Turkey,TR,447.0,519.0,,27.0,,False,
2025-11-06T23:00:00.000Z,TR,Turkey,TR,462.0,535.0,,25.0,,False,
2025-11-07T00:00:00.000Z,TR,Turkey,TR,471.0,544.0,,24.0,,False,
2025-11-07T01:00:00.000Z,TR,Turkey,TR,476.0,550.0,,23.0,,False,
2025-11-07T02:00:00.000Z,TR,Turkey,TR,474.0,549.0,,23.0,,False,
2025-11-07T03:00:00.000Z,TR,Turkey,TR,465.0,540.0,,23.0,,False,
2025-11-07T04:00:00.000Z,TR,Turkey,TR,443.0,515.0,,27.0,,False,
2025-11-07T05:00:00.000Z,TR,Turkey,TR,412.0,482.0,,32.0,,False,
2025-11-07T06:00:00.000Z,TR,Turkey,TR,408.0,476.0,,34.0,,False,
2025-11-07T07:00:00.000Z,TR,Turkey,TR,429.0,499.0,,31.0,,False,
2025-11-07T08:00:00.000Z,TR,Turkey,TR,438.0,508.0,,29.0,,False,
2025-11-07T09:00:00.000Z,TR,Turkey,TR,463.0,534.0,,27.0,,False,
2025-11-07T10:00:00.000Z,TR,Turkey,TR,458.0,532.0,,26.0,,False,
2025-11-07T11:00:00.000Z,TR,Turkey,TR,439.0,512.0,,27.0,,False,
2025-11-07T12:00:00.000Z,TR,Turkey,TR,431.0,507.0,,26.0,,False,
2025-11-07T13:00:00.000Z,TR,Turkey,TR,401.0,474.0,,31.0,,False,
2025-11-07T14:00:00.000Z,TR,Turkey,TR,380.0,452.0,,34.0,,False,
2025-11-07T15:00:00.000Z,TR,Turkey,TR,377.0,447.0,,35.0,,False,
2025-11-07T16:00:00.000Z,TR,Turkey,TR,386.0,458.0,,33.0,,False,
2025-11-07T17:00:00.000Z,TR,Turkey,TR,397.0,470.0,,31.0,,False,
2025-11-07T18:00:00.000Z,TR,Turkey,TR,409.0,484.0,,29.0,,False,
2025-11-07T19:00:00.000Z,TR,Turkey,TR,422.0,498.0,,27.0,,False,
2025-11-07T20:00:00.000Z,TR,Turkey,TR,435.0,511.0,,26.0,,False,
2025-11-07T21:00:00.000Z,TR,Turkey,TR,453.0,530.0,,23.0,,False,
2025-11-07T22:00:00.000Z,TR,Turkey,TR,471.0,551.0,,20.0,,False,
2025-11-07T23:00:00.000Z,TR,Turkey,TR,487.0,568.0,,18.0,,False,
2025-11-08T00:00:00.000Z,TR,Turkey,TR,497.0,579.0,,17.0,,False,
2025-11-08T01:00:00.000Z,TR,Turkey,TR,501.0,583.0,,16.0,,False,
2025-11-08T02:00:00.000Z,TR,Turkey,TR,500.0,582.0,,16.0,,False,
2025-11-08T03:00:00.000Z,TR,Turkey,TR,494.0,575.0,,17.0,,False,
2025-11-08T04:00:00.000Z,TR,Turkey,TR,488.0,568.0,,19.0,,False,
2025-11-08T05:00:00.000Z,TR,Turkey,TR,471.0,548.0,,22.0,,False,
2025-11-08T06:00:00.000Z,TR,Turkey,TR,465.0,537.0,,26.0,,False,
2025-11-08T07:00:00.000Z,TR,Turkey,TR,460.0,529.0,,29.0,,False,
2025-11-08T08:00:00.000Z,TR,Turkey,TR,460.0,526.0,,31.0,,False,
2025-11-08T09:00:00.000Z,TR,Turkey,TR,464.0,530.0,,31.0,,False,
2025-11-08T10:00:00.000Z,TR,Turkey,TR,467.0,534.0,,30.0,,False,
2025-11-08T11:00:00.000Z,TR,Turkey,TR,459.0,527.0,,30.0,,False,
2025-11-08T12:00:00.000Z,TR,Turkey,TR,449.0,519.0,,28.0,,False,
2025-11-08T13:00:00.000Z,TR,Turkey,TR,438.0,513.0,,26.0,,False,
2025-11-08T14:00:00.000Z,TR,Turkey,TR,410.0,484.0,,30.0,,False,
2025-11-08T15:00:00.000Z,TR,Turkey,TR,396.0,469.0,,31.0,,False,
2025-11-08T16:00:00.000Z,TR,Turkey,TR,400.0,473.0,,31.0,,False,
2025-11-08T17:00:00.000Z,TR,Turkey,TR,413.0,487.0,,29.0,,False,
2025-11-08T18:00:00.000Z,TR,Turkey,TR,423.0,498.0,,27.0,,False,
2025-11-08T19:00:00.000Z,TR,Turkey,TR,422.0,494.0,,29.0,,False,
2025-11-08T20:00:00.000Z,TR,Turkey,TR,427.0,497.0,,30.0,,False,
2025-11-08T21:00:00.000Z,TR,Turkey,TR,435.0,504.0,,31.0,,False,
2025-11-08T22:00:00.000Z,TR,Turkey,TR,449.0,518.0,,29.0,,False,
2025-11-08T23:00:00.000Z,TR,Turkey,TR,465.0,535.0,,27.0,,False,
2025-11-09T00:00:00.000Z,TR,Turkey,TR,467.0,537.0,,27.0,,False,
2025-11-09T01:00:00.000Z,TR,Turkey,TR,471.0,541.0,,26.0,,False,
2025-11-09T02:00:00.000Z,TR,Turkey,TR,471.0,542.0,,26.0,,False,
2025-11-09T03:00:00.000Z,TR,Turkey,TR,465.0,535.0,,27.0,,False,
2025-11-09T04:00:00.000Z,TR,Turkey,TR,471.0,539.0,,28.0,,False,
2025-11-09T05:00:00.000Z,TR,Turkey,TR,445.0,508.0,,35.0,,False,
2025-11-09T06:00:00.000Z,TR,Turkey,TR,398.0,460.0,,41.0,,False,
2025-11-09T07:00:00.000Z,TR,Turkey,TR,398.0,461.0,,41.0,,False,
2025-11-09T08:00:00.000Z,TR,Turkey,TR,410.0,475.0,,39.0,,False,
2025-11-09T09:00:00.000Z,TR,Turkey,TR,418.0,484.0,,37.0,,False,
2025-11-09T10:00:00.000Z,TR,Turkey,TR,404.0,469.0,,39.0,,False,
2025-11-09T11:00:00.000Z,TR,Turkey,TR,397.0,462.0,,39.0,,False,
2025-11-09T12:00:00.000Z,TR,Turkey,TR,419.0,487.0,,34.0,,False,
2025-11-09T13:00:00.000Z,TR,Turkey,TR,449.0,522.0,,27.0,,False,
2025-11-09T14:00:00.000Z,TR,Turkey,TR,424.0,496.0,,30.0,,False,
2025-11-09T15:00:00.000Z,TR,Turkey,TR,406.0,477.0,,32.0,,False,
2025-11-09T16:00:00.000Z,TR,Turkey,TR,411.0,482.0,,31.0,,False,
2025-11-09T17:00:00.000Z,TR,Turkey,TR,418.0,490.0,,30.0,,False,
2025-11-09T18:00:00.000Z,TR,Turkey,TR,429.0,503.0,,29.0,,False,
2025-11-09T19:00:00.000Z,TR,Turkey,TR,435.0,508.0,,28.0,,False,
2025-11-09T20:00:00.000Z,TR,Turkey,TR,445.0,517.0,,28.0,,False,
2025-11-09T21:00:00.000Z,TR,Turkey,TR,460.0,534.0,,26.0,,False,
2025-11-09T22:00:00.000Z,TR,Turkey,TR,478.0,553.0,,23.0,,False,
2025-11-09T23:00:00.000Z,TR,Turkey,TR,495.0,570.0,,21.0,,False,
2025-11-10T00:00:00.000Z,TR,Turkey,TR,503.0,580.0,,20.0,,False,
2025-11-10T01:00:00.000Z,TR,Turkey,TR,504.0,581.0,,20.0,,False,
2025-11-10T02:00:00.000Z,TR,Turkey,TR,498.0,574.0,,20.0,,False,
2025-11-10T03:00:00.000Z,TR,Turkey,TR,486.0,561.0,,22.0,,False,
2025-11-10T04:00:00.000Z,TR,Turkey,TR,465.0,538.0,,25.0,,False,
2025-11-10T05:00:00.000Z,TR,Turkey,TR,431.0,501.0,,30.0,,False,
2025-11-10T06:00:00.000Z,TR,Turkey,TR,438.0,509.0,,29.0,,False,
2025-11-10T07:00:00.000Z,TR,Turkey,TR,448.0,519.0,,28.0,,False,
2025-11-10T08:00:00.000Z,TR,Turkey,TR,455.0,526.0,,27.0,,False,
2025-11-10T09:00:00.000Z,TR,Turkey,TR,462.0,533.0,,27.0,,False,
2025-11-10T10:00:00.000Z,TR,Turkey,TR,458.0,529.0,,27.0,,False,
2025-11-10T11:00:00.000Z,TR,Turkey,TR,445.0,517.0,,27.0,,False,
2025-11-10T12:00:00.000Z,TR,Turkey,TR,436.0,512.0,,26.0,,False,
2025-11-10T13:00:00.000Z,TR,Turkey,TR,412.0,487.0,,29.0,,False,
2025-11-10T14:00:00.000Z,TR,Turkey,TR,388.0,459.0,,33.0,,False,
2025-11-10T15:00:00.000Z,TR,Turkey,TR,388.0,459.0,,33.0,,False,
2025-11-10T16:00:00.000Z,TR,Turkey,TR,399.0,472.0,,31.0,,False,
2025-11-10T17:00:00.000Z,TR,Turkey,TR,401.0,473.0,,31.0,,False,
2025-11-10T18:00:00.000Z,TR,Turkey,TR,407.0,478.0,,31.0,,False,
2025-11-10T19:00:00.000Z,TR,Turkey,TR,406.0,475.0,,33.0,,False,
2025-11-10T20:00:00.000Z,TR,Turkey,TR,410.0,476.0,,34.0,,False,
2025-11-10T21:00:00.000Z,TR,Turkey,TR,426.0,493.0,,32.0,,False,
2025-11-10T22:00:00.000Z,TR,Turkey,TR,437.0,503.0,,31.0,,False,
2025-11-10T23:00:00.000Z,TR,Turkey,TR,446.0,513.0,,31.0,,False,
2025-11-11T00:00:00.000Z,TR,Turkey,TR,450.0,517.0,,30.0,,False,
2025-11-11T01:00:00.000Z,TR,Turkey,TR,455.0,523.0,,29.0,,False,
2025-11-11T02:00:00.000Z,TR,Turkey,TR,450.0,519.0,,29.0,,False,
2025-11-11T03:00:00.000Z,TR,Turkey,TR,446.0,515.0,,29.0,,False,
2025-11-11T04:00:00.000Z,TR,Turkey,TR,435.0,505.0,,30.0,,False,
2025-11-11T05:00:00.000Z,TR,Turkey,TR,403.0,470.0,,34.0,,False,
2025-11-11T06:00:00.000Z,TR,Turkey,TR,394.0,460.0,,36.0,,False,
2025-11-11T07:00:00.000Z,TR,Turkey,TR,406.0,473.0,,34.0,,False,
2025-11-11T08:00:00.000Z,TR,Turkey,TR,412.0,481.0,,33.0,,False,
2025-11-11T09:00:00.000Z,TR,Turkey,TR,435.0,506.0,,29.0,,False,
2025-11-11T10:00:00.000Z,TR,Turkey,TR,431.0,502.0,,29.0,,False,
2025-11-11T11:00:00.000Z,TR,Turkey,TR,420.0,492.0,,29.0,,False,
2025-11-11T12:00:00.000Z,TR,Turkey,TR,414.0,487.0,,29.0,,False,
2025-11-11T13:00:00.000Z,TR,Turkey,TR,397.0,470.0,,31.0,,False,
2025-11-11T14:00:00.000Z,TR,Turkey,TR,379.0,450.0,,34.0,,False,
2025-11-11T15:00:00.000Z,TR,Turkey,TR,383.0,455.0,,33.0,,False,
2025-11-11T16:00:00.000Z,TR,Turkey,TR,395.0,468.0,,31.0,,False,
2025-11-11T17:00:00.000Z,TR,Turkey,TR,406.0,480.0,,29.0,,False,
2025-11-11T18:00:00.000Z,TR,Turkey,TR,417.0,491.0,,28.0,,False,
2025-11-11T19:00:00.000Z,TR,Turkey,TR,420.0,492.0,,29.0,,False,
2025-11-11T20:00:00.000Z,TR,Turkey,TR,427.0,499.0,,29.0,,False,
2025-11-11T21:00:00.000Z,TR,Turkey,TR,447.0,520.0,,26.0,,False,
2025-11-11T22:00:00.000Z,TR,Turkey,TR,464.0,539.0,,24.0,,False,
2025-11-11T23:00:00.000Z,TR,Turkey,TR,475.0,551.0,,22.0,,False,
2025-11-12T00:00:00.000Z,TR,Turkey,TR,484.0,561.0,,21.0,,False,
2025-11-12T01:00:00.000Z,TR,Turkey,TR,491.0,569.0,,20.0,,False,
2025-11-12T02:00:00.000Z,TR,Turkey,TR,491.0,570.0,,19.0,,False,
2025-11-12T03:00:00.000Z,TR,Turkey,TR,479.0,557.0,,21.0,,False,
2025-11-12T04:00:00.000Z,TR,Turkey,TR,460.0,536.0,,24.0,,False,
2025-11-12T05:00:00.000Z,TR,Turkey,TR,423.0,494.0,,30.0,,False,
2025-11-12T06:00:00.000Z,TR,Turkey,TR,427.0,499.0,,29.0,,False,
2025-11-12T07:00:00.000Z,TR,Turkey,TR,446.0,520.0,,26.0,,False,
2025-11-12T08:00:00.000Z,TR,Turkey,TR,458.0,533.0,,25.0,,False,
2025-11-12T09:00:00.000Z,TR,Turkey,TR,471.0,545.0,,24.0,,False,
2025-11-12T10:00:00.000Z,TR,Turkey,TR,464.0,540.0,,24.0,,False,
2025-11-12T11:00:00.000Z,TR,Turkey,TR,450.0,527.0,,24.0,,False,
2025-11-12T12:00:00.000Z,TR,Turkey,TR,442.0,520.0,,24.0,,False,
2025-11-12T13:00:00.000Z,TR,Turkey,TR,419.0,495.0,,27.0,,False,
2025-11-12T14:00:00.000Z,TR,Turkey,TR,392.0,466.0,,31.0,,False,
2025-11-12T15:00:00.000Z,TR,Turkey,TR,392.0,465.0,,32.0,,False,
2025-11-12T16:00:00.000Z,TR,Turkey,TR,403.0,477.0,,30.0,,False,
2025-11-12T17:00:00.000Z,TR,Turkey,TR,412.0,488.0,,28.0,,False,
2025-11-12T18:00:00.000Z,TR,Turkey,TR,420.0,497.0,,27.0,,False,
2025-11-12T19:00:00.000Z,TR,Turkey,TR,425.0,501.0,,27.0,,False,
2025-11-12T20:00:00.000Z,TR,Turkey,TR,429.0,503.0,,27.0,,False,
2025-11-12T21:00:00.000Z,TR,Turkey,TR,458.0,535.0,,23.0,,False,
2025-11-12T22:00:00.000Z,TR,Turkey,TR,474.0,552.0,,21.0,,False,
2025-11-12T23:00:00.000Z,TR,Turkey,TR,486.0,565.0,,20.0,,False,
2025-11-13T00:00:00.000Z,TR,Turkey,TR,491.0,569.0,,20.0,,False,
2025-11-13T01:00:00.000Z,TR,Turkey,TR,493.0,571.0,,19.0,,False,
2025-11-13T02:00:00.000Z,TR,Turkey,TR,490.0,568.0,,20.0,,False,
2025-11-13T03:00:00.000Z,TR,Turkey,TR,483.0,561.0,,20.0,,False,
2025-11-13T04:00:00.000Z,TR,Turkey,TR,466.0,542.0,,22.0,,False,
2025-11-13T05:00:00.000Z,TR,Turkey,TR,431.0,506.0,,27.0,,False,
2025-11-13T06:00:00.000Z,TR,Turkey,TR,427.0,501.0,,28.0,,False,
2025-11-13T07:00:00.000Z,TR,Turkey,TR,438.0,513.0,,26.0,,False,
2025-11-13T08:00:00.000Z,TR,Turkey,TR,439.0,514.0,,26.0,,False,
2025-11-13T09:00:00.000Z,TR,Turkey,TR,452.0,526.0,,26.0,,False,
2025-11-13T10:00:00.000Z,TR,Turkey,TR,451.0,526.0,,25.0,,False,
2025-11-13T11:00:00.000Z,TR,Turkey,TR,444.0,522.0,,24.0,,False,
2025-11-13T12:00:00.000Z,TR,Turkey,TR,435.0,512.0,,24.0,,False,
2025-11-13T13:00:00.000Z,TR,Turkey,TR,408.0,484.0,,28.0,,False,
2025-11-13T14:00:00.000Z,TR,Turkey,TR,383.0,456.0,,33.0,,False,
2025-11-13T15:00:00.000Z,TR,Turkey,TR,385.0,458.0,,32.0,,False,
2025-11-13T16:00:00.000Z,TR,Turkey,TR,397.0,470.0,,30.0,,False,
2025-11-13T17:00:00.000Z,TR,Turkey,TR,405.0,480.0,,29.0,,False,
2025-11-13T18:00:00.000Z,TR,Turkey,TR,414.0,490.0,,28.0,,False,
2025-11-13T19:00:00.000Z,TR,Turkey,TR,415.0,489.0,,29.0,,False,
2025-11-13T20:00:00.000Z,TR,Turkey,TR,426.0,499.0,,28.0,,False,
2025-11-13T21:00:00.000Z,TR,Turkey,TR,445.0,519.0,,26.0,,False,
2025-11-13T22:00:00.000Z,TR,Turkey,TR,459.0,534.0,,24.0,,False,
2025-11-13T23:00:00.000Z,TR,Turkey,TR,471.0,547.0,,23.0,,False,
2025-11-14T00:00:00.000Z,TR,Turkey,TR,472.0,548.0,,23.0,,False,
2025-11-14T01:00:00.000Z,TR,Turkey,TR,476.0,551.0,,22.0,,False,
2025-11-14T02:00:00.000Z,TR,Turkey,TR,475.0,549.0,,23.0,,False,
2025-11-14T03:00:00.000Z,TR,Turkey,TR,469.0,545.0,,23.0,,False,
2025-11-14T04:00:00.000Z,TR,Turkey,TR,457.0,532.0,,24.0,,False,
2025-11-14T05:00:00.000Z,TR,Turkey,TR,421.0,494.0,,29.0,,False,
2025-11-14T06:00:00.000Z,TR,Turkey,TR,422.0,494.0,,29.0,,False,
2025-11-14T07:00:00.000Z,TR,Turkey,TR,436.0,510.0,,27.0,,False,
2025-11-14T08:00:00.000Z,TR,Turkey,TR,442.0,516.0,,27.0,,False,
2025-11-14T09:00:00.000Z,TR,Turkey,TR,444.0,516.0,,28.0,,False,
2025-11-14T10:00:00.000Z,TR,Turkey,TR,444.0,517.0,,27.0,,False,
2025-11-14T11:00:00.000Z,TR,Turkey,TR,435.0,510.0,,27.0,,False,
2025-11-14T12:00:00.000Z,TR,Turkey,TR,426.0,502.0,,27.0,,False,
2025-11-14T13:00:00.000Z,TR,Turkey,TR,401.0,474.0,,30.0,,False,
2025-11-14T14:00:00.000Z,TR,Turkey,TR,376.0,446.0,,35.0,,False,
2025-11-14T15:00:00.000Z,TR,Turkey,TR,377.0,448.0,,35.0,,False,
2025-11-14T16:00:00.000Z,TR,Turkey,TR,389.0,461.0,,33.0,,False,
2025-11-14T17:00:00.000Z,TR,Turkey,TR,395.0,466.0,,32.0,,False,
2025-11-14T18:00:00.000Z,TR,Turkey,TR,403.0,475.0,,31.0,,False,
2025-11-14T19:00:00.000Z,TR,Turkey,TR,404.0,474.0,,32.0,,False,
2025-11-14T20:00:00.000Z,TR,Turkey,TR,413.0,482.0,,32.0,,False,
2025-11-14T21:00:00.000Z,TR,Turkey,TR,427.0,497.0,,30.0,,False,
2025-11-14T22:00:00.000Z,TR,Turkey,TR,443.0,513.0,,28.0,,False,
2025-11-14T23:00:00.000Z,TR,Turkey,TR,457.0,528.0,,27.0,,False,
2025-11-15T00:00:00.000Z,TR,Turkey,TR,463.0,534.0,,26.0,,False,
2025-11-15T01:00:00.000Z,TR,Turkey,TR,465.0,536.0,,26.0,,False,
2025-11-15T02:00:00.000Z,TR,Turkey,TR,466.0,538.0,,26.0,,False,
2025-11-15T03:00:00.000Z,TR,Turkey,TR,463.0,535.0,,26.0,,False,
2025-11-15T04:00:00.000Z,TR,Turkey,TR,451.0,522.0,,28.0,,False,
2025-11-15T05:00:00.000Z,TR,Turkey,TR,439.0,510.0,,28.0,,False,
2025-11-15T06:00:00.000Z,TR,Turkey,TR,438.0,508.0,,29.0,,False,
2025-11-15T07:00:00.000Z,TR,Turkey,TR,447.0,518.0,,28.0,,False,
2025-11-15T08:00:00.000Z,TR,Turkey,TR,449.0,520.0,,28.0,,False,
2025-11-15T09:00:00.000Z,TR,Turkey,TR,450.0,519.0,,29.0,,False,
2025-11-15T10:00:00.000Z,TR,Turkey,TR,447.0,517.0,,29.0,,False,
2025-11-15T11:00:00.000Z,TR,Turkey,TR,440.0,509.0,,30.0,,False,
2025-11-15T12:00:00.000Z,TR,Turkey,TR,441.0,514.0,,27.0,,False,
2025-11-15T13:00:00.000Z,TR,Turkey,TR,429.0,504.0,,27.0,,False,
2025-11-15T14:00:00.000Z,TR,Turkey,TR,399.0,471.0,,32.0,,False,
2025-11-15T15:00:00.000Z,TR,Turkey,TR,379.0,448.0,,36.0,,False,
2025-11-15T16:00:00.000Z,TR,Turkey,TR,388.0,459.0,,34.0,,False,
2025-11-15T17:00:00.000Z,TR,Turkey,TR,396.0,468.0,,32.0,,False,
2025-11-15T18:00:00.000Z,TR,Turkey,TR,407.0,480.0,,30.0,,False,
2025-11-15T19:00:00.000Z,TR,Turkey,TR,415.0,489.0,,29.0,,False,
2025-11-15T20:00:00.000Z,TR,Turkey,TR,430.0,503.0,,28.0,,False,
2025-11-15T21:00:00.000Z,TR,Turkey,TR,444.0,518.0,,27.0,,False,
2025-11-15T22:00:00.000Z,TR,Turkey,TR,458.0,533.0,,25.0,,False,
2025-11-15T23:00:00.000Z,TR,Turkey,TR,475.0,551.0,,23.0,,False,
2025-11-16T00:00:00.000Z,TR,Turkey,TR,486.0,563.0,,21.0,,False,
2025-11-16T01:00:00.000Z,TR,Turkey,TR,492.0,570.0,,20.0,,False,
2025-11-16T02:00:00.000Z,TR,Turkey,TR,497.0,575.0,,19.0,,False,
2025-11-16T03:00:00.000Z,TR,Turkey,TR,491.0,569.0,,20.0,,False,
2025-11-16T04:00:00.000Z,TR,Turkey,TR,488.0,564.0,,22.0,,False,
2025-11-16T05:00:00.000Z,TR,Turkey,TR,476.0,545.0,,28.0,,False,
2025-11-16T06:00:00.000Z,TR,Turkey,TR,459.0,523.0,,33.0,,False,
2025-11-16T07:00:00.000Z,TR,Turkey,TR,422.0,486.0,,37.0,,False,
2025-11-16T08:00:00.000Z,TR,Turkey,TR,405.0,469.0,,39.0,,False,
2025-11-16T09:00:00.000Z,TR,Turkey,TR,409.0,473.0,,39.0,,False,
2025-11-16T10:00:00.000Z,TR,Turkey,TR,403.0,467.0,,39.0,,False,
2025-11-16T11:00:00.000Z,TR,Turkey,TR,417.0,482.0,,37.0,,False,
2025-11-16T12:00:00.000Z,TR,Turkey,TR,432.0,498.0,,34.0,,False,
2025-11-16T13:00:00.000Z,TR,Turkey,TR,439.0,509.0,,30.0,,False,
2025-11-16T14:00:00.000Z,TR,Turkey,TR,404.0,474.0,,33.0,,False,
2025-11-16T15:00:00.000Z,TR,Turkey,TR,381.0,449.0,,37.0,,False,
2025-11-16T16:00:00.000Z,TR,Turkey,TR,384.0,452.0,,36.0,,False,
2025-11-16T17:00:00.000Z,TR,Turkey,TR,394.0,463.0,,34.0,,False,
2025-11-16T18:00:00.000Z,TR,Turkey,TR,402.0,472.0,,33.0,,False,
2025-11-16T19:00:00.000Z,TR,Turkey,TR,399.0,465.0,,35.0,,False,
2025-11-16T20:00:00.000Z,TR,Turkey,TR,408.0,473.0,,35.0,,False,
2025-11-16T21:00:00.000Z,TR,Turkey,TR,414.0,477.0,,36.0,,False,
2025-11-16T22:00:00.000Z,TR,Turkey,TR,423.0,485.0,,36.0,,False,
2025-11-16T23:00:00.000Z,TR,Turkey,TR,435.0,498.0,,35.0,,False,
2025-11-17T00:00:00.000Z,TR,Turkey,TR,441.0,504.0,,34.0,,False,
2025-11-17T01:00:00.000Z,TR,Turkey,TR,440.0,502.0,,34.0,,False,
2025-11-17T02:00:00.000Z,TR,Turkey,TR,440.0,502.0,,34.0,,False,
2025-11-17T03:00:00.000Z,TR,Turkey,TR,431.0,494.0,,35.0,,False,
2025-11-17T04:00:00.000Z,TR,Turkey,TR,409.0,471.0,,37.0,,False,
2025-11-17T05:00:00.000Z,TR,Turkey,TR,370.0,428.0,,43.0,,False,
2025-11-17T06:00:00.000Z,TR,Turkey,TR,378.0,435.0,,43.0,,False,
2025-11-17T07:00:00.000Z,TR,Turkey,TR,387.0,445.0,,42.0,,False,
2025-11-17T08:00:00.000Z,TR,Turkey,TR,375.0,432.0,,44.0,,False,
2025-11-17T09:00:00.000Z,TR,Turkey,TR,359.0,414.0,,47.0,,False,
2025-11-17T10:00:00.000Z,TR,Turkey,TR,351.0,407.0,,47.0,,False,
2025-11-17T11:00:00.000Z,TR,Turkey,TR,350.0,406.0,,47.0,,False,
2025-11-17T12:00:00.000Z,TR,Turkey,TR,353.0,412.0,,44.0,,False,
2025-11-17T13:00:00.000Z,TR,Turkey,TR,355.0,417.0,,42.0,,False,
2025-11-17T14:00:00.000Z,TR,Turkey,TR,335.0,395.0,,44.0,,False,
2025-11-17T15:00:00.000Z,TR,Turkey,TR,332.0,391.0,,45.0,,False,
2025-11-17T16:00:00.000Z,TR,Turkey,TR,342.0,403.0,,44.0,,False,
2025-11-17T17:00:00.000Z,TR,Turkey,TR,348.0,408.0,,43.0,,False,
2025-11-17T18:00:00.000Z,TR,Turkey,TR,351.0,412.0,,43.0,,False,
2025-11-17T19:00:00.000Z,TR,Turkey,TR,340.0,395.0,,48.0,,False,
2025-11-17T20:00:00.000Z,TR,Turkey,TR,344.0,399.0,,48.0,,False,
2025-11-17T21:00:00.000Z,TR,Turkey,TR,351.0,406.0,,47.0,,False,
2025-11-17T22:00:00.000Z,TR,Turkey,TR,359.0,413.0,,46.0,,False,
2025-11-17T23:00:00.000Z,TR,Turkey,TR,364.0,419.0,,45.0,,False,
2025-11-18T00:00:00.000Z,TR,Turkey,TR,365.0,421.0,,45.0,,False,
2025-11-18T01:00:00.000Z,TR,Turkey,TR,372.0,429.0,,44.0,,False,
2025-11-18T02:00:00.000Z,TR,Turkey,TR,382.0,439.0,,42.0,,False,
2025-11-18T03:00:00.000Z,TR,Turkey,TR,394.0,452.0,,41.0,,False,
2025-11-18T04:00:00.000Z,TR,Turkey,TR,377.0,434.0,,43.0,,False,
2025-11-18T05:00:00.000Z,TR,Turkey,TR,351.0,406.0,,47.0,,False,
2025-11-18T06:00:00.000Z,TR,Turkey,TR,365.0,419.0,,46.0,,False,
2025-11-18T07:00:00.000Z,TR,Turkey,TR,360.0,416.0,,46.0,,False,
2025-11-18T08:00:00.000Z,TR,Turkey,TR,349.0,403.0,,48.0,,False,
2025-11-18T09:00:00.000Z,TR,Turkey,TR,338.0,391.0,,50.0,,False,
2025-11-18T10:00:00.000Z,TR,Turkey,TR,361.0,417.0,,46.0,,False,
2025-11-18T11:00:00.000Z,TR,Turkey,TR,380.0,436.0,,43.0,,False,
2025-11-18T12:00:00.000Z,TR,Turkey,TR,380.0,440.0,,41.0,,False,
2025-11-18T13:00:00.000Z,TR,Turkey,TR,377.0,442.0,,38.0,,False,
2025-11-18T14:00:00.000Z,TR,Turkey,TR,356.0,420.0,,40.0,,False,
2025-11-18T15:00:00.000Z,TR,Turkey,TR,356.0,420.0,,40.0,,False,
2025-11-18T16:00:00.000Z,TR,Turkey,TR,363.0,428.0,,39.0,,False,
2025-11-18T17:00:00.000Z,TR,Turkey,TR,369.0,434.0,,38.0,,False,
2025-11-18T18:00:00.000Z,TR,Turkey,TR,368.0,431.0,,40.0,,False,
2025-11-18T19:00:00.000Z,TR,Turkey,TR,359.0,416.0,,44.0,,False,
2025-11-18T20:00:00.000Z,TR,Turkey,TR,367.0,424.0,,44.0,,False,
2025-11-18T21:00:00.000Z,TR,Turkey,TR,374.0,431.0,,43.0,,False,
2025-11-18T22:00:00.000Z,TR,Turkey,TR,387.0,445.0,,42.0,,False,
2025-11-18T23:00:00.000Z,TR,Turkey,TR,397.0,455.0,,40.0,,False,
2025-11-19T00:00:00.000Z,TR,Turkey,TR,403.0,462.0,,39.0,,False,
2025-11-19T01:00:00.000Z,TR,Turkey,TR,413.0,473.0,,38.0,,False,
2025-11-19T02:00:00.000Z,TR,Turkey,TR,418.0,479.0,,37.0,,False,
2025-11-19T03:00:00.000Z,TR,Turkey,TR,413.0,475.0,,36.0,,False,
2025-11-19T04:00:00.000Z,TR,Turkey,TR,393.0,455.0,,38.0,,False,
2025-11-19T05:00:00.000Z,TR,Turkey,TR,364.0,422.0,,44.0,,False,
2025-11-19T06:00:00.000Z,TR,Turkey,TR,373.0,432.0,,43.0,,False,
2025-11-19T07:00:00.000Z,TR,Turkey,TR,393.0,453.0,,40.0,,False,
2025-11-19T08:00:00.000Z,TR,Turkey,TR,399.0,459.0,,40.0,,False,
2025-11-19T09:00:00.000Z,TR,Turkey,TR,416.0,476.0,,38.0,,False,
2025-11-19T10:00:00.000Z,TR,Turkey,TR,416.0,476.0,,38.0,,False,
2025-11-19T11:00:00.000Z,TR,Turkey,TR,401.0,463.0,,38.0,,False,
2025-11-19T12:00:00.000Z,TR,Turkey,TR,399.0,465.0,,35.0,,False,
2025-11-19T13:00:00.000Z,TR,Turkey,TR,379.0,447.0,,36.0,,False,
2025-11-19T14:00:00.000Z,TR,Turkey,TR,359.0,424.0,,39.0,,False,
2025-11-19T15:00:00.000Z,TR,Turkey,TR,363.0,429.0,,38.0,,False,
2025-11-19T16:00:00.000Z,TR,Turkey,TR,374.0,442.0,,36.0,,False,
2025-11-19T17:00:00.000Z,TR,Turkey,TR,383.0,451.0,,35.0,,False,
2025-11-19T18:00:00.000Z,TR,Turkey,TR,381.0,448.0,,36.0,,False,
2025-11-19T19:00:00.000Z,TR,Turkey,TR,376.0,438.0,,40.0,,False,
2025-11-19T20:00:00.000Z,TR,Turkey,TR,378.0,438.0,,41.0,,False,
2025-11-19T21:00:00.000Z,TR,Turkey,TR,390.0,450.0,,40.0,,False,
2025-11-19T22:00:00.000Z,TR,Turkey,TR,402.0,461.0,,39.0,,False,
2025-11-19T23:00:00.000Z,TR,Turkey,TR,413.0,473.0,,38.0,,False,
2025-11-20T00:00:00.000Z,TR,Turkey,TR,420.0,481.0,,37.0,,False,
2025-11-20T01:00:00.000Z,TR,Turkey,TR,423.0,484.0,,37.0,,False,
2025-11-20T02:00:00.000Z,TR,Turkey,TR,420.0,481.0,,37.0,,False,
2025-11-20T03:00:00.000Z,TR,Turkey,TR,419.0,482.0,,35.0,,False,
2025-11-20T04:00:00.000Z,TR,Turkey,TR,401.0,463.0,,38.0,,False,
2025-11-20T05:00:00.000Z,TR,Turkey,TR,374.0,433.0,,42.0,,False,
2025-11-20T06:00:00.000Z,TR,Turkey,TR,381.0,440.0,,42.0,,False,
2025-11-20T07:00:00.000Z,TR,Turkey,TR,396.0,454.0,,41.0,,False,
2025-11-20T08:00:00.000Z,TR,Turkey,TR,381.0,438.0,,43.0,,False,
2025-11-20T09:00:00.000Z,TR,Turkey,TR,360.0,416.0,,46.0,,False,
2025-11-20T10:00:00.000Z,TR,Turkey,TR,357.0,412.0,,47.0,,False,
2025-11-20T11:00:00.000Z,TR,Turkey,TR,370.0,426.0,,44.0,,False,
2025-11-20T12:00:00.000Z,TR,Turkey,TR,376.0,435.0,,42.0,,False,
2025-11-20T13:00:00.000Z,TR,Turkey,TR,378.0,442.0,,38.0,,False,
2025-11-20T14:00:00.000Z,TR,Turkey,TR,359.0,423.0,,40.0,,False,
2025-11-20T15:00:00.000Z,TR,Turkey,TR,357.0,421.0,,40.0,,False,
2025-11-20T16:00:00.000Z,TR,Turkey,TR,369.0,435.0,,38.0,,False,
2025-11-20T17:00:00.000Z,TR,Turkey,TR,373.0,439.0,,38.0,,False,
2025-11-20T18:00:00.000Z,TR,Turkey,TR,379.0,444.0,,37.0,,False,
2025-11-20T19:00:00.000Z,TR,Turkey,TR,368.0,428.0,,42.0,,False,
2025-11-20T20:00:00.000Z,TR,Turkey,TR,370.0,428.0,,43.0,,False,
2025-11-20T21:00:00.000Z,TR,Turkey,TR,381.0,439.0,,42.0,,False,
2025-11-20T22:00:00.000Z,TR,Turkey,TR,392.0,450.0,,41.0,,False,
2025-11-20T23:00:00.000Z,TR,Turkey,TR,398.0,456.0,,41.0,,False,
2025-11-21T00:00:00.000Z,TR,Turkey,TR,404.0,461.0,,40.0,,False,
2025-11-21T01:00:00.000Z,TR,Turkey,TR,407.0,465.0,,40.0,,False,
2025-11-21T02:00:00.000Z,TR,Turkey,TR,407.0,465.0,,39.0,,False,
2025-11-21T03:00:00.000Z,TR,Turkey,TR,400.0,459.0,,39.0,,False,
2025-11-21T04:00:00.000Z,TR,Turkey,TR,379.0,436.0,,42.0,,False,
2025-11-21T05:00:00.000Z,TR,Turkey,TR,351.0,406.0,,47.0,,False,
2025-11-21T06:00:00.000Z,TR,Turkey,TR,358.0,413.0,,46.0,,False,
2025-11-21T07:00:00.000Z,TR,Turkey,TR,378.0,434.0,,44.0,,False,
2025-11-21T08:00:00.000Z,TR,Turkey,TR,364.0,420.0,,45.0,,False,
2025-11-21T09:00:00.000Z,TR,Turkey,TR,346.0,402.0,,48.0,,False,
2025-11-21T10:00:00.000Z,TR,Turkey,TR,345.0,401.0,,47.0,,False,
2025-11-21T11:00:00.000Z,TR,Turkey,TR,378.0,435.0,,43.0,,False,
2025-11-21T12:00:00.000Z,TR,Turkey,TR,386.0,448.0,,39.0,,False,
2025-11-21T13:00:00.000Z,TR,Turkey,TR,371.0,436.0,,39.0,,False,
2025-11-21T14:00:00.000Z,TR,Turkey,TR,349.0,412.0,,42.0,,False,
2025-11-21T15:00:00.000Z,TR,Turkey,TR,353.0,416.0,,41.0,,False,
2025-11-21T16:00:00.000Z,TR,Turkey,TR,364.0,429.0,,39.0,,False,
2025-11-21T17:00:00.000Z,TR,Turkey,TR,374.0,440.0,,38.0,,False,
2025-11-21T18:00:00.000Z,TR,Turkey,TR,381.0,448.0,,37.0,,False,
2025-11-21T19:00:00.000Z,TR,Turkey,TR,378.0,441.0,,39.0,,False,
2025-11-21T20:00:00.000Z,TR,Turkey,TR,377.0,437.0,,41.0,,False,
2025-11-21T21:00:00.000Z,TR,Turkey,TR,385.0,444.0,,41.0,,False,
2025-11-21T22:00:00.000Z,TR,Turkey,TR,395.0,452.0,,41.0,,False,
2025-11-21T23:00:00.000Z,TR,Turkey,TR,401.0,458.0,,41.0,,False,
2025-11-22T00:00:00.000Z,TR,Turkey,TR,408.0,464.0,,40.0,,False,
2025-11-22T01:00:00.000Z,TR,Turkey,TR,414.0,471.0,,39.0,,False,
2025-11-22T02:00:00.000Z,TR,Turkey,TR,420.0,479.0,,38.0,,False,
2025-11-22T03:00:00.000Z,TR,Turkey,TR,415.0,474.0,,38.0,,False,
2025-11-22T04:00:00.000Z,TR,Turkey,TR,394.0,451.0,,42.0,,False,
2025-11-22T05:00:00.000Z,TR,Turkey,TR,380.0,435.0,,44.0,,False,
2025-11-22T06:00:00.000Z,TR,Turkey,TR,385.0,442.0,,43.0,,False,
2025-11-22T07:00:00.000Z,TR,Turkey,TR,385.0,441.0,,43.0,,False,
2025-11-22T08:00:00.000Z,TR,Turkey,TR,376.0,430.0,,46.0,,False,
2025-11-22T09:00:00.000Z,TR,Turkey,TR,354.0,408.0,,48.0,,False,
2025-11-22T10:00:00.000Z,TR,Turkey,TR,359.0,413.0,,47.0,,False,
2025-11-22T11:00:00.000Z,TR,Turkey,TR,375.0,431.0,,44.0,,False,
2025-11-22T12:00:00.000Z,TR,Turkey,TR,381.0,440.0,,42.0,,False,
2025-11-22T13:00:00.000Z,TR,Turkey,TR,374.0,435.0,,41.0,,False,
2025-11-22T14:00:00.000Z,TR,Turkey,TR,359.0,420.0,,42.0,,False,
2025-11-22T15:00:00.000Z,TR,Turkey,TR,357.0,420.0,,42.0,,False,
2025-11-22T16:00:00.000Z,TR,Turkey,TR,366.0,429.0,,40.0,,False,
2025-11-22T17:00:00.000Z,TR,Turkey,TR,374.0,438.0,,39.0,,False,
2025-11-22T18:00:00.000Z,TR,Turkey,TR,380.0,444.0,,38.0,,False,
2025-11-22T19:00:00.000Z,TR,Turkey,TR,374.0,434.0,,41.0,,False,
2025-11-22T20:00:00.000Z,TR,Turkey,TR,380.0,438.0,,42.0,,False,
2025-11-22T21:00:00.000Z,TR,Turkey,TR,397.0,457.0,,39.0,,False,
2025-11-22T22:00:00.000Z,TR,Turkey,TR,404.0,462.0,,40.0,,False,
2025-11-22T23:00:00.000Z,TR,Turkey,TR,411.0,468.0,,40.0,,False,
2025-11-23T00:00:00.000Z,TR,Turkey,TR,419.0,477.0,,39.0,,False,
2025-11-23T01:00:00.000Z,TR,Turkey,TR,421.0,481.0,,38.0,,False,
2025-11-23T02:00:00.000Z,TR,Turkey,TR,426.0,485.0,,37.0,,False,
2025-11-23T03:00:00.000Z,TR,Turkey,TR,426.0,485.0,,37.0,,False,
2025-11-23T04:00:00.000Z,TR,Turkey,TR,423.0,481.0,,38.0,,False,
2025-11-23T05:00:00.000Z,TR,Turkey,TR,357.0,411.0,,48.0,,False,
2025-11-23T06:00:00.000Z,TR,Turkey,TR,330.0,383.0,,51.0,,False,
2025-11-23T07:00:00.000Z,TR,Turkey,TR,326.0,379.0,,52.0,,False,
2025-11-23T08:00:00.000Z,TR,Turkey,TR,332.0,386.0,,51.0,,False,
2025-11-23T09:00:00.000Z,TR,Turkey,TR,344.0,399.0,,49.0,,False,
2025-11-23T10:00:00.000Z,TR,Turkey,TR,331.0,385.0,,51.0,,False,
2025-11-23T11:00:00.000Z,TR,Turkey,TR,333.0,386.0,,51.0,,False,
2025-11-23T12:00:00.000Z,TR,Turkey,TR,331.0,385.0,,50.0,,False,
2025-11-23T13:00:00.000Z,TR,Turkey,TR,360.0,416.0,,45.0,,False,
2025-11-23T14:00:00.000Z,TR,Turkey,TR,355.0,414.0,,44.0,,False,
2025-11-23T15:00:00.000Z,TR,Turkey,TR,350.0,408.0,,45.0,,False,
2025-11-23T16:00:00.000Z,TR,Turkey,TR,363.0,423.0,,43.0,,False,
2025-11-23T17:00:00.000Z,TR,Turkey,TR,374.0,435.0,,41.0,,False,
2025-11-23T18:00:00.000Z,TR,Turkey,TR,385.0,447.0,,39.0,,False,
2025-11-23T19:00:00.000Z,TR,Turkey,TR,389.0,451.0,,39.0,,False,
2025-11-23T20:00:00.000Z,TR,Turkey,TR,400.0,461.0,,39.0,,False,
2025-11-23T21:00:00.000Z,TR,Turkey,TR,415.0,478.0,,37.0,,False,
2025-11-23T22:00:00.000Z,TR,Turkey,TR,433.0,498.0,,34.0,,False,
2025-11-23T23:00:00.000Z,TR,Turkey,TR,453.0,519.0,,31.0,,False,
2025-11-24T00:00:00.000Z,TR,Turkey,TR,464.0,532.0,,29.0,,False,
2025-11-24T01:00:00.000Z,TR,Turkey,TR,467.0,535.0,,28.0,,False,
2025-11-24T02:00:00.000Z,TR,Turkey,TR,472.0,542.0,,26.0,,False,
2025-11-24T03:00:00.000Z,TR,Turkey,TR,477.0,552.0,,22.0,,False,
2025-11-24T04:00:00.000Z,TR,Turkey,TR,455.0,532.0,,24.0,,False,
2025-11-24T05:00:00.000Z,TR,Turkey,TR,402.0,473.0,,32.0,,False,
2025-11-24T06:00:00.000Z,TR,Turkey,TR,396.0,466.0,,33.0,,False,
2025-11-24T07:00:00.000Z,TR,Turkey,TR,417.0,489.0,,30.0,,False,
2025-11-24T08:00:00.000Z,TR,Turkey,TR,416.0,486.0,,31.0,,False,
2025-11-24T09:00:00.000Z,TR,Turkey,TR,419.0,487.0,,33.0,,False,
2025-11-24T10:00:00.000Z,TR,Turkey,TR,420.0,491.0,,31.0,,False,
2025-11-24T11:00:00.000Z,TR,Turkey,TR,413.0,486.0,,30.0,,False,
2025-11-24T12:00:00.000Z,TR,Turkey,TR,405.0,478.0,,30.0,,False,
2025-11-24T13:00:00.000Z,TR,Turkey,TR,383.0,455.0,,33.0,,False,
2025-11-24T14:00:00.000Z,TR,Turkey,TR,362.0,432.0,,37.0,,False,
2025-11-24T15:00:00.000Z,TR,Turkey,TR,362.0,432.0,,37.0,,False,
2025-11-24T16:00:00.000Z,TR,Turkey,TR,375.0,447.0,,34.0,,False,
2025-11-24T17:00:00.000Z,TR,Turkey,TR,387.0,460.0,,32.0,,False,
2025-11-24T18:00:00.000Z,TR,Turkey,TR,396.0,470.0,,31.0,,False,
2025-11-24T19:00:00.000Z,TR,Turkey,TR,403.0,476.0,,31.0,,False,
2025-11-24T20:00:00.000Z,TR,Turkey,TR,418.0,492.0,,29.0,,False,
2025-11-24T21:00:00.000Z,TR,Turkey,TR,444.0,522.0,,24.0,,False,
2025-11-24T22:00:00.000Z,TR,Turkey,TR,460.0,539.0,,22.0,,False,
2025-11-24T23:00:00.000Z,TR,Turkey,TR,473.0,552.0,,20.0,,False,
2025-11-25T00:00:00.000Z,TR,Turkey,TR,476.0,555.0,,21.0,,False,
2025-11-25T01:00:00.000Z,TR,Turkey,TR,477.0,556.0,,20.0,,False,
2025-11-25T02:00:00.000Z,TR,Turkey,TR,477.0,556.0,,20.0,,False,
2025-11-25T03:00:00.000Z,TR,Turkey,TR,470.0,550.0,,20.0,,False,
2025-11-25T04:00:00.000Z,TR,Turkey,TR,439.0,517.0,,25.0,,False,
2025-11-25T05:00:00.000Z,TR,Turkey,TR,400.0,474.0,,31.0,,False,
2025-11-25T06:00:00.000Z,TR,Turkey,TR,391.0,462.0,,34.0,,False,
2025-11-25T07:00:00.000Z,TR,Turkey,TR,411.0,483.0,,31.0,,False,
2025-11-25T08:00:00.000Z,TR,Turkey,TR,427.0,501.0,,28.0,,False,
2025-11-25T09:00:00.000Z,TR,Turkey,TR,440.0,514.0,,27.0,,False,
2025-11-25T10:00:00.000Z,TR,Turkey,TR,438.0,512.0,,27.0,,False,
2025-11-25T11:00:00.000Z,TR,Turkey,TR,433.0,509.0,,26.0,,False,
2025-11-25T12:00:00.000Z,TR,Turkey,TR,414.0,490.0,,28.0,,False,
2025-11-25T13:00:00.000Z,TR,Turkey,TR,384.0,457.0,,32.0,,False,
2025-11-25T14:00:00.000Z,TR,Turkey,TR,359.0,429.0,,37.0,,False,
2025-11-25T15:00:00.000Z,TR,Turkey,TR,363.0,432.0,,36.0,,False,
2025-11-25T16:00:00.000Z,TR,Turkey,TR,375.0,446.0,,34.0,,False,
2025-11-25T17:00:00.000Z,TR,Turkey,TR,383.0,455.0,,33.0,,False,
2025-11-25T18:00:00.000Z,TR,Turkey,TR,386.0,457.0,,33.0,,False,
2025-11-25T19:00:00.000Z,TR,Turkey,TR,380.0,448.0,,36.0,,False,
2025-11-25T20:00:00.000Z,TR,Turkey,TR,386.0,451.0,,37.0,,False,
2025-11-25T21:00:00.000Z,TR,Turkey,TR,397.0,461.0,,37.0,,False,
2025-11-25T22:00:00.000Z,TR,Turkey,TR,411.0,476.0,,35.0,,False,
2025-11-25T23:00:00.000Z,TR,Turkey,TR,417.0,481.0,,35.0,,False,
2025-11-26T00:00:00.000Z,TR,Turkey,TR,423.0,486.0,,35.0,,False,
2025-11-26T01:00:00.000Z,TR,Turkey,TR,426.0,489.0,,35.0,,False,
2025-11-26T02:00:00.000Z,TR,Turkey,TR,425.0,488.0,,34.0,,False,
2025-11-26T03:00:00.000Z,TR,Turkey,TR,420.0,485.0,,34.0,,False,
2025-11-26T04:00:00.000Z,TR,Turkey,TR,399.0,463.0,,36.0,,False,
2025-11-26T05:00:00.000Z,TR,Turkey,TR,365.0,426.0,,41.0,,False,
2025-11-26T06:00:00.000Z,TR,Turkey,TR,366.0,426.0,,42.0,,False,
2025-11-26T07:00:00.000Z,TR,Turkey,TR,383.0,444.0,,40.0,,False,
2025-11-26T08:00:00.000Z,TR,Turkey,TR,387.0,447.0,,40.0,,False,
2025-11-26T09:00:00.000Z,TR,Turkey,TR,385.0,442.0,,42.0,,False,
2025-11-26T10:00:00.000Z,TR,Turkey,TR,386.0,445.0,,42.0,,False,
2025-11-26T11:00:00.000Z,TR,Turkey,TR,385.0,445.0,,40.0,,False,
2025-11-26T12:00:00.000Z,TR,Turkey,TR,385.0,450.0,,37.0,,False,
2025-11-26T13:00:00.000Z,TR,Turkey,TR,376.0,443.0,,36.0,,False,
2025-11-26T14:00:00.000Z,TR,Turkey,TR,352.0,416.0,,40.0,,False,
2025-11-26T15:00:00.000Z,TR,Turkey,TR,358.0,424.0,,39.0,,False,
2025-11-26T16:00:00.000Z,TR,Turkey,TR,364.0,430.0,,38.0,,False,
2025-11-26T17:00:00.000Z,TR,Turkey,TR,368.0,435.0,,38.0,,False,
2025-11-26T18:00:00.000Z,TR,Turkey,TR,373.0,439.0,,37.0,,False,
2025-11-26T19:00:00.000Z,TR,Turkey,TR,369.0,431.0,,40.0,,False,
2025-11-26T20:00:00.000Z,TR,Turkey,TR,378.0,440.0,,40.0,,False,
2025-11-26T21:00:00.000Z,TR,Turkey,TR,389.0,451.0,,39.0,,False,
2025-11-26T22:00:00.000Z,TR,Turkey,TR,404.0,467.0,,37.0,,False,
2025-11-26T23:00:00.000Z,TR,Turkey,TR,414.0,478.0,,35.0,,False,
2025-11-27T00:00:00.000Z,TR,Turkey,TR,420.0,482.0,,35.0,,False,
2025-11-27T01:00:00.000Z,TR,Turkey,TR,423.0,486.0,,35.0,,False,
2025-11-27T02:00:00.000Z,TR,Turkey,TR,424.0,487.0,,34.0,,False,
2025-11-27T03:00:00.000Z,TR,Turkey,TR,418.0,483.0,,34.0,,False,
2025-11-27T04:00:00.000Z,TR,Turkey,TR,397.0,460.0,,37.0,,False,
2025-11-27T05:00:00.000Z,TR,Turkey,TR,365.0,424.0,,43.0,,False,
2025-11-27T06:00:00.000Z,TR,Turkey,TR,367.0,427.0,,42.0,,False,
2025-11-27T07:00:00.000Z,TR,Turkey,TR,388.0,448.0,,40.0,,False,
2025-11-27T08:00:00.000Z,TR,Turkey,TR,388.0,446.0,,41.0,,False,
2025-11-27T09:00:00.000Z,TR,Turkey,TR,370.0,428.0,,44.0,,False,
2025-11-27T10:00:00.000Z,TR,Turkey,TR,383.0,441.0,,42.0,,False,
2025-11-27T11:00:00.000Z,TR,Turkey,TR,390.0,450.0,,40.0,,False,
2025-11-27T12:00:00.000Z,TR,Turkey,TR,388.0,453.0,,37.0,,False,
2025-11-27T13:00:00.000Z,TR,Turkey,TR,373.0,441.0,,37.0,,False,
2025-11-27T14:00:00.000Z,TR,Turkey,TR,350.0,415.0,,40.0,,False,
2025-11-27T15:00:00.000Z,TR,Turkey,TR,354.0,420.0,,40.0,,False,
2025-11-27T16:00:00.000Z,TR,Turkey,TR,369.0,437.0,,37.0,,False,
2025-11-27T17:00:00.000Z,TR,Turkey,TR,378.0,447.0,,35.0,,False,
2025-11-27T18:00:00.000Z,TR,Turkey,TR,383.0,452.0,,35.0,,False,
2025-11-27T19:00:00.000Z,TR,Turkey,TR,383.0,449.0,,36.0,,False,
2025-11-27T20:00:00.000Z,TR,Turkey,TR,390.0,456.0,,36.0,,False,
2025-11-27T21:00:00.000Z,TR,Turkey,TR,409.0,475.0,,34.0,,False,
2025-11-27T22:00:00.000Z,TR,Turkey,TR,428.0,496.0,,32.0,,False,
2025-11-27T23:00:00.000Z,TR,Turkey,TR,440.0,509.0,,30.0,,False,
2025-11-28T00:00:00.000Z,TR,Turkey,TR,450.0,519.0,,29.0,,False,
2025-11-28T01:00:00.000Z,TR,Turkey,TR,456.0,526.0,,28.0,,False,
2025-11-28T02:00:00.000Z,TR,Turkey,TR,457.0,528.0,,27.0,,False,
2025-11-28T03:00:00.000Z,TR,Turkey,TR,454.0,526.0,,26.0,,False,
2025-11-28T04:00:00.000Z,TR,Turkey,TR,431.0,502.0,,29.0,,False,
2025-11-28T05:00:00.000Z,TR,Turkey,TR,402.0,471.0,,33.0,,False,
2025-11-28T06:00:00.000Z,TR,Turkey,TR,410.0,479.0,,32.0,,False,
2025-11-28T07:00:00.000Z,TR,Turkey,TR,432.0,503.0,,29.0,,False,
2025-11-28T08:00:00.000Z,TR,Turkey,TR,437.0,509.0,,29.0,,False,
2025-11-28T09:00:00.000Z,TR,Turkey,TR,444.0,513.0,,30.0,,False,
2025-11-28T10:00:00.000Z,TR,Turkey,TR,437.0,507.0,,30.0,,False,
2025-11-28T11:00:00.000Z,TR,Turkey,TR,424.0,496.0,,30.0,,False,
2025-11-28T12:00:00.000Z,TR,Turkey,TR,420.0,494.0,,28.0,,False,
2025-11-28T13:00:00.000Z,TR,Turkey,TR,393.0,466.0,,32.0,,False,
2025-11-28T14:00:00.000Z,TR,Turkey,TR,366.0,435.0,,36.0,,False,
2025-11-28T15:00:00.000Z,TR,Turkey,TR,370.0,440.0,,36.0,,False,
2025-11-28T16:00:00.000Z,TR,Turkey,TR,381.0,451.0,,34.0,,False,
2025-11-28T17:00:00.000Z,TR,Turkey,TR,386.0,457.0,,33.0,,False,
2025-11-28T18:00:00.000Z,TR,Turkey,TR,394.0,464.0,,33.0,,False,
2025-11-28T19:00:00.000Z,TR,Turkey,TR,396.0,464.0,,34.0,,False,
2025-11-28T20:00:00.000Z,TR,Turkey,TR,403.0,470.0,,34.0,,False,
2025-11-28T21:00:00.000Z,TR,Turkey,TR,417.0,485.0,,33.0,,False,
2025-11-28T22:00:00.000Z,TR,Turkey,TR,426.0,493.0,,32.0,,False,
2025-11-28T23:00:00.000Z,TR,Turkey,TR,439.0,507.0,,31.0,,False,
2025-11-29T00:00:00.000Z,TR,Turkey,TR,438.0,504.0,,32.0,,False,
2025-11-29T01:00:00.000Z,TR,Turkey,TR,441.0,508.0,,31.0,,False,
2025-11-29T02:00:00.000Z,TR,Turkey,TR,448.0,516.0,,29.0,,False,
2025-11-29T03:00:00.000Z,TR,Turkey,TR,448.0,518.0,,28.0,,False,
2025-11-29T04:00:00.000Z,TR,Turkey,TR,439.0,509.0,,29.0,,False,
2025-11-29T05:00:00.000Z,TR,Turkey,TR,415.0,483.0,,33.0,,False,
2025-11-29T06:00:00.000Z,TR,Turkey,TR,411.0,478.0,,34.0,,False,
2025-11-29T07:00:00.000Z,TR,Turkey,TR,419.0,486.0,,33.0,,False,
2025-11-29T08:00:00.000Z,TR,Turkey,TR,412.0,478.0,,34.0,,False,
2025-11-29T09:00:00.000Z,TR,Turkey,TR,416.0,482.0,,34.0,,False,
2025-11-29T10:00:00.000Z,TR,Turkey,TR,411.0,478.0,,34.0,,False,
2025-11-29T11:00:00.000Z,TR,Turkey,TR,396.0,462.0,,36.0,,False,
2025-11-29T12:00:00.000Z,TR,Turkey,TR,388.0,453.0,,37.0,,False,
2025-11-29T13:00:00.000Z,TR,Turkey,TR,382.0,450.0,,36.0,,False,
2025-11-29T14:00:00.000Z,TR,Turkey,TR,364.0,431.0,,38.0,,False,
2025-11-29T15:00:00.000Z,TR,Turkey,TR,357.0,422.0,,40.0,,False,
2025-11-29T16:00:00.000Z,TR,Turkey,TR,367.0,434.0,,38.0,,False,
2025-11-29T17:00:00.000Z,TR,Turkey,TR,377.0,445.0,,36.0,,False,
2025-11-29T18:00:00.000Z,TR,Turkey,TR,386.0,455.0,,35.0,,False,
2025-11-29T19:00:00.000Z,TR,Turkey,TR,390.0,458.0,,35.0,,False,
2025-11-29T20:00:00.000Z,TR,Turkey,TR,399.0,466.0,,35.0,,False,
2025-11-29T21:00:00.000Z,TR,Turkey,TR,417.0,486.0,,32.0,,False,
2025-11-29T22:00:00.000Z,TR,Turkey,TR,435.0,506.0,,30.0,,False,
2025-11-29T23:00:00.000Z,TR,Turkey,TR,453.0,525.0,,27.0,,False,
2025-11-30T00:00:00.000Z,TR,Turkey,TR,461.0,532.0,,27.0,,False,
2025-11-30T01:00:00.000Z,TR,Turkey,TR,469.0,541.0,,25.0,,False,
2025-11-30T02:00:00.000Z,TR,Turkey,TR,470.0,542.0,,25.0,,False,
2025-11-30T03:00:00.000Z,TR,Turkey,TR,474.0,546.0,,25.0,,False,
2025-11-30T04:00:00.000Z,TR,Turkey,TR,473.0,545.0,,26.0,,False,
2025-11-30T05:00:00.000Z,TR,Turkey,TR,466.0,535.0,,28.0,,False,
2025-11-30T06:00:00.000Z,TR,Turkey,TR,451.0,519.0,,31.0,,False,
2025-11-30T07:00:00.000Z,TR,Turkey,TR,448.0,516.0,,31.0,,False,
2025-11-30T08:00:00.000Z,TR,Turkey,TR,453.0,521.0,,31.0,,False,
2025-11-30T09:00:00.000Z,TR,Turkey,TR,452.0,520.0,,31.0,,False,
2025-11-30T10:00:00.000Z,TR,Turkey,TR,450.0,519.0,,30.0,,False,
2025-11-30T11:00:00.000Z,TR,Turkey,TR,440.0,509.0,,30.0,,False,
2025-11-30T12:00:00.000Z,TR,Turkey,TR,436.0,506.0,,30.0,,False,
2025-11-30T13:00:00.000Z,TR,Turkey,TR,431.0,505.0,,28.0,,False,
2025-11-30T14:00:00.000Z,TR,Turkey,TR,407.0,479.0,,31.0,,False,
2025-11-30T15:00:00.000Z,TR,Turkey,TR,399.0,472.0,,32.0,,False,
2025-11-30T16:00:00.000Z,TR,Turkey,TR,392.0,464.0,,32.0,,False,
2025-11-30T17:00:00.000Z,TR,Turkey,TR,407.0,481.0,,30.0,,False,
2025-11-30T18:00:00.000Z,TR,Turkey,TR,421.0,497.0,,28.0,,False,
2025-11-30T19:00:00.000Z,TR,Turkey,TR,420.0,494.0,,29.0,,False,
2025-11-30T20:00:00.000Z,TR,Turkey,TR,430.0,502.0,,29.0,,False,
2025-11-30T21:00:00.000Z,TR,Turkey,TR,442.0,513.0,,29.0,,False,
2025-11-30T22:00:00.000Z,TR,Turkey,TR,463.0,536.0,,26.0,,False,
2025-11-30T23:00:00.000Z,TR,Turkey,TR,481.0,556.0,,23.0,,False,
2025-12-01T00:00:00.000Z,TR,Turkey,TR,489.0,563.0,,22.0,,False,
2025-12-01T01:00:00.000Z,TR,Turkey,TR,493.0,569.0,,21.0,,False,
2025-12-01T02:00:00.000Z,TR,Turkey,TR,490.0,566.0,,21.0,,False,
2025-12-01T03:00:00.000Z,TR,Turkey,TR,490.0,570.0,,19.0,,False,
2025-12-01T04:00:00.000Z,TR,Turkey,TR,466.0,546.0,,20.0,,False,
2025-12-01T05:00:00.000Z,TR,Turkey,TR,418.0,494.0,,28.0,,False,
2025-12-01T06:00:00.000Z,TR,Turkey,TR,417.0,494.0,,28.0,,False,
2025-12-01T07:00:00.000Z,TR,Turkey,TR,436.0,515.0,,24.0,,False,
2025-12-01T08:00:00.000Z,TR,Turkey,TR,449.0,528.0,,22.0,,False,
2025-12-01T09:00:00.000Z,TR,Turkey,TR,461.0,540.0,,22.0,,False,
2025-12-01T10:00:00.000Z,TR,Turkey,TR,455.0,534.0,,22.0,,False,
2025-12-01T11:00:00.000Z,TR,Turkey,TR,443.0,523.0,,22.0,,False,
2025-12-01T12:00:00.000Z,TR,Turkey,TR,425.0,505.0,,25.0,,False,
2025-12-01T13:00:00.000Z,TR,Turkey,TR,399.0,475.0,,29.0,,False,
2025-12-01T14:00:00.000Z,TR,Turkey,TR,373.0,445.0,,34.0,,False,
2025-12-01T15:00:00.000Z,TR,Turkey,TR,379.0,452.0,,33.0,,False,
2025-12-01T16:00:00.000Z,TR,Turkey,TR,392.0,467.0,,31.0,,False,
2025-12-01T17:00:00.000Z,TR,Turkey,TR,404.0,481.0,,28.0,,False,
2025-12-01T18:00:00.000Z,TR,Turkey,TR,411.0,489.0,,27.0,,False,
2025-12-01T19:00:00.000Z,TR,Turkey,TR,411.0,487.0,,28.0,,False,
2025-12-01T20:00:00.000Z,TR,Turkey,TR,424.0,502.0,,26.0,,False,
2025-12-01T21:00:00.000Z,TR,Turkey,TR,445.0,525.0,,22.0,,False,
2025-12-01T22:00:00.000Z,TR,Turkey,TR,465.0,547.0,,20.0,,False,
2025-12-01T23:00:00.000Z,TR,Turkey,TR,479.0,562.0,,18.0,,False,
2025-12-02T00:00:00.000Z,TR,Turkey,TR,489.0,572.0,,16.0,,False,
2025-12-02T01:00:00.000Z,TR,Turkey,TR,491.0,575.0,,16.0,,False,
2025-12-02T02:00:00.000Z,TR,Turkey,TR,489.0,573.0,,16.0,,False,
2025-12-02T03:00:00.000Z,TR,Turkey,TR,477.0,561.0,,18.0,,False,
2025-12-02T04:00:00.000Z,TR,Turkey,TR,448.0,529.0,,22.0,,False,
2025-12-02T05:00:00.000Z,TR,Turkey,TR,407.0,484.0,,29.0,,False,
2025-12-02T06:00:00.000Z,TR,Turkey,TR,409.0,484.0,,29.0,,False,
2025-12-02T07:00:00.000Z,TR,Turkey,TR,438.0,518.0,,24.0,,False,
2025-12-02T08:00:00.000Z,TR,Turkey,TR,455.0,536.0,,21.0,,False,
2025-12-02T09:00:00.000Z,TR,Turkey,TR,468.0,547.0,,22.0,,False,
2025-12-02T10:00:00.000Z,TR,Turkey,TR,464.0,544.0,,21.0,,False,
2025-12-02T11:00:00.000Z,TR,Turkey,TR,449.0,529.0,,23.0,,False,
2025-12-02T12:00:00.000Z,TR,Turkey,TR,431.0,511.0,,24.0,,False,
2025-12-02T13:00:00.000Z,TR,Turkey,TR,397.0,473.0,,29.0,,False,
2025-12-02T14:00:00.000Z,TR,Turkey,TR,369.0,443.0,,34.0,,False,
2025-12-02T15:00:00.000Z,TR,Turkey,TR,371.0,444.0,,34.0,,False,
2025-12-02T16:00:00.000Z,TR,Turkey,TR,380.0,455.0,,32.0,,False,
2025-12-02T17:00:00.000Z,TR,Turkey,TR,389.0,464.0,,30.0,,False,
2025-12-02T18:00:00.000Z,TR,Turkey,TR,397.0,474.0,,29.0,,False,
2025-12-02T19:00:00.000Z,TR,Turkey,TR,412.0,490.0,,27.0,,False,
2025-12-02T20:00:00.000Z,TR,Turkey,TR,430.0,510.0,,24.0,,False,
2025-12-02T21:00:00.000Z,TR,Turkey,TR,445.0,525.0,,23.0,,False,
2025-12-02T22:00:00.000Z,TR,Turkey,TR,464.0,545.0,,20.0,,False,
2025-12-02T23:00:00.000Z,TR,Turkey,TR,478.0,561.0,,18.0,,False,
2025-12-03T00:00:00.000Z,TR,Turkey,TR,489.0,574.0,,16.0,,False,
2025-12-03T01:00:00.000Z,TR,Turkey,TR,492.0,577.0,,15.0,,False,
2025-12-03T02:00:00.000Z,TR,Turkey,TR,488.0,572.0,,16.0,,False,
2025-12-03T03:00:00.000Z,TR,Turkey,TR,474.0,557.0,,18.0,,False,
2025-12-03T04:00:00.000Z,TR,Turkey,TR,440.0,520.0,,23.0,,False,
2025-12-03T05:00:00.000Z,TR,Turkey,TR,402.0,477.0,,30.0,,False,
2025-12-03T06:00:00.000Z,TR,Turkey,TR,405.0,480.0,,29.0,,False,
2025-12-03T07:00:00.000Z,TR,Turkey,TR,431.0,509.0,,25.0,,False,
2025-12-03T08:00:00.000Z,TR,Turkey,TR,449.0,528.0,,23.0,,False,
2025-12-03T09:00:00.000Z,TR,Turkey,TR,463.0,541.0,,23.0,,False,
2025-12-03T10:00:00.000Z,TR,Turkey,TR,460.0,538.0,,23.0,,False,
2025-12-03T11:00:00.000Z,TR,Turkey,TR,444.0,523.0,,24.0,,False,
2025-12-03T12:00:00.000Z,TR,Turkey,TR,423.0,501.0,,26.0,,False,
2025-12-03T13:00:00.000Z,TR,Turkey,TR,384.0,457.0,,32.0,,False,
2025-12-03T14:00:00.000Z,TR,Turkey,TR,358.0,428.0,,37.0,,False,
2025-12-03T15:00:00.000Z,TR,Turkey,TR,363.0,435.0,,35.0,,False,
2025-12-03T16:00:00.000Z,TR,Turkey,TR,377.0,450.0,,33.0,,False,
2025-12-03T17:00:00.000Z,TR,Turkey,TR,386.0,461.0,,31.0,,False,
2025-12-03T18:00:00.000Z,TR,Turkey,TR,394.0,470.0,,30.0,,False,
2025-12-03T19:00:00.000Z,TR,Turkey,TR,406.0,483.0,,28.0,,False,
2025-12-03T20:00:00.000Z,TR,Turkey,TR,419.0,495.0,,27.0,,False,
2025-12-03T21:00:00.000Z,TR,Turkey,TR,435.0,513.0,,25.0,,False,
2025-12-03T22:00:00.000Z,TR,Turkey,TR,451.0,530.0,,23.0,,False,
2025-12-03T23:00:00.000Z,TR,Turkey,TR,464.0,543.0,,21.0,,False,
2025-12-04T00:00:00.000Z,TR,Turkey,TR,470.0,549.0,,21.0,,False,
2025-12-04T01:00:00.000Z,TR,Turkey,TR,475.0,554.0,,20.0,,False,
2025-12-04T02:00:00.000Z,TR,Turkey,TR,470.0,549.0,,21.0,,False,
2025-12-04T03:00:00.000Z,TR,Turkey,TR,462.0,541.0,,21.0,,False,
2025-12-04T04:00:00.000Z,TR,Turkey,TR,441.0,519.0,,24.0,,False,
2025-12-04T05:00:00.000Z,TR,Turkey,TR,402.0,477.0,,30.0,,False,
2025-12-04T06:00:00.000Z,TR,Turkey,TR,401.0,475.0,,30.0,,False,
2025-12-04T07:00:00.000Z,TR,Turkey,TR,416.0,493.0,,27.0,,False,
2025-12-04T08:00:00.000Z,TR,Turkey,TR,430.0,508.0,,25.0,,False,
2025-12-04T09:00:00.000Z,TR,Turkey,TR,441.0,518.0,,24.0,,False,
2025-12-04T10:00:00.000Z,TR,Turkey,TR,440.0,518.0,,24.0,,False,
2025-12-04T11:00:00.000Z,TR,Turkey,TR,418.0,494.0,,27.0,,False,
2025-12-04T12:00:00.000Z,TR,Turkey,TR,398.0,472.0,,30.0,,False,
2025-12-04T13:00:00.000Z,TR,Turkey,TR,372.0,444.0,,34.0,,False,
2025-12-04T14:00:00.000Z,TR,Turkey,TR,353.0,422.0,,38.0,,False,
2025-12-04T15:00:00.000Z,TR,Turkey,TR,359.0,429.0,,36.0,,False,
2025-12-04T16:00:00.000Z,TR,Turkey,TR,370.0,441.0,,35.0,,False,
2025-12-04T17:00:00.000Z,TR,Turkey,TR,377.0,449.0,,33.0,,False,
2025-12-04T18:00:00.000Z,TR,Turkey,TR,381.0,453.0,,33.0,,False,
2025-12-04T19:00:00.000Z,TR,Turkey,TR,376.0,444.0,,36.0,,False,
2025-12-04T20:00:00.000Z,TR,Turkey,TR,390.0,459.0,,35.0,,False,
2025-12-04T21:00:00.000Z,TR,Turkey,TR,405.0,474.0,,33.0,,False,
2025-12-04T22:00:00.000Z,TR,Turkey,TR,425.0,495.0,,30.0,,False,
2025-12-04T23:00:00.000Z,TR,Turkey,TR,433.0,502.0,,30.0,,False,
2025-12-05T00:00:00.000Z,TR,Turkey,TR,427.0,495.0,,32.0,,False,
2025-12-05T01:00:00.000Z,TR,Turkey,TR,427.0,495.0,,31.0,,False,
2025-12-05T02:00:00.000Z,TR,Turkey,TR,430.0,498.0,,31.0,,False,
2025-12-05T03:00:00.000Z,TR,Turkey,TR,425.0,493.0,,31.0,,False,
2025-12-05T04:00:00.000Z,TR,Turkey,TR,402.0,469.0,,34.0,,False,
2025-12-05T05:00:00.000Z,TR,Turkey,TR,365.0,430.0,,39.0,,False,
2025-12-05T06:00:00.000Z,TR,Turkey,TR,354.0,416.0,,42.0,,False,
2025-12-05T07:00:00.000Z,TR,Turkey,TR,367.0,431.0,,39.0,,False,
2025-12-05T08:00:00.000Z,TR,Turkey,TR,371.0,434.0,,39.0,,False,
2025-12-05T09:00:00.000Z,TR,Turkey,TR,386.0,450.0,,37.0,,False,
2025-12-05T10:00:00.000Z,TR,Turkey,TR,386.0,450.0,,37.0,,False,
2025-12-05T11:00:00.000Z,TR,Turkey,TR,362.0,426.0,,40.0,,False,
2025-12-05T12:00:00.000Z,TR,Turkey,TR,348.0,411.0,,42.0,,False,
2025-12-05T13:00:00.000Z,TR,Turkey,TR,339.0,401.0,,42.0,,False,
2025-12-05T14:00:00.000Z,TR,Turkey,TR,321.0,381.0,,46.0,,False,
2025-12-05T15:00:00.000Z,TR,Turkey,TR,330.0,392.0,,44.0,,False,
2025-12-05T16:00:00.000Z,TR,Turkey,TR,336.0,398.0,,43.0,,False,
2025-12-05T17:00:00.000Z,TR,Turkey,TR,339.0,400.0,,44.0,,False,
2025-12-05T18:00:00.000Z,TR,Turkey,TR,347.0,409.0,,43.0,,False,
2025-12-05T19:00:00.000Z,TR,Turkey,TR,338.0,396.0,,46.0,,False,
2025-12-05T20:00:00.000Z,TR,Turkey,TR,348.0,404.0,,46.0,,False,
2025-12-05T21:00:00.000Z,TR,Turkey,TR,362.0,420.0,,44.0,,False,
2025-12-05T22:00:00.000Z,TR,Turkey,TR,379.0,437.0,,42.0,,False,
2025-12-05T23:00:00.000Z,TR,Turkey,TR,391.0,451.0,,40.0,,False,
2025-12-06T00:00:00.000Z,TR,Turkey,TR,403.0,463.0,,38.0,,False,
2025-12-06T01:00:00.000Z,TR,Turkey,TR,412.0,474.0,,37.0,,False,
2025-12-06T02:00:00.000Z,TR,Turkey,TR,417.0,480.0,,35.0,,False,
2025-12-06T03:00:00.000Z,TR,Turkey,TR,420.0,487.0,,33.0,,False,
2025-12-06T04:00:00.000Z,TR,Turkey,TR,412.0,479.0,,33.0,,False,
2025-12-06T05:00:00.000Z,TR,Turkey,TR,397.0,465.0,,34.0,,False,
2025-12-06T06:00:00.000Z,TR,Turkey,TR,382.0,449.0,,36.0,,False,
2025-12-06T07:00:00.000Z,TR,Turkey,TR,368.0,434.0,,38.0,,False,
2025-12-06T08:00:00.000Z,TR,Turkey,TR,361.0,426.0,,40.0,,False,
2025-12-06T09:00:00.000Z,TR,Turkey,TR,372.0,438.0,,38.0,,False,
2025-12-06T10:00:00.000Z,TR,Turkey,TR,370.0,436.0,,38.0,,False,
2025-12-06T11:00:00.000Z,TR,Turkey,TR,364.0,429.0,,39.0,,False,
2025-12-06T12:00:00.000Z,TR,Turkey,TR,365.0,431.0,,39.0,,False,
2025-12-06T13:00:00.000Z,TR,Turkey,TR,362.0,428.0,,39.0,,False,
2025-12-06T14:00:00.000Z,TR,Turkey,TR,346.0,411.0,,41.0,,False,
2025-12-06T15:00:00.000Z,TR,Turkey,TR,343.0,407.0,,42.0,,False,
2025-12-06T16:00:00.000Z,TR,Turkey,TR,351.0,417.0,,40.0,,False,
2025-12-06T17:00:00.000Z,TR,Turkey,TR,353.0,417.0,,41.0,,False,
2025-12-06T18:00:00.000Z,TR,Turkey,TR,359.0,424.0,,40.0,,False,
2025-12-06T19:00:00.000Z,TR,Turkey,TR,361.0,424.0,,41.0,,False,
2025-12-06T20:00:00.000Z,TR,Turkey,TR,365.0,428.0,,41.0,,False,
2025-12-06T21:00:00.000Z,TR,Turkey,TR,378.0,439.0,,41.0,,False,
2025-12-06T22:00:00.000Z,TR,Turkey,TR,396.0,458.0,,38.0,,False,
2025-12-06T23:00:00.000Z,TR,Turkey,TR,403.0,465.0,,38.0,,False,
2025-12-07T00:00:00.000Z,TR,Turkey,TR,412.0,474.0,,37.0,,False,
2025-12-07T01:00:00.000Z,TR,Turkey,TR,419.0,482.0,,36.0,,False,
2025-12-07T02:00:00.000Z,TR,Turkey,TR,419.0,483.0,,35.0,,False,
2025-12-07T03:00:00.000Z,TR,Turkey,TR,426.0,490.0,,34.0,,False,
2025-12-07T04:00:00.000Z,TR,Turkey,TR,422.0,487.0,,34.0,,False,
2025-12-07T05:00:00.000Z,TR,Turkey,TR,416.0,480.0,,36.0,,False,
2025-12-07T06:00:00.000Z,TR,Turkey,TR,409.0,471.0,,37.0,,False,
2025-12-07T07:00:00.000Z,TR,Turkey,TR,408.0,470.0,,37.0,,False,
2025-12-07T08:00:00.000Z,TR,Turkey,TR,412.0,475.0,,36.0,,False,
2025-12-07T09:00:00.000Z,TR,Turkey,TR,419.0,483.0,,35.0,,False,
2025-12-07T10:00:00.000Z,TR,Turkey,TR,412.0,478.0,,35.0,,False,
2025-12-07T11:00:00.000Z,TR,Turkey,TR,396.0,460.0,,37.0,,False,
2025-12-07T12:00:00.000Z,TR,Turkey,TR,394.0,459.0,,37.0,,False,
2025-12-07T13:00:00.000Z,TR,Turkey,TR,385.0,451.0,,37.0,,False,
2025-12-07T14:00:00.000Z,TR,Turkey,TR,369.0,435.0,,38.0,,False,
2025-12-07T15:00:00.000Z,TR,Turkey,TR,360.0,425.0,,40.0,,False,
2025-12-07T16:00:00.000Z,TR,Turkey,TR,363.0,428.0,,40.0,,False,
2025-12-07T17:00:00.000Z,TR,Turkey,TR,372.0,437.0,,39.0,,False,
2025-12-07T18:00:00.000Z,TR,Turkey,TR,375.0,439.0,,39.0,,False,
2025-12-07T19:00:00.000Z,TR,Turkey,TR,375.0,438.0,,40.0,,False,
2025-12-07T20:00:00.000Z,TR,Turkey,TR,386.0,449.0,,39.0,,False,
2025-12-07T21:00:00.000Z,TR,Turkey,TR,402.0,466.0,,37.0,,False,
2025-12-07T22:00:00.000Z,TR,Turkey,TR,422.0,490.0,,33.0,,False,
2025-12-07T23:00:00.000Z,TR,Turkey,TR,434.0,501.0,,32.0,,False,
2025-12-08T00:00:00.000Z,TR,Turkey,TR,441.0,508.0,,31.0,,False,
2025-12-08T01:00:00.000Z,TR,Turkey,TR,443.0,511.0,,31.0,,False,
2025-12-08T02:00:00.000Z,TR,Turkey,TR,441.0,509.0,,30.0,,False,
2025-12-08T03:00:00.000Z,TR,Turkey,TR,436.0,506.0,,30.0,,False,
2025-12-08T04:00:00.000Z,TR,Turkey,TR,422.0,494.0,,29.0,,False,
2025-12-08T05:00:00.000Z,TR,Turkey,TR,379.0,448.0,,35.0,,False,
2025-12-08T06:00:00.000Z,TR,Turkey,TR,362.0,429.0,,38.0,,False,
2025-12-08T07:00:00.000Z,TR,Turkey,TR,368.0,436.0,,37.0,,False,
2025-12-08T08:00:00.000Z,TR,Turkey,TR,374.0,443.0,,36.0,,False,
2025-12-08T09:00:00.000Z,TR,Turkey,TR,397.0,469.0,,31.0,,False,
2025-12-08T10:00:00.000Z,TR,Turkey,TR,388.0,459.0,,33.0,,False,
2025-12-08T11:00:00.000Z,TR,Turkey,TR,371.0,441.0,,36.0,,False,
2025-12-08T12:00:00.000Z,TR,Turkey,TR,363.0,431.0,,37.0,,False,
2025-12-08T13:00:00.000Z,TR,Turkey,TR,347.0,414.0,,39.0,,False,
2025-12-08T14:00:00.000Z,TR,Turkey,TR,332.0,397.0,,42.0,,False,
2025-12-08T15:00:00.000Z,TR,Turkey,TR,342.0,407.0,,40.0,,False,
2025-12-08T16:00:00.000Z,TR,Turkey,TR,348.0,414.0,,40.0,,False,
2025-12-08T17:00:00.000Z,TR,Turkey,TR,350.0,415.0,,40.0,,False,
2025-12-08T18:00:00.000Z,TR,Turkey,TR,356.0,421.0,,39.0,,False,
2025-12-08T19:00:00.000Z,TR,Turkey,TR,359.0,422.0,,41.0,,False,
2025-12-08T20:00:00.000Z,TR,Turkey,TR,372.0,435.0,,39.0,,False,
2025-12-08T21:00:00.000Z,TR,Turkey,TR,379.0,441.0,,39.0,,False,
2025-12-08T22:00:00.000Z,TR,Turkey,TR,388.0,450.0,,39.0,,False,
2025-12-08T23:00:00.000Z,TR,Turkey,TR,398.0,460.0,,38.0,,False,
2025-12-09T00:00:00.000Z,TR,Turkey,TR,407.0,470.0,,36.0,,False,
2025-12-09T01:00:00.000Z,TR,Turkey,TR,408.0,471.0,,36.0,,False,
2025-12-09T02:00:00.000Z,TR,Turkey,TR,407.0,470.0,,36.0,,False,
2025-12-09T03:00:00.000Z,TR,Turkey,TR,405.0,470.0,,35.0,,False,
2025-12-09T04:00:00.000Z,TR,Turkey,TR,397.0,466.0,,33.0,,False,
2025-12-09T05:00:00.000Z,TR,Turkey,TR,381.0,452.0,,33.0,,False,
2025-12-09T06:00:00.000Z,TR,Turkey,TR,368.0,437.0,,35.0,,False,
2025-12-09T07:00:00.000Z,TR,Turkey,TR,375.0,444.0,,34.0,,False,
2025-12-09T08:00:00.000Z,TR,Turkey,TR,383.0,454.0,,33.0,,False,
2025-12-09T09:00:00.000Z,TR,Turkey,TR,396.0,467.0,,32.0,,False,
2025-12-09T10:00:00.000Z,TR,Turkey,TR,394.0,465.0,,32.0,,False,
2025-12-09T11:00:00.000Z,TR,Turkey,TR,383.0,453.0,,33.0,,False,
2025-12-09T12:00:00.000Z,TR,Turkey,TR,372.0,442.0,,35.0,,False,
2025-12-09T13:00:00.000Z,TR,Turkey,TR,355.0,424.0,,37.0,,False,
2025-12-09T14:00:00.000Z,TR,Turkey,TR,341.0,408.0,,40.0,,False,
2025-12-09T15:00:00.000Z,TR,Turkey,TR,347.0,414.0,,39.0,,False,
2025-12-09T16:00:00.000Z,TR,Turkey,TR,355.0,423.0,,38.0,,False,
2025-12-09T17:00:00.000Z,TR,Turkey,TR,360.0,428.0,,37.0,,False,
2025-12-09T18:00:00.000Z,TR,Turkey,TR,368.0,436.0,,37.0,,False,
2025-12-09T19:00:00.000Z,TR,Turkey,TR,376.0,444.0,,36.0,,False,
2025-12-09T20:00:00.000Z,TR,Turkey,TR,390.0,461.0,,33.0,,False,
2025-12-09T21:00:00.000Z,TR,Turkey,TR,406.0,477.0,,31.0,,False,
2025-12-09T22:00:00.000Z,TR,Turkey,TR,421.0,492.0,,30.0,,False,
2025-12-09T23:00:00.000Z,TR,Turkey,TR,436.0,508.0,,28.0,,False,
2025-12-10T00:00:00.000Z,TR,Turkey,TR,444.0,517.0,,27.0,,False,
2025-12-10T01:00:00.000Z,TR,Turkey,TR,447.0,520.0,,27.0,,False,
2025-12-10T02:00:00.000Z,TR,Turkey,TR,444.0,516.0,,27.0,,False,
2025-12-10T03:00:00.000Z,TR,Turkey,TR,443.0,518.0,,26.0,,False,
2025-12-10T04:00:00.000Z,TR,Turkey,TR,429.0,506.0,,26.0,,False,
2025-12-10T05:00:00.000Z,TR,Turkey,TR,394.0,467.0,,31.0,,False,
2025-12-10T06:00:00.000Z,TR,Turkey,TR,390.0,463.0,,32.0,,False,
2025-12-10T07:00:00.000Z,TR,Turkey,TR,413.0,488.0,,28.0,,False,
2025-12-10T08:00:00.000Z,TR,Turkey,TR,433.0,511.0,,25.0,,False,
2025-12-10T09:00:00.000Z,TR,Turkey,TR,447.0,524.0,,25.0,,False,
2025-12-10T10:00:00.000Z,TR,Turkey,TR,448.0,526.0,,24.0,,False,
2025-12-10T11:00:00.000Z,TR,Turkey,TR,431.0,509.0,,25.0,,False,
2025-12-10T12:00:00.000Z,TR,Turkey,TR,418.0,496.0,,26.0,,False,
2025-12-10T13:00:00.000Z,TR,Turkey,TR,394.0,469.0,,30.0,,False,
2025-12-10T14:00:00.000Z,TR,Turkey,TR,368.0,440.0,,35.0,,False,
2025-12-10T15:00:00.000Z,TR,Turkey,TR,375.0,447.0,,34.0,,False,
2025-12-10T16:00:00.000Z,TR,Turkey,TR,384.0,457.0,,32.0,,False,
2025-12-10T17:00:00.000Z,TR,Turkey,TR,387.0,459.0,,32.0,,False,
2025-12-10T18:00:00.000Z,TR,Turkey,TR,393.0,466.0,,32.0,,False,
2025-12-10T19:00:00.000Z,TR,Turkey,TR,400.0,472.0,,31.0,,False,
2025-12-10T20:00:00.000Z,TR,Turkey,TR,411.0,484.0,,30.0,,False,
2025-12-10T21:00:00.000Z,TR,Turkey,TR,427.0,499.0,,29.0,,False,
2025-12-10T22:00:00.000Z,TR,Turkey,TR,440.0,511.0,,28.0,,False,
2025-12-10T23:00:00.000Z,TR,Turkey,TR,450.0,521.0,,27.0,,False,
2025-12-11T00:00:00.000Z,TR,Turkey,TR,453.0,524.0,,27.0,,False,
2025-12-11T01:00:00.000Z,TR,Turkey,TR,453.0,523.0,,28.0,,False,
2025-12-11T02:00:00.000Z,TR,Turkey,TR,446.0,515.0,,29.0,,False,
2025-12-11T03:00:00.000Z,TR,Turkey,TR,441.0,511.0,,29.0,,False,
2025-12-11T04:00:00.000Z,TR,Turkey,TR,431.0,503.0,,28.0,,False,
2025-12-11T05:00:00.000Z,TR,Turkey,TR,405.0,479.0,,29.0,,False,
2025-12-11T06:00:00.000Z,TR,Turkey,TR,403.0,477.0,,29.0,,False,
2025-12-11T07:00:00.000Z,TR,Turkey,TR,415.0,491.0,,27.0,,False,
2025-12-11T08:00:00.000Z,TR,Turkey,TR,424.0,501.0,,25.0,,False,
2025-12-11T09:00:00.000Z,TR,Turkey,TR,438.0,515.0,,24.0,,False,
2025-12-11T10:00:00.000Z,TR,Turkey,TR,434.0,511.0,,25.0,,False,
2025-12-11T11:00:00.000Z,TR,Turkey,TR,420.0,495.0,,27.0,,False,
2025-12-11T12:00:00.000Z,TR,Turkey,TR,403.0,477.0,,30.0,,False,
2025-12-11T13:00:00.000Z,TR,Turkey,TR,384.0,455.0,,33.0,,False,
2025-12-11T14:00:00.000Z,TR,Turkey,TR,365.0,434.0,,36.0,,False,
2025-12-11T15:00:00.000Z,TR,Turkey,TR,372.0,443.0,,34.0,,False,
2025-12-11T16:00:00.000Z,TR,Turkey,TR,380.0,451.0,,34.0,,False,
2025-12-11T17:00:00.000Z,TR,Turkey,TR,387.0,458.0,,33.0,,False,
2025-12-11T18:00:00.000Z,TR,Turkey,TR,398.0,471.0,,31.0,,False,
2025-12-11T19:00:00.000Z,TR,Turkey,TR,406.0,479.0,,30.0,,False,
2025-12-11T20:00:00.000Z,TR,Turkey,TR,423.0,495.0,,29.0,,False,
2025-12-11T21:00:00.000Z,TR,Turkey,TR,438.0,513.0,,26.0,,False,
2025-12-11T22:00:00.000Z,TR,Turkey,TR,457.0,533.0,,23.0,,False,
2025-12-11T23:00:00.000Z,TR,Turkey,TR,467.0,543.0,,23.0,,False,
2025-12-12T00:00:00.000Z,TR,Turkey,TR,473.0,549.0,,22.0,,False,
2025-12-12T01:00:00.000Z,TR,Turkey,TR,478.0,554.0,,21.0,,False,
2025-12-12T02:00:00.000Z,TR,Turkey,TR,477.0,554.0,,21.0,,False,
2025-12-12T03:00:00.000Z,TR,Turkey,TR,471.0,550.0,,21.0,,False,
2025-12-12T04:00:00.000Z,TR,Turkey,TR,452.0,531.0,,22.0,,False,
2025-12-12T05:00:00.000Z,TR,Turkey,TR,406.0,480.0,,29.0,,False,
2025-12-12T06:00:00.000Z,TR,Turkey,TR,407.0,483.0,,28.0,,False,
2025-12-12T07:00:00.000Z,TR,Turkey,TR,425.0,503.0,,25.0,,False,
2025-12-12T08:00:00.000Z,TR,Turkey,TR,440.0,519.0,,23.0,,False,
2025-12-12T09:00:00.000Z,TR,Turkey,TR,464.0,545.0,,20.0,,False,
2025-12-12T10:00:00.000Z,TR,Turkey,TR,466.0,547.0,,20.0,,False,
2025-12-12T11:00:00.000Z,TR,Turkey,TR,443.0,522.0,,23.0,,False,
2025-12-12T12:00:00.000Z,TR,Turkey,TR,427.0,506.0,,25.0,,False,
2025-12-12T13:00:00.000Z,TR,Turkey,TR,401.0,478.0,,28.0,,False,
2025-12-12T14:00:00.000Z,TR,Turkey,TR,374.0,447.0,,33.0,,False,
2025-12-12T15:00:00.000Z,TR,Turkey,TR,382.0,456.0,,32.0,,False,
2025-12-12T16:00:00.000Z,TR,Turkey,TR,389.0,463.0,,31.0,,False,
2025-12-12T17:00:00.000Z,TR,Turkey,TR,388.0,462.0,,31.0,,False,
2025-12-12T18:00:00.000Z,TR,Turkey,TR,396.0,471.0,,30.0,,False,
2025-12-12T19:00:00.000Z,TR,Turkey,TR,398.0,472.0,,30.0,,False,
2025-12-12T20:00:00.000Z,TR,Turkey,TR,405.0,476.0,,32.0,,False,
2025-12-12T21:00:00.000Z,TR,Turkey,TR,413.0,484.0,,30.0,,False,
2025-12-12T22:00:00.000Z,TR,Turkey,TR,426.0,499.0,,29.0,,False,
2025-12-12T23:00:00.000Z,TR,Turkey,TR,438.0,510.0,,27.0,,False,
2025-12-13T00:00:00.000Z,TR,Turkey,TR,441.0,514.0,,27.0,,False,
2025-12-13T01:00:00.000Z,TR,Turkey,TR,439.0,511.0,,28.0,,False,
2025-12-13T02:00:00.000Z,TR,Turkey,TR,433.0,504.0,,29.0,,False,
2025-12-13T03:00:00.000Z,TR,Turkey,TR,429.0,499.0,,29.0,,False,
2025-12-13T04:00:00.000Z,TR,Turkey,TR,422.0,492.0,,30.0,,False,
2025-12-13T05:00:00.000Z,TR,Turkey,TR,399.0,468.0,,33.0,,False,
2025-12-13T06:00:00.000Z,TR,Turkey,TR,397.0,465.0,,34.0,,False,
2025-12-13T07:00:00.000Z,TR,Turkey,TR,407.0,475.0,,33.0,,False,
2025-12-13T08:00:00.000Z,TR,Turkey,TR,408.0,474.0,,35.0,,False,
2025-12-13T09:00:00.000Z,TR,Turkey,TR,415.0,478.0,,36.0,,False,
2025-12-13T10:00:00.000Z,TR,Turkey,TR,407.0,469.0,,37.0,,False,
2025-12-13T11:00:00.000Z,TR,Turkey,TR,397.0,459.0,,38.0,,False,
2025-12-13T12:00:00.000Z,TR,Turkey,TR,383.0,446.0,,39.0,,False,
2025-12-13T13:00:00.000Z,TR,Turkey,TR,367.0,430.0,,40.0,,False,
2025-12-13T14:00:00.000Z,TR,Turkey,TR,340.0,401.0,,44.0,,False,
2025-12-13T15:00:00.000Z,TR,Turkey,TR,337.0,398.0,,44.0,,False,
2025-12-13T16:00:00.000Z,TR,Turkey,TR,343.0,406.0,,43.0,,False,
2025-12-13T17:00:00.000Z,TR,Turkey,TR,353.0,416.0,,41.0,,False,
2025-12-13T18:00:00.000Z,TR,Turkey,TR,361.0,426.0,,40.0,,False,
2025-12-13T19:00:00.000Z,TR,Turkey,TR,373.0,439.0,,38.0,,False,
2025-12-13T20:00:00.000Z,TR,Turkey,TR,384.0,450.0,,37.0,,False,
2025-12-13T21:00:00.000Z,TR,Turkey,TR,392.0,456.0,,37.0,,False,
2025-12-13T22:00:00.000Z,TR,Turkey,TR,412.0,478.0,,34.0,,False,
2025-12-13T23:00:00.000Z,TR,Turkey,TR,428.0,496.0,,32.0,,False,
2025-12-14T00:00:00.000Z,TR,Turkey,TR,437.0,505.0,,31.0,,False,
2025-12-14T01:00:00.000Z,TR,Turkey,TR,443.0,511.0,,30.0,,False,
2025-12-14T02:00:00.000Z,TR,Turkey,TR,446.0,515.0,,30.0,,False,
2025-12-14T03:00:00.000Z,TR,Turkey,TR,446.0,515.0,,30.0,,False,
2025-12-14T04:00:00.000Z,TR,Turkey,TR,447.0,517.0,,29.0,,False,
2025-12-14T05:00:00.000Z,TR,Turkey,TR,448.0,517.0,,30.0,,False,
2025-12-14T06:00:00.000Z,TR,Turkey,TR,455.0,520.0,,32.0,,False,
2025-12-14T07:00:00.000Z,TR,Turkey,TR,455.0,520.0,,32.0,,False,
2025-12-14T08:00:00.000Z,TR,Turkey,TR,464.0,531.0,,31.0,,False,
2025-12-14T09:00:00.000Z,TR,Turkey,TR,456.0,523.0,,32.0,,False,
2025-12-14T10:00:00.000Z,TR,Turkey,TR,461.0,528.0,,31.0,,False,
2025-12-14T11:00:00.000Z,TR,Turkey,TR,453.0,520.0,,31.0,,False,
2025-12-14T12:00:00.000Z,TR,Turkey,TR,439.0,508.0,,31.0,,False,
2025-12-14T13:00:00.000Z,TR,Turkey,TR,419.0,492.0,,30.0,,False,
2025-12-14T14:00:00.000Z,TR,Turkey,TR,393.0,465.0,,33.0,,False,
2025-12-14T15:00:00.000Z,TR,Turkey,TR,378.0,447.0,,36.0,,False,
2025-12-14T16:00:00.000Z,TR,Turkey,TR,387.0,458.0,,34.0,,False,
2025-12-14T17:00:00.000Z,TR,Turkey,TR,398.0,470.0,,32.0,,False,
2025-12-14T18:00:00.000Z,TR,Turkey,TR,404.0,478.0,,30.0,,False,
2025-12-14T19:00:00.000Z,TR,Turkey,TR,400.0,472.0,,32.0,,False,
2025-12-14T20:00:00.000Z,TR,Turkey,TR,411.0,482.0,,32.0,,False,
2025-12-14T21:00:00.000Z,TR,Turkey,TR,422.0,493.0,,31.0,,False,
2025-12-14T22:00:00.000Z,TR,Turkey,TR,436.0,506.0,,29.0,,False,
2025-12-14T23:00:00.000Z,TR,Turkey,TR,440.0,508.0,,31.0,,False,
2025-12-15T00:00:00.000Z,TR,Turkey,TR,441.0,508.0,,31.0,,False,
2025-12-15T01:00:00.000Z,TR,Turkey,TR,438.0,504.0,,33.0,,False,
2025-12-15T02:00:00.000Z,TR,Turkey,TR,426.0,491.0,,34.0,,False,
2025-12-15T03:00:00.000Z,TR,Turkey,TR,428.0,494.0,,32.0,,False,
2025-12-15T04:00:00.000Z,TR,Turkey,TR,418.0,490.0,,30.0,,False,
2025-12-15T05:00:00.000Z,TR,Turkey,TR,377.0,446.0,,35.0,,False,
2025-12-15T06:00:00.000Z,TR,Turkey,TR,360.0,426.0,,38.0,,False,
2025-12-15T07:00:00.000Z,TR,Turkey,TR,370.0,438.0,,37.0,,False,
2025-12-15T08:00:00.000Z,TR,Turkey,TR,382.0,451.0,,35.0,,False,
2025-12-15T09:00:00.000Z,TR,Turkey,TR,403.0,474.0,,31.0,,False,
2025-12-15T10:00:00.000Z,TR,Turkey,TR,388.0,458.0,,34.0,,False,
2025-12-15T11:00:00.000Z,TR,Turkey,TR,372.0,439.0,,37.0,,False,
2025-12-15T12:00:00.000Z,TR,Turkey,TR,368.0,436.0,,37.0,,False,
2025-12-15T13:00:00.000Z,TR,Turkey,TR,354.0,422.0,,38.0,,False,
2025-12-15T14:00:00.000Z,TR,Turkey,TR,334.0,398.0,,42.0,,False,
2025-12-15T15:00:00.000Z,TR,Turkey,TR,339.0,405.0,,41.0,,False,
2025-12-15T16:00:00.000Z,TR,Turkey,TR,351.0,418.0,,39.0,,False,
2025-12-15T17:00:00.000Z,TR,Turkey,TR,360.0,429.0,,37.0,,False,
2025-12-15T18:00:00.000Z,TR,Turkey,TR,371.0,441.0,,35.0,,False,
2025-12-15T19:00:00.000Z,TR,Turkey,TR,376.0,444.0,,36.0,,False,
2025-12-15T20:00:00.000Z,TR,Turkey,TR,391.0,461.0,,34.0,,False,
2025-12-15T21:00:00.000Z,TR,Turkey,TR,410.0,482.0,,31.0,,False,
2025-12-15T22:00:00.000Z,TR,Turkey,TR,427.0,499.0,,29.0,,False,
2025-12-15T23:00:00.000Z,TR,Turkey,TR,442.0,515.0,,27.0,,False,
2025-12-16T00:00:00.000Z,TR,Turkey,TR,447.0,519.0,,27.0,,False,
2025-12-16T01:00:00.000Z,TR,Turkey,TR,450.0,522.0,,27.0,,False,
2025-12-16T02:00:00.000Z,TR,Turkey,TR,452.0,525.0,,26.0,,False,
2025-12-16T03:00:00.000Z,TR,Turkey,TR,450.0,525.0,,25.0,,False,
2025-12-16T04:00:00.000Z,TR,Turkey,TR,431.0,507.0,,26.0,,False,
2025-12-16T05:00:00.000Z,TR,Turkey,TR,386.0,457.0,,33.0,,False,
2025-12-16T06:00:00.000Z,TR,Turkey,TR,381.0,451.0,,34.0,,False,
2025-12-16T07:00:00.000Z,TR,Turkey,TR,403.0,476.0,,30.0,,False,
2025-12-16T08:00:00.000Z,TR,Turkey,TR,418.0,493.0,,28.0,,False,
2025-12-16T09:00:00.000Z,TR,Turkey,TR,435.0,509.0,,27.0,,False,
2025-12-16T10:00:00.000Z,TR,Turkey,TR,431.0,506.0,,26.0,,False,
2025-12-16T11:00:00.000Z,TR,Turkey,TR,414.0,488.0,,29.0,,False,
2025-12-16T12:00:00.000Z,TR,Turkey,TR,399.0,471.0,,31.0,,False,
2025-12-16T13:00:00.000Z,TR,Turkey,TR,373.0,443.0,,35.0,,False,
2025-12-16T14:00:00.000Z,TR,Turkey,TR,344.0,411.0,,40.0,,False,
2025-12-16T15:00:00.000Z,TR,Turkey,TR,347.0,414.0,,39.0,,False,
2025-12-16T16:00:00.000Z,TR,Turkey,TR,357.0,425.0,,38.0,,False,
2025-12-16T17:00:00.000Z,TR,Turkey,TR,362.0,429.0,,37.0,,False,
2025-12-16T18:00:00.000Z,TR,Turkey,TR,365.0,432.0,,37.0,,False,
2025-12-16T19:00:00.000Z,TR,Turkey,TR,368.0,433.0,,38.0,,False,
2025-12-16T20:00:00.000Z,TR,Turkey,TR,378.0,442.0,,38.0,,False,
2025-12-16T21:00:00.000Z,TR,Turkey,TR,395.0,460.0,,36.0,,False,
2025-12-16T22:00:00.000Z,TR,Turkey,TR,416.0,483.0,,33.0,,False,
2025-12-16T23:00:00.000Z,TR,Turkey,TR,433.0,501.0,,31.0,,False,
2025-12-17T00:00:00.000Z,TR,Turkey,TR,442.0,511.0,,29.0,,False,
2025-12-17T01:00:00.000Z,TR,Turkey,TR,443.0,513.0,,29.0,,False,
2025-12-17T02:00:00.000Z,TR,Turkey,TR,442.0,513.0,,28.0,,False,
2025-12-17T03:00:00.000Z,TR,Turkey,TR,439.0,512.0,,27.0,,False,
2025-12-17T04:00:00.000Z,TR,Turkey,TR,419.0,493.0,,29.0,,False,
2025-12-17T05:00:00.000Z,TR,Turkey,TR,375.0,443.0,,36.0,,False,
2025-12-17T06:00:00.000Z,TR,Turkey,TR,377.0,447.0,,35.0,,False,
2025-12-17T07:00:00.000Z,TR,Turkey,TR,406.0,479.0,,31.0,,False,
2025-12-17T08:00:00.000Z,TR,Turkey,TR,424.0,497.0,,29.0,,False,
2025-12-17T09:00:00.000Z,TR,Turkey,TR,449.0,523.0,,26.0,,False,
2025-12-17T10:00:00.000Z,TR,Turkey,TR,445.0,520.0,,26.0,,False,
2025-12-17T11:00:00.000Z,TR,Turkey,TR,435.0,509.0,,27.0,,False,
2025-12-17T12:00:00.000Z,TR,Turkey,TR,411.0,485.0,,29.0,,False,
2025-12-17T13:00:00.000Z,TR,Turkey,TR,394.0,470.0,,30.0,,False,
2025-12-17T14:00:00.000Z,TR,Turkey,TR,373.0,447.0,,32.0,,False,
2025-12-17T15:00:00.000Z,TR,Turkey,TR,373.0,447.0,,33.0,,False,
2025-12-17T16:00:00.000Z,TR,Turkey,TR,380.0,454.0,,32.0,,False,
2025-12-17T17:00:00.000Z,TR,Turkey,TR,384.0,458.0,,31.0,,False,
2025-12-17T18:00:00.000Z,TR,Turkey,TR,394.0,469.0,,30.0,,False,
2025-12-17T19:00:00.000Z,TR,Turkey,TR,401.0,476.0,,29.0,,False,
2025-12-17T20:00:00.000Z,TR,Turkey,TR,419.0,495.0,,27.0,,False,
2025-12-17T21:00:00.000Z,TR,Turkey,TR,438.0,516.0,,25.0,,False,
2025-12-17T22:00:00.000Z,TR,Turkey,TR,459.0,539.0,,21.0,,False,
2025-12-17T23:00:00.000Z,TR,Turkey,TR,475.0,555.0,,19.0,,False,
2025-12-18T00:00:00.000Z,TR,Turkey,TR,484.0,565.0,,18.0,,False,
2025-12-18T01:00:00.000Z,TR,Turkey,TR,489.0,571.0,,17.0,,False,
2025-12-18T02:00:00.000Z,TR,Turkey,TR,491.0,574.0,,16.0,,False,
2025-12-18T03:00:00.000Z,TR,Turkey,TR,477.0,559.0,,18.0,,False,
2025-12-18T04:00:00.000Z,TR,Turkey,TR,440.0,518.0,,24.0,,False,
2025-12-18T05:00:00.000Z,TR,Turkey,TR,391.0,463.0,,33.0,,False,
2025-12-18T06:00:00.000Z,TR,Turkey,TR,396.0,468.0,,32.0,,False,
2025-12-18T07:00:00.000Z,TR,Turkey,TR,435.0,512.0,,25.0,,False,
2025-12-18T08:00:00.000Z,TR,Turkey,TR,453.0,530.0,,24.0,,False,
2025-12-18T09:00:00.000Z,TR,Turkey,TR,464.0,541.0,,23.0,,False,
2025-12-18T10:00:00.000Z,TR,Turkey,TR,457.0,534.0,,24.0,,False,
2025-12-18T11:00:00.000Z,TR,Turkey,TR,434.0,510.0,,26.0,,False,
2025-12-18T12:00:00.000Z,TR,Turkey,TR,424.0,501.0,,27.0,,False,
2025-12-18T13:00:00.000Z,TR,Turkey,TR,407.0,484.0,,28.0,,False,
2025-12-18T14:00:00.000Z,TR,Turkey,TR,375.0,449.0,,33.0,,False,
2025-12-18T15:00:00.000Z,TR,Turkey,TR,377.0,450.0,,33.0,,False,
2025-12-18T16:00:00.000Z,TR,Turkey,TR,387.0,462.0,,31.0,,False,
2025-12-18T17:00:00.000Z,TR,Turkey,TR,396.0,472.0,,30.0,,False,
2025-12-18T18:00:00.000Z,TR,Turkey,TR,407.0,484.0,,27.0,,False,
2025-12-18T19:00:00.000Z,TR,Turkey,TR,412.0,490.0,,27.0,,False,
2025-12-18T20:00:00.000Z,TR,Turkey,TR,431.0,509.0,,25.0,,False,
2025-12-18T21:00:00.000Z,TR,Turkey,TR,449.0,529.0,,22.0,,False,
2025-12-18T22:00:00.000Z,TR,Turkey,TR,469.0,551.0,,19.0,,False,
2025-12-18T23:00:00.000Z,TR,Turkey,TR,481.0,563.0,,18.0,,False,
2025-12-19T00:00:00.000Z,TR,Turkey,TR,489.0,571.0,,17.0,,False,
2025-12-19T01:00:00.000Z,TR,Turkey,TR,493.0,576.0,,16.0,,False,
2025-12-19T02:00:00.000Z,TR,Turkey,TR,493.0,576.0,,16.0,,False,
2025-12-19T03:00:00.000Z,TR,Turkey,TR,478.0,559.0,,18.0,,False,
2025-12-19T04:00:00.000Z,TR,Turkey,TR,441.0,518.0,,24.0,,False,
2025-12-19T05:00:00.000Z,TR,Turkey,TR,395.0,468.0,,32.0,,False,
2025-12-19T06:00:00.000Z,TR,Turkey,TR,398.0,470.0,,32.0,,False,
2025-12-19T07:00:00.000Z,TR,Turkey,TR,433.0,509.0,,26.0,,False,
2025-12-19T08:00:00.000Z,TR,Turkey,TR,455.0,533.0,,23.0,,False,
2025-12-19T09:00:00.000Z,TR,Turkey,TR,472.0,548.0,,23.0,,False,
2025-12-19T10:00:00.000Z,TR,Turkey,TR,451.0,528.0,,25.0,,False,
2025-12-19T11:00:00.000Z,TR,Turkey,TR,439.0,515.0,,26.0,,False,
2025-12-19T12:00:00.000Z,TR,Turkey,TR,422.0,497.0,,28.0,,False,
2025-12-19T13:00:00.000Z,TR,Turkey,TR,400.0,475.0,,30.0,,False,
2025-12-19T14:00:00.000Z,TR,Turkey,TR,373.0,445.0,,34.0,,False,
2025-12-19T15:00:00.000Z,TR,Turkey,TR,377.0,450.0,,33.0,,False,
2025-12-19T16:00:00.000Z,TR,Turkey,TR,383.0,456.0,,32.0,,False,
2025-12-19T17:00:00.000Z,TR,Turkey,TR,386.0,458.0,,32.0,,False,
2025-12-19T18:00:00.000Z,TR,Turkey,TR,395.0,469.0,,31.0,,False,
2025-12-19T19:00:00.000Z,TR,Turkey,TR,399.0,471.0,,31.0,,False,
2025-12-19T20:00:00.000Z,TR,Turkey,TR,412.0,482.0,,32.0,,False,
2025-12-19T21:00:00.000Z,TR,Turkey,TR,425.0,499.0,,28.0,,False,
2025-12-19T22:00:00.000Z,TR,Turkey,TR,443.0,518.0,,26.0,,False,
2025-12-19T23:00:00.000Z,TR,Turkey,TR,455.0,531.0,,24.0,,False,
2025-12-20T00:00:00.000Z,TR,Turkey,TR,463.0,539.0,,23.0,,False,
2025-12-20T01:00:00.000Z,TR,Turkey,TR,466.0,542.0,,23.0,,False,
2025-12-20T02:00:00.000Z,TR,Turkey,TR,464.0,539.0,,23.0,,False,
2025-12-20T03:00:00.000Z,TR,Turkey,TR,463.0,540.0,,23.0,,False,
2025-12-20T04:00:00.000Z,TR,Turkey,TR,451.0,528.0,,24.0,,False,
2025-12-20T05:00:00.000Z,TR,Turkey,TR,432.0,508.0,,26.0,,False,
2025-12-20T06:00:00.000Z,TR,Turkey,TR,432.0,507.0,,27.0,,False,
2025-12-20T07:00:00.000Z,TR,Turkey,TR,438.0,512.0,,27.0,,False,
2025-12-20T08:00:00.000Z,TR,Turkey,TR,445.0,518.0,,27.0,,False,
2025-12-20T09:00:00.000Z,TR,Turkey,TR,452.0,524.0,,27.0,,False,
2025-12-20T10:00:00.000Z,TR,Turkey,TR,452.0,525.0,,27.0,,False,
2025-12-20T11:00:00.000Z,TR,Turkey,TR,433.0,505.0,,29.0,,False,
2025-12-20T12:00:00.000Z,TR,Turkey,TR,419.0,491.0,,30.0,,False,
2025-12-20T13:00:00.000Z,TR,Turkey,TR,403.0,477.0,,30.0,,False,
2025-12-20T14:00:00.000Z,TR,Turkey,TR,378.0,450.0,,33.0,,False,
2025-12-20T15:00:00.000Z,TR,Turkey,TR,374.0,446.0,,34.0,,False,
2025-12-20T16:00:00.000Z,TR,Turkey,TR,380.0,453.0,,33.0,,False,
2025-12-20T17:00:00.000Z,TR,Turkey,TR,388.0,461.0,,32.0,,False,
2025-12-20T18:00:00.000Z,TR,Turkey,TR,401.0,476.0,,29.0,,False,
2025-12-20T19:00:00.000Z,TR,Turkey,TR,408.0,483.0,,29.0,,False,
2025-12-20T20:00:00.000Z,TR,Turkey,TR,419.0,494.0,,28.0,,False,
2025-12-20T21:00:00.000Z,TR,Turkey,TR,431.0,505.0,,27.0,,False,
2025-12-20T22:00:00.000Z,TR,Turkey,TR,447.0,522.0,,25.0,,False,
2025-12-20T23:00:00.000Z,TR,Turkey,TR,458.0,533.0,,24.0,,False,
2025-12-21T00:00:00.000Z,TR,Turkey,TR,471.0,547.0,,23.0,,False,
2025-12-21T01:00:00.000Z,TR,Turkey,TR,481.0,559.0,,21.0,,False,
2025-12-21T02:00:00.000Z,TR,Turkey,TR,480.0,557.0,,21.0,,False,
2025-12-21T03:00:00.000Z,TR,Turkey,TR,477.0,554.0,,22.0,,False,
2025-12-21T04:00:00.000Z,TR,Turkey,TR,474.0,550.0,,22.0,,False,
2025-12-21T05:00:00.000Z,TR,Turkey,TR,470.0,543.0,,24.0,,False,
2025-12-21T06:00:00.000Z,TR,Turkey,TR,465.0,538.0,,25.0,,False,
2025-12-21T07:00:00.000Z,TR,Turkey,TR,460.0,533.0,,25.0,,False,
2025-12-21T08:00:00.000Z,TR,Turkey,TR,458.0,530.0,,26.0,,False,
2025-12-21T09:00:00.000Z,TR,Turkey,TR,462.0,534.0,,26.0,,False,
2025-12-21T10:00:00.000Z,TR,Turkey,TR,460.0,532.0,,26.0,,False,
2025-12-21T11:00:00.000Z,TR,Turkey,TR,456.0,529.0,,26.0,,False,
2025-12-21T12:00:00.000Z,TR,Turkey,TR,448.0,521.0,,26.0,,False,
2025-12-21T13:00:00.000Z,TR,Turkey,TR,426.0,499.0,,29.0,,False,
2025-12-21T14:00:00.000Z,TR,Turkey,TR,401.0,472.0,,32.0,,False,
2025-12-21T15:00:00.000Z,TR,Turkey,TR,393.0,463.0,,33.0,,False,
2025-12-21T16:00:00.000Z,TR,Turkey,TR,397.0,467.0,,33.0,,False,
2025-12-21T17:00:00.000Z,TR,Turkey,TR,404.0,474.0,,32.0,,False,
2025-12-21T18:00:00.000Z,TR,Turkey,TR,415.0,487.0,,30.0,,False,
2025-12-21T19:00:00.000Z,TR,Turkey,TR,419.0,490.0,,30.0,,False,
2025-12-21T20:00:00.000Z,TR,Turkey,TR,425.0,494.0,,31.0,,False,
2025-12-21T21:00:00.000Z,TR,Turkey,TR,425.0,492.0,,33.0,,False,
2025-12-21T22:00:00.000Z,TR,Turkey,TR,447.0,515.0,,30.0,,False,
2025-12-21T23:00:00.000Z,TR,Turkey,TR,463.0,532.0,,28.0,,False,
2025-12-22T00:00:00.000Z,TR,Turkey,TR,474.0,545.0,,26.0,,False,
2025-12-22T01:00:00.000Z,TR,Turkey,TR,475.0,544.0,,26.0,,False,
2025-12-22T02:00:00.000Z,TR,Turkey,TR,466.0,535.0,,27.0,,False,
2025-12-22T03:00:00.000Z,TR,Turkey,TR,461.0,533.0,,26.0,,False,
2025-12-22T04:00:00.000Z,TR,Turkey,TR,443.0,517.0,,26.0,,False,
2025-12-22T05:00:00.000Z,TR,Turkey,TR,395.0,465.0,,33.0,,False,
2025-12-22T06:00:00.000Z,TR,Turkey,TR,382.0,452.0,,35.0,,False,
2025-12-22T07:00:00.000Z,TR,Turkey,TR,394.0,465.0,,32.0,,False,
2025-12-22T08:00:00.000Z,TR,Turkey,TR,401.0,473.0,,31.0,,False,
2025-12-22T09:00:00.000Z,TR,Turkey,TR,425.0,500.0,,27.0,,False,
2025-12-22T10:00:00.000Z,TR,Turkey,TR,423.0,498.0,,27.0,,False,
2025-12-22T11:00:00.000Z,TR,Turkey,TR,403.0,476.0,,30.0,,False,
2025-12-22T12:00:00.000Z,TR,Turkey,TR,388.0,460.0,,32.0,,False,
2025-12-22T13:00:00.000Z,TR,Turkey,TR,372.0,441.0,,35.0,,False,
2025-12-22T14:00:00.000Z,TR,Turkey,TR,357.0,424.0,,38.0,,False,
2025-12-22T15:00:00.000Z,TR,Turkey,TR,363.0,431.0,,37.0,,False,
2025-12-22T16:00:00.000Z,TR,Turkey,TR,370.0,438.0,,36.0,,False,
2025-12-22T17:00:00.000Z,TR,Turkey,TR,378.0,446.0,,35.0,,False,
2025-12-22T18:00:00.000Z,TR,Turkey,TR,386.0,455.0,,34.0,,False,
2025-12-22T19:00:00.000Z,TR,Turkey,TR,390.0,458.0,,34.0,,False,
2025-12-22T20:00:00.000Z,TR,Turkey,TR,397.0,463.0,,35.0,,False,
2025-12-22T21:00:00.000Z,TR,Turkey,TR,403.0,469.0,,35.0,,False,
2025-12-22T22:00:00.000Z,TR,Turkey,TR,416.0,482.0,,33.0,,False,
2025-12-22T23:00:00.000Z,TR,Turkey,TR,428.0,494.0,,32.0,,False,
2025-12-23T00:00:00.000Z,TR,Turkey,TR,435.0,500.0,,32.0,,False,
2025-12-23T01:00:00.000Z,TR,Turkey,TR,437.0,502.0,,32.0,,False,
2025-12-23T02:00:00.000Z,TR,Turkey,TR,440.0,506.0,,31.0,,False,
2025-12-23T03:00:00.000Z,TR,Turkey,TR,439.0,508.0,,29.0,,False,
2025-12-23T04:00:00.000Z,TR,Turkey,TR,435.0,508.0,,27.0,,False,
2025-12-23T05:00:00.000Z,TR,Turkey,TR,411.0,487.0,,27.0,,False,
2025-12-23T06:00:00.000Z,TR,Turkey,TR,402.0,477.0,,28.0,,False,
2025-12-23T07:00:00.000Z,TR,Turkey,TR,409.0,484.0,,28.0,,False,
2025-12-23T08:00:00.000Z,TR,Turkey,TR,421.0,498.0,,25.0,,False,
2025-12-23T09:00:00.000Z,TR,Turkey,TR,437.0,515.0,,23.0,,False,
2025-12-23T10:00:00.000Z,TR,Turkey,TR,436.0,516.0,,23.0,,False,
2025-12-23T11:00:00.000Z,TR,Turkey,TR,421.0,499.0,,25.0,,False,
2025-12-23T12:00:00.000Z,TR,Turkey,TR,407.0,483.0,,28.0,,False,
2025-12-23T13:00:00.000Z,TR,Turkey,TR,388.0,462.0,,31.0,,False,
2025-12-23T14:00:00.000Z,TR,Turkey,TR,373.0,446.0,,33.0,,False,
2025-12-23T15:00:00.000Z,TR,Turkey,TR,383.0,457.0,,31.0,,False,
2025-12-23T16:00:00.000Z,TR,Turkey,TR,395.0,470.0,,29.0,,False,
2025-12-23T17:00:00.000Z,TR,Turkey,TR,402.0,478.0,,28.0,,False,
2025-12-23T18:00:00.000Z,TR,Turkey,TR,413.0,491.0,,26.0,,False,
2025-12-23T19:00:00.000Z,TR,Turkey,TR,424.0,501.0,,25.0,,False,
2025-12-23T20:00:00.000Z,TR,Turkey,TR,432.0,509.0,,26.0,,False,
2025-12-23T21:00:00.000Z,TR,Turkey,TR,451.0,529.0,,23.0,,False,
2025-12-23T22:00:00.000Z,TR,Turkey,TR,470.0,550.0,,20.0,,False,
2025-12-23T23:00:00.000Z,TR,Turkey,TR,490.0,572.0,,17.0,,False,
2025-12-24T00:00:00.000Z,TR,Turkey,TR,498.0,581.0,,16.0,,False,
2025-12-24T01:00:00.000Z,TR,Turkey,TR,499.0,583.0,,15.0,,False,
2025-12-24T02:00:00.000Z,TR,Turkey,TR,500.0,584.0,,15.0,,False,
2025-12-24T03:00:00.000Z,TR,Turkey,TR,490.0,575.0,,15.0,,False,
2025-12-24T04:00:00.000Z,TR,Turkey,TR,467.0,550.0,,18.0,,False,
2025-12-24T05:00:00.000Z,TR,Turkey,TR,428.0,508.0,,24.0,,False,
2025-12-24T06:00:00.000Z,TR,Turkey,TR,415.0,494.0,,26.0,,False,
2025-12-24T07:00:00.000Z,TR,Turkey,TR,431.0,511.0,,23.0,,False,
2025-12-24T08:00:00.000Z,TR,Turkey,TR,450.0,532.0,,20.0,,False,
2025-12-24T09:00:00.000Z,TR,Turkey,TR,473.0,556.0,,17.0,,False,
2025-12-24T10:00:00.000Z,TR,Turkey,TR,470.0,553.0,,18.0,,False,
2025-12-24T11:00:00.000Z,TR,Turkey,TR,451.0,533.0,,20.0,,False,
2025-12-24T12:00:00.000Z,TR,Turkey,TR,431.0,511.0,,24.0,,False,
2025-12-24T13:00:00.000Z,TR,Turkey,TR,400.0,476.0,,29.0,,False,
2025-12-24T14:00:00.000Z,TR,Turkey,TR,379.0,453.0,,32.0,,False,
2025-12-24T15:00:00.000Z,TR,Turkey,TR,389.0,464.0,,30.0,,False,
2025-12-24T16:00:00.000Z,TR,Turkey,TR,397.0,473.0,,29.0,,False,
2025-12-24T17:00:00.000Z,TR,Turkey,TR,400.0,475.0,,29.0,,False,
2025-12-24T18:00:00.000Z,TR,Turkey,TR,411.0,488.0,,27.0,,False,
2025-12-24T19:00:00.000Z,TR,Turkey,TR,418.0,494.0,,27.0,,False,
2025-12-24T20:00:00.000Z,TR,Turkey,TR,424.0,499.0,,27.0,,False,
2025-12-24T21:00:00.000Z,TR,Turkey,TR,438.0,514.0,,25.0,,False,
2025-12-24T22:00:00.000Z,TR,Turkey,TR,455.0,531.0,,23.0,,False,
2025-12-24T23:00:00.000Z,TR,Turkey,TR,467.0,544.0,,22.0,,False,
2025-12-25T00:00:00.000Z,TR,Turkey,TR,471.0,549.0,,22.0,,False,
2025-12-25T01:00:00.000Z,TR,Turkey,TR,476.0,555.0,,21.0,,False,
2025-12-25T02:00:00.000Z,TR,Turkey,TR,477.0,556.0,,20.0,,False,
2025-12-25T03:00:00.000Z,TR,Turkey,TR,469.0,548.0,,20.0,,False,
2025-12-25T04:00:00.000Z,TR,Turkey,TR,454.0,535.0,,21.0,,False,
2025-12-25T05:00:00.000Z,TR,Turkey,TR,429.0,510.0,,23.0,,False,
2025-12-25T06:00:00.000Z,TR,Turkey,TR,419.0,499.0,,24.0,,False,
2025-12-25T07:00:00.000Z,TR,Turkey,TR,428.0,508.0,,23.0,,False,
2025-12-25T08:00:00.000Z,TR,Turkey,TR,435.0,517.0,,22.0,,False,
2025-12-25T09:00:00.000Z,TR,Turkey,TR,451.0,534.0,,20.0,,False,
2025-12-25T10:00:00.000Z,TR,Turkey,TR,450.0,533.0,,19.0,,False,
2025-12-25T11:00:00.000Z,TR,Turkey,TR,432.0,513.0,,23.0,,False,
2025-12-25T12:00:00.000Z,TR,Turkey,TR,407.0,486.0,,26.0,,False,
2025-12-25T13:00:00.000Z,TR,Turkey,TR,385.0,462.0,,30.0,,False,
2025-12-25T14:00:00.000Z,TR,Turkey,TR,367.0,441.0,,33.0,,False,
2025-12-25T15:00:00.000Z,TR,Turkey,TR,378.0,454.0,,31.0,,False,
2025-12-25T16:00:00.000Z,TR,Turkey,TR,387.0,463.0,,30.0,,False,
2025-12-25T17:00:00.000Z,TR,Turkey,TR,393.0,469.0,,29.0,,False,
2025-12-25T18:00:00.000Z,TR,Turkey,TR,406.0,485.0,,26.0,,False,
2025-12-25T19:00:00.000Z,TR,Turkey,TR,409.0,487.0,,27.0,,False,
2025-12-25T20:00:00.000Z,TR,Turkey,TR,411.0,486.0,,28.0,,False,
2025-12-25T21:00:00.000Z,TR,Turkey,TR,415.0,489.0,,29.0,,False,
2025-12-25T22:00:00.000Z,TR,Turkey,TR,425.0,498.0,,28.0,,False,
2025-12-25T23:00:00.000Z,TR,Turkey,TR,434.0,507.0,,28.0,,False,
2025-12-26T00:00:00.000Z,TR,Turkey,TR,438.0,510.0,,28.0,,False,
2025-12-26T01:00:00.000Z,TR,Turkey,TR,437.0,508.0,,28.0,,False,
2025-12-26T02:00:00.000Z,TR,Turkey,TR,435.0,507.0,,28.0,,False,
2025-12-26T03:00:00.000Z,TR,Turkey,TR,432.0,506.0,,27.0,,False,
2025-12-26T04:00:00.000Z,TR,Turkey,TR,423.0,500.0,,26.0,,False,
2025-12-26T05:00:00.000Z,TR,Turkey,TR,396.0,473.0,,28.0,,False,
2025-12-26T06:00:00.000Z,TR,Turkey,TR,382.0,457.0,,31.0,,False,
2025-12-26T07:00:00.000Z,TR,Turkey,TR,388.0,465.0,,29.0,,False,
2025-12-26T08:00:00.000Z,TR,Turkey,TR,394.0,471.0,,28.0,,False,
2025-12-26T09:00:00.000Z,TR,Turkey,TR,413.0,492.0,,26.0,,False,
2025-12-26T10:00:00.000Z,TR,Turkey,TR,425.0,507.0,,22.0,,False,
2025-12-26T11:00:00.000Z,TR,Turkey,TR,398.0,477.0,,27.0,,False,
2025-12-26T12:00:00.000Z,TR,Turkey,TR,390.0,467.0,,29.0,,False,
2025-12-26T13:00:00.000Z,TR,Turkey,TR,379.0,456.0,,30.0,,False,
2025-12-26T14:00:00.000Z,TR,Turkey,TR,363.0,438.0,,33.0,,False,
2025-12-26T15:00:00.000Z,TR,Turkey,TR,367.0,442.0,,33.0,,False,
2025-12-26T16:00:00.000Z,TR,Turkey,TR,377.0,454.0,,31.0,,False,
2025-12-26T17:00:00.000Z,TR,Turkey,TR,387.0,465.0,,29.0,,False,
2025-12-26T18:00:00.000Z,TR,Turkey,TR,395.0,475.0,,27.0,,False,
2025-12-26T19:00:00.000Z,TR,Turkey,TR,401.0,481.0,,26.0,,False,
2025-12-26T20:00:00.000Z,TR,Turkey,TR,410.0,490.0,,25.0,,False,
2025-12-26T21:00:00.000Z,TR,Turkey,TR,418.0,497.0,,25.0,,False,
2025-12-26T22:00:00.000Z,TR,Turkey,TR,430.0,509.0,,24.0,,False,
2025-12-26T23:00:00.000Z,TR,Turkey,TR,436.0,514.0,,24.0,,False,
2025-12-27T00:00:00.000Z,TR,Turkey,TR,438.0,514.0,,25.0,,False,
2025-12-27T01:00:00.000Z,TR,Turkey,TR,434.0,508.0,,27.0,,False,
2025-12-27T02:00:00.000Z,TR,Turkey,TR,427.0,499.0,,29.0,,False,
2025-12-27T03:00:00.000Z,TR,Turkey,TR,417.0,488.0,,30.0,,False,
2025-12-27T04:00:00.000Z,TR,Turkey,TR,404.0,475.0,,32.0,,False,
2025-12-27T05:00:00.000Z,TR,Turkey,TR,387.0,458.0,,33.0,,False,
2025-12-27T06:00:00.000Z,TR,Turkey,TR,370.0,439.0,,36.0,,False,
2025-12-27T07:00:00.000Z,TR,Turkey,TR,366.0,435.0,,36.0,,False,
2025-12-27T08:00:00.000Z,TR,Turkey,TR,367.0,437.0,,36.0,,False,
2025-12-27T09:00:00.000Z,TR,Turkey,TR,371.0,440.0,,36.0,,False,
2025-12-27T10:00:00.000Z,TR,Turkey,TR,368.0,436.0,,36.0,,False,
2025-12-27T11:00:00.000Z,TR,Turkey,TR,368.0,436.0,,36.0,,False,
2025-12-27T12:00:00.000Z,TR,Turkey,TR,362.0,431.0,,36.0,,False,
2025-12-27T13:00:00.000Z,TR,Turkey,TR,358.0,427.0,,36.0,,False,
2025-12-27T14:00:00.000Z,TR,Turkey,TR,348.0,418.0,,37.0,,False,
2025-12-27T15:00:00.000Z,TR,Turkey,TR,343.0,412.0,,38.0,,False,
2025-12-27T16:00:00.000Z,TR,Turkey,TR,351.0,421.0,,37.0,,False,
2025-12-27T17:00:00.000Z,TR,Turkey,TR,362.0,433.0,,35.0,,False,
2025-12-27T18:00:00.000Z,TR,Turkey,TR,373.0,445.0,,33.0,,False,
2025-12-27T19:00:00.000Z,TR,Turkey,TR,385.0,460.0,,31.0,,False,
2025-12-27T20:00:00.000Z,TR,Turkey,TR,399.0,473.0,,30.0,,False,
2025-12-27T21:00:00.000Z,TR,Turkey,TR,409.0,485.0,,28.0,,False,
2025-12-27T22:00:00.000Z,TR,Turkey,TR,422.0,497.0,,28.0,,False,
2025-12-27T23:00:00.000Z,TR,Turkey,TR,432.0,507.0,,27.0,,False,
2025-12-28T00:00:00.000Z,TR,Turkey,TR,436.0,510.0,,27.0,,False,
2025-12-28T01:00:00.000Z,TR,Turkey,TR,432.0,504.0,,29.0,,False,
2025-12-28T02:00:00.000Z,TR,Turkey,TR,427.0,498.0,,30.0,,False,
2025-12-28T03:00:00.000Z,TR,Turkey,TR,425.0,495.0,,30.0,,False,
2025-12-28T04:00:00.000Z,TR,Turkey,TR,415.0,483.0,,33.0,,False,
2025-12-28T05:00:00.000Z,TR,Turkey,TR,406.0,471.0,,35.0,,False,
2025-12-28T06:00:00.000Z,TR,Turkey,TR,398.0,459.0,,39.0,,False,
2025-12-28T07:00:00.000Z,TR,Turkey,TR,391.0,450.0,,41.0,,False,
2025-12-28T08:00:00.000Z,TR,Turkey,TR,384.0,444.0,,42.0,,False,
2025-12-28T09:00:00.000Z,TR,Turkey,TR,395.0,455.0,,41.0,,False,
2025-12-28T10:00:00.000Z,TR,Turkey,TR,400.0,460.0,,40.0,,False,
2025-12-28T11:00:00.000Z,TR,Turkey,TR,394.0,455.0,,40.0,,False,
2025-12-28T12:00:00.000Z,TR,Turkey,TR,374.0,435.0,,41.0,,False,
2025-12-28T13:00:00.000Z,TR,Turkey,TR,364.0,428.0,,40.0,,False,
2025-12-28T14:00:00.000Z,TR,Turkey,TR,353.0,420.0,,39.0,,False,
2025-12-28T15:00:00.000Z,TR,Turkey,TR,343.0,408.0,,41.0,,False,
2025-12-28T16:00:00.000Z,TR,Turkey,TR,346.0,411.0,,40.0,,False,
2025-12-28T17:00:00.000Z,TR,Turkey,TR,357.0,424.0,,38.0,,False,
2025-12-28T18:00:00.000Z,TR,Turkey,TR,367.0,436.0,,36.0,,False,
2025-12-28T19:00:00.000Z,TR,Turkey,TR,375.0,443.0,,36.0,,False,
2025-12-28T20:00:00.000Z,TR,Turkey,TR,379.0,446.0,,36.0,,False,
2025-12-28T21:00:00.000Z,TR,Turkey,TR,388.0,454.0,,36.0,,False,
2025-12-28T22:00:00.000Z,TR,Turkey,TR,403.0,469.0,,34.0,,False,
2025-12-28T23:00:00.000Z,TR,Turkey,TR,420.0,487.0,,32.0,,False,
2025-12-29T00:00:00.000Z,TR,Turkey,TR,425.0,493.0,,32.0,,False,
2025-12-29T01:00:00.000Z,TR,Turkey,TR,428.0,497.0,,31.0,,False,
2025-12-29T02:00:00.000Z,TR,Turkey,TR,433.0,504.0,,29.0,,False,
2025-12-29T03:00:00.000Z,TR,Turkey,TR,435.0,509.0,,27.0,,False,
2025-12-29T04:00:00.000Z,TR,Turkey,TR,428.0,505.0,,25.0,,False,
2025-12-29T05:00:00.000Z,TR,Turkey,TR,399.0,477.0,,27.0,,False,
2025-12-29T06:00:00.000Z,TR,Turkey,TR,378.0,453.0,,31.0,,False,
2025-12-29T07:00:00.000Z,TR,Turkey,TR,381.0,456.0,,31.0,,False,
2025-12-29T08:00:00.000Z,TR,Turkey,TR,403.0,481.0,,27.0,,False,
2025-12-29T09:00:00.000Z,TR,Turkey,TR,431.0,512.0,,22.0,,False,
2025-12-29T10:00:00.000Z,TR,Turkey,TR,433.0,514.0,,22.0,,False,
2025-12-29T11:00:00.000Z,TR,Turkey,TR,420.0,499.0,,25.0,,False,
2025-12-29T12:00:00.000Z,TR,Turkey,TR,397.0,472.0,,30.0,,False,
2025-12-29T13:00:00.000Z,TR,Turkey,TR,378.0,451.0,,32.0,,False,
2025-12-29T14:00:00.000Z,TR,Turkey,TR,362.0,434.0,,35.0,,False,
2025-12-29T15:00:00.000Z,TR,Turkey,TR,365.0,437.0,,34.0,,False,
2025-12-29T16:00:00.000Z,TR,Turkey,TR,372.0,444.0,,34.0,,False,
2025-12-29T17:00:00.000Z,TR,Turkey,TR,380.0,452.0,,33.0,,False,
2025-12-29T18:00:00.000Z,TR,Turkey,TR,391.0,465.0,,31.0,,False,
2025-12-29T19:00:00.000Z,TR,Turkey,TR,393.0,465.0,,32.0,,False,
2025-12-29T20:00:00.000Z,TR,Turkey,TR,397.0,467.0,,32.0,,False,
2025-12-29T21:00:00.000Z,TR,Turkey,TR,405.0,473.0,,33.0,,False,
2025-12-29T22:00:00.000Z,TR,Turkey,TR,418.0,486.0,,32.0,,False,
2025-12-29T23:00:00.000Z,TR,Turkey,TR,423.0,489.0,,33.0,,False,
2025-12-30T00:00:00.000Z,TR,Turkey,TR,427.0,492.0,,33.0,,False,
2025-12-30T01:00:00.000Z,TR,Turkey,TR,427.0,491.0,,34.0,,False,
2025-12-30T02:00:00.000Z,TR,Turkey,TR,424.0,488.0,,34.0,,False,
2025-12-30T03:00:00.000Z,TR,Turkey,TR,421.0,488.0,,32.0,,False,
2025-12-30T04:00:00.000Z,TR,Turkey,TR,400.0,466.0,,35.0,,False,
2025-12-30T05:00:00.000Z,TR,Turkey,TR,357.0,419.0,,41.0,,False,
2025-12-30T06:00:00.000Z,TR,Turkey,TR,354.0,414.0,,42.0,,False,
2025-12-30T07:00:00.000Z,TR,Turkey,TR,374.0,436.0,,39.0,,False,
2025-12-30T08:00:00.000Z,TR,Turkey,TR,377.0,437.0,,41.0,,False,
2025-12-30T09:00:00.000Z,TR,Turkey,TR,378.0,435.0,,42.0,,False,
2025-12-30T10:00:00.000Z,TR,Turkey,TR,374.0,432.0,,42.0,,False,
2025-12-30T11:00:00.000Z,TR,Turkey,TR,360.0,417.0,,44.0,,False,
2025-12-30T12:00:00.000Z,TR,Turkey,TR,347.0,406.0,,44.0,,False,
2025-12-30T13:00:00.000Z,TR,Turkey,TR,338.0,398.0,,44.0,,False,
2025-12-30T14:00:00.000Z,TR,Turkey,TR,323.0,382.0,,46.0,,False,
2025-12-30T15:00:00.000Z,TR,Turkey,TR,329.0,389.0,,45.0,,False,
2025-12-30T16:00:00.000Z,TR,Turkey,TR,336.0,395.0,,45.0,,False,
2025-12-30T17:00:00.000Z,TR,Turkey,TR,340.0,399.0,,44.0,,False,
2025-12-30T18:00:00.000Z,TR,Turkey,TR,354.0,416.0,,41.0,,False,
2025-12-30T19:00:00.000Z,TR,Turkey,TR,364.0,425.0,,41.0,,False,
2025-12-30T20:00:00.000Z,TR,Turkey,TR,370.0,429.0,,41.0,,False,
2025-12-30T21:00:00.000Z,TR,Turkey,TR,381.0,440.0,,41.0,,False,
2025-12-30T22:00:00.000Z,TR,Turkey,TR,396.0,455.0,,39.0,,False,
2025-12-30T23:00:00.000Z,TR,Turkey,TR,400.0,458.0,,40.0,,False,
2025-12-31T00:00:00.000Z,TR,Turkey,TR,402.0,460.0,,40.0,,False,
2025-12-31T01:00:00.000Z,TR,Turkey,TR,410.0,468.0,,39.0,,False,
2025-12-31T02:00:00.000Z,TR,Turkey,TR,411.0,469.0,,39.0,,False,
2025-12-31T03:00:00.000Z,TR,Turkey,TR,407.0,467.0,,38.0,,False,
2025-12-31T04:00:00.000Z,TR,Turkey,TR,399.0,463.0,,36.0,,False,
2025-12-31T05:00:00.000Z,TR,Turkey,TR,393.0,462.0,,33.0,,False,
2025-12-31T06:00:00.000Z,TR,Turkey,TR,374.0,444.0,,34.0,,False,
2025-12-31T07:00:00.000Z,TR,Turkey,TR,368.0,437.0,,35.0,,False,
2025-12-31T08:00:00.000Z,TR,Turkey,TR,364.0,432.0,,36.0,,False,
2025-12-31T09:00:00.000Z,TR,Turkey,TR,374.0,443.0,,35.0,,False,
2025-12-31T10:00:00.000Z,TR,Turkey,TR,377.0,447.0,,34.0,,False,
2025-12-31T11:00:00.000Z,TR,Turkey,TR,377.0,447.0,,34.0,,False,
2025-12-31T12:00:00.000Z,TR,Turkey,TR,382.0,453.0,,33.0,,False,
2025-12-31T13:00:00.000Z,TR,Turkey,TR,379.0,450.0,,34.0,,False,
2025-12-31T14:00:00.000Z,TR,Turkey,TR,371.0,441.0,,35.0,,False,
2025-12-31T15:00:00.000Z,TR,Turkey,TR,378.0,449.0,,34.0,,False,
2025-12-31T16:00:00.000Z,TR,Turkey,TR,391.0,463.0,,32.0,,False,
2025-12-31T17:00:00.000Z,TR,Turkey,TR,405.0,477.0,,31.0,,False,
2025-12-31T18:00:00.000Z,TR,Turkey,TR,415.0,488.0,,29.0,,False,
2025-12-31T19:00:00.000Z,TR,Turkey,TR,413.0,486.0,,30.0,,False,
2025-12-31T20:00:00.000Z,TR,Turkey,TR,429.0,500.0,,30.0,,False,
2025-12-31T21:00:00.000Z,TR,Turkey,TR,434.0,504.0,,29.0,,False,
2025-12-31T22:00:00.000Z,TR,Turkey,TR,453.0,526.0,,26.0,,False,
2025-12-31T23:00:00.000Z,TR,Turkey,TR,472.0,546.0,,24.0,,False,
