DEBUG: Successfully pulled kepler_container_core_joules_total Wh directly from Kepler for collect-data-qnty9n60
DEBUG: Successfully pulled 0.000972 Wh directly from Kepler for collect-data-qnty9n60
[2026-04-17 18:38:38] [METRIC_CO2] Tarefa: T1 | collect-data-qnty9n60 | Tempo: 0.004415204166666667s | energy: 0.0009716666666666667Wh 
DEBUG: Successfully pulled kepler_container_core_joules_total Wh directly from Kepler for process-a-i1kmmnwt
DEBUG: Successfully pulled kepler_container_core_joules_total Wh directly from Kepler for process-b-bymdbb3h
DEBUG: Successfully pulled 0.000528 Wh directly from Kepler for process-b-bymdbb3h
DEBUG: Successfully pulled 0.000543 Wh directly from Kepler for process-a-i1kmmnwt
[2026-04-18 10:31:54] [METRIC_CO2] Tarefa: T3 | process-b-bymdbb3h | Tempo: 0.0038841469444444447s | energy: 0.0005283333333333333Wh 
[2026-04-18 10:31:54] [METRIC_CO2] Tarefa: T2 | process-a-i1kmmnwt | Tempo: 0.0038843558333333337s | energy: 0.0005433333333333333Wh 
DEBUG: Successfully pulled kepler_container_core_joules_total Wh directly from Kepler for process-c-v4dfssz0
DEBUG: Successfully pulled 0.000528 Wh directly from Kepler for process-c-v4dfssz0
[2026-04-18 10:31:57] [METRIC_CO2] Tarefa: T4 | process-c-v4dfssz0 | Tempo: 0.004758758888888889s | energy: 0.0005283333333333333Wh 
DEBUG: Successfully pulled kepler_container_core_joules_total Wh directly from Kepler for merge-data-pj3m0ab1
DEBUG: Successfully pulled 0.000624 Wh directly from Kepler for merge-data-pj3m0ab1
[2026-04-18 10:32:08] [METRIC_CO2] Tarefa: T5 | merge-data-pj3m0ab1 | Tempo: 0.0027612636111111113s | energy: 0.0006241666666666666Wh 
DEBUG: Successfully pulled kepler_container_core_joules_total Wh directly from Kepler for report-b-dj1o806u
DEBUG: Successfully pulled 0.000438 Wh directly from Kepler for report-b-dj1o806u
DEBUG: Successfully pulled kepler_container_core_joules_total Wh directly from Kepler for report-a-c3l302ik
DEBUG: Successfully pulled 0.000468 Wh directly from Kepler for report-a-c3l302ik
DEBUG: Successfully pulled kepler_container_core_joules_total Wh directly from Kepler for report-c-isv8n93v
DEBUG: Successfully pulled 0.000526 Wh directly from Kepler for report-c-isv8n93v
[2026-04-18 10:32:24] [METRIC_CO2] Tarefa: T7 | report-b-dj1o806u | Tempo: 0.004232367777777778s | energy: 0.0004383333333333333Wh 
[2026-04-18 10:32:24] [METRIC_CO2] Tarefa: T6 | report-a-c3l302ik | Tempo: 0.004233149444444444s | energy: 0.00046750000000000003Wh 
[2026-04-18 10:32:24] [METRIC_CO2] Tarefa: T8 | report-c-isv8n93v | Tempo: 0.004238216944444444s | energy: 0.0005258333333333333Wh 
DEBUG: Successfully pulled kepler_container_core_joules_total Wh directly from Kepler for finalize-9pysb8yw
DEBUG: Successfully pulled 0.000836 Wh directly from Kepler for finalize-9pysb8yw
[2026-04-18 10:32:38] [METRIC_CO2] Tarefa: T9 | finalize-9pysb8yw | Tempo: 0.004129193333333333s | energy: 0.0008358333333333333Wh 

--- DEBUG algo estranhoS:  ---
TOTAL WORKFLOW ENERGY from temp files: 0.0055 Wh
DEBUG: Successfully pulled kepler_container_core_joules_total Wh directly from Kepler for collect-data-pzixe400
DEBUG: Successfully pulled 0.000927 Wh directly from Kepler for collect-data-pzixe400
[2026-04-18 10:43:05] [METRIC_CO2] Tarefa: T1 | collect-data-pzixe400 | Tempo: 0.003759643333333333s | energy: 0.0009266666666666667Wh 
DEBUG: Successfully pulled kepler_container_core_joules_total Wh directly from Kepler for collect-data-tiwxe9an
DEBUG: Successfully pulled 0.000907 Wh directly from Kepler for collect-data-tiwxe9an
[2026-04-18 10:52:16] [METRIC_CO2] Tarefa: T1 | collect-data-tiwxe9an | Tempo: 0.0047742052777777775s | energy: 0.0009075Wh 
DEBUG: Successfully pulled kepler_container_core_joules_total Wh directly from Kepler for collect-data-2dqtb0x1
DEBUG: Successfully pulled 0.001026 Wh directly from Kepler for collect-data-2dqtb0x1
[2026-04-20 17:53:03] [METRIC_CO2] Tarefa: T1 | collect-data-2dqtb0x1 | Tempo: 0.004456294166666667s | energy: 0.0010258333333333335Wh 
DEBUG: Successfully pulled kepler_container_core_joules_total Wh directly from Kepler for process-a-ornhd9aj
DEBUG: Successfully pulled 0.000434 Wh directly from Kepler for process-a-ornhd9aj
[2026-04-20 17:53:13] [METRIC_CO2] Tarefa: T2 | process-a-ornhd9aj | Tempo: 0.0025879544444444447s | energy: 0.00043416666666666663Wh 
DEBUG: Successfully pulled kepler_container_core_joules_total Wh directly from Kepler for process-b-y2cycepd
DEBUG: Successfully pulled 0.000496 Wh directly from Kepler for process-b-y2cycepd
[2026-04-20 17:53:14] [METRIC_CO2] Tarefa: T3 | process-b-y2cycepd | Tempo: 0.0026179361111111107s | energy: 0.0004958333333333333Wh 
DEBUG: Successfully pulled kepler_container_core_joules_total Wh directly from Kepler for process-c-s37cmoti
DEBUG: Successfully pulled 0.000455 Wh directly from Kepler for process-c-s37cmoti
[2026-04-20 17:53:19] [METRIC_CO2] Tarefa: T4 | process-c-s37cmoti | Tempo: 0.004009196388888889s | energy: 0.00045499999999999995Wh 
DEBUG: Successfully pulled kepler_container_core_joules_total Wh directly from Kepler for merge-data-7eyp3057
DEBUG: Successfully pulled 0.000671 Wh directly from Kepler for merge-data-7eyp3057
[2026-04-20 17:53:28] [METRIC_CO2] Tarefa: T5 | merge-data-7eyp3057 | Tempo: 0.0025750641666666668s | energy: 0.0006708333333333334Wh 
DEBUG: Successfully pulled kepler_container_core_joules_total Wh directly from Kepler for report-c-9oahwbcn
DEBUG: Successfully pulled 0.000597 Wh directly from Kepler for report-c-9oahwbcn
[2026-04-20 17:53:44] [METRIC_CO2] Tarefa: T8 | report-c-9oahwbcn | Tempo: 0.004021531388888889s | energy: 0.0005966666666666667Wh 
DEBUG: Successfully pulled kepler_container_core_joules_total Wh directly from Kepler for report-b-6pqpx46t
DEBUG: Successfully pulled kepler_container_core_joules_total Wh directly from Kepler for report-a-c01dbcsz
DEBUG: Successfully pulled 0.000659 Wh directly from Kepler for report-a-c01dbcsz
DEBUG: Successfully pulled 0.000659 Wh directly from Kepler for report-b-6pqpx46t
[2026-04-20 17:53:44] [METRIC_CO2] Tarefa: T6 | report-a-c01dbcsz | Tempo: 0.004028316944444444s | energy: 0.0006591666666666667Wh 
[2026-04-20 17:53:44] [METRIC_CO2] Tarefa: T7 | report-b-6pqpx46t | Tempo: 0.0040289975s | energy: 0.0006591666666666667Wh 
DEBUG: Successfully pulled kepler_container_core_joules_total Wh directly from Kepler for finalize-apm87ikh
DEBUG: Successfully pulled 0.000588 Wh directly from Kepler for finalize-apm87ikh
[2026-04-20 17:53:59] [METRIC_CO2] Tarefa: T9 | finalize-apm87ikh | Tempo: 0.003965419444444444s | energy: 0.0005875Wh 

--- DEBUG algo estranhoS:  ---
TOTAL WORKFLOW ENERGY from temp files: 0.0056 Wh
DEBUG: Successfully pulled kepler_container_core_joules_total Wh directly from Kepler for collect-data-fzvg68g8
DEBUG: Successfully pulled 0.000608 Wh directly from Kepler for collect-data-fzvg68g8
[2026-04-20 18:13:36] [METRIC_CO2] Tarefa: T1 | collect-data-fzvg68g8 | Tempo: 0.004384158333333333s | energy: 0.0006083333333333333Wh 
DEBUG: Successfully pulled kepler_container_core_joules_total Wh directly from Kepler for process-b-zh8163x1
DEBUG: Successfully pulled 0.000469 Wh directly from Kepler for process-b-zh8163x1
[2026-04-20 18:13:46] [METRIC_CO2] Tarefa: T3 | process-b-zh8163x1 | Tempo: 0.0026165963888888887s | energy: 0.00046916666666666667Wh 
DEBUG: Successfully pulled kepler_container_core_joules_total Wh directly from Kepler for process-a-2oiz87hd
DEBUG: Successfully pulled 0.000448 Wh directly from Kepler for process-a-2oiz87hd
[2026-04-20 18:13:46] [METRIC_CO2] Tarefa: T2 | process-a-2oiz87hd | Tempo: 0.0026331058333333335s | energy: 0.00044833333333333335Wh 
DEBUG: Successfully pulled kepler_container_core_joules_total Wh directly from Kepler for process-c-bxdwfqt4
DEBUG: Successfully pulled 0.000448 Wh directly from Kepler for process-c-bxdwfqt4
[2026-04-20 18:13:51] [METRIC_CO2] Tarefa: T4 | process-c-bxdwfqt4 | Tempo: 0.004024504444444445s | energy: 0.00044833333333333335Wh 
DEBUG: Successfully pulled kepler_container_core_joules_total Wh directly from Kepler for merge-data-zmavnarr
DEBUG: Successfully pulled 0.000589 Wh directly from Kepler for merge-data-zmavnarr
[2026-04-20 18:14:01] [METRIC_CO2] Tarefa: T5 | merge-data-zmavnarr | Tempo: 0.002576015277777778s | energy: 0.0005891666666666667Wh 
DEBUG: Successfully pulled kepler_container_core_joules_total Wh directly from Kepler for report-b-lqh1meqc
DEBUG: Successfully pulled 0.000442 Wh directly from Kepler for report-b-lqh1meqc
[2026-04-20 18:14:16] [METRIC_CO2] Tarefa: T7 | report-b-lqh1meqc | Tempo: 0.003994389722222222s | energy: 0.0004416666666666667Wh 
DEBUG: Successfully pulled kepler_container_core_joules_total Wh directly from Kepler for report-c-efin2ta4
DEBUG: Successfully pulled 0.000442 Wh directly from Kepler for report-c-efin2ta4
[2026-04-20 18:14:16] [METRIC_CO2] Tarefa: T8 | report-c-efin2ta4 | Tempo: 0.004015851666666666s | energy: 0.0004416666666666667Wh 
DEBUG: Successfully pulled kepler_container_core_joules_total Wh directly from Kepler for report-a-b53fv9k5
DEBUG: Successfully pulled 0.000401 Wh directly from Kepler for report-a-b53fv9k5
[2026-04-20 18:14:17] [METRIC_CO2] Tarefa: T6 | report-a-b53fv9k5 | Tempo: 0.004311806944444445s | energy: 0.00040083333333333334Wh 
DEBUG: Successfully pulled kepler_container_core_joules_total Wh directly from Kepler for finalize-xhykezvt
DEBUG: Successfully pulled 0.000765 Wh directly from Kepler for finalize-xhykezvt
[2026-04-20 18:14:32] [METRIC_CO2] Tarefa: T9 | finalize-xhykezvt | Tempo: 0.003957336388888889s | energy: 0.0007650000000000001Wh 

--- DEBUG algo estranhoS:  ---
TOTAL WORKFLOW ENERGY from temp files: 0.0046 Wh
DEBUG: Successfully pulled kepler_container_core_joules_total Wh directly from Kepler for collect-data-wbf571l8
DEBUG: Successfully pulled 0.000584 Wh directly from Kepler for collect-data-wbf571l8
[2026-04-20 18:28:45] [METRIC_CO2] Tarefa: T1 | collect-data-wbf571l8 | Tempo: 0.004372248055555555s | energy: 0.0005841666666666668Wh 
DEBUG: Successfully pulled kepler_container_core_joules_total Wh directly from Kepler for process-a-9j8qxxop
DEBUG: Successfully pulled kepler_container_core_joules_total Wh directly from Kepler for process-b-dv2u18il
DEBUG: Successfully pulled 0.000398 Wh directly from Kepler for process-b-dv2u18il
DEBUG: Successfully pulled 0.000370 Wh directly from Kepler for process-a-9j8qxxop
[2026-04-20 18:28:55] [METRIC_CO2] Tarefa: T2 | process-a-9j8qxxop | Tempo: 0.002653891388888889s | energy: 0.00037Wh 
[2026-04-20 18:28:55] [METRIC_CO2] Tarefa: T3 | process-b-dv2u18il | Tempo: 0.002654916111111111s | energy: 0.00039833333333333333Wh 
DEBUG: Successfully pulled kepler_container_core_joules_total Wh directly from Kepler for process-c-wbu1yhgz
DEBUG: Successfully pulled 0.000342 Wh directly from Kepler for process-c-wbu1yhgz
[2026-04-20 18:29:00] [METRIC_CO2] Tarefa: T4 | process-c-wbu1yhgz | Tempo: 0.004050580555555556s | energy: 0.00034166666666666666Wh 
DEBUG: Successfully pulled kepler_container_core_joules_total Wh directly from Kepler for merge-data-9likjld5
DEBUG: Successfully pulled 0.000503 Wh directly from Kepler for merge-data-9likjld5
[2026-04-20 18:29:10] [METRIC_CO2] Tarefa: T5 | merge-data-9likjld5 | Tempo: 0.0026077786111111108s | energy: 0.0005033333333333334Wh 
DEBUG: Successfully pulled kepler_container_core_joules_total Wh directly from Kepler for report-c-i9ljx05w
DEBUG: Successfully pulled 0.000480 Wh directly from Kepler for report-c-i9ljx05w
DEBUG: Successfully pulled kepler_container_core_joules_total Wh directly from Kepler for report-b-gas3oiea
DEBUG: Successfully pulled 0.000440 Wh directly from Kepler for report-b-gas3oiea
[2026-04-20 18:29:25] [METRIC_CO2] Tarefa: T7 | report-b-gas3oiea | Tempo: 0.003998376666666667s | energy: 0.00044Wh 
[2026-04-20 18:29:25] [METRIC_CO2] Tarefa: T8 | report-c-i9ljx05w | Tempo: 0.003997774722222222s | energy: 0.00048Wh 
DEBUG: Successfully pulled kepler_container_core_joules_total Wh directly from Kepler for report-a-1vlwsm6c
DEBUG: Successfully pulled 0.000400 Wh directly from Kepler for report-a-1vlwsm6c
[2026-04-20 18:29:25] [METRIC_CO2] Tarefa: T6 | report-a-1vlwsm6c | Tempo: 0.004011974166666666s | energy: 0.00039999999999999996Wh 
DEBUG: Successfully pulled kepler_container_core_joules_total Wh directly from Kepler for finalize-mreda9sj
DEBUG: Successfully pulled 0.000489 Wh directly from Kepler for finalize-mreda9sj
[2026-04-20 18:29:40] [METRIC_CO2] Tarefa: T9 | finalize-mreda9sj | Tempo: 0.003984577222222222s | energy: 0.0004891666666666666Wh 

--- DEBUG algo estranhoS:  ---
TOTAL WORKFLOW ENERGY from temp files: 0.0040 Wh
DEBUG: Successfully pulled kepler_container_core_joules_total Wh directly from Kepler for collect-data-8zaoimzm
DEBUG: Successfully pulled 0.000562 Wh directly from Kepler for collect-data-8zaoimzm
[2026-04-20 18:37:15] [METRIC_CO2] Tarefa: T1 | collect-data-8zaoimzm | Tempo: 0.004351965833333334s | energy: 0.0005616666666666666Wh 
DEBUG: Successfully pulled kepler_container_core_joules_total Wh directly from Kepler for process-b-kvhprcnb
DEBUG: Successfully pulled 0.000494 Wh directly from Kepler for process-b-kvhprcnb
DEBUG: Successfully pulled kepler_container_core_joules_total Wh directly from Kepler for process-a-xhfi9q1e
DEBUG: Successfully pulled 0.000396 Wh directly from Kepler for process-a-xhfi9q1e
[2026-04-20 18:37:24] [METRIC_CO2] Tarefa: T3 | process-b-kvhprcnb | Tempo: 0.002607147777777778s | energy: 0.0004941666666666666Wh 
[2026-04-20 18:37:24] [METRIC_CO2] Tarefa: T2 | process-a-xhfi9q1e | Tempo: 0.002607082222222222s | energy: 0.0003958333333333333Wh 
DEBUG: Successfully pulled kepler_container_core_joules_total Wh directly from Kepler for process-c-azuuwehi
DEBUG: Successfully pulled 0.000420 Wh directly from Kepler for process-c-azuuwehi
[2026-04-20 18:37:29] [METRIC_CO2] Tarefa: T4 | process-c-azuuwehi | Tempo: 0.0040029975s | energy: 0.00042Wh 
DEBUG: Successfully pulled kepler_container_core_joules_total Wh directly from Kepler for merge-data-sntmae4l
DEBUG: Successfully pulled 0.000564 Wh directly from Kepler for merge-data-sntmae4l
[2026-04-20 18:37:39] [METRIC_CO2] Tarefa: T5 | merge-data-sntmae4l | Tempo: 0.0025544350000000003s | energy: 0.0005641666666666667Wh 
DEBUG: Successfully pulled kepler_container_core_joules_total Wh directly from Kepler for report-c-nihx9zzk
DEBUG: Successfully pulled kepler_container_core_joules_total Wh directly from Kepler for report-a-y7npdcjy
DEBUG: Successfully pulled kepler_container_core_joules_total Wh directly from Kepler for report-b-2m69j0r4
DEBUG: Successfully pulled 0.000226 Wh directly from Kepler for report-a-y7npdcjy
DEBUG: Successfully pulled 0.000271 Wh directly from Kepler for report-b-2m69j0r4
DEBUG: Successfully pulled 0.000241 Wh directly from Kepler for report-c-nihx9zzk
[2026-04-20 18:37:54] [METRIC_CO2] Tarefa: T6 | report-a-y7npdcjy | Tempo: 0.003988843611111111s | energy: 0.0002258333333333333Wh 
[2026-04-20 18:37:54] [METRIC_CO2] Tarefa: T8 | report-c-nihx9zzk | Tempo: 0.0039888480555555555s | energy: 0.00024083333333333332Wh 
[2026-04-20 18:37:54] [METRIC_CO2] Tarefa: T7 | report-b-2m69j0r4 | Tempo: 0.003988938333333333s | energy: 0.0002708333333333333Wh 
DEBUG: Successfully pulled kepler_container_core_joules_total Wh directly from Kepler for finalize-elal9kby
DEBUG: Successfully pulled 0.000508 Wh directly from Kepler for finalize-elal9kby
[2026-04-20 18:38:09] [METRIC_CO2] Tarefa: T9 | finalize-elal9kby | Tempo: 0.003977363888888889s | energy: 0.0005075Wh 

--- DEBUG algo estranhoS:  ---
TOTAL WORKFLOW ENERGY from temp files: 0.0037 Wh
DEBUG: Successfully pulled kepler_container_core_joules_total Wh directly from Kepler for collect-data-2nwdw67a
DEBUG: Successfully pulled 0.000447 Wh directly from Kepler for collect-data-2nwdw67a
[2026-04-20 18:42:56] [METRIC_CO2] Tarefa: T1 | collect-data-2nwdw67a | Tempo: 0.004319383888888889s | energy: 0.0004466666666666667Wh 
DEBUG: Successfully pulled kepler_container_core_joules_total Wh directly from Kepler for process-b-kxpbg8pt
DEBUG: Successfully pulled kepler_container_core_joules_total Wh directly from Kepler for process-a-oqxbbzxx
DEBUG: Successfully pulled 0.000384 Wh directly from Kepler for process-b-kxpbg8pt
DEBUG: Successfully pulled 0.000384 Wh directly from Kepler for process-a-oqxbbzxx
[2026-04-20 18:43:06] [METRIC_CO2] Tarefa: T2 | process-a-oqxbbzxx | Tempo: 0.002590351388888889s | energy: 0.00038416666666666666Wh 
[2026-04-20 18:43:06] [METRIC_CO2] Tarefa: T3 | process-b-kxpbg8pt | Tempo: 0.0025899908333333332s | energy: 0.00038416666666666666Wh 
DEBUG: Successfully pulled kepler_container_core_joules_total Wh directly from Kepler for process-c-xbq9rptb
DEBUG: Successfully pulled 0.000427 Wh directly from Kepler for process-c-xbq9rptb
[2026-04-20 18:43:11] [METRIC_CO2] Tarefa: T4 | process-c-xbq9rptb | Tempo: 0.003976616111111111s | energy: 0.0004275Wh 
DEBUG: Successfully pulled kepler_container_core_joules_total Wh directly from Kepler for merge-data-t9vkoyoh
DEBUG: Successfully pulled 0.000505 Wh directly from Kepler for merge-data-t9vkoyoh
[2026-04-20 18:43:21] [METRIC_CO2] Tarefa: T5 | merge-data-t9vkoyoh | Tempo: 0.0025434983333333335s | energy: 0.000505Wh 
DEBUG: Successfully pulled kepler_container_core_joules_total Wh directly from Kepler for report-c-jch8cdi1
DEBUG: Successfully pulled 0.000308 Wh directly from Kepler for report-c-jch8cdi1
DEBUG: Successfully pulled kepler_container_core_joules_total Wh directly from Kepler for report-a-yo9dedaw
DEBUG: Successfully pulled 0.000341 Wh directly from Kepler for report-a-yo9dedaw
[2026-04-20 18:43:36] [METRIC_CO2] Tarefa: T8 | report-c-jch8cdi1 | Tempo: 0.004025800833333333s | energy: 0.00030833333333333337Wh 
[2026-04-20 18:43:36] [METRIC_CO2] Tarefa: T6 | report-a-yo9dedaw | Tempo: 0.004023039444444445s | energy: 0.00034083333333333334Wh 
DEBUG: Successfully pulled kepler_container_core_joules_total Wh directly from Kepler for report-b-sdx9f0rl
DEBUG: Successfully pulled 0.000293 Wh directly from Kepler for report-b-sdx9f0rl
[2026-04-20 18:43:36] [METRIC_CO2] Tarefa: T7 | report-b-sdx9f0rl | Tempo: 0.004033298611111112s | energy: 0.0002925Wh 
DEBUG: Successfully pulled kepler_container_core_joules_total Wh directly from Kepler for finalize-qt10udjz
DEBUG: Successfully pulled 0.000626 Wh directly from Kepler for finalize-qt10udjz
[2026-04-20 18:43:51] [METRIC_CO2] Tarefa: T9 | finalize-qt10udjz | Tempo: 0.0039469422222222226s | energy: 0.0006258333333333334Wh 

--- DEBUG algo estranhoS:  ---
TOTAL WORKFLOW ENERGY from temp files: 0.0037 Wh
DEBUG: Successfully pulled kepler_container_core_joules_total Wh directly from Kepler for collect-data-lk1chf41
DEBUG: Successfully pulled 0.000578 Wh directly from Kepler for collect-data-lk1chf41
[2026-04-21 11:29:43] [METRIC_CO2] Tarefa: T1 | collect-data-lk1chf41 | Tempo: 0.004513613333333334s | energy: 0.0005783333333333333Wh 
DEBUG: Successfully pulled kepler_container_core_joules_total Wh directly from Kepler for process-b-o8hdopu8
DEBUG: Successfully pulled kepler_container_core_joules_total Wh directly from Kepler for process-a-d4pn78co
DEBUG: Successfully pulled 0.000516 Wh directly from Kepler for process-b-o8hdopu8
DEBUG: Successfully pulled 0.000569 Wh directly from Kepler for process-a-d4pn78co
[2026-04-21 11:29:54] [METRIC_CO2] Tarefa: T2 | process-a-d4pn78co | Tempo: 0.0027737216666666666s | energy: 0.0005691666666666666Wh 
[2026-04-21 11:29:54] [METRIC_CO2] Tarefa: T3 | process-b-o8hdopu8 | Tempo: 0.002774996666666667s | energy: 0.0005158333333333333Wh 
DEBUG: Successfully pulled kepler_container_core_joules_total Wh directly from Kepler for process-c-s7ipkig4
DEBUG: Successfully pulled 0.000551 Wh directly from Kepler for process-c-s7ipkig4
[2026-04-21 11:29:59] [METRIC_CO2] Tarefa: T4 | process-c-s7ipkig4 | Tempo: 0.004163391388888889s | energy: 0.0005508333333333334Wh 
DEBUG: Successfully pulled kepler_container_core_joules_total Wh directly from Kepler for merge-data-y97te4i5
DEBUG: Successfully pulled 0.000806 Wh directly from Kepler for merge-data-y97te4i5
[2026-04-21 11:30:10] [METRIC_CO2] Tarefa: T5 | merge-data-y97te4i5 | Tempo: 0.0027080358333333335s | energy: 0.0008058333333333333Wh 
DEBUG: Successfully pulled kepler_container_core_joules_total Wh directly from Kepler for report-a-0gwnaplh
DEBUG: Successfully pulled 0.000878 Wh directly from Kepler for report-a-0gwnaplh
DEBUG: Successfully pulled kepler_container_core_joules_total Wh directly from Kepler for report-c-cq310lzh
DEBUG: Successfully pulled 0.000849 Wh directly from Kepler for report-c-cq310lzh
DEBUG: Successfully pulled kepler_container_core_joules_total Wh directly from Kepler for report-b-y5hi1mpf
DEBUG: Successfully pulled 0.000908 Wh directly from Kepler for report-b-y5hi1mpf
[2026-04-21 11:30:26] [METRIC_CO2] Tarefa: T6 | report-a-0gwnaplh | Tempo: 0.004154601388888889s | energy: 0.0008783333333333333Wh 
[2026-04-21 11:30:26] [METRIC_CO2] Tarefa: T8 | report-c-cq310lzh | Tempo: 0.004155456944444445s | energy: 0.0008491666666666667Wh 
[2026-04-21 11:30:26] [METRIC_CO2] Tarefa: T7 | report-b-y5hi1mpf | Tempo: 0.004155014444444444s | energy: 0.0009083333333333334Wh 
DEBUG: Successfully pulled kepler_container_core_joules_total Wh directly from Kepler for finalize-cnhahkfv
DEBUG: Successfully pulled 0.000852 Wh directly from Kepler for finalize-cnhahkfv
[2026-04-21 11:30:41] [METRIC_CO2] Tarefa: T9 | finalize-cnhahkfv | Tempo: 0.004099611111111111s | energy: 0.0008516666666666666Wh 

--- DEBUG algo estranhoS:  ---
TOTAL WORKFLOW ENERGY from temp files: 0.0065 Wh
DEBUG: Successfully pulled kepler_container_core_joules_total Wh directly from Kepler for collect-data-mmggb98d
DEBUG: Successfully pulled 0.001674 Wh directly from Kepler for collect-data-mmggb98d
[2026-04-23 14:43:27] [METRIC_CO2] Tarefa: T1 | collect-data-mmggb98d | Tempo: 0.0046686324999999996s | energy: 0.0016741666666666667Wh 
DEBUG: Successfully pulled kepler_container_core_joules_total Wh directly from Kepler for process-a-5v7mxceh
DEBUG: Successfully pulled 0.000809 Wh directly from Kepler for process-a-5v7mxceh
[2026-04-23 15:59:59] [METRIC_CO2] Tarefa: T2 | process-a-5v7mxceh | Tempo: 0.003779621111111111s | energy: 0.0008091666666666666Wh 
DEBUG: Successfully pulled kepler_container_core_joules_total Wh directly from Kepler for collect-data-wzyome20
DEBUG: Successfully pulled 0.000975 Wh directly from Kepler for collect-data-wzyome20
DEBUG: Successfully pulled kepler_container_core_joules_total Wh directly from Kepler for collect-data-yuwlpkq9
DEBUG: Successfully pulled 0.000890 Wh directly from Kepler for collect-data-yuwlpkq9
DEBUG: Successfully pulled kepler_container_core_joules_total Wh directly from Kepler for collect-data-uicrhn9f
DEBUG: Successfully pulled 0.000890 Wh directly from Kepler for collect-data-uicrhn9f
[2026-04-24 11:04:45] [METRIC_CO2] Tarefa: T1 | collect-data-wzyome20 | Tempo: 0.005740177777777777s | energy: 0.000975Wh 
[2026-04-24 11:04:45] [METRIC_CO2] Tarefa: T1 | collect-data-yuwlpkq9 | Tempo: 0.005741521944444444s | energy: 0.0008900000000000001Wh 
[2026-04-24 11:04:45] [METRIC_CO2] Tarefa: T1 | collect-data-uicrhn9f | Tempo: 0.005741594722222222s | energy: 0.0008900000000000001Wh 
DEBUG: Successfully pulled kepler_container_core_joules_total Wh directly from Kepler for process-a-838rschw
DEBUG: Successfully pulled kepler_container_core_joules_total Wh directly from Kepler for process-b-f8t3bsbu
DEBUG: Successfully pulled 0.000341 Wh directly from Kepler for process-b-f8t3bsbu
DEBUG: Successfully pulled 0.000369 Wh directly from Kepler for process-a-838rschw
[2026-04-24 11:04:56] [METRIC_CO2] Tarefa: T3 | process-b-f8t3bsbu | Tempo: 0.0029505766666666666s | energy: 0.00034083333333333334Wh 
[2026-04-24 11:04:56] [METRIC_CO2] Tarefa: T2 | process-a-838rschw | Tempo: 0.002943110277777778s | energy: 0.0003691666666666667Wh 
DEBUG: Successfully pulled kepler_container_core_joules_total Wh directly from Kepler for process-b-qnipomgv
DEBUG: Successfully pulled 0.000735 Wh directly from Kepler for process-b-qnipomgv
[2026-04-24 11:04:57] [METRIC_CO2] Tarefa: T3 | process-b-qnipomgv | Tempo: 0.002983791944444444s | energy: 0.000735Wh 
DEBUG: Successfully pulled kepler_container_core_joules_total Wh directly from Kepler for process-b-5ez9scz5
DEBUG: Successfully pulled 0.001473 Wh directly from Kepler for process-b-5ez9scz5
[2026-04-24 11:04:57] [METRIC_CO2] Tarefa: T3 | process-b-5ez9scz5 | Tempo: 0.0029935105555555556s | energy: 0.0014733333333333334Wh 
DEBUG: Successfully pulled kepler_container_core_joules_total Wh directly from Kepler for process-a-2odlvleg
DEBUG: Successfully pulled kepler_container_core_joules_total Wh directly from Kepler for process-a-n9mwfdvp
DEBUG: Successfully pulled 0.000290 Wh directly from Kepler for process-a-2odlvleg
DEBUG: Successfully pulled 0.000268 Wh directly from Kepler for process-a-n9mwfdvp
[2026-04-24 11:04:58] [METRIC_CO2] Tarefa: T2 | process-a-n9mwfdvp | Tempo: 0.003426126388888889s | energy: 0.0002683333333333333Wh 
[2026-04-24 11:04:58] [METRIC_CO2] Tarefa: T2 | process-a-2odlvleg | Tempo: 0.003420234166666667s | energy: 0.00029Wh 
DEBUG: Successfully pulled kepler_container_core_joules_total Wh directly from Kepler for process-c-uxfegxn8
DEBUG: Successfully pulled 0.000282 Wh directly from Kepler for process-c-uxfegxn8
[2026-04-24 11:05:01] [METRIC_CO2] Tarefa: T4 | process-c-uxfegxn8 | Tempo: 0.004265047777777778s | energy: 0.0002825Wh 
DEBUG: Successfully pulled kepler_container_core_joules_total Wh directly from Kepler for process-c-wwsp8ke7
DEBUG: Successfully pulled 0.000319 Wh directly from Kepler for process-c-wwsp8ke7
[2026-04-24 11:05:01] [METRIC_CO2] Tarefa: T4 | process-c-wwsp8ke7 | Tempo: 0.0043320922222222225s | energy: 0.00031916666666666665Wh 
DEBUG: Successfully pulled kepler_container_core_joules_total Wh directly from Kepler for process-c-lesm00tv
DEBUG: Successfully pulled 0.000328 Wh directly from Kepler for process-c-lesm00tv
[2026-04-24 11:05:01] [METRIC_CO2] Tarefa: T4 | process-c-lesm00tv | Tempo: 0.004342608055555555s | energy: 0.0003283333333333333Wh 
DEBUG: Successfully pulled kepler_container_core_joules_total Wh directly from Kepler for merge-data-vse9yke5
DEBUG: Successfully pulled 0.000828 Wh directly from Kepler for merge-data-vse9yke5
DEBUG: Successfully pulled kepler_container_core_joules_total Wh directly from Kepler for merge-data-obfenz1e
DEBUG: Successfully pulled 0.000751 Wh directly from Kepler for merge-data-obfenz1e
[2026-04-24 11:05:12] [METRIC_CO2] Tarefa: T5 | merge-data-vse9yke5 | Tempo: 0.0027483125s | energy: 0.0008283333333333334Wh 
DEBUG: Successfully pulled kepler_container_core_joules_total Wh directly from Kepler for merge-data-tkj3d0p0
DEBUG: Successfully pulled 0.000777 Wh directly from Kepler for merge-data-tkj3d0p0
[2026-04-24 11:05:12] [METRIC_CO2] Tarefa: T5 | merge-data-obfenz1e | Tempo: 0.002751053333333333s | energy: 0.0007508333333333333Wh 
[2026-04-24 11:05:12] [METRIC_CO2] Tarefa: T5 | merge-data-tkj3d0p0 | Tempo: 0.002754329444444444s | energy: 0.0007766666666666666Wh 
DEBUG: Successfully pulled kepler_container_core_joules_total Wh directly from Kepler for report-c-exez8n6n
DEBUG: Successfully pulled 0.000280 Wh directly from Kepler for report-c-exez8n6n
[2026-04-24 11:05:29] [METRIC_CO2] Tarefa: T8 | report-c-exez8n6n | Tempo: 0.004428299444444445s | energy: 0.00028Wh 
DEBUG: Successfully pulled kepler_container_core_joules_total Wh directly from Kepler for report-a-5kugu8wk
DEBUG: Successfully pulled 0.000280 Wh directly from Kepler for report-a-5kugu8wk
[2026-04-24 11:05:29] [METRIC_CO2] Tarefa: T6 | report-a-5kugu8wk | Tempo: 0.0044293633333333336s | energy: 0.00028Wh 
DEBUG: Successfully pulled kepler_container_core_joules_total Wh directly from Kepler for report-c-42tq7gmv
DEBUG: Successfully pulled 0.000273 Wh directly from Kepler for report-c-42tq7gmv
DEBUG: Successfully pulled kepler_container_core_joules_total Wh directly from Kepler for report-b-j7ofitad
DEBUG: Successfully pulled 0.000243 Wh directly from Kepler for report-b-j7ofitad
DEBUG: Successfully pulled kepler_container_core_joules_total Wh directly from Kepler for report-c-sqa4j8h9
DEBUG: Successfully pulled 0.000273 Wh directly from Kepler for report-c-sqa4j8h9
[2026-04-24 11:05:29] [METRIC_CO2] Tarefa: T8 | report-c-42tq7gmv | Tempo: 0.0044598861111111105s | energy: 0.00027333333333333333Wh 
[2026-04-24 11:05:29] [METRIC_CO2] Tarefa: T8 | report-c-sqa4j8h9 | Tempo: 0.0044588702777777775s | energy: 0.0002725Wh 
[2026-04-24 11:05:29] [METRIC_CO2] Tarefa: T7 | report-b-j7ofitad | Tempo: 0.004457755555555556s | energy: 0.00024333333333333333Wh 
DEBUG: Successfully pulled kepler_container_core_joules_total Wh directly from Kepler for report-a-rjcsmntk
DEBUG: Successfully pulled 0.000272 Wh directly from Kepler for report-a-rjcsmntk
[2026-04-24 11:05:29] [METRIC_CO2] Tarefa: T6 | report-a-rjcsmntk | Tempo: 0.004521491388888889s | energy: 0.00027166666666666664Wh 
DEBUG: Successfully pulled kepler_container_core_joules_total Wh directly from Kepler for report-b-z0qsfy7k
DEBUG: Successfully pulled 0.000228 Wh directly from Kepler for report-b-z0qsfy7k
[2026-04-24 11:05:30] [METRIC_CO2] Tarefa: T7 | report-b-z0qsfy7k | Tempo: 0.004802498333333333s | energy: 0.00022833333333333332Wh 
DEBUG: Successfully pulled kepler_container_core_joules_total Wh directly from Kepler for report-a-vyy8mvdr
DEBUG: Successfully pulled 0.000228 Wh directly from Kepler for report-a-vyy8mvdr
[2026-04-24 11:05:30] [METRIC_CO2] Tarefa: T6 | report-a-vyy8mvdr | Tempo: 0.004807168611111112s | energy: 0.00022833333333333332Wh 
DEBUG: Successfully pulled kepler_container_core_joules_total Wh directly from Kepler for report-b-716nsw9c
DEBUG: Successfully pulled 0.000251 Wh directly from Kepler for report-b-716nsw9c
[2026-04-24 11:05:31] [METRIC_CO2] Tarefa: T7 | report-b-716nsw9c | Tempo: 0.005087577777777778s | energy: 0.0002508333333333333Wh 
DEBUG: Successfully pulled kepler_container_core_joules_total Wh directly from Kepler for finalize-uarpqh2e
DEBUG: Successfully pulled 0.000525 Wh directly from Kepler for finalize-uarpqh2e
[2026-04-24 11:05:45] [METRIC_CO2] Tarefa: T9 | finalize-uarpqh2e | Tempo: 0.0041345980555555556s | energy: 0.000525Wh 
DEBUG: Successfully pulled kepler_container_core_joules_total Wh directly from Kepler for finalize-us86ct54
DEBUG: Successfully pulled 0.000543 Wh directly from Kepler for finalize-us86ct54
[2026-04-24 11:05:46] [METRIC_CO2] Tarefa: T9 | finalize-us86ct54 | Tempo: 0.0041158969444444445s | energy: 0.0005433333333333333Wh 
DEBUG: Successfully pulled kepler_container_core_joules_total Wh directly from Kepler for finalize-0gzuhz4v
DEBUG: Successfully pulled 0.000508 Wh directly from Kepler for finalize-0gzuhz4v
[2026-04-24 11:05:47] [METRIC_CO2] Tarefa: T9 | finalize-0gzuhz4v | Tempo: 0.004096769444444444s | energy: 0.0005075Wh 

--- DEBUG algo estranhoS:  ---
TOTAL WORKFLOW ENERGY from temp files: 0.0040 Wh

--- DEBUG algo estranhoS:  ---
TOTAL WORKFLOW ENERGY from temp files: 0.0044 Wh

--- DEBUG algo estranhoS:  ---
TOTAL WORKFLOW ENERGY from temp files: 0.0050 Wh
DEBUG: Direct Kepler pull failed: HTTPConnectionPool(host='127.0.0.1', port=9102): Max retries exceeded with url: /metrics (Caused by NewConnectionError("HTTPConnection(host='127.0.0.1', port=9102): Failed to establish a new connection: [Errno 111] Connection refused"))
[2026-04-30 15:24:49] [METRIC_CO2] Tarefa: T1 | collect-data-md22kkts | Tempo: 0.004067728888888889s | energy: 0.05Wh 
DEBUG: Direct Kepler pull failed: HTTPConnectionPool(host='127.0.0.1', port=9102): Max retries exceeded with url: /metrics (Caused by NewConnectionError("HTTPConnection(host='127.0.0.1', port=9102): Failed to establish a new connection: [Errno 111] Connection refused"))
[2026-04-30 15:25:00] [METRIC_CO2] Tarefa: T3 | process-b-kszmmz1q | Tempo: 0.0027865777777777777s | energy: 0.05Wh 
DEBUG: Direct Kepler pull failed: HTTPConnectionPool(host='127.0.0.1', port=9102): Max retries exceeded with url: /metrics (Caused by NewConnectionError("HTTPConnection(host='127.0.0.1', port=9102): Failed to establish a new connection: [Errno 111] Connection refused"))
[2026-04-30 15:25:00] [METRIC_CO2] Tarefa: T2 | process-a-0q7v9u77 | Tempo: 0.0027905925s | energy: 0.05Wh 
DEBUG: Direct Kepler pull failed: HTTPConnectionPool(host='127.0.0.1', port=9102): Max retries exceeded with url: /metrics (Caused by NewConnectionError("HTTPConnection(host='127.0.0.1', port=9102): Failed to establish a new connection: [Errno 111] Connection refused"))
[2026-04-30 15:25:39] [METRIC_CO2] Tarefa: T1 | collect-data-jkcukcq7 | Tempo: 0.004049848333333333s | energy: 0.05Wh 
DEBUG: Direct Kepler pull failed: HTTPConnectionPool(host='127.0.0.1', port=9102): Max retries exceeded with url: /metrics (Caused by NewConnectionError("HTTPConnection(host='127.0.0.1', port=9102): Failed to establish a new connection: [Errno 111] Connection refused"))
DEBUG: Direct Kepler pull failed: HTTPConnectionPool(host='127.0.0.1', port=9102): Max retries exceeded with url: /metrics (Caused by NewConnectionError("HTTPConnection(host='127.0.0.1', port=9102): Failed to establish a new connection: [Errno 111] Connection refused"))
[2026-04-30 15:25:50] [METRIC_CO2] Tarefa: T3 | process-b-crc8qgbo | Tempo: 0.00272347s | energy: 0.05Wh 
[2026-04-30 15:25:50] [METRIC_CO2] Tarefa: T2 | process-a-i9j82dxb | Tempo: 0.0027324944444444446s | energy: 0.05Wh 
DEBUG: Direct Kepler pull failed: HTTPConnectionPool(host='127.0.0.1', port=9102): Max retries exceeded with url: /metrics (Caused by NewConnectionError("HTTPConnection(host='127.0.0.1', port=9102): Failed to establish a new connection: [Errno 111] Connection refused"))
[2026-04-30 16:24:36] [METRIC_CO2] Tarefa: T4 | process-c-rzdvg3sw | Tempo: 0.0037542372222222225s | energy: 0.05Wh 
DEBUG: Direct Kepler pull failed: HTTPConnectionPool(host='127.0.0.1', port=9102): Max retries exceeded with url: /metrics (Caused by NewConnectionError("HTTPConnection(host='127.0.0.1', port=9102): Failed to establish a new connection: [Errno 111] Connection refused"))
[2026-04-30 16:24:47] [METRIC_CO2] Tarefa: T5 | merge-data-ar2stwp3 | Tempo: 0.002782069166666667s | energy: 0.05Wh 
DEBUG: Direct Kepler pull failed: HTTPConnectionPool(host='127.0.0.1', port=9102): Max retries exceeded with url: /metrics (Caused by NewConnectionError("HTTPConnection(host='127.0.0.1', port=9102): Failed to establish a new connection: [Errno 111] Connection refused"))
[2026-04-30 16:24:49] [METRIC_CO2] Tarefa: T4 | process-c-g979pkci | Tempo: 0.004265123611111111s | energy: 0.05Wh 
DEBUG: Direct Kepler pull failed: HTTPConnectionPool(host='127.0.0.1', port=9102): Max retries exceeded with url: /metrics (Caused by NewConnectionError("HTTPConnection(host='127.0.0.1', port=9102): Failed to establish a new connection: [Errno 111] Connection refused"))
[2026-04-30 16:25:00] [METRIC_CO2] Tarefa: T5 | merge-data-5gf8frj9 | Tempo: 0.002758908055555556s | energy: 0.05Wh 
DEBUG: Direct Kepler pull failed: HTTPConnectionPool(host='127.0.0.1', port=9102): Max retries exceeded with url: /metrics (Caused by NewConnectionError("HTTPConnection(host='127.0.0.1', port=9102): Failed to establish a new connection: [Errno 111] Connection refused"))
[2026-04-30 16:25:01] [METRIC_CO2] Tarefa: T6 | report-a-kzs06ryi | Tempo: 0.0036275358333333336s | energy: 0.05Wh 
DEBUG: Direct Kepler pull failed: HTTPConnectionPool(host='127.0.0.1', port=9102): Max retries exceeded with url: /metrics (Caused by NewConnectionError("HTTPConnection(host='127.0.0.1', port=9102): Failed to establish a new connection: [Errno 111] Connection refused"))
[2026-04-30 16:25:14] [METRIC_CO2] Tarefa: T6 | report-a-f196uffe | Tempo: 0.003639087222222222s | energy: 0.05Wh 
DEBUG: Successfully pulled kepler_container_core_joules_total Wh directly from Kepler for report-c-uivqsix7
DEBUG: Successfully pulled kepler_container_core_joules_total Wh directly from Kepler for report-b-tw64uz5m
DEBUG: Successfully pulled kepler_container_core_joules_total Wh directly from Kepler for report-c-uarbgvb2
DEBUG: Successfully pulled kepler_container_core_joules_total Wh directly from Kepler for report-b-qjr81mnv
DEBUG: Successfully pulled 0.000977 Wh directly from Kepler for report-c-uarbgvb2
DEBUG: Successfully pulled 0.000846 Wh directly from Kepler for report-b-tw64uz5m
DEBUG: Successfully pulled 0.000864 Wh directly from Kepler for report-c-uivqsix7
DEBUG: Successfully pulled 0.000939 Wh directly from Kepler for report-b-qjr81mnv
[2026-05-01 11:59:28] [METRIC_CO2] Tarefa: T7 | report-b-qjr81mnv | Tempo: 0.0054245955555555555s | energy: 0.0009391666666666666Wh 
[2026-05-01 11:59:28] [METRIC_CO2] Tarefa: T7 | report-b-tw64uz5m | Tempo: 0.005425336111111112s | energy: 0.0008458333333333333Wh 
[2026-05-01 11:59:28] [METRIC_CO2] Tarefa: T8 | report-c-uivqsix7 | Tempo: 0.0054283633333333334s | energy: 0.0008641666666666667Wh 
[2026-05-01 11:59:28] [METRIC_CO2] Tarefa: T8 | report-c-uarbgvb2 | Tempo: 0.0054302272222222225s | energy: 0.0009766666666666667Wh 
DEBUG: Successfully pulled kepler_container_core_joules_total Wh directly from Kepler for finalize-yewyehul
DEBUG: Successfully pulled 0.000625 Wh directly from Kepler for finalize-yewyehul
DEBUG: Successfully pulled kepler_container_core_joules_total Wh directly from Kepler for finalize-141r40oz
DEBUG: Successfully pulled 0.000702 Wh directly from Kepler for finalize-141r40oz
[2026-05-01 11:59:40] [METRIC_CO2] Tarefa: T9 | finalize-yewyehul | Tempo: 0.003246987222222222s | energy: 0.000625Wh 
[2026-05-01 11:59:40] [METRIC_CO2] Tarefa: T9 | finalize-141r40oz | Tempo: 0.003246057222222222s | energy: 0.0007025Wh 

--- DEBUG algo estranhoS:  ---
TOTAL WORKFLOW ENERGY from temp files: 0.3024 Wh

--- DEBUG algo estranhoS:  ---
TOTAL WORKFLOW ENERGY from temp files: 0.3025 Wh
DEBUG: Successfully pulled kepler_container_core_joules_total Wh directly from Kepler for collect-data-0ft1htv9
DEBUG: Successfully pulled 0.001081 Wh directly from Kepler for collect-data-0ft1htv9
[2026-05-04 22:44:14] [METRIC_CO2] Tarefa: T1 | collect-data-0ft1htv9 | Tempo: 0.004337792500000001s | energy: 0.0010808333333333334Wh 
DEBUG: Successfully pulled kepler_container_core_joules_total Wh directly from Kepler for process-b-nfs7lf1n
DEBUG: Successfully pulled 0.000937 Wh directly from Kepler for process-b-nfs7lf1n
DEBUG: Successfully pulled kepler_container_core_joules_total Wh directly from Kepler for process-a-0fcwitgt
DEBUG: Successfully pulled 0.000875 Wh directly from Kepler for process-a-0fcwitgt
[2026-05-04 22:44:24] [METRIC_CO2] Tarefa: T3 | process-b-nfs7lf1n | Tempo: 0.00275115s | energy: 0.0009375Wh 
[2026-05-04 22:44:24] [METRIC_CO2] Tarefa: T2 | process-a-0fcwitgt | Tempo: 0.0027545541666666663s | energy: 0.000875Wh 
DEBUG: Successfully pulled kepler_container_core_joules_total Wh directly from Kepler for collect-data-cmw1ob7t
DEBUG: Successfully pulled kepler_container_core_joules_total Wh directly from Kepler for collect-data-0n6ns1nt
DEBUG: Successfully pulled 0.000628 Wh directly from Kepler for collect-data-0n6ns1nt
DEBUG: Successfully pulled 0.000648 Wh directly from Kepler for collect-data-cmw1ob7t
[2026-05-04 22:45:07] [METRIC_CO2] Tarefa: T1 | collect-data-cmw1ob7t | Tempo: 0.004161973888888889s | energy: 0.0006483333333333333Wh 
[2026-05-04 22:45:07] [METRIC_CO2] Tarefa: T1 | collect-data-0n6ns1nt | Tempo: 0.004161978611111112s | energy: 0.0006283333333333333Wh 
DEBUG: Successfully pulled kepler_container_core_joules_total Wh directly from Kepler for process-b-0st1whqk
DEBUG: Successfully pulled 0.000249 Wh directly from Kepler for process-b-0st1whqk
DEBUG: Successfully pulled kepler_container_core_joules_total Wh directly from Kepler for process-a-vycgt3xb
DEBUG: Successfully pulled 0.000335 Wh directly from Kepler for process-a-vycgt3xb
DEBUG: Successfully pulled kepler_container_core_joules_total Wh directly from Kepler for process-a-xtmd314m
DEBUG: Successfully pulled 0.000249 Wh directly from Kepler for process-a-xtmd314m
[2026-05-04 22:45:16] [METRIC_CO2] Tarefa: T3 | process-b-0st1whqk | Tempo: 0.0020763725s | energy: 0.0002491666666666667Wh 
DEBUG: Successfully pulled kepler_container_core_joules_total Wh directly from Kepler for process-b-xoqs0hzm
DEBUG: Successfully pulled 0.000292 Wh directly from Kepler for process-b-xoqs0hzm
[2026-05-04 22:45:16] [METRIC_CO2] Tarefa: T2 | process-a-vycgt3xb | Tempo: 0.002075516111111111s | energy: 0.000335Wh 
[2026-05-04 22:45:16] [METRIC_CO2] Tarefa: T3 | process-b-xoqs0hzm | Tempo: 0.002078141388888889s | energy: 0.0002916666666666667Wh 
[2026-05-04 22:45:16] [METRIC_CO2] Tarefa: T2 | process-a-xtmd314m | Tempo: 0.0020722705555555557s | energy: 0.0002491666666666667Wh 
DEBUG: Successfully pulled kepler_container_core_joules_total Wh directly from Kepler for collect-data-cpzn5zbe
DEBUG: Successfully pulled 0.000716 Wh directly from Kepler for collect-data-cpzn5zbe
[2026-05-04 23:06:57] [METRIC_CO2] Tarefa: T1 | collect-data-cpzn5zbe | Tempo: 0.0034211080555555558s | energy: 0.0007158333333333333Wh 
DEBUG: Successfully pulled kepler_container_core_joules_total Wh directly from Kepler for process-b-f4owj769
DEBUG: Successfully pulled 0.000819 Wh directly from Kepler for process-b-f4owj769
DEBUG: Successfully pulled kepler_container_core_joules_total Wh directly from Kepler for process-a-4hb1p8py
DEBUG: Successfully pulled 0.000795 Wh directly from Kepler for process-a-4hb1p8py
[2026-05-04 23:07:08] [METRIC_CO2] Tarefa: T2 | process-a-4hb1p8py | Tempo: 0.0027580352777777776s | energy: 0.000795Wh 
[2026-05-04 23:07:08] [METRIC_CO2] Tarefa: T3 | process-b-f4owj769 | Tempo: 0.0027563377777777777s | energy: 0.0008191666666666666Wh 
DEBUG: Successfully pulled kepler_container_core_joules_total Wh directly from Kepler for collect-data-jzos8gd0
DEBUG: Successfully pulled 0.000897 Wh directly from Kepler for collect-data-jzos8gd0
[2026-05-05 12:41:45] [METRIC_CO2] Tarefa: T1 | collect-data-jzos8gd0 | Tempo: 0.004168218611111111s | energy: 0.0008966666666666667Wh 
DEBUG: Successfully pulled kepler_container_core_joules_total Wh directly from Kepler for process-b-4ryq5xo3
DEBUG: Successfully pulled 0.000647 Wh directly from Kepler for process-b-4ryq5xo3
[2026-05-05 12:41:55] [METRIC_CO2] Tarefa: T3 | process-b-4ryq5xo3 | Tempo: 0.002668043888888889s | energy: 0.0006475Wh 
DEBUG: Successfully pulled kepler_container_core_joules_total Wh directly from Kepler for process-a-ihu7wup9
DEBUG: Successfully pulled 0.000622 Wh directly from Kepler for process-a-ihu7wup9
[2026-05-05 12:41:55] [METRIC_CO2] Tarefa: T2 | process-a-ihu7wup9 | Tempo: 0.0026725922222222225s | energy: 0.0006216666666666666Wh 
DEBUG: Successfully pulled kepler_container_core_joules_total Wh directly from Kepler for collect-data-cbnrqj6u
DEBUG: Successfully pulled 0.001368 Wh directly from Kepler for collect-data-cbnrqj6u
[2026-05-05 18:11:09] [METRIC_CO2] Tarefa: T1 | collect-data-cbnrqj6u | Tempo: 0.0041746894444444444s | energy: 0.0013683333333333334Wh 
DEBUG: Successfully pulled kepler_container_core_joules_total Wh directly from Kepler for process-b-2v5iewr7
DEBUG: Successfully pulled 0.000831 Wh directly from Kepler for process-b-2v5iewr7
[2026-05-05 18:11:19] [METRIC_CO2] Tarefa: T3 | process-b-2v5iewr7 | Tempo: 0.0027207366666666664s | energy: 0.0008308333333333334Wh 
DEBUG: Successfully pulled kepler_container_core_joules_total Wh directly from Kepler for process-a-iv8c45pa
DEBUG: Successfully pulled 0.000908 Wh directly from Kepler for process-a-iv8c45pa
[2026-05-05 18:11:19] [METRIC_CO2] Tarefa: T2 | process-a-iv8c45pa | Tempo: 0.0027323375000000002s | energy: 0.0009083333333333334Wh 
DEBUG: Successfully pulled kepler_container_core_joules_total Wh directly from Kepler for process-c-cz2micfd
DEBUG: Successfully pulled 0.001233 Wh directly from Kepler for process-c-cz2micfd
[2026-05-05 19:00:13] [METRIC_CO2] Tarefa: T4 | process-c-cz2micfd | Tempo: 0.003584564722222222s | energy: 0.0012325Wh 
DEBUG: Successfully pulled kepler_container_core_joules_total Wh directly from Kepler for merge-data-bzstmba6
DEBUG: Successfully pulled 0.000631 Wh directly from Kepler for merge-data-bzstmba6
[2026-05-05 19:00:24] [METRIC_CO2] Tarefa: T5 | merge-data-bzstmba6 | Tempo: 0.0027508305555555557s | energy: 0.0006308333333333333Wh 
DEBUG: Successfully pulled kepler_container_core_joules_total Wh directly from Kepler for report-a-xij41vnk
DEBUG: Successfully pulled 0.000900 Wh directly from Kepler for report-a-xij41vnk
[2026-05-05 19:00:37] [METRIC_CO2] Tarefa: T6 | report-a-xij41vnk | Tempo: 0.0034541397222222223s | energy: 0.0009000000000000001Wh 
DEBUG: Successfully pulled kepler_container_core_joules_total Wh directly from Kepler for collect-data-wmha0y80
DEBUG: Successfully pulled 0.000626 Wh directly from Kepler for collect-data-wmha0y80
[2026-05-05 19:10:27] [METRIC_CO2] Tarefa: T1 | collect-data-wmha0y80 | Tempo: 0.0034549469444444445s | energy: 0.0006258333333333334Wh 
DEBUG: Successfully pulled kepler_container_core_joules_total Wh directly from Kepler for process-a-mrx0lhbt
DEBUG: Successfully pulled 0.000669 Wh directly from Kepler for process-a-mrx0lhbt
DEBUG: Successfully pulled kepler_container_core_joules_total Wh directly from Kepler for process-b-tetj3hde
DEBUG: Successfully pulled 0.000615 Wh directly from Kepler for process-b-tetj3hde
[2026-05-05 19:10:37] [METRIC_CO2] Tarefa: T2 | process-a-mrx0lhbt | Tempo: 0.002798551111111111s | energy: 0.0006691666666666667Wh 
[2026-05-05 19:10:37] [METRIC_CO2] Tarefa: T3 | process-b-tetj3hde | Tempo: 0.002801604722222222s | energy: 0.000615Wh 
DEBUG: Successfully pulled kepler_container_core_joules_total Wh directly from Kepler for collect-data-hxklqbzr
DEBUG: Successfully pulled 0.000866 Wh directly from Kepler for collect-data-hxklqbzr
[2026-05-05 19:17:21] [METRIC_CO2] Tarefa: T1 | collect-data-hxklqbzr | Tempo: 0.004964210833333333s | energy: 0.0008658333333333334Wh 
DEBUG: Successfully pulled kepler_container_core_joules_total Wh directly from Kepler for process-a-j09de351
DEBUG: Successfully pulled 0.000350 Wh directly from Kepler for process-a-j09de351
DEBUG: Successfully pulled kepler_container_core_joules_total Wh directly from Kepler for process-b-z2rrz23y
DEBUG: Successfully pulled 0.000327 Wh directly from Kepler for process-b-z2rrz23y
[2026-05-05 19:17:31] [METRIC_CO2] Tarefa: T2 | process-a-j09de351 | Tempo: 0.002769711388888889s | energy: 0.00035Wh 
[2026-05-05 19:17:31] [METRIC_CO2] Tarefa: T3 | process-b-z2rrz23y | Tempo: 0.0027684825000000002s | energy: 0.0003266666666666667Wh 
DEBUG: Successfully pulled kepler_container_core_joules_total Wh directly from Kepler for collect-data-iml35urs
DEBUG: Successfully pulled 0.000411 Wh directly from Kepler for collect-data-iml35urs
[2026-05-05 19:42:13] [METRIC_CO2] Tarefa: T1 | collect-data-iml35urs | Tempo: 0.003403095833333333s | energy: 0.00041083333333333336Wh 
DEBUG: Successfully pulled kepler_container_core_joules_total Wh directly from Kepler for process-b-iach8j4v
DEBUG: Successfully pulled kepler_container_core_joules_total Wh directly from Kepler for process-a-qpqi15ov
DEBUG: Successfully pulled 0.001135 Wh directly from Kepler for process-b-iach8j4v
DEBUG: Successfully pulled 0.001540 Wh directly from Kepler for process-a-qpqi15ov
[2026-05-05 19:42:24] [METRIC_CO2] Tarefa: T2 | process-a-qpqi15ov | Tempo: 0.0027718583333333335s | energy: 0.00154Wh 
[2026-05-05 19:42:24] [METRIC_CO2] Tarefa: T3 | process-b-iach8j4v | Tempo: 0.002773777777777778s | energy: 0.0011350000000000002Wh 
DEBUG: Successfully pulled kepler_container_core_joules_total Wh directly from Kepler for collect-data-7aecydp9
DEBUG: Successfully pulled kepler_container_core_joules_total Wh directly from Kepler for collect-data-1hz4cwlz
DEBUG: Successfully pulled 0.000392 Wh directly from Kepler for collect-data-7aecydp9
DEBUG: Successfully pulled 0.000340 Wh directly from Kepler for collect-data-1hz4cwlz
[2026-05-07 11:52:16] [METRIC_CO2] Tarefa: T1 | collect-data-1hz4cwlz | Tempo: 0.005334205s | energy: 0.00033999999999999997Wh 
[2026-05-07 11:52:16] [METRIC_CO2] Tarefa: T1 | collect-data-7aecydp9 | Tempo: 0.0053376855555555556s | energy: 0.00039166666666666663Wh 
DEBUG: Successfully pulled kepler_container_core_joules_total Wh directly from Kepler for collect-data-ha46sp1q
DEBUG: Successfully pulled 0.000765 Wh directly from Kepler for collect-data-ha46sp1q
[2026-05-07 11:52:16] [METRIC_CO2] Tarefa: T1 | collect-data-ha46sp1q | Tempo: 0.005413286666666667s | energy: 0.0007650000000000001Wh 
DEBUG: Successfully pulled kepler_container_core_joules_total Wh directly from Kepler for process-a-f1cjpjgi
DEBUG: Successfully pulled 0.000379 Wh directly from Kepler for process-a-f1cjpjgi
[2026-05-07 11:52:27] [METRIC_CO2] Tarefa: T2 | process-a-f1cjpjgi | Tempo: 0.002977103888888889s | energy: 0.00037916666666666665Wh 
DEBUG: Successfully pulled kepler_container_core_joules_total Wh directly from Kepler for process-b-534izqmy
DEBUG: Successfully pulled kepler_container_core_joules_total Wh directly from Kepler for process-a-n67eh7do
DEBUG: Successfully pulled 0.000740 Wh directly from Kepler for process-b-534izqmy
DEBUG: Successfully pulled 0.000423 Wh directly from Kepler for process-a-n67eh7do
[2026-05-07 11:52:28] [METRIC_CO2] Tarefa: T2 | process-a-n67eh7do | Tempo: 0.002976505s | energy: 0.00042333333333333334Wh 
DEBUG: Successfully pulled kepler_container_core_joules_total Wh directly from Kepler for process-a-8mvn98p0
DEBUG: Successfully pulled 0.000282 Wh directly from Kepler for process-a-8mvn98p0
DEBUG: Successfully pulled kepler_container_core_joules_total Wh directly from Kepler for process-b-umki77ab
DEBUG: Successfully pulled 0.000493 Wh directly from Kepler for process-b-umki77ab
[2026-05-07 11:52:28] [METRIC_CO2] Tarefa: T3 | process-b-534izqmy | Tempo: 0.002983329166666667s | energy: 0.00074Wh 
[2026-05-07 11:52:28] [METRIC_CO2] Tarefa: T2 | process-a-8mvn98p0 | Tempo: 0.0030073494444444447s | energy: 0.00028166666666666666Wh 
[2026-05-07 11:52:28] [METRIC_CO2] Tarefa: T3 | process-b-umki77ab | Tempo: 0.003000368888888889s | energy: 0.0004933333333333334Wh 
DEBUG: Successfully pulled kepler_container_core_joules_total Wh directly from Kepler for process-b-5z77qa7z
DEBUG: Successfully pulled 0.000291 Wh directly from Kepler for process-b-5z77qa7z
[2026-05-07 11:52:28] [METRIC_CO2] Tarefa: T3 | process-b-5z77qa7z | Tempo: 0.003034879722222222s | energy: 0.0002908333333333333Wh 
DEBUG: Successfully pulled kepler_container_core_joules_total Wh directly from Kepler for process-c-8ecuw9wz
DEBUG: Successfully pulled 0.000299 Wh directly from Kepler for process-c-8ecuw9wz
[2026-05-07 11:52:33] [METRIC_CO2] Tarefa: T4 | process-c-8ecuw9wz | Tempo: 0.004391276111111111s | energy: 0.00029916666666666666Wh 
DEBUG: Successfully pulled kepler_container_core_joules_total Wh directly from Kepler for process-c-vktdu7l5
DEBUG: Successfully pulled 0.000247 Wh directly from Kepler for process-c-vktdu7l5
[2026-05-07 11:52:33] [METRIC_CO2] Tarefa: T4 | process-c-vktdu7l5 | Tempo: 0.004446789166666667s | energy: 0.0002466666666666667Wh 
DEBUG: Successfully pulled kepler_container_core_joules_total Wh directly from Kepler for process-c-ia0h93au
DEBUG: Successfully pulled 0.000476 Wh directly from Kepler for process-c-ia0h93au
[2026-05-07 11:52:33] [METRIC_CO2] Tarefa: T4 | process-c-ia0h93au | Tempo: 0.004472290833333333s | energy: 0.00047583333333333337Wh 
DEBUG: Successfully pulled kepler_container_core_joules_total Wh directly from Kepler for merge-data-zodac4xv
DEBUG: Successfully pulled 0.000476 Wh directly from Kepler for merge-data-zodac4xv
DEBUG: Successfully pulled kepler_container_core_joules_total Wh directly from Kepler for merge-data-crrx5guj
DEBUG: Successfully pulled 0.000492 Wh directly from Kepler for merge-data-crrx5guj
DEBUG: Successfully pulled kepler_container_core_joules_total Wh directly from Kepler for merge-data-bab0pl1r
DEBUG: Successfully pulled 0.000476 Wh directly from Kepler for merge-data-bab0pl1r
[2026-05-07 11:52:43] [METRIC_CO2] Tarefa: T5 | merge-data-zodac4xv | Tempo: 0.0026691813888888886s | energy: 0.00047583333333333337Wh 
[2026-05-07 11:52:43] [METRIC_CO2] Tarefa: T5 | merge-data-crrx5guj | Tempo: 0.0026677477777777778s | energy: 0.0004916666666666666Wh 
[2026-05-07 11:52:43] [METRIC_CO2] Tarefa: T5 | merge-data-bab0pl1r | Tempo: 0.00266929s | energy: 0.00047583333333333337Wh 
DEBUG: Successfully pulled kepler_container_core_joules_total Wh directly from Kepler for report-c-lo4cwr5h
DEBUG: Successfully pulled 0.000477 Wh directly from Kepler for report-c-lo4cwr5h
[2026-05-07 11:52:59] [METRIC_CO2] Tarefa: T8 | report-c-lo4cwr5h | Tempo: 0.004174377222222222s | energy: 0.00047666666666666663Wh 
DEBUG: Successfully pulled kepler_container_core_joules_total Wh directly from Kepler for report-a-asqruo6k
DEBUG: Successfully pulled 0.000554 Wh directly from Kepler for report-a-asqruo6k
[2026-05-07 11:52:59] [METRIC_CO2] Tarefa: T6 | report-a-asqruo6k | Tempo: 0.004199150833333333s | energy: 0.0005541666666666667Wh 
DEBUG: Successfully pulled kepler_container_core_joules_total Wh directly from Kepler for report-b-1nz031xy
DEBUG: Successfully pulled 0.000425 Wh directly from Kepler for report-b-1nz031xy
[2026-05-07 11:52:59] [METRIC_CO2] Tarefa: T7 | report-b-1nz031xy | Tempo: 0.004206281944444445s | energy: 0.00042500000000000003Wh 
DEBUG: Successfully pulled kepler_container_core_joules_total Wh directly from Kepler for report-c-uy39vwdv
DEBUG: Successfully pulled 0.000670 Wh directly from Kepler for report-c-uy39vwdv
[2026-05-07 11:52:59] [METRIC_CO2] Tarefa: T8 | report-c-uy39vwdv | Tempo: 0.0042603691666666665s | energy: 0.00067Wh 
DEBUG: Successfully pulled kepler_container_core_joules_total Wh directly from Kepler for report-c-bsje93hc
DEBUG: Successfully pulled 0.000593 Wh directly from Kepler for report-c-bsje93hc
DEBUG: Successfully pulled kepler_container_core_joules_total Wh directly from Kepler for report-b-0w61mria
DEBUG: Successfully pulled 0.000683 Wh directly from Kepler for report-b-0w61mria
[2026-05-07 11:52:59] [METRIC_CO2] Tarefa: T8 | report-c-bsje93hc | Tempo: 0.004269618888888889s | energy: 0.0005925Wh 
DEBUG: Successfully pulled kepler_container_core_joules_total Wh directly from Kepler for report-a-xf69xdoi
DEBUG: Successfully pulled 0.000361 Wh directly from Kepler for report-a-xf69xdoi
DEBUG: Successfully pulled kepler_container_core_joules_total Wh directly from Kepler for report-b-83d065qk
DEBUG: Successfully pulled 0.000682 Wh directly from Kepler for report-b-83d065qk
[2026-05-07 11:52:59] [METRIC_CO2] Tarefa: T7 | report-b-0w61mria | Tempo: 0.004269742500000001s | energy: 0.0006833333333333333Wh 
[2026-05-07 11:52:59] [METRIC_CO2] Tarefa: T6 | report-a-xf69xdoi | Tempo: 0.004278893611111111s | energy: 0.00036083333333333334Wh 
[2026-05-07 11:52:59] [METRIC_CO2] Tarefa: T7 | report-b-83d065qk | Tempo: 0.004276983333333333s | energy: 0.0006825Wh 
DEBUG: Successfully pulled kepler_container_core_joules_total Wh directly from Kepler for report-a-2sbixtxo
DEBUG: Successfully pulled 0.000373 Wh directly from Kepler for report-a-2sbixtxo
[2026-05-07 11:53:01] [METRIC_CO2] Tarefa: T6 | report-a-2sbixtxo | Tempo: 0.00474879s | energy: 0.0003733333333333334Wh 
DEBUG: Successfully pulled kepler_container_core_joules_total Wh directly from Kepler for finalize-jxr44hcf
DEBUG: Successfully pulled 0.000339 Wh directly from Kepler for finalize-jxr44hcf
[2026-05-07 11:53:14] [METRIC_CO2] Tarefa: T9 | finalize-jxr44hcf | Tempo: 0.004061363333333333s | energy: 0.0003391666666666667Wh 
DEBUG: Successfully pulled kepler_container_core_joules_total Wh directly from Kepler for finalize-ulgep12b
DEBUG: Successfully pulled 0.000352 Wh directly from Kepler for finalize-ulgep12b
[2026-05-07 11:53:15] [METRIC_CO2] Tarefa: T9 | finalize-ulgep12b | Tempo: 0.004042535833333334s | energy: 0.00035249999999999995Wh 
DEBUG: Successfully pulled kepler_container_core_joules_total Wh directly from Kepler for finalize-nbexqwez
DEBUG: Successfully pulled 0.000300 Wh directly from Kepler for finalize-nbexqwez
[2026-05-07 11:53:16] [METRIC_CO2] Tarefa: T9 | finalize-nbexqwez | Tempo: 0.004042748333333333s | energy: 0.00030000000000000003Wh 

--- DEBUG algo estranhoS:  ---
TOTAL WORKFLOW ENERGY from temp files: 0.0041 Wh

--- DEBUG algo estranhoS:  ---
TOTAL WORKFLOW ENERGY from temp files: 0.0038 Wh

--- DEBUG algo estranhoS:  ---
TOTAL WORKFLOW ENERGY from temp files: 0.0044 Wh
DEBUG: Successfully pulled kepler_container_core_joules_total Wh directly from Kepler for collect-data-e8fmu7wb
DEBUG: Successfully pulled 0.000724 Wh directly from Kepler for collect-data-e8fmu7wb
[2026-05-07 12:19:08] [METRIC_CO2] Tarefa: T1 | collect-data-e8fmu7wb | Tempo: 0.004551654166666666s | energy: 0.0007241666666666667Wh 
DEBUG: Successfully pulled kepler_container_core_joules_total Wh directly from Kepler for collect-data-c2oee68y
DEBUG: Successfully pulled 0.001435 Wh directly from Kepler for collect-data-c2oee68y
[2026-05-08 16:30:20] [METRIC_CO2] Tarefa: T1 | collect-data-c2oee68y | Tempo: 0.003511681944444444s | energy: 0.001435Wh 
DEBUG: Successfully pulled kepler_container_core_joules_total Wh directly from Kepler for process-a-oftisx24
DEBUG: Successfully pulled kepler_container_core_joules_total Wh directly from Kepler for process-b-9802lqql
DEBUG: Successfully pulled 0.000848 Wh directly from Kepler for process-a-oftisx24
DEBUG: Successfully pulled 0.000942 Wh directly from Kepler for process-b-9802lqql
[2026-05-08 16:30:30] [METRIC_CO2] Tarefa: T2 | process-a-oftisx24 | Tempo: 0.002765505277777778s | energy: 0.0008475000000000001Wh 
[2026-05-08 16:30:30] [METRIC_CO2] Tarefa: T3 | process-b-9802lqql | Tempo: 0.00276473s | energy: 0.0009416666666666667Wh 
DEBUG: Successfully pulled kepler_container_core_joules_total Wh directly from Kepler for process-c-ls21f6z2
DEBUG: Successfully pulled kepler_container_core_joules_total Wh directly from Kepler for collect-data-zp2749be
DEBUG: Successfully pulled 0.000824 Wh directly from Kepler for process-c-ls21f6z2
DEBUG: Successfully pulled 0.000848 Wh directly from Kepler for collect-data-zp2749be
[2026-05-08 17:00:15] [METRIC_CO2] Tarefa: T1 | collect-data-zp2749be | Tempo: 0.004133965s | energy: 0.0008483333333333333Wh 
[2026-05-08 17:00:15] [METRIC_CO2] Tarefa: T4 | process-c-ls21f6z2 | Tempo: 0.004131885s | energy: 0.0008241666666666667Wh 
DEBUG: Successfully pulled kepler_container_core_joules_total Wh directly from Kepler for merge-data-2ra4are8
DEBUG: Successfully pulled 0.000428 Wh directly from Kepler for merge-data-2ra4are8
DEBUG: Successfully pulled kepler_container_core_joules_total Wh directly from Kepler for process-b-7dp92drn
DEBUG: Successfully pulled 0.000388 Wh directly from Kepler for process-b-7dp92drn
[2026-05-08 17:00:24] [METRIC_CO2] Tarefa: T5 | merge-data-2ra4are8 | Tempo: 0.002067214722222222s | energy: 0.00042833333333333335Wh 
DEBUG: Successfully pulled kepler_container_core_joules_total Wh directly from Kepler for process-a-tqukjc35
DEBUG: Successfully pulled 0.000402 Wh directly from Kepler for process-a-tqukjc35
[2026-05-08 17:00:24] [METRIC_CO2] Tarefa: T3 | process-b-7dp92drn | Tempo: 0.0020749452777777777s | energy: 0.0003883333333333333Wh 
[2026-05-08 17:00:24] [METRIC_CO2] Tarefa: T2 | process-a-tqukjc35 | Tempo: 0.002074869722222222s | energy: 0.00040166666666666665Wh 
DEBUG: Successfully pulled kepler_container_core_joules_total Wh directly from Kepler for report-a-kjqob0c0
DEBUG: Successfully pulled 0.000868 Wh directly from Kepler for report-a-kjqob0c0
[2026-05-08 17:00:39] [METRIC_CO2] Tarefa: T6 | report-a-kjqob0c0 | Tempo: 0.004087496666666667s | energy: 0.0008675000000000001Wh 
DEBUG: Successfully pulled kepler_container_core_joules_total Wh directly from Kepler for collect-data-qgjbi1f0
DEBUG: Successfully pulled 0.001128 Wh directly from Kepler for collect-data-qgjbi1f0
[2026-05-10 14:00:15] [METRIC_CO2] Tarefa: T1 | collect-data-qgjbi1f0 | Tempo: 0.004062295s | energy: 0.0011283333333333334Wh 
DEBUG: Successfully pulled kepler_container_core_joules_total Wh directly from Kepler for process-a-ec9pkyts
DEBUG: Successfully pulled kepler_container_core_joules_total Wh directly from Kepler for process-b-3pdui2s1
DEBUG: Successfully pulled 0.001172 Wh directly from Kepler for process-b-3pdui2s1
DEBUG: Successfully pulled 0.001105 Wh directly from Kepler for process-a-ec9pkyts
[2026-05-10 14:00:22] [METRIC_CO2] Tarefa: T3 | process-b-3pdui2s1 | Tempo: 0.0020006819444444443s | energy: 0.0011716666666666666Wh 
[2026-05-10 14:00:22] [METRIC_CO2] Tarefa: T2 | process-a-ec9pkyts | Tempo: 0.0019984083333333333s | energy: 0.001105Wh 
DEBUG: Successfully pulled kepler_container_core_joules_total Wh directly from Kepler for process-c-j8vc6rim
DEBUG: Successfully pulled 0.001193 Wh directly from Kepler for process-c-j8vc6rim
[2026-05-10 14:00:27] [METRIC_CO2] Tarefa: T4 | process-c-j8vc6rim | Tempo: 0.003394756388888889s | energy: 0.0011933333333333334Wh 
DEBUG: Successfully pulled kepler_container_core_joules_total Wh directly from Kepler for merge-data-vslvwln3
DEBUG: Successfully pulled 0.000716 Wh directly from Kepler for merge-data-vslvwln3
[2026-05-10 14:00:37] [METRIC_CO2] Tarefa: T5 | merge-data-vslvwln3 | Tempo: 0.0025907308333333336s | energy: 0.0007158333333333333Wh 
DEBUG: Successfully pulled kepler_container_core_joules_total Wh directly from Kepler for report-b-x9m7gra2
DEBUG: Successfully pulled 0.000714 Wh directly from Kepler for report-b-x9m7gra2
DEBUG: Successfully pulled kepler_container_core_joules_total Wh directly from Kepler for report-c-uepy3d1j
DEBUG: Successfully pulled 0.000617 Wh directly from Kepler for report-c-uepy3d1j
DEBUG: Successfully pulled kepler_container_core_joules_total Wh directly from Kepler for report-a-l8gwv0xv
DEBUG: Successfully pulled 0.000753 Wh directly from Kepler for report-a-l8gwv0xv
[2026-05-10 14:00:52] [METRIC_CO2] Tarefa: T8 | report-c-uepy3d1j | Tempo: 0.004007680833333333s | energy: 0.0006175Wh 
[2026-05-10 14:00:52] [METRIC_CO2] Tarefa: T7 | report-b-x9m7gra2 | Tempo: 0.004007130833333333s | energy: 0.0007141666666666668Wh 
[2026-05-10 14:00:52] [METRIC_CO2] Tarefa: T6 | report-a-l8gwv0xv | Tempo: 0.004007439166666666s | energy: 0.0007525Wh 
DEBUG: Successfully pulled kepler_container_core_joules_total Wh directly from Kepler for finalize-jxc6j57k
DEBUG: Successfully pulled 0.000675 Wh directly from Kepler for finalize-jxc6j57k
[2026-05-10 14:01:05] [METRIC_CO2] Tarefa: T9 | finalize-jxc6j57k | Tempo: 0.003980769444444444s | energy: 0.000675Wh 

--- DEBUG algo estranhoS:  ---
TOTAL WORKFLOW ENERGY from temp files: 0.0081 Wh
DEBUG: Successfully pulled kepler_container_core_joules_total Wh directly from Kepler for collect-data-pcfkpp94
DEBUG: Successfully pulled 0.000828 Wh directly from Kepler for collect-data-pcfkpp94
[2026-05-10 16:22:28] [METRIC_CO2] Tarefa: T1 | collect-data-pcfkpp94 | Tempo: 0.005582949166666667s | energy: 0.0008283333333333334Wh 
DEBUG: Successfully pulled kepler_container_core_joules_total Wh directly from Kepler for process-a-qy77vamt
DEBUG: Successfully pulled 0.000923 Wh directly from Kepler for process-a-qy77vamt
DEBUG: Successfully pulled kepler_container_core_joules_total Wh directly from Kepler for process-b-pxfz7t5u
DEBUG: Successfully pulled 0.001045 Wh directly from Kepler for process-b-pxfz7t5u
[2026-05-10 16:22:35] [METRIC_CO2] Tarefa: T2 | process-a-qy77vamt | Tempo: 0.0017674241666666667s | energy: 0.0009233333333333333Wh 
[2026-05-10 16:22:35] [METRIC_CO2] Tarefa: T3 | process-b-pxfz7t5u | Tempo: 0.0017678733333333333s | energy: 0.001045Wh 
DEBUG: Successfully pulled kepler_container_core_joules_total Wh directly from Kepler for process-c-0b2olbw6
DEBUG: Successfully pulled 0.001118 Wh directly from Kepler for process-c-0b2olbw6
[2026-05-10 16:22:40] [METRIC_CO2] Tarefa: T4 | process-c-0b2olbw6 | Tempo: 0.003147552222222222s | energy: 0.0011175Wh 
DEBUG: Successfully pulled kepler_container_core_joules_total Wh directly from Kepler for merge-data-9bxpk95c
DEBUG: Successfully pulled 0.000619 Wh directly from Kepler for merge-data-9bxpk95c
[2026-05-10 16:22:50] [METRIC_CO2] Tarefa: T5 | merge-data-9bxpk95c | Tempo: 0.0027336575s | energy: 0.0006191666666666667Wh 
DEBUG: Successfully pulled kepler_container_core_joules_total Wh directly from Kepler for report-c-8cmnwhc8
DEBUG: Successfully pulled kepler_container_core_joules_total Wh directly from Kepler for report-a-xddrkoz4
DEBUG: Successfully pulled 0.000712 Wh directly from Kepler for report-c-8cmnwhc8
DEBUG: Successfully pulled 0.000727 Wh directly from Kepler for report-a-xddrkoz4
DEBUG: Successfully pulled kepler_container_core_joules_total Wh directly from Kepler for report-b-rz8x6yyb
DEBUG: Successfully pulled 0.000848 Wh directly from Kepler for report-b-rz8x6yyb
[2026-05-10 16:23:06] [METRIC_CO2] Tarefa: T8 | report-c-8cmnwhc8 | Tempo: 0.004214233055555555s | energy: 0.0007116666666666667Wh 
[2026-05-10 16:23:06] [METRIC_CO2] Tarefa: T6 | report-a-xddrkoz4 | Tempo: 0.004208938611111111s | energy: 0.0007266666666666667Wh 
[2026-05-10 16:23:06] [METRIC_CO2] Tarefa: T7 | report-b-rz8x6yyb | Tempo: 0.004214691111111111s | energy: 0.0008483333333333333Wh 
DEBUG: Successfully pulled kepler_container_core_joules_total Wh directly from Kepler for finalize-uvgoh0rm
DEBUG: Successfully pulled 0.000918 Wh directly from Kepler for finalize-uvgoh0rm
[2026-05-10 16:23:19] [METRIC_CO2] Tarefa: T9 | finalize-uvgoh0rm | Tempo: 0.004115879722222222s | energy: 0.0009175Wh 

--- DEBUG algo estranhoS:  ---
TOTAL WORKFLOW ENERGY from temp files: 0.0077 Wh
DEBUG: Successfully pulled kepler_container_core_joules_total Wh directly from Kepler for collect-data-agfzo275
DEBUG: Successfully pulled 0.000759 Wh directly from Kepler for collect-data-agfzo275
[2026-05-10 16:48:01] [METRIC_CO2] Tarefa: T1 | collect-data-agfzo275 | Tempo: 0.004707527222222222s | energy: 0.0007591666666666667Wh 
DEBUG: Successfully pulled kepler_container_core_joules_total Wh directly from Kepler for process-b-yq7xbrjv
DEBUG: Successfully pulled 0.001155 Wh directly from Kepler for process-b-yq7xbrjv
DEBUG: Successfully pulled kepler_container_core_joules_total Wh directly from Kepler for process-a-pnrci3ux
DEBUG: Successfully pulled 0.001048 Wh directly from Kepler for process-a-pnrci3ux
[2026-05-10 16:48:09] [METRIC_CO2] Tarefa: T3 | process-b-yq7xbrjv | Tempo: 0.0020929555555555556s | energy: 0.001155Wh 
[2026-05-10 16:48:09] [METRIC_CO2] Tarefa: T2 | process-a-pnrci3ux | Tempo: 0.0020913655555555555s | energy: 0.0010483333333333334Wh 
DEBUG: Successfully pulled kepler_container_core_joules_total Wh directly from Kepler for process-c-fbcu9x8j
DEBUG: Successfully pulled 0.000752 Wh directly from Kepler for process-c-fbcu9x8j
[2026-05-10 17:00:12] [METRIC_CO2] Tarefa: T4 | process-c-fbcu9x8j | Tempo: 0.0034723405555555555s | energy: 0.0007516666666666667Wh 
DEBUG: Successfully pulled kepler_container_core_joules_total Wh directly from Kepler for merge-data-nv8xt0i6
DEBUG: Successfully pulled 0.001866 Wh directly from Kepler for merge-data-nv8xt0i6
[2026-05-10 17:00:23] [METRIC_CO2] Tarefa: T5 | merge-data-nv8xt0i6 | Tempo: 0.0027572747222222227s | energy: 0.0018658333333333333Wh 
DEBUG: Successfully pulled kepler_container_core_joules_total Wh directly from Kepler for report-a-t6lz74je
DEBUG: Successfully pulled 0.000902 Wh directly from Kepler for report-a-t6lz74je
[2026-05-10 17:00:38] [METRIC_CO2] Tarefa: T6 | report-a-t6lz74je | Tempo: 0.004114629444444445s | energy: 0.0009025Wh 
DEBUG: Successfully pulled kepler_container_core_joules_total Wh directly from Kepler for collect-data-yftghcdd
DEBUG: Successfully pulled 0.000941 Wh directly from Kepler for collect-data-yftghcdd
[2026-05-10 17:41:05] [METRIC_CO2] Tarefa: T1 | collect-data-yftghcdd | Tempo: 0.00407935s | energy: 0.0009408333333333333Wh 
DEBUG: Successfully pulled kepler_container_core_joules_total Wh directly from Kepler for process-a-1hachfhp
DEBUG: Successfully pulled kepler_container_core_joules_total Wh directly from Kepler for process-b-47usr1mf
DEBUG: Successfully pulled 0.001322 Wh directly from Kepler for process-a-1hachfhp
DEBUG: Successfully pulled 0.001225 Wh directly from Kepler for process-b-47usr1mf
[2026-05-10 17:41:16] [METRIC_CO2] Tarefa: T2 | process-a-1hachfhp | Tempo: 0.0028444622222222223s | energy: 0.0013216666666666667Wh 
[2026-05-10 17:41:16] [METRIC_CO2] Tarefa: T3 | process-b-47usr1mf | Tempo: 0.002843554166666667s | energy: 0.001225Wh 
DEBUG: Successfully pulled kepler_container_core_joules_total Wh directly from Kepler for collect-data-n3lgs8i4
DEBUG: Successfully pulled 0.001130 Wh directly from Kepler for collect-data-n3lgs8i4
[2026-05-10 17:41:58] [METRIC_CO2] Tarefa: T1 | collect-data-n3lgs8i4 | Tempo: 0.004206307777777778s | energy: 0.00113Wh 
DEBUG: Successfully pulled kepler_container_core_joules_total Wh directly from Kepler for process-b-8m7ljy8u
DEBUG: Successfully pulled 0.000859 Wh directly from Kepler for process-b-8m7ljy8u
DEBUG: Successfully pulled kepler_container_core_joules_total Wh directly from Kepler for process-a-1gnldf9t
DEBUG: Successfully pulled 0.000845 Wh directly from Kepler for process-a-1gnldf9t
[2026-05-10 17:42:06] [METRIC_CO2] Tarefa: T3 | process-b-8m7ljy8u | Tempo: 0.0021186591666666667s | energy: 0.0008591666666666666Wh 
[2026-05-10 17:42:06] [METRIC_CO2] Tarefa: T2 | process-a-1gnldf9t | Tempo: 0.0021195308333333334s | energy: 0.0008449999999999999Wh 
DEBUG: Successfully pulled kepler_container_core_joules_total Wh directly from Kepler for process-c-j4x89oca
DEBUG: Successfully pulled 0.000830 Wh directly from Kepler for process-c-j4x89oca
[2026-05-10 22:05:30] [METRIC_CO2] Tarefa: T4 | process-c-j4x89oca | Tempo: 0.005110294444444444s | energy: 0.00083Wh 
DEBUG: Successfully pulled kepler_container_core_joules_total Wh directly from Kepler for merge-data-0p76pk3y
DEBUG: Successfully pulled 0.000694 Wh directly from Kepler for merge-data-0p76pk3y
[2026-05-10 22:05:36] [METRIC_CO2] Tarefa: T5 | merge-data-0p76pk3y | Tempo: 0.002611886944444445s | energy: 0.0006941666666666667Wh 
DEBUG: Successfully pulled kepler_container_core_joules_total Wh directly from Kepler for report-c-d0f3jc05
DEBUG: Successfully pulled kepler_container_core_joules_total Wh directly from Kepler for process-c-8ykvwwyi
DEBUG: Successfully pulled 0.000347 Wh directly from Kepler for report-c-d0f3jc05
DEBUG: Successfully pulled 0.000320 Wh directly from Kepler for process-c-8ykvwwyi
[2026-05-10 22:56:10] [METRIC_CO2] Tarefa: T8 | report-c-d0f3jc05 | Tempo: 0.005841411111111111s | energy: 0.00034666666666666667Wh 
[2026-05-10 22:56:10] [METRIC_CO2] Tarefa: T4 | process-c-8ykvwwyi | Tempo: 0.005840249444444444s | energy: 0.00031999999999999997Wh 
DEBUG: Successfully pulled kepler_container_core_joules_total Wh directly from Kepler for report-a-y46t1zjm
DEBUG: Successfully pulled 0.000374 Wh directly from Kepler for report-a-y46t1zjm
[2026-05-10 22:56:10] [METRIC_CO2] Tarefa: T6 | report-a-y46t1zjm | Tempo: 0.005862944166666667s | energy: 0.00037416666666666664Wh 
DEBUG: Successfully pulled kepler_container_core_joules_total Wh directly from Kepler for collect-data-8gl0mjaw
DEBUG: Successfully pulled kepler_container_core_joules_total Wh directly from Kepler for report-b-pygqdc19
DEBUG: Successfully pulled 0.000320 Wh directly from Kepler for collect-data-8gl0mjaw
DEBUG: Successfully pulled 0.000338 Wh directly from Kepler for report-b-pygqdc19
[2026-05-10 22:56:12] [METRIC_CO2] Tarefa: T7 | report-b-pygqdc19 | Tempo: 0.00634398s | energy: 0.00033833333333333334Wh 
[2026-05-10 22:56:12] [METRIC_CO2] Tarefa: T1 | collect-data-8gl0mjaw | Tempo: 0.006344747499999999s | energy: 0.00031999999999999997Wh 
DEBUG: Successfully pulled kepler_container_core_joules_total Wh directly from Kepler for merge-data-fmm04m3d
DEBUG: Successfully pulled 0.000441 Wh directly from Kepler for merge-data-fmm04m3d
[2026-05-10 22:56:21] [METRIC_CO2] Tarefa: T5 | merge-data-fmm04m3d | Tempo: 0.002759855277777778s | energy: 0.00044083333333333333Wh 
DEBUG: Successfully pulled kepler_container_core_joules_total Wh directly from Kepler for process-b-geqt7mmt
DEBUG: Successfully pulled kepler_container_core_joules_total Wh directly from Kepler for process-a-3xzdu8sl
DEBUG: Successfully pulled 0.000510 Wh directly from Kepler for process-a-3xzdu8sl
DEBUG: Successfully pulled 0.000429 Wh directly from Kepler for process-b-geqt7mmt
[2026-05-10 22:56:22] [METRIC_CO2] Tarefa: T2 | process-a-3xzdu8sl | Tempo: 0.0028171352777777775s | energy: 0.00051Wh 
[2026-05-10 22:56:22] [METRIC_CO2] Tarefa: T3 | process-b-geqt7mmt | Tempo: 0.002819300833333333s | energy: 0.00042916666666666667Wh 
DEBUG: Successfully pulled kepler_container_core_joules_total Wh directly from Kepler for finalize-ijq3z4jk
DEBUG: Successfully pulled 0.000476 Wh directly from Kepler for finalize-ijq3z4jk
DEBUG: Successfully pulled kepler_container_core_joules_total Wh directly from Kepler for process-c-efci584l
DEBUG: Successfully pulled 0.000685 Wh directly from Kepler for process-c-efci584l
[2026-05-10 22:56:27] [METRIC_CO2] Tarefa: T9 | finalize-ijq3z4jk | Tempo: 0.004215349444444444s | energy: 0.00047583333333333337Wh 
[2026-05-10 22:56:27] [METRIC_CO2] Tarefa: T4 | process-c-efci584l | Tempo: 0.004216018055555555s | energy: 0.0006850000000000001Wh 

--- DEBUG algo estranhoS:  ---
TOTAL WORKFLOW ENERGY from temp files: 0.0065 Wh
DEBUG: Successfully pulled kepler_container_core_joules_total Wh directly from Kepler for report-a-5prncwva
DEBUG: Successfully pulled 0.000438 Wh directly from Kepler for report-a-5prncwva
[2026-05-10 22:56:37] [METRIC_CO2] Tarefa: T6 | report-a-5prncwva | Tempo: 0.0041554669444444445s | energy: 0.0004375Wh 
DEBUG: Successfully pulled kepler_container_core_joules_total Wh directly from Kepler for report-c-7qvulco6
DEBUG: Successfully pulled 0.000791 Wh directly from Kepler for report-c-7qvulco6
[2026-05-10 23:00:26] [METRIC_CO2] Tarefa: T8 | report-c-7qvulco6 | Tempo: 0.005938286111111111s | energy: 0.0007908333333333333Wh 
DEBUG: Successfully pulled kepler_container_core_joules_total Wh directly from Kepler for report-b-ap70uj5r
DEBUG: Successfully pulled 0.000682 Wh directly from Kepler for report-b-ap70uj5r
[2026-05-10 23:00:26] [METRIC_CO2] Tarefa: T7 | report-b-ap70uj5r | Tempo: 0.005964474166666667s | energy: 0.0006816666666666667Wh 
DEBUG: Successfully pulled kepler_container_core_joules_total Wh directly from Kepler for finalize-840dka2s
DEBUG: Successfully pulled 0.000829 Wh directly from Kepler for finalize-840dka2s
[2026-05-10 23:00:42] [METRIC_CO2] Tarefa: T9 | finalize-840dka2s | Tempo: 0.004135485277777778s | energy: 0.0008291666666666666Wh 

--- DEBUG algo estranhoS:  ---
TOTAL WORKFLOW ENERGY from temp files: 0.0063 Wh
DEBUG: Successfully pulled kepler_container_core_joules_total Wh directly from Kepler for collect-data-pvhar9rt
DEBUG: Successfully pulled 0.000725 Wh directly from Kepler for collect-data-pvhar9rt
[2026-05-10 23:12:06] [METRIC_CO2] Tarefa: T1 | collect-data-pvhar9rt | Tempo: 0.004284778611111111s | energy: 0.000725Wh 
DEBUG: Successfully pulled kepler_container_core_joules_total Wh directly from Kepler for collect-data-piabhpc5
DEBUG: Successfully pulled 0.001239 Wh directly from Kepler for collect-data-piabhpc5
[2026-05-11 16:24:10] [METRIC_CO2] Tarefa: T1 | collect-data-piabhpc5 | Tempo: 0.004946958611111111s | energy: 0.0012391666666666668Wh 
DEBUG: Successfully pulled kepler_container_core_joules_total Wh directly from Kepler for process-a-dd5kk0y3
DEBUG: Successfully pulled 0.000697 Wh directly from Kepler for process-a-dd5kk0y3
[2026-05-11 16:24:21] [METRIC_CO2] Tarefa: T2 | process-a-dd5kk0y3 | Tempo: 0.002787278888888889s | energy: 0.0006966666666666666Wh 
DEBUG: Successfully pulled kepler_container_core_joules_total Wh directly from Kepler for process-b-o38vnscc
DEBUG: Successfully pulled 0.000668 Wh directly from Kepler for process-b-o38vnscc
[2026-05-11 16:24:21] [METRIC_CO2] Tarefa: T3 | process-b-o38vnscc | Tempo: 0.0027908033333333333s | energy: 0.0006675Wh 
DEBUG: Successfully pulled kepler_container_core_joules_total Wh directly from Kepler for process-c-o7gpegim
DEBUG: Successfully pulled 0.000504 Wh directly from Kepler for process-c-o7gpegim
[2026-05-11 16:24:26] [METRIC_CO2] Tarefa: T4 | process-c-o7gpegim | Tempo: 0.0042119869444444446s | energy: 0.0005041666666666667Wh 
DEBUG: Successfully pulled kepler_container_core_joules_total Wh directly from Kepler for merge-data-a6lzkybb
DEBUG: Successfully pulled 0.000431 Wh directly from Kepler for merge-data-a6lzkybb
[2026-05-11 16:24:35] [METRIC_CO2] Tarefa: T5 | merge-data-a6lzkybb | Tempo: 0.0022991233333333333s | energy: 0.0004308333333333333Wh 
DEBUG: Successfully pulled kepler_container_core_joules_total Wh directly from Kepler for report-a-vfm4yjvw
DEBUG: Successfully pulled 0.001048 Wh directly from Kepler for report-a-vfm4yjvw
DEBUG: Successfully pulled kepler_container_core_joules_total Wh directly from Kepler for report-c-ivgy7vzm
DEBUG: Successfully pulled 0.000997 Wh directly from Kepler for report-c-ivgy7vzm
DEBUG: Successfully pulled kepler_container_core_joules_total Wh directly from Kepler for report-b-6m403d0d
DEBUG: Successfully pulled 0.001048 Wh directly from Kepler for report-b-6m403d0d
[2026-05-11 16:24:50] [METRIC_CO2] Tarefa: T6 | report-a-vfm4yjvw | Tempo: 0.004183348888888889s | energy: 0.0010475Wh 
[2026-05-11 16:24:50] [METRIC_CO2] Tarefa: T8 | report-c-ivgy7vzm | Tempo: 0.004183048333333333s | energy: 0.0009966666666666668Wh 
[2026-05-11 16:24:50] [METRIC_CO2] Tarefa: T7 | report-b-6m403d0d | Tempo: 0.004182261388888889s | energy: 0.0010475Wh 
DEBUG: Successfully pulled kepler_container_core_joules_total Wh directly from Kepler for finalize-vrjh97n2
DEBUG: Successfully pulled 0.000664 Wh directly from Kepler for finalize-vrjh97n2
[2026-05-11 16:25:05] [METRIC_CO2] Tarefa: T9 | finalize-vrjh97n2 | Tempo: 0.0037609097222222223s | energy: 0.0006641666666666666Wh 

--- DEBUG algo estranhoS:  ---
TOTAL WORKFLOW ENERGY from temp files: 0.0073 Wh
DEBUG: Successfully pulled kepler_container_core_joules_total Wh directly from Kepler for collect-data-2lq8zmps
DEBUG: Successfully pulled 0.000513 Wh directly from Kepler for collect-data-2lq8zmps
[2026-05-11 17:10:21] [METRIC_CO2] Tarefa: T1 | collect-data-2lq8zmps | Tempo: 0.00455272s | energy: 0.0005133333333333333Wh 
DEBUG: Successfully pulled kepler_container_core_joules_total Wh directly from Kepler for process-b-alqxiwwa
DEBUG: Successfully pulled 0.000594 Wh directly from Kepler for process-b-alqxiwwa
DEBUG: Successfully pulled kepler_container_core_joules_total Wh directly from Kepler for process-a-s6q8qysp
DEBUG: Successfully pulled 0.000612 Wh directly from Kepler for process-a-s6q8qysp
[2026-05-11 17:10:30] [METRIC_CO2] Tarefa: T3 | process-b-alqxiwwa | Tempo: 0.0023377997222222223s | energy: 0.0005941666666666666Wh 
[2026-05-11 17:10:30] [METRIC_CO2] Tarefa: T2 | process-a-s6q8qysp | Tempo: 0.0023382255555555558s | energy: 0.0006116666666666666Wh 
DEBUG: Successfully pulled kepler_container_core_joules_total Wh directly from Kepler for collect-data-sc4bwpie
DEBUG: Successfully pulled 0.000438 Wh directly from Kepler for collect-data-sc4bwpie
[2026-05-11 17:26:34] [METRIC_CO2] Tarefa: T1 | collect-data-sc4bwpie | Tempo: 0.00413517s | energy: 0.0004383333333333333Wh 
DEBUG: Successfully pulled kepler_container_core_joules_total Wh directly from Kepler for process-b-87erkwoo
DEBUG: Successfully pulled 0.000814 Wh directly from Kepler for process-b-87erkwoo
DEBUG: Successfully pulled kepler_container_core_joules_total Wh directly from Kepler for process-a-rlm7curw
DEBUG: Successfully pulled 0.000868 Wh directly from Kepler for process-a-rlm7curw
[2026-05-11 17:26:45] [METRIC_CO2] Tarefa: T3 | process-b-87erkwoo | Tempo: 0.0027477186111111115s | energy: 0.0008141666666666667Wh 
[2026-05-11 17:26:45] [METRIC_CO2] Tarefa: T2 | process-a-rlm7curw | Tempo: 0.0027549913888888886s | energy: 0.0008683333333333333Wh 
DEBUG: Successfully pulled kepler_container_core_joules_total Wh directly from Kepler for collect-data-0bkh1vgh
DEBUG: Successfully pulled 0.000797 Wh directly from Kepler for collect-data-0bkh1vgh
[2026-05-11 17:33:47] [METRIC_CO2] Tarefa: T1 | collect-data-0bkh1vgh | Tempo: 0.004119385277777778s | energy: 0.0007966666666666667Wh 
DEBUG: Successfully pulled kepler_container_core_joules_total Wh directly from Kepler for process-a-jh55j1wm
DEBUG: Successfully pulled 0.000548 Wh directly from Kepler for process-a-jh55j1wm
DEBUG: Successfully pulled kepler_container_core_joules_total Wh directly from Kepler for process-b-00xs99s0
DEBUG: Successfully pulled 0.000548 Wh directly from Kepler for process-b-00xs99s0
[2026-05-11 17:33:58] [METRIC_CO2] Tarefa: T2 | process-a-jh55j1wm | Tempo: 0.002763779722222222s | energy: 0.0005475Wh 
[2026-05-11 17:33:58] [METRIC_CO2] Tarefa: T3 | process-b-00xs99s0 | Tempo: 0.0027638600000000004s | energy: 0.0005475Wh 
DEBUG: Successfully pulled kepler_container_core_joules_total Wh directly from Kepler for process-c-j9e3md5v
DEBUG: Successfully pulled 0.001022 Wh directly from Kepler for process-c-j9e3md5v
[2026-05-11 18:00:14] [METRIC_CO2] Tarefa: T4 | process-c-j9e3md5v | Tempo: 0.003690048333333333s | energy: 0.0010216666666666666Wh 
DEBUG: Successfully pulled kepler_container_core_joules_total Wh directly from Kepler for merge-data-dyqbf7sl
DEBUG: Successfully pulled 0.000548 Wh directly from Kepler for merge-data-dyqbf7sl
[2026-05-11 18:00:24] [METRIC_CO2] Tarefa: T5 | merge-data-dyqbf7sl | Tempo: 0.0027115355555555557s | energy: 0.0005483333333333333Wh 
DEBUG: Successfully pulled kepler_container_core_joules_total Wh directly from Kepler for report-a-mwg0gkwj
DEBUG: Successfully pulled 0.000621 Wh directly from Kepler for report-a-mwg0gkwj
[2026-05-11 18:00:38] [METRIC_CO2] Tarefa: T6 | report-a-mwg0gkwj | Tempo: 0.0036678958333333333s | energy: 0.0006208333333333333Wh 
DEBUG: Successfully pulled kepler_container_core_joules_total Wh directly from Kepler for None
[2026-05-13 14:01:28] [METRIC_CO2] Tarefa: setup_matrices | None | Tempo: 0.0031671408333333335s | energy: 0.05Wh 
DEBUG: Successfully pulled kepler_container_core_joules_total Wh directly from Kepler for None
[2026-05-13 14:01:28] [METRIC_CO2] Tarefa: prepare_pairs | None | Tempo: 4.099944444444445e-05s | energy: 0.05Wh 
DEBUG: Successfully pulled kepler_container_core_joules_total Wh directly from Kepler for None
[2026-05-13 14:01:31] [METRIC_CO2] Tarefa: multiply_chunk | None | Tempo: 0.0005056566666666667s | energy: 0.05Wh 
DEBUG: Successfully pulled kepler_container_core_joules_total Wh directly from Kepler for None
[2026-05-13 14:01:32] [METRIC_CO2] Tarefa: multiply_chunk | None | Tempo: 0.0005431713888888889s | energy: 0.05Wh 
DEBUG: Successfully pulled kepler_container_core_joules_total Wh directly from Kepler for None
DEBUG: Successfully pulled kepler_container_core_joules_total Wh directly from Kepler for None
[2026-05-13 14:01:32] [METRIC_CO2] Tarefa: multiply_chunk | None | Tempo: 0.0005969905555555556s | energy: 0.05Wh 
DEBUG: Successfully pulled kepler_container_core_joules_total Wh directly from Kepler for None
DEBUG: Successfully pulled kepler_container_core_joules_total Wh directly from Kepler for None
DEBUG: Successfully pulled kepler_container_core_joules_total Wh directly from Kepler for None
DEBUG: Successfully pulled kepler_container_core_joules_total Wh directly from Kepler for None
[2026-05-13 14:01:32] [METRIC_CO2] Tarefa: multiply_chunk | None | Tempo: 0.0006222291666666668s | energy: 0.05Wh 
DEBUG: Successfully pulled kepler_container_core_joules_total Wh directly from Kepler for None
DEBUG: Successfully pulled kepler_container_core_joules_total Wh directly from Kepler for None
[2026-05-13 14:01:32] [METRIC_CO2] Tarefa: multiply_chunk | None | Tempo: 0.0006488266666666667s | energy: 0.05Wh 
[2026-05-13 14:01:32] [METRIC_CO2] Tarefa: multiply_chunk | None | Tempo: 0.0006800413888888889s | energy: 0.05Wh 
DEBUG: Successfully pulled kepler_container_core_joules_total Wh directly from Kepler for None
[2026-05-13 14:01:32] [METRIC_CO2] Tarefa: multiply_chunk | None | Tempo: 0.0006538708333333333s | energy: 0.05Wh 
[2026-05-13 14:01:32] [METRIC_CO2] Tarefa: multiply_chunk | None | Tempo: 0.0006005416666666666s | energy: 0.05Wh 
[2026-05-13 14:01:32] [METRIC_CO2] Tarefa: multiply_chunk | None | Tempo: 0.0006462305555555556s | energy: 0.05Wh 
[2026-05-13 14:01:32] [METRIC_CO2] Tarefa: multiply_chunk | None | Tempo: 0.0006213972222222222s | energy: 0.05Wh 
DEBUG: Successfully pulled kepler_container_core_joules_total Wh directly from Kepler for None
[2026-05-13 14:01:32] [METRIC_CO2] Tarefa: multiply_chunk | None | Tempo: 0.0007194627777777779s | energy: 0.05Wh 
[2026-05-13 14:01:32] [METRIC_CO2] Tarefa: multiply_chunk | None | Tempo: 0.0005530013888888889s | energy: 0.05Wh 
DEBUG: Successfully pulled kepler_container_core_joules_total Wh directly from Kepler for None
DEBUG: Successfully pulled kepler_container_core_joules_total Wh directly from Kepler for None
DEBUG: Successfully pulled kepler_container_core_joules_total Wh directly from Kepler for None
[2026-05-13 14:01:32] [METRIC_CO2] Tarefa: multiply_chunk | None | Tempo: 0.0006744575s | energy: 0.05Wh 
[2026-05-13 14:01:32] [METRIC_CO2] Tarefa: multiply_chunk | None | Tempo: 0.0007010563888888889s | energy: 0.05Wh 
[2026-05-13 14:01:33] [METRIC_CO2] Tarefa: multiply_chunk | None | Tempo: 0.0006268002777777777s | energy: 0.05Wh 
DEBUG: Successfully pulled kepler_container_core_joules_total Wh directly from Kepler for None
[2026-05-13 14:01:33] [METRIC_CO2] Tarefa: multiply_chunk | None | Tempo: 0.0006665952777777777s | energy: 0.05Wh 
DEBUG: Successfully pulled kepler_container_core_joules_total Wh directly from Kepler for None
[2026-05-13 14:01:33] [METRIC_CO2] Tarefa: multiply_chunk | None | Tempo: 0.00028886555555555557s | energy: 0.05Wh 
DEBUG: Successfully pulled kepler_container_core_joules_total Wh directly from Kepler for None
[2026-05-13 14:01:34] [METRIC_CO2] Tarefa: multiply_chunk | None | Tempo: 0.00034472444444444444s | energy: 0.05Wh 
DEBUG: Successfully pulled kepler_container_core_joules_total Wh directly from Kepler for None
[2026-05-13 14:01:34] [METRIC_CO2] Tarefa: multiply_chunk | None | Tempo: 0.00038246000000000005s | energy: 0.05Wh 
DEBUG: Successfully pulled kepler_container_core_joules_total Wh directly from Kepler for None
DEBUG: Successfully pulled kepler_container_core_joules_total Wh directly from Kepler for None
DEBUG: Successfully pulled kepler_container_core_joules_total Wh directly from Kepler for None
[2026-05-13 14:01:34] [METRIC_CO2] Tarefa: multiply_chunk | None | Tempo: 0.00041859694444444445s | energy: 0.05Wh 
DEBUG: Successfully pulled kepler_container_core_joules_total Wh directly from Kepler for None
DEBUG: Successfully pulled kepler_container_core_joules_total Wh directly from Kepler for None
DEBUG: Successfully pulled kepler_container_core_joules_total Wh directly from Kepler for None
[2026-05-13 14:01:34] [METRIC_CO2] Tarefa: multiply_chunk | None | Tempo: 0.0004421027777777778s | energy: 0.05Wh 
[2026-05-13 14:01:34] [METRIC_CO2] Tarefa: multiply_chunk | None | Tempo: 0.00044590805555555556s | energy: 0.05Wh 
[2026-05-13 14:01:34] [METRIC_CO2] Tarefa: multiply_chunk | None | Tempo: 0.00040948000000000004s | energy: 0.05Wh 
DEBUG: Successfully pulled kepler_container_core_joules_total Wh directly from Kepler for None
[2026-05-13 14:01:34] [METRIC_CO2] Tarefa: multiply_chunk | None | Tempo: 0.0004539888888888889s | energy: 0.05Wh 
DEBUG: Successfully pulled kepler_container_core_joules_total Wh directly from Kepler for None
[2026-05-13 14:01:34] [METRIC_CO2] Tarefa: multiply_chunk | None | Tempo: 0.0005083872222222223s | energy: 0.05Wh 
DEBUG: Successfully pulled kepler_container_core_joules_total Wh directly from Kepler for None
[2026-05-13 14:01:34] [METRIC_CO2] Tarefa: multiply_chunk | None | Tempo: 0.0005037722222222222s | energy: 0.05Wh 
DEBUG: Successfully pulled kepler_container_core_joules_total Wh directly from Kepler for None
[2026-05-13 14:01:34] [METRIC_CO2] Tarefa: multiply_chunk | None | Tempo: 0.0004986716666666667s | energy: 0.05Wh 
[2026-05-13 14:01:34] [METRIC_CO2] Tarefa: multiply_chunk | None | Tempo: 0.0005042072222222222s | energy: 0.05Wh 
DEBUG: Successfully pulled kepler_container_core_joules_total Wh directly from Kepler for None
[2026-05-13 14:01:34] [METRIC_CO2] Tarefa: multiply_chunk | None | Tempo: 0.00040557083333333334s | energy: 0.05Wh 
[2026-05-13 14:01:34] [METRIC_CO2] Tarefa: multiply_chunk | None | Tempo: 0.0005301908333333334s | energy: 0.05Wh 
DEBUG: Successfully pulled kepler_container_core_joules_total Wh directly from Kepler for None
[2026-05-13 14:01:34] [METRIC_CO2] Tarefa: multiply_chunk | None | Tempo: 0.0005720383333333333s | energy: 0.05Wh 
DEBUG: Successfully pulled kepler_container_core_joules_total Wh directly from Kepler for None
[2026-05-13 14:01:34] [METRIC_CO2] Tarefa: multiply_chunk | None | Tempo: 0.00030313194444444447s | energy: 0.05Wh 
DEBUG: Successfully pulled kepler_container_core_joules_total Wh directly from Kepler for None
[2026-05-13 14:02:09] [METRIC_CO2] Tarefa: setup_matrices | None | Tempo: 0.0001694313888888889s | energy: 0.05Wh 
DEBUG: Successfully pulled kepler_container_core_joules_total Wh directly from Kepler for None
[2026-05-13 14:02:10] [METRIC_CO2] Tarefa: prepare_pairs | None | Tempo: 3.6895e-05s | energy: 0.05Wh 
DEBUG: Successfully pulled kepler_container_core_joules_total Wh directly from Kepler for None
[2026-05-13 14:02:12] [METRIC_CO2] Tarefa: multiply_chunk | None | Tempo: 0.0005570675s | energy: 0.05Wh 
DEBUG: Successfully pulled kepler_container_core_joules_total Wh directly from Kepler for None
[2026-05-13 14:02:13] [METRIC_CO2] Tarefa: multiply_chunk | None | Tempo: 0.0005595124999999999s | energy: 0.05Wh 
DEBUG: Successfully pulled kepler_container_core_joules_total Wh directly from Kepler for None
DEBUG: Successfully pulled kepler_container_core_joules_total Wh directly from Kepler for None
[2026-05-13 14:02:13] [METRIC_CO2] Tarefa: multiply_chunk | None | Tempo: 0.000619655s | energy: 0.05Wh 
DEBUG: Successfully pulled kepler_container_core_joules_total Wh directly from Kepler for None
[2026-05-13 14:02:13] [METRIC_CO2] Tarefa: multiply_chunk | None | Tempo: 0.0006760194444444445s | energy: 0.05Wh 
DEBUG: Successfully pulled kepler_container_core_joules_total Wh directly from Kepler for None
[2026-05-13 14:02:13] [METRIC_CO2] Tarefa: multiply_chunk | None | Tempo: 0.000657585s | energy: 0.05Wh 
DEBUG: Successfully pulled kepler_container_core_joules_total Wh directly from Kepler for None
[2026-05-13 14:02:13] [METRIC_CO2] Tarefa: multiply_chunk | None | Tempo: 0.0007242347222222222s | energy: 0.05Wh 
DEBUG: Successfully pulled kepler_container_core_joules_total Wh directly from Kepler for None
DEBUG: Successfully pulled kepler_container_core_joules_total Wh directly from Kepler for None
[2026-05-13 14:02:13] [METRIC_CO2] Tarefa: multiply_chunk | None | Tempo: 0.000782045s | energy: 0.05Wh 
DEBUG: Successfully pulled kepler_container_core_joules_total Wh directly from Kepler for None
DEBUG: Successfully pulled kepler_container_core_joules_total Wh directly from Kepler for None
DEBUG: Successfully pulled kepler_container_core_joules_total Wh directly from Kepler for None
[2026-05-13 14:02:13] [METRIC_CO2] Tarefa: multiply_chunk | None | Tempo: 0.00083645s | energy: 0.05Wh 
[2026-05-13 14:02:13] [METRIC_CO2] Tarefa: multiply_chunk | None | Tempo: 0.00084103s | energy: 0.05Wh 
DEBUG: Successfully pulled kepler_container_core_joules_total Wh directly from Kepler for None
DEBUG: Successfully pulled kepler_container_core_joules_total Wh directly from Kepler for None
[2026-05-13 14:02:13] [METRIC_CO2] Tarefa: multiply_chunk | None | Tempo: 0.0008434811111111111s | energy: 0.05Wh 
[2026-05-13 14:02:13] [METRIC_CO2] Tarefa: multiply_chunk | None | Tempo: 0.0008471041666666667s | energy: 0.05Wh 
[2026-05-13 14:02:13] [METRIC_CO2] Tarefa: multiply_chunk | None | Tempo: 0.0008138633333333333s | energy: 0.05Wh 
DEBUG: Successfully pulled kepler_container_core_joules_total Wh directly from Kepler for None
[2026-05-13 14:02:13] [METRIC_CO2] Tarefa: setup_matrices | None | Tempo: 0.0002441263888888889s | energy: 0.05Wh 
DEBUG: Successfully pulled kepler_container_core_joules_total Wh directly from Kepler for None
DEBUG: Successfully pulled kepler_container_core_joules_total Wh directly from Kepler for None
[2026-05-13 14:02:14] [METRIC_CO2] Tarefa: multiply_chunk | None | Tempo: 0.0007891963888888889s | energy: 0.05Wh 
[2026-05-13 14:02:14] [METRIC_CO2] Tarefa: multiply_chunk | None | Tempo: 0.0006760558333333333s | energy: 0.05Wh 
[2026-05-13 14:02:14] [METRIC_CO2] Tarefa: multiply_chunk | None | Tempo: 0.0007609055555555555s | energy: 0.05Wh 
[2026-05-13 14:02:14] [METRIC_CO2] Tarefa: multiply_chunk | None | Tempo: 0.0006313305555555556s | energy: 0.05Wh 
DEBUG: Successfully pulled kepler_container_core_joules_total Wh directly from Kepler for None
[2026-05-13 14:02:14] [METRIC_CO2] Tarefa: multiply_chunk | None | Tempo: 0.0004133916666666667s | energy: 0.05Wh 
DEBUG: Successfully pulled kepler_container_core_joules_total Wh directly from Kepler for None
[2026-05-13 14:02:15] [METRIC_CO2] Tarefa: multiply_chunk | None | Tempo: 0.0005028055555555556s | energy: 0.05Wh 
DEBUG: Successfully pulled kepler_container_core_joules_total Wh directly from Kepler for None
[2026-05-13 14:02:15] [METRIC_CO2] Tarefa: prepare_pairs | None | Tempo: 0.0002354225s | energy: 0.05Wh 
DEBUG: Successfully pulled kepler_container_core_joules_total Wh directly from Kepler for None
DEBUG: Successfully pulled kepler_container_core_joules_total Wh directly from Kepler for None
[2026-05-13 14:02:15] [METRIC_CO2] Tarefa: multiply_chunk | None | Tempo: 0.00036002888888888885s | energy: 0.05Wh 
[2026-05-13 14:02:15] [METRIC_CO2] Tarefa: multiply_chunk | None | Tempo: 0.00037397499999999997s | energy: 0.05Wh 
DEBUG: Successfully pulled kepler_container_core_joules_total Wh directly from Kepler for None
[2026-05-13 14:02:16] [METRIC_CO2] Tarefa: multiply_chunk | None | Tempo: 0.00041584805555555556s | energy: 0.05Wh 
DEBUG: Successfully pulled kepler_container_core_joules_total Wh directly from Kepler for None
DEBUG: Successfully pulled kepler_container_core_joules_total Wh directly from Kepler for None
DEBUG: Successfully pulled kepler_container_core_joules_total Wh directly from Kepler for None
DEBUG: Successfully pulled kepler_container_core_joules_total Wh directly from Kepler for None
[2026-05-13 14:02:16] [METRIC_CO2] Tarefa: multiply_chunk | None | Tempo: 0.00048803611111111116s | energy: 0.05Wh 
[2026-05-13 14:02:16] [METRIC_CO2] Tarefa: multiply_chunk | None | Tempo: 0.0004880875s | energy: 0.05Wh 
DEBUG: Successfully pulled kepler_container_core_joules_total Wh directly from Kepler for None
[2026-05-13 14:02:16] [METRIC_CO2] Tarefa: multiply_chunk | None | Tempo: 0.0004852158333333333s | energy: 0.05Wh 
DEBUG: Successfully pulled kepler_container_core_joules_total Wh directly from Kepler for None
[2026-05-13 14:02:16] [METRIC_CO2] Tarefa: multiply_chunk | None | Tempo: 0.00055923s | energy: 0.05Wh 
DEBUG: Successfully pulled kepler_container_core_joules_total Wh directly from Kepler for None
DEBUG: Successfully pulled kepler_container_core_joules_total Wh directly from Kepler for None
[2026-05-13 14:02:16] [METRIC_CO2] Tarefa: multiply_chunk | None | Tempo: 0.0006198877777777778s | energy: 0.05Wh 
[2026-05-13 14:02:16] [METRIC_CO2] Tarefa: multiply_chunk | None | Tempo: 0.0006056616666666666s | energy: 0.05Wh 
[2026-05-13 14:02:16] [METRIC_CO2] Tarefa: multiply_chunk | None | Tempo: 0.0005633783333333334s | energy: 0.05Wh 
[2026-05-13 14:02:16] [METRIC_CO2] Tarefa: multiply_chunk | None | Tempo: 0.0004837111111111111s | energy: 0.05Wh 
DEBUG: Successfully pulled kepler_container_core_joules_total Wh directly from Kepler for None
[2026-05-13 14:02:16] [METRIC_CO2] Tarefa: multiply_chunk | None | Tempo: 0.0006576366666666666s | energy: 0.05Wh 
DEBUG: Successfully pulled kepler_container_core_joules_total Wh directly from Kepler for None
[2026-05-13 14:02:17] [METRIC_CO2] Tarefa: multiply_chunk | None | Tempo: 0.0007399186111111112s | energy: 0.05Wh 
DEBUG: Successfully pulled kepler_container_core_joules_total Wh directly from Kepler for None
DEBUG: Successfully pulled kepler_container_core_joules_total Wh directly from Kepler for None
DEBUG: Successfully pulled kepler_container_core_joules_total Wh directly from Kepler for None
[2026-05-13 14:02:17] [METRIC_CO2] Tarefa: multiply_chunk | None | Tempo: 0.00045800638888888887s | energy: 0.05Wh 
DEBUG: Successfully pulled kepler_container_core_joules_total Wh directly from Kepler for None
DEBUG: Successfully pulled kepler_container_core_joules_total Wh directly from Kepler for None
DEBUG: Successfully pulled kepler_container_core_joules_total Wh directly from Kepler for None
[2026-05-13 14:02:18] [METRIC_CO2] Tarefa: multiply_chunk | None | Tempo: 0.0004582427777777778s | energy: 0.05Wh 
[2026-05-13 14:02:18] [METRIC_CO2] Tarefa: multiply_chunk | None | Tempo: 0.0005668061111111111s | energy: 0.05Wh 
[2026-05-13 14:02:18] [METRIC_CO2] Tarefa: multiply_chunk | None | Tempo: 0.0004934063888888889s | energy: 0.05Wh 
DEBUG: Successfully pulled kepler_container_core_joules_total Wh directly from Kepler for None
[2026-05-13 14:02:18] [METRIC_CO2] Tarefa: multiply_chunk | None | Tempo: 0.0004973244444444444s | energy: 0.05Wh 
[2026-05-13 14:02:18] [METRIC_CO2] Tarefa: multiply_chunk | None | Tempo: 0.0005637386111111112s | energy: 0.05Wh 
DEBUG: Successfully pulled kepler_container_core_joules_total Wh directly from Kepler for None
DEBUG: Successfully pulled kepler_container_core_joules_total Wh directly from Kepler for None
[2026-05-13 14:02:18] [METRIC_CO2] Tarefa: multiply_chunk | None | Tempo: 0.000588098611111111s | energy: 0.05Wh 
DEBUG: Successfully pulled kepler_container_core_joules_total Wh directly from Kepler for None
DEBUG: Successfully pulled kepler_container_core_joules_total Wh directly from Kepler for None
[2026-05-13 14:02:18] [METRIC_CO2] Tarefa: multiply_chunk | None | Tempo: 0.0005905380555555555s | energy: 0.05Wh 
DEBUG: Successfully pulled kepler_container_core_joules_total Wh directly from Kepler for None
[2026-05-13 14:02:18] [METRIC_CO2] Tarefa: multiply_chunk | None | Tempo: 0.0006368563888888889s | energy: 0.05Wh 
[2026-05-13 14:02:18] [METRIC_CO2] Tarefa: multiply_chunk | None | Tempo: 0.0005385647222222222s | energy: 0.05Wh 
DEBUG: Successfully pulled kepler_container_core_joules_total Wh directly from Kepler for None
DEBUG: Successfully pulled kepler_container_core_joules_total Wh directly from Kepler for None
DEBUG: Successfully pulled kepler_container_core_joules_total Wh directly from Kepler for None
[2026-05-13 14:02:18] [METRIC_CO2] Tarefa: multiply_chunk | None | Tempo: 0.0006015788888888889s | energy: 0.05Wh 
[2026-05-13 14:02:18] [METRIC_CO2] Tarefa: multiply_chunk | None | Tempo: 0.0006494511111111111s | energy: 0.05Wh 
[2026-05-13 14:02:18] [METRIC_CO2] Tarefa: multiply_chunk | None | Tempo: 0.0006633688888888889s | energy: 0.05Wh 
[2026-05-13 14:02:18] [METRIC_CO2] Tarefa: multiply_chunk | None | Tempo: 0.0005254647222222222s | energy: 0.05Wh 
[2026-05-13 14:02:18] [METRIC_CO2] Tarefa: multiply_chunk | None | Tempo: 0.0004425311111111111s | energy: 0.05Wh 
DEBUG: Successfully pulled kepler_container_core_joules_total Wh directly from Kepler for None
[2026-05-13 14:02:19] [METRIC_CO2] Tarefa: multiply_chunk | None | Tempo: 0.0009912752777777778s | energy: 0.05Wh 
DEBUG: Successfully pulled kepler_container_core_joules_total Wh directly from Kepler for None
[2026-05-13 14:02:19] [METRIC_CO2] Tarefa: multiply_chunk | None | Tempo: 0.0008184013888888888s | energy: 0.05Wh 
DEBUG: Successfully pulled kepler_container_core_joules_total Wh directly from Kepler for None
[2026-05-13 14:02:20] [METRIC_CO2] Tarefa: multiply_chunk | None | Tempo: 0.0003471763888888889s | energy: 0.05Wh 
DEBUG: Successfully pulled kepler_container_core_joules_total Wh directly from Kepler for None
DEBUG: Successfully pulled kepler_container_core_joules_total Wh directly from Kepler for None
[2026-05-13 14:02:20] [METRIC_CO2] Tarefa: multiply_chunk | None | Tempo: 0.00037866416666666665s | energy: 0.05Wh 
[2026-05-13 14:02:20] [METRIC_CO2] Tarefa: multiply_chunk | None | Tempo: 0.0004180663888888889s | energy: 0.05Wh 
DEBUG: Successfully pulled kepler_container_core_joules_total Wh directly from Kepler for None
DEBUG: Successfully pulled kepler_container_core_joules_total Wh directly from Kepler for None
[2026-05-13 14:02:20] [METRIC_CO2] Tarefa: multiply_chunk | None | Tempo: 0.00045341166666666667s | energy: 0.05Wh 
DEBUG: Successfully pulled kepler_container_core_joules_total Wh directly from Kepler for None
DEBUG: Successfully pulled kepler_container_core_joules_total Wh directly from Kepler for None
[2026-05-13 14:02:20] [METRIC_CO2] Tarefa: multiply_chunk | None | Tempo: 0.0005102116666666666s | energy: 0.05Wh 
DEBUG: Successfully pulled kepler_container_core_joules_total Wh directly from Kepler for None
DEBUG: Successfully pulled kepler_container_core_joules_total Wh directly from Kepler for None
[2026-05-13 14:02:20] [METRIC_CO2] Tarefa: multiply_chunk | None | Tempo: 0.0004987630555555555s | energy: 0.05Wh 
DEBUG: Successfully pulled kepler_container_core_joules_total Wh directly from Kepler for None
DEBUG: Successfully pulled kepler_container_core_joules_total Wh directly from Kepler for None
[2026-05-13 14:02:20] [METRIC_CO2] Tarefa: multiply_chunk | None | Tempo: 0.00045956416666666667s | energy: 0.05Wh 
[2026-05-13 14:02:20] [METRIC_CO2] Tarefa: multiply_chunk | None | Tempo: 0.00037486916666666664s | energy: 0.05Wh 
[2026-05-13 14:02:20] [METRIC_CO2] Tarefa: multiply_chunk | None | Tempo: 0.0005258811111111112s | energy: 0.05Wh 
DEBUG: Successfully pulled kepler_container_core_joules_total Wh directly from Kepler for None
[2026-05-13 14:02:20] [METRIC_CO2] Tarefa: multiply_chunk | None | Tempo: 0.0005299255555555555s | energy: 0.05Wh 
[2026-05-13 14:02:20] [METRIC_CO2] Tarefa: multiply_chunk | None | Tempo: 0.0005434680555555556s | energy: 0.05Wh 
[2026-05-13 14:02:20] [METRIC_CO2] Tarefa: multiply_chunk | None | Tempo: 0.00042493166666666667s | energy: 0.05Wh 
DEBUG: Successfully pulled kepler_container_core_joules_total Wh directly from Kepler for None
[2026-05-13 14:02:20] [METRIC_CO2] Tarefa: multiply_chunk | None | Tempo: 0.0005821958333333334s | energy: 0.05Wh 
DEBUG: Successfully pulled kepler_container_core_joules_total Wh directly from Kepler for None
[2026-05-13 14:02:21] [METRIC_CO2] Tarefa: multiply_chunk | None | Tempo: 0.0004568852777777778s | energy: 0.05Wh 
DEBUG: Successfully pulled kepler_container_core_joules_total Wh directly from Kepler for None
[2026-05-13 14:02:21] [METRIC_CO2] Tarefa: multiply_chunk | None | Tempo: 0.00029520666666666665s | energy: 0.05Wh 
DEBUG: Successfully pulled kepler_container_core_joules_total Wh directly from Kepler for None
[2026-05-13 14:02:21] [METRIC_CO2] Tarefa: multiply_chunk | None | Tempo: 0.00031326555555555557s | energy: 0.05Wh 
DEBUG: Successfully pulled kepler_container_core_joules_total Wh directly from Kepler for None
[2026-05-13 14:05:38] [METRIC_CO2] Tarefa: setup_matrices | None | Tempo: 0.003718162777777778s | energy: 0.05Wh 
DEBUG: Successfully pulled kepler_container_core_joules_total Wh directly from Kepler for None
[2026-05-13 14:05:39] [METRIC_CO2] Tarefa: prepare_pairs | None | Tempo: 3.6889722222222225e-05s | energy: 0.05Wh 
DEBUG: Successfully pulled kepler_container_core_joules_total Wh directly from Kepler for None
[2026-05-13 14:05:42] [METRIC_CO2] Tarefa: multiply_chunk | None | Tempo: 0.0004272819444444445s | energy: 0.05Wh 
DEBUG: Successfully pulled kepler_container_core_joules_total Wh directly from Kepler for None
DEBUG: Successfully pulled kepler_container_core_joules_total Wh directly from Kepler for None
[2026-05-13 14:05:42] [METRIC_CO2] Tarefa: multiply_chunk | None | Tempo: 0.0004738330555555556s | energy: 0.05Wh 
[2026-05-13 14:05:42] [METRIC_CO2] Tarefa: multiply_chunk | None | Tempo: 0.0005099022222222222s | energy: 0.05Wh 
DEBUG: Successfully pulled kepler_container_core_joules_total Wh directly from Kepler for None
DEBUG: Successfully pulled kepler_container_core_joules_total Wh directly from Kepler for None
[2026-05-13 14:05:42] [METRIC_CO2] Tarefa: multiply_chunk | None | Tempo: 0.00053954s | energy: 0.05Wh 
DEBUG: Successfully pulled kepler_container_core_joules_total Wh directly from Kepler for None
[2026-05-13 14:05:42] [METRIC_CO2] Tarefa: multiply_chunk | None | Tempo: 0.0006028902777777778s | energy: 0.05Wh 
[2026-05-13 14:05:42] [METRIC_CO2] Tarefa: multiply_chunk | None | Tempo: 0.0006059011111111111s | energy: 0.05Wh 
DEBUG: Successfully pulled kepler_container_core_joules_total Wh directly from Kepler for None
DEBUG: Successfully pulled kepler_container_core_joules_total Wh directly from Kepler for None
DEBUG: Successfully pulled kepler_container_core_joules_total Wh directly from Kepler for None
DEBUG: Successfully pulled kepler_container_core_joules_total Wh directly from Kepler for None
[2026-05-13 14:05:42] [METRIC_CO2] Tarefa: multiply_chunk | None | Tempo: 0.0006391702777777779s | energy: 0.05Wh 
DEBUG: Successfully pulled kepler_container_core_joules_total Wh directly from Kepler for None
[2026-05-13 14:05:42] [METRIC_CO2] Tarefa: multiply_chunk | None | Tempo: 0.0006514461111111112s | energy: 0.05Wh 
[2026-05-13 14:05:42] [METRIC_CO2] Tarefa: multiply_chunk | None | Tempo: 0.0006110569444444444s | energy: 0.05Wh 
DEBUG: Successfully pulled kepler_container_core_joules_total Wh directly from Kepler for None
[2026-05-13 14:05:42] [METRIC_CO2] Tarefa: multiply_chunk | None | Tempo: 0.0006303127777777778s | energy: 0.05Wh 
DEBUG: Successfully pulled kepler_container_core_joules_total Wh directly from Kepler for None
[2026-05-13 14:05:42] [METRIC_CO2] Tarefa: multiply_chunk | None | Tempo: 0.0006656638888888889s | energy: 0.05Wh 
[2026-05-13 14:05:42] [METRIC_CO2] Tarefa: multiply_chunk | None | Tempo: 0.000552823888888889s | energy: 0.05Wh 
[2026-05-13 14:05:42] [METRIC_CO2] Tarefa: multiply_chunk | None | Tempo: 0.0006361272222222223s | energy: 0.05Wh 
DEBUG: Successfully pulled kepler_container_core_joules_total Wh directly from Kepler for None
[2026-05-13 14:05:42] [METRIC_CO2] Tarefa: multiply_chunk | None | Tempo: 0.0006849744444444445s | energy: 0.05Wh 
DEBUG: Successfully pulled kepler_container_core_joules_total Wh directly from Kepler for None
[2026-05-13 14:05:43] [METRIC_CO2] Tarefa: multiply_chunk | None | Tempo: 0.0005588313888888888s | energy: 0.05Wh 
DEBUG: Successfully pulled kepler_container_core_joules_total Wh directly from Kepler for None
DEBUG: Successfully pulled kepler_container_core_joules_total Wh directly from Kepler for None
[2026-05-13 14:05:43] [METRIC_CO2] Tarefa: multiply_chunk | None | Tempo: 0.0005357138888888889s | energy: 0.05Wh 
[2026-05-13 14:05:43] [METRIC_CO2] Tarefa: multiply_chunk | None | Tempo: 0.0003856836111111111s | energy: 0.05Wh 
DEBUG: Successfully pulled kepler_container_core_joules_total Wh directly from Kepler for None
DEBUG: Successfully pulled kepler_container_core_joules_total Wh directly from Kepler for None
[2026-05-13 14:05:44] [METRIC_CO2] Tarefa: multiply_chunk | None | Tempo: 0.0004712191666666666s | energy: 0.05Wh 
[2026-05-13 14:05:44] [METRIC_CO2] Tarefa: multiply_chunk | None | Tempo: 0.00048432916666666666s | energy: 0.05Wh 
DEBUG: Successfully pulled kepler_container_core_joules_total Wh directly from Kepler for None
DEBUG: Successfully pulled kepler_container_core_joules_total Wh directly from Kepler for None
[2026-05-13 14:05:44] [METRIC_CO2] Tarefa: multiply_chunk | None | Tempo: 0.0005305247222222222s | energy: 0.05Wh 
DEBUG: Successfully pulled kepler_container_core_joules_total Wh directly from Kepler for None
DEBUG: Successfully pulled kepler_container_core_joules_total Wh directly from Kepler for None
[2026-05-13 14:05:45] [METRIC_CO2] Tarefa: multiply_chunk | None | Tempo: 0.0005591572222222222s | energy: 0.05Wh 
[2026-05-13 14:05:45] [METRIC_CO2] Tarefa: multiply_chunk | None | Tempo: 0.0005685872222222222s | energy: 0.05Wh 
DEBUG: Successfully pulled kepler_container_core_joules_total Wh directly from Kepler for None
DEBUG: Successfully pulled kepler_container_core_joules_total Wh directly from Kepler for None
[2026-05-13 14:05:45] [METRIC_CO2] Tarefa: multiply_chunk | None | Tempo: 0.0005383363888888889s | energy: 0.05Wh 
[2026-05-13 14:05:45] [METRIC_CO2] Tarefa: multiply_chunk | None | Tempo: 0.0006106566666666668s | energy: 0.05Wh 
DEBUG: Successfully pulled kepler_container_core_joules_total Wh directly from Kepler for None
[2026-05-13 14:05:45] [METRIC_CO2] Tarefa: multiply_chunk | None | Tempo: 0.0006033311111111111s | energy: 0.05Wh 
[2026-05-13 14:05:45] [METRIC_CO2] Tarefa: multiply_chunk | None | Tempo: 0.0006180666666666667s | energy: 0.05Wh 
DEBUG: Successfully pulled kepler_container_core_joules_total Wh directly from Kepler for None
DEBUG: Successfully pulled kepler_container_core_joules_total Wh directly from Kepler for None
DEBUG: Successfully pulled kepler_container_core_joules_total Wh directly from Kepler for None
[2026-05-13 14:05:45] [METRIC_CO2] Tarefa: multiply_chunk | None | Tempo: 0.0006592047222222222s | energy: 0.05Wh 
DEBUG: Successfully pulled kepler_container_core_joules_total Wh directly from Kepler for None
[2026-05-13 14:05:45] [METRIC_CO2] Tarefa: multiply_chunk | None | Tempo: 0.0006639225s | energy: 0.05Wh 
[2026-05-13 14:05:45] [METRIC_CO2] Tarefa: multiply_chunk | None | Tempo: 0.0006507305555555556s | energy: 0.05Wh 
[2026-05-13 14:05:45] [METRIC_CO2] Tarefa: multiply_chunk | None | Tempo: 0.0006970683333333334s | energy: 0.05Wh 
DEBUG: Successfully pulled kepler_container_core_joules_total Wh directly from Kepler for None
[2026-05-13 14:05:45] [METRIC_CO2] Tarefa: multiply_chunk | None | Tempo: 0.0007290777777777778s | energy: 0.05Wh 
DEBUG: Successfully pulled kepler_container_core_joules_total Wh directly from Kepler for None
[2026-05-13 14:05:45] [METRIC_CO2] Tarefa: multiply_chunk | None | Tempo: 0.00034851s | energy: 0.05Wh 
DEBUG: Successfully pulled kepler_container_core_joules_total Wh directly from Kepler for None
[2026-05-13 14:06:17] [METRIC_CO2] Tarefa: setup_matrices | None | Tempo: 0.00019493472222222223s | energy: 0.05Wh 
DEBUG: Successfully pulled kepler_container_core_joules_total Wh directly from Kepler for None
[2026-05-13 14:06:18] [METRIC_CO2] Tarefa: prepare_pairs | None | Tempo: 4.0858333333333335e-05s | energy: 0.05Wh 
DEBUG: Successfully pulled kepler_container_core_joules_total Wh directly from Kepler for None
DEBUG: Successfully pulled kepler_container_core_joules_total Wh directly from Kepler for None
[2026-05-13 14:06:21] [METRIC_CO2] Tarefa: multiply_chunk | None | Tempo: 0.0005248705555555555s | energy: 0.05Wh 
DEBUG: Successfully pulled kepler_container_core_joules_total Wh directly from Kepler for None
[2026-05-13 14:06:21] [METRIC_CO2] Tarefa: multiply_chunk | None | Tempo: 0.000545611388888889s | energy: 0.05Wh 
[2026-05-13 14:06:21] [METRIC_CO2] Tarefa: multiply_chunk | None | Tempo: 0.0005919058333333333s | energy: 0.05Wh 
DEBUG: Successfully pulled kepler_container_core_joules_total Wh directly from Kepler for None
DEBUG: Successfully pulled kepler_container_core_joules_total Wh directly from Kepler for None
[2026-05-13 14:06:21] [METRIC_CO2] Tarefa: multiply_chunk | None | Tempo: 0.0006164127777777777s | energy: 0.05Wh 
DEBUG: Successfully pulled kepler_container_core_joules_total Wh directly from Kepler for None
DEBUG: Successfully pulled kepler_container_core_joules_total Wh directly from Kepler for None
[2026-05-13 14:06:22] [METRIC_CO2] Tarefa: multiply_chunk | None | Tempo: 0.0005997127777777778s | energy: 0.05Wh 
DEBUG: Successfully pulled kepler_container_core_joules_total Wh directly from Kepler for None
DEBUG: Successfully pulled kepler_container_core_joules_total Wh directly from Kepler for None
DEBUG: Successfully pulled kepler_container_core_joules_total Wh directly from Kepler for None
[2026-05-13 14:06:22] [METRIC_CO2] Tarefa: multiply_chunk | None | Tempo: 0.0006329747222222223s | energy: 0.05Wh 
DEBUG: Successfully pulled kepler_container_core_joules_total Wh directly from Kepler for None
[2026-05-13 14:06:22] [METRIC_CO2] Tarefa: multiply_chunk | None | Tempo: 0.0006816005555555556s | energy: 0.05Wh 
[2026-05-13 14:06:22] [METRIC_CO2] Tarefa: multiply_chunk | None | Tempo: 0.0007032144444444445s | energy: 0.05Wh 
[2026-05-13 14:06:22] [METRIC_CO2] Tarefa: multiply_chunk | None | Tempo: 0.000691101111111111s | energy: 0.05Wh 
DEBUG: Successfully pulled kepler_container_core_joules_total Wh directly from Kepler for None
[2026-05-13 14:06:22] [METRIC_CO2] Tarefa: multiply_chunk | None | Tempo: 0.0006976436111111111s | energy: 0.05Wh 
[2026-05-13 14:06:22] [METRIC_CO2] Tarefa: multiply_chunk | None | Tempo: 0.0006666900000000001s | energy: 0.05Wh 
[2026-05-13 14:06:22] [METRIC_CO2] Tarefa: multiply_chunk | None | Tempo: 0.0007409355555555556s | energy: 0.05Wh 
DEBUG: Successfully pulled kepler_container_core_joules_total Wh directly from Kepler for None
[2026-05-13 14:06:22] [METRIC_CO2] Tarefa: multiply_chunk | None | Tempo: 0.0007813038888888889s | energy: 0.05Wh 
DEBUG: Successfully pulled kepler_container_core_joules_total Wh directly from Kepler for None
[2026-05-13 14:06:22] [METRIC_CO2] Tarefa: multiply_chunk | None | Tempo: 0.0008074936111111111s | energy: 0.05Wh 
DEBUG: Successfully pulled kepler_container_core_joules_total Wh directly from Kepler for None
[2026-05-13 14:06:22] [METRIC_CO2] Tarefa: multiply_chunk | None | Tempo: 0.0008132108333333333s | energy: 0.05Wh 
DEBUG: Successfully pulled kepler_container_core_joules_total Wh directly from Kepler for None
[2026-05-13 14:06:22] [METRIC_CO2] Tarefa: multiply_chunk | None | Tempo: 0.0008619719444444444s | energy: 0.05Wh 
DEBUG: Successfully pulled kepler_container_core_joules_total Wh directly from Kepler for None
DEBUG: Successfully pulled kepler_container_core_joules_total Wh directly from Kepler for None
[2026-05-13 14:06:22] [METRIC_CO2] Tarefa: multiply_chunk | None | Tempo: -0.00018449694444444445s | energy: 0.05Wh 
DEBUG: Successfully pulled kepler_container_core_joules_total Wh directly from Kepler for None
[2026-05-13 14:06:22] [METRIC_CO2] Tarefa: multiply_chunk | None | Tempo: -0.00012708805555555554s | energy: 0.05Wh 
DEBUG: Successfully pulled kepler_container_core_joules_total Wh directly from Kepler for None
DEBUG: Successfully pulled kepler_container_core_joules_total Wh directly from Kepler for None
[2026-05-13 14:06:22] [METRIC_CO2] Tarefa: multiply_chunk | None | Tempo: -7.958083333333334e-05s | energy: 0.05Wh 
[2026-05-13 14:06:22] [METRIC_CO2] Tarefa: multiply_chunk | None | Tempo: -9.164694444444444e-05s | energy: 0.05Wh 
DEBUG: Successfully pulled kepler_container_core_joules_total Wh directly from Kepler for None
[2026-05-13 14:06:22] [METRIC_CO2] Tarefa: multiply_chunk | None | Tempo: -4.566583333333333e-05s | energy: 0.05Wh 
DEBUG: Successfully pulled kepler_container_core_joules_total Wh directly from Kepler for None
[2026-05-13 14:06:22] [METRIC_CO2] Tarefa: multiply_chunk | None | Tempo: -0.00019082083333333332s | energy: 0.05Wh 
[2026-05-13 14:06:22] [METRIC_CO2] Tarefa: multiply_chunk | None | Tempo: -1.5661666666666666e-05s | energy: 0.05Wh 
DEBUG: Successfully pulled kepler_container_core_joules_total Wh directly from Kepler for None
[2026-05-13 14:06:22] [METRIC_CO2] Tarefa: multiply_chunk | None | Tempo: 1.9816944444444446e-05s | energy: 0.05Wh 
DEBUG: Successfully pulled kepler_container_core_joules_total Wh directly from Kepler for None
DEBUG: Successfully pulled kepler_container_core_joules_total Wh directly from Kepler for None
[2026-05-13 14:06:22] [METRIC_CO2] Tarefa: multiply_chunk | None | Tempo: 2.9495277777777777e-05s | energy: 0.05Wh 
[2026-05-13 14:06:22] [METRIC_CO2] Tarefa: setup_matrices | None | Tempo: 4.0607222222222224e-05s | energy: 0.05Wh 
DEBUG: Successfully pulled kepler_container_core_joules_total Wh directly from Kepler for None
[2026-05-13 14:06:22] [METRIC_CO2] Tarefa: multiply_chunk | None | Tempo: 0.0003805s | energy: 0.05Wh 
DEBUG: Successfully pulled kepler_container_core_joules_total Wh directly from Kepler for None
DEBUG: Successfully pulled kepler_container_core_joules_total Wh directly from Kepler for None
[2026-05-13 14:06:22] [METRIC_CO2] Tarefa: multiply_chunk | None | Tempo: 6.773444444444445e-05s | energy: 0.05Wh 
[2026-05-13 14:06:22] [METRIC_CO2] Tarefa: multiply_chunk | None | Tempo: -0.00011632027777777777s | energy: 0.05Wh 
DEBUG: Successfully pulled kepler_container_core_joules_total Wh directly from Kepler for None
[2026-05-13 14:06:22] [METRIC_CO2] Tarefa: multiply_chunk | None | Tempo: 8.6975e-05s | energy: 0.05Wh 
DEBUG: Successfully pulled kepler_container_core_joules_total Wh directly from Kepler for None
DEBUG: Successfully pulled kepler_container_core_joules_total Wh directly from Kepler for None
[2026-05-13 14:06:23] [METRIC_CO2] Tarefa: multiply_chunk | None | Tempo: -0.00011582694444444444s | energy: 0.05Wh 
[2026-05-13 14:06:23] [METRIC_CO2] Tarefa: multiply_chunk | None | Tempo: 0.00013004666666666665s | energy: 0.05Wh 
DEBUG: Successfully pulled kepler_container_core_joules_total Wh directly from Kepler for None
[2026-05-13 14:06:23] [METRIC_CO2] Tarefa: multiply_chunk | None | Tempo: 0.0003075702777777778s | energy: 0.05Wh 
DEBUG: Successfully pulled kepler_container_core_joules_total Wh directly from Kepler for None
[2026-05-13 14:06:24] [METRIC_CO2] Tarefa: prepare_pairs | None | Tempo: 3.172611111111111e-05s | energy: 0.05Wh 
DEBUG: Successfully pulled kepler_container_core_joules_total Wh directly from Kepler for None
DEBUG: Successfully pulled kepler_container_core_joules_total Wh directly from Kepler for None
DEBUG: Successfully pulled kepler_container_core_joules_total Wh directly from Kepler for None
DEBUG: Successfully pulled kepler_container_core_joules_total Wh directly from Kepler for None
[2026-05-13 14:06:26] [METRIC_CO2] Tarefa: multiply_chunk | None | Tempo: 0.0003476075s | energy: 0.05Wh 
[2026-05-13 14:06:26] [METRIC_CO2] Tarefa: multiply_chunk | None | Tempo: 0.0003485102777777778s | energy: 0.05Wh 
[2026-05-13 14:06:26] [METRIC_CO2] Tarefa: multiply_chunk | None | Tempo: 0.00038441416666666666s | energy: 0.05Wh 
DEBUG: Successfully pulled kepler_container_core_joules_total Wh directly from Kepler for None
[2026-05-13 14:06:26] [METRIC_CO2] Tarefa: multiply_chunk | None | Tempo: 0.0004381619444444444s | energy: 0.05Wh 
DEBUG: Successfully pulled kepler_container_core_joules_total Wh directly from Kepler for None
DEBUG: Successfully pulled kepler_container_core_joules_total Wh directly from Kepler for None
DEBUG: Successfully pulled kepler_container_core_joules_total Wh directly from Kepler for None
[2026-05-13 14:06:26] [METRIC_CO2] Tarefa: multiply_chunk | None | Tempo: 0.00046060222222222224s | energy: 0.05Wh 
DEBUG: Successfully pulled kepler_container_core_joules_total Wh directly from Kepler for None
[2026-05-13 14:06:27] [METRIC_CO2] Tarefa: multiply_chunk | None | Tempo: 0.0004780788888888889s | energy: 0.05Wh 
[2026-05-13 14:06:27] [METRIC_CO2] Tarefa: multiply_chunk | None | Tempo: 0.0004504936111111111s | energy: 0.05Wh 
DEBUG: Successfully pulled kepler_container_core_joules_total Wh directly from Kepler for None
[2026-05-13 14:06:27] [METRIC_CO2] Tarefa: multiply_chunk | None | Tempo: 0.00035736277777777774s | energy: 0.05Wh 
DEBUG: Successfully pulled kepler_container_core_joules_total Wh directly from Kepler for None
DEBUG: Successfully pulled kepler_container_core_joules_total Wh directly from Kepler for None
[2026-05-13 14:06:27] [METRIC_CO2] Tarefa: multiply_chunk | None | Tempo: 0.0004686483333333333s | energy: 0.05Wh 
[2026-05-13 14:06:27] [METRIC_CO2] Tarefa: multiply_chunk | None | Tempo: 0.0004855866666666667s | energy: 0.05Wh 
[2026-05-13 14:06:27] [METRIC_CO2] Tarefa: multiply_chunk | None | Tempo: 0.0005021791666666666s | energy: 0.05Wh 
[2026-05-13 14:06:27] [METRIC_CO2] Tarefa: multiply_chunk | None | Tempo: 0.0005045352777777777s | energy: 0.05Wh 
DEBUG: Successfully pulled kepler_container_core_joules_total Wh directly from Kepler for None
DEBUG: Successfully pulled kepler_container_core_joules_total Wh directly from Kepler for None
[2026-05-13 14:06:27] [METRIC_CO2] Tarefa: multiply_chunk | None | Tempo: 0.0005706877777777778s | energy: 0.05Wh 
DEBUG: Successfully pulled kepler_container_core_joules_total Wh directly from Kepler for None
[2026-05-13 14:06:27] [METRIC_CO2] Tarefa: multiply_chunk | None | Tempo: 0.0005923241666666667s | energy: 0.05Wh 
[2026-05-13 14:06:27] [METRIC_CO2] Tarefa: multiply_chunk | None | Tempo: 0.0005911202777777778s | energy: 0.05Wh 
DEBUG: Successfully pulled kepler_container_core_joules_total Wh directly from Kepler for None
[2026-05-13 14:06:28] [METRIC_CO2] Tarefa: multiply_chunk | None | Tempo: 0.000823915s | energy: 0.05Wh 
DEBUG: Successfully pulled kepler_container_core_joules_total Wh directly from Kepler for None
[2026-05-13 14:06:28] [METRIC_CO2] Tarefa: multiply_chunk | None | Tempo: 0.00040780472222222224s | energy: 0.05Wh 
DEBUG: Successfully pulled kepler_container_core_joules_total Wh directly from Kepler for None
DEBUG: Successfully pulled kepler_container_core_joules_total Wh directly from Kepler for None
DEBUG: Successfully pulled kepler_container_core_joules_total Wh directly from Kepler for None
[2026-05-13 14:06:29] [METRIC_CO2] Tarefa: multiply_chunk | None | Tempo: 0.0004270786111111111s | energy: 0.05Wh 
DEBUG: Successfully pulled kepler_container_core_joules_total Wh directly from Kepler for None
[2026-05-13 14:06:29] [METRIC_CO2] Tarefa: multiply_chunk | None | Tempo: 0.0004946225s | energy: 0.05Wh 
DEBUG: Successfully pulled kepler_container_core_joules_total Wh directly from Kepler for None
DEBUG: Successfully pulled kepler_container_core_joules_total Wh directly from Kepler for None
[2026-05-13 14:06:29] [METRIC_CO2] Tarefa: multiply_chunk | None | Tempo: 0.0005351958333333334s | energy: 0.05Wh 
DEBUG: Successfully pulled kepler_container_core_joules_total Wh directly from Kepler for None
[2026-05-13 14:06:29] [METRIC_CO2] Tarefa: multiply_chunk | None | Tempo: 0.0003813505555555556s | energy: 0.05Wh 
[2026-05-13 14:06:29] [METRIC_CO2] Tarefa: multiply_chunk | None | Tempo: 0.00048281027777777774s | energy: 0.05Wh 
DEBUG: Successfully pulled kepler_container_core_joules_total Wh directly from Kepler for None
[2026-05-13 14:06:29] [METRIC_CO2] Tarefa: multiply_chunk | None | Tempo: 0.0004869716666666667s | energy: 0.05Wh 
DEBUG: Successfully pulled kepler_container_core_joules_total Wh directly from Kepler for None
[2026-05-13 14:06:29] [METRIC_CO2] Tarefa: multiply_chunk | None | Tempo: 0.0005093536111111112s | energy: 0.05Wh 
[2026-05-13 14:06:29] [METRIC_CO2] Tarefa: multiply_chunk | None | Tempo: 0.00046209305555555555s | energy: 0.05Wh 
[2026-05-13 14:06:29] [METRIC_CO2] Tarefa: multiply_chunk | None | Tempo: 0.0005176716666666667s | energy: 0.05Wh 
DEBUG: Successfully pulled kepler_container_core_joules_total Wh directly from Kepler for None
[2026-05-13 14:06:29] [METRIC_CO2] Tarefa: multiply_chunk | None | Tempo: 0.0005480447222222223s | energy: 0.05Wh 
DEBUG: Successfully pulled kepler_container_core_joules_total Wh directly from Kepler for None
DEBUG: Successfully pulled kepler_container_core_joules_total Wh directly from Kepler for None
[2026-05-13 14:06:29] [METRIC_CO2] Tarefa: multiply_chunk | None | Tempo: 0.0005569363888888888s | energy: 0.05Wh 
[2026-05-13 14:06:29] [METRIC_CO2] Tarefa: multiply_chunk | None | Tempo: 0.0005727186111111111s | energy: 0.05Wh 
DEBUG: Successfully pulled kepler_container_core_joules_total Wh directly from Kepler for None
[2026-05-13 14:06:29] [METRIC_CO2] Tarefa: multiply_chunk | None | Tempo: 0.00034055638888888886s | energy: 0.05Wh 
DEBUG: Successfully pulled kepler_container_core_joules_total Wh directly from Kepler for None
[2026-05-13 14:06:29] [METRIC_CO2] Tarefa: multiply_chunk | None | Tempo: 0.00035353s | energy: 0.05Wh 
DEBUG: Successfully pulled kepler_container_core_joules_total Wh directly from Kepler for None
[2026-05-13 14:06:29] [METRIC_CO2] Tarefa: multiply_chunk | None | Tempo: 0.000368395s | energy: 0.05Wh 
DEBUG: Successfully pulled kepler_container_core_joules_total Wh directly from Kepler for None
[2026-05-13 15:42:40] [METRIC_CO2] Tarefa: setup_matrices | None | Tempo: 0.00633019s | energy: 0.05Wh 
DEBUG: Successfully pulled kepler_container_core_joules_total Wh directly from Kepler for None
[2026-05-13 15:42:41] [METRIC_CO2] Tarefa: prepare_pairs | None | Tempo: 4.852388888888889e-05s | energy: 0.05Wh 
DEBUG: Successfully pulled kepler_container_core_joules_total Wh directly from Kepler for None
[2026-05-13 15:42:41] [METRIC_CO2] Tarefa: multiply_chunk | None | Tempo: -0.00017463166666666666s | energy: 0.05Wh 
DEBUG: Successfully pulled kepler_container_core_joules_total Wh directly from Kepler for None
[2026-05-13 15:42:42] [METRIC_CO2] Tarefa: multiply_chunk | None | Tempo: -0.00014303999999999999s | energy: 0.05Wh 
DEBUG: Successfully pulled kepler_container_core_joules_total Wh directly from Kepler for None
DEBUG: Successfully pulled kepler_container_core_joules_total Wh directly from Kepler for None
DEBUG: Successfully pulled kepler_container_core_joules_total Wh directly from Kepler for None
[2026-05-13 15:42:42] [METRIC_CO2] Tarefa: multiply_chunk | None | Tempo: -3.5294722222222224e-05s | energy: 0.05Wh 
[2026-05-13 15:42:42] [METRIC_CO2] Tarefa: multiply_chunk | None | Tempo: -3.982472222222222e-05s | energy: 0.05Wh 
DEBUG: Successfully pulled kepler_container_core_joules_total Wh directly from Kepler for None
DEBUG: Successfully pulled kepler_container_core_joules_total Wh directly from Kepler for None
DEBUG: Successfully pulled kepler_container_core_joules_total Wh directly from Kepler for None
[2026-05-13 15:42:42] [METRIC_CO2] Tarefa: multiply_chunk | None | Tempo: -6.0609444444444445e-05s | energy: 0.05Wh 
DEBUG: Successfully pulled kepler_container_core_joules_total Wh directly from Kepler for None
[2026-05-13 15:42:42] [METRIC_CO2] Tarefa: multiply_chunk | None | Tempo: -7.055083333333334e-05s | energy: 0.05Wh 
DEBUG: Successfully pulled kepler_container_core_joules_total Wh directly from Kepler for None
[2026-05-13 15:42:42] [METRIC_CO2] Tarefa: multiply_chunk | None | Tempo: 6.550833333333333e-05s | energy: 0.05Wh 
[2026-05-13 15:42:42] [METRIC_CO2] Tarefa: multiply_chunk | None | Tempo: 7.396222222222223e-05s | energy: 0.05Wh 
[2026-05-13 15:42:42] [METRIC_CO2] Tarefa: multiply_chunk | None | Tempo: 1.91575e-05s | energy: 0.05Wh 
DEBUG: Successfully pulled kepler_container_core_joules_total Wh directly from Kepler for None
[2026-05-13 15:42:42] [METRIC_CO2] Tarefa: multiply_chunk | None | Tempo: 0.00014045444444444444s | energy: 0.05Wh 
DEBUG: Successfully pulled kepler_container_core_joules_total Wh directly from Kepler for None
[2026-05-13 15:42:42] [METRIC_CO2] Tarefa: multiply_chunk | None | Tempo: 0.0001616961111111111s | energy: 0.05Wh 
DEBUG: Successfully pulled kepler_container_core_joules_total Wh directly from Kepler for None
[2026-05-13 15:42:42] [METRIC_CO2] Tarefa: multiply_chunk | None | Tempo: 0.00018165777777777778s | energy: 0.05Wh 
DEBUG: Successfully pulled kepler_container_core_joules_total Wh directly from Kepler for None
DEBUG: Successfully pulled kepler_container_core_joules_total Wh directly from Kepler for None
[2026-05-13 15:42:43] [METRIC_CO2] Tarefa: multiply_chunk | None | Tempo: 1.6267777777777776e-05s | energy: 0.05Wh 
[2026-05-13 15:42:43] [METRIC_CO2] Tarefa: multiply_chunk | None | Tempo: 0.00023316444444444444s | energy: 0.05Wh 
[2026-05-13 15:42:43] [METRIC_CO2] Tarefa: multiply_chunk | None | Tempo: 0.0001908588888888889s | energy: 0.05Wh 
DEBUG: Successfully pulled kepler_container_core_joules_total Wh directly from Kepler for None
[2026-05-13 15:42:43] [METRIC_CO2] Tarefa: multiply_chunk | None | Tempo: 6.397944444444444e-05s | energy: 0.05Wh 
DEBUG: Successfully pulled kepler_container_core_joules_total Wh directly from Kepler for None
DEBUG: Successfully pulled kepler_container_core_joules_total Wh directly from Kepler for None
[2026-05-13 15:42:44] [METRIC_CO2] Tarefa: multiply_chunk | None | Tempo: 0.000473805s | energy: 0.05Wh 
[2026-05-13 15:42:44] [METRIC_CO2] Tarefa: multiply_chunk | None | Tempo: 0.0004703391666666667s | energy: 0.05Wh 
DEBUG: Successfully pulled kepler_container_core_joules_total Wh directly from Kepler for None
DEBUG: Successfully pulled kepler_container_core_joules_total Wh directly from Kepler for None
[2026-05-13 15:42:44] [METRIC_CO2] Tarefa: multiply_chunk | None | Tempo: 0.0005416941666666667s | energy: 0.05Wh 
[2026-05-13 15:42:44] [METRIC_CO2] Tarefa: multiply_chunk | None | Tempo: 0.0005212925s | energy: 0.05Wh 
DEBUG: Successfully pulled kepler_container_core_joules_total Wh directly from Kepler for None
[2026-05-13 15:42:44] [METRIC_CO2] Tarefa: multiply_chunk | None | Tempo: 0.0006396161111111111s | energy: 0.05Wh 
DEBUG: Successfully pulled kepler_container_core_joules_total Wh directly from Kepler for None
[2026-05-13 15:42:44] [METRIC_CO2] Tarefa: multiply_chunk | None | Tempo: 0.00045320694444444447s | energy: 0.05Wh 
DEBUG: Successfully pulled kepler_container_core_joules_total Wh directly from Kepler for None
[2026-05-13 15:42:45] [METRIC_CO2] Tarefa: multiply_chunk | None | Tempo: 0.00048094777777777774s | energy: 0.05Wh 
DEBUG: Successfully pulled kepler_container_core_joules_total Wh directly from Kepler for None
[2026-05-13 15:42:45] [METRIC_CO2] Tarefa: multiply_chunk | None | Tempo: 0.0004968211111111111s | energy: 0.05Wh 
DEBUG: Successfully pulled kepler_container_core_joules_total Wh directly from Kepler for None
DEBUG: Successfully pulled kepler_container_core_joules_total Wh directly from Kepler for None
[2026-05-13 15:42:45] [METRIC_CO2] Tarefa: multiply_chunk | None | Tempo: 0.0005144030555555556s | energy: 0.05Wh 
[2026-05-13 15:42:45] [METRIC_CO2] Tarefa: multiply_chunk | None | Tempo: 0.0005143375s | energy: 0.05Wh 
DEBUG: Successfully pulled kepler_container_core_joules_total Wh directly from Kepler for None
DEBUG: Successfully pulled kepler_container_core_joules_total Wh directly from Kepler for None
[2026-05-13 15:42:45] [METRIC_CO2] Tarefa: multiply_chunk | None | Tempo: 0.0005637686111111111s | energy: 0.05Wh 
[2026-05-13 15:42:45] [METRIC_CO2] Tarefa: multiply_chunk | None | Tempo: 0.0005631019444444444s | energy: 0.05Wh 
DEBUG: Successfully pulled kepler_container_core_joules_total Wh directly from Kepler for None
DEBUG: Successfully pulled kepler_container_core_joules_total Wh directly from Kepler for None
[2026-05-13 15:42:45] [METRIC_CO2] Tarefa: multiply_chunk | None | Tempo: 0.0005904744444444445s | energy: 0.05Wh 
[2026-05-13 15:42:45] [METRIC_CO2] Tarefa: multiply_chunk | None | Tempo: 0.0005779405555555555s | energy: 0.05Wh 
DEBUG: Successfully pulled kepler_container_core_joules_total Wh directly from Kepler for None
[2026-05-13 15:42:45] [METRIC_CO2] Tarefa: multiply_chunk | None | Tempo: 0.0006500980555555555s | energy: 0.05Wh 
DEBUG: Successfully pulled kepler_container_core_joules_total Wh directly from Kepler for None
[2026-05-13 15:42:45] [METRIC_CO2] Tarefa: multiply_chunk | None | Tempo: 0.0006689238888888889s | energy: 0.05Wh 
DEBUG: Successfully pulled kepler_container_core_joules_total Wh directly from Kepler for None
[2026-05-13 16:18:50] [METRIC_CO2] Tarefa: setup_matrices | None | Tempo: 0.0001086236111111111s | energy: 0.05Wh 
DEBUG: Successfully pulled kepler_container_core_joules_total Wh directly from Kepler for None
[2026-05-13 16:18:51] [METRIC_CO2] Tarefa: prepare_pairs | None | Tempo: 2.5714722222222224e-05s | energy: 0.05Wh 
DEBUG: Successfully pulled kepler_container_core_joules_total Wh directly from Kepler for None
[2026-05-13 16:18:53] [METRIC_CO2] Tarefa: multiply_chunk | None | Tempo: 0.00042754083333333334s | energy: 0.05Wh 
DEBUG: Successfully pulled kepler_container_core_joules_total Wh directly from Kepler for None
DEBUG: Successfully pulled kepler_container_core_joules_total Wh directly from Kepler for None
DEBUG: Successfully pulled kepler_container_core_joules_total Wh directly from Kepler for None
DEBUG: Successfully pulled kepler_container_core_joules_total Wh directly from Kepler for None
[2026-05-13 16:18:53] [METRIC_CO2] Tarefa: multiply_chunk | None | Tempo: 0.0004742063888888889s | energy: 0.05Wh 
DEBUG: Successfully pulled kepler_container_core_joules_total Wh directly from Kepler for None
DEBUG: Successfully pulled kepler_container_core_joules_total Wh directly from Kepler for None
DEBUG: Successfully pulled kepler_container_core_joules_total Wh directly from Kepler for None
[2026-05-13 16:18:53] [METRIC_CO2] Tarefa: multiply_chunk | None | Tempo: 0.0004822244444444444s | energy: 0.05Wh 
DEBUG: Successfully pulled kepler_container_core_joules_total Wh directly from Kepler for None
DEBUG: Successfully pulled kepler_container_core_joules_total Wh directly from Kepler for None
[2026-05-13 16:18:53] [METRIC_CO2] Tarefa: multiply_chunk | None | Tempo: 0.0005221513888888889s | energy: 0.05Wh 
[2026-05-13 16:18:53] [METRIC_CO2] Tarefa: multiply_chunk | None | Tempo: 0.0005105888888888889s | energy: 0.05Wh 
DEBUG: Successfully pulled kepler_container_core_joules_total Wh directly from Kepler for None
[2026-05-13 16:18:53] [METRIC_CO2] Tarefa: multiply_chunk | None | Tempo: 0.0005557202777777778s | energy: 0.05Wh 
[2026-05-13 16:18:53] [METRIC_CO2] Tarefa: multiply_chunk | None | Tempo: 0.0005543677777777778s | energy: 0.05Wh 
DEBUG: Successfully pulled kepler_container_core_joules_total Wh directly from Kepler for None
[2026-05-13 16:18:53] [METRIC_CO2] Tarefa: multiply_chunk | None | Tempo: 0.000560443611111111s | energy: 0.05Wh 
[2026-05-13 16:18:53] [METRIC_CO2] Tarefa: multiply_chunk | None | Tempo: 0.0006070400000000001s | energy: 0.05Wh 
DEBUG: Successfully pulled kepler_container_core_joules_total Wh directly from Kepler for None
[2026-05-13 16:18:53] [METRIC_CO2] Tarefa: multiply_chunk | None | Tempo: 0.0006218694444444444s | energy: 0.05Wh 
[2026-05-13 16:18:53] [METRIC_CO2] Tarefa: multiply_chunk | None | Tempo: 0.0005829441666666667s | energy: 0.05Wh 
DEBUG: Successfully pulled kepler_container_core_joules_total Wh directly from Kepler for None
[2026-05-13 16:18:53] [METRIC_CO2] Tarefa: multiply_chunk | None | Tempo: 0.0005892947222222222s | energy: 0.05Wh 
DEBUG: Successfully pulled kepler_container_core_joules_total Wh directly from Kepler for None
[2026-05-13 16:18:53] [METRIC_CO2] Tarefa: multiply_chunk | None | Tempo: 0.0005066783333333334s | energy: 0.05Wh 
[2026-05-13 16:18:53] [METRIC_CO2] Tarefa: multiply_chunk | None | Tempo: 0.0006279036111111111s | energy: 0.05Wh 
[2026-05-13 16:18:53] [METRIC_CO2] Tarefa: multiply_chunk | None | Tempo: 0.0004935244444444444s | energy: 0.05Wh 
DEBUG: Successfully pulled kepler_container_core_joules_total Wh directly from Kepler for None
[2026-05-13 16:18:53] [METRIC_CO2] Tarefa: multiply_chunk | None | Tempo: 0.0006693722222222223s | energy: 0.05Wh 
DEBUG: Successfully pulled kepler_container_core_joules_total Wh directly from Kepler for None
DEBUG: Successfully pulled kepler_container_core_joules_total Wh directly from Kepler for None
[2026-05-13 16:18:55] [METRIC_CO2] Tarefa: multiply_chunk | None | Tempo: 0.00033621861111111115s | energy: 0.05Wh 
[2026-05-13 16:18:55] [METRIC_CO2] Tarefa: multiply_chunk | None | Tempo: 0.00034482972222222224s | energy: 0.05Wh 
DEBUG: Successfully pulled kepler_container_core_joules_total Wh directly from Kepler for None
DEBUG: Successfully pulled kepler_container_core_joules_total Wh directly from Kepler for None
[2026-05-13 16:18:55] [METRIC_CO2] Tarefa: multiply_chunk | None | Tempo: 0.00036772972222222226s | energy: 0.05Wh 
DEBUG: Successfully pulled kepler_container_core_joules_total Wh directly from Kepler for None
DEBUG: Successfully pulled kepler_container_core_joules_total Wh directly from Kepler for None
DEBUG: Successfully pulled kepler_container_core_joules_total Wh directly from Kepler for None
[2026-05-13 16:18:55] [METRIC_CO2] Tarefa: multiply_chunk | None | Tempo: 0.000403235s | energy: 0.05Wh 
[2026-05-13 16:18:55] [METRIC_CO2] Tarefa: multiply_chunk | None | Tempo: 0.0003843255555555556s | energy: 0.05Wh 
DEBUG: Successfully pulled kepler_container_core_joules_total Wh directly from Kepler for None
[2026-05-13 16:18:55] [METRIC_CO2] Tarefa: multiply_chunk | None | Tempo: 0.00041631333333333334s | energy: 0.05Wh 
DEBUG: Successfully pulled kepler_container_core_joules_total Wh directly from Kepler for None
[2026-05-13 16:18:55] [METRIC_CO2] Tarefa: multiply_chunk | None | Tempo: 0.0003896994444444445s | energy: 0.05Wh 
DEBUG: Successfully pulled kepler_container_core_joules_total Wh directly from Kepler for None
[2026-05-13 16:18:55] [METRIC_CO2] Tarefa: multiply_chunk | None | Tempo: 0.00040821166666666665s | energy: 0.05Wh 
DEBUG: Successfully pulled kepler_container_core_joules_total Wh directly from Kepler for None
[2026-05-13 16:18:55] [METRIC_CO2] Tarefa: multiply_chunk | None | Tempo: 0.00044189944444444446s | energy: 0.05Wh 
[2026-05-13 16:18:55] [METRIC_CO2] Tarefa: multiply_chunk | None | Tempo: 0.0004520902777777778s | energy: 0.05Wh 
[2026-05-13 16:18:55] [METRIC_CO2] Tarefa: multiply_chunk | None | Tempo: 0.00046300277777777774s | energy: 0.05Wh 
DEBUG: Successfully pulled kepler_container_core_joules_total Wh directly from Kepler for None
DEBUG: Successfully pulled kepler_container_core_joules_total Wh directly from Kepler for None
[2026-05-13 16:18:55] [METRIC_CO2] Tarefa: multiply_chunk | None | Tempo: 0.0005026813888888889s | energy: 0.05Wh 
[2026-05-13 16:18:55] [METRIC_CO2] Tarefa: multiply_chunk | None | Tempo: 0.0005122916666666666s | energy: 0.05Wh 
DEBUG: Successfully pulled kepler_container_core_joules_total Wh directly from Kepler for None
[2026-05-13 16:18:56] [METRIC_CO2] Tarefa: multiply_chunk | None | Tempo: 0.0005172369444444444s | energy: 0.05Wh 
DEBUG: Successfully pulled kepler_container_core_joules_total Wh directly from Kepler for None
[2026-05-13 16:18:56] [METRIC_CO2] Tarefa: multiply_chunk | None | Tempo: 0.0005375808333333334s | energy: 0.05Wh 
DEBUG: Successfully pulled kepler_container_core_joules_total Wh directly from Kepler for None
[2026-05-13 16:18:56] [METRIC_CO2] Tarefa: multiply_chunk | None | Tempo: 0.0005570566666666666s | energy: 0.05Wh 
DEBUG: Successfully pulled kepler_container_core_joules_total Wh directly from Kepler for None
[2026-05-13 16:31:02] [METRIC_CO2] Tarefa: setup_matrices | None | Tempo: 0.002213033611111111s | energy: 0.05Wh 
DEBUG: Successfully pulled kepler_container_core_joules_total Wh directly from Kepler for None
[2026-05-13 16:31:03] [METRIC_CO2] Tarefa: prepare_pairs | None | Tempo: 3.37e-05s | energy: 0.05Wh 
DEBUG: Successfully pulled kepler_container_core_joules_total Wh directly from Kepler for None
DEBUG: Successfully pulled kepler_container_core_joules_total Wh directly from Kepler for None
[2026-05-13 16:31:06] [METRIC_CO2] Tarefa: multiply_chunk | None | Tempo: 0.0003609330555555555s | energy: 0.05Wh 
[2026-05-13 16:31:06] [METRIC_CO2] Tarefa: multiply_chunk | None | Tempo: 0.0003835747222222222s | energy: 0.05Wh 
DEBUG: Successfully pulled kepler_container_core_joules_total Wh directly from Kepler for None
DEBUG: Successfully pulled kepler_container_core_joules_total Wh directly from Kepler for None
DEBUG: Successfully pulled kepler_container_core_joules_total Wh directly from Kepler for None
DEBUG: Successfully pulled kepler_container_core_joules_total Wh directly from Kepler for None
[2026-05-13 16:31:06] [METRIC_CO2] Tarefa: multiply_chunk | None | Tempo: 0.00041266527777777777s | energy: 0.05Wh 
[2026-05-13 16:31:06] [METRIC_CO2] Tarefa: multiply_chunk | None | Tempo: 0.0004296866666666667s | energy: 0.05Wh 
[2026-05-13 16:31:06] [METRIC_CO2] Tarefa: multiply_chunk | None | Tempo: 0.00042943611111111114s | energy: 0.05Wh 
DEBUG: Successfully pulled kepler_container_core_joules_total Wh directly from Kepler for None
[2026-05-13 16:31:06] [METRIC_CO2] Tarefa: multiply_chunk | None | Tempo: 0.0004356297222222222s | energy: 0.05Wh 
[2026-05-13 16:31:06] [METRIC_CO2] Tarefa: multiply_chunk | None | Tempo: 0.0004500963888888889s | energy: 0.05Wh 
DEBUG: Successfully pulled kepler_container_core_joules_total Wh directly from Kepler for None
DEBUG: Successfully pulled kepler_container_core_joules_total Wh directly from Kepler for None
[2026-05-13 16:31:06] [METRIC_CO2] Tarefa: multiply_chunk | None | Tempo: 0.0004800288888888889s | energy: 0.05Wh 
DEBUG: Successfully pulled kepler_container_core_joules_total Wh directly from Kepler for None
[2026-05-13 16:31:06] [METRIC_CO2] Tarefa: multiply_chunk | None | Tempo: 0.0005113494444444445s | energy: 0.05Wh 
[2026-05-13 16:31:06] [METRIC_CO2] Tarefa: multiply_chunk | None | Tempo: 0.0005138786111111111s | energy: 0.05Wh 
DEBUG: Successfully pulled kepler_container_core_joules_total Wh directly from Kepler for None
DEBUG: Successfully pulled kepler_container_core_joules_total Wh directly from Kepler for None
DEBUG: Successfully pulled kepler_container_core_joules_total Wh directly from Kepler for None
[2026-05-13 16:31:06] [METRIC_CO2] Tarefa: multiply_chunk | None | Tempo: 0.0005309358333333334s | energy: 0.05Wh 
[2026-05-13 16:31:06] [METRIC_CO2] Tarefa: multiply_chunk | None | Tempo: 0.0005535550000000001s | energy: 0.05Wh 
DEBUG: Successfully pulled kepler_container_core_joules_total Wh directly from Kepler for None
[2026-05-13 16:31:06] [METRIC_CO2] Tarefa: multiply_chunk | None | Tempo: 0.0005551233333333334s | energy: 0.05Wh 
[2026-05-13 16:31:06] [METRIC_CO2] Tarefa: multiply_chunk | None | Tempo: 0.0005687488888888889s | energy: 0.05Wh 
DEBUG: Successfully pulled kepler_container_core_joules_total Wh directly from Kepler for None
[2026-05-13 16:31:06] [METRIC_CO2] Tarefa: multiply_chunk | None | Tempo: 0.0005912155555555555s | energy: 0.05Wh 
DEBUG: Successfully pulled kepler_container_core_joules_total Wh directly from Kepler for None
[2026-05-13 16:31:06] [METRIC_CO2] Tarefa: multiply_chunk | None | Tempo: 0.0006063291666666666s | energy: 0.05Wh 
DEBUG: Successfully pulled kepler_container_core_joules_total Wh directly from Kepler for None
[2026-05-13 16:31:08] [METRIC_CO2] Tarefa: multiply_chunk | None | Tempo: 0.0003517636111111111s | energy: 0.05Wh 
DEBUG: Successfully pulled kepler_container_core_joules_total Wh directly from Kepler for None
[2026-05-13 16:31:08] [METRIC_CO2] Tarefa: multiply_chunk | None | Tempo: 0.00037523305555555553s | energy: 0.05Wh 
DEBUG: Successfully pulled kepler_container_core_joules_total Wh directly from Kepler for None
DEBUG: Successfully pulled kepler_container_core_joules_total Wh directly from Kepler for None
[2026-05-13 16:31:08] [METRIC_CO2] Tarefa: multiply_chunk | None | Tempo: 0.0004089483333333333s | energy: 0.05Wh 
DEBUG: Successfully pulled kepler_container_core_joules_total Wh directly from Kepler for None
DEBUG: Successfully pulled kepler_container_core_joules_total Wh directly from Kepler for None
DEBUG: Successfully pulled kepler_container_core_joules_total Wh directly from Kepler for None
[2026-05-13 16:31:08] [METRIC_CO2] Tarefa: multiply_chunk | None | Tempo: 0.00044052527777777776s | energy: 0.05Wh 
[2026-05-13 16:31:08] [METRIC_CO2] Tarefa: multiply_chunk | None | Tempo: 0.0004446413888888889s | energy: 0.05Wh 
DEBUG: Successfully pulled kepler_container_core_joules_total Wh directly from Kepler for None
[2026-05-13 16:31:08] [METRIC_CO2] Tarefa: multiply_chunk | None | Tempo: 0.0004663675s | energy: 0.05Wh 
[2026-05-13 16:31:08] [METRIC_CO2] Tarefa: multiply_chunk | None | Tempo: 0.00046471833333333335s | energy: 0.05Wh 
DEBUG: Successfully pulled kepler_container_core_joules_total Wh directly from Kepler for None
[2026-05-13 16:31:08] [METRIC_CO2] Tarefa: multiply_chunk | None | Tempo: 0.00040042888888888885s | energy: 0.05Wh 
[2026-05-13 16:31:08] [METRIC_CO2] Tarefa: multiply_chunk | None | Tempo: 0.0005143358333333333s | energy: 0.05Wh 
DEBUG: Successfully pulled kepler_container_core_joules_total Wh directly from Kepler for None
DEBUG: Successfully pulled kepler_container_core_joules_total Wh directly from Kepler for None
DEBUG: Successfully pulled kepler_container_core_joules_total Wh directly from Kepler for None
DEBUG: Successfully pulled kepler_container_core_joules_total Wh directly from Kepler for None
[2026-05-13 16:31:08] [METRIC_CO2] Tarefa: multiply_chunk | None | Tempo: 0.0005527588888888889s | energy: 0.05Wh 
[2026-05-13 16:31:08] [METRIC_CO2] Tarefa: multiply_chunk | None | Tempo: 0.0005396377777777778s | energy: 0.05Wh 
[2026-05-13 16:31:08] [METRIC_CO2] Tarefa: multiply_chunk | None | Tempo: 0.0005549744444444444s | energy: 0.05Wh 
[2026-05-13 16:31:08] [METRIC_CO2] Tarefa: multiply_chunk | None | Tempo: 0.0005382813888888889s | energy: 0.05Wh 
DEBUG: Successfully pulled kepler_container_core_joules_total Wh directly from Kepler for None
DEBUG: Successfully pulled kepler_container_core_joules_total Wh directly from Kepler for None
[2026-05-13 16:31:09] [METRIC_CO2] Tarefa: multiply_chunk | None | Tempo: 0.0005821397222222222s | energy: 0.05Wh 
[2026-05-13 16:31:09] [METRIC_CO2] Tarefa: multiply_chunk | None | Tempo: 0.0006002966666666667s | energy: 0.05Wh 
DEBUG: Successfully pulled kepler_container_core_joules_total Wh directly from Kepler for None
[2026-05-13 16:31:09] [METRIC_CO2] Tarefa: multiply_chunk | None | Tempo: 0.0006187783333333333s | energy: 0.05Wh 
DEBUG: Successfully pulled kepler_container_core_joules_total Wh directly from Kepler for None
[2026-05-13 17:05:45] [METRIC_CO2] Tarefa: setup_matrices | None | Tempo: -0.00016095944444444445s | energy: 0.05Wh 
DEBUG: Successfully pulled kepler_container_core_joules_total Wh directly from Kepler for None
[2026-05-13 17:05:45] [METRIC_CO2] Tarefa: prepare_pairs | None | Tempo: 3.7482777777777775e-05s | energy: 0.05Wh 
DEBUG: Successfully pulled kepler_container_core_joules_total Wh directly from Kepler for None
DEBUG: Successfully pulled kepler_container_core_joules_total Wh directly from Kepler for None
DEBUG: Successfully pulled kepler_container_core_joules_total Wh directly from Kepler for None
[2026-05-13 17:05:48] [METRIC_CO2] Tarefa: multiply_chunk | None | Tempo: 0.00044884305555555553s | energy: 0.05Wh 
[2026-05-13 17:05:48] [METRIC_CO2] Tarefa: multiply_chunk | None | Tempo: 0.00045098361111111106s | energy: 0.05Wh 
DEBUG: Successfully pulled kepler_container_core_joules_total Wh directly from Kepler for None
[2026-05-13 17:05:48] [METRIC_CO2] Tarefa: multiply_chunk | None | Tempo: 0.00046810916666666666s | energy: 0.05Wh 
[2026-05-13 17:05:48] [METRIC_CO2] Tarefa: multiply_chunk | None | Tempo: 0.0004879094444444445s | energy: 0.05Wh 
DEBUG: Successfully pulled kepler_container_core_joules_total Wh directly from Kepler for None
DEBUG: Successfully pulled kepler_container_core_joules_total Wh directly from Kepler for None
DEBUG: Successfully pulled kepler_container_core_joules_total Wh directly from Kepler for None
[2026-05-13 17:05:49] [METRIC_CO2] Tarefa: multiply_chunk | None | Tempo: 0.0005007105555555556s | energy: 0.05Wh 
[2026-05-13 17:05:49] [METRIC_CO2] Tarefa: multiply_chunk | None | Tempo: 0.000501485s | energy: 0.05Wh 
DEBUG: Successfully pulled kepler_container_core_joules_total Wh directly from Kepler for None
[2026-05-13 17:05:49] [METRIC_CO2] Tarefa: multiply_chunk | None | Tempo: 0.0005550938888888889s | energy: 0.05Wh 
[2026-05-13 17:05:49] [METRIC_CO2] Tarefa: multiply_chunk | None | Tempo: 0.0005035861111111111s | energy: 0.05Wh 
DEBUG: Successfully pulled kepler_container_core_joules_total Wh directly from Kepler for None
DEBUG: Successfully pulled kepler_container_core_joules_total Wh directly from Kepler for None
DEBUG: Successfully pulled kepler_container_core_joules_total Wh directly from Kepler for None
DEBUG: Successfully pulled kepler_container_core_joules_total Wh directly from Kepler for None
[2026-05-13 17:05:49] [METRIC_CO2] Tarefa: multiply_chunk | None | Tempo: 0.0005372138888888889s | energy: 0.05Wh 
[2026-05-13 17:05:49] [METRIC_CO2] Tarefa: multiply_chunk | None | Tempo: 0.0005807302777777778s | energy: 0.05Wh 
DEBUG: Successfully pulled kepler_container_core_joules_total Wh directly from Kepler for None
DEBUG: Successfully pulled kepler_container_core_joules_total Wh directly from Kepler for None
[2026-05-13 17:05:49] [METRIC_CO2] Tarefa: multiply_chunk | None | Tempo: 0.0005522866666666667s | energy: 0.05Wh 
[2026-05-13 17:05:49] [METRIC_CO2] Tarefa: multiply_chunk | None | Tempo: 0.0006506669444444445s | energy: 0.05Wh 
[2026-05-13 17:05:49] [METRIC_CO2] Tarefa: multiply_chunk | None | Tempo: 0.0006066938888888889s | energy: 0.05Wh 
[2026-05-13 17:05:49] [METRIC_CO2] Tarefa: multiply_chunk | None | Tempo: 0.0006327622222222223s | energy: 0.05Wh 
DEBUG: Successfully pulled kepler_container_core_joules_total Wh directly from Kepler for None
DEBUG: Successfully pulled kepler_container_core_joules_total Wh directly from Kepler for None
[2026-05-13 17:05:49] [METRIC_CO2] Tarefa: multiply_chunk | None | Tempo: 0.0007099791666666666s | energy: 0.05Wh 
[2026-05-13 17:05:49] [METRIC_CO2] Tarefa: multiply_chunk | None | Tempo: 0.0006787516666666668s | energy: 0.05Wh 
DEBUG: Successfully pulled kepler_container_core_joules_total Wh directly from Kepler for None
DEBUG: Successfully pulled kepler_container_core_joules_total Wh directly from Kepler for None
[2026-05-13 17:05:50] [METRIC_CO2] Tarefa: multiply_chunk | None | Tempo: 0.00029446333333333334s | energy: 0.05Wh 
[2026-05-13 17:05:50] [METRIC_CO2] Tarefa: multiply_chunk | None | Tempo: 0.00031652916666666665s | energy: 0.05Wh 
DEBUG: Successfully pulled kepler_container_core_joules_total Wh directly from Kepler for None
[2026-05-13 17:05:50] [METRIC_CO2] Tarefa: multiply_chunk | None | Tempo: 0.000327835s | energy: 0.05Wh 
DEBUG: Successfully pulled kepler_container_core_joules_total Wh directly from Kepler for None
DEBUG: Successfully pulled kepler_container_core_joules_total Wh directly from Kepler for None
[2026-05-13 17:05:50] [METRIC_CO2] Tarefa: multiply_chunk | None | Tempo: 0.00036719777777777777s | energy: 0.05Wh 
[2026-05-13 17:05:50] [METRIC_CO2] Tarefa: multiply_chunk | None | Tempo: 0.0002786061111111111s | energy: 0.05Wh 
DEBUG: Successfully pulled kepler_container_core_joules_total Wh directly from Kepler for None
DEBUG: Successfully pulled kepler_container_core_joules_total Wh directly from Kepler for None
DEBUG: Successfully pulled kepler_container_core_joules_total Wh directly from Kepler for None
[2026-05-13 17:05:51] [METRIC_CO2] Tarefa: multiply_chunk | None | Tempo: 0.0004466169444444444s | energy: 0.05Wh 
[2026-05-13 17:05:51] [METRIC_CO2] Tarefa: multiply_chunk | None | Tempo: 0.00031888s | energy: 0.05Wh 
DEBUG: Successfully pulled kepler_container_core_joules_total Wh directly from Kepler for None
[2026-05-13 17:05:51] [METRIC_CO2] Tarefa: multiply_chunk | None | Tempo: 0.0003225361111111111s | energy: 0.05Wh 
[2026-05-13 17:05:51] [METRIC_CO2] Tarefa: multiply_chunk | None | Tempo: 0.0003704416666666667s | energy: 0.05Wh 
DEBUG: Successfully pulled kepler_container_core_joules_total Wh directly from Kepler for None
[2026-05-13 17:05:51] [METRIC_CO2] Tarefa: multiply_chunk | None | Tempo: 0.0004853261111111111s | energy: 0.05Wh 
DEBUG: Successfully pulled kepler_container_core_joules_total Wh directly from Kepler for None
[2026-05-13 17:05:51] [METRIC_CO2] Tarefa: multiply_chunk | None | Tempo: 0.0005143780555555555s | energy: 0.05Wh 
DEBUG: Successfully pulled kepler_container_core_joules_total Wh directly from Kepler for None
[2026-05-13 17:05:51] [METRIC_CO2] Tarefa: multiply_chunk | None | Tempo: 0.0005542480555555555s | energy: 0.05Wh 
DEBUG: Successfully pulled kepler_container_core_joules_total Wh directly from Kepler for None
[2026-05-13 17:05:51] [METRIC_CO2] Tarefa: multiply_chunk | None | Tempo: 0.0005758686111111111s | energy: 0.05Wh 
DEBUG: Successfully pulled kepler_container_core_joules_total Wh directly from Kepler for None
[2026-05-13 17:05:51] [METRIC_CO2] Tarefa: multiply_chunk | None | Tempo: 0.0004920316666666667s | energy: 0.05Wh 
DEBUG: Successfully pulled kepler_container_core_joules_total Wh directly from Kepler for None
[2026-05-13 17:05:51] [METRIC_CO2] Tarefa: multiply_chunk | None | Tempo: 0.0006460658333333334s | energy: 0.05Wh 
DEBUG: Successfully pulled kepler_container_core_joules_total Wh directly from Kepler for None
[2026-05-13 17:05:51] [METRIC_CO2] Tarefa: multiply_chunk | None | Tempo: 0.0006736647222222223s | energy: 0.05Wh 
DEBUG: Successfully pulled kepler_container_core_joules_total Wh directly from Kepler for None
[2026-05-14 12:39:25] [METRIC_CO2] Tarefa: aggregate | None | Tempo: 0.0002331463888888889s | energy: 0.05Wh 

--- DEBUG algo estranhoS:  ---
TOTAL WORKFLOW ENERGY from temp files: 0.1500 Wh
DEBUG: Successfully pulled kepler_container_core_joules_total Wh directly from Kepler for None
[2026-05-15 12:52:43] [METRIC_CO2] Tarefa: setup_matrices | None | Tempo: 0.0013452875s | energy: 0.05Wh 
DEBUG: Successfully pulled kepler_container_core_joules_total Wh directly from Kepler for None
[2026-05-15 12:52:43] [METRIC_CO2] Tarefa: prepare_pairs | None | Tempo: -0.00028844833333333333s | energy: 0.05Wh 
DEBUG: Successfully pulled kepler_container_core_joules_total Wh directly from Kepler for None
DEBUG: Successfully pulled kepler_container_core_joules_total Wh directly from Kepler for None
[2026-05-15 12:52:45] [METRIC_CO2] Tarefa: multiply_chunk | None | Tempo: 0.00034433416666666665s | energy: 0.05Wh 
[2026-05-15 12:52:45] [METRIC_CO2] Tarefa: multiply_chunk | None | Tempo: 0.00035318083333333336s | energy: 0.05Wh 
DEBUG: Successfully pulled kepler_container_core_joules_total Wh directly from Kepler for None
[2026-05-15 12:52:45] [METRIC_CO2] Tarefa: multiply_chunk | None | Tempo: 0.00037185722222222225s | energy: 0.05Wh 
DEBUG: Successfully pulled kepler_container_core_joules_total Wh directly from Kepler for None
DEBUG: Successfully pulled kepler_container_core_joules_total Wh directly from Kepler for None
DEBUG: Successfully pulled kepler_container_core_joules_total Wh directly from Kepler for None
[2026-05-15 12:52:45] [METRIC_CO2] Tarefa: multiply_chunk | None | Tempo: 0.0004190438888888889s | energy: 0.05Wh 
[2026-05-15 12:52:45] [METRIC_CO2] Tarefa: multiply_chunk | None | Tempo: 0.00042918249999999997s | energy: 0.05Wh 
[2026-05-15 12:52:45] [METRIC_CO2] Tarefa: multiply_chunk | None | Tempo: 0.00043284694444444444s | energy: 0.05Wh 
DEBUG: Successfully pulled kepler_container_core_joules_total Wh directly from Kepler for None
DEBUG: Successfully pulled kepler_container_core_joules_total Wh directly from Kepler for None
DEBUG: Successfully pulled kepler_container_core_joules_total Wh directly from Kepler for None
[2026-05-15 12:52:45] [METRIC_CO2] Tarefa: multiply_chunk | None | Tempo: 0.00043726249999999996s | energy: 0.05Wh 
DEBUG: Successfully pulled kepler_container_core_joules_total Wh directly from Kepler for None
[2026-05-15 12:52:45] [METRIC_CO2] Tarefa: multiply_chunk | None | Tempo: 0.00046758555555555557s | energy: 0.05Wh 
[2026-05-15 12:52:45] [METRIC_CO2] Tarefa: multiply_chunk | None | Tempo: 0.0004575991666666667s | energy: 0.05Wh 
DEBUG: Successfully pulled kepler_container_core_joules_total Wh directly from Kepler for None
DEBUG: Successfully pulled kepler_container_core_joules_total Wh directly from Kepler for None
[2026-05-15 12:52:46] [METRIC_CO2] Tarefa: multiply_chunk | None | Tempo: 0.000453015s | energy: 0.05Wh 
[2026-05-15 12:52:46] [METRIC_CO2] Tarefa: multiply_chunk | None | Tempo: 0.0005027416666666667s | energy: 0.05Wh 
[2026-05-15 12:52:46] [METRIC_CO2] Tarefa: multiply_chunk | None | Tempo: 0.0004937925s | energy: 0.05Wh 
DEBUG: Successfully pulled kepler_container_core_joules_total Wh directly from Kepler for None
[2026-05-15 12:52:46] [METRIC_CO2] Tarefa: multiply_chunk | None | Tempo: 0.0005339816666666666s | energy: 0.05Wh 
DEBUG: Successfully pulled kepler_container_core_joules_total Wh directly from Kepler for None
DEBUG: Successfully pulled kepler_container_core_joules_total Wh directly from Kepler for None
[2026-05-15 12:52:46] [METRIC_CO2] Tarefa: multiply_chunk | None | Tempo: 0.0005501472222222222s | energy: 0.05Wh 
[2026-05-15 12:52:46] [METRIC_CO2] Tarefa: multiply_chunk | None | Tempo: 0.0005562372222222223s | energy: 0.05Wh 
DEBUG: Successfully pulled kepler_container_core_joules_total Wh directly from Kepler for None
[2026-05-15 12:52:46] [METRIC_CO2] Tarefa: multiply_chunk | None | Tempo: 0.0005405936111111111s | energy: 0.05Wh 
DEBUG: Successfully pulled kepler_container_core_joules_total Wh directly from Kepler for None
[2026-05-15 12:52:47] [METRIC_CO2] Tarefa: multiply_chunk | None | Tempo: 0.00029448s | energy: 0.05Wh 
DEBUG: Successfully pulled kepler_container_core_joules_total Wh directly from Kepler for None
DEBUG: Successfully pulled kepler_container_core_joules_total Wh directly from Kepler for None
[2026-05-15 12:52:48] [METRIC_CO2] Tarefa: multiply_chunk | None | Tempo: 0.0003932188888888889s | energy: 0.05Wh 
DEBUG: Successfully pulled kepler_container_core_joules_total Wh directly from Kepler for None
[2026-05-15 12:52:48] [METRIC_CO2] Tarefa: multiply_chunk | None | Tempo: 0.00042532694444444443s | energy: 0.05Wh 
DEBUG: Successfully pulled kepler_container_core_joules_total Wh directly from Kepler for None
DEBUG: Successfully pulled kepler_container_core_joules_total Wh directly from Kepler for None
DEBUG: Successfully pulled kepler_container_core_joules_total Wh directly from Kepler for None
[2026-05-15 12:52:48] [METRIC_CO2] Tarefa: multiply_chunk | None | Tempo: 0.0004353772222222222s | energy: 0.05Wh 
[2026-05-15 12:52:48] [METRIC_CO2] Tarefa: multiply_chunk | None | Tempo: 0.00038872083333333333s | energy: 0.05Wh 
[2026-05-15 12:52:48] [METRIC_CO2] Tarefa: multiply_chunk | None | Tempo: 0.00043275083333333336s | energy: 0.05Wh 
[2026-05-15 12:52:48] [METRIC_CO2] Tarefa: multiply_chunk | None | Tempo: 0.00045020611111111107s | energy: 0.05Wh 
DEBUG: Successfully pulled kepler_container_core_joules_total Wh directly from Kepler for None
[2026-05-15 12:52:48] [METRIC_CO2] Tarefa: multiply_chunk | None | Tempo: 0.0005202483333333333s | energy: 0.05Wh 
DEBUG: Successfully pulled kepler_container_core_joules_total Wh directly from Kepler for None
[2026-05-15 12:52:48] [METRIC_CO2] Tarefa: multiply_chunk | None | Tempo: 0.0005224144444444445s | energy: 0.05Wh 
DEBUG: Successfully pulled kepler_container_core_joules_total Wh directly from Kepler for None
DEBUG: Successfully pulled kepler_container_core_joules_total Wh directly from Kepler for None
[2026-05-15 12:52:48] [METRIC_CO2] Tarefa: multiply_chunk | None | Tempo: 0.0005371941666666666s | energy: 0.05Wh 
[2026-05-15 12:52:48] [METRIC_CO2] Tarefa: multiply_chunk | None | Tempo: 0.0005499802777777778s | energy: 0.05Wh 
DEBUG: Successfully pulled kepler_container_core_joules_total Wh directly from Kepler for None
DEBUG: Successfully pulled kepler_container_core_joules_total Wh directly from Kepler for None
[2026-05-15 12:52:48] [METRIC_CO2] Tarefa: multiply_chunk | None | Tempo: 0.0005716833333333333s | energy: 0.05Wh 
DEBUG: Successfully pulled kepler_container_core_joules_total Wh directly from Kepler for None
[2026-05-15 12:52:48] [METRIC_CO2] Tarefa: multiply_chunk | None | Tempo: 0.0005557369444444443s | energy: 0.05Wh 
[2026-05-15 12:52:48] [METRIC_CO2] Tarefa: multiply_chunk | None | Tempo: 0.0005800669444444445s | energy: 0.05Wh 
DEBUG: Successfully pulled kepler_container_core_joules_total Wh directly from Kepler for None
[2026-05-15 12:52:48] [METRIC_CO2] Tarefa: multiply_chunk | None | Tempo: 0.0005928955555555556s | energy: 0.05Wh 
DEBUG: Successfully pulled kepler_container_core_joules_total Wh directly from Kepler for None
[2026-05-15 12:52:48] [METRIC_CO2] Tarefa: multiply_chunk | None | Tempo: 0.0006194672222222222s | energy: 0.05Wh 
DEBUG: Successfully pulled kepler_container_core_joules_total Wh directly from Kepler for None
[2026-05-15 12:52:49] [METRIC_CO2] Tarefa: aggregate | None | Tempo: 0.00010949638888888889s | energy: 0.05Wh 

--- DEBUG algo estranhoS:  ---
TOTAL WORKFLOW ENERGY from temp files: 0.1500 Wh
DEBUG: Successfully pulled kepler_container_core_joules_total Wh directly from Kepler for collect-data-4t8ogd1i
DEBUG: Successfully pulled 0.000742 Wh directly from Kepler for collect-data-4t8ogd1i
[2026-05-15 12:58:22] [METRIC_CO2] Tarefa: T1 | collect-data-4t8ogd1i | Tempo: 0.004178210277777777s | energy: 0.0007416666666666666Wh 
DEBUG: Successfully pulled kepler_container_core_joules_total Wh directly from Kepler for process-a-cr0cm0ay
DEBUG: Successfully pulled kepler_container_core_joules_total Wh directly from Kepler for process-b-r0mcqpa8
DEBUG: Successfully pulled 0.000437 Wh directly from Kepler for process-a-cr0cm0ay
DEBUG: Successfully pulled 0.000519 Wh directly from Kepler for process-b-r0mcqpa8
[2026-05-15 12:58:31] [METRIC_CO2] Tarefa: T2 | process-a-cr0cm0ay | Tempo: 0.002308892222222222s | energy: 0.0004366666666666667Wh 
[2026-05-15 12:58:31] [METRIC_CO2] Tarefa: T3 | process-b-r0mcqpa8 | Tempo: 0.0023087013888888888s | energy: 0.0005191666666666667Wh 
DEBUG: Successfully pulled kepler_container_core_joules_total Wh directly from Kepler for process-c-ohx2i5h0
DEBUG: Successfully pulled 0.000458 Wh directly from Kepler for process-c-ohx2i5h0
[2026-05-15 12:58:36] [METRIC_CO2] Tarefa: T4 | process-c-ohx2i5h0 | Tempo: 0.0037156508333333334s | energy: 0.0004575Wh 
DEBUG: Successfully pulled kepler_container_core_joules_total Wh directly from Kepler for merge-data-4jlasp5y
DEBUG: Successfully pulled 0.000635 Wh directly from Kepler for merge-data-4jlasp5y
[2026-05-15 12:58:46] [METRIC_CO2] Tarefa: T5 | merge-data-4jlasp5y | Tempo: 0.002590353888888889s | energy: 0.000635Wh 
DEBUG: Successfully pulled kepler_container_core_joules_total Wh directly from Kepler for report-c-owpys5bb
DEBUG: Successfully pulled 0.000496 Wh directly from Kepler for report-c-owpys5bb
[2026-05-15 12:58:59] [METRIC_CO2] Tarefa: T8 | report-c-owpys5bb | Tempo: 0.0036939225s | energy: 0.0004958333333333333Wh 
DEBUG: Successfully pulled kepler_container_core_joules_total Wh directly from Kepler for report-b-alaw09hd
DEBUG: Successfully pulled 0.000567 Wh directly from Kepler for report-b-alaw09hd
DEBUG: Successfully pulled kepler_container_core_joules_total Wh directly from Kepler for report-a-g56o1iq2
DEBUG: Successfully pulled 0.000449 Wh directly from Kepler for report-a-g56o1iq2
[2026-05-15 12:58:59] [METRIC_CO2] Tarefa: T7 | report-b-alaw09hd | Tempo: 0.0036985158333333336s | energy: 0.0005666666666666667Wh 
[2026-05-15 12:58:59] [METRIC_CO2] Tarefa: T6 | report-a-g56o1iq2 | Tempo: 0.0036988080555555554s | energy: 0.00044916666666666667Wh 
DEBUG: Successfully pulled kepler_container_core_joules_total Wh directly from Kepler for finalize-fqpf6z1t
DEBUG: Successfully pulled 0.000528 Wh directly from Kepler for finalize-fqpf6z1t
[2026-05-15 12:59:14] [METRIC_CO2] Tarefa: T9 | finalize-fqpf6z1t | Tempo: 0.003980809166666667s | energy: 0.0005283333333333333Wh 

--- DEBUG algo estranhoS:  ---
TOTAL WORKFLOW ENERGY from temp files: 0.0048 Wh
DEBUG: Successfully pulled kepler_container_core_joules_total Wh directly from Kepler for collect-data-1sjgrym9
DEBUG: Successfully pulled kepler_container_core_joules_total Wh directly from Kepler for collect-data-bqkjjyyn
DEBUG: Successfully pulled 0.000478 Wh directly from Kepler for collect-data-bqkjjyyn
DEBUG: Successfully pulled 0.000526 Wh directly from Kepler for collect-data-1sjgrym9
DEBUG: Successfully pulled kepler_container_core_joules_total Wh directly from Kepler for collect-data-7qet8dqs
DEBUG: Successfully pulled 0.000478 Wh directly from Kepler for collect-data-7qet8dqs
[2026-05-16 03:11:33] [METRIC_CO2] Tarefa: T1 | collect-data-7qet8dqs | Tempo: 0.012831686111111112s | energy: 0.0004775Wh 
[2026-05-16 03:11:33] [METRIC_CO2] Tarefa: T1 | collect-data-bqkjjyyn | Tempo: 0.012835977222222223s | energy: 0.0004775Wh 
[2026-05-16 03:11:33] [METRIC_CO2] Tarefa: T1 | collect-data-1sjgrym9 | Tempo: 0.012836222777777778s | energy: 0.0005258333333333333Wh 
DEBUG: Successfully pulled kepler_container_core_joules_total Wh directly from Kepler for process-b-v5680xd5
DEBUG: Successfully pulled 0.000246 Wh directly from Kepler for process-b-v5680xd5
DEBUG: Successfully pulled kepler_container_core_joules_total Wh directly from Kepler for process-a-rshvub32
DEBUG: Successfully pulled 0.000286 Wh directly from Kepler for process-a-rshvub32
[2026-05-16 03:11:44] [METRIC_CO2] Tarefa: T3 | process-b-v5680xd5 | Tempo: 0.002951788611111111s | energy: 0.0002458333333333333Wh 
[2026-05-16 03:11:44] [METRIC_CO2] Tarefa: T2 | process-a-rshvub32 | Tempo: 0.0029526555555555553s | energy: 0.0002858333333333333Wh 
DEBUG: Successfully pulled kepler_container_core_joules_total Wh directly from Kepler for process-a-4xvwmwy6
DEBUG: Successfully pulled 0.000187 Wh directly from Kepler for process-a-4xvwmwy6
[2026-05-16 03:11:44] [METRIC_CO2] Tarefa: T2 | process-a-4xvwmwy6 | Tempo: 0.0029660733333333332s | energy: 0.0001866666666666667Wh 
DEBUG: Successfully pulled kepler_container_core_joules_total Wh directly from Kepler for process-b-ta7ywd1s
DEBUG: Successfully pulled 0.000173 Wh directly from Kepler for process-b-ta7ywd1s
[2026-05-16 03:11:44] [METRIC_CO2] Tarefa: T3 | process-b-ta7ywd1s | Tempo: 0.002990607222222222s | energy: 0.00017333333333333334Wh 
DEBUG: Successfully pulled kepler_container_core_joules_total Wh directly from Kepler for process-b-2qi0gs3w
DEBUG: Successfully pulled 0.000153 Wh directly from Kepler for process-b-2qi0gs3w
[2026-05-16 03:11:44] [METRIC_CO2] Tarefa: T3 | process-b-2qi0gs3w | Tempo: 0.0030217255555555554s | energy: 0.00015333333333333334Wh 
DEBUG: Successfully pulled kepler_container_core_joules_total Wh directly from Kepler for process-a-tve16pp2
DEBUG: Successfully pulled 0.000379 Wh directly from Kepler for process-a-tve16pp2
[2026-05-16 03:11:45] [METRIC_CO2] Tarefa: T2 | process-a-tve16pp2 | Tempo: 0.0033310527777777777s | energy: 0.00037916666666666665Wh 
DEBUG: Successfully pulled kepler_container_core_joules_total Wh directly from Kepler for process-c-n31p4rdm
DEBUG: Successfully pulled 0.000326 Wh directly from Kepler for process-c-n31p4rdm
[2026-05-16 03:11:49] [METRIC_CO2] Tarefa: T4 | process-c-n31p4rdm | Tempo: 0.004354373055555556s | energy: 0.00032583333333333336Wh 
DEBUG: Successfully pulled kepler_container_core_joules_total Wh directly from Kepler for process-c-11k5nime
DEBUG: Successfully pulled 0.000253 Wh directly from Kepler for process-c-11k5nime
[2026-05-16 03:11:49] [METRIC_CO2] Tarefa: T4 | process-c-11k5nime | Tempo: 0.0043729166666666664s | energy: 0.0002525Wh 
DEBUG: Successfully pulled kepler_container_core_joules_total Wh directly from Kepler for process-c-9m52bcc8
DEBUG: Successfully pulled 0.000313 Wh directly from Kepler for process-c-9m52bcc8
[2026-05-16 03:11:50] [METRIC_CO2] Tarefa: T4 | process-c-9m52bcc8 | Tempo: 0.0044503327777777775s | energy: 0.0003125Wh 
DEBUG: Successfully pulled kepler_container_core_joules_total Wh directly from Kepler for merge-data-jile962l
DEBUG: Successfully pulled 0.000434 Wh directly from Kepler for merge-data-jile962l
DEBUG: Successfully pulled kepler_container_core_joules_total Wh directly from Kepler for merge-data-wa16kzkv
DEBUG: Successfully pulled 0.000442 Wh directly from Kepler for merge-data-wa16kzkv
[2026-05-16 03:11:59] [METRIC_CO2] Tarefa: T5 | merge-data-jile962l | Tempo: 0.0027404113888888893s | energy: 0.00043416666666666663Wh 
[2026-05-16 03:11:59] [METRIC_CO2] Tarefa: T5 | merge-data-wa16kzkv | Tempo: 0.002710642222222222s | energy: 0.00044249999999999997Wh 
DEBUG: Successfully pulled kepler_container_core_joules_total Wh directly from Kepler for merge-data-uk9prab6
DEBUG: Successfully pulled 0.000383 Wh directly from Kepler for merge-data-uk9prab6
[2026-05-16 03:12:00] [METRIC_CO2] Tarefa: T5 | merge-data-uk9prab6 | Tempo: 0.0027403394444444444s | energy: 0.00038250000000000003Wh 
DEBUG: Successfully pulled kepler_container_core_joules_total Wh directly from Kepler for report-a-hrzwzu6n
DEBUG: Successfully pulled 0.000268 Wh directly from Kepler for report-a-hrzwzu6n
[2026-05-16 03:12:14] [METRIC_CO2] Tarefa: T6 | report-a-hrzwzu6n | Tempo: 0.004000087222222222s | energy: 0.0002683333333333333Wh 
DEBUG: Successfully pulled kepler_container_core_joules_total Wh directly from Kepler for report-b-9c4buq81
DEBUG: Successfully pulled 0.000357 Wh directly from Kepler for report-b-9c4buq81
[2026-05-16 03:12:15] [METRIC_CO2] Tarefa: T7 | report-b-9c4buq81 | Tempo: 0.004104537777777778s | energy: 0.00035749999999999996Wh 
DEBUG: Successfully pulled kepler_container_core_joules_total Wh directly from Kepler for report-a-mq2ug0z6
DEBUG: Successfully pulled 0.000357 Wh directly from Kepler for report-a-mq2ug0z6
[2026-05-16 03:12:15] [METRIC_CO2] Tarefa: T6 | report-a-mq2ug0z6 | Tempo: 0.004112062777777778s | energy: 0.00035749999999999996Wh 
DEBUG: Successfully pulled kepler_container_core_joules_total Wh directly from Kepler for report-a-54de0dvi
DEBUG: Successfully pulled 0.000387 Wh directly from Kepler for report-a-54de0dvi
DEBUG: Successfully pulled kepler_container_core_joules_total Wh directly from Kepler for report-c-uazi812e
DEBUG: Successfully pulled 0.000248 Wh directly from Kepler for report-c-uazi812e
[2026-05-16 03:12:15] [METRIC_CO2] Tarefa: T6 | report-a-54de0dvi | Tempo: 0.004124612222222222s | energy: 0.0003875Wh 
[2026-05-16 03:12:15] [METRIC_CO2] Tarefa: T8 | report-c-uazi812e | Tempo: 0.004121844166666667s | energy: 0.0002483333333333333Wh 
DEBUG: Successfully pulled kepler_container_core_joules_total Wh directly from Kepler for finalize-u98nt43j
DEBUG: Successfully pulled 0.000653 Wh directly from Kepler for finalize-u98nt43j
[2026-05-16 03:12:30] [METRIC_CO2] Tarefa: T9 | finalize-u98nt43j | Tempo: 0.0040142258333333335s | energy: 0.0006533333333333333Wh 

--- DEBUG algo estranhoS:  ---
TOTAL WORKFLOW ENERGY from temp files: 0.0034 Wh
DEBUG: Successfully pulled kepler_container_core_joules_total Wh directly from Kepler for collect-data-kviq78ln
DEBUG: Successfully pulled 0.001307 Wh directly from Kepler for collect-data-kviq78ln
[2026-05-22 14:00:16] [METRIC_CO2] Tarefa: T1 | collect-data-kviq78ln | Tempo: 0.004162162222222222s | energy: 0.0013074999999999999Wh 
DEBUG: Successfully pulled kepler_container_core_joules_total Wh directly from Kepler for process-a-usk36tbx
DEBUG: Successfully pulled kepler_container_core_joules_total Wh directly from Kepler for process-b-0do2edfp
DEBUG: Successfully pulled 0.000500 Wh directly from Kepler for process-b-0do2edfp
DEBUG: Successfully pulled 0.000485 Wh directly from Kepler for process-a-usk36tbx
[2026-05-22 14:00:26] [METRIC_CO2] Tarefa: T3 | process-b-0do2edfp | Tempo: 0.002745159722222222s | energy: 0.0005Wh 
[2026-05-22 14:00:26] [METRIC_CO2] Tarefa: T2 | process-a-usk36tbx | Tempo: 0.0027462080555555554s | energy: 0.000485Wh 
DEBUG: Direct Kepler pull failed: HTTPConnectionPool(host='127.0.0.1', port=9102): Max retries exceeded with url: /metrics (Caused by NewConnectionError("HTTPConnection(host='127.0.0.1', port=9102): Failed to establish a new connection: [Errno 111] Connection refused"))
[2026-05-22 15:00:15] [METRIC_CO2] Tarefa: T4 | process-c-khgaw2lv | Tempo: 0.0040716375s | energy: 0.05Wh 
DEBUG: Direct Kepler pull failed: HTTPConnectionPool(host='127.0.0.1', port=9102): Max retries exceeded with url: /metrics (Caused by NewConnectionError("HTTPConnection(host='127.0.0.1', port=9102): Failed to establish a new connection: [Errno 111] Connection refused"))
[2026-05-22 15:00:26] [METRIC_CO2] Tarefa: T5 | merge-data-6c9eoyar | Tempo: 0.0027245916666666665s | energy: 0.05Wh 
DEBUG: Direct Kepler pull failed: HTTPConnectionPool(host='127.0.0.1', port=9102): Max retries exceeded with url: /metrics (Caused by NewConnectionError("HTTPConnection(host='127.0.0.1', port=9102): Failed to establish a new connection: [Errno 111] Connection refused"))
[2026-05-22 15:00:41] [METRIC_CO2] Tarefa: T6 | report-a-3dkydkuo | Tempo: 0.004136249166666666s | energy: 0.05Wh 
DEBUG: Direct Kepler pull failed: HTTPConnectionPool(host='127.0.0.1', port=9102): Max retries exceeded with url: /metrics (Caused by NewConnectionError("HTTPConnection(host='127.0.0.1', port=9102): Failed to establish a new connection: [Errno 111] Connection refused"))
[2026-05-22 16:14:02] [METRIC_CO2] Tarefa: T8 | report-c-9v1gktnh | Tempo: 0.004471019166666667s | energy: 0.05Wh 
DEBUG: Direct Kepler pull failed: HTTPConnectionPool(host='127.0.0.1', port=9102): Max retries exceeded with url: /metrics (Caused by NewConnectionError("HTTPConnection(host='127.0.0.1', port=9102): Failed to establish a new connection: [Errno 111] Connection refused"))
[2026-05-22 16:14:03] [METRIC_CO2] Tarefa: T7 | report-b-wjo15rlp | Tempo: 0.004936375555555556s | energy: 0.05Wh 
DEBUG: Direct Kepler pull failed: HTTPConnectionPool(host='127.0.0.1', port=9102): Max retries exceeded with url: /metrics (Caused by NewConnectionError("HTTPConnection(host='127.0.0.1', port=9102): Failed to establish a new connection: [Errno 111] Connection refused"))
[2026-05-22 16:14:19] [METRIC_CO2] Tarefa: T9 | finalize-kwtem8np | Tempo: 0.0040690775s | energy: 0.05Wh 

--- DEBUG algo estranhoS:  ---
TOTAL WORKFLOW ENERGY from temp files: 0.3023 Wh
DEBUG: Successfully pulled kepler_container_core_joules_total Wh directly from Kepler for collect-data-0e01cms4
DEBUG: Successfully pulled 0.000763 Wh directly from Kepler for collect-data-0e01cms4
[2026-05-23 00:24:31] [METRIC_CO2] Tarefa: T1 | collect-data-0e01cms4 | Tempo: 0.0048907463888888895s | energy: 0.0007625Wh 
DEBUG: Successfully pulled kepler_container_core_joules_total Wh directly from Kepler for collect-data-94zjlrp9
DEBUG: Successfully pulled 0.000617 Wh directly from Kepler for collect-data-94zjlrp9
[2026-05-23 00:24:32] [METRIC_CO2] Tarefa: T1 | collect-data-94zjlrp9 | Tempo: 0.004225925555555556s | energy: 0.0006166666666666667Wh 
DEBUG: Successfully pulled kepler_container_core_joules_total Wh directly from Kepler for collect-data-wayhugfr
DEBUG: Successfully pulled 0.000956 Wh directly from Kepler for collect-data-wayhugfr
[2026-05-23 00:24:34] [METRIC_CO2] Tarefa: T1 | collect-data-wayhugfr | Tempo: 0.004223628055555556s | energy: 0.0009558333333333333Wh 
DEBUG: Successfully pulled kepler_container_core_joules_total Wh directly from Kepler for process-a-7ya308nc
DEBUG: Successfully pulled 0.000733 Wh directly from Kepler for process-a-7ya308nc
[2026-05-23 01:24:22] [METRIC_CO2] Tarefa: T2 | process-a-7ya308nc | Tempo: 0.0020168475s | energy: 0.0007333333333333333Wh 
DEBUG: Successfully pulled kepler_container_core_joules_total Wh directly from Kepler for process-a-jrm432yj
DEBUG: Successfully pulled 0.001227 Wh directly from Kepler for process-a-jrm432yj
[2026-05-23 01:24:25] [METRIC_CO2] Tarefa: T2 | process-a-jrm432yj | Tempo: 0.00282711s | energy: 0.0012266666666666667Wh 
DEBUG: Successfully pulled kepler_container_core_joules_total Wh directly from Kepler for process-a-7hek0feh
DEBUG: Successfully pulled 0.000594 Wh directly from Kepler for process-a-7hek0feh
[2026-05-23 01:24:29] [METRIC_CO2] Tarefa: T2 | process-a-7hek0feh | Tempo: 0.0027672275s | energy: 0.0005941666666666666Wh 
DEBUG: Successfully pulled kepler_container_core_joules_total Wh directly from Kepler for process-b-diz4nxmb
DEBUG: Successfully pulled kepler_container_core_joules_total Wh directly from Kepler for process-b-emndjuaj
DEBUG: Successfully pulled 0.001044 Wh directly from Kepler for process-b-emndjuaj
DEBUG: Successfully pulled 0.001267 Wh directly from Kepler for process-b-diz4nxmb
[2026-05-25 20:48:04] [METRIC_CO2] Tarefa: T3 | process-b-emndjuaj | Tempo: 0.0046293183333333335s | energy: 0.0010441666666666666Wh 
[2026-05-25 20:48:04] [METRIC_CO2] Tarefa: T3 | process-b-diz4nxmb | Tempo: 0.004636931666666667s | energy: 0.0012666666666666666Wh 
DEBUG: Successfully pulled kepler_container_core_joules_total Wh directly from Kepler for process-b-gxj5wjc1
DEBUG: Successfully pulled 0.000600 Wh directly from Kepler for process-b-gxj5wjc1
[2026-05-25 20:48:04] [METRIC_CO2] Tarefa: T3 | process-b-gxj5wjc1 | Tempo: 0.004677542777777778s | energy: 0.0006000000000000001Wh 
DEBUG: Successfully pulled kepler_container_core_joules_total Wh directly from Kepler for process-c-v9emgk6b
DEBUG: Successfully pulled 0.001044 Wh directly from Kepler for process-c-v9emgk6b
DEBUG: Successfully pulled kepler_container_core_joules_total Wh directly from Kepler for process-c-iu5tedau
DEBUG: Successfully pulled 0.000793 Wh directly from Kepler for process-c-iu5tedau
[2026-05-25 20:48:09] [METRIC_CO2] Tarefa: T4 | process-c-v9emgk6b | Tempo: 0.006004574166666667s | energy: 0.0010441666666666666Wh 
[2026-05-25 20:48:09] [METRIC_CO2] Tarefa: T4 | process-c-iu5tedau | Tempo: 0.0060001705555555555s | energy: 0.0007925Wh 
DEBUG: Successfully pulled kepler_container_core_joules_total Wh directly from Kepler for process-c-8zriog7n
DEBUG: Successfully pulled 0.000638 Wh directly from Kepler for process-c-8zriog7n
[2026-05-25 20:48:09] [METRIC_CO2] Tarefa: T4 | process-c-8zriog7n | Tempo: 0.0060441244444444445s | energy: 0.0006383333333333333Wh 
DEBUG: Successfully pulled kepler_container_core_joules_total Wh directly from Kepler for merge-data-q6qafu7m
DEBUG: Successfully pulled 0.000584 Wh directly from Kepler for merge-data-q6qafu7m
[2026-05-25 20:48:20] [METRIC_CO2] Tarefa: T5 | merge-data-q6qafu7m | Tempo: 0.002908176388888889s | energy: 0.0005841666666666668Wh 
DEBUG: Successfully pulled kepler_container_core_joules_total Wh directly from Kepler for merge-data-izebonuh
DEBUG: Successfully pulled 0.000465 Wh directly from Kepler for merge-data-izebonuh
[2026-05-25 20:48:22] [METRIC_CO2] Tarefa: T5 | merge-data-izebonuh | Tempo: 0.0032635761111111114s | energy: 0.00046499999999999997Wh 
DEBUG: Successfully pulled kepler_container_core_joules_total Wh directly from Kepler for collect-data-knysho3z
DEBUG: Successfully pulled 0.000588 Wh directly from Kepler for collect-data-knysho3z
[2026-05-25 20:57:41] [METRIC_CO2] Tarefa: T1 | collect-data-knysho3z | Tempo: 0.005178119444444445s | energy: 0.0005883333333333333Wh 
DEBUG: Successfully pulled kepler_container_core_joules_total Wh directly from Kepler for collect-data-65inu6g6
DEBUG: Successfully pulled 0.000703 Wh directly from Kepler for collect-data-65inu6g6
[2026-05-25 20:57:43] [METRIC_CO2] Tarefa: T1 | collect-data-65inu6g6 | Tempo: 0.00446229s | energy: 0.0007033333333333334Wh 
DEBUG: Successfully pulled kepler_container_core_joules_total Wh directly from Kepler for collect-data-nw751lz1
DEBUG: Successfully pulled 0.000827 Wh directly from Kepler for collect-data-nw751lz1
[2026-05-25 20:57:46] [METRIC_CO2] Tarefa: T1 | collect-data-nw751lz1 | Tempo: 0.004458736111111111s | energy: 0.0008266666666666666Wh 
DEBUG: Successfully pulled kepler_container_core_joules_total Wh directly from Kepler for collect-data-oqyjc26m
DEBUG: Successfully pulled 0.000501 Wh directly from Kepler for collect-data-oqyjc26m
[2026-05-26 13:37:54] [METRIC_CO2] Tarefa: T1 | collect-data-oqyjc26m | Tempo: 0.004632421111111111s | energy: 0.0005008333333333333Wh 
DEBUG: Successfully pulled kepler_container_core_joules_total Wh directly from Kepler for collect-data-pi3yp3oj
DEBUG: Successfully pulled 0.000882 Wh directly from Kepler for collect-data-pi3yp3oj
[2026-05-26 14:15:36] [METRIC_CO2] Tarefa: T1 | collect-data-pi3yp3oj | Tempo: 0.0039764280555555555s | energy: 0.0008816666666666667Wh 
DEBUG: Successfully pulled kepler_container_core_joules_total Wh directly from Kepler for collect-data-zyh7jr7c
DEBUG: Successfully pulled 0.000493 Wh directly from Kepler for collect-data-zyh7jr7c
[2026-05-26 14:23:03] [METRIC_CO2] Tarefa: T1 | collect-data-zyh7jr7c | Tempo: 0.004515456944444445s | energy: 0.0004933333333333334Wh 
DEBUG: Successfully pulled kepler_container_core_joules_total Wh directly from Kepler for collect-data-d3p9ndzy
DEBUG: Successfully pulled 0.000504 Wh directly from Kepler for collect-data-d3p9ndzy
[2026-05-26 14:23:04] [METRIC_CO2] Tarefa: T1 | collect-data-d3p9ndzy | Tempo: 0.004169084722222222s | energy: 0.0005041666666666667Wh 
DEBUG: Successfully pulled kepler_container_core_joules_total Wh directly from Kepler for collect-data-b7p0d7c1
DEBUG: Successfully pulled 0.000899 Wh directly from Kepler for collect-data-b7p0d7c1
[2026-05-26 14:23:06] [METRIC_CO2] Tarefa: T1 | collect-data-b7p0d7c1 | Tempo: 0.0041857552777777775s | energy: 0.0008991666666666667Wh 
DEBUG: Successfully pulled kepler_container_core_joules_total Wh directly from Kepler for collect-data-vzb4g8kd
DEBUG: Successfully pulled 0.000646 Wh directly from Kepler for collect-data-vzb4g8kd
[2026-05-26 14:26:24] [METRIC_CO2] Tarefa: T1 | collect-data-vzb4g8kd | Tempo: 0.004741875s | energy: 0.0006458333333333333Wh 
DEBUG: Successfully pulled kepler_container_core_joules_total Wh directly from Kepler for collect-data-w0n3pj1j
DEBUG: Successfully pulled 0.000622 Wh directly from Kepler for collect-data-w0n3pj1j
[2026-05-26 14:26:25] [METRIC_CO2] Tarefa: T1 | collect-data-w0n3pj1j | Tempo: 0.004159856388888889s | energy: 0.0006216666666666666Wh 
DEBUG: Successfully pulled kepler_container_core_joules_total Wh directly from Kepler for collect-data-90v1flzh
DEBUG: Successfully pulled 0.000598 Wh directly from Kepler for collect-data-90v1flzh
[2026-05-26 14:26:28] [METRIC_CO2] Tarefa: T1 | collect-data-90v1flzh | Tempo: 0.00402268s | energy: 0.0005983333333333333Wh 
DEBUG: Successfully pulled kepler_container_core_joules_total Wh directly from Kepler for collect-data-7ib8uwd3
DEBUG: Successfully pulled 0.000550 Wh directly from Kepler for collect-data-7ib8uwd3
[2026-05-26 14:39:14] [METRIC_CO2] Tarefa: T1 | collect-data-7ib8uwd3 | Tempo: 0.004157186111111111s | energy: 0.00055Wh 
DEBUG: Successfully pulled kepler_container_core_joules_total Wh directly from Kepler for collect-data-c3y0n1eg
DEBUG: Successfully pulled 0.000790 Wh directly from Kepler for collect-data-c3y0n1eg
[2026-05-26 14:47:41] [METRIC_CO2] Tarefa: T1 | collect-data-c3y0n1eg | Tempo: 0.0041678627777777776s | energy: 0.00079Wh 
DEBUG: Successfully pulled kepler_container_core_joules_total Wh directly from Kepler for collect-data-t76pfhbr
DEBUG: Successfully pulled 0.000489 Wh directly from Kepler for collect-data-t76pfhbr
[2026-05-26 14:48:40] [METRIC_CO2] Tarefa: T1 | collect-data-t76pfhbr | Tempo: 0.004760480555555556s | energy: 0.0004891666666666666Wh 
DEBUG: Successfully pulled kepler_container_core_joules_total Wh directly from Kepler for collect-data-m2qd4myf
DEBUG: Successfully pulled 0.000570 Wh directly from Kepler for collect-data-m2qd4myf
[2026-05-26 14:49:29] [METRIC_CO2] Tarefa: T1 | collect-data-m2qd4myf | Tempo: 0.0038492830555555556s | energy: 0.00057Wh 
DEBUG: Successfully pulled kepler_container_core_joules_total Wh directly from Kepler for process-a-5apira1e
DEBUG: Successfully pulled 0.000792 Wh directly from Kepler for process-a-5apira1e
[2026-05-26 15:00:09] [METRIC_CO2] Tarefa: T2 | process-a-5apira1e | Tempo: 0.0024523152777777774s | energy: 0.0007916666666666666Wh 
DEBUG: Successfully pulled kepler_container_core_joules_total Wh directly from Kepler for collect-data-8mqi1lwe
DEBUG: Successfully pulled 0.000425 Wh directly from Kepler for collect-data-8mqi1lwe
[2026-05-26 15:06:04] [METRIC_CO2] Tarefa: T1 | collect-data-8mqi1lwe | Tempo: 0.004808900833333333s | energy: 0.00042500000000000003Wh 
DEBUG: Successfully pulled kepler_container_core_joules_total Wh directly from Kepler for collect-data-yhmpz4ep
DEBUG: Successfully pulled 0.000440 Wh directly from Kepler for collect-data-yhmpz4ep
[2026-05-26 15:08:01] [METRIC_CO2] Tarefa: T1 | collect-data-yhmpz4ep | Tempo: 0.0040093475s | energy: 0.00044Wh 
DEBUG: Successfully pulled kepler_container_core_joules_total Wh directly from Kepler for collect-data-wilaunqv
DEBUG: Successfully pulled 0.001021 Wh directly from Kepler for collect-data-wilaunqv
[2026-05-26 15:13:14] [METRIC_CO2] Tarefa: T1 | collect-data-wilaunqv | Tempo: 0.004020358333333333s | energy: 0.0010208333333333332Wh 
DEBUG: Successfully pulled kepler_container_core_joules_total Wh directly from Kepler for process-a-9hiroxwz
DEBUG: Successfully pulled 0.000435 Wh directly from Kepler for process-a-9hiroxwz
DEBUG: Successfully pulled kepler_container_core_joules_total Wh directly from Kepler for process-b-nhysu8e2
DEBUG: Successfully pulled 0.000380 Wh directly from Kepler for process-b-nhysu8e2
[2026-05-26 15:13:25] [METRIC_CO2] Tarefa: T2 | process-a-9hiroxwz | Tempo: 0.0027921266666666666s | energy: 0.000435Wh 
[2026-05-26 15:13:25] [METRIC_CO2] Tarefa: T3 | process-b-nhysu8e2 | Tempo: 0.002794573888888889s | energy: 0.00038Wh 
DEBUG: Successfully pulled kepler_container_core_joules_total Wh directly from Kepler for collect-data-dt25mt74
DEBUG: Successfully pulled 0.001233 Wh directly from Kepler for collect-data-dt25mt74
[2026-05-27 11:54:02] [METRIC_CO2] Tarefa: T1 | collect-data-dt25mt74 | Tempo: 0.004919064444444445s | energy: 0.0012325Wh 
DEBUG: Successfully pulled kepler_container_core_joules_total Wh directly from Kepler for None
[2026-05-27 14:36:07] [METRIC_CO2] Tarefa: generate_leaf | None | Tempo: 0.0008659805555555556s | energy: 0.05Wh 
DEBUG: Successfully pulled kepler_container_core_joules_total Wh directly from Kepler for None
[2026-05-27 14:49:56] [METRIC_CO2] Tarefa: generate_leaf | None | Tempo: 0.0005332894444444444s | energy: 0.05Wh 
DEBUG: Successfully pulled kepler_container_core_joules_total Wh directly from Kepler for None
[2026-05-27 14:58:09] [METRIC_CO2] Tarefa: generate_leaf__0 | None | Tempo: 0.000492335s | energy: 0.05Wh 
DEBUG: Successfully pulled kepler_container_core_joules_total Wh directly from Kepler for collect-data-9767n05r
DEBUG: Successfully pulled 0.001275 Wh directly from Kepler for collect-data-9767n05r
[2026-05-29 15:00:13] [METRIC_CO2] Tarefa: T1 | collect-data-9767n05r | Tempo: 0.0035914925s | energy: 0.0012749999999999999Wh 
DEBUG: Successfully pulled kepler_container_core_joules_total Wh directly from Kepler for process-a-59c5tusq
DEBUG: Successfully pulled kepler_container_core_joules_total Wh directly from Kepler for process-b-t4cteiy0
DEBUG: Successfully pulled 0.000568 Wh directly from Kepler for process-b-t4cteiy0
DEBUG: Successfully pulled 0.000520 Wh directly from Kepler for process-a-59c5tusq
[2026-05-29 15:00:23] [METRIC_CO2] Tarefa: T2 | process-a-59c5tusq | Tempo: 0.0027069436111111112s | energy: 0.0005200000000000001Wh 
[2026-05-29 15:00:23] [METRIC_CO2] Tarefa: T3 | process-b-t4cteiy0 | Tempo: 0.0027118369444444445s | energy: 0.0005675000000000001Wh 
DEBUG: Successfully pulled kepler_container_core_joules_total Wh directly from Kepler for process-c-vfmno8m9
DEBUG: Successfully pulled 0.000693 Wh directly from Kepler for process-c-vfmno8m9
[2026-05-29 16:00:13] [METRIC_CO2] Tarefa: T4 | process-c-vfmno8m9 | Tempo: 0.003397746388888889s | energy: 0.0006933333333333333Wh 
DEBUG: Successfully pulled kepler_container_core_joules_total Wh directly from Kepler for merge-data-lrgpphfm
DEBUG: Successfully pulled 0.000485 Wh directly from Kepler for merge-data-lrgpphfm
[2026-05-29 16:00:22] [METRIC_CO2] Tarefa: T5 | merge-data-lrgpphfm | Tempo: 0.0025488986111111113s | energy: 0.000485Wh 
DEBUG: Successfully pulled kepler_container_core_joules_total Wh directly from Kepler for report-a-75yn13c7
DEBUG: Successfully pulled 0.000556 Wh directly from Kepler for report-a-75yn13c7
[2026-05-29 16:00:34] [METRIC_CO2] Tarefa: T6 | report-a-75yn13c7 | Tempo: 0.0032792819444444443s | energy: 0.0005558333333333333Wh 
DEBUG: Successfully pulled kepler_container_core_joules_total Wh directly from Kepler for None
DEBUG: Successfully pulled kepler_container_core_joules_total Wh directly from Kepler for None
[2026-06-01 14:30:20] [METRIC_CO2] Tarefa: setup_text | None | Tempo: 0.0003037408333333333s | energy: 0.05Wh 
[2026-06-01 14:30:20] [METRIC_CO2] Tarefa: generate_leaf__0 | None | Tempo: 0.0003031172222222222s | energy: 0.05Wh 
DEBUG: Successfully pulled kepler_container_core_joules_total Wh directly from Kepler for None
DEBUG: Successfully pulled kepler_container_core_joules_total Wh directly from Kepler for None
[2026-06-01 14:30:20] [METRIC_CO2] Tarefa: generate_leaf__1 | None | Tempo: 0.00032180194444444445s | energy: 0.05Wh 
[2026-06-01 14:30:20] [METRIC_CO2] Tarefa: generate_leaf__2 | None | Tempo: 0.0003280033333333333s | energy: 0.05Wh 
DEBUG: Successfully pulled kepler_container_core_joules_total Wh directly from Kepler for None
[2026-06-01 14:30:20] [METRIC_CO2] Tarefa: generate_leaf__3 | None | Tempo: 0.0003650194444444445s | energy: 0.05Wh 
DEBUG: Successfully pulled kepler_container_core_joules_total Wh directly from Kepler for None
[2026-06-01 14:30:20] [METRIC_CO2] Tarefa: setup_text | None | Tempo: 0.0003903602777777778s | energy: 0.05Wh 
DEBUG: Successfully pulled kepler_container_core_joules_total Wh directly from Kepler for None
[2026-06-01 14:30:20] [METRIC_CO2] Tarefa: setup_matrices | None | Tempo: 0.0004574430555555556s | energy: 0.05Wh 
DEBUG: Successfully pulled kepler_container_core_joules_total Wh directly from Kepler for None
[2026-06-01 14:30:21] [METRIC_CO2] Tarefa: extract_mapping_args | None | Tempo: 3.981222222222222e-05s | energy: 0.05Wh 
DEBUG: Successfully pulled kepler_container_core_joules_total Wh directly from Kepler for None
[2026-06-01 14:30:21] [METRIC_CO2] Tarefa: extract_mapping_args | None | Tempo: 8.923055555555556e-05s | energy: 0.05Wh 
DEBUG: Successfully pulled kepler_container_core_joules_total Wh directly from Kepler for None
DEBUG: Successfully pulled kepler_container_core_joules_total Wh directly from Kepler for None
[2026-06-01 14:30:21] [METRIC_CO2] Tarefa: reduce_branch__0 | None | Tempo: 0.00010279777777777778s | energy: 0.05Wh 
DEBUG: Successfully pulled kepler_container_core_joules_total Wh directly from Kepler for None
[2026-06-01 14:30:21] [METRIC_CO2] Tarefa: reduce_branch__1 | None | Tempo: 0.00011284555555555556s | energy: 0.05Wh 
[2026-06-01 14:30:21] [METRIC_CO2] Tarefa: prepare_pairs | None | Tempo: 0.00010846750000000001s | energy: 0.05Wh 
DEBUG: Successfully pulled kepler_container_core_joules_total Wh directly from Kepler for None
DEBUG: Successfully pulled kepler_container_core_joules_total Wh directly from Kepler for None
DEBUG: Successfully pulled kepler_container_core_joules_total Wh directly from Kepler for None
[2026-06-01 14:30:22] [METRIC_CO2] Tarefa: word_count_chunk | None | Tempo: 0.00011489444444444444s | energy: 0.05Wh 
DEBUG: Successfully pulled kepler_container_core_joules_total Wh directly from Kepler for None
[2026-06-01 14:30:23] [METRIC_CO2] Tarefa: word_count_chunk | None | Tempo: 0.00010068222222222223s | energy: 0.05Wh 
DEBUG: Successfully pulled kepler_container_core_joules_total Wh directly from Kepler for None
[2026-06-01 14:30:23] [METRIC_CO2] Tarefa: word_count_chunk | None | Tempo: 0.00012480527777777777s | energy: 0.05Wh 
[2026-06-01 14:30:23] [METRIC_CO2] Tarefa: word_count_chunk | None | Tempo: 0.00012932888888888888s | energy: 0.05Wh 
DEBUG: Successfully pulled kepler_container_core_joules_total Wh directly from Kepler for None
DEBUG: Successfully pulled kepler_container_core_joules_total Wh directly from Kepler for None
[2026-06-01 14:30:23] [METRIC_CO2] Tarefa: word_count_chunk | None | Tempo: 0.00015120305555555555s | energy: 0.05Wh 
DEBUG: Successfully pulled kepler_container_core_joules_total Wh directly from Kepler for None
[2026-06-01 14:30:23] [METRIC_CO2] Tarefa: word_count_chunk | None | Tempo: 0.0001661425s | energy: 0.05Wh 
[2026-06-01 14:30:23] [METRIC_CO2] Tarefa: word_count_chunk | None | Tempo: 0.00020497916666666668s | energy: 0.05Wh 
DEBUG: Successfully pulled kepler_container_core_joules_total Wh directly from Kepler for None
[2026-06-01 14:30:23] [METRIC_CO2] Tarefa: word_count_chunk | None | Tempo: 0.0002078947222222222s | energy: 0.05Wh 
[2026-06-01 14:30:23] [METRIC_CO2] Tarefa: word_count_chunk | None | Tempo: 0.00015208944444444444s | energy: 0.05Wh 
DEBUG: Successfully pulled kepler_container_core_joules_total Wh directly from Kepler for None
[2026-06-01 14:30:23] [METRIC_CO2] Tarefa: word_count_chunk | None | Tempo: 0.00021702638888888888s | energy: 0.05Wh 
DEBUG: Successfully pulled kepler_container_core_joules_total Wh directly from Kepler for None
[2026-06-01 14:30:23] [METRIC_CO2] Tarefa: word_count_chunk | None | Tempo: 0.0002813111111111111s | energy: 0.05Wh 
DEBUG: Successfully pulled kepler_container_core_joules_total Wh directly from Kepler for None
DEBUG: Successfully pulled kepler_container_core_joules_total Wh directly from Kepler for None
[2026-06-01 14:30:23] [METRIC_CO2] Tarefa: word_count_chunk | None | Tempo: 8.837916666666666e-05s | energy: 0.05Wh 
DEBUG: Successfully pulled kepler_container_core_joules_total Wh directly from Kepler for None
DEBUG: Successfully pulled kepler_container_core_joules_total Wh directly from Kepler for None
DEBUG: Successfully pulled kepler_container_core_joules_total Wh directly from Kepler for None
DEBUG: Successfully pulled kepler_container_core_joules_total Wh directly from Kepler for None
[2026-06-01 14:30:23] [METRIC_CO2] Tarefa: word_count_chunk | None | Tempo: 0.00013157222222222222s | energy: 0.05Wh 
[2026-06-01 14:30:23] [METRIC_CO2] Tarefa: word_count_chunk | None | Tempo: 0.00012713694444444444s | energy: 0.05Wh 
DEBUG: Successfully pulled kepler_container_core_joules_total Wh directly from Kepler for None
DEBUG: Successfully pulled kepler_container_core_joules_total Wh directly from Kepler for None
[2026-06-01 14:30:23] [METRIC_CO2] Tarefa: word_count_chunk | None | Tempo: 0.000138885s | energy: 0.05Wh 
[2026-06-01 14:30:23] [METRIC_CO2] Tarefa: word_count_chunk | None | Tempo: 0.00013692499999999998s | energy: 0.05Wh 
[2026-06-01 14:30:23] [METRIC_CO2] Tarefa: word_count_chunk | None | Tempo: 0.00011604527777777778s | energy: 0.05Wh 
[2026-06-01 14:30:24] [METRIC_CO2] Tarefa: word_count_chunk | None | Tempo: 0.00010558388888888888s | energy: 0.05Wh 
DEBUG: Successfully pulled kepler_container_core_joules_total Wh directly from Kepler for None
DEBUG: Successfully pulled kepler_container_core_joules_total Wh directly from Kepler for None
DEBUG: Successfully pulled kepler_container_core_joules_total Wh directly from Kepler for None
[2026-06-01 14:30:24] [METRIC_CO2] Tarefa: word_count_chunk | None | Tempo: 0.0004051494444444444s | energy: 0.05Wh 
[2026-06-01 14:30:24] [METRIC_CO2] Tarefa: word_count_chunk | None | Tempo: 0.0004419288888888889s | energy: 0.05Wh 
[2026-06-01 14:30:24] [METRIC_CO2] Tarefa: word_count_chunk | None | Tempo: 0.00018605277777777778s | energy: 0.05Wh 
[2026-06-01 14:30:24] [METRIC_CO2] Tarefa: word_count_chunk | None | Tempo: 0.00025565166666666666s | energy: 0.05Wh 
DEBUG: Successfully pulled kepler_container_core_joules_total Wh directly from Kepler for None
[2026-06-01 14:30:24] [METRIC_CO2] Tarefa: word_count_chunk | None | Tempo: 0.0005015866666666667s | energy: 0.05Wh 
DEBUG: Successfully pulled kepler_container_core_joules_total Wh directly from Kepler for None
[2026-06-01 14:30:24] [METRIC_CO2] Tarefa: word_count_chunk | None | Tempo: 0.0002920772222222222s | energy: 0.05Wh 
DEBUG: Successfully pulled kepler_container_core_joules_total Wh directly from Kepler for None
DEBUG: Successfully pulled kepler_container_core_joules_total Wh directly from Kepler for None
DEBUG: Successfully pulled kepler_container_core_joules_total Wh directly from Kepler for None
DEBUG: Successfully pulled kepler_container_core_joules_total Wh directly from Kepler for None
[2026-06-01 14:30:24] [METRIC_CO2] Tarefa: word_count_chunk | None | Tempo: 0.00014559333333333333s | energy: 0.05Wh 
DEBUG: Successfully pulled kepler_container_core_joules_total Wh directly from Kepler for None
[2026-06-01 14:30:25] [METRIC_CO2] Tarefa: word_count_chunk | None | Tempo: 0.00016021972222222223s | energy: 0.05Wh 
[2026-06-01 14:30:25] [METRIC_CO2] Tarefa: word_count_chunk | None | Tempo: 0.0001651213888888889s | energy: 0.05Wh 
[2026-06-01 14:30:25] [METRIC_CO2] Tarefa: word_count_chunk | None | Tempo: 0.0003940436111111111s | energy: 0.05Wh 
[2026-06-01 14:30:25] [METRIC_CO2] Tarefa: word_count_chunk | None | Tempo: 0.00016562666666666666s | energy: 0.05Wh 
DEBUG: Successfully pulled kepler_container_core_joules_total Wh directly from Kepler for None
[2026-06-01 14:30:25] [METRIC_CO2] Tarefa: word_count_chunk | None | Tempo: 0.00020220055555555553s | energy: 0.05Wh 
DEBUG: Successfully pulled kepler_container_core_joules_total Wh directly from Kepler for None
DEBUG: Successfully pulled kepler_container_core_joules_total Wh directly from Kepler for None
DEBUG: Successfully pulled kepler_container_core_joules_total Wh directly from Kepler for None
[2026-06-01 14:30:25] [METRIC_CO2] Tarefa: word_count_chunk | None | Tempo: 0.00016635833333333334s | energy: 0.05Wh 
[2026-06-01 14:30:25] [METRIC_CO2] Tarefa: word_count_chunk | None | Tempo: 0.00020830472222222224s | energy: 0.05Wh 
DEBUG: Successfully pulled kepler_container_core_joules_total Wh directly from Kepler for None
DEBUG: Successfully pulled kepler_container_core_joules_total Wh directly from Kepler for None
[2026-06-01 14:30:25] [METRIC_CO2] Tarefa: word_count_chunk | None | Tempo: 0.0007239069444444445s | energy: 0.05Wh 
DEBUG: Successfully pulled kepler_container_core_joules_total Wh directly from Kepler for None
[2026-06-01 14:30:25] [METRIC_CO2] Tarefa: word_count_chunk | None | Tempo: 0.00018317s | energy: 0.05Wh 
[2026-06-01 14:30:25] [METRIC_CO2] Tarefa: word_count_chunk | None | Tempo: 0.00022647694444444442s | energy: 0.05Wh 
DEBUG: Successfully pulled kepler_container_core_joules_total Wh directly from Kepler for None
[2026-06-01 14:30:25] [METRIC_CO2] Tarefa: word_count_chunk | None | Tempo: 0.0002360586111111111s | energy: 0.05Wh 
[2026-06-01 14:30:25] [METRIC_CO2] Tarefa: word_count_chunk | None | Tempo: 0.00020247472222222223s | energy: 0.05Wh 
DEBUG: Successfully pulled kepler_container_core_joules_total Wh directly from Kepler for None
[2026-06-01 14:30:25] [METRIC_CO2] Tarefa: word_count_chunk | None | Tempo: 0.0002862127777777778s | energy: 0.05Wh 
DEBUG: Successfully pulled kepler_container_core_joules_total Wh directly from Kepler for None
DEBUG: Successfully pulled kepler_container_core_joules_total Wh directly from Kepler for None
[2026-06-01 14:30:25] [METRIC_CO2] Tarefa: word_count_chunk | None | Tempo: 0.00031340416666666667s | energy: 0.05Wh 
DEBUG: Successfully pulled kepler_container_core_joules_total Wh directly from Kepler for None
[2026-06-01 14:30:25] [METRIC_CO2] Tarefa: word_count_chunk | None | Tempo: 0.0003106519444444444s | energy: 0.05Wh 
DEBUG: Successfully pulled kepler_container_core_joules_total Wh directly from Kepler for None
[2026-06-01 14:30:25] [METRIC_CO2] Tarefa: word_count_chunk | None | Tempo: 0.00038581805555555556s | energy: 0.05Wh 
DEBUG: Successfully pulled kepler_container_core_joules_total Wh directly from Kepler for None
DEBUG: Successfully pulled kepler_container_core_joules_total Wh directly from Kepler for None
[2026-06-01 14:30:26] [METRIC_CO2] Tarefa: word_count_chunk | None | Tempo: 0.00043768194444444446s | energy: 0.05Wh 
DEBUG: Successfully pulled kepler_container_core_joules_total Wh directly from Kepler for None
[2026-06-01 14:30:26] [METRIC_CO2] Tarefa: word_count_chunk | None | Tempo: 0.00011075999999999999s | energy: 0.05Wh 
[2026-06-01 14:30:26] [METRIC_CO2] Tarefa: word_count_chunk | None | Tempo: 0.00014869166666666667s | energy: 0.05Wh 
DEBUG: Successfully pulled kepler_container_core_joules_total Wh directly from Kepler for None
[2026-06-01 14:30:26] [METRIC_CO2] Tarefa: word_count_chunk | None | Tempo: 0.0001578138888888889s | energy: 0.05Wh 
DEBUG: Successfully pulled kepler_container_core_joules_total Wh directly from Kepler for None
[2026-06-01 14:30:26] [METRIC_CO2] Tarefa: word_count_chunk | None | Tempo: 0.00019581527777777778s | energy: 0.05Wh 
DEBUG: Successfully pulled kepler_container_core_joules_total Wh directly from Kepler for None
[2026-06-01 14:30:26] [METRIC_CO2] Tarefa: word_count_chunk | None | Tempo: 0.00010756277777777778s | energy: 0.05Wh 
[2026-06-01 14:30:26] [METRIC_CO2] Tarefa: word_count_chunk | None | Tempo: 0.00021086555555555555s | energy: 0.05Wh 
DEBUG: Successfully pulled kepler_container_core_joules_total Wh directly from Kepler for None
DEBUG: Successfully pulled kepler_container_core_joules_total Wh directly from Kepler for None
[2026-06-01 14:30:27] [METRIC_CO2] Tarefa: word_count_chunk | None | Tempo: 0.00034083194444444446s | energy: 0.05Wh 
DEBUG: Successfully pulled kepler_container_core_joules_total Wh directly from Kepler for None
DEBUG: Successfully pulled kepler_container_core_joules_total Wh directly from Kepler for None
[2026-06-01 14:30:27] [METRIC_CO2] Tarefa: multiply_chunk | None | Tempo: 0.00034779277777777776s | energy: 0.05Wh 
DEBUG: Successfully pulled kepler_container_core_joules_total Wh directly from Kepler for None
[2026-06-01 14:30:28] [METRIC_CO2] Tarefa: word_count_chunk | None | Tempo: 0.00033230694444444446s | energy: 0.05Wh 
DEBUG: Successfully pulled kepler_container_core_joules_total Wh directly from Kepler for None
[2026-06-01 14:30:28] [METRIC_CO2] Tarefa: word_count_chunk | None | Tempo: 0.0003636861111111111s | energy: 0.05Wh 
DEBUG: Successfully pulled kepler_container_core_joules_total Wh directly from Kepler for None
DEBUG: Successfully pulled kepler_container_core_joules_total Wh directly from Kepler for None
[2026-06-01 14:30:28] [METRIC_CO2] Tarefa: multiply_chunk | None | Tempo: 0.0005270594444444444s | energy: 0.05Wh 
DEBUG: Successfully pulled kepler_container_core_joules_total Wh directly from Kepler for None
[2026-06-01 14:30:28] [METRIC_CO2] Tarefa: word_count_chunk | None | Tempo: 0.0004329988888888889s | energy: 0.05Wh 
DEBUG: Successfully pulled kepler_container_core_joules_total Wh directly from Kepler for None
DEBUG: Successfully pulled kepler_container_core_joules_total Wh directly from Kepler for None
DEBUG: Successfully pulled kepler_container_core_joules_total Wh directly from Kepler for None
DEBUG: Successfully pulled kepler_container_core_joules_total Wh directly from Kepler for None
DEBUG: Successfully pulled kepler_container_core_joules_total Wh directly from Kepler for None
DEBUG: Successfully pulled kepler_container_core_joules_total Wh directly from Kepler for None
[2026-06-01 14:30:29] [METRIC_CO2] Tarefa: word_count_chunk | None | Tempo: 0.0006611558333333334s | energy: 0.05Wh 
DEBUG: Successfully pulled kepler_container_core_joules_total Wh directly from Kepler for None
[2026-06-01 14:30:29] [METRIC_CO2] Tarefa: multiply_chunk | None | Tempo: 0.0005938758333333333s | energy: 0.05Wh 
[2026-06-01 14:30:29] [METRIC_CO2] Tarefa: multiply_chunk | None | Tempo: 0.0006449975000000001s | energy: 0.05Wh 
DEBUG: Successfully pulled kepler_container_core_joules_total Wh directly from Kepler for None
[2026-06-01 14:30:29] [METRIC_CO2] Tarefa: multiply_chunk | None | Tempo: 0.00036874055555555555s | energy: 0.05Wh 
[2026-06-01 14:30:29] [METRIC_CO2] Tarefa: multiply_chunk | None | Tempo: 0.0005865702777777778s | energy: 0.05Wh 
DEBUG: Successfully pulled kepler_container_core_joules_total Wh directly from Kepler for None
DEBUG: Successfully pulled kepler_container_core_joules_total Wh directly from Kepler for None
[2026-06-01 14:30:29] [METRIC_CO2] Tarefa: word_count_chunk | None | Tempo: 0.0009489086111111111s | energy: 0.05Wh 
DEBUG: Successfully pulled kepler_container_core_joules_total Wh directly from Kepler for None
[2026-06-01 14:30:29] [METRIC_CO2] Tarefa: multiply_chunk | None | Tempo: 0.0007367372222222223s | energy: 0.05Wh 
[2026-06-01 14:30:29] [METRIC_CO2] Tarefa: word_count_chunk | None | Tempo: 0.0006622311111111111s | energy: 0.05Wh 
DEBUG: Successfully pulled kepler_container_core_joules_total Wh directly from Kepler for None
[2026-06-01 14:30:29] [METRIC_CO2] Tarefa: multiply_chunk | None | Tempo: 0.00046516166666666666s | energy: 0.05Wh 
[2026-06-01 14:30:29] [METRIC_CO2] Tarefa: multiply_chunk | None | Tempo: 0.0007182580555555556s | energy: 0.05Wh 
DEBUG: Successfully pulled kepler_container_core_joules_total Wh directly from Kepler for None
[2026-06-01 14:30:29] [METRIC_CO2] Tarefa: word_count_chunk | None | Tempo: 0.0003064936111111111s | energy: 0.05Wh 
[2026-06-01 14:30:29] [METRIC_CO2] Tarefa: word_count_chunk | None | Tempo: 0.0010964447222222224s | energy: 0.05Wh 
DEBUG: Successfully pulled kepler_container_core_joules_total Wh directly from Kepler for None
[2026-06-01 14:30:29] [METRIC_CO2] Tarefa: word_count_chunk | None | Tempo: 0.0006033872222222222s | energy: 0.05Wh 
DEBUG: Successfully pulled kepler_container_core_joules_total Wh directly from Kepler for None
[2026-06-01 14:30:29] [METRIC_CO2] Tarefa: multiply_chunk | None | Tempo: 0.0009720736111111111s | energy: 0.05Wh 
[2026-06-01 14:30:29] [METRIC_CO2] Tarefa: word_count_chunk | None | Tempo: 0.0008046761111111111s | energy: 0.05Wh 
[2026-06-01 14:30:29] [METRIC_CO2] Tarefa: word_count_chunk | None | Tempo: 0.0007845158333333333s | energy: 0.05Wh 
DEBUG: Successfully pulled kepler_container_core_joules_total Wh directly from Kepler for None
DEBUG: Successfully pulled kepler_container_core_joules_total Wh directly from Kepler for None
[2026-06-01 14:30:30] [METRIC_CO2] Tarefa: multiply_chunk | None | Tempo: 0.0006430047222222222s | energy: 0.05Wh 
DEBUG: Successfully pulled kepler_container_core_joules_total Wh directly from Kepler for None
[2026-06-01 14:30:30] [METRIC_CO2] Tarefa: final_reduction | None | Tempo: 0.00045876666666666663s | energy: 0.05Wh 
[2026-06-01 14:30:30] [METRIC_CO2] Tarefa: multiply_chunk | None | Tempo: 0.0010650297222222222s | energy: 0.05Wh 
DEBUG: Successfully pulled kepler_container_core_joules_total Wh directly from Kepler for None
[2026-06-01 14:30:30] [METRIC_CO2] Tarefa: word_count_chunk | None | Tempo: 0.0010247413888888888s | energy: 0.05Wh 
[2026-06-01 14:30:30] [METRIC_CO2] Tarefa: multiply_chunk | None | Tempo: 0.00058696s | energy: 0.05Wh 
DEBUG: Successfully pulled kepler_container_core_joules_total Wh directly from Kepler for None
DEBUG: Successfully pulled kepler_container_core_joules_total Wh directly from Kepler for None
[2026-06-01 14:30:31] [METRIC_CO2] Tarefa: word_count_chunk | None | Tempo: 0.0014544397222222222s | energy: 0.05Wh 
[2026-06-01 14:30:31] [METRIC_CO2] Tarefa: word_count_chunk | None | Tempo: 0.0010306602777777776s | energy: 0.05Wh 
[2026-06-01 14:30:31] [METRIC_CO2] Tarefa: multiply_chunk | None | Tempo: 0.0006929347222222222s | energy: 0.05Wh 
DEBUG: Successfully pulled kepler_container_core_joules_total Wh directly from Kepler for None
DEBUG: Successfully pulled kepler_container_core_joules_total Wh directly from Kepler for None
DEBUG: Successfully pulled kepler_container_core_joules_total Wh directly from Kepler for None
[2026-06-01 14:30:31] [METRIC_CO2] Tarefa: multiply_chunk | None | Tempo: 0.00038043527777777776s | energy: 0.05Wh 
DEBUG: Successfully pulled kepler_container_core_joules_total Wh directly from Kepler for None
[2026-06-01 14:30:31] [METRIC_CO2] Tarefa: multiply_chunk | None | Tempo: 0.0003966780555555555s | energy: 0.05Wh 
DEBUG: Successfully pulled kepler_container_core_joules_total Wh directly from Kepler for None
[2026-06-01 14:30:31] [METRIC_CO2] Tarefa: multiply_chunk | None | Tempo: 0.00040632416666666664s | energy: 0.05Wh 
DEBUG: Successfully pulled kepler_container_core_joules_total Wh directly from Kepler for None
DEBUG: Successfully pulled kepler_container_core_joules_total Wh directly from Kepler for None
[2026-06-01 14:30:31] [METRIC_CO2] Tarefa: multiply_chunk | None | Tempo: 0.0003955852777777778s | energy: 0.05Wh 
[2026-06-01 14:30:31] [METRIC_CO2] Tarefa: multiply_chunk | None | Tempo: 0.0007402138888888888s | energy: 0.05Wh 
[2026-06-01 14:30:31] [METRIC_CO2] Tarefa: multiply_chunk | None | Tempo: 0.00041953694444444445s | energy: 0.05Wh 
[2026-06-01 14:30:31] [METRIC_CO2] Tarefa: multiply_chunk | None | Tempo: 0.00036177138888888885s | energy: 0.05Wh 
DEBUG: Successfully pulled kepler_container_core_joules_total Wh directly from Kepler for None
[2026-06-01 14:30:31] [METRIC_CO2] Tarefa: multiply_chunk | None | Tempo: 0.0004597672222222222s | energy: 0.05Wh 
DEBUG: Successfully pulled kepler_container_core_joules_total Wh directly from Kepler for None
DEBUG: Successfully pulled kepler_container_core_joules_total Wh directly from Kepler for None
[2026-06-01 14:30:31] [METRIC_CO2] Tarefa: multiply_chunk | None | Tempo: 0.00048020305555555555s | energy: 0.05Wh 
[2026-06-01 14:30:31] [METRIC_CO2] Tarefa: merge_word_counts | None | Tempo: 0.0013786605555555556s | energy: 0.05Wh 
DEBUG: Successfully pulled kepler_container_core_joules_total Wh directly from Kepler for None
DEBUG: Successfully pulled kepler_container_core_joules_total Wh directly from Kepler for None
DEBUG: Successfully pulled kepler_container_core_joules_total Wh directly from Kepler for None
DEBUG: Successfully pulled kepler_container_core_joules_total Wh directly from Kepler for None
DEBUG: Successfully pulled kepler_container_core_joules_total Wh directly from Kepler for None

--- DEBUG algo estranhoS:  ---
TOTAL WORKFLOW ENERGY from temp files: 0.3500 Wh
[2026-06-01 14:30:32] [METRIC_CO2] Tarefa: multiply_chunk | None | Tempo: 0.0004428997222222222s | energy: 0.05Wh 
[2026-06-01 14:30:32] [METRIC_CO2] Tarefa: multiply_chunk | None | Tempo: 0.0015176747222222222s | energy: 0.05Wh 
[2026-06-01 14:30:32] [METRIC_CO2] Tarefa: multiply_chunk | None | Tempo: 0.0006168363888888888s | energy: 0.05Wh 
[2026-06-01 14:30:32] [METRIC_CO2] Tarefa: word_count_chunk | None | Tempo: 0.0016178311111111111s | energy: 0.05Wh 
DEBUG: Successfully pulled kepler_container_core_joules_total Wh directly from Kepler for None
[2026-06-01 14:30:32] [METRIC_CO2] Tarefa: multiply_chunk | None | Tempo: 0.00069839s | energy: 0.05Wh 
[2026-06-01 14:30:32] [METRIC_CO2] Tarefa: multiply_chunk | None | Tempo: 0.0005219230555555555s | energy: 0.05Wh 
DEBUG: Successfully pulled kepler_container_core_joules_total Wh directly from Kepler for None
[2026-06-01 14:30:33] [METRIC_CO2] Tarefa: multiply_chunk | None | Tempo: 0.0006565438888888888s | energy: 0.05Wh 
DEBUG: Successfully pulled kepler_container_core_joules_total Wh directly from Kepler for None
[2026-06-01 14:30:33] [METRIC_CO2] Tarefa: compute_text_statistics | None | Tempo: 0.00017399694444444444s | energy: 0.05Wh 
DEBUG: Successfully pulled kepler_container_core_joules_total Wh directly from Kepler for None
[2026-06-01 14:30:33] [METRIC_CO2] Tarefa: create_text_segments | None | Tempo: 0.00018747472222222221s | energy: 0.05Wh 
DEBUG: Successfully pulled kepler_container_core_joules_total Wh directly from Kepler for None
[2026-06-01 14:30:34] [METRIC_CO2] Tarefa: multiply_chunk | None | Tempo: 0.00034613472222222224s | energy: 0.05Wh 
DEBUG: Successfully pulled kepler_container_core_joules_total Wh directly from Kepler for None
DEBUG: Successfully pulled kepler_container_core_joules_total Wh directly from Kepler for None
[2026-06-01 14:30:34] [METRIC_CO2] Tarefa: multiply_chunk | None | Tempo: 0.0003583227777777778s | energy: 0.05Wh 
[2026-06-01 14:30:34] [METRIC_CO2] Tarefa: merge_word_counts | None | Tempo: 0.0003021469444444444s | energy: 0.05Wh 
DEBUG: Successfully pulled kepler_container_core_joules_total Wh directly from Kepler for None
[2026-06-01 14:30:34] [METRIC_CO2] Tarefa: multiply_chunk | None | Tempo: 0.00038699805555555554s | energy: 0.05Wh 
DEBUG: Successfully pulled kepler_container_core_joules_total Wh directly from Kepler for report-c-2jls8mve
DEBUG: Successfully pulled 0.000381 Wh directly from Kepler for report-c-2jls8mve
[2026-06-01 14:30:34] [METRIC_CO2] Tarefa: T8 | report-c-2jls8mve | Tempo: 0.004352994444444445s | energy: 0.00038083333333333334Wh 
DEBUG: Successfully pulled kepler_container_core_joules_total Wh directly from Kepler for None
DEBUG: Successfully pulled kepler_container_core_joules_total Wh directly from Kepler for report-b-8hjt1vwe
[2026-06-01 14:30:35] [METRIC_CO2] Tarefa: compute_text_statistics | None | Tempo: 8.500611111111112e-05s | energy: 0.05Wh 
DEBUG: Successfully pulled 0.000231 Wh directly from Kepler for report-b-8hjt1vwe
DEBUG: Successfully pulled kepler_container_core_joules_total Wh directly from Kepler for None
[2026-06-01 14:30:35] [METRIC_CO2] Tarefa: T7 | report-b-8hjt1vwe | Tempo: 0.004496138611111111s | energy: 0.00023083333333333332Wh 
DEBUG: Successfully pulled kepler_container_core_joules_total Wh directly from Kepler for None
DEBUG: Successfully pulled kepler_container_core_joules_total Wh directly from Kepler for None
DEBUG: Successfully pulled kepler_container_core_joules_total Wh directly from Kepler for None
[2026-06-01 14:30:35] [METRIC_CO2] Tarefa: analyze_segment | None | Tempo: 0.000144965s | energy: 0.05Wh 
[2026-06-01 14:30:35] [METRIC_CO2] Tarefa: analyze_segment | None | Tempo: 0.00011483833333333333s | energy: 0.05Wh 
DEBUG: Successfully pulled kepler_container_core_joules_total Wh directly from Kepler for None
[2026-06-01 14:30:35] [METRIC_CO2] Tarefa: detect_overall_patterns | None | Tempo: 0.00013980583333333334s | energy: 0.05Wh 
[2026-06-01 14:30:35] [METRIC_CO2] Tarefa: analyze_segment | None | Tempo: 0.00015479555555555555s | energy: 0.05Wh 
[2026-06-01 14:30:35] [METRIC_CO2] Tarefa: analyze_segment | None | Tempo: 0.00012119805555555556s | energy: 0.05Wh 
DEBUG: Successfully pulled kepler_container_core_joules_total Wh directly from Kepler for None
DEBUG: Successfully pulled kepler_container_core_joules_total Wh directly from Kepler for None
[2026-06-01 14:30:35] [METRIC_CO2] Tarefa: analyze_segment | None | Tempo: 0.00019782666666666668s | energy: 0.05Wh 
[2026-06-01 14:30:35] [METRIC_CO2] Tarefa: create_text_segments | None | Tempo: 0.00019678277777777778s | energy: 0.05Wh 
DEBUG: Successfully pulled kepler_container_core_joules_total Wh directly from Kepler for None
[2026-06-01 14:30:35] [METRIC_CO2] Tarefa: analyze_segment | None | Tempo: 0.0002565636111111111s | energy: 0.05Wh 
DEBUG: Successfully pulled kepler_container_core_joules_total Wh directly from Kepler for None
[2026-06-01 14:30:36] [METRIC_CO2] Tarefa: analyze_segment | None | Tempo: 9.00338888888889e-05s | energy: 0.05Wh 
DEBUG: Successfully pulled kepler_container_core_joules_total Wh directly from Kepler for None
[2026-06-01 14:30:36] [METRIC_CO2] Tarefa: analyze_segment | None | Tempo: 9.59763888888889e-05s | energy: 0.05Wh 
DEBUG: Successfully pulled kepler_container_core_joules_total Wh directly from Kepler for None
DEBUG: Successfully pulled kepler_container_core_joules_total Wh directly from Kepler for None
[2026-06-01 14:30:36] [METRIC_CO2] Tarefa: analyze_segment | None | Tempo: 0.00010350861111111111s | energy: 0.05Wh 
[2026-06-01 14:30:36] [METRIC_CO2] Tarefa: extract_overall_keywords | None | Tempo: 0.0003127022222222222s | energy: 0.05Wh 
DEBUG: Successfully pulled kepler_container_core_joules_total Wh directly from Kepler for None
[2026-06-01 14:30:36] [METRIC_CO2] Tarefa: analyze_segment | None | Tempo: 0.00014683583333333333s | energy: 0.05Wh 
DEBUG: Successfully pulled kepler_container_core_joules_total Wh directly from Kepler for None
[2026-06-01 14:30:36] [METRIC_CO2] Tarefa: analyze_segment | None | Tempo: 0.00016861444444444445s | energy: 0.05Wh 
DEBUG: Successfully pulled kepler_container_core_joules_total Wh directly from Kepler for None
DEBUG: Successfully pulled kepler_container_core_joules_total Wh directly from Kepler for None
[2026-06-01 14:30:36] [METRIC_CO2] Tarefa: analyze_segment | None | Tempo: 0.0003894436111111111s | energy: 0.05Wh 
DEBUG: Successfully pulled kepler_container_core_joules_total Wh directly from Kepler for None
[2026-06-01 14:30:36] [METRIC_CO2] Tarefa: analyze_segment | None | Tempo: 0.00020950944444444444s | energy: 0.05Wh 
[2026-06-01 14:30:36] [METRIC_CO2] Tarefa: analyze_segment | None | Tempo: 0.0004230908333333333s | energy: 0.05Wh 
DEBUG: Successfully pulled kepler_container_core_joules_total Wh directly from Kepler for None
[2026-06-01 14:30:36] [METRIC_CO2] Tarefa: analyze_segment | None | Tempo: 0.0004286322222222222s | energy: 0.05Wh 
DEBUG: Successfully pulled kepler_container_core_joules_total Wh directly from Kepler for None
[2026-06-01 14:30:36] [METRIC_CO2] Tarefa: analyze_overall_punctuation | None | Tempo: 0.0004626908333333333s | energy: 0.05Wh 
DEBUG: Successfully pulled kepler_container_core_joules_total Wh directly from Kepler for None
DEBUG: Successfully pulled kepler_container_core_joules_total Wh directly from Kepler for None
[2026-06-01 14:30:37] [METRIC_CO2] Tarefa: analyze_overall_punctuation | None | Tempo: 0.00012076722222222222s | energy: 0.05Wh 
DEBUG: Successfully pulled kepler_container_core_joules_total Wh directly from Kepler for None
DEBUG: Successfully pulled kepler_container_core_joules_total Wh directly from Kepler for None
[2026-06-01 14:30:37] [METRIC_CO2] Tarefa: analyze_segment | None | Tempo: 0.00017476999999999998s | energy: 0.05Wh 
DEBUG: Successfully pulled kepler_container_core_joules_total Wh directly from Kepler for None
[2026-06-01 14:30:37] [METRIC_CO2] Tarefa: analyze_segment | None | Tempo: 0.0001825575s | energy: 0.05Wh 
DEBUG: Successfully pulled kepler_container_core_joules_total Wh directly from Kepler for None
DEBUG: Successfully pulled kepler_container_core_joules_total Wh directly from Kepler for None
[2026-06-01 14:30:37] [METRIC_CO2] Tarefa: analyze_segment | None | Tempo: 0.00023045972222222224s | energy: 0.05Wh 
[2026-06-01 14:30:37] [METRIC_CO2] Tarefa: detect_overall_patterns | None | Tempo: 0.00020067777777777777s | energy: 0.05Wh 
[2026-06-01 14:30:37] [METRIC_CO2] Tarefa: analyze_segment | None | Tempo: 0.00022886166666666668s | energy: 0.05Wh 
DEBUG: Successfully pulled kepler_container_core_joules_total Wh directly from Kepler for None
[2026-06-01 14:30:37] [METRIC_CO2] Tarefa: analyze_segment | None | Tempo: 0.00031724166666666665s | energy: 0.05Wh 
DEBUG: Successfully pulled kepler_container_core_joules_total Wh directly from Kepler for None
DEBUG: Successfully pulled kepler_container_core_joules_total Wh directly from Kepler for None
DEBUG: Successfully pulled kepler_container_core_joules_total Wh directly from Kepler for None
[2026-06-01 14:30:38] [METRIC_CO2] Tarefa: analyze_segment | None | Tempo: 8.545138888888888e-05s | energy: 0.05Wh 
[2026-06-01 14:30:38] [METRIC_CO2] Tarefa: analyze_segment | None | Tempo: 0.00012788722222222224s | energy: 0.05Wh 
[2026-06-01 14:30:38] [METRIC_CO2] Tarefa: analyze_segment | None | Tempo: 0.00010184527777777777s | energy: 0.05Wh 
DEBUG: Successfully pulled kepler_container_core_joules_total Wh directly from Kepler for None
DEBUG: Successfully pulled kepler_container_core_joules_total Wh directly from Kepler for None
[2026-06-01 14:30:38] [METRIC_CO2] Tarefa: analyze_segment | None | Tempo: 9.855250000000001e-05s | energy: 0.05Wh 
DEBUG: Successfully pulled kepler_container_core_joules_total Wh directly from Kepler for None
[2026-06-01 14:30:38] [METRIC_CO2] Tarefa: calculate_overall_readability | None | Tempo: 0.00037664027777777775s | energy: 0.05Wh 
DEBUG: Successfully pulled kepler_container_core_joules_total Wh directly from Kepler for None
DEBUG: Successfully pulled kepler_container_core_joules_total Wh directly from Kepler for None
[2026-06-01 14:30:38] [METRIC_CO2] Tarefa: analyze_segment | None | Tempo: 0.0003574686111111111s | energy: 0.05Wh 
[2026-06-01 14:30:38] [METRIC_CO2] Tarefa: analyze_segment | None | Tempo: 0.00030747805555555557s | energy: 0.05Wh 
[2026-06-01 14:30:38] [METRIC_CO2] Tarefa: calculate_overall_readability | None | Tempo: 0.0009104055555555555s | energy: 0.05Wh 
[2026-06-01 14:30:38] [METRIC_CO2] Tarefa: analyze_segment | None | Tempo: 0.0003744247222222222s | energy: 0.05Wh 
DEBUG: Successfully pulled kepler_container_core_joules_total Wh directly from Kepler for None
[2026-06-01 14:30:38] [METRIC_CO2] Tarefa: analyze_segment | None | Tempo: 0.0004172458333333333s | energy: 0.05Wh 
DEBUG: Successfully pulled kepler_container_core_joules_total Wh directly from Kepler for None
DEBUG: Successfully pulled kepler_container_core_joules_total Wh directly from Kepler for None
[2026-06-01 14:30:38] [METRIC_CO2] Tarefa: analyze_segment | None | Tempo: 0.00044256388888888886s | energy: 0.05Wh 
[2026-06-01 14:30:38] [METRIC_CO2] Tarefa: analyze_segment | None | Tempo: 0.0004507047222222222s | energy: 0.05Wh 
DEBUG: Successfully pulled kepler_container_core_joules_total Wh directly from Kepler for None
[2026-06-01 14:30:38] [METRIC_CO2] Tarefa: analyze_segment | None | Tempo: 0.0004710608333333333s | energy: 0.05Wh 
DEBUG: Successfully pulled kepler_container_core_joules_total Wh directly from Kepler for None
[2026-06-01 14:30:38] [METRIC_CO2] Tarefa: analyze_segment | None | Tempo: 0.00022775027777777778s | energy: 0.05Wh 
DEBUG: Successfully pulled kepler_container_core_joules_total Wh directly from Kepler for None
[2026-06-01 14:30:38] [METRIC_CO2] Tarefa: extract_overall_keywords | None | Tempo: 0.00034779194444444444s | energy: 0.05Wh 
DEBUG: Successfully pulled kepler_container_core_joules_total Wh directly from Kepler for None
[2026-06-01 14:30:38] [METRIC_CO2] Tarefa: aggregate | None | Tempo: 0.0008341052777777777s | energy: 0.05Wh 

--- DEBUG algo estranhoS:  ---
TOTAL WORKFLOW ENERGY from temp files: 0.1500 Wh
DEBUG: Successfully pulled kepler_container_core_joules_total Wh directly from Kepler for None
DEBUG: Successfully pulled kepler_container_core_joules_total Wh directly from Kepler for None
[2026-06-01 14:30:41] [METRIC_CO2] Tarefa: merge_segment_analyses | None | Tempo: 4.731222222222222e-05s | energy: 0.05Wh 
[2026-06-01 14:30:41] [METRIC_CO2] Tarefa: merge_segment_analyses | None | Tempo: 4.592916666666667e-05s | energy: 0.05Wh 
DEBUG: Successfully pulled kepler_container_core_joules_total Wh directly from Kepler for None
DEBUG: Successfully pulled kepler_container_core_joules_total Wh directly from Kepler for None
[2026-06-01 14:30:42] [METRIC_CO2] Tarefa: calculate_text_metrics | None | Tempo: 4.125e-05s | energy: 0.05Wh 
DEBUG: Successfully pulled kepler_container_core_joules_total Wh directly from Kepler for None
[2026-06-01 14:30:42] [METRIC_CO2] Tarefa: generate_text_summary | None | Tempo: 4.643555555555556e-05s | energy: 0.05Wh 
[2026-06-01 14:30:42] [METRIC_CO2] Tarefa: generate_text_summary | None | Tempo: 5.124944444444444e-05s | energy: 0.05Wh 
DEBUG: Successfully pulled kepler_container_core_joules_total Wh directly from Kepler for None
[2026-06-01 14:30:42] [METRIC_CO2] Tarefa: calculate_text_metrics | None | Tempo: 5.8241388888888885e-05s | energy: 0.05Wh 
DEBUG: Successfully pulled kepler_container_core_joules_total Wh directly from Kepler for None
DEBUG: Successfully pulled kepler_container_core_joules_total Wh directly from Kepler for None
[2026-06-01 14:30:44] [METRIC_CO2] Tarefa: final_comprehensive_report | None | Tempo: 3.341611111111111e-05s | energy: 0.05Wh 
[2026-06-01 14:30:44] [METRIC_CO2] Tarefa: final_comprehensive_report | None | Tempo: 3.469888888888889e-05s | energy: 0.05Wh 

--- DEBUG algo estranhoS:  ---
TOTAL WORKFLOW ENERGY from temp files: 0.6500 Wh

--- DEBUG algo estranhoS:  ---
TOTAL WORKFLOW ENERGY from temp files: 0.6500 Wh
DEBUG: Successfully pulled kepler_container_core_joules_total Wh directly from Kepler for finalize-89o3j3lv
DEBUG: Successfully pulled 0.000319 Wh directly from Kepler for finalize-89o3j3lv
[2026-06-01 14:30:51] [METRIC_CO2] Tarefa: T9 | finalize-89o3j3lv | Tempo: 0.004021508055555556s | energy: 0.00031916666666666665Wh 

--- DEBUG algo estranhoS:  ---
TOTAL WORKFLOW ENERGY from temp files: 0.0050 Wh
DEBUG: Successfully pulled kepler_container_core_joules_total Wh directly from Kepler for collect-data-jhbd61na
DEBUG: Successfully pulled 0.000517 Wh directly from Kepler for collect-data-jhbd61na
[2026-06-01 15:00:13] [METRIC_CO2] Tarefa: T1 | collect-data-jhbd61na | Tempo: 0.0035776469444444444s | energy: 0.0005166666666666667Wh 
DEBUG: Successfully pulled kepler_container_core_joules_total Wh directly from Kepler for process-a-xw1zys0r
DEBUG: Successfully pulled kepler_container_core_joules_total Wh directly from Kepler for process-b-0hzjoon7
DEBUG: Successfully pulled 0.000531 Wh directly from Kepler for process-a-xw1zys0r
DEBUG: Successfully pulled 0.000531 Wh directly from Kepler for process-b-0hzjoon7
[2026-06-01 15:00:22] [METRIC_CO2] Tarefa: T2 | process-a-xw1zys0r | Tempo: 0.0025633525s | energy: 0.0005308333333333334Wh 
[2026-06-01 15:00:22] [METRIC_CO2] Tarefa: T3 | process-b-0hzjoon7 | Tempo: 0.0025640863888888887s | energy: 0.0005308333333333334Wh 
