Datetime (UTC),Country,Zone name,Zone id,Carbon intensity gCO₂eq/kWh (direct),Carbon intensity gCO₂eq/kWh (Life cycle),Carbon-free energy percentage (CFE%),Renewable energy percentage (RE%),Data source,Data estimated,Data estimation method
2025-01-01T00:00:00.000Z,GR,Greece,GR,379.0,469.0,,16.0,,False,
2025-01-01T01:00:00.000Z,GR,Greece,GR,375.0,464.0,,17.0,,False,
2025-01-01T02:00:00.000Z,GR,Greece,GR,382.0,465.0,,18.0,,False,
2025-01-01T03:00:00.000Z,GR,Greece,GR,377.0,454.0,,21.0,,False,
2025-01-01T04:00:00.000Z,GR,Greece,GR,377.0,455.0,,21.0,,False,
2025-01-01T05:00:00.000Z,GR,Greece,GR,336.0,401.0,,32.0,,False,
2025-01-01T06:00:00.000Z,GR,Greece,GR,279.0,336.0,,45.0,,False,
2025-01-01T07:00:00.000Z,GR,Greece,GR,166.0,209.0,,69.0,,False,
2025-01-01T08:00:00.000Z,GR,Greece,GR,122.0,160.0,,78.0,,False,
2025-01-01T09:00:00.000Z,GR,Greece,GR,104.0,141.0,,81.0,,False,
2025-01-01T10:00:00.000Z,GR,Greece,GR,100.0,137.0,,81.0,,False,
2025-01-01T11:00:00.000Z,GR,Greece,GR,106.0,144.0,,80.0,,False,
2025-01-01T12:00:00.000Z,GR,Greece,GR,124.0,164.0,,76.0,,False,
2025-01-01T13:00:00.000Z,GR,Greece,GR,208.0,265.0,,56.0,,False,
2025-01-01T14:00:00.000Z,GR,Greece,GR,333.0,411.0,,28.0,,False,
2025-01-01T15:00:00.000Z,GR,Greece,GR,354.0,441.0,,20.0,,False,
2025-01-01T16:00:00.000Z,GR,Greece,GR,349.0,431.0,,21.0,,False,
2025-01-01T17:00:00.000Z,GR,Greece,GR,349.0,430.0,,22.0,,False,
2025-01-01T18:00:00.000Z,GR,Greece,GR,351.0,434.0,,21.0,,False,
2025-01-01T19:00:00.000Z,GR,Greece,GR,362.0,446.0,,19.0,,False,
2025-01-01T20:00:00.000Z,GR,Greece,GR,381.0,473.0,,14.0,,False,
2025-01-01T21:00:00.000Z,GR,Greece,GR,397.0,490.0,,12.0,,False,
2025-01-01T22:00:00.000Z,GR,Greece,GR,398.0,488.0,,12.0,,False,
2025-01-01T23:00:00.000Z,GR,Greece,GR,409.0,501.0,,10.0,,False,
2025-01-02T00:00:00.000Z,GR,Greece,GR,416.0,507.0,,9.0,,False,
2025-01-02T01:00:00.000Z,GR,Greece,GR,417.0,503.0,,11.0,,False,
2025-01-02T02:00:00.000Z,GR,Greece,GR,407.0,489.0,,15.0,,False,
2025-01-02T03:00:00.000Z,GR,Greece,GR,392.0,470.0,,18.0,,False,
2025-01-02T04:00:00.000Z,GR,Greece,GR,393.0,476.0,,16.0,,False,
2025-01-02T05:00:00.000Z,GR,Greece,GR,365.0,451.0,,19.0,,False,
2025-01-02T06:00:00.000Z,GR,Greece,GR,299.0,379.0,,31.0,,False,
2025-01-02T07:00:00.000Z,GR,Greece,GR,223.0,291.0,,48.0,,False,
2025-01-02T08:00:00.000Z,GR,Greece,GR,183.0,244.0,,58.0,,False,
2025-01-02T09:00:00.000Z,GR,Greece,GR,156.0,211.0,,65.0,,False,
2025-01-02T10:00:00.000Z,GR,Greece,GR,147.0,201.0,,67.0,,False,
2025-01-02T11:00:00.000Z,GR,Greece,GR,150.0,204.0,,66.0,,False,
2025-01-02T12:00:00.000Z,GR,Greece,GR,177.0,237.0,,60.0,,False,
2025-01-02T13:00:00.000Z,GR,Greece,GR,209.0,276.0,,52.0,,False,
2025-01-02T14:00:00.000Z,GR,Greece,GR,276.0,352.0,,37.0,,False,
2025-01-02T15:00:00.000Z,GR,Greece,GR,295.0,376.0,,31.0,,False,
2025-01-02T16:00:00.000Z,GR,Greece,GR,288.0,365.0,,32.0,,False,
2025-01-02T17:00:00.000Z,GR,Greece,GR,284.0,360.0,,34.0,,False,
2025-01-02T18:00:00.000Z,GR,Greece,GR,291.0,370.0,,32.0,,False,
2025-01-02T19:00:00.000Z,GR,Greece,GR,298.0,377.0,,31.0,,False,
2025-01-02T20:00:00.000Z,GR,Greece,GR,298.0,378.0,,31.0,,False,
2025-01-02T21:00:00.000Z,GR,Greece,GR,291.0,366.0,,35.0,,False,
2025-01-02T22:00:00.000Z,GR,Greece,GR,289.0,360.0,,36.0,,False,
2025-01-02T23:00:00.000Z,GR,Greece,GR,295.0,356.0,,39.0,,False,
2025-01-03T00:00:00.000Z,GR,Greece,GR,299.0,359.0,,39.0,,False,
2025-01-03T01:00:00.000Z,GR,Greece,GR,298.0,355.0,,41.0,,False,
2025-01-03T02:00:00.000Z,GR,Greece,GR,291.0,345.0,,43.0,,False,
2025-01-03T03:00:00.000Z,GR,Greece,GR,278.0,331.0,,46.0,,False,
2025-01-03T04:00:00.000Z,GR,Greece,GR,281.0,339.0,,43.0,,False,
2025-01-03T05:00:00.000Z,GR,Greece,GR,278.0,342.0,,41.0,,False,
2025-01-03T06:00:00.000Z,GR,Greece,GR,228.0,293.0,,49.0,,False,
2025-01-03T07:00:00.000Z,GR,Greece,GR,166.0,220.0,,63.0,,False,
2025-01-03T08:00:00.000Z,GR,Greece,GR,128.0,176.0,,72.0,,False,
2025-01-03T09:00:00.000Z,GR,Greece,GR,107.0,149.0,,77.0,,False,
2025-01-03T10:00:00.000Z,GR,Greece,GR,98.0,138.0,,79.0,,False,
2025-01-03T11:00:00.000Z,GR,Greece,GR,107.0,149.0,,77.0,,False,
2025-01-03T12:00:00.000Z,GR,Greece,GR,133.0,181.0,,70.0,,False,
2025-01-03T13:00:00.000Z,GR,Greece,GR,162.0,215.0,,63.0,,False,
2025-01-03T14:00:00.000Z,GR,Greece,GR,211.0,274.0,,51.0,,False,
2025-01-03T15:00:00.000Z,GR,Greece,GR,228.0,293.0,,47.0,,False,
2025-01-03T16:00:00.000Z,GR,Greece,GR,227.0,291.0,,47.0,,False,
2025-01-03T17:00:00.000Z,GR,Greece,GR,236.0,300.0,,45.0,,False,
2025-01-03T18:00:00.000Z,GR,Greece,GR,240.0,303.0,,45.0,,False,
2025-01-03T19:00:00.000Z,GR,Greece,GR,241.0,307.0,,45.0,,False,
2025-01-03T20:00:00.000Z,GR,Greece,GR,241.0,307.0,,45.0,,False,
2025-01-03T21:00:00.000Z,GR,Greece,GR,249.0,319.0,,42.0,,False,
2025-01-03T22:00:00.000Z,GR,Greece,GR,253.0,325.0,,42.0,,False,
2025-01-03T23:00:00.000Z,GR,Greece,GR,246.0,301.0,,49.0,,False,
2025-01-04T00:00:00.000Z,GR,Greece,GR,249.0,302.0,,50.0,,False,
2025-01-04T01:00:00.000Z,GR,Greece,GR,242.0,293.0,,52.0,,False,
2025-01-04T02:00:00.000Z,GR,Greece,GR,254.0,305.0,,50.0,,False,
2025-01-04T03:00:00.000Z,GR,Greece,GR,272.0,325.0,,47.0,,False,
2025-01-04T04:00:00.000Z,GR,Greece,GR,288.0,348.0,,42.0,,False,
2025-01-04T05:00:00.000Z,GR,Greece,GR,291.0,356.0,,39.0,,False,
2025-01-04T06:00:00.000Z,GR,Greece,GR,288.0,362.0,,36.0,,False,
2025-01-04T07:00:00.000Z,GR,Greece,GR,264.0,339.0,,39.0,,False,
2025-01-04T08:00:00.000Z,GR,Greece,GR,210.0,275.0,,52.0,,False,
2025-01-04T09:00:00.000Z,GR,Greece,GR,181.0,242.0,,59.0,,False,
2025-01-04T10:00:00.000Z,GR,Greece,GR,186.0,248.0,,57.0,,False,
2025-01-04T11:00:00.000Z,GR,Greece,GR,210.0,278.0,,51.0,,False,
2025-01-04T12:00:00.000Z,GR,Greece,GR,243.0,318.0,,43.0,,False,
2025-01-04T13:00:00.000Z,GR,Greece,GR,274.0,353.0,,35.0,,False,
2025-01-04T14:00:00.000Z,GR,Greece,GR,306.0,393.0,,27.0,,False,
2025-01-04T15:00:00.000Z,GR,Greece,GR,315.0,403.0,,25.0,,False,
2025-01-04T16:00:00.000Z,GR,Greece,GR,311.0,397.0,,25.0,,False,
2025-01-04T17:00:00.000Z,GR,Greece,GR,309.0,394.0,,26.0,,False,
2025-01-04T18:00:00.000Z,GR,Greece,GR,311.0,397.0,,26.0,,False,
2025-01-04T19:00:00.000Z,GR,Greece,GR,316.0,405.0,,25.0,,False,
2025-01-04T20:00:00.000Z,GR,Greece,GR,324.0,416.0,,23.0,,False,
2025-01-04T21:00:00.000Z,GR,Greece,GR,333.0,425.0,,21.0,,False,
2025-01-04T22:00:00.000Z,GR,Greece,GR,339.0,427.0,,23.0,,False,
2025-01-04T23:00:00.000Z,GR,Greece,GR,359.0,445.0,,21.0,,False,
2025-01-05T00:00:00.000Z,GR,Greece,GR,362.0,442.0,,23.0,,False,
2025-01-05T01:00:00.000Z,GR,Greece,GR,373.0,454.0,,21.0,,False,
2025-01-05T02:00:00.000Z,GR,Greece,GR,382.0,463.0,,20.0,,False,
2025-01-05T03:00:00.000Z,GR,Greece,GR,389.0,471.0,,19.0,,False,
2025-01-05T04:00:00.000Z,GR,Greece,GR,394.0,478.0,,17.0,,False,
2025-01-05T05:00:00.000Z,GR,Greece,GR,371.0,453.0,,21.0,,False,
2025-01-05T06:00:00.000Z,GR,Greece,GR,341.0,423.0,,26.0,,False,
2025-01-05T07:00:00.000Z,GR,Greece,GR,259.0,330.0,,43.0,,False,
2025-01-05T08:00:00.000Z,GR,Greece,GR,205.0,265.0,,56.0,,False,
2025-01-05T09:00:00.000Z,GR,Greece,GR,169.0,223.0,,64.0,,False,
2025-01-05T10:00:00.000Z,GR,Greece,GR,155.0,207.0,,67.0,,False,
2025-01-05T11:00:00.000Z,GR,Greece,GR,154.0,207.0,,67.0,,False,
2025-01-05T12:00:00.000Z,GR,Greece,GR,168.0,224.0,,63.0,,False,
2025-01-05T13:00:00.000Z,GR,Greece,GR,216.0,283.0,,51.0,,False,
2025-01-05T14:00:00.000Z,GR,Greece,GR,302.0,387.0,,30.0,,False,
2025-01-05T15:00:00.000Z,GR,Greece,GR,322.0,407.0,,25.0,,False,
2025-01-05T16:00:00.000Z,GR,Greece,GR,303.0,382.0,,29.0,,False,
2025-01-05T17:00:00.000Z,GR,Greece,GR,299.0,376.0,,31.0,,False,
2025-01-05T18:00:00.000Z,GR,Greece,GR,314.0,392.0,,28.0,,False,
2025-01-05T19:00:00.000Z,GR,Greece,GR,325.0,404.0,,27.0,,False,
2025-01-05T20:00:00.000Z,GR,Greece,GR,331.0,409.0,,27.0,,False,
2025-01-05T21:00:00.000Z,GR,Greece,GR,342.0,419.0,,26.0,,False,
2025-01-05T22:00:00.000Z,GR,Greece,GR,351.0,429.0,,25.0,,False,
2025-01-05T23:00:00.000Z,GR,Greece,GR,349.0,425.0,,26.0,,False,
2025-01-06T00:00:00.000Z,GR,Greece,GR,344.0,416.0,,29.0,,False,
2025-01-06T01:00:00.000Z,GR,Greece,GR,334.0,400.0,,33.0,,False,
2025-01-06T02:00:00.000Z,GR,Greece,GR,329.0,395.0,,34.0,,False,
2025-01-06T03:00:00.000Z,GR,Greece,GR,334.0,399.0,,34.0,,False,
2025-01-06T04:00:00.000Z,GR,Greece,GR,335.0,402.0,,33.0,,False,
2025-01-06T05:00:00.000Z,GR,Greece,GR,294.0,365.0,,36.0,,False,
2025-01-06T06:00:00.000Z,GR,Greece,GR,264.0,335.0,,41.0,,False,
2025-01-06T07:00:00.000Z,GR,Greece,GR,210.0,274.0,,53.0,,False,
2025-01-06T08:00:00.000Z,GR,Greece,GR,169.0,225.0,,63.0,,False,
2025-01-06T09:00:00.000Z,GR,Greece,GR,136.0,183.0,,71.0,,False,
2025-01-06T10:00:00.000Z,GR,Greece,GR,129.0,176.0,,73.0,,False,
2025-01-06T11:00:00.000Z,GR,Greece,GR,129.0,176.0,,73.0,,False,
2025-01-06T12:00:00.000Z,GR,Greece,GR,153.0,201.0,,70.0,,False,
2025-01-06T13:00:00.000Z,GR,Greece,GR,216.0,277.0,,55.0,,False,
2025-01-06T14:00:00.000Z,GR,Greece,GR,301.0,377.0,,35.0,,False,
2025-01-06T15:00:00.000Z,GR,Greece,GR,332.0,415.0,,27.0,,False,
2025-01-06T16:00:00.000Z,GR,Greece,GR,327.0,406.0,,29.0,,False,
2025-01-06T17:00:00.000Z,GR,Greece,GR,327.0,405.0,,29.0,,False,
2025-01-06T18:00:00.000Z,GR,Greece,GR,329.0,407.0,,29.0,,False,
2025-01-06T19:00:00.000Z,GR,Greece,GR,329.0,408.0,,29.0,,False,
2025-01-06T20:00:00.000Z,GR,Greece,GR,346.0,428.0,,27.0,,False,
2025-01-06T21:00:00.000Z,GR,Greece,GR,351.0,432.0,,26.0,,False,
2025-01-06T22:00:00.000Z,GR,Greece,GR,345.0,417.0,,31.0,,False,
2025-01-06T23:00:00.000Z,GR,Greece,GR,341.0,402.0,,36.0,,False,
2025-01-07T00:00:00.000Z,GR,Greece,GR,343.0,400.0,,37.0,,False,
2025-01-07T01:00:00.000Z,GR,Greece,GR,342.0,398.0,,39.0,,False,
2025-01-07T02:00:00.000Z,GR,Greece,GR,350.0,406.0,,38.0,,False,
2025-01-07T03:00:00.000Z,GR,Greece,GR,351.0,409.0,,38.0,,False,
2025-01-07T04:00:00.000Z,GR,Greece,GR,345.0,408.0,,36.0,,False,
2025-01-07T05:00:00.000Z,GR,Greece,GR,329.0,403.0,,33.0,,False,
2025-01-07T06:00:00.000Z,GR,Greece,GR,312.0,385.0,,35.0,,False,
2025-01-07T07:00:00.000Z,GR,Greece,GR,276.0,342.0,,42.0,,False,
2025-01-07T08:00:00.000Z,GR,Greece,GR,254.0,316.0,,48.0,,False,
2025-01-07T09:00:00.000Z,GR,Greece,GR,233.0,294.0,,52.0,,False,
2025-01-07T10:00:00.000Z,GR,Greece,GR,229.0,291.0,,52.0,,False,
2025-01-07T11:00:00.000Z,GR,Greece,GR,233.0,295.0,,51.0,,False,
2025-01-07T12:00:00.000Z,GR,Greece,GR,236.0,299.0,,51.0,,False,
2025-01-07T13:00:00.000Z,GR,Greece,GR,271.0,339.0,,43.0,,False,
2025-01-07T14:00:00.000Z,GR,Greece,GR,295.0,368.0,,37.0,,False,
2025-01-07T15:00:00.000Z,GR,Greece,GR,296.0,369.0,,36.0,,False,
2025-01-07T16:00:00.000Z,GR,Greece,GR,301.0,373.0,,35.0,,False,
2025-01-07T17:00:00.000Z,GR,Greece,GR,302.0,374.0,,35.0,,False,
2025-01-07T18:00:00.000Z,GR,Greece,GR,308.0,383.0,,34.0,,False,
2025-01-07T19:00:00.000Z,GR,Greece,GR,306.0,382.0,,35.0,,False,
2025-01-07T20:00:00.000Z,GR,Greece,GR,305.0,379.0,,36.0,,False,
2025-01-07T21:00:00.000Z,GR,Greece,GR,300.0,371.0,,37.0,,False,
2025-01-07T22:00:00.000Z,GR,Greece,GR,283.0,342.0,,44.0,,False,
2025-01-07T23:00:00.000Z,GR,Greece,GR,292.0,346.0,,46.0,,False,
2025-01-08T00:00:00.000Z,GR,Greece,GR,310.0,364.0,,44.0,,False,
2025-01-08T01:00:00.000Z,GR,Greece,GR,313.0,367.0,,44.0,,False,
2025-01-08T02:00:00.000Z,GR,Greece,GR,329.0,384.0,,41.0,,False,
2025-01-08T03:00:00.000Z,GR,Greece,GR,341.0,398.0,,39.0,,False,
2025-01-08T04:00:00.000Z,GR,Greece,GR,332.0,400.0,,35.0,,False,
2025-01-08T05:00:00.000Z,GR,Greece,GR,316.0,395.0,,32.0,,False,
2025-01-08T06:00:00.000Z,GR,Greece,GR,321.0,401.0,,31.0,,False,
2025-01-08T07:00:00.000Z,GR,Greece,GR,285.0,357.0,,40.0,,False,
2025-01-08T08:00:00.000Z,GR,Greece,GR,272.0,341.0,,43.0,,False,
2025-01-08T09:00:00.000Z,GR,Greece,GR,250.0,316.0,,48.0,,False,
2025-01-08T10:00:00.000Z,GR,Greece,GR,228.0,292.0,,52.0,,False,
2025-01-08T11:00:00.000Z,GR,Greece,GR,224.0,288.0,,52.0,,False,
2025-01-08T12:00:00.000Z,GR,Greece,GR,235.0,300.0,,50.0,,False,
2025-01-08T13:00:00.000Z,GR,Greece,GR,265.0,336.0,,42.0,,False,
2025-01-08T14:00:00.000Z,GR,Greece,GR,308.0,385.0,,33.0,,False,
2025-01-08T15:00:00.000Z,GR,Greece,GR,302.0,374.0,,35.0,,False,
2025-01-08T16:00:00.000Z,GR,Greece,GR,321.0,392.0,,33.0,,False,
2025-01-08T17:00:00.000Z,GR,Greece,GR,321.0,389.0,,34.0,,False,
2025-01-08T18:00:00.000Z,GR,Greece,GR,340.0,413.0,,30.0,,False,
2025-01-08T19:00:00.000Z,GR,Greece,GR,361.0,440.0,,26.0,,False,
2025-01-08T20:00:00.000Z,GR,Greece,GR,381.0,461.0,,22.0,,False,
2025-01-08T21:00:00.000Z,GR,Greece,GR,381.0,460.0,,23.0,,False,
2025-01-08T22:00:00.000Z,GR,Greece,GR,377.0,453.0,,24.0,,False,
2025-01-08T23:00:00.000Z,GR,Greece,GR,390.0,462.0,,25.0,,False,
2025-01-09T00:00:00.000Z,GR,Greece,GR,407.0,480.0,,22.0,,False,
2025-01-09T01:00:00.000Z,GR,Greece,GR,414.0,489.0,,21.0,,False,
2025-01-09T02:00:00.000Z,GR,Greece,GR,416.0,489.0,,22.0,,False,
2025-01-09T03:00:00.000Z,GR,Greece,GR,412.0,488.0,,21.0,,False,
2025-01-09T04:00:00.000Z,GR,Greece,GR,396.0,474.0,,23.0,,False,
2025-01-09T05:00:00.000Z,GR,Greece,GR,372.0,452.0,,24.0,,False,
2025-01-09T06:00:00.000Z,GR,Greece,GR,347.0,427.0,,29.0,,False,
2025-01-09T07:00:00.000Z,GR,Greece,GR,289.0,361.0,,40.0,,False,
2025-01-09T08:00:00.000Z,GR,Greece,GR,254.0,322.0,,46.0,,False,
2025-01-09T09:00:00.000Z,GR,Greece,GR,234.0,299.0,,51.0,,False,
2025-01-09T10:00:00.000Z,GR,Greece,GR,217.0,280.0,,54.0,,False,
2025-01-09T11:00:00.000Z,GR,Greece,GR,209.0,270.0,,55.0,,False,
2025-01-09T12:00:00.000Z,GR,Greece,GR,215.0,277.0,,54.0,,False,
2025-01-09T13:00:00.000Z,GR,Greece,GR,253.0,323.0,,45.0,,False,
2025-01-09T14:00:00.000Z,GR,Greece,GR,323.0,403.0,,31.0,,False,
2025-01-09T15:00:00.000Z,GR,Greece,GR,334.0,413.0,,28.0,,False,
2025-01-09T16:00:00.000Z,GR,Greece,GR,328.0,401.0,,31.0,,False,
2025-01-09T17:00:00.000Z,GR,Greece,GR,336.0,409.0,,30.0,,False,
2025-01-09T18:00:00.000Z,GR,Greece,GR,355.0,430.0,,28.0,,False,
2025-01-09T19:00:00.000Z,GR,Greece,GR,346.0,422.0,,29.0,,False,
2025-01-09T20:00:00.000Z,GR,Greece,GR,346.0,421.0,,29.0,,False,
2025-01-09T21:00:00.000Z,GR,Greece,GR,352.0,426.0,,29.0,,False,
2025-01-09T22:00:00.000Z,GR,Greece,GR,350.0,419.0,,32.0,,False,
2025-01-09T23:00:00.000Z,GR,Greece,GR,353.0,414.0,,35.0,,False,
2025-01-10T00:00:00.000Z,GR,Greece,GR,359.0,419.0,,34.0,,False,
2025-01-10T01:00:00.000Z,GR,Greece,GR,353.0,411.0,,36.0,,False,
2025-01-10T02:00:00.000Z,GR,Greece,GR,349.0,405.0,,38.0,,False,
2025-01-10T03:00:00.000Z,GR,Greece,GR,349.0,407.0,,37.0,,False,
2025-01-10T04:00:00.000Z,GR,Greece,GR,350.0,412.0,,35.0,,False,
2025-01-10T05:00:00.000Z,GR,Greece,GR,318.0,388.0,,36.0,,False,
2025-01-10T06:00:00.000Z,GR,Greece,GR,292.0,365.0,,38.0,,False,
2025-01-10T07:00:00.000Z,GR,Greece,GR,261.0,330.0,,44.0,,False,
2025-01-10T08:00:00.000Z,GR,Greece,GR,210.0,269.0,,56.0,,False,
2025-01-10T09:00:00.000Z,GR,Greece,GR,186.0,240.0,,61.0,,False,
2025-01-10T10:00:00.000Z,GR,Greece,GR,174.0,226.0,,64.0,,False,
2025-01-10T11:00:00.000Z,GR,Greece,GR,175.0,227.0,,64.0,,False,
2025-01-10T12:00:00.000Z,GR,Greece,GR,180.0,234.0,,63.0,,False,
2025-01-10T13:00:00.000Z,GR,Greece,GR,224.0,287.0,,53.0,,False,
2025-01-10T14:00:00.000Z,GR,Greece,GR,292.0,367.0,,37.0,,False,
2025-01-10T15:00:00.000Z,GR,Greece,GR,315.0,392.0,,31.0,,False,
2025-01-10T16:00:00.000Z,GR,Greece,GR,306.0,379.0,,34.0,,False,
2025-01-10T17:00:00.000Z,GR,Greece,GR,308.0,380.0,,35.0,,False,
2025-01-10T18:00:00.000Z,GR,Greece,GR,327.0,399.0,,32.0,,False,
2025-01-10T19:00:00.000Z,GR,Greece,GR,329.0,403.0,,32.0,,False,
2025-01-10T20:00:00.000Z,GR,Greece,GR,346.0,420.0,,30.0,,False,
2025-01-10T21:00:00.000Z,GR,Greece,GR,364.0,440.0,,27.0,,False,
2025-01-10T22:00:00.000Z,GR,Greece,GR,354.0,430.0,,28.0,,False,
2025-01-10T23:00:00.000Z,GR,Greece,GR,342.0,415.0,,30.0,,False,
2025-01-11T00:00:00.000Z,GR,Greece,GR,351.0,415.0,,33.0,,False,
2025-01-11T01:00:00.000Z,GR,Greece,GR,342.0,402.0,,37.0,,False,
2025-01-11T02:00:00.000Z,GR,Greece,GR,340.0,398.0,,38.0,,False,
2025-01-11T03:00:00.000Z,GR,Greece,GR,348.0,407.0,,37.0,,False,
2025-01-11T04:00:00.000Z,GR,Greece,GR,349.0,411.0,,36.0,,False,
2025-01-11T05:00:00.000Z,GR,Greece,GR,340.0,405.0,,36.0,,False,
2025-01-11T06:00:00.000Z,GR,Greece,GR,325.0,393.0,,37.0,,False,
2025-01-11T07:00:00.000Z,GR,Greece,GR,294.0,361.0,,43.0,,False,
2025-01-11T08:00:00.000Z,GR,Greece,GR,242.0,304.0,,52.0,,False,
2025-01-11T09:00:00.000Z,GR,Greece,GR,197.0,252.0,,61.0,,False,
2025-01-11T10:00:00.000Z,GR,Greece,GR,184.0,236.0,,64.0,,False,
2025-01-11T11:00:00.000Z,GR,Greece,GR,212.0,270.0,,57.0,,False,
2025-01-11T12:00:00.000Z,GR,Greece,GR,231.0,291.0,,54.0,,False,
2025-01-11T13:00:00.000Z,GR,Greece,GR,288.0,358.0,,41.0,,False,
2025-01-11T14:00:00.000Z,GR,Greece,GR,335.0,414.0,,30.0,,False,
2025-01-11T15:00:00.000Z,GR,Greece,GR,348.0,432.0,,25.0,,False,
2025-01-11T16:00:00.000Z,GR,Greece,GR,331.0,407.0,,29.0,,False,
2025-01-11T17:00:00.000Z,GR,Greece,GR,327.0,398.0,,31.0,,False,
2025-01-11T18:00:00.000Z,GR,Greece,GR,334.0,407.0,,30.0,,False,
2025-01-11T19:00:00.000Z,GR,Greece,GR,360.0,444.0,,23.0,,False,
2025-01-11T20:00:00.000Z,GR,Greece,GR,377.0,457.0,,23.0,,False,
2025-01-11T21:00:00.000Z,GR,Greece,GR,387.0,463.0,,23.0,,False,
2025-01-11T22:00:00.000Z,GR,Greece,GR,383.0,461.0,,24.0,,False,
2025-01-11T23:00:00.000Z,GR,Greece,GR,389.0,460.0,,26.0,,False,
2025-01-12T00:00:00.000Z,GR,Greece,GR,394.0,457.0,,29.0,,False,
2025-01-12T01:00:00.000Z,GR,Greece,GR,389.0,451.0,,31.0,,False,
2025-01-12T02:00:00.000Z,GR,Greece,GR,385.0,446.0,,32.0,,False,
2025-01-12T03:00:00.000Z,GR,Greece,GR,372.0,431.0,,35.0,,False,
2025-01-12T04:00:00.000Z,GR,Greece,GR,354.0,413.0,,37.0,,False,
2025-01-12T05:00:00.000Z,GR,Greece,GR,331.0,394.0,,38.0,,False,
2025-01-12T06:00:00.000Z,GR,Greece,GR,309.0,373.0,,41.0,,False,
2025-01-12T07:00:00.000Z,GR,Greece,GR,284.0,347.0,,44.0,,False,
2025-01-12T08:00:00.000Z,GR,Greece,GR,271.0,333.0,,47.0,,False,
2025-01-12T09:00:00.000Z,GR,Greece,GR,249.0,309.0,,51.0,,False,
2025-01-12T10:00:00.000Z,GR,Greece,GR,269.0,337.0,,45.0,,False,
2025-01-12T11:00:00.000Z,GR,Greece,GR,288.0,361.0,,39.0,,False,
2025-01-12T12:00:00.000Z,GR,Greece,GR,296.0,369.0,,39.0,,False,
2025-01-12T13:00:00.000Z,GR,Greece,GR,326.0,405.0,,31.0,,False,
2025-01-12T14:00:00.000Z,GR,Greece,GR,335.0,419.0,,27.0,,False,
2025-01-12T15:00:00.000Z,GR,Greece,GR,325.0,404.0,,30.0,,False,
2025-01-12T16:00:00.000Z,GR,Greece,GR,313.0,388.0,,32.0,,False,
2025-01-12T17:00:00.000Z,GR,Greece,GR,307.0,381.0,,34.0,,False,
2025-01-12T18:00:00.000Z,GR,Greece,GR,302.0,376.0,,35.0,,False,
2025-01-12T19:00:00.000Z,GR,Greece,GR,311.0,387.0,,34.0,,False,
2025-01-12T20:00:00.000Z,GR,Greece,GR,319.0,395.0,,34.0,,False,
2025-01-12T21:00:00.000Z,GR,Greece,GR,323.0,398.0,,33.0,,False,
2025-01-12T22:00:00.000Z,GR,Greece,GR,322.0,397.0,,34.0,,False,
2025-01-12T23:00:00.000Z,GR,Greece,GR,310.0,383.0,,35.0,,False,
2025-01-13T00:00:00.000Z,GR,Greece,GR,306.0,377.0,,38.0,,False,
2025-01-13T01:00:00.000Z,GR,Greece,GR,292.0,361.0,,40.0,,False,
2025-01-13T02:00:00.000Z,GR,Greece,GR,300.0,370.0,,39.0,,False,
2025-01-13T03:00:00.000Z,GR,Greece,GR,287.0,356.0,,40.0,,False,
2025-01-13T04:00:00.000Z,GR,Greece,GR,282.0,352.0,,40.0,,False,
2025-01-13T05:00:00.000Z,GR,Greece,GR,302.0,377.0,,35.0,,False,
2025-01-13T06:00:00.000Z,GR,Greece,GR,300.0,372.0,,37.0,,False,
2025-01-13T07:00:00.000Z,GR,Greece,GR,293.0,362.0,,38.0,,False,
2025-01-13T08:00:00.000Z,GR,Greece,GR,297.0,369.0,,37.0,,False,
2025-01-13T09:00:00.000Z,GR,Greece,GR,299.0,372.0,,36.0,,False,
2025-01-13T10:00:00.000Z,GR,Greece,GR,290.0,362.0,,38.0,,False,
2025-01-13T11:00:00.000Z,GR,Greece,GR,293.0,366.0,,37.0,,False,
2025-01-13T12:00:00.000Z,GR,Greece,GR,295.0,372.0,,35.0,,False,
2025-01-13T13:00:00.000Z,GR,Greece,GR,298.0,377.0,,34.0,,False,
2025-01-13T14:00:00.000Z,GR,Greece,GR,300.0,378.0,,34.0,,False,
2025-01-13T15:00:00.000Z,GR,Greece,GR,299.0,376.0,,34.0,,False,
2025-01-13T16:00:00.000Z,GR,Greece,GR,287.0,361.0,,36.0,,False,
2025-01-13T17:00:00.000Z,GR,Greece,GR,283.0,356.0,,37.0,,False,
2025-01-13T18:00:00.000Z,GR,Greece,GR,288.0,361.0,,37.0,,False,
2025-01-13T19:00:00.000Z,GR,Greece,GR,289.0,363.0,,37.0,,False,
2025-01-13T20:00:00.000Z,GR,Greece,GR,286.0,358.0,,38.0,,False,
2025-01-13T21:00:00.000Z,GR,Greece,GR,291.0,363.0,,38.0,,False,
2025-01-13T22:00:00.000Z,GR,Greece,GR,291.0,358.0,,41.0,,False,
2025-01-13T23:00:00.000Z,GR,Greece,GR,285.0,353.0,,41.0,,False,
2025-01-14T00:00:00.000Z,GR,Greece,GR,267.0,330.0,,46.0,,False,
2025-01-14T01:00:00.000Z,GR,Greece,GR,260.0,321.0,,48.0,,False,
2025-01-14T02:00:00.000Z,GR,Greece,GR,258.0,318.0,,49.0,,False,
2025-01-14T03:00:00.000Z,GR,Greece,GR,257.0,317.0,,49.0,,False,
2025-01-14T04:00:00.000Z,GR,Greece,GR,273.0,337.0,,45.0,,False,
2025-01-14T05:00:00.000Z,GR,Greece,GR,281.0,353.0,,39.0,,False,
2025-01-14T06:00:00.000Z,GR,Greece,GR,287.0,361.0,,37.0,,False,
2025-01-14T07:00:00.000Z,GR,Greece,GR,282.0,354.0,,39.0,,False,
2025-01-14T08:00:00.000Z,GR,Greece,GR,280.0,353.0,,39.0,,False,
2025-01-14T09:00:00.000Z,GR,Greece,GR,277.0,348.0,,41.0,,False,
2025-01-14T10:00:00.000Z,GR,Greece,GR,278.0,348.0,,41.0,,False,
2025-01-14T11:00:00.000Z,GR,Greece,GR,275.0,344.0,,42.0,,False,
2025-01-14T12:00:00.000Z,GR,Greece,GR,275.0,344.0,,42.0,,False,
2025-01-14T13:00:00.000Z,GR,Greece,GR,288.0,362.0,,37.0,,False,
2025-01-14T14:00:00.000Z,GR,Greece,GR,306.0,383.0,,34.0,,False,
2025-01-14T15:00:00.000Z,GR,Greece,GR,309.0,386.0,,33.0,,False,
2025-01-14T16:00:00.000Z,GR,Greece,GR,300.0,377.0,,34.0,,False,
2025-01-14T17:00:00.000Z,GR,Greece,GR,293.0,366.0,,36.0,,False,
2025-01-14T18:00:00.000Z,GR,Greece,GR,287.0,360.0,,36.0,,False,
2025-01-14T19:00:00.000Z,GR,Greece,GR,296.0,371.0,,36.0,,False,
2025-01-14T20:00:00.000Z,GR,Greece,GR,307.0,383.0,,34.0,,False,
2025-01-14T21:00:00.000Z,GR,Greece,GR,320.0,397.0,,32.0,,False,
2025-01-14T22:00:00.000Z,GR,Greece,GR,325.0,401.0,,32.0,,False,
2025-01-14T23:00:00.000Z,GR,Greece,GR,326.0,404.0,,31.0,,False,
2025-01-15T00:00:00.000Z,GR,Greece,GR,332.0,408.0,,31.0,,False,
2025-01-15T01:00:00.000Z,GR,Greece,GR,336.0,413.0,,30.0,,False,
2025-01-15T02:00:00.000Z,GR,Greece,GR,338.0,415.0,,30.0,,False,
2025-01-15T03:00:00.000Z,GR,Greece,GR,343.0,422.0,,29.0,,False,
2025-01-15T04:00:00.000Z,GR,Greece,GR,353.0,439.0,,24.0,,False,
2025-01-15T05:00:00.000Z,GR,Greece,GR,353.0,439.0,,24.0,,False,
2025-01-15T06:00:00.000Z,GR,Greece,GR,353.0,439.0,,24.0,,False,
2025-01-15T07:00:00.000Z,GR,Greece,GR,330.0,412.0,,28.0,,False,
2025-01-15T08:00:00.000Z,GR,Greece,GR,314.0,394.0,,31.0,,False,
2025-01-15T09:00:00.000Z,GR,Greece,GR,303.0,382.0,,34.0,,False,
2025-01-15T10:00:00.000Z,GR,Greece,GR,302.0,381.0,,34.0,,False,
2025-01-15T11:00:00.000Z,GR,Greece,GR,310.0,392.0,,32.0,,False,
2025-01-15T12:00:00.000Z,GR,Greece,GR,337.0,424.0,,26.0,,False,
2025-01-15T13:00:00.000Z,GR,Greece,GR,358.0,448.0,,22.0,,False,
2025-01-15T14:00:00.000Z,GR,Greece,GR,370.0,460.0,,20.0,,False,
2025-01-15T15:00:00.000Z,GR,Greece,GR,364.0,449.0,,21.0,,False,
2025-01-15T16:00:00.000Z,GR,Greece,GR,350.0,434.0,,24.0,,False,
2025-01-15T17:00:00.000Z,GR,Greece,GR,344.0,430.0,,25.0,,False,
2025-01-15T18:00:00.000Z,GR,Greece,GR,351.0,438.0,,24.0,,False,
2025-01-15T19:00:00.000Z,GR,Greece,GR,366.0,455.0,,21.0,,False,
2025-01-15T20:00:00.000Z,GR,Greece,GR,374.0,464.0,,20.0,,False,
2025-01-15T21:00:00.000Z,GR,Greece,GR,386.0,478.0,,17.0,,False,
2025-01-15T22:00:00.000Z,GR,Greece,GR,377.0,467.0,,19.0,,False,
2025-01-15T23:00:00.000Z,GR,Greece,GR,383.0,472.0,,19.0,,False,
2025-01-16T00:00:00.000Z,GR,Greece,GR,375.0,459.0,,22.0,,False,
2025-01-16T01:00:00.000Z,GR,Greece,GR,366.0,448.0,,24.0,,False,
2025-01-16T02:00:00.000Z,GR,Greece,GR,358.0,438.0,,26.0,,False,
2025-01-16T03:00:00.000Z,GR,Greece,GR,344.0,425.0,,28.0,,False,
2025-01-16T04:00:00.000Z,GR,Greece,GR,342.0,428.0,,26.0,,False,
2025-01-16T05:00:00.000Z,GR,Greece,GR,340.0,425.0,,27.0,,False,
2025-01-16T06:00:00.000Z,GR,Greece,GR,332.0,416.0,,28.0,,False,
2025-01-16T07:00:00.000Z,GR,Greece,GR,316.0,397.0,,31.0,,False,
2025-01-16T08:00:00.000Z,GR,Greece,GR,307.0,386.0,,34.0,,False,
2025-01-16T09:00:00.000Z,GR,Greece,GR,288.0,364.0,,37.0,,False,
2025-01-16T10:00:00.000Z,GR,Greece,GR,282.0,355.0,,40.0,,False,
2025-01-16T11:00:00.000Z,GR,Greece,GR,284.0,358.0,,39.0,,False,
2025-01-16T12:00:00.000Z,GR,Greece,GR,295.0,371.0,,37.0,,False,
2025-01-16T13:00:00.000Z,GR,Greece,GR,307.0,386.0,,33.0,,False,
2025-01-16T14:00:00.000Z,GR,Greece,GR,325.0,406.0,,30.0,,False,
2025-01-16T15:00:00.000Z,GR,Greece,GR,309.0,388.0,,32.0,,False,
2025-01-16T16:00:00.000Z,GR,Greece,GR,302.0,379.0,,33.0,,False,
2025-01-16T17:00:00.000Z,GR,Greece,GR,293.0,368.0,,35.0,,False,
2025-01-16T18:00:00.000Z,GR,Greece,GR,295.0,372.0,,34.0,,False,
2025-01-16T19:00:00.000Z,GR,Greece,GR,304.0,382.0,,33.0,,False,
2025-01-16T20:00:00.000Z,GR,Greece,GR,317.0,396.0,,31.0,,False,
2025-01-16T21:00:00.000Z,GR,Greece,GR,329.0,408.0,,30.0,,False,
2025-01-16T22:00:00.000Z,GR,Greece,GR,315.0,391.0,,34.0,,False,
2025-01-16T23:00:00.000Z,GR,Greece,GR,311.0,388.0,,34.0,,False,
2025-01-17T00:00:00.000Z,GR,Greece,GR,288.0,358.0,,39.0,,False,
2025-01-17T01:00:00.000Z,GR,Greece,GR,279.0,347.0,,41.0,,False,
2025-01-17T02:00:00.000Z,GR,Greece,GR,273.0,341.0,,43.0,,False,
2025-01-17T03:00:00.000Z,GR,Greece,GR,275.0,342.0,,42.0,,False,
2025-01-17T04:00:00.000Z,GR,Greece,GR,280.0,350.0,,40.0,,False,
2025-01-17T05:00:00.000Z,GR,Greece,GR,281.0,351.0,,40.0,,False,
2025-01-17T06:00:00.000Z,GR,Greece,GR,255.0,322.0,,45.0,,False,
2025-01-17T07:00:00.000Z,GR,Greece,GR,215.0,275.0,,54.0,,False,
2025-01-17T08:00:00.000Z,GR,Greece,GR,182.0,235.0,,62.0,,False,
2025-01-17T09:00:00.000Z,GR,Greece,GR,151.0,197.0,,70.0,,False,
2025-01-17T10:00:00.000Z,GR,Greece,GR,145.0,190.0,,71.0,,False,
2025-01-17T11:00:00.000Z,GR,Greece,GR,150.0,196.0,,70.0,,False,
2025-01-17T12:00:00.000Z,GR,Greece,GR,175.0,227.0,,64.0,,False,
2025-01-17T13:00:00.000Z,GR,Greece,GR,223.0,286.0,,52.0,,False,
2025-01-17T14:00:00.000Z,GR,Greece,GR,273.0,345.0,,40.0,,False,
2025-01-17T15:00:00.000Z,GR,Greece,GR,302.0,379.0,,33.0,,False,
2025-01-17T16:00:00.000Z,GR,Greece,GR,297.0,369.0,,36.0,,False,
2025-01-17T17:00:00.000Z,GR,Greece,GR,298.0,368.0,,36.0,,False,
2025-01-17T18:00:00.000Z,GR,Greece,GR,309.0,381.0,,35.0,,False,
2025-01-17T19:00:00.000Z,GR,Greece,GR,307.0,381.0,,35.0,,False,
2025-01-17T20:00:00.000Z,GR,Greece,GR,316.0,390.0,,34.0,,False,
2025-01-17T21:00:00.000Z,GR,Greece,GR,341.0,420.0,,29.0,,False,
2025-01-17T22:00:00.000Z,GR,Greece,GR,340.0,419.0,,29.0,,False,
2025-01-17T23:00:00.000Z,GR,Greece,GR,328.0,401.0,,33.0,,False,
2025-01-18T00:00:00.000Z,GR,Greece,GR,320.0,391.0,,35.0,,False,
2025-01-18T01:00:00.000Z,GR,Greece,GR,318.0,390.0,,35.0,,False,
2025-01-18T02:00:00.000Z,GR,Greece,GR,321.0,392.0,,35.0,,False,
2025-01-18T03:00:00.000Z,GR,Greece,GR,322.0,392.0,,36.0,,False,
2025-01-18T04:00:00.000Z,GR,Greece,GR,329.0,403.0,,33.0,,False,
2025-01-18T05:00:00.000Z,GR,Greece,GR,328.0,404.0,,32.0,,False,
2025-01-18T06:00:00.000Z,GR,Greece,GR,293.0,366.0,,38.0,,False,
2025-01-18T07:00:00.000Z,GR,Greece,GR,213.0,272.0,,56.0,,False,
2025-01-18T08:00:00.000Z,GR,Greece,GR,156.0,203.0,,70.0,,False,
2025-01-18T09:00:00.000Z,GR,Greece,GR,128.0,170.0,,76.0,,False,
2025-01-18T10:00:00.000Z,GR,Greece,GR,124.0,165.0,,77.0,,False,
2025-01-18T11:00:00.000Z,GR,Greece,GR,137.0,182.0,,74.0,,False,
2025-01-18T12:00:00.000Z,GR,Greece,GR,151.0,199.0,,71.0,,False,
2025-01-18T13:00:00.000Z,GR,Greece,GR,186.0,240.0,,62.0,,False,
2025-01-18T14:00:00.000Z,GR,Greece,GR,279.0,349.0,,42.0,,False,
2025-01-18T15:00:00.000Z,GR,Greece,GR,343.0,424.0,,28.0,,False,
2025-01-18T16:00:00.000Z,GR,Greece,GR,334.0,411.0,,30.0,,False,
2025-01-18T17:00:00.000Z,GR,Greece,GR,329.0,405.0,,32.0,,False,
2025-01-18T18:00:00.000Z,GR,Greece,GR,337.0,411.0,,31.0,,False,
2025-01-18T19:00:00.000Z,GR,Greece,GR,361.0,439.0,,27.0,,False,
2025-01-18T20:00:00.000Z,GR,Greece,GR,383.0,466.0,,22.0,,False,
2025-01-18T21:00:00.000Z,GR,Greece,GR,387.0,468.0,,22.0,,False,
2025-01-18T22:00:00.000Z,GR,Greece,GR,386.0,465.0,,23.0,,False,
2025-01-18T23:00:00.000Z,GR,Greece,GR,387.0,468.0,,23.0,,False,
2025-01-19T00:00:00.000Z,GR,Greece,GR,379.0,460.0,,23.0,,False,
2025-01-19T01:00:00.000Z,GR,Greece,GR,381.0,462.0,,23.0,,False,
2025-01-19T02:00:00.000Z,GR,Greece,GR,381.0,462.0,,23.0,,False,
2025-01-19T03:00:00.000Z,GR,Greece,GR,363.0,441.0,,27.0,,False,
2025-01-19T04:00:00.000Z,GR,Greece,GR,368.0,446.0,,26.0,,False,
2025-01-19T05:00:00.000Z,GR,Greece,GR,370.0,447.0,,26.0,,False,
2025-01-19T06:00:00.000Z,GR,Greece,GR,314.0,385.0,,37.0,,False,
2025-01-19T07:00:00.000Z,GR,Greece,GR,209.0,265.0,,58.0,,False,
2025-01-19T08:00:00.000Z,GR,Greece,GR,143.0,187.0,,74.0,,False,
2025-01-19T09:00:00.000Z,GR,Greece,GR,110.0,151.0,,79.0,,False,
2025-01-19T10:00:00.000Z,GR,Greece,GR,97.0,137.0,,81.0,,False,
2025-01-19T11:00:00.000Z,GR,Greece,GR,98.0,138.0,,81.0,,False,
2025-01-19T12:00:00.000Z,GR,Greece,GR,116.0,160.0,,77.0,,False,
2025-01-19T13:00:00.000Z,GR,Greece,GR,193.0,249.0,,61.0,,False,
2025-01-19T14:00:00.000Z,GR,Greece,GR,302.0,378.0,,36.0,,False,
2025-01-19T15:00:00.000Z,GR,Greece,GR,377.0,465.0,,21.0,,False,
2025-01-19T16:00:00.000Z,GR,Greece,GR,353.0,433.0,,26.0,,False,
2025-01-19T17:00:00.000Z,GR,Greece,GR,346.0,424.0,,27.0,,False,
2025-01-19T18:00:00.000Z,GR,Greece,GR,359.0,439.0,,25.0,,False,
2025-01-19T19:00:00.000Z,GR,Greece,GR,364.0,447.0,,24.0,,False,
2025-01-19T20:00:00.000Z,GR,Greece,GR,387.0,475.0,,20.0,,False,
2025-01-19T21:00:00.000Z,GR,Greece,GR,398.0,484.0,,19.0,,False,
2025-01-19T22:00:00.000Z,GR,Greece,GR,391.0,477.0,,20.0,,False,
2025-01-19T23:00:00.000Z,GR,Greece,GR,378.0,466.0,,20.0,,False,
2025-01-20T00:00:00.000Z,GR,Greece,GR,368.0,454.0,,22.0,,False,
2025-01-20T01:00:00.000Z,GR,Greece,GR,364.0,449.0,,23.0,,False,
2025-01-20T02:00:00.000Z,GR,Greece,GR,348.0,432.0,,26.0,,False,
2025-01-20T03:00:00.000Z,GR,Greece,GR,333.0,413.0,,29.0,,False,
2025-01-20T04:00:00.000Z,GR,Greece,GR,328.0,408.0,,30.0,,False,
2025-01-20T05:00:00.000Z,GR,Greece,GR,316.0,394.0,,32.0,,False,
2025-01-20T06:00:00.000Z,GR,Greece,GR,271.0,343.0,,41.0,,False,
2025-01-20T07:00:00.000Z,GR,Greece,GR,207.0,265.0,,57.0,,False,
2025-01-20T08:00:00.000Z,GR,Greece,GR,169.0,220.0,,66.0,,False,
2025-01-20T09:00:00.000Z,GR,Greece,GR,161.0,212.0,,67.0,,False,
2025-01-20T10:00:00.000Z,GR,Greece,GR,152.0,201.0,,69.0,,False,
2025-01-20T11:00:00.000Z,GR,Greece,GR,174.0,229.0,,63.0,,False,
2025-01-20T12:00:00.000Z,GR,Greece,GR,232.0,299.0,,49.0,,False,
2025-01-20T13:00:00.000Z,GR,Greece,GR,271.0,343.0,,41.0,,False,
2025-01-20T14:00:00.000Z,GR,Greece,GR,306.0,385.0,,32.0,,False,
2025-01-20T15:00:00.000Z,GR,Greece,GR,313.0,392.0,,31.0,,False,
2025-01-20T16:00:00.000Z,GR,Greece,GR,315.0,391.0,,31.0,,False,
2025-01-20T17:00:00.000Z,GR,Greece,GR,315.0,389.0,,33.0,,False,
2025-01-20T18:00:00.000Z,GR,Greece,GR,324.0,401.0,,31.0,,False,
2025-01-20T19:00:00.000Z,GR,Greece,GR,344.0,428.0,,26.0,,False,
2025-01-20T20:00:00.000Z,GR,Greece,GR,364.0,452.0,,22.0,,False,
2025-01-20T21:00:00.000Z,GR,Greece,GR,377.0,469.0,,18.0,,False,
2025-01-20T22:00:00.000Z,GR,Greece,GR,385.0,481.0,,16.0,,False,
2025-01-20T23:00:00.000Z,GR,Greece,GR,407.0,504.0,,13.0,,False,
2025-01-21T00:00:00.000Z,GR,Greece,GR,412.0,509.0,,12.0,,False,
2025-01-21T01:00:00.000Z,GR,Greece,GR,409.0,505.0,,13.0,,False,
2025-01-21T02:00:00.000Z,GR,Greece,GR,414.0,510.0,,13.0,,False,
2025-01-21T03:00:00.000Z,GR,Greece,GR,411.0,507.0,,13.0,,False,
2025-01-21T04:00:00.000Z,GR,Greece,GR,408.0,505.0,,13.0,,False,
2025-01-21T05:00:00.000Z,GR,Greece,GR,391.0,486.0,,15.0,,False,
2025-01-21T06:00:00.000Z,GR,Greece,GR,347.0,435.0,,23.0,,False,
2025-01-21T07:00:00.000Z,GR,Greece,GR,327.0,411.0,,28.0,,False,
2025-01-21T08:00:00.000Z,GR,Greece,GR,309.0,389.0,,32.0,,False,
2025-01-21T09:00:00.000Z,GR,Greece,GR,300.0,381.0,,33.0,,False,
2025-01-21T10:00:00.000Z,GR,Greece,GR,288.0,366.0,,37.0,,False,
2025-01-21T11:00:00.000Z,GR,Greece,GR,274.0,350.0,,39.0,,False,
2025-01-21T12:00:00.000Z,GR,Greece,GR,281.0,357.0,,38.0,,False,
2025-01-21T13:00:00.000Z,GR,Greece,GR,310.0,391.0,,32.0,,False,
2025-01-21T14:00:00.000Z,GR,Greece,GR,331.0,414.0,,29.0,,False,
2025-01-21T15:00:00.000Z,GR,Greece,GR,343.0,427.0,,25.0,,False,
2025-01-21T16:00:00.000Z,GR,Greece,GR,343.0,425.0,,26.0,,False,
2025-01-21T17:00:00.000Z,GR,Greece,GR,352.0,434.0,,24.0,,False,
2025-01-21T18:00:00.000Z,GR,Greece,GR,373.0,461.0,,21.0,,False,
2025-01-21T19:00:00.000Z,GR,Greece,GR,374.0,463.0,,20.0,,False,
2025-01-21T20:00:00.000Z,GR,Greece,GR,394.0,487.0,,16.0,,False,
2025-01-21T21:00:00.000Z,GR,Greece,GR,408.0,504.0,,14.0,,False,
2025-01-21T22:00:00.000Z,GR,Greece,GR,402.0,495.0,,16.0,,False,
2025-01-21T23:00:00.000Z,GR,Greece,GR,387.0,483.0,,15.0,,False,
2025-01-22T00:00:00.000Z,GR,Greece,GR,385.0,482.0,,15.0,,False,
2025-01-22T01:00:00.000Z,GR,Greece,GR,389.0,487.0,,14.0,,False,
2025-01-22T02:00:00.000Z,GR,Greece,GR,394.0,493.0,,13.0,,False,
2025-01-22T03:00:00.000Z,GR,Greece,GR,394.0,493.0,,12.0,,False,
2025-01-22T04:00:00.000Z,GR,Greece,GR,396.0,494.0,,13.0,,False,
2025-01-22T05:00:00.000Z,GR,Greece,GR,385.0,481.0,,15.0,,False,
2025-01-22T06:00:00.000Z,GR,Greece,GR,343.0,432.0,,24.0,,False,
2025-01-22T07:00:00.000Z,GR,Greece,GR,276.0,351.0,,40.0,,False,
2025-01-22T08:00:00.000Z,GR,Greece,GR,226.0,292.0,,51.0,,False,
2025-01-22T09:00:00.000Z,GR,Greece,GR,194.0,253.0,,59.0,,False,
2025-01-22T10:00:00.000Z,GR,Greece,GR,185.0,242.0,,61.0,,False,
2025-01-22T11:00:00.000Z,GR,Greece,GR,181.0,237.0,,62.0,,False,
2025-01-22T12:00:00.000Z,GR,Greece,GR,196.0,255.0,,58.0,,False,
2025-01-22T13:00:00.000Z,GR,Greece,GR,231.0,298.0,,50.0,,False,
2025-01-22T14:00:00.000Z,GR,Greece,GR,299.0,378.0,,35.0,,False,
2025-01-22T15:00:00.000Z,GR,Greece,GR,358.0,448.0,,21.0,,False,
2025-01-22T16:00:00.000Z,GR,Greece,GR,357.0,445.0,,22.0,,False,
2025-01-22T17:00:00.000Z,GR,Greece,GR,367.0,455.0,,19.0,,False,
2025-01-22T18:00:00.000Z,GR,Greece,GR,378.0,470.0,,17.0,,False,
2025-01-22T19:00:00.000Z,GR,Greece,GR,377.0,470.0,,17.0,,False,
2025-01-22T20:00:00.000Z,GR,Greece,GR,389.0,488.0,,13.0,,False,
2025-01-22T21:00:00.000Z,GR,Greece,GR,402.0,501.0,,12.0,,False,
2025-01-22T22:00:00.000Z,GR,Greece,GR,410.0,508.0,,12.0,,False,
2025-01-22T23:00:00.000Z,GR,Greece,GR,413.0,513.0,,10.0,,False,
2025-01-23T00:00:00.000Z,GR,Greece,GR,406.0,504.0,,11.0,,False,
2025-01-23T01:00:00.000Z,GR,Greece,GR,404.0,499.0,,13.0,,False,
2025-01-23T02:00:00.000Z,GR,Greece,GR,395.0,489.0,,15.0,,False,
2025-01-23T03:00:00.000Z,GR,Greece,GR,401.0,496.0,,14.0,,False,
2025-01-23T04:00:00.000Z,GR,Greece,GR,394.0,493.0,,13.0,,False,
2025-01-23T05:00:00.000Z,GR,Greece,GR,394.0,490.0,,15.0,,False,
2025-01-23T06:00:00.000Z,GR,Greece,GR,350.0,439.0,,24.0,,False,
2025-01-23T07:00:00.000Z,GR,Greece,GR,258.0,328.0,,46.0,,False,
2025-01-23T08:00:00.000Z,GR,Greece,GR,207.0,266.0,,58.0,,False,
2025-01-23T09:00:00.000Z,GR,Greece,GR,178.0,230.0,,65.0,,False,
2025-01-23T10:00:00.000Z,GR,Greece,GR,160.0,210.0,,68.0,,False,
2025-01-23T11:00:00.000Z,GR,Greece,GR,172.0,224.0,,66.0,,False,
2025-01-23T12:00:00.000Z,GR,Greece,GR,201.0,259.0,,59.0,,False,
2025-01-23T13:00:00.000Z,GR,Greece,GR,238.0,304.0,,50.0,,False,
2025-01-23T14:00:00.000Z,GR,Greece,GR,305.0,384.0,,34.0,,False,
2025-01-23T15:00:00.000Z,GR,Greece,GR,340.0,422.0,,26.0,,False,
2025-01-23T16:00:00.000Z,GR,Greece,GR,332.0,412.0,,27.0,,False,
2025-01-23T17:00:00.000Z,GR,Greece,GR,332.0,411.0,,26.0,,False,
2025-01-23T18:00:00.000Z,GR,Greece,GR,347.0,431.0,,23.0,,False,
2025-01-23T19:00:00.000Z,GR,Greece,GR,362.0,450.0,,20.0,,False,
2025-01-23T20:00:00.000Z,GR,Greece,GR,373.0,466.0,,18.0,,False,
2025-01-23T21:00:00.000Z,GR,Greece,GR,384.0,479.0,,16.0,,False,
2025-01-23T22:00:00.000Z,GR,Greece,GR,403.0,497.0,,14.0,,False,
2025-01-23T23:00:00.000Z,GR,Greece,GR,404.0,501.0,,13.0,,False,
2025-01-24T00:00:00.000Z,GR,Greece,GR,401.0,495.0,,14.0,,False,
2025-01-24T01:00:00.000Z,GR,Greece,GR,410.0,502.0,,14.0,,False,
2025-01-24T02:00:00.000Z,GR,Greece,GR,415.0,508.0,,13.0,,False,
2025-01-24T03:00:00.000Z,GR,Greece,GR,411.0,508.0,,12.0,,False,
2025-01-24T04:00:00.000Z,GR,Greece,GR,402.0,502.0,,11.0,,False,
2025-01-24T05:00:00.000Z,GR,Greece,GR,389.0,486.0,,15.0,,False,
2025-01-24T06:00:00.000Z,GR,Greece,GR,364.0,453.0,,22.0,,False,
2025-01-24T07:00:00.000Z,GR,Greece,GR,311.0,391.0,,33.0,,False,
2025-01-24T08:00:00.000Z,GR,Greece,GR,261.0,331.0,,45.0,,False,
2025-01-24T09:00:00.000Z,GR,Greece,GR,238.0,305.0,,49.0,,False,
2025-01-24T10:00:00.000Z,GR,Greece,GR,221.0,284.0,,54.0,,False,
2025-01-24T11:00:00.000Z,GR,Greece,GR,218.0,280.0,,54.0,,False,
2025-01-24T12:00:00.000Z,GR,Greece,GR,239.0,305.0,,49.0,,False,
2025-01-24T13:00:00.000Z,GR,Greece,GR,274.0,349.0,,41.0,,False,
2025-01-24T14:00:00.000Z,GR,Greece,GR,334.0,421.0,,27.0,,False,
2025-01-24T15:00:00.000Z,GR,Greece,GR,377.0,471.0,,17.0,,False,
2025-01-24T16:00:00.000Z,GR,Greece,GR,369.0,461.0,,17.0,,False,
2025-01-24T17:00:00.000Z,GR,Greece,GR,370.0,461.0,,18.0,,False,
2025-01-24T18:00:00.000Z,GR,Greece,GR,372.0,462.0,,18.0,,False,
2025-01-24T19:00:00.000Z,GR,Greece,GR,377.0,472.0,,16.0,,False,
2025-01-24T20:00:00.000Z,GR,Greece,GR,402.0,502.0,,11.0,,False,
2025-01-24T21:00:00.000Z,GR,Greece,GR,415.0,515.0,,9.0,,False,
2025-01-24T22:00:00.000Z,GR,Greece,GR,423.0,522.0,,8.0,,False,
2025-01-24T23:00:00.000Z,GR,Greece,GR,438.0,532.0,,9.0,,False,
2025-01-25T00:00:00.000Z,GR,Greece,GR,445.0,533.0,,10.0,,False,
2025-01-25T01:00:00.000Z,GR,Greece,GR,442.0,527.0,,11.0,,False,
2025-01-25T02:00:00.000Z,GR,Greece,GR,439.0,522.0,,13.0,,False,
2025-01-25T03:00:00.000Z,GR,Greece,GR,433.0,514.0,,14.0,,False,
2025-01-25T04:00:00.000Z,GR,Greece,GR,414.0,494.0,,17.0,,False,
2025-01-25T05:00:00.000Z,GR,Greece,GR,381.0,461.0,,22.0,,False,
2025-01-25T06:00:00.000Z,GR,Greece,GR,327.0,401.0,,34.0,,False,
2025-01-25T07:00:00.000Z,GR,Greece,GR,229.0,288.0,,54.0,,False,
2025-01-25T08:00:00.000Z,GR,Greece,GR,177.0,229.0,,65.0,,False,
2025-01-25T09:00:00.000Z,GR,Greece,GR,138.0,183.0,,74.0,,False,
2025-01-25T10:00:00.000Z,GR,Greece,GR,127.0,170.0,,76.0,,False,
2025-01-25T11:00:00.000Z,GR,Greece,GR,119.0,159.0,,78.0,,False,
2025-01-25T12:00:00.000Z,GR,Greece,GR,133.0,174.0,,76.0,,False,
2025-01-25T13:00:00.000Z,GR,Greece,GR,168.0,214.0,,69.0,,False,
2025-01-25T14:00:00.000Z,GR,Greece,GR,269.0,337.0,,45.0,,False,
2025-01-25T15:00:00.000Z,GR,Greece,GR,353.0,436.0,,24.0,,False,
2025-01-25T16:00:00.000Z,GR,Greece,GR,351.0,434.0,,23.0,,False,
2025-01-25T17:00:00.000Z,GR,Greece,GR,360.0,445.0,,22.0,,False,
2025-01-25T18:00:00.000Z,GR,Greece,GR,361.0,444.0,,23.0,,False,
2025-01-25T19:00:00.000Z,GR,Greece,GR,362.0,445.0,,24.0,,False,
2025-01-25T20:00:00.000Z,GR,Greece,GR,376.0,462.0,,21.0,,False,
2025-01-25T21:00:00.000Z,GR,Greece,GR,371.0,457.0,,22.0,,False,
2025-01-25T22:00:00.000Z,GR,Greece,GR,356.0,440.0,,24.0,,False,
2025-01-25T23:00:00.000Z,GR,Greece,GR,362.0,444.0,,25.0,,False,
2025-01-26T00:00:00.000Z,GR,Greece,GR,360.0,433.0,,29.0,,False,
2025-01-26T01:00:00.000Z,GR,Greece,GR,363.0,436.0,,28.0,,False,
2025-01-26T02:00:00.000Z,GR,Greece,GR,365.0,439.0,,28.0,,False,
2025-01-26T03:00:00.000Z,GR,Greece,GR,369.0,443.0,,27.0,,False,
2025-01-26T04:00:00.000Z,GR,Greece,GR,386.0,465.0,,23.0,,False,
2025-01-26T05:00:00.000Z,GR,Greece,GR,368.0,443.0,,26.0,,False,
2025-01-26T06:00:00.000Z,GR,Greece,GR,329.0,401.0,,34.0,,False,
2025-01-26T07:00:00.000Z,GR,Greece,GR,288.0,357.0,,42.0,,False,
2025-01-26T08:00:00.000Z,GR,Greece,GR,250.0,312.0,,50.0,,False,
2025-01-26T09:00:00.000Z,GR,Greece,GR,215.0,269.0,,58.0,,False,
2025-01-26T10:00:00.000Z,GR,Greece,GR,214.0,269.0,,58.0,,False,
2025-01-26T11:00:00.000Z,GR,Greece,GR,217.0,273.0,,58.0,,False,
2025-01-26T12:00:00.000Z,GR,Greece,GR,238.0,296.0,,54.0,,False,
2025-01-26T13:00:00.000Z,GR,Greece,GR,271.0,336.0,,46.0,,False,
2025-01-26T14:00:00.000Z,GR,Greece,GR,337.0,415.0,,30.0,,False,
2025-01-26T15:00:00.000Z,GR,Greece,GR,375.0,461.0,,21.0,,False,
2025-01-26T16:00:00.000Z,GR,Greece,GR,369.0,450.0,,22.0,,False,
2025-01-26T17:00:00.000Z,GR,Greece,GR,367.0,446.0,,23.0,,False,
2025-01-26T18:00:00.000Z,GR,Greece,GR,372.0,451.0,,22.0,,False,
2025-01-26T19:00:00.000Z,GR,Greece,GR,375.0,457.0,,22.0,,False,
2025-01-26T20:00:00.000Z,GR,Greece,GR,391.0,474.0,,20.0,,False,
2025-01-26T21:00:00.000Z,GR,Greece,GR,393.0,473.0,,20.0,,False,
2025-01-26T22:00:00.000Z,GR,Greece,GR,390.0,466.0,,22.0,,False,
2025-01-26T23:00:00.000Z,GR,Greece,GR,383.0,451.0,,26.0,,False,
2025-01-27T00:00:00.000Z,GR,Greece,GR,395.0,463.0,,25.0,,False,
2025-01-27T01:00:00.000Z,GR,Greece,GR,395.0,461.0,,26.0,,False,
2025-01-27T02:00:00.000Z,GR,Greece,GR,408.0,475.0,,24.0,,False,
2025-01-27T03:00:00.000Z,GR,Greece,GR,406.0,475.0,,23.0,,False,
2025-01-27T04:00:00.000Z,GR,Greece,GR,403.0,482.0,,20.0,,False,
2025-01-27T05:00:00.000Z,GR,Greece,GR,376.0,467.0,,20.0,,False,
2025-01-27T06:00:00.000Z,GR,Greece,GR,355.0,441.0,,25.0,,False,
2025-01-27T07:00:00.000Z,GR,Greece,GR,299.0,375.0,,37.0,,False,
2025-01-27T08:00:00.000Z,GR,Greece,GR,247.0,314.0,,48.0,,False,
2025-01-27T09:00:00.000Z,GR,Greece,GR,202.0,260.0,,59.0,,False,
2025-01-27T10:00:00.000Z,GR,Greece,GR,173.0,226.0,,65.0,,False,
2025-01-27T11:00:00.000Z,GR,Greece,GR,158.0,208.0,,68.0,,False,
2025-01-27T12:00:00.000Z,GR,Greece,GR,172.0,227.0,,65.0,,False,
2025-01-27T13:00:00.000Z,GR,Greece,GR,216.0,280.0,,54.0,,False,
2025-01-27T14:00:00.000Z,GR,Greece,GR,294.0,371.0,,36.0,,False,
2025-01-27T15:00:00.000Z,GR,Greece,GR,359.0,446.0,,21.0,,False,
2025-01-27T16:00:00.000Z,GR,Greece,GR,376.0,462.0,,20.0,,False,
2025-01-27T17:00:00.000Z,GR,Greece,GR,374.0,459.0,,21.0,,False,
2025-01-27T18:00:00.000Z,GR,Greece,GR,362.0,447.0,,22.0,,False,
2025-01-27T19:00:00.000Z,GR,Greece,GR,361.0,448.0,,21.0,,False,
2025-01-27T20:00:00.000Z,GR,Greece,GR,383.0,474.0,,17.0,,False,
2025-01-27T21:00:00.000Z,GR,Greece,GR,399.0,490.0,,15.0,,False,
2025-01-27T22:00:00.000Z,GR,Greece,GR,407.0,495.0,,15.0,,False,
2025-01-27T23:00:00.000Z,GR,Greece,GR,412.0,492.0,,18.0,,False,
2025-01-28T00:00:00.000Z,GR,Greece,GR,415.0,487.0,,21.0,,False,
2025-01-28T01:00:00.000Z,GR,Greece,GR,413.0,484.0,,22.0,,False,
2025-01-28T02:00:00.000Z,GR,Greece,GR,407.0,474.0,,25.0,,False,
2025-01-28T03:00:00.000Z,GR,Greece,GR,392.0,459.0,,27.0,,False,
2025-01-28T04:00:00.000Z,GR,Greece,GR,377.0,451.0,,27.0,,False,
2025-01-28T05:00:00.000Z,GR,Greece,GR,342.0,420.0,,30.0,,False,
2025-01-28T06:00:00.000Z,GR,Greece,GR,301.0,373.0,,38.0,,False,
2025-01-28T07:00:00.000Z,GR,Greece,GR,260.0,325.0,,47.0,,False,
2025-01-28T08:00:00.000Z,GR,Greece,GR,228.0,289.0,,53.0,,False,
2025-01-28T09:00:00.000Z,GR,Greece,GR,199.0,256.0,,59.0,,False,
2025-01-28T10:00:00.000Z,GR,Greece,GR,183.0,236.0,,63.0,,False,
2025-01-28T11:00:00.000Z,GR,Greece,GR,181.0,234.0,,63.0,,False,
2025-01-28T12:00:00.000Z,GR,Greece,GR,194.0,251.0,,59.0,,False,
2025-01-28T13:00:00.000Z,GR,Greece,GR,219.0,281.0,,53.0,,False,
2025-01-28T14:00:00.000Z,GR,Greece,GR,266.0,338.0,,42.0,,False,
2025-01-28T15:00:00.000Z,GR,Greece,GR,286.0,360.0,,37.0,,False,
2025-01-28T16:00:00.000Z,GR,Greece,GR,279.0,350.0,,39.0,,False,
2025-01-28T17:00:00.000Z,GR,Greece,GR,285.0,355.0,,38.0,,False,
2025-01-28T18:00:00.000Z,GR,Greece,GR,286.0,356.0,,39.0,,False,
2025-01-28T19:00:00.000Z,GR,Greece,GR,289.0,360.0,,38.0,,False,
2025-01-28T20:00:00.000Z,GR,Greece,GR,286.0,357.0,,39.0,,False,
2025-01-28T21:00:00.000Z,GR,Greece,GR,295.0,365.0,,38.0,,False,
2025-01-28T22:00:00.000Z,GR,Greece,GR,301.0,366.0,,39.0,,False,
2025-01-28T23:00:00.000Z,GR,Greece,GR,320.0,385.0,,38.0,,False,
2025-01-29T00:00:00.000Z,GR,Greece,GR,319.0,382.0,,38.0,,False,
2025-01-29T01:00:00.000Z,GR,Greece,GR,320.0,382.0,,38.0,,False,
2025-01-29T02:00:00.000Z,GR,Greece,GR,333.0,398.0,,36.0,,False,
2025-01-29T03:00:00.000Z,GR,Greece,GR,338.0,405.0,,34.0,,False,
2025-01-29T04:00:00.000Z,GR,Greece,GR,335.0,408.0,,32.0,,False,
2025-01-29T05:00:00.000Z,GR,Greece,GR,324.0,398.0,,33.0,,False,
2025-01-29T06:00:00.000Z,GR,Greece,GR,286.0,355.0,,40.0,,False,
2025-01-29T07:00:00.000Z,GR,Greece,GR,239.0,302.0,,50.0,,False,
2025-01-29T08:00:00.000Z,GR,Greece,GR,202.0,258.0,,59.0,,False,
2025-01-29T09:00:00.000Z,GR,Greece,GR,175.0,225.0,,66.0,,False,
2025-01-29T10:00:00.000Z,GR,Greece,GR,156.0,200.0,,71.0,,False,
2025-01-29T11:00:00.000Z,GR,Greece,GR,138.0,187.0,,70.0,,False,
2025-01-29T12:00:00.000Z,GR,Greece,GR,132.0,179.0,,71.0,,False,
2025-01-29T13:00:00.000Z,GR,Greece,GR,174.0,231.0,,60.0,,False,
2025-01-29T14:00:00.000Z,GR,Greece,GR,249.0,320.0,,44.0,,False,
2025-01-29T15:00:00.000Z,GR,Greece,GR,295.0,370.0,,35.0,,False,
2025-01-29T16:00:00.000Z,GR,Greece,GR,291.0,362.0,,36.0,,False,
2025-01-29T17:00:00.000Z,GR,Greece,GR,302.0,374.0,,35.0,,False,
2025-01-29T18:00:00.000Z,GR,Greece,GR,295.0,365.0,,36.0,,False,
2025-01-29T19:00:00.000Z,GR,Greece,GR,296.0,367.0,,36.0,,False,
2025-01-29T20:00:00.000Z,GR,Greece,GR,285.0,355.0,,38.0,,False,
2025-01-29T21:00:00.000Z,GR,Greece,GR,284.0,357.0,,38.0,,False,
2025-01-29T22:00:00.000Z,GR,Greece,GR,276.0,345.0,,41.0,,False,
2025-01-29T23:00:00.000Z,GR,Greece,GR,261.0,321.0,,48.0,,False,
2025-01-30T00:00:00.000Z,GR,Greece,GR,260.0,318.0,,49.0,,False,
2025-01-30T01:00:00.000Z,GR,Greece,GR,253.0,310.0,,50.0,,False,
2025-01-30T02:00:00.000Z,GR,Greece,GR,252.0,309.0,,50.0,,False,
2025-01-30T03:00:00.000Z,GR,Greece,GR,265.0,325.0,,47.0,,False,
2025-01-30T04:00:00.000Z,GR,Greece,GR,287.0,356.0,,40.0,,False,
2025-01-30T05:00:00.000Z,GR,Greece,GR,298.0,368.0,,38.0,,False,
2025-01-30T06:00:00.000Z,GR,Greece,GR,295.0,367.0,,37.0,,False,
2025-01-30T07:00:00.000Z,GR,Greece,GR,278.0,346.0,,41.0,,False,
2025-01-30T08:00:00.000Z,GR,Greece,GR,252.0,316.0,,47.0,,False,
2025-01-30T09:00:00.000Z,GR,Greece,GR,244.0,307.0,,49.0,,False,
2025-01-30T10:00:00.000Z,GR,Greece,GR,234.0,297.0,,51.0,,False,
2025-01-30T11:00:00.000Z,GR,Greece,GR,216.0,275.0,,55.0,,False,
2025-01-30T12:00:00.000Z,GR,Greece,GR,206.0,263.0,,58.0,,False,
2025-01-30T13:00:00.000Z,GR,Greece,GR,244.0,310.0,,49.0,,False,
2025-01-30T14:00:00.000Z,GR,Greece,GR,305.0,383.0,,34.0,,False,
2025-01-30T15:00:00.000Z,GR,Greece,GR,341.0,426.0,,26.0,,False,
2025-01-30T16:00:00.000Z,GR,Greece,GR,343.0,426.0,,26.0,,False,
2025-01-30T17:00:00.000Z,GR,Greece,GR,356.0,440.0,,24.0,,False,
2025-01-30T18:00:00.000Z,GR,Greece,GR,345.0,429.0,,25.0,,False,
2025-01-30T19:00:00.000Z,GR,Greece,GR,356.0,443.0,,22.0,,False,
2025-01-30T20:00:00.000Z,GR,Greece,GR,381.0,470.0,,19.0,,False,
2025-01-30T21:00:00.000Z,GR,Greece,GR,395.0,486.0,,16.0,,False,
2025-01-30T22:00:00.000Z,GR,Greece,GR,392.0,486.0,,15.0,,False,
2025-01-30T23:00:00.000Z,GR,Greece,GR,398.0,493.0,,14.0,,False,
2025-01-31T00:00:00.000Z,GR,Greece,GR,403.0,496.0,,14.0,,False,
2025-01-31T01:00:00.000Z,GR,Greece,GR,408.0,498.0,,14.0,,False,
2025-01-31T02:00:00.000Z,GR,Greece,GR,402.0,493.0,,16.0,,False,
2025-01-31T03:00:00.000Z,GR,Greece,GR,401.0,495.0,,14.0,,False,
2025-01-31T04:00:00.000Z,GR,Greece,GR,390.0,483.0,,16.0,,False,
2025-01-31T05:00:00.000Z,GR,Greece,GR,377.0,467.0,,19.0,,False,
2025-01-31T06:00:00.000Z,GR,Greece,GR,324.0,404.0,,31.0,,False,
2025-01-31T07:00:00.000Z,GR,Greece,GR,247.0,313.0,,48.0,,False,
2025-01-31T08:00:00.000Z,GR,Greece,GR,190.0,245.0,,62.0,,False,
2025-01-31T09:00:00.000Z,GR,Greece,GR,148.0,195.0,,72.0,,False,
2025-01-31T10:00:00.000Z,GR,Greece,GR,139.0,184.0,,74.0,,False,
2025-01-31T11:00:00.000Z,GR,Greece,GR,145.0,193.0,,72.0,,False,
2025-01-31T12:00:00.000Z,GR,Greece,GR,159.0,209.0,,69.0,,False,
2025-01-31T13:00:00.000Z,GR,Greece,GR,199.0,257.0,,59.0,,False,
2025-01-31T14:00:00.000Z,GR,Greece,GR,282.0,355.0,,40.0,,False,
2025-01-31T15:00:00.000Z,GR,Greece,GR,362.0,450.0,,22.0,,False,
2025-01-31T16:00:00.000Z,GR,Greece,GR,364.0,452.0,,20.0,,False,
2025-01-31T17:00:00.000Z,GR,Greece,GR,372.0,462.0,,18.0,,False,
2025-01-31T18:00:00.000Z,GR,Greece,GR,373.0,460.0,,19.0,,False,
2025-01-31T19:00:00.000Z,GR,Greece,GR,383.0,471.0,,17.0,,False,
2025-01-31T20:00:00.000Z,GR,Greece,GR,408.0,505.0,,11.0,,False,
2025-01-31T21:00:00.000Z,GR,Greece,GR,429.0,527.0,,9.0,,False,
2025-01-31T22:00:00.000Z,GR,Greece,GR,437.0,535.0,,7.0,,False,
2025-01-31T23:00:00.000Z,GR,Greece,GR,436.0,536.0,,7.0,,False,
2025-02-01T00:00:00.000Z,GR,Greece,GR,435.0,534.0,,7.0,,False,
2025-02-01T01:00:00.000Z,GR,Greece,GR,432.0,533.0,,7.0,,False,
2025-02-01T02:00:00.000Z,GR,Greece,GR,432.0,532.0,,7.0,,False,
2025-02-01T03:00:00.000Z,GR,Greece,GR,428.0,525.0,,9.0,,False,
2025-02-01T04:00:00.000Z,GR,Greece,GR,415.0,511.0,,11.0,,False,
2025-02-01T05:00:00.000Z,GR,Greece,GR,396.0,484.0,,17.0,,False,
2025-02-01T06:00:00.000Z,GR,Greece,GR,310.0,388.0,,34.0,,False,
2025-02-01T07:00:00.000Z,GR,Greece,GR,222.0,284.0,,54.0,,False,
2025-02-01T08:00:00.000Z,GR,Greece,GR,166.0,215.0,,68.0,,False,
2025-02-01T09:00:00.000Z,GR,Greece,GR,136.0,179.0,,76.0,,False,
2025-02-01T10:00:00.000Z,GR,Greece,GR,130.0,173.0,,77.0,,False,
2025-02-01T11:00:00.000Z,GR,Greece,GR,130.0,171.0,,78.0,,False,
2025-02-01T12:00:00.000Z,GR,Greece,GR,148.0,194.0,,73.0,,False,
2025-02-01T13:00:00.000Z,GR,Greece,GR,202.0,260.0,,59.0,,False,
2025-02-01T14:00:00.000Z,GR,Greece,GR,295.0,372.0,,37.0,,False,
2025-02-01T15:00:00.000Z,GR,Greece,GR,377.0,469.0,,17.0,,False,
2025-02-01T16:00:00.000Z,GR,Greece,GR,376.0,464.0,,18.0,,False,
2025-02-01T17:00:00.000Z,GR,Greece,GR,385.0,473.0,,17.0,,False,
2025-02-01T18:00:00.000Z,GR,Greece,GR,385.0,473.0,,17.0,,False,
2025-02-01T19:00:00.000Z,GR,Greece,GR,389.0,481.0,,15.0,,False,
2025-02-01T20:00:00.000Z,GR,Greece,GR,388.0,483.0,,15.0,,False,
2025-02-01T21:00:00.000Z,GR,Greece,GR,408.0,506.0,,11.0,,False,
2025-02-01T22:00:00.000Z,GR,Greece,GR,409.0,507.0,,10.0,,False,
2025-02-01T23:00:00.000Z,GR,Greece,GR,407.0,506.0,,11.0,,False,
2025-02-02T00:00:00.000Z,GR,Greece,GR,407.0,499.0,,14.0,,False,
2025-02-02T01:00:00.000Z,GR,Greece,GR,405.0,496.0,,15.0,,False,
2025-02-02T02:00:00.000Z,GR,Greece,GR,406.0,499.0,,14.0,,False,
2025-02-02T03:00:00.000Z,GR,Greece,GR,404.0,497.0,,14.0,,False,
2025-02-02T04:00:00.000Z,GR,Greece,GR,400.0,493.0,,15.0,,False,
2025-02-02T05:00:00.000Z,GR,Greece,GR,391.0,483.0,,17.0,,False,
2025-02-02T06:00:00.000Z,GR,Greece,GR,338.0,422.0,,27.0,,False,
2025-02-02T07:00:00.000Z,GR,Greece,GR,278.0,352.0,,40.0,,False,
2025-02-02T08:00:00.000Z,GR,Greece,GR,259.0,331.0,,45.0,,False,
2025-02-02T09:00:00.000Z,GR,Greece,GR,235.0,300.0,,51.0,,False,
2025-02-02T10:00:00.000Z,GR,Greece,GR,226.0,290.0,,53.0,,False,
2025-02-02T11:00:00.000Z,GR,Greece,GR,214.0,275.0,,56.0,,False,
2025-02-02T12:00:00.000Z,GR,Greece,GR,229.0,293.0,,53.0,,False,
2025-02-02T13:00:00.000Z,GR,Greece,GR,254.0,321.0,,48.0,,False,
2025-02-02T14:00:00.000Z,GR,Greece,GR,323.0,404.0,,32.0,,False,
2025-02-02T15:00:00.000Z,GR,Greece,GR,374.0,466.0,,19.0,,False,
2025-02-02T16:00:00.000Z,GR,Greece,GR,358.0,449.0,,21.0,,False,
2025-02-02T17:00:00.000Z,GR,Greece,GR,358.0,448.0,,20.0,,False,
2025-02-02T18:00:00.000Z,GR,Greece,GR,365.0,457.0,,19.0,,False,
2025-02-02T19:00:00.000Z,GR,Greece,GR,383.0,478.0,,16.0,,False,
2025-02-02T20:00:00.000Z,GR,Greece,GR,396.0,492.0,,14.0,,False,
2025-02-02T21:00:00.000Z,GR,Greece,GR,404.0,503.0,,12.0,,False,
2025-02-02T22:00:00.000Z,GR,Greece,GR,401.0,499.0,,12.0,,False,
2025-02-02T23:00:00.000Z,GR,Greece,GR,403.0,504.0,,11.0,,False,
2025-02-03T00:00:00.000Z,GR,Greece,GR,412.0,509.0,,11.0,,False,
2025-02-03T01:00:00.000Z,GR,Greece,GR,416.0,513.0,,11.0,,False,
2025-02-03T02:00:00.000Z,GR,Greece,GR,412.0,509.0,,11.0,,False,
2025-02-03T03:00:00.000Z,GR,Greece,GR,407.0,504.0,,12.0,,False,
2025-02-03T04:00:00.000Z,GR,Greece,GR,397.0,495.0,,13.0,,False,
2025-02-03T05:00:00.000Z,GR,Greece,GR,400.0,497.0,,13.0,,False,
2025-02-03T06:00:00.000Z,GR,Greece,GR,373.0,462.0,,21.0,,False,
2025-02-03T07:00:00.000Z,GR,Greece,GR,328.0,409.0,,31.0,,False,
2025-02-03T08:00:00.000Z,GR,Greece,GR,308.0,386.0,,35.0,,False,
2025-02-03T09:00:00.000Z,GR,Greece,GR,305.0,384.0,,35.0,,False,
2025-02-03T10:00:00.000Z,GR,Greece,GR,286.0,363.0,,39.0,,False,
2025-02-03T11:00:00.000Z,GR,Greece,GR,290.0,368.0,,37.0,,False,
2025-02-03T12:00:00.000Z,GR,Greece,GR,321.0,403.0,,31.0,,False,
2025-02-03T13:00:00.000Z,GR,Greece,GR,353.0,441.0,,24.0,,False,
2025-02-03T14:00:00.000Z,GR,Greece,GR,387.0,481.0,,17.0,,False,
2025-02-03T15:00:00.000Z,GR,Greece,GR,386.0,479.0,,17.0,,False,
2025-02-03T16:00:00.000Z,GR,Greece,GR,356.0,442.0,,23.0,,False,
2025-02-03T17:00:00.000Z,GR,Greece,GR,347.0,426.0,,26.0,,False,
2025-02-03T18:00:00.000Z,GR,Greece,GR,347.0,427.0,,26.0,,False,
2025-02-03T19:00:00.000Z,GR,Greece,GR,362.0,447.0,,23.0,,False,
2025-02-03T20:00:00.000Z,GR,Greece,GR,373.0,463.0,,20.0,,False,
2025-02-03T21:00:00.000Z,GR,Greece,GR,365.0,453.0,,21.0,,False,
2025-02-03T22:00:00.000Z,GR,Greece,GR,368.0,459.0,,20.0,,False,
2025-02-03T23:00:00.000Z,GR,Greece,GR,384.0,478.0,,16.0,,False,
2025-02-04T00:00:00.000Z,GR,Greece,GR,378.0,468.0,,19.0,,False,
2025-02-04T01:00:00.000Z,GR,Greece,GR,369.0,461.0,,19.0,,False,
2025-02-04T02:00:00.000Z,GR,Greece,GR,365.0,457.0,,19.0,,False,
2025-02-04T03:00:00.000Z,GR,Greece,GR,353.0,444.0,,21.0,,False,
2025-02-04T04:00:00.000Z,GR,Greece,GR,326.0,410.0,,28.0,,False,
2025-02-04T05:00:00.000Z,GR,Greece,GR,288.0,363.0,,36.0,,False,
2025-02-04T06:00:00.000Z,GR,Greece,GR,265.0,334.0,,41.0,,False,
2025-02-04T07:00:00.000Z,GR,Greece,GR,238.0,302.0,,48.0,,False,
2025-02-04T08:00:00.000Z,GR,Greece,GR,240.0,302.0,,50.0,,False,
2025-02-04T09:00:00.000Z,GR,Greece,GR,229.0,288.0,,53.0,,False,
2025-02-04T10:00:00.000Z,GR,Greece,GR,222.0,280.0,,55.0,,False,
2025-02-04T11:00:00.000Z,GR,Greece,GR,225.0,284.0,,54.0,,False,
2025-02-04T12:00:00.000Z,GR,Greece,GR,226.0,285.0,,54.0,,False,
2025-02-04T13:00:00.000Z,GR,Greece,GR,237.0,298.0,,51.0,,False,
2025-02-04T14:00:00.000Z,GR,Greece,GR,262.0,328.0,,45.0,,False,
2025-02-04T15:00:00.000Z,GR,Greece,GR,281.0,352.0,,40.0,,False,
2025-02-04T16:00:00.000Z,GR,Greece,GR,276.0,345.0,,41.0,,False,
2025-02-04T17:00:00.000Z,GR,Greece,GR,274.0,340.0,,42.0,,False,
2025-02-04T18:00:00.000Z,GR,Greece,GR,278.0,345.0,,41.0,,False,
2025-02-04T19:00:00.000Z,GR,Greece,GR,291.0,362.0,,38.0,,False,
2025-02-04T20:00:00.000Z,GR,Greece,GR,286.0,359.0,,38.0,,False,
2025-02-04T21:00:00.000Z,GR,Greece,GR,279.0,351.0,,39.0,,False,
2025-02-04T22:00:00.000Z,GR,Greece,GR,263.0,329.0,,44.0,,False,
2025-02-04T23:00:00.000Z,GR,Greece,GR,270.0,337.0,,43.0,,False,
2025-02-05T00:00:00.000Z,GR,Greece,GR,261.0,325.0,,46.0,,False,
2025-02-05T01:00:00.000Z,GR,Greece,GR,257.0,319.0,,47.0,,False,
2025-02-05T02:00:00.000Z,GR,Greece,GR,254.0,316.0,,48.0,,False,
2025-02-05T03:00:00.000Z,GR,Greece,GR,256.0,318.0,,47.0,,False,
2025-02-05T04:00:00.000Z,GR,Greece,GR,263.0,328.0,,45.0,,False,
2025-02-05T05:00:00.000Z,GR,Greece,GR,271.0,337.0,,44.0,,False,
2025-02-05T06:00:00.000Z,GR,Greece,GR,248.0,309.0,,50.0,,False,
2025-02-05T07:00:00.000Z,GR,Greece,GR,200.0,252.0,,60.0,,False,
2025-02-05T08:00:00.000Z,GR,Greece,GR,153.0,198.0,,70.0,,False,
2025-02-05T09:00:00.000Z,GR,Greece,GR,119.0,158.0,,77.0,,False,
2025-02-05T10:00:00.000Z,GR,Greece,GR,129.0,170.0,,76.0,,False,
2025-02-05T11:00:00.000Z,GR,Greece,GR,131.0,170.0,,77.0,,False,
2025-02-05T12:00:00.000Z,GR,Greece,GR,122.0,161.0,,78.0,,False,
2025-02-05T13:00:00.000Z,GR,Greece,GR,146.0,191.0,,71.0,,False,
2025-02-05T14:00:00.000Z,GR,Greece,GR,201.0,257.0,,58.0,,False,
2025-02-05T15:00:00.000Z,GR,Greece,GR,272.0,344.0,,40.0,,False,
2025-02-05T16:00:00.000Z,GR,Greece,GR,279.0,353.0,,38.0,,False,
2025-02-05T17:00:00.000Z,GR,Greece,GR,275.0,349.0,,38.0,,False,
2025-02-05T18:00:00.000Z,GR,Greece,GR,284.0,359.0,,37.0,,False,
2025-02-05T19:00:00.000Z,GR,Greece,GR,299.0,377.0,,34.0,,False,
2025-02-05T20:00:00.000Z,GR,Greece,GR,310.0,389.0,,32.0,,False,
2025-02-05T21:00:00.000Z,GR,Greece,GR,300.0,376.0,,34.0,,False,
2025-02-05T22:00:00.000Z,GR,Greece,GR,291.0,364.0,,37.0,,False,
2025-02-05T23:00:00.000Z,GR,Greece,GR,288.0,361.0,,38.0,,False,
2025-02-06T00:00:00.000Z,GR,Greece,GR,286.0,357.0,,40.0,,False,
2025-02-06T01:00:00.000Z,GR,Greece,GR,297.0,370.0,,37.0,,False,
2025-02-06T02:00:00.000Z,GR,Greece,GR,306.0,382.0,,35.0,,False,
2025-02-06T03:00:00.000Z,GR,Greece,GR,304.0,380.0,,35.0,,False,
2025-02-06T04:00:00.000Z,GR,Greece,GR,298.0,373.0,,36.0,,False,
2025-02-06T05:00:00.000Z,GR,Greece,GR,302.0,377.0,,35.0,,False,
2025-02-06T06:00:00.000Z,GR,Greece,GR,264.0,332.0,,44.0,,False,
2025-02-06T07:00:00.000Z,GR,Greece,GR,205.0,263.0,,57.0,,False,
2025-02-06T08:00:00.000Z,GR,Greece,GR,168.0,217.0,,67.0,,False,
2025-02-06T09:00:00.000Z,GR,Greece,GR,144.0,189.0,,72.0,,False,
2025-02-06T10:00:00.000Z,GR,Greece,GR,152.0,198.0,,70.0,,False,
2025-02-06T11:00:00.000Z,GR,Greece,GR,161.0,209.0,,69.0,,False,
2025-02-06T12:00:00.000Z,GR,Greece,GR,163.0,212.0,,67.0,,False,
2025-02-06T13:00:00.000Z,GR,Greece,GR,190.0,245.0,,61.0,,False,
2025-02-06T14:00:00.000Z,GR,Greece,GR,246.0,314.0,,46.0,,False,
2025-02-06T15:00:00.000Z,GR,Greece,GR,307.0,384.0,,34.0,,False,
2025-02-06T16:00:00.000Z,GR,Greece,GR,300.0,373.0,,35.0,,False,
2025-02-06T17:00:00.000Z,GR,Greece,GR,294.0,364.0,,37.0,,False,
2025-02-06T18:00:00.000Z,GR,Greece,GR,292.0,363.0,,37.0,,False,
2025-02-06T19:00:00.000Z,GR,Greece,GR,297.0,370.0,,37.0,,False,
2025-02-06T20:00:00.000Z,GR,Greece,GR,306.0,380.0,,35.0,,False,
2025-02-06T21:00:00.000Z,GR,Greece,GR,323.0,402.0,,31.0,,False,
2025-02-06T22:00:00.000Z,GR,Greece,GR,311.0,388.0,,33.0,,False,
2025-02-06T23:00:00.000Z,GR,Greece,GR,309.0,387.0,,33.0,,False,
2025-02-07T00:00:00.000Z,GR,Greece,GR,299.0,370.0,,37.0,,False,
2025-02-07T01:00:00.000Z,GR,Greece,GR,288.0,357.0,,40.0,,False,
2025-02-07T02:00:00.000Z,GR,Greece,GR,275.0,339.0,,44.0,,False,
2025-02-07T03:00:00.000Z,GR,Greece,GR,268.0,332.0,,45.0,,False,
2025-02-07T04:00:00.000Z,GR,Greece,GR,279.0,346.0,,42.0,,False,
2025-02-07T05:00:00.000Z,GR,Greece,GR,297.0,369.0,,38.0,,False,
2025-02-07T06:00:00.000Z,GR,Greece,GR,283.0,350.0,,42.0,,False,
2025-02-07T07:00:00.000Z,GR,Greece,GR,251.0,312.0,,49.0,,False,
2025-02-07T08:00:00.000Z,GR,Greece,GR,229.0,287.0,,54.0,,False,
2025-02-07T09:00:00.000Z,GR,Greece,GR,212.0,266.0,,59.0,,False,
2025-02-07T10:00:00.000Z,GR,Greece,GR,206.0,257.0,,61.0,,False,
2025-02-07T11:00:00.000Z,GR,Greece,GR,198.0,247.0,,62.0,,False,
2025-02-07T12:00:00.000Z,GR,Greece,GR,207.0,261.0,,59.0,,False,
2025-02-07T13:00:00.000Z,GR,Greece,GR,223.0,278.0,,57.0,,False,
2025-02-07T14:00:00.000Z,GR,Greece,GR,259.0,321.0,,48.0,,False,
2025-02-07T15:00:00.000Z,GR,Greece,GR,294.0,363.0,,39.0,,False,
2025-02-07T16:00:00.000Z,GR,Greece,GR,282.0,348.0,,41.0,,False,
2025-02-07T17:00:00.000Z,GR,Greece,GR,279.0,347.0,,41.0,,False,
2025-02-07T18:00:00.000Z,GR,Greece,GR,279.0,346.0,,41.0,,False,
2025-02-07T19:00:00.000Z,GR,Greece,GR,291.0,360.0,,39.0,,False,
2025-02-07T20:00:00.000Z,GR,Greece,GR,290.0,361.0,,39.0,,False,
2025-02-07T21:00:00.000Z,GR,Greece,GR,278.0,344.0,,43.0,,False,
2025-02-07T22:00:00.000Z,GR,Greece,GR,254.0,313.0,,49.0,,False,
2025-02-07T23:00:00.000Z,GR,Greece,GR,245.0,298.0,,53.0,,False,
2025-02-08T00:00:00.000Z,GR,Greece,GR,237.0,287.0,,55.0,,False,
2025-02-08T01:00:00.000Z,GR,Greece,GR,221.0,270.0,,56.0,,False,
2025-02-08T02:00:00.000Z,GR,Greece,GR,210.0,261.0,,57.0,,False,
2025-02-08T03:00:00.000Z,GR,Greece,GR,216.0,268.0,,56.0,,False,
2025-02-08T04:00:00.000Z,GR,Greece,GR,221.0,274.0,,55.0,,False,
2025-02-08T05:00:00.000Z,GR,Greece,GR,223.0,277.0,,55.0,,False,
2025-02-08T06:00:00.000Z,GR,Greece,GR,210.0,262.0,,58.0,,False,
2025-02-08T07:00:00.000Z,GR,Greece,GR,173.0,220.0,,66.0,,False,
2025-02-08T08:00:00.000Z,GR,Greece,GR,131.0,170.0,,76.0,,False,
2025-02-08T09:00:00.000Z,GR,Greece,GR,108.0,143.0,,81.0,,False,
2025-02-08T10:00:00.000Z,GR,Greece,GR,113.0,148.0,,80.0,,False,
2025-02-08T11:00:00.000Z,GR,Greece,GR,124.0,161.0,,78.0,,False,
2025-02-08T12:00:00.000Z,GR,Greece,GR,120.0,157.0,,78.0,,False,
2025-02-08T13:00:00.000Z,GR,Greece,GR,144.0,186.0,,72.0,,False,
2025-02-08T14:00:00.000Z,GR,Greece,GR,189.0,242.0,,61.0,,False,
2025-02-08T15:00:00.000Z,GR,Greece,GR,254.0,320.0,,45.0,,False,
2025-02-08T16:00:00.000Z,GR,Greece,GR,262.0,328.0,,44.0,,False,
2025-02-08T17:00:00.000Z,GR,Greece,GR,269.0,334.0,,43.0,,False,
2025-02-08T18:00:00.000Z,GR,Greece,GR,266.0,331.0,,44.0,,False,
2025-02-08T19:00:00.000Z,GR,Greece,GR,273.0,340.0,,43.0,,False,
2025-02-08T20:00:00.000Z,GR,Greece,GR,270.0,338.0,,42.0,,False,
2025-02-08T21:00:00.000Z,GR,Greece,GR,271.0,340.0,,42.0,,False,
2025-02-08T22:00:00.000Z,GR,Greece,GR,264.0,332.0,,43.0,,False,
2025-02-08T23:00:00.000Z,GR,Greece,GR,263.0,328.0,,45.0,,False,
2025-02-09T00:00:00.000Z,GR,Greece,GR,269.0,333.0,,45.0,,False,
2025-02-09T01:00:00.000Z,GR,Greece,GR,268.0,329.0,,46.0,,False,
2025-02-09T02:00:00.000Z,GR,Greece,GR,264.0,324.0,,48.0,,False,
2025-02-09T03:00:00.000Z,GR,Greece,GR,261.0,321.0,,48.0,,False,
2025-02-09T04:00:00.000Z,GR,Greece,GR,257.0,316.0,,49.0,,False,
2025-02-09T05:00:00.000Z,GR,Greece,GR,246.0,303.0,,51.0,,False,
2025-02-09T06:00:00.000Z,GR,Greece,GR,225.0,281.0,,55.0,,False,
2025-02-09T07:00:00.000Z,GR,Greece,GR,184.0,233.0,,64.0,,False,
2025-02-09T08:00:00.000Z,GR,Greece,GR,155.0,197.0,,71.0,,False,
2025-02-09T09:00:00.000Z,GR,Greece,GR,138.0,178.0,,75.0,,False,
2025-02-09T10:00:00.000Z,GR,Greece,GR,136.0,175.0,,76.0,,False,
2025-02-09T11:00:00.000Z,GR,Greece,GR,133.0,171.0,,77.0,,False,
2025-02-09T12:00:00.000Z,GR,Greece,GR,129.0,165.0,,78.0,,False,
2025-02-09T13:00:00.000Z,GR,Greece,GR,154.0,197.0,,71.0,,False,
2025-02-09T14:00:00.000Z,GR,Greece,GR,211.0,268.0,,56.0,,False,
2025-02-09T15:00:00.000Z,GR,Greece,GR,283.0,355.0,,39.0,,False,
2025-02-09T16:00:00.000Z,GR,Greece,GR,290.0,360.0,,38.0,,False,
2025-02-09T17:00:00.000Z,GR,Greece,GR,281.0,348.0,,40.0,,False,
2025-02-09T18:00:00.000Z,GR,Greece,GR,271.0,338.0,,41.0,,False,
2025-02-09T19:00:00.000Z,GR,Greece,GR,281.0,350.0,,39.0,,False,
2025-02-09T20:00:00.000Z,GR,Greece,GR,293.0,366.0,,37.0,,False,
2025-02-09T21:00:00.000Z,GR,Greece,GR,293.0,368.0,,37.0,,False,
2025-02-09T22:00:00.000Z,GR,Greece,GR,285.0,355.0,,39.0,,False,
2025-02-09T23:00:00.000Z,GR,Greece,GR,286.0,357.0,,39.0,,False,
2025-02-10T00:00:00.000Z,GR,Greece,GR,286.0,356.0,,40.0,,False,
2025-02-10T01:00:00.000Z,GR,Greece,GR,289.0,360.0,,39.0,,False,
2025-02-10T02:00:00.000Z,GR,Greece,GR,289.0,359.0,,39.0,,False,
2025-02-10T03:00:00.000Z,GR,Greece,GR,286.0,355.0,,40.0,,False,
2025-02-10T04:00:00.000Z,GR,Greece,GR,287.0,359.0,,38.0,,False,
2025-02-10T05:00:00.000Z,GR,Greece,GR,290.0,364.0,,37.0,,False,
2025-02-10T06:00:00.000Z,GR,Greece,GR,279.0,352.0,,39.0,,False,
2025-02-10T07:00:00.000Z,GR,Greece,GR,245.0,312.0,,47.0,,False,
2025-02-10T08:00:00.000Z,GR,Greece,GR,202.0,259.0,,58.0,,False,
2025-02-10T09:00:00.000Z,GR,Greece,GR,151.0,198.0,,70.0,,False,
2025-02-10T10:00:00.000Z,GR,Greece,GR,156.0,205.0,,68.0,,False,
2025-02-10T11:00:00.000Z,GR,Greece,GR,163.0,214.0,,66.0,,False,
2025-02-10T12:00:00.000Z,GR,Greece,GR,171.0,224.0,,64.0,,False,
2025-02-10T13:00:00.000Z,GR,Greece,GR,198.0,256.0,,58.0,,False,
2025-02-10T14:00:00.000Z,GR,Greece,GR,253.0,324.0,,44.0,,False,
2025-02-10T15:00:00.000Z,GR,Greece,GR,302.0,382.0,,33.0,,False,
2025-02-10T16:00:00.000Z,GR,Greece,GR,318.0,400.0,,29.0,,False,
2025-02-10T17:00:00.000Z,GR,Greece,GR,320.0,400.0,,30.0,,False,
2025-02-10T18:00:00.000Z,GR,Greece,GR,317.0,398.0,,30.0,,False,
2025-02-10T19:00:00.000Z,GR,Greece,GR,320.0,403.0,,29.0,,False,
2025-02-10T20:00:00.000Z,GR,Greece,GR,325.0,410.0,,27.0,,False,
2025-02-10T21:00:00.000Z,GR,Greece,GR,343.0,430.0,,24.0,,False,
2025-02-10T22:00:00.000Z,GR,Greece,GR,346.0,433.0,,24.0,,False,
2025-02-10T23:00:00.000Z,GR,Greece,GR,351.0,436.0,,25.0,,False,
2025-02-11T00:00:00.000Z,GR,Greece,GR,336.0,416.0,,29.0,,False,
2025-02-11T01:00:00.000Z,GR,Greece,GR,318.0,392.0,,34.0,,False,
2025-02-11T02:00:00.000Z,GR,Greece,GR,317.0,389.0,,35.0,,False,
2025-02-11T03:00:00.000Z,GR,Greece,GR,316.0,391.0,,34.0,,False,
2025-02-11T04:00:00.000Z,GR,Greece,GR,316.0,393.0,,33.0,,False,
2025-02-11T05:00:00.000Z,GR,Greece,GR,311.0,389.0,,32.0,,False,
2025-02-11T06:00:00.000Z,GR,Greece,GR,267.0,338.0,,42.0,,False,
2025-02-11T07:00:00.000Z,GR,Greece,GR,213.0,275.0,,54.0,,False,
2025-02-11T08:00:00.000Z,GR,Greece,GR,172.0,224.0,,64.0,,False,
2025-02-11T09:00:00.000Z,GR,Greece,GR,146.0,192.0,,71.0,,False,
2025-02-11T10:00:00.000Z,GR,Greece,GR,143.0,187.0,,73.0,,False,
2025-02-11T11:00:00.000Z,GR,Greece,GR,146.0,190.0,,72.0,,False,
2025-02-11T12:00:00.000Z,GR,Greece,GR,165.0,213.0,,67.0,,False,
2025-02-11T13:00:00.000Z,GR,Greece,GR,205.0,263.0,,57.0,,False,
2025-02-11T14:00:00.000Z,GR,Greece,GR,271.0,342.0,,42.0,,False,
2025-02-11T15:00:00.000Z,GR,Greece,GR,318.0,396.0,,30.0,,False,
2025-02-11T16:00:00.000Z,GR,Greece,GR,322.0,401.0,,29.0,,False,
2025-02-11T17:00:00.000Z,GR,Greece,GR,327.0,405.0,,29.0,,False,
2025-02-11T18:00:00.000Z,GR,Greece,GR,320.0,398.0,,29.0,,False,
2025-02-11T19:00:00.000Z,GR,Greece,GR,321.0,399.0,,29.0,,False,
2025-02-11T20:00:00.000Z,GR,Greece,GR,334.0,418.0,,26.0,,False,
2025-02-11T21:00:00.000Z,GR,Greece,GR,348.0,437.0,,23.0,,False,
2025-02-11T22:00:00.000Z,GR,Greece,GR,339.0,425.0,,25.0,,False,
2025-02-11T23:00:00.000Z,GR,Greece,GR,349.0,433.0,,25.0,,False,
2025-02-12T00:00:00.000Z,GR,Greece,GR,347.0,428.0,,27.0,,False,
2025-02-12T01:00:00.000Z,GR,Greece,GR,347.0,428.0,,27.0,,False,
2025-02-12T02:00:00.000Z,GR,Greece,GR,344.0,426.0,,27.0,,False,
2025-02-12T03:00:00.000Z,GR,Greece,GR,342.0,425.0,,27.0,,False,
2025-02-12T04:00:00.000Z,GR,Greece,GR,339.0,424.0,,26.0,,False,
2025-02-12T05:00:00.000Z,GR,Greece,GR,321.0,405.0,,28.0,,False,
2025-02-12T06:00:00.000Z,GR,Greece,GR,291.0,369.0,,35.0,,False,
2025-02-12T07:00:00.000Z,GR,Greece,GR,263.0,335.0,,41.0,,False,
2025-02-12T08:00:00.000Z,GR,Greece,GR,246.0,315.0,,46.0,,False,
2025-02-12T09:00:00.000Z,GR,Greece,GR,232.0,299.0,,49.0,,False,
2025-02-12T10:00:00.000Z,GR,Greece,GR,241.0,309.0,,48.0,,False,
2025-02-12T11:00:00.000Z,GR,Greece,GR,249.0,319.0,,46.0,,False,
2025-02-12T12:00:00.000Z,GR,Greece,GR,268.0,342.0,,41.0,,False,
2025-02-12T13:00:00.000Z,GR,Greece,GR,288.0,368.0,,35.0,,False,
2025-02-12T14:00:00.000Z,GR,Greece,GR,311.0,395.0,,30.0,,False,
2025-02-12T15:00:00.000Z,GR,Greece,GR,329.0,416.0,,25.0,,False,
2025-02-12T16:00:00.000Z,GR,Greece,GR,331.0,415.0,,25.0,,False,
2025-02-12T17:00:00.000Z,GR,Greece,GR,338.0,423.0,,24.0,,False,
2025-02-12T18:00:00.000Z,GR,Greece,GR,342.0,428.0,,23.0,,False,
2025-02-12T19:00:00.000Z,GR,Greece,GR,359.0,450.0,,19.0,,False,
2025-02-12T20:00:00.000Z,GR,Greece,GR,378.0,475.0,,15.0,,False,
2025-02-12T21:00:00.000Z,GR,Greece,GR,394.0,494.0,,12.0,,False,
2025-02-12T22:00:00.000Z,GR,Greece,GR,403.0,506.0,,10.0,,False,
2025-02-12T23:00:00.000Z,GR,Greece,GR,423.0,523.0,,9.0,,False,
2025-02-13T00:00:00.000Z,GR,Greece,GR,442.0,535.0,,10.0,,False,
2025-02-13T01:00:00.000Z,GR,Greece,GR,453.0,543.0,,11.0,,False,
2025-02-13T02:00:00.000Z,GR,Greece,GR,459.0,548.0,,11.0,,False,
2025-02-13T03:00:00.000Z,GR,Greece,GR,459.0,549.0,,11.0,,False,
2025-02-13T04:00:00.000Z,GR,Greece,GR,428.0,526.0,,10.0,,False,
2025-02-13T05:00:00.000Z,GR,Greece,GR,404.0,499.0,,14.0,,False,
2025-02-13T06:00:00.000Z,GR,Greece,GR,348.0,431.0,,26.0,,False,
2025-02-13T07:00:00.000Z,GR,Greece,GR,330.0,411.0,,30.0,,False,
2025-02-13T08:00:00.000Z,GR,Greece,GR,310.0,389.0,,34.0,,False,
2025-02-13T09:00:00.000Z,GR,Greece,GR,306.0,385.0,,35.0,,False,
2025-02-13T10:00:00.000Z,GR,Greece,GR,302.0,382.0,,35.0,,False,
2025-02-13T11:00:00.000Z,GR,Greece,GR,306.0,385.0,,35.0,,False,
2025-02-13T12:00:00.000Z,GR,Greece,GR,331.0,416.0,,29.0,,False,
2025-02-13T13:00:00.000Z,GR,Greece,GR,365.0,456.0,,21.0,,False,
2025-02-13T14:00:00.000Z,GR,Greece,GR,394.0,490.0,,15.0,,False,
2025-02-13T15:00:00.000Z,GR,Greece,GR,395.0,489.0,,15.0,,False,
2025-02-13T16:00:00.000Z,GR,Greece,GR,374.0,463.0,,20.0,,False,
2025-02-13T17:00:00.000Z,GR,Greece,GR,368.0,455.0,,21.0,,False,
2025-02-13T18:00:00.000Z,GR,Greece,GR,373.0,459.0,,20.0,,False,
2025-02-13T19:00:00.000Z,GR,Greece,GR,391.0,485.0,,16.0,,False,
2025-02-13T20:00:00.000Z,GR,Greece,GR,402.0,498.0,,14.0,,False,
2025-02-13T21:00:00.000Z,GR,Greece,GR,402.0,496.0,,15.0,,False,
2025-02-13T22:00:00.000Z,GR,Greece,GR,382.0,475.0,,16.0,,False,
2025-02-13T23:00:00.000Z,GR,Greece,GR,363.0,452.0,,20.0,,False,
2025-02-14T00:00:00.000Z,GR,Greece,GR,371.0,456.0,,20.0,,False,
2025-02-14T01:00:00.000Z,GR,Greece,GR,374.0,461.0,,20.0,,False,
2025-02-14T02:00:00.000Z,GR,Greece,GR,377.0,464.0,,19.0,,False,
2025-02-14T03:00:00.000Z,GR,Greece,GR,383.0,471.0,,18.0,,False,
2025-02-14T04:00:00.000Z,GR,Greece,GR,366.0,457.0,,19.0,,False,
2025-02-14T05:00:00.000Z,GR,Greece,GR,343.0,436.0,,20.0,,False,
2025-02-14T06:00:00.000Z,GR,Greece,GR,314.0,403.0,,25.0,,False,
2025-02-14T07:00:00.000Z,GR,Greece,GR,290.0,375.0,,31.0,,False,
2025-02-14T08:00:00.000Z,GR,Greece,GR,276.0,357.0,,34.0,,False,
2025-02-14T09:00:00.000Z,GR,Greece,GR,267.0,347.0,,37.0,,False,
2025-02-14T10:00:00.000Z,GR,Greece,GR,262.0,341.0,,39.0,,False,
2025-02-14T11:00:00.000Z,GR,Greece,GR,268.0,349.0,,36.0,,False,
2025-02-14T12:00:00.000Z,GR,Greece,GR,270.0,352.0,,36.0,,False,
2025-02-14T13:00:00.000Z,GR,Greece,GR,282.0,368.0,,32.0,,False,
2025-02-14T14:00:00.000Z,GR,Greece,GR,301.0,390.0,,27.0,,False,
2025-02-14T15:00:00.000Z,GR,Greece,GR,314.0,404.0,,24.0,,False,
2025-02-14T16:00:00.000Z,GR,Greece,GR,312.0,399.0,,25.0,,False,
2025-02-14T17:00:00.000Z,GR,Greece,GR,307.0,394.0,,26.0,,False,
2025-02-14T18:00:00.000Z,GR,Greece,GR,308.0,395.0,,26.0,,False,
2025-02-14T19:00:00.000Z,GR,Greece,GR,314.0,403.0,,25.0,,False,
2025-02-14T20:00:00.000Z,GR,Greece,GR,331.0,424.0,,21.0,,False,
2025-02-14T21:00:00.000Z,GR,Greece,GR,324.0,414.0,,24.0,,False,
2025-02-14T22:00:00.000Z,GR,Greece,GR,326.0,414.0,,24.0,,False,
2025-02-14T23:00:00.000Z,GR,Greece,GR,321.0,408.0,,26.0,,False,
2025-02-15T00:00:00.000Z,GR,Greece,GR,340.0,424.0,,24.0,,False,
2025-02-15T01:00:00.000Z,GR,Greece,GR,351.0,429.0,,26.0,,False,
2025-02-15T02:00:00.000Z,GR,Greece,GR,355.0,433.0,,26.0,,False,
2025-02-15T03:00:00.000Z,GR,Greece,GR,351.0,429.0,,26.0,,False,
2025-02-15T04:00:00.000Z,GR,Greece,GR,347.0,423.0,,28.0,,False,
2025-02-15T05:00:00.000Z,GR,Greece,GR,334.0,409.0,,30.0,,False,
2025-02-15T06:00:00.000Z,GR,Greece,GR,288.0,360.0,,38.0,,False,
2025-02-15T07:00:00.000Z,GR,Greece,GR,221.0,282.0,,52.0,,False,
2025-02-15T08:00:00.000Z,GR,Greece,GR,193.0,251.0,,57.0,,False,
2025-02-15T09:00:00.000Z,GR,Greece,GR,183.0,240.0,,60.0,,False,
2025-02-15T10:00:00.000Z,GR,Greece,GR,188.0,248.0,,59.0,,False,
2025-02-15T11:00:00.000Z,GR,Greece,GR,185.0,244.0,,59.0,,False,
2025-02-15T12:00:00.000Z,GR,Greece,GR,207.0,273.0,,53.0,,False,
2025-02-15T13:00:00.000Z,GR,Greece,GR,233.0,305.0,,46.0,,False,
2025-02-15T14:00:00.000Z,GR,Greece,GR,269.0,349.0,,37.0,,False,
2025-02-15T15:00:00.000Z,GR,Greece,GR,306.0,393.0,,28.0,,False,
2025-02-15T16:00:00.000Z,GR,Greece,GR,300.0,383.0,,30.0,,False,
2025-02-15T17:00:00.000Z,GR,Greece,GR,304.0,388.0,,29.0,,False,
2025-02-15T18:00:00.000Z,GR,Greece,GR,305.0,391.0,,28.0,,False,
2025-02-15T19:00:00.000Z,GR,Greece,GR,317.0,406.0,,25.0,,False,
2025-02-15T20:00:00.000Z,GR,Greece,GR,329.0,421.0,,23.0,,False,
2025-02-15T21:00:00.000Z,GR,Greece,GR,330.0,420.0,,24.0,,False,
2025-02-15T22:00:00.000Z,GR,Greece,GR,333.0,422.0,,24.0,,False,
2025-02-15T23:00:00.000Z,GR,Greece,GR,345.0,432.0,,23.0,,False,
2025-02-16T00:00:00.000Z,GR,Greece,GR,363.0,445.0,,23.0,,False,
2025-02-16T01:00:00.000Z,GR,Greece,GR,370.0,453.0,,22.0,,False,
2025-02-16T02:00:00.000Z,GR,Greece,GR,368.0,449.0,,23.0,,False,
2025-02-16T03:00:00.000Z,GR,Greece,GR,361.0,442.0,,24.0,,False,
2025-02-16T04:00:00.000Z,GR,Greece,GR,335.0,420.0,,26.0,,False,
2025-02-16T05:00:00.000Z,GR,Greece,GR,331.0,413.0,,28.0,,False,
2025-02-16T06:00:00.000Z,GR,Greece,GR,305.0,388.0,,30.0,,False,
2025-02-16T07:00:00.000Z,GR,Greece,GR,289.0,369.0,,34.0,,False,
2025-02-16T08:00:00.000Z,GR,Greece,GR,267.0,343.0,,39.0,,False,
2025-02-16T09:00:00.000Z,GR,Greece,GR,258.0,333.0,,41.0,,False,
2025-02-16T10:00:00.000Z,GR,Greece,GR,256.0,331.0,,41.0,,False,
2025-02-16T11:00:00.000Z,GR,Greece,GR,261.0,337.0,,40.0,,False,
2025-02-16T12:00:00.000Z,GR,Greece,GR,278.0,358.0,,36.0,,False,
2025-02-16T13:00:00.000Z,GR,Greece,GR,289.0,371.0,,34.0,,False,
2025-02-16T14:00:00.000Z,GR,Greece,GR,305.0,390.0,,30.0,,False,
2025-02-16T15:00:00.000Z,GR,Greece,GR,324.0,415.0,,24.0,,False,
2025-02-16T16:00:00.000Z,GR,Greece,GR,317.0,404.0,,26.0,,False,
2025-02-16T17:00:00.000Z,GR,Greece,GR,326.0,415.0,,23.0,,False,
2025-02-16T18:00:00.000Z,GR,Greece,GR,346.0,439.0,,19.0,,False,
2025-02-16T19:00:00.000Z,GR,Greece,GR,366.0,468.0,,13.0,,False,
2025-02-16T20:00:00.000Z,GR,Greece,GR,384.0,487.0,,11.0,,False,
2025-02-16T21:00:00.000Z,GR,Greece,GR,389.0,488.0,,11.0,,False,
2025-02-16T22:00:00.000Z,GR,Greece,GR,409.0,507.0,,9.0,,False,
2025-02-16T23:00:00.000Z,GR,Greece,GR,413.0,511.0,,8.0,,False,
2025-02-17T00:00:00.000Z,GR,Greece,GR,421.0,516.0,,9.0,,False,
2025-02-17T01:00:00.000Z,GR,Greece,GR,423.0,517.0,,9.0,,False,
2025-02-17T02:00:00.000Z,GR,Greece,GR,417.0,513.0,,9.0,,False,
2025-02-17T03:00:00.000Z,GR,Greece,GR,419.0,514.0,,10.0,,False,
2025-02-17T04:00:00.000Z,GR,Greece,GR,392.0,494.0,,10.0,,False,
2025-02-17T05:00:00.000Z,GR,Greece,GR,373.0,475.0,,12.0,,False,
2025-02-17T06:00:00.000Z,GR,Greece,GR,331.0,426.0,,22.0,,False,
2025-02-17T07:00:00.000Z,GR,Greece,GR,287.0,371.0,,33.0,,False,
2025-02-17T08:00:00.000Z,GR,Greece,GR,236.0,310.0,,45.0,,False,
2025-02-17T09:00:00.000Z,GR,Greece,GR,198.0,263.0,,55.0,,False,
2025-02-17T10:00:00.000Z,GR,Greece,GR,190.0,252.0,,57.0,,False,
2025-02-17T11:00:00.000Z,GR,Greece,GR,225.0,292.0,,51.0,,False,
2025-02-17T12:00:00.000Z,GR,Greece,GR,263.0,337.0,,42.0,,False,
2025-02-17T13:00:00.000Z,GR,Greece,GR,291.0,371.0,,36.0,,False,
2025-02-17T14:00:00.000Z,GR,Greece,GR,313.0,397.0,,30.0,,False,
2025-02-17T15:00:00.000Z,GR,Greece,GR,354.0,444.0,,21.0,,False,
2025-02-17T16:00:00.000Z,GR,Greece,GR,354.0,442.0,,22.0,,False,
2025-02-17T17:00:00.000Z,GR,Greece,GR,361.0,448.0,,21.0,,False,
2025-02-17T18:00:00.000Z,GR,Greece,GR,369.0,459.0,,19.0,,False,
2025-02-17T19:00:00.000Z,GR,Greece,GR,383.0,475.0,,16.0,,False,
2025-02-17T20:00:00.000Z,GR,Greece,GR,400.0,496.0,,13.0,,False,
2025-02-17T21:00:00.000Z,GR,Greece,GR,416.0,515.0,,11.0,,False,
2025-02-17T22:00:00.000Z,GR,Greece,GR,423.0,523.0,,10.0,,False,
2025-02-17T23:00:00.000Z,GR,Greece,GR,427.0,530.0,,7.0,,False,
2025-02-18T00:00:00.000Z,GR,Greece,GR,424.0,526.0,,7.0,,False,
2025-02-18T01:00:00.000Z,GR,Greece,GR,423.0,523.0,,8.0,,False,
2025-02-18T02:00:00.000Z,GR,Greece,GR,416.0,514.0,,10.0,,False,
2025-02-18T03:00:00.000Z,GR,Greece,GR,402.0,500.0,,12.0,,False,
2025-02-18T04:00:00.000Z,GR,Greece,GR,387.0,485.0,,13.0,,False,
2025-02-18T05:00:00.000Z,GR,Greece,GR,383.0,480.0,,14.0,,False,
2025-02-18T06:00:00.000Z,GR,Greece,GR,350.0,442.0,,21.0,,False,
2025-02-18T07:00:00.000Z,GR,Greece,GR,317.0,403.0,,29.0,,False,
2025-02-18T08:00:00.000Z,GR,Greece,GR,286.0,366.0,,36.0,,False,
2025-02-18T09:00:00.000Z,GR,Greece,GR,268.0,345.0,,40.0,,False,
2025-02-18T10:00:00.000Z,GR,Greece,GR,265.0,339.0,,42.0,,False,
2025-02-18T11:00:00.000Z,GR,Greece,GR,268.0,343.0,,42.0,,False,
2025-02-18T12:00:00.000Z,GR,Greece,GR,277.0,352.0,,40.0,,False,
2025-02-18T13:00:00.000Z,GR,Greece,GR,297.0,377.0,,35.0,,False,
2025-02-18T14:00:00.000Z,GR,Greece,GR,325.0,413.0,,27.0,,False,
2025-02-18T15:00:00.000Z,GR,Greece,GR,352.0,443.0,,20.0,,False,
2025-02-18T16:00:00.000Z,GR,Greece,GR,351.0,442.0,,20.0,,False,
2025-02-18T17:00:00.000Z,GR,Greece,GR,351.0,442.0,,20.0,,False,
2025-02-18T18:00:00.000Z,GR,Greece,GR,359.0,452.0,,18.0,,False,
2025-02-18T19:00:00.000Z,GR,Greece,GR,383.0,479.0,,14.0,,False,
2025-02-18T20:00:00.000Z,GR,Greece,GR,408.0,508.0,,10.0,,False,
2025-02-18T21:00:00.000Z,GR,Greece,GR,413.0,514.0,,9.0,,False,
2025-02-18T22:00:00.000Z,GR,Greece,GR,403.0,503.0,,11.0,,False,
2025-02-18T23:00:00.000Z,GR,Greece,GR,399.0,499.0,,11.0,,False,
2025-02-19T00:00:00.000Z,GR,Greece,GR,400.0,500.0,,12.0,,False,
2025-02-19T01:00:00.000Z,GR,Greece,GR,394.0,493.0,,13.0,,False,
2025-02-19T02:00:00.000Z,GR,Greece,GR,387.0,484.0,,15.0,,False,
2025-02-19T03:00:00.000Z,GR,Greece,GR,378.0,473.0,,17.0,,False,
2025-02-19T04:00:00.000Z,GR,Greece,GR,351.0,439.0,,23.0,,False,
2025-02-19T05:00:00.000Z,GR,Greece,GR,328.0,413.0,,27.0,,False,
2025-02-19T06:00:00.000Z,GR,Greece,GR,296.0,375.0,,34.0,,False,
2025-02-19T07:00:00.000Z,GR,Greece,GR,259.0,331.0,,42.0,,False,
2025-02-19T08:00:00.000Z,GR,Greece,GR,225.0,290.0,,50.0,,False,
2025-02-19T09:00:00.000Z,GR,Greece,GR,180.0,234.0,,62.0,,False,
2025-02-19T10:00:00.000Z,GR,Greece,GR,160.0,209.0,,68.0,,False,
2025-02-19T11:00:00.000Z,GR,Greece,GR,146.0,192.0,,71.0,,False,
2025-02-19T12:00:00.000Z,GR,Greece,GR,150.0,197.0,,69.0,,False,
2025-02-19T13:00:00.000Z,GR,Greece,GR,168.0,218.0,,65.0,,False,
2025-02-19T14:00:00.000Z,GR,Greece,GR,208.0,267.0,,55.0,,False,
2025-02-19T15:00:00.000Z,GR,Greece,GR,264.0,334.0,,41.0,,False,
2025-02-19T16:00:00.000Z,GR,Greece,GR,280.0,354.0,,37.0,,False,
2025-02-19T17:00:00.000Z,GR,Greece,GR,273.0,345.0,,38.0,,False,
2025-02-19T18:00:00.000Z,GR,Greece,GR,276.0,347.0,,38.0,,False,
2025-02-19T19:00:00.000Z,GR,Greece,GR,285.0,360.0,,36.0,,False,
2025-02-19T20:00:00.000Z,GR,Greece,GR,300.0,377.0,,33.0,,False,
2025-02-19T21:00:00.000Z,GR,Greece,GR,295.0,375.0,,32.0,,False,
2025-02-19T22:00:00.000Z,GR,Greece,GR,281.0,361.0,,34.0,,False,
2025-02-19T23:00:00.000Z,GR,Greece,GR,285.0,366.0,,33.0,,False,
2025-02-20T00:00:00.000Z,GR,Greece,GR,278.0,355.0,,36.0,,False,
2025-02-20T01:00:00.000Z,GR,Greece,GR,279.0,357.0,,36.0,,False,
2025-02-20T02:00:00.000Z,GR,Greece,GR,283.0,362.0,,35.0,,False,
2025-02-20T03:00:00.000Z,GR,Greece,GR,289.0,370.0,,33.0,,False,
2025-02-20T04:00:00.000Z,GR,Greece,GR,287.0,369.0,,32.0,,False,
2025-02-20T05:00:00.000Z,GR,Greece,GR,270.0,348.0,,36.0,,False,
2025-02-20T06:00:00.000Z,GR,Greece,GR,232.0,302.0,,45.0,,False,
2025-02-20T07:00:00.000Z,GR,Greece,GR,201.0,266.0,,53.0,,False,
2025-02-20T08:00:00.000Z,GR,Greece,GR,168.0,225.0,,61.0,,False,
2025-02-20T09:00:00.000Z,GR,Greece,GR,136.0,184.0,,70.0,,False,
2025-02-20T10:00:00.000Z,GR,Greece,GR,142.0,191.0,,69.0,,False,
2025-02-20T11:00:00.000Z,GR,Greece,GR,136.0,185.0,,70.0,,False,
2025-02-20T12:00:00.000Z,GR,Greece,GR,141.0,190.0,,69.0,,False,
2025-02-20T13:00:00.000Z,GR,Greece,GR,168.0,222.0,,63.0,,False,
2025-02-20T14:00:00.000Z,GR,Greece,GR,224.0,293.0,,47.0,,False,
2025-02-20T15:00:00.000Z,GR,Greece,GR,273.0,351.0,,35.0,,False,
2025-02-20T16:00:00.000Z,GR,Greece,GR,289.0,370.0,,31.0,,False,
2025-02-20T17:00:00.000Z,GR,Greece,GR,289.0,370.0,,31.0,,False,
2025-02-20T18:00:00.000Z,GR,Greece,GR,297.0,381.0,,29.0,,False,
2025-02-20T19:00:00.000Z,GR,Greece,GR,296.0,380.0,,30.0,,False,
2025-02-20T20:00:00.000Z,GR,Greece,GR,304.0,390.0,,28.0,,False,
2025-02-20T21:00:00.000Z,GR,Greece,GR,315.0,405.0,,25.0,,False,
2025-02-20T22:00:00.000Z,GR,Greece,GR,315.0,404.0,,25.0,,False,
2025-02-20T23:00:00.000Z,GR,Greece,GR,321.0,410.0,,25.0,,False,
2025-02-21T00:00:00.000Z,GR,Greece,GR,315.0,401.0,,28.0,,False,
2025-02-21T01:00:00.000Z,GR,Greece,GR,322.0,406.0,,27.0,,False,
2025-02-21T02:00:00.000Z,GR,Greece,GR,313.0,396.0,,29.0,,False,
2025-02-21T03:00:00.000Z,GR,Greece,GR,309.0,394.0,,28.0,,False,
2025-02-21T04:00:00.000Z,GR,Greece,GR,306.0,392.0,,28.0,,False,
2025-02-21T05:00:00.000Z,GR,Greece,GR,292.0,375.0,,32.0,,False,
2025-02-21T06:00:00.000Z,GR,Greece,GR,245.0,319.0,,42.0,,False,
2025-02-21T07:00:00.000Z,GR,Greece,GR,205.0,270.0,,52.0,,False,
2025-02-21T08:00:00.000Z,GR,Greece,GR,168.0,225.0,,61.0,,False,
2025-02-21T09:00:00.000Z,GR,Greece,GR,133.0,179.0,,72.0,,False,
2025-02-21T10:00:00.000Z,GR,Greece,GR,130.0,173.0,,73.0,,False,
2025-02-21T11:00:00.000Z,GR,Greece,GR,124.0,166.0,,75.0,,False,
2025-02-21T12:00:00.000Z,GR,Greece,GR,122.0,163.0,,75.0,,False,
2025-02-21T13:00:00.000Z,GR,Greece,GR,144.0,192.0,,69.0,,False,
2025-02-21T14:00:00.000Z,GR,Greece,GR,188.0,247.0,,57.0,,False,
2025-02-21T15:00:00.000Z,GR,Greece,GR,239.0,308.0,,44.0,,False,
2025-02-21T16:00:00.000Z,GR,Greece,GR,261.0,334.0,,38.0,,False,
2025-02-21T17:00:00.000Z,GR,Greece,GR,262.0,334.0,,38.0,,False,
2025-02-21T18:00:00.000Z,GR,Greece,GR,274.0,348.0,,36.0,,False,
2025-02-21T19:00:00.000Z,GR,Greece,GR,272.0,345.0,,36.0,,False,
2025-02-21T20:00:00.000Z,GR,Greece,GR,272.0,347.0,,36.0,,False,
2025-02-21T21:00:00.000Z,GR,Greece,GR,280.0,358.0,,35.0,,False,
2025-02-21T22:00:00.000Z,GR,Greece,GR,274.0,351.0,,37.0,,False,
2025-02-21T23:00:00.000Z,GR,Greece,GR,277.0,354.0,,36.0,,False,
2025-02-22T00:00:00.000Z,GR,Greece,GR,267.0,340.0,,39.0,,False,
2025-02-22T01:00:00.000Z,GR,Greece,GR,260.0,331.0,,41.0,,False,
2025-02-22T02:00:00.000Z,GR,Greece,GR,265.0,335.0,,41.0,,False,
2025-02-22T03:00:00.000Z,GR,Greece,GR,272.0,346.0,,39.0,,False,
2025-02-22T04:00:00.000Z,GR,Greece,GR,280.0,358.0,,36.0,,False,
2025-02-22T05:00:00.000Z,GR,Greece,GR,275.0,353.0,,37.0,,False,
2025-02-22T06:00:00.000Z,GR,Greece,GR,239.0,310.0,,45.0,,False,
2025-02-22T07:00:00.000Z,GR,Greece,GR,188.0,246.0,,58.0,,False,
2025-02-22T08:00:00.000Z,GR,Greece,GR,150.0,197.0,,69.0,,False,
2025-02-22T09:00:00.000Z,GR,Greece,GR,137.0,179.0,,74.0,,False,
2025-02-22T10:00:00.000Z,GR,Greece,GR,140.0,181.0,,73.0,,False,
2025-02-22T11:00:00.000Z,GR,Greece,GR,147.0,189.0,,72.0,,False,
2025-02-22T12:00:00.000Z,GR,Greece,GR,155.0,199.0,,70.0,,False,
2025-02-22T13:00:00.000Z,GR,Greece,GR,183.0,233.0,,64.0,,False,
2025-02-22T14:00:00.000Z,GR,Greece,GR,213.0,278.0,,52.0,,False,
2025-02-22T15:00:00.000Z,GR,Greece,GR,286.0,364.0,,35.0,,False,
2025-02-22T16:00:00.000Z,GR,Greece,GR,296.0,377.0,,30.0,,False,
2025-02-22T17:00:00.000Z,GR,Greece,GR,302.0,384.0,,29.0,,False,
2025-02-22T18:00:00.000Z,GR,Greece,GR,313.0,400.0,,26.0,,False,
2025-02-22T19:00:00.000Z,GR,Greece,GR,352.0,447.0,,18.0,,False,
2025-02-22T20:00:00.000Z,GR,Greece,GR,363.0,463.0,,14.0,,False,
2025-02-22T21:00:00.000Z,GR,Greece,GR,363.0,464.0,,14.0,,False,
2025-02-22T22:00:00.000Z,GR,Greece,GR,374.0,477.0,,12.0,,False,
2025-02-22T23:00:00.000Z,GR,Greece,GR,381.0,485.0,,11.0,,False,
2025-02-23T00:00:00.000Z,GR,Greece,GR,391.0,488.0,,13.0,,False,
2025-02-23T01:00:00.000Z,GR,Greece,GR,394.0,491.0,,12.0,,False,
2025-02-23T02:00:00.000Z,GR,Greece,GR,400.0,496.0,,12.0,,False,
2025-02-23T03:00:00.000Z,GR,Greece,GR,394.0,491.0,,12.0,,False,
2025-02-23T04:00:00.000Z,GR,Greece,GR,380.0,476.0,,15.0,,False,
2025-02-23T05:00:00.000Z,GR,Greece,GR,355.0,447.0,,20.0,,False,
2025-02-23T06:00:00.000Z,GR,Greece,GR,335.0,423.0,,25.0,,False,
2025-02-23T07:00:00.000Z,GR,Greece,GR,304.0,383.0,,33.0,,False,
2025-02-23T08:00:00.000Z,GR,Greece,GR,240.0,303.0,,49.0,,False,
2025-02-23T09:00:00.000Z,GR,Greece,GR,235.0,298.0,,50.0,,False,
2025-02-23T10:00:00.000Z,GR,Greece,GR,233.0,297.0,,50.0,,False,
2025-02-23T11:00:00.000Z,GR,Greece,GR,236.0,299.0,,50.0,,False,
2025-02-23T12:00:00.000Z,GR,Greece,GR,255.0,322.0,,46.0,,False,
2025-02-23T13:00:00.000Z,GR,Greece,GR,293.0,367.0,,37.0,,False,
2025-02-23T14:00:00.000Z,GR,Greece,GR,314.0,398.0,,29.0,,False,
2025-02-23T15:00:00.000Z,GR,Greece,GR,352.0,445.0,,19.0,,False,
2025-02-23T16:00:00.000Z,GR,Greece,GR,372.0,464.0,,17.0,,False,
2025-02-23T17:00:00.000Z,GR,Greece,GR,363.0,453.0,,19.0,,False,
2025-02-23T18:00:00.000Z,GR,Greece,GR,376.0,469.0,,16.0,,False,
2025-02-23T19:00:00.000Z,GR,Greece,GR,393.0,492.0,,12.0,,False,
2025-02-23T20:00:00.000Z,GR,Greece,GR,399.0,502.0,,10.0,,False,
2025-02-23T21:00:00.000Z,GR,Greece,GR,404.0,508.0,,9.0,,False,
2025-02-23T22:00:00.000Z,GR,Greece,GR,421.0,527.0,,6.0,,False,
2025-02-23T23:00:00.000Z,GR,Greece,GR,424.0,531.0,,5.0,,False,
2025-02-24T00:00:00.000Z,GR,Greece,GR,415.0,522.0,,5.0,,False,
2025-02-24T01:00:00.000Z,GR,Greece,GR,424.0,527.0,,6.0,,False,
2025-02-24T02:00:00.000Z,GR,Greece,GR,422.0,525.0,,7.0,,False,
2025-02-24T03:00:00.000Z,GR,Greece,GR,397.0,503.0,,8.0,,False,
2025-02-24T04:00:00.000Z,GR,Greece,GR,376.0,481.0,,10.0,,False,
2025-02-24T05:00:00.000Z,GR,Greece,GR,373.0,476.0,,12.0,,False,
2025-02-24T06:00:00.000Z,GR,Greece,GR,367.0,462.0,,17.0,,False,
2025-02-24T07:00:00.000Z,GR,Greece,GR,333.0,421.0,,25.0,,False,
2025-02-24T08:00:00.000Z,GR,Greece,GR,309.0,392.0,,30.0,,False,
2025-02-24T09:00:00.000Z,GR,Greece,GR,299.0,379.0,,34.0,,False,
2025-02-24T10:00:00.000Z,GR,Greece,GR,298.0,376.0,,35.0,,False,
2025-02-24T11:00:00.000Z,GR,Greece,GR,308.0,390.0,,32.0,,False,
2025-02-24T12:00:00.000Z,GR,Greece,GR,319.0,401.0,,30.0,,False,
2025-02-24T13:00:00.000Z,GR,Greece,GR,342.0,430.0,,24.0,,False,
2025-02-24T14:00:00.000Z,GR,Greece,GR,367.0,461.0,,18.0,,False,
2025-02-24T15:00:00.000Z,GR,Greece,GR,383.0,479.0,,15.0,,False,
2025-02-24T16:00:00.000Z,GR,Greece,GR,370.0,459.0,,19.0,,False,
2025-02-24T17:00:00.000Z,GR,Greece,GR,366.0,454.0,,20.0,,False,
2025-02-24T18:00:00.000Z,GR,Greece,GR,371.0,460.0,,19.0,,False,
2025-02-24T19:00:00.000Z,GR,Greece,GR,390.0,484.0,,15.0,,False,
2025-02-24T20:00:00.000Z,GR,Greece,GR,416.0,517.0,,9.0,,False,
2025-02-24T21:00:00.000Z,GR,Greece,GR,422.0,524.0,,8.0,,False,
2025-02-24T22:00:00.000Z,GR,Greece,GR,435.0,539.0,,6.0,,False,
2025-02-24T23:00:00.000Z,GR,Greece,GR,442.0,546.0,,5.0,,False,
2025-02-25T00:00:00.000Z,GR,Greece,GR,446.0,549.0,,6.0,,False,
2025-02-25T01:00:00.000Z,GR,Greece,GR,456.0,556.0,,6.0,,False,
2025-02-25T02:00:00.000Z,GR,Greece,GR,455.0,556.0,,6.0,,False,
2025-02-25T03:00:00.000Z,GR,Greece,GR,447.0,550.0,,6.0,,False,
2025-02-25T04:00:00.000Z,GR,Greece,GR,437.0,540.0,,6.0,,False,
2025-02-25T05:00:00.000Z,GR,Greece,GR,409.0,508.0,,12.0,,False,
2025-02-25T06:00:00.000Z,GR,Greece,GR,336.0,420.0,,28.0,,False,
2025-02-25T07:00:00.000Z,GR,Greece,GR,300.0,377.0,,37.0,,False,
2025-02-25T08:00:00.000Z,GR,Greece,GR,263.0,332.0,,45.0,,False,
2025-02-25T09:00:00.000Z,GR,Greece,GR,214.0,272.0,,58.0,,False,
2025-02-25T10:00:00.000Z,GR,Greece,GR,202.0,257.0,,61.0,,False,
2025-02-25T11:00:00.000Z,GR,Greece,GR,213.0,271.0,,58.0,,False,
2025-02-25T12:00:00.000Z,GR,Greece,GR,241.0,305.0,,51.0,,False,
2025-02-25T13:00:00.000Z,GR,Greece,GR,279.0,351.0,,42.0,,False,
2025-02-25T14:00:00.000Z,GR,Greece,GR,326.0,408.0,,31.0,,False,
2025-02-25T15:00:00.000Z,GR,Greece,GR,390.0,483.0,,17.0,,False,
2025-02-25T16:00:00.000Z,GR,Greece,GR,395.0,487.0,,15.0,,False,
2025-02-25T17:00:00.000Z,GR,Greece,GR,381.0,471.0,,17.0,,False,
2025-02-25T18:00:00.000Z,GR,Greece,GR,389.0,480.0,,16.0,,False,
2025-02-25T19:00:00.000Z,GR,Greece,GR,414.0,509.0,,11.0,,False,
2025-02-25T20:00:00.000Z,GR,Greece,GR,420.0,517.0,,10.0,,False,
2025-02-25T21:00:00.000Z,GR,Greece,GR,430.0,531.0,,8.0,,False,
2025-02-25T22:00:00.000Z,GR,Greece,GR,430.0,533.0,,7.0,,False,
2025-02-25T23:00:00.000Z,GR,Greece,GR,454.0,551.0,,7.0,,False,
2025-02-26T00:00:00.000Z,GR,Greece,GR,451.0,542.0,,10.0,,False,
2025-02-26T01:00:00.000Z,GR,Greece,GR,457.0,548.0,,9.0,,False,
2025-02-26T02:00:00.000Z,GR,Greece,GR,460.0,552.0,,9.0,,False,
2025-02-26T03:00:00.000Z,GR,Greece,GR,455.0,548.0,,9.0,,False,
2025-02-26T04:00:00.000Z,GR,Greece,GR,425.0,523.0,,10.0,,False,
2025-02-26T05:00:00.000Z,GR,Greece,GR,391.0,484.0,,15.0,,False,
2025-02-26T06:00:00.000Z,GR,Greece,GR,345.0,430.0,,25.0,,False,
2025-02-26T07:00:00.000Z,GR,Greece,GR,279.0,354.0,,39.0,,False,
2025-02-26T08:00:00.000Z,GR,Greece,GR,225.0,287.0,,52.0,,False,
2025-02-26T09:00:00.000Z,GR,Greece,GR,202.0,262.0,,57.0,,False,
2025-02-26T10:00:00.000Z,GR,Greece,GR,188.0,248.0,,59.0,,False,
2025-02-26T11:00:00.000Z,GR,Greece,GR,191.0,252.0,,58.0,,False,
2025-02-26T12:00:00.000Z,GR,Greece,GR,188.0,247.0,,60.0,,False,
2025-02-26T13:00:00.000Z,GR,Greece,GR,214.0,277.0,,54.0,,False,
2025-02-26T14:00:00.000Z,GR,Greece,GR,267.0,342.0,,40.0,,False,
2025-02-26T15:00:00.000Z,GR,Greece,GR,335.0,423.0,,25.0,,False,
2025-02-26T16:00:00.000Z,GR,Greece,GR,348.0,436.0,,22.0,,False,
2025-02-26T17:00:00.000Z,GR,Greece,GR,342.0,428.0,,23.0,,False,
2025-02-26T18:00:00.000Z,GR,Greece,GR,357.0,444.0,,20.0,,False,
2025-02-26T19:00:00.000Z,GR,Greece,GR,373.0,466.0,,16.0,,False,
2025-02-26T20:00:00.000Z,GR,Greece,GR,379.0,478.0,,13.0,,False,
2025-02-26T21:00:00.000Z,GR,Greece,GR,392.0,492.0,,11.0,,False,
2025-02-26T22:00:00.000Z,GR,Greece,GR,403.0,498.0,,12.0,,False,
2025-02-26T23:00:00.000Z,GR,Greece,GR,424.0,509.0,,14.0,,False,
2025-02-27T00:00:00.000Z,GR,Greece,GR,429.0,512.0,,15.0,,False,
2025-02-27T01:00:00.000Z,GR,Greece,GR,433.0,515.0,,15.0,,False,
2025-02-27T02:00:00.000Z,GR,Greece,GR,434.0,515.0,,15.0,,False,
2025-02-27T03:00:00.000Z,GR,Greece,GR,431.0,515.0,,15.0,,False,
2025-02-27T04:00:00.000Z,GR,Greece,GR,404.0,497.0,,14.0,,False,
2025-02-27T05:00:00.000Z,GR,Greece,GR,361.0,452.0,,20.0,,False,
2025-02-27T06:00:00.000Z,GR,Greece,GR,330.0,415.0,,27.0,,False,
2025-02-27T07:00:00.000Z,GR,Greece,GR,283.0,360.0,,38.0,,False,
2025-02-27T08:00:00.000Z,GR,Greece,GR,245.0,316.0,,46.0,,False,
2025-02-27T09:00:00.000Z,GR,Greece,GR,243.0,312.0,,47.0,,False,
2025-02-27T10:00:00.000Z,GR,Greece,GR,247.0,316.0,,46.0,,False,
2025-02-27T11:00:00.000Z,GR,Greece,GR,239.0,306.0,,48.0,,False,
2025-02-27T12:00:00.000Z,GR,Greece,GR,240.0,304.0,,49.0,,False,
2025-02-27T13:00:00.000Z,GR,Greece,GR,277.0,350.0,,40.0,,False,
2025-02-27T14:00:00.000Z,GR,Greece,GR,314.0,400.0,,28.0,,False,
2025-02-27T15:00:00.000Z,GR,Greece,GR,330.0,416.0,,24.0,,False,
2025-02-27T16:00:00.000Z,GR,Greece,GR,327.0,409.0,,25.0,,False,
2025-02-27T17:00:00.000Z,GR,Greece,GR,321.0,403.0,,26.0,,False,
2025-02-27T18:00:00.000Z,GR,Greece,GR,330.0,413.0,,24.0,,False,
2025-02-27T19:00:00.000Z,GR,Greece,GR,347.0,437.0,,21.0,,False,
2025-02-27T20:00:00.000Z,GR,Greece,GR,373.0,471.0,,15.0,,False,
2025-02-27T21:00:00.000Z,GR,Greece,GR,390.0,490.0,,11.0,,False,
2025-02-27T22:00:00.000Z,GR,Greece,GR,417.0,516.0,,8.0,,False,
2025-02-27T23:00:00.000Z,GR,Greece,GR,450.0,541.0,,8.0,,False,
2025-02-28T00:00:00.000Z,GR,Greece,GR,457.0,544.0,,9.0,,False,
2025-02-28T01:00:00.000Z,GR,Greece,GR,455.0,542.0,,10.0,,False,
2025-02-28T02:00:00.000Z,GR,Greece,GR,452.0,538.0,,11.0,,False,
2025-02-28T03:00:00.000Z,GR,Greece,GR,446.0,532.0,,12.0,,False,
2025-02-28T04:00:00.000Z,GR,Greece,GR,420.0,508.0,,14.0,,False,
2025-02-28T05:00:00.000Z,GR,Greece,GR,371.0,462.0,,20.0,,False,
2025-02-28T06:00:00.000Z,GR,Greece,GR,313.0,397.0,,30.0,,False,
2025-02-28T07:00:00.000Z,GR,Greece,GR,264.0,340.0,,40.0,,False,
2025-02-28T08:00:00.000Z,GR,Greece,GR,226.0,294.0,,50.0,,False,
2025-02-28T09:00:00.000Z,GR,Greece,GR,186.0,245.0,,60.0,,False,
2025-02-28T10:00:00.000Z,GR,Greece,GR,174.0,230.0,,63.0,,False,
2025-02-28T11:00:00.000Z,GR,Greece,GR,190.0,249.0,,59.0,,False,
2025-02-28T12:00:00.000Z,GR,Greece,GR,209.0,273.0,,54.0,,False,
2025-02-28T13:00:00.000Z,GR,Greece,GR,238.0,308.0,,47.0,,False,
2025-02-28T14:00:00.000Z,GR,Greece,GR,285.0,365.0,,36.0,,False,
2025-02-28T15:00:00.000Z,GR,Greece,GR,336.0,428.0,,22.0,,False,
2025-02-28T16:00:00.000Z,GR,Greece,GR,360.0,456.0,,16.0,,False,
2025-02-28T17:00:00.000Z,GR,Greece,GR,355.0,451.0,,17.0,,False,
2025-02-28T18:00:00.000Z,GR,Greece,GR,365.0,462.0,,15.0,,False,
2025-02-28T19:00:00.000Z,GR,Greece,GR,381.0,482.0,,12.0,,False,
2025-02-28T20:00:00.000Z,GR,Greece,GR,396.0,499.0,,9.0,,False,
2025-02-28T21:00:00.000Z,GR,Greece,GR,415.0,520.0,,5.0,,False,
2025-02-28T22:00:00.000Z,GR,Greece,GR,422.0,527.0,,5.0,,False,
2025-02-28T23:00:00.000Z,GR,Greece,GR,430.0,533.0,,5.0,,False,
2025-03-01T00:00:00.000Z,GR,Greece,GR,452.0,548.0,,5.0,,False,
2025-03-01T01:00:00.000Z,GR,Greece,GR,461.0,556.0,,5.0,,False,
2025-03-01T02:00:00.000Z,GR,Greece,GR,461.0,556.0,,5.0,,False,
2025-03-01T03:00:00.000Z,GR,Greece,GR,463.0,557.0,,6.0,,False,
2025-03-01T04:00:00.000Z,GR,Greece,GR,448.0,541.0,,8.0,,False,
2025-03-01T05:00:00.000Z,GR,Greece,GR,398.0,485.0,,18.0,,False,
2025-03-01T06:00:00.000Z,GR,Greece,GR,302.0,376.0,,37.0,,False,
2025-03-01T07:00:00.000Z,GR,Greece,GR,231.0,297.0,,50.0,,False,
2025-03-01T08:00:00.000Z,GR,Greece,GR,194.0,254.0,,59.0,,False,
2025-03-01T09:00:00.000Z,GR,Greece,GR,163.0,217.0,,66.0,,False,
2025-03-01T10:00:00.000Z,GR,Greece,GR,154.0,205.0,,69.0,,False,
2025-03-01T11:00:00.000Z,GR,Greece,GR,155.0,206.0,,69.0,,False,
2025-03-01T12:00:00.000Z,GR,Greece,GR,176.0,232.0,,63.0,,False,
2025-03-01T13:00:00.000Z,GR,Greece,GR,207.0,269.0,,56.0,,False,
2025-03-01T14:00:00.000Z,GR,Greece,GR,271.0,347.0,,40.0,,False,
2025-03-01T15:00:00.000Z,GR,Greece,GR,348.0,441.0,,21.0,,False,
2025-03-01T16:00:00.000Z,GR,Greece,GR,390.0,487.0,,12.0,,False,
2025-03-01T17:00:00.000Z,GR,Greece,GR,381.0,474.0,,14.0,,False,
2025-03-01T18:00:00.000Z,GR,Greece,GR,390.0,483.0,,13.0,,False,
2025-03-01T19:00:00.000Z,GR,Greece,GR,401.0,496.0,,11.0,,False,
2025-03-01T20:00:00.000Z,GR,Greece,GR,413.0,512.0,,8.0,,False,
2025-03-01T21:00:00.000Z,GR,Greece,GR,424.0,526.0,,6.0,,False,
2025-03-01T22:00:00.000Z,GR,Greece,GR,432.0,538.0,,4.0,,False,
2025-03-01T23:00:00.000Z,GR,Greece,GR,444.0,545.0,,4.0,,False,
2025-03-02T00:00:00.000Z,GR,Greece,GR,457.0,550.0,,6.0,,False,
2025-03-02T01:00:00.000Z,GR,Greece,GR,463.0,555.0,,6.0,,False,
2025-03-02T02:00:00.000Z,GR,Greece,GR,464.0,558.0,,5.0,,False,
2025-03-02T03:00:00.000Z,GR,Greece,GR,463.0,559.0,,5.0,,False,
2025-03-02T04:00:00.000Z,GR,Greece,GR,451.0,544.0,,7.0,,False,
2025-03-02T05:00:00.000Z,GR,Greece,GR,408.0,498.0,,15.0,,False,
2025-03-02T06:00:00.000Z,GR,Greece,GR,355.0,437.0,,27.0,,False,
2025-03-02T07:00:00.000Z,GR,Greece,GR,302.0,373.0,,39.0,,False,
2025-03-02T08:00:00.000Z,GR,Greece,GR,245.0,307.0,,49.0,,False,
2025-03-02T09:00:00.000Z,GR,Greece,GR,224.0,283.0,,53.0,,False,
2025-03-02T10:00:00.000Z,GR,Greece,GR,219.0,276.0,,54.0,,False,
2025-03-02T11:00:00.000Z,GR,Greece,GR,226.0,283.0,,54.0,,False,
2025-03-02T12:00:00.000Z,GR,Greece,GR,268.0,328.0,,47.0,,False,
2025-03-02T13:00:00.000Z,GR,Greece,GR,305.0,370.0,,40.0,,False,
2025-03-02T14:00:00.000Z,GR,Greece,GR,338.0,411.0,,32.0,,False,
2025-03-02T15:00:00.000Z,GR,Greece,GR,347.0,435.0,,23.0,,False,
2025-03-02T16:00:00.000Z,GR,Greece,GR,357.0,447.0,,19.0,,False,
2025-03-02T17:00:00.000Z,GR,Greece,GR,353.0,439.0,,20.0,,False,
2025-03-02T18:00:00.000Z,GR,Greece,GR,354.0,441.0,,20.0,,False,
2025-03-02T19:00:00.000Z,GR,Greece,GR,374.0,465.0,,17.0,,False,
2025-03-02T20:00:00.000Z,GR,Greece,GR,375.0,470.0,,16.0,,False,
2025-03-02T21:00:00.000Z,GR,Greece,GR,380.0,474.0,,16.0,,False,
2025-03-02T22:00:00.000Z,GR,Greece,GR,366.0,457.0,,19.0,,False,
2025-03-02T23:00:00.000Z,GR,Greece,GR,340.0,421.0,,27.0,,False,
2025-03-03T00:00:00.000Z,GR,Greece,GR,314.0,391.0,,30.0,,False,
2025-03-03T01:00:00.000Z,GR,Greece,GR,301.0,373.0,,35.0,,False,
2025-03-03T02:00:00.000Z,GR,Greece,GR,289.0,359.0,,38.0,,False,
2025-03-03T03:00:00.000Z,GR,Greece,GR,278.0,349.0,,40.0,,False,
2025-03-03T04:00:00.000Z,GR,Greece,GR,256.0,326.0,,42.0,,False,
2025-03-03T05:00:00.000Z,GR,Greece,GR,231.0,296.0,,47.0,,False,
2025-03-03T06:00:00.000Z,GR,Greece,GR,200.0,259.0,,55.0,,False,
2025-03-03T07:00:00.000Z,GR,Greece,GR,168.0,220.0,,63.0,,False,
2025-03-03T08:00:00.000Z,GR,Greece,GR,145.0,192.0,,69.0,,False,
2025-03-03T09:00:00.000Z,GR,Greece,GR,118.0,158.0,,76.0,,False,
2025-03-03T10:00:00.000Z,GR,Greece,GR,105.0,142.0,,79.0,,False,
2025-03-03T11:00:00.000Z,GR,Greece,GR,106.0,143.0,,79.0,,False,
2025-03-03T12:00:00.000Z,GR,Greece,GR,119.0,159.0,,76.0,,False,
2025-03-03T13:00:00.000Z,GR,Greece,GR,135.0,178.0,,72.0,,False,
2025-03-03T14:00:00.000Z,GR,Greece,GR,173.0,225.0,,62.0,,False,
2025-03-03T15:00:00.000Z,GR,Greece,GR,225.0,288.0,,48.0,,False,
2025-03-03T16:00:00.000Z,GR,Greece,GR,241.0,306.0,,44.0,,False,
2025-03-03T17:00:00.000Z,GR,Greece,GR,243.0,308.0,,43.0,,False,
2025-03-03T18:00:00.000Z,GR,Greece,GR,241.0,305.0,,44.0,,False,
2025-03-03T19:00:00.000Z,GR,Greece,GR,250.0,315.0,,42.0,,False,
2025-03-03T20:00:00.000Z,GR,Greece,GR,248.0,313.0,,43.0,,False,
2025-03-03T21:00:00.000Z,GR,Greece,GR,245.0,313.0,,44.0,,False,
2025-03-03T22:00:00.000Z,GR,Greece,GR,239.0,307.0,,45.0,,False,
2025-03-03T23:00:00.000Z,GR,Greece,GR,221.0,283.0,,50.0,,False,
2025-03-04T00:00:00.000Z,GR,Greece,GR,221.0,282.0,,51.0,,False,
2025-03-04T01:00:00.000Z,GR,Greece,GR,212.0,271.0,,53.0,,False,
2025-03-04T02:00:00.000Z,GR,Greece,GR,207.0,265.0,,54.0,,False,
2025-03-04T03:00:00.000Z,GR,Greece,GR,211.0,269.0,,53.0,,False,
2025-03-04T04:00:00.000Z,GR,Greece,GR,224.0,288.0,,49.0,,False,
2025-03-04T05:00:00.000Z,GR,Greece,GR,207.0,268.0,,53.0,,False,
2025-03-04T06:00:00.000Z,GR,Greece,GR,138.0,184.0,,70.0,,False,
2025-03-04T07:00:00.000Z,GR,Greece,GR,84.0,119.0,,83.0,,False,
2025-03-04T08:00:00.000Z,GR,Greece,GR,63.0,93.0,,89.0,,False,
2025-03-04T09:00:00.000Z,GR,Greece,GR,62.0,91.0,,89.0,,False,
2025-03-04T10:00:00.000Z,GR,Greece,GR,60.0,89.0,,89.0,,False,
2025-03-04T11:00:00.000Z,GR,Greece,GR,62.0,92.0,,89.0,,False,
2025-03-04T12:00:00.000Z,GR,Greece,GR,64.0,94.0,,89.0,,False,
2025-03-04T13:00:00.000Z,GR,Greece,GR,69.0,100.0,,88.0,,False,
2025-03-04T14:00:00.000Z,GR,Greece,GR,79.0,110.0,,86.0,,False,
2025-03-04T15:00:00.000Z,GR,Greece,GR,159.0,206.0,,65.0,,False,
2025-03-04T16:00:00.000Z,GR,Greece,GR,221.0,282.0,,48.0,,False,
2025-03-04T17:00:00.000Z,GR,Greece,GR,235.0,299.0,,45.0,,False,
2025-03-04T18:00:00.000Z,GR,Greece,GR,244.0,311.0,,42.0,,False,
2025-03-04T19:00:00.000Z,GR,Greece,GR,246.0,314.0,,42.0,,False,
2025-03-04T20:00:00.000Z,GR,Greece,GR,244.0,312.0,,43.0,,False,
2025-03-04T21:00:00.000Z,GR,Greece,GR,241.0,311.0,,44.0,,False,
2025-03-04T22:00:00.000Z,GR,Greece,GR,228.0,294.0,,47.0,,False,
2025-03-04T23:00:00.000Z,GR,Greece,GR,211.0,272.0,,52.0,,False,
2025-03-05T00:00:00.000Z,GR,Greece,GR,204.0,262.0,,54.0,,False,
2025-03-05T01:00:00.000Z,GR,Greece,GR,205.0,263.0,,54.0,,False,
2025-03-05T02:00:00.000Z,GR,Greece,GR,208.0,267.0,,53.0,,False,
2025-03-05T03:00:00.000Z,GR,Greece,GR,211.0,272.0,,52.0,,False,
2025-03-05T04:00:00.000Z,GR,Greece,GR,206.0,265.0,,53.0,,False,
2025-03-05T05:00:00.000Z,GR,Greece,GR,181.0,236.0,,59.0,,False,
2025-03-05T06:00:00.000Z,GR,Greece,GR,116.0,157.0,,75.0,,False,
2025-03-05T07:00:00.000Z,GR,Greece,GR,64.0,95.0,,88.0,,False,
2025-03-05T08:00:00.000Z,GR,Greece,GR,60.0,90.0,,89.0,,False,
2025-03-05T09:00:00.000Z,GR,Greece,GR,63.0,93.0,,89.0,,False,
2025-03-05T10:00:00.000Z,GR,Greece,GR,59.0,90.0,,89.0,,False,
2025-03-05T11:00:00.000Z,GR,Greece,GR,61.0,91.0,,89.0,,False,
2025-03-05T12:00:00.000Z,GR,Greece,GR,66.0,97.0,,88.0,,False,
2025-03-05T13:00:00.000Z,GR,Greece,GR,70.0,101.0,,87.0,,False,
2025-03-05T14:00:00.000Z,GR,Greece,GR,93.0,129.0,,82.0,,False,
2025-03-05T15:00:00.000Z,GR,Greece,GR,177.0,228.0,,60.0,,False,
2025-03-05T16:00:00.000Z,GR,Greece,GR,245.0,312.0,,42.0,,False,
2025-03-05T17:00:00.000Z,GR,Greece,GR,256.0,326.0,,39.0,,False,
2025-03-05T18:00:00.000Z,GR,Greece,GR,262.0,334.0,,38.0,,False,
2025-03-05T19:00:00.000Z,GR,Greece,GR,263.0,333.0,,38.0,,False,
2025-03-05T20:00:00.000Z,GR,Greece,GR,269.0,342.0,,36.0,,False,
2025-03-05T21:00:00.000Z,GR,Greece,GR,276.0,350.0,,35.0,,False,
2025-03-05T22:00:00.000Z,GR,Greece,GR,272.0,349.0,,37.0,,False,
2025-03-05T23:00:00.000Z,GR,Greece,GR,270.0,344.0,,38.0,,False,
2025-03-06T00:00:00.000Z,GR,Greece,GR,273.0,345.0,,39.0,,False,
2025-03-06T01:00:00.000Z,GR,Greece,GR,275.0,347.0,,39.0,,False,
2025-03-06T02:00:00.000Z,GR,Greece,GR,276.0,349.0,,38.0,,False,
2025-03-06T03:00:00.000Z,GR,Greece,GR,270.0,342.0,,40.0,,False,
2025-03-06T04:00:00.000Z,GR,Greece,GR,263.0,334.0,,41.0,,False,
2025-03-06T05:00:00.000Z,GR,Greece,GR,231.0,297.0,,48.0,,False,
2025-03-06T06:00:00.000Z,GR,Greece,GR,156.0,209.0,,65.0,,False,
2025-03-06T07:00:00.000Z,GR,Greece,GR,90.0,128.0,,82.0,,False,
2025-03-06T08:00:00.000Z,GR,Greece,GR,69.0,101.0,,88.0,,False,
2025-03-06T09:00:00.000Z,GR,Greece,GR,67.0,100.0,,88.0,,False,
2025-03-06T10:00:00.000Z,GR,Greece,GR,69.0,102.0,,87.0,,False,
2025-03-06T11:00:00.000Z,GR,Greece,GR,72.0,106.0,,87.0,,False,
2025-03-06T12:00:00.000Z,GR,Greece,GR,89.0,124.0,,83.0,,False,
2025-03-06T13:00:00.000Z,GR,Greece,GR,91.0,127.0,,83.0,,False,
2025-03-06T14:00:00.000Z,GR,Greece,GR,143.0,192.0,,69.0,,False,
2025-03-06T15:00:00.000Z,GR,Greece,GR,252.0,325.0,,42.0,,False,
2025-03-06T16:00:00.000Z,GR,Greece,GR,308.0,390.0,,27.0,,False,
2025-03-06T17:00:00.000Z,GR,Greece,GR,291.0,368.0,,31.0,,False,
2025-03-06T18:00:00.000Z,GR,Greece,GR,291.0,369.0,,30.0,,False,
2025-03-06T19:00:00.000Z,GR,Greece,GR,311.0,392.0,,27.0,,False,
2025-03-06T20:00:00.000Z,GR,Greece,GR,333.0,423.0,,21.0,,False,
2025-03-06T21:00:00.000Z,GR,Greece,GR,337.0,432.0,,20.0,,False,
2025-03-06T22:00:00.000Z,GR,Greece,GR,330.0,420.0,,23.0,,False,
2025-03-06T23:00:00.000Z,GR,Greece,GR,313.0,396.0,,28.0,,False,
2025-03-07T00:00:00.000Z,GR,Greece,GR,316.0,389.0,,31.0,,False,
2025-03-07T01:00:00.000Z,GR,Greece,GR,315.0,387.0,,32.0,,False,
2025-03-07T02:00:00.000Z,GR,Greece,GR,314.0,387.0,,32.0,,False,
2025-03-07T03:00:00.000Z,GR,Greece,GR,315.0,392.0,,31.0,,False,
2025-03-07T04:00:00.000Z,GR,Greece,GR,292.0,366.0,,36.0,,False,
2025-03-07T05:00:00.000Z,GR,Greece,GR,247.0,315.0,,45.0,,False,
2025-03-07T06:00:00.000Z,GR,Greece,GR,155.0,207.0,,66.0,,False,
2025-03-07T07:00:00.000Z,GR,Greece,GR,104.0,145.0,,79.0,,False,
2025-03-07T08:00:00.000Z,GR,Greece,GR,72.0,107.0,,86.0,,False,
2025-03-07T09:00:00.000Z,GR,Greece,GR,69.0,102.0,,87.0,,False,
2025-03-07T10:00:00.000Z,GR,Greece,GR,65.0,98.0,,88.0,,False,
2025-03-07T11:00:00.000Z,GR,Greece,GR,64.0,97.0,,88.0,,False,
2025-03-07T12:00:00.000Z,GR,Greece,GR,71.0,105.0,,86.0,,False,
2025-03-07T13:00:00.000Z,GR,Greece,GR,87.0,123.0,,83.0,,False,
2025-03-07T14:00:00.000Z,GR,Greece,GR,143.0,193.0,,70.0,,False,
2025-03-07T15:00:00.000Z,GR,Greece,GR,253.0,321.0,,42.0,,False,
2025-03-07T16:00:00.000Z,GR,Greece,GR,309.0,390.0,,27.0,,False,
2025-03-07T17:00:00.000Z,GR,Greece,GR,308.0,389.0,,27.0,,False,
2025-03-07T18:00:00.000Z,GR,Greece,GR,310.0,391.0,,27.0,,False,
2025-03-07T19:00:00.000Z,GR,Greece,GR,312.0,393.0,,27.0,,False,
2025-03-07T20:00:00.000Z,GR,Greece,GR,319.0,404.0,,25.0,,False,
2025-03-07T21:00:00.000Z,GR,Greece,GR,322.0,412.0,,24.0,,False,
2025-03-07T22:00:00.000Z,GR,Greece,GR,316.0,404.0,,26.0,,False,
2025-03-07T23:00:00.000Z,GR,Greece,GR,324.0,412.0,,25.0,,False,
2025-03-08T00:00:00.000Z,GR,Greece,GR,317.0,397.0,,29.0,,False,
2025-03-08T01:00:00.000Z,GR,Greece,GR,315.0,397.0,,29.0,,False,
2025-03-08T02:00:00.000Z,GR,Greece,GR,320.0,402.0,,28.0,,False,
2025-03-08T03:00:00.000Z,GR,Greece,GR,309.0,391.0,,30.0,,False,
2025-03-08T04:00:00.000Z,GR,Greece,GR,303.0,382.0,,32.0,,False,
2025-03-08T05:00:00.000Z,GR,Greece,GR,248.0,318.0,,44.0,,False,
2025-03-08T06:00:00.000Z,GR,Greece,GR,148.0,195.0,,69.0,,False,
2025-03-08T07:00:00.000Z,GR,Greece,GR,92.0,127.0,,83.0,,False,
2025-03-08T08:00:00.000Z,GR,Greece,GR,76.0,109.0,,86.0,,False,
2025-03-08T09:00:00.000Z,GR,Greece,GR,78.0,113.0,,85.0,,False,
2025-03-08T10:00:00.000Z,GR,Greece,GR,73.0,106.0,,86.0,,False,
2025-03-08T11:00:00.000Z,GR,Greece,GR,79.0,113.0,,85.0,,False,
2025-03-08T12:00:00.000Z,GR,Greece,GR,111.0,147.0,,78.0,,False,
2025-03-08T13:00:00.000Z,GR,Greece,GR,128.0,166.0,,75.0,,False,
2025-03-08T14:00:00.000Z,GR,Greece,GR,153.0,197.0,,69.0,,False,
2025-03-08T15:00:00.000Z,GR,Greece,GR,261.0,326.0,,44.0,,False,
2025-03-08T16:00:00.000Z,GR,Greece,GR,305.0,378.0,,31.0,,False,
2025-03-08T17:00:00.000Z,GR,Greece,GR,299.0,375.0,,30.0,,False,
2025-03-08T18:00:00.000Z,GR,Greece,GR,312.0,388.0,,29.0,,False,
2025-03-08T19:00:00.000Z,GR,Greece,GR,329.0,408.0,,25.0,,False,
2025-03-08T20:00:00.000Z,GR,Greece,GR,336.0,418.0,,23.0,,False,
2025-03-08T21:00:00.000Z,GR,Greece,GR,341.0,427.0,,21.0,,False,
2025-03-08T22:00:00.000Z,GR,Greece,GR,332.0,418.0,,22.0,,False,
2025-03-08T23:00:00.000Z,GR,Greece,GR,326.0,399.0,,28.0,,False,
2025-03-09T00:00:00.000Z,GR,Greece,GR,323.0,388.0,,31.0,,False,
2025-03-09T01:00:00.000Z,GR,Greece,GR,318.0,379.0,,34.0,,False,
2025-03-09T02:00:00.000Z,GR,Greece,GR,313.0,373.0,,35.0,,False,
2025-03-09T03:00:00.000Z,GR,Greece,GR,302.0,361.0,,37.0,,False,
2025-03-09T04:00:00.000Z,GR,Greece,GR,295.0,356.0,,38.0,,False,
2025-03-09T05:00:00.000Z,GR,Greece,GR,226.0,278.0,,52.0,,False,
2025-03-09T06:00:00.000Z,GR,Greece,GR,107.0,144.0,,78.0,,False,
2025-03-09T07:00:00.000Z,GR,Greece,GR,78.0,114.0,,84.0,,False,
2025-03-09T08:00:00.000Z,GR,Greece,GR,68.0,104.0,,86.0,,False,
2025-03-09T09:00:00.000Z,GR,Greece,GR,62.0,96.0,,87.0,,False,
2025-03-09T10:00:00.000Z,GR,Greece,GR,66.0,100.0,,86.0,,False,
2025-03-09T11:00:00.000Z,GR,Greece,GR,84.0,119.0,,82.0,,False,
2025-03-09T12:00:00.000Z,GR,Greece,GR,98.0,134.0,,80.0,,False,
2025-03-09T13:00:00.000Z,GR,Greece,GR,125.0,164.0,,74.0,,False,
2025-03-09T14:00:00.000Z,GR,Greece,GR,157.0,199.0,,68.0,,False,
2025-03-09T15:00:00.000Z,GR,Greece,GR,258.0,316.0,,46.0,,False,
2025-03-09T16:00:00.000Z,GR,Greece,GR,326.0,399.0,,28.0,,False,
2025-03-09T17:00:00.000Z,GR,Greece,GR,332.0,411.0,,24.0,,False,
2025-03-09T18:00:00.000Z,GR,Greece,GR,332.0,412.0,,23.0,,False,
2025-03-09T19:00:00.000Z,GR,Greece,GR,342.0,424.0,,21.0,,False,
2025-03-09T20:00:00.000Z,GR,Greece,GR,362.0,447.0,,17.0,,False,
2025-03-09T21:00:00.000Z,GR,Greece,GR,369.0,451.0,,17.0,,False,
2025-03-09T22:00:00.000Z,GR,Greece,GR,382.0,472.0,,13.0,,False,
2025-03-09T23:00:00.000Z,GR,Greece,GR,376.0,458.0,,17.0,,False,
2025-03-10T00:00:00.000Z,GR,Greece,GR,363.0,439.0,,22.0,,False,
2025-03-10T01:00:00.000Z,GR,Greece,GR,359.0,432.0,,24.0,,False,
2025-03-10T02:00:00.000Z,GR,Greece,GR,352.0,424.0,,26.0,,False,
2025-03-10T03:00:00.000Z,GR,Greece,GR,349.0,422.0,,27.0,,False,
2025-03-10T04:00:00.000Z,GR,Greece,GR,335.0,411.0,,29.0,,False,
2025-03-10T05:00:00.000Z,GR,Greece,GR,277.0,345.0,,40.0,,False,
2025-03-10T06:00:00.000Z,GR,Greece,GR,161.0,217.0,,63.0,,False,
2025-03-10T07:00:00.000Z,GR,Greece,GR,102.0,146.0,,78.0,,False,
2025-03-10T08:00:00.000Z,GR,Greece,GR,67.0,104.0,,86.0,,False,
2025-03-10T09:00:00.000Z,GR,Greece,GR,62.0,96.0,,87.0,,False,
2025-03-10T10:00:00.000Z,GR,Greece,GR,62.0,96.0,,87.0,,False,
2025-03-10T11:00:00.000Z,GR,Greece,GR,66.0,100.0,,86.0,,False,
2025-03-10T12:00:00.000Z,GR,Greece,GR,63.0,97.0,,87.0,,False,
2025-03-10T13:00:00.000Z,GR,Greece,GR,64.0,99.0,,87.0,,False,
2025-03-10T14:00:00.000Z,GR,Greece,GR,107.0,150.0,,76.0,,False,
2025-03-10T15:00:00.000Z,GR,Greece,GR,190.0,244.0,,55.0,,False,
2025-03-10T16:00:00.000Z,GR,Greece,GR,246.0,313.0,,41.0,,False,
2025-03-10T17:00:00.000Z,GR,Greece,GR,252.0,322.0,,39.0,,False,
2025-03-10T18:00:00.000Z,GR,Greece,GR,254.0,325.0,,38.0,,False,
2025-03-10T19:00:00.000Z,GR,Greece,GR,262.0,337.0,,36.0,,False,
2025-03-10T20:00:00.000Z,GR,Greece,GR,272.0,350.0,,34.0,,False,
2025-03-10T21:00:00.000Z,GR,Greece,GR,260.0,335.0,,38.0,,False,
2025-03-10T22:00:00.000Z,GR,Greece,GR,264.0,340.0,,37.0,,False,
2025-03-10T23:00:00.000Z,GR,Greece,GR,256.0,325.0,,40.0,,False,
2025-03-11T00:00:00.000Z,GR,Greece,GR,261.0,322.0,,42.0,,False,
2025-03-11T01:00:00.000Z,GR,Greece,GR,265.0,328.0,,42.0,,False,
2025-03-11T02:00:00.000Z,GR,Greece,GR,267.0,330.0,,42.0,,False,
2025-03-11T03:00:00.000Z,GR,Greece,GR,274.0,337.0,,41.0,,False,
2025-03-11T04:00:00.000Z,GR,Greece,GR,266.0,331.0,,42.0,,False,
2025-03-11T05:00:00.000Z,GR,Greece,GR,215.0,278.0,,51.0,,False,
2025-03-11T06:00:00.000Z,GR,Greece,GR,147.0,198.0,,66.0,,False,
2025-03-11T07:00:00.000Z,GR,Greece,GR,88.0,127.0,,81.0,,False,
2025-03-11T08:00:00.000Z,GR,Greece,GR,62.0,95.0,,87.0,,False,
2025-03-11T09:00:00.000Z,GR,Greece,GR,60.0,93.0,,88.0,,False,
2025-03-11T10:00:00.000Z,GR,Greece,GR,58.0,91.0,,88.0,,False,
2025-03-11T11:00:00.000Z,GR,Greece,GR,60.0,94.0,,88.0,,False,
2025-03-11T12:00:00.000Z,GR,Greece,GR,68.0,102.0,,86.0,,False,
2025-03-11T13:00:00.000Z,GR,Greece,GR,79.0,114.0,,84.0,,False,
2025-03-11T14:00:00.000Z,GR,Greece,GR,126.0,170.0,,72.0,,False,
2025-03-11T15:00:00.000Z,GR,Greece,GR,197.0,254.0,,53.0,,False,
2025-03-11T16:00:00.000Z,GR,Greece,GR,230.0,295.0,,44.0,,False,
2025-03-11T17:00:00.000Z,GR,Greece,GR,237.0,304.0,,42.0,,False,
2025-03-11T18:00:00.000Z,GR,Greece,GR,230.0,294.0,,44.0,,False,
2025-03-11T19:00:00.000Z,GR,Greece,GR,227.0,292.0,,45.0,,False,
2025-03-11T20:00:00.000Z,GR,Greece,GR,226.0,294.0,,45.0,,False,
2025-03-11T21:00:00.000Z,GR,Greece,GR,202.0,263.0,,52.0,,False,
2025-03-11T22:00:00.000Z,GR,Greece,GR,187.0,243.0,,57.0,,False,
2025-03-11T23:00:00.000Z,GR,Greece,GR,188.0,244.0,,57.0,,False,
2025-03-12T00:00:00.000Z,GR,Greece,GR,185.0,240.0,,57.0,,False,
2025-03-12T01:00:00.000Z,GR,Greece,GR,178.0,231.0,,59.0,,False,
2025-03-12T02:00:00.000Z,GR,Greece,GR,179.0,232.0,,59.0,,False,
2025-03-12T03:00:00.000Z,GR,Greece,GR,186.0,242.0,,57.0,,False,
2025-03-12T04:00:00.000Z,GR,Greece,GR,187.0,242.0,,57.0,,False,
2025-03-12T05:00:00.000Z,GR,Greece,GR,170.0,218.0,,61.0,,False,
2025-03-12T06:00:00.000Z,GR,Greece,GR,138.0,184.0,,68.0,,False,
2025-03-12T07:00:00.000Z,GR,Greece,GR,99.0,140.0,,77.0,,False,
2025-03-12T08:00:00.000Z,GR,Greece,GR,61.0,94.0,,87.0,,False,
2025-03-12T09:00:00.000Z,GR,Greece,GR,58.0,89.0,,88.0,,False,
2025-03-12T10:00:00.000Z,GR,Greece,GR,58.0,90.0,,88.0,,False,
2025-03-12T11:00:00.000Z,GR,Greece,GR,63.0,95.0,,87.0,,False,
2025-03-12T12:00:00.000Z,GR,Greece,GR,65.0,98.0,,86.0,,False,
2025-03-12T13:00:00.000Z,GR,Greece,GR,99.0,139.0,,77.0,,False,
2025-03-12T14:00:00.000Z,GR,Greece,GR,162.0,217.0,,61.0,,False,
2025-03-12T15:00:00.000Z,GR,Greece,GR,191.0,252.0,,54.0,,False,
2025-03-12T16:00:00.000Z,GR,Greece,GR,220.0,286.0,,46.0,,False,
2025-03-12T17:00:00.000Z,GR,Greece,GR,219.0,283.0,,47.0,,False,
2025-03-12T18:00:00.000Z,GR,Greece,GR,227.0,292.0,,45.0,,False,
2025-03-12T19:00:00.000Z,GR,Greece,GR,218.0,280.0,,47.0,,False,
2025-03-12T20:00:00.000Z,GR,Greece,GR,210.0,272.0,,49.0,,False,
2025-03-12T21:00:00.000Z,GR,Greece,GR,201.0,263.0,,52.0,,False,
2025-03-12T22:00:00.000Z,GR,Greece,GR,175.0,231.0,,58.0,,False,
2025-03-12T23:00:00.000Z,GR,Greece,GR,160.0,210.0,,63.0,,False,
2025-03-13T00:00:00.000Z,GR,Greece,GR,163.0,215.0,,62.0,,False,
2025-03-13T01:00:00.000Z,GR,Greece,GR,167.0,220.0,,61.0,,False,
2025-03-13T02:00:00.000Z,GR,Greece,GR,157.0,205.0,,64.0,,False,
2025-03-13T03:00:00.000Z,GR,Greece,GR,151.0,198.0,,66.0,,False,
2025-03-13T04:00:00.000Z,GR,Greece,GR,170.0,222.0,,61.0,,False,
2025-03-13T05:00:00.000Z,GR,Greece,GR,144.0,191.0,,67.0,,False,
2025-03-13T06:00:00.000Z,GR,Greece,GR,81.0,115.0,,83.0,,False,
2025-03-13T07:00:00.000Z,GR,Greece,GR,61.0,92.0,,87.0,,False,
2025-03-13T08:00:00.000Z,GR,Greece,GR,57.0,89.0,,88.0,,False,
2025-03-13T09:00:00.000Z,GR,Greece,GR,69.0,104.0,,85.0,,False,
2025-03-13T10:00:00.000Z,GR,Greece,GR,68.0,102.0,,85.0,,False,
2025-03-13T11:00:00.000Z,GR,Greece,GR,63.0,96.0,,87.0,,False,
2025-03-13T12:00:00.000Z,GR,Greece,GR,61.0,94.0,,87.0,,False,
2025-03-13T13:00:00.000Z,GR,Greece,GR,66.0,99.0,,86.0,,False,
2025-03-13T14:00:00.000Z,GR,Greece,GR,76.0,110.0,,84.0,,False,
2025-03-13T15:00:00.000Z,GR,Greece,GR,138.0,184.0,,68.0,,False,
2025-03-13T16:00:00.000Z,GR,Greece,GR,217.0,275.0,,48.0,,False,
2025-03-13T17:00:00.000Z,GR,Greece,GR,240.0,306.0,,42.0,,False,
2025-03-13T18:00:00.000Z,GR,Greece,GR,246.0,315.0,,40.0,,False,
2025-03-13T19:00:00.000Z,GR,Greece,GR,237.0,303.0,,42.0,,False,
2025-03-13T20:00:00.000Z,GR,Greece,GR,246.0,317.0,,40.0,,False,
2025-03-13T21:00:00.000Z,GR,Greece,GR,251.0,326.0,,39.0,,False,
2025-03-13T22:00:00.000Z,GR,Greece,GR,251.0,327.0,,39.0,,False,
2025-03-13T23:00:00.000Z,GR,Greece,GR,247.0,318.0,,42.0,,False,
2025-03-14T00:00:00.000Z,GR,Greece,GR,247.0,317.0,,42.0,,False,
2025-03-14T01:00:00.000Z,GR,Greece,GR,249.0,319.0,,41.0,,False,
2025-03-14T02:00:00.000Z,GR,Greece,GR,260.0,332.0,,39.0,,False,
2025-03-14T03:00:00.000Z,GR,Greece,GR,288.0,364.0,,33.0,,False,
2025-03-14T04:00:00.000Z,GR,Greece,GR,281.0,354.0,,36.0,,False,
2025-03-14T05:00:00.000Z,GR,Greece,GR,223.0,291.0,,47.0,,False,
2025-03-14T06:00:00.000Z,GR,Greece,GR,129.0,178.0,,70.0,,False,
2025-03-14T07:00:00.000Z,GR,Greece,GR,66.0,101.0,,86.0,,False,
2025-03-14T08:00:00.000Z,GR,Greece,GR,60.0,95.0,,87.0,,False,
2025-03-14T09:00:00.000Z,GR,Greece,GR,58.0,93.0,,88.0,,False,
2025-03-14T10:00:00.000Z,GR,Greece,GR,57.0,92.0,,88.0,,False,
2025-03-14T11:00:00.000Z,GR,Greece,GR,58.0,93.0,,88.0,,False,
2025-03-14T12:00:00.000Z,GR,Greece,GR,61.0,96.0,,87.0,,False,
2025-03-14T13:00:00.000Z,GR,Greece,GR,65.0,100.0,,86.0,,False,
2025-03-14T14:00:00.000Z,GR,Greece,GR,116.0,160.0,,73.0,,False,
2025-03-14T15:00:00.000Z,GR,Greece,GR,211.0,268.0,,51.0,,False,
2025-03-14T16:00:00.000Z,GR,Greece,GR,261.0,327.0,,39.0,,False,
2025-03-14T17:00:00.000Z,GR,Greece,GR,282.0,356.0,,33.0,,False,
2025-03-14T18:00:00.000Z,GR,Greece,GR,286.0,364.0,,32.0,,False,
2025-03-14T19:00:00.000Z,GR,Greece,GR,266.0,343.0,,35.0,,False,
2025-03-14T20:00:00.000Z,GR,Greece,GR,267.0,345.0,,35.0,,False,
2025-03-14T21:00:00.000Z,GR,Greece,GR,238.0,305.0,,43.0,,False,
2025-03-14T22:00:00.000Z,GR,Greece,GR,238.0,309.0,,43.0,,False,
2025-03-14T23:00:00.000Z,GR,Greece,GR,229.0,298.0,,45.0,,False,
2025-03-15T00:00:00.000Z,GR,Greece,GR,211.0,278.0,,48.0,,False,
2025-03-15T01:00:00.000Z,GR,Greece,GR,198.0,265.0,,49.0,,False,
2025-03-15T02:00:00.000Z,GR,Greece,GR,194.0,260.0,,50.0,,False,
2025-03-15T03:00:00.000Z,GR,Greece,GR,194.0,260.0,,50.0,,False,
2025-03-15T04:00:00.000Z,GR,Greece,GR,189.0,253.0,,52.0,,False,
2025-03-15T05:00:00.000Z,GR,Greece,GR,142.0,196.0,,64.0,,False,
2025-03-15T06:00:00.000Z,GR,Greece,GR,56.0,90.0,,86.0,,False,
2025-03-15T07:00:00.000Z,GR,Greece,GR,44.0,78.0,,89.0,,False,
2025-03-15T08:00:00.000Z,GR,Greece,GR,45.0,79.0,,89.0,,False,
2025-03-15T09:00:00.000Z,GR,Greece,GR,48.0,82.0,,88.0,,False,
2025-03-15T10:00:00.000Z,GR,Greece,GR,56.0,91.0,,88.0,,False,
2025-03-15T11:00:00.000Z,GR,Greece,GR,64.0,100.0,,86.0,,False,
2025-03-15T12:00:00.000Z,GR,Greece,GR,63.0,98.0,,86.0,,False,
2025-03-15T13:00:00.000Z,GR,Greece,GR,68.0,104.0,,85.0,,False,
2025-03-15T14:00:00.000Z,GR,Greece,GR,87.0,125.0,,81.0,,False,
2025-03-15T15:00:00.000Z,GR,Greece,GR,141.0,188.0,,68.0,,False,
2025-03-15T16:00:00.000Z,GR,Greece,GR,193.0,246.0,,54.0,,False,
2025-03-15T17:00:00.000Z,GR,Greece,GR,205.0,260.0,,51.0,,False,
2025-03-15T18:00:00.000Z,GR,Greece,GR,203.0,259.0,,51.0,,False,
2025-03-15T19:00:00.000Z,GR,Greece,GR,198.0,251.0,,53.0,,False,
2025-03-15T20:00:00.000Z,GR,Greece,GR,193.0,246.0,,55.0,,False,
2025-03-15T21:00:00.000Z,GR,Greece,GR,193.0,249.0,,54.0,,False,
2025-03-15T22:00:00.000Z,GR,Greece,GR,176.0,229.0,,59.0,,False,
2025-03-15T23:00:00.000Z,GR,Greece,GR,163.0,213.0,,63.0,,False,
2025-03-16T00:00:00.000Z,GR,Greece,GR,145.0,186.0,,69.0,,False,
2025-03-16T01:00:00.000Z,GR,Greece,GR,148.0,189.0,,69.0,,False,
2025-03-16T02:00:00.000Z,GR,Greece,GR,158.0,199.0,,67.0,,False,
2025-03-16T03:00:00.000Z,GR,Greece,GR,174.0,221.0,,63.0,,False,
2025-03-16T04:00:00.000Z,GR,Greece,GR,160.0,205.0,,66.0,,False,
2025-03-16T05:00:00.000Z,GR,Greece,GR,115.0,154.0,,75.0,,False,
2025-03-16T06:00:00.000Z,GR,Greece,GR,80.0,115.0,,83.0,,False,
2025-03-16T07:00:00.000Z,GR,Greece,GR,65.0,99.0,,86.0,,False,
2025-03-16T08:00:00.000Z,GR,Greece,GR,65.0,100.0,,86.0,,False,
2025-03-16T09:00:00.000Z,GR,Greece,GR,64.0,99.0,,86.0,,False,
2025-03-16T10:00:00.000Z,GR,Greece,GR,67.0,102.0,,86.0,,False,
2025-03-16T11:00:00.000Z,GR,Greece,GR,66.0,102.0,,86.0,,False,
2025-03-16T12:00:00.000Z,GR,Greece,GR,72.0,108.0,,85.0,,False,
2025-03-16T13:00:00.000Z,GR,Greece,GR,78.0,116.0,,83.0,,False,
2025-03-16T14:00:00.000Z,GR,Greece,GR,91.0,130.0,,80.0,,False,
2025-03-16T15:00:00.000Z,GR,Greece,GR,141.0,184.0,,70.0,,False,
2025-03-16T16:00:00.000Z,GR,Greece,GR,181.0,224.0,,59.0,,False,
2025-03-16T17:00:00.000Z,GR,Greece,GR,190.0,232.0,,58.0,,False,
2025-03-16T18:00:00.000Z,GR,Greece,GR,207.0,256.0,,53.0,,False,
2025-03-16T19:00:00.000Z,GR,Greece,GR,237.0,293.0,,47.0,,False,
2025-03-16T20:00:00.000Z,GR,Greece,GR,247.0,302.0,,46.0,,False,
2025-03-16T21:00:00.000Z,GR,Greece,GR,237.0,294.0,,47.0,,False,
2025-03-16T22:00:00.000Z,GR,Greece,GR,226.0,285.0,,50.0,,False,
2025-03-16T23:00:00.000Z,GR,Greece,GR,226.0,279.0,,52.0,,False,
2025-03-17T00:00:00.000Z,GR,Greece,GR,222.0,274.0,,53.0,,False,
2025-03-17T01:00:00.000Z,GR,Greece,GR,224.0,277.0,,53.0,,False,
2025-03-17T02:00:00.000Z,GR,Greece,GR,232.0,288.0,,51.0,,False,
2025-03-17T03:00:00.000Z,GR,Greece,GR,235.0,293.0,,50.0,,False,
2025-03-17T04:00:00.000Z,GR,Greece,GR,227.0,282.0,,53.0,,False,
2025-03-17T05:00:00.000Z,GR,Greece,GR,170.0,224.0,,60.0,,False,
2025-03-17T06:00:00.000Z,GR,Greece,GR,106.0,148.0,,76.0,,False,
2025-03-17T07:00:00.000Z,GR,Greece,GR,51.0,83.0,,89.0,,False,
2025-03-17T08:00:00.000Z,GR,Greece,GR,50.0,81.0,,90.0,,False,
2025-03-17T09:00:00.000Z,GR,Greece,GR,48.0,80.0,,90.0,,False,
2025-03-17T10:00:00.000Z,GR,Greece,GR,49.0,81.0,,90.0,,False,
2025-03-17T11:00:00.000Z,GR,Greece,GR,50.0,82.0,,89.0,,False,
2025-03-17T12:00:00.000Z,GR,Greece,GR,52.0,84.0,,89.0,,False,
2025-03-17T13:00:00.000Z,GR,Greece,GR,54.0,86.0,,88.0,,False,
2025-03-17T14:00:00.000Z,GR,Greece,GR,67.0,101.0,,85.0,,False,
2025-03-17T15:00:00.000Z,GR,Greece,GR,115.0,154.0,,74.0,,False,
2025-03-17T16:00:00.000Z,GR,Greece,GR,192.0,244.0,,54.0,,False,
2025-03-17T17:00:00.000Z,GR,Greece,GR,203.0,259.0,,51.0,,False,
2025-03-17T18:00:00.000Z,GR,Greece,GR,200.0,255.0,,52.0,,False,
2025-03-17T19:00:00.000Z,GR,Greece,GR,207.0,264.0,,50.0,,False,
2025-03-17T20:00:00.000Z,GR,Greece,GR,221.0,286.0,,47.0,,False,
2025-03-17T21:00:00.000Z,GR,Greece,GR,225.0,294.0,,46.0,,False,
2025-03-17T22:00:00.000Z,GR,Greece,GR,221.0,287.0,,48.0,,False,
2025-03-17T23:00:00.000Z,GR,Greece,GR,202.0,260.0,,54.0,,False,
2025-03-18T00:00:00.000Z,GR,Greece,GR,212.0,271.0,,52.0,,False,
2025-03-18T01:00:00.000Z,GR,Greece,GR,248.0,317.0,,42.0,,False,
2025-03-18T02:00:00.000Z,GR,Greece,GR,262.0,334.0,,39.0,,False,
2025-03-18T03:00:00.000Z,GR,Greece,GR,262.0,331.0,,40.0,,False,
2025-03-18T04:00:00.000Z,GR,Greece,GR,259.0,332.0,,39.0,,False,
2025-03-18T05:00:00.000Z,GR,Greece,GR,242.0,315.0,,42.0,,False,
2025-03-18T06:00:00.000Z,GR,Greece,GR,191.0,254.0,,54.0,,False,
2025-03-18T07:00:00.000Z,GR,Greece,GR,126.0,173.0,,72.0,,False,
2025-03-18T08:00:00.000Z,GR,Greece,GR,120.0,161.0,,75.0,,False,
2025-03-18T09:00:00.000Z,GR,Greece,GR,142.0,183.0,,71.0,,False,
2025-03-18T10:00:00.000Z,GR,Greece,GR,150.0,191.0,,69.0,,False,
2025-03-18T11:00:00.000Z,GR,Greece,GR,160.0,202.0,,67.0,,False,
2025-03-18T12:00:00.000Z,GR,Greece,GR,166.0,209.0,,66.0,,False,
2025-03-18T13:00:00.000Z,GR,Greece,GR,176.0,220.0,,63.0,,False,
2025-03-18T14:00:00.000Z,GR,Greece,GR,196.0,247.0,,58.0,,False,
2025-03-18T15:00:00.000Z,GR,Greece,GR,230.0,292.0,,48.0,,False,
2025-03-18T16:00:00.000Z,GR,Greece,GR,249.0,320.0,,40.0,,False,
2025-03-18T17:00:00.000Z,GR,Greece,GR,237.0,304.0,,43.0,,False,
2025-03-18T18:00:00.000Z,GR,Greece,GR,229.0,295.0,,44.0,,False,
2025-03-18T19:00:00.000Z,GR,Greece,GR,215.0,278.0,,48.0,,False,
2025-03-18T20:00:00.000Z,GR,Greece,GR,219.0,286.0,,47.0,,False,
2025-03-18T21:00:00.000Z,GR,Greece,GR,210.0,275.0,,49.0,,False,
2025-03-18T22:00:00.000Z,GR,Greece,GR,190.0,248.0,,55.0,,False,
2025-03-18T23:00:00.000Z,GR,Greece,GR,159.0,208.0,,64.0,,False,
2025-03-19T00:00:00.000Z,GR,Greece,GR,151.0,198.0,,66.0,,False,
2025-03-19T01:00:00.000Z,GR,Greece,GR,154.0,201.0,,65.0,,False,
2025-03-19T02:00:00.000Z,GR,Greece,GR,152.0,199.0,,66.0,,False,
2025-03-19T03:00:00.000Z,GR,Greece,GR,155.0,202.0,,65.0,,False,
2025-03-19T04:00:00.000Z,GR,Greece,GR,166.0,217.0,,62.0,,False,
2025-03-19T05:00:00.000Z,GR,Greece,GR,151.0,201.0,,65.0,,False,
2025-03-19T06:00:00.000Z,GR,Greece,GR,93.0,132.0,,79.0,,False,
2025-03-19T07:00:00.000Z,GR,Greece,GR,55.0,86.0,,89.0,,False,
2025-03-19T08:00:00.000Z,GR,Greece,GR,57.0,88.0,,88.0,,False,
2025-03-19T09:00:00.000Z,GR,Greece,GR,66.0,99.0,,86.0,,False,
2025-03-19T10:00:00.000Z,GR,Greece,GR,81.0,115.0,,82.0,,False,
2025-03-19T11:00:00.000Z,GR,Greece,GR,91.0,126.0,,80.0,,False,
2025-03-19T12:00:00.000Z,GR,Greece,GR,96.0,132.0,,79.0,,False,
2025-03-19T13:00:00.000Z,GR,Greece,GR,83.0,118.0,,82.0,,False,
2025-03-19T14:00:00.000Z,GR,Greece,GR,88.0,124.0,,81.0,,False,
2025-03-19T15:00:00.000Z,GR,Greece,GR,145.0,191.0,,68.0,,False,
2025-03-19T16:00:00.000Z,GR,Greece,GR,228.0,286.0,,47.0,,False,
2025-03-19T17:00:00.000Z,GR,Greece,GR,224.0,286.0,,46.0,,False,
2025-03-19T18:00:00.000Z,GR,Greece,GR,248.0,316.0,,40.0,,False,
2025-03-19T19:00:00.000Z,GR,Greece,GR,259.0,326.0,,39.0,,False,
2025-03-19T20:00:00.000Z,GR,Greece,GR,265.0,336.0,,37.0,,False,
2025-03-19T21:00:00.000Z,GR,Greece,GR,262.0,336.0,,38.0,,False,
2025-03-19T22:00:00.000Z,GR,Greece,GR,242.0,310.0,,44.0,,False,
2025-03-19T23:00:00.000Z,GR,Greece,GR,258.0,329.0,,40.0,,False,
2025-03-20T00:00:00.000Z,GR,Greece,GR,265.0,334.0,,39.0,,False,
2025-03-20T01:00:00.000Z,GR,Greece,GR,267.0,337.0,,39.0,,False,
2025-03-20T02:00:00.000Z,GR,Greece,GR,265.0,336.0,,40.0,,False,
2025-03-20T03:00:00.000Z,GR,Greece,GR,261.0,328.0,,42.0,,False,
2025-03-20T04:00:00.000Z,GR,Greece,GR,252.0,320.0,,43.0,,False,
2025-03-20T05:00:00.000Z,GR,Greece,GR,190.0,247.0,,56.0,,False,
2025-03-20T06:00:00.000Z,GR,Greece,GR,116.0,161.0,,74.0,,False,
2025-03-20T07:00:00.000Z,GR,Greece,GR,72.0,107.0,,85.0,,False,
2025-03-20T08:00:00.000Z,GR,Greece,GR,67.0,102.0,,86.0,,False,
2025-03-20T09:00:00.000Z,GR,Greece,GR,77.0,114.0,,83.0,,False,
2025-03-20T10:00:00.000Z,GR,Greece,GR,104.0,143.0,,77.0,,False,
2025-03-20T11:00:00.000Z,GR,Greece,GR,93.0,130.0,,80.0,,False,
2025-03-20T12:00:00.000Z,GR,Greece,GR,97.0,134.0,,80.0,,False,
2025-03-20T13:00:00.000Z,GR,Greece,GR,88.0,128.0,,80.0,,False,
2025-03-20T14:00:00.000Z,GR,Greece,GR,131.0,179.0,,71.0,,False,
2025-03-20T15:00:00.000Z,GR,Greece,GR,224.0,287.0,,50.0,,False,
2025-03-20T16:00:00.000Z,GR,Greece,GR,301.0,376.0,,31.0,,False,
2025-03-20T17:00:00.000Z,GR,Greece,GR,304.0,382.0,,29.0,,False,
2025-03-20T18:00:00.000Z,GR,Greece,GR,313.0,392.0,,27.0,,False,
2025-03-20T19:00:00.000Z,GR,Greece,GR,331.0,415.0,,22.0,,False,
2025-03-20T20:00:00.000Z,GR,Greece,GR,336.0,421.0,,21.0,,False,
2025-03-20T21:00:00.000Z,GR,Greece,GR,346.0,435.0,,18.0,,False,
2025-03-20T22:00:00.000Z,GR,Greece,GR,358.0,452.0,,16.0,,False,
2025-03-20T23:00:00.000Z,GR,Greece,GR,364.0,456.0,,16.0,,False,
2025-03-21T00:00:00.000Z,GR,Greece,GR,368.0,456.0,,17.0,,False,
2025-03-21T01:00:00.000Z,GR,Greece,GR,369.0,457.0,,17.0,,False,
2025-03-21T02:00:00.000Z,GR,Greece,GR,371.0,459.0,,17.0,,False,
2025-03-21T03:00:00.000Z,GR,Greece,GR,362.0,450.0,,18.0,,False,
2025-03-21T04:00:00.000Z,GR,Greece,GR,333.0,417.0,,25.0,,False,
2025-03-21T05:00:00.000Z,GR,Greece,GR,253.0,328.0,,41.0,,False,
2025-03-21T06:00:00.000Z,GR,Greece,GR,157.0,214.0,,63.0,,False,
2025-03-21T07:00:00.000Z,GR,Greece,GR,84.0,124.0,,82.0,,False,
2025-03-21T08:00:00.000Z,GR,Greece,GR,65.0,100.0,,86.0,,False,
2025-03-21T09:00:00.000Z,GR,Greece,GR,76.0,113.0,,83.0,,False,
2025-03-21T10:00:00.000Z,GR,Greece,GR,91.0,128.0,,81.0,,False,
2025-03-21T11:00:00.000Z,GR,Greece,GR,105.0,143.0,,78.0,,False,
2025-03-21T12:00:00.000Z,GR,Greece,GR,124.0,165.0,,73.0,,False,
2025-03-21T13:00:00.000Z,GR,Greece,GR,115.0,154.0,,76.0,,False,
2025-03-21T14:00:00.000Z,GR,Greece,GR,135.0,182.0,,70.0,,False,
2025-03-21T15:00:00.000Z,GR,Greece,GR,238.0,302.0,,46.0,,False,
2025-03-21T16:00:00.000Z,GR,Greece,GR,313.0,393.0,,26.0,,False,
2025-03-21T17:00:00.000Z,GR,Greece,GR,308.0,384.0,,28.0,,False,
2025-03-21T18:00:00.000Z,GR,Greece,GR,315.0,390.0,,27.0,,False,
2025-03-21T19:00:00.000Z,GR,Greece,GR,320.0,396.0,,26.0,,False,
2025-03-21T20:00:00.000Z,GR,Greece,GR,334.0,415.0,,23.0,,False,
2025-03-21T21:00:00.000Z,GR,Greece,GR,359.0,451.0,,16.0,,False,
2025-03-21T22:00:00.000Z,GR,Greece,GR,365.0,452.0,,17.0,,False,
2025-03-21T23:00:00.000Z,GR,Greece,GR,370.0,451.0,,18.0,,False,
2025-03-22T00:00:00.000Z,GR,Greece,GR,372.0,449.0,,19.0,,False,
2025-03-22T01:00:00.000Z,GR,Greece,GR,367.0,440.0,,22.0,,False,
2025-03-22T02:00:00.000Z,GR,Greece,GR,369.0,443.0,,21.0,,False,
2025-03-22T03:00:00.000Z,GR,Greece,GR,363.0,434.0,,24.0,,False,
2025-03-22T04:00:00.000Z,GR,Greece,GR,353.0,422.0,,26.0,,False,
2025-03-22T05:00:00.000Z,GR,Greece,GR,275.0,333.0,,43.0,,False,
2025-03-22T06:00:00.000Z,GR,Greece,GR,162.0,207.0,,67.0,,False,
2025-03-22T07:00:00.000Z,GR,Greece,GR,105.0,146.0,,77.0,,False,
2025-03-22T08:00:00.000Z,GR,Greece,GR,112.0,152.0,,76.0,,False,
2025-03-22T09:00:00.000Z,GR,Greece,GR,96.0,134.0,,79.0,,False,
2025-03-22T10:00:00.000Z,GR,Greece,GR,106.0,145.0,,77.0,,False,
2025-03-22T11:00:00.000Z,GR,Greece,GR,107.0,146.0,,77.0,,False,
2025-03-22T12:00:00.000Z,GR,Greece,GR,115.0,154.0,,75.0,,False,
2025-03-22T13:00:00.000Z,GR,Greece,GR,125.0,166.0,,73.0,,False,
2025-03-22T14:00:00.000Z,GR,Greece,GR,166.0,215.0,,63.0,,False,
2025-03-22T15:00:00.000Z,GR,Greece,GR,244.0,299.0,,46.0,,False,
2025-03-22T16:00:00.000Z,GR,Greece,GR,274.0,330.0,,40.0,,False,
2025-03-22T17:00:00.000Z,GR,Greece,GR,265.0,323.0,,41.0,,False,
2025-03-22T18:00:00.000Z,GR,Greece,GR,272.0,330.0,,40.0,,False,
2025-03-22T19:00:00.000Z,GR,Greece,GR,289.0,351.0,,37.0,,False,
2025-03-22T20:00:00.000Z,GR,Greece,GR,289.0,351.0,,37.0,,False,
2025-03-22T21:00:00.000Z,GR,Greece,GR,286.0,348.0,,38.0,,False,
2025-03-22T22:00:00.000Z,GR,Greece,GR,279.0,336.0,,40.0,,False,
2025-03-22T23:00:00.000Z,GR,Greece,GR,281.0,334.0,,41.0,,False,
2025-03-23T00:00:00.000Z,GR,Greece,GR,272.0,322.0,,43.0,,False,
2025-03-23T01:00:00.000Z,GR,Greece,GR,270.0,319.0,,44.0,,False,
2025-03-23T02:00:00.000Z,GR,Greece,GR,270.0,319.0,,44.0,,False,
2025-03-23T03:00:00.000Z,GR,Greece,GR,270.0,318.0,,44.0,,False,
2025-03-23T04:00:00.000Z,GR,Greece,GR,259.0,305.0,,46.0,,False,
2025-03-23T05:00:00.000Z,GR,Greece,GR,221.0,264.0,,55.0,,False,
2025-03-23T06:00:00.000Z,GR,Greece,GR,171.0,212.0,,64.0,,False,
2025-03-23T07:00:00.000Z,GR,Greece,GR,128.0,169.0,,72.0,,False,
2025-03-23T08:00:00.000Z,GR,Greece,GR,121.0,160.0,,74.0,,False,
2025-03-23T09:00:00.000Z,GR,Greece,GR,121.0,160.0,,74.0,,False,
2025-03-23T10:00:00.000Z,GR,Greece,GR,137.0,178.0,,70.0,,False,
2025-03-23T11:00:00.000Z,GR,Greece,GR,145.0,187.0,,68.0,,False,
2025-03-23T12:00:00.000Z,GR,Greece,GR,163.0,207.0,,65.0,,False,
2025-03-23T13:00:00.000Z,GR,Greece,GR,158.0,200.0,,65.0,,False,
2025-03-23T14:00:00.000Z,GR,Greece,GR,155.0,199.0,,66.0,,False,
2025-03-23T15:00:00.000Z,GR,Greece,GR,186.0,230.0,,60.0,,False,
2025-03-23T16:00:00.000Z,GR,Greece,GR,219.0,274.0,,49.0,,False,
2025-03-23T17:00:00.000Z,GR,Greece,GR,206.0,260.0,,52.0,,False,
2025-03-23T18:00:00.000Z,GR,Greece,GR,223.0,282.0,,48.0,,False,
2025-03-23T19:00:00.000Z,GR,Greece,GR,216.0,275.0,,49.0,,False,
2025-03-23T20:00:00.000Z,GR,Greece,GR,197.0,251.0,,54.0,,False,
2025-03-23T21:00:00.000Z,GR,Greece,GR,205.0,262.0,,53.0,,False,
2025-03-23T22:00:00.000Z,GR,Greece,GR,199.0,256.0,,54.0,,False,
2025-03-23T23:00:00.000Z,GR,Greece,GR,192.0,249.0,,56.0,,False,
2025-03-24T00:00:00.000Z,GR,Greece,GR,171.0,222.0,,61.0,,False,
2025-03-24T01:00:00.000Z,GR,Greece,GR,170.0,222.0,,61.0,,False,
2025-03-24T02:00:00.000Z,GR,Greece,GR,174.0,226.0,,60.0,,False,
2025-03-24T03:00:00.000Z,GR,Greece,GR,180.0,234.0,,59.0,,False,
2025-03-24T04:00:00.000Z,GR,Greece,GR,181.0,236.0,,58.0,,False,
2025-03-24T05:00:00.000Z,GR,Greece,GR,191.0,251.0,,54.0,,False,
2025-03-24T06:00:00.000Z,GR,Greece,GR,179.0,237.0,,57.0,,False,
2025-03-24T07:00:00.000Z,GR,Greece,GR,154.0,206.0,,63.0,,False,
2025-03-24T08:00:00.000Z,GR,Greece,GR,130.0,177.0,,70.0,,False,
2025-03-24T09:00:00.000Z,GR,Greece,GR,99.0,138.0,,78.0,,False,
2025-03-24T10:00:00.000Z,GR,Greece,GR,98.0,138.0,,78.0,,False,
2025-03-24T11:00:00.000Z,GR,Greece,GR,99.0,138.0,,78.0,,False,
2025-03-24T12:00:00.000Z,GR,Greece,GR,103.0,144.0,,77.0,,False,
2025-03-24T13:00:00.000Z,GR,Greece,GR,115.0,158.0,,74.0,,False,
2025-03-24T14:00:00.000Z,GR,Greece,GR,159.0,213.0,,62.0,,False,
2025-03-24T15:00:00.000Z,GR,Greece,GR,213.0,279.0,,48.0,,False,
2025-03-24T16:00:00.000Z,GR,Greece,GR,238.0,307.0,,42.0,,False,
2025-03-24T17:00:00.000Z,GR,Greece,GR,239.0,310.0,,42.0,,False,
2025-03-24T18:00:00.000Z,GR,Greece,GR,237.0,308.0,,42.0,,False,
2025-03-24T19:00:00.000Z,GR,Greece,GR,242.0,317.0,,41.0,,False,
2025-03-24T20:00:00.000Z,GR,Greece,GR,262.0,341.0,,36.0,,False,
2025-03-24T21:00:00.000Z,GR,Greece,GR,274.0,357.0,,33.0,,False,
2025-03-24T22:00:00.000Z,GR,Greece,GR,259.0,336.0,,37.0,,False,
2025-03-24T23:00:00.000Z,GR,Greece,GR,244.0,317.0,,41.0,,False,
2025-03-25T00:00:00.000Z,GR,Greece,GR,211.0,273.0,,51.0,,False,
2025-03-25T01:00:00.000Z,GR,Greece,GR,197.0,254.0,,55.0,,False,
2025-03-25T02:00:00.000Z,GR,Greece,GR,189.0,245.0,,57.0,,False,
2025-03-25T03:00:00.000Z,GR,Greece,GR,209.0,270.0,,52.0,,False,
2025-03-25T04:00:00.000Z,GR,Greece,GR,217.0,281.0,,50.0,,False,
2025-03-25T05:00:00.000Z,GR,Greece,GR,239.0,311.0,,43.0,,False,
2025-03-25T06:00:00.000Z,GR,Greece,GR,234.0,306.0,,44.0,,False,
2025-03-25T07:00:00.000Z,GR,Greece,GR,206.0,272.0,,50.0,,False,
2025-03-25T08:00:00.000Z,GR,Greece,GR,177.0,236.0,,59.0,,False,
2025-03-25T09:00:00.000Z,GR,Greece,GR,166.0,222.0,,61.0,,False,
2025-03-25T10:00:00.000Z,GR,Greece,GR,141.0,188.0,,68.0,,False,
2025-03-25T11:00:00.000Z,GR,Greece,GR,164.0,215.0,,62.0,,False,
2025-03-25T12:00:00.000Z,GR,Greece,GR,178.0,230.0,,59.0,,False,
2025-03-25T13:00:00.000Z,GR,Greece,GR,177.0,230.0,,60.0,,False,
2025-03-25T14:00:00.000Z,GR,Greece,GR,215.0,280.0,,50.0,,False,
2025-03-25T15:00:00.000Z,GR,Greece,GR,281.0,366.0,,32.0,,False,
2025-03-25T16:00:00.000Z,GR,Greece,GR,290.0,375.0,,29.0,,False,
2025-03-25T17:00:00.000Z,GR,Greece,GR,284.0,367.0,,31.0,,False,
2025-03-25T18:00:00.000Z,GR,Greece,GR,290.0,372.0,,29.0,,False,
2025-03-25T19:00:00.000Z,GR,Greece,GR,296.0,379.0,,28.0,,False,
2025-03-25T20:00:00.000Z,GR,Greece,GR,306.0,395.0,,26.0,,False,
2025-03-25T21:00:00.000Z,GR,Greece,GR,305.0,392.0,,27.0,,False,
2025-03-25T22:00:00.000Z,GR,Greece,GR,309.0,393.0,,28.0,,False,
2025-03-25T23:00:00.000Z,GR,Greece,GR,308.0,395.0,,27.0,,False,
2025-03-26T00:00:00.000Z,GR,Greece,GR,327.0,405.0,,27.0,,False,
2025-03-26T01:00:00.000Z,GR,Greece,GR,313.0,387.0,,32.0,,False,
2025-03-26T02:00:00.000Z,GR,Greece,GR,314.0,389.0,,31.0,,False,
2025-03-26T03:00:00.000Z,GR,Greece,GR,314.0,391.0,,31.0,,False,
2025-03-26T04:00:00.000Z,GR,Greece,GR,303.0,377.0,,34.0,,False,
2025-03-26T05:00:00.000Z,GR,Greece,GR,253.0,327.0,,41.0,,False,
2025-03-26T06:00:00.000Z,GR,Greece,GR,202.0,268.0,,52.0,,False,
2025-03-26T07:00:00.000Z,GR,Greece,GR,169.0,229.0,,59.0,,False,
2025-03-26T08:00:00.000Z,GR,Greece,GR,156.0,213.0,,63.0,,False,
2025-03-26T09:00:00.000Z,GR,Greece,GR,140.0,193.0,,67.0,,False,
2025-03-26T10:00:00.000Z,GR,Greece,GR,130.0,179.0,,70.0,,False,
2025-03-26T11:00:00.000Z,GR,Greece,GR,111.0,157.0,,75.0,,False,
2025-03-26T12:00:00.000Z,GR,Greece,GR,107.0,153.0,,75.0,,False,
2025-03-26T13:00:00.000Z,GR,Greece,GR,140.0,192.0,,67.0,,False,
2025-03-26T14:00:00.000Z,GR,Greece,GR,195.0,261.0,,53.0,,False,
2025-03-26T15:00:00.000Z,GR,Greece,GR,253.0,329.0,,39.0,,False,
2025-03-26T16:00:00.000Z,GR,Greece,GR,298.0,380.0,,28.0,,False,
2025-03-26T17:00:00.000Z,GR,Greece,GR,286.0,364.0,,31.0,,False,
2025-03-26T18:00:00.000Z,GR,Greece,GR,291.0,370.0,,31.0,,False,
2025-03-26T19:00:00.000Z,GR,Greece,GR,280.0,358.0,,34.0,,False,
2025-03-26T20:00:00.000Z,GR,Greece,GR,287.0,368.0,,32.0,,False,
2025-03-26T21:00:00.000Z,GR,Greece,GR,294.0,374.0,,32.0,,False,
2025-03-26T22:00:00.000Z,GR,Greece,GR,263.0,333.0,,39.0,,False,
2025-03-26T23:00:00.000Z,GR,Greece,GR,268.0,338.0,,39.0,,False,
2025-03-27T00:00:00.000Z,GR,Greece,GR,289.0,360.0,,35.0,,False,
2025-03-27T01:00:00.000Z,GR,Greece,GR,285.0,353.0,,37.0,,False,
2025-03-27T02:00:00.000Z,GR,Greece,GR,274.0,339.0,,40.0,,False,
2025-03-27T03:00:00.000Z,GR,Greece,GR,274.0,338.0,,41.0,,False,
2025-03-27T04:00:00.000Z,GR,Greece,GR,274.0,343.0,,40.0,,False,
2025-03-27T05:00:00.000Z,GR,Greece,GR,241.0,310.0,,44.0,,False,
2025-03-27T06:00:00.000Z,GR,Greece,GR,217.0,285.0,,48.0,,False,
2025-03-27T07:00:00.000Z,GR,Greece,GR,182.0,243.0,,57.0,,False,
2025-03-27T08:00:00.000Z,GR,Greece,GR,139.0,190.0,,68.0,,False,
2025-03-27T09:00:00.000Z,GR,Greece,GR,115.0,155.0,,76.0,,False,
2025-03-27T10:00:00.000Z,GR,Greece,GR,135.0,179.0,,71.0,,False,
2025-03-27T11:00:00.000Z,GR,Greece,GR,154.0,200.0,,67.0,,False,
2025-03-27T12:00:00.000Z,GR,Greece,GR,167.0,212.0,,64.0,,False,
2025-03-27T13:00:00.000Z,GR,Greece,GR,194.0,244.0,,58.0,,False,
2025-03-27T14:00:00.000Z,GR,Greece,GR,227.0,285.0,,49.0,,False,
2025-03-27T15:00:00.000Z,GR,Greece,GR,274.0,347.0,,36.0,,False,
2025-03-27T16:00:00.000Z,GR,Greece,GR,298.0,378.0,,29.0,,False,
2025-03-27T17:00:00.000Z,GR,Greece,GR,284.0,358.0,,34.0,,False,
2025-03-27T18:00:00.000Z,GR,Greece,GR,271.0,339.0,,37.0,,False,
2025-03-27T19:00:00.000Z,GR,Greece,GR,276.0,345.0,,37.0,,False,
2025-03-27T20:00:00.000Z,GR,Greece,GR,293.0,368.0,,32.0,,False,
2025-03-27T21:00:00.000Z,GR,Greece,GR,313.0,394.0,,27.0,,False,
2025-03-27T22:00:00.000Z,GR,Greece,GR,320.0,399.0,,27.0,,False,
2025-03-27T23:00:00.000Z,GR,Greece,GR,310.0,381.0,,31.0,,False,
2025-03-28T00:00:00.000Z,GR,Greece,GR,314.0,384.0,,31.0,,False,
2025-03-28T01:00:00.000Z,GR,Greece,GR,323.0,395.0,,29.0,,False,
2025-03-28T02:00:00.000Z,GR,Greece,GR,327.0,399.0,,28.0,,False,
2025-03-28T03:00:00.000Z,GR,Greece,GR,330.0,402.0,,28.0,,False,
2025-03-28T04:00:00.000Z,GR,Greece,GR,322.0,390.0,,31.0,,False,
2025-03-28T05:00:00.000Z,GR,Greece,GR,254.0,317.0,,45.0,,False,
2025-03-28T06:00:00.000Z,GR,Greece,GR,151.0,200.0,,67.0,,False,
2025-03-28T07:00:00.000Z,GR,Greece,GR,97.0,137.0,,79.0,,False,
2025-03-28T08:00:00.000Z,GR,Greece,GR,90.0,131.0,,80.0,,False,
2025-03-28T09:00:00.000Z,GR,Greece,GR,70.0,106.0,,86.0,,False,
2025-03-28T10:00:00.000Z,GR,Greece,GR,65.0,100.0,,87.0,,False,
2025-03-28T11:00:00.000Z,GR,Greece,GR,65.0,101.0,,86.0,,False,
2025-03-28T12:00:00.000Z,GR,Greece,GR,70.0,105.0,,85.0,,False,
2025-03-28T13:00:00.000Z,GR,Greece,GR,96.0,136.0,,79.0,,False,
2025-03-28T14:00:00.000Z,GR,Greece,GR,147.0,199.0,,66.0,,False,
2025-03-28T15:00:00.000Z,GR,Greece,GR,237.0,302.0,,45.0,,False,
2025-03-28T16:00:00.000Z,GR,Greece,GR,259.0,327.0,,39.0,,False,
2025-03-28T17:00:00.000Z,GR,Greece,GR,268.0,341.0,,36.0,,False,
2025-03-28T18:00:00.000Z,GR,Greece,GR,274.0,344.0,,35.0,,False,
2025-03-28T19:00:00.000Z,GR,Greece,GR,301.0,377.0,,29.0,,False,
2025-03-28T20:00:00.000Z,GR,Greece,GR,311.0,392.0,,27.0,,False,
2025-03-28T21:00:00.000Z,GR,Greece,GR,318.0,397.0,,25.0,,False,
2025-03-28T22:00:00.000Z,GR,Greece,GR,300.0,376.0,,30.0,,False,
2025-03-28T23:00:00.000Z,GR,Greece,GR,282.0,346.0,,37.0,,False,
2025-03-29T00:00:00.000Z,GR,Greece,GR,284.0,346.0,,37.0,,False,
2025-03-29T01:00:00.000Z,GR,Greece,GR,284.0,348.0,,37.0,,False,
2025-03-29T02:00:00.000Z,GR,Greece,GR,287.0,349.0,,37.0,,False,
2025-03-29T03:00:00.000Z,GR,Greece,GR,286.0,345.0,,38.0,,False,
2025-03-29T04:00:00.000Z,GR,Greece,GR,277.0,335.0,,41.0,,False,
2025-03-29T05:00:00.000Z,GR,Greece,GR,235.0,298.0,,46.0,,False,
2025-03-29T06:00:00.000Z,GR,Greece,GR,181.0,236.0,,59.0,,False,
2025-03-29T07:00:00.000Z,GR,Greece,GR,135.0,181.0,,70.0,,False,
2025-03-29T08:00:00.000Z,GR,Greece,GR,125.0,169.0,,72.0,,False,
2025-03-29T09:00:00.000Z,GR,Greece,GR,110.0,151.0,,76.0,,False,
2025-03-29T10:00:00.000Z,GR,Greece,GR,110.0,151.0,,75.0,,False,
2025-03-29T11:00:00.000Z,GR,Greece,GR,138.0,187.0,,68.0,,False,
2025-03-29T12:00:00.000Z,GR,Greece,GR,125.0,169.0,,72.0,,False,
2025-03-29T13:00:00.000Z,GR,Greece,GR,131.0,175.0,,71.0,,False,
2025-03-29T14:00:00.000Z,GR,Greece,GR,178.0,233.0,,59.0,,False,
2025-03-29T15:00:00.000Z,GR,Greece,GR,227.0,292.0,,48.0,,False,
2025-03-29T16:00:00.000Z,GR,Greece,GR,275.0,346.0,,36.0,,False,
2025-03-29T17:00:00.000Z,GR,Greece,GR,269.0,337.0,,37.0,,False,
2025-03-29T18:00:00.000Z,GR,Greece,GR,271.0,338.0,,38.0,,False,
2025-03-29T19:00:00.000Z,GR,Greece,GR,289.0,363.0,,33.0,,False,
2025-03-29T20:00:00.000Z,GR,Greece,GR,299.0,371.0,,32.0,,False,
2025-03-29T21:00:00.000Z,GR,Greece,GR,306.0,380.0,,30.0,,False,
2025-03-29T22:00:00.000Z,GR,Greece,GR,307.0,380.0,,30.0,,False,
2025-03-29T23:00:00.000Z,GR,Greece,GR,316.0,381.0,,32.0,,False,
2025-03-30T00:00:00.000Z,GR,Greece,GR,307.0,368.0,,35.0,,True,FORECASTS_HIERARCHY
2025-03-30T01:00:00.000Z,GR,Greece,GR,319.0,379.0,,35.0,,True,FORECASTS_HIERARCHY
2025-03-30T02:00:00.000Z,GR,Greece,GR,327.0,386.0,,34.0,,True,FORECASTS_HIERARCHY
2025-03-30T03:00:00.000Z,GR,Greece,GR,328.0,387.0,,34.0,,True,FORECASTS_HIERARCHY
2025-03-30T04:00:00.000Z,GR,Greece,GR,326.0,385.0,,34.0,,True,FORECASTS_HIERARCHY
2025-03-30T05:00:00.000Z,GR,Greece,GR,275.0,329.0,,46.0,,False,
2025-03-30T06:00:00.000Z,GR,Greece,GR,209.0,258.0,,59.0,,False,
2025-03-30T07:00:00.000Z,GR,Greece,GR,173.0,217.0,,68.0,,False,
2025-03-30T08:00:00.000Z,GR,Greece,GR,182.0,227.0,,66.0,,False,
2025-03-30T09:00:00.000Z,GR,Greece,GR,175.0,218.0,,67.0,,False,
2025-03-30T10:00:00.000Z,GR,Greece,GR,169.0,211.0,,68.0,,False,
2025-03-30T11:00:00.000Z,GR,Greece,GR,177.0,220.0,,67.0,,False,
2025-03-30T12:00:00.000Z,GR,Greece,GR,172.0,214.0,,68.0,,False,
2025-03-30T13:00:00.000Z,GR,Greece,GR,188.0,232.0,,65.0,,False,
2025-03-30T14:00:00.000Z,GR,Greece,GR,222.0,273.0,,57.0,,False,
2025-03-30T15:00:00.000Z,GR,Greece,GR,272.0,330.0,,44.0,,False,
2025-03-30T16:00:00.000Z,GR,Greece,GR,315.0,379.0,,33.0,,False,
2025-03-30T17:00:00.000Z,GR,Greece,GR,319.0,390.0,,29.0,,False,
2025-03-30T18:00:00.000Z,GR,Greece,GR,321.0,392.0,,29.0,,False,
2025-03-30T19:00:00.000Z,GR,Greece,GR,335.0,406.0,,27.0,,False,
2025-03-30T20:00:00.000Z,GR,Greece,GR,344.0,419.0,,25.0,,False,
2025-03-30T21:00:00.000Z,GR,Greece,GR,352.0,427.0,,25.0,,False,
2025-03-30T22:00:00.000Z,GR,Greece,GR,345.0,414.0,,28.0,,False,
2025-03-30T23:00:00.000Z,GR,Greece,GR,345.0,413.0,,28.0,,True,FORECASTS_HIERARCHY
2025-03-31T00:00:00.000Z,GR,Greece,GR,341.0,411.0,,28.0,,True,FORECASTS_HIERARCHY
2025-03-31T01:00:00.000Z,GR,Greece,GR,347.0,417.0,,28.0,,True,FORECASTS_HIERARCHY
2025-03-31T02:00:00.000Z,GR,Greece,GR,347.0,418.0,,28.0,,True,FORECASTS_HIERARCHY
2025-03-31T03:00:00.000Z,GR,Greece,GR,344.0,416.0,,28.0,,False,
2025-03-31T04:00:00.000Z,GR,Greece,GR,321.0,390.0,,32.0,,False,
2025-03-31T05:00:00.000Z,GR,Greece,GR,268.0,334.0,,42.0,,False,
2025-03-31T06:00:00.000Z,GR,Greece,GR,217.0,277.0,,52.0,,False,
2025-03-31T07:00:00.000Z,GR,Greece,GR,181.0,233.0,,61.0,,False,
2025-03-31T08:00:00.000Z,GR,Greece,GR,154.0,203.0,,67.0,,False,
2025-03-31T09:00:00.000Z,GR,Greece,GR,142.0,188.0,,69.0,,False,
2025-03-31T10:00:00.000Z,GR,Greece,GR,136.0,180.0,,71.0,,False,
2025-03-31T11:00:00.000Z,GR,Greece,GR,142.0,187.0,,70.0,,False,
2025-03-31T12:00:00.000Z,GR,Greece,GR,161.0,208.0,,66.0,,False,
2025-03-31T13:00:00.000Z,GR,Greece,GR,169.0,220.0,,64.0,,False,
2025-03-31T14:00:00.000Z,GR,Greece,GR,206.0,265.0,,54.0,,False,
2025-03-31T15:00:00.000Z,GR,Greece,GR,242.0,309.0,,45.0,,False,
2025-03-31T16:00:00.000Z,GR,Greece,GR,255.0,322.0,,41.0,,False,
2025-03-31T17:00:00.000Z,GR,Greece,GR,250.0,316.0,,42.0,,False,
2025-03-31T18:00:00.000Z,GR,Greece,GR,251.0,318.0,,41.0,,False,
2025-03-31T19:00:00.000Z,GR,Greece,GR,266.0,336.0,,38.0,,False,
2025-03-31T20:00:00.000Z,GR,Greece,GR,269.0,341.0,,37.0,,False,
2025-03-31T21:00:00.000Z,GR,Greece,GR,275.0,351.0,,36.0,,False,
2025-03-31T22:00:00.000Z,GR,Greece,GR,288.0,370.0,,32.0,,False,
2025-03-31T23:00:00.000Z,GR,Greece,GR,277.0,352.0,,37.0,,False,
2025-04-01T00:00:00.000Z,GR,Greece,GR,266.0,338.0,,40.0,,False,
2025-04-01T01:00:00.000Z,GR,Greece,GR,251.0,319.0,,43.0,,False,
2025-04-01T02:00:00.000Z,GR,Greece,GR,244.0,310.0,,45.0,,False,
2025-04-01T03:00:00.000Z,GR,Greece,GR,249.0,316.0,,44.0,,False,
2025-04-01T04:00:00.000Z,GR,Greece,GR,256.0,326.0,,42.0,,False,
2025-04-01T05:00:00.000Z,GR,Greece,GR,229.0,298.0,,46.0,,False,
2025-04-01T06:00:00.000Z,GR,Greece,GR,194.0,254.0,,55.0,,False,
2025-04-01T07:00:00.000Z,GR,Greece,GR,168.0,221.0,,63.0,,False,
2025-04-01T08:00:00.000Z,GR,Greece,GR,162.0,214.0,,64.0,,False,
2025-04-01T09:00:00.000Z,GR,Greece,GR,156.0,207.0,,65.0,,False,
2025-04-01T10:00:00.000Z,GR,Greece,GR,145.0,191.0,,69.0,,False,
2025-04-01T11:00:00.000Z,GR,Greece,GR,129.0,174.0,,72.0,,False,
2025-04-01T12:00:00.000Z,GR,Greece,GR,136.0,181.0,,71.0,,False,
2025-04-01T13:00:00.000Z,GR,Greece,GR,163.0,212.0,,65.0,,False,
2025-04-01T14:00:00.000Z,GR,Greece,GR,213.0,274.0,,53.0,,False,
2025-04-01T15:00:00.000Z,GR,Greece,GR,242.0,306.0,,46.0,,False,
2025-04-01T16:00:00.000Z,GR,Greece,GR,255.0,321.0,,42.0,,False,
2025-04-01T17:00:00.000Z,GR,Greece,GR,268.0,334.0,,39.0,,False,
2025-04-01T18:00:00.000Z,GR,Greece,GR,277.0,344.0,,37.0,,False,
2025-04-01T19:00:00.000Z,GR,Greece,GR,296.0,367.0,,32.0,,False,
2025-04-01T20:00:00.000Z,GR,Greece,GR,302.0,373.0,,31.0,,False,
2025-04-01T21:00:00.000Z,GR,Greece,GR,293.0,361.0,,34.0,,False,
2025-04-01T22:00:00.000Z,GR,Greece,GR,279.0,340.0,,38.0,,False,
2025-04-01T23:00:00.000Z,GR,Greece,GR,273.0,332.0,,40.0,,False,
2025-04-02T00:00:00.000Z,GR,Greece,GR,261.0,316.0,,44.0,,False,
2025-04-02T01:00:00.000Z,GR,Greece,GR,250.0,300.0,,48.0,,False,
2025-04-02T02:00:00.000Z,GR,Greece,GR,251.0,301.0,,48.0,,False,
2025-04-02T03:00:00.000Z,GR,Greece,GR,247.0,299.0,,48.0,,False,
2025-04-02T04:00:00.000Z,GR,Greece,GR,249.0,304.0,,47.0,,False,
2025-04-02T05:00:00.000Z,GR,Greece,GR,231.0,286.0,,50.0,,False,
2025-04-02T06:00:00.000Z,GR,Greece,GR,193.0,249.0,,56.0,,False,
2025-04-02T07:00:00.000Z,GR,Greece,GR,148.0,196.0,,67.0,,False,
2025-04-02T08:00:00.000Z,GR,Greece,GR,131.0,175.0,,71.0,,False,
2025-04-02T09:00:00.000Z,GR,Greece,GR,114.0,153.0,,76.0,,False,
2025-04-02T10:00:00.000Z,GR,Greece,GR,101.0,140.0,,78.0,,False,
2025-04-02T11:00:00.000Z,GR,Greece,GR,91.0,130.0,,80.0,,False,
2025-04-02T12:00:00.000Z,GR,Greece,GR,103.0,143.0,,78.0,,False,
2025-04-02T13:00:00.000Z,GR,Greece,GR,122.0,169.0,,72.0,,False,
2025-04-02T14:00:00.000Z,GR,Greece,GR,149.0,201.0,,66.0,,False,
2025-04-02T15:00:00.000Z,GR,Greece,GR,188.0,246.0,,57.0,,False,
2025-04-02T16:00:00.000Z,GR,Greece,GR,224.0,286.0,,47.0,,False,
2025-04-02T17:00:00.000Z,GR,Greece,GR,248.0,315.0,,41.0,,False,
2025-04-02T18:00:00.000Z,GR,Greece,GR,259.0,326.0,,39.0,,False,
2025-04-02T19:00:00.000Z,GR,Greece,GR,271.0,332.0,,39.0,,False,
2025-04-02T20:00:00.000Z,GR,Greece,GR,307.0,381.0,,29.0,,False,
2025-04-02T21:00:00.000Z,GR,Greece,GR,325.0,408.0,,24.0,,False,
2025-04-02T22:00:00.000Z,GR,Greece,GR,333.0,415.0,,23.0,,False,
2025-04-02T23:00:00.000Z,GR,Greece,GR,339.0,420.0,,22.0,,False,
2025-04-03T00:00:00.000Z,GR,Greece,GR,344.0,426.0,,22.0,,False,
2025-04-03T01:00:00.000Z,GR,Greece,GR,339.0,420.0,,23.0,,False,
2025-04-03T02:00:00.000Z,GR,Greece,GR,339.0,419.0,,23.0,,False,
2025-04-03T03:00:00.000Z,GR,Greece,GR,331.0,416.0,,24.0,,False,
2025-04-03T04:00:00.000Z,GR,Greece,GR,308.0,389.0,,28.0,,False,
2025-04-03T05:00:00.000Z,GR,Greece,GR,267.0,343.0,,37.0,,False,
2025-04-03T06:00:00.000Z,GR,Greece,GR,220.0,290.0,,48.0,,False,
2025-04-03T07:00:00.000Z,GR,Greece,GR,165.0,224.0,,61.0,,False,
2025-04-03T08:00:00.000Z,GR,Greece,GR,126.0,176.0,,71.0,,False,
2025-04-03T09:00:00.000Z,GR,Greece,GR,118.0,159.0,,75.0,,False,
2025-04-03T10:00:00.000Z,GR,Greece,GR,133.0,175.0,,72.0,,False,
2025-04-03T11:00:00.000Z,GR,Greece,GR,122.0,165.0,,74.0,,False,
2025-04-03T12:00:00.000Z,GR,Greece,GR,140.0,183.0,,71.0,,False,
2025-04-03T13:00:00.000Z,GR,Greece,GR,163.0,209.0,,66.0,,False,
2025-04-03T14:00:00.000Z,GR,Greece,GR,219.0,279.0,,52.0,,False,
2025-04-03T15:00:00.000Z,GR,Greece,GR,277.0,347.0,,38.0,,False,
2025-04-03T16:00:00.000Z,GR,Greece,GR,323.0,405.0,,24.0,,False,
2025-04-03T17:00:00.000Z,GR,Greece,GR,325.0,409.0,,23.0,,False,
2025-04-03T18:00:00.000Z,GR,Greece,GR,327.0,412.0,,22.0,,False,
2025-04-03T19:00:00.000Z,GR,Greece,GR,341.0,429.0,,19.0,,False,
2025-04-03T20:00:00.000Z,GR,Greece,GR,355.0,448.0,,16.0,,False,
2025-04-03T21:00:00.000Z,GR,Greece,GR,362.0,457.0,,15.0,,False,
2025-04-03T22:00:00.000Z,GR,Greece,GR,384.0,480.0,,10.0,,False,
2025-04-03T23:00:00.000Z,GR,Greece,GR,379.0,464.0,,15.0,,False,
2025-04-04T00:00:00.000Z,GR,Greece,GR,380.0,465.0,,16.0,,False,
2025-04-04T01:00:00.000Z,GR,Greece,GR,386.0,477.0,,13.0,,False,
2025-04-04T02:00:00.000Z,GR,Greece,GR,380.0,467.0,,15.0,,False,
2025-04-04T03:00:00.000Z,GR,Greece,GR,364.0,458.0,,16.0,,False,
2025-04-04T04:00:00.000Z,GR,Greece,GR,330.0,414.0,,25.0,,False,
2025-04-04T05:00:00.000Z,GR,Greece,GR,288.0,367.0,,33.0,,False,
2025-04-04T06:00:00.000Z,GR,Greece,GR,231.0,300.0,,46.0,,False,
2025-04-04T07:00:00.000Z,GR,Greece,GR,187.0,241.0,,58.0,,False,
2025-04-04T08:00:00.000Z,GR,Greece,GR,161.0,209.0,,65.0,,False,
2025-04-04T09:00:00.000Z,GR,Greece,GR,147.0,190.0,,69.0,,False,
2025-04-04T10:00:00.000Z,GR,Greece,GR,137.0,178.0,,71.0,,False,
2025-04-04T11:00:00.000Z,GR,Greece,GR,134.0,176.0,,71.0,,False,
2025-04-04T12:00:00.000Z,GR,Greece,GR,146.0,190.0,,69.0,,False,
2025-04-04T13:00:00.000Z,GR,Greece,GR,178.0,225.0,,62.0,,False,
2025-04-04T14:00:00.000Z,GR,Greece,GR,226.0,286.0,,49.0,,False,
2025-04-04T15:00:00.000Z,GR,Greece,GR,278.0,349.0,,36.0,,False,
2025-04-04T16:00:00.000Z,GR,Greece,GR,294.0,370.0,,32.0,,False,
2025-04-04T17:00:00.000Z,GR,Greece,GR,298.0,375.0,,30.0,,False,
2025-04-04T18:00:00.000Z,GR,Greece,GR,307.0,384.0,,28.0,,False,
2025-04-04T19:00:00.000Z,GR,Greece,GR,320.0,401.0,,26.0,,False,
2025-04-04T20:00:00.000Z,GR,Greece,GR,330.0,416.0,,22.0,,False,
2025-04-04T21:00:00.000Z,GR,Greece,GR,336.0,417.0,,23.0,,False,
2025-04-04T22:00:00.000Z,GR,Greece,GR,342.0,422.0,,22.0,,False,
2025-04-04T23:00:00.000Z,GR,Greece,GR,330.0,402.0,,26.0,,False,
2025-04-05T00:00:00.000Z,GR,Greece,GR,332.0,402.0,,26.0,,False,
2025-04-05T01:00:00.000Z,GR,Greece,GR,331.0,398.0,,27.0,,False,
2025-04-05T02:00:00.000Z,GR,Greece,GR,331.0,397.0,,28.0,,False,
2025-04-05T03:00:00.000Z,GR,Greece,GR,320.0,388.0,,29.0,,False,
2025-04-05T04:00:00.000Z,GR,Greece,GR,289.0,353.0,,36.0,,False,
2025-04-05T05:00:00.000Z,GR,Greece,GR,224.0,280.0,,50.0,,False,
2025-04-05T06:00:00.000Z,GR,Greece,GR,145.0,189.0,,68.0,,False,
2025-04-05T07:00:00.000Z,GR,Greece,GR,120.0,159.0,,74.0,,False,
2025-04-05T08:00:00.000Z,GR,Greece,GR,145.0,185.0,,69.0,,False,
2025-04-05T09:00:00.000Z,GR,Greece,GR,146.0,187.0,,69.0,,False,
2025-04-05T10:00:00.000Z,GR,Greece,GR,146.0,186.0,,70.0,,False,
2025-04-05T11:00:00.000Z,GR,Greece,GR,150.0,190.0,,69.0,,False,
2025-04-05T12:00:00.000Z,GR,Greece,GR,157.0,198.0,,68.0,,False,
2025-04-05T13:00:00.000Z,GR,Greece,GR,167.0,209.0,,66.0,,False,
2025-04-05T14:00:00.000Z,GR,Greece,GR,183.0,230.0,,61.0,,False,
2025-04-05T15:00:00.000Z,GR,Greece,GR,234.0,285.0,,51.0,,False,
2025-04-05T16:00:00.000Z,GR,Greece,GR,298.0,357.0,,36.0,,False,
2025-04-05T17:00:00.000Z,GR,Greece,GR,295.0,355.0,,36.0,,False,
2025-04-05T18:00:00.000Z,GR,Greece,GR,287.0,348.0,,36.0,,False,
2025-04-05T19:00:00.000Z,GR,Greece,GR,288.0,343.0,,38.0,,False,
2025-04-05T20:00:00.000Z,GR,Greece,GR,290.0,344.0,,39.0,,False,
2025-04-05T21:00:00.000Z,GR,Greece,GR,274.0,329.0,,41.0,,False,
2025-04-05T22:00:00.000Z,GR,Greece,GR,262.0,311.0,,45.0,,False,
2025-04-05T23:00:00.000Z,GR,Greece,GR,257.0,302.0,,47.0,,False,
2025-04-06T00:00:00.000Z,GR,Greece,GR,260.0,307.0,,47.0,,False,
2025-04-06T01:00:00.000Z,GR,Greece,GR,262.0,307.0,,47.0,,False,
2025-04-06T02:00:00.000Z,GR,Greece,GR,261.0,307.0,,47.0,,False,
2025-04-06T03:00:00.000Z,GR,Greece,GR,250.0,292.0,,50.0,,False,
2025-04-06T04:00:00.000Z,GR,Greece,GR,228.0,270.0,,55.0,,False,
2025-04-06T05:00:00.000Z,GR,Greece,GR,141.0,180.0,,72.0,,False,
2025-04-06T06:00:00.000Z,GR,Greece,GR,104.0,142.0,,80.0,,False,
2025-04-06T07:00:00.000Z,GR,Greece,GR,121.0,159.0,,77.0,,False,
2025-04-06T08:00:00.000Z,GR,Greece,GR,139.0,176.0,,74.0,,False,
2025-04-06T09:00:00.000Z,GR,Greece,GR,129.0,165.0,,75.0,,False,
2025-04-06T10:00:00.000Z,GR,Greece,GR,123.0,159.0,,76.0,,False,
2025-04-06T11:00:00.000Z,GR,Greece,GR,135.0,171.0,,74.0,,False,
2025-04-06T12:00:00.000Z,GR,Greece,GR,139.0,176.0,,74.0,,False,
2025-04-06T13:00:00.000Z,GR,Greece,GR,144.0,182.0,,73.0,,False,
2025-04-06T14:00:00.000Z,GR,Greece,GR,137.0,174.0,,74.0,,False,
2025-04-06T15:00:00.000Z,GR,Greece,GR,153.0,194.0,,70.0,,False,
2025-04-06T16:00:00.000Z,GR,Greece,GR,186.0,230.0,,60.0,,False,
2025-04-06T17:00:00.000Z,GR,Greece,GR,202.0,251.0,,55.0,,False,
2025-04-06T18:00:00.000Z,GR,Greece,GR,205.0,253.0,,55.0,,False,
2025-04-06T19:00:00.000Z,GR,Greece,GR,212.0,261.0,,54.0,,False,
2025-04-06T20:00:00.000Z,GR,Greece,GR,225.0,276.0,,52.0,,False,
2025-04-06T21:00:00.000Z,GR,Greece,GR,222.0,270.0,,54.0,,False,
2025-04-06T22:00:00.000Z,GR,Greece,GR,237.0,289.0,,51.0,,False,
2025-04-06T23:00:00.000Z,GR,Greece,GR,237.0,287.0,,52.0,,False,
2025-04-07T00:00:00.000Z,GR,Greece,GR,245.0,295.0,,51.0,,False,
2025-04-07T01:00:00.000Z,GR,Greece,GR,249.0,300.0,,50.0,,False,
2025-04-07T02:00:00.000Z,GR,Greece,GR,252.0,303.0,,50.0,,False,
2025-04-07T03:00:00.000Z,GR,Greece,GR,255.0,312.0,,48.0,,False,
2025-04-07T04:00:00.000Z,GR,Greece,GR,242.0,303.0,,48.0,,False,
2025-04-07T05:00:00.000Z,GR,Greece,GR,210.0,270.0,,53.0,,False,
2025-04-07T06:00:00.000Z,GR,Greece,GR,172.0,224.0,,62.0,,False,
2025-04-07T07:00:00.000Z,GR,Greece,GR,111.0,151.0,,77.0,,False,
2025-04-07T08:00:00.000Z,GR,Greece,GR,78.0,111.0,,85.0,,False,
2025-04-07T09:00:00.000Z,GR,Greece,GR,80.0,113.0,,85.0,,False,
2025-04-07T10:00:00.000Z,GR,Greece,GR,74.0,107.0,,87.0,,False,
2025-04-07T11:00:00.000Z,GR,Greece,GR,77.0,110.0,,86.0,,False,
2025-04-07T12:00:00.000Z,GR,Greece,GR,88.0,122.0,,84.0,,False,
2025-04-07T13:00:00.000Z,GR,Greece,GR,105.0,139.0,,81.0,,False,
2025-04-07T14:00:00.000Z,GR,Greece,GR,118.0,156.0,,77.0,,False,
2025-04-07T15:00:00.000Z,GR,Greece,GR,171.0,219.0,,64.0,,False,
2025-04-07T16:00:00.000Z,GR,Greece,GR,204.0,255.0,,55.0,,False,
2025-04-07T17:00:00.000Z,GR,Greece,GR,212.0,265.0,,53.0,,False,
2025-04-07T18:00:00.000Z,GR,Greece,GR,215.0,268.0,,52.0,,False,
2025-04-07T19:00:00.000Z,GR,Greece,GR,213.0,265.0,,54.0,,False,
2025-04-07T20:00:00.000Z,GR,Greece,GR,220.0,272.0,,53.0,,False,
2025-04-07T21:00:00.000Z,GR,Greece,GR,223.0,280.0,,52.0,,False,
2025-04-07T22:00:00.000Z,GR,Greece,GR,221.0,279.0,,53.0,,False,
2025-04-07T23:00:00.000Z,GR,Greece,GR,206.0,258.0,,57.0,,False,
2025-04-08T00:00:00.000Z,GR,Greece,GR,214.0,269.0,,55.0,,False,
2025-04-08T01:00:00.000Z,GR,Greece,GR,222.0,280.0,,53.0,,False,
2025-04-08T02:00:00.000Z,GR,Greece,GR,223.0,282.0,,52.0,,False,
2025-04-08T03:00:00.000Z,GR,Greece,GR,228.0,290.0,,50.0,,False,
2025-04-08T04:00:00.000Z,GR,Greece,GR,217.0,276.0,,52.0,,False,
2025-04-08T05:00:00.000Z,GR,Greece,GR,181.0,237.0,,59.0,,False,
2025-04-08T06:00:00.000Z,GR,Greece,GR,153.0,207.0,,64.0,,False,
2025-04-08T07:00:00.000Z,GR,Greece,GR,111.0,155.0,,74.0,,False,
2025-04-08T08:00:00.000Z,GR,Greece,GR,88.0,126.0,,80.0,,False,
2025-04-08T09:00:00.000Z,GR,Greece,GR,90.0,125.0,,81.0,,False,
2025-04-08T10:00:00.000Z,GR,Greece,GR,85.0,119.0,,82.0,,False,
2025-04-08T11:00:00.000Z,GR,Greece,GR,98.0,134.0,,79.0,,False,
2025-04-08T12:00:00.000Z,GR,Greece,GR,132.0,175.0,,71.0,,False,
2025-04-08T13:00:00.000Z,GR,Greece,GR,159.0,206.0,,65.0,,False,
2025-04-08T14:00:00.000Z,GR,Greece,GR,202.0,260.0,,54.0,,False,
2025-04-08T15:00:00.000Z,GR,Greece,GR,234.0,300.0,,46.0,,False,
2025-04-08T16:00:00.000Z,GR,Greece,GR,258.0,324.0,,40.0,,False,
2025-04-08T17:00:00.000Z,GR,Greece,GR,257.0,325.0,,39.0,,False,
2025-04-08T18:00:00.000Z,GR,Greece,GR,253.0,322.0,,40.0,,False,
2025-04-08T19:00:00.000Z,GR,Greece,GR,271.0,343.0,,37.0,,False,
2025-04-08T20:00:00.000Z,GR,Greece,GR,272.0,345.0,,37.0,,False,
2025-04-08T21:00:00.000Z,GR,Greece,GR,271.0,343.0,,37.0,,False,
2025-04-08T22:00:00.000Z,GR,Greece,GR,277.0,352.0,,35.0,,False,
2025-04-08T23:00:00.000Z,GR,Greece,GR,269.0,336.0,,38.0,,False,
2025-04-09T00:00:00.000Z,GR,Greece,GR,271.0,337.0,,39.0,,False,
2025-04-09T01:00:00.000Z,GR,Greece,GR,271.0,337.0,,39.0,,False,
2025-04-09T02:00:00.000Z,GR,Greece,GR,279.0,351.0,,36.0,,False,
2025-04-09T03:00:00.000Z,GR,Greece,GR,251.0,321.0,,42.0,,False,
2025-04-09T04:00:00.000Z,GR,Greece,GR,220.0,279.0,,50.0,,False,
2025-04-09T05:00:00.000Z,GR,Greece,GR,167.0,220.0,,62.0,,False,
2025-04-09T06:00:00.000Z,GR,Greece,GR,135.0,185.0,,69.0,,False,
2025-04-09T07:00:00.000Z,GR,Greece,GR,92.0,132.0,,80.0,,False,
2025-04-09T08:00:00.000Z,GR,Greece,GR,67.0,102.0,,86.0,,False,
2025-04-09T09:00:00.000Z,GR,Greece,GR,76.0,112.0,,84.0,,False,
2025-04-09T10:00:00.000Z,GR,Greece,GR,84.0,121.0,,82.0,,False,
2025-04-09T11:00:00.000Z,GR,Greece,GR,83.0,119.0,,82.0,,False,
2025-04-09T12:00:00.000Z,GR,Greece,GR,104.0,143.0,,78.0,,False,
2025-04-09T13:00:00.000Z,GR,Greece,GR,114.0,156.0,,76.0,,False,
2025-04-09T14:00:00.000Z,GR,Greece,GR,132.0,183.0,,70.0,,False,
2025-04-09T15:00:00.000Z,GR,Greece,GR,205.0,267.0,,53.0,,False,
2025-04-09T16:00:00.000Z,GR,Greece,GR,277.0,349.0,,35.0,,False,
2025-04-09T17:00:00.000Z,GR,Greece,GR,285.0,357.0,,32.0,,False,
2025-04-09T18:00:00.000Z,GR,Greece,GR,289.0,361.0,,32.0,,False,
2025-04-09T19:00:00.000Z,GR,Greece,GR,306.0,381.0,,28.0,,False,
2025-04-09T20:00:00.000Z,GR,Greece,GR,325.0,405.0,,24.0,,False,
2025-04-09T21:00:00.000Z,GR,Greece,GR,338.0,424.0,,21.0,,False,
2025-04-09T22:00:00.000Z,GR,Greece,GR,343.0,426.0,,21.0,,False,
2025-04-09T23:00:00.000Z,GR,Greece,GR,334.0,410.0,,24.0,,False,
2025-04-10T00:00:00.000Z,GR,Greece,GR,333.0,405.0,,26.0,,False,
2025-04-10T01:00:00.000Z,GR,Greece,GR,321.0,389.0,,30.0,,False,
2025-04-10T02:00:00.000Z,GR,Greece,GR,314.0,382.0,,31.0,,False,
2025-04-10T03:00:00.000Z,GR,Greece,GR,300.0,370.0,,34.0,,False,
2025-04-10T04:00:00.000Z,GR,Greece,GR,259.0,324.0,,42.0,,False,
2025-04-10T05:00:00.000Z,GR,Greece,GR,181.0,237.0,,59.0,,False,
2025-04-10T06:00:00.000Z,GR,Greece,GR,128.0,177.0,,71.0,,False,
2025-04-10T07:00:00.000Z,GR,Greece,GR,79.0,119.0,,83.0,,False,
2025-04-10T08:00:00.000Z,GR,Greece,GR,61.0,97.0,,87.0,,False,
2025-04-10T09:00:00.000Z,GR,Greece,GR,61.0,96.0,,87.0,,False,
2025-04-10T10:00:00.000Z,GR,Greece,GR,64.0,100.0,,86.0,,False,
2025-04-10T11:00:00.000Z,GR,Greece,GR,70.0,106.0,,85.0,,False,
2025-04-10T12:00:00.000Z,GR,Greece,GR,82.0,119.0,,82.0,,False,
2025-04-10T13:00:00.000Z,GR,Greece,GR,96.0,134.0,,79.0,,False,
2025-04-10T14:00:00.000Z,GR,Greece,GR,111.0,149.0,,76.0,,False,
2025-04-10T15:00:00.000Z,GR,Greece,GR,147.0,189.0,,68.0,,False,
2025-04-10T16:00:00.000Z,GR,Greece,GR,192.0,241.0,,57.0,,False,
2025-04-10T17:00:00.000Z,GR,Greece,GR,212.0,262.0,,52.0,,False,
2025-04-10T18:00:00.000Z,GR,Greece,GR,231.0,285.0,,47.0,,False,
2025-04-10T19:00:00.000Z,GR,Greece,GR,223.0,273.0,,50.0,,False,
2025-04-10T20:00:00.000Z,GR,Greece,GR,222.0,270.0,,50.0,,False,
2025-04-10T21:00:00.000Z,GR,Greece,GR,207.0,256.0,,54.0,,False,
2025-04-10T22:00:00.000Z,GR,Greece,GR,213.0,265.0,,53.0,,False,
2025-04-10T23:00:00.000Z,GR,Greece,GR,215.0,267.0,,52.0,,False,
2025-04-11T00:00:00.000Z,GR,Greece,GR,204.0,254.0,,55.0,,False,
2025-04-11T01:00:00.000Z,GR,Greece,GR,207.0,255.0,,55.0,,False,
2025-04-11T02:00:00.000Z,GR,Greece,GR,213.0,264.0,,54.0,,False,
2025-04-11T03:00:00.000Z,GR,Greece,GR,214.0,266.0,,53.0,,False,
2025-04-11T04:00:00.000Z,GR,Greece,GR,214.0,268.0,,52.0,,False,
2025-04-11T05:00:00.000Z,GR,Greece,GR,158.0,209.0,,64.0,,False,
2025-04-11T06:00:00.000Z,GR,Greece,GR,89.0,127.0,,81.0,,False,
2025-04-11T07:00:00.000Z,GR,Greece,GR,75.0,111.0,,84.0,,False,
2025-04-11T08:00:00.000Z,GR,Greece,GR,80.0,118.0,,83.0,,False,
2025-04-11T09:00:00.000Z,GR,Greece,GR,89.0,128.0,,81.0,,False,
2025-04-11T10:00:00.000Z,GR,Greece,GR,129.0,170.0,,74.0,,False,
2025-04-11T11:00:00.000Z,GR,Greece,GR,129.0,170.0,,74.0,,False,
2025-04-11T12:00:00.000Z,GR,Greece,GR,140.0,183.0,,72.0,,False,
2025-04-11T13:00:00.000Z,GR,Greece,GR,132.0,174.0,,73.0,,False,
2025-04-11T14:00:00.000Z,GR,Greece,GR,125.0,168.0,,74.0,,False,
2025-04-11T15:00:00.000Z,GR,Greece,GR,197.0,251.0,,57.0,,False,
2025-04-11T16:00:00.000Z,GR,Greece,GR,255.0,314.0,,43.0,,False,
2025-04-11T17:00:00.000Z,GR,Greece,GR,263.0,330.0,,38.0,,False,
2025-04-11T18:00:00.000Z,GR,Greece,GR,264.0,333.0,,37.0,,False,
2025-04-11T19:00:00.000Z,GR,Greece,GR,265.0,329.0,,38.0,,False,
2025-04-11T20:00:00.000Z,GR,Greece,GR,266.0,331.0,,39.0,,False,
2025-04-11T21:00:00.000Z,GR,Greece,GR,257.0,323.0,,41.0,,False,
2025-04-11T22:00:00.000Z,GR,Greece,GR,280.0,360.0,,33.0,,False,
2025-04-11T23:00:00.000Z,GR,Greece,GR,267.0,341.0,,37.0,,False,
2025-04-12T00:00:00.000Z,GR,Greece,GR,268.0,336.0,,39.0,,False,
2025-04-12T01:00:00.000Z,GR,Greece,GR,273.0,343.0,,38.0,,False,
2025-04-12T02:00:00.000Z,GR,Greece,GR,277.0,346.0,,37.0,,False,
2025-04-12T03:00:00.000Z,GR,Greece,GR,282.0,349.0,,37.0,,False,
2025-04-12T04:00:00.000Z,GR,Greece,GR,252.0,307.0,,46.0,,False,
2025-04-12T05:00:00.000Z,GR,Greece,GR,207.0,261.0,,55.0,,False,
2025-04-12T06:00:00.000Z,GR,Greece,GR,137.0,185.0,,70.0,,False,
2025-04-12T07:00:00.000Z,GR,Greece,GR,94.0,134.0,,80.0,,False,
2025-04-12T08:00:00.000Z,GR,Greece,GR,96.0,136.0,,79.0,,False,
2025-04-12T09:00:00.000Z,GR,Greece,GR,119.0,160.0,,76.0,,False,
2025-04-12T10:00:00.000Z,GR,Greece,GR,126.0,167.0,,74.0,,False,
2025-04-12T11:00:00.000Z,GR,Greece,GR,127.0,168.0,,74.0,,False,
2025-04-12T12:00:00.000Z,GR,Greece,GR,117.0,158.0,,75.0,,False,
2025-04-12T13:00:00.000Z,GR,Greece,GR,108.0,148.0,,77.0,,False,
2025-04-12T14:00:00.000Z,GR,Greece,GR,121.0,163.0,,74.0,,False,
2025-04-12T15:00:00.000Z,GR,Greece,GR,165.0,213.0,,64.0,,False,
2025-04-12T16:00:00.000Z,GR,Greece,GR,211.0,263.0,,53.0,,False,
2025-04-12T17:00:00.000Z,GR,Greece,GR,202.0,250.0,,54.0,,False,
2025-04-12T18:00:00.000Z,GR,Greece,GR,201.0,250.0,,54.0,,False,
2025-04-12T19:00:00.000Z,GR,Greece,GR,205.0,251.0,,55.0,,False,
2025-04-12T20:00:00.000Z,GR,Greece,GR,226.0,283.0,,48.0,,False,
2025-04-12T21:00:00.000Z,GR,Greece,GR,237.0,298.0,,45.0,,False,
2025-04-12T22:00:00.000Z,GR,Greece,GR,249.0,308.0,,45.0,,False,
2025-04-12T23:00:00.000Z,GR,Greece,GR,252.0,306.0,,46.0,,False,
2025-04-13T00:00:00.000Z,GR,Greece,GR,266.0,323.0,,43.0,,False,
2025-04-13T01:00:00.000Z,GR,Greece,GR,280.0,339.0,,41.0,,False,
2025-04-13T02:00:00.000Z,GR,Greece,GR,288.0,347.0,,40.0,,False,
2025-04-13T03:00:00.000Z,GR,Greece,GR,286.0,344.0,,41.0,,False,
2025-04-13T04:00:00.000Z,GR,Greece,GR,243.0,292.0,,51.0,,False,
2025-04-13T05:00:00.000Z,GR,Greece,GR,166.0,211.0,,65.0,,False,
2025-04-13T06:00:00.000Z,GR,Greece,GR,132.0,174.0,,72.0,,False,
2025-04-13T07:00:00.000Z,GR,Greece,GR,142.0,186.0,,70.0,,False,
2025-04-13T08:00:00.000Z,GR,Greece,GR,130.0,173.0,,72.0,,False,
2025-04-13T09:00:00.000Z,GR,Greece,GR,128.0,170.0,,73.0,,False,
2025-04-13T10:00:00.000Z,GR,Greece,GR,124.0,167.0,,73.0,,False,
2025-04-13T11:00:00.000Z,GR,Greece,GR,130.0,173.0,,72.0,,False,
2025-04-13T12:00:00.000Z,GR,Greece,GR,147.0,192.0,,69.0,,False,
2025-04-13T13:00:00.000Z,GR,Greece,GR,135.0,179.0,,71.0,,False,
2025-04-13T14:00:00.000Z,GR,Greece,GR,172.0,221.0,,63.0,,False,
2025-04-13T15:00:00.000Z,GR,Greece,GR,234.0,293.0,,48.0,,False,
2025-04-13T16:00:00.000Z,GR,Greece,GR,303.0,366.0,,33.0,,False,
2025-04-13T17:00:00.000Z,GR,Greece,GR,297.0,361.0,,33.0,,False,
2025-04-13T18:00:00.000Z,GR,Greece,GR,297.0,363.0,,33.0,,False,
2025-04-13T19:00:00.000Z,GR,Greece,GR,300.0,362.0,,33.0,,False,
2025-04-13T20:00:00.000Z,GR,Greece,GR,310.0,382.0,,31.0,,False,
2025-04-13T21:00:00.000Z,GR,Greece,GR,311.0,381.0,,30.0,,False,
2025-04-13T22:00:00.000Z,GR,Greece,GR,329.0,398.0,,27.0,,False,
2025-04-13T23:00:00.000Z,GR,Greece,GR,334.0,400.0,,28.0,,False,
2025-04-14T00:00:00.000Z,GR,Greece,GR,337.0,404.0,,28.0,,False,
2025-04-14T01:00:00.000Z,GR,Greece,GR,340.0,408.0,,28.0,,False,
2025-04-14T02:00:00.000Z,GR,Greece,GR,340.0,406.0,,29.0,,False,
2025-04-14T03:00:00.000Z,GR,Greece,GR,339.0,408.0,,29.0,,False,
2025-04-14T04:00:00.000Z,GR,Greece,GR,306.0,374.0,,35.0,,False,
2025-04-14T05:00:00.000Z,GR,Greece,GR,265.0,335.0,,41.0,,False,
2025-04-14T06:00:00.000Z,GR,Greece,GR,238.0,308.0,,45.0,,False,
2025-04-14T07:00:00.000Z,GR,Greece,GR,197.0,262.0,,54.0,,False,
2025-04-14T08:00:00.000Z,GR,Greece,GR,132.0,179.0,,71.0,,False,
2025-04-14T09:00:00.000Z,GR,Greece,GR,107.0,150.0,,76.0,,False,
2025-04-14T10:00:00.000Z,GR,Greece,GR,107.0,149.0,,76.0,,False,
2025-04-14T11:00:00.000Z,GR,Greece,GR,133.0,179.0,,70.0,,False,
2025-04-14T12:00:00.000Z,GR,Greece,GR,181.0,237.0,,58.0,,False,
2025-04-14T13:00:00.000Z,GR,Greece,GR,214.0,280.0,,49.0,,False,
2025-04-14T14:00:00.000Z,GR,Greece,GR,243.0,307.0,,44.0,,False,
2025-04-14T15:00:00.000Z,GR,Greece,GR,270.0,335.0,,39.0,,False,
2025-04-14T16:00:00.000Z,GR,Greece,GR,288.0,356.0,,35.0,,False,
2025-04-14T17:00:00.000Z,GR,Greece,GR,293.0,360.0,,33.0,,False,
2025-04-14T18:00:00.000Z,GR,Greece,GR,292.0,358.0,,33.0,,False,
2025-04-14T19:00:00.000Z,GR,Greece,GR,301.0,374.0,,32.0,,False,
2025-04-14T20:00:00.000Z,GR,Greece,GR,318.0,394.0,,27.0,,False,
2025-04-14T21:00:00.000Z,GR,Greece,GR,331.0,409.0,,23.0,,False,
2025-04-14T22:00:00.000Z,GR,Greece,GR,348.0,423.0,,22.0,,False,
2025-04-14T23:00:00.000Z,GR,Greece,GR,351.0,423.0,,23.0,,False,
2025-04-15T00:00:00.000Z,GR,Greece,GR,354.0,424.0,,23.0,,False,
2025-04-15T01:00:00.000Z,GR,Greece,GR,357.0,426.0,,24.0,,False,
2025-04-15T02:00:00.000Z,GR,Greece,GR,354.0,423.0,,25.0,,False,
2025-04-15T03:00:00.000Z,GR,Greece,GR,324.0,390.0,,31.0,,False,
2025-04-15T04:00:00.000Z,GR,Greece,GR,284.0,352.0,,37.0,,False,
2025-04-15T05:00:00.000Z,GR,Greece,GR,262.0,331.0,,41.0,,False,
2025-04-15T06:00:00.000Z,GR,Greece,GR,243.0,309.0,,44.0,,False,
2025-04-15T07:00:00.000Z,GR,Greece,GR,229.0,295.0,,47.0,,False,
2025-04-15T08:00:00.000Z,GR,Greece,GR,218.0,283.0,,49.0,,False,
2025-04-15T09:00:00.000Z,GR,Greece,GR,191.0,252.0,,55.0,,False,
2025-04-15T10:00:00.000Z,GR,Greece,GR,184.0,244.0,,57.0,,False,
2025-04-15T11:00:00.000Z,GR,Greece,GR,176.0,233.0,,59.0,,False,
2025-04-15T12:00:00.000Z,GR,Greece,GR,164.0,216.0,,63.0,,False,
2025-04-15T13:00:00.000Z,GR,Greece,GR,182.0,233.0,,60.0,,False,
2025-04-15T14:00:00.000Z,GR,Greece,GR,207.0,262.0,,54.0,,False,
2025-04-15T15:00:00.000Z,GR,Greece,GR,238.0,296.0,,48.0,,False,
2025-04-15T16:00:00.000Z,GR,Greece,GR,251.0,311.0,,44.0,,False,
2025-04-15T17:00:00.000Z,GR,Greece,GR,254.0,314.0,,42.0,,False,
2025-04-15T18:00:00.000Z,GR,Greece,GR,265.0,327.0,,39.0,,False,
2025-04-15T19:00:00.000Z,GR,Greece,GR,278.0,342.0,,37.0,,False,
2025-04-15T20:00:00.000Z,GR,Greece,GR,304.0,375.0,,30.0,,False,
2025-04-15T21:00:00.000Z,GR,Greece,GR,304.0,375.0,,30.0,,False,
2025-04-15T22:00:00.000Z,GR,Greece,GR,326.0,403.0,,24.0,,False,
2025-04-15T23:00:00.000Z,GR,Greece,GR,322.0,392.0,,27.0,,False,
2025-04-16T00:00:00.000Z,GR,Greece,GR,326.0,395.0,,27.0,,False,
2025-04-16T01:00:00.000Z,GR,Greece,GR,317.0,382.0,,30.0,,False,
2025-04-16T02:00:00.000Z,GR,Greece,GR,319.0,386.0,,29.0,,False,
2025-04-16T03:00:00.000Z,GR,Greece,GR,307.0,375.0,,32.0,,False,
2025-04-16T04:00:00.000Z,GR,Greece,GR,279.0,346.0,,37.0,,False,
2025-04-16T05:00:00.000Z,GR,Greece,GR,231.0,296.0,,46.0,,False,
2025-04-16T06:00:00.000Z,GR,Greece,GR,181.0,240.0,,58.0,,False,
2025-04-16T07:00:00.000Z,GR,Greece,GR,105.0,148.0,,76.0,,False,
2025-04-16T08:00:00.000Z,GR,Greece,GR,79.0,116.0,,82.0,,False,
2025-04-16T09:00:00.000Z,GR,Greece,GR,84.0,121.0,,81.0,,False,
2025-04-16T10:00:00.000Z,GR,Greece,GR,95.0,133.0,,79.0,,False,
2025-04-16T11:00:00.000Z,GR,Greece,GR,102.0,140.0,,77.0,,False,
2025-04-16T12:00:00.000Z,GR,Greece,GR,113.0,153.0,,75.0,,False,
2025-04-16T13:00:00.000Z,GR,Greece,GR,114.0,154.0,,74.0,,False,
2025-04-16T14:00:00.000Z,GR,Greece,GR,137.0,182.0,,68.0,,False,
2025-04-16T15:00:00.000Z,GR,Greece,GR,211.0,266.0,,52.0,,False,
2025-04-16T16:00:00.000Z,GR,Greece,GR,252.0,306.0,,44.0,,False,
2025-04-16T17:00:00.000Z,GR,Greece,GR,250.0,303.0,,44.0,,False,
2025-04-16T18:00:00.000Z,GR,Greece,GR,259.0,316.0,,41.0,,False,
2025-04-16T19:00:00.000Z,GR,Greece,GR,264.0,319.0,,40.0,,False,
2025-04-16T20:00:00.000Z,GR,Greece,GR,261.0,318.0,,40.0,,False,
2025-04-16T21:00:00.000Z,GR,Greece,GR,276.0,342.0,,35.0,,False,
2025-04-16T22:00:00.000Z,GR,Greece,GR,277.0,340.0,,35.0,,False,
2025-04-16T23:00:00.000Z,GR,Greece,GR,277.0,336.0,,37.0,,False,
2025-04-17T00:00:00.000Z,GR,Greece,GR,277.0,333.0,,38.0,,False,
2025-04-17T01:00:00.000Z,GR,Greece,GR,278.0,335.0,,39.0,,False,
2025-04-17T02:00:00.000Z,GR,Greece,GR,278.0,335.0,,40.0,,False,
2025-04-17T03:00:00.000Z,GR,Greece,GR,275.0,334.0,,41.0,,False,
2025-04-17T04:00:00.000Z,GR,Greece,GR,221.0,275.0,,52.0,,False,
2025-04-17T05:00:00.000Z,GR,Greece,GR,165.0,219.0,,62.0,,False,
2025-04-17T06:00:00.000Z,GR,Greece,GR,113.0,156.0,,75.0,,False,
2025-04-17T07:00:00.000Z,GR,Greece,GR,80.0,119.0,,82.0,,False,
2025-04-17T08:00:00.000Z,GR,Greece,GR,76.0,113.0,,82.0,,False,
2025-04-17T09:00:00.000Z,GR,Greece,GR,76.0,114.0,,82.0,,False,
2025-04-17T10:00:00.000Z,GR,Greece,GR,85.0,125.0,,80.0,,False,
2025-04-17T11:00:00.000Z,GR,Greece,GR,97.0,138.0,,77.0,,False,
2025-04-17T12:00:00.000Z,GR,Greece,GR,95.0,135.0,,78.0,,False,
2025-04-17T13:00:00.000Z,GR,Greece,GR,129.0,174.0,,69.0,,False,
2025-04-17T14:00:00.000Z,GR,Greece,GR,167.0,218.0,,61.0,,False,
2025-04-17T15:00:00.000Z,GR,Greece,GR,205.0,253.0,,53.0,,False,
2025-04-17T16:00:00.000Z,GR,Greece,GR,215.0,260.0,,53.0,,False,
2025-04-17T17:00:00.000Z,GR,Greece,GR,214.0,258.0,,53.0,,False,
2025-04-17T18:00:00.000Z,GR,Greece,GR,213.0,256.0,,52.0,,False,
2025-04-17T19:00:00.000Z,GR,Greece,GR,227.0,271.0,,50.0,,False,
2025-04-17T20:00:00.000Z,GR,Greece,GR,237.0,287.0,,46.0,,False,
2025-04-17T21:00:00.000Z,GR,Greece,GR,229.0,280.0,,47.0,,False,
2025-04-17T22:00:00.000Z,GR,Greece,GR,216.0,263.0,,51.0,,False,
2025-04-17T23:00:00.000Z,GR,Greece,GR,206.0,250.0,,54.0,,False,
2025-04-18T00:00:00.000Z,GR,Greece,GR,212.0,259.0,,53.0,,False,
2025-04-18T01:00:00.000Z,GR,Greece,GR,218.0,265.0,,52.0,,False,
2025-04-18T02:00:00.000Z,GR,Greece,GR,235.0,287.0,,48.0,,False,
2025-04-18T03:00:00.000Z,GR,Greece,GR,232.0,284.0,,49.0,,False,
2025-04-18T04:00:00.000Z,GR,Greece,GR,188.0,234.0,,60.0,,False,
2025-04-18T05:00:00.000Z,GR,Greece,GR,116.0,159.0,,75.0,,False,
2025-04-18T06:00:00.000Z,GR,Greece,GR,81.0,120.0,,83.0,,False,
2025-04-18T07:00:00.000Z,GR,Greece,GR,75.0,114.0,,84.0,,False,
2025-04-18T08:00:00.000Z,GR,Greece,GR,86.0,126.0,,81.0,,False,
2025-04-18T09:00:00.000Z,GR,Greece,GR,77.0,115.0,,83.0,,False,
2025-04-18T10:00:00.000Z,GR,Greece,GR,76.0,114.0,,83.0,,False,
2025-04-18T11:00:00.000Z,GR,Greece,GR,78.0,116.0,,83.0,,False,
2025-04-18T12:00:00.000Z,GR,Greece,GR,80.0,119.0,,82.0,,False,
2025-04-18T13:00:00.000Z,GR,Greece,GR,81.0,120.0,,83.0,,False,
2025-04-18T14:00:00.000Z,GR,Greece,GR,95.0,137.0,,79.0,,False,
2025-04-18T15:00:00.000Z,GR,Greece,GR,149.0,195.0,,66.0,,False,
2025-04-18T16:00:00.000Z,GR,Greece,GR,200.0,246.0,,55.0,,False,
2025-04-18T17:00:00.000Z,GR,Greece,GR,208.0,259.0,,51.0,,False,
2025-04-18T18:00:00.000Z,GR,Greece,GR,211.0,262.0,,51.0,,False,
2025-04-18T19:00:00.000Z,GR,Greece,GR,228.0,284.0,,47.0,,False,
2025-04-18T20:00:00.000Z,GR,Greece,GR,225.0,284.0,,49.0,,False,
2025-04-18T21:00:00.000Z,GR,Greece,GR,223.0,284.0,,49.0,,False,
2025-04-18T22:00:00.000Z,GR,Greece,GR,230.0,291.0,,48.0,,False,
2025-04-18T23:00:00.000Z,GR,Greece,GR,240.0,302.0,,46.0,,False,
2025-04-19T00:00:00.000Z,GR,Greece,GR,230.0,289.0,,48.0,,False,
2025-04-19T01:00:00.000Z,GR,Greece,GR,249.0,313.0,,43.0,,False,
2025-04-19T02:00:00.000Z,GR,Greece,GR,255.0,319.0,,42.0,,False,
2025-04-19T03:00:00.000Z,GR,Greece,GR,241.0,304.0,,45.0,,False,
2025-04-19T04:00:00.000Z,GR,Greece,GR,219.0,281.0,,49.0,,False,
2025-04-19T05:00:00.000Z,GR,Greece,GR,148.0,199.0,,66.0,,False,
2025-04-19T06:00:00.000Z,GR,Greece,GR,87.0,127.0,,81.0,,False,
2025-04-19T07:00:00.000Z,GR,Greece,GR,82.0,122.0,,82.0,,False,
2025-04-19T08:00:00.000Z,GR,Greece,GR,86.0,126.0,,81.0,,False,
2025-04-19T09:00:00.000Z,GR,Greece,GR,87.0,128.0,,81.0,,False,
2025-04-19T10:00:00.000Z,GR,Greece,GR,93.0,135.0,,80.0,,False,
2025-04-19T11:00:00.000Z,GR,Greece,GR,93.0,135.0,,80.0,,False,
2025-04-19T12:00:00.000Z,GR,Greece,GR,101.0,145.0,,78.0,,False,
2025-04-19T13:00:00.000Z,GR,Greece,GR,117.0,163.0,,75.0,,False,
2025-04-19T14:00:00.000Z,GR,Greece,GR,149.0,197.0,,69.0,,False,
2025-04-19T15:00:00.000Z,GR,Greece,GR,201.0,253.0,,56.0,,False,
2025-04-19T16:00:00.000Z,GR,Greece,GR,275.0,335.0,,38.0,,False,
2025-04-19T17:00:00.000Z,GR,Greece,GR,278.0,341.0,,35.0,,False,
2025-04-19T18:00:00.000Z,GR,Greece,GR,290.0,356.0,,32.0,,False,
2025-04-19T19:00:00.000Z,GR,Greece,GR,290.0,352.0,,33.0,,False,
2025-04-19T20:00:00.000Z,GR,Greece,GR,310.0,378.0,,28.0,,False,
2025-04-19T21:00:00.000Z,GR,Greece,GR,308.0,372.0,,29.0,,False,
2025-04-19T22:00:00.000Z,GR,Greece,GR,330.0,401.0,,24.0,,False,
2025-04-19T23:00:00.000Z,GR,Greece,GR,331.0,401.0,,25.0,,True,FORECASTS_HIERARCHY
2025-04-20T00:00:00.000Z,GR,Greece,GR,337.0,409.0,,24.0,,True,FORECASTS_HIERARCHY
2025-04-20T01:00:00.000Z,GR,Greece,GR,346.0,418.0,,23.0,,True,FORECASTS_HIERARCHY
2025-04-20T02:00:00.000Z,GR,Greece,GR,343.0,414.0,,24.0,,True,FORECASTS_HIERARCHY
2025-04-20T03:00:00.000Z,GR,Greece,GR,338.0,408.0,,26.0,,True,FORECASTS_HIERARCHY
2025-04-20T04:00:00.000Z,GR,Greece,GR,293.0,360.0,,34.0,,False,
2025-04-20T05:00:00.000Z,GR,Greece,GR,177.0,228.0,,60.0,,False,
2025-04-20T06:00:00.000Z,GR,Greece,GR,120.0,165.0,,73.0,,False,
2025-04-20T07:00:00.000Z,GR,Greece,GR,121.0,166.0,,72.0,,False,
2025-04-20T08:00:00.000Z,GR,Greece,GR,105.0,149.0,,76.0,,False,
2025-04-20T09:00:00.000Z,GR,Greece,GR,114.0,159.0,,74.0,,False,
2025-04-20T10:00:00.000Z,GR,Greece,GR,125.0,173.0,,72.0,,False,
2025-04-20T11:00:00.000Z,GR,Greece,GR,137.0,186.0,,70.0,,False,
2025-04-20T12:00:00.000Z,GR,Greece,GR,155.0,208.0,,65.0,,False,
2025-04-20T13:00:00.000Z,GR,Greece,GR,159.0,210.0,,63.0,,False,
2025-04-20T14:00:00.000Z,GR,Greece,GR,208.0,258.0,,52.0,,False,
2025-04-20T15:00:00.000Z,GR,Greece,GR,221.0,274.0,,50.0,,False,
2025-04-20T16:00:00.000Z,GR,Greece,GR,281.0,337.0,,37.0,,False,
2025-04-20T17:00:00.000Z,GR,Greece,GR,280.0,334.0,,37.0,,False,
2025-04-20T18:00:00.000Z,GR,Greece,GR,273.0,328.0,,37.0,,False,
2025-04-20T19:00:00.000Z,GR,Greece,GR,279.0,331.0,,37.0,,False,
2025-04-20T20:00:00.000Z,GR,Greece,GR,292.0,347.0,,33.0,,False,
2025-04-20T21:00:00.000Z,GR,Greece,GR,306.0,376.0,,28.0,,False,
2025-04-20T22:00:00.000Z,GR,Greece,GR,316.0,386.0,,26.0,,True,FORECASTS_HIERARCHY
2025-04-20T23:00:00.000Z,GR,Greece,GR,329.0,397.0,,25.0,,True,FORECASTS_HIERARCHY
2025-04-21T00:00:00.000Z,GR,Greece,GR,339.0,413.0,,22.0,,True,FORECASTS_HIERARCHY
2025-04-21T01:00:00.000Z,GR,Greece,GR,340.0,414.0,,22.0,,True,FORECASTS_HIERARCHY
2025-04-21T02:00:00.000Z,GR,Greece,GR,337.0,411.0,,23.0,,True,FORECASTS_HIERARCHY
2025-04-21T03:00:00.000Z,GR,Greece,GR,350.0,428.0,,21.0,,False,
2025-04-21T04:00:00.000Z,GR,Greece,GR,291.0,359.0,,35.0,,False,
2025-04-21T05:00:00.000Z,GR,Greece,GR,162.0,215.0,,64.0,,False,
2025-04-21T06:00:00.000Z,GR,Greece,GR,105.0,147.0,,77.0,,False,
2025-04-21T07:00:00.000Z,GR,Greece,GR,106.0,149.0,,76.0,,False,
2025-04-21T08:00:00.000Z,GR,Greece,GR,111.0,155.0,,75.0,,False,
2025-04-21T09:00:00.000Z,GR,Greece,GR,113.0,158.0,,75.0,,False,
2025-04-21T10:00:00.000Z,GR,Greece,GR,108.0,151.0,,76.0,,False,
2025-04-21T11:00:00.000Z,GR,Greece,GR,116.0,161.0,,74.0,,False,
2025-04-21T12:00:00.000Z,GR,Greece,GR,137.0,187.0,,69.0,,False,
2025-04-21T13:00:00.000Z,GR,Greece,GR,147.0,197.0,,66.0,,False,
2025-04-21T14:00:00.000Z,GR,Greece,GR,179.0,229.0,,59.0,,False,
2025-04-21T15:00:00.000Z,GR,Greece,GR,218.0,269.0,,52.0,,False,
2025-04-21T16:00:00.000Z,GR,Greece,GR,286.0,342.0,,36.0,,False,
2025-04-21T17:00:00.000Z,GR,Greece,GR,277.0,339.0,,36.0,,False,
2025-04-21T18:00:00.000Z,GR,Greece,GR,284.0,352.0,,33.0,,False,
2025-04-21T19:00:00.000Z,GR,Greece,GR,306.0,375.0,,28.0,,False,
2025-04-21T20:00:00.000Z,GR,Greece,GR,326.0,401.0,,24.0,,False,
2025-04-21T21:00:00.000Z,GR,Greece,GR,329.0,404.0,,23.0,,False,
2025-04-21T22:00:00.000Z,GR,Greece,GR,326.0,398.0,,24.0,,True,FORECASTS_HIERARCHY
2025-04-21T23:00:00.000Z,GR,Greece,GR,325.0,393.0,,25.0,,True,FORECASTS_HIERARCHY
2025-04-22T00:00:00.000Z,GR,Greece,GR,326.0,393.0,,26.0,,True,FORECASTS_HIERARCHY
2025-04-22T01:00:00.000Z,GR,Greece,GR,320.0,385.0,,28.0,,True,FORECASTS_HIERARCHY
2025-04-22T02:00:00.000Z,GR,Greece,GR,310.0,374.0,,32.0,,True,FORECASTS_HIERARCHY
2025-04-22T03:00:00.000Z,GR,Greece,GR,267.0,325.0,,43.0,,False,
2025-04-22T04:00:00.000Z,GR,Greece,GR,227.0,287.0,,49.0,,False,
2025-04-22T05:00:00.000Z,GR,Greece,GR,166.0,222.0,,61.0,,False,
2025-04-22T06:00:00.000Z,GR,Greece,GR,119.0,165.0,,73.0,,False,
2025-04-22T07:00:00.000Z,GR,Greece,GR,94.0,134.0,,79.0,,False,
2025-04-22T08:00:00.000Z,GR,Greece,GR,90.0,130.0,,80.0,,False,
2025-04-22T09:00:00.000Z,GR,Greece,GR,90.0,129.0,,80.0,,False,
2025-04-22T10:00:00.000Z,GR,Greece,GR,86.0,126.0,,80.0,,False,
2025-04-22T11:00:00.000Z,GR,Greece,GR,96.0,137.0,,78.0,,False,
2025-04-22T12:00:00.000Z,GR,Greece,GR,108.0,151.0,,76.0,,False,
2025-04-22T13:00:00.000Z,GR,Greece,GR,113.0,157.0,,75.0,,False,
2025-04-22T14:00:00.000Z,GR,Greece,GR,147.0,194.0,,67.0,,False,
2025-04-22T15:00:00.000Z,GR,Greece,GR,198.0,250.0,,56.0,,False,
2025-04-22T16:00:00.000Z,GR,Greece,GR,253.0,307.0,,43.0,,False,
2025-04-22T17:00:00.000Z,GR,Greece,GR,249.0,306.0,,42.0,,False,
2025-04-22T18:00:00.000Z,GR,Greece,GR,246.0,308.0,,41.0,,False,
2025-04-22T19:00:00.000Z,GR,Greece,GR,280.0,339.0,,36.0,,False,
2025-04-22T20:00:00.000Z,GR,Greece,GR,296.0,359.0,,33.0,,False,
2025-04-22T21:00:00.000Z,GR,Greece,GR,316.0,385.0,,27.0,,False,
2025-04-22T22:00:00.000Z,GR,Greece,GR,311.0,381.0,,28.0,,False,
2025-04-22T23:00:00.000Z,GR,Greece,GR,314.0,388.0,,27.0,,False,
2025-04-23T00:00:00.000Z,GR,Greece,GR,308.0,379.0,,29.0,,False,
2025-04-23T01:00:00.000Z,GR,Greece,GR,300.0,371.0,,31.0,,False,
2025-04-23T02:00:00.000Z,GR,Greece,GR,286.0,353.0,,35.0,,False,
2025-04-23T03:00:00.000Z,GR,Greece,GR,260.0,324.0,,42.0,,False,
2025-04-23T04:00:00.000Z,GR,Greece,GR,211.0,269.0,,53.0,,False,
2025-04-23T05:00:00.000Z,GR,Greece,GR,148.0,200.0,,66.0,,False,
2025-04-23T06:00:00.000Z,GR,Greece,GR,95.0,136.0,,79.0,,False,
2025-04-23T07:00:00.000Z,GR,Greece,GR,79.0,118.0,,83.0,,False,
2025-04-23T08:00:00.000Z,GR,Greece,GR,85.0,124.0,,81.0,,False,
2025-04-23T09:00:00.000Z,GR,Greece,GR,92.0,131.0,,80.0,,False,
2025-04-23T10:00:00.000Z,GR,Greece,GR,88.0,127.0,,81.0,,False,
2025-04-23T11:00:00.000Z,GR,Greece,GR,90.0,129.0,,81.0,,False,
2025-04-23T12:00:00.000Z,GR,Greece,GR,106.0,148.0,,77.0,,False,
2025-04-23T13:00:00.000Z,GR,Greece,GR,114.0,158.0,,75.0,,False,
2025-04-23T14:00:00.000Z,GR,Greece,GR,150.0,202.0,,66.0,,False,
2025-04-23T15:00:00.000Z,GR,Greece,GR,218.0,276.0,,50.0,,False,
2025-04-23T16:00:00.000Z,GR,Greece,GR,249.0,303.0,,44.0,,False,
2025-04-23T17:00:00.000Z,GR,Greece,GR,258.0,314.0,,41.0,,False,
2025-04-23T18:00:00.000Z,GR,Greece,GR,262.0,317.0,,41.0,,False,
2025-04-23T19:00:00.000Z,GR,Greece,GR,280.0,340.0,,37.0,,False,
2025-04-23T20:00:00.000Z,GR,Greece,GR,289.0,355.0,,34.0,,False,
2025-04-23T21:00:00.000Z,GR,Greece,GR,302.0,372.0,,30.0,,False,
2025-04-23T22:00:00.000Z,GR,Greece,GR,300.0,368.0,,31.0,,False,
2025-04-23T23:00:00.000Z,GR,Greece,GR,313.0,380.0,,30.0,,False,
2025-04-24T00:00:00.000Z,GR,Greece,GR,313.0,379.0,,32.0,,False,
2025-04-24T01:00:00.000Z,GR,Greece,GR,311.0,377.0,,33.0,,False,
2025-04-24T02:00:00.000Z,GR,Greece,GR,298.0,360.0,,36.0,,False,
2025-04-24T03:00:00.000Z,GR,Greece,GR,298.0,362.0,,36.0,,False,
2025-04-24T04:00:00.000Z,GR,Greece,GR,255.0,319.0,,43.0,,False,
2025-04-24T05:00:00.000Z,GR,Greece,GR,221.0,289.0,,47.0,,False,
2025-04-24T06:00:00.000Z,GR,Greece,GR,189.0,253.0,,55.0,,False,
2025-04-24T07:00:00.000Z,GR,Greece,GR,120.0,168.0,,72.0,,False,
2025-04-24T08:00:00.000Z,GR,Greece,GR,94.0,135.0,,78.0,,False,
2025-04-24T09:00:00.000Z,GR,Greece,GR,98.0,139.0,,78.0,,False,
2025-04-24T10:00:00.000Z,GR,Greece,GR,96.0,138.0,,78.0,,False,
2025-04-24T11:00:00.000Z,GR,Greece,GR,94.0,135.0,,79.0,,False,
2025-04-24T12:00:00.000Z,GR,Greece,GR,114.0,158.0,,74.0,,False,
2025-04-24T13:00:00.000Z,GR,Greece,GR,158.0,209.0,,63.0,,False,
2025-04-24T14:00:00.000Z,GR,Greece,GR,214.0,274.0,,50.0,,False,
2025-04-24T15:00:00.000Z,GR,Greece,GR,253.0,314.0,,43.0,,False,
2025-04-24T16:00:00.000Z,GR,Greece,GR,257.0,313.0,,43.0,,False,
2025-04-24T17:00:00.000Z,GR,Greece,GR,259.0,321.0,,40.0,,False,
2025-04-24T18:00:00.000Z,GR,Greece,GR,265.0,329.0,,39.0,,False,
2025-04-24T19:00:00.000Z,GR,Greece,GR,287.0,356.0,,34.0,,False,
2025-04-24T20:00:00.000Z,GR,Greece,GR,306.0,380.0,,30.0,,False,
2025-04-24T21:00:00.000Z,GR,Greece,GR,326.0,405.0,,26.0,,False,
2025-04-24T22:00:00.000Z,GR,Greece,GR,336.0,406.0,,27.0,,False,
2025-04-24T23:00:00.000Z,GR,Greece,GR,343.0,412.0,,27.0,,False,
2025-04-25T00:00:00.000Z,GR,Greece,GR,343.0,411.0,,27.0,,False,
2025-04-25T01:00:00.000Z,GR,Greece,GR,344.0,413.0,,27.0,,False,
2025-04-25T02:00:00.000Z,GR,Greece,GR,344.0,411.0,,29.0,,False,
2025-04-25T03:00:00.000Z,GR,Greece,GR,339.0,406.0,,30.0,,False,
2025-04-25T04:00:00.000Z,GR,Greece,GR,276.0,338.0,,41.0,,False,
2025-04-25T05:00:00.000Z,GR,Greece,GR,224.0,289.0,,48.0,,False,
2025-04-25T06:00:00.000Z,GR,Greece,GR,176.0,233.0,,58.0,,False,
2025-04-25T07:00:00.000Z,GR,Greece,GR,121.0,167.0,,72.0,,False,
2025-04-25T08:00:00.000Z,GR,Greece,GR,97.0,138.0,,78.0,,False,
2025-04-25T09:00:00.000Z,GR,Greece,GR,110.0,151.0,,76.0,,False,
2025-04-25T10:00:00.000Z,GR,Greece,GR,99.0,140.0,,78.0,,False,
2025-04-25T11:00:00.000Z,GR,Greece,GR,96.0,137.0,,79.0,,False,
2025-04-25T12:00:00.000Z,GR,Greece,GR,101.0,143.0,,78.0,,False,
2025-04-25T13:00:00.000Z,GR,Greece,GR,126.0,170.0,,73.0,,False,
2025-04-25T14:00:00.000Z,GR,Greece,GR,171.0,224.0,,62.0,,False,
2025-04-25T15:00:00.000Z,GR,Greece,GR,245.0,307.0,,46.0,,False,
2025-04-25T16:00:00.000Z,GR,Greece,GR,289.0,352.0,,37.0,,False,
2025-04-25T17:00:00.000Z,GR,Greece,GR,279.0,344.0,,36.0,,False,
2025-04-25T18:00:00.000Z,GR,Greece,GR,275.0,340.0,,37.0,,False,
2025-04-25T19:00:00.000Z,GR,Greece,GR,304.0,374.0,,30.0,,False,
2025-04-25T20:00:00.000Z,GR,Greece,GR,335.0,411.0,,24.0,,False,
2025-04-25T21:00:00.000Z,GR,Greece,GR,333.0,410.0,,24.0,,False,
2025-04-25T22:00:00.000Z,GR,Greece,GR,340.0,412.0,,24.0,,True,FORECASTS_HIERARCHY
2025-04-25T23:00:00.000Z,GR,Greece,GR,342.0,412.0,,24.0,,True,FORECASTS_HIERARCHY
2025-04-26T00:00:00.000Z,GR,Greece,GR,342.0,410.0,,25.0,,True,FORECASTS_HIERARCHY
2025-04-26T01:00:00.000Z,GR,Greece,GR,340.0,407.0,,26.0,,True,FORECASTS_HIERARCHY
2025-04-26T02:00:00.000Z,GR,Greece,GR,341.0,406.0,,26.0,,True,FORECASTS_HIERARCHY
2025-04-26T03:00:00.000Z,GR,Greece,GR,333.0,397.0,,28.0,,True,FORECASTS_HIERARCHY
2025-04-26T04:00:00.000Z,GR,Greece,GR,305.0,367.0,,34.0,,False,
2025-04-26T05:00:00.000Z,GR,Greece,GR,230.0,285.0,,49.0,,False,
2025-04-26T06:00:00.000Z,GR,Greece,GR,159.0,206.0,,64.0,,False,
2025-04-26T07:00:00.000Z,GR,Greece,GR,138.0,181.0,,68.0,,False,
2025-04-26T08:00:00.000Z,GR,Greece,GR,166.0,209.0,,63.0,,False,
2025-04-26T09:00:00.000Z,GR,Greece,GR,179.0,222.0,,61.0,,False,
2025-04-26T10:00:00.000Z,GR,Greece,GR,175.0,218.0,,62.0,,False,
2025-04-26T11:00:00.000Z,GR,Greece,GR,179.0,222.0,,61.0,,False,
2025-04-26T12:00:00.000Z,GR,Greece,GR,188.0,233.0,,60.0,,False,
2025-04-26T13:00:00.000Z,GR,Greece,GR,204.0,251.0,,57.0,,False,
2025-04-26T14:00:00.000Z,GR,Greece,GR,227.0,281.0,,51.0,,False,
2025-04-26T15:00:00.000Z,GR,Greece,GR,255.0,311.0,,45.0,,False,
2025-04-26T16:00:00.000Z,GR,Greece,GR,251.0,296.0,,47.0,,False,
2025-04-26T17:00:00.000Z,GR,Greece,GR,264.0,316.0,,42.0,,False,
2025-04-26T18:00:00.000Z,GR,Greece,GR,273.0,331.0,,38.0,,False,
2025-04-26T19:00:00.000Z,GR,Greece,GR,286.0,343.0,,36.0,,False,
2025-04-26T20:00:00.000Z,GR,Greece,GR,300.0,364.0,,33.0,,False,
2025-04-26T21:00:00.000Z,GR,Greece,GR,286.0,347.0,,35.0,,False,
2025-04-26T22:00:00.000Z,GR,Greece,GR,302.0,361.0,,33.0,,True,FORECASTS_HIERARCHY
2025-04-26T23:00:00.000Z,GR,Greece,GR,296.0,351.0,,36.0,,True,FORECASTS_HIERARCHY
2025-04-27T00:00:00.000Z,GR,Greece,GR,293.0,350.0,,36.0,,True,FORECASTS_HIERARCHY
2025-04-27T01:00:00.000Z,GR,Greece,GR,285.0,338.0,,39.0,,True,FORECASTS_HIERARCHY
2025-04-27T02:00:00.000Z,GR,Greece,GR,243.0,288.0,,49.0,,False,
2025-04-27T03:00:00.000Z,GR,Greece,GR,236.0,282.0,,50.0,,False,
2025-04-27T04:00:00.000Z,GR,Greece,GR,206.0,250.0,,57.0,,False,
2025-04-27T05:00:00.000Z,GR,Greece,GR,151.0,192.0,,68.0,,False,
2025-04-27T06:00:00.000Z,GR,Greece,GR,123.0,162.0,,74.0,,False,
2025-04-27T07:00:00.000Z,GR,Greece,GR,132.0,172.0,,72.0,,False,
2025-04-27T08:00:00.000Z,GR,Greece,GR,157.0,197.0,,67.0,,False,
2025-04-27T09:00:00.000Z,GR,Greece,GR,169.0,212.0,,64.0,,False,
2025-04-27T10:00:00.000Z,GR,Greece,GR,161.0,201.0,,66.0,,False,
2025-04-27T11:00:00.000Z,GR,Greece,GR,170.0,211.0,,65.0,,False,
2025-04-27T12:00:00.000Z,GR,Greece,GR,179.0,221.0,,63.0,,False,
2025-04-27T13:00:00.000Z,GR,Greece,GR,181.0,223.0,,63.0,,False,
2025-04-27T14:00:00.000Z,GR,Greece,GR,179.0,221.0,,63.0,,False,
2025-04-27T15:00:00.000Z,GR,Greece,GR,155.0,194.0,,67.0,,False,
2025-04-27T16:00:00.000Z,GR,Greece,GR,131.0,164.0,,72.0,,False,
2025-04-27T17:00:00.000Z,GR,Greece,GR,139.0,175.0,,68.0,,False,
2025-04-27T18:00:00.000Z,GR,Greece,GR,138.0,176.0,,68.0,,False,
2025-04-27T19:00:00.000Z,GR,Greece,GR,133.0,168.0,,69.0,,False,
2025-04-27T20:00:00.000Z,GR,Greece,GR,133.0,172.0,,69.0,,False,
2025-04-27T21:00:00.000Z,GR,Greece,GR,135.0,180.0,,68.0,,False,
2025-04-27T22:00:00.000Z,GR,Greece,GR,135.0,179.0,,69.0,,False,
2025-04-27T23:00:00.000Z,GR,Greece,GR,128.0,171.0,,71.0,,False,
2025-04-28T00:00:00.000Z,GR,Greece,GR,122.0,162.0,,72.0,,False,
2025-04-28T01:00:00.000Z,GR,Greece,GR,121.0,161.0,,73.0,,False,
2025-04-28T02:00:00.000Z,GR,Greece,GR,125.0,167.0,,71.0,,False,
2025-04-28T03:00:00.000Z,GR,Greece,GR,131.0,173.0,,70.0,,False,
2025-04-28T04:00:00.000Z,GR,Greece,GR,129.0,170.0,,70.0,,False,
2025-04-28T05:00:00.000Z,GR,Greece,GR,93.0,127.0,,79.0,,False,
2025-04-28T06:00:00.000Z,GR,Greece,GR,67.0,98.0,,86.0,,False,
2025-04-28T07:00:00.000Z,GR,Greece,GR,69.0,101.0,,85.0,,False,
2025-04-28T08:00:00.000Z,GR,Greece,GR,74.0,107.0,,84.0,,False,
2025-04-28T09:00:00.000Z,GR,Greece,GR,118.0,156.0,,74.0,,False,
2025-04-28T10:00:00.000Z,GR,Greece,GR,125.0,163.0,,73.0,,False,
2025-04-28T11:00:00.000Z,GR,Greece,GR,127.0,165.0,,72.0,,False,
2025-04-28T12:00:00.000Z,GR,Greece,GR,150.0,193.0,,66.0,,False,
2025-04-28T13:00:00.000Z,GR,Greece,GR,127.0,170.0,,71.0,,False,
2025-04-28T14:00:00.000Z,GR,Greece,GR,94.0,134.0,,79.0,,False,
2025-04-28T15:00:00.000Z,GR,Greece,GR,107.0,146.0,,77.0,,False,
2025-04-28T16:00:00.000Z,GR,Greece,GR,139.0,175.0,,70.0,,False,
2025-04-28T17:00:00.000Z,GR,Greece,GR,174.0,218.0,,61.0,,False,
2025-04-28T18:00:00.000Z,GR,Greece,GR,178.0,222.0,,60.0,,False,
2025-04-28T19:00:00.000Z,GR,Greece,GR,173.0,216.0,,62.0,,False,
2025-04-28T20:00:00.000Z,GR,Greece,GR,149.0,188.0,,66.0,,False,
2025-04-28T21:00:00.000Z,GR,Greece,GR,133.0,171.0,,70.0,,False,
2025-04-28T22:00:00.000Z,GR,Greece,GR,120.0,159.0,,73.0,,False,
2025-04-28T23:00:00.000Z,GR,Greece,GR,107.0,142.0,,77.0,,False,
2025-04-29T00:00:00.000Z,GR,Greece,GR,114.0,151.0,,75.0,,False,
2025-04-29T01:00:00.000Z,GR,Greece,GR,121.0,160.0,,73.0,,False,
2025-04-29T02:00:00.000Z,GR,Greece,GR,113.0,151.0,,75.0,,False,
2025-04-29T03:00:00.000Z,GR,Greece,GR,125.0,166.0,,71.0,,False,
2025-04-29T04:00:00.000Z,GR,Greece,GR,120.0,160.0,,73.0,,False,
2025-04-29T05:00:00.000Z,GR,Greece,GR,83.0,116.0,,82.0,,False,
2025-04-29T06:00:00.000Z,GR,Greece,GR,64.0,95.0,,86.0,,False,
2025-04-29T07:00:00.000Z,GR,Greece,GR,65.0,98.0,,86.0,,False,
2025-04-29T08:00:00.000Z,GR,Greece,GR,75.0,110.0,,84.0,,False,
2025-04-29T09:00:00.000Z,GR,Greece,GR,115.0,152.0,,74.0,,False,
2025-04-29T10:00:00.000Z,GR,Greece,GR,137.0,177.0,,69.0,,False,
2025-04-29T11:00:00.000Z,GR,Greece,GR,118.0,155.0,,73.0,,False,
2025-04-29T12:00:00.000Z,GR,Greece,GR,135.0,174.0,,70.0,,False,
2025-04-29T13:00:00.000Z,GR,Greece,GR,108.0,147.0,,76.0,,False,
2025-04-29T14:00:00.000Z,GR,Greece,GR,99.0,140.0,,78.0,,False,
2025-04-29T15:00:00.000Z,GR,Greece,GR,109.0,151.0,,75.0,,False,
2025-04-29T16:00:00.000Z,GR,Greece,GR,164.0,211.0,,61.0,,False,
2025-04-29T17:00:00.000Z,GR,Greece,GR,190.0,240.0,,56.0,,False,
2025-04-29T18:00:00.000Z,GR,Greece,GR,201.0,253.0,,54.0,,False,
2025-04-29T19:00:00.000Z,GR,Greece,GR,193.0,242.0,,56.0,,False,
2025-04-29T20:00:00.000Z,GR,Greece,GR,176.0,221.0,,61.0,,False,
2025-04-29T21:00:00.000Z,GR,Greece,GR,166.0,210.0,,64.0,,False,
2025-04-29T22:00:00.000Z,GR,Greece,GR,166.0,212.0,,64.0,,False,
2025-04-29T23:00:00.000Z,GR,Greece,GR,168.0,216.0,,64.0,,False,
2025-04-30T00:00:00.000Z,GR,Greece,GR,166.0,214.0,,64.0,,False,
2025-04-30T01:00:00.000Z,GR,Greece,GR,165.0,213.0,,64.0,,False,
2025-04-30T02:00:00.000Z,GR,Greece,GR,165.0,212.0,,64.0,,False,
2025-04-30T03:00:00.000Z,GR,Greece,GR,157.0,203.0,,66.0,,False,
2025-04-30T04:00:00.000Z,GR,Greece,GR,143.0,187.0,,69.0,,False,
2025-04-30T05:00:00.000Z,GR,Greece,GR,89.0,122.0,,82.0,,False,
2025-04-30T06:00:00.000Z,GR,Greece,GR,63.0,95.0,,86.0,,False,
2025-04-30T07:00:00.000Z,GR,Greece,GR,64.0,96.0,,86.0,,False,
2025-04-30T08:00:00.000Z,GR,Greece,GR,72.0,107.0,,84.0,,False,
2025-04-30T09:00:00.000Z,GR,Greece,GR,136.0,175.0,,70.0,,False,
2025-04-30T10:00:00.000Z,GR,Greece,GR,136.0,172.0,,72.0,,False,
2025-04-30T11:00:00.000Z,GR,Greece,GR,141.0,178.0,,70.0,,False,
2025-04-30T12:00:00.000Z,GR,Greece,GR,127.0,163.0,,74.0,,False,
2025-04-30T13:00:00.000Z,GR,Greece,GR,87.0,123.0,,81.0,,False,
2025-04-30T14:00:00.000Z,GR,Greece,GR,86.0,124.0,,81.0,,False,
2025-04-30T15:00:00.000Z,GR,Greece,GR,95.0,133.0,,79.0,,False,
2025-04-30T16:00:00.000Z,GR,Greece,GR,150.0,194.0,,65.0,,False,
2025-04-30T17:00:00.000Z,GR,Greece,GR,169.0,216.0,,60.0,,False,
2025-04-30T18:00:00.000Z,GR,Greece,GR,176.0,225.0,,58.0,,False,
2025-04-30T19:00:00.000Z,GR,Greece,GR,189.0,240.0,,55.0,,False,
2025-04-30T20:00:00.000Z,GR,Greece,GR,187.0,242.0,,55.0,,False,
2025-04-30T21:00:00.000Z,GR,Greece,GR,178.0,233.0,,57.0,,False,
2025-04-30T22:00:00.000Z,GR,Greece,GR,146.0,193.0,,66.0,,False,
2025-04-30T23:00:00.000Z,GR,Greece,GR,138.0,183.0,,68.0,,False,
2025-05-01T00:00:00.000Z,GR,Greece,GR,130.0,173.0,,70.0,,False,
2025-05-01T01:00:00.000Z,GR,Greece,GR,126.0,167.0,,71.0,,False,
2025-05-01T02:00:00.000Z,GR,Greece,GR,120.0,159.0,,73.0,,False,
2025-05-01T03:00:00.000Z,GR,Greece,GR,120.0,160.0,,73.0,,False,
2025-05-01T04:00:00.000Z,GR,Greece,GR,100.0,136.0,,78.0,,False,
2025-05-01T05:00:00.000Z,GR,Greece,GR,78.0,111.0,,83.0,,False,
2025-05-01T06:00:00.000Z,GR,Greece,GR,74.0,107.0,,84.0,,False,
2025-05-01T07:00:00.000Z,GR,Greece,GR,97.0,136.0,,78.0,,False,
2025-05-01T08:00:00.000Z,GR,Greece,GR,149.0,191.0,,66.0,,False,
2025-05-01T09:00:00.000Z,GR,Greece,GR,176.0,217.0,,61.0,,False,
2025-05-01T10:00:00.000Z,GR,Greece,GR,200.0,244.0,,56.0,,False,
2025-05-01T11:00:00.000Z,GR,Greece,GR,208.0,253.0,,55.0,,False,
2025-05-01T12:00:00.000Z,GR,Greece,GR,226.0,273.0,,52.0,,False,
2025-05-01T13:00:00.000Z,GR,Greece,GR,222.0,268.0,,53.0,,False,
2025-05-01T14:00:00.000Z,GR,Greece,GR,171.0,218.0,,63.0,,False,
2025-05-01T15:00:00.000Z,GR,Greece,GR,150.0,199.0,,65.0,,False,
2025-05-01T16:00:00.000Z,GR,Greece,GR,182.0,233.0,,57.0,,False,
2025-05-01T17:00:00.000Z,GR,Greece,GR,205.0,260.0,,51.0,,False,
2025-05-01T18:00:00.000Z,GR,Greece,GR,208.0,264.0,,50.0,,False,
2025-05-01T19:00:00.000Z,GR,Greece,GR,219.0,278.0,,47.0,,False,
2025-05-01T20:00:00.000Z,GR,Greece,GR,214.0,274.0,,49.0,,False,
2025-05-01T21:00:00.000Z,GR,Greece,GR,193.0,250.0,,54.0,,False,
2025-05-01T22:00:00.000Z,GR,Greece,GR,168.0,220.0,,61.0,,False,
2025-05-01T23:00:00.000Z,GR,Greece,GR,160.0,210.0,,63.0,,False,
2025-05-02T00:00:00.000Z,GR,Greece,GR,149.0,193.0,,66.0,,False,
2025-05-02T01:00:00.000Z,GR,Greece,GR,151.0,197.0,,65.0,,False,
2025-05-02T02:00:00.000Z,GR,Greece,GR,161.0,210.0,,63.0,,False,
2025-05-02T03:00:00.000Z,GR,Greece,GR,168.0,219.0,,61.0,,False,
2025-05-02T04:00:00.000Z,GR,Greece,GR,161.0,213.0,,62.0,,False,
2025-05-02T05:00:00.000Z,GR,Greece,GR,111.0,151.0,,75.0,,False,
2025-05-02T06:00:00.000Z,GR,Greece,GR,84.0,121.0,,81.0,,False,
2025-05-02T07:00:00.000Z,GR,Greece,GR,68.0,101.0,,85.0,,False,
2025-05-02T08:00:00.000Z,GR,Greece,GR,87.0,123.0,,80.0,,False,
2025-05-02T09:00:00.000Z,GR,Greece,GR,132.0,170.0,,69.0,,False,
2025-05-02T10:00:00.000Z,GR,Greece,GR,160.0,200.0,,64.0,,False,
2025-05-02T11:00:00.000Z,GR,Greece,GR,159.0,198.0,,64.0,,False,
2025-05-02T12:00:00.000Z,GR,Greece,GR,163.0,203.0,,64.0,,False,
2025-05-02T13:00:00.000Z,GR,Greece,GR,140.0,181.0,,70.0,,False,
2025-05-02T14:00:00.000Z,GR,Greece,GR,121.0,163.0,,74.0,,False,
2025-05-02T15:00:00.000Z,GR,Greece,GR,133.0,177.0,,70.0,,False,
2025-05-02T16:00:00.000Z,GR,Greece,GR,195.0,247.0,,54.0,,False,
2025-05-02T17:00:00.000Z,GR,Greece,GR,225.0,286.0,,45.0,,False,
2025-05-02T18:00:00.000Z,GR,Greece,GR,220.0,281.0,,46.0,,False,
2025-05-02T19:00:00.000Z,GR,Greece,GR,241.0,306.0,,41.0,,False,
2025-05-02T20:00:00.000Z,GR,Greece,GR,264.0,336.0,,36.0,,False,
2025-05-02T21:00:00.000Z,GR,Greece,GR,263.0,335.0,,37.0,,False,
2025-05-02T22:00:00.000Z,GR,Greece,GR,261.0,336.0,,38.0,,False,
2025-05-02T23:00:00.000Z,GR,Greece,GR,246.0,317.0,,41.0,,False,
2025-05-03T00:00:00.000Z,GR,Greece,GR,246.0,317.0,,41.0,,False,
2025-05-03T01:00:00.000Z,GR,Greece,GR,251.0,322.0,,40.0,,False,
2025-05-03T02:00:00.000Z,GR,Greece,GR,252.0,322.0,,40.0,,False,
2025-05-03T03:00:00.000Z,GR,Greece,GR,237.0,305.0,,43.0,,False,
2025-05-03T04:00:00.000Z,GR,Greece,GR,215.0,278.0,,49.0,,False,
2025-05-03T05:00:00.000Z,GR,Greece,GR,129.0,175.0,,71.0,,False,
2025-05-03T06:00:00.000Z,GR,Greece,GR,77.0,113.0,,83.0,,False,
2025-05-03T07:00:00.000Z,GR,Greece,GR,75.0,113.0,,84.0,,False,
2025-05-03T08:00:00.000Z,GR,Greece,GR,89.0,129.0,,80.0,,False,
2025-05-03T09:00:00.000Z,GR,Greece,GR,124.0,166.0,,71.0,,False,
2025-05-03T10:00:00.000Z,GR,Greece,GR,123.0,163.0,,71.0,,False,
2025-05-03T11:00:00.000Z,GR,Greece,GR,136.0,178.0,,68.0,,False,
2025-05-03T12:00:00.000Z,GR,Greece,GR,136.0,179.0,,68.0,,False,
2025-05-03T13:00:00.000Z,GR,Greece,GR,130.0,176.0,,70.0,,False,
2025-05-03T14:00:00.000Z,GR,Greece,GR,166.0,214.0,,62.0,,False,
2025-05-03T15:00:00.000Z,GR,Greece,GR,188.0,240.0,,56.0,,False,
2025-05-03T16:00:00.000Z,GR,Greece,GR,258.0,318.0,,39.0,,False,
2025-05-03T17:00:00.000Z,GR,Greece,GR,267.0,333.0,,36.0,,False,
2025-05-03T18:00:00.000Z,GR,Greece,GR,266.0,335.0,,36.0,,False,
2025-05-03T19:00:00.000Z,GR,Greece,GR,287.0,360.0,,31.0,,False,
2025-05-03T20:00:00.000Z,GR,Greece,GR,304.0,376.0,,27.0,,False,
2025-05-03T21:00:00.000Z,GR,Greece,GR,297.0,369.0,,28.0,,False,
2025-05-03T22:00:00.000Z,GR,Greece,GR,301.0,368.0,,28.0,,True,FORECASTS_HIERARCHY
2025-05-03T23:00:00.000Z,GR,Greece,GR,302.0,365.0,,29.0,,True,FORECASTS_HIERARCHY
2025-05-04T00:00:00.000Z,GR,Greece,GR,300.0,363.0,,29.0,,True,FORECASTS_HIERARCHY
2025-05-04T01:00:00.000Z,GR,Greece,GR,300.0,360.0,,30.0,,True,FORECASTS_HIERARCHY
2025-05-04T02:00:00.000Z,GR,Greece,GR,297.0,354.0,,32.0,,True,FORECASTS_HIERARCHY
2025-05-04T03:00:00.000Z,GR,Greece,GR,280.0,332.0,,36.0,,True,FORECASTS_HIERARCHY
2025-05-04T04:00:00.000Z,GR,Greece,GR,213.0,259.0,,51.0,,False,
2025-05-04T05:00:00.000Z,GR,Greece,GR,149.0,193.0,,65.0,,False,
2025-05-04T06:00:00.000Z,GR,Greece,GR,122.0,164.0,,72.0,,False,
2025-05-04T07:00:00.000Z,GR,Greece,GR,153.0,197.0,,65.0,,False,
2025-05-04T08:00:00.000Z,GR,Greece,GR,153.0,197.0,,64.0,,False,
2025-05-04T09:00:00.000Z,GR,Greece,GR,161.0,206.0,,62.0,,False,
2025-05-04T10:00:00.000Z,GR,Greece,GR,160.0,203.0,,63.0,,False,
2025-05-04T11:00:00.000Z,GR,Greece,GR,178.0,222.0,,59.0,,False,
2025-05-04T12:00:00.000Z,GR,Greece,GR,190.0,236.0,,57.0,,False,
2025-05-04T13:00:00.000Z,GR,Greece,GR,171.0,216.0,,61.0,,False,
2025-05-04T14:00:00.000Z,GR,Greece,GR,152.0,196.0,,66.0,,False,
2025-05-04T15:00:00.000Z,GR,Greece,GR,151.0,193.0,,65.0,,False,
2025-05-04T16:00:00.000Z,GR,Greece,GR,209.0,257.0,,51.0,,False,
2025-05-04T17:00:00.000Z,GR,Greece,GR,217.0,271.0,,48.0,,False,
2025-05-04T18:00:00.000Z,GR,Greece,GR,217.0,273.0,,48.0,,False,
2025-05-04T19:00:00.000Z,GR,Greece,GR,216.0,270.0,,49.0,,False,
2025-05-04T20:00:00.000Z,GR,Greece,GR,236.0,297.0,,44.0,,False,
2025-05-04T21:00:00.000Z,GR,Greece,GR,234.0,296.0,,44.0,,False,
2025-05-04T22:00:00.000Z,GR,Greece,GR,248.0,313.0,,41.0,,False,
2025-05-04T23:00:00.000Z,GR,Greece,GR,247.0,313.0,,42.0,,False,
2025-05-05T00:00:00.000Z,GR,Greece,GR,255.0,323.0,,41.0,,False,
2025-05-05T01:00:00.000Z,GR,Greece,GR,287.0,359.0,,36.0,,False,
2025-05-05T02:00:00.000Z,GR,Greece,GR,299.0,372.0,,35.0,,False,
2025-05-05T03:00:00.000Z,GR,Greece,GR,309.0,388.0,,31.0,,False,
2025-05-05T04:00:00.000Z,GR,Greece,GR,279.0,361.0,,33.0,,False,
2025-05-05T05:00:00.000Z,GR,Greece,GR,240.0,314.0,,42.0,,False,
2025-05-05T06:00:00.000Z,GR,Greece,GR,211.0,279.0,,49.0,,False,
2025-05-05T07:00:00.000Z,GR,Greece,GR,177.0,238.0,,58.0,,False,
2025-05-05T08:00:00.000Z,GR,Greece,GR,122.0,170.0,,72.0,,False,
2025-05-05T09:00:00.000Z,GR,Greece,GR,83.0,121.0,,83.0,,False,
2025-05-05T10:00:00.000Z,GR,Greece,GR,77.0,115.0,,84.0,,False,
2025-05-05T11:00:00.000Z,GR,Greece,GR,73.0,110.0,,84.0,,False,
2025-05-05T12:00:00.000Z,GR,Greece,GR,76.0,113.0,,84.0,,False,
2025-05-05T13:00:00.000Z,GR,Greece,GR,86.0,126.0,,81.0,,False,
2025-05-05T14:00:00.000Z,GR,Greece,GR,115.0,161.0,,73.0,,False,
2025-05-05T15:00:00.000Z,GR,Greece,GR,173.0,231.0,,59.0,,False,
2025-05-05T16:00:00.000Z,GR,Greece,GR,233.0,299.0,,44.0,,False,
2025-05-05T17:00:00.000Z,GR,Greece,GR,243.0,309.0,,41.0,,False,
2025-05-05T18:00:00.000Z,GR,Greece,GR,236.0,301.0,,42.0,,False,
2025-05-05T19:00:00.000Z,GR,Greece,GR,251.0,320.0,,39.0,,False,
2025-05-05T20:00:00.000Z,GR,Greece,GR,265.0,338.0,,36.0,,False,
2025-05-05T21:00:00.000Z,GR,Greece,GR,266.0,342.0,,36.0,,False,
2025-05-05T22:00:00.000Z,GR,Greece,GR,266.0,337.0,,40.0,,False,
2025-05-05T23:00:00.000Z,GR,Greece,GR,278.0,345.0,,40.0,,False,
2025-05-06T00:00:00.000Z,GR,Greece,GR,281.0,348.0,,40.0,,False,
2025-05-06T01:00:00.000Z,GR,Greece,GR,294.0,364.0,,37.0,,False,
2025-05-06T02:00:00.000Z,GR,Greece,GR,310.0,383.0,,34.0,,False,
2025-05-06T03:00:00.000Z,GR,Greece,GR,314.0,393.0,,30.0,,False,
2025-05-06T04:00:00.000Z,GR,Greece,GR,284.0,366.0,,33.0,,False,
2025-05-06T05:00:00.000Z,GR,Greece,GR,230.0,304.0,,44.0,,False,
2025-05-06T06:00:00.000Z,GR,Greece,GR,185.0,249.0,,56.0,,False,
2025-05-06T07:00:00.000Z,GR,Greece,GR,141.0,194.0,,67.0,,False,
2025-05-06T08:00:00.000Z,GR,Greece,GR,128.0,178.0,,70.0,,False,
2025-05-06T09:00:00.000Z,GR,Greece,GR,110.0,154.0,,75.0,,False,
2025-05-06T10:00:00.000Z,GR,Greece,GR,82.0,120.0,,82.0,,False,
2025-05-06T11:00:00.000Z,GR,Greece,GR,71.0,107.0,,85.0,,False,
2025-05-06T12:00:00.000Z,GR,Greece,GR,72.0,108.0,,84.0,,False,
2025-05-06T13:00:00.000Z,GR,Greece,GR,118.0,167.0,,72.0,,False,
2025-05-06T14:00:00.000Z,GR,Greece,GR,175.0,236.0,,58.0,,False,
2025-05-06T15:00:00.000Z,GR,Greece,GR,213.0,281.0,,48.0,,False,
2025-05-06T16:00:00.000Z,GR,Greece,GR,228.0,295.0,,44.0,,False,
2025-05-06T17:00:00.000Z,GR,Greece,GR,200.0,256.0,,52.0,,False,
2025-05-06T18:00:00.000Z,GR,Greece,GR,215.0,273.0,,49.0,,False,
2025-05-06T19:00:00.000Z,GR,Greece,GR,232.0,298.0,,44.0,,False,
2025-05-06T20:00:00.000Z,GR,Greece,GR,251.0,325.0,,39.0,,False,
2025-05-06T21:00:00.000Z,GR,Greece,GR,253.0,328.0,,39.0,,False,
2025-05-06T22:00:00.000Z,GR,Greece,GR,265.0,345.0,,36.0,,False,
2025-05-06T23:00:00.000Z,GR,Greece,GR,252.0,326.0,,40.0,,False,
2025-05-07T00:00:00.000Z,GR,Greece,GR,261.0,338.0,,38.0,,False,
2025-05-07T01:00:00.000Z,GR,Greece,GR,288.0,368.0,,33.0,,False,
2025-05-07T02:00:00.000Z,GR,Greece,GR,289.0,365.0,,35.0,,False,
2025-05-07T03:00:00.000Z,GR,Greece,GR,271.0,347.0,,37.0,,False,
2025-05-07T04:00:00.000Z,GR,Greece,GR,232.0,303.0,,44.0,,False,
2025-05-07T05:00:00.000Z,GR,Greece,GR,185.0,248.0,,55.0,,False,
2025-05-07T06:00:00.000Z,GR,Greece,GR,133.0,185.0,,69.0,,False,
2025-05-07T07:00:00.000Z,GR,Greece,GR,97.0,140.0,,78.0,,False,
2025-05-07T08:00:00.000Z,GR,Greece,GR,81.0,121.0,,82.0,,False,
2025-05-07T09:00:00.000Z,GR,Greece,GR,66.0,103.0,,85.0,,False,
2025-05-07T10:00:00.000Z,GR,Greece,GR,64.0,100.0,,86.0,,False,
2025-05-07T11:00:00.000Z,GR,Greece,GR,65.0,102.0,,86.0,,False,
2025-05-07T12:00:00.000Z,GR,Greece,GR,67.0,104.0,,85.0,,False,
2025-05-07T13:00:00.000Z,GR,Greece,GR,82.0,121.0,,82.0,,False,
2025-05-07T14:00:00.000Z,GR,Greece,GR,112.0,158.0,,74.0,,False,
2025-05-07T15:00:00.000Z,GR,Greece,GR,183.0,244.0,,56.0,,False,
2025-05-07T16:00:00.000Z,GR,Greece,GR,236.0,303.0,,42.0,,False,
2025-05-07T17:00:00.000Z,GR,Greece,GR,254.0,324.0,,38.0,,False,
2025-05-07T18:00:00.000Z,GR,Greece,GR,256.0,327.0,,37.0,,False,
2025-05-07T19:00:00.000Z,GR,Greece,GR,275.0,351.0,,33.0,,False,
2025-05-07T20:00:00.000Z,GR,Greece,GR,296.0,381.0,,28.0,,False,
2025-05-07T21:00:00.000Z,GR,Greece,GR,307.0,398.0,,25.0,,False,
2025-05-07T22:00:00.000Z,GR,Greece,GR,303.0,380.0,,31.0,,False,
2025-05-07T23:00:00.000Z,GR,Greece,GR,305.0,379.0,,33.0,,False,
2025-05-08T00:00:00.000Z,GR,Greece,GR,315.0,389.0,,31.0,,False,
2025-05-08T01:00:00.000Z,GR,Greece,GR,321.0,397.0,,30.0,,False,
2025-05-08T02:00:00.000Z,GR,Greece,GR,312.0,386.0,,33.0,,False,
2025-05-08T03:00:00.000Z,GR,Greece,GR,280.0,350.0,,39.0,,False,
2025-05-08T04:00:00.000Z,GR,Greece,GR,224.0,289.0,,49.0,,False,
2025-05-08T05:00:00.000Z,GR,Greece,GR,162.0,220.0,,62.0,,False,
2025-05-08T06:00:00.000Z,GR,Greece,GR,122.0,172.0,,71.0,,False,
2025-05-08T07:00:00.000Z,GR,Greece,GR,93.0,137.0,,79.0,,False,
2025-05-08T08:00:00.000Z,GR,Greece,GR,71.0,110.0,,84.0,,False,
2025-05-08T09:00:00.000Z,GR,Greece,GR,69.0,107.0,,85.0,,False,
2025-05-08T10:00:00.000Z,GR,Greece,GR,66.0,103.0,,86.0,,False,
2025-05-08T11:00:00.000Z,GR,Greece,GR,67.0,105.0,,85.0,,False,
2025-05-08T12:00:00.000Z,GR,Greece,GR,74.0,112.0,,84.0,,False,
2025-05-08T13:00:00.000Z,GR,Greece,GR,95.0,138.0,,78.0,,False,
2025-05-08T14:00:00.000Z,GR,Greece,GR,143.0,196.0,,66.0,,False,
2025-05-08T15:00:00.000Z,GR,Greece,GR,224.0,292.0,,46.0,,False,
2025-05-08T16:00:00.000Z,GR,Greece,GR,256.0,327.0,,37.0,,False,
2025-05-08T17:00:00.000Z,GR,Greece,GR,245.0,311.0,,41.0,,False,
2025-05-08T18:00:00.000Z,GR,Greece,GR,248.0,315.0,,40.0,,False,
2025-05-08T19:00:00.000Z,GR,Greece,GR,247.0,312.0,,42.0,,False,
2025-05-08T20:00:00.000Z,GR,Greece,GR,267.0,337.0,,37.0,,False,
2025-05-08T21:00:00.000Z,GR,Greece,GR,284.0,359.0,,34.0,,False,
2025-05-08T22:00:00.000Z,GR,Greece,GR,329.0,413.0,,24.0,,False,
2025-05-08T23:00:00.000Z,GR,Greece,GR,338.0,420.0,,24.0,,False,
2025-05-09T00:00:00.000Z,GR,Greece,GR,336.0,416.0,,26.0,,False,
2025-05-09T01:00:00.000Z,GR,Greece,GR,332.0,410.0,,27.0,,False,
2025-05-09T02:00:00.000Z,GR,Greece,GR,344.0,424.0,,25.0,,False,
2025-05-09T03:00:00.000Z,GR,Greece,GR,321.0,400.0,,29.0,,False,
2025-05-09T04:00:00.000Z,GR,Greece,GR,269.0,342.0,,39.0,,False,
2025-05-09T05:00:00.000Z,GR,Greece,GR,198.0,263.0,,54.0,,False,
2025-05-09T06:00:00.000Z,GR,Greece,GR,139.0,192.0,,68.0,,False,
2025-05-09T07:00:00.000Z,GR,Greece,GR,99.0,142.0,,78.0,,False,
2025-05-09T08:00:00.000Z,GR,Greece,GR,95.0,136.0,,80.0,,False,
2025-05-09T09:00:00.000Z,GR,Greece,GR,116.0,159.0,,76.0,,False,
2025-05-09T10:00:00.000Z,GR,Greece,GR,113.0,155.0,,76.0,,False,
2025-05-09T11:00:00.000Z,GR,Greece,GR,117.0,160.0,,75.0,,False,
2025-05-09T12:00:00.000Z,GR,Greece,GR,132.0,179.0,,72.0,,False,
2025-05-09T13:00:00.000Z,GR,Greece,GR,174.0,231.0,,60.0,,False,
2025-05-09T14:00:00.000Z,GR,Greece,GR,230.0,295.0,,47.0,,False,
2025-05-09T15:00:00.000Z,GR,Greece,GR,259.0,326.0,,42.0,,False,
2025-05-09T16:00:00.000Z,GR,Greece,GR,260.0,327.0,,39.0,,False,
2025-05-09T17:00:00.000Z,GR,Greece,GR,277.0,349.0,,33.0,,False,
2025-05-09T18:00:00.000Z,GR,Greece,GR,261.0,327.0,,38.0,,False,
2025-05-09T19:00:00.000Z,GR,Greece,GR,250.0,314.0,,43.0,,False,
2025-05-09T20:00:00.000Z,GR,Greece,GR,280.0,353.0,,37.0,,False,
2025-05-09T21:00:00.000Z,GR,Greece,GR,282.0,353.0,,37.0,,False,
2025-05-09T22:00:00.000Z,GR,Greece,GR,301.0,385.0,,29.0,,False,
2025-05-09T23:00:00.000Z,GR,Greece,GR,313.0,398.0,,27.0,,False,
2025-05-10T00:00:00.000Z,GR,Greece,GR,320.0,403.0,,28.0,,False,
2025-05-10T01:00:00.000Z,GR,Greece,GR,308.0,389.0,,31.0,,False,
2025-05-10T02:00:00.000Z,GR,Greece,GR,294.0,374.0,,33.0,,False,
2025-05-10T03:00:00.000Z,GR,Greece,GR,275.0,351.0,,37.0,,False,
2025-05-10T04:00:00.000Z,GR,Greece,GR,227.0,293.0,,47.0,,False,
2025-05-10T05:00:00.000Z,GR,Greece,GR,148.0,200.0,,65.0,,False,
2025-05-10T06:00:00.000Z,GR,Greece,GR,98.0,140.0,,78.0,,False,
2025-05-10T07:00:00.000Z,GR,Greece,GR,80.0,118.0,,82.0,,False,
2025-05-10T08:00:00.000Z,GR,Greece,GR,76.0,114.0,,83.0,,False,
2025-05-10T09:00:00.000Z,GR,Greece,GR,78.0,116.0,,83.0,,False,
2025-05-10T10:00:00.000Z,GR,Greece,GR,82.0,120.0,,82.0,,False,
2025-05-10T11:00:00.000Z,GR,Greece,GR,84.0,124.0,,82.0,,False,
2025-05-10T12:00:00.000Z,GR,Greece,GR,97.0,137.0,,79.0,,False,
2025-05-10T13:00:00.000Z,GR,Greece,GR,122.0,163.0,,76.0,,False,
2025-05-10T14:00:00.000Z,GR,Greece,GR,114.0,158.0,,75.0,,False,
2025-05-10T15:00:00.000Z,GR,Greece,GR,154.0,207.0,,64.0,,False,
2025-05-10T16:00:00.000Z,GR,Greece,GR,187.0,237.0,,56.0,,False,
2025-05-10T17:00:00.000Z,GR,Greece,GR,195.0,247.0,,53.0,,False,
2025-05-10T18:00:00.000Z,GR,Greece,GR,192.0,242.0,,54.0,,False,
2025-05-10T19:00:00.000Z,GR,Greece,GR,213.0,268.0,,49.0,,False,
2025-05-10T20:00:00.000Z,GR,Greece,GR,224.0,284.0,,47.0,,False,
2025-05-10T21:00:00.000Z,GR,Greece,GR,237.0,308.0,,44.0,,False,
2025-05-10T22:00:00.000Z,GR,Greece,GR,233.0,300.0,,46.0,,False,
2025-05-10T23:00:00.000Z,GR,Greece,GR,225.0,291.0,,47.0,,False,
2025-05-11T00:00:00.000Z,GR,Greece,GR,239.0,308.0,,45.0,,False,
2025-05-11T01:00:00.000Z,GR,Greece,GR,234.0,301.0,,46.0,,False,
2025-05-11T02:00:00.000Z,GR,Greece,GR,237.0,302.0,,47.0,,False,
2025-05-11T03:00:00.000Z,GR,Greece,GR,237.0,300.0,,48.0,,False,
2025-05-11T04:00:00.000Z,GR,Greece,GR,212.0,266.0,,55.0,,False,
2025-05-11T05:00:00.000Z,GR,Greece,GR,138.0,184.0,,70.0,,False,
2025-05-11T06:00:00.000Z,GR,Greece,GR,94.0,135.0,,79.0,,False,
2025-05-11T07:00:00.000Z,GR,Greece,GR,162.0,208.0,,69.0,,False,
2025-05-11T08:00:00.000Z,GR,Greece,GR,153.0,197.0,,70.0,,False,
2025-05-11T09:00:00.000Z,GR,Greece,GR,157.0,202.0,,69.0,,False,
2025-05-11T10:00:00.000Z,GR,Greece,GR,166.0,211.0,,68.0,,False,
2025-05-11T11:00:00.000Z,GR,Greece,GR,179.0,226.0,,66.0,,False,
2025-05-11T12:00:00.000Z,GR,Greece,GR,187.0,235.0,,64.0,,False,
2025-05-11T13:00:00.000Z,GR,Greece,GR,187.0,235.0,,63.0,,False,
2025-05-11T14:00:00.000Z,GR,Greece,GR,196.0,246.0,,60.0,,False,
2025-05-11T15:00:00.000Z,GR,Greece,GR,235.0,290.0,,50.0,,False,
2025-05-11T16:00:00.000Z,GR,Greece,GR,260.0,320.0,,42.0,,False,
2025-05-11T17:00:00.000Z,GR,Greece,GR,237.0,297.0,,44.0,,False,
2025-05-11T18:00:00.000Z,GR,Greece,GR,230.0,288.0,,45.0,,False,
2025-05-11T19:00:00.000Z,GR,Greece,GR,254.0,317.0,,40.0,,False,
2025-05-11T20:00:00.000Z,GR,Greece,GR,291.0,360.0,,34.0,,False,
2025-05-11T21:00:00.000Z,GR,Greece,GR,321.0,399.0,,28.0,,False,
2025-05-11T22:00:00.000Z,GR,Greece,GR,347.0,431.0,,22.0,,False,
2025-05-11T23:00:00.000Z,GR,Greece,GR,359.0,443.0,,20.0,,False,
2025-05-12T00:00:00.000Z,GR,Greece,GR,367.0,452.0,,20.0,,False,
2025-05-12T01:00:00.000Z,GR,Greece,GR,365.0,446.0,,22.0,,False,
2025-05-12T02:00:00.000Z,GR,Greece,GR,356.0,435.0,,24.0,,False,
2025-05-12T03:00:00.000Z,GR,Greece,GR,342.0,423.0,,26.0,,False,
2025-05-12T04:00:00.000Z,GR,Greece,GR,290.0,368.0,,35.0,,False,
2025-05-12T05:00:00.000Z,GR,Greece,GR,211.0,278.0,,51.0,,False,
2025-05-12T06:00:00.000Z,GR,Greece,GR,143.0,198.0,,66.0,,False,
2025-05-12T07:00:00.000Z,GR,Greece,GR,100.0,146.0,,77.0,,False,
2025-05-12T08:00:00.000Z,GR,Greece,GR,80.0,121.0,,82.0,,False,
2025-05-12T09:00:00.000Z,GR,Greece,GR,81.0,121.0,,82.0,,False,
2025-05-12T10:00:00.000Z,GR,Greece,GR,81.0,122.0,,82.0,,False,
2025-05-12T11:00:00.000Z,GR,Greece,GR,101.0,147.0,,77.0,,False,
2025-05-12T12:00:00.000Z,GR,Greece,GR,128.0,180.0,,70.0,,False,
2025-05-12T13:00:00.000Z,GR,Greece,GR,158.0,217.0,,62.0,,False,
2025-05-12T14:00:00.000Z,GR,Greece,GR,221.0,295.0,,46.0,,False,
2025-05-12T15:00:00.000Z,GR,Greece,GR,266.0,343.0,,37.0,,False,
2025-05-12T16:00:00.000Z,GR,Greece,GR,296.0,375.0,,29.0,,False,
2025-05-12T17:00:00.000Z,GR,Greece,GR,298.0,377.0,,28.0,,False,
2025-05-12T18:00:00.000Z,GR,Greece,GR,299.0,378.0,,28.0,,False,
2025-05-12T19:00:00.000Z,GR,Greece,GR,302.0,383.0,,27.0,,False,
2025-05-12T20:00:00.000Z,GR,Greece,GR,322.0,414.0,,21.0,,False,
2025-05-12T21:00:00.000Z,GR,Greece,GR,348.0,447.0,,17.0,,False,
2025-05-12T22:00:00.000Z,GR,Greece,GR,361.0,460.0,,14.0,,False,
2025-05-12T23:00:00.000Z,GR,Greece,GR,358.0,456.0,,16.0,,False,
2025-05-13T00:00:00.000Z,GR,Greece,GR,341.0,429.0,,23.0,,False,
2025-05-13T01:00:00.000Z,GR,Greece,GR,320.0,407.0,,26.0,,False,
2025-05-13T02:00:00.000Z,GR,Greece,GR,295.0,377.0,,32.0,,False,
2025-05-13T03:00:00.000Z,GR,Greece,GR,268.0,344.0,,38.0,,False,
2025-05-13T04:00:00.000Z,GR,Greece,GR,230.0,299.0,,45.0,,False,
2025-05-13T05:00:00.000Z,GR,Greece,GR,188.0,250.0,,55.0,,False,
2025-05-13T06:00:00.000Z,GR,Greece,GR,154.0,209.0,,63.0,,False,
2025-05-13T07:00:00.000Z,GR,Greece,GR,104.0,148.0,,76.0,,False,
2025-05-13T08:00:00.000Z,GR,Greece,GR,96.0,136.0,,80.0,,False,
2025-05-13T09:00:00.000Z,GR,Greece,GR,115.0,158.0,,76.0,,False,
2025-05-13T10:00:00.000Z,GR,Greece,GR,133.0,178.0,,72.0,,False,
2025-05-13T11:00:00.000Z,GR,Greece,GR,151.0,202.0,,66.0,,False,
2025-05-13T12:00:00.000Z,GR,Greece,GR,153.0,208.0,,65.0,,False,
2025-05-13T13:00:00.000Z,GR,Greece,GR,177.0,232.0,,61.0,,False,
2025-05-13T14:00:00.000Z,GR,Greece,GR,231.0,299.0,,44.0,,False,
2025-05-13T15:00:00.000Z,GR,Greece,GR,267.0,334.0,,38.0,,False,
2025-05-13T16:00:00.000Z,GR,Greece,GR,275.0,347.0,,34.0,,False,
2025-05-13T17:00:00.000Z,GR,Greece,GR,287.0,368.0,,29.0,,False,
2025-05-13T18:00:00.000Z,GR,Greece,GR,274.0,354.0,,32.0,,False,
2025-05-13T19:00:00.000Z,GR,Greece,GR,266.0,345.0,,34.0,,False,
2025-05-13T20:00:00.000Z,GR,Greece,GR,266.0,345.0,,36.0,,False,
2025-05-13T21:00:00.000Z,GR,Greece,GR,297.0,385.0,,28.0,,False,
2025-05-13T22:00:00.000Z,GR,Greece,GR,315.0,409.0,,23.0,,False,
2025-05-13T23:00:00.000Z,GR,Greece,GR,311.0,403.0,,24.0,,False,
2025-05-14T00:00:00.000Z,GR,Greece,GR,300.0,389.0,,27.0,,False,
2025-05-14T01:00:00.000Z,GR,Greece,GR,303.0,393.0,,26.0,,False,
2025-05-14T02:00:00.000Z,GR,Greece,GR,316.0,408.0,,24.0,,False,
2025-05-14T03:00:00.000Z,GR,Greece,GR,299.0,385.0,,29.0,,False,
2025-05-14T04:00:00.000Z,GR,Greece,GR,263.0,342.0,,36.0,,False,
2025-05-14T05:00:00.000Z,GR,Greece,GR,180.0,242.0,,57.0,,False,
2025-05-14T06:00:00.000Z,GR,Greece,GR,123.0,171.0,,72.0,,False,
2025-05-14T07:00:00.000Z,GR,Greece,GR,91.0,131.0,,80.0,,False,
2025-05-14T08:00:00.000Z,GR,Greece,GR,105.0,147.0,,78.0,,False,
2025-05-14T09:00:00.000Z,GR,Greece,GR,115.0,157.0,,76.0,,False,
2025-05-14T10:00:00.000Z,GR,Greece,GR,102.0,144.0,,79.0,,False,
2025-05-14T11:00:00.000Z,GR,Greece,GR,82.0,122.0,,82.0,,False,
2025-05-14T12:00:00.000Z,GR,Greece,GR,111.0,159.0,,74.0,,False,
2025-05-14T13:00:00.000Z,GR,Greece,GR,124.0,175.0,,71.0,,False,
2025-05-14T14:00:00.000Z,GR,Greece,GR,141.0,196.0,,67.0,,False,
2025-05-14T15:00:00.000Z,GR,Greece,GR,235.0,307.0,,44.0,,False,
2025-05-14T16:00:00.000Z,GR,Greece,GR,274.0,348.0,,34.0,,False,
2025-05-14T17:00:00.000Z,GR,Greece,GR,283.0,357.0,,32.0,,False,
2025-05-14T18:00:00.000Z,GR,Greece,GR,271.0,344.0,,34.0,,False,
2025-05-14T19:00:00.000Z,GR,Greece,GR,299.0,378.0,,27.0,,False,
2025-05-14T20:00:00.000Z,GR,Greece,GR,319.0,401.0,,25.0,,False,
2025-05-14T21:00:00.000Z,GR,Greece,GR,346.0,439.0,,18.0,,False,
2025-05-14T22:00:00.000Z,GR,Greece,GR,374.0,479.0,,10.0,,False,
2025-05-14T23:00:00.000Z,GR,Greece,GR,384.0,490.0,,8.0,,False,
2025-05-15T00:00:00.000Z,GR,Greece,GR,384.0,483.0,,11.0,,False,
2025-05-15T01:00:00.000Z,GR,Greece,GR,376.0,471.0,,14.0,,False,
2025-05-15T02:00:00.000Z,GR,Greece,GR,366.0,461.0,,16.0,,False,
2025-05-15T03:00:00.000Z,GR,Greece,GR,344.0,433.0,,22.0,,False,
2025-05-15T04:00:00.000Z,GR,Greece,GR,294.0,379.0,,31.0,,False,
2025-05-15T05:00:00.000Z,GR,Greece,GR,219.0,291.0,,48.0,,False,
2025-05-15T06:00:00.000Z,GR,Greece,GR,151.0,206.0,,65.0,,False,
2025-05-15T07:00:00.000Z,GR,Greece,GR,99.0,143.0,,78.0,,False,
2025-05-15T08:00:00.000Z,GR,Greece,GR,82.0,121.0,,82.0,,False,
2025-05-15T09:00:00.000Z,GR,Greece,GR,108.0,149.0,,77.0,,False,
2025-05-15T10:00:00.000Z,GR,Greece,GR,104.0,144.0,,78.0,,False,
2025-05-15T11:00:00.000Z,GR,Greece,GR,103.0,144.0,,78.0,,False,
2025-05-15T12:00:00.000Z,GR,Greece,GR,111.0,153.0,,76.0,,False,
2025-05-15T13:00:00.000Z,GR,Greece,GR,132.0,176.0,,72.0,,False,
2025-05-15T14:00:00.000Z,GR,Greece,GR,161.0,212.0,,64.0,,False,
2025-05-15T15:00:00.000Z,GR,Greece,GR,211.0,269.0,,52.0,,False,
2025-05-15T16:00:00.000Z,GR,Greece,GR,215.0,266.0,,53.0,,False,
2025-05-15T17:00:00.000Z,GR,Greece,GR,214.0,267.0,,50.0,,False,
2025-05-15T18:00:00.000Z,GR,Greece,GR,209.0,263.0,,50.0,,False,
2025-05-15T19:00:00.000Z,GR,Greece,GR,199.0,248.0,,54.0,,False,
2025-05-15T20:00:00.000Z,GR,Greece,GR,200.0,251.0,,56.0,,False,
2025-05-15T21:00:00.000Z,GR,Greece,GR,209.0,264.0,,54.0,,False,
2025-05-15T22:00:00.000Z,GR,Greece,GR,239.0,307.0,,44.0,,False,
2025-05-15T23:00:00.000Z,GR,Greece,GR,248.0,324.0,,38.0,,False,
2025-05-16T00:00:00.000Z,GR,Greece,GR,251.0,323.0,,40.0,,False,
2025-05-16T01:00:00.000Z,GR,Greece,GR,278.0,353.0,,35.0,,False,
2025-05-16T02:00:00.000Z,GR,Greece,GR,285.0,366.0,,31.0,,False,
2025-05-16T03:00:00.000Z,GR,Greece,GR,242.0,312.0,,43.0,,False,
2025-05-16T04:00:00.000Z,GR,Greece,GR,219.0,286.0,,47.0,,False,
2025-05-16T05:00:00.000Z,GR,Greece,GR,200.0,265.0,,51.0,,False,
2025-05-16T06:00:00.000Z,GR,Greece,GR,167.0,224.0,,59.0,,False,
2025-05-16T07:00:00.000Z,GR,Greece,GR,155.0,212.0,,61.0,,False,
2025-05-16T08:00:00.000Z,GR,Greece,GR,163.0,220.0,,60.0,,False,
2025-05-16T09:00:00.000Z,GR,Greece,GR,137.0,184.0,,68.0,,False,
2025-05-16T10:00:00.000Z,GR,Greece,GR,133.0,180.0,,69.0,,False,
2025-05-16T11:00:00.000Z,GR,Greece,GR,109.0,153.0,,73.0,,False,
2025-05-16T12:00:00.000Z,GR,Greece,GR,118.0,167.0,,69.0,,False,
2025-05-16T13:00:00.000Z,GR,Greece,GR,134.0,186.0,,65.0,,False,
2025-05-16T14:00:00.000Z,GR,Greece,GR,148.0,203.0,,62.0,,False,
2025-05-16T15:00:00.000Z,GR,Greece,GR,159.0,216.0,,59.0,,False,
2025-05-16T16:00:00.000Z,GR,Greece,GR,172.0,230.0,,56.0,,False,
2025-05-16T17:00:00.000Z,GR,Greece,GR,187.0,245.0,,52.0,,False,
2025-05-16T18:00:00.000Z,GR,Greece,GR,192.0,252.0,,51.0,,False,
2025-05-16T19:00:00.000Z,GR,Greece,GR,199.0,264.0,,49.0,,False,
2025-05-16T20:00:00.000Z,GR,Greece,GR,177.0,238.0,,54.0,,False,
2025-05-16T21:00:00.000Z,GR,Greece,GR,183.0,245.0,,53.0,,False,
2025-05-16T22:00:00.000Z,GR,Greece,GR,194.0,259.0,,50.0,,False,
2025-05-16T23:00:00.000Z,GR,Greece,GR,184.0,247.0,,53.0,,False,
2025-05-17T00:00:00.000Z,GR,Greece,GR,168.0,226.0,,57.0,,False,
2025-05-17T01:00:00.000Z,GR,Greece,GR,184.0,246.0,,53.0,,False,
2025-05-17T02:00:00.000Z,GR,Greece,GR,178.0,239.0,,55.0,,False,
2025-05-17T03:00:00.000Z,GR,Greece,GR,175.0,233.0,,55.0,,False,
2025-05-17T04:00:00.000Z,GR,Greece,GR,151.0,202.0,,62.0,,False,
2025-05-17T05:00:00.000Z,GR,Greece,GR,113.0,160.0,,71.0,,False,
2025-05-17T06:00:00.000Z,GR,Greece,GR,75.0,116.0,,81.0,,False,
2025-05-17T07:00:00.000Z,GR,Greece,GR,74.0,115.0,,81.0,,False,
2025-05-17T08:00:00.000Z,GR,Greece,GR,94.0,140.0,,76.0,,False,
2025-05-17T09:00:00.000Z,GR,Greece,GR,91.0,134.0,,78.0,,False,
2025-05-17T10:00:00.000Z,GR,Greece,GR,117.0,159.0,,74.0,,False,
2025-05-17T11:00:00.000Z,GR,Greece,GR,123.0,165.0,,73.0,,False,
2025-05-17T12:00:00.000Z,GR,Greece,GR,129.0,173.0,,71.0,,False,
2025-05-17T13:00:00.000Z,GR,Greece,GR,120.0,164.0,,73.0,,False,
2025-05-17T14:00:00.000Z,GR,Greece,GR,110.0,159.0,,72.0,,False,
2025-05-17T15:00:00.000Z,GR,Greece,GR,120.0,169.0,,69.0,,False,
2025-05-17T16:00:00.000Z,GR,Greece,GR,198.0,260.0,,50.0,,False,
2025-05-17T17:00:00.000Z,GR,Greece,GR,211.0,273.0,,46.0,,False,
2025-05-17T18:00:00.000Z,GR,Greece,GR,203.0,263.0,,48.0,,False,
2025-05-17T19:00:00.000Z,GR,Greece,GR,214.0,278.0,,45.0,,False,
2025-05-17T20:00:00.000Z,GR,Greece,GR,220.0,285.0,,44.0,,False,
2025-05-17T21:00:00.000Z,GR,Greece,GR,226.0,299.0,,42.0,,False,
2025-05-17T22:00:00.000Z,GR,Greece,GR,229.0,303.0,,42.0,,False,
2025-05-17T23:00:00.000Z,GR,Greece,GR,227.0,300.0,,42.0,,False,
2025-05-18T00:00:00.000Z,GR,Greece,GR,224.0,297.0,,43.0,,False,
2025-05-18T01:00:00.000Z,GR,Greece,GR,224.0,297.0,,43.0,,False,
2025-05-18T02:00:00.000Z,GR,Greece,GR,204.0,269.0,,49.0,,False,
2025-05-18T03:00:00.000Z,GR,Greece,GR,205.0,268.0,,51.0,,False,
2025-05-18T04:00:00.000Z,GR,Greece,GR,178.0,240.0,,55.0,,False,
2025-05-18T05:00:00.000Z,GR,Greece,GR,107.0,156.0,,73.0,,False,
2025-05-18T06:00:00.000Z,GR,Greece,GR,74.0,116.0,,81.0,,False,
2025-05-18T07:00:00.000Z,GR,Greece,GR,75.0,119.0,,81.0,,False,
2025-05-18T08:00:00.000Z,GR,Greece,GR,108.0,154.0,,74.0,,False,
2025-05-18T09:00:00.000Z,GR,Greece,GR,136.0,184.0,,69.0,,False,
2025-05-18T10:00:00.000Z,GR,Greece,GR,141.0,189.0,,68.0,,False,
2025-05-18T11:00:00.000Z,GR,Greece,GR,174.0,223.0,,62.0,,False,
2025-05-18T12:00:00.000Z,GR,Greece,GR,180.0,230.0,,61.0,,False,
2025-05-18T13:00:00.000Z,GR,Greece,GR,161.0,210.0,,65.0,,False,
2025-05-18T14:00:00.000Z,GR,Greece,GR,155.0,207.0,,65.0,,False,
2025-05-18T15:00:00.000Z,GR,Greece,GR,149.0,201.0,,65.0,,False,
2025-05-18T16:00:00.000Z,GR,Greece,GR,198.0,260.0,,52.0,,False,
2025-05-18T17:00:00.000Z,GR,Greece,GR,219.0,280.0,,45.0,,False,
2025-05-18T18:00:00.000Z,GR,Greece,GR,210.0,269.0,,47.0,,False,
2025-05-18T19:00:00.000Z,GR,Greece,GR,214.0,273.0,,46.0,,False,
2025-05-18T20:00:00.000Z,GR,Greece,GR,214.0,270.0,,47.0,,False,
2025-05-18T21:00:00.000Z,GR,Greece,GR,232.0,300.0,,44.0,,False,
2025-05-18T22:00:00.000Z,GR,Greece,GR,259.0,340.0,,35.0,,False,
2025-05-18T23:00:00.000Z,GR,Greece,GR,283.0,369.0,,29.0,,False,
2025-05-19T00:00:00.000Z,GR,Greece,GR,302.0,393.0,,25.0,,False,
2025-05-19T01:00:00.000Z,GR,Greece,GR,299.0,386.0,,27.0,,False,
2025-05-19T02:00:00.000Z,GR,Greece,GR,305.0,391.0,,26.0,,False,
2025-05-19T03:00:00.000Z,GR,Greece,GR,295.0,380.0,,29.0,,False,
2025-05-19T04:00:00.000Z,GR,Greece,GR,238.0,318.0,,39.0,,False,
2025-05-19T05:00:00.000Z,GR,Greece,GR,180.0,247.0,,54.0,,False,
2025-05-19T06:00:00.000Z,GR,Greece,GR,112.0,164.0,,71.0,,False,
2025-05-19T07:00:00.000Z,GR,Greece,GR,70.0,112.0,,82.0,,False,
2025-05-19T08:00:00.000Z,GR,Greece,GR,62.0,102.0,,84.0,,False,
2025-05-19T09:00:00.000Z,GR,Greece,GR,60.0,100.0,,85.0,,False,
2025-05-19T10:00:00.000Z,GR,Greece,GR,63.0,103.0,,84.0,,False,
2025-05-19T11:00:00.000Z,GR,Greece,GR,64.0,105.0,,83.0,,False,
2025-05-19T12:00:00.000Z,GR,Greece,GR,66.0,107.0,,83.0,,False,
2025-05-19T13:00:00.000Z,GR,Greece,GR,69.0,110.0,,82.0,,False,
2025-05-19T14:00:00.000Z,GR,Greece,GR,74.0,115.0,,81.0,,False,
2025-05-19T15:00:00.000Z,GR,Greece,GR,116.0,164.0,,70.0,,False,
2025-05-19T16:00:00.000Z,GR,Greece,GR,168.0,219.0,,58.0,,False,
2025-05-19T17:00:00.000Z,GR,Greece,GR,201.0,261.0,,49.0,,False,
2025-05-19T18:00:00.000Z,GR,Greece,GR,218.0,281.0,,44.0,,False,
2025-05-19T19:00:00.000Z,GR,Greece,GR,211.0,273.0,,46.0,,False,
2025-05-19T20:00:00.000Z,GR,Greece,GR,210.0,273.0,,46.0,,False,
2025-05-19T21:00:00.000Z,GR,Greece,GR,201.0,265.0,,50.0,,False,
2025-05-19T22:00:00.000Z,GR,Greece,GR,225.0,298.0,,43.0,,False,
2025-05-19T23:00:00.000Z,GR,Greece,GR,232.0,307.0,,41.0,,False,
2025-05-20T00:00:00.000Z,GR,Greece,GR,242.0,320.0,,38.0,,False,
2025-05-20T01:00:00.000Z,GR,Greece,GR,255.0,336.0,,35.0,,False,
2025-05-20T02:00:00.000Z,GR,Greece,GR,272.0,358.0,,31.0,,False,
2025-05-20T03:00:00.000Z,GR,Greece,GR,276.0,358.0,,32.0,,False,
2025-05-20T04:00:00.000Z,GR,Greece,GR,229.0,304.0,,43.0,,False,
2025-05-20T05:00:00.000Z,GR,Greece,GR,152.0,212.0,,61.0,,False,
2025-05-20T06:00:00.000Z,GR,Greece,GR,98.0,145.0,,75.0,,False,
2025-05-20T07:00:00.000Z,GR,Greece,GR,64.0,104.0,,84.0,,False,
2025-05-20T08:00:00.000Z,GR,Greece,GR,71.0,112.0,,82.0,,False,
2025-05-20T09:00:00.000Z,GR,Greece,GR,74.0,116.0,,81.0,,False,
2025-05-20T10:00:00.000Z,GR,Greece,GR,77.0,120.0,,80.0,,False,
2025-05-20T11:00:00.000Z,GR,Greece,GR,80.0,123.0,,79.0,,False,
2025-05-20T12:00:00.000Z,GR,Greece,GR,92.0,137.0,,77.0,,False,
2025-05-20T13:00:00.000Z,GR,Greece,GR,85.0,129.0,,79.0,,False,
2025-05-20T14:00:00.000Z,GR,Greece,GR,122.0,176.0,,69.0,,False,
2025-05-20T15:00:00.000Z,GR,Greece,GR,201.0,262.0,,52.0,,False,
2025-05-20T16:00:00.000Z,GR,Greece,GR,258.0,322.0,,40.0,,False,
2025-05-20T17:00:00.000Z,GR,Greece,GR,255.0,324.0,,37.0,,False,
2025-05-20T18:00:00.000Z,GR,Greece,GR,251.0,322.0,,36.0,,False,
2025-05-20T19:00:00.000Z,GR,Greece,GR,267.0,342.0,,34.0,,False,
2025-05-20T20:00:00.000Z,GR,Greece,GR,285.0,367.0,,31.0,,False,
2025-05-20T21:00:00.000Z,GR,Greece,GR,302.0,388.0,,27.0,,False,
2025-05-20T22:00:00.000Z,GR,Greece,GR,314.0,412.0,,19.0,,False,
2025-05-20T23:00:00.000Z,GR,Greece,GR,328.0,429.0,,16.0,,False,
2025-05-21T00:00:00.000Z,GR,Greece,GR,339.0,445.0,,13.0,,False,
2025-05-21T01:00:00.000Z,GR,Greece,GR,346.0,452.0,,12.0,,False,
2025-05-21T02:00:00.000Z,GR,Greece,GR,345.0,453.0,,11.0,,False,
2025-05-21T03:00:00.000Z,GR,Greece,GR,311.0,407.0,,20.0,,False,
2025-05-21T04:00:00.000Z,GR,Greece,GR,276.0,361.0,,32.0,,False,
2025-05-21T05:00:00.000Z,GR,Greece,GR,225.0,304.0,,42.0,,False,
2025-05-21T06:00:00.000Z,GR,Greece,GR,173.0,239.0,,56.0,,False,
2025-05-21T07:00:00.000Z,GR,Greece,GR,112.0,163.0,,72.0,,False,
2025-05-21T08:00:00.000Z,GR,Greece,GR,102.0,152.0,,74.0,,False,
2025-05-21T09:00:00.000Z,GR,Greece,GR,92.0,137.0,,77.0,,False,
2025-05-21T10:00:00.000Z,GR,Greece,GR,87.0,132.0,,78.0,,False,
2025-05-21T11:00:00.000Z,GR,Greece,GR,74.0,117.0,,81.0,,False,
2025-05-21T12:00:00.000Z,GR,Greece,GR,60.0,100.0,,84.0,,False,
2025-05-21T13:00:00.000Z,GR,Greece,GR,71.0,113.0,,82.0,,False,
2025-05-21T14:00:00.000Z,GR,Greece,GR,138.0,196.0,,64.0,,False,
2025-05-21T15:00:00.000Z,GR,Greece,GR,207.0,278.0,,47.0,,False,
2025-05-21T16:00:00.000Z,GR,Greece,GR,232.0,304.0,,41.0,,False,
2025-05-21T17:00:00.000Z,GR,Greece,GR,227.0,296.0,,42.0,,False,
2025-05-21T18:00:00.000Z,GR,Greece,GR,218.0,284.0,,44.0,,False,
2025-05-21T19:00:00.000Z,GR,Greece,GR,213.0,280.0,,45.0,,False,
2025-05-21T20:00:00.000Z,GR,Greece,GR,231.0,307.0,,40.0,,False,
2025-05-21T21:00:00.000Z,GR,Greece,GR,246.0,327.0,,36.0,,False,
2025-05-21T22:00:00.000Z,GR,Greece,GR,265.0,350.0,,32.0,,False,
2025-05-21T23:00:00.000Z,GR,Greece,GR,256.0,338.0,,35.0,,False,
2025-05-22T00:00:00.000Z,GR,Greece,GR,256.0,335.0,,36.0,,False,
2025-05-22T01:00:00.000Z,GR,Greece,GR,262.0,341.0,,35.0,,False,
2025-05-22T02:00:00.000Z,GR,Greece,GR,279.0,358.0,,33.0,,False,
2025-05-22T03:00:00.000Z,GR,Greece,GR,272.0,350.0,,35.0,,False,
2025-05-22T04:00:00.000Z,GR,Greece,GR,234.0,308.0,,42.0,,False,
2025-05-22T05:00:00.000Z,GR,Greece,GR,172.0,235.0,,56.0,,False,
2025-05-22T06:00:00.000Z,GR,Greece,GR,120.0,173.0,,69.0,,False,
2025-05-22T07:00:00.000Z,GR,Greece,GR,77.0,119.0,,81.0,,False,
2025-05-22T08:00:00.000Z,GR,Greece,GR,62.0,101.0,,84.0,,False,
2025-05-22T09:00:00.000Z,GR,Greece,GR,60.0,99.0,,85.0,,False,
2025-05-22T10:00:00.000Z,GR,Greece,GR,58.0,97.0,,85.0,,False,
2025-05-22T11:00:00.000Z,GR,Greece,GR,57.0,95.0,,85.0,,False,
2025-05-22T12:00:00.000Z,GR,Greece,GR,61.0,99.0,,84.0,,False,
2025-05-22T13:00:00.000Z,GR,Greece,GR,64.0,103.0,,83.0,,False,
2025-05-22T14:00:00.000Z,GR,Greece,GR,96.0,143.0,,75.0,,False,
2025-05-22T15:00:00.000Z,GR,Greece,GR,147.0,200.0,,62.0,,False,
2025-05-22T16:00:00.000Z,GR,Greece,GR,195.0,251.0,,52.0,,False,
2025-05-22T17:00:00.000Z,GR,Greece,GR,209.0,268.0,,47.0,,False,
2025-05-22T18:00:00.000Z,GR,Greece,GR,207.0,267.0,,47.0,,False,
2025-05-22T19:00:00.000Z,GR,Greece,GR,221.0,286.0,,44.0,,False,
2025-05-22T20:00:00.000Z,GR,Greece,GR,240.0,312.0,,41.0,,False,
2025-05-22T21:00:00.000Z,GR,Greece,GR,258.0,333.0,,38.0,,False,
2025-05-22T22:00:00.000Z,GR,Greece,GR,283.0,367.0,,30.0,,False,
2025-05-22T23:00:00.000Z,GR,Greece,GR,284.0,366.0,,31.0,,False,
2025-05-23T00:00:00.000Z,GR,Greece,GR,298.0,383.0,,29.0,,False,
2025-05-23T01:00:00.000Z,GR,Greece,GR,306.0,391.0,,28.0,,False,
2025-05-23T02:00:00.000Z,GR,Greece,GR,302.0,387.0,,28.0,,False,
2025-05-23T03:00:00.000Z,GR,Greece,GR,278.0,349.0,,38.0,,False,
2025-05-23T04:00:00.000Z,GR,Greece,GR,211.0,275.0,,50.0,,False,
2025-05-23T05:00:00.000Z,GR,Greece,GR,156.0,215.0,,60.0,,False,
2025-05-23T06:00:00.000Z,GR,Greece,GR,113.0,165.0,,71.0,,False,
2025-05-23T07:00:00.000Z,GR,Greece,GR,92.0,139.0,,76.0,,False,
2025-05-23T08:00:00.000Z,GR,Greece,GR,73.0,114.0,,81.0,,False,
2025-05-23T09:00:00.000Z,GR,Greece,GR,73.0,116.0,,81.0,,False,
2025-05-23T10:00:00.000Z,GR,Greece,GR,76.0,120.0,,80.0,,False,
2025-05-23T11:00:00.000Z,GR,Greece,GR,95.0,141.0,,76.0,,False,
2025-05-23T12:00:00.000Z,GR,Greece,GR,97.0,144.0,,75.0,,False,
2025-05-23T13:00:00.000Z,GR,Greece,GR,124.0,174.0,,71.0,,False,
2025-05-23T14:00:00.000Z,GR,Greece,GR,162.0,219.0,,60.0,,False,
2025-05-23T15:00:00.000Z,GR,Greece,GR,209.0,273.0,,48.0,,False,
2025-05-23T16:00:00.000Z,GR,Greece,GR,232.0,300.0,,42.0,,False,
2025-05-23T17:00:00.000Z,GR,Greece,GR,242.0,312.0,,38.0,,False,
2025-05-23T18:00:00.000Z,GR,Greece,GR,252.0,327.0,,35.0,,False,
2025-05-23T19:00:00.000Z,GR,Greece,GR,253.0,330.0,,35.0,,False,
2025-05-23T20:00:00.000Z,GR,Greece,GR,294.0,382.0,,28.0,,False,
2025-05-23T21:00:00.000Z,GR,Greece,GR,310.0,403.0,,23.0,,False,
2025-05-23T22:00:00.000Z,GR,Greece,GR,325.0,425.0,,18.0,,False,
2025-05-23T23:00:00.000Z,GR,Greece,GR,337.0,437.0,,16.0,,False,
2025-05-24T00:00:00.000Z,GR,Greece,GR,343.0,441.0,,16.0,,False,
2025-05-24T01:00:00.000Z,GR,Greece,GR,334.0,428.0,,20.0,,False,
2025-05-24T02:00:00.000Z,GR,Greece,GR,321.0,412.0,,22.0,,False,
2025-05-24T03:00:00.000Z,GR,Greece,GR,296.0,380.0,,29.0,,False,
2025-05-24T04:00:00.000Z,GR,Greece,GR,238.0,310.0,,43.0,,False,
2025-05-24T05:00:00.000Z,GR,Greece,GR,138.0,194.0,,65.0,,False,
2025-05-24T06:00:00.000Z,GR,Greece,GR,101.0,149.0,,74.0,,False,
2025-05-24T07:00:00.000Z,GR,Greece,GR,95.0,141.0,,77.0,,False,
2025-05-24T08:00:00.000Z,GR,Greece,GR,93.0,137.0,,78.0,,False,
2025-05-24T09:00:00.000Z,GR,Greece,GR,103.0,147.0,,77.0,,False,
2025-05-24T10:00:00.000Z,GR,Greece,GR,95.0,138.0,,78.0,,False,
2025-05-24T11:00:00.000Z,GR,Greece,GR,90.0,134.0,,78.0,,False,
2025-05-24T12:00:00.000Z,GR,Greece,GR,108.0,155.0,,74.0,,False,
2025-05-24T13:00:00.000Z,GR,Greece,GR,106.0,155.0,,73.0,,False,
2025-05-24T14:00:00.000Z,GR,Greece,GR,117.0,168.0,,70.0,,False,
2025-05-24T15:00:00.000Z,GR,Greece,GR,164.0,215.0,,60.0,,False,
2025-05-24T16:00:00.000Z,GR,Greece,GR,193.0,245.0,,54.0,,False,
2025-05-24T17:00:00.000Z,GR,Greece,GR,207.0,267.0,,47.0,,False,
2025-05-24T18:00:00.000Z,GR,Greece,GR,227.0,292.0,,42.0,,False,
2025-05-24T19:00:00.000Z,GR,Greece,GR,249.0,318.0,,38.0,,False,
2025-05-24T20:00:00.000Z,GR,Greece,GR,279.0,355.0,,35.0,,False,
2025-05-24T21:00:00.000Z,GR,Greece,GR,284.0,360.0,,35.0,,False,
2025-05-24T22:00:00.000Z,GR,Greece,GR,308.0,385.0,,31.0,,False,
2025-05-24T23:00:00.000Z,GR,Greece,GR,299.0,369.0,,35.0,,False,
2025-05-25T00:00:00.000Z,GR,Greece,GR,299.0,366.0,,37.0,,False,
2025-05-25T01:00:00.000Z,GR,Greece,GR,290.0,352.0,,40.0,,False,
2025-05-25T02:00:00.000Z,GR,Greece,GR,290.0,354.0,,40.0,,False,
2025-05-25T03:00:00.000Z,GR,Greece,GR,268.0,327.0,,45.0,,False,
2025-05-25T04:00:00.000Z,GR,Greece,GR,228.0,280.0,,55.0,,False,
2025-05-25T05:00:00.000Z,GR,Greece,GR,190.0,238.0,,62.0,,False,
2025-05-25T06:00:00.000Z,GR,Greece,GR,163.0,211.0,,67.0,,False,
2025-05-25T07:00:00.000Z,GR,Greece,GR,146.0,191.0,,70.0,,False,
2025-05-25T08:00:00.000Z,GR,Greece,GR,150.0,194.0,,69.0,,False,
2025-05-25T09:00:00.000Z,GR,Greece,GR,161.0,206.0,,67.0,,False,
2025-05-25T10:00:00.000Z,GR,Greece,GR,165.0,210.0,,67.0,,False,
2025-05-25T11:00:00.000Z,GR,Greece,GR,168.0,213.0,,66.0,,False,
2025-05-25T12:00:00.000Z,GR,Greece,GR,191.0,241.0,,61.0,,False,
2025-05-25T13:00:00.000Z,GR,Greece,GR,195.0,246.0,,60.0,,False,
2025-05-25T14:00:00.000Z,GR,Greece,GR,165.0,212.0,,66.0,,False,
2025-05-25T15:00:00.000Z,GR,Greece,GR,175.0,226.0,,62.0,,False,
2025-05-25T16:00:00.000Z,GR,Greece,GR,188.0,244.0,,57.0,,False,
2025-05-25T17:00:00.000Z,GR,Greece,GR,200.0,253.0,,52.0,,False,
2025-05-25T18:00:00.000Z,GR,Greece,GR,191.0,242.0,,54.0,,False,
2025-05-25T19:00:00.000Z,GR,Greece,GR,196.0,248.0,,53.0,,False,
2025-05-25T20:00:00.000Z,GR,Greece,GR,196.0,248.0,,53.0,,False,
2025-05-25T21:00:00.000Z,GR,Greece,GR,215.0,280.0,,48.0,,False,
2025-05-25T22:00:00.000Z,GR,Greece,GR,217.0,283.0,,48.0,,False,
2025-05-25T23:00:00.000Z,GR,Greece,GR,209.0,274.0,,49.0,,False,
2025-05-26T00:00:00.000Z,GR,Greece,GR,199.0,261.0,,52.0,,False,
2025-05-26T01:00:00.000Z,GR,Greece,GR,197.0,258.0,,53.0,,False,
2025-05-26T02:00:00.000Z,GR,Greece,GR,197.0,258.0,,53.0,,False,
2025-05-26T03:00:00.000Z,GR,Greece,GR,205.0,270.0,,50.0,,False,
2025-05-26T04:00:00.000Z,GR,Greece,GR,185.0,246.0,,55.0,,False,
2025-05-26T05:00:00.000Z,GR,Greece,GR,131.0,181.0,,69.0,,False,
2025-05-26T06:00:00.000Z,GR,Greece,GR,96.0,138.0,,78.0,,False,
2025-05-26T07:00:00.000Z,GR,Greece,GR,73.0,110.0,,84.0,,False,
2025-05-26T08:00:00.000Z,GR,Greece,GR,69.0,106.0,,85.0,,False,
2025-05-26T09:00:00.000Z,GR,Greece,GR,76.0,115.0,,83.0,,False,
2025-05-26T10:00:00.000Z,GR,Greece,GR,81.0,121.0,,82.0,,False,
2025-05-26T11:00:00.000Z,GR,Greece,GR,81.0,120.0,,82.0,,False,
2025-05-26T12:00:00.000Z,GR,Greece,GR,88.0,129.0,,81.0,,False,
2025-05-26T13:00:00.000Z,GR,Greece,GR,104.0,149.0,,76.0,,False,
2025-05-26T14:00:00.000Z,GR,Greece,GR,112.0,159.0,,74.0,,False,
2025-05-26T15:00:00.000Z,GR,Greece,GR,173.0,229.0,,59.0,,False,
2025-05-26T16:00:00.000Z,GR,Greece,GR,239.0,304.0,,42.0,,False,
2025-05-26T17:00:00.000Z,GR,Greece,GR,259.0,329.0,,37.0,,False,
2025-05-26T18:00:00.000Z,GR,Greece,GR,256.0,326.0,,37.0,,False,
2025-05-26T19:00:00.000Z,GR,Greece,GR,273.0,348.0,,33.0,,False,
2025-05-26T20:00:00.000Z,GR,Greece,GR,309.0,394.0,,25.0,,False,
2025-05-26T21:00:00.000Z,GR,Greece,GR,332.0,430.0,,18.0,,False,
2025-05-26T22:00:00.000Z,GR,Greece,GR,344.0,446.0,,15.0,,False,
2025-05-26T23:00:00.000Z,GR,Greece,GR,348.0,451.0,,14.0,,False,
2025-05-27T00:00:00.000Z,GR,Greece,GR,353.0,457.0,,13.0,,False,
2025-05-27T01:00:00.000Z,GR,Greece,GR,352.0,455.0,,14.0,,False,
2025-05-27T02:00:00.000Z,GR,Greece,GR,353.0,455.0,,14.0,,False,
2025-05-27T03:00:00.000Z,GR,Greece,GR,339.0,437.0,,17.0,,False,
2025-05-27T04:00:00.000Z,GR,Greece,GR,277.0,360.0,,32.0,,False,
2025-05-27T05:00:00.000Z,GR,Greece,GR,202.0,270.0,,51.0,,False,
2025-05-27T06:00:00.000Z,GR,Greece,GR,132.0,186.0,,69.0,,False,
2025-05-27T07:00:00.000Z,GR,Greece,GR,76.0,119.0,,81.0,,False,
2025-05-27T08:00:00.000Z,GR,Greece,GR,74.0,117.0,,81.0,,False,
2025-05-27T09:00:00.000Z,GR,Greece,GR,109.0,156.0,,75.0,,False,
2025-05-27T10:00:00.000Z,GR,Greece,GR,121.0,169.0,,72.0,,False,
2025-05-27T11:00:00.000Z,GR,Greece,GR,103.0,150.0,,75.0,,False,
2025-05-27T12:00:00.000Z,GR,Greece,GR,97.0,144.0,,76.0,,False,
2025-05-27T13:00:00.000Z,GR,Greece,GR,93.0,140.0,,76.0,,False,
2025-05-27T14:00:00.000Z,GR,Greece,GR,118.0,171.0,,70.0,,False,
2025-05-27T15:00:00.000Z,GR,Greece,GR,206.0,279.0,,47.0,,False,
2025-05-27T16:00:00.000Z,GR,Greece,GR,263.0,342.0,,33.0,,False,
2025-05-27T17:00:00.000Z,GR,Greece,GR,273.0,352.0,,30.0,,False,
2025-05-27T18:00:00.000Z,GR,Greece,GR,267.0,343.0,,32.0,,False,
2025-05-27T19:00:00.000Z,GR,Greece,GR,286.0,368.0,,27.0,,False,
2025-05-27T20:00:00.000Z,GR,Greece,GR,312.0,403.0,,20.0,,False,
2025-05-27T21:00:00.000Z,GR,Greece,GR,323.0,425.0,,17.0,,False,
2025-05-27T22:00:00.000Z,GR,Greece,GR,328.0,432.0,,15.0,,False,
2025-05-27T23:00:00.000Z,GR,Greece,GR,331.0,433.0,,16.0,,False,
2025-05-28T00:00:00.000Z,GR,Greece,GR,335.0,436.0,,16.0,,False,
2025-05-28T01:00:00.000Z,GR,Greece,GR,333.0,430.0,,17.0,,False,
2025-05-28T02:00:00.000Z,GR,Greece,GR,311.0,402.0,,23.0,,False,
2025-05-28T03:00:00.000Z,GR,Greece,GR,291.0,378.0,,28.0,,False,
2025-05-28T04:00:00.000Z,GR,Greece,GR,252.0,336.0,,35.0,,False,
2025-05-28T05:00:00.000Z,GR,Greece,GR,185.0,254.0,,52.0,,False,
2025-05-28T06:00:00.000Z,GR,Greece,GR,129.0,185.0,,67.0,,False,
2025-05-28T07:00:00.000Z,GR,Greece,GR,100.0,149.0,,74.0,,False,
2025-05-28T08:00:00.000Z,GR,Greece,GR,76.0,120.0,,80.0,,False,
2025-05-28T09:00:00.000Z,GR,Greece,GR,74.0,117.0,,81.0,,False,
2025-05-28T10:00:00.000Z,GR,Greece,GR,75.0,118.0,,81.0,,False,
2025-05-28T11:00:00.000Z,GR,Greece,GR,81.0,125.0,,79.0,,False,
2025-05-28T12:00:00.000Z,GR,Greece,GR,86.0,131.0,,78.0,,False,
2025-05-28T13:00:00.000Z,GR,Greece,GR,128.0,183.0,,67.0,,False,
2025-05-28T14:00:00.000Z,GR,Greece,GR,152.0,211.0,,61.0,,False,
2025-05-28T15:00:00.000Z,GR,Greece,GR,221.0,294.0,,43.0,,False,
2025-05-28T16:00:00.000Z,GR,Greece,GR,258.0,332.0,,34.0,,False,
2025-05-28T17:00:00.000Z,GR,Greece,GR,266.0,342.0,,32.0,,False,
2025-05-28T18:00:00.000Z,GR,Greece,GR,260.0,335.0,,33.0,,False,
2025-05-28T19:00:00.000Z,GR,Greece,GR,271.0,352.0,,30.0,,False,
2025-05-28T20:00:00.000Z,GR,Greece,GR,280.0,365.0,,28.0,,False,
2025-05-28T21:00:00.000Z,GR,Greece,GR,323.0,425.0,,17.0,,False,
2025-05-28T22:00:00.000Z,GR,Greece,GR,325.0,428.0,,16.0,,False,
2025-05-28T23:00:00.000Z,GR,Greece,GR,326.0,429.0,,16.0,,False,
2025-05-29T00:00:00.000Z,GR,Greece,GR,332.0,436.0,,14.0,,False,
2025-05-29T01:00:00.000Z,GR,Greece,GR,334.0,438.0,,14.0,,False,
2025-05-29T02:00:00.000Z,GR,Greece,GR,321.0,422.0,,17.0,,False,
2025-05-29T03:00:00.000Z,GR,Greece,GR,303.0,399.0,,22.0,,False,
2025-05-29T04:00:00.000Z,GR,Greece,GR,259.0,345.0,,33.0,,False,
2025-05-29T05:00:00.000Z,GR,Greece,GR,160.0,222.0,,59.0,,False,
2025-05-29T06:00:00.000Z,GR,Greece,GR,121.0,175.0,,69.0,,False,
2025-05-29T07:00:00.000Z,GR,Greece,GR,93.0,142.0,,76.0,,False,
2025-05-29T08:00:00.000Z,GR,Greece,GR,68.0,110.0,,83.0,,False,
2025-05-29T09:00:00.000Z,GR,Greece,GR,70.0,112.0,,82.0,,False,
2025-05-29T10:00:00.000Z,GR,Greece,GR,71.0,114.0,,82.0,,False,
2025-05-29T11:00:00.000Z,GR,Greece,GR,74.0,117.0,,81.0,,False,
2025-05-29T12:00:00.000Z,GR,Greece,GR,92.0,139.0,,76.0,,False,
2025-05-29T13:00:00.000Z,GR,Greece,GR,138.0,196.0,,64.0,,False,
2025-05-29T14:00:00.000Z,GR,Greece,GR,202.0,271.0,,48.0,,False,
2025-05-29T15:00:00.000Z,GR,Greece,GR,255.0,327.0,,36.0,,False,
2025-05-29T16:00:00.000Z,GR,Greece,GR,312.0,395.0,,25.0,,False,
2025-05-29T17:00:00.000Z,GR,Greece,GR,300.0,380.0,,28.0,,False,
2025-05-29T18:00:00.000Z,GR,Greece,GR,292.0,371.0,,30.0,,False,
2025-05-29T19:00:00.000Z,GR,Greece,GR,298.0,382.0,,29.0,,False,
2025-05-29T20:00:00.000Z,GR,Greece,GR,342.0,435.0,,20.0,,False,
2025-05-29T21:00:00.000Z,GR,Greece,GR,342.0,438.0,,19.0,,False,
2025-05-29T22:00:00.000Z,GR,Greece,GR,313.0,398.0,,28.0,,False,
2025-05-29T23:00:00.000Z,GR,Greece,GR,298.0,373.0,,35.0,,False,
2025-05-30T00:00:00.000Z,GR,Greece,GR,269.0,332.0,,45.0,,False,
2025-05-30T01:00:00.000Z,GR,Greece,GR,245.0,300.0,,52.0,,False,
2025-05-30T02:00:00.000Z,GR,Greece,GR,192.0,242.0,,60.0,,False,
2025-05-30T03:00:00.000Z,GR,Greece,GR,176.0,226.0,,62.0,,False,
2025-05-30T04:00:00.000Z,GR,Greece,GR,167.0,214.0,,65.0,,False,
2025-05-30T05:00:00.000Z,GR,Greece,GR,139.0,183.0,,70.0,,False,
2025-05-30T06:00:00.000Z,GR,Greece,GR,119.0,160.0,,75.0,,False,
2025-05-30T07:00:00.000Z,GR,Greece,GR,102.0,139.0,,79.0,,False,
2025-05-30T08:00:00.000Z,GR,Greece,GR,96.0,132.0,,81.0,,False,
2025-05-30T09:00:00.000Z,GR,Greece,GR,142.0,182.0,,74.0,,False,
2025-05-30T10:00:00.000Z,GR,Greece,GR,143.0,182.0,,74.0,,False,
2025-05-30T11:00:00.000Z,GR,Greece,GR,154.0,195.0,,72.0,,False,
2025-05-30T12:00:00.000Z,GR,Greece,GR,176.0,224.0,,66.0,,False,
2025-05-30T13:00:00.000Z,GR,Greece,GR,178.0,229.0,,64.0,,False,
2025-05-30T14:00:00.000Z,GR,Greece,GR,153.0,203.0,,67.0,,False,
2025-05-30T15:00:00.000Z,GR,Greece,GR,179.0,235.0,,60.0,,False,
2025-05-30T16:00:00.000Z,GR,Greece,GR,201.0,256.0,,54.0,,False,
2025-05-30T17:00:00.000Z,GR,Greece,GR,207.0,261.0,,52.0,,False,
2025-05-30T18:00:00.000Z,GR,Greece,GR,209.0,263.0,,52.0,,False,
2025-05-30T19:00:00.000Z,GR,Greece,GR,231.0,286.0,,49.0,,False,
2025-05-30T20:00:00.000Z,GR,Greece,GR,230.0,287.0,,47.0,,False,
2025-05-30T21:00:00.000Z,GR,Greece,GR,228.0,289.0,,49.0,,False,
2025-05-30T22:00:00.000Z,GR,Greece,GR,222.0,285.0,,49.0,,False,
2025-05-30T23:00:00.000Z,GR,Greece,GR,208.0,268.0,,52.0,,False,
2025-05-31T00:00:00.000Z,GR,Greece,GR,201.0,259.0,,55.0,,False,
2025-05-31T01:00:00.000Z,GR,Greece,GR,197.0,253.0,,56.0,,False,
2025-05-31T02:00:00.000Z,GR,Greece,GR,213.0,269.0,,54.0,,False,
2025-05-31T03:00:00.000Z,GR,Greece,GR,207.0,263.0,,55.0,,False,
2025-05-31T04:00:00.000Z,GR,Greece,GR,161.0,207.0,,65.0,,False,
2025-05-31T05:00:00.000Z,GR,Greece,GR,118.0,161.0,,72.0,,False,
2025-05-31T06:00:00.000Z,GR,Greece,GR,83.0,124.0,,78.0,,False,
2025-05-31T07:00:00.000Z,GR,Greece,GR,70.0,108.0,,82.0,,False,
2025-05-31T08:00:00.000Z,GR,Greece,GR,143.0,186.0,,71.0,,False,
2025-05-31T09:00:00.000Z,GR,Greece,GR,154.0,198.0,,70.0,,False,
2025-05-31T10:00:00.000Z,GR,Greece,GR,156.0,200.0,,69.0,,False,
2025-05-31T11:00:00.000Z,GR,Greece,GR,157.0,202.0,,68.0,,False,
2025-05-31T12:00:00.000Z,GR,Greece,GR,167.0,213.0,,67.0,,False,
2025-05-31T13:00:00.000Z,GR,Greece,GR,177.0,224.0,,65.0,,False,
2025-05-31T14:00:00.000Z,GR,Greece,GR,165.0,212.0,,66.0,,False,
2025-05-31T15:00:00.000Z,GR,Greece,GR,143.0,190.0,,69.0,,False,
2025-05-31T16:00:00.000Z,GR,Greece,GR,186.0,237.0,,58.0,,False,
2025-05-31T17:00:00.000Z,GR,Greece,GR,223.0,279.0,,49.0,,False,
2025-05-31T18:00:00.000Z,GR,Greece,GR,235.0,293.0,,46.0,,False,
2025-05-31T19:00:00.000Z,GR,Greece,GR,242.0,303.0,,44.0,,False,
2025-05-31T20:00:00.000Z,GR,Greece,GR,249.0,311.0,,43.0,,False,
2025-05-31T21:00:00.000Z,GR,Greece,GR,259.0,330.0,,40.0,,False,
2025-05-31T22:00:00.000Z,GR,Greece,GR,275.0,347.0,,39.0,,False,
2025-05-31T23:00:00.000Z,GR,Greece,GR,270.0,336.0,,43.0,,False,
2025-06-01T00:00:00.000Z,GR,Greece,GR,278.0,343.0,,43.0,,False,
2025-06-01T01:00:00.000Z,GR,Greece,GR,284.0,343.0,,45.0,,False,
2025-06-01T02:00:00.000Z,GR,Greece,GR,273.0,332.0,,47.0,,False,
2025-06-01T03:00:00.000Z,GR,Greece,GR,249.0,306.0,,51.0,,False,
2025-06-01T04:00:00.000Z,GR,Greece,GR,205.0,256.0,,60.0,,False,
2025-06-01T05:00:00.000Z,GR,Greece,GR,143.0,187.0,,72.0,,False,
2025-06-01T06:00:00.000Z,GR,Greece,GR,137.0,180.0,,74.0,,False,
2025-06-01T07:00:00.000Z,GR,Greece,GR,210.0,260.0,,62.0,,False,
2025-06-01T08:00:00.000Z,GR,Greece,GR,233.0,283.0,,57.0,,False,
2025-06-01T09:00:00.000Z,GR,Greece,GR,220.0,268.0,,60.0,,False,
2025-06-01T10:00:00.000Z,GR,Greece,GR,220.0,267.0,,60.0,,False,
2025-06-01T11:00:00.000Z,GR,Greece,GR,228.0,276.0,,59.0,,False,
2025-06-01T12:00:00.000Z,GR,Greece,GR,240.0,290.0,,57.0,,False,
2025-06-01T13:00:00.000Z,GR,Greece,GR,229.0,278.0,,59.0,,False,
2025-06-01T14:00:00.000Z,GR,Greece,GR,217.0,265.0,,61.0,,False,
2025-06-01T15:00:00.000Z,GR,Greece,GR,225.0,279.0,,57.0,,False,
2025-06-01T16:00:00.000Z,GR,Greece,GR,278.0,345.0,,38.0,,False,
2025-06-01T17:00:00.000Z,GR,Greece,GR,287.0,357.0,,34.0,,False,
2025-06-01T18:00:00.000Z,GR,Greece,GR,302.0,372.0,,33.0,,False,
2025-06-01T19:00:00.000Z,GR,Greece,GR,321.0,393.0,,29.0,,False,
2025-06-01T20:00:00.000Z,GR,Greece,GR,342.0,417.0,,25.0,,False,
2025-06-01T21:00:00.000Z,GR,Greece,GR,380.0,467.0,,16.0,,False,
2025-06-01T22:00:00.000Z,GR,Greece,GR,413.0,507.0,,11.0,,False,
2025-06-01T23:00:00.000Z,GR,Greece,GR,419.0,511.0,,12.0,,False,
2025-06-02T00:00:00.000Z,GR,Greece,GR,421.0,506.0,,15.0,,False,
2025-06-02T01:00:00.000Z,GR,Greece,GR,423.0,508.0,,14.0,,False,
2025-06-02T02:00:00.000Z,GR,Greece,GR,419.0,515.0,,11.0,,False,
2025-06-02T03:00:00.000Z,GR,Greece,GR,397.0,486.0,,17.0,,False,
2025-06-02T04:00:00.000Z,GR,Greece,GR,326.0,405.0,,30.0,,False,
2025-06-02T05:00:00.000Z,GR,Greece,GR,224.0,292.0,,50.0,,False,
2025-06-02T06:00:00.000Z,GR,Greece,GR,161.0,217.0,,64.0,,False,
2025-06-02T07:00:00.000Z,GR,Greece,GR,105.0,148.0,,79.0,,False,
2025-06-02T08:00:00.000Z,GR,Greece,GR,90.0,129.0,,82.0,,False,
2025-06-02T09:00:00.000Z,GR,Greece,GR,96.0,136.0,,81.0,,False,
2025-06-02T10:00:00.000Z,GR,Greece,GR,115.0,160.0,,76.0,,False,
2025-06-02T11:00:00.000Z,GR,Greece,GR,120.0,167.0,,75.0,,False,
2025-06-02T12:00:00.000Z,GR,Greece,GR,140.0,191.0,,70.0,,False,
2025-06-02T13:00:00.000Z,GR,Greece,GR,145.0,196.0,,69.0,,False,
2025-06-02T14:00:00.000Z,GR,Greece,GR,191.0,249.0,,60.0,,False,
2025-06-02T15:00:00.000Z,GR,Greece,GR,251.0,323.0,,43.0,,False,
2025-06-02T16:00:00.000Z,GR,Greece,GR,312.0,395.0,,26.0,,False,
2025-06-02T17:00:00.000Z,GR,Greece,GR,326.0,409.0,,23.0,,False,
2025-06-02T18:00:00.000Z,GR,Greece,GR,335.0,419.0,,23.0,,False,
2025-06-02T19:00:00.000Z,GR,Greece,GR,339.0,425.0,,21.0,,False,
2025-06-02T20:00:00.000Z,GR,Greece,GR,349.0,442.0,,17.0,,False,
2025-06-02T21:00:00.000Z,GR,Greece,GR,381.0,484.0,,10.0,,False,
2025-06-02T22:00:00.000Z,GR,Greece,GR,415.0,523.0,,4.0,,False,
2025-06-02T23:00:00.000Z,GR,Greece,GR,417.0,524.0,,5.0,,False,
2025-06-03T00:00:00.000Z,GR,Greece,GR,417.0,523.0,,6.0,,False,
2025-06-03T01:00:00.000Z,GR,Greece,GR,422.0,528.0,,5.0,,False,
2025-06-03T02:00:00.000Z,GR,Greece,GR,419.0,524.0,,6.0,,False,
2025-06-03T03:00:00.000Z,GR,Greece,GR,388.0,486.0,,13.0,,False,
2025-06-03T04:00:00.000Z,GR,Greece,GR,315.0,402.0,,27.0,,False,
2025-06-03T05:00:00.000Z,GR,Greece,GR,233.0,305.0,,46.0,,False,
2025-06-03T06:00:00.000Z,GR,Greece,GR,160.0,216.0,,64.0,,False,
2025-06-03T07:00:00.000Z,GR,Greece,GR,115.0,162.0,,75.0,,False,
2025-06-03T08:00:00.000Z,GR,Greece,GR,97.0,139.0,,80.0,,False,
2025-06-03T09:00:00.000Z,GR,Greece,GR,141.0,185.0,,73.0,,False,
2025-06-03T10:00:00.000Z,GR,Greece,GR,152.0,197.0,,72.0,,False,
2025-06-03T11:00:00.000Z,GR,Greece,GR,166.0,212.0,,69.0,,False,
2025-06-03T12:00:00.000Z,GR,Greece,GR,175.0,222.0,,68.0,,False,
2025-06-03T13:00:00.000Z,GR,Greece,GR,182.0,231.0,,66.0,,False,
2025-06-03T14:00:00.000Z,GR,Greece,GR,166.0,219.0,,65.0,,False,
2025-06-03T15:00:00.000Z,GR,Greece,GR,240.0,309.0,,46.0,,False,
2025-06-03T16:00:00.000Z,GR,Greece,GR,300.0,373.0,,32.0,,False,
2025-06-03T17:00:00.000Z,GR,Greece,GR,315.0,399.0,,25.0,,False,
2025-06-03T18:00:00.000Z,GR,Greece,GR,328.0,411.0,,23.0,,False,
2025-06-03T19:00:00.000Z,GR,Greece,GR,325.0,407.0,,25.0,,False,
2025-06-03T20:00:00.000Z,GR,Greece,GR,336.0,423.0,,22.0,,False,
2025-06-03T21:00:00.000Z,GR,Greece,GR,378.0,473.0,,14.0,,False,
2025-06-03T22:00:00.000Z,GR,Greece,GR,412.0,512.0,,9.0,,False,
2025-06-03T23:00:00.000Z,GR,Greece,GR,421.0,523.0,,6.0,,False,
2025-06-04T00:00:00.000Z,GR,Greece,GR,426.0,524.0,,8.0,,False,
2025-06-04T01:00:00.000Z,GR,Greece,GR,425.0,522.0,,8.0,,False,
2025-06-04T02:00:00.000Z,GR,Greece,GR,418.0,519.0,,8.0,,False,
2025-06-04T03:00:00.000Z,GR,Greece,GR,400.0,500.0,,10.0,,False,
2025-06-04T04:00:00.000Z,GR,Greece,GR,324.0,405.0,,27.0,,False,
2025-06-04T05:00:00.000Z,GR,Greece,GR,222.0,285.0,,50.0,,False,
2025-06-04T06:00:00.000Z,GR,Greece,GR,179.0,238.0,,59.0,,False,
2025-06-04T07:00:00.000Z,GR,Greece,GR,119.0,165.0,,75.0,,False,
2025-06-04T08:00:00.000Z,GR,Greece,GR,95.0,135.0,,81.0,,False,
2025-06-04T09:00:00.000Z,GR,Greece,GR,134.0,178.0,,74.0,,False,
2025-06-04T10:00:00.000Z,GR,Greece,GR,153.0,199.0,,70.0,,False,
2025-06-04T11:00:00.000Z,GR,Greece,GR,163.0,212.0,,68.0,,False,
2025-06-04T12:00:00.000Z,GR,Greece,GR,156.0,205.0,,68.0,,False,
2025-06-04T13:00:00.000Z,GR,Greece,GR,106.0,148.0,,79.0,,False,
2025-06-04T14:00:00.000Z,GR,Greece,GR,166.0,221.0,,63.0,,False,
2025-06-04T15:00:00.000Z,GR,Greece,GR,236.0,305.0,,47.0,,False,
2025-06-04T16:00:00.000Z,GR,Greece,GR,280.0,354.0,,34.0,,False,
2025-06-04T17:00:00.000Z,GR,Greece,GR,302.0,381.0,,28.0,,False,
2025-06-04T18:00:00.000Z,GR,Greece,GR,312.0,392.0,,26.0,,False,
2025-06-04T19:00:00.000Z,GR,Greece,GR,342.0,431.0,,20.0,,False,
2025-06-04T20:00:00.000Z,GR,Greece,GR,370.0,467.0,,13.0,,False,
2025-06-04T21:00:00.000Z,GR,Greece,GR,391.0,497.0,,8.0,,False,
2025-06-04T22:00:00.000Z,GR,Greece,GR,404.0,516.0,,4.0,,False,
2025-06-04T23:00:00.000Z,GR,Greece,GR,419.0,524.0,,6.0,,False,
2025-06-05T00:00:00.000Z,GR,Greece,GR,421.0,526.0,,6.0,,False,
2025-06-05T01:00:00.000Z,GR,Greece,GR,416.0,521.0,,6.0,,False,
2025-06-05T02:00:00.000Z,GR,Greece,GR,384.0,485.0,,12.0,,False,
2025-06-05T03:00:00.000Z,GR,Greece,GR,353.0,445.0,,20.0,,False,
2025-06-05T04:00:00.000Z,GR,Greece,GR,298.0,382.0,,31.0,,False,
2025-06-05T05:00:00.000Z,GR,Greece,GR,227.0,295.0,,48.0,,False,
2025-06-05T06:00:00.000Z,GR,Greece,GR,160.0,214.0,,65.0,,False,
2025-06-05T07:00:00.000Z,GR,Greece,GR,123.0,169.0,,74.0,,False,
2025-06-05T08:00:00.000Z,GR,Greece,GR,95.0,134.0,,81.0,,False,
2025-06-05T09:00:00.000Z,GR,Greece,GR,106.0,146.0,,79.0,,False,
2025-06-05T10:00:00.000Z,GR,Greece,GR,98.0,136.0,,81.0,,False,
2025-06-05T11:00:00.000Z,GR,Greece,GR,103.0,143.0,,79.0,,False,
2025-06-05T12:00:00.000Z,GR,Greece,GR,113.0,157.0,,76.0,,False,
2025-06-05T13:00:00.000Z,GR,Greece,GR,151.0,204.0,,67.0,,False,
2025-06-05T14:00:00.000Z,GR,Greece,GR,203.0,268.0,,54.0,,False,
2025-06-05T15:00:00.000Z,GR,Greece,GR,276.0,351.0,,37.0,,False,
2025-06-05T16:00:00.000Z,GR,Greece,GR,284.0,360.0,,33.0,,False,
2025-06-05T17:00:00.000Z,GR,Greece,GR,286.0,361.0,,33.0,,False,
2025-06-05T18:00:00.000Z,GR,Greece,GR,256.0,331.0,,35.0,,False,
2025-06-05T19:00:00.000Z,GR,Greece,GR,268.0,348.0,,31.0,,False,
2025-06-05T20:00:00.000Z,GR,Greece,GR,286.0,372.0,,29.0,,False,
2025-06-05T21:00:00.000Z,GR,Greece,GR,340.0,434.0,,20.0,,False,
2025-06-05T22:00:00.000Z,GR,Greece,GR,355.0,454.0,,15.0,,False,
2025-06-05T23:00:00.000Z,GR,Greece,GR,338.0,437.0,,17.0,,False,
2025-06-06T00:00:00.000Z,GR,Greece,GR,322.0,419.0,,19.0,,False,
2025-06-06T01:00:00.000Z,GR,Greece,GR,306.0,401.0,,22.0,,False,
2025-06-06T02:00:00.000Z,GR,Greece,GR,285.0,376.0,,27.0,,False,
2025-06-06T03:00:00.000Z,GR,Greece,GR,264.0,349.0,,32.0,,False,
2025-06-06T04:00:00.000Z,GR,Greece,GR,227.0,303.0,,42.0,,False,
2025-06-06T05:00:00.000Z,GR,Greece,GR,165.0,227.0,,58.0,,False,
2025-06-06T06:00:00.000Z,GR,Greece,GR,99.0,144.0,,76.0,,False,
2025-06-06T07:00:00.000Z,GR,Greece,GR,72.0,113.0,,82.0,,False,
2025-06-06T08:00:00.000Z,GR,Greece,GR,87.0,128.0,,80.0,,False,
2025-06-06T09:00:00.000Z,GR,Greece,GR,105.0,147.0,,77.0,,False,
2025-06-06T10:00:00.000Z,GR,Greece,GR,102.0,144.0,,78.0,,False,
2025-06-06T11:00:00.000Z,GR,Greece,GR,90.0,132.0,,79.0,,False,
2025-06-06T12:00:00.000Z,GR,Greece,GR,104.0,147.0,,77.0,,False,
2025-06-06T13:00:00.000Z,GR,Greece,GR,93.0,139.0,,77.0,,False,
2025-06-06T14:00:00.000Z,GR,Greece,GR,149.0,205.0,,62.0,,False,
2025-06-06T15:00:00.000Z,GR,Greece,GR,217.0,287.0,,44.0,,False,
2025-06-06T16:00:00.000Z,GR,Greece,GR,227.0,297.0,,42.0,,False,
2025-06-06T17:00:00.000Z,GR,Greece,GR,241.0,313.0,,38.0,,False,
2025-06-06T18:00:00.000Z,GR,Greece,GR,252.0,326.0,,36.0,,False,
2025-06-06T19:00:00.000Z,GR,Greece,GR,264.0,345.0,,32.0,,False,
2025-06-06T20:00:00.000Z,GR,Greece,GR,274.0,360.0,,29.0,,False,
2025-06-06T21:00:00.000Z,GR,Greece,GR,304.0,397.0,,23.0,,False,
2025-06-06T22:00:00.000Z,GR,Greece,GR,317.0,417.0,,18.0,,False,
2025-06-06T23:00:00.000Z,GR,Greece,GR,318.0,416.0,,19.0,,False,
2025-06-07T00:00:00.000Z,GR,Greece,GR,319.0,418.0,,19.0,,False,
2025-06-07T01:00:00.000Z,GR,Greece,GR,316.0,413.0,,20.0,,False,
2025-06-07T02:00:00.000Z,GR,Greece,GR,301.0,395.0,,24.0,,False,
2025-06-07T03:00:00.000Z,GR,Greece,GR,274.0,363.0,,29.0,,False,
2025-06-07T04:00:00.000Z,GR,Greece,GR,225.0,296.0,,43.0,,False,
2025-06-07T05:00:00.000Z,GR,Greece,GR,147.0,204.0,,62.0,,False,
2025-06-07T06:00:00.000Z,GR,Greece,GR,91.0,137.0,,77.0,,False,
2025-06-07T07:00:00.000Z,GR,Greece,GR,62.0,101.0,,84.0,,False,
2025-06-07T08:00:00.000Z,GR,Greece,GR,66.0,105.0,,84.0,,False,
2025-06-07T09:00:00.000Z,GR,Greece,GR,130.0,174.0,,73.0,,False,
2025-06-07T10:00:00.000Z,GR,Greece,GR,140.0,183.0,,72.0,,False,
2025-06-07T11:00:00.000Z,GR,Greece,GR,136.0,179.0,,73.0,,False,
2025-06-07T12:00:00.000Z,GR,Greece,GR,140.0,184.0,,72.0,,False,
2025-06-07T13:00:00.000Z,GR,Greece,GR,142.0,186.0,,71.0,,False,
2025-06-07T14:00:00.000Z,GR,Greece,GR,133.0,180.0,,71.0,,False,
2025-06-07T15:00:00.000Z,GR,Greece,GR,192.0,254.0,,52.0,,False,
2025-06-07T16:00:00.000Z,GR,Greece,GR,257.0,334.0,,34.0,,False,
2025-06-07T17:00:00.000Z,GR,Greece,GR,264.0,341.0,,33.0,,False,
2025-06-07T18:00:00.000Z,GR,Greece,GR,269.0,348.0,,31.0,,False,
2025-06-07T19:00:00.000Z,GR,Greece,GR,286.0,369.0,,27.0,,False,
2025-06-07T20:00:00.000Z,GR,Greece,GR,300.0,389.0,,23.0,,False,
2025-06-07T21:00:00.000Z,GR,Greece,GR,305.0,401.0,,21.0,,False,
2025-06-07T22:00:00.000Z,GR,Greece,GR,332.0,431.0,,17.0,,False,
2025-06-07T23:00:00.000Z,GR,Greece,GR,335.0,425.0,,21.0,,False,
2025-06-08T00:00:00.000Z,GR,Greece,GR,336.0,421.0,,23.0,,False,
2025-06-08T01:00:00.000Z,GR,Greece,GR,326.0,406.0,,27.0,,False,
2025-06-08T02:00:00.000Z,GR,Greece,GR,305.0,378.0,,33.0,,False,
2025-06-08T03:00:00.000Z,GR,Greece,GR,283.0,349.0,,39.0,,False,
2025-06-08T04:00:00.000Z,GR,Greece,GR,219.0,271.0,,54.0,,False,
2025-06-08T05:00:00.000Z,GR,Greece,GR,168.0,214.0,,67.0,,False,
2025-06-08T06:00:00.000Z,GR,Greece,GR,163.0,208.0,,68.0,,False,
2025-06-08T07:00:00.000Z,GR,Greece,GR,156.0,200.0,,70.0,,False,
2025-06-08T08:00:00.000Z,GR,Greece,GR,153.0,197.0,,70.0,,False,
2025-06-08T09:00:00.000Z,GR,Greece,GR,149.0,192.0,,71.0,,False,
2025-06-08T10:00:00.000Z,GR,Greece,GR,141.0,183.0,,72.0,,False,
2025-06-08T11:00:00.000Z,GR,Greece,GR,147.0,190.0,,71.0,,False,
2025-06-08T12:00:00.000Z,GR,Greece,GR,148.0,192.0,,70.0,,False,
2025-06-08T13:00:00.000Z,GR,Greece,GR,147.0,192.0,,70.0,,False,
2025-06-08T14:00:00.000Z,GR,Greece,GR,154.0,201.0,,68.0,,False,
2025-06-08T15:00:00.000Z,GR,Greece,GR,179.0,238.0,,56.0,,False,
2025-06-08T16:00:00.000Z,GR,Greece,GR,235.0,298.0,,43.0,,False,
2025-06-08T17:00:00.000Z,GR,Greece,GR,259.0,332.0,,35.0,,False,
2025-06-08T18:00:00.000Z,GR,Greece,GR,267.0,343.0,,32.0,,False,
2025-06-08T19:00:00.000Z,GR,Greece,GR,272.0,350.0,,30.0,,False,
2025-06-08T20:00:00.000Z,GR,Greece,GR,286.0,368.0,,28.0,,False,
2025-06-08T21:00:00.000Z,GR,Greece,GR,309.0,394.0,,26.0,,False,
2025-06-08T22:00:00.000Z,GR,Greece,GR,330.0,427.0,,18.0,,False,
2025-06-08T23:00:00.000Z,GR,Greece,GR,347.0,440.0,,18.0,,False,
2025-06-09T00:00:00.000Z,GR,Greece,GR,343.0,427.0,,22.0,,False,
2025-06-09T01:00:00.000Z,GR,Greece,GR,336.0,416.0,,25.0,,False,
2025-06-09T02:00:00.000Z,GR,Greece,GR,323.0,403.0,,27.0,,False,
2025-06-09T03:00:00.000Z,GR,Greece,GR,305.0,385.0,,30.0,,False,
2025-06-09T04:00:00.000Z,GR,Greece,GR,252.0,325.0,,41.0,,False,
2025-06-09T05:00:00.000Z,GR,Greece,GR,164.0,222.0,,61.0,,False,
2025-06-09T06:00:00.000Z,GR,Greece,GR,119.0,160.0,,75.0,,False,
2025-06-09T07:00:00.000Z,GR,Greece,GR,120.0,162.0,,75.0,,False,
2025-06-09T08:00:00.000Z,GR,Greece,GR,127.0,168.0,,74.0,,False,
2025-06-09T09:00:00.000Z,GR,Greece,GR,125.0,166.0,,75.0,,False,
2025-06-09T10:00:00.000Z,GR,Greece,GR,126.0,167.0,,75.0,,False,
2025-06-09T11:00:00.000Z,GR,Greece,GR,125.0,165.0,,75.0,,False,
2025-06-09T12:00:00.000Z,GR,Greece,GR,131.0,171.0,,74.0,,False,
2025-06-09T13:00:00.000Z,GR,Greece,GR,128.0,169.0,,74.0,,False,
2025-06-09T14:00:00.000Z,GR,Greece,GR,138.0,183.0,,71.0,,False,
2025-06-09T15:00:00.000Z,GR,Greece,GR,198.0,258.0,,54.0,,False,
2025-06-09T16:00:00.000Z,GR,Greece,GR,234.0,302.0,,42.0,,False,
2025-06-09T17:00:00.000Z,GR,Greece,GR,246.0,320.0,,37.0,,False,
2025-06-09T18:00:00.000Z,GR,Greece,GR,254.0,330.0,,35.0,,False,
2025-06-09T19:00:00.000Z,GR,Greece,GR,253.0,330.0,,35.0,,False,
2025-06-09T20:00:00.000Z,GR,Greece,GR,252.0,327.0,,35.0,,False,
2025-06-09T21:00:00.000Z,GR,Greece,GR,250.0,322.0,,37.0,,False,
2025-06-09T22:00:00.000Z,GR,Greece,GR,252.0,329.0,,37.0,,False,
2025-06-09T23:00:00.000Z,GR,Greece,GR,234.0,303.0,,44.0,,False,
2025-06-10T00:00:00.000Z,GR,Greece,GR,221.0,289.0,,46.0,,False,
2025-06-10T01:00:00.000Z,GR,Greece,GR,194.0,256.0,,52.0,,False,
2025-06-10T02:00:00.000Z,GR,Greece,GR,165.0,219.0,,60.0,,False,
2025-06-10T03:00:00.000Z,GR,Greece,GR,156.0,208.0,,61.0,,False,
2025-06-10T04:00:00.000Z,GR,Greece,GR,145.0,197.0,,63.0,,False,
2025-06-10T05:00:00.000Z,GR,Greece,GR,120.0,169.0,,69.0,,False,
2025-06-10T06:00:00.000Z,GR,Greece,GR,69.0,107.0,,82.0,,False,
2025-06-10T07:00:00.000Z,GR,Greece,GR,51.0,84.0,,87.0,,False,
2025-06-10T08:00:00.000Z,GR,Greece,GR,67.0,104.0,,84.0,,False,
2025-06-10T09:00:00.000Z,GR,Greece,GR,94.0,132.0,,80.0,,False,
2025-06-10T10:00:00.000Z,GR,Greece,GR,93.0,131.0,,80.0,,False,
2025-06-10T11:00:00.000Z,GR,Greece,GR,88.0,126.0,,81.0,,False,
2025-06-10T12:00:00.000Z,GR,Greece,GR,95.0,134.0,,79.0,,False,
2025-06-10T13:00:00.000Z,GR,Greece,GR,104.0,146.0,,76.0,,False,
2025-06-10T14:00:00.000Z,GR,Greece,GR,130.0,182.0,,67.0,,False,
2025-06-10T15:00:00.000Z,GR,Greece,GR,185.0,247.0,,53.0,,False,
2025-06-10T16:00:00.000Z,GR,Greece,GR,202.0,266.0,,48.0,,False,
2025-06-10T17:00:00.000Z,GR,Greece,GR,211.0,276.0,,46.0,,False,
2025-06-10T18:00:00.000Z,GR,Greece,GR,218.0,285.0,,44.0,,False,
2025-06-10T19:00:00.000Z,GR,Greece,GR,219.0,286.0,,44.0,,False,
2025-06-10T20:00:00.000Z,GR,Greece,GR,224.0,294.0,,43.0,,False,
2025-06-10T21:00:00.000Z,GR,Greece,GR,230.0,304.0,,41.0,,False,
2025-06-10T22:00:00.000Z,GR,Greece,GR,228.0,304.0,,41.0,,False,
2025-06-10T23:00:00.000Z,GR,Greece,GR,217.0,290.0,,44.0,,False,
2025-06-11T00:00:00.000Z,GR,Greece,GR,216.0,289.0,,44.0,,False,
2025-06-11T01:00:00.000Z,GR,Greece,GR,218.0,291.0,,44.0,,False,
2025-06-11T02:00:00.000Z,GR,Greece,GR,214.0,285.0,,45.0,,False,
2025-06-11T03:00:00.000Z,GR,Greece,GR,208.0,279.0,,46.0,,False,
2025-06-11T04:00:00.000Z,GR,Greece,GR,188.0,252.0,,52.0,,False,
2025-06-11T05:00:00.000Z,GR,Greece,GR,146.0,201.0,,62.0,,False,
2025-06-11T06:00:00.000Z,GR,Greece,GR,92.0,136.0,,76.0,,False,
2025-06-11T07:00:00.000Z,GR,Greece,GR,69.0,108.0,,83.0,,False,
2025-06-11T08:00:00.000Z,GR,Greece,GR,52.0,87.0,,87.0,,False,
2025-06-11T09:00:00.000Z,GR,Greece,GR,84.0,122.0,,81.0,,False,
2025-06-11T10:00:00.000Z,GR,Greece,GR,96.0,136.0,,79.0,,False,
2025-06-11T11:00:00.000Z,GR,Greece,GR,86.0,123.0,,81.0,,False,
2025-06-11T12:00:00.000Z,GR,Greece,GR,92.0,131.0,,79.0,,False,
2025-06-11T13:00:00.000Z,GR,Greece,GR,118.0,164.0,,72.0,,False,
2025-06-11T14:00:00.000Z,GR,Greece,GR,142.0,197.0,,64.0,,False,
2025-06-11T15:00:00.000Z,GR,Greece,GR,202.0,268.0,,49.0,,False,
2025-06-11T16:00:00.000Z,GR,Greece,GR,245.0,321.0,,37.0,,False,
2025-06-11T17:00:00.000Z,GR,Greece,GR,267.0,347.0,,32.0,,False,
2025-06-11T18:00:00.000Z,GR,Greece,GR,278.0,362.0,,29.0,,False,
2025-06-11T19:00:00.000Z,GR,Greece,GR,283.0,368.0,,28.0,,False,
2025-06-11T20:00:00.000Z,GR,Greece,GR,288.0,377.0,,26.0,,False,
2025-06-11T21:00:00.000Z,GR,Greece,GR,312.0,407.0,,21.0,,False,
2025-06-11T22:00:00.000Z,GR,Greece,GR,328.0,427.0,,17.0,,False,
2025-06-11T23:00:00.000Z,GR,Greece,GR,326.0,417.0,,21.0,,False,
2025-06-12T00:00:00.000Z,GR,Greece,GR,318.0,401.0,,25.0,,False,
2025-06-12T01:00:00.000Z,GR,Greece,GR,303.0,385.0,,28.0,,False,
2025-06-12T02:00:00.000Z,GR,Greece,GR,282.0,365.0,,30.0,,False,
2025-06-12T03:00:00.000Z,GR,Greece,GR,258.0,337.0,,35.0,,False,
2025-06-12T04:00:00.000Z,GR,Greece,GR,227.0,303.0,,41.0,,False,
2025-06-12T05:00:00.000Z,GR,Greece,GR,176.0,240.0,,55.0,,False,
2025-06-12T06:00:00.000Z,GR,Greece,GR,110.0,158.0,,72.0,,False,
2025-06-12T07:00:00.000Z,GR,Greece,GR,68.0,106.0,,82.0,,False,
2025-06-12T08:00:00.000Z,GR,Greece,GR,73.0,110.0,,83.0,,False,
2025-06-12T09:00:00.000Z,GR,Greece,GR,96.0,134.0,,79.0,,False,
2025-06-12T10:00:00.000Z,GR,Greece,GR,87.0,125.0,,80.0,,False,
2025-06-12T11:00:00.000Z,GR,Greece,GR,84.0,122.0,,80.0,,False,
2025-06-12T12:00:00.000Z,GR,Greece,GR,86.0,124.0,,80.0,,False,
2025-06-12T13:00:00.000Z,GR,Greece,GR,97.0,138.0,,77.0,,False,
2025-06-12T14:00:00.000Z,GR,Greece,GR,141.0,195.0,,64.0,,False,
2025-06-12T15:00:00.000Z,GR,Greece,GR,198.0,263.0,,50.0,,False,
2025-06-12T16:00:00.000Z,GR,Greece,GR,253.0,332.0,,35.0,,False,
2025-06-12T17:00:00.000Z,GR,Greece,GR,264.0,344.0,,32.0,,False,
2025-06-12T18:00:00.000Z,GR,Greece,GR,263.0,343.0,,33.0,,False,
2025-06-12T19:00:00.000Z,GR,Greece,GR,276.0,360.0,,29.0,,False,
2025-06-12T20:00:00.000Z,GR,Greece,GR,284.0,372.0,,27.0,,False,
2025-06-12T21:00:00.000Z,GR,Greece,GR,295.0,389.0,,24.0,,False,
2025-06-12T22:00:00.000Z,GR,Greece,GR,308.0,402.0,,22.0,,False,
2025-06-12T23:00:00.000Z,GR,Greece,GR,305.0,391.0,,26.0,,False,
2025-06-13T00:00:00.000Z,GR,Greece,GR,302.0,387.0,,27.0,,False,
2025-06-13T01:00:00.000Z,GR,Greece,GR,300.0,386.0,,27.0,,False,
2025-06-13T02:00:00.000Z,GR,Greece,GR,291.0,373.0,,30.0,,False,
2025-06-13T03:00:00.000Z,GR,Greece,GR,278.0,360.0,,31.0,,False,
2025-06-13T04:00:00.000Z,GR,Greece,GR,239.0,316.0,,39.0,,False,
2025-06-13T05:00:00.000Z,GR,Greece,GR,183.0,248.0,,53.0,,False,
2025-06-13T06:00:00.000Z,GR,Greece,GR,141.0,198.0,,64.0,,False,
2025-06-13T07:00:00.000Z,GR,Greece,GR,96.0,143.0,,75.0,,False,
2025-06-13T08:00:00.000Z,GR,Greece,GR,64.0,103.0,,84.0,,False,
2025-06-13T09:00:00.000Z,GR,Greece,GR,87.0,125.0,,79.0,,False,
2025-06-13T10:00:00.000Z,GR,Greece,GR,91.0,129.0,,78.0,,False,
2025-06-13T11:00:00.000Z,GR,Greece,GR,90.0,129.0,,78.0,,False,
2025-06-13T12:00:00.000Z,GR,Greece,GR,92.0,131.0,,78.0,,False,
2025-06-13T13:00:00.000Z,GR,Greece,GR,98.0,138.0,,76.0,,False,
2025-06-13T14:00:00.000Z,GR,Greece,GR,143.0,195.0,,65.0,,False,
2025-06-13T15:00:00.000Z,GR,Greece,GR,205.0,272.0,,48.0,,False,
2025-06-13T16:00:00.000Z,GR,Greece,GR,235.0,309.0,,40.0,,False,
2025-06-13T17:00:00.000Z,GR,Greece,GR,249.0,326.0,,36.0,,False,
2025-06-13T18:00:00.000Z,GR,Greece,GR,249.0,325.0,,36.0,,False,
2025-06-13T19:00:00.000Z,GR,Greece,GR,247.0,321.0,,37.0,,False,
2025-06-13T20:00:00.000Z,GR,Greece,GR,252.0,328.0,,35.0,,False,
2025-06-13T21:00:00.000Z,GR,Greece,GR,276.0,362.0,,30.0,,False,
2025-06-13T22:00:00.000Z,GR,Greece,GR,291.0,381.0,,26.0,,False,
2025-06-13T23:00:00.000Z,GR,Greece,GR,286.0,371.0,,29.0,,False,
2025-06-14T00:00:00.000Z,GR,Greece,GR,279.0,353.0,,33.0,,False,
2025-06-14T01:00:00.000Z,GR,Greece,GR,278.0,348.0,,34.0,,False,
2025-06-14T02:00:00.000Z,GR,Greece,GR,268.0,339.0,,35.0,,False,
2025-06-14T03:00:00.000Z,GR,Greece,GR,237.0,304.0,,42.0,,False,
2025-06-14T04:00:00.000Z,GR,Greece,GR,189.0,249.0,,53.0,,False,
2025-06-14T05:00:00.000Z,GR,Greece,GR,127.0,177.0,,67.0,,False,
2025-06-14T06:00:00.000Z,GR,Greece,GR,85.0,122.0,,80.0,,False,
2025-06-14T07:00:00.000Z,GR,Greece,GR,111.0,151.0,,76.0,,False,
2025-06-14T08:00:00.000Z,GR,Greece,GR,121.0,162.0,,74.0,,False,
2025-06-14T09:00:00.000Z,GR,Greece,GR,116.0,156.0,,75.0,,False,
2025-06-14T10:00:00.000Z,GR,Greece,GR,110.0,149.0,,76.0,,False,
2025-06-14T11:00:00.000Z,GR,Greece,GR,112.0,152.0,,75.0,,False,
2025-06-14T12:00:00.000Z,GR,Greece,GR,113.0,153.0,,75.0,,False,
2025-06-14T13:00:00.000Z,GR,Greece,GR,117.0,157.0,,75.0,,False,
2025-06-14T14:00:00.000Z,GR,Greece,GR,126.0,169.0,,71.0,,False,
2025-06-14T15:00:00.000Z,GR,Greece,GR,179.0,231.0,,57.0,,False,
2025-06-14T16:00:00.000Z,GR,Greece,GR,226.0,293.0,,43.0,,False,
2025-06-14T17:00:00.000Z,GR,Greece,GR,247.0,320.0,,37.0,,False,
2025-06-14T18:00:00.000Z,GR,Greece,GR,258.0,334.0,,34.0,,False,
2025-06-14T19:00:00.000Z,GR,Greece,GR,259.0,335.0,,34.0,,False,
2025-06-14T20:00:00.000Z,GR,Greece,GR,280.0,361.0,,29.0,,False,
2025-06-14T21:00:00.000Z,GR,Greece,GR,294.0,379.0,,27.0,,False,
2025-06-14T22:00:00.000Z,GR,Greece,GR,310.0,402.0,,22.0,,False,
2025-06-14T23:00:00.000Z,GR,Greece,GR,309.0,393.0,,25.0,,False,
2025-06-15T00:00:00.000Z,GR,Greece,GR,305.0,388.0,,26.0,,False,
2025-06-15T01:00:00.000Z,GR,Greece,GR,297.0,377.0,,29.0,,False,
2025-06-15T02:00:00.000Z,GR,Greece,GR,287.0,363.0,,31.0,,False,
2025-06-15T03:00:00.000Z,GR,Greece,GR,264.0,334.0,,36.0,,False,
2025-06-15T04:00:00.000Z,GR,Greece,GR,209.0,269.0,,49.0,,False,
2025-06-15T05:00:00.000Z,GR,Greece,GR,124.0,170.0,,70.0,,False,
2025-06-15T06:00:00.000Z,GR,Greece,GR,95.0,135.0,,77.0,,False,
2025-06-15T07:00:00.000Z,GR,Greece,GR,95.0,137.0,,77.0,,False,
2025-06-15T08:00:00.000Z,GR,Greece,GR,140.0,184.0,,69.0,,False,
2025-06-15T09:00:00.000Z,GR,Greece,GR,137.0,180.0,,70.0,,False,
2025-06-15T10:00:00.000Z,GR,Greece,GR,142.0,185.0,,69.0,,False,
2025-06-15T11:00:00.000Z,GR,Greece,GR,149.0,193.0,,68.0,,False,
2025-06-15T12:00:00.000Z,GR,Greece,GR,155.0,199.0,,67.0,,False,
2025-06-15T13:00:00.000Z,GR,Greece,GR,153.0,198.0,,66.0,,False,
2025-06-15T14:00:00.000Z,GR,Greece,GR,145.0,192.0,,66.0,,False,
2025-06-15T15:00:00.000Z,GR,Greece,GR,175.0,228.0,,58.0,,False,
2025-06-15T16:00:00.000Z,GR,Greece,GR,228.0,291.0,,44.0,,False,
2025-06-15T17:00:00.000Z,GR,Greece,GR,239.0,307.0,,40.0,,False,
2025-06-15T18:00:00.000Z,GR,Greece,GR,252.0,325.0,,36.0,,False,
2025-06-15T19:00:00.000Z,GR,Greece,GR,260.0,335.0,,34.0,,False,
2025-06-15T20:00:00.000Z,GR,Greece,GR,284.0,359.0,,29.0,,False,
2025-06-15T21:00:00.000Z,GR,Greece,GR,325.0,406.0,,21.0,,False,
2025-06-15T22:00:00.000Z,GR,Greece,GR,351.0,445.0,,13.0,,False,
2025-06-15T23:00:00.000Z,GR,Greece,GR,347.0,436.0,,15.0,,False,
2025-06-16T00:00:00.000Z,GR,Greece,GR,351.0,440.0,,14.0,,False,
2025-06-16T01:00:00.000Z,GR,Greece,GR,348.0,437.0,,15.0,,False,
2025-06-16T02:00:00.000Z,GR,Greece,GR,343.0,429.0,,17.0,,False,
2025-06-16T03:00:00.000Z,GR,Greece,GR,328.0,414.0,,21.0,,False,
2025-06-16T04:00:00.000Z,GR,Greece,GR,266.0,346.0,,33.0,,False,
2025-06-16T05:00:00.000Z,GR,Greece,GR,212.0,284.0,,46.0,,False,
2025-06-16T06:00:00.000Z,GR,Greece,GR,149.0,206.0,,62.0,,False,
2025-06-16T07:00:00.000Z,GR,Greece,GR,93.0,138.0,,76.0,,False,
2025-06-16T08:00:00.000Z,GR,Greece,GR,72.0,113.0,,81.0,,False,
2025-06-16T09:00:00.000Z,GR,Greece,GR,69.0,108.0,,82.0,,False,
2025-06-16T10:00:00.000Z,GR,Greece,GR,66.0,104.0,,82.0,,False,
2025-06-16T11:00:00.000Z,GR,Greece,GR,62.0,100.0,,83.0,,False,
2025-06-16T12:00:00.000Z,GR,Greece,GR,60.0,98.0,,84.0,,False,
2025-06-16T13:00:00.000Z,GR,Greece,GR,74.0,114.0,,81.0,,False,
2025-06-16T14:00:00.000Z,GR,Greece,GR,116.0,166.0,,70.0,,False,
2025-06-16T15:00:00.000Z,GR,Greece,GR,192.0,259.0,,51.0,,False,
2025-06-16T16:00:00.000Z,GR,Greece,GR,245.0,318.0,,38.0,,False,
2025-06-16T17:00:00.000Z,GR,Greece,GR,258.0,334.0,,34.0,,False,
2025-06-16T18:00:00.000Z,GR,Greece,GR,264.0,342.0,,32.0,,False,
2025-06-16T19:00:00.000Z,GR,Greece,GR,269.0,349.0,,31.0,,False,
2025-06-16T20:00:00.000Z,GR,Greece,GR,295.0,385.0,,24.0,,False,
2025-06-16T21:00:00.000Z,GR,Greece,GR,316.0,411.0,,20.0,,False,
2025-06-16T22:00:00.000Z,GR,Greece,GR,333.0,432.0,,17.0,,False,
2025-06-16T23:00:00.000Z,GR,Greece,GR,326.0,421.0,,19.0,,False,
2025-06-17T00:00:00.000Z,GR,Greece,GR,323.0,419.0,,19.0,,False,
2025-06-17T01:00:00.000Z,GR,Greece,GR,325.0,421.0,,19.0,,False,
2025-06-17T02:00:00.000Z,GR,Greece,GR,317.0,412.0,,21.0,,False,
2025-06-17T03:00:00.000Z,GR,Greece,GR,295.0,386.0,,25.0,,False,
2025-06-17T04:00:00.000Z,GR,Greece,GR,252.0,334.0,,35.0,,False,
2025-06-17T05:00:00.000Z,GR,Greece,GR,195.0,265.0,,50.0,,False,
2025-06-17T06:00:00.000Z,GR,Greece,GR,140.0,197.0,,64.0,,False,
2025-06-17T07:00:00.000Z,GR,Greece,GR,90.0,134.0,,77.0,,False,
2025-06-17T08:00:00.000Z,GR,Greece,GR,67.0,104.0,,83.0,,False,
2025-06-17T09:00:00.000Z,GR,Greece,GR,85.0,123.0,,79.0,,False,
2025-06-17T10:00:00.000Z,GR,Greece,GR,84.0,122.0,,80.0,,False,
2025-06-17T11:00:00.000Z,GR,Greece,GR,83.0,121.0,,79.0,,False,
2025-06-17T12:00:00.000Z,GR,Greece,GR,83.0,121.0,,79.0,,False,
2025-06-17T13:00:00.000Z,GR,Greece,GR,90.0,131.0,,77.0,,False,
2025-06-17T14:00:00.000Z,GR,Greece,GR,127.0,178.0,,68.0,,False,
2025-06-17T15:00:00.000Z,GR,Greece,GR,196.0,259.0,,50.0,,False,
2025-06-17T16:00:00.000Z,GR,Greece,GR,242.0,317.0,,38.0,,False,
2025-06-17T17:00:00.000Z,GR,Greece,GR,254.0,331.0,,35.0,,False,
2025-06-17T18:00:00.000Z,GR,Greece,GR,257.0,334.0,,34.0,,False,
2025-06-17T19:00:00.000Z,GR,Greece,GR,263.0,343.0,,33.0,,False,
2025-06-17T20:00:00.000Z,GR,Greece,GR,280.0,366.0,,28.0,,False,
2025-06-17T21:00:00.000Z,GR,Greece,GR,299.0,392.0,,23.0,,False,
2025-06-17T22:00:00.000Z,GR,Greece,GR,310.0,408.0,,20.0,,False,
2025-06-17T23:00:00.000Z,GR,Greece,GR,309.0,407.0,,20.0,,False,
2025-06-18T00:00:00.000Z,GR,Greece,GR,300.0,395.0,,23.0,,False,
2025-06-18T01:00:00.000Z,GR,Greece,GR,294.0,388.0,,24.0,,False,
2025-06-18T02:00:00.000Z,GR,Greece,GR,289.0,381.0,,25.0,,False,
2025-06-18T03:00:00.000Z,GR,Greece,GR,275.0,362.0,,29.0,,False,
2025-06-18T04:00:00.000Z,GR,Greece,GR,242.0,321.0,,38.0,,False,
2025-06-18T05:00:00.000Z,GR,Greece,GR,185.0,251.0,,53.0,,False,
2025-06-18T06:00:00.000Z,GR,Greece,GR,128.0,181.0,,67.0,,False,
2025-06-18T07:00:00.000Z,GR,Greece,GR,79.0,120.0,,80.0,,False,
2025-06-18T08:00:00.000Z,GR,Greece,GR,59.0,96.0,,85.0,,False,
2025-06-18T09:00:00.000Z,GR,Greece,GR,77.0,117.0,,79.0,,False,
2025-06-18T10:00:00.000Z,GR,Greece,GR,80.0,119.0,,79.0,,False,
2025-06-18T11:00:00.000Z,GR,Greece,GR,83.0,123.0,,78.0,,False,
2025-06-18T12:00:00.000Z,GR,Greece,GR,86.0,126.0,,77.0,,False,
2025-06-18T13:00:00.000Z,GR,Greece,GR,90.0,132.0,,76.0,,False,
2025-06-18T14:00:00.000Z,GR,Greece,GR,135.0,188.0,,65.0,,False,
2025-06-18T15:00:00.000Z,GR,Greece,GR,183.0,245.0,,53.0,,False,
2025-06-18T16:00:00.000Z,GR,Greece,GR,215.0,284.0,,45.0,,False,
2025-06-18T17:00:00.000Z,GR,Greece,GR,239.0,312.0,,39.0,,False,
2025-06-18T18:00:00.000Z,GR,Greece,GR,244.0,317.0,,38.0,,False,
2025-06-18T19:00:00.000Z,GR,Greece,GR,246.0,320.0,,37.0,,False,
2025-06-18T20:00:00.000Z,GR,Greece,GR,272.0,357.0,,30.0,,False,
2025-06-18T21:00:00.000Z,GR,Greece,GR,265.0,350.0,,32.0,,False,
2025-06-18T22:00:00.000Z,GR,Greece,GR,264.0,349.0,,32.0,,False,
2025-06-18T23:00:00.000Z,GR,Greece,GR,259.0,343.0,,33.0,,False,
2025-06-19T00:00:00.000Z,GR,Greece,GR,259.0,343.0,,33.0,,False,
2025-06-19T01:00:00.000Z,GR,Greece,GR,259.0,343.0,,33.0,,False,
2025-06-19T02:00:00.000Z,GR,Greece,GR,250.0,332.0,,35.0,,False,
2025-06-19T03:00:00.000Z,GR,Greece,GR,242.0,320.0,,38.0,,False,
2025-06-19T04:00:00.000Z,GR,Greece,GR,206.0,275.0,,47.0,,False,
2025-06-19T05:00:00.000Z,GR,Greece,GR,155.0,213.0,,60.0,,False,
2025-06-19T06:00:00.000Z,GR,Greece,GR,119.0,170.0,,69.0,,False,
2025-06-19T07:00:00.000Z,GR,Greece,GR,79.0,121.0,,79.0,,False,
2025-06-19T08:00:00.000Z,GR,Greece,GR,55.0,91.0,,86.0,,False,
2025-06-19T09:00:00.000Z,GR,Greece,GR,83.0,124.0,,78.0,,False,
2025-06-19T10:00:00.000Z,GR,Greece,GR,76.0,116.0,,80.0,,False,
2025-06-19T11:00:00.000Z,GR,Greece,GR,80.0,121.0,,79.0,,False,
2025-06-19T12:00:00.000Z,GR,Greece,GR,83.0,125.0,,78.0,,False,
2025-06-19T13:00:00.000Z,GR,Greece,GR,106.0,154.0,,72.0,,False,
2025-06-19T14:00:00.000Z,GR,Greece,GR,168.0,229.0,,57.0,,False,
2025-06-19T15:00:00.000Z,GR,Greece,GR,224.0,297.0,,42.0,,False,
2025-06-19T16:00:00.000Z,GR,Greece,GR,255.0,335.0,,35.0,,False,
2025-06-19T17:00:00.000Z,GR,Greece,GR,274.0,356.0,,30.0,,False,
2025-06-19T18:00:00.000Z,GR,Greece,GR,278.0,360.0,,29.0,,False,
2025-06-19T19:00:00.000Z,GR,Greece,GR,277.0,360.0,,29.0,,False,
2025-06-19T20:00:00.000Z,GR,Greece,GR,295.0,387.0,,24.0,,False,
2025-06-19T21:00:00.000Z,GR,Greece,GR,320.0,420.0,,17.0,,False,
2025-06-19T22:00:00.000Z,GR,Greece,GR,343.0,444.0,,12.0,,False,
2025-06-19T23:00:00.000Z,GR,Greece,GR,344.0,445.0,,12.0,,False,
2025-06-20T00:00:00.000Z,GR,Greece,GR,344.0,442.0,,13.0,,False,
2025-06-20T01:00:00.000Z,GR,Greece,GR,341.0,438.0,,13.0,,False,
2025-06-20T02:00:00.000Z,GR,Greece,GR,327.0,421.0,,16.0,,False,
2025-06-20T03:00:00.000Z,GR,Greece,GR,303.0,392.0,,22.0,,False,
2025-06-20T04:00:00.000Z,GR,Greece,GR,264.0,344.0,,33.0,,False,
2025-06-20T05:00:00.000Z,GR,Greece,GR,219.0,290.0,,44.0,,False,
2025-06-20T06:00:00.000Z,GR,Greece,GR,176.0,239.0,,55.0,,False,
2025-06-20T07:00:00.000Z,GR,Greece,GR,112.0,160.0,,71.0,,False,
2025-06-20T08:00:00.000Z,GR,Greece,GR,79.0,120.0,,79.0,,False,
2025-06-20T09:00:00.000Z,GR,Greece,GR,80.0,119.0,,79.0,,False,
2025-06-20T10:00:00.000Z,GR,Greece,GR,90.0,130.0,,77.0,,False,
2025-06-20T11:00:00.000Z,GR,Greece,GR,125.0,171.0,,69.0,,False,
2025-06-20T12:00:00.000Z,GR,Greece,GR,128.0,174.0,,68.0,,False,
2025-06-20T13:00:00.000Z,GR,Greece,GR,154.0,206.0,,62.0,,False,
2025-06-20T14:00:00.000Z,GR,Greece,GR,179.0,238.0,,55.0,,False,
2025-06-20T15:00:00.000Z,GR,Greece,GR,221.0,287.0,,45.0,,False,
2025-06-20T16:00:00.000Z,GR,Greece,GR,234.0,303.0,,41.0,,False,
2025-06-20T17:00:00.000Z,GR,Greece,GR,227.0,295.0,,42.0,,False,
2025-06-20T18:00:00.000Z,GR,Greece,GR,245.0,320.0,,37.0,,False,
2025-06-20T19:00:00.000Z,GR,Greece,GR,255.0,333.0,,35.0,,False,
2025-06-20T20:00:00.000Z,GR,Greece,GR,277.0,364.0,,29.0,,False,
2025-06-20T21:00:00.000Z,GR,Greece,GR,301.0,393.0,,23.0,,False,
2025-06-20T22:00:00.000Z,GR,Greece,GR,303.0,393.0,,24.0,,False,
2025-06-20T23:00:00.000Z,GR,Greece,GR,302.0,392.0,,24.0,,False,
2025-06-21T00:00:00.000Z,GR,Greece,GR,301.0,391.0,,24.0,,False,
2025-06-21T01:00:00.000Z,GR,Greece,GR,285.0,375.0,,27.0,,False,
2025-06-21T02:00:00.000Z,GR,Greece,GR,273.0,360.0,,30.0,,False,
2025-06-21T03:00:00.000Z,GR,Greece,GR,248.0,329.0,,36.0,,False,
2025-06-21T04:00:00.000Z,GR,Greece,GR,200.0,270.0,,48.0,,False,
2025-06-21T05:00:00.000Z,GR,Greece,GR,142.0,198.0,,63.0,,False,
2025-06-21T06:00:00.000Z,GR,Greece,GR,91.0,134.0,,77.0,,False,
2025-06-21T07:00:00.000Z,GR,Greece,GR,71.0,108.0,,81.0,,False,
2025-06-21T08:00:00.000Z,GR,Greece,GR,90.0,128.0,,77.0,,False,
2025-06-21T09:00:00.000Z,GR,Greece,GR,89.0,127.0,,78.0,,False,
2025-06-21T10:00:00.000Z,GR,Greece,GR,90.0,128.0,,78.0,,False,
2025-06-21T11:00:00.000Z,GR,Greece,GR,92.0,130.0,,78.0,,False,
2025-06-21T12:00:00.000Z,GR,Greece,GR,100.0,140.0,,76.0,,False,
2025-06-21T13:00:00.000Z,GR,Greece,GR,104.0,144.0,,75.0,,False,
2025-06-21T14:00:00.000Z,GR,Greece,GR,117.0,161.0,,71.0,,False,
2025-06-21T15:00:00.000Z,GR,Greece,GR,174.0,228.0,,57.0,,False,
2025-06-21T16:00:00.000Z,GR,Greece,GR,239.0,310.0,,39.0,,False,
2025-06-21T17:00:00.000Z,GR,Greece,GR,245.0,319.0,,37.0,,False,
2025-06-21T18:00:00.000Z,GR,Greece,GR,244.0,317.0,,38.0,,False,
2025-06-21T19:00:00.000Z,GR,Greece,GR,235.0,306.0,,40.0,,False,
2025-06-21T20:00:00.000Z,GR,Greece,GR,242.0,314.0,,38.0,,False,
2025-06-21T21:00:00.000Z,GR,Greece,GR,239.0,313.0,,39.0,,False,
2025-06-21T22:00:00.000Z,GR,Greece,GR,249.0,330.0,,36.0,,False,
2025-06-21T23:00:00.000Z,GR,Greece,GR,244.0,323.0,,37.0,,False,
2025-06-22T00:00:00.000Z,GR,Greece,GR,239.0,318.0,,38.0,,False,
2025-06-22T01:00:00.000Z,GR,Greece,GR,237.0,315.0,,39.0,,False,
2025-06-22T02:00:00.000Z,GR,Greece,GR,227.0,302.0,,41.0,,False,
2025-06-22T03:00:00.000Z,GR,Greece,GR,197.0,264.0,,49.0,,False,
2025-06-22T04:00:00.000Z,GR,Greece,GR,125.0,171.0,,69.0,,False,
2025-06-22T05:00:00.000Z,GR,Greece,GR,86.0,127.0,,78.0,,False,
2025-06-22T06:00:00.000Z,GR,Greece,GR,85.0,123.0,,79.0,,False,
2025-06-22T07:00:00.000Z,GR,Greece,GR,102.0,143.0,,75.0,,False,
2025-06-22T08:00:00.000Z,GR,Greece,GR,108.0,148.0,,74.0,,False,
2025-06-22T09:00:00.000Z,GR,Greece,GR,116.0,158.0,,72.0,,False,
2025-06-22T10:00:00.000Z,GR,Greece,GR,117.0,160.0,,72.0,,False,
2025-06-22T11:00:00.000Z,GR,Greece,GR,119.0,162.0,,71.0,,False,
2025-06-22T12:00:00.000Z,GR,Greece,GR,118.0,161.0,,72.0,,False,
2025-06-22T13:00:00.000Z,GR,Greece,GR,112.0,154.0,,72.0,,False,
2025-06-22T14:00:00.000Z,GR,Greece,GR,95.0,135.0,,76.0,,False,
2025-06-22T15:00:00.000Z,GR,Greece,GR,106.0,150.0,,72.0,,False,
2025-06-22T16:00:00.000Z,GR,Greece,GR,185.0,241.0,,53.0,,False,
2025-06-22T17:00:00.000Z,GR,Greece,GR,220.0,285.0,,44.0,,False,
2025-06-22T18:00:00.000Z,GR,Greece,GR,228.0,295.0,,42.0,,False,
2025-06-22T19:00:00.000Z,GR,Greece,GR,239.0,309.0,,39.0,,False,
2025-06-22T20:00:00.000Z,GR,Greece,GR,257.0,331.0,,34.0,,False,
2025-06-22T21:00:00.000Z,GR,Greece,GR,268.0,348.0,,32.0,,False,
2025-06-22T22:00:00.000Z,GR,Greece,GR,269.0,353.0,,31.0,,False,
2025-06-22T23:00:00.000Z,GR,Greece,GR,271.0,353.0,,31.0,,False,
2025-06-23T00:00:00.000Z,GR,Greece,GR,276.0,357.0,,30.0,,False,
2025-06-23T01:00:00.000Z,GR,Greece,GR,276.0,357.0,,30.0,,False,
2025-06-23T02:00:00.000Z,GR,Greece,GR,277.0,359.0,,30.0,,False,
2025-06-23T03:00:00.000Z,GR,Greece,GR,278.0,366.0,,28.0,,False,
2025-06-23T04:00:00.000Z,GR,Greece,GR,244.0,324.0,,37.0,,False,
2025-06-23T05:00:00.000Z,GR,Greece,GR,174.0,238.0,,55.0,,False,
2025-06-23T06:00:00.000Z,GR,Greece,GR,112.0,162.0,,71.0,,False,
2025-06-23T07:00:00.000Z,GR,Greece,GR,75.0,116.0,,81.0,,False,
2025-06-23T08:00:00.000Z,GR,Greece,GR,64.0,103.0,,83.0,,False,
2025-06-23T09:00:00.000Z,GR,Greece,GR,60.0,97.0,,84.0,,False,
2025-06-23T10:00:00.000Z,GR,Greece,GR,61.0,99.0,,84.0,,False,
2025-06-23T11:00:00.000Z,GR,Greece,GR,63.0,101.0,,83.0,,False,
2025-06-23T12:00:00.000Z,GR,Greece,GR,63.0,101.0,,83.0,,False,
2025-06-23T13:00:00.000Z,GR,Greece,GR,81.0,125.0,,79.0,,False,
2025-06-23T14:00:00.000Z,GR,Greece,GR,146.0,205.0,,62.0,,False,
2025-06-23T15:00:00.000Z,GR,Greece,GR,203.0,275.0,,48.0,,False,
2025-06-23T16:00:00.000Z,GR,Greece,GR,252.0,328.0,,36.0,,False,
2025-06-23T17:00:00.000Z,GR,Greece,GR,264.0,343.0,,32.0,,False,
2025-06-23T18:00:00.000Z,GR,Greece,GR,273.0,353.0,,30.0,,False,
2025-06-23T19:00:00.000Z,GR,Greece,GR,286.0,370.0,,27.0,,False,
2025-06-23T20:00:00.000Z,GR,Greece,GR,301.0,390.0,,23.0,,False,
2025-06-23T21:00:00.000Z,GR,Greece,GR,337.0,438.0,,14.0,,False,
2025-06-23T22:00:00.000Z,GR,Greece,GR,335.0,438.0,,14.0,,False,
2025-06-23T23:00:00.000Z,GR,Greece,GR,334.0,432.0,,15.0,,False,
2025-06-24T00:00:00.000Z,GR,Greece,GR,327.0,424.0,,17.0,,False,
2025-06-24T01:00:00.000Z,GR,Greece,GR,306.0,396.0,,22.0,,False,
2025-06-24T02:00:00.000Z,GR,Greece,GR,301.0,391.0,,24.0,,False,
2025-06-24T03:00:00.000Z,GR,Greece,GR,286.0,373.0,,27.0,,False,
2025-06-24T04:00:00.000Z,GR,Greece,GR,254.0,334.0,,35.0,,False,
2025-06-24T05:00:00.000Z,GR,Greece,GR,192.0,258.0,,51.0,,False,
2025-06-24T06:00:00.000Z,GR,Greece,GR,133.0,188.0,,66.0,,False,
2025-06-24T07:00:00.000Z,GR,Greece,GR,97.0,143.0,,75.0,,False,
2025-06-24T08:00:00.000Z,GR,Greece,GR,61.0,99.0,,84.0,,False,
2025-06-24T09:00:00.000Z,GR,Greece,GR,59.0,96.0,,85.0,,False,
2025-06-24T10:00:00.000Z,GR,Greece,GR,61.0,98.0,,84.0,,False,
2025-06-24T11:00:00.000Z,GR,Greece,GR,62.0,100.0,,84.0,,False,
2025-06-24T12:00:00.000Z,GR,Greece,GR,69.0,108.0,,82.0,,False,
2025-06-24T13:00:00.000Z,GR,Greece,GR,95.0,141.0,,75.0,,False,
2025-06-24T14:00:00.000Z,GR,Greece,GR,140.0,194.0,,64.0,,False,
2025-06-24T15:00:00.000Z,GR,Greece,GR,209.0,279.0,,47.0,,False,
2025-06-24T16:00:00.000Z,GR,Greece,GR,254.0,332.0,,35.0,,False,
2025-06-24T17:00:00.000Z,GR,Greece,GR,262.0,340.0,,33.0,,False,
2025-06-24T18:00:00.000Z,GR,Greece,GR,272.0,352.0,,30.0,,False,
2025-06-24T19:00:00.000Z,GR,Greece,GR,285.0,369.0,,27.0,,False,
2025-06-24T20:00:00.000Z,GR,Greece,GR,312.0,405.0,,20.0,,False,
2025-06-24T21:00:00.000Z,GR,Greece,GR,342.0,443.0,,13.0,,False,
2025-06-24T22:00:00.000Z,GR,Greece,GR,345.0,450.0,,11.0,,False,
2025-06-24T23:00:00.000Z,GR,Greece,GR,342.0,442.0,,13.0,,False,
2025-06-25T00:00:00.000Z,GR,Greece,GR,345.0,447.0,,12.0,,False,
2025-06-25T01:00:00.000Z,GR,Greece,GR,332.0,431.0,,15.0,,False,
2025-06-25T02:00:00.000Z,GR,Greece,GR,318.0,412.0,,19.0,,False,
2025-06-25T03:00:00.000Z,GR,Greece,GR,292.0,381.0,,25.0,,False,
2025-06-25T04:00:00.000Z,GR,Greece,GR,255.0,336.0,,35.0,,False,
2025-06-25T05:00:00.000Z,GR,Greece,GR,198.0,269.0,,49.0,,False,
2025-06-25T06:00:00.000Z,GR,Greece,GR,144.0,202.0,,63.0,,False,
2025-06-25T07:00:00.000Z,GR,Greece,GR,100.0,146.0,,75.0,,False,
2025-06-25T08:00:00.000Z,GR,Greece,GR,71.0,111.0,,81.0,,False,
2025-06-25T09:00:00.000Z,GR,Greece,GR,60.0,98.0,,84.0,,False,
2025-06-25T10:00:00.000Z,GR,Greece,GR,62.0,100.0,,84.0,,False,
2025-06-25T11:00:00.000Z,GR,Greece,GR,64.0,103.0,,83.0,,False,
2025-06-25T12:00:00.000Z,GR,Greece,GR,69.0,109.0,,82.0,,False,
2025-06-25T13:00:00.000Z,GR,Greece,GR,96.0,142.0,,75.0,,False,
2025-06-25T14:00:00.000Z,GR,Greece,GR,154.0,211.0,,62.0,,False,
2025-06-25T15:00:00.000Z,GR,Greece,GR,211.0,275.0,,50.0,,False,
2025-06-25T16:00:00.000Z,GR,Greece,GR,256.0,329.0,,39.0,,False,
2025-06-25T17:00:00.000Z,GR,Greece,GR,267.0,341.0,,36.0,,False,
2025-06-25T18:00:00.000Z,GR,Greece,GR,280.0,356.0,,33.0,,False,
2025-06-25T19:00:00.000Z,GR,Greece,GR,287.0,366.0,,32.0,,False,
2025-06-25T20:00:00.000Z,GR,Greece,GR,310.0,398.0,,26.0,,False,
2025-06-25T21:00:00.000Z,GR,Greece,GR,338.0,435.0,,18.0,,False,
2025-06-25T22:00:00.000Z,GR,Greece,GR,342.0,439.0,,18.0,,False,
2025-06-25T23:00:00.000Z,GR,Greece,GR,338.0,430.0,,20.0,,False,
2025-06-26T00:00:00.000Z,GR,Greece,GR,348.0,441.0,,18.0,,False,
2025-06-26T01:00:00.000Z,GR,Greece,GR,346.0,440.0,,18.0,,False,
2025-06-26T02:00:00.000Z,GR,Greece,GR,339.0,432.0,,20.0,,False,
2025-06-26T03:00:00.000Z,GR,Greece,GR,323.0,413.0,,24.0,,False,
2025-06-26T04:00:00.000Z,GR,Greece,GR,283.0,367.0,,32.0,,False,
2025-06-26T05:00:00.000Z,GR,Greece,GR,235.0,308.0,,44.0,,False,
2025-06-26T06:00:00.000Z,GR,Greece,GR,185.0,247.0,,56.0,,False,
2025-06-26T07:00:00.000Z,GR,Greece,GR,135.0,185.0,,69.0,,False,
2025-06-26T08:00:00.000Z,GR,Greece,GR,111.0,156.0,,75.0,,False,
2025-06-26T09:00:00.000Z,GR,Greece,GR,102.0,145.0,,77.0,,False,
2025-06-26T10:00:00.000Z,GR,Greece,GR,106.0,149.0,,76.0,,False,
2025-06-26T11:00:00.000Z,GR,Greece,GR,110.0,155.0,,75.0,,False,
2025-06-26T12:00:00.000Z,GR,Greece,GR,120.0,167.0,,73.0,,False,
2025-06-26T13:00:00.000Z,GR,Greece,GR,151.0,204.0,,65.0,,False,
2025-06-26T14:00:00.000Z,GR,Greece,GR,178.0,237.0,,58.0,,False,
2025-06-26T15:00:00.000Z,GR,Greece,GR,217.0,284.0,,49.0,,False,
2025-06-26T16:00:00.000Z,GR,Greece,GR,253.0,324.0,,41.0,,False,
2025-06-26T17:00:00.000Z,GR,Greece,GR,279.0,355.0,,34.0,,False,
2025-06-26T18:00:00.000Z,GR,Greece,GR,286.0,365.0,,32.0,,False,
2025-06-26T19:00:00.000Z,GR,Greece,GR,296.0,377.0,,30.0,,False,
2025-06-26T20:00:00.000Z,GR,Greece,GR,320.0,408.0,,25.0,,False,
2025-06-26T21:00:00.000Z,GR,Greece,GR,327.0,418.0,,23.0,,False,
2025-06-26T22:00:00.000Z,GR,Greece,GR,327.0,420.0,,22.0,,False,
2025-06-26T23:00:00.000Z,GR,Greece,GR,321.0,411.0,,24.0,,False,
2025-06-27T00:00:00.000Z,GR,Greece,GR,331.0,421.0,,23.0,,False,
2025-06-27T01:00:00.000Z,GR,Greece,GR,332.0,420.0,,24.0,,False,
2025-06-27T02:00:00.000Z,GR,Greece,GR,326.0,413.0,,25.0,,False,
2025-06-27T03:00:00.000Z,GR,Greece,GR,314.0,399.0,,28.0,,False,
2025-06-27T04:00:00.000Z,GR,Greece,GR,269.0,345.0,,38.0,,False,
2025-06-27T05:00:00.000Z,GR,Greece,GR,230.0,299.0,,47.0,,False,
2025-06-27T06:00:00.000Z,GR,Greece,GR,192.0,254.0,,56.0,,False,
2025-06-27T07:00:00.000Z,GR,Greece,GR,154.0,206.0,,66.0,,False,
2025-06-27T08:00:00.000Z,GR,Greece,GR,129.0,175.0,,72.0,,False,
2025-06-27T09:00:00.000Z,GR,Greece,GR,128.0,173.0,,73.0,,False,
2025-06-27T10:00:00.000Z,GR,Greece,GR,117.0,160.0,,75.0,,False,
2025-06-27T11:00:00.000Z,GR,Greece,GR,120.0,164.0,,74.0,,False,
2025-06-27T12:00:00.000Z,GR,Greece,GR,126.0,170.0,,73.0,,False,
2025-06-27T13:00:00.000Z,GR,Greece,GR,156.0,208.0,,65.0,,False,
2025-06-27T14:00:00.000Z,GR,Greece,GR,198.0,258.0,,55.0,,False,
2025-06-27T15:00:00.000Z,GR,Greece,GR,252.0,327.0,,41.0,,False,
2025-06-27T16:00:00.000Z,GR,Greece,GR,287.0,365.0,,33.0,,False,
2025-06-27T17:00:00.000Z,GR,Greece,GR,288.0,365.0,,33.0,,False,
2025-06-27T18:00:00.000Z,GR,Greece,GR,287.0,363.0,,33.0,,False,
2025-06-27T19:00:00.000Z,GR,Greece,GR,299.0,380.0,,30.0,,False,
2025-06-27T20:00:00.000Z,GR,Greece,GR,315.0,402.0,,26.0,,False,
2025-06-27T21:00:00.000Z,GR,Greece,GR,322.0,411.0,,25.0,,False,
2025-06-27T22:00:00.000Z,GR,Greece,GR,283.0,356.0,,35.0,,False,
2025-06-27T23:00:00.000Z,GR,Greece,GR,258.0,330.0,,37.0,,False,
2025-06-28T00:00:00.000Z,GR,Greece,GR,275.0,348.0,,34.0,,False,
2025-06-28T01:00:00.000Z,GR,Greece,GR,274.0,349.0,,33.0,,False,
2025-06-28T02:00:00.000Z,GR,Greece,GR,245.0,311.0,,41.0,,False,
2025-06-28T03:00:00.000Z,GR,Greece,GR,210.0,266.0,,50.0,,False,
2025-06-28T04:00:00.000Z,GR,Greece,GR,173.0,224.0,,59.0,,False,
2025-06-28T05:00:00.000Z,GR,Greece,GR,125.0,170.0,,69.0,,False,
2025-06-28T06:00:00.000Z,GR,Greece,GR,81.0,119.0,,79.0,,False,
2025-06-28T07:00:00.000Z,GR,Greece,GR,75.0,110.0,,82.0,,False,
2025-06-28T08:00:00.000Z,GR,Greece,GR,97.0,134.0,,78.0,,False,
2025-06-28T09:00:00.000Z,GR,Greece,GR,106.0,145.0,,76.0,,False,
2025-06-28T10:00:00.000Z,GR,Greece,GR,107.0,146.0,,75.0,,False,
2025-06-28T11:00:00.000Z,GR,Greece,GR,108.0,147.0,,75.0,,False,
2025-06-28T12:00:00.000Z,GR,Greece,GR,109.0,148.0,,75.0,,False,
2025-06-28T13:00:00.000Z,GR,Greece,GR,105.0,143.0,,76.0,,False,
2025-06-28T14:00:00.000Z,GR,Greece,GR,104.0,143.0,,75.0,,False,
2025-06-28T15:00:00.000Z,GR,Greece,GR,160.0,208.0,,61.0,,False,
2025-06-28T16:00:00.000Z,GR,Greece,GR,184.0,240.0,,54.0,,False,
2025-06-28T17:00:00.000Z,GR,Greece,GR,196.0,253.0,,51.0,,False,
2025-06-28T18:00:00.000Z,GR,Greece,GR,188.0,241.0,,53.0,,False,
2025-06-28T19:00:00.000Z,GR,Greece,GR,194.0,252.0,,51.0,,False,
2025-06-28T20:00:00.000Z,GR,Greece,GR,203.0,261.0,,49.0,,False,
2025-06-28T21:00:00.000Z,GR,Greece,GR,224.0,290.0,,43.0,,False,
2025-06-28T22:00:00.000Z,GR,Greece,GR,219.0,290.0,,44.0,,False,
2025-06-28T23:00:00.000Z,GR,Greece,GR,211.0,280.0,,46.0,,False,
2025-06-29T00:00:00.000Z,GR,Greece,GR,195.0,256.0,,51.0,,False,
2025-06-29T01:00:00.000Z,GR,Greece,GR,178.0,235.0,,55.0,,False,
2025-06-29T02:00:00.000Z,GR,Greece,GR,156.0,207.0,,60.0,,False,
2025-06-29T03:00:00.000Z,GR,Greece,GR,129.0,173.0,,67.0,,False,
2025-06-29T04:00:00.000Z,GR,Greece,GR,117.0,159.0,,70.0,,False,
2025-06-29T05:00:00.000Z,GR,Greece,GR,89.0,126.0,,78.0,,False,
2025-06-29T06:00:00.000Z,GR,Greece,GR,57.0,90.0,,85.0,,False,
2025-06-29T07:00:00.000Z,GR,Greece,GR,61.0,95.0,,84.0,,False,
2025-06-29T08:00:00.000Z,GR,Greece,GR,114.0,154.0,,73.0,,False,
2025-06-29T09:00:00.000Z,GR,Greece,GR,128.0,169.0,,70.0,,False,
2025-06-29T10:00:00.000Z,GR,Greece,GR,127.0,167.0,,71.0,,False,
2025-06-29T11:00:00.000Z,GR,Greece,GR,126.0,165.0,,71.0,,False,
2025-06-29T12:00:00.000Z,GR,Greece,GR,134.0,175.0,,69.0,,False,
2025-06-29T13:00:00.000Z,GR,Greece,GR,130.0,172.0,,69.0,,False,
2025-06-29T14:00:00.000Z,GR,Greece,GR,105.0,146.0,,74.0,,False,
2025-06-29T15:00:00.000Z,GR,Greece,GR,119.0,166.0,,69.0,,False,
2025-06-29T16:00:00.000Z,GR,Greece,GR,171.0,225.0,,57.0,,False,
2025-06-29T17:00:00.000Z,GR,Greece,GR,203.0,265.0,,48.0,,False,
2025-06-29T18:00:00.000Z,GR,Greece,GR,203.0,264.0,,48.0,,False,
2025-06-29T19:00:00.000Z,GR,Greece,GR,204.0,266.0,,48.0,,False,
2025-06-29T20:00:00.000Z,GR,Greece,GR,205.0,267.0,,48.0,,False,
2025-06-29T21:00:00.000Z,GR,Greece,GR,207.0,275.0,,47.0,,False,
2025-06-29T22:00:00.000Z,GR,Greece,GR,220.0,293.0,,43.0,,False,
2025-06-29T23:00:00.000Z,GR,Greece,GR,215.0,287.0,,44.0,,False,
2025-06-30T00:00:00.000Z,GR,Greece,GR,206.0,275.0,,47.0,,False,
2025-06-30T01:00:00.000Z,GR,Greece,GR,206.0,276.0,,47.0,,False,
2025-06-30T02:00:00.000Z,GR,Greece,GR,212.0,283.0,,45.0,,False,
2025-06-30T03:00:00.000Z,GR,Greece,GR,208.0,278.0,,46.0,,False,
2025-06-30T04:00:00.000Z,GR,Greece,GR,193.0,260.0,,50.0,,False,
2025-06-30T05:00:00.000Z,GR,Greece,GR,136.0,190.0,,65.0,,False,
2025-06-30T06:00:00.000Z,GR,Greece,GR,93.0,138.0,,76.0,,False,
2025-06-30T07:00:00.000Z,GR,Greece,GR,60.0,97.0,,84.0,,False,
2025-06-30T08:00:00.000Z,GR,Greece,GR,49.0,83.0,,87.0,,False,
2025-06-30T09:00:00.000Z,GR,Greece,GR,53.0,87.0,,87.0,,False,
2025-06-30T10:00:00.000Z,GR,Greece,GR,49.0,83.0,,87.0,,False,
2025-06-30T11:00:00.000Z,GR,Greece,GR,53.0,89.0,,86.0,,False,
2025-06-30T12:00:00.000Z,GR,Greece,GR,61.0,98.0,,84.0,,False,
2025-06-30T13:00:00.000Z,GR,Greece,GR,87.0,130.0,,78.0,,False,
2025-06-30T14:00:00.000Z,GR,Greece,GR,147.0,199.0,,66.0,,False,
2025-06-30T15:00:00.000Z,GR,Greece,GR,203.0,264.0,,52.0,,False,
2025-06-30T16:00:00.000Z,GR,Greece,GR,239.0,307.0,,43.0,,False,
2025-06-30T17:00:00.000Z,GR,Greece,GR,262.0,332.0,,39.0,,False,
2025-06-30T18:00:00.000Z,GR,Greece,GR,269.0,340.0,,37.0,,False,
2025-06-30T19:00:00.000Z,GR,Greece,GR,275.0,348.0,,35.0,,False,
2025-06-30T20:00:00.000Z,GR,Greece,GR,302.0,383.0,,29.0,,False,
2025-06-30T21:00:00.000Z,GR,Greece,GR,311.0,399.0,,26.0,,False,
2025-06-30T22:00:00.000Z,GR,Greece,GR,323.0,416.0,,22.0,,False,
2025-06-30T23:00:00.000Z,GR,Greece,GR,325.0,415.0,,22.0,,False,
2025-07-01T00:00:00.000Z,GR,Greece,GR,330.0,415.0,,23.0,,False,
2025-07-01T01:00:00.000Z,GR,Greece,GR,326.0,411.0,,23.0,,False,
2025-07-01T02:00:00.000Z,GR,Greece,GR,324.0,410.0,,24.0,,False,
2025-07-01T03:00:00.000Z,GR,Greece,GR,316.0,403.0,,25.0,,False,
2025-07-01T04:00:00.000Z,GR,Greece,GR,281.0,358.0,,35.0,,False,
2025-07-01T05:00:00.000Z,GR,Greece,GR,232.0,301.0,,46.0,,False,
2025-07-01T06:00:00.000Z,GR,Greece,GR,182.0,242.0,,58.0,,False,
2025-07-01T07:00:00.000Z,GR,Greece,GR,141.0,191.0,,69.0,,False,
2025-07-01T08:00:00.000Z,GR,Greece,GR,120.0,167.0,,73.0,,False,
2025-07-01T09:00:00.000Z,GR,Greece,GR,113.0,156.0,,75.0,,False,
2025-07-01T10:00:00.000Z,GR,Greece,GR,114.0,157.0,,75.0,,False,
2025-07-01T11:00:00.000Z,GR,Greece,GR,113.0,157.0,,75.0,,False,
2025-07-01T12:00:00.000Z,GR,Greece,GR,116.0,159.0,,74.0,,False,
2025-07-01T13:00:00.000Z,GR,Greece,GR,140.0,188.0,,69.0,,False,
2025-07-01T14:00:00.000Z,GR,Greece,GR,185.0,242.0,,58.0,,False,
2025-07-01T15:00:00.000Z,GR,Greece,GR,238.0,304.0,,46.0,,False,
2025-07-01T16:00:00.000Z,GR,Greece,GR,285.0,363.0,,33.0,,False,
2025-07-01T17:00:00.000Z,GR,Greece,GR,306.0,387.0,,29.0,,False,
2025-07-01T18:00:00.000Z,GR,Greece,GR,320.0,403.0,,26.0,,False,
2025-07-01T19:00:00.000Z,GR,Greece,GR,319.0,403.0,,26.0,,False,
2025-07-01T20:00:00.000Z,GR,Greece,GR,311.0,396.0,,27.0,,False,
2025-07-01T21:00:00.000Z,GR,Greece,GR,309.0,394.0,,27.0,,False,
2025-07-01T22:00:00.000Z,GR,Greece,GR,323.0,412.0,,24.0,,False,
2025-07-01T23:00:00.000Z,GR,Greece,GR,313.0,395.0,,28.0,,False,
2025-07-02T00:00:00.000Z,GR,Greece,GR,310.0,390.0,,29.0,,False,
2025-07-02T01:00:00.000Z,GR,Greece,GR,297.0,375.0,,32.0,,False,
2025-07-02T02:00:00.000Z,GR,Greece,GR,284.0,360.0,,35.0,,False,
2025-07-02T03:00:00.000Z,GR,Greece,GR,274.0,349.0,,37.0,,False,
2025-07-02T04:00:00.000Z,GR,Greece,GR,258.0,328.0,,42.0,,False,
2025-07-02T05:00:00.000Z,GR,Greece,GR,214.0,276.0,,52.0,,False,
2025-07-02T06:00:00.000Z,GR,Greece,GR,162.0,215.0,,64.0,,False,
2025-07-02T07:00:00.000Z,GR,Greece,GR,128.0,173.0,,73.0,,False,
2025-07-02T08:00:00.000Z,GR,Greece,GR,102.0,141.0,,80.0,,False,
2025-07-02T09:00:00.000Z,GR,Greece,GR,91.0,127.0,,82.0,,False,
2025-07-02T10:00:00.000Z,GR,Greece,GR,94.0,130.0,,82.0,,False,
2025-07-02T11:00:00.000Z,GR,Greece,GR,102.0,141.0,,80.0,,False,
2025-07-02T12:00:00.000Z,GR,Greece,GR,117.0,159.0,,76.0,,False,
2025-07-02T13:00:00.000Z,GR,Greece,GR,139.0,187.0,,70.0,,False,
2025-07-02T14:00:00.000Z,GR,Greece,GR,175.0,232.0,,61.0,,False,
2025-07-02T15:00:00.000Z,GR,Greece,GR,223.0,290.0,,49.0,,False,
2025-07-02T16:00:00.000Z,GR,Greece,GR,262.0,333.0,,39.0,,False,
2025-07-02T17:00:00.000Z,GR,Greece,GR,286.0,364.0,,33.0,,False,
2025-07-02T18:00:00.000Z,GR,Greece,GR,294.0,372.0,,31.0,,False,
2025-07-02T19:00:00.000Z,GR,Greece,GR,309.0,389.0,,29.0,,False,
2025-07-02T20:00:00.000Z,GR,Greece,GR,324.0,408.0,,26.0,,False,
2025-07-02T21:00:00.000Z,GR,Greece,GR,332.0,416.0,,26.0,,False,
2025-07-02T22:00:00.000Z,GR,Greece,GR,351.0,434.0,,21.0,,False,
2025-07-02T23:00:00.000Z,GR,Greece,GR,357.0,441.0,,21.0,,False,
2025-07-03T00:00:00.000Z,GR,Greece,GR,356.0,438.0,,21.0,,False,
2025-07-03T01:00:00.000Z,GR,Greece,GR,345.0,426.0,,24.0,,False,
2025-07-03T02:00:00.000Z,GR,Greece,GR,324.0,402.0,,28.0,,False,
2025-07-03T03:00:00.000Z,GR,Greece,GR,305.0,384.0,,32.0,,False,
2025-07-03T04:00:00.000Z,GR,Greece,GR,271.0,345.0,,39.0,,False,
2025-07-03T05:00:00.000Z,GR,Greece,GR,223.0,288.0,,50.0,,False,
2025-07-03T06:00:00.000Z,GR,Greece,GR,156.0,205.0,,68.0,,False,
2025-07-03T07:00:00.000Z,GR,Greece,GR,97.0,137.0,,79.0,,False,
2025-07-03T08:00:00.000Z,GR,Greece,GR,72.0,107.0,,85.0,,False,
2025-07-03T09:00:00.000Z,GR,Greece,GR,81.0,113.0,,86.0,,False,
2025-07-03T10:00:00.000Z,GR,Greece,GR,88.0,121.0,,85.0,,False,
2025-07-03T11:00:00.000Z,GR,Greece,GR,97.0,131.0,,83.0,,False,
2025-07-03T12:00:00.000Z,GR,Greece,GR,103.0,139.0,,81.0,,False,
2025-07-03T13:00:00.000Z,GR,Greece,GR,125.0,167.0,,75.0,,False,
2025-07-03T14:00:00.000Z,GR,Greece,GR,163.0,214.0,,66.0,,False,
2025-07-03T15:00:00.000Z,GR,Greece,GR,211.0,272.0,,53.0,,False,
2025-07-03T16:00:00.000Z,GR,Greece,GR,252.0,322.0,,42.0,,False,
2025-07-03T17:00:00.000Z,GR,Greece,GR,272.0,344.0,,37.0,,False,
2025-07-03T18:00:00.000Z,GR,Greece,GR,279.0,353.0,,36.0,,False,
2025-07-03T19:00:00.000Z,GR,Greece,GR,291.0,366.0,,34.0,,False,
2025-07-03T20:00:00.000Z,GR,Greece,GR,303.0,381.0,,32.0,,False,
2025-07-03T21:00:00.000Z,GR,Greece,GR,302.0,384.0,,31.0,,False,
2025-07-03T22:00:00.000Z,GR,Greece,GR,314.0,399.0,,28.0,,False,
2025-07-03T23:00:00.000Z,GR,Greece,GR,314.0,399.0,,28.0,,False,
2025-07-04T00:00:00.000Z,GR,Greece,GR,315.0,400.0,,28.0,,False,
2025-07-04T01:00:00.000Z,GR,Greece,GR,307.0,390.0,,30.0,,False,
2025-07-04T02:00:00.000Z,GR,Greece,GR,301.0,382.0,,32.0,,False,
2025-07-04T03:00:00.000Z,GR,Greece,GR,293.0,371.0,,34.0,,False,
2025-07-04T04:00:00.000Z,GR,Greece,GR,263.0,335.0,,41.0,,False,
2025-07-04T05:00:00.000Z,GR,Greece,GR,207.0,267.0,,55.0,,False,
2025-07-04T06:00:00.000Z,GR,Greece,GR,142.0,188.0,,71.0,,False,
2025-07-04T07:00:00.000Z,GR,Greece,GR,88.0,125.0,,81.0,,False,
2025-07-04T08:00:00.000Z,GR,Greece,GR,66.0,99.0,,87.0,,False,
2025-07-04T09:00:00.000Z,GR,Greece,GR,58.0,90.0,,89.0,,False,
2025-07-04T10:00:00.000Z,GR,Greece,GR,57.0,88.0,,89.0,,False,
2025-07-04T11:00:00.000Z,GR,Greece,GR,62.0,95.0,,87.0,,False,
2025-07-04T12:00:00.000Z,GR,Greece,GR,66.0,99.0,,87.0,,False,
2025-07-04T13:00:00.000Z,GR,Greece,GR,95.0,133.0,,81.0,,False,
2025-07-04T14:00:00.000Z,GR,Greece,GR,153.0,201.0,,68.0,,False,
2025-07-04T15:00:00.000Z,GR,Greece,GR,212.0,274.0,,53.0,,False,
2025-07-04T16:00:00.000Z,GR,Greece,GR,263.0,334.0,,40.0,,False,
2025-07-04T17:00:00.000Z,GR,Greece,GR,290.0,361.0,,36.0,,False,
2025-07-04T18:00:00.000Z,GR,Greece,GR,290.0,361.0,,36.0,,False,
2025-07-04T19:00:00.000Z,GR,Greece,GR,298.0,370.0,,34.0,,False,
2025-07-04T20:00:00.000Z,GR,Greece,GR,308.0,383.0,,31.0,,False,
2025-07-04T21:00:00.000Z,GR,Greece,GR,307.0,386.0,,30.0,,False,
2025-07-04T22:00:00.000Z,GR,Greece,GR,310.0,396.0,,27.0,,False,
2025-07-04T23:00:00.000Z,GR,Greece,GR,294.0,380.0,,29.0,,False,
2025-07-05T00:00:00.000Z,GR,Greece,GR,284.0,364.0,,33.0,,False,
2025-07-05T01:00:00.000Z,GR,Greece,GR,267.0,339.0,,38.0,,False,
2025-07-05T02:00:00.000Z,GR,Greece,GR,260.0,330.0,,40.0,,False,
2025-07-05T03:00:00.000Z,GR,Greece,GR,242.0,307.0,,44.0,,False,
2025-07-05T04:00:00.000Z,GR,Greece,GR,199.0,255.0,,55.0,,False,
2025-07-05T05:00:00.000Z,GR,Greece,GR,134.0,176.0,,70.0,,False,
2025-07-05T06:00:00.000Z,GR,Greece,GR,77.0,109.0,,84.0,,False,
2025-07-05T07:00:00.000Z,GR,Greece,GR,71.0,102.0,,86.0,,False,
2025-07-05T08:00:00.000Z,GR,Greece,GR,94.0,127.0,,81.0,,False,
2025-07-05T09:00:00.000Z,GR,Greece,GR,99.0,133.0,,80.0,,False,
2025-07-05T10:00:00.000Z,GR,Greece,GR,95.0,128.0,,81.0,,False,
2025-07-05T11:00:00.000Z,GR,Greece,GR,93.0,126.0,,81.0,,False,
2025-07-05T12:00:00.000Z,GR,Greece,GR,94.0,127.0,,81.0,,False,
2025-07-05T13:00:00.000Z,GR,Greece,GR,99.0,134.0,,80.0,,False,
2025-07-05T14:00:00.000Z,GR,Greece,GR,129.0,171.0,,72.0,,False,
2025-07-05T15:00:00.000Z,GR,Greece,GR,195.0,252.0,,55.0,,False,
2025-07-05T16:00:00.000Z,GR,Greece,GR,250.0,322.0,,40.0,,False,
2025-07-05T17:00:00.000Z,GR,Greece,GR,269.0,344.0,,35.0,,False,
2025-07-05T18:00:00.000Z,GR,Greece,GR,278.0,355.0,,33.0,,False,
2025-07-05T19:00:00.000Z,GR,Greece,GR,295.0,377.0,,28.0,,False,
2025-07-05T20:00:00.000Z,GR,Greece,GR,300.0,383.0,,27.0,,False,
2025-07-05T21:00:00.000Z,GR,Greece,GR,305.0,392.0,,26.0,,False,
2025-07-05T22:00:00.000Z,GR,Greece,GR,318.0,406.0,,25.0,,False,
2025-07-05T23:00:00.000Z,GR,Greece,GR,321.0,407.0,,25.0,,False,
2025-07-06T00:00:00.000Z,GR,Greece,GR,320.0,404.0,,26.0,,False,
2025-07-06T01:00:00.000Z,GR,Greece,GR,303.0,384.0,,30.0,,False,
2025-07-06T02:00:00.000Z,GR,Greece,GR,290.0,367.0,,33.0,,False,
2025-07-06T03:00:00.000Z,GR,Greece,GR,267.0,335.0,,39.0,,False,
2025-07-06T04:00:00.000Z,GR,Greece,GR,227.0,290.0,,49.0,,False,
2025-07-06T05:00:00.000Z,GR,Greece,GR,151.0,195.0,,68.0,,False,
2025-07-06T06:00:00.000Z,GR,Greece,GR,97.0,133.0,,81.0,,False,
2025-07-06T07:00:00.000Z,GR,Greece,GR,82.0,115.0,,84.0,,False,
2025-07-06T08:00:00.000Z,GR,Greece,GR,89.0,124.0,,82.0,,False,
2025-07-06T09:00:00.000Z,GR,Greece,GR,105.0,140.0,,78.0,,False,
2025-07-06T10:00:00.000Z,GR,Greece,GR,102.0,136.0,,79.0,,False,
2025-07-06T11:00:00.000Z,GR,Greece,GR,103.0,138.0,,79.0,,False,
2025-07-06T12:00:00.000Z,GR,Greece,GR,110.0,146.0,,77.0,,False,
2025-07-06T13:00:00.000Z,GR,Greece,GR,113.0,151.0,,76.0,,False,
2025-07-06T14:00:00.000Z,GR,Greece,GR,146.0,191.0,,68.0,,False,
2025-07-06T15:00:00.000Z,GR,Greece,GR,221.0,284.0,,49.0,,False,
2025-07-06T16:00:00.000Z,GR,Greece,GR,264.0,340.0,,37.0,,False,
2025-07-06T17:00:00.000Z,GR,Greece,GR,289.0,368.0,,30.0,,False,
2025-07-06T18:00:00.000Z,GR,Greece,GR,294.0,374.0,,29.0,,False,
2025-07-06T19:00:00.000Z,GR,Greece,GR,301.0,383.0,,27.0,,False,
2025-07-06T20:00:00.000Z,GR,Greece,GR,333.0,425.0,,20.0,,False,
2025-07-06T21:00:00.000Z,GR,Greece,GR,347.0,442.0,,17.0,,False,
2025-07-06T22:00:00.000Z,GR,Greece,GR,343.0,439.0,,17.0,,False,
2025-07-06T23:00:00.000Z,GR,Greece,GR,365.0,457.0,,14.0,,False,
2025-07-07T00:00:00.000Z,GR,Greece,GR,375.0,469.0,,12.0,,False,
2025-07-07T01:00:00.000Z,GR,Greece,GR,368.0,462.0,,14.0,,False,
2025-07-07T02:00:00.000Z,GR,Greece,GR,363.0,456.0,,15.0,,False,
2025-07-07T03:00:00.000Z,GR,Greece,GR,345.0,441.0,,17.0,,False,
2025-07-07T04:00:00.000Z,GR,Greece,GR,309.0,397.0,,25.0,,False,
2025-07-07T05:00:00.000Z,GR,Greece,GR,249.0,326.0,,40.0,,False,
2025-07-07T06:00:00.000Z,GR,Greece,GR,198.0,265.0,,53.0,,False,
2025-07-07T07:00:00.000Z,GR,Greece,GR,153.0,208.0,,65.0,,False,
2025-07-07T08:00:00.000Z,GR,Greece,GR,126.0,175.0,,72.0,,False,
2025-07-07T09:00:00.000Z,GR,Greece,GR,124.0,173.0,,72.0,,False,
2025-07-07T10:00:00.000Z,GR,Greece,GR,134.0,185.0,,69.0,,False,
2025-07-07T11:00:00.000Z,GR,Greece,GR,134.0,186.0,,69.0,,False,
2025-07-07T12:00:00.000Z,GR,Greece,GR,151.0,204.0,,66.0,,False,
2025-07-07T13:00:00.000Z,GR,Greece,GR,178.0,234.0,,62.0,,False,
2025-07-07T14:00:00.000Z,GR,Greece,GR,226.0,292.0,,50.0,,False,
2025-07-07T15:00:00.000Z,GR,Greece,GR,273.0,349.0,,38.0,,False,
2025-07-07T16:00:00.000Z,GR,Greece,GR,306.0,385.0,,30.0,,False,
2025-07-07T17:00:00.000Z,GR,Greece,GR,322.0,402.0,,27.0,,False,
2025-07-07T18:00:00.000Z,GR,Greece,GR,323.0,403.0,,26.0,,False,
2025-07-07T19:00:00.000Z,GR,Greece,GR,337.0,420.0,,25.0,,False,
2025-07-07T20:00:00.000Z,GR,Greece,GR,339.0,425.0,,24.0,,False,
2025-07-07T21:00:00.000Z,GR,Greece,GR,350.0,439.0,,21.0,,False,
2025-07-07T22:00:00.000Z,GR,Greece,GR,366.0,461.0,,17.0,,False,
2025-07-07T23:00:00.000Z,GR,Greece,GR,366.0,458.0,,18.0,,False,
2025-07-08T00:00:00.000Z,GR,Greece,GR,384.0,479.0,,14.0,,False,
2025-07-08T01:00:00.000Z,GR,Greece,GR,386.0,483.0,,14.0,,False,
2025-07-08T02:00:00.000Z,GR,Greece,GR,385.0,481.0,,14.0,,False,
2025-07-08T03:00:00.000Z,GR,Greece,GR,372.0,467.0,,17.0,,False,
2025-07-08T04:00:00.000Z,GR,Greece,GR,332.0,421.0,,25.0,,False,
2025-07-08T05:00:00.000Z,GR,Greece,GR,281.0,361.0,,37.0,,False,
2025-07-08T06:00:00.000Z,GR,Greece,GR,231.0,301.0,,48.0,,False,
2025-07-08T07:00:00.000Z,GR,Greece,GR,192.0,253.0,,58.0,,False,
2025-07-08T08:00:00.000Z,GR,Greece,GR,163.0,216.0,,66.0,,False,
2025-07-08T09:00:00.000Z,GR,Greece,GR,157.0,209.0,,67.0,,False,
2025-07-08T10:00:00.000Z,GR,Greece,GR,161.0,212.0,,67.0,,False,
2025-07-08T11:00:00.000Z,GR,Greece,GR,163.0,214.0,,67.0,,False,
2025-07-08T12:00:00.000Z,GR,Greece,GR,163.0,216.0,,66.0,,False,
2025-07-08T13:00:00.000Z,GR,Greece,GR,185.0,243.0,,60.0,,False,
2025-07-08T14:00:00.000Z,GR,Greece,GR,214.0,279.0,,52.0,,False,
2025-07-08T15:00:00.000Z,GR,Greece,GR,253.0,326.0,,43.0,,False,
2025-07-08T16:00:00.000Z,GR,Greece,GR,281.0,355.0,,37.0,,False,
2025-07-08T17:00:00.000Z,GR,Greece,GR,296.0,370.0,,33.0,,False,
2025-07-08T18:00:00.000Z,GR,Greece,GR,294.0,367.0,,34.0,,False,
2025-07-08T19:00:00.000Z,GR,Greece,GR,295.0,370.0,,33.0,,False,
2025-07-08T20:00:00.000Z,GR,Greece,GR,295.0,372.0,,34.0,,False,
2025-07-08T21:00:00.000Z,GR,Greece,GR,323.0,406.0,,28.0,,False,
2025-07-08T22:00:00.000Z,GR,Greece,GR,341.0,426.0,,23.0,,False,
2025-07-08T23:00:00.000Z,GR,Greece,GR,338.0,420.0,,25.0,,False,
2025-07-09T00:00:00.000Z,GR,Greece,GR,339.0,422.0,,25.0,,False,
2025-07-09T01:00:00.000Z,GR,Greece,GR,339.0,422.0,,25.0,,False,
2025-07-09T02:00:00.000Z,GR,Greece,GR,339.0,423.0,,26.0,,False,
2025-07-09T03:00:00.000Z,GR,Greece,GR,333.0,418.0,,26.0,,False,
2025-07-09T04:00:00.000Z,GR,Greece,GR,293.0,370.0,,34.0,,False,
2025-07-09T05:00:00.000Z,GR,Greece,GR,248.0,317.0,,44.0,,False,
2025-07-09T06:00:00.000Z,GR,Greece,GR,206.0,269.0,,54.0,,False,
2025-07-09T07:00:00.000Z,GR,Greece,GR,160.0,212.0,,66.0,,False,
2025-07-09T08:00:00.000Z,GR,Greece,GR,131.0,177.0,,73.0,,False,
2025-07-09T09:00:00.000Z,GR,Greece,GR,113.0,154.0,,77.0,,False,
2025-07-09T10:00:00.000Z,GR,Greece,GR,110.0,151.0,,78.0,,False,
2025-07-09T11:00:00.000Z,GR,Greece,GR,109.0,149.0,,78.0,,False,
2025-07-09T12:00:00.000Z,GR,Greece,GR,117.0,159.0,,76.0,,False,
2025-07-09T13:00:00.000Z,GR,Greece,GR,135.0,180.0,,72.0,,False,
2025-07-09T14:00:00.000Z,GR,Greece,GR,164.0,217.0,,65.0,,False,
2025-07-09T15:00:00.000Z,GR,Greece,GR,211.0,273.0,,53.0,,False,
2025-07-09T16:00:00.000Z,GR,Greece,GR,246.0,312.0,,45.0,,False,
2025-07-09T17:00:00.000Z,GR,Greece,GR,270.0,340.0,,39.0,,False,
2025-07-09T18:00:00.000Z,GR,Greece,GR,272.0,342.0,,38.0,,False,
2025-07-09T19:00:00.000Z,GR,Greece,GR,275.0,346.0,,38.0,,False,
2025-07-09T20:00:00.000Z,GR,Greece,GR,276.0,351.0,,37.0,,False,
2025-07-09T21:00:00.000Z,GR,Greece,GR,273.0,352.0,,35.0,,False,
2025-07-09T22:00:00.000Z,GR,Greece,GR,262.0,339.0,,37.0,,False,
2025-07-09T23:00:00.000Z,GR,Greece,GR,253.0,328.0,,39.0,,False,
2025-07-10T00:00:00.000Z,GR,Greece,GR,252.0,327.0,,40.0,,False,
2025-07-10T01:00:00.000Z,GR,Greece,GR,255.0,329.0,,40.0,,False,
2025-07-10T02:00:00.000Z,GR,Greece,GR,255.0,330.0,,39.0,,False,
2025-07-10T03:00:00.000Z,GR,Greece,GR,252.0,326.0,,40.0,,False,
2025-07-10T04:00:00.000Z,GR,Greece,GR,231.0,301.0,,45.0,,False,
2025-07-10T05:00:00.000Z,GR,Greece,GR,166.0,221.0,,62.0,,False,
2025-07-10T06:00:00.000Z,GR,Greece,GR,114.0,158.0,,75.0,,False,
2025-07-10T07:00:00.000Z,GR,Greece,GR,91.0,131.0,,80.0,,False,
2025-07-10T08:00:00.000Z,GR,Greece,GR,72.0,107.0,,85.0,,False,
2025-07-10T09:00:00.000Z,GR,Greece,GR,59.0,91.0,,89.0,,False,
2025-07-10T10:00:00.000Z,GR,Greece,GR,60.0,92.0,,88.0,,False,
2025-07-10T11:00:00.000Z,GR,Greece,GR,62.0,95.0,,88.0,,False,
2025-07-10T12:00:00.000Z,GR,Greece,GR,71.0,106.0,,86.0,,False,
2025-07-10T13:00:00.000Z,GR,Greece,GR,101.0,144.0,,78.0,,False,
2025-07-10T14:00:00.000Z,GR,Greece,GR,136.0,185.0,,69.0,,False,
2025-07-10T15:00:00.000Z,GR,Greece,GR,202.0,262.0,,53.0,,False,
2025-07-10T16:00:00.000Z,GR,Greece,GR,238.0,302.0,,44.0,,False,
2025-07-10T17:00:00.000Z,GR,Greece,GR,253.0,318.0,,41.0,,False,
2025-07-10T18:00:00.000Z,GR,Greece,GR,257.0,324.0,,39.0,,False,
2025-07-10T19:00:00.000Z,GR,Greece,GR,257.0,323.0,,39.0,,False,
2025-07-10T20:00:00.000Z,GR,Greece,GR,259.0,326.0,,39.0,,False,
2025-07-10T21:00:00.000Z,GR,Greece,GR,266.0,337.0,,37.0,,False,
2025-07-10T22:00:00.000Z,GR,Greece,GR,284.0,363.0,,33.0,,False,
2025-07-10T23:00:00.000Z,GR,Greece,GR,284.0,362.0,,33.0,,False,
2025-07-11T00:00:00.000Z,GR,Greece,GR,283.0,363.0,,33.0,,False,
2025-07-11T01:00:00.000Z,GR,Greece,GR,277.0,356.0,,35.0,,False,
2025-07-11T02:00:00.000Z,GR,Greece,GR,273.0,352.0,,35.0,,False,
2025-07-11T03:00:00.000Z,GR,Greece,GR,270.0,348.0,,36.0,,False,
2025-07-11T04:00:00.000Z,GR,Greece,GR,253.0,328.0,,40.0,,False,
2025-07-11T05:00:00.000Z,GR,Greece,GR,208.0,274.0,,51.0,,False,
2025-07-11T06:00:00.000Z,GR,Greece,GR,143.0,194.0,,68.0,,False,
2025-07-11T07:00:00.000Z,GR,Greece,GR,111.0,154.0,,76.0,,False,
2025-07-11T08:00:00.000Z,GR,Greece,GR,101.0,144.0,,78.0,,False,
2025-07-11T09:00:00.000Z,GR,Greece,GR,102.0,145.0,,78.0,,False,
2025-07-11T10:00:00.000Z,GR,Greece,GR,92.0,133.0,,80.0,,False,
2025-07-11T11:00:00.000Z,GR,Greece,GR,94.0,134.0,,80.0,,False,
2025-07-11T12:00:00.000Z,GR,Greece,GR,101.0,144.0,,78.0,,False,
2025-07-11T13:00:00.000Z,GR,Greece,GR,113.0,157.0,,75.0,,False,
2025-07-11T14:00:00.000Z,GR,Greece,GR,162.0,216.0,,63.0,,False,
2025-07-11T15:00:00.000Z,GR,Greece,GR,222.0,285.0,,49.0,,False,
2025-07-11T16:00:00.000Z,GR,Greece,GR,259.0,327.0,,39.0,,False,
2025-07-11T17:00:00.000Z,GR,Greece,GR,275.0,348.0,,35.0,,False,
2025-07-11T18:00:00.000Z,GR,Greece,GR,283.0,358.0,,33.0,,False,
2025-07-11T19:00:00.000Z,GR,Greece,GR,290.0,368.0,,31.0,,False,
2025-07-11T20:00:00.000Z,GR,Greece,GR,313.0,400.0,,25.0,,False,
2025-07-11T21:00:00.000Z,GR,Greece,GR,325.0,414.0,,22.0,,False,
2025-07-11T22:00:00.000Z,GR,Greece,GR,351.0,442.0,,17.0,,False,
2025-07-11T23:00:00.000Z,GR,Greece,GR,361.0,454.0,,15.0,,False,
2025-07-12T00:00:00.000Z,GR,Greece,GR,358.0,454.0,,15.0,,False,
2025-07-12T01:00:00.000Z,GR,Greece,GR,351.0,445.0,,16.0,,False,
2025-07-12T02:00:00.000Z,GR,Greece,GR,342.0,436.0,,18.0,,False,
2025-07-12T03:00:00.000Z,GR,Greece,GR,326.0,415.0,,23.0,,False,
2025-07-12T04:00:00.000Z,GR,Greece,GR,278.0,356.0,,34.0,,False,
2025-07-12T05:00:00.000Z,GR,Greece,GR,202.0,264.0,,53.0,,False,
2025-07-12T06:00:00.000Z,GR,Greece,GR,135.0,183.0,,70.0,,False,
2025-07-12T07:00:00.000Z,GR,Greece,GR,102.0,144.0,,77.0,,False,
2025-07-12T08:00:00.000Z,GR,Greece,GR,72.0,106.0,,85.0,,False,
2025-07-12T09:00:00.000Z,GR,Greece,GR,69.0,104.0,,86.0,,False,
2025-07-12T10:00:00.000Z,GR,Greece,GR,79.0,113.0,,85.0,,False,
2025-07-12T11:00:00.000Z,GR,Greece,GR,83.0,118.0,,84.0,,False,
2025-07-12T12:00:00.000Z,GR,Greece,GR,86.0,121.0,,83.0,,False,
2025-07-12T13:00:00.000Z,GR,Greece,GR,107.0,146.0,,78.0,,False,
2025-07-12T14:00:00.000Z,GR,Greece,GR,149.0,198.0,,66.0,,False,
2025-07-12T15:00:00.000Z,GR,Greece,GR,214.0,273.0,,51.0,,False,
2025-07-12T16:00:00.000Z,GR,Greece,GR,252.0,319.0,,41.0,,False,
2025-07-12T17:00:00.000Z,GR,Greece,GR,271.0,342.0,,36.0,,False,
2025-07-12T18:00:00.000Z,GR,Greece,GR,275.0,346.0,,35.0,,False,
2025-07-12T19:00:00.000Z,GR,Greece,GR,282.0,356.0,,33.0,,False,
2025-07-12T20:00:00.000Z,GR,Greece,GR,293.0,368.0,,31.0,,False,
2025-07-12T21:00:00.000Z,GR,Greece,GR,315.0,399.0,,25.0,,False,
2025-07-12T22:00:00.000Z,GR,Greece,GR,330.0,416.0,,22.0,,False,
2025-07-12T23:00:00.000Z,GR,Greece,GR,329.0,417.0,,22.0,,False,
2025-07-13T00:00:00.000Z,GR,Greece,GR,333.0,422.0,,21.0,,False,
2025-07-13T01:00:00.000Z,GR,Greece,GR,328.0,418.0,,22.0,,False,
2025-07-13T02:00:00.000Z,GR,Greece,GR,320.0,410.0,,24.0,,False,
2025-07-13T03:00:00.000Z,GR,Greece,GR,304.0,389.0,,28.0,,False,
2025-07-13T04:00:00.000Z,GR,Greece,GR,265.0,341.0,,38.0,,False,
2025-07-13T05:00:00.000Z,GR,Greece,GR,171.0,222.0,,62.0,,False,
2025-07-13T06:00:00.000Z,GR,Greece,GR,100.0,138.0,,79.0,,False,
2025-07-13T07:00:00.000Z,GR,Greece,GR,73.0,106.0,,86.0,,False,
2025-07-13T08:00:00.000Z,GR,Greece,GR,70.0,103.0,,87.0,,False,
2025-07-13T09:00:00.000Z,GR,Greece,GR,132.0,169.0,,73.0,,False,
2025-07-13T10:00:00.000Z,GR,Greece,GR,150.0,189.0,,70.0,,False,
2025-07-13T11:00:00.000Z,GR,Greece,GR,148.0,187.0,,71.0,,False,
2025-07-13T12:00:00.000Z,GR,Greece,GR,151.0,189.0,,71.0,,False,
2025-07-13T13:00:00.000Z,GR,Greece,GR,151.0,189.0,,71.0,,False,
2025-07-13T14:00:00.000Z,GR,Greece,GR,132.0,173.0,,73.0,,False,
2025-07-13T15:00:00.000Z,GR,Greece,GR,171.0,221.0,,63.0,,False,
2025-07-13T16:00:00.000Z,GR,Greece,GR,231.0,295.0,,46.0,,False,
2025-07-13T17:00:00.000Z,GR,Greece,GR,255.0,323.0,,39.0,,False,
2025-07-13T18:00:00.000Z,GR,Greece,GR,256.0,323.0,,39.0,,False,
2025-07-13T19:00:00.000Z,GR,Greece,GR,260.0,328.0,,38.0,,False,
2025-07-13T20:00:00.000Z,GR,Greece,GR,274.0,344.0,,35.0,,False,
2025-07-13T21:00:00.000Z,GR,Greece,GR,280.0,358.0,,33.0,,False,
2025-07-13T22:00:00.000Z,GR,Greece,GR,317.0,402.0,,25.0,,False,
2025-07-13T23:00:00.000Z,GR,Greece,GR,317.0,403.0,,25.0,,False,
2025-07-14T00:00:00.000Z,GR,Greece,GR,314.0,403.0,,25.0,,False,
2025-07-14T01:00:00.000Z,GR,Greece,GR,313.0,400.0,,26.0,,False,
2025-07-14T02:00:00.000Z,GR,Greece,GR,306.0,393.0,,27.0,,False,
2025-07-14T03:00:00.000Z,GR,Greece,GR,295.0,379.0,,29.0,,False,
2025-07-14T04:00:00.000Z,GR,Greece,GR,257.0,333.0,,38.0,,False,
2025-07-14T05:00:00.000Z,GR,Greece,GR,216.0,285.0,,48.0,,False,
2025-07-14T06:00:00.000Z,GR,Greece,GR,174.0,234.0,,59.0,,False,
2025-07-14T07:00:00.000Z,GR,Greece,GR,123.0,170.0,,72.0,,False,
2025-07-14T08:00:00.000Z,GR,Greece,GR,100.0,142.0,,78.0,,False,
2025-07-14T09:00:00.000Z,GR,Greece,GR,93.0,134.0,,80.0,,False,
2025-07-14T10:00:00.000Z,GR,Greece,GR,92.0,133.0,,80.0,,False,
2025-07-14T11:00:00.000Z,GR,Greece,GR,85.0,126.0,,80.0,,False,
2025-07-14T12:00:00.000Z,GR,Greece,GR,89.0,131.0,,79.0,,False,
2025-07-14T13:00:00.000Z,GR,Greece,GR,115.0,163.0,,72.0,,False,
2025-07-14T14:00:00.000Z,GR,Greece,GR,174.0,235.0,,57.0,,False,
2025-07-14T15:00:00.000Z,GR,Greece,GR,208.0,273.0,,49.0,,False,
2025-07-14T16:00:00.000Z,GR,Greece,GR,240.0,313.0,,41.0,,False,
2025-07-14T17:00:00.000Z,GR,Greece,GR,262.0,336.0,,37.0,,False,
2025-07-14T18:00:00.000Z,GR,Greece,GR,267.0,343.0,,35.0,,False,
2025-07-14T19:00:00.000Z,GR,Greece,GR,277.0,356.0,,33.0,,False,
2025-07-14T20:00:00.000Z,GR,Greece,GR,285.0,368.0,,31.0,,False,
2025-07-14T21:00:00.000Z,GR,Greece,GR,285.0,369.0,,31.0,,False,
2025-07-14T22:00:00.000Z,GR,Greece,GR,305.0,393.0,,27.0,,False,
2025-07-14T23:00:00.000Z,GR,Greece,GR,299.0,383.0,,29.0,,False,
2025-07-15T00:00:00.000Z,GR,Greece,GR,300.0,384.0,,29.0,,False,
2025-07-15T01:00:00.000Z,GR,Greece,GR,290.0,371.0,,32.0,,False,
2025-07-15T02:00:00.000Z,GR,Greece,GR,272.0,349.0,,36.0,,False,
2025-07-15T03:00:00.000Z,GR,Greece,GR,257.0,331.0,,39.0,,False,
2025-07-15T04:00:00.000Z,GR,Greece,GR,242.0,314.0,,42.0,,False,
2025-07-15T05:00:00.000Z,GR,Greece,GR,205.0,270.0,,51.0,,False,
2025-07-15T06:00:00.000Z,GR,Greece,GR,157.0,212.0,,63.0,,False,
2025-07-15T07:00:00.000Z,GR,Greece,GR,115.0,160.0,,74.0,,False,
2025-07-15T08:00:00.000Z,GR,Greece,GR,100.0,142.0,,78.0,,False,
2025-07-15T09:00:00.000Z,GR,Greece,GR,90.0,130.0,,80.0,,False,
2025-07-15T10:00:00.000Z,GR,Greece,GR,89.0,128.0,,80.0,,False,
2025-07-15T11:00:00.000Z,GR,Greece,GR,90.0,130.0,,80.0,,False,
2025-07-15T12:00:00.000Z,GR,Greece,GR,95.0,135.0,,79.0,,False,
2025-07-15T13:00:00.000Z,GR,Greece,GR,107.0,148.0,,76.0,,False,
2025-07-15T14:00:00.000Z,GR,Greece,GR,148.0,200.0,,65.0,,False,
2025-07-15T15:00:00.000Z,GR,Greece,GR,202.0,263.0,,55.0,,False,
2025-07-15T16:00:00.000Z,GR,Greece,GR,242.0,308.0,,45.0,,False,
2025-07-15T17:00:00.000Z,GR,Greece,GR,259.0,327.0,,41.0,,False,
2025-07-15T18:00:00.000Z,GR,Greece,GR,269.0,338.0,,39.0,,False,
2025-07-15T19:00:00.000Z,GR,Greece,GR,265.0,335.0,,39.0,,False,
2025-07-15T20:00:00.000Z,GR,Greece,GR,271.0,343.0,,39.0,,False,
2025-07-15T21:00:00.000Z,GR,Greece,GR,281.0,355.0,,37.0,,False,
2025-07-15T22:00:00.000Z,GR,Greece,GR,295.0,374.0,,34.0,,False,
2025-07-15T23:00:00.000Z,GR,Greece,GR,303.0,381.0,,33.0,,False,
2025-07-16T00:00:00.000Z,GR,Greece,GR,290.0,363.0,,37.0,,False,
2025-07-16T01:00:00.000Z,GR,Greece,GR,286.0,360.0,,37.0,,False,
2025-07-16T02:00:00.000Z,GR,Greece,GR,283.0,355.0,,38.0,,False,
2025-07-16T03:00:00.000Z,GR,Greece,GR,279.0,352.0,,39.0,,False,
2025-07-16T04:00:00.000Z,GR,Greece,GR,259.0,330.0,,42.0,,False,
2025-07-16T05:00:00.000Z,GR,Greece,GR,225.0,289.0,,50.0,,False,
2025-07-16T06:00:00.000Z,GR,Greece,GR,174.0,228.0,,62.0,,False,
2025-07-16T07:00:00.000Z,GR,Greece,GR,146.0,194.0,,69.0,,False,
2025-07-16T08:00:00.000Z,GR,Greece,GR,127.0,172.0,,74.0,,False,
2025-07-16T09:00:00.000Z,GR,Greece,GR,124.0,168.0,,74.0,,False,
2025-07-16T10:00:00.000Z,GR,Greece,GR,118.0,161.0,,76.0,,False,
2025-07-16T11:00:00.000Z,GR,Greece,GR,118.0,160.0,,76.0,,False,
2025-07-16T12:00:00.000Z,GR,Greece,GR,130.0,175.0,,73.0,,False,
2025-07-16T13:00:00.000Z,GR,Greece,GR,153.0,203.0,,67.0,,False,
2025-07-16T14:00:00.000Z,GR,Greece,GR,190.0,248.0,,58.0,,False,
2025-07-16T15:00:00.000Z,GR,Greece,GR,233.0,297.0,,49.0,,False,
2025-07-16T16:00:00.000Z,GR,Greece,GR,283.0,357.0,,36.0,,False,
2025-07-16T17:00:00.000Z,GR,Greece,GR,315.0,391.0,,30.0,,False,
2025-07-16T18:00:00.000Z,GR,Greece,GR,332.0,411.0,,27.0,,False,
2025-07-16T19:00:00.000Z,GR,Greece,GR,339.0,419.0,,26.0,,False,
2025-07-16T20:00:00.000Z,GR,Greece,GR,353.0,437.0,,23.0,,False,
2025-07-16T21:00:00.000Z,GR,Greece,GR,387.0,478.0,,16.0,,False,
2025-07-16T22:00:00.000Z,GR,Greece,GR,399.0,489.0,,14.0,,False,
2025-07-16T23:00:00.000Z,GR,Greece,GR,394.0,483.0,,15.0,,False,
2025-07-17T00:00:00.000Z,GR,Greece,GR,395.0,483.0,,15.0,,False,
2025-07-17T01:00:00.000Z,GR,Greece,GR,393.0,479.0,,16.0,,False,
2025-07-17T02:00:00.000Z,GR,Greece,GR,389.0,475.0,,17.0,,False,
2025-07-17T03:00:00.000Z,GR,Greece,GR,379.0,462.0,,20.0,,False,
2025-07-17T04:00:00.000Z,GR,Greece,GR,358.0,439.0,,24.0,,False,
2025-07-17T05:00:00.000Z,GR,Greece,GR,295.0,370.0,,36.0,,False,
2025-07-17T06:00:00.000Z,GR,Greece,GR,239.0,305.0,,49.0,,False,
2025-07-17T07:00:00.000Z,GR,Greece,GR,198.0,259.0,,58.0,,False,
2025-07-17T08:00:00.000Z,GR,Greece,GR,172.0,226.0,,64.0,,False,
2025-07-17T09:00:00.000Z,GR,Greece,GR,159.0,209.0,,68.0,,False,
2025-07-17T10:00:00.000Z,GR,Greece,GR,153.0,203.0,,69.0,,False,
2025-07-17T11:00:00.000Z,GR,Greece,GR,156.0,206.0,,68.0,,False,
2025-07-17T12:00:00.000Z,GR,Greece,GR,164.0,216.0,,66.0,,False,
2025-07-17T13:00:00.000Z,GR,Greece,GR,186.0,242.0,,61.0,,False,
2025-07-17T14:00:00.000Z,GR,Greece,GR,231.0,298.0,,49.0,,False,
2025-07-17T15:00:00.000Z,GR,Greece,GR,273.0,347.0,,40.0,,False,
2025-07-17T16:00:00.000Z,GR,Greece,GR,293.0,369.0,,35.0,,False,
2025-07-17T17:00:00.000Z,GR,Greece,GR,307.0,383.0,,32.0,,False,
2025-07-17T18:00:00.000Z,GR,Greece,GR,314.0,390.0,,31.0,,False,
2025-07-17T19:00:00.000Z,GR,Greece,GR,315.0,390.0,,32.0,,False,
2025-07-17T20:00:00.000Z,GR,Greece,GR,323.0,395.0,,33.0,,False,
2025-07-17T21:00:00.000Z,GR,Greece,GR,343.0,420.0,,28.0,,False,
2025-07-17T22:00:00.000Z,GR,Greece,GR,354.0,437.0,,24.0,,False,
2025-07-17T23:00:00.000Z,GR,Greece,GR,375.0,459.0,,20.0,,False,
2025-07-18T00:00:00.000Z,GR,Greece,GR,395.0,484.0,,16.0,,False,
2025-07-18T01:00:00.000Z,GR,Greece,GR,404.0,494.0,,15.0,,False,
2025-07-18T02:00:00.000Z,GR,Greece,GR,409.0,499.0,,14.0,,False,
2025-07-18T03:00:00.000Z,GR,Greece,GR,391.0,476.0,,19.0,,False,
2025-07-18T04:00:00.000Z,GR,Greece,GR,342.0,421.0,,28.0,,False,
2025-07-18T05:00:00.000Z,GR,Greece,GR,283.0,354.0,,40.0,,False,
2025-07-18T06:00:00.000Z,GR,Greece,GR,262.0,334.0,,43.0,,False,
2025-07-18T07:00:00.000Z,GR,Greece,GR,247.0,315.0,,47.0,,False,
2025-07-18T08:00:00.000Z,GR,Greece,GR,225.0,287.0,,53.0,,False,
2025-07-18T09:00:00.000Z,GR,Greece,GR,175.0,227.0,,65.0,,False,
2025-07-18T10:00:00.000Z,GR,Greece,GR,153.0,201.0,,69.0,,False,
2025-07-18T11:00:00.000Z,GR,Greece,GR,151.0,199.0,,69.0,,False,
2025-07-18T12:00:00.000Z,GR,Greece,GR,165.0,215.0,,67.0,,False,
2025-07-18T13:00:00.000Z,GR,Greece,GR,204.0,263.0,,57.0,,False,
2025-07-18T14:00:00.000Z,GR,Greece,GR,245.0,311.0,,48.0,,False,
2025-07-18T15:00:00.000Z,GR,Greece,GR,294.0,367.0,,36.0,,False,
2025-07-18T16:00:00.000Z,GR,Greece,GR,322.0,399.0,,29.0,,False,
2025-07-18T17:00:00.000Z,GR,Greece,GR,358.0,438.0,,23.0,,False,
2025-07-18T18:00:00.000Z,GR,Greece,GR,361.0,445.0,,21.0,,False,
2025-07-18T19:00:00.000Z,GR,Greece,GR,365.0,452.0,,19.0,,False,
2025-07-18T20:00:00.000Z,GR,Greece,GR,369.0,453.0,,21.0,,False,
2025-07-18T21:00:00.000Z,GR,Greece,GR,373.0,462.0,,18.0,,False,
2025-07-18T22:00:00.000Z,GR,Greece,GR,376.0,471.0,,15.0,,False,
2025-07-18T23:00:00.000Z,GR,Greece,GR,379.0,470.0,,16.0,,False,
2025-07-19T00:00:00.000Z,GR,Greece,GR,383.0,474.0,,15.0,,False,
2025-07-19T01:00:00.000Z,GR,Greece,GR,387.0,479.0,,15.0,,False,
2025-07-19T02:00:00.000Z,GR,Greece,GR,380.0,469.0,,17.0,,False,
2025-07-19T03:00:00.000Z,GR,Greece,GR,371.0,459.0,,19.0,,False,
2025-07-19T04:00:00.000Z,GR,Greece,GR,332.0,414.0,,27.0,,False,
2025-07-19T05:00:00.000Z,GR,Greece,GR,267.0,336.0,,42.0,,False,
2025-07-19T06:00:00.000Z,GR,Greece,GR,190.0,245.0,,60.0,,False,
2025-07-19T07:00:00.000Z,GR,Greece,GR,143.0,190.0,,71.0,,False,
2025-07-19T08:00:00.000Z,GR,Greece,GR,117.0,158.0,,77.0,,False,
2025-07-19T09:00:00.000Z,GR,Greece,GR,115.0,153.0,,79.0,,False,
2025-07-19T10:00:00.000Z,GR,Greece,GR,115.0,153.0,,79.0,,False,
2025-07-19T11:00:00.000Z,GR,Greece,GR,120.0,158.0,,78.0,,False,
2025-07-19T12:00:00.000Z,GR,Greece,GR,120.0,158.0,,78.0,,False,
2025-07-19T13:00:00.000Z,GR,Greece,GR,137.0,178.0,,74.0,,False,
2025-07-19T14:00:00.000Z,GR,Greece,GR,182.0,234.0,,62.0,,False,
2025-07-19T15:00:00.000Z,GR,Greece,GR,251.0,318.0,,45.0,,False,
2025-07-19T16:00:00.000Z,GR,Greece,GR,289.0,365.0,,34.0,,False,
2025-07-19T17:00:00.000Z,GR,Greece,GR,307.0,388.0,,27.0,,False,
2025-07-19T18:00:00.000Z,GR,Greece,GR,313.0,396.0,,25.0,,False,
2025-07-19T19:00:00.000Z,GR,Greece,GR,313.0,396.0,,25.0,,False,
2025-07-19T20:00:00.000Z,GR,Greece,GR,331.0,416.0,,23.0,,False,
2025-07-19T21:00:00.000Z,GR,Greece,GR,358.0,447.0,,19.0,,False,
2025-07-19T22:00:00.000Z,GR,Greece,GR,370.0,465.0,,15.0,,False,
2025-07-19T23:00:00.000Z,GR,Greece,GR,376.0,470.0,,15.0,,False,
2025-07-20T00:00:00.000Z,GR,Greece,GR,379.0,469.0,,16.0,,False,
2025-07-20T01:00:00.000Z,GR,Greece,GR,387.0,480.0,,14.0,,False,
2025-07-20T02:00:00.000Z,GR,Greece,GR,377.0,467.0,,17.0,,False,
2025-07-20T03:00:00.000Z,GR,Greece,GR,363.0,452.0,,19.0,,False,
2025-07-20T04:00:00.000Z,GR,Greece,GR,317.0,398.0,,29.0,,False,
2025-07-20T05:00:00.000Z,GR,Greece,GR,235.0,298.0,,49.0,,False,
2025-07-20T06:00:00.000Z,GR,Greece,GR,164.0,217.0,,64.0,,False,
2025-07-20T07:00:00.000Z,GR,Greece,GR,109.0,149.0,,79.0,,False,
2025-07-20T08:00:00.000Z,GR,Greece,GR,84.0,120.0,,85.0,,False,
2025-07-20T09:00:00.000Z,GR,Greece,GR,120.0,157.0,,79.0,,False,
2025-07-20T10:00:00.000Z,GR,Greece,GR,119.0,155.0,,79.0,,False,
2025-07-20T11:00:00.000Z,GR,Greece,GR,118.0,154.0,,79.0,,False,
2025-07-20T12:00:00.000Z,GR,Greece,GR,110.0,146.0,,81.0,,False,
2025-07-20T13:00:00.000Z,GR,Greece,GR,123.0,162.0,,77.0,,False,
2025-07-20T14:00:00.000Z,GR,Greece,GR,177.0,227.0,,64.0,,False,
2025-07-20T15:00:00.000Z,GR,Greece,GR,242.0,305.0,,48.0,,False,
2025-07-20T16:00:00.000Z,GR,Greece,GR,280.0,351.0,,37.0,,False,
2025-07-20T17:00:00.000Z,GR,Greece,GR,296.0,371.0,,32.0,,False,
2025-07-20T18:00:00.000Z,GR,Greece,GR,297.0,374.0,,30.0,,False,
2025-07-20T19:00:00.000Z,GR,Greece,GR,302.0,379.0,,29.0,,False,
2025-07-20T20:00:00.000Z,GR,Greece,GR,328.0,408.0,,26.0,,False,
2025-07-20T21:00:00.000Z,GR,Greece,GR,357.0,445.0,,20.0,,False,
2025-07-20T22:00:00.000Z,GR,Greece,GR,396.0,493.0,,11.0,,False,
2025-07-20T23:00:00.000Z,GR,Greece,GR,403.0,501.0,,10.0,,False,
2025-07-21T00:00:00.000Z,GR,Greece,GR,405.0,501.0,,10.0,,False,
2025-07-21T01:00:00.000Z,GR,Greece,GR,407.0,503.0,,10.0,,False,
2025-07-21T02:00:00.000Z,GR,Greece,GR,403.0,499.0,,11.0,,False,
2025-07-21T03:00:00.000Z,GR,Greece,GR,391.0,490.0,,11.0,,False,
2025-07-21T04:00:00.000Z,GR,Greece,GR,344.0,436.0,,21.0,,False,
2025-07-21T05:00:00.000Z,GR,Greece,GR,279.0,360.0,,35.0,,False,
2025-07-21T06:00:00.000Z,GR,Greece,GR,226.0,300.0,,46.0,,False,
2025-07-21T07:00:00.000Z,GR,Greece,GR,195.0,262.0,,54.0,,False,
2025-07-21T08:00:00.000Z,GR,Greece,GR,166.0,225.0,,62.0,,False,
2025-07-21T09:00:00.000Z,GR,Greece,GR,156.0,214.0,,64.0,,False,
2025-07-21T10:00:00.000Z,GR,Greece,GR,151.0,207.0,,65.0,,False,
2025-07-21T11:00:00.000Z,GR,Greece,GR,149.0,204.0,,65.0,,False,
2025-07-21T12:00:00.000Z,GR,Greece,GR,153.0,209.0,,65.0,,False,
2025-07-21T13:00:00.000Z,GR,Greece,GR,174.0,233.0,,60.0,,False,
2025-07-21T14:00:00.000Z,GR,Greece,GR,218.0,284.0,,51.0,,False,
2025-07-21T15:00:00.000Z,GR,Greece,GR,270.0,342.0,,41.0,,False,
2025-07-21T16:00:00.000Z,GR,Greece,GR,296.0,376.0,,32.0,,False,
2025-07-21T17:00:00.000Z,GR,Greece,GR,308.0,386.0,,31.0,,False,
2025-07-21T18:00:00.000Z,GR,Greece,GR,327.0,408.0,,28.0,,False,
2025-07-21T19:00:00.000Z,GR,Greece,GR,326.0,407.0,,27.0,,False,
2025-07-21T20:00:00.000Z,GR,Greece,GR,338.0,421.0,,25.0,,False,
2025-07-21T21:00:00.000Z,GR,Greece,GR,356.0,441.0,,23.0,,False,
2025-07-21T22:00:00.000Z,GR,Greece,GR,389.0,479.0,,16.0,,False,
2025-07-21T23:00:00.000Z,GR,Greece,GR,400.0,492.0,,14.0,,False,
2025-07-22T00:00:00.000Z,GR,Greece,GR,399.0,492.0,,14.0,,False,
2025-07-22T01:00:00.000Z,GR,Greece,GR,401.0,495.0,,13.0,,False,
2025-07-22T02:00:00.000Z,GR,Greece,GR,392.0,489.0,,12.0,,False,
2025-07-22T03:00:00.000Z,GR,Greece,GR,386.0,480.0,,14.0,,False,
2025-07-22T04:00:00.000Z,GR,Greece,GR,346.0,432.0,,23.0,,False,
2025-07-22T05:00:00.000Z,GR,Greece,GR,287.0,365.0,,35.0,,False,
2025-07-22T06:00:00.000Z,GR,Greece,GR,233.0,303.0,,47.0,,False,
2025-07-22T07:00:00.000Z,GR,Greece,GR,202.0,264.0,,56.0,,False,
2025-07-22T08:00:00.000Z,GR,Greece,GR,164.0,215.0,,66.0,,False,
2025-07-22T09:00:00.000Z,GR,Greece,GR,150.0,199.0,,69.0,,False,
2025-07-22T10:00:00.000Z,GR,Greece,GR,147.0,195.0,,70.0,,False,
2025-07-22T11:00:00.000Z,GR,Greece,GR,138.0,185.0,,71.0,,False,
2025-07-22T12:00:00.000Z,GR,Greece,GR,144.0,191.0,,70.0,,False,
2025-07-22T13:00:00.000Z,GR,Greece,GR,163.0,215.0,,65.0,,False,
2025-07-22T14:00:00.000Z,GR,Greece,GR,199.0,259.0,,56.0,,False,
2025-07-22T15:00:00.000Z,GR,Greece,GR,242.0,308.0,,47.0,,False,
2025-07-22T16:00:00.000Z,GR,Greece,GR,275.0,346.0,,38.0,,False,
2025-07-22T17:00:00.000Z,GR,Greece,GR,289.0,364.0,,34.0,,False,
2025-07-22T18:00:00.000Z,GR,Greece,GR,288.0,363.0,,34.0,,False,
2025-07-22T19:00:00.000Z,GR,Greece,GR,293.0,368.0,,33.0,,False,
2025-07-22T20:00:00.000Z,GR,Greece,GR,301.0,381.0,,31.0,,False,
2025-07-22T21:00:00.000Z,GR,Greece,GR,314.0,399.0,,28.0,,False,
2025-07-22T22:00:00.000Z,GR,Greece,GR,348.0,439.0,,21.0,,False,
2025-07-22T23:00:00.000Z,GR,Greece,GR,368.0,458.0,,19.0,,False,
2025-07-23T00:00:00.000Z,GR,Greece,GR,381.0,472.0,,17.0,,False,
2025-07-23T01:00:00.000Z,GR,Greece,GR,390.0,480.0,,16.0,,False,
2025-07-23T02:00:00.000Z,GR,Greece,GR,392.0,483.0,,16.0,,False,
2025-07-23T03:00:00.000Z,GR,Greece,GR,389.0,480.0,,16.0,,False,
2025-07-23T04:00:00.000Z,GR,Greece,GR,348.0,434.0,,24.0,,False,
2025-07-23T05:00:00.000Z,GR,Greece,GR,291.0,367.0,,36.0,,False,
2025-07-23T06:00:00.000Z,GR,Greece,GR,237.0,302.0,,50.0,,False,
2025-07-23T07:00:00.000Z,GR,Greece,GR,196.0,250.0,,61.0,,False,
2025-07-23T08:00:00.000Z,GR,Greece,GR,178.0,232.0,,64.0,,False,
2025-07-23T09:00:00.000Z,GR,Greece,GR,169.0,221.0,,66.0,,False,
2025-07-23T10:00:00.000Z,GR,Greece,GR,155.0,204.0,,69.0,,False,
2025-07-23T11:00:00.000Z,GR,Greece,GR,156.0,204.0,,69.0,,False,
2025-07-23T12:00:00.000Z,GR,Greece,GR,168.0,217.0,,67.0,,False,
2025-07-23T13:00:00.000Z,GR,Greece,GR,198.0,253.0,,60.0,,False,
2025-07-23T14:00:00.000Z,GR,Greece,GR,231.0,291.0,,52.0,,False,
2025-07-23T15:00:00.000Z,GR,Greece,GR,262.0,328.0,,44.0,,False,
2025-07-23T16:00:00.000Z,GR,Greece,GR,295.0,368.0,,35.0,,False,
2025-07-23T17:00:00.000Z,GR,Greece,GR,328.0,407.0,,28.0,,False,
2025-07-23T18:00:00.000Z,GR,Greece,GR,337.0,419.0,,26.0,,False,
2025-07-23T19:00:00.000Z,GR,Greece,GR,356.0,442.0,,21.0,,False,
2025-07-23T20:00:00.000Z,GR,Greece,GR,371.0,462.0,,18.0,,False,
2025-07-23T21:00:00.000Z,GR,Greece,GR,386.0,482.0,,15.0,,False,
2025-07-23T22:00:00.000Z,GR,Greece,GR,396.0,496.0,,11.0,,False,
2025-07-23T23:00:00.000Z,GR,Greece,GR,407.0,503.0,,11.0,,False,
2025-07-24T00:00:00.000Z,GR,Greece,GR,407.0,502.0,,12.0,,False,
2025-07-24T01:00:00.000Z,GR,Greece,GR,406.0,502.0,,11.0,,False,
2025-07-24T02:00:00.000Z,GR,Greece,GR,398.0,493.0,,13.0,,False,
2025-07-24T03:00:00.000Z,GR,Greece,GR,376.0,466.0,,18.0,,False,
2025-07-24T04:00:00.000Z,GR,Greece,GR,331.0,413.0,,28.0,,False,
2025-07-24T05:00:00.000Z,GR,Greece,GR,276.0,348.0,,40.0,,False,
2025-07-24T06:00:00.000Z,GR,Greece,GR,221.0,285.0,,52.0,,False,
2025-07-24T07:00:00.000Z,GR,Greece,GR,194.0,255.0,,57.0,,False,
2025-07-24T08:00:00.000Z,GR,Greece,GR,175.0,232.0,,62.0,,False,
2025-07-24T09:00:00.000Z,GR,Greece,GR,164.0,219.0,,64.0,,False,
2025-07-24T10:00:00.000Z,GR,Greece,GR,160.0,214.0,,65.0,,False,
2025-07-24T11:00:00.000Z,GR,Greece,GR,162.0,216.0,,65.0,,False,
2025-07-24T12:00:00.000Z,GR,Greece,GR,173.0,229.0,,62.0,,False,
2025-07-24T13:00:00.000Z,GR,Greece,GR,191.0,251.0,,58.0,,False,
2025-07-24T14:00:00.000Z,GR,Greece,GR,220.0,286.0,,51.0,,False,
2025-07-24T15:00:00.000Z,GR,Greece,GR,254.0,327.0,,43.0,,False,
2025-07-24T16:00:00.000Z,GR,Greece,GR,294.0,370.0,,33.0,,False,
2025-07-24T17:00:00.000Z,GR,Greece,GR,318.0,396.0,,29.0,,False,
2025-07-24T18:00:00.000Z,GR,Greece,GR,318.0,396.0,,29.0,,False,
2025-07-24T19:00:00.000Z,GR,Greece,GR,317.0,397.0,,28.0,,False,
2025-07-24T20:00:00.000Z,GR,Greece,GR,331.0,415.0,,26.0,,False,
2025-07-24T21:00:00.000Z,GR,Greece,GR,348.0,438.0,,22.0,,False,
2025-07-24T22:00:00.000Z,GR,Greece,GR,359.0,452.0,,19.0,,False,
2025-07-24T23:00:00.000Z,GR,Greece,GR,357.0,443.0,,22.0,,False,
2025-07-25T00:00:00.000Z,GR,Greece,GR,358.0,445.0,,22.0,,False,
2025-07-25T01:00:00.000Z,GR,Greece,GR,351.0,439.0,,22.0,,False,
2025-07-25T02:00:00.000Z,GR,Greece,GR,342.0,429.0,,24.0,,False,
2025-07-25T03:00:00.000Z,GR,Greece,GR,340.0,425.0,,25.0,,False,
2025-07-25T04:00:00.000Z,GR,Greece,GR,309.0,390.0,,31.0,,False,
2025-07-25T05:00:00.000Z,GR,Greece,GR,260.0,332.0,,42.0,,False,
2025-07-25T06:00:00.000Z,GR,Greece,GR,221.0,287.0,,51.0,,False,
2025-07-25T07:00:00.000Z,GR,Greece,GR,191.0,251.0,,58.0,,False,
2025-07-25T08:00:00.000Z,GR,Greece,GR,168.0,223.0,,63.0,,False,
2025-07-25T09:00:00.000Z,GR,Greece,GR,155.0,207.0,,66.0,,False,
2025-07-25T10:00:00.000Z,GR,Greece,GR,150.0,202.0,,67.0,,False,
2025-07-25T11:00:00.000Z,GR,Greece,GR,150.0,200.0,,68.0,,False,
2025-07-25T12:00:00.000Z,GR,Greece,GR,164.0,218.0,,64.0,,False,
2025-07-25T13:00:00.000Z,GR,Greece,GR,190.0,250.0,,58.0,,False,
2025-07-25T14:00:00.000Z,GR,Greece,GR,210.0,271.0,,53.0,,False,
2025-07-25T15:00:00.000Z,GR,Greece,GR,244.0,311.0,,44.0,,False,
2025-07-25T16:00:00.000Z,GR,Greece,GR,279.0,350.0,,37.0,,False,
2025-07-25T17:00:00.000Z,GR,Greece,GR,294.0,366.0,,35.0,,False,
2025-07-25T18:00:00.000Z,GR,Greece,GR,301.0,375.0,,33.0,,False,
2025-07-25T19:00:00.000Z,GR,Greece,GR,308.0,386.0,,31.0,,False,
2025-07-25T20:00:00.000Z,GR,Greece,GR,316.0,397.0,,30.0,,False,
2025-07-25T21:00:00.000Z,GR,Greece,GR,332.0,418.0,,26.0,,False,
2025-07-25T22:00:00.000Z,GR,Greece,GR,314.0,399.0,,28.0,,False,
2025-07-25T23:00:00.000Z,GR,Greece,GR,305.0,387.0,,30.0,,False,
2025-07-26T00:00:00.000Z,GR,Greece,GR,307.0,389.0,,30.0,,False,
2025-07-26T01:00:00.000Z,GR,Greece,GR,307.0,387.0,,31.0,,False,
2025-07-26T02:00:00.000Z,GR,Greece,GR,291.0,370.0,,33.0,,False,
2025-07-26T03:00:00.000Z,GR,Greece,GR,275.0,346.0,,39.0,,False,
2025-07-26T04:00:00.000Z,GR,Greece,GR,236.0,305.0,,45.0,,False,
2025-07-26T05:00:00.000Z,GR,Greece,GR,183.0,242.0,,58.0,,False,
2025-07-26T06:00:00.000Z,GR,Greece,GR,139.0,189.0,,68.0,,False,
2025-07-26T07:00:00.000Z,GR,Greece,GR,110.0,154.0,,75.0,,False,
2025-07-26T08:00:00.000Z,GR,Greece,GR,94.0,135.0,,79.0,,False,
2025-07-26T09:00:00.000Z,GR,Greece,GR,88.0,127.0,,81.0,,False,
2025-07-26T10:00:00.000Z,GR,Greece,GR,84.0,122.0,,82.0,,False,
2025-07-26T11:00:00.000Z,GR,Greece,GR,86.0,124.0,,81.0,,False,
2025-07-26T12:00:00.000Z,GR,Greece,GR,96.0,137.0,,78.0,,False,
2025-07-26T13:00:00.000Z,GR,Greece,GR,117.0,162.0,,73.0,,False,
2025-07-26T14:00:00.000Z,GR,Greece,GR,149.0,203.0,,65.0,,False,
2025-07-26T15:00:00.000Z,GR,Greece,GR,192.0,254.0,,54.0,,False,
2025-07-26T16:00:00.000Z,GR,Greece,GR,224.0,293.0,,46.0,,False,
2025-07-26T17:00:00.000Z,GR,Greece,GR,243.0,314.0,,41.0,,False,
2025-07-26T18:00:00.000Z,GR,Greece,GR,250.0,322.0,,39.0,,False,
2025-07-26T19:00:00.000Z,GR,Greece,GR,251.0,323.0,,39.0,,False,
2025-07-26T20:00:00.000Z,GR,Greece,GR,263.0,338.0,,37.0,,False,
2025-07-26T21:00:00.000Z,GR,Greece,GR,282.0,365.0,,32.0,,False,
2025-07-26T22:00:00.000Z,GR,Greece,GR,280.0,364.0,,32.0,,False,
2025-07-26T23:00:00.000Z,GR,Greece,GR,280.0,359.0,,35.0,,False,
2025-07-27T00:00:00.000Z,GR,Greece,GR,287.0,367.0,,34.0,,False,
2025-07-27T01:00:00.000Z,GR,Greece,GR,302.0,382.0,,31.0,,False,
2025-07-27T02:00:00.000Z,GR,Greece,GR,303.0,383.0,,31.0,,False,
2025-07-27T03:00:00.000Z,GR,Greece,GR,303.0,381.0,,32.0,,False,
2025-07-27T04:00:00.000Z,GR,Greece,GR,278.0,350.0,,38.0,,False,
2025-07-27T05:00:00.000Z,GR,Greece,GR,214.0,276.0,,52.0,,False,
2025-07-27T06:00:00.000Z,GR,Greece,GR,147.0,198.0,,67.0,,False,
2025-07-27T07:00:00.000Z,GR,Greece,GR,126.0,174.0,,72.0,,False,
2025-07-27T08:00:00.000Z,GR,Greece,GR,108.0,153.0,,76.0,,False,
2025-07-27T09:00:00.000Z,GR,Greece,GR,100.0,144.0,,78.0,,False,
2025-07-27T10:00:00.000Z,GR,Greece,GR,93.0,135.0,,80.0,,False,
2025-07-27T11:00:00.000Z,GR,Greece,GR,96.0,137.0,,79.0,,False,
2025-07-27T12:00:00.000Z,GR,Greece,GR,102.0,145.0,,78.0,,False,
2025-07-27T13:00:00.000Z,GR,Greece,GR,117.0,164.0,,74.0,,False,
2025-07-27T14:00:00.000Z,GR,Greece,GR,153.0,207.0,,65.0,,False,
2025-07-27T15:00:00.000Z,GR,Greece,GR,207.0,270.0,,52.0,,False,
2025-07-27T16:00:00.000Z,GR,Greece,GR,243.0,312.0,,42.0,,False,
2025-07-27T17:00:00.000Z,GR,Greece,GR,261.0,334.0,,38.0,,False,
2025-07-27T18:00:00.000Z,GR,Greece,GR,263.0,336.0,,37.0,,False,
2025-07-27T19:00:00.000Z,GR,Greece,GR,263.0,337.0,,37.0,,False,
2025-07-27T20:00:00.000Z,GR,Greece,GR,269.0,345.0,,36.0,,False,
2025-07-27T21:00:00.000Z,GR,Greece,GR,297.0,377.0,,32.0,,False,
2025-07-27T22:00:00.000Z,GR,Greece,GR,309.0,392.0,,29.0,,False,
2025-07-27T23:00:00.000Z,GR,Greece,GR,315.0,394.0,,30.0,,False,
2025-07-28T00:00:00.000Z,GR,Greece,GR,327.0,407.0,,28.0,,False,
2025-07-28T01:00:00.000Z,GR,Greece,GR,335.0,416.0,,27.0,,False,
2025-07-28T02:00:00.000Z,GR,Greece,GR,333.0,413.0,,28.0,,False,
2025-07-28T03:00:00.000Z,GR,Greece,GR,323.0,402.0,,30.0,,False,
2025-07-28T04:00:00.000Z,GR,Greece,GR,283.0,363.0,,35.0,,False,
2025-07-28T05:00:00.000Z,GR,Greece,GR,230.0,298.0,,47.0,,False,
2025-07-28T06:00:00.000Z,GR,Greece,GR,180.0,241.0,,58.0,,False,
2025-07-28T07:00:00.000Z,GR,Greece,GR,143.0,197.0,,67.0,,False,
2025-07-28T08:00:00.000Z,GR,Greece,GR,119.0,167.0,,73.0,,False,
2025-07-28T09:00:00.000Z,GR,Greece,GR,113.0,159.0,,75.0,,False,
2025-07-28T10:00:00.000Z,GR,Greece,GR,105.0,150.0,,77.0,,False,
2025-07-28T11:00:00.000Z,GR,Greece,GR,108.0,153.0,,76.0,,False,
2025-07-28T12:00:00.000Z,GR,Greece,GR,115.0,161.0,,74.0,,False,
2025-07-28T13:00:00.000Z,GR,Greece,GR,129.0,179.0,,70.0,,False,
2025-07-28T14:00:00.000Z,GR,Greece,GR,168.0,226.0,,61.0,,False,
2025-07-28T15:00:00.000Z,GR,Greece,GR,206.0,273.0,,51.0,,False,
2025-07-28T16:00:00.000Z,GR,Greece,GR,234.0,303.0,,44.0,,False,
2025-07-28T17:00:00.000Z,GR,Greece,GR,259.0,332.0,,37.0,,False,
2025-07-28T18:00:00.000Z,GR,Greece,GR,262.0,335.0,,36.0,,False,
2025-07-28T19:00:00.000Z,GR,Greece,GR,261.0,333.0,,37.0,,False,
2025-07-28T20:00:00.000Z,GR,Greece,GR,265.0,341.0,,36.0,,False,
2025-07-28T21:00:00.000Z,GR,Greece,GR,285.0,365.0,,33.0,,False,
2025-07-28T22:00:00.000Z,GR,Greece,GR,320.0,402.0,,28.0,,False,
2025-07-28T23:00:00.000Z,GR,Greece,GR,321.0,401.0,,29.0,,False,
2025-07-29T00:00:00.000Z,GR,Greece,GR,321.0,400.0,,30.0,,False,
2025-07-29T01:00:00.000Z,GR,Greece,GR,326.0,405.0,,29.0,,False,
2025-07-29T02:00:00.000Z,GR,Greece,GR,329.0,410.0,,28.0,,False,
2025-07-29T03:00:00.000Z,GR,Greece,GR,329.0,409.0,,27.0,,False,
2025-07-29T04:00:00.000Z,GR,Greece,GR,304.0,379.0,,33.0,,False,
2025-07-29T05:00:00.000Z,GR,Greece,GR,241.0,308.0,,46.0,,False,
2025-07-29T06:00:00.000Z,GR,Greece,GR,186.0,247.0,,57.0,,False,
2025-07-29T07:00:00.000Z,GR,Greece,GR,164.0,221.0,,62.0,,False,
2025-07-29T08:00:00.000Z,GR,Greece,GR,132.0,182.0,,70.0,,False,
2025-07-29T09:00:00.000Z,GR,Greece,GR,105.0,149.0,,77.0,,False,
2025-07-29T10:00:00.000Z,GR,Greece,GR,102.0,145.0,,77.0,,False,
2025-07-29T11:00:00.000Z,GR,Greece,GR,110.0,155.0,,75.0,,False,
2025-07-29T12:00:00.000Z,GR,Greece,GR,121.0,169.0,,72.0,,False,
2025-07-29T13:00:00.000Z,GR,Greece,GR,135.0,186.0,,69.0,,False,
2025-07-29T14:00:00.000Z,GR,Greece,GR,178.0,239.0,,58.0,,False,
2025-07-29T15:00:00.000Z,GR,Greece,GR,228.0,298.0,,46.0,,False,
2025-07-29T16:00:00.000Z,GR,Greece,GR,253.0,324.0,,40.0,,False,
2025-07-29T17:00:00.000Z,GR,Greece,GR,274.0,349.0,,34.0,,False,
2025-07-29T18:00:00.000Z,GR,Greece,GR,278.0,354.0,,33.0,,False,
2025-07-29T19:00:00.000Z,GR,Greece,GR,285.0,364.0,,31.0,,False,
2025-07-29T20:00:00.000Z,GR,Greece,GR,298.0,382.0,,29.0,,False,
2025-07-29T21:00:00.000Z,GR,Greece,GR,326.0,415.0,,24.0,,False,
2025-07-29T22:00:00.000Z,GR,Greece,GR,350.0,442.0,,19.0,,False,
2025-07-29T23:00:00.000Z,GR,Greece,GR,354.0,442.0,,21.0,,False,
2025-07-30T00:00:00.000Z,GR,Greece,GR,362.0,450.0,,20.0,,False,
2025-07-30T01:00:00.000Z,GR,Greece,GR,365.0,453.0,,20.0,,False,
2025-07-30T02:00:00.000Z,GR,Greece,GR,363.0,450.0,,20.0,,False,
2025-07-30T03:00:00.000Z,GR,Greece,GR,347.0,435.0,,22.0,,False,
2025-07-30T04:00:00.000Z,GR,Greece,GR,303.0,385.0,,31.0,,False,
2025-07-30T05:00:00.000Z,GR,Greece,GR,229.0,300.0,,46.0,,False,
2025-07-30T06:00:00.000Z,GR,Greece,GR,168.0,228.0,,59.0,,False,
2025-07-30T07:00:00.000Z,GR,Greece,GR,127.0,179.0,,70.0,,False,
2025-07-30T08:00:00.000Z,GR,Greece,GR,109.0,157.0,,74.0,,False,
2025-07-30T09:00:00.000Z,GR,Greece,GR,99.0,145.0,,77.0,,False,
2025-07-30T10:00:00.000Z,GR,Greece,GR,109.0,154.0,,75.0,,False,
2025-07-30T11:00:00.000Z,GR,Greece,GR,122.0,170.0,,72.0,,False,
2025-07-30T12:00:00.000Z,GR,Greece,GR,146.0,197.0,,68.0,,False,
2025-07-30T13:00:00.000Z,GR,Greece,GR,178.0,236.0,,60.0,,False,
2025-07-30T14:00:00.000Z,GR,Greece,GR,232.0,303.0,,46.0,,False,
2025-07-30T15:00:00.000Z,GR,Greece,GR,272.0,349.0,,36.0,,False,
2025-07-30T16:00:00.000Z,GR,Greece,GR,287.0,366.0,,31.0,,False,
2025-07-30T17:00:00.000Z,GR,Greece,GR,300.0,379.0,,29.0,,False,
2025-07-30T18:00:00.000Z,GR,Greece,GR,303.0,384.0,,27.0,,False,
2025-07-30T19:00:00.000Z,GR,Greece,GR,304.0,387.0,,27.0,,False,
2025-07-30T20:00:00.000Z,GR,Greece,GR,307.0,393.0,,26.0,,False,
2025-07-30T21:00:00.000Z,GR,Greece,GR,327.0,418.0,,22.0,,False,
2025-07-30T22:00:00.000Z,GR,Greece,GR,363.0,463.0,,13.0,,False,
2025-07-30T23:00:00.000Z,GR,Greece,GR,367.0,461.0,,16.0,,False,
2025-07-31T00:00:00.000Z,GR,Greece,GR,378.0,469.0,,17.0,,False,
2025-07-31T01:00:00.000Z,GR,Greece,GR,381.0,470.0,,18.0,,False,
2025-07-31T02:00:00.000Z,GR,Greece,GR,371.0,460.0,,19.0,,False,
2025-07-31T03:00:00.000Z,GR,Greece,GR,354.0,442.0,,21.0,,False,
2025-07-31T04:00:00.000Z,GR,Greece,GR,322.0,406.0,,27.0,,False,
2025-07-31T05:00:00.000Z,GR,Greece,GR,281.0,358.0,,36.0,,False,
2025-07-31T06:00:00.000Z,GR,Greece,GR,235.0,305.0,,47.0,,False,
2025-07-31T07:00:00.000Z,GR,Greece,GR,224.0,290.0,,50.0,,False,
2025-07-31T08:00:00.000Z,GR,Greece,GR,201.0,261.0,,57.0,,False,
2025-07-31T09:00:00.000Z,GR,Greece,GR,182.0,240.0,,60.0,,False,
2025-07-31T10:00:00.000Z,GR,Greece,GR,172.0,226.0,,64.0,,False,
2025-07-31T11:00:00.000Z,GR,Greece,GR,177.0,231.0,,62.0,,False,
2025-07-31T12:00:00.000Z,GR,Greece,GR,185.0,242.0,,60.0,,False,
2025-07-31T13:00:00.000Z,GR,Greece,GR,191.0,247.0,,59.0,,False,
2025-07-31T14:00:00.000Z,GR,Greece,GR,227.0,293.0,,49.0,,False,
2025-07-31T15:00:00.000Z,GR,Greece,GR,242.0,309.0,,46.0,,False,
2025-07-31T16:00:00.000Z,GR,Greece,GR,245.0,311.0,,45.0,,False,
2025-07-31T17:00:00.000Z,GR,Greece,GR,249.0,314.0,,43.0,,False,
2025-07-31T18:00:00.000Z,GR,Greece,GR,242.0,302.0,,45.0,,False,
2025-07-31T19:00:00.000Z,GR,Greece,GR,238.0,298.0,,47.0,,False,
2025-07-31T20:00:00.000Z,GR,Greece,GR,250.0,313.0,,44.0,,False,
2025-07-31T21:00:00.000Z,GR,Greece,GR,262.0,331.0,,42.0,,False,
2025-07-31T22:00:00.000Z,GR,Greece,GR,273.0,346.0,,39.0,,False,
2025-07-31T23:00:00.000Z,GR,Greece,GR,264.0,333.0,,42.0,,False,
2025-08-01T00:00:00.000Z,GR,Greece,GR,254.0,319.0,,45.0,,False,
2025-08-01T01:00:00.000Z,GR,Greece,GR,254.0,319.0,,45.0,,False,
2025-08-01T02:00:00.000Z,GR,Greece,GR,254.0,322.0,,44.0,,False,
2025-08-01T03:00:00.000Z,GR,Greece,GR,254.0,321.0,,43.0,,False,
2025-08-01T04:00:00.000Z,GR,Greece,GR,230.0,294.0,,48.0,,False,
2025-08-01T05:00:00.000Z,GR,Greece,GR,190.0,247.0,,58.0,,False,
2025-08-01T06:00:00.000Z,GR,Greece,GR,136.0,181.0,,72.0,,False,
2025-08-01T07:00:00.000Z,GR,Greece,GR,102.0,140.0,,80.0,,False,
2025-08-01T08:00:00.000Z,GR,Greece,GR,81.0,116.0,,84.0,,False,
2025-08-01T09:00:00.000Z,GR,Greece,GR,74.0,109.0,,85.0,,False,
2025-08-01T10:00:00.000Z,GR,Greece,GR,73.0,107.0,,85.0,,False,
2025-08-01T11:00:00.000Z,GR,Greece,GR,71.0,106.0,,86.0,,False,
2025-08-01T12:00:00.000Z,GR,Greece,GR,73.0,108.0,,85.0,,False,
2025-08-01T13:00:00.000Z,GR,Greece,GR,95.0,135.0,,80.0,,False,
2025-08-01T14:00:00.000Z,GR,Greece,GR,123.0,168.0,,73.0,,False,
2025-08-01T15:00:00.000Z,GR,Greece,GR,189.0,244.0,,56.0,,False,
2025-08-01T16:00:00.000Z,GR,Greece,GR,224.0,285.0,,47.0,,False,
2025-08-01T17:00:00.000Z,GR,Greece,GR,253.0,321.0,,40.0,,False,
2025-08-01T18:00:00.000Z,GR,Greece,GR,257.0,326.0,,38.0,,False,
2025-08-01T19:00:00.000Z,GR,Greece,GR,259.0,328.0,,38.0,,False,
2025-08-01T20:00:00.000Z,GR,Greece,GR,280.0,356.0,,33.0,,False,
2025-08-01T21:00:00.000Z,GR,Greece,GR,296.0,382.0,,29.0,,False,
2025-08-01T22:00:00.000Z,GR,Greece,GR,318.0,409.0,,23.0,,False,
2025-08-01T23:00:00.000Z,GR,Greece,GR,308.0,396.0,,26.0,,False,
2025-08-02T00:00:00.000Z,GR,Greece,GR,299.0,384.0,,29.0,,False,
2025-08-02T01:00:00.000Z,GR,Greece,GR,286.0,368.0,,32.0,,False,
2025-08-02T02:00:00.000Z,GR,Greece,GR,274.0,352.0,,35.0,,False,
2025-08-02T03:00:00.000Z,GR,Greece,GR,269.0,347.0,,36.0,,False,
2025-08-02T04:00:00.000Z,GR,Greece,GR,240.0,310.0,,44.0,,False,
2025-08-02T05:00:00.000Z,GR,Greece,GR,172.0,227.0,,61.0,,False,
2025-08-02T06:00:00.000Z,GR,Greece,GR,103.0,143.0,,78.0,,False,
2025-08-02T07:00:00.000Z,GR,Greece,GR,82.0,119.0,,83.0,,False,
2025-08-02T08:00:00.000Z,GR,Greece,GR,76.0,111.0,,85.0,,False,
2025-08-02T09:00:00.000Z,GR,Greece,GR,75.0,110.0,,85.0,,False,
2025-08-02T10:00:00.000Z,GR,Greece,GR,75.0,110.0,,85.0,,False,
2025-08-02T11:00:00.000Z,GR,Greece,GR,77.0,112.0,,84.0,,False,
2025-08-02T12:00:00.000Z,GR,Greece,GR,80.0,116.0,,84.0,,False,
2025-08-02T13:00:00.000Z,GR,Greece,GR,93.0,132.0,,81.0,,False,
2025-08-02T14:00:00.000Z,GR,Greece,GR,138.0,187.0,,70.0,,False,
2025-08-02T15:00:00.000Z,GR,Greece,GR,208.0,267.0,,54.0,,False,
2025-08-02T16:00:00.000Z,GR,Greece,GR,259.0,327.0,,39.0,,False,
2025-08-02T17:00:00.000Z,GR,Greece,GR,275.0,349.0,,34.0,,False,
2025-08-02T18:00:00.000Z,GR,Greece,GR,280.0,355.0,,33.0,,False,
2025-08-02T19:00:00.000Z,GR,Greece,GR,285.0,361.0,,32.0,,False,
2025-08-02T20:00:00.000Z,GR,Greece,GR,305.0,382.0,,29.0,,False,
2025-08-02T21:00:00.000Z,GR,Greece,GR,337.0,423.0,,23.0,,False,
2025-08-02T22:00:00.000Z,GR,Greece,GR,364.0,461.0,,15.0,,False,
2025-08-02T23:00:00.000Z,GR,Greece,GR,372.0,457.0,,19.0,,False,
2025-08-03T00:00:00.000Z,GR,Greece,GR,373.0,457.0,,20.0,,False,
2025-08-03T01:00:00.000Z,GR,Greece,GR,364.0,443.0,,24.0,,False,
2025-08-03T02:00:00.000Z,GR,Greece,GR,353.0,428.0,,27.0,,False,
2025-08-03T03:00:00.000Z,GR,Greece,GR,339.0,410.0,,30.0,,False,
2025-08-03T04:00:00.000Z,GR,Greece,GR,288.0,349.0,,41.0,,False,
2025-08-03T05:00:00.000Z,GR,Greece,GR,196.0,247.0,,60.0,,False,
2025-08-03T06:00:00.000Z,GR,Greece,GR,123.0,167.0,,75.0,,False,
2025-08-03T07:00:00.000Z,GR,Greece,GR,100.0,141.0,,80.0,,False,
2025-08-03T08:00:00.000Z,GR,Greece,GR,92.0,131.0,,82.0,,False,
2025-08-03T09:00:00.000Z,GR,Greece,GR,90.0,129.0,,82.0,,False,
2025-08-03T10:00:00.000Z,GR,Greece,GR,88.0,127.0,,82.0,,False,
2025-08-03T11:00:00.000Z,GR,Greece,GR,93.0,133.0,,81.0,,False,
2025-08-03T12:00:00.000Z,GR,Greece,GR,97.0,137.0,,81.0,,False,
2025-08-03T13:00:00.000Z,GR,Greece,GR,115.0,159.0,,76.0,,False,
2025-08-03T14:00:00.000Z,GR,Greece,GR,165.0,213.0,,67.0,,False,
2025-08-03T15:00:00.000Z,GR,Greece,GR,233.0,290.0,,51.0,,False,
2025-08-03T16:00:00.000Z,GR,Greece,GR,260.0,325.0,,40.0,,False,
2025-08-03T17:00:00.000Z,GR,Greece,GR,287.0,360.0,,33.0,,False,
2025-08-03T18:00:00.000Z,GR,Greece,GR,296.0,372.0,,30.0,,False,
2025-08-03T19:00:00.000Z,GR,Greece,GR,300.0,376.0,,29.0,,False,
2025-08-03T20:00:00.000Z,GR,Greece,GR,314.0,394.0,,27.0,,False,
2025-08-03T21:00:00.000Z,GR,Greece,GR,344.0,430.0,,23.0,,False,
2025-08-03T22:00:00.000Z,GR,Greece,GR,381.0,473.0,,15.0,,False,
2025-08-03T23:00:00.000Z,GR,Greece,GR,396.0,490.0,,12.0,,False,
2025-08-04T00:00:00.000Z,GR,Greece,GR,401.0,493.0,,13.0,,False,
2025-08-04T01:00:00.000Z,GR,Greece,GR,406.0,499.0,,12.0,,False,
2025-08-04T02:00:00.000Z,GR,Greece,GR,399.0,492.0,,14.0,,False,
2025-08-04T03:00:00.000Z,GR,Greece,GR,393.0,492.0,,11.0,,False,
2025-08-04T04:00:00.000Z,GR,Greece,GR,354.0,448.0,,19.0,,False,
2025-08-04T05:00:00.000Z,GR,Greece,GR,270.0,350.0,,36.0,,False,
2025-08-04T06:00:00.000Z,GR,Greece,GR,205.0,273.0,,52.0,,False,
2025-08-04T07:00:00.000Z,GR,Greece,GR,142.0,194.0,,69.0,,False,
2025-08-04T08:00:00.000Z,GR,Greece,GR,106.0,150.0,,77.0,,False,
2025-08-04T09:00:00.000Z,GR,Greece,GR,96.0,138.0,,80.0,,False,
2025-08-04T10:00:00.000Z,GR,Greece,GR,94.0,136.0,,80.0,,False,
2025-08-04T11:00:00.000Z,GR,Greece,GR,87.0,130.0,,80.0,,False,
2025-08-04T12:00:00.000Z,GR,Greece,GR,84.0,129.0,,78.0,,False,
2025-08-04T13:00:00.000Z,GR,Greece,GR,107.0,153.0,,75.0,,False,
2025-08-04T14:00:00.000Z,GR,Greece,GR,152.0,209.0,,63.0,,False,
2025-08-04T15:00:00.000Z,GR,Greece,GR,220.0,290.0,,46.0,,False,
2025-08-04T16:00:00.000Z,GR,Greece,GR,259.0,339.0,,34.0,,False,
2025-08-04T17:00:00.000Z,GR,Greece,GR,270.0,349.0,,31.0,,False,
2025-08-04T18:00:00.000Z,GR,Greece,GR,275.0,355.0,,30.0,,False,
2025-08-04T19:00:00.000Z,GR,Greece,GR,280.0,360.0,,30.0,,False,
2025-08-04T20:00:00.000Z,GR,Greece,GR,294.0,380.0,,28.0,,False,
2025-08-04T21:00:00.000Z,GR,Greece,GR,305.0,387.0,,29.0,,False,
2025-08-04T22:00:00.000Z,GR,Greece,GR,337.0,429.0,,21.0,,False,
2025-08-04T23:00:00.000Z,GR,Greece,GR,346.0,433.0,,22.0,,False,
2025-08-05T00:00:00.000Z,GR,Greece,GR,349.0,434.0,,22.0,,False,
2025-08-05T01:00:00.000Z,GR,Greece,GR,340.0,420.0,,25.0,,False,
2025-08-05T02:00:00.000Z,GR,Greece,GR,316.0,390.0,,32.0,,False,
2025-08-05T03:00:00.000Z,GR,Greece,GR,302.0,373.0,,35.0,,False,
2025-08-05T04:00:00.000Z,GR,Greece,GR,274.0,343.0,,40.0,,False,
2025-08-05T05:00:00.000Z,GR,Greece,GR,219.0,282.0,,50.0,,False,
2025-08-05T06:00:00.000Z,GR,Greece,GR,146.0,194.0,,68.0,,False,
2025-08-05T07:00:00.000Z,GR,Greece,GR,133.0,183.0,,69.0,,False,
2025-08-05T08:00:00.000Z,GR,Greece,GR,117.0,164.0,,73.0,,False,
2025-08-05T09:00:00.000Z,GR,Greece,GR,117.0,158.0,,75.0,,False,
2025-08-05T10:00:00.000Z,GR,Greece,GR,115.0,157.0,,75.0,,False,
2025-08-05T11:00:00.000Z,GR,Greece,GR,121.0,163.0,,74.0,,False,
2025-08-05T12:00:00.000Z,GR,Greece,GR,129.0,172.0,,73.0,,False,
2025-08-05T13:00:00.000Z,GR,Greece,GR,154.0,201.0,,67.0,,False,
2025-08-05T14:00:00.000Z,GR,Greece,GR,207.0,269.0,,53.0,,False,
2025-08-05T15:00:00.000Z,GR,Greece,GR,264.0,343.0,,36.0,,False,
2025-08-05T16:00:00.000Z,GR,Greece,GR,271.0,349.0,,33.0,,False,
2025-08-05T17:00:00.000Z,GR,Greece,GR,285.0,366.0,,29.0,,False,
2025-08-05T18:00:00.000Z,GR,Greece,GR,284.0,366.0,,29.0,,False,
2025-08-05T19:00:00.000Z,GR,Greece,GR,277.0,359.0,,31.0,,False,
2025-08-05T20:00:00.000Z,GR,Greece,GR,264.0,343.0,,34.0,,False,
2025-08-05T21:00:00.000Z,GR,Greece,GR,274.0,356.0,,33.0,,False,
2025-08-05T22:00:00.000Z,GR,Greece,GR,292.0,370.0,,32.0,,False,
2025-08-05T23:00:00.000Z,GR,Greece,GR,277.0,343.0,,38.0,,False,
2025-08-06T00:00:00.000Z,GR,Greece,GR,264.0,327.0,,42.0,,False,
2025-08-06T01:00:00.000Z,GR,Greece,GR,253.0,313.0,,45.0,,False,
2025-08-06T02:00:00.000Z,GR,Greece,GR,250.0,309.0,,46.0,,False,
2025-08-06T03:00:00.000Z,GR,Greece,GR,246.0,308.0,,45.0,,False,
2025-08-06T04:00:00.000Z,GR,Greece,GR,209.0,270.0,,51.0,,False,
2025-08-06T05:00:00.000Z,GR,Greece,GR,156.0,209.0,,63.0,,False,
2025-08-06T06:00:00.000Z,GR,Greece,GR,93.0,134.0,,79.0,,False,
2025-08-06T07:00:00.000Z,GR,Greece,GR,63.0,98.0,,86.0,,False,
2025-08-06T08:00:00.000Z,GR,Greece,GR,57.0,90.0,,87.0,,False,
2025-08-06T09:00:00.000Z,GR,Greece,GR,65.0,101.0,,85.0,,False,
2025-08-06T10:00:00.000Z,GR,Greece,GR,64.0,99.0,,86.0,,False,
2025-08-06T11:00:00.000Z,GR,Greece,GR,64.0,98.0,,86.0,,False,
2025-08-06T12:00:00.000Z,GR,Greece,GR,70.0,105.0,,85.0,,False,
2025-08-06T13:00:00.000Z,GR,Greece,GR,80.0,116.0,,83.0,,False,
2025-08-06T14:00:00.000Z,GR,Greece,GR,103.0,143.0,,78.0,,False,
2025-08-06T15:00:00.000Z,GR,Greece,GR,163.0,215.0,,61.0,,False,
2025-08-06T16:00:00.000Z,GR,Greece,GR,206.0,265.0,,50.0,,False,
2025-08-06T17:00:00.000Z,GR,Greece,GR,226.0,290.0,,44.0,,False,
2025-08-06T18:00:00.000Z,GR,Greece,GR,225.0,289.0,,44.0,,False,
2025-08-06T19:00:00.000Z,GR,Greece,GR,220.0,283.0,,46.0,,False,
2025-08-06T20:00:00.000Z,GR,Greece,GR,211.0,275.0,,48.0,,False,
2025-08-06T21:00:00.000Z,GR,Greece,GR,216.0,284.0,,46.0,,False,
2025-08-06T22:00:00.000Z,GR,Greece,GR,218.0,287.0,,46.0,,False,
2025-08-06T23:00:00.000Z,GR,Greece,GR,201.0,265.0,,51.0,,False,
2025-08-07T00:00:00.000Z,GR,Greece,GR,189.0,249.0,,54.0,,False,
2025-08-07T01:00:00.000Z,GR,Greece,GR,172.0,227.0,,59.0,,False,
2025-08-07T02:00:00.000Z,GR,Greece,GR,178.0,235.0,,57.0,,False,
2025-08-07T03:00:00.000Z,GR,Greece,GR,167.0,221.0,,60.0,,False,
2025-08-07T04:00:00.000Z,GR,Greece,GR,153.0,203.0,,63.0,,False,
2025-08-07T05:00:00.000Z,GR,Greece,GR,113.0,156.0,,73.0,,False,
2025-08-07T06:00:00.000Z,GR,Greece,GR,80.0,117.0,,81.0,,False,
2025-08-07T07:00:00.000Z,GR,Greece,GR,62.0,96.0,,86.0,,False,
2025-08-07T08:00:00.000Z,GR,Greece,GR,55.0,88.0,,88.0,,False,
2025-08-07T09:00:00.000Z,GR,Greece,GR,63.0,97.0,,86.0,,False,
2025-08-07T10:00:00.000Z,GR,Greece,GR,57.0,90.0,,87.0,,False,
2025-08-07T11:00:00.000Z,GR,Greece,GR,57.0,91.0,,87.0,,False,
2025-08-07T12:00:00.000Z,GR,Greece,GR,62.0,97.0,,86.0,,False,
2025-08-07T13:00:00.000Z,GR,Greece,GR,79.0,117.0,,82.0,,False,
2025-08-07T14:00:00.000Z,GR,Greece,GR,91.0,130.0,,79.0,,False,
2025-08-07T15:00:00.000Z,GR,Greece,GR,148.0,197.0,,64.0,,False,
2025-08-07T16:00:00.000Z,GR,Greece,GR,198.0,257.0,,51.0,,False,
2025-08-07T17:00:00.000Z,GR,Greece,GR,205.0,266.0,,49.0,,False,
2025-08-07T18:00:00.000Z,GR,Greece,GR,205.0,265.0,,49.0,,False,
2025-08-07T19:00:00.000Z,GR,Greece,GR,197.0,254.0,,52.0,,False,
2025-08-07T20:00:00.000Z,GR,Greece,GR,194.0,252.0,,52.0,,False,
2025-08-07T21:00:00.000Z,GR,Greece,GR,210.0,276.0,,48.0,,False,
2025-08-07T22:00:00.000Z,GR,Greece,GR,222.0,292.0,,45.0,,False,
2025-08-07T23:00:00.000Z,GR,Greece,GR,202.0,266.0,,50.0,,False,
2025-08-08T00:00:00.000Z,GR,Greece,GR,192.0,254.0,,53.0,,False,
2025-08-08T01:00:00.000Z,GR,Greece,GR,190.0,250.0,,54.0,,False,
2025-08-08T02:00:00.000Z,GR,Greece,GR,192.0,253.0,,53.0,,False,
2025-08-08T03:00:00.000Z,GR,Greece,GR,199.0,262.0,,51.0,,False,
2025-08-08T04:00:00.000Z,GR,Greece,GR,186.0,246.0,,54.0,,False,
2025-08-08T05:00:00.000Z,GR,Greece,GR,135.0,184.0,,67.0,,False,
2025-08-08T06:00:00.000Z,GR,Greece,GR,76.0,111.0,,82.0,,False,
2025-08-08T07:00:00.000Z,GR,Greece,GR,75.0,111.0,,83.0,,False,
2025-08-08T08:00:00.000Z,GR,Greece,GR,63.0,98.0,,86.0,,False,
2025-08-08T09:00:00.000Z,GR,Greece,GR,55.0,88.0,,88.0,,False,
2025-08-08T10:00:00.000Z,GR,Greece,GR,53.0,85.0,,88.0,,False,
2025-08-08T11:00:00.000Z,GR,Greece,GR,57.0,90.0,,87.0,,False,
2025-08-08T12:00:00.000Z,GR,Greece,GR,59.0,92.0,,87.0,,False,
2025-08-08T13:00:00.000Z,GR,Greece,GR,78.0,116.0,,82.0,,False,
2025-08-08T14:00:00.000Z,GR,Greece,GR,91.0,131.0,,78.0,,False,
2025-08-08T15:00:00.000Z,GR,Greece,GR,143.0,193.0,,65.0,,False,
2025-08-08T16:00:00.000Z,GR,Greece,GR,204.0,267.0,,50.0,,False,
2025-08-08T17:00:00.000Z,GR,Greece,GR,212.0,274.0,,48.0,,False,
2025-08-08T18:00:00.000Z,GR,Greece,GR,205.0,265.0,,49.0,,False,
2025-08-08T19:00:00.000Z,GR,Greece,GR,205.0,267.0,,49.0,,False,
2025-08-08T20:00:00.000Z,GR,Greece,GR,203.0,266.0,,50.0,,False,
2025-08-08T21:00:00.000Z,GR,Greece,GR,217.0,286.0,,46.0,,False,
2025-08-08T22:00:00.000Z,GR,Greece,GR,226.0,297.0,,44.0,,False,
2025-08-08T23:00:00.000Z,GR,Greece,GR,216.0,284.0,,47.0,,False,
2025-08-09T00:00:00.000Z,GR,Greece,GR,215.0,283.0,,47.0,,False,
2025-08-09T01:00:00.000Z,GR,Greece,GR,213.0,280.0,,48.0,,False,
2025-08-09T02:00:00.000Z,GR,Greece,GR,209.0,276.0,,48.0,,False,
2025-08-09T03:00:00.000Z,GR,Greece,GR,204.0,269.0,,50.0,,False,
2025-08-09T04:00:00.000Z,GR,Greece,GR,178.0,235.0,,57.0,,False,
2025-08-09T05:00:00.000Z,GR,Greece,GR,117.0,161.0,,72.0,,False,
2025-08-09T06:00:00.000Z,GR,Greece,GR,78.0,114.0,,82.0,,False,
2025-08-09T07:00:00.000Z,GR,Greece,GR,79.0,116.0,,82.0,,False,
2025-08-09T08:00:00.000Z,GR,Greece,GR,65.0,99.0,,86.0,,False,
2025-08-09T09:00:00.000Z,GR,Greece,GR,69.0,105.0,,85.0,,False,
2025-08-09T10:00:00.000Z,GR,Greece,GR,63.0,98.0,,86.0,,False,
2025-08-09T11:00:00.000Z,GR,Greece,GR,63.0,98.0,,86.0,,False,
2025-08-09T12:00:00.000Z,GR,Greece,GR,78.0,116.0,,82.0,,False,
2025-08-09T13:00:00.000Z,GR,Greece,GR,90.0,130.0,,79.0,,False,
2025-08-09T14:00:00.000Z,GR,Greece,GR,94.0,134.0,,78.0,,False,
2025-08-09T15:00:00.000Z,GR,Greece,GR,115.0,157.0,,73.0,,False,
2025-08-09T16:00:00.000Z,GR,Greece,GR,189.0,245.0,,54.0,,False,
2025-08-09T17:00:00.000Z,GR,Greece,GR,199.0,257.0,,51.0,,False,
2025-08-09T18:00:00.000Z,GR,Greece,GR,197.0,254.0,,52.0,,False,
2025-08-09T19:00:00.000Z,GR,Greece,GR,200.0,259.0,,51.0,,False,
2025-08-09T20:00:00.000Z,GR,Greece,GR,194.0,254.0,,52.0,,False,
2025-08-09T21:00:00.000Z,GR,Greece,GR,213.0,281.0,,47.0,,False,
2025-08-09T22:00:00.000Z,GR,Greece,GR,218.0,287.0,,46.0,,False,
2025-08-09T23:00:00.000Z,GR,Greece,GR,191.0,252.0,,54.0,,False,
2025-08-10T00:00:00.000Z,GR,Greece,GR,171.0,226.0,,59.0,,False,
2025-08-10T01:00:00.000Z,GR,Greece,GR,170.0,225.0,,59.0,,False,
2025-08-10T02:00:00.000Z,GR,Greece,GR,167.0,221.0,,60.0,,False,
2025-08-10T03:00:00.000Z,GR,Greece,GR,169.0,222.0,,60.0,,False,
2025-08-10T04:00:00.000Z,GR,Greece,GR,138.0,182.0,,68.0,,False,
2025-08-10T05:00:00.000Z,GR,Greece,GR,96.0,134.0,,78.0,,False,
2025-08-10T06:00:00.000Z,GR,Greece,GR,113.0,157.0,,73.0,,False,
2025-08-10T07:00:00.000Z,GR,Greece,GR,86.0,125.0,,80.0,,False,
2025-08-10T08:00:00.000Z,GR,Greece,GR,90.0,130.0,,79.0,,False,
2025-08-10T09:00:00.000Z,GR,Greece,GR,81.0,118.0,,81.0,,False,
2025-08-10T10:00:00.000Z,GR,Greece,GR,92.0,133.0,,78.0,,False,
2025-08-10T11:00:00.000Z,GR,Greece,GR,100.0,142.0,,77.0,,False,
2025-08-10T12:00:00.000Z,GR,Greece,GR,119.0,165.0,,72.0,,False,
2025-08-10T13:00:00.000Z,GR,Greece,GR,125.0,174.0,,70.0,,False,
2025-08-10T14:00:00.000Z,GR,Greece,GR,92.0,132.0,,79.0,,False,
2025-08-10T15:00:00.000Z,GR,Greece,GR,129.0,178.0,,69.0,,False,
2025-08-10T16:00:00.000Z,GR,Greece,GR,190.0,249.0,,53.0,,False,
2025-08-10T17:00:00.000Z,GR,Greece,GR,206.0,266.0,,49.0,,False,
2025-08-10T18:00:00.000Z,GR,Greece,GR,202.0,261.0,,50.0,,False,
2025-08-10T19:00:00.000Z,GR,Greece,GR,201.0,259.0,,51.0,,False,
2025-08-10T20:00:00.000Z,GR,Greece,GR,194.0,249.0,,53.0,,False,
2025-08-10T21:00:00.000Z,GR,Greece,GR,214.0,281.0,,47.0,,False,
2025-08-10T22:00:00.000Z,GR,Greece,GR,224.0,294.0,,45.0,,False,
2025-08-10T23:00:00.000Z,GR,Greece,GR,218.0,286.0,,46.0,,False,
2025-08-11T00:00:00.000Z,GR,Greece,GR,211.0,278.0,,48.0,,False,
2025-08-11T01:00:00.000Z,GR,Greece,GR,212.0,279.0,,48.0,,False,
2025-08-11T02:00:00.000Z,GR,Greece,GR,212.0,279.0,,48.0,,False,
2025-08-11T03:00:00.000Z,GR,Greece,GR,206.0,270.0,,49.0,,False,
2025-08-11T04:00:00.000Z,GR,Greece,GR,194.0,256.0,,52.0,,False,
2025-08-11T05:00:00.000Z,GR,Greece,GR,129.0,176.0,,69.0,,False,
2025-08-11T06:00:00.000Z,GR,Greece,GR,82.0,120.0,,81.0,,False,
2025-08-11T07:00:00.000Z,GR,Greece,GR,60.0,93.0,,87.0,,False,
2025-08-11T08:00:00.000Z,GR,Greece,GR,56.0,89.0,,88.0,,False,
2025-08-11T09:00:00.000Z,GR,Greece,GR,55.0,88.0,,88.0,,False,
2025-08-11T10:00:00.000Z,GR,Greece,GR,55.0,88.0,,88.0,,False,
2025-08-11T11:00:00.000Z,GR,Greece,GR,56.0,89.0,,88.0,,False,
2025-08-11T12:00:00.000Z,GR,Greece,GR,53.0,86.0,,88.0,,False,
2025-08-11T13:00:00.000Z,GR,Greece,GR,59.0,93.0,,87.0,,False,
2025-08-11T14:00:00.000Z,GR,Greece,GR,88.0,127.0,,79.0,,False,
2025-08-11T15:00:00.000Z,GR,Greece,GR,145.0,195.0,,65.0,,False,
2025-08-11T16:00:00.000Z,GR,Greece,GR,187.0,243.0,,54.0,,False,
2025-08-11T17:00:00.000Z,GR,Greece,GR,210.0,271.0,,49.0,,False,
2025-08-11T18:00:00.000Z,GR,Greece,GR,215.0,278.0,,47.0,,False,
2025-08-11T19:00:00.000Z,GR,Greece,GR,207.0,266.0,,49.0,,False,
2025-08-11T20:00:00.000Z,GR,Greece,GR,195.0,251.0,,52.0,,False,
2025-08-11T21:00:00.000Z,GR,Greece,GR,202.0,265.0,,50.0,,False,
2025-08-11T22:00:00.000Z,GR,Greece,GR,217.0,286.0,,46.0,,False,
2025-08-11T23:00:00.000Z,GR,Greece,GR,217.0,286.0,,46.0,,False,
2025-08-12T00:00:00.000Z,GR,Greece,GR,205.0,271.0,,49.0,,False,
2025-08-12T01:00:00.000Z,GR,Greece,GR,192.0,254.0,,53.0,,False,
2025-08-12T02:00:00.000Z,GR,Greece,GR,193.0,254.0,,53.0,,False,
2025-08-12T03:00:00.000Z,GR,Greece,GR,196.0,255.0,,54.0,,False,
2025-08-12T04:00:00.000Z,GR,Greece,GR,188.0,241.0,,59.0,,False,
2025-08-12T05:00:00.000Z,GR,Greece,GR,125.0,164.0,,75.0,,False,
2025-08-12T06:00:00.000Z,GR,Greece,GR,74.0,106.0,,85.0,,False,
2025-08-12T07:00:00.000Z,GR,Greece,GR,68.0,100.0,,87.0,,False,
2025-08-12T08:00:00.000Z,GR,Greece,GR,67.0,99.0,,87.0,,False,
2025-08-12T09:00:00.000Z,GR,Greece,GR,66.0,98.0,,87.0,,False,
2025-08-12T10:00:00.000Z,GR,Greece,GR,64.0,96.0,,88.0,,False,
2025-08-12T11:00:00.000Z,GR,Greece,GR,62.0,94.0,,88.0,,False,
2025-08-12T12:00:00.000Z,GR,Greece,GR,63.0,94.0,,88.0,,False,
2025-08-12T13:00:00.000Z,GR,Greece,GR,64.0,96.0,,87.0,,False,
2025-08-12T14:00:00.000Z,GR,Greece,GR,93.0,131.0,,80.0,,False,
2025-08-12T15:00:00.000Z,GR,Greece,GR,165.0,216.0,,62.0,,False,
2025-08-12T16:00:00.000Z,GR,Greece,GR,196.0,252.0,,54.0,,False,
2025-08-12T17:00:00.000Z,GR,Greece,GR,217.0,279.0,,48.0,,False,
2025-08-12T18:00:00.000Z,GR,Greece,GR,213.0,273.0,,49.0,,False,
2025-08-12T19:00:00.000Z,GR,Greece,GR,203.0,260.0,,52.0,,False,
2025-08-12T20:00:00.000Z,GR,Greece,GR,208.0,267.0,,51.0,,False,
2025-08-12T21:00:00.000Z,GR,Greece,GR,226.0,291.0,,46.0,,False,
2025-08-12T22:00:00.000Z,GR,Greece,GR,237.0,307.0,,43.0,,False,
2025-08-12T23:00:00.000Z,GR,Greece,GR,231.0,300.0,,45.0,,False,
2025-08-13T00:00:00.000Z,GR,Greece,GR,227.0,294.0,,46.0,,False,
2025-08-13T01:00:00.000Z,GR,Greece,GR,223.0,290.0,,47.0,,False,
2025-08-13T02:00:00.000Z,GR,Greece,GR,221.0,286.0,,48.0,,False,
2025-08-13T03:00:00.000Z,GR,Greece,GR,217.0,281.0,,49.0,,False,
2025-08-13T04:00:00.000Z,GR,Greece,GR,196.0,254.0,,54.0,,False,
2025-08-13T05:00:00.000Z,GR,Greece,GR,141.0,187.0,,68.0,,False,
2025-08-13T06:00:00.000Z,GR,Greece,GR,89.0,125.0,,81.0,,False,
2025-08-13T07:00:00.000Z,GR,Greece,GR,99.0,140.0,,79.0,,False,
2025-08-13T08:00:00.000Z,GR,Greece,GR,80.0,115.0,,84.0,,False,
2025-08-13T09:00:00.000Z,GR,Greece,GR,69.0,103.0,,86.0,,False,
2025-08-13T10:00:00.000Z,GR,Greece,GR,67.0,100.0,,87.0,,False,
2025-08-13T11:00:00.000Z,GR,Greece,GR,66.0,99.0,,87.0,,False,
2025-08-13T12:00:00.000Z,GR,Greece,GR,66.0,99.0,,87.0,,False,
2025-08-13T13:00:00.000Z,GR,Greece,GR,85.0,122.0,,82.0,,False,
2025-08-13T14:00:00.000Z,GR,Greece,GR,119.0,164.0,,73.0,,False,
2025-08-13T15:00:00.000Z,GR,Greece,GR,180.0,238.0,,58.0,,False,
2025-08-13T16:00:00.000Z,GR,Greece,GR,230.0,294.0,,45.0,,False,
2025-08-13T17:00:00.000Z,GR,Greece,GR,245.0,313.0,,41.0,,False,
2025-08-13T18:00:00.000Z,GR,Greece,GR,245.0,313.0,,41.0,,False,
2025-08-13T19:00:00.000Z,GR,Greece,GR,243.0,312.0,,41.0,,False,
2025-08-13T20:00:00.000Z,GR,Greece,GR,250.0,323.0,,40.0,,False,
2025-08-13T21:00:00.000Z,GR,Greece,GR,266.0,345.0,,36.0,,False,
2025-08-13T22:00:00.000Z,GR,Greece,GR,274.0,356.0,,34.0,,False,
2025-08-13T23:00:00.000Z,GR,Greece,GR,260.0,336.0,,38.0,,False,
2025-08-14T00:00:00.000Z,GR,Greece,GR,263.0,340.0,,37.0,,False,
2025-08-14T01:00:00.000Z,GR,Greece,GR,259.0,335.0,,38.0,,False,
2025-08-14T02:00:00.000Z,GR,Greece,GR,265.0,343.0,,37.0,,False,
2025-08-14T03:00:00.000Z,GR,Greece,GR,266.0,344.0,,36.0,,False,
2025-08-14T04:00:00.000Z,GR,Greece,GR,249.0,323.0,,40.0,,False,
2025-08-14T05:00:00.000Z,GR,Greece,GR,195.0,256.0,,54.0,,False,
2025-08-14T06:00:00.000Z,GR,Greece,GR,128.0,175.0,,71.0,,False,
2025-08-14T07:00:00.000Z,GR,Greece,GR,106.0,149.0,,77.0,,False,
2025-08-14T08:00:00.000Z,GR,Greece,GR,80.0,116.0,,84.0,,False,
2025-08-14T09:00:00.000Z,GR,Greece,GR,79.0,115.0,,84.0,,False,
2025-08-14T10:00:00.000Z,GR,Greece,GR,79.0,115.0,,84.0,,False,
2025-08-14T11:00:00.000Z,GR,Greece,GR,79.0,116.0,,84.0,,False,
2025-08-14T12:00:00.000Z,GR,Greece,GR,91.0,128.0,,81.0,,False,
2025-08-14T13:00:00.000Z,GR,Greece,GR,104.0,145.0,,78.0,,False,
2025-08-14T14:00:00.000Z,GR,Greece,GR,159.0,212.0,,64.0,,False,
2025-08-14T15:00:00.000Z,GR,Greece,GR,221.0,284.0,,48.0,,False,
2025-08-14T16:00:00.000Z,GR,Greece,GR,271.0,345.0,,35.0,,False,
2025-08-14T17:00:00.000Z,GR,Greece,GR,293.0,374.0,,29.0,,False,
2025-08-14T18:00:00.000Z,GR,Greece,GR,297.0,378.0,,28.0,,False,
2025-08-14T19:00:00.000Z,GR,Greece,GR,296.0,378.0,,28.0,,False,
2025-08-14T20:00:00.000Z,GR,Greece,GR,303.0,389.0,,27.0,,False,
2025-08-14T21:00:00.000Z,GR,Greece,GR,309.0,398.0,,26.0,,False,
2025-08-14T22:00:00.000Z,GR,Greece,GR,300.0,388.0,,27.0,,False,
2025-08-14T23:00:00.000Z,GR,Greece,GR,259.0,342.0,,33.0,,False,
2025-08-15T00:00:00.000Z,GR,Greece,GR,246.0,326.0,,36.0,,False,
2025-08-15T01:00:00.000Z,GR,Greece,GR,240.0,319.0,,38.0,,False,
2025-08-15T02:00:00.000Z,GR,Greece,GR,239.0,318.0,,38.0,,False,
2025-08-15T03:00:00.000Z,GR,Greece,GR,234.0,311.0,,40.0,,False,
2025-08-15T04:00:00.000Z,GR,Greece,GR,206.0,274.0,,47.0,,False,
2025-08-15T05:00:00.000Z,GR,Greece,GR,136.0,187.0,,65.0,,False,
2025-08-15T06:00:00.000Z,GR,Greece,GR,75.0,114.0,,81.0,,False,
2025-08-15T07:00:00.000Z,GR,Greece,GR,62.0,99.0,,84.0,,False,
2025-08-15T08:00:00.000Z,GR,Greece,GR,62.0,100.0,,84.0,,False,
2025-08-15T09:00:00.000Z,GR,Greece,GR,56.0,93.0,,85.0,,False,
2025-08-15T10:00:00.000Z,GR,Greece,GR,58.0,96.0,,85.0,,False,
2025-08-15T11:00:00.000Z,GR,Greece,GR,59.0,97.0,,85.0,,False,
2025-08-15T12:00:00.000Z,GR,Greece,GR,61.0,98.0,,84.0,,False,
2025-08-15T13:00:00.000Z,GR,Greece,GR,61.0,99.0,,84.0,,False,
2025-08-15T14:00:00.000Z,GR,Greece,GR,77.0,117.0,,80.0,,False,
2025-08-15T15:00:00.000Z,GR,Greece,GR,125.0,174.0,,68.0,,False,
2025-08-15T16:00:00.000Z,GR,Greece,GR,176.0,233.0,,55.0,,False,
2025-08-15T17:00:00.000Z,GR,Greece,GR,196.0,255.0,,50.0,,False,
2025-08-15T18:00:00.000Z,GR,Greece,GR,198.0,258.0,,49.0,,False,
2025-08-15T19:00:00.000Z,GR,Greece,GR,194.0,254.0,,50.0,,False,
2025-08-15T20:00:00.000Z,GR,Greece,GR,192.0,252.0,,51.0,,False,
2025-08-15T21:00:00.000Z,GR,Greece,GR,203.0,269.0,,48.0,,False,
2025-08-15T22:00:00.000Z,GR,Greece,GR,199.0,266.0,,49.0,,False,
2025-08-15T23:00:00.000Z,GR,Greece,GR,185.0,249.0,,52.0,,False,
2025-08-16T00:00:00.000Z,GR,Greece,GR,176.0,237.0,,55.0,,False,
2025-08-16T01:00:00.000Z,GR,Greece,GR,173.0,234.0,,55.0,,False,
2025-08-16T02:00:00.000Z,GR,Greece,GR,176.0,237.0,,55.0,,False,
2025-08-16T03:00:00.000Z,GR,Greece,GR,171.0,231.0,,56.0,,False,
2025-08-16T04:00:00.000Z,GR,Greece,GR,156.0,212.0,,60.0,,False,
2025-08-16T05:00:00.000Z,GR,Greece,GR,121.0,169.0,,69.0,,False,
2025-08-16T06:00:00.000Z,GR,Greece,GR,114.0,160.0,,71.0,,False,
2025-08-16T07:00:00.000Z,GR,Greece,GR,97.0,142.0,,74.0,,False,
2025-08-16T08:00:00.000Z,GR,Greece,GR,79.0,120.0,,79.0,,False,
2025-08-16T09:00:00.000Z,GR,Greece,GR,76.0,117.0,,80.0,,False,
2025-08-16T10:00:00.000Z,GR,Greece,GR,75.0,116.0,,80.0,,False,
2025-08-16T11:00:00.000Z,GR,Greece,GR,89.0,133.0,,77.0,,False,
2025-08-16T12:00:00.000Z,GR,Greece,GR,106.0,154.0,,73.0,,False,
2025-08-16T13:00:00.000Z,GR,Greece,GR,99.0,145.0,,74.0,,False,
2025-08-16T14:00:00.000Z,GR,Greece,GR,98.0,143.0,,75.0,,False,
2025-08-16T15:00:00.000Z,GR,Greece,GR,149.0,202.0,,62.0,,False,
2025-08-16T16:00:00.000Z,GR,Greece,GR,175.0,231.0,,55.0,,False,
2025-08-16T17:00:00.000Z,GR,Greece,GR,200.0,261.0,,49.0,,False,
2025-08-16T18:00:00.000Z,GR,Greece,GR,208.0,271.0,,47.0,,False,
2025-08-16T19:00:00.000Z,GR,Greece,GR,216.0,282.0,,45.0,,False,
2025-08-16T20:00:00.000Z,GR,Greece,GR,230.0,302.0,,41.0,,False,
2025-08-16T21:00:00.000Z,GR,Greece,GR,240.0,319.0,,38.0,,False,
2025-08-16T22:00:00.000Z,GR,Greece,GR,259.0,343.0,,33.0,,False,
2025-08-16T23:00:00.000Z,GR,Greece,GR,259.0,343.0,,33.0,,False,
2025-08-17T00:00:00.000Z,GR,Greece,GR,245.0,326.0,,37.0,,False,
2025-08-17T01:00:00.000Z,GR,Greece,GR,242.0,321.0,,38.0,,False,
2025-08-17T02:00:00.000Z,GR,Greece,GR,241.0,319.0,,38.0,,False,
2025-08-17T03:00:00.000Z,GR,Greece,GR,235.0,311.0,,40.0,,False,
2025-08-17T04:00:00.000Z,GR,Greece,GR,216.0,287.0,,44.0,,False,
2025-08-17T05:00:00.000Z,GR,Greece,GR,161.0,218.0,,59.0,,False,
2025-08-17T06:00:00.000Z,GR,Greece,GR,102.0,147.0,,74.0,,False,
2025-08-17T07:00:00.000Z,GR,Greece,GR,90.0,134.0,,76.0,,False,
2025-08-17T08:00:00.000Z,GR,Greece,GR,68.0,108.0,,82.0,,False,
2025-08-17T09:00:00.000Z,GR,Greece,GR,64.0,104.0,,83.0,,False,
2025-08-17T10:00:00.000Z,GR,Greece,GR,66.0,107.0,,83.0,,False,
2025-08-17T11:00:00.000Z,GR,Greece,GR,68.0,110.0,,82.0,,False,
2025-08-17T12:00:00.000Z,GR,Greece,GR,75.0,117.0,,80.0,,False,
2025-08-17T13:00:00.000Z,GR,Greece,GR,86.0,129.0,,77.0,,False,
2025-08-17T14:00:00.000Z,GR,Greece,GR,129.0,181.0,,67.0,,False,
2025-08-17T15:00:00.000Z,GR,Greece,GR,230.0,304.0,,42.0,,False,
2025-08-17T16:00:00.000Z,GR,Greece,GR,263.0,340.0,,34.0,,False,
2025-08-17T17:00:00.000Z,GR,Greece,GR,277.0,357.0,,30.0,,False,
2025-08-17T18:00:00.000Z,GR,Greece,GR,283.0,365.0,,28.0,,False,
2025-08-17T19:00:00.000Z,GR,Greece,GR,286.0,368.0,,27.0,,False,
2025-08-17T20:00:00.000Z,GR,Greece,GR,313.0,401.0,,21.0,,False,
2025-08-17T21:00:00.000Z,GR,Greece,GR,339.0,437.0,,14.0,,False,
2025-08-17T22:00:00.000Z,GR,Greece,GR,359.0,463.0,,9.0,,False,
2025-08-17T23:00:00.000Z,GR,Greece,GR,366.0,471.0,,7.0,,False,
2025-08-18T00:00:00.000Z,GR,Greece,GR,362.0,466.0,,8.0,,False,
2025-08-18T01:00:00.000Z,GR,Greece,GR,361.0,463.0,,9.0,,False,
2025-08-18T02:00:00.000Z,GR,Greece,GR,356.0,462.0,,9.0,,False,
2025-08-18T03:00:00.000Z,GR,Greece,GR,341.0,444.0,,12.0,,False,
2025-08-18T04:00:00.000Z,GR,Greece,GR,315.0,413.0,,19.0,,False,
2025-08-18T05:00:00.000Z,GR,Greece,GR,257.0,344.0,,34.0,,False,
2025-08-18T06:00:00.000Z,GR,Greece,GR,197.0,269.0,,49.0,,False,
2025-08-18T07:00:00.000Z,GR,Greece,GR,148.0,210.0,,62.0,,False,
2025-08-18T08:00:00.000Z,GR,Greece,GR,120.0,175.0,,69.0,,False,
2025-08-18T09:00:00.000Z,GR,Greece,GR,86.0,131.0,,78.0,,False,
2025-08-18T10:00:00.000Z,GR,Greece,GR,65.0,105.0,,83.0,,False,
2025-08-18T11:00:00.000Z,GR,Greece,GR,80.0,121.0,,80.0,,False,
2025-08-18T12:00:00.000Z,GR,Greece,GR,118.0,167.0,,70.0,,False,
2025-08-18T13:00:00.000Z,GR,Greece,GR,149.0,204.0,,62.0,,False,
2025-08-18T14:00:00.000Z,GR,Greece,GR,216.0,287.0,,46.0,,False,
2025-08-18T15:00:00.000Z,GR,Greece,GR,293.0,382.0,,27.0,,False,
2025-08-18T16:00:00.000Z,GR,Greece,GR,298.0,386.0,,25.0,,False,
2025-08-18T17:00:00.000Z,GR,Greece,GR,296.0,385.0,,24.0,,False,
2025-08-18T18:00:00.000Z,GR,Greece,GR,292.0,379.0,,25.0,,False,
2025-08-18T19:00:00.000Z,GR,Greece,GR,289.0,375.0,,26.0,,False,
2025-08-18T20:00:00.000Z,GR,Greece,GR,305.0,393.0,,23.0,,False,
2025-08-18T21:00:00.000Z,GR,Greece,GR,339.0,441.0,,14.0,,False,
2025-08-18T22:00:00.000Z,GR,Greece,GR,346.0,448.0,,12.0,,False,
2025-08-18T23:00:00.000Z,GR,Greece,GR,337.0,440.0,,14.0,,False,
2025-08-19T00:00:00.000Z,GR,Greece,GR,331.0,428.0,,17.0,,False,
2025-08-19T01:00:00.000Z,GR,Greece,GR,323.0,420.0,,18.0,,False,
2025-08-19T02:00:00.000Z,GR,Greece,GR,315.0,414.0,,19.0,,False,
2025-08-19T03:00:00.000Z,GR,Greece,GR,306.0,403.0,,21.0,,False,
2025-08-19T04:00:00.000Z,GR,Greece,GR,290.0,380.0,,26.0,,False,
2025-08-19T05:00:00.000Z,GR,Greece,GR,241.0,322.0,,38.0,,False,
2025-08-19T06:00:00.000Z,GR,Greece,GR,177.0,244.0,,54.0,,False,
2025-08-19T07:00:00.000Z,GR,Greece,GR,115.0,167.0,,70.0,,False,
2025-08-19T08:00:00.000Z,GR,Greece,GR,83.0,128.0,,79.0,,False,
2025-08-19T09:00:00.000Z,GR,Greece,GR,67.0,108.0,,83.0,,False,
2025-08-19T10:00:00.000Z,GR,Greece,GR,62.0,102.0,,84.0,,False,
2025-08-19T11:00:00.000Z,GR,Greece,GR,63.0,103.0,,84.0,,False,
2025-08-19T12:00:00.000Z,GR,Greece,GR,80.0,122.0,,80.0,,False,
2025-08-19T13:00:00.000Z,GR,Greece,GR,106.0,152.0,,75.0,,False,
2025-08-19T14:00:00.000Z,GR,Greece,GR,151.0,208.0,,63.0,,False,
2025-08-19T15:00:00.000Z,GR,Greece,GR,246.0,320.0,,39.0,,False,
2025-08-19T16:00:00.000Z,GR,Greece,GR,270.0,349.0,,32.0,,False,
2025-08-19T17:00:00.000Z,GR,Greece,GR,276.0,357.0,,30.0,,False,
2025-08-19T18:00:00.000Z,GR,Greece,GR,273.0,354.0,,30.0,,False,
2025-08-19T19:00:00.000Z,GR,Greece,GR,273.0,354.0,,30.0,,False,
2025-08-19T20:00:00.000Z,GR,Greece,GR,292.0,380.0,,26.0,,False,
2025-08-19T21:00:00.000Z,GR,Greece,GR,332.0,431.0,,16.0,,False,
2025-08-19T22:00:00.000Z,GR,Greece,GR,337.0,439.0,,14.0,,False,
2025-08-19T23:00:00.000Z,GR,Greece,GR,337.0,438.0,,14.0,,False,
2025-08-20T00:00:00.000Z,GR,Greece,GR,336.0,438.0,,14.0,,False,
2025-08-20T01:00:00.000Z,GR,Greece,GR,331.0,431.0,,16.0,,False,
2025-08-20T02:00:00.000Z,GR,Greece,GR,324.0,423.0,,17.0,,False,
2025-08-20T03:00:00.000Z,GR,Greece,GR,327.0,427.0,,17.0,,False,
2025-08-20T04:00:00.000Z,GR,Greece,GR,309.0,405.0,,21.0,,False,
2025-08-20T05:00:00.000Z,GR,Greece,GR,246.0,329.0,,36.0,,False,
2025-08-20T06:00:00.000Z,GR,Greece,GR,181.0,250.0,,53.0,,False,
2025-08-20T07:00:00.000Z,GR,Greece,GR,121.0,175.0,,69.0,,False,
2025-08-20T08:00:00.000Z,GR,Greece,GR,87.0,134.0,,78.0,,False,
2025-08-20T09:00:00.000Z,GR,Greece,GR,60.0,99.0,,84.0,,False,
2025-08-20T10:00:00.000Z,GR,Greece,GR,60.0,100.0,,84.0,,False,
2025-08-20T11:00:00.000Z,GR,Greece,GR,55.0,93.0,,86.0,,False,
2025-08-20T12:00:00.000Z,GR,Greece,GR,60.0,99.0,,85.0,,False,
2025-08-20T13:00:00.000Z,GR,Greece,GR,84.0,129.0,,78.0,,False,
2025-08-20T14:00:00.000Z,GR,Greece,GR,133.0,189.0,,66.0,,False,
2025-08-20T15:00:00.000Z,GR,Greece,GR,214.0,285.0,,46.0,,False,
2025-08-20T16:00:00.000Z,GR,Greece,GR,258.0,334.0,,35.0,,False,
2025-08-20T17:00:00.000Z,GR,Greece,GR,276.0,356.0,,30.0,,False,
2025-08-20T18:00:00.000Z,GR,Greece,GR,271.0,351.0,,31.0,,False,
2025-08-20T19:00:00.000Z,GR,Greece,GR,277.0,357.0,,30.0,,False,
2025-08-20T20:00:00.000Z,GR,Greece,GR,303.0,389.0,,24.0,,False,
2025-08-20T21:00:00.000Z,GR,Greece,GR,348.0,445.0,,13.0,,False,
2025-08-20T22:00:00.000Z,GR,Greece,GR,365.0,469.0,,8.0,,False,
2025-08-20T23:00:00.000Z,GR,Greece,GR,368.0,472.0,,7.0,,False,
2025-08-21T00:00:00.000Z,GR,Greece,GR,368.0,472.0,,7.0,,False,
2025-08-21T01:00:00.000Z,GR,Greece,GR,368.0,474.0,,7.0,,False,
2025-08-21T02:00:00.000Z,GR,Greece,GR,364.0,468.0,,8.0,,False,
2025-08-21T03:00:00.000Z,GR,Greece,GR,354.0,458.0,,10.0,,False,
2025-08-21T04:00:00.000Z,GR,Greece,GR,324.0,422.0,,18.0,,False,
2025-08-21T05:00:00.000Z,GR,Greece,GR,250.0,336.0,,35.0,,False,
2025-08-21T06:00:00.000Z,GR,Greece,GR,170.0,237.0,,56.0,,False,
2025-08-21T07:00:00.000Z,GR,Greece,GR,107.0,158.0,,72.0,,False,
2025-08-21T08:00:00.000Z,GR,Greece,GR,72.0,115.0,,81.0,,False,
2025-08-21T09:00:00.000Z,GR,Greece,GR,64.0,104.0,,83.0,,False,
2025-08-21T10:00:00.000Z,GR,Greece,GR,63.0,104.0,,83.0,,False,
2025-08-21T11:00:00.000Z,GR,Greece,GR,63.0,103.0,,84.0,,False,
2025-08-21T12:00:00.000Z,GR,Greece,GR,75.0,118.0,,80.0,,False,
2025-08-21T13:00:00.000Z,GR,Greece,GR,108.0,157.0,,72.0,,False,
2025-08-21T14:00:00.000Z,GR,Greece,GR,162.0,223.0,,58.0,,False,
2025-08-21T15:00:00.000Z,GR,Greece,GR,234.0,305.0,,41.0,,False,
2025-08-21T16:00:00.000Z,GR,Greece,GR,267.0,341.0,,34.0,,False,
2025-08-21T17:00:00.000Z,GR,Greece,GR,267.0,342.0,,33.0,,False,
2025-08-21T18:00:00.000Z,GR,Greece,GR,259.0,333.0,,35.0,,False,
2025-08-21T19:00:00.000Z,GR,Greece,GR,255.0,327.0,,36.0,,False,
2025-08-21T20:00:00.000Z,GR,Greece,GR,264.0,338.0,,34.0,,False,
2025-08-21T21:00:00.000Z,GR,Greece,GR,294.0,377.0,,26.0,,False,
2025-08-21T22:00:00.000Z,GR,Greece,GR,294.0,378.0,,26.0,,False,
2025-08-21T23:00:00.000Z,GR,Greece,GR,286.0,366.0,,28.0,,False,
2025-08-22T00:00:00.000Z,GR,Greece,GR,282.0,361.0,,29.0,,False,
2025-08-22T01:00:00.000Z,GR,Greece,GR,277.0,356.0,,30.0,,False,
2025-08-22T02:00:00.000Z,GR,Greece,GR,274.0,352.0,,31.0,,False,
2025-08-22T03:00:00.000Z,GR,Greece,GR,273.0,353.0,,31.0,,False,
2025-08-22T04:00:00.000Z,GR,Greece,GR,252.0,331.0,,36.0,,False,
2025-08-22T05:00:00.000Z,GR,Greece,GR,209.0,281.0,,46.0,,False,
2025-08-22T06:00:00.000Z,GR,Greece,GR,132.0,187.0,,66.0,,False,
2025-08-22T07:00:00.000Z,GR,Greece,GR,92.0,137.0,,76.0,,False,
2025-08-22T08:00:00.000Z,GR,Greece,GR,79.0,122.0,,79.0,,False,
2025-08-22T09:00:00.000Z,GR,Greece,GR,62.0,100.0,,84.0,,False,
2025-08-22T10:00:00.000Z,GR,Greece,GR,62.0,101.0,,84.0,,False,
2025-08-22T11:00:00.000Z,GR,Greece,GR,49.0,84.0,,87.0,,False,
2025-08-22T12:00:00.000Z,GR,Greece,GR,58.0,95.0,,85.0,,False,
2025-08-22T13:00:00.000Z,GR,Greece,GR,75.0,113.0,,81.0,,False,
2025-08-22T14:00:00.000Z,GR,Greece,GR,126.0,173.0,,69.0,,False,
2025-08-22T15:00:00.000Z,GR,Greece,GR,193.0,251.0,,53.0,,False,
2025-08-22T16:00:00.000Z,GR,Greece,GR,231.0,298.0,,42.0,,False,
2025-08-22T17:00:00.000Z,GR,Greece,GR,230.0,299.0,,41.0,,False,
2025-08-22T18:00:00.000Z,GR,Greece,GR,226.0,294.0,,42.0,,False,
2025-08-22T19:00:00.000Z,GR,Greece,GR,221.0,287.0,,44.0,,False,
2025-08-22T20:00:00.000Z,GR,Greece,GR,239.0,310.0,,40.0,,False,
2025-08-22T21:00:00.000Z,GR,Greece,GR,270.0,350.0,,32.0,,False,
2025-08-22T22:00:00.000Z,GR,Greece,GR,279.0,366.0,,28.0,,False,
2025-08-22T23:00:00.000Z,GR,Greece,GR,277.0,358.0,,29.0,,False,
2025-08-23T00:00:00.000Z,GR,Greece,GR,280.0,363.0,,29.0,,False,
2025-08-23T01:00:00.000Z,GR,Greece,GR,273.0,354.0,,30.0,,False,
2025-08-23T02:00:00.000Z,GR,Greece,GR,271.0,352.0,,31.0,,False,
2025-08-23T03:00:00.000Z,GR,Greece,GR,279.0,363.0,,29.0,,False,
2025-08-23T04:00:00.000Z,GR,Greece,GR,261.0,343.0,,33.0,,False,
2025-08-23T05:00:00.000Z,GR,Greece,GR,212.0,285.0,,46.0,,False,
2025-08-23T06:00:00.000Z,GR,Greece,GR,128.0,183.0,,67.0,,False,
2025-08-23T07:00:00.000Z,GR,Greece,GR,97.0,145.0,,75.0,,False,
2025-08-23T08:00:00.000Z,GR,Greece,GR,61.0,100.0,,84.0,,False,
2025-08-23T09:00:00.000Z,GR,Greece,GR,59.0,99.0,,85.0,,False,
2025-08-23T10:00:00.000Z,GR,Greece,GR,65.0,105.0,,83.0,,False,
2025-08-23T11:00:00.000Z,GR,Greece,GR,68.0,108.0,,82.0,,False,
2025-08-23T12:00:00.000Z,GR,Greece,GR,80.0,121.0,,79.0,,False,
2025-08-23T13:00:00.000Z,GR,Greece,GR,99.0,140.0,,76.0,,False,
2025-08-23T14:00:00.000Z,GR,Greece,GR,145.0,197.0,,64.0,,False,
2025-08-23T15:00:00.000Z,GR,Greece,GR,215.0,280.0,,47.0,,False,
2025-08-23T16:00:00.000Z,GR,Greece,GR,242.0,315.0,,39.0,,False,
2025-08-23T17:00:00.000Z,GR,Greece,GR,235.0,304.0,,40.0,,False,
2025-08-23T18:00:00.000Z,GR,Greece,GR,238.0,308.0,,39.0,,False,
2025-08-23T19:00:00.000Z,GR,Greece,GR,245.0,317.0,,38.0,,False,
2025-08-23T20:00:00.000Z,GR,Greece,GR,279.0,362.0,,30.0,,False,
2025-08-23T21:00:00.000Z,GR,Greece,GR,309.0,399.0,,22.0,,False,
2025-08-23T22:00:00.000Z,GR,Greece,GR,319.0,413.0,,19.0,,False,
2025-08-23T23:00:00.000Z,GR,Greece,GR,301.0,389.0,,24.0,,False,
2025-08-24T00:00:00.000Z,GR,Greece,GR,270.0,352.0,,32.0,,False,
2025-08-24T01:00:00.000Z,GR,Greece,GR,248.0,326.0,,37.0,,False,
2025-08-24T02:00:00.000Z,GR,Greece,GR,241.0,316.0,,39.0,,False,
2025-08-24T03:00:00.000Z,GR,Greece,GR,238.0,314.0,,39.0,,False,
2025-08-24T04:00:00.000Z,GR,Greece,GR,220.0,292.0,,43.0,,False,
2025-08-24T05:00:00.000Z,GR,Greece,GR,126.0,176.0,,68.0,,False,
2025-08-24T06:00:00.000Z,GR,Greece,GR,76.0,116.0,,80.0,,False,
2025-08-24T07:00:00.000Z,GR,Greece,GR,65.0,104.0,,83.0,,False,
2025-08-24T08:00:00.000Z,GR,Greece,GR,72.0,113.0,,81.0,,False,
2025-08-24T09:00:00.000Z,GR,Greece,GR,87.0,130.0,,77.0,,False,
2025-08-24T10:00:00.000Z,GR,Greece,GR,92.0,136.0,,76.0,,False,
2025-08-24T11:00:00.000Z,GR,Greece,GR,86.0,128.0,,78.0,,False,
2025-08-24T12:00:00.000Z,GR,Greece,GR,102.0,147.0,,74.0,,False,
2025-08-24T13:00:00.000Z,GR,Greece,GR,122.0,167.0,,70.0,,False,
2025-08-24T14:00:00.000Z,GR,Greece,GR,147.0,196.0,,64.0,,False,
2025-08-24T15:00:00.000Z,GR,Greece,GR,188.0,245.0,,53.0,,False,
2025-08-24T16:00:00.000Z,GR,Greece,GR,246.0,313.0,,39.0,,False,
2025-08-24T17:00:00.000Z,GR,Greece,GR,239.0,308.0,,39.0,,False,
2025-08-24T18:00:00.000Z,GR,Greece,GR,238.0,308.0,,39.0,,False,
2025-08-24T19:00:00.000Z,GR,Greece,GR,250.0,322.0,,36.0,,False,
2025-08-24T20:00:00.000Z,GR,Greece,GR,269.0,342.0,,32.0,,False,
2025-08-24T21:00:00.000Z,GR,Greece,GR,284.0,366.0,,28.0,,False,
2025-08-24T22:00:00.000Z,GR,Greece,GR,317.0,408.0,,19.0,,False,
2025-08-24T23:00:00.000Z,GR,Greece,GR,316.0,412.0,,19.0,,False,
2025-08-25T00:00:00.000Z,GR,Greece,GR,309.0,401.0,,21.0,,False,
2025-08-25T01:00:00.000Z,GR,Greece,GR,301.0,390.0,,23.0,,False,
2025-08-25T02:00:00.000Z,GR,Greece,GR,296.0,386.0,,24.0,,False,
2025-08-25T03:00:00.000Z,GR,Greece,GR,294.0,386.0,,24.0,,False,
2025-08-25T04:00:00.000Z,GR,Greece,GR,276.0,364.0,,29.0,,False,
2025-08-25T05:00:00.000Z,GR,Greece,GR,222.0,299.0,,43.0,,False,
2025-08-25T06:00:00.000Z,GR,Greece,GR,143.0,201.0,,63.0,,False,
2025-08-25T07:00:00.000Z,GR,Greece,GR,90.0,136.0,,77.0,,False,
2025-08-25T08:00:00.000Z,GR,Greece,GR,79.0,123.0,,80.0,,False,
2025-08-25T09:00:00.000Z,GR,Greece,GR,70.0,110.0,,82.0,,False,
2025-08-25T10:00:00.000Z,GR,Greece,GR,68.0,109.0,,82.0,,False,
2025-08-25T11:00:00.000Z,GR,Greece,GR,74.0,115.0,,81.0,,False,
2025-08-25T12:00:00.000Z,GR,Greece,GR,88.0,128.0,,78.0,,False,
2025-08-25T13:00:00.000Z,GR,Greece,GR,110.0,155.0,,73.0,,False,
2025-08-25T14:00:00.000Z,GR,Greece,GR,133.0,184.0,,66.0,,False,
2025-08-25T15:00:00.000Z,GR,Greece,GR,219.0,284.0,,46.0,,False,
2025-08-25T16:00:00.000Z,GR,Greece,GR,263.0,335.0,,34.0,,False,
2025-08-25T17:00:00.000Z,GR,Greece,GR,262.0,338.0,,33.0,,False,
2025-08-25T18:00:00.000Z,GR,Greece,GR,264.0,342.0,,32.0,,False,
2025-08-25T19:00:00.000Z,GR,Greece,GR,278.0,361.0,,29.0,,False,
2025-08-25T20:00:00.000Z,GR,Greece,GR,304.0,393.0,,22.0,,False,
2025-08-25T21:00:00.000Z,GR,Greece,GR,323.0,420.0,,17.0,,False,
2025-08-25T22:00:00.000Z,GR,Greece,GR,328.0,431.0,,15.0,,False,
2025-08-25T23:00:00.000Z,GR,Greece,GR,315.0,413.0,,19.0,,False,
2025-08-26T00:00:00.000Z,GR,Greece,GR,307.0,404.0,,21.0,,False,
2025-08-26T01:00:00.000Z,GR,Greece,GR,293.0,387.0,,24.0,,False,
2025-08-26T02:00:00.000Z,GR,Greece,GR,287.0,378.0,,26.0,,False,
2025-08-26T03:00:00.000Z,GR,Greece,GR,277.0,365.0,,29.0,,False,
2025-08-26T04:00:00.000Z,GR,Greece,GR,259.0,342.0,,33.0,,False,
2025-08-26T05:00:00.000Z,GR,Greece,GR,211.0,284.0,,46.0,,False,
2025-08-26T06:00:00.000Z,GR,Greece,GR,145.0,203.0,,63.0,,False,
2025-08-26T07:00:00.000Z,GR,Greece,GR,99.0,146.0,,74.0,,False,
2025-08-26T08:00:00.000Z,GR,Greece,GR,79.0,121.0,,79.0,,False,
2025-08-26T09:00:00.000Z,GR,Greece,GR,60.0,97.0,,84.0,,False,
2025-08-26T10:00:00.000Z,GR,Greece,GR,59.0,96.0,,84.0,,False,
2025-08-26T11:00:00.000Z,GR,Greece,GR,63.0,100.0,,83.0,,False,
2025-08-26T12:00:00.000Z,GR,Greece,GR,80.0,118.0,,79.0,,False,
2025-08-26T13:00:00.000Z,GR,Greece,GR,112.0,157.0,,71.0,,False,
2025-08-26T14:00:00.000Z,GR,Greece,GR,175.0,237.0,,55.0,,False,
2025-08-26T15:00:00.000Z,GR,Greece,GR,236.0,306.0,,40.0,,False,
2025-08-26T16:00:00.000Z,GR,Greece,GR,262.0,339.0,,33.0,,False,
2025-08-26T17:00:00.000Z,GR,Greece,GR,271.0,351.0,,31.0,,False,
2025-08-26T18:00:00.000Z,GR,Greece,GR,278.0,360.0,,29.0,,False,
2025-08-26T19:00:00.000Z,GR,Greece,GR,277.0,361.0,,29.0,,False,
2025-08-26T20:00:00.000Z,GR,Greece,GR,293.0,384.0,,25.0,,False,
2025-08-26T21:00:00.000Z,GR,Greece,GR,308.0,405.0,,21.0,,False,
2025-08-26T22:00:00.000Z,GR,Greece,GR,313.0,412.0,,19.0,,False,
2025-08-26T23:00:00.000Z,GR,Greece,GR,307.0,404.0,,21.0,,False,
2025-08-27T00:00:00.000Z,GR,Greece,GR,301.0,398.0,,22.0,,False,
2025-08-27T01:00:00.000Z,GR,Greece,GR,291.0,385.0,,25.0,,False,
2025-08-27T02:00:00.000Z,GR,Greece,GR,286.0,377.0,,26.0,,False,
2025-08-27T03:00:00.000Z,GR,Greece,GR,278.0,367.0,,28.0,,False,
2025-08-27T04:00:00.000Z,GR,Greece,GR,254.0,336.0,,35.0,,False,
2025-08-27T05:00:00.000Z,GR,Greece,GR,191.0,259.0,,51.0,,False,
2025-08-27T06:00:00.000Z,GR,Greece,GR,102.0,149.0,,74.0,,False,
2025-08-27T07:00:00.000Z,GR,Greece,GR,52.0,87.0,,87.0,,False,
2025-08-27T08:00:00.000Z,GR,Greece,GR,35.0,66.0,,91.0,,False,
2025-08-27T09:00:00.000Z,GR,Greece,GR,36.0,68.0,,91.0,,False,
2025-08-27T10:00:00.000Z,GR,Greece,GR,35.0,66.0,,91.0,,False,
2025-08-27T11:00:00.000Z,GR,Greece,GR,42.0,76.0,,89.0,,False,
2025-08-27T12:00:00.000Z,GR,Greece,GR,53.0,89.0,,86.0,,False,
2025-08-27T13:00:00.000Z,GR,Greece,GR,59.0,96.0,,85.0,,False,
2025-08-27T14:00:00.000Z,GR,Greece,GR,104.0,152.0,,73.0,,False,
2025-08-27T15:00:00.000Z,GR,Greece,GR,167.0,229.0,,57.0,,False,
2025-08-27T16:00:00.000Z,GR,Greece,GR,215.0,283.0,,45.0,,False,
2025-08-27T17:00:00.000Z,GR,Greece,GR,234.0,307.0,,40.0,,False,
2025-08-27T18:00:00.000Z,GR,Greece,GR,226.0,294.0,,42.0,,False,
2025-08-27T19:00:00.000Z,GR,Greece,GR,215.0,280.0,,45.0,,False,
2025-08-27T20:00:00.000Z,GR,Greece,GR,223.0,289.0,,43.0,,False,
2025-08-27T21:00:00.000Z,GR,Greece,GR,237.0,313.0,,39.0,,False,
2025-08-27T22:00:00.000Z,GR,Greece,GR,253.0,336.0,,35.0,,False,
2025-08-27T23:00:00.000Z,GR,Greece,GR,251.0,333.0,,35.0,,False,
2025-08-28T00:00:00.000Z,GR,Greece,GR,240.0,319.0,,38.0,,False,
2025-08-28T01:00:00.000Z,GR,Greece,GR,227.0,303.0,,41.0,,False,
2025-08-28T02:00:00.000Z,GR,Greece,GR,221.0,294.0,,43.0,,False,
2025-08-28T03:00:00.000Z,GR,Greece,GR,216.0,288.0,,44.0,,False,
2025-08-28T04:00:00.000Z,GR,Greece,GR,199.0,266.0,,49.0,,False,
2025-08-28T05:00:00.000Z,GR,Greece,GR,128.0,179.0,,67.0,,False,
2025-08-28T06:00:00.000Z,GR,Greece,GR,62.0,99.0,,84.0,,False,
2025-08-28T07:00:00.000Z,GR,Greece,GR,52.0,86.0,,87.0,,False,
2025-08-28T08:00:00.000Z,GR,Greece,GR,46.0,79.0,,88.0,,False,
2025-08-28T09:00:00.000Z,GR,Greece,GR,46.0,80.0,,88.0,,False,
2025-08-28T10:00:00.000Z,GR,Greece,GR,42.0,75.0,,89.0,,False,
2025-08-28T11:00:00.000Z,GR,Greece,GR,43.0,76.0,,89.0,,False,
2025-08-28T12:00:00.000Z,GR,Greece,GR,52.0,88.0,,87.0,,False,
2025-08-28T13:00:00.000Z,GR,Greece,GR,52.0,88.0,,86.0,,False,
2025-08-28T14:00:00.000Z,GR,Greece,GR,111.0,160.0,,71.0,,False,
2025-08-28T15:00:00.000Z,GR,Greece,GR,177.0,237.0,,55.0,,False,
2025-08-28T16:00:00.000Z,GR,Greece,GR,220.0,287.0,,44.0,,False,
2025-08-28T17:00:00.000Z,GR,Greece,GR,231.0,300.0,,41.0,,False,
2025-08-28T18:00:00.000Z,GR,Greece,GR,228.0,296.0,,42.0,,False,
2025-08-28T19:00:00.000Z,GR,Greece,GR,231.0,301.0,,41.0,,False,
2025-08-28T20:00:00.000Z,GR,Greece,GR,247.0,325.0,,36.0,,False,
2025-08-28T21:00:00.000Z,GR,Greece,GR,259.0,344.0,,33.0,,False,
2025-08-28T22:00:00.000Z,GR,Greece,GR,260.0,345.0,,33.0,,False,
2025-08-28T23:00:00.000Z,GR,Greece,GR,255.0,339.0,,34.0,,False,
2025-08-29T00:00:00.000Z,GR,Greece,GR,251.0,333.0,,35.0,,False,
2025-08-29T01:00:00.000Z,GR,Greece,GR,250.0,332.0,,35.0,,False,
2025-08-29T02:00:00.000Z,GR,Greece,GR,250.0,332.0,,35.0,,False,
2025-08-29T03:00:00.000Z,GR,Greece,GR,249.0,330.0,,36.0,,False,
2025-08-29T04:00:00.000Z,GR,Greece,GR,243.0,322.0,,37.0,,False,
2025-08-29T05:00:00.000Z,GR,Greece,GR,172.0,235.0,,56.0,,False,
2025-08-29T06:00:00.000Z,GR,Greece,GR,87.0,131.0,,77.0,,False,
2025-08-29T07:00:00.000Z,GR,Greece,GR,64.0,103.0,,84.0,,False,
2025-08-29T08:00:00.000Z,GR,Greece,GR,57.0,95.0,,85.0,,False,
2025-08-29T09:00:00.000Z,GR,Greece,GR,53.0,91.0,,86.0,,False,
2025-08-29T10:00:00.000Z,GR,Greece,GR,49.0,86.0,,87.0,,False,
2025-08-29T11:00:00.000Z,GR,Greece,GR,56.0,94.0,,86.0,,False,
2025-08-29T12:00:00.000Z,GR,Greece,GR,63.0,103.0,,84.0,,False,
2025-08-29T13:00:00.000Z,GR,Greece,GR,91.0,136.0,,76.0,,False,
2025-08-29T14:00:00.000Z,GR,Greece,GR,149.0,208.0,,62.0,,False,
2025-08-29T15:00:00.000Z,GR,Greece,GR,229.0,300.0,,42.0,,False,
2025-08-29T16:00:00.000Z,GR,Greece,GR,275.0,357.0,,30.0,,False,
2025-08-29T17:00:00.000Z,GR,Greece,GR,281.0,360.0,,29.0,,False,
2025-08-29T18:00:00.000Z,GR,Greece,GR,284.0,367.0,,27.0,,False,
2025-08-29T19:00:00.000Z,GR,Greece,GR,287.0,372.0,,27.0,,False,
2025-08-29T20:00:00.000Z,GR,Greece,GR,324.0,418.0,,18.0,,False,
2025-08-29T21:00:00.000Z,GR,Greece,GR,357.0,457.0,,11.0,,False,
2025-08-29T22:00:00.000Z,GR,Greece,GR,370.0,474.0,,8.0,,False,
2025-08-29T23:00:00.000Z,GR,Greece,GR,372.0,471.0,,9.0,,False,
2025-08-30T00:00:00.000Z,GR,Greece,GR,373.0,472.0,,8.0,,False,
2025-08-30T01:00:00.000Z,GR,Greece,GR,371.0,466.0,,10.0,,False,
2025-08-30T02:00:00.000Z,GR,Greece,GR,368.0,468.0,,9.0,,False,
2025-08-30T03:00:00.000Z,GR,Greece,GR,367.0,466.0,,9.0,,False,
2025-08-30T04:00:00.000Z,GR,Greece,GR,334.0,428.0,,16.0,,False,
2025-08-30T05:00:00.000Z,GR,Greece,GR,246.0,328.0,,37.0,,False,
2025-08-30T06:00:00.000Z,GR,Greece,GR,160.0,222.0,,59.0,,False,
2025-08-30T07:00:00.000Z,GR,Greece,GR,91.0,138.0,,76.0,,False,
2025-08-30T08:00:00.000Z,GR,Greece,GR,78.0,122.0,,80.0,,False,
2025-08-30T09:00:00.000Z,GR,Greece,GR,62.0,103.0,,84.0,,False,
2025-08-30T10:00:00.000Z,GR,Greece,GR,61.0,101.0,,84.0,,False,
2025-08-30T11:00:00.000Z,GR,Greece,GR,62.0,102.0,,84.0,,False,
2025-08-30T12:00:00.000Z,GR,Greece,GR,68.0,109.0,,82.0,,False,
2025-08-30T13:00:00.000Z,GR,Greece,GR,82.0,124.0,,79.0,,False,
2025-08-30T14:00:00.000Z,GR,Greece,GR,143.0,199.0,,63.0,,False,
2025-08-30T15:00:00.000Z,GR,Greece,GR,219.0,289.0,,44.0,,False,
2025-08-30T16:00:00.000Z,GR,Greece,GR,223.0,291.0,,43.0,,False,
2025-08-30T17:00:00.000Z,GR,Greece,GR,245.0,317.0,,37.0,,False,
2025-08-30T18:00:00.000Z,GR,Greece,GR,249.0,322.0,,36.0,,False,
2025-08-30T19:00:00.000Z,GR,Greece,GR,256.0,333.0,,34.0,,False,
2025-08-30T20:00:00.000Z,GR,Greece,GR,303.0,392.0,,23.0,,False,
2025-08-30T21:00:00.000Z,GR,Greece,GR,310.0,401.0,,22.0,,False,
2025-08-30T22:00:00.000Z,GR,Greece,GR,315.0,405.0,,21.0,,False,
2025-08-30T23:00:00.000Z,GR,Greece,GR,307.0,390.0,,24.0,,False,
2025-08-31T00:00:00.000Z,GR,Greece,GR,289.0,365.0,,30.0,,False,
2025-08-31T01:00:00.000Z,GR,Greece,GR,269.0,338.0,,35.0,,False,
2025-08-31T02:00:00.000Z,GR,Greece,GR,258.0,326.0,,37.0,,False,
2025-08-31T03:00:00.000Z,GR,Greece,GR,236.0,301.0,,42.0,,False,
2025-08-31T04:00:00.000Z,GR,Greece,GR,217.0,279.0,,46.0,,False,
2025-08-31T05:00:00.000Z,GR,Greece,GR,144.0,197.0,,63.0,,False,
2025-08-31T06:00:00.000Z,GR,Greece,GR,89.0,133.0,,77.0,,False,
2025-08-31T07:00:00.000Z,GR,Greece,GR,78.0,120.0,,80.0,,False,
2025-08-31T08:00:00.000Z,GR,Greece,GR,76.0,119.0,,80.0,,False,
2025-08-31T09:00:00.000Z,GR,Greece,GR,72.0,114.0,,81.0,,False,
2025-08-31T10:00:00.000Z,GR,Greece,GR,75.0,117.0,,81.0,,False,
2025-08-31T11:00:00.000Z,GR,Greece,GR,75.0,117.0,,81.0,,False,
2025-08-31T12:00:00.000Z,GR,Greece,GR,81.0,124.0,,79.0,,False,
2025-08-31T13:00:00.000Z,GR,Greece,GR,75.0,117.0,,81.0,,False,
2025-08-31T14:00:00.000Z,GR,Greece,GR,88.0,133.0,,77.0,,False,
2025-08-31T15:00:00.000Z,GR,Greece,GR,166.0,224.0,,58.0,,False,
2025-08-31T16:00:00.000Z,GR,Greece,GR,232.0,300.0,,41.0,,False,
2025-08-31T17:00:00.000Z,GR,Greece,GR,246.0,317.0,,37.0,,False,
2025-08-31T18:00:00.000Z,GR,Greece,GR,247.0,319.0,,37.0,,False,
2025-08-31T19:00:00.000Z,GR,Greece,GR,261.0,335.0,,33.0,,False,
2025-08-31T20:00:00.000Z,GR,Greece,GR,288.0,365.0,,27.0,,False,
2025-08-31T21:00:00.000Z,GR,Greece,GR,318.0,407.0,,19.0,,False,
2025-08-31T22:00:00.000Z,GR,Greece,GR,316.0,410.0,,18.0,,False,
2025-08-31T23:00:00.000Z,GR,Greece,GR,316.0,410.0,,18.0,,False,
2025-09-01T00:00:00.000Z,GR,Greece,GR,321.0,417.0,,17.0,,False,
2025-09-01T01:00:00.000Z,GR,Greece,GR,322.0,418.0,,17.0,,False,
2025-09-01T02:00:00.000Z,GR,Greece,GR,322.0,418.0,,18.0,,False,
2025-09-01T03:00:00.000Z,GR,Greece,GR,320.0,415.0,,19.0,,False,
2025-09-01T04:00:00.000Z,GR,Greece,GR,292.0,382.0,,25.0,,False,
2025-09-01T05:00:00.000Z,GR,Greece,GR,226.0,304.0,,42.0,,False,
2025-09-01T06:00:00.000Z,GR,Greece,GR,148.0,207.0,,62.0,,False,
2025-09-01T07:00:00.000Z,GR,Greece,GR,76.0,118.0,,80.0,,False,
2025-09-01T08:00:00.000Z,GR,Greece,GR,64.0,105.0,,83.0,,False,
2025-09-01T09:00:00.000Z,GR,Greece,GR,56.0,93.0,,85.0,,False,
2025-09-01T10:00:00.000Z,GR,Greece,GR,53.0,90.0,,86.0,,False,
2025-09-01T11:00:00.000Z,GR,Greece,GR,50.0,87.0,,87.0,,False,
2025-09-01T12:00:00.000Z,GR,Greece,GR,52.0,89.0,,86.0,,False,
2025-09-01T13:00:00.000Z,GR,Greece,GR,79.0,122.0,,80.0,,False,
2025-09-01T14:00:00.000Z,GR,Greece,GR,141.0,199.0,,64.0,,False,
2025-09-01T15:00:00.000Z,GR,Greece,GR,226.0,299.0,,43.0,,False,
2025-09-01T16:00:00.000Z,GR,Greece,GR,271.0,351.0,,31.0,,False,
2025-09-01T17:00:00.000Z,GR,Greece,GR,278.0,361.0,,29.0,,False,
2025-09-01T18:00:00.000Z,GR,Greece,GR,279.0,362.0,,28.0,,False,
2025-09-01T19:00:00.000Z,GR,Greece,GR,287.0,373.0,,27.0,,False,
2025-09-01T20:00:00.000Z,GR,Greece,GR,300.0,392.0,,23.0,,False,
2025-09-01T21:00:00.000Z,GR,Greece,GR,328.0,423.0,,17.0,,False,
2025-09-01T22:00:00.000Z,GR,Greece,GR,343.0,442.0,,13.0,,False,
2025-09-01T23:00:00.000Z,GR,Greece,GR,341.0,441.0,,13.0,,False,
2025-09-02T00:00:00.000Z,GR,Greece,GR,332.0,431.0,,15.0,,False,
2025-09-02T01:00:00.000Z,GR,Greece,GR,316.0,411.0,,19.0,,False,
2025-09-02T02:00:00.000Z,GR,Greece,GR,306.0,400.0,,22.0,,False,
2025-09-02T03:00:00.000Z,GR,Greece,GR,300.0,392.0,,24.0,,False,
2025-09-02T04:00:00.000Z,GR,Greece,GR,274.0,359.0,,30.0,,False,
2025-09-02T05:00:00.000Z,GR,Greece,GR,218.0,293.0,,44.0,,False,
2025-09-02T06:00:00.000Z,GR,Greece,GR,140.0,198.0,,64.0,,False,
2025-09-02T07:00:00.000Z,GR,Greece,GR,83.0,127.0,,78.0,,False,
2025-09-02T08:00:00.000Z,GR,Greece,GR,59.0,98.0,,85.0,,False,
2025-09-02T09:00:00.000Z,GR,Greece,GR,55.0,93.0,,86.0,,False,
2025-09-02T10:00:00.000Z,GR,Greece,GR,55.0,93.0,,86.0,,False,
2025-09-02T11:00:00.000Z,GR,Greece,GR,58.0,97.0,,85.0,,False,
2025-09-02T12:00:00.000Z,GR,Greece,GR,66.0,106.0,,83.0,,False,
2025-09-02T13:00:00.000Z,GR,Greece,GR,95.0,143.0,,75.0,,False,
2025-09-02T14:00:00.000Z,GR,Greece,GR,159.0,222.0,,59.0,,False,
2025-09-02T15:00:00.000Z,GR,Greece,GR,239.0,316.0,,39.0,,False,
2025-09-02T16:00:00.000Z,GR,Greece,GR,260.0,337.0,,35.0,,False,
2025-09-02T17:00:00.000Z,GR,Greece,GR,256.0,332.0,,35.0,,False,
2025-09-02T18:00:00.000Z,GR,Greece,GR,271.0,348.0,,33.0,,False,
2025-09-02T19:00:00.000Z,GR,Greece,GR,275.0,350.0,,33.0,,False,
2025-09-02T20:00:00.000Z,GR,Greece,GR,298.0,377.0,,28.0,,False,
2025-09-02T21:00:00.000Z,GR,Greece,GR,341.0,436.0,,17.0,,False,
2025-09-02T22:00:00.000Z,GR,Greece,GR,336.0,435.0,,17.0,,False,
2025-09-02T23:00:00.000Z,GR,Greece,GR,331.0,425.0,,20.0,,False,
2025-09-03T00:00:00.000Z,GR,Greece,GR,328.0,422.0,,20.0,,False,
2025-09-03T01:00:00.000Z,GR,Greece,GR,318.0,407.0,,23.0,,False,
2025-09-03T02:00:00.000Z,GR,Greece,GR,310.0,399.0,,25.0,,False,
2025-09-03T03:00:00.000Z,GR,Greece,GR,302.0,391.0,,26.0,,False,
2025-09-03T04:00:00.000Z,GR,Greece,GR,286.0,372.0,,29.0,,False,
2025-09-03T05:00:00.000Z,GR,Greece,GR,229.0,303.0,,43.0,,False,
2025-09-03T06:00:00.000Z,GR,Greece,GR,157.0,215.0,,62.0,,False,
2025-09-03T07:00:00.000Z,GR,Greece,GR,81.0,120.0,,81.0,,False,
2025-09-03T08:00:00.000Z,GR,Greece,GR,63.0,99.0,,86.0,,False,
2025-09-03T09:00:00.000Z,GR,Greece,GR,72.0,110.0,,83.0,,False,
2025-09-03T10:00:00.000Z,GR,Greece,GR,64.0,100.0,,85.0,,False,
2025-09-03T11:00:00.000Z,GR,Greece,GR,72.0,108.0,,84.0,,False,
2025-09-03T12:00:00.000Z,GR,Greece,GR,82.0,119.0,,81.0,,False,
2025-09-03T13:00:00.000Z,GR,Greece,GR,105.0,146.0,,75.0,,False,
2025-09-03T14:00:00.000Z,GR,Greece,GR,168.0,227.0,,59.0,,False,
2025-09-03T15:00:00.000Z,GR,Greece,GR,245.0,317.0,,41.0,,False,
2025-09-03T16:00:00.000Z,GR,Greece,GR,271.0,347.0,,33.0,,False,
2025-09-03T17:00:00.000Z,GR,Greece,GR,271.0,347.0,,33.0,,False,
2025-09-03T18:00:00.000Z,GR,Greece,GR,257.0,330.0,,36.0,,False,
2025-09-03T19:00:00.000Z,GR,Greece,GR,261.0,335.0,,36.0,,False,
2025-09-03T20:00:00.000Z,GR,Greece,GR,285.0,367.0,,30.0,,False,
2025-09-03T21:00:00.000Z,GR,Greece,GR,305.0,395.0,,25.0,,False,
2025-09-03T22:00:00.000Z,GR,Greece,GR,301.0,393.0,,25.0,,False,
2025-09-03T23:00:00.000Z,GR,Greece,GR,287.0,375.0,,29.0,,False,
2025-09-04T00:00:00.000Z,GR,Greece,GR,270.0,353.0,,33.0,,False,
2025-09-04T01:00:00.000Z,GR,Greece,GR,249.0,325.0,,39.0,,False,
2025-09-04T02:00:00.000Z,GR,Greece,GR,232.0,304.0,,43.0,,False,
2025-09-04T03:00:00.000Z,GR,Greece,GR,229.0,300.0,,44.0,,False,
2025-09-04T04:00:00.000Z,GR,Greece,GR,217.0,285.0,,47.0,,False,
2025-09-04T05:00:00.000Z,GR,Greece,GR,193.0,257.0,,52.0,,False,
2025-09-04T06:00:00.000Z,GR,Greece,GR,130.0,180.0,,69.0,,False,
2025-09-04T07:00:00.000Z,GR,Greece,GR,84.0,123.0,,80.0,,False,
2025-09-04T08:00:00.000Z,GR,Greece,GR,60.0,95.0,,86.0,,False,
2025-09-04T09:00:00.000Z,GR,Greece,GR,56.0,90.0,,87.0,,False,
2025-09-04T10:00:00.000Z,GR,Greece,GR,56.0,90.0,,87.0,,False,
2025-09-04T11:00:00.000Z,GR,Greece,GR,57.0,90.0,,87.0,,False,
2025-09-04T12:00:00.000Z,GR,Greece,GR,66.0,101.0,,85.0,,False,
2025-09-04T13:00:00.000Z,GR,Greece,GR,99.0,139.0,,78.0,,False,
2025-09-04T14:00:00.000Z,GR,Greece,GR,158.0,212.0,,63.0,,False,
2025-09-04T15:00:00.000Z,GR,Greece,GR,222.0,286.0,,48.0,,False,
2025-09-04T16:00:00.000Z,GR,Greece,GR,251.0,320.0,,40.0,,False,
2025-09-04T17:00:00.000Z,GR,Greece,GR,248.0,316.0,,41.0,,False,
2025-09-04T18:00:00.000Z,GR,Greece,GR,246.0,315.0,,41.0,,False,
2025-09-04T19:00:00.000Z,GR,Greece,GR,247.0,318.0,,41.0,,False,
2025-09-04T20:00:00.000Z,GR,Greece,GR,264.0,338.0,,37.0,,False,
2025-09-04T21:00:00.000Z,GR,Greece,GR,236.0,303.0,,45.0,,False,
2025-09-04T22:00:00.000Z,GR,Greece,GR,236.0,305.0,,45.0,,False,
2025-09-04T23:00:00.000Z,GR,Greece,GR,229.0,295.0,,47.0,,False,
2025-09-05T00:00:00.000Z,GR,Greece,GR,214.0,275.0,,51.0,,False,
2025-09-05T01:00:00.000Z,GR,Greece,GR,220.0,283.0,,50.0,,False,
2025-09-05T02:00:00.000Z,GR,Greece,GR,217.0,280.0,,50.0,,False,
2025-09-05T03:00:00.000Z,GR,Greece,GR,225.0,289.0,,48.0,,False,
2025-09-05T04:00:00.000Z,GR,Greece,GR,214.0,275.0,,51.0,,False,
2025-09-05T05:00:00.000Z,GR,Greece,GR,177.0,234.0,,59.0,,False,
2025-09-05T06:00:00.000Z,GR,Greece,GR,119.0,162.0,,74.0,,False,
2025-09-05T07:00:00.000Z,GR,Greece,GR,91.0,128.0,,81.0,,False,
2025-09-05T08:00:00.000Z,GR,Greece,GR,85.0,123.0,,82.0,,False,
2025-09-05T09:00:00.000Z,GR,Greece,GR,78.0,114.0,,84.0,,False,
2025-09-05T10:00:00.000Z,GR,Greece,GR,85.0,124.0,,82.0,,False,
2025-09-05T11:00:00.000Z,GR,Greece,GR,90.0,130.0,,81.0,,False,
2025-09-05T12:00:00.000Z,GR,Greece,GR,78.0,114.0,,84.0,,False,
2025-09-05T13:00:00.000Z,GR,Greece,GR,93.0,132.0,,80.0,,False,
2025-09-05T14:00:00.000Z,GR,Greece,GR,149.0,201.0,,66.0,,False,
2025-09-05T15:00:00.000Z,GR,Greece,GR,208.0,270.0,,51.0,,False,
2025-09-05T16:00:00.000Z,GR,Greece,GR,239.0,303.0,,43.0,,False,
2025-09-05T17:00:00.000Z,GR,Greece,GR,250.0,315.0,,42.0,,False,
2025-09-05T18:00:00.000Z,GR,Greece,GR,255.0,325.0,,40.0,,False,
2025-09-05T19:00:00.000Z,GR,Greece,GR,263.0,338.0,,37.0,,False,
2025-09-05T20:00:00.000Z,GR,Greece,GR,292.0,374.0,,31.0,,False,
2025-09-05T21:00:00.000Z,GR,Greece,GR,318.0,405.0,,25.0,,False,
2025-09-05T22:00:00.000Z,GR,Greece,GR,320.0,410.0,,24.0,,False,
2025-09-05T23:00:00.000Z,GR,Greece,GR,316.0,403.0,,26.0,,False,
2025-09-06T00:00:00.000Z,GR,Greece,GR,317.0,407.0,,25.0,,False,
2025-09-06T01:00:00.000Z,GR,Greece,GR,308.0,396.0,,27.0,,False,
2025-09-06T02:00:00.000Z,GR,Greece,GR,299.0,384.0,,29.0,,False,
2025-09-06T03:00:00.000Z,GR,Greece,GR,286.0,366.0,,33.0,,False,
2025-09-06T04:00:00.000Z,GR,Greece,GR,270.0,347.0,,37.0,,False,
2025-09-06T05:00:00.000Z,GR,Greece,GR,221.0,288.0,,48.0,,False,
2025-09-06T06:00:00.000Z,GR,Greece,GR,126.0,172.0,,73.0,,False,
2025-09-06T07:00:00.000Z,GR,Greece,GR,94.0,133.0,,80.0,,False,
2025-09-06T08:00:00.000Z,GR,Greece,GR,70.0,105.0,,86.0,,False,
2025-09-06T09:00:00.000Z,GR,Greece,GR,69.0,104.0,,87.0,,False,
2025-09-06T10:00:00.000Z,GR,Greece,GR,82.0,117.0,,84.0,,False,
2025-09-06T11:00:00.000Z,GR,Greece,GR,94.0,129.0,,82.0,,False,
2025-09-06T12:00:00.000Z,GR,Greece,GR,98.0,134.0,,81.0,,False,
2025-09-06T13:00:00.000Z,GR,Greece,GR,107.0,145.0,,78.0,,False,
2025-09-06T14:00:00.000Z,GR,Greece,GR,135.0,179.0,,71.0,,False,
2025-09-06T15:00:00.000Z,GR,Greece,GR,225.0,284.0,,50.0,,False,
2025-09-06T16:00:00.000Z,GR,Greece,GR,246.0,306.0,,45.0,,False,
2025-09-06T17:00:00.000Z,GR,Greece,GR,249.0,310.0,,44.0,,False,
2025-09-06T18:00:00.000Z,GR,Greece,GR,261.0,324.0,,42.0,,False,
2025-09-06T19:00:00.000Z,GR,Greece,GR,272.0,332.0,,40.0,,False,
2025-09-06T20:00:00.000Z,GR,Greece,GR,287.0,347.0,,36.0,,False,
2025-09-06T21:00:00.000Z,GR,Greece,GR,315.0,387.0,,29.0,,False,
2025-09-06T22:00:00.000Z,GR,Greece,GR,339.0,422.0,,22.0,,False,
2025-09-06T23:00:00.000Z,GR,Greece,GR,344.0,424.0,,23.0,,False,
2025-09-07T00:00:00.000Z,GR,Greece,GR,344.0,420.0,,24.0,,False,
2025-09-07T01:00:00.000Z,GR,Greece,GR,335.0,411.0,,26.0,,False,
2025-09-07T02:00:00.000Z,GR,Greece,GR,314.0,387.0,,30.0,,False,
2025-09-07T03:00:00.000Z,GR,Greece,GR,300.0,370.0,,34.0,,False,
2025-09-07T04:00:00.000Z,GR,Greece,GR,266.0,329.0,,42.0,,False,
2025-09-07T05:00:00.000Z,GR,Greece,GR,182.0,236.0,,61.0,,False,
2025-09-07T06:00:00.000Z,GR,Greece,GR,112.0,153.0,,77.0,,False,
2025-09-07T07:00:00.000Z,GR,Greece,GR,90.0,127.0,,82.0,,False,
2025-09-07T08:00:00.000Z,GR,Greece,GR,93.0,132.0,,81.0,,False,
2025-09-07T09:00:00.000Z,GR,Greece,GR,88.0,124.0,,83.0,,False,
2025-09-07T10:00:00.000Z,GR,Greece,GR,109.0,146.0,,79.0,,False,
2025-09-07T11:00:00.000Z,GR,Greece,GR,118.0,156.0,,78.0,,False,
2025-09-07T12:00:00.000Z,GR,Greece,GR,127.0,167.0,,76.0,,False,
2025-09-07T13:00:00.000Z,GR,Greece,GR,141.0,180.0,,73.0,,False,
2025-09-07T14:00:00.000Z,GR,Greece,GR,148.0,199.0,,67.0,,False,
2025-09-07T15:00:00.000Z,GR,Greece,GR,225.0,289.0,,48.0,,False,
2025-09-07T16:00:00.000Z,GR,Greece,GR,239.0,302.0,,44.0,,False,
2025-09-07T17:00:00.000Z,GR,Greece,GR,245.0,308.0,,43.0,,False,
2025-09-07T18:00:00.000Z,GR,Greece,GR,250.0,314.0,,41.0,,False,
2025-09-07T19:00:00.000Z,GR,Greece,GR,269.0,339.0,,37.0,,False,
2025-09-07T20:00:00.000Z,GR,Greece,GR,292.0,371.0,,32.0,,False,
2025-09-07T21:00:00.000Z,GR,Greece,GR,338.0,427.0,,21.0,,False,
2025-09-07T22:00:00.000Z,GR,Greece,GR,362.0,458.0,,15.0,,False,
2025-09-07T23:00:00.000Z,GR,Greece,GR,362.0,460.0,,15.0,,False,
2025-09-08T00:00:00.000Z,GR,Greece,GR,346.0,439.0,,19.0,,False,
2025-09-08T01:00:00.000Z,GR,Greece,GR,328.0,417.0,,23.0,,False,
2025-09-08T02:00:00.000Z,GR,Greece,GR,322.0,413.0,,24.0,,False,
2025-09-08T03:00:00.000Z,GR,Greece,GR,311.0,397.0,,27.0,,False,
2025-09-08T04:00:00.000Z,GR,Greece,GR,288.0,370.0,,32.0,,False,
2025-09-08T05:00:00.000Z,GR,Greece,GR,222.0,289.0,,48.0,,False,
2025-09-08T06:00:00.000Z,GR,Greece,GR,133.0,181.0,,71.0,,False,
2025-09-08T07:00:00.000Z,GR,Greece,GR,86.0,123.0,,82.0,,False,
2025-09-08T08:00:00.000Z,GR,Greece,GR,68.0,102.0,,87.0,,False,
2025-09-08T09:00:00.000Z,GR,Greece,GR,67.0,101.0,,87.0,,False,
2025-09-08T10:00:00.000Z,GR,Greece,GR,67.0,100.0,,87.0,,False,
2025-09-08T11:00:00.000Z,GR,Greece,GR,71.0,105.0,,86.0,,False,
2025-09-08T12:00:00.000Z,GR,Greece,GR,87.0,126.0,,82.0,,False,
2025-09-08T13:00:00.000Z,GR,Greece,GR,114.0,159.0,,75.0,,False,
2025-09-08T14:00:00.000Z,GR,Greece,GR,177.0,236.0,,59.0,,False,
2025-09-08T15:00:00.000Z,GR,Greece,GR,242.0,309.0,,44.0,,False,
2025-09-08T16:00:00.000Z,GR,Greece,GR,270.0,342.0,,36.0,,False,
2025-09-08T17:00:00.000Z,GR,Greece,GR,278.0,350.0,,35.0,,False,
2025-09-08T18:00:00.000Z,GR,Greece,GR,288.0,362.0,,33.0,,False,
2025-09-08T19:00:00.000Z,GR,Greece,GR,316.0,395.0,,26.0,,False,
2025-09-08T20:00:00.000Z,GR,Greece,GR,354.0,439.0,,18.0,,False,
2025-09-08T21:00:00.000Z,GR,Greece,GR,367.0,463.0,,14.0,,False,
2025-09-08T22:00:00.000Z,GR,Greece,GR,371.0,473.0,,12.0,,False,
2025-09-08T23:00:00.000Z,GR,Greece,GR,369.0,469.0,,13.0,,False,
2025-09-09T00:00:00.000Z,GR,Greece,GR,363.0,465.0,,13.0,,False,
2025-09-09T01:00:00.000Z,GR,Greece,GR,363.0,466.0,,13.0,,False,
2025-09-09T02:00:00.000Z,GR,Greece,GR,357.0,457.0,,14.0,,False,
2025-09-09T03:00:00.000Z,GR,Greece,GR,355.0,450.0,,16.0,,False,
2025-09-09T04:00:00.000Z,GR,Greece,GR,335.0,429.0,,19.0,,False,
2025-09-09T05:00:00.000Z,GR,Greece,GR,276.0,359.0,,34.0,,False,
2025-09-09T06:00:00.000Z,GR,Greece,GR,188.0,252.0,,56.0,,False,
2025-09-09T07:00:00.000Z,GR,Greece,GR,125.0,172.0,,72.0,,False,
2025-09-09T08:00:00.000Z,GR,Greece,GR,90.0,131.0,,81.0,,False,
2025-09-09T09:00:00.000Z,GR,Greece,GR,77.0,114.0,,84.0,,False,
2025-09-09T10:00:00.000Z,GR,Greece,GR,75.0,112.0,,85.0,,False,
2025-09-09T11:00:00.000Z,GR,Greece,GR,76.0,113.0,,84.0,,False,
2025-09-09T12:00:00.000Z,GR,Greece,GR,96.0,138.0,,79.0,,False,
2025-09-09T13:00:00.000Z,GR,Greece,GR,139.0,191.0,,69.0,,False,
2025-09-09T14:00:00.000Z,GR,Greece,GR,209.0,277.0,,51.0,,False,
2025-09-09T15:00:00.000Z,GR,Greece,GR,275.0,352.0,,36.0,,False,
2025-09-09T16:00:00.000Z,GR,Greece,GR,292.0,367.0,,32.0,,False,
2025-09-09T17:00:00.000Z,GR,Greece,GR,302.0,378.0,,30.0,,False,
2025-09-09T18:00:00.000Z,GR,Greece,GR,307.0,384.0,,29.0,,False,
2025-09-09T19:00:00.000Z,GR,Greece,GR,304.0,380.0,,29.0,,False,
2025-09-09T20:00:00.000Z,GR,Greece,GR,349.0,434.0,,19.0,,False,
2025-09-09T21:00:00.000Z,GR,Greece,GR,386.0,485.0,,10.0,,False,
2025-09-09T22:00:00.000Z,GR,Greece,GR,402.0,510.0,,5.0,,False,
2025-09-09T23:00:00.000Z,GR,Greece,GR,400.0,506.0,,6.0,,False,
2025-09-10T00:00:00.000Z,GR,Greece,GR,401.0,508.0,,5.0,,False,
2025-09-10T01:00:00.000Z,GR,Greece,GR,397.0,507.0,,5.0,,False,
2025-09-10T02:00:00.000Z,GR,Greece,GR,393.0,501.0,,6.0,,False,
2025-09-10T03:00:00.000Z,GR,Greece,GR,392.0,497.0,,8.0,,False,
2025-09-10T04:00:00.000Z,GR,Greece,GR,369.0,470.0,,13.0,,False,
2025-09-10T05:00:00.000Z,GR,Greece,GR,290.0,377.0,,31.0,,False,
2025-09-10T06:00:00.000Z,GR,Greece,GR,209.0,278.0,,51.0,,False,
2025-09-10T07:00:00.000Z,GR,Greece,GR,132.0,182.0,,71.0,,False,
2025-09-10T08:00:00.000Z,GR,Greece,GR,103.0,146.0,,78.0,,False,
2025-09-10T09:00:00.000Z,GR,Greece,GR,87.0,128.0,,82.0,,False,
2025-09-10T10:00:00.000Z,GR,Greece,GR,85.0,125.0,,82.0,,False,
2025-09-10T11:00:00.000Z,GR,Greece,GR,90.0,131.0,,81.0,,False,
2025-09-10T12:00:00.000Z,GR,Greece,GR,114.0,161.0,,75.0,,False,
2025-09-10T13:00:00.000Z,GR,Greece,GR,155.0,211.0,,64.0,,False,
2025-09-10T14:00:00.000Z,GR,Greece,GR,201.0,263.0,,53.0,,False,
2025-09-10T15:00:00.000Z,GR,Greece,GR,252.0,318.0,,43.0,,False,
2025-09-10T16:00:00.000Z,GR,Greece,GR,279.0,344.0,,38.0,,False,
2025-09-10T17:00:00.000Z,GR,Greece,GR,296.0,364.0,,34.0,,False,
2025-09-10T18:00:00.000Z,GR,Greece,GR,301.0,373.0,,32.0,,False,
2025-09-10T19:00:00.000Z,GR,Greece,GR,307.0,382.0,,31.0,,False,
2025-09-10T20:00:00.000Z,GR,Greece,GR,352.0,440.0,,19.0,,False,
2025-09-10T21:00:00.000Z,GR,Greece,GR,378.0,472.0,,13.0,,False,
2025-09-10T22:00:00.000Z,GR,Greece,GR,405.0,507.0,,5.0,,False,
2025-09-10T23:00:00.000Z,GR,Greece,GR,403.0,497.0,,8.0,,False,
2025-09-11T00:00:00.000Z,GR,Greece,GR,403.0,497.0,,8.0,,False,
2025-09-11T01:00:00.000Z,GR,Greece,GR,398.0,490.0,,9.0,,False,
2025-09-11T02:00:00.000Z,GR,Greece,GR,401.0,502.0,,7.0,,False,
2025-09-11T03:00:00.000Z,GR,Greece,GR,398.0,496.0,,8.0,,False,
2025-09-11T04:00:00.000Z,GR,Greece,GR,363.0,456.0,,16.0,,False,
2025-09-11T05:00:00.000Z,GR,Greece,GR,284.0,366.0,,33.0,,False,
2025-09-11T06:00:00.000Z,GR,Greece,GR,225.0,297.0,,47.0,,False,
2025-09-11T07:00:00.000Z,GR,Greece,GR,179.0,240.0,,58.0,,False,
2025-09-11T08:00:00.000Z,GR,Greece,GR,158.0,214.0,,64.0,,False,
2025-09-11T09:00:00.000Z,GR,Greece,GR,163.0,221.0,,63.0,,False,
2025-09-11T10:00:00.000Z,GR,Greece,GR,168.0,227.0,,61.0,,False,
2025-09-11T11:00:00.000Z,GR,Greece,GR,170.0,229.0,,61.0,,False,
2025-09-11T12:00:00.000Z,GR,Greece,GR,186.0,249.0,,57.0,,False,
2025-09-11T13:00:00.000Z,GR,Greece,GR,223.0,295.0,,47.0,,False,
2025-09-11T14:00:00.000Z,GR,Greece,GR,258.0,333.0,,40.0,,False,
2025-09-11T15:00:00.000Z,GR,Greece,GR,282.0,356.0,,35.0,,False,
2025-09-11T16:00:00.000Z,GR,Greece,GR,297.0,375.0,,31.0,,False,
2025-09-11T17:00:00.000Z,GR,Greece,GR,306.0,384.0,,29.0,,False,
2025-09-11T18:00:00.000Z,GR,Greece,GR,304.0,383.0,,30.0,,False,
2025-09-11T19:00:00.000Z,GR,Greece,GR,315.0,397.0,,27.0,,False,
2025-09-11T20:00:00.000Z,GR,Greece,GR,346.0,436.0,,19.0,,False,
2025-09-11T21:00:00.000Z,GR,Greece,GR,365.0,459.0,,14.0,,False,
2025-09-11T22:00:00.000Z,GR,Greece,GR,378.0,478.0,,10.0,,False,
2025-09-11T23:00:00.000Z,GR,Greece,GR,379.0,476.0,,11.0,,False,
2025-09-12T00:00:00.000Z,GR,Greece,GR,385.0,479.0,,11.0,,False,
2025-09-12T01:00:00.000Z,GR,Greece,GR,382.0,475.0,,12.0,,False,
2025-09-12T02:00:00.000Z,GR,Greece,GR,380.0,478.0,,11.0,,False,
2025-09-12T03:00:00.000Z,GR,Greece,GR,373.0,470.0,,12.0,,False,
2025-09-12T04:00:00.000Z,GR,Greece,GR,350.0,443.0,,18.0,,False,
2025-09-12T05:00:00.000Z,GR,Greece,GR,275.0,355.0,,36.0,,False,
2025-09-12T06:00:00.000Z,GR,Greece,GR,205.0,274.0,,52.0,,False,
2025-09-12T07:00:00.000Z,GR,Greece,GR,153.0,209.0,,65.0,,False,
2025-09-12T08:00:00.000Z,GR,Greece,GR,100.0,144.0,,79.0,,False,
2025-09-12T09:00:00.000Z,GR,Greece,GR,103.0,148.0,,77.0,,False,
2025-09-12T10:00:00.000Z,GR,Greece,GR,92.0,133.0,,81.0,,False,
2025-09-12T11:00:00.000Z,GR,Greece,GR,93.0,134.0,,80.0,,False,
2025-09-12T12:00:00.000Z,GR,Greece,GR,112.0,158.0,,76.0,,False,
2025-09-12T13:00:00.000Z,GR,Greece,GR,150.0,205.0,,66.0,,False,
2025-09-12T14:00:00.000Z,GR,Greece,GR,207.0,274.0,,51.0,,False,
2025-09-12T15:00:00.000Z,GR,Greece,GR,274.0,350.0,,35.0,,False,
2025-09-12T16:00:00.000Z,GR,Greece,GR,289.0,366.0,,31.0,,False,
2025-09-12T17:00:00.000Z,GR,Greece,GR,296.0,373.0,,30.0,,False,
2025-09-12T18:00:00.000Z,GR,Greece,GR,296.0,376.0,,29.0,,False,
2025-09-12T19:00:00.000Z,GR,Greece,GR,312.0,395.0,,25.0,,False,
2025-09-12T20:00:00.000Z,GR,Greece,GR,337.0,431.0,,18.0,,False,
2025-09-12T21:00:00.000Z,GR,Greece,GR,335.0,433.0,,17.0,,False,
2025-09-12T22:00:00.000Z,GR,Greece,GR,338.0,436.0,,17.0,,False,
2025-09-12T23:00:00.000Z,GR,Greece,GR,341.0,431.0,,18.0,,False,
2025-09-13T00:00:00.000Z,GR,Greece,GR,325.0,410.0,,23.0,,False,
2025-09-13T01:00:00.000Z,GR,Greece,GR,308.0,395.0,,26.0,,False,
2025-09-13T02:00:00.000Z,GR,Greece,GR,278.0,359.0,,33.0,,False,
2025-09-13T03:00:00.000Z,GR,Greece,GR,257.0,333.0,,38.0,,False,
2025-09-13T04:00:00.000Z,GR,Greece,GR,236.0,309.0,,42.0,,False,
2025-09-13T05:00:00.000Z,GR,Greece,GR,176.0,234.0,,57.0,,False,
2025-09-13T06:00:00.000Z,GR,Greece,GR,106.0,150.0,,75.0,,False,
2025-09-13T07:00:00.000Z,GR,Greece,GR,69.0,105.0,,84.0,,False,
2025-09-13T08:00:00.000Z,GR,Greece,GR,62.0,97.0,,86.0,,False,
2025-09-13T09:00:00.000Z,GR,Greece,GR,62.0,97.0,,86.0,,False,
2025-09-13T10:00:00.000Z,GR,Greece,GR,67.0,103.0,,85.0,,False,
2025-09-13T11:00:00.000Z,GR,Greece,GR,70.0,107.0,,84.0,,False,
2025-09-13T12:00:00.000Z,GR,Greece,GR,73.0,110.0,,83.0,,False,
2025-09-13T13:00:00.000Z,GR,Greece,GR,79.0,118.0,,82.0,,False,
2025-09-13T14:00:00.000Z,GR,Greece,GR,126.0,175.0,,70.0,,False,
2025-09-13T15:00:00.000Z,GR,Greece,GR,196.0,255.0,,53.0,,False,
2025-09-13T16:00:00.000Z,GR,Greece,GR,215.0,276.0,,48.0,,False,
2025-09-13T17:00:00.000Z,GR,Greece,GR,227.0,289.0,,46.0,,False,
2025-09-13T18:00:00.000Z,GR,Greece,GR,226.0,288.0,,45.0,,False,
2025-09-13T19:00:00.000Z,GR,Greece,GR,233.0,299.0,,43.0,,False,
2025-09-13T20:00:00.000Z,GR,Greece,GR,257.0,331.0,,37.0,,False,
2025-09-13T21:00:00.000Z,GR,Greece,GR,260.0,335.0,,36.0,,False,
2025-09-13T22:00:00.000Z,GR,Greece,GR,261.0,340.0,,36.0,,False,
2025-09-13T23:00:00.000Z,GR,Greece,GR,253.0,330.0,,38.0,,False,
2025-09-14T00:00:00.000Z,GR,Greece,GR,239.0,313.0,,41.0,,False,
2025-09-14T01:00:00.000Z,GR,Greece,GR,247.0,324.0,,39.0,,False,
2025-09-14T02:00:00.000Z,GR,Greece,GR,237.0,310.0,,42.0,,False,
2025-09-14T03:00:00.000Z,GR,Greece,GR,231.0,303.0,,43.0,,False,
2025-09-14T04:00:00.000Z,GR,Greece,GR,211.0,276.0,,49.0,,False,
2025-09-14T05:00:00.000Z,GR,Greece,GR,151.0,202.0,,64.0,,False,
2025-09-14T06:00:00.000Z,GR,Greece,GR,83.0,121.0,,81.0,,False,
2025-09-14T07:00:00.000Z,GR,Greece,GR,74.0,111.0,,83.0,,False,
2025-09-14T08:00:00.000Z,GR,Greece,GR,75.0,113.0,,83.0,,False,
2025-09-14T09:00:00.000Z,GR,Greece,GR,76.0,114.0,,83.0,,False,
2025-09-14T10:00:00.000Z,GR,Greece,GR,70.0,107.0,,84.0,,False,
2025-09-14T11:00:00.000Z,GR,Greece,GR,72.0,110.0,,84.0,,False,
2025-09-14T12:00:00.000Z,GR,Greece,GR,75.0,114.0,,83.0,,False,
2025-09-14T13:00:00.000Z,GR,Greece,GR,86.0,126.0,,81.0,,False,
2025-09-14T14:00:00.000Z,GR,Greece,GR,130.0,178.0,,69.0,,False,
2025-09-14T15:00:00.000Z,GR,Greece,GR,224.0,291.0,,46.0,,False,
2025-09-14T16:00:00.000Z,GR,Greece,GR,254.0,325.0,,38.0,,False,
2025-09-14T17:00:00.000Z,GR,Greece,GR,260.0,333.0,,36.0,,False,
2025-09-14T18:00:00.000Z,GR,Greece,GR,270.0,345.0,,33.0,,False,
2025-09-14T19:00:00.000Z,GR,Greece,GR,285.0,361.0,,31.0,,False,
2025-09-14T20:00:00.000Z,GR,Greece,GR,324.0,401.0,,23.0,,False,
2025-09-14T21:00:00.000Z,GR,Greece,GR,323.0,404.0,,23.0,,False,
2025-09-14T22:00:00.000Z,GR,Greece,GR,323.0,399.0,,24.0,,False,
2025-09-14T23:00:00.000Z,GR,Greece,GR,325.0,401.0,,24.0,,False,
2025-09-15T00:00:00.000Z,GR,Greece,GR,319.0,395.0,,26.0,,False,
2025-09-15T01:00:00.000Z,GR,Greece,GR,297.0,370.0,,32.0,,False,
2025-09-15T02:00:00.000Z,GR,Greece,GR,278.0,349.0,,36.0,,False,
2025-09-15T03:00:00.000Z,GR,Greece,GR,263.0,333.0,,40.0,,False,
2025-09-15T04:00:00.000Z,GR,Greece,GR,244.0,317.0,,40.0,,False,
2025-09-15T05:00:00.000Z,GR,Greece,GR,202.0,269.0,,50.0,,False,
2025-09-15T06:00:00.000Z,GR,Greece,GR,130.0,181.0,,69.0,,False,
2025-09-15T07:00:00.000Z,GR,Greece,GR,73.0,111.0,,83.0,,False,
2025-09-15T08:00:00.000Z,GR,Greece,GR,60.0,95.0,,87.0,,False,
2025-09-15T09:00:00.000Z,GR,Greece,GR,57.0,92.0,,87.0,,False,
2025-09-15T10:00:00.000Z,GR,Greece,GR,58.0,93.0,,87.0,,False,
2025-09-15T11:00:00.000Z,GR,Greece,GR,58.0,93.0,,87.0,,False,
2025-09-15T12:00:00.000Z,GR,Greece,GR,63.0,98.0,,86.0,,False,
2025-09-15T13:00:00.000Z,GR,Greece,GR,97.0,141.0,,77.0,,False,
2025-09-15T14:00:00.000Z,GR,Greece,GR,157.0,215.0,,62.0,,False,
2025-09-15T15:00:00.000Z,GR,Greece,GR,228.0,297.0,,44.0,,False,
2025-09-15T16:00:00.000Z,GR,Greece,GR,259.0,332.0,,36.0,,False,
2025-09-15T17:00:00.000Z,GR,Greece,GR,260.0,333.0,,37.0,,False,
2025-09-15T18:00:00.000Z,GR,Greece,GR,279.0,355.0,,32.0,,False,
2025-09-15T19:00:00.000Z,GR,Greece,GR,290.0,371.0,,30.0,,False,
2025-09-15T20:00:00.000Z,GR,Greece,GR,311.0,400.0,,24.0,,False,
2025-09-15T21:00:00.000Z,GR,Greece,GR,330.0,426.0,,19.0,,False,
2025-09-15T22:00:00.000Z,GR,Greece,GR,335.0,434.0,,17.0,,False,
2025-09-15T23:00:00.000Z,GR,Greece,GR,327.0,421.0,,20.0,,False,
2025-09-16T00:00:00.000Z,GR,Greece,GR,325.0,420.0,,21.0,,False,
2025-09-16T01:00:00.000Z,GR,Greece,GR,310.0,401.0,,24.0,,False,
2025-09-16T02:00:00.000Z,GR,Greece,GR,304.0,395.0,,25.0,,False,
2025-09-16T03:00:00.000Z,GR,Greece,GR,301.0,388.0,,27.0,,False,
2025-09-16T04:00:00.000Z,GR,Greece,GR,272.0,354.0,,33.0,,False,
2025-09-16T05:00:00.000Z,GR,Greece,GR,207.0,276.0,,49.0,,False,
2025-09-16T06:00:00.000Z,GR,Greece,GR,131.0,183.0,,69.0,,False,
2025-09-16T07:00:00.000Z,GR,Greece,GR,89.0,131.0,,79.0,,False,
2025-09-16T08:00:00.000Z,GR,Greece,GR,73.0,112.0,,83.0,,False,
2025-09-16T09:00:00.000Z,GR,Greece,GR,59.0,94.0,,87.0,,False,
2025-09-16T10:00:00.000Z,GR,Greece,GR,54.0,89.0,,88.0,,False,
2025-09-16T11:00:00.000Z,GR,Greece,GR,56.0,90.0,,88.0,,False,
2025-09-16T12:00:00.000Z,GR,Greece,GR,62.0,97.0,,86.0,,False,
2025-09-16T13:00:00.000Z,GR,Greece,GR,112.0,160.0,,73.0,,False,
2025-09-16T14:00:00.000Z,GR,Greece,GR,181.0,245.0,,56.0,,False,
2025-09-16T15:00:00.000Z,GR,Greece,GR,257.0,332.0,,38.0,,False,
2025-09-16T16:00:00.000Z,GR,Greece,GR,284.0,359.0,,33.0,,False,
2025-09-16T17:00:00.000Z,GR,Greece,GR,290.0,367.0,,31.0,,False,
2025-09-16T18:00:00.000Z,GR,Greece,GR,306.0,386.0,,27.0,,False,
2025-09-16T19:00:00.000Z,GR,Greece,GR,323.0,405.0,,23.0,,False,
2025-09-16T20:00:00.000Z,GR,Greece,GR,344.0,431.0,,18.0,,False,
2025-09-16T21:00:00.000Z,GR,Greece,GR,362.0,458.0,,13.0,,False,
2025-09-16T22:00:00.000Z,GR,Greece,GR,373.0,471.0,,10.0,,False,
2025-09-16T23:00:00.000Z,GR,Greece,GR,364.0,450.0,,15.0,,False,
2025-09-17T00:00:00.000Z,GR,Greece,GR,359.0,444.0,,16.0,,False,
2025-09-17T01:00:00.000Z,GR,Greece,GR,358.0,441.0,,18.0,,False,
2025-09-17T02:00:00.000Z,GR,Greece,GR,355.0,438.0,,19.0,,False,
2025-09-17T03:00:00.000Z,GR,Greece,GR,351.0,438.0,,20.0,,False,
2025-09-17T04:00:00.000Z,GR,Greece,GR,326.0,410.0,,24.0,,False,
2025-09-17T05:00:00.000Z,GR,Greece,GR,270.0,351.0,,35.0,,False,
2025-09-17T06:00:00.000Z,GR,Greece,GR,217.0,291.0,,46.0,,False,
2025-09-17T07:00:00.000Z,GR,Greece,GR,179.0,243.0,,56.0,,False,
2025-09-17T08:00:00.000Z,GR,Greece,GR,117.0,167.0,,72.0,,False,
2025-09-17T09:00:00.000Z,GR,Greece,GR,90.0,130.0,,81.0,,False,
2025-09-17T10:00:00.000Z,GR,Greece,GR,92.0,132.0,,80.0,,False,
2025-09-17T11:00:00.000Z,GR,Greece,GR,78.0,118.0,,83.0,,False,
2025-09-17T12:00:00.000Z,GR,Greece,GR,91.0,131.0,,80.0,,False,
2025-09-17T13:00:00.000Z,GR,Greece,GR,111.0,153.0,,75.0,,False,
2025-09-17T14:00:00.000Z,GR,Greece,GR,163.0,219.0,,62.0,,False,
2025-09-17T15:00:00.000Z,GR,Greece,GR,228.0,289.0,,48.0,,False,
2025-09-17T16:00:00.000Z,GR,Greece,GR,244.0,304.0,,44.0,,False,
2025-09-17T17:00:00.000Z,GR,Greece,GR,227.0,283.0,,47.0,,False,
2025-09-17T18:00:00.000Z,GR,Greece,GR,241.0,301.0,,44.0,,False,
2025-09-17T19:00:00.000Z,GR,Greece,GR,243.0,302.0,,44.0,,False,
2025-09-17T20:00:00.000Z,GR,Greece,GR,243.0,303.0,,43.0,,False,
2025-09-17T21:00:00.000Z,GR,Greece,GR,213.0,269.0,,50.0,,False,
2025-09-17T22:00:00.000Z,GR,Greece,GR,175.0,223.0,,59.0,,False,
2025-09-17T23:00:00.000Z,GR,Greece,GR,150.0,192.0,,65.0,,False,
2025-09-18T00:00:00.000Z,GR,Greece,GR,146.0,186.0,,66.0,,False,
2025-09-18T01:00:00.000Z,GR,Greece,GR,147.0,187.0,,65.0,,False,
2025-09-18T02:00:00.000Z,GR,Greece,GR,148.0,191.0,,65.0,,False,
2025-09-18T03:00:00.000Z,GR,Greece,GR,144.0,185.0,,67.0,,False,
2025-09-18T04:00:00.000Z,GR,Greece,GR,159.0,206.0,,62.0,,False,
2025-09-18T05:00:00.000Z,GR,Greece,GR,145.0,195.0,,65.0,,False,
2025-09-18T06:00:00.000Z,GR,Greece,GR,84.0,122.0,,81.0,,False,
2025-09-18T07:00:00.000Z,GR,Greece,GR,70.0,105.0,,84.0,,False,
2025-09-18T08:00:00.000Z,GR,Greece,GR,68.0,104.0,,85.0,,False,
2025-09-18T09:00:00.000Z,GR,Greece,GR,67.0,103.0,,85.0,,False,
2025-09-18T10:00:00.000Z,GR,Greece,GR,72.0,109.0,,84.0,,False,
2025-09-18T11:00:00.000Z,GR,Greece,GR,73.0,110.0,,84.0,,False,
2025-09-18T12:00:00.000Z,GR,Greece,GR,77.0,115.0,,82.0,,False,
2025-09-18T13:00:00.000Z,GR,Greece,GR,72.0,108.0,,84.0,,False,
2025-09-18T14:00:00.000Z,GR,Greece,GR,117.0,164.0,,72.0,,False,
2025-09-18T15:00:00.000Z,GR,Greece,GR,190.0,251.0,,54.0,,False,
2025-09-18T16:00:00.000Z,GR,Greece,GR,225.0,291.0,,45.0,,False,
2025-09-18T17:00:00.000Z,GR,Greece,GR,219.0,283.0,,46.0,,False,
2025-09-18T18:00:00.000Z,GR,Greece,GR,210.0,272.0,,49.0,,False,
2025-09-18T19:00:00.000Z,GR,Greece,GR,202.0,260.0,,51.0,,False,
2025-09-18T20:00:00.000Z,GR,Greece,GR,209.0,268.0,,49.0,,False,
2025-09-18T21:00:00.000Z,GR,Greece,GR,203.0,266.0,,51.0,,False,
2025-09-18T22:00:00.000Z,GR,Greece,GR,207.0,270.0,,50.0,,False,
2025-09-18T23:00:00.000Z,GR,Greece,GR,197.0,256.0,,53.0,,False,
2025-09-19T00:00:00.000Z,GR,Greece,GR,186.0,242.0,,56.0,,False,
2025-09-19T01:00:00.000Z,GR,Greece,GR,182.0,237.0,,57.0,,False,
2025-09-19T02:00:00.000Z,GR,Greece,GR,182.0,238.0,,57.0,,False,
2025-09-19T03:00:00.000Z,GR,Greece,GR,188.0,246.0,,55.0,,False,
2025-09-19T04:00:00.000Z,GR,Greece,GR,189.0,249.0,,54.0,,False,
2025-09-19T05:00:00.000Z,GR,Greece,GR,149.0,202.0,,64.0,,False,
2025-09-19T06:00:00.000Z,GR,Greece,GR,85.0,123.0,,80.0,,False,
2025-09-19T07:00:00.000Z,GR,Greece,GR,74.0,111.0,,83.0,,False,
2025-09-19T08:00:00.000Z,GR,Greece,GR,78.0,116.0,,82.0,,False,
2025-09-19T09:00:00.000Z,GR,Greece,GR,75.0,113.0,,83.0,,False,
2025-09-19T10:00:00.000Z,GR,Greece,GR,66.0,102.0,,85.0,,False,
2025-09-19T11:00:00.000Z,GR,Greece,GR,71.0,107.0,,84.0,,False,
2025-09-19T12:00:00.000Z,GR,Greece,GR,75.0,112.0,,83.0,,False,
2025-09-19T13:00:00.000Z,GR,Greece,GR,75.0,112.0,,83.0,,False,
2025-09-19T14:00:00.000Z,GR,Greece,GR,102.0,144.0,,76.0,,False,
2025-09-19T15:00:00.000Z,GR,Greece,GR,170.0,225.0,,59.0,,False,
2025-09-19T16:00:00.000Z,GR,Greece,GR,200.0,258.0,,52.0,,False,
2025-09-19T17:00:00.000Z,GR,Greece,GR,203.0,261.0,,51.0,,False,
2025-09-19T18:00:00.000Z,GR,Greece,GR,200.0,259.0,,51.0,,False,
2025-09-19T19:00:00.000Z,GR,Greece,GR,193.0,249.0,,53.0,,False,
2025-09-19T20:00:00.000Z,GR,Greece,GR,176.0,230.0,,55.0,,False,
2025-09-19T21:00:00.000Z,GR,Greece,GR,180.0,240.0,,54.0,,False,
2025-09-19T22:00:00.000Z,GR,Greece,GR,193.0,259.0,,50.0,,False,
2025-09-19T23:00:00.000Z,GR,Greece,GR,181.0,244.0,,53.0,,False,
2025-09-20T00:00:00.000Z,GR,Greece,GR,143.0,196.0,,63.0,,False,
2025-09-20T01:00:00.000Z,GR,Greece,GR,141.0,192.0,,64.0,,False,
2025-09-20T02:00:00.000Z,GR,Greece,GR,137.0,187.0,,65.0,,False,
2025-09-20T03:00:00.000Z,GR,Greece,GR,140.0,191.0,,64.0,,False,
2025-09-20T04:00:00.000Z,GR,Greece,GR,129.0,175.0,,67.0,,False,
2025-09-20T05:00:00.000Z,GR,Greece,GR,93.0,131.0,,77.0,,False,
2025-09-20T06:00:00.000Z,GR,Greece,GR,61.0,96.0,,84.0,,False,
2025-09-20T07:00:00.000Z,GR,Greece,GR,61.0,98.0,,84.0,,False,
2025-09-20T08:00:00.000Z,GR,Greece,GR,58.0,94.0,,85.0,,False,
2025-09-20T09:00:00.000Z,GR,Greece,GR,60.0,97.0,,84.0,,False,
2025-09-20T10:00:00.000Z,GR,Greece,GR,64.0,102.0,,84.0,,False,
2025-09-20T11:00:00.000Z,GR,Greece,GR,64.0,103.0,,83.0,,False,
2025-09-20T12:00:00.000Z,GR,Greece,GR,68.0,107.0,,82.0,,False,
2025-09-20T13:00:00.000Z,GR,Greece,GR,64.0,102.0,,83.0,,False,
2025-09-20T14:00:00.000Z,GR,Greece,GR,73.0,111.0,,81.0,,False,
2025-09-20T15:00:00.000Z,GR,Greece,GR,132.0,180.0,,66.0,,False,
2025-09-20T16:00:00.000Z,GR,Greece,GR,166.0,219.0,,58.0,,False,
2025-09-20T17:00:00.000Z,GR,Greece,GR,180.0,236.0,,54.0,,False,
2025-09-20T18:00:00.000Z,GR,Greece,GR,177.0,233.0,,55.0,,False,
2025-09-20T19:00:00.000Z,GR,Greece,GR,167.0,220.0,,57.0,,False,
2025-09-20T20:00:00.000Z,GR,Greece,GR,158.0,207.0,,60.0,,False,
2025-09-20T21:00:00.000Z,GR,Greece,GR,145.0,195.0,,63.0,,False,
2025-09-20T22:00:00.000Z,GR,Greece,GR,109.0,152.0,,72.0,,False,
2025-09-20T23:00:00.000Z,GR,Greece,GR,113.0,152.0,,72.0,,False,
2025-09-21T00:00:00.000Z,GR,Greece,GR,111.0,149.0,,73.0,,False,
2025-09-21T01:00:00.000Z,GR,Greece,GR,133.0,173.0,,69.0,,False,
2025-09-21T02:00:00.000Z,GR,Greece,GR,132.0,173.0,,69.0,,False,
2025-09-21T03:00:00.000Z,GR,Greece,GR,128.0,167.0,,70.0,,False,
2025-09-21T04:00:00.000Z,GR,Greece,GR,94.0,133.0,,76.0,,False,
2025-09-21T05:00:00.000Z,GR,Greece,GR,84.0,123.0,,78.0,,False,
2025-09-21T06:00:00.000Z,GR,Greece,GR,72.0,110.0,,81.0,,False,
2025-09-21T07:00:00.000Z,GR,Greece,GR,73.0,113.0,,81.0,,False,
2025-09-21T08:00:00.000Z,GR,Greece,GR,76.0,117.0,,81.0,,False,
2025-09-21T09:00:00.000Z,GR,Greece,GR,75.0,116.0,,81.0,,False,
2025-09-21T10:00:00.000Z,GR,Greece,GR,81.0,124.0,,79.0,,False,
2025-09-21T11:00:00.000Z,GR,Greece,GR,86.0,130.0,,78.0,,False,
2025-09-21T12:00:00.000Z,GR,Greece,GR,88.0,132.0,,77.0,,False,
2025-09-21T13:00:00.000Z,GR,Greece,GR,92.0,137.0,,76.0,,False,
2025-09-21T14:00:00.000Z,GR,Greece,GR,93.0,137.0,,76.0,,False,
2025-09-21T15:00:00.000Z,GR,Greece,GR,132.0,180.0,,67.0,,False,
2025-09-21T16:00:00.000Z,GR,Greece,GR,175.0,229.0,,56.0,,False,
2025-09-21T17:00:00.000Z,GR,Greece,GR,183.0,239.0,,54.0,,False,
2025-09-21T18:00:00.000Z,GR,Greece,GR,176.0,230.0,,55.0,,False,
2025-09-21T19:00:00.000Z,GR,Greece,GR,173.0,226.0,,56.0,,False,
2025-09-21T20:00:00.000Z,GR,Greece,GR,174.0,230.0,,56.0,,False,
2025-09-21T21:00:00.000Z,GR,Greece,GR,170.0,229.0,,56.0,,False,
2025-09-21T22:00:00.000Z,GR,Greece,GR,175.0,234.0,,55.0,,False,
2025-09-21T23:00:00.000Z,GR,Greece,GR,172.0,231.0,,56.0,,False,
2025-09-22T00:00:00.000Z,GR,Greece,GR,175.0,234.0,,55.0,,False,
2025-09-22T01:00:00.000Z,GR,Greece,GR,178.0,239.0,,54.0,,False,
2025-09-22T02:00:00.000Z,GR,Greece,GR,179.0,241.0,,54.0,,False,
2025-09-22T03:00:00.000Z,GR,Greece,GR,195.0,260.0,,50.0,,False,
2025-09-22T04:00:00.000Z,GR,Greece,GR,199.0,265.0,,49.0,,False,
2025-09-22T05:00:00.000Z,GR,Greece,GR,160.0,220.0,,59.0,,False,
2025-09-22T06:00:00.000Z,GR,Greece,GR,85.0,128.0,,78.0,,False,
2025-09-22T07:00:00.000Z,GR,Greece,GR,58.0,96.0,,85.0,,False,
2025-09-22T08:00:00.000Z,GR,Greece,GR,55.0,92.0,,86.0,,False,
2025-09-22T09:00:00.000Z,GR,Greece,GR,58.0,96.0,,85.0,,False,
2025-09-22T10:00:00.000Z,GR,Greece,GR,56.0,95.0,,85.0,,False,
2025-09-22T11:00:00.000Z,GR,Greece,GR,60.0,99.0,,85.0,,False,
2025-09-22T12:00:00.000Z,GR,Greece,GR,60.0,99.0,,85.0,,False,
2025-09-22T13:00:00.000Z,GR,Greece,GR,90.0,136.0,,77.0,,False,
2025-09-22T14:00:00.000Z,GR,Greece,GR,143.0,200.0,,63.0,,False,
2025-09-22T15:00:00.000Z,GR,Greece,GR,220.0,292.0,,44.0,,False,
2025-09-22T16:00:00.000Z,GR,Greece,GR,267.0,342.0,,33.0,,False,
2025-09-22T17:00:00.000Z,GR,Greece,GR,277.0,356.0,,30.0,,False,
2025-09-22T18:00:00.000Z,GR,Greece,GR,279.0,357.0,,30.0,,False,
2025-09-22T19:00:00.000Z,GR,Greece,GR,292.0,371.0,,27.0,,False,
2025-09-22T20:00:00.000Z,GR,Greece,GR,322.0,403.0,,20.0,,False,
2025-09-22T21:00:00.000Z,GR,Greece,GR,337.0,423.0,,16.0,,False,
2025-09-22T22:00:00.000Z,GR,Greece,GR,358.0,457.0,,9.0,,False,
2025-09-22T23:00:00.000Z,GR,Greece,GR,361.0,459.0,,9.0,,False,
2025-09-23T00:00:00.000Z,GR,Greece,GR,363.0,462.0,,8.0,,False,
2025-09-23T01:00:00.000Z,GR,Greece,GR,364.0,465.0,,8.0,,False,
2025-09-23T02:00:00.000Z,GR,Greece,GR,355.0,454.0,,11.0,,False,
2025-09-23T03:00:00.000Z,GR,Greece,GR,349.0,444.0,,15.0,,False,
2025-09-23T04:00:00.000Z,GR,Greece,GR,319.0,408.0,,22.0,,False,
2025-09-23T05:00:00.000Z,GR,Greece,GR,226.0,300.0,,42.0,,False,
2025-09-23T06:00:00.000Z,GR,Greece,GR,151.0,212.0,,61.0,,False,
2025-09-23T07:00:00.000Z,GR,Greece,GR,87.0,133.0,,77.0,,False,
2025-09-23T08:00:00.000Z,GR,Greece,GR,66.0,107.0,,83.0,,False,
2025-09-23T09:00:00.000Z,GR,Greece,GR,61.0,102.0,,84.0,,False,
2025-09-23T10:00:00.000Z,GR,Greece,GR,59.0,99.0,,85.0,,False,
2025-09-23T11:00:00.000Z,GR,Greece,GR,62.0,102.0,,84.0,,False,
2025-09-23T12:00:00.000Z,GR,Greece,GR,72.0,113.0,,81.0,,False,
2025-09-23T13:00:00.000Z,GR,Greece,GR,110.0,161.0,,71.0,,False,
2025-09-23T14:00:00.000Z,GR,Greece,GR,177.0,244.0,,55.0,,False,
2025-09-23T15:00:00.000Z,GR,Greece,GR,258.0,337.0,,36.0,,False,
2025-09-23T16:00:00.000Z,GR,Greece,GR,289.0,372.0,,28.0,,False,
2025-09-23T17:00:00.000Z,GR,Greece,GR,283.0,363.0,,30.0,,False,
2025-09-23T18:00:00.000Z,GR,Greece,GR,284.0,364.0,,30.0,,False,
2025-09-23T19:00:00.000Z,GR,Greece,GR,298.0,382.0,,26.0,,False,
2025-09-23T20:00:00.000Z,GR,Greece,GR,336.0,427.0,,17.0,,False,
2025-09-23T21:00:00.000Z,GR,Greece,GR,351.0,446.0,,13.0,,False,
2025-09-23T22:00:00.000Z,GR,Greece,GR,375.0,475.0,,7.0,,False,
2025-09-23T23:00:00.000Z,GR,Greece,GR,377.0,469.0,,9.0,,False,
2025-09-24T00:00:00.000Z,GR,Greece,GR,378.0,470.0,,9.0,,False,
2025-09-24T01:00:00.000Z,GR,Greece,GR,378.0,469.0,,10.0,,False,
2025-09-24T02:00:00.000Z,GR,Greece,GR,376.0,471.0,,9.0,,False,
2025-09-24T03:00:00.000Z,GR,Greece,GR,369.0,462.0,,13.0,,False,
2025-09-24T04:00:00.000Z,GR,Greece,GR,329.0,416.0,,22.0,,False,
2025-09-24T05:00:00.000Z,GR,Greece,GR,248.0,325.0,,38.0,,False,
2025-09-24T06:00:00.000Z,GR,Greece,GR,155.0,218.0,,60.0,,False,
2025-09-24T07:00:00.000Z,GR,Greece,GR,90.0,136.0,,77.0,,False,
2025-09-24T08:00:00.000Z,GR,Greece,GR,64.0,105.0,,83.0,,False,
2025-09-24T09:00:00.000Z,GR,Greece,GR,58.0,97.0,,85.0,,False,
2025-09-24T10:00:00.000Z,GR,Greece,GR,54.0,93.0,,86.0,,False,
2025-09-24T11:00:00.000Z,GR,Greece,GR,56.0,95.0,,85.0,,False,
2025-09-24T12:00:00.000Z,GR,Greece,GR,77.0,121.0,,80.0,,False,
2025-09-24T13:00:00.000Z,GR,Greece,GR,117.0,170.0,,70.0,,False,
2025-09-24T14:00:00.000Z,GR,Greece,GR,192.0,261.0,,51.0,,False,
2025-09-24T15:00:00.000Z,GR,Greece,GR,263.0,342.0,,34.0,,False,
2025-09-24T16:00:00.000Z,GR,Greece,GR,279.0,357.0,,31.0,,False,
2025-09-24T17:00:00.000Z,GR,Greece,GR,267.0,339.0,,35.0,,False,
2025-09-24T18:00:00.000Z,GR,Greece,GR,275.0,346.0,,34.0,,False,
2025-09-24T19:00:00.000Z,GR,Greece,GR,305.0,383.0,,26.0,,False,
2025-09-24T20:00:00.000Z,GR,Greece,GR,320.0,398.0,,23.0,,False,
2025-09-24T21:00:00.000Z,GR,Greece,GR,337.0,424.0,,17.0,,False,
2025-09-24T22:00:00.000Z,GR,Greece,GR,349.0,436.0,,15.0,,False,
2025-09-24T23:00:00.000Z,GR,Greece,GR,350.0,435.0,,15.0,,False,
2025-09-25T00:00:00.000Z,GR,Greece,GR,346.0,428.0,,16.0,,False,
2025-09-25T01:00:00.000Z,GR,Greece,GR,336.0,417.0,,18.0,,False,
2025-09-25T02:00:00.000Z,GR,Greece,GR,325.0,401.0,,21.0,,False,
2025-09-25T03:00:00.000Z,GR,Greece,GR,326.0,404.0,,22.0,,False,
2025-09-25T04:00:00.000Z,GR,Greece,GR,298.0,378.0,,27.0,,False,
2025-09-25T05:00:00.000Z,GR,Greece,GR,234.0,310.0,,40.0,,False,
2025-09-25T06:00:00.000Z,GR,Greece,GR,168.0,231.0,,57.0,,False,
2025-09-25T07:00:00.000Z,GR,Greece,GR,118.0,170.0,,70.0,,False,
2025-09-25T08:00:00.000Z,GR,Greece,GR,80.0,124.0,,79.0,,False,
2025-09-25T09:00:00.000Z,GR,Greece,GR,59.0,98.0,,85.0,,False,
2025-09-25T10:00:00.000Z,GR,Greece,GR,58.0,96.0,,85.0,,False,
2025-09-25T11:00:00.000Z,GR,Greece,GR,66.0,106.0,,83.0,,False,
2025-09-25T12:00:00.000Z,GR,Greece,GR,77.0,120.0,,80.0,,False,
2025-09-25T13:00:00.000Z,GR,Greece,GR,125.0,178.0,,68.0,,False,
2025-09-25T14:00:00.000Z,GR,Greece,GR,180.0,245.0,,54.0,,False,
2025-09-25T15:00:00.000Z,GR,Greece,GR,215.0,283.0,,45.0,,False,
2025-09-25T16:00:00.000Z,GR,Greece,GR,235.0,304.0,,41.0,,False,
2025-09-25T17:00:00.000Z,GR,Greece,GR,225.0,290.0,,43.0,,False,
2025-09-25T18:00:00.000Z,GR,Greece,GR,221.0,287.0,,44.0,,False,
2025-09-25T19:00:00.000Z,GR,Greece,GR,225.0,294.0,,43.0,,False,
2025-09-25T20:00:00.000Z,GR,Greece,GR,243.0,322.0,,37.0,,False,
2025-09-25T21:00:00.000Z,GR,Greece,GR,217.0,289.0,,44.0,,False,
2025-09-25T22:00:00.000Z,GR,Greece,GR,214.0,286.0,,45.0,,False,
2025-09-25T23:00:00.000Z,GR,Greece,GR,198.0,265.0,,49.0,,False,
2025-09-26T00:00:00.000Z,GR,Greece,GR,200.0,268.0,,48.0,,False,
2025-09-26T01:00:00.000Z,GR,Greece,GR,193.0,259.0,,50.0,,False,
2025-09-26T02:00:00.000Z,GR,Greece,GR,184.0,248.0,,52.0,,False,
2025-09-26T03:00:00.000Z,GR,Greece,GR,191.0,256.0,,51.0,,False,
2025-09-26T04:00:00.000Z,GR,Greece,GR,194.0,259.0,,50.0,,False,
2025-09-26T05:00:00.000Z,GR,Greece,GR,175.0,236.0,,55.0,,False,
2025-09-26T06:00:00.000Z,GR,Greece,GR,133.0,185.0,,66.0,,False,
2025-09-26T07:00:00.000Z,GR,Greece,GR,95.0,138.0,,76.0,,False,
2025-09-26T08:00:00.000Z,GR,Greece,GR,71.0,108.0,,82.0,,False,
2025-09-26T09:00:00.000Z,GR,Greece,GR,63.0,97.0,,84.0,,False,
2025-09-26T10:00:00.000Z,GR,Greece,GR,60.0,93.0,,85.0,,False,
2025-09-26T11:00:00.000Z,GR,Greece,GR,60.0,94.0,,85.0,,False,
2025-09-26T12:00:00.000Z,GR,Greece,GR,67.0,102.0,,83.0,,False,
2025-09-26T13:00:00.000Z,GR,Greece,GR,91.0,131.0,,77.0,,False,
2025-09-26T14:00:00.000Z,GR,Greece,GR,146.0,198.0,,63.0,,False,
2025-09-26T15:00:00.000Z,GR,Greece,GR,172.0,230.0,,56.0,,False,
2025-09-26T16:00:00.000Z,GR,Greece,GR,191.0,253.0,,51.0,,False,
2025-09-26T17:00:00.000Z,GR,Greece,GR,189.0,250.0,,51.0,,False,
2025-09-26T18:00:00.000Z,GR,Greece,GR,185.0,246.0,,52.0,,False,
2025-09-26T19:00:00.000Z,GR,Greece,GR,191.0,255.0,,51.0,,False,
2025-09-26T20:00:00.000Z,GR,Greece,GR,195.0,260.0,,50.0,,False,
2025-09-26T21:00:00.000Z,GR,Greece,GR,193.0,259.0,,50.0,,False,
2025-09-26T22:00:00.000Z,GR,Greece,GR,199.0,267.0,,49.0,,False,
2025-09-26T23:00:00.000Z,GR,Greece,GR,203.0,272.0,,48.0,,False,
2025-09-27T00:00:00.000Z,GR,Greece,GR,198.0,265.0,,49.0,,False,
2025-09-27T01:00:00.000Z,GR,Greece,GR,198.0,265.0,,49.0,,False,
2025-09-27T02:00:00.000Z,GR,Greece,GR,202.0,270.0,,48.0,,False,
2025-09-27T03:00:00.000Z,GR,Greece,GR,200.0,268.0,,48.0,,False,
2025-09-27T04:00:00.000Z,GR,Greece,GR,198.0,264.0,,49.0,,False,
2025-09-27T05:00:00.000Z,GR,Greece,GR,176.0,237.0,,55.0,,False,
2025-09-27T06:00:00.000Z,GR,Greece,GR,121.0,170.0,,69.0,,False,
2025-09-27T07:00:00.000Z,GR,Greece,GR,80.0,119.0,,80.0,,False,
2025-09-27T08:00:00.000Z,GR,Greece,GR,65.0,101.0,,84.0,,False,
2025-09-27T09:00:00.000Z,GR,Greece,GR,68.0,104.0,,83.0,,False,
2025-09-27T10:00:00.000Z,GR,Greece,GR,68.0,104.0,,83.0,,False,
2025-09-27T11:00:00.000Z,GR,Greece,GR,74.0,112.0,,81.0,,False,
2025-09-27T12:00:00.000Z,GR,Greece,GR,70.0,107.0,,82.0,,False,
2025-09-27T13:00:00.000Z,GR,Greece,GR,98.0,142.0,,75.0,,False,
2025-09-27T14:00:00.000Z,GR,Greece,GR,144.0,199.0,,63.0,,False,
2025-09-27T15:00:00.000Z,GR,Greece,GR,171.0,230.0,,56.0,,False,
2025-09-27T16:00:00.000Z,GR,Greece,GR,208.0,274.0,,47.0,,False,
2025-09-27T17:00:00.000Z,GR,Greece,GR,186.0,242.0,,53.0,,False,
2025-09-27T18:00:00.000Z,GR,Greece,GR,182.0,236.0,,54.0,,False,
2025-09-27T19:00:00.000Z,GR,Greece,GR,191.0,251.0,,51.0,,False,
2025-09-27T20:00:00.000Z,GR,Greece,GR,209.0,279.0,,46.0,,False,
2025-09-27T21:00:00.000Z,GR,Greece,GR,199.0,265.0,,49.0,,False,
2025-09-27T22:00:00.000Z,GR,Greece,GR,212.0,281.0,,46.0,,False,
2025-09-27T23:00:00.000Z,GR,Greece,GR,221.0,293.0,,44.0,,False,
2025-09-28T00:00:00.000Z,GR,Greece,GR,219.0,290.0,,45.0,,False,
2025-09-28T01:00:00.000Z,GR,Greece,GR,206.0,273.0,,48.0,,False,
2025-09-28T02:00:00.000Z,GR,Greece,GR,176.0,235.0,,56.0,,False,
2025-09-28T03:00:00.000Z,GR,Greece,GR,169.0,225.0,,58.0,,False,
2025-09-28T04:00:00.000Z,GR,Greece,GR,182.0,241.0,,55.0,,False,
2025-09-28T05:00:00.000Z,GR,Greece,GR,181.0,243.0,,54.0,,False,
2025-09-28T06:00:00.000Z,GR,Greece,GR,169.0,228.0,,57.0,,False,
2025-09-28T07:00:00.000Z,GR,Greece,GR,150.0,203.0,,62.0,,False,
2025-09-28T08:00:00.000Z,GR,Greece,GR,153.0,203.0,,62.0,,False,
2025-09-28T09:00:00.000Z,GR,Greece,GR,156.0,203.0,,63.0,,False,
2025-09-28T10:00:00.000Z,GR,Greece,GR,163.0,211.0,,61.0,,False,
2025-09-28T11:00:00.000Z,GR,Greece,GR,192.0,245.0,,55.0,,False,
2025-09-28T12:00:00.000Z,GR,Greece,GR,206.0,261.0,,52.0,,False,
2025-09-28T13:00:00.000Z,GR,Greece,GR,242.0,307.0,,43.0,,False,
2025-09-28T14:00:00.000Z,GR,Greece,GR,277.0,357.0,,32.0,,False,
2025-09-28T15:00:00.000Z,GR,Greece,GR,273.0,352.0,,33.0,,False,
2025-09-28T16:00:00.000Z,GR,Greece,GR,267.0,342.0,,34.0,,False,
2025-09-28T17:00:00.000Z,GR,Greece,GR,264.0,339.0,,35.0,,False,
2025-09-28T18:00:00.000Z,GR,Greece,GR,272.0,348.0,,33.0,,False,
2025-09-28T19:00:00.000Z,GR,Greece,GR,282.0,360.0,,31.0,,False,
2025-09-28T20:00:00.000Z,GR,Greece,GR,314.0,396.0,,24.0,,False,
2025-09-28T21:00:00.000Z,GR,Greece,GR,317.0,396.0,,24.0,,False,
2025-09-28T22:00:00.000Z,GR,Greece,GR,342.0,432.0,,16.0,,False,
2025-09-28T23:00:00.000Z,GR,Greece,GR,349.0,443.0,,14.0,,False,
2025-09-29T00:00:00.000Z,GR,Greece,GR,348.0,443.0,,14.0,,False,
2025-09-29T01:00:00.000Z,GR,Greece,GR,339.0,434.0,,15.0,,False,
2025-09-29T02:00:00.000Z,GR,Greece,GR,322.0,415.0,,19.0,,False,
2025-09-29T03:00:00.000Z,GR,Greece,GR,315.0,402.0,,24.0,,False,
2025-09-29T04:00:00.000Z,GR,Greece,GR,295.0,378.0,,29.0,,False,
2025-09-29T05:00:00.000Z,GR,Greece,GR,294.0,381.0,,28.0,,False,
2025-09-29T06:00:00.000Z,GR,Greece,GR,245.0,325.0,,39.0,,False,
2025-09-29T07:00:00.000Z,GR,Greece,GR,187.0,257.0,,52.0,,False,
2025-09-29T08:00:00.000Z,GR,Greece,GR,136.0,195.0,,65.0,,False,
2025-09-29T09:00:00.000Z,GR,Greece,GR,109.0,161.0,,72.0,,False,
2025-09-29T10:00:00.000Z,GR,Greece,GR,114.0,166.0,,71.0,,False,
2025-09-29T11:00:00.000Z,GR,Greece,GR,118.0,172.0,,70.0,,False,
2025-09-29T12:00:00.000Z,GR,Greece,GR,148.0,203.0,,66.0,,False,
2025-09-29T13:00:00.000Z,GR,Greece,GR,182.0,242.0,,59.0,,False,
2025-09-29T14:00:00.000Z,GR,Greece,GR,221.0,288.0,,50.0,,False,
2025-09-29T15:00:00.000Z,GR,Greece,GR,279.0,348.0,,38.0,,False,
2025-09-29T16:00:00.000Z,GR,Greece,GR,272.0,333.0,,40.0,,False,
2025-09-29T17:00:00.000Z,GR,Greece,GR,279.0,343.0,,37.0,,False,
2025-09-29T18:00:00.000Z,GR,Greece,GR,287.0,353.0,,36.0,,False,
2025-09-29T19:00:00.000Z,GR,Greece,GR,322.0,397.0,,28.0,,False,
2025-09-29T20:00:00.000Z,GR,Greece,GR,362.0,448.0,,18.0,,False,
2025-09-29T21:00:00.000Z,GR,Greece,GR,375.0,466.0,,15.0,,False,
2025-09-29T22:00:00.000Z,GR,Greece,GR,392.0,489.0,,10.0,,False,
2025-09-29T23:00:00.000Z,GR,Greece,GR,399.0,499.0,,8.0,,False,
2025-09-30T00:00:00.000Z,GR,Greece,GR,399.0,498.0,,9.0,,False,
2025-09-30T01:00:00.000Z,GR,Greece,GR,399.0,499.0,,9.0,,False,
2025-09-30T02:00:00.000Z,GR,Greece,GR,408.0,508.0,,9.0,,False,
2025-09-30T03:00:00.000Z,GR,Greece,GR,402.0,494.0,,13.0,,False,
2025-09-30T04:00:00.000Z,GR,Greece,GR,380.0,465.0,,19.0,,False,
2025-09-30T05:00:00.000Z,GR,Greece,GR,313.0,393.0,,31.0,,False,
2025-09-30T06:00:00.000Z,GR,Greece,GR,219.0,287.0,,50.0,,False,
2025-09-30T07:00:00.000Z,GR,Greece,GR,147.0,200.0,,68.0,,False,
2025-09-30T08:00:00.000Z,GR,Greece,GR,136.0,184.0,,71.0,,False,
2025-09-30T09:00:00.000Z,GR,Greece,GR,114.0,158.0,,77.0,,False,
2025-09-30T10:00:00.000Z,GR,Greece,GR,104.0,146.0,,79.0,,False,
2025-09-30T11:00:00.000Z,GR,Greece,GR,106.0,149.0,,78.0,,False,
2025-09-30T12:00:00.000Z,GR,Greece,GR,127.0,174.0,,73.0,,False,
2025-09-30T13:00:00.000Z,GR,Greece,GR,168.0,224.0,,64.0,,False,
2025-09-30T14:00:00.000Z,GR,Greece,GR,239.0,305.0,,50.0,,False,
2025-09-30T15:00:00.000Z,GR,Greece,GR,318.0,390.0,,33.0,,False,
2025-09-30T16:00:00.000Z,GR,Greece,GR,326.0,393.0,,31.0,,False,
2025-09-30T17:00:00.000Z,GR,Greece,GR,320.0,389.0,,31.0,,False,
2025-09-30T18:00:00.000Z,GR,Greece,GR,313.0,381.0,,32.0,,False,
2025-09-30T19:00:00.000Z,GR,Greece,GR,332.0,409.0,,26.0,,False,
2025-09-30T20:00:00.000Z,GR,Greece,GR,367.0,455.0,,17.0,,False,
2025-09-30T21:00:00.000Z,GR,Greece,GR,378.0,469.0,,15.0,,False,
2025-09-30T22:00:00.000Z,GR,Greece,GR,396.0,494.0,,10.0,,False,
2025-09-30T23:00:00.000Z,GR,Greece,GR,407.0,506.0,,8.0,,False,
2025-10-01T00:00:00.000Z,GR,Greece,GR,413.0,515.0,,6.0,,False,
2025-10-01T01:00:00.000Z,GR,Greece,GR,412.0,514.0,,6.0,,False,
2025-10-01T02:00:00.000Z,GR,Greece,GR,419.0,519.0,,8.0,,False,
2025-10-01T03:00:00.000Z,GR,Greece,GR,409.0,502.0,,14.0,,False,
2025-10-01T04:00:00.000Z,GR,Greece,GR,411.0,501.0,,15.0,,False,
2025-10-01T05:00:00.000Z,GR,Greece,GR,351.0,438.0,,23.0,,False,
2025-10-01T06:00:00.000Z,GR,Greece,GR,266.0,344.0,,39.0,,False,
2025-10-01T07:00:00.000Z,GR,Greece,GR,211.0,278.0,,52.0,,False,
2025-10-01T08:00:00.000Z,GR,Greece,GR,181.0,243.0,,59.0,,False,
2025-10-01T09:00:00.000Z,GR,Greece,GR,146.0,198.0,,68.0,,False,
2025-10-01T10:00:00.000Z,GR,Greece,GR,148.0,202.0,,67.0,,False,
2025-10-01T11:00:00.000Z,GR,Greece,GR,149.0,201.0,,68.0,,False,
2025-10-01T12:00:00.000Z,GR,Greece,GR,167.0,223.0,,63.0,,False,
2025-10-01T13:00:00.000Z,GR,Greece,GR,215.0,281.0,,52.0,,False,
2025-10-01T14:00:00.000Z,GR,Greece,GR,291.0,364.0,,39.0,,False,
2025-10-01T15:00:00.000Z,GR,Greece,GR,330.0,409.0,,30.0,,False,
2025-10-01T16:00:00.000Z,GR,Greece,GR,316.0,388.0,,33.0,,False,
2025-10-01T17:00:00.000Z,GR,Greece,GR,315.0,386.0,,33.0,,False,
2025-10-01T18:00:00.000Z,GR,Greece,GR,305.0,376.0,,34.0,,False,
2025-10-01T19:00:00.000Z,GR,Greece,GR,312.0,386.0,,31.0,,False,
2025-10-01T20:00:00.000Z,GR,Greece,GR,318.0,394.0,,30.0,,False,
2025-10-01T21:00:00.000Z,GR,Greece,GR,326.0,402.0,,29.0,,False,
2025-10-01T22:00:00.000Z,GR,Greece,GR,332.0,416.0,,26.0,,False,
2025-10-01T23:00:00.000Z,GR,Greece,GR,332.0,413.0,,27.0,,False,
2025-10-02T00:00:00.000Z,GR,Greece,GR,319.0,402.0,,29.0,,False,
2025-10-02T01:00:00.000Z,GR,Greece,GR,318.0,402.0,,28.0,,False,
2025-10-02T02:00:00.000Z,GR,Greece,GR,317.0,401.0,,28.0,,False,
2025-10-02T03:00:00.000Z,GR,Greece,GR,334.0,416.0,,28.0,,False,
2025-10-02T04:00:00.000Z,GR,Greece,GR,315.0,396.0,,30.0,,False,
2025-10-02T05:00:00.000Z,GR,Greece,GR,294.0,372.0,,34.0,,False,
2025-10-02T06:00:00.000Z,GR,Greece,GR,289.0,364.0,,36.0,,False,
2025-10-02T07:00:00.000Z,GR,Greece,GR,264.0,337.0,,39.0,,False,
2025-10-02T08:00:00.000Z,GR,Greece,GR,225.0,292.0,,46.0,,False,
2025-10-02T09:00:00.000Z,GR,Greece,GR,222.0,289.0,,47.0,,False,
2025-10-02T10:00:00.000Z,GR,Greece,GR,230.0,299.0,,45.0,,False,
2025-10-02T11:00:00.000Z,GR,Greece,GR,232.0,301.0,,44.0,,False,
2025-10-02T12:00:00.000Z,GR,Greece,GR,227.0,298.0,,45.0,,False,
2025-10-02T13:00:00.000Z,GR,Greece,GR,212.0,281.0,,47.0,,False,
2025-10-02T14:00:00.000Z,GR,Greece,GR,212.0,283.0,,46.0,,False,
2025-10-02T15:00:00.000Z,GR,Greece,GR,212.0,281.0,,46.0,,False,
2025-10-02T16:00:00.000Z,GR,Greece,GR,221.0,289.0,,44.0,,False,
2025-10-02T17:00:00.000Z,GR,Greece,GR,223.0,291.0,,43.0,,False,
2025-10-02T18:00:00.000Z,GR,Greece,GR,223.0,291.0,,44.0,,False,
2025-10-02T19:00:00.000Z,GR,Greece,GR,224.0,293.0,,43.0,,False,
2025-10-02T20:00:00.000Z,GR,Greece,GR,217.0,286.0,,45.0,,False,
2025-10-02T21:00:00.000Z,GR,Greece,GR,199.0,263.0,,49.0,,False,
2025-10-02T22:00:00.000Z,GR,Greece,GR,204.0,271.0,,48.0,,False,
2025-10-02T23:00:00.000Z,GR,Greece,GR,184.0,242.0,,54.0,,False,
2025-10-03T00:00:00.000Z,GR,Greece,GR,179.0,237.0,,55.0,,False,
2025-10-03T01:00:00.000Z,GR,Greece,GR,178.0,237.0,,55.0,,False,
2025-10-03T02:00:00.000Z,GR,Greece,GR,183.0,246.0,,54.0,,False,
2025-10-03T03:00:00.000Z,GR,Greece,GR,192.0,255.0,,51.0,,False,
2025-10-03T04:00:00.000Z,GR,Greece,GR,196.0,259.0,,51.0,,False,
2025-10-03T05:00:00.000Z,GR,Greece,GR,165.0,222.0,,58.0,,False,
2025-10-03T06:00:00.000Z,GR,Greece,GR,115.0,164.0,,71.0,,False,
2025-10-03T07:00:00.000Z,GR,Greece,GR,74.0,114.0,,81.0,,False,
2025-10-03T08:00:00.000Z,GR,Greece,GR,66.0,104.0,,83.0,,False,
2025-10-03T09:00:00.000Z,GR,Greece,GR,69.0,109.0,,82.0,,False,
2025-10-03T10:00:00.000Z,GR,Greece,GR,67.0,106.0,,83.0,,False,
2025-10-03T11:00:00.000Z,GR,Greece,GR,70.0,110.0,,82.0,,False,
2025-10-03T12:00:00.000Z,GR,Greece,GR,75.0,116.0,,81.0,,False,
2025-10-03T13:00:00.000Z,GR,Greece,GR,111.0,161.0,,71.0,,False,
2025-10-03T14:00:00.000Z,GR,Greece,GR,142.0,195.0,,64.0,,False,
2025-10-03T15:00:00.000Z,GR,Greece,GR,192.0,251.0,,51.0,,False,
2025-10-03T16:00:00.000Z,GR,Greece,GR,217.0,282.0,,45.0,,False,
2025-10-03T17:00:00.000Z,GR,Greece,GR,217.0,281.0,,45.0,,False,
2025-10-03T18:00:00.000Z,GR,Greece,GR,219.0,283.0,,44.0,,False,
2025-10-03T19:00:00.000Z,GR,Greece,GR,234.0,300.0,,41.0,,False,
2025-10-03T20:00:00.000Z,GR,Greece,GR,248.0,321.0,,37.0,,False,
2025-10-03T21:00:00.000Z,GR,Greece,GR,253.0,330.0,,36.0,,False,
2025-10-03T22:00:00.000Z,GR,Greece,GR,252.0,332.0,,36.0,,False,
2025-10-03T23:00:00.000Z,GR,Greece,GR,249.0,327.0,,37.0,,False,
2025-10-04T00:00:00.000Z,GR,Greece,GR,251.0,328.0,,37.0,,False,
2025-10-04T01:00:00.000Z,GR,Greece,GR,251.0,327.0,,38.0,,False,
2025-10-04T02:00:00.000Z,GR,Greece,GR,271.0,352.0,,32.0,,False,
2025-10-04T03:00:00.000Z,GR,Greece,GR,284.0,365.0,,31.0,,False,
2025-10-04T04:00:00.000Z,GR,Greece,GR,263.0,340.0,,35.0,,False,
2025-10-04T05:00:00.000Z,GR,Greece,GR,215.0,288.0,,46.0,,False,
2025-10-04T06:00:00.000Z,GR,Greece,GR,125.0,179.0,,68.0,,False,
2025-10-04T07:00:00.000Z,GR,Greece,GR,80.0,123.0,,80.0,,False,
2025-10-04T08:00:00.000Z,GR,Greece,GR,72.0,114.0,,81.0,,False,
2025-10-04T09:00:00.000Z,GR,Greece,GR,69.0,111.0,,82.0,,False,
2025-10-04T10:00:00.000Z,GR,Greece,GR,71.0,113.0,,82.0,,False,
2025-10-04T11:00:00.000Z,GR,Greece,GR,69.0,110.0,,82.0,,False,
2025-10-04T12:00:00.000Z,GR,Greece,GR,81.0,124.0,,79.0,,False,
2025-10-04T13:00:00.000Z,GR,Greece,GR,125.0,179.0,,68.0,,False,
2025-10-04T14:00:00.000Z,GR,Greece,GR,191.0,260.0,,51.0,,False,
2025-10-04T15:00:00.000Z,GR,Greece,GR,232.0,304.0,,41.0,,False,
2025-10-04T16:00:00.000Z,GR,Greece,GR,241.0,313.0,,39.0,,False,
2025-10-04T17:00:00.000Z,GR,Greece,GR,226.0,293.0,,43.0,,False,
2025-10-04T18:00:00.000Z,GR,Greece,GR,224.0,291.0,,43.0,,False,
2025-10-04T19:00:00.000Z,GR,Greece,GR,230.0,298.0,,42.0,,False,
2025-10-04T20:00:00.000Z,GR,Greece,GR,230.0,295.0,,43.0,,False,
2025-10-04T21:00:00.000Z,GR,Greece,GR,230.0,300.0,,42.0,,False,
2025-10-04T22:00:00.000Z,GR,Greece,GR,233.0,298.0,,43.0,,False,
2025-10-04T23:00:00.000Z,GR,Greece,GR,240.0,296.0,,45.0,,False,
2025-10-05T00:00:00.000Z,GR,Greece,GR,230.0,286.0,,47.0,,False,
2025-10-05T01:00:00.000Z,GR,Greece,GR,231.0,284.0,,48.0,,False,
2025-10-05T02:00:00.000Z,GR,Greece,GR,231.0,286.0,,48.0,,False,
2025-10-05T03:00:00.000Z,GR,Greece,GR,233.0,291.0,,46.0,,False,
2025-10-05T04:00:00.000Z,GR,Greece,GR,220.0,281.0,,47.0,,False,
2025-10-05T05:00:00.000Z,GR,Greece,GR,147.0,200.0,,63.0,,False,
2025-10-05T06:00:00.000Z,GR,Greece,GR,89.0,133.0,,78.0,,False,
2025-10-05T07:00:00.000Z,GR,Greece,GR,87.0,132.0,,78.0,,False,
2025-10-05T08:00:00.000Z,GR,Greece,GR,79.0,123.0,,80.0,,False,
2025-10-05T09:00:00.000Z,GR,Greece,GR,77.0,120.0,,80.0,,False,
2025-10-05T10:00:00.000Z,GR,Greece,GR,77.0,120.0,,80.0,,False,
2025-10-05T11:00:00.000Z,GR,Greece,GR,82.0,127.0,,79.0,,False,
2025-10-05T12:00:00.000Z,GR,Greece,GR,96.0,144.0,,75.0,,False,
2025-10-05T13:00:00.000Z,GR,Greece,GR,115.0,166.0,,70.0,,False,
2025-10-05T14:00:00.000Z,GR,Greece,GR,132.0,186.0,,66.0,,False,
2025-10-05T15:00:00.000Z,GR,Greece,GR,205.0,268.0,,49.0,,False,
2025-10-05T16:00:00.000Z,GR,Greece,GR,240.0,305.0,,41.0,,False,
2025-10-05T17:00:00.000Z,GR,Greece,GR,241.0,307.0,,41.0,,False,
2025-10-05T18:00:00.000Z,GR,Greece,GR,237.0,301.0,,42.0,,False,
2025-10-05T19:00:00.000Z,GR,Greece,GR,228.0,287.0,,45.0,,False,
2025-10-05T20:00:00.000Z,GR,Greece,GR,232.0,295.0,,45.0,,False,
2025-10-05T21:00:00.000Z,GR,Greece,GR,235.0,304.0,,44.0,,False,
2025-10-05T22:00:00.000Z,GR,Greece,GR,234.0,304.0,,44.0,,False,
2025-10-05T23:00:00.000Z,GR,Greece,GR,226.0,288.0,,50.0,,False,
2025-10-06T00:00:00.000Z,GR,Greece,GR,237.0,298.0,,49.0,,False,
2025-10-06T01:00:00.000Z,GR,Greece,GR,246.0,309.0,,47.0,,False,
2025-10-06T02:00:00.000Z,GR,Greece,GR,246.0,316.0,,43.0,,False,
2025-10-06T03:00:00.000Z,GR,Greece,GR,238.0,307.0,,43.0,,False,
2025-10-06T04:00:00.000Z,GR,Greece,GR,252.0,326.0,,38.0,,False,
2025-10-06T05:00:00.000Z,GR,Greece,GR,242.0,316.0,,40.0,,False,
2025-10-06T06:00:00.000Z,GR,Greece,GR,230.0,303.0,,43.0,,False,
2025-10-06T07:00:00.000Z,GR,Greece,GR,207.0,275.0,,49.0,,False,
2025-10-06T08:00:00.000Z,GR,Greece,GR,194.0,259.0,,53.0,,False,
2025-10-06T09:00:00.000Z,GR,Greece,GR,185.0,249.0,,55.0,,False,
2025-10-06T10:00:00.000Z,GR,Greece,GR,184.0,249.0,,55.0,,False,
2025-10-06T11:00:00.000Z,GR,Greece,GR,186.0,251.0,,54.0,,False,
2025-10-06T12:00:00.000Z,GR,Greece,GR,199.0,266.0,,51.0,,False,
2025-10-06T13:00:00.000Z,GR,Greece,GR,205.0,273.0,,50.0,,False,
2025-10-06T14:00:00.000Z,GR,Greece,GR,230.0,299.0,,44.0,,False,
2025-10-06T15:00:00.000Z,GR,Greece,GR,259.0,329.0,,40.0,,False,
2025-10-06T16:00:00.000Z,GR,Greece,GR,276.0,347.0,,37.0,,False,
2025-10-06T17:00:00.000Z,GR,Greece,GR,275.0,347.0,,37.0,,False,
2025-10-06T18:00:00.000Z,GR,Greece,GR,270.0,348.0,,36.0,,False,
2025-10-06T19:00:00.000Z,GR,Greece,GR,259.0,337.0,,36.0,,False,
2025-10-06T20:00:00.000Z,GR,Greece,GR,271.0,352.0,,33.0,,False,
2025-10-06T21:00:00.000Z,GR,Greece,GR,265.0,345.0,,35.0,,False,
2025-10-06T22:00:00.000Z,GR,Greece,GR,263.0,343.0,,35.0,,False,
2025-10-06T23:00:00.000Z,GR,Greece,GR,255.0,332.0,,38.0,,False,
2025-10-07T00:00:00.000Z,GR,Greece,GR,246.0,310.0,,47.0,,False,
2025-10-07T01:00:00.000Z,GR,Greece,GR,226.0,284.0,,52.0,,False,
2025-10-07T02:00:00.000Z,GR,Greece,GR,214.0,269.0,,55.0,,False,
2025-10-07T03:00:00.000Z,GR,Greece,GR,217.0,274.0,,54.0,,False,
2025-10-07T04:00:00.000Z,GR,Greece,GR,236.0,300.0,,48.0,,False,
2025-10-07T05:00:00.000Z,GR,Greece,GR,218.0,279.0,,52.0,,False,
2025-10-07T06:00:00.000Z,GR,Greece,GR,179.0,232.0,,61.0,,False,
2025-10-07T07:00:00.000Z,GR,Greece,GR,148.0,195.0,,69.0,,False,
2025-10-07T08:00:00.000Z,GR,Greece,GR,141.0,187.0,,71.0,,False,
2025-10-07T09:00:00.000Z,GR,Greece,GR,162.0,214.0,,65.0,,False,
2025-10-07T10:00:00.000Z,GR,Greece,GR,172.0,226.0,,63.0,,False,
2025-10-07T11:00:00.000Z,GR,Greece,GR,189.0,245.0,,59.0,,False,
2025-10-07T12:00:00.000Z,GR,Greece,GR,223.0,284.0,,53.0,,False,
2025-10-07T13:00:00.000Z,GR,Greece,GR,269.0,338.0,,43.0,,False,
2025-10-07T14:00:00.000Z,GR,Greece,GR,281.0,353.0,,40.0,,False,
2025-10-07T15:00:00.000Z,GR,Greece,GR,291.0,366.0,,36.0,,False,
2025-10-07T16:00:00.000Z,GR,Greece,GR,285.0,355.0,,38.0,,False,
2025-10-07T17:00:00.000Z,GR,Greece,GR,282.0,352.0,,38.0,,False,
2025-10-07T18:00:00.000Z,GR,Greece,GR,284.0,353.0,,38.0,,False,
2025-10-07T19:00:00.000Z,GR,Greece,GR,294.0,364.0,,37.0,,False,
2025-10-07T20:00:00.000Z,GR,Greece,GR,285.0,350.0,,42.0,,False,
2025-10-07T21:00:00.000Z,GR,Greece,GR,285.0,353.0,,41.0,,False,
2025-10-07T22:00:00.000Z,GR,Greece,GR,296.0,369.0,,37.0,,False,
2025-10-07T23:00:00.000Z,GR,Greece,GR,292.0,363.0,,39.0,,False,
2025-10-08T00:00:00.000Z,GR,Greece,GR,295.0,366.0,,38.0,,False,
2025-10-08T01:00:00.000Z,GR,Greece,GR,296.0,369.0,,38.0,,False,
2025-10-08T02:00:00.000Z,GR,Greece,GR,291.0,363.0,,38.0,,False,
2025-10-08T03:00:00.000Z,GR,Greece,GR,299.0,373.0,,36.0,,False,
2025-10-08T04:00:00.000Z,GR,Greece,GR,292.0,364.0,,37.0,,False,
2025-10-08T05:00:00.000Z,GR,Greece,GR,263.0,328.0,,45.0,,False,
2025-10-08T06:00:00.000Z,GR,Greece,GR,232.0,295.0,,51.0,,False,
2025-10-08T07:00:00.000Z,GR,Greece,GR,194.0,249.0,,60.0,,False,
2025-10-08T08:00:00.000Z,GR,Greece,GR,158.0,206.0,,69.0,,False,
2025-10-08T09:00:00.000Z,GR,Greece,GR,174.0,226.0,,65.0,,False,
2025-10-08T10:00:00.000Z,GR,Greece,GR,184.0,238.0,,62.0,,False,
2025-10-08T11:00:00.000Z,GR,Greece,GR,216.0,278.0,,54.0,,False,
2025-10-08T12:00:00.000Z,GR,Greece,GR,236.0,302.0,,49.0,,False,
2025-10-08T13:00:00.000Z,GR,Greece,GR,265.0,337.0,,42.0,,False,
2025-10-08T14:00:00.000Z,GR,Greece,GR,292.0,367.0,,36.0,,False,
2025-10-08T15:00:00.000Z,GR,Greece,GR,313.0,390.0,,31.0,,False,
2025-10-08T16:00:00.000Z,GR,Greece,GR,309.0,383.0,,32.0,,False,
2025-10-08T17:00:00.000Z,GR,Greece,GR,299.0,371.0,,34.0,,False,
2025-10-08T18:00:00.000Z,GR,Greece,GR,299.0,372.0,,32.0,,False,
2025-10-08T19:00:00.000Z,GR,Greece,GR,301.0,374.0,,33.0,,False,
2025-10-08T20:00:00.000Z,GR,Greece,GR,315.0,395.0,,30.0,,False,
2025-10-08T21:00:00.000Z,GR,Greece,GR,322.0,401.0,,29.0,,False,
2025-10-08T22:00:00.000Z,GR,Greece,GR,329.0,414.0,,27.0,,False,
2025-10-08T23:00:00.000Z,GR,Greece,GR,336.0,422.0,,25.0,,False,
2025-10-09T00:00:00.000Z,GR,Greece,GR,335.0,421.0,,26.0,,False,
2025-10-09T01:00:00.000Z,GR,Greece,GR,334.0,419.0,,26.0,,False,
2025-10-09T02:00:00.000Z,GR,Greece,GR,333.0,417.0,,26.0,,False,
2025-10-09T03:00:00.000Z,GR,Greece,GR,338.0,421.0,,26.0,,False,
2025-10-09T04:00:00.000Z,GR,Greece,GR,330.0,410.0,,28.0,,False,
2025-10-09T05:00:00.000Z,GR,Greece,GR,266.0,336.0,,42.0,,False,
2025-10-09T06:00:00.000Z,GR,Greece,GR,195.0,254.0,,58.0,,False,
2025-10-09T07:00:00.000Z,GR,Greece,GR,124.0,168.0,,76.0,,False,
2025-10-09T08:00:00.000Z,GR,Greece,GR,105.0,144.0,,81.0,,False,
2025-10-09T09:00:00.000Z,GR,Greece,GR,102.0,141.0,,81.0,,False,
2025-10-09T10:00:00.000Z,GR,Greece,GR,99.0,138.0,,82.0,,False,
2025-10-09T11:00:00.000Z,GR,Greece,GR,104.0,143.0,,81.0,,False,
2025-10-09T12:00:00.000Z,GR,Greece,GR,126.0,170.0,,75.0,,False,
2025-10-09T13:00:00.000Z,GR,Greece,GR,159.0,211.0,,67.0,,False,
2025-10-09T14:00:00.000Z,GR,Greece,GR,228.0,294.0,,51.0,,False,
2025-10-09T15:00:00.000Z,GR,Greece,GR,311.0,391.0,,31.0,,False,
2025-10-09T16:00:00.000Z,GR,Greece,GR,326.0,402.0,,28.0,,False,
2025-10-09T17:00:00.000Z,GR,Greece,GR,328.0,403.0,,29.0,,False,
2025-10-09T18:00:00.000Z,GR,Greece,GR,342.0,420.0,,26.0,,False,
2025-10-09T19:00:00.000Z,GR,Greece,GR,362.0,446.0,,22.0,,False,
2025-10-09T20:00:00.000Z,GR,Greece,GR,374.0,458.0,,20.0,,False,
2025-10-09T21:00:00.000Z,GR,Greece,GR,384.0,469.0,,18.0,,False,
2025-10-09T22:00:00.000Z,GR,Greece,GR,391.0,486.0,,13.0,,False,
2025-10-09T23:00:00.000Z,GR,Greece,GR,382.0,480.0,,12.0,,False,
2025-10-10T00:00:00.000Z,GR,Greece,GR,385.0,480.0,,12.0,,False,
2025-10-10T01:00:00.000Z,GR,Greece,GR,387.0,482.0,,11.0,,False,
2025-10-10T02:00:00.000Z,GR,Greece,GR,376.0,472.0,,13.0,,False,
2025-10-10T03:00:00.000Z,GR,Greece,GR,359.0,450.0,,18.0,,False,
2025-10-10T04:00:00.000Z,GR,Greece,GR,331.0,412.0,,25.0,,False,
2025-10-10T05:00:00.000Z,GR,Greece,GR,268.0,340.0,,40.0,,False,
2025-10-10T06:00:00.000Z,GR,Greece,GR,193.0,254.0,,57.0,,False,
2025-10-10T07:00:00.000Z,GR,Greece,GR,123.0,169.0,,74.0,,False,
2025-10-10T08:00:00.000Z,GR,Greece,GR,91.0,129.0,,83.0,,False,
2025-10-10T09:00:00.000Z,GR,Greece,GR,89.0,127.0,,83.0,,False,
2025-10-10T10:00:00.000Z,GR,Greece,GR,89.0,128.0,,83.0,,False,
2025-10-10T11:00:00.000Z,GR,Greece,GR,89.0,127.0,,83.0,,False,
2025-10-10T12:00:00.000Z,GR,Greece,GR,121.0,167.0,,75.0,,False,
2025-10-10T13:00:00.000Z,GR,Greece,GR,174.0,232.0,,61.0,,False,
2025-10-10T14:00:00.000Z,GR,Greece,GR,252.0,326.0,,41.0,,False,
2025-10-10T15:00:00.000Z,GR,Greece,GR,323.0,405.0,,26.0,,False,
2025-10-10T16:00:00.000Z,GR,Greece,GR,328.0,406.0,,26.0,,False,
2025-10-10T17:00:00.000Z,GR,Greece,GR,321.0,397.0,,28.0,,False,
2025-10-10T18:00:00.000Z,GR,Greece,GR,332.0,413.0,,24.0,,False,
2025-10-10T19:00:00.000Z,GR,Greece,GR,355.0,439.0,,19.0,,False,
2025-10-10T20:00:00.000Z,GR,Greece,GR,366.0,459.0,,15.0,,False,
2025-10-10T21:00:00.000Z,GR,Greece,GR,367.0,463.0,,13.0,,False,
2025-10-10T22:00:00.000Z,GR,Greece,GR,361.0,457.0,,14.0,,False,
2025-10-10T23:00:00.000Z,GR,Greece,GR,353.0,447.0,,16.0,,False,
2025-10-11T00:00:00.000Z,GR,Greece,GR,346.0,438.0,,18.0,,False,
2025-10-11T01:00:00.000Z,GR,Greece,GR,327.0,414.0,,23.0,,False,
2025-10-11T02:00:00.000Z,GR,Greece,GR,313.0,396.0,,27.0,,False,
2025-10-11T03:00:00.000Z,GR,Greece,GR,305.0,384.0,,29.0,,False,
2025-10-11T04:00:00.000Z,GR,Greece,GR,300.0,380.0,,30.0,,False,
2025-10-11T05:00:00.000Z,GR,Greece,GR,241.0,314.0,,43.0,,False,
2025-10-11T06:00:00.000Z,GR,Greece,GR,142.0,195.0,,67.0,,False,
2025-10-11T07:00:00.000Z,GR,Greece,GR,108.0,153.0,,76.0,,False,
2025-10-11T08:00:00.000Z,GR,Greece,GR,91.0,132.0,,80.0,,False,
2025-10-11T09:00:00.000Z,GR,Greece,GR,88.0,130.0,,81.0,,False,
2025-10-11T10:00:00.000Z,GR,Greece,GR,92.0,134.0,,80.0,,False,
2025-10-11T11:00:00.000Z,GR,Greece,GR,90.0,131.0,,80.0,,False,
2025-10-11T12:00:00.000Z,GR,Greece,GR,101.0,144.0,,78.0,,False,
2025-10-11T13:00:00.000Z,GR,Greece,GR,109.0,152.0,,76.0,,False,
2025-10-11T14:00:00.000Z,GR,Greece,GR,153.0,205.0,,64.0,,False,
2025-10-11T15:00:00.000Z,GR,Greece,GR,214.0,273.0,,49.0,,False,
2025-10-11T16:00:00.000Z,GR,Greece,GR,220.0,281.0,,48.0,,False,
2025-10-11T17:00:00.000Z,GR,Greece,GR,210.0,266.0,,51.0,,False,
2025-10-11T18:00:00.000Z,GR,Greece,GR,217.0,274.0,,49.0,,False,
2025-10-11T19:00:00.000Z,GR,Greece,GR,224.0,284.0,,47.0,,False,
2025-10-11T20:00:00.000Z,GR,Greece,GR,210.0,270.0,,50.0,,False,
2025-10-11T21:00:00.000Z,GR,Greece,GR,192.0,246.0,,55.0,,False,
2025-10-11T22:00:00.000Z,GR,Greece,GR,181.0,234.0,,59.0,,False,
2025-10-11T23:00:00.000Z,GR,Greece,GR,159.0,206.0,,64.0,,False,
2025-10-12T00:00:00.000Z,GR,Greece,GR,174.0,225.0,,61.0,,False,
2025-10-12T01:00:00.000Z,GR,Greece,GR,179.0,231.0,,60.0,,False,
2025-10-12T02:00:00.000Z,GR,Greece,GR,199.0,257.0,,55.0,,False,
2025-10-12T03:00:00.000Z,GR,Greece,GR,203.0,260.0,,54.0,,False,
2025-10-12T04:00:00.000Z,GR,Greece,GR,226.0,291.0,,48.0,,False,
2025-10-12T05:00:00.000Z,GR,Greece,GR,202.0,265.0,,53.0,,False,
2025-10-12T06:00:00.000Z,GR,Greece,GR,133.0,182.0,,70.0,,False,
2025-10-12T07:00:00.000Z,GR,Greece,GR,108.0,152.0,,76.0,,False,
2025-10-12T08:00:00.000Z,GR,Greece,GR,85.0,124.0,,82.0,,False,
2025-10-12T09:00:00.000Z,GR,Greece,GR,87.0,127.0,,81.0,,False,
2025-10-12T10:00:00.000Z,GR,Greece,GR,92.0,134.0,,80.0,,False,
2025-10-12T11:00:00.000Z,GR,Greece,GR,87.0,127.0,,82.0,,False,
2025-10-12T12:00:00.000Z,GR,Greece,GR,92.0,133.0,,80.0,,False,
2025-10-12T13:00:00.000Z,GR,Greece,GR,135.0,187.0,,69.0,,False,
2025-10-12T14:00:00.000Z,GR,Greece,GR,212.0,281.0,,50.0,,False,
2025-10-12T15:00:00.000Z,GR,Greece,GR,293.0,375.0,,29.0,,False,
2025-10-12T16:00:00.000Z,GR,Greece,GR,296.0,376.0,,29.0,,False,
2025-10-12T17:00:00.000Z,GR,Greece,GR,298.0,376.0,,29.0,,False,
2025-10-12T18:00:00.000Z,GR,Greece,GR,316.0,400.0,,25.0,,False,
2025-10-12T19:00:00.000Z,GR,Greece,GR,338.0,427.0,,21.0,,False,
2025-10-12T20:00:00.000Z,GR,Greece,GR,351.0,446.0,,17.0,,False,
2025-10-12T21:00:00.000Z,GR,Greece,GR,355.0,451.0,,15.0,,False,
2025-10-12T22:00:00.000Z,GR,Greece,GR,368.0,469.0,,12.0,,False,
2025-10-12T23:00:00.000Z,GR,Greece,GR,376.0,479.0,,10.0,,False,
2025-10-13T00:00:00.000Z,GR,Greece,GR,380.0,484.0,,9.0,,False,
2025-10-13T01:00:00.000Z,GR,Greece,GR,381.0,487.0,,8.0,,False,
2025-10-13T02:00:00.000Z,GR,Greece,GR,383.0,489.0,,8.0,,False,
2025-10-13T03:00:00.000Z,GR,Greece,GR,382.0,480.0,,13.0,,False,
2025-10-13T04:00:00.000Z,GR,Greece,GR,348.0,437.0,,20.0,,False,
2025-10-13T05:00:00.000Z,GR,Greece,GR,277.0,356.0,,34.0,,False,
2025-10-13T06:00:00.000Z,GR,Greece,GR,208.0,276.0,,51.0,,False,
2025-10-13T07:00:00.000Z,GR,Greece,GR,151.0,208.0,,65.0,,False,
2025-10-13T08:00:00.000Z,GR,Greece,GR,126.0,177.0,,71.0,,False,
2025-10-13T09:00:00.000Z,GR,Greece,GR,121.0,171.0,,72.0,,False,
2025-10-13T10:00:00.000Z,GR,Greece,GR,119.0,169.0,,73.0,,False,
2025-10-13T11:00:00.000Z,GR,Greece,GR,138.0,192.0,,68.0,,False,
2025-10-13T12:00:00.000Z,GR,Greece,GR,179.0,236.0,,62.0,,False,
2025-10-13T13:00:00.000Z,GR,Greece,GR,232.0,300.0,,50.0,,False,
2025-10-13T14:00:00.000Z,GR,Greece,GR,308.0,389.0,,32.0,,False,
2025-10-13T15:00:00.000Z,GR,Greece,GR,357.0,441.0,,22.0,,False,
2025-10-13T16:00:00.000Z,GR,Greece,GR,358.0,438.0,,23.0,,False,
2025-10-13T17:00:00.000Z,GR,Greece,GR,362.0,442.0,,23.0,,False,
2025-10-13T18:00:00.000Z,GR,Greece,GR,375.0,460.0,,20.0,,False,
2025-10-13T19:00:00.000Z,GR,Greece,GR,400.0,491.0,,14.0,,False,
2025-10-13T20:00:00.000Z,GR,Greece,GR,421.0,518.0,,9.0,,False,
2025-10-13T21:00:00.000Z,GR,Greece,GR,440.0,542.0,,7.0,,False,
2025-10-13T22:00:00.000Z,GR,Greece,GR,427.0,531.0,,7.0,,False,
2025-10-13T23:00:00.000Z,GR,Greece,GR,419.0,525.0,,6.0,,False,
2025-10-14T00:00:00.000Z,GR,Greece,GR,406.0,510.0,,9.0,,False,
2025-10-14T01:00:00.000Z,GR,Greece,GR,392.0,491.0,,12.0,,False,
2025-10-14T02:00:00.000Z,GR,Greece,GR,388.0,486.0,,14.0,,False,
2025-10-14T03:00:00.000Z,GR,Greece,GR,379.0,474.0,,16.0,,False,
2025-10-14T04:00:00.000Z,GR,Greece,GR,365.0,459.0,,18.0,,False,
2025-10-14T05:00:00.000Z,GR,Greece,GR,338.0,423.0,,26.0,,False,
2025-10-14T06:00:00.000Z,GR,Greece,GR,278.0,350.0,,42.0,,False,
2025-10-14T07:00:00.000Z,GR,Greece,GR,203.0,264.0,,57.0,,False,
2025-10-14T08:00:00.000Z,GR,Greece,GR,159.0,212.0,,66.0,,False,
2025-10-14T09:00:00.000Z,GR,Greece,GR,132.0,184.0,,70.0,,False,
2025-10-14T10:00:00.000Z,GR,Greece,GR,120.0,170.0,,72.0,,False,
2025-10-14T11:00:00.000Z,GR,Greece,GR,125.0,176.0,,71.0,,False,
2025-10-14T12:00:00.000Z,GR,Greece,GR,155.0,208.0,,67.0,,False,
2025-10-14T13:00:00.000Z,GR,Greece,GR,210.0,273.0,,55.0,,False,
2025-10-14T14:00:00.000Z,GR,Greece,GR,277.0,353.0,,38.0,,False,
2025-10-14T15:00:00.000Z,GR,Greece,GR,336.0,420.0,,24.0,,False,
2025-10-14T16:00:00.000Z,GR,Greece,GR,342.0,423.0,,24.0,,False,
2025-10-14T17:00:00.000Z,GR,Greece,GR,360.0,444.0,,21.0,,False,
2025-10-14T18:00:00.000Z,GR,Greece,GR,375.0,464.0,,18.0,,False,
2025-10-14T19:00:00.000Z,GR,Greece,GR,371.0,463.0,,16.0,,False,
2025-10-14T20:00:00.000Z,GR,Greece,GR,406.0,508.0,,8.0,,False,
2025-10-14T21:00:00.000Z,GR,Greece,GR,428.0,532.0,,5.0,,False,
2025-10-14T22:00:00.000Z,GR,Greece,GR,429.0,535.0,,4.0,,False,
2025-10-14T23:00:00.000Z,GR,Greece,GR,431.0,539.0,,3.0,,False,
2025-10-15T00:00:00.000Z,GR,Greece,GR,431.0,540.0,,3.0,,False,
2025-10-15T01:00:00.000Z,GR,Greece,GR,425.0,533.0,,4.0,,False,
2025-10-15T02:00:00.000Z,GR,Greece,GR,413.0,519.0,,7.0,,False,
2025-10-15T03:00:00.000Z,GR,Greece,GR,405.0,504.0,,11.0,,False,
2025-10-15T04:00:00.000Z,GR,Greece,GR,392.0,486.0,,15.0,,False,
2025-10-15T05:00:00.000Z,GR,Greece,GR,359.0,448.0,,22.0,,False,
2025-10-15T06:00:00.000Z,GR,Greece,GR,284.0,359.0,,39.0,,False,
2025-10-15T07:00:00.000Z,GR,Greece,GR,205.0,267.0,,56.0,,False,
2025-10-15T08:00:00.000Z,GR,Greece,GR,152.0,202.0,,69.0,,False,
2025-10-15T09:00:00.000Z,GR,Greece,GR,150.0,199.0,,70.0,,False,
2025-10-15T10:00:00.000Z,GR,Greece,GR,140.0,187.0,,72.0,,False,
2025-10-15T11:00:00.000Z,GR,Greece,GR,147.0,195.0,,71.0,,False,
2025-10-15T12:00:00.000Z,GR,Greece,GR,188.0,245.0,,61.0,,False,
2025-10-15T13:00:00.000Z,GR,Greece,GR,237.0,305.0,,49.0,,False,
2025-10-15T14:00:00.000Z,GR,Greece,GR,304.0,387.0,,31.0,,False,
2025-10-15T15:00:00.000Z,GR,Greece,GR,330.0,415.0,,25.0,,False,
2025-10-15T16:00:00.000Z,GR,Greece,GR,313.0,393.0,,29.0,,False,
2025-10-15T17:00:00.000Z,GR,Greece,GR,309.0,386.0,,30.0,,False,
2025-10-15T18:00:00.000Z,GR,Greece,GR,329.0,410.0,,26.0,,False,
2025-10-15T19:00:00.000Z,GR,Greece,GR,344.0,429.0,,22.0,,False,
2025-10-15T20:00:00.000Z,GR,Greece,GR,344.0,424.0,,24.0,,False,
2025-10-15T21:00:00.000Z,GR,Greece,GR,339.0,425.0,,25.0,,False,
2025-10-15T22:00:00.000Z,GR,Greece,GR,350.0,440.0,,22.0,,False,
2025-10-15T23:00:00.000Z,GR,Greece,GR,352.0,443.0,,21.0,,False,
2025-10-16T00:00:00.000Z,GR,Greece,GR,348.0,438.0,,22.0,,False,
2025-10-16T01:00:00.000Z,GR,Greece,GR,336.0,424.0,,25.0,,False,
2025-10-16T02:00:00.000Z,GR,Greece,GR,322.0,406.0,,28.0,,False,
2025-10-16T03:00:00.000Z,GR,Greece,GR,308.0,389.0,,31.0,,False,
2025-10-16T04:00:00.000Z,GR,Greece,GR,291.0,366.0,,35.0,,False,
2025-10-16T05:00:00.000Z,GR,Greece,GR,278.0,352.0,,38.0,,False,
2025-10-16T06:00:00.000Z,GR,Greece,GR,250.0,319.0,,44.0,,False,
2025-10-16T07:00:00.000Z,GR,Greece,GR,222.0,286.0,,51.0,,False,
2025-10-16T08:00:00.000Z,GR,Greece,GR,211.0,271.0,,55.0,,False,
2025-10-16T09:00:00.000Z,GR,Greece,GR,204.0,263.0,,56.0,,False,
2025-10-16T10:00:00.000Z,GR,Greece,GR,193.0,250.0,,59.0,,False,
2025-10-16T11:00:00.000Z,GR,Greece,GR,201.0,258.0,,57.0,,False,
2025-10-16T12:00:00.000Z,GR,Greece,GR,213.0,274.0,,54.0,,False,
2025-10-16T13:00:00.000Z,GR,Greece,GR,239.0,305.0,,48.0,,False,
2025-10-16T14:00:00.000Z,GR,Greece,GR,266.0,338.0,,41.0,,False,
2025-10-16T15:00:00.000Z,GR,Greece,GR,269.0,340.0,,40.0,,False,
2025-10-16T16:00:00.000Z,GR,Greece,GR,253.0,317.0,,43.0,,False,
2025-10-16T17:00:00.000Z,GR,Greece,GR,247.0,309.0,,45.0,,False,
2025-10-16T18:00:00.000Z,GR,Greece,GR,253.0,317.0,,44.0,,False,
2025-10-16T19:00:00.000Z,GR,Greece,GR,268.0,336.0,,40.0,,False,
2025-10-16T20:00:00.000Z,GR,Greece,GR,290.0,367.0,,35.0,,False,
2025-10-16T21:00:00.000Z,GR,Greece,GR,301.0,379.0,,33.0,,False,
2025-10-16T22:00:00.000Z,GR,Greece,GR,315.0,398.0,,30.0,,False,
2025-10-16T23:00:00.000Z,GR,Greece,GR,311.0,391.0,,31.0,,False,
2025-10-17T00:00:00.000Z,GR,Greece,GR,310.0,390.0,,31.0,,False,
2025-10-17T01:00:00.000Z,GR,Greece,GR,318.0,400.0,,29.0,,False,
2025-10-17T02:00:00.000Z,GR,Greece,GR,325.0,410.0,,27.0,,False,
2025-10-17T03:00:00.000Z,GR,Greece,GR,326.0,409.0,,27.0,,False,
2025-10-17T04:00:00.000Z,GR,Greece,GR,326.0,411.0,,26.0,,False,
2025-10-17T05:00:00.000Z,GR,Greece,GR,312.0,393.0,,31.0,,False,
2025-10-17T06:00:00.000Z,GR,Greece,GR,280.0,356.0,,37.0,,False,
2025-10-17T07:00:00.000Z,GR,Greece,GR,268.0,342.0,,40.0,,False,
2025-10-17T08:00:00.000Z,GR,Greece,GR,274.0,349.0,,39.0,,False,
2025-10-17T09:00:00.000Z,GR,Greece,GR,273.0,347.0,,40.0,,False,
2025-10-17T10:00:00.000Z,GR,Greece,GR,279.0,355.0,,38.0,,False,
2025-10-17T11:00:00.000Z,GR,Greece,GR,291.0,368.0,,36.0,,False,
2025-10-17T12:00:00.000Z,GR,Greece,GR,306.0,387.0,,32.0,,False,
2025-10-17T13:00:00.000Z,GR,Greece,GR,321.0,406.0,,28.0,,False,
2025-10-17T14:00:00.000Z,GR,Greece,GR,323.0,409.0,,26.0,,False,
2025-10-17T15:00:00.000Z,GR,Greece,GR,327.0,412.0,,26.0,,False,
2025-10-17T16:00:00.000Z,GR,Greece,GR,320.0,402.0,,27.0,,False,
2025-10-17T17:00:00.000Z,GR,Greece,GR,321.0,402.0,,27.0,,False,
2025-10-17T18:00:00.000Z,GR,Greece,GR,336.0,421.0,,24.0,,False,
2025-10-17T19:00:00.000Z,GR,Greece,GR,352.0,443.0,,21.0,,False,
2025-10-17T20:00:00.000Z,GR,Greece,GR,374.0,469.0,,16.0,,False,
2025-10-17T21:00:00.000Z,GR,Greece,GR,396.0,496.0,,11.0,,False,
2025-10-17T22:00:00.000Z,GR,Greece,GR,405.0,505.0,,9.0,,False,
2025-10-17T23:00:00.000Z,GR,Greece,GR,392.0,493.0,,9.0,,False,
2025-10-18T00:00:00.000Z,GR,Greece,GR,382.0,483.0,,9.0,,False,
2025-10-18T01:00:00.000Z,GR,Greece,GR,384.0,484.0,,10.0,,False,
2025-10-18T02:00:00.000Z,GR,Greece,GR,386.0,486.0,,9.0,,False,
2025-10-18T03:00:00.000Z,GR,Greece,GR,383.0,480.0,,11.0,,False,
2025-10-18T04:00:00.000Z,GR,Greece,GR,371.0,466.0,,14.0,,False,
2025-10-18T05:00:00.000Z,GR,Greece,GR,346.0,441.0,,18.0,,False,
2025-10-18T06:00:00.000Z,GR,Greece,GR,287.0,372.0,,31.0,,False,
2025-10-18T07:00:00.000Z,GR,Greece,GR,252.0,330.0,,40.0,,False,
2025-10-18T08:00:00.000Z,GR,Greece,GR,227.0,300.0,,46.0,,False,
2025-10-18T09:00:00.000Z,GR,Greece,GR,216.0,287.0,,48.0,,False,
2025-10-18T10:00:00.000Z,GR,Greece,GR,195.0,261.0,,54.0,,False,
2025-10-18T11:00:00.000Z,GR,Greece,GR,172.0,232.0,,60.0,,False,
2025-10-18T12:00:00.000Z,GR,Greece,GR,196.0,262.0,,53.0,,False,
2025-10-18T13:00:00.000Z,GR,Greece,GR,219.0,290.0,,47.0,,False,
2025-10-18T14:00:00.000Z,GR,Greece,GR,262.0,343.0,,36.0,,False,
2025-10-18T15:00:00.000Z,GR,Greece,GR,291.0,376.0,,29.0,,False,
2025-10-18T16:00:00.000Z,GR,Greece,GR,276.0,354.0,,33.0,,False,
2025-10-18T17:00:00.000Z,GR,Greece,GR,272.0,348.0,,34.0,,False,
2025-10-18T18:00:00.000Z,GR,Greece,GR,283.0,364.0,,31.0,,False,
2025-10-18T19:00:00.000Z,GR,Greece,GR,297.0,381.0,,29.0,,False,
2025-10-18T20:00:00.000Z,GR,Greece,GR,309.0,398.0,,26.0,,False,
2025-10-18T21:00:00.000Z,GR,Greece,GR,322.0,414.0,,22.0,,False,
2025-10-18T22:00:00.000Z,GR,Greece,GR,328.0,419.0,,22.0,,False,
2025-10-18T23:00:00.000Z,GR,Greece,GR,332.0,419.0,,22.0,,False,
2025-10-19T00:00:00.000Z,GR,Greece,GR,344.0,436.0,,19.0,,False,
2025-10-19T01:00:00.000Z,GR,Greece,GR,332.0,421.0,,22.0,,False,
2025-10-19T02:00:00.000Z,GR,Greece,GR,344.0,436.0,,19.0,,False,
2025-10-19T03:00:00.000Z,GR,Greece,GR,342.0,435.0,,19.0,,False,
2025-10-19T04:00:00.000Z,GR,Greece,GR,323.0,408.0,,24.0,,False,
2025-10-19T05:00:00.000Z,GR,Greece,GR,293.0,372.0,,32.0,,False,
2025-10-19T06:00:00.000Z,GR,Greece,GR,241.0,313.0,,44.0,,False,
2025-10-19T07:00:00.000Z,GR,Greece,GR,182.0,241.0,,59.0,,False,
2025-10-19T08:00:00.000Z,GR,Greece,GR,148.0,197.0,,68.0,,False,
2025-10-19T09:00:00.000Z,GR,Greece,GR,132.0,179.0,,72.0,,False,
2025-10-19T10:00:00.000Z,GR,Greece,GR,129.0,174.0,,72.0,,False,
2025-10-19T11:00:00.000Z,GR,Greece,GR,132.0,180.0,,71.0,,False,
2025-10-19T12:00:00.000Z,GR,Greece,GR,159.0,212.0,,64.0,,False,
2025-10-19T13:00:00.000Z,GR,Greece,GR,214.0,280.0,,51.0,,False,
2025-10-19T14:00:00.000Z,GR,Greece,GR,298.0,384.0,,29.0,,False,
2025-10-19T15:00:00.000Z,GR,Greece,GR,327.0,415.0,,22.0,,False,
2025-10-19T16:00:00.000Z,GR,Greece,GR,307.0,388.0,,26.0,,False,
2025-10-19T17:00:00.000Z,GR,Greece,GR,308.0,389.0,,26.0,,False,
2025-10-19T18:00:00.000Z,GR,Greece,GR,329.0,415.0,,21.0,,False,
2025-10-19T19:00:00.000Z,GR,Greece,GR,351.0,445.0,,16.0,,False,
2025-10-19T20:00:00.000Z,GR,Greece,GR,368.0,468.0,,11.0,,False,
2025-10-19T21:00:00.000Z,GR,Greece,GR,357.0,455.0,,14.0,,False,
2025-10-19T22:00:00.000Z,GR,Greece,GR,367.0,470.0,,11.0,,False,
2025-10-19T23:00:00.000Z,GR,Greece,GR,362.0,463.0,,13.0,,False,
2025-10-20T00:00:00.000Z,GR,Greece,GR,364.0,465.0,,13.0,,False,
2025-10-20T01:00:00.000Z,GR,Greece,GR,352.0,449.0,,16.0,,False,
2025-10-20T02:00:00.000Z,GR,Greece,GR,346.0,445.0,,16.0,,False,
2025-10-20T03:00:00.000Z,GR,Greece,GR,333.0,429.0,,19.0,,False,
2025-10-20T04:00:00.000Z,GR,Greece,GR,293.0,375.0,,29.0,,False,
2025-10-20T05:00:00.000Z,GR,Greece,GR,272.0,350.0,,34.0,,False,
2025-10-20T06:00:00.000Z,GR,Greece,GR,264.0,343.0,,37.0,,False,
2025-10-20T07:00:00.000Z,GR,Greece,GR,243.0,318.0,,42.0,,False,
2025-10-20T08:00:00.000Z,GR,Greece,GR,227.0,298.0,,46.0,,False,
2025-10-20T09:00:00.000Z,GR,Greece,GR,200.0,265.0,,53.0,,False,
2025-10-20T10:00:00.000Z,GR,Greece,GR,197.0,261.0,,54.0,,False,
2025-10-20T11:00:00.000Z,GR,Greece,GR,225.0,297.0,,46.0,,False,
2025-10-20T12:00:00.000Z,GR,Greece,GR,253.0,331.0,,39.0,,False,
2025-10-20T13:00:00.000Z,GR,Greece,GR,281.0,366.0,,32.0,,False,
2025-10-20T14:00:00.000Z,GR,Greece,GR,303.0,392.0,,27.0,,False,
2025-10-20T15:00:00.000Z,GR,Greece,GR,310.0,398.0,,26.0,,True,FORECASTS_HIERARCHY
2025-10-20T16:00:00.000Z,GR,Greece,GR,319.0,404.0,,24.0,,True,FORECASTS_HIERARCHY
2025-10-20T17:00:00.000Z,GR,Greece,GR,318.0,401.0,,25.0,,True,FORECASTS_HIERARCHY
2025-10-20T18:00:00.000Z,GR,Greece,GR,328.0,414.0,,23.0,,True,FORECASTS_HIERARCHY
2025-10-20T19:00:00.000Z,GR,Greece,GR,342.0,432.0,,19.0,,True,FORECASTS_HIERARCHY
2025-10-20T20:00:00.000Z,GR,Greece,GR,361.0,460.0,,14.0,,True,FORECASTS_HIERARCHY
2025-10-20T21:00:00.000Z,GR,Greece,GR,379.0,482.0,,9.0,,False,
2025-10-20T22:00:00.000Z,GR,Greece,GR,384.0,491.0,,7.0,,False,
2025-10-20T23:00:00.000Z,GR,Greece,GR,386.0,488.0,,9.0,,False,
2025-10-21T00:00:00.000Z,GR,Greece,GR,381.0,483.0,,11.0,,False,
2025-10-21T01:00:00.000Z,GR,Greece,GR,382.0,482.0,,11.0,,False,
2025-10-21T02:00:00.000Z,GR,Greece,GR,377.0,476.0,,12.0,,False,
2025-10-21T03:00:00.000Z,GR,Greece,GR,382.0,482.0,,11.0,,False,
2025-10-21T04:00:00.000Z,GR,Greece,GR,365.0,461.0,,14.0,,False,
2025-10-21T05:00:00.000Z,GR,Greece,GR,330.0,421.0,,21.0,,False,
2025-10-21T06:00:00.000Z,GR,Greece,GR,301.0,386.0,,28.0,,False,
2025-10-21T07:00:00.000Z,GR,Greece,GR,270.0,349.0,,36.0,,False,
2025-10-21T08:00:00.000Z,GR,Greece,GR,240.0,314.0,,43.0,,False,
2025-10-21T09:00:00.000Z,GR,Greece,GR,211.0,280.0,,50.0,,False,
2025-10-21T10:00:00.000Z,GR,Greece,GR,207.0,275.0,,51.0,,False,
2025-10-21T11:00:00.000Z,GR,Greece,GR,213.0,283.0,,49.0,,False,
2025-10-21T12:00:00.000Z,GR,Greece,GR,230.0,303.0,,45.0,,False,
2025-10-21T13:00:00.000Z,GR,Greece,GR,263.0,344.0,,37.0,,False,
2025-10-21T14:00:00.000Z,GR,Greece,GR,316.0,403.0,,26.0,,False,
2025-10-21T15:00:00.000Z,GR,Greece,GR,335.0,416.0,,25.0,,False,
2025-10-21T16:00:00.000Z,GR,Greece,GR,317.0,395.0,,27.0,,False,
2025-10-21T17:00:00.000Z,GR,Greece,GR,310.0,389.0,,27.0,,False,
2025-10-21T18:00:00.000Z,GR,Greece,GR,329.0,412.0,,23.0,,False,
2025-10-21T19:00:00.000Z,GR,Greece,GR,351.0,442.0,,18.0,,False,
2025-10-21T20:00:00.000Z,GR,Greece,GR,366.0,464.0,,13.0,,False,
2025-10-21T21:00:00.000Z,GR,Greece,GR,367.0,468.0,,12.0,,False,
2025-10-21T22:00:00.000Z,GR,Greece,GR,375.0,478.0,,10.0,,False,
2025-10-21T23:00:00.000Z,GR,Greece,GR,375.0,478.0,,10.0,,False,
2025-10-22T00:00:00.000Z,GR,Greece,GR,377.0,482.0,,9.0,,False,
2025-10-22T01:00:00.000Z,GR,Greece,GR,373.0,478.0,,10.0,,False,
2025-10-22T02:00:00.000Z,GR,Greece,GR,371.0,473.0,,11.0,,False,
2025-10-22T03:00:00.000Z,GR,Greece,GR,358.0,458.0,,14.0,,False,
2025-10-22T04:00:00.000Z,GR,Greece,GR,351.0,444.0,,18.0,,False,
2025-10-22T05:00:00.000Z,GR,Greece,GR,316.0,404.0,,26.0,,False,
2025-10-22T06:00:00.000Z,GR,Greece,GR,280.0,362.0,,33.0,,False,
2025-10-22T07:00:00.000Z,GR,Greece,GR,259.0,335.0,,38.0,,False,
2025-10-22T08:00:00.000Z,GR,Greece,GR,232.0,302.0,,45.0,,False,
2025-10-22T09:00:00.000Z,GR,Greece,GR,225.0,296.0,,46.0,,False,
2025-10-22T10:00:00.000Z,GR,Greece,GR,211.0,278.0,,50.0,,False,
2025-10-22T11:00:00.000Z,GR,Greece,GR,194.0,257.0,,54.0,,False,
2025-10-22T12:00:00.000Z,GR,Greece,GR,208.0,275.0,,50.0,,False,
2025-10-22T13:00:00.000Z,GR,Greece,GR,235.0,309.0,,43.0,,False,
2025-10-22T14:00:00.000Z,GR,Greece,GR,255.0,332.0,,39.0,,False,
2025-10-22T15:00:00.000Z,GR,Greece,GR,279.0,358.0,,33.0,,False,
2025-10-22T16:00:00.000Z,GR,Greece,GR,277.0,353.0,,33.0,,False,
2025-10-22T17:00:00.000Z,GR,Greece,GR,275.0,348.0,,35.0,,False,
2025-10-22T18:00:00.000Z,GR,Greece,GR,304.0,387.0,,28.0,,False,
2025-10-22T19:00:00.000Z,GR,Greece,GR,334.0,425.0,,20.0,,False,
2025-10-22T20:00:00.000Z,GR,Greece,GR,331.0,425.0,,20.0,,False,
2025-10-22T21:00:00.000Z,GR,Greece,GR,323.0,416.0,,22.0,,False,
2025-10-22T22:00:00.000Z,GR,Greece,GR,337.0,433.0,,18.0,,False,
2025-10-22T23:00:00.000Z,GR,Greece,GR,331.0,426.0,,20.0,,False,
2025-10-23T00:00:00.000Z,GR,Greece,GR,331.0,426.0,,20.0,,False,
2025-10-23T01:00:00.000Z,GR,Greece,GR,339.0,436.0,,18.0,,False,
2025-10-23T02:00:00.000Z,GR,Greece,GR,347.0,446.0,,16.0,,False,
2025-10-23T03:00:00.000Z,GR,Greece,GR,339.0,436.0,,18.0,,False,
2025-10-23T04:00:00.000Z,GR,Greece,GR,305.0,391.0,,27.0,,False,
2025-10-23T05:00:00.000Z,GR,Greece,GR,292.0,374.0,,31.0,,False,
2025-10-23T06:00:00.000Z,GR,Greece,GR,241.0,317.0,,42.0,,False,
2025-10-23T07:00:00.000Z,GR,Greece,GR,175.0,239.0,,56.0,,False,
2025-10-23T08:00:00.000Z,GR,Greece,GR,117.0,167.0,,71.0,,False,
2025-10-23T09:00:00.000Z,GR,Greece,GR,115.0,164.0,,72.0,,False,
2025-10-23T10:00:00.000Z,GR,Greece,GR,115.0,162.0,,73.0,,False,
2025-10-23T11:00:00.000Z,GR,Greece,GR,98.0,142.0,,77.0,,False,
2025-10-23T12:00:00.000Z,GR,Greece,GR,121.0,168.0,,73.0,,False,
2025-10-23T13:00:00.000Z,GR,Greece,GR,163.0,219.0,,62.0,,False,
2025-10-23T14:00:00.000Z,GR,Greece,GR,231.0,302.0,,45.0,,False,
2025-10-23T15:00:00.000Z,GR,Greece,GR,277.0,351.0,,35.0,,False,
2025-10-23T16:00:00.000Z,GR,Greece,GR,259.0,327.0,,39.0,,False,
2025-10-23T17:00:00.000Z,GR,Greece,GR,249.0,314.0,,42.0,,False,
2025-10-23T18:00:00.000Z,GR,Greece,GR,257.0,323.0,,40.0,,False,
2025-10-23T19:00:00.000Z,GR,Greece,GR,249.0,315.0,,41.0,,False,
2025-10-23T20:00:00.000Z,GR,Greece,GR,238.0,306.0,,43.0,,False,
2025-10-23T21:00:00.000Z,GR,Greece,GR,217.0,279.0,,50.0,,False,
2025-10-23T22:00:00.000Z,GR,Greece,GR,201.0,257.0,,55.0,,False,
2025-10-23T23:00:00.000Z,GR,Greece,GR,198.0,251.0,,56.0,,False,
2025-10-24T00:00:00.000Z,GR,Greece,GR,192.0,244.0,,58.0,,False,
2025-10-24T01:00:00.000Z,GR,Greece,GR,178.0,228.0,,61.0,,False,
2025-10-24T02:00:00.000Z,GR,Greece,GR,168.0,215.0,,63.0,,False,
2025-10-24T03:00:00.000Z,GR,Greece,GR,167.0,217.0,,62.0,,False,
2025-10-24T04:00:00.000Z,GR,Greece,GR,170.0,220.0,,61.0,,False,
2025-10-24T05:00:00.000Z,GR,Greece,GR,167.0,217.0,,61.0,,False,
2025-10-24T06:00:00.000Z,GR,Greece,GR,140.0,188.0,,67.0,,False,
2025-10-24T07:00:00.000Z,GR,Greece,GR,100.0,140.0,,77.0,,False,
2025-10-24T08:00:00.000Z,GR,Greece,GR,88.0,126.0,,80.0,,False,
2025-10-24T09:00:00.000Z,GR,Greece,GR,71.0,105.0,,85.0,,False,
2025-10-24T10:00:00.000Z,GR,Greece,GR,71.0,106.0,,85.0,,False,
2025-10-24T11:00:00.000Z,GR,Greece,GR,73.0,108.0,,84.0,,False,
2025-10-24T12:00:00.000Z,GR,Greece,GR,78.0,114.0,,83.0,,False,
2025-10-24T13:00:00.000Z,GR,Greece,GR,93.0,132.0,,79.0,,False,
2025-10-24T14:00:00.000Z,GR,Greece,GR,118.0,161.0,,73.0,,False,
2025-10-24T15:00:00.000Z,GR,Greece,GR,178.0,228.0,,59.0,,False,
2025-10-24T16:00:00.000Z,GR,Greece,GR,197.0,248.0,,54.0,,False,
2025-10-24T17:00:00.000Z,GR,Greece,GR,200.0,251.0,,53.0,,False,
2025-10-24T18:00:00.000Z,GR,Greece,GR,204.0,256.0,,52.0,,False,
2025-10-24T19:00:00.000Z,GR,Greece,GR,210.0,262.0,,51.0,,False,
2025-10-24T20:00:00.000Z,GR,Greece,GR,230.0,292.0,,46.0,,False,
2025-10-24T21:00:00.000Z,GR,Greece,GR,250.0,320.0,,41.0,,False,
2025-10-24T22:00:00.000Z,GR,Greece,GR,278.0,354.0,,35.0,,False,
2025-10-24T23:00:00.000Z,GR,Greece,GR,284.0,356.0,,36.0,,False,
2025-10-25T00:00:00.000Z,GR,Greece,GR,295.0,367.0,,36.0,,False,
2025-10-25T01:00:00.000Z,GR,Greece,GR,291.0,367.0,,35.0,,False,
2025-10-25T02:00:00.000Z,GR,Greece,GR,291.0,371.0,,33.0,,False,
2025-10-25T03:00:00.000Z,GR,Greece,GR,297.0,380.0,,30.0,,False,
2025-10-25T04:00:00.000Z,GR,Greece,GR,309.0,393.0,,29.0,,False,
2025-10-25T05:00:00.000Z,GR,Greece,GR,261.0,339.0,,38.0,,False,
2025-10-25T06:00:00.000Z,GR,Greece,GR,168.0,227.0,,60.0,,False,
2025-10-25T07:00:00.000Z,GR,Greece,GR,102.0,147.0,,77.0,,False,
2025-10-25T08:00:00.000Z,GR,Greece,GR,102.0,146.0,,78.0,,False,
2025-10-25T09:00:00.000Z,GR,Greece,GR,99.0,143.0,,78.0,,False,
2025-10-25T10:00:00.000Z,GR,Greece,GR,95.0,138.0,,79.0,,False,
2025-10-25T11:00:00.000Z,GR,Greece,GR,98.0,143.0,,78.0,,False,
2025-10-25T12:00:00.000Z,GR,Greece,GR,97.0,141.0,,78.0,,False,
2025-10-25T13:00:00.000Z,GR,Greece,GR,139.0,192.0,,68.0,,False,
2025-10-25T14:00:00.000Z,GR,Greece,GR,214.0,281.0,,49.0,,False,
2025-10-25T15:00:00.000Z,GR,Greece,GR,286.0,362.0,,32.0,,False,
2025-10-25T16:00:00.000Z,GR,Greece,GR,283.0,356.0,,33.0,,False,
2025-10-25T17:00:00.000Z,GR,Greece,GR,287.0,362.0,,32.0,,False,
2025-10-25T18:00:00.000Z,GR,Greece,GR,285.0,361.0,,31.0,,False,
2025-10-25T19:00:00.000Z,GR,Greece,GR,292.0,373.0,,29.0,,False,
2025-10-25T20:00:00.000Z,GR,Greece,GR,292.0,375.0,,30.0,,False,
2025-10-25T21:00:00.000Z,GR,Greece,GR,289.0,371.0,,32.0,,False,
2025-10-25T22:00:00.000Z,GR,Greece,GR,278.0,354.0,,36.0,,True,FORECASTS_HIERARCHY
2025-10-25T23:00:00.000Z,GR,Greece,GR,297.0,365.0,,38.0,,False,
2025-10-26T00:00:00.000Z,GR,Greece,GR,279.0,338.0,,45.0,,False,
2025-10-26T01:00:00.000Z,GR,Greece,GR,259.0,316.0,,49.0,,False,
2025-10-26T02:00:00.000Z,GR,Greece,GR,251.0,306.0,,50.0,,False,
2025-10-26T03:00:00.000Z,GR,Greece,GR,207.0,258.0,,58.0,,False,
2025-10-26T04:00:00.000Z,GR,Greece,GR,162.0,209.0,,66.0,,False,
2025-10-26T05:00:00.000Z,GR,Greece,GR,115.0,155.0,,75.0,,False,
2025-10-26T06:00:00.000Z,GR,Greece,GR,105.0,146.0,,77.0,,False,
2025-10-26T07:00:00.000Z,GR,Greece,GR,91.0,130.0,,80.0,,False,
2025-10-26T08:00:00.000Z,GR,Greece,GR,83.0,119.0,,82.0,,False,
2025-10-26T09:00:00.000Z,GR,Greece,GR,81.0,117.0,,82.0,,False,
2025-10-26T10:00:00.000Z,GR,Greece,GR,88.0,125.0,,81.0,,False,
2025-10-26T11:00:00.000Z,GR,Greece,GR,96.0,133.0,,79.0,,False,
2025-10-26T12:00:00.000Z,GR,Greece,GR,119.0,160.0,,74.0,,False,
2025-10-26T13:00:00.000Z,GR,Greece,GR,153.0,200.0,,66.0,,False,
2025-10-26T14:00:00.000Z,GR,Greece,GR,181.0,236.0,,58.0,,False,
2025-10-26T15:00:00.000Z,GR,Greece,GR,209.0,268.0,,51.0,,False,
2025-10-26T16:00:00.000Z,GR,Greece,GR,224.0,284.0,,47.0,,False,
2025-10-26T17:00:00.000Z,GR,Greece,GR,223.0,282.0,,47.0,,False,
2025-10-26T18:00:00.000Z,GR,Greece,GR,218.0,276.0,,48.0,,False,
2025-10-26T19:00:00.000Z,GR,Greece,GR,217.0,274.0,,48.0,,False,
2025-10-26T20:00:00.000Z,GR,Greece,GR,226.0,287.0,,46.0,,False,
2025-10-26T21:00:00.000Z,GR,Greece,GR,214.0,276.0,,49.0,,False,
2025-10-26T22:00:00.000Z,GR,Greece,GR,198.0,258.0,,53.0,,False,
2025-10-26T23:00:00.000Z,GR,Greece,GR,160.0,206.0,,65.0,,False,
2025-10-27T00:00:00.000Z,GR,Greece,GR,158.0,202.0,,67.0,,False,
2025-10-27T01:00:00.000Z,GR,Greece,GR,140.0,180.0,,71.0,,False,
2025-10-27T02:00:00.000Z,GR,Greece,GR,132.0,172.0,,72.0,,False,
2025-10-27T03:00:00.000Z,GR,Greece,GR,148.0,193.0,,67.0,,False,
2025-10-27T04:00:00.000Z,GR,Greece,GR,170.0,222.0,,60.0,,False,
2025-10-27T05:00:00.000Z,GR,Greece,GR,163.0,211.0,,62.0,,False,
2025-10-27T06:00:00.000Z,GR,Greece,GR,138.0,179.0,,68.0,,False,
2025-10-27T07:00:00.000Z,GR,Greece,GR,104.0,142.0,,76.0,,False,
2025-10-27T08:00:00.000Z,GR,Greece,GR,84.0,119.0,,81.0,,False,
2025-10-27T09:00:00.000Z,GR,Greece,GR,81.0,115.0,,82.0,,False,
2025-10-27T10:00:00.000Z,GR,Greece,GR,89.0,126.0,,80.0,,False,
2025-10-27T11:00:00.000Z,GR,Greece,GR,79.0,114.0,,83.0,,False,
2025-10-27T12:00:00.000Z,GR,Greece,GR,77.0,112.0,,83.0,,False,
2025-10-27T13:00:00.000Z,GR,Greece,GR,109.0,152.0,,75.0,,False,
2025-10-27T14:00:00.000Z,GR,Greece,GR,167.0,224.0,,60.0,,False,
2025-10-27T15:00:00.000Z,GR,Greece,GR,236.0,306.0,,43.0,,False,
2025-10-27T16:00:00.000Z,GR,Greece,GR,256.0,329.0,,38.0,,False,
2025-10-27T17:00:00.000Z,GR,Greece,GR,249.0,318.0,,40.0,,False,
2025-10-27T18:00:00.000Z,GR,Greece,GR,247.0,313.0,,41.0,,False,
2025-10-27T19:00:00.000Z,GR,Greece,GR,258.0,327.0,,38.0,,False,
2025-10-27T20:00:00.000Z,GR,Greece,GR,269.0,341.0,,35.0,,False,
2025-10-27T21:00:00.000Z,GR,Greece,GR,272.0,352.0,,34.0,,False,
2025-10-27T22:00:00.000Z,GR,Greece,GR,263.0,341.0,,37.0,,False,
2025-10-27T23:00:00.000Z,GR,Greece,GR,262.0,338.0,,38.0,,False,
2025-10-28T00:00:00.000Z,GR,Greece,GR,252.0,325.0,,41.0,,False,
2025-10-28T01:00:00.000Z,GR,Greece,GR,252.0,325.0,,40.0,,False,
2025-10-28T02:00:00.000Z,GR,Greece,GR,248.0,321.0,,41.0,,False,
2025-10-28T03:00:00.000Z,GR,Greece,GR,257.0,332.0,,39.0,,False,
2025-10-28T04:00:00.000Z,GR,Greece,GR,262.0,339.0,,38.0,,False,
2025-10-28T05:00:00.000Z,GR,Greece,GR,234.0,305.0,,44.0,,False,
2025-10-28T06:00:00.000Z,GR,Greece,GR,176.0,235.0,,58.0,,False,
2025-10-28T07:00:00.000Z,GR,Greece,GR,138.0,190.0,,68.0,,False,
2025-10-28T08:00:00.000Z,GR,Greece,GR,87.0,127.0,,81.0,,False,
2025-10-28T09:00:00.000Z,GR,Greece,GR,86.0,127.0,,81.0,,False,
2025-10-28T10:00:00.000Z,GR,Greece,GR,86.0,126.0,,81.0,,False,
2025-10-28T11:00:00.000Z,GR,Greece,GR,91.0,132.0,,80.0,,False,
2025-10-28T12:00:00.000Z,GR,Greece,GR,109.0,155.0,,75.0,,False,
2025-10-28T13:00:00.000Z,GR,Greece,GR,138.0,190.0,,68.0,,False,
2025-10-28T14:00:00.000Z,GR,Greece,GR,212.0,279.0,,49.0,,False,
2025-10-28T15:00:00.000Z,GR,Greece,GR,292.0,373.0,,29.0,,False,
2025-10-28T16:00:00.000Z,GR,Greece,GR,292.0,371.0,,29.0,,False,
2025-10-28T17:00:00.000Z,GR,Greece,GR,285.0,362.0,,31.0,,False,
2025-10-28T18:00:00.000Z,GR,Greece,GR,282.0,358.0,,32.0,,False,
2025-10-28T19:00:00.000Z,GR,Greece,GR,285.0,361.0,,32.0,,False,
2025-10-28T20:00:00.000Z,GR,Greece,GR,309.0,398.0,,25.0,,False,
2025-10-28T21:00:00.000Z,GR,Greece,GR,329.0,424.0,,20.0,,False,
2025-10-28T22:00:00.000Z,GR,Greece,GR,333.0,430.0,,19.0,,False,
2025-10-28T23:00:00.000Z,GR,Greece,GR,333.0,424.0,,22.0,,False,
2025-10-29T00:00:00.000Z,GR,Greece,GR,345.0,436.0,,21.0,,False,
2025-10-29T01:00:00.000Z,GR,Greece,GR,351.0,439.0,,22.0,,False,
2025-10-29T02:00:00.000Z,GR,Greece,GR,362.0,448.0,,22.0,,False,
2025-10-29T03:00:00.000Z,GR,Greece,GR,368.0,463.0,,16.0,,False,
2025-10-29T04:00:00.000Z,GR,Greece,GR,354.0,447.0,,19.0,,False,
2025-10-29T05:00:00.000Z,GR,Greece,GR,285.0,366.0,,34.0,,False,
2025-10-29T06:00:00.000Z,GR,Greece,GR,185.0,248.0,,57.0,,False,
2025-10-29T07:00:00.000Z,GR,Greece,GR,117.0,165.0,,74.0,,False,
2025-10-29T08:00:00.000Z,GR,Greece,GR,87.0,128.0,,82.0,,False,
2025-10-29T09:00:00.000Z,GR,Greece,GR,88.0,129.0,,81.0,,False,
2025-10-29T10:00:00.000Z,GR,Greece,GR,85.0,126.0,,82.0,,False,
2025-10-29T11:00:00.000Z,GR,Greece,GR,91.0,133.0,,81.0,,False,
2025-10-29T12:00:00.000Z,GR,Greece,GR,108.0,154.0,,76.0,,False,
2025-10-29T13:00:00.000Z,GR,Greece,GR,172.0,234.0,,59.0,,False,
2025-10-29T14:00:00.000Z,GR,Greece,GR,267.0,351.0,,35.0,,False,
2025-10-29T15:00:00.000Z,GR,Greece,GR,317.0,403.0,,25.0,,False,
2025-10-29T16:00:00.000Z,GR,Greece,GR,319.0,404.0,,24.0,,False,
2025-10-29T17:00:00.000Z,GR,Greece,GR,319.0,399.0,,27.0,,False,
2025-10-29T18:00:00.000Z,GR,Greece,GR,319.0,396.0,,28.0,,False,
2025-10-29T19:00:00.000Z,GR,Greece,GR,333.0,414.0,,24.0,,False,
2025-10-29T20:00:00.000Z,GR,Greece,GR,350.0,438.0,,20.0,,False,
2025-10-29T21:00:00.000Z,GR,Greece,GR,366.0,463.0,,15.0,,False,
2025-10-29T22:00:00.000Z,GR,Greece,GR,374.0,468.0,,16.0,,False,
2025-10-29T23:00:00.000Z,GR,Greece,GR,385.0,487.0,,11.0,,False,
2025-10-30T00:00:00.000Z,GR,Greece,GR,392.0,490.0,,12.0,,False,
2025-10-30T01:00:00.000Z,GR,Greece,GR,388.0,485.0,,14.0,,False,
2025-10-30T02:00:00.000Z,GR,Greece,GR,386.0,481.0,,15.0,,False,
2025-10-30T03:00:00.000Z,GR,Greece,GR,382.0,478.0,,15.0,,False,
2025-10-30T04:00:00.000Z,GR,Greece,GR,359.0,452.0,,20.0,,False,
2025-10-30T05:00:00.000Z,GR,Greece,GR,317.0,402.0,,29.0,,False,
2025-10-30T06:00:00.000Z,GR,Greece,GR,197.0,264.0,,54.0,,False,
2025-10-30T07:00:00.000Z,GR,Greece,GR,119.0,168.0,,73.0,,False,
2025-10-30T08:00:00.000Z,GR,Greece,GR,94.0,137.0,,80.0,,False,
2025-10-30T09:00:00.000Z,GR,Greece,GR,88.0,131.0,,81.0,,False,
2025-10-30T10:00:00.000Z,GR,Greece,GR,93.0,136.0,,80.0,,False,
2025-10-30T11:00:00.000Z,GR,Greece,GR,102.0,147.0,,78.0,,False,
2025-10-30T12:00:00.000Z,GR,Greece,GR,144.0,198.0,,67.0,,False,
2025-10-30T13:00:00.000Z,GR,Greece,GR,212.0,282.0,,50.0,,False,
2025-10-30T14:00:00.000Z,GR,Greece,GR,274.0,357.0,,35.0,,False,
2025-10-30T15:00:00.000Z,GR,Greece,GR,322.0,406.0,,25.0,,False,
2025-10-30T16:00:00.000Z,GR,Greece,GR,315.0,393.0,,28.0,,False,
2025-10-30T17:00:00.000Z,GR,Greece,GR,313.0,386.0,,30.0,,False,
2025-10-30T18:00:00.000Z,GR,Greece,GR,317.0,391.0,,29.0,,False,
2025-10-30T19:00:00.000Z,GR,Greece,GR,322.0,397.0,,28.0,,False,
2025-10-30T20:00:00.000Z,GR,Greece,GR,341.0,425.0,,23.0,,False,
2025-10-30T21:00:00.000Z,GR,Greece,GR,355.0,448.0,,18.0,,False,
2025-10-30T22:00:00.000Z,GR,Greece,GR,351.0,444.0,,19.0,,False,
2025-10-30T23:00:00.000Z,GR,Greece,GR,366.0,463.0,,15.0,,False,
2025-10-31T00:00:00.000Z,GR,Greece,GR,389.0,491.0,,10.0,,False,
2025-10-31T01:00:00.000Z,GR,Greece,GR,395.0,498.0,,9.0,,False,
2025-10-31T02:00:00.000Z,GR,Greece,GR,405.0,508.0,,8.0,,False,
2025-10-31T03:00:00.000Z,GR,Greece,GR,403.0,505.0,,9.0,,False,
2025-10-31T04:00:00.000Z,GR,Greece,GR,388.0,483.0,,14.0,,False,
2025-10-31T05:00:00.000Z,GR,Greece,GR,343.0,429.0,,24.0,,False,
2025-10-31T06:00:00.000Z,GR,Greece,GR,278.0,355.0,,37.0,,False,
2025-10-31T07:00:00.000Z,GR,Greece,GR,227.0,300.0,,46.0,,False,
2025-10-31T08:00:00.000Z,GR,Greece,GR,187.0,252.0,,56.0,,False,
2025-10-31T09:00:00.000Z,GR,Greece,GR,162.0,221.0,,63.0,,False,
2025-10-31T10:00:00.000Z,GR,Greece,GR,160.0,217.0,,63.0,,False,
2025-10-31T11:00:00.000Z,GR,Greece,GR,187.0,251.0,,56.0,,False,
2025-10-31T12:00:00.000Z,GR,Greece,GR,199.0,266.0,,53.0,,False,
2025-10-31T13:00:00.000Z,GR,Greece,GR,250.0,330.0,,40.0,,False,
2025-10-31T14:00:00.000Z,GR,Greece,GR,303.0,390.0,,28.0,,False,
2025-10-31T15:00:00.000Z,GR,Greece,GR,297.0,379.0,,29.0,,False,
2025-10-31T16:00:00.000Z,GR,Greece,GR,298.0,379.0,,30.0,,False,
2025-10-31T17:00:00.000Z,GR,Greece,GR,304.0,385.0,,29.0,,False,
2025-10-31T18:00:00.000Z,GR,Greece,GR,325.0,407.0,,25.0,,False,
2025-10-31T19:00:00.000Z,GR,Greece,GR,340.0,423.0,,23.0,,False,
2025-10-31T20:00:00.000Z,GR,Greece,GR,352.0,444.0,,19.0,,False,
2025-10-31T21:00:00.000Z,GR,Greece,GR,367.0,463.0,,15.0,,False,
2025-10-31T22:00:00.000Z,GR,Greece,GR,353.0,452.0,,15.0,,False,
2025-10-31T23:00:00.000Z,GR,Greece,GR,360.0,460.0,,14.0,,False,
2025-11-01T00:00:00.000Z,GR,Greece,GR,377.0,477.0,,12.0,,False,
2025-11-01T01:00:00.000Z,GR,Greece,GR,391.0,488.0,,13.0,,False,
2025-11-01T02:00:00.000Z,GR,Greece,GR,392.0,485.0,,15.0,,False,
2025-11-01T03:00:00.000Z,GR,Greece,GR,390.0,487.0,,13.0,,False,
2025-11-01T04:00:00.000Z,GR,Greece,GR,369.0,465.0,,16.0,,False,
2025-11-01T05:00:00.000Z,GR,Greece,GR,331.0,421.0,,23.0,,False,
2025-11-01T06:00:00.000Z,GR,Greece,GR,254.0,327.0,,42.0,,False,
2025-11-01T07:00:00.000Z,GR,Greece,GR,178.0,234.0,,61.0,,False,
2025-11-01T08:00:00.000Z,GR,Greece,GR,165.0,220.0,,63.0,,False,
2025-11-01T09:00:00.000Z,GR,Greece,GR,154.0,206.0,,66.0,,False,
2025-11-01T10:00:00.000Z,GR,Greece,GR,152.0,204.0,,66.0,,False,
2025-11-01T11:00:00.000Z,GR,Greece,GR,143.0,191.0,,70.0,,False,
2025-11-01T12:00:00.000Z,GR,Greece,GR,154.0,204.0,,67.0,,False,
2025-11-01T13:00:00.000Z,GR,Greece,GR,216.0,281.0,,52.0,,False,
2025-11-01T14:00:00.000Z,GR,Greece,GR,295.0,377.0,,33.0,,False,
2025-11-01T15:00:00.000Z,GR,Greece,GR,335.0,423.0,,23.0,,False,
2025-11-01T16:00:00.000Z,GR,Greece,GR,325.0,408.0,,25.0,,False,
2025-11-01T17:00:00.000Z,GR,Greece,GR,323.0,402.0,,26.0,,False,
2025-11-01T18:00:00.000Z,GR,Greece,GR,327.0,406.0,,26.0,,False,
2025-11-01T19:00:00.000Z,GR,Greece,GR,333.0,417.0,,23.0,,False,
2025-11-01T20:00:00.000Z,GR,Greece,GR,350.0,446.0,,17.0,,False,
2025-11-01T21:00:00.000Z,GR,Greece,GR,353.0,450.0,,16.0,,False,
2025-11-01T22:00:00.000Z,GR,Greece,GR,356.0,448.0,,18.0,,False,
2025-11-01T23:00:00.000Z,GR,Greece,GR,373.0,464.0,,17.0,,False,
2025-11-02T00:00:00.000Z,GR,Greece,GR,375.0,459.0,,20.0,,False,
2025-11-02T01:00:00.000Z,GR,Greece,GR,383.0,467.0,,20.0,,False,
2025-11-02T02:00:00.000Z,GR,Greece,GR,390.0,476.0,,18.0,,False,
2025-11-02T03:00:00.000Z,GR,Greece,GR,390.0,477.0,,18.0,,False,
2025-11-02T04:00:00.000Z,GR,Greece,GR,377.0,461.0,,21.0,,False,
2025-11-02T05:00:00.000Z,GR,Greece,GR,335.0,421.0,,26.0,,False,
2025-11-02T06:00:00.000Z,GR,Greece,GR,183.0,243.0,,58.0,,False,
2025-11-02T07:00:00.000Z,GR,Greece,GR,127.0,176.0,,71.0,,False,
2025-11-02T08:00:00.000Z,GR,Greece,GR,98.0,142.0,,78.0,,False,
2025-11-02T09:00:00.000Z,GR,Greece,GR,95.0,138.0,,79.0,,False,
2025-11-02T10:00:00.000Z,GR,Greece,GR,97.0,141.0,,78.0,,False,
2025-11-02T11:00:00.000Z,GR,Greece,GR,109.0,154.0,,76.0,,False,
2025-11-02T12:00:00.000Z,GR,Greece,GR,132.0,182.0,,71.0,,False,
2025-11-02T13:00:00.000Z,GR,Greece,GR,191.0,255.0,,56.0,,False,
2025-11-02T14:00:00.000Z,GR,Greece,GR,298.0,378.0,,31.0,,False,
2025-11-02T15:00:00.000Z,GR,Greece,GR,346.0,429.0,,22.0,,False,
2025-11-02T16:00:00.000Z,GR,Greece,GR,330.0,409.0,,26.0,,False,
2025-11-02T17:00:00.000Z,GR,Greece,GR,331.0,409.0,,26.0,,False,
2025-11-02T18:00:00.000Z,GR,Greece,GR,336.0,413.0,,25.0,,False,
2025-11-02T19:00:00.000Z,GR,Greece,GR,345.0,424.0,,23.0,,False,
2025-11-02T20:00:00.000Z,GR,Greece,GR,356.0,440.0,,21.0,,False,
2025-11-02T21:00:00.000Z,GR,Greece,GR,366.0,454.0,,18.0,,False,
2025-11-02T22:00:00.000Z,GR,Greece,GR,370.0,458.0,,18.0,,False,
2025-11-02T23:00:00.000Z,GR,Greece,GR,380.0,474.0,,15.0,,False,
2025-11-03T00:00:00.000Z,GR,Greece,GR,395.0,488.0,,13.0,,False,
2025-11-03T01:00:00.000Z,GR,Greece,GR,398.0,494.0,,12.0,,False,
2025-11-03T02:00:00.000Z,GR,Greece,GR,392.0,485.0,,15.0,,False,
2025-11-03T03:00:00.000Z,GR,Greece,GR,398.0,492.0,,13.0,,False,
2025-11-03T04:00:00.000Z,GR,Greece,GR,366.0,463.0,,16.0,,False,
2025-11-03T05:00:00.000Z,GR,Greece,GR,313.0,404.0,,26.0,,False,
2025-11-03T06:00:00.000Z,GR,Greece,GR,224.0,298.0,,46.0,,False,
2025-11-03T07:00:00.000Z,GR,Greece,GR,172.0,234.0,,58.0,,False,
2025-11-03T08:00:00.000Z,GR,Greece,GR,127.0,179.0,,70.0,,False,
2025-11-03T09:00:00.000Z,GR,Greece,GR,120.0,170.0,,72.0,,False,
2025-11-03T10:00:00.000Z,GR,Greece,GR,138.0,193.0,,67.0,,False,
2025-11-03T11:00:00.000Z,GR,Greece,GR,164.0,225.0,,61.0,,False,
2025-11-03T12:00:00.000Z,GR,Greece,GR,208.0,278.0,,49.0,,False,
2025-11-03T13:00:00.000Z,GR,Greece,GR,248.0,328.0,,39.0,,False,
2025-11-03T14:00:00.000Z,GR,Greece,GR,277.0,360.0,,32.0,,False,
2025-11-03T15:00:00.000Z,GR,Greece,GR,297.0,382.0,,28.0,,False,
2025-11-03T16:00:00.000Z,GR,Greece,GR,287.0,369.0,,30.0,,False,
2025-11-03T17:00:00.000Z,GR,Greece,GR,285.0,363.0,,32.0,,False,
2025-11-03T18:00:00.000Z,GR,Greece,GR,297.0,376.0,,30.0,,False,
2025-11-03T19:00:00.000Z,GR,Greece,GR,303.0,384.0,,28.0,,False,
2025-11-03T20:00:00.000Z,GR,Greece,GR,300.0,382.0,,28.0,,False,
2025-11-03T21:00:00.000Z,GR,Greece,GR,301.0,388.0,,27.0,,False,
2025-11-03T22:00:00.000Z,GR,Greece,GR,294.0,382.0,,29.0,,False,
2025-11-03T23:00:00.000Z,GR,Greece,GR,332.0,424.0,,22.0,,False,
2025-11-04T00:00:00.000Z,GR,Greece,GR,360.0,448.0,,20.0,,False,
2025-11-04T01:00:00.000Z,GR,Greece,GR,369.0,454.0,,21.0,,False,
2025-11-04T02:00:00.000Z,GR,Greece,GR,382.0,469.0,,18.0,,False,
2025-11-04T03:00:00.000Z,GR,Greece,GR,385.0,474.0,,17.0,,False,
2025-11-04T04:00:00.000Z,GR,Greece,GR,360.0,452.0,,19.0,,False,
2025-11-04T05:00:00.000Z,GR,Greece,GR,331.0,421.0,,24.0,,False,
2025-11-04T06:00:00.000Z,GR,Greece,GR,299.0,382.0,,31.0,,False,
2025-11-04T07:00:00.000Z,GR,Greece,GR,261.0,338.0,,39.0,,False,
2025-11-04T08:00:00.000Z,GR,Greece,GR,232.0,305.0,,45.0,,False,
2025-11-04T09:00:00.000Z,GR,Greece,GR,212.0,281.0,,50.0,,False,
2025-11-04T10:00:00.000Z,GR,Greece,GR,208.0,277.0,,51.0,,False,
2025-11-04T11:00:00.000Z,GR,Greece,GR,229.0,304.0,,45.0,,False,
2025-11-04T12:00:00.000Z,GR,Greece,GR,254.0,333.0,,39.0,,False,
2025-11-04T13:00:00.000Z,GR,Greece,GR,267.0,348.0,,36.0,,False,
2025-11-04T14:00:00.000Z,GR,Greece,GR,295.0,382.0,,29.0,,False,
2025-11-04T15:00:00.000Z,GR,Greece,GR,302.0,386.0,,29.0,,False,
2025-11-04T16:00:00.000Z,GR,Greece,GR,303.0,385.0,,30.0,,False,
2025-11-04T17:00:00.000Z,GR,Greece,GR,306.0,385.0,,29.0,,False,
2025-11-04T18:00:00.000Z,GR,Greece,GR,302.0,380.0,,30.0,,False,
2025-11-04T19:00:00.000Z,GR,Greece,GR,304.0,387.0,,27.0,,False,
2025-11-04T20:00:00.000Z,GR,Greece,GR,293.0,376.0,,29.0,,False,
2025-11-04T21:00:00.000Z,GR,Greece,GR,278.0,360.0,,33.0,,False,
2025-11-04T22:00:00.000Z,GR,Greece,GR,278.0,357.0,,34.0,,False,
2025-11-04T23:00:00.000Z,GR,Greece,GR,275.0,352.0,,36.0,,False,
2025-11-05T00:00:00.000Z,GR,Greece,GR,261.0,333.0,,40.0,,False,
2025-11-05T01:00:00.000Z,GR,Greece,GR,271.0,347.0,,37.0,,False,
2025-11-05T02:00:00.000Z,GR,Greece,GR,260.0,332.0,,40.0,,False,
2025-11-05T03:00:00.000Z,GR,Greece,GR,252.0,326.0,,40.0,,False,
2025-11-05T04:00:00.000Z,GR,Greece,GR,244.0,316.0,,42.0,,False,
2025-11-05T05:00:00.000Z,GR,Greece,GR,240.0,313.0,,42.0,,False,
2025-11-05T06:00:00.000Z,GR,Greece,GR,220.0,289.0,,47.0,,False,
2025-11-05T07:00:00.000Z,GR,Greece,GR,202.0,267.0,,51.0,,False,
2025-11-05T08:00:00.000Z,GR,Greece,GR,198.0,263.0,,52.0,,False,
2025-11-05T09:00:00.000Z,GR,Greece,GR,191.0,256.0,,54.0,,False,
2025-11-05T10:00:00.000Z,GR,Greece,GR,190.0,254.0,,54.0,,False,
2025-11-05T11:00:00.000Z,GR,Greece,GR,179.0,241.0,,57.0,,False,
2025-11-05T12:00:00.000Z,GR,Greece,GR,192.0,257.0,,54.0,,False,
2025-11-05T13:00:00.000Z,GR,Greece,GR,216.0,286.0,,48.0,,False,
2025-11-05T14:00:00.000Z,GR,Greece,GR,243.0,318.0,,41.0,,False,
2025-11-05T15:00:00.000Z,GR,Greece,GR,238.0,309.0,,42.0,,False,
2025-11-05T16:00:00.000Z,GR,Greece,GR,227.0,292.0,,45.0,,False,
2025-11-05T17:00:00.000Z,GR,Greece,GR,225.0,288.0,,46.0,,False,
2025-11-05T18:00:00.000Z,GR,Greece,GR,234.0,303.0,,43.0,,False,
2025-11-05T19:00:00.000Z,GR,Greece,GR,235.0,305.0,,43.0,,False,
2025-11-05T20:00:00.000Z,GR,Greece,GR,234.0,305.0,,43.0,,False,
2025-11-05T21:00:00.000Z,GR,Greece,GR,232.0,302.0,,44.0,,False,
2025-11-05T22:00:00.000Z,GR,Greece,GR,222.0,291.0,,46.0,,False,
2025-11-05T23:00:00.000Z,GR,Greece,GR,218.0,286.0,,47.0,,False,
2025-11-06T00:00:00.000Z,GR,Greece,GR,213.0,279.0,,48.0,,False,
2025-11-06T01:00:00.000Z,GR,Greece,GR,213.0,279.0,,48.0,,False,
2025-11-06T02:00:00.000Z,GR,Greece,GR,216.0,283.0,,48.0,,False,
2025-11-06T03:00:00.000Z,GR,Greece,GR,217.0,284.0,,47.0,,False,
2025-11-06T04:00:00.000Z,GR,Greece,GR,210.0,275.0,,49.0,,False,
2025-11-06T05:00:00.000Z,GR,Greece,GR,218.0,283.0,,48.0,,False,
2025-11-06T06:00:00.000Z,GR,Greece,GR,204.0,267.0,,51.0,,False,
2025-11-06T07:00:00.000Z,GR,Greece,GR,182.0,241.0,,56.0,,False,
2025-11-06T08:00:00.000Z,GR,Greece,GR,167.0,225.0,,60.0,,False,
2025-11-06T09:00:00.000Z,GR,Greece,GR,160.0,217.0,,62.0,,False,
2025-11-06T10:00:00.000Z,GR,Greece,GR,166.0,224.0,,60.0,,False,
2025-11-06T11:00:00.000Z,GR,Greece,GR,177.0,238.0,,57.0,,False,
2025-11-06T12:00:00.000Z,GR,Greece,GR,191.0,255.0,,54.0,,False,
2025-11-06T13:00:00.000Z,GR,Greece,GR,215.0,284.0,,48.0,,False,
2025-11-06T14:00:00.000Z,GR,Greece,GR,241.0,316.0,,41.0,,False,
2025-11-06T15:00:00.000Z,GR,Greece,GR,257.0,334.0,,37.0,,False,
2025-11-06T16:00:00.000Z,GR,Greece,GR,254.0,328.0,,39.0,,False,
2025-11-06T17:00:00.000Z,GR,Greece,GR,256.0,329.0,,38.0,,False,
2025-11-06T18:00:00.000Z,GR,Greece,GR,264.0,338.0,,36.0,,False,
2025-11-06T19:00:00.000Z,GR,Greece,GR,274.0,353.0,,34.0,,False,
2025-11-06T20:00:00.000Z,GR,Greece,GR,283.0,366.0,,31.0,,False,
2025-11-06T21:00:00.000Z,GR,Greece,GR,289.0,373.0,,30.0,,False,
2025-11-06T22:00:00.000Z,GR,Greece,GR,294.0,376.0,,30.0,,False,
2025-11-06T23:00:00.000Z,GR,Greece,GR,307.0,389.0,,29.0,,False,
2025-11-07T00:00:00.000Z,GR,Greece,GR,307.0,390.0,,28.0,,False,
2025-11-07T01:00:00.000Z,GR,Greece,GR,311.0,396.0,,27.0,,False,
2025-11-07T02:00:00.000Z,GR,Greece,GR,316.0,401.0,,27.0,,False,
2025-11-07T03:00:00.000Z,GR,Greece,GR,327.0,415.0,,24.0,,False,
2025-11-07T04:00:00.000Z,GR,Greece,GR,330.0,417.0,,24.0,,False,
2025-11-07T05:00:00.000Z,GR,Greece,GR,326.0,417.0,,23.0,,False,
2025-11-07T06:00:00.000Z,GR,Greece,GR,281.0,365.0,,32.0,,False,
2025-11-07T07:00:00.000Z,GR,Greece,GR,223.0,296.0,,46.0,,False,
2025-11-07T08:00:00.000Z,GR,Greece,GR,189.0,255.0,,55.0,,False,
2025-11-07T09:00:00.000Z,GR,Greece,GR,181.0,245.0,,57.0,,False,
2025-11-07T10:00:00.000Z,GR,Greece,GR,173.0,236.0,,59.0,,False,
2025-11-07T11:00:00.000Z,GR,Greece,GR,171.0,233.0,,59.0,,False,
2025-11-07T12:00:00.000Z,GR,Greece,GR,194.0,261.0,,53.0,,False,
2025-11-07T13:00:00.000Z,GR,Greece,GR,234.0,312.0,,43.0,,False,
2025-11-07T14:00:00.000Z,GR,Greece,GR,310.0,402.0,,24.0,,False,
2025-11-07T15:00:00.000Z,GR,Greece,GR,341.0,435.0,,19.0,,False,
2025-11-07T16:00:00.000Z,GR,Greece,GR,327.0,413.0,,23.0,,False,
2025-11-07T17:00:00.000Z,GR,Greece,GR,321.0,407.0,,24.0,,False,
2025-11-07T18:00:00.000Z,GR,Greece,GR,320.0,405.0,,24.0,,False,
2025-11-07T19:00:00.000Z,GR,Greece,GR,316.0,401.0,,25.0,,False,
2025-11-07T20:00:00.000Z,GR,Greece,GR,320.0,409.0,,24.0,,False,
2025-11-07T21:00:00.000Z,GR,Greece,GR,331.0,421.0,,22.0,,False,
2025-11-07T22:00:00.000Z,GR,Greece,GR,326.0,411.0,,25.0,,False,
2025-11-07T23:00:00.000Z,GR,Greece,GR,322.0,407.0,,26.0,,False,
2025-11-08T00:00:00.000Z,GR,Greece,GR,323.0,400.0,,29.0,,False,
2025-11-08T01:00:00.000Z,GR,Greece,GR,307.0,384.0,,32.0,,False,
2025-11-08T02:00:00.000Z,GR,Greece,GR,289.0,362.0,,36.0,,False,
2025-11-08T03:00:00.000Z,GR,Greece,GR,270.0,339.0,,40.0,,False,
2025-11-08T04:00:00.000Z,GR,Greece,GR,226.0,288.0,,49.0,,False,
2025-11-08T05:00:00.000Z,GR,Greece,GR,191.0,242.0,,58.0,,False,
2025-11-08T06:00:00.000Z,GR,Greece,GR,168.0,220.0,,60.0,,False,
2025-11-08T07:00:00.000Z,GR,Greece,GR,153.0,209.0,,61.0,,False,
2025-11-08T08:00:00.000Z,GR,Greece,GR,143.0,198.0,,63.0,,False,
2025-11-08T09:00:00.000Z,GR,Greece,GR,117.0,166.0,,70.0,,False,
2025-11-08T10:00:00.000Z,GR,Greece,GR,129.0,180.0,,67.0,,False,
2025-11-08T11:00:00.000Z,GR,Greece,GR,130.0,180.0,,68.0,,False,
2025-11-08T12:00:00.000Z,GR,Greece,GR,146.0,199.0,,65.0,,False,
2025-11-08T13:00:00.000Z,GR,Greece,GR,159.0,214.0,,62.0,,False,
2025-11-08T14:00:00.000Z,GR,Greece,GR,200.0,263.0,,52.0,,False,
2025-11-08T15:00:00.000Z,GR,Greece,GR,231.0,299.0,,45.0,,False,
2025-11-08T16:00:00.000Z,GR,Greece,GR,240.0,308.0,,44.0,,False,
2025-11-08T17:00:00.000Z,GR,Greece,GR,245.0,314.0,,43.0,,False,
2025-11-08T18:00:00.000Z,GR,Greece,GR,258.0,329.0,,41.0,,False,
2025-11-08T19:00:00.000Z,GR,Greece,GR,258.0,330.0,,40.0,,False,
2025-11-08T20:00:00.000Z,GR,Greece,GR,257.0,325.0,,42.0,,False,
2025-11-08T21:00:00.000Z,GR,Greece,GR,277.0,351.0,,37.0,,False,
2025-11-08T22:00:00.000Z,GR,Greece,GR,269.0,340.0,,39.0,,False,
2025-11-08T23:00:00.000Z,GR,Greece,GR,271.0,345.0,,38.0,,False,
2025-11-09T00:00:00.000Z,GR,Greece,GR,263.0,336.0,,39.0,,False,
2025-11-09T01:00:00.000Z,GR,Greece,GR,262.0,336.0,,39.0,,False,
2025-11-09T02:00:00.000Z,GR,Greece,GR,260.0,334.0,,40.0,,False,
2025-11-09T03:00:00.000Z,GR,Greece,GR,257.0,331.0,,40.0,,False,
2025-11-09T04:00:00.000Z,GR,Greece,GR,255.0,326.0,,41.0,,False,
2025-11-09T05:00:00.000Z,GR,Greece,GR,245.0,313.0,,44.0,,False,
2025-11-09T06:00:00.000Z,GR,Greece,GR,196.0,256.0,,55.0,,False,
2025-11-09T07:00:00.000Z,GR,Greece,GR,152.0,204.0,,65.0,,False,
2025-11-09T08:00:00.000Z,GR,Greece,GR,126.0,174.0,,71.0,,False,
2025-11-09T09:00:00.000Z,GR,Greece,GR,108.0,153.0,,75.0,,False,
2025-11-09T10:00:00.000Z,GR,Greece,GR,107.0,152.0,,75.0,,False,
2025-11-09T11:00:00.000Z,GR,Greece,GR,123.0,171.0,,71.0,,False,
2025-11-09T12:00:00.000Z,GR,Greece,GR,158.0,215.0,,62.0,,False,
2025-11-09T13:00:00.000Z,GR,Greece,GR,175.0,235.0,,58.0,,False,
2025-11-09T14:00:00.000Z,GR,Greece,GR,208.0,272.0,,50.0,,False,
2025-11-09T15:00:00.000Z,GR,Greece,GR,223.0,286.0,,47.0,,False,
2025-11-09T16:00:00.000Z,GR,Greece,GR,219.0,281.0,,48.0,,False,
2025-11-09T17:00:00.000Z,GR,Greece,GR,209.0,267.0,,50.0,,False,
2025-11-09T18:00:00.000Z,GR,Greece,GR,195.0,248.0,,54.0,,False,
2025-11-09T19:00:00.000Z,GR,Greece,GR,198.0,253.0,,53.0,,False,
2025-11-09T20:00:00.000Z,GR,Greece,GR,192.0,250.0,,55.0,,False,
2025-11-09T21:00:00.000Z,GR,Greece,GR,191.0,248.0,,55.0,,False,
2025-11-09T22:00:00.000Z,GR,Greece,GR,188.0,244.0,,57.0,,False,
2025-11-09T23:00:00.000Z,GR,Greece,GR,190.0,249.0,,55.0,,False,
2025-11-10T00:00:00.000Z,GR,Greece,GR,188.0,246.0,,55.0,,False,
2025-11-10T01:00:00.000Z,GR,Greece,GR,200.0,262.0,,52.0,,False,
2025-11-10T02:00:00.000Z,GR,Greece,GR,201.0,263.0,,52.0,,False,
2025-11-10T03:00:00.000Z,GR,Greece,GR,188.0,247.0,,55.0,,False,
2025-11-10T04:00:00.000Z,GR,Greece,GR,184.0,241.0,,57.0,,False,
2025-11-10T05:00:00.000Z,GR,Greece,GR,187.0,246.0,,56.0,,False,
2025-11-10T06:00:00.000Z,GR,Greece,GR,203.0,268.0,,51.0,,False,
2025-11-10T07:00:00.000Z,GR,Greece,GR,181.0,241.0,,57.0,,False,
2025-11-10T08:00:00.000Z,GR,Greece,GR,168.0,226.0,,60.0,,False,
2025-11-10T09:00:00.000Z,GR,Greece,GR,167.0,225.0,,60.0,,False,
2025-11-10T10:00:00.000Z,GR,Greece,GR,177.0,238.0,,57.0,,False,
2025-11-10T11:00:00.000Z,GR,Greece,GR,186.0,248.0,,55.0,,False,
2025-11-10T12:00:00.000Z,GR,Greece,GR,191.0,255.0,,54.0,,False,
2025-11-10T13:00:00.000Z,GR,Greece,GR,216.0,284.0,,48.0,,False,
2025-11-10T14:00:00.000Z,GR,Greece,GR,219.0,285.0,,47.0,,False,
2025-11-10T15:00:00.000Z,GR,Greece,GR,238.0,309.0,,43.0,,False,
2025-11-10T16:00:00.000Z,GR,Greece,GR,227.0,295.0,,46.0,,False,
2025-11-10T17:00:00.000Z,GR,Greece,GR,225.0,290.0,,46.0,,False,
2025-11-10T18:00:00.000Z,GR,Greece,GR,238.0,308.0,,43.0,,False,
2025-11-10T19:00:00.000Z,GR,Greece,GR,238.0,309.0,,43.0,,False,
2025-11-10T20:00:00.000Z,GR,Greece,GR,242.0,313.0,,42.0,,False,
2025-11-10T21:00:00.000Z,GR,Greece,GR,247.0,320.0,,41.0,,False,
2025-11-10T22:00:00.000Z,GR,Greece,GR,252.0,326.0,,40.0,,False,
2025-11-10T23:00:00.000Z,GR,Greece,GR,267.0,343.0,,37.0,,False,
2025-11-11T00:00:00.000Z,GR,Greece,GR,277.0,357.0,,34.0,,False,
2025-11-11T01:00:00.000Z,GR,Greece,GR,270.0,347.0,,36.0,,False,
2025-11-11T02:00:00.000Z,GR,Greece,GR,260.0,336.0,,38.0,,False,
2025-11-11T03:00:00.000Z,GR,Greece,GR,255.0,329.0,,40.0,,False,
2025-11-11T04:00:00.000Z,GR,Greece,GR,240.0,311.0,,43.0,,False,
2025-11-11T05:00:00.000Z,GR,Greece,GR,240.0,313.0,,43.0,,False,
2025-11-11T06:00:00.000Z,GR,Greece,GR,185.0,247.0,,56.0,,False,
2025-11-11T07:00:00.000Z,GR,Greece,GR,127.0,176.0,,71.0,,False,
2025-11-11T08:00:00.000Z,GR,Greece,GR,97.0,140.0,,78.0,,False,
2025-11-11T09:00:00.000Z,GR,Greece,GR,88.0,130.0,,80.0,,False,
2025-11-11T10:00:00.000Z,GR,Greece,GR,91.0,134.0,,79.0,,False,
2025-11-11T11:00:00.000Z,GR,Greece,GR,116.0,165.0,,73.0,,False,
2025-11-11T12:00:00.000Z,GR,Greece,GR,147.0,202.0,,65.0,,False,
2025-11-11T13:00:00.000Z,GR,Greece,GR,185.0,246.0,,56.0,,False,
2025-11-11T14:00:00.000Z,GR,Greece,GR,249.0,320.0,,40.0,,False,
2025-11-11T15:00:00.000Z,GR,Greece,GR,282.0,356.0,,35.0,,False,
2025-11-11T16:00:00.000Z,GR,Greece,GR,280.0,349.0,,37.0,,False,
2025-11-11T17:00:00.000Z,GR,Greece,GR,296.0,372.0,,32.0,,False,
2025-11-11T18:00:00.000Z,GR,Greece,GR,299.0,375.0,,32.0,,False,
2025-11-11T19:00:00.000Z,GR,Greece,GR,314.0,393.0,,28.0,,False,
2025-11-11T20:00:00.000Z,GR,Greece,GR,333.0,423.0,,23.0,,False,
2025-11-11T21:00:00.000Z,GR,Greece,GR,339.0,426.0,,23.0,,False,
2025-11-11T22:00:00.000Z,GR,Greece,GR,345.0,429.0,,24.0,,False,
2025-11-11T23:00:00.000Z,GR,Greece,GR,353.0,437.0,,22.0,,False,
2025-11-12T00:00:00.000Z,GR,Greece,GR,361.0,449.0,,20.0,,False,
2025-11-12T01:00:00.000Z,GR,Greece,GR,358.0,446.0,,21.0,,False,
2025-11-12T02:00:00.000Z,GR,Greece,GR,342.0,427.0,,24.0,,False,
2025-11-12T03:00:00.000Z,GR,Greece,GR,336.0,420.0,,26.0,,False,
2025-11-12T04:00:00.000Z,GR,Greece,GR,307.0,392.0,,29.0,,False,
2025-11-12T05:00:00.000Z,GR,Greece,GR,283.0,364.0,,34.0,,False,
2025-11-12T06:00:00.000Z,GR,Greece,GR,212.0,280.0,,50.0,,False,
2025-11-12T07:00:00.000Z,GR,Greece,GR,143.0,196.0,,67.0,,False,
2025-11-12T08:00:00.000Z,GR,Greece,GR,112.0,159.0,,74.0,,False,
2025-11-12T09:00:00.000Z,GR,Greece,GR,84.0,125.0,,81.0,,False,
2025-11-12T10:00:00.000Z,GR,Greece,GR,80.0,121.0,,82.0,,False,
2025-11-12T11:00:00.000Z,GR,Greece,GR,98.0,143.0,,77.0,,False,
2025-11-12T12:00:00.000Z,GR,Greece,GR,148.0,205.0,,65.0,,False,
2025-11-12T13:00:00.000Z,GR,Greece,GR,187.0,252.0,,55.0,,False,
2025-11-12T14:00:00.000Z,GR,Greece,GR,268.0,351.0,,34.0,,False,
2025-11-12T15:00:00.000Z,GR,Greece,GR,291.0,375.0,,29.0,,False,
2025-11-12T16:00:00.000Z,GR,Greece,GR,281.0,362.0,,32.0,,False,
2025-11-12T17:00:00.000Z,GR,Greece,GR,284.0,365.0,,32.0,,False,
2025-11-12T18:00:00.000Z,GR,Greece,GR,290.0,370.0,,31.0,,False,
2025-11-12T19:00:00.000Z,GR,Greece,GR,294.0,375.0,,30.0,,False,
2025-11-12T20:00:00.000Z,GR,Greece,GR,310.0,400.0,,26.0,,False,
2025-11-12T21:00:00.000Z,GR,Greece,GR,328.0,421.0,,21.0,,False,
2025-11-12T22:00:00.000Z,GR,Greece,GR,332.0,426.0,,20.0,,False,
2025-11-12T23:00:00.000Z,GR,Greece,GR,332.0,424.0,,22.0,,False,
2025-11-13T00:00:00.000Z,GR,Greece,GR,331.0,420.0,,24.0,,False,
2025-11-13T01:00:00.000Z,GR,Greece,GR,336.0,423.0,,24.0,,False,
2025-11-13T02:00:00.000Z,GR,Greece,GR,334.0,418.0,,25.0,,False,
2025-11-13T03:00:00.000Z,GR,Greece,GR,330.0,415.0,,25.0,,False,
2025-11-13T04:00:00.000Z,GR,Greece,GR,307.0,394.0,,27.0,,False,
2025-11-13T05:00:00.000Z,GR,Greece,GR,292.0,376.0,,31.0,,False,
2025-11-13T06:00:00.000Z,GR,Greece,GR,211.0,279.0,,50.0,,False,
2025-11-13T07:00:00.000Z,GR,Greece,GR,145.0,199.0,,66.0,,False,
2025-11-13T08:00:00.000Z,GR,Greece,GR,109.0,156.0,,75.0,,False,
2025-11-13T09:00:00.000Z,GR,Greece,GR,102.0,147.0,,77.0,,False,
2025-11-13T10:00:00.000Z,GR,Greece,GR,105.0,151.0,,76.0,,False,
2025-11-13T11:00:00.000Z,GR,Greece,GR,119.0,169.0,,72.0,,False,
2025-11-13T12:00:00.000Z,GR,Greece,GR,150.0,207.0,,64.0,,False,
2025-11-13T13:00:00.000Z,GR,Greece,GR,186.0,251.0,,55.0,,False,
2025-11-13T14:00:00.000Z,GR,Greece,GR,275.0,360.0,,33.0,,False,
2025-11-13T15:00:00.000Z,GR,Greece,GR,308.0,394.0,,26.0,,False,
2025-11-13T16:00:00.000Z,GR,Greece,GR,292.0,374.0,,29.0,,False,
2025-11-13T17:00:00.000Z,GR,Greece,GR,300.0,383.0,,28.0,,False,
2025-11-13T18:00:00.000Z,GR,Greece,GR,302.0,386.0,,28.0,,False,
2025-11-13T19:00:00.000Z,GR,Greece,GR,317.0,405.0,,25.0,,False,
2025-11-13T20:00:00.000Z,GR,Greece,GR,334.0,427.0,,21.0,,False,
2025-11-13T21:00:00.000Z,GR,Greece,GR,364.0,463.0,,15.0,,False,
2025-11-13T22:00:00.000Z,GR,Greece,GR,377.0,478.0,,13.0,,False,
2025-11-13T23:00:00.000Z,GR,Greece,GR,385.0,494.0,,8.0,,False,
2025-11-14T00:00:00.000Z,GR,Greece,GR,364.0,465.0,,14.0,,False,
2025-11-14T01:00:00.000Z,GR,Greece,GR,366.0,469.0,,13.0,,False,
2025-11-14T02:00:00.000Z,GR,Greece,GR,356.0,456.0,,15.0,,False,
2025-11-14T03:00:00.000Z,GR,Greece,GR,358.0,458.0,,15.0,,False,
2025-11-14T04:00:00.000Z,GR,Greece,GR,349.0,448.0,,18.0,,False,
2025-11-14T05:00:00.000Z,GR,Greece,GR,333.0,427.0,,22.0,,False,
2025-11-14T06:00:00.000Z,GR,Greece,GR,244.0,321.0,,42.0,,False,
2025-11-14T07:00:00.000Z,GR,Greece,GR,164.0,223.0,,61.0,,False,
2025-11-14T08:00:00.000Z,GR,Greece,GR,118.0,167.0,,73.0,,False,
2025-11-14T09:00:00.000Z,GR,Greece,GR,104.0,150.0,,76.0,,False,
2025-11-14T10:00:00.000Z,GR,Greece,GR,108.0,155.0,,75.0,,False,
2025-11-14T11:00:00.000Z,GR,Greece,GR,118.0,168.0,,73.0,,False,
2025-11-14T12:00:00.000Z,GR,Greece,GR,142.0,198.0,,66.0,,False,
2025-11-14T13:00:00.000Z,GR,Greece,GR,192.0,258.0,,54.0,,False,
2025-11-14T14:00:00.000Z,GR,Greece,GR,285.0,371.0,,31.0,,False,
2025-11-14T15:00:00.000Z,GR,Greece,GR,305.0,393.0,,26.0,,False,
2025-11-14T16:00:00.000Z,GR,Greece,GR,307.0,392.0,,27.0,,False,
2025-11-14T17:00:00.000Z,GR,Greece,GR,331.0,415.0,,25.0,,False,
2025-11-14T18:00:00.000Z,GR,Greece,GR,343.0,426.0,,24.0,,False,
2025-11-14T19:00:00.000Z,GR,Greece,GR,362.0,452.0,,21.0,,False,
2025-11-14T20:00:00.000Z,GR,Greece,GR,376.0,468.0,,19.0,,False,
2025-11-14T21:00:00.000Z,GR,Greece,GR,392.0,489.0,,14.0,,False,
2025-11-14T22:00:00.000Z,GR,Greece,GR,399.0,493.0,,14.0,,False,
2025-11-14T23:00:00.000Z,GR,Greece,GR,410.0,509.0,,12.0,,False,
2025-11-15T00:00:00.000Z,GR,Greece,GR,428.0,519.0,,13.0,,False,
2025-11-15T01:00:00.000Z,GR,Greece,GR,431.0,521.0,,13.0,,False,
2025-11-15T02:00:00.000Z,GR,Greece,GR,421.0,509.0,,15.0,,False,
2025-11-15T03:00:00.000Z,GR,Greece,GR,413.0,503.0,,15.0,,False,
2025-11-15T04:00:00.000Z,GR,Greece,GR,399.0,484.0,,18.0,,False,
2025-11-15T05:00:00.000Z,GR,Greece,GR,378.0,459.0,,22.0,,False,
2025-11-15T06:00:00.000Z,GR,Greece,GR,264.0,333.0,,44.0,,False,
2025-11-15T07:00:00.000Z,GR,Greece,GR,177.0,231.0,,64.0,,False,
2025-11-15T08:00:00.000Z,GR,Greece,GR,135.0,181.0,,73.0,,False,
2025-11-15T09:00:00.000Z,GR,Greece,GR,130.0,174.0,,75.0,,False,
2025-11-15T10:00:00.000Z,GR,Greece,GR,126.0,171.0,,75.0,,False,
2025-11-15T11:00:00.000Z,GR,Greece,GR,133.0,179.0,,74.0,,False,
2025-11-15T12:00:00.000Z,GR,Greece,GR,158.0,209.0,,68.0,,False,
2025-11-15T13:00:00.000Z,GR,Greece,GR,232.0,298.0,,50.0,,False,
2025-11-15T14:00:00.000Z,GR,Greece,GR,338.0,426.0,,24.0,,False,
2025-11-15T15:00:00.000Z,GR,Greece,GR,374.0,466.0,,18.0,,False,
2025-11-15T16:00:00.000Z,GR,Greece,GR,390.0,481.0,,16.0,,False,
2025-11-15T17:00:00.000Z,GR,Greece,GR,371.0,460.0,,19.0,,False,
2025-11-15T18:00:00.000Z,GR,Greece,GR,364.0,454.0,,19.0,,False,
2025-11-15T19:00:00.000Z,GR,Greece,GR,368.0,458.0,,18.0,,False,
2025-11-15T20:00:00.000Z,GR,Greece,GR,363.0,452.0,,20.0,,False,
2025-11-15T21:00:00.000Z,GR,Greece,GR,366.0,456.0,,19.0,,False,
2025-11-15T22:00:00.000Z,GR,Greece,GR,368.0,459.0,,19.0,,False,
2025-11-15T23:00:00.000Z,GR,Greece,GR,385.0,475.0,,18.0,,False,
2025-11-16T00:00:00.000Z,GR,Greece,GR,374.0,460.0,,22.0,,False,
2025-11-16T01:00:00.000Z,GR,Greece,GR,376.0,463.0,,21.0,,False,
2025-11-16T02:00:00.000Z,GR,Greece,GR,380.0,468.0,,20.0,,False,
2025-11-16T03:00:00.000Z,GR,Greece,GR,380.0,469.0,,20.0,,False,
2025-11-16T04:00:00.000Z,GR,Greece,GR,376.0,465.0,,20.0,,False,
2025-11-16T05:00:00.000Z,GR,Greece,GR,374.0,455.0,,26.0,,False,
2025-11-16T06:00:00.000Z,GR,Greece,GR,273.0,342.0,,44.0,,False,
2025-11-16T07:00:00.000Z,GR,Greece,GR,178.0,231.0,,64.0,,False,
2025-11-16T08:00:00.000Z,GR,Greece,GR,132.0,176.0,,75.0,,False,
2025-11-16T09:00:00.000Z,GR,Greece,GR,128.0,172.0,,76.0,,False,
2025-11-16T10:00:00.000Z,GR,Greece,GR,131.0,177.0,,74.0,,False,
2025-11-16T11:00:00.000Z,GR,Greece,GR,142.0,189.0,,72.0,,False,
2025-11-16T12:00:00.000Z,GR,Greece,GR,169.0,221.0,,66.0,,False,
2025-11-16T13:00:00.000Z,GR,Greece,GR,246.0,315.0,,47.0,,False,
2025-11-16T14:00:00.000Z,GR,Greece,GR,333.0,420.0,,26.0,,False,
2025-11-16T15:00:00.000Z,GR,Greece,GR,344.0,428.0,,25.0,,False,
2025-11-16T16:00:00.000Z,GR,Greece,GR,339.0,421.0,,26.0,,False,
2025-11-16T17:00:00.000Z,GR,Greece,GR,338.0,420.0,,26.0,,False,
2025-11-16T18:00:00.000Z,GR,Greece,GR,337.0,416.0,,27.0,,False,
2025-11-16T19:00:00.000Z,GR,Greece,GR,336.0,413.0,,28.0,,False,
2025-11-16T20:00:00.000Z,GR,Greece,GR,333.0,412.0,,29.0,,False,
2025-11-16T21:00:00.000Z,GR,Greece,GR,331.0,410.0,,29.0,,False,
2025-11-16T22:00:00.000Z,GR,Greece,GR,332.0,412.0,,30.0,,False,
2025-11-16T23:00:00.000Z,GR,Greece,GR,340.0,423.0,,27.0,,False,
2025-11-17T00:00:00.000Z,GR,Greece,GR,333.0,415.0,,29.0,,False,
2025-11-17T01:00:00.000Z,GR,Greece,GR,324.0,402.0,,32.0,,False,
2025-11-17T02:00:00.000Z,GR,Greece,GR,316.0,391.0,,34.0,,False,
2025-11-17T03:00:00.000Z,GR,Greece,GR,303.0,375.0,,37.0,,False,
2025-11-17T04:00:00.000Z,GR,Greece,GR,284.0,353.0,,40.0,,False,
2025-11-17T05:00:00.000Z,GR,Greece,GR,272.0,339.0,,42.0,,False,
2025-11-17T06:00:00.000Z,GR,Greece,GR,240.0,303.0,,48.0,,False,
2025-11-17T07:00:00.000Z,GR,Greece,GR,195.0,250.0,,59.0,,False,
2025-11-17T08:00:00.000Z,GR,Greece,GR,166.0,215.0,,66.0,,False,
2025-11-17T09:00:00.000Z,GR,Greece,GR,161.0,208.0,,68.0,,False,
2025-11-17T10:00:00.000Z,GR,Greece,GR,166.0,212.0,,68.0,,False,
2025-11-17T11:00:00.000Z,GR,Greece,GR,168.0,213.0,,68.0,,False,
2025-11-17T12:00:00.000Z,GR,Greece,GR,190.0,239.0,,63.0,,False,
2025-11-17T13:00:00.000Z,GR,Greece,GR,209.0,263.0,,57.0,,False,
2025-11-17T14:00:00.000Z,GR,Greece,GR,203.0,258.0,,56.0,,False,
2025-11-17T15:00:00.000Z,GR,Greece,GR,220.0,279.0,,52.0,,False,
2025-11-17T16:00:00.000Z,GR,Greece,GR,232.0,291.0,,51.0,,False,
2025-11-17T17:00:00.000Z,GR,Greece,GR,232.0,290.0,,51.0,,False,
2025-11-17T18:00:00.000Z,GR,Greece,GR,221.0,278.0,,52.0,,False,
2025-11-17T19:00:00.000Z,GR,Greece,GR,221.0,278.0,,52.0,,False,
2025-11-17T20:00:00.000Z,GR,Greece,GR,227.0,286.0,,51.0,,False,
2025-11-17T21:00:00.000Z,GR,Greece,GR,258.0,322.0,,46.0,,False,
2025-11-17T22:00:00.000Z,GR,Greece,GR,239.0,299.0,,50.0,,False,
2025-11-17T23:00:00.000Z,GR,Greece,GR,233.0,293.0,,51.0,,False,
2025-11-18T00:00:00.000Z,GR,Greece,GR,242.0,304.0,,49.0,,False,
2025-11-18T01:00:00.000Z,GR,Greece,GR,226.0,284.0,,53.0,,False,
2025-11-18T02:00:00.000Z,GR,Greece,GR,213.0,267.0,,56.0,,False,
2025-11-18T03:00:00.000Z,GR,Greece,GR,223.0,280.0,,54.0,,False,
2025-11-18T04:00:00.000Z,GR,Greece,GR,229.0,287.0,,52.0,,False,
2025-11-18T05:00:00.000Z,GR,Greece,GR,233.0,292.0,,50.0,,False,
2025-11-18T06:00:00.000Z,GR,Greece,GR,216.0,274.0,,53.0,,False,
2025-11-18T07:00:00.000Z,GR,Greece,GR,183.0,234.0,,61.0,,False,
2025-11-18T08:00:00.000Z,GR,Greece,GR,159.0,205.0,,68.0,,False,
2025-11-18T09:00:00.000Z,GR,Greece,GR,138.0,181.0,,72.0,,False,
2025-11-18T10:00:00.000Z,GR,Greece,GR,124.0,165.0,,75.0,,False,
2025-11-18T11:00:00.000Z,GR,Greece,GR,135.0,178.0,,72.0,,False,
2025-11-18T12:00:00.000Z,GR,Greece,GR,154.0,200.0,,68.0,,False,
2025-11-18T13:00:00.000Z,GR,Greece,GR,170.0,220.0,,64.0,,False,
2025-11-18T14:00:00.000Z,GR,Greece,GR,208.0,264.0,,54.0,,False,
2025-11-18T15:00:00.000Z,GR,Greece,GR,221.0,280.0,,51.0,,False,
2025-11-18T16:00:00.000Z,GR,Greece,GR,223.0,283.0,,50.0,,False,
2025-11-18T17:00:00.000Z,GR,Greece,GR,228.0,288.0,,49.0,,False,
2025-11-18T18:00:00.000Z,GR,Greece,GR,232.0,292.0,,49.0,,False,
2025-11-18T19:00:00.000Z,GR,Greece,GR,223.0,280.0,,51.0,,False,
2025-11-18T20:00:00.000Z,GR,Greece,GR,229.0,285.0,,50.0,,False,
2025-11-18T21:00:00.000Z,GR,Greece,GR,240.0,301.0,,47.0,,False,
2025-11-18T22:00:00.000Z,GR,Greece,GR,249.0,314.0,,46.0,,False,
2025-11-18T23:00:00.000Z,GR,Greece,GR,252.0,318.0,,45.0,,False,
2025-11-19T00:00:00.000Z,GR,Greece,GR,263.0,331.0,,43.0,,False,
2025-11-19T01:00:00.000Z,GR,Greece,GR,260.0,328.0,,44.0,,False,
2025-11-19T02:00:00.000Z,GR,Greece,GR,252.0,318.0,,45.0,,False,
2025-11-19T03:00:00.000Z,GR,Greece,GR,258.0,325.0,,44.0,,False,
2025-11-19T04:00:00.000Z,GR,Greece,GR,265.0,334.0,,43.0,,False,
2025-11-19T05:00:00.000Z,GR,Greece,GR,273.0,339.0,,43.0,,False,
2025-11-19T06:00:00.000Z,GR,Greece,GR,258.0,320.0,,47.0,,False,
2025-11-19T07:00:00.000Z,GR,Greece,GR,237.0,296.0,,52.0,,False,
2025-11-19T08:00:00.000Z,GR,Greece,GR,225.0,284.0,,53.0,,False,
2025-11-19T09:00:00.000Z,GR,Greece,GR,208.0,267.0,,55.0,,False,
2025-11-19T10:00:00.000Z,GR,Greece,GR,200.0,257.0,,57.0,,False,
2025-11-19T11:00:00.000Z,GR,Greece,GR,208.0,266.0,,56.0,,False,
2025-11-19T12:00:00.000Z,GR,Greece,GR,217.0,278.0,,53.0,,False,
2025-11-19T13:00:00.000Z,GR,Greece,GR,248.0,311.0,,48.0,,False,
2025-11-19T14:00:00.000Z,GR,Greece,GR,252.0,316.0,,46.0,,False,
2025-11-19T15:00:00.000Z,GR,Greece,GR,265.0,334.0,,42.0,,False,
2025-11-19T16:00:00.000Z,GR,Greece,GR,274.0,342.0,,42.0,,False,
2025-11-19T17:00:00.000Z,GR,Greece,GR,277.0,345.0,,41.0,,False,
2025-11-19T18:00:00.000Z,GR,Greece,GR,267.0,332.0,,43.0,,False,
2025-11-19T19:00:00.000Z,GR,Greece,GR,259.0,325.0,,44.0,,False,
2025-11-19T20:00:00.000Z,GR,Greece,GR,263.0,329.0,,42.0,,False,
2025-11-19T21:00:00.000Z,GR,Greece,GR,265.0,331.0,,42.0,,False,
2025-11-19T22:00:00.000Z,GR,Greece,GR,256.0,321.0,,45.0,,False,
2025-11-19T23:00:00.000Z,GR,Greece,GR,260.0,327.0,,44.0,,False,
2025-11-20T00:00:00.000Z,GR,Greece,GR,267.0,335.0,,42.0,,False,
2025-11-20T01:00:00.000Z,GR,Greece,GR,283.0,355.0,,39.0,,False,
2025-11-20T02:00:00.000Z,GR,Greece,GR,280.0,352.0,,39.0,,False,
2025-11-20T03:00:00.000Z,GR,Greece,GR,266.0,335.0,,42.0,,False,
2025-11-20T04:00:00.000Z,GR,Greece,GR,234.0,294.0,,50.0,,False,
2025-11-20T05:00:00.000Z,GR,Greece,GR,234.0,295.0,,50.0,,False,
2025-11-20T06:00:00.000Z,GR,Greece,GR,211.0,268.0,,55.0,,False,
2025-11-20T07:00:00.000Z,GR,Greece,GR,173.0,223.0,,64.0,,False,
2025-11-20T08:00:00.000Z,GR,Greece,GR,119.0,156.0,,78.0,,False,
2025-11-20T09:00:00.000Z,GR,Greece,GR,96.0,130.0,,83.0,,False,
2025-11-20T10:00:00.000Z,GR,Greece,GR,96.0,130.0,,83.0,,False,
2025-11-20T11:00:00.000Z,GR,Greece,GR,105.0,140.0,,80.0,,False,
2025-11-20T12:00:00.000Z,GR,Greece,GR,138.0,178.0,,74.0,,False,
2025-11-20T13:00:00.000Z,GR,Greece,GR,191.0,242.0,,62.0,,False,
2025-11-20T14:00:00.000Z,GR,Greece,GR,229.0,290.0,,50.0,,False,
2025-11-20T15:00:00.000Z,GR,Greece,GR,230.0,292.0,,49.0,,False,
2025-11-20T16:00:00.000Z,GR,Greece,GR,234.0,298.0,,47.0,,False,
2025-11-20T17:00:00.000Z,GR,Greece,GR,235.0,298.0,,47.0,,False,
2025-11-20T18:00:00.000Z,GR,Greece,GR,235.0,297.0,,48.0,,False,
2025-11-20T19:00:00.000Z,GR,Greece,GR,229.0,290.0,,49.0,,False,
2025-11-20T20:00:00.000Z,GR,Greece,GR,216.0,273.0,,53.0,,False,
2025-11-20T21:00:00.000Z,GR,Greece,GR,205.0,259.0,,56.0,,False,
2025-11-20T22:00:00.000Z,GR,Greece,GR,205.0,258.0,,57.0,,False,
2025-11-20T23:00:00.000Z,GR,Greece,GR,194.0,244.0,,60.0,,False,
2025-11-21T00:00:00.000Z,GR,Greece,GR,190.0,238.0,,61.0,,False,
2025-11-21T01:00:00.000Z,GR,Greece,GR,188.0,236.0,,62.0,,False,
2025-11-21T02:00:00.000Z,GR,Greece,GR,183.0,230.0,,63.0,,False,
2025-11-21T03:00:00.000Z,GR,Greece,GR,179.0,225.0,,64.0,,False,
2025-11-21T04:00:00.000Z,GR,Greece,GR,186.0,234.0,,62.0,,False,
2025-11-21T05:00:00.000Z,GR,Greece,GR,192.0,243.0,,60.0,,False,
2025-11-21T06:00:00.000Z,GR,Greece,GR,174.0,222.0,,64.0,,False,
2025-11-21T07:00:00.000Z,GR,Greece,GR,144.0,186.0,,71.0,,False,
2025-11-21T08:00:00.000Z,GR,Greece,GR,113.0,148.0,,79.0,,False,
2025-11-21T09:00:00.000Z,GR,Greece,GR,107.0,140.0,,81.0,,False,
2025-11-21T10:00:00.000Z,GR,Greece,GR,111.0,146.0,,79.0,,False,
2025-11-21T11:00:00.000Z,GR,Greece,GR,112.0,148.0,,79.0,,False,
2025-11-21T12:00:00.000Z,GR,Greece,GR,128.0,167.0,,75.0,,False,
2025-11-21T13:00:00.000Z,GR,Greece,GR,156.0,200.0,,68.0,,False,
2025-11-21T14:00:00.000Z,GR,Greece,GR,186.0,232.0,,60.0,,False,
2025-11-21T15:00:00.000Z,GR,Greece,GR,203.0,254.0,,55.0,,False,
2025-11-21T16:00:00.000Z,GR,Greece,GR,204.0,257.0,,55.0,,False,
2025-11-21T17:00:00.000Z,GR,Greece,GR,213.0,270.0,,52.0,,False,
2025-11-21T18:00:00.000Z,GR,Greece,GR,215.0,274.0,,52.0,,False,
2025-11-21T19:00:00.000Z,GR,Greece,GR,221.0,281.0,,51.0,,False,
2025-11-21T20:00:00.000Z,GR,Greece,GR,235.0,296.0,,50.0,,False,
2025-11-21T21:00:00.000Z,GR,Greece,GR,218.0,275.0,,54.0,,False,
2025-11-21T22:00:00.000Z,GR,Greece,GR,209.0,263.0,,56.0,,False,
2025-11-21T23:00:00.000Z,GR,Greece,GR,199.0,250.0,,59.0,,False,
2025-11-22T00:00:00.000Z,GR,Greece,GR,194.0,243.0,,60.0,,False,
2025-11-22T01:00:00.000Z,GR,Greece,GR,190.0,238.0,,61.0,,False,
2025-11-22T02:00:00.000Z,GR,Greece,GR,186.0,233.0,,63.0,,False,
2025-11-22T03:00:00.000Z,GR,Greece,GR,189.0,236.0,,62.0,,False,
2025-11-22T04:00:00.000Z,GR,Greece,GR,191.0,239.0,,62.0,,False,
2025-11-22T05:00:00.000Z,GR,Greece,GR,200.0,250.0,,60.0,,False,
2025-11-22T06:00:00.000Z,GR,Greece,GR,179.0,228.0,,63.0,,False,
2025-11-22T07:00:00.000Z,GR,Greece,GR,128.0,165.0,,77.0,,False,
2025-11-22T08:00:00.000Z,GR,Greece,GR,114.0,148.0,,80.0,,False,
2025-11-22T09:00:00.000Z,GR,Greece,GR,119.0,153.0,,79.0,,False,
2025-11-22T10:00:00.000Z,GR,Greece,GR,126.0,161.0,,78.0,,False,
2025-11-22T11:00:00.000Z,GR,Greece,GR,140.0,176.0,,76.0,,False,
2025-11-22T12:00:00.000Z,GR,Greece,GR,123.0,159.0,,77.0,,False,
2025-11-22T13:00:00.000Z,GR,Greece,GR,146.0,188.0,,71.0,,False,
2025-11-22T14:00:00.000Z,GR,Greece,GR,191.0,243.0,,59.0,,False,
2025-11-22T15:00:00.000Z,GR,Greece,GR,216.0,274.0,,53.0,,False,
2025-11-22T16:00:00.000Z,GR,Greece,GR,222.0,280.0,,52.0,,False,
2025-11-22T17:00:00.000Z,GR,Greece,GR,216.0,272.0,,53.0,,False,
2025-11-22T18:00:00.000Z,GR,Greece,GR,202.0,253.0,,56.0,,False,
2025-11-22T19:00:00.000Z,GR,Greece,GR,202.0,253.0,,56.0,,False,
2025-11-22T20:00:00.000Z,GR,Greece,GR,212.0,267.0,,54.0,,False,
2025-11-22T21:00:00.000Z,GR,Greece,GR,206.0,260.0,,56.0,,False,
2025-11-22T22:00:00.000Z,GR,Greece,GR,204.0,258.0,,57.0,,False,
2025-11-22T23:00:00.000Z,GR,Greece,GR,193.0,241.0,,61.0,,False,
2025-11-23T00:00:00.000Z,GR,Greece,GR,177.0,227.0,,62.0,,False,
2025-11-23T01:00:00.000Z,GR,Greece,GR,157.0,205.0,,64.0,,False,
2025-11-23T02:00:00.000Z,GR,Greece,GR,145.0,190.0,,67.0,,False,
2025-11-23T03:00:00.000Z,GR,Greece,GR,130.0,171.0,,71.0,,False,
2025-11-23T04:00:00.000Z,GR,Greece,GR,124.0,164.0,,72.0,,False,
2025-11-23T05:00:00.000Z,GR,Greece,GR,130.0,171.0,,71.0,,False,
2025-11-23T06:00:00.000Z,GR,Greece,GR,135.0,180.0,,70.0,,False,
2025-11-23T07:00:00.000Z,GR,Greece,GR,104.0,144.0,,77.0,,False,
2025-11-23T08:00:00.000Z,GR,Greece,GR,91.0,128.0,,80.0,,False,
2025-11-23T09:00:00.000Z,GR,Greece,GR,84.0,120.0,,82.0,,False,
2025-11-23T10:00:00.000Z,GR,Greece,GR,88.0,124.0,,81.0,,False,
2025-11-23T11:00:00.000Z,GR,Greece,GR,103.0,143.0,,78.0,,False,
2025-11-23T12:00:00.000Z,GR,Greece,GR,91.0,128.0,,80.0,,False,
2025-11-23T13:00:00.000Z,GR,Greece,GR,96.0,134.0,,78.0,,False,
2025-11-23T14:00:00.000Z,GR,Greece,GR,142.0,188.0,,67.0,,False,
2025-11-23T15:00:00.000Z,GR,Greece,GR,209.0,268.0,,50.0,,False,
2025-11-23T16:00:00.000Z,GR,Greece,GR,225.0,289.0,,46.0,,False,
2025-11-23T17:00:00.000Z,GR,Greece,GR,214.0,274.0,,49.0,,False,
2025-11-23T18:00:00.000Z,GR,Greece,GR,216.0,276.0,,48.0,,False,
2025-11-23T19:00:00.000Z,GR,Greece,GR,214.0,273.0,,49.0,,False,
2025-11-23T20:00:00.000Z,GR,Greece,GR,216.0,275.0,,49.0,,False,
2025-11-23T21:00:00.000Z,GR,Greece,GR,217.0,278.0,,49.0,,False,
2025-11-23T22:00:00.000Z,GR,Greece,GR,213.0,274.0,,51.0,,False,
2025-11-23T23:00:00.000Z,GR,Greece,GR,208.0,268.0,,53.0,,False,
2025-11-24T00:00:00.000Z,GR,Greece,GR,204.0,262.0,,54.0,,False,
2025-11-24T01:00:00.000Z,GR,Greece,GR,218.0,280.0,,50.0,,False,
2025-11-24T02:00:00.000Z,GR,Greece,GR,223.0,287.0,,49.0,,False,
2025-11-24T03:00:00.000Z,GR,Greece,GR,232.0,297.0,,47.0,,False,
2025-11-24T04:00:00.000Z,GR,Greece,GR,248.0,320.0,,42.0,,False,
2025-11-24T05:00:00.000Z,GR,Greece,GR,251.0,325.0,,40.0,,False,
2025-11-24T06:00:00.000Z,GR,Greece,GR,203.0,267.0,,52.0,,False,
2025-11-24T07:00:00.000Z,GR,Greece,GR,113.0,158.0,,74.0,,False,
2025-11-24T08:00:00.000Z,GR,Greece,GR,71.0,108.0,,84.0,,False,
2025-11-24T09:00:00.000Z,GR,Greece,GR,66.0,102.0,,86.0,,False,
2025-11-24T10:00:00.000Z,GR,Greece,GR,106.0,143.0,,81.0,,False,
2025-11-24T11:00:00.000Z,GR,Greece,GR,89.0,126.0,,82.0,,False,
2025-11-24T12:00:00.000Z,GR,Greece,GR,89.0,128.0,,81.0,,False,
2025-11-24T13:00:00.000Z,GR,Greece,GR,148.0,201.0,,66.0,,False,
2025-11-24T14:00:00.000Z,GR,Greece,GR,246.0,321.0,,40.0,,False,
2025-11-24T15:00:00.000Z,GR,Greece,GR,268.0,347.0,,35.0,,False,
2025-11-24T16:00:00.000Z,GR,Greece,GR,280.0,360.0,,33.0,,False,
2025-11-24T17:00:00.000Z,GR,Greece,GR,280.0,358.0,,33.0,,False,
2025-11-24T18:00:00.000Z,GR,Greece,GR,276.0,353.0,,34.0,,False,
2025-11-24T19:00:00.000Z,GR,Greece,GR,279.0,358.0,,33.0,,False,
2025-11-24T20:00:00.000Z,GR,Greece,GR,283.0,367.0,,32.0,,False,
2025-11-24T21:00:00.000Z,GR,Greece,GR,271.0,351.0,,35.0,,False,
2025-11-24T22:00:00.000Z,GR,Greece,GR,258.0,335.0,,38.0,,False,
2025-11-24T23:00:00.000Z,GR,Greece,GR,270.0,350.0,,35.0,,False,
2025-11-25T00:00:00.000Z,GR,Greece,GR,275.0,356.0,,34.0,,False,
2025-11-25T01:00:00.000Z,GR,Greece,GR,270.0,350.0,,35.0,,False,
2025-11-25T02:00:00.000Z,GR,Greece,GR,261.0,338.0,,37.0,,False,
2025-11-25T03:00:00.000Z,GR,Greece,GR,254.0,330.0,,39.0,,False,
2025-11-25T04:00:00.000Z,GR,Greece,GR,235.0,305.0,,44.0,,False,
2025-11-25T05:00:00.000Z,GR,Greece,GR,240.0,311.0,,43.0,,False,
2025-11-25T06:00:00.000Z,GR,Greece,GR,212.0,277.0,,50.0,,False,
2025-11-25T07:00:00.000Z,GR,Greece,GR,179.0,239.0,,58.0,,False,
2025-11-25T08:00:00.000Z,GR,Greece,GR,175.0,234.0,,58.0,,False,
2025-11-25T09:00:00.000Z,GR,Greece,GR,161.0,215.0,,63.0,,False,
2025-11-25T10:00:00.000Z,GR,Greece,GR,161.0,215.0,,63.0,,False,
2025-11-25T11:00:00.000Z,GR,Greece,GR,170.0,227.0,,60.0,,False,
2025-11-25T12:00:00.000Z,GR,Greece,GR,187.0,247.0,,56.0,,False,
2025-11-25T13:00:00.000Z,GR,Greece,GR,205.0,269.0,,52.0,,False,
2025-11-25T14:00:00.000Z,GR,Greece,GR,226.0,295.0,,45.0,,False,
2025-11-25T15:00:00.000Z,GR,Greece,GR,229.0,296.0,,45.0,,False,
2025-11-25T16:00:00.000Z,GR,Greece,GR,225.0,291.0,,46.0,,False,
2025-11-25T17:00:00.000Z,GR,Greece,GR,216.0,279.0,,48.0,,False,
2025-11-25T18:00:00.000Z,GR,Greece,GR,213.0,275.0,,49.0,,False,
2025-11-25T19:00:00.000Z,GR,Greece,GR,210.0,273.0,,49.0,,False,
2025-11-25T20:00:00.000Z,GR,Greece,GR,209.0,271.0,,50.0,,False,
2025-11-25T21:00:00.000Z,GR,Greece,GR,197.0,255.0,,53.0,,False,
2025-11-25T22:00:00.000Z,GR,Greece,GR,167.0,218.0,,61.0,,False,
2025-11-25T23:00:00.000Z,GR,Greece,GR,156.0,205.0,,64.0,,False,
2025-11-26T00:00:00.000Z,GR,Greece,GR,143.0,189.0,,67.0,,False,
2025-11-26T01:00:00.000Z,GR,Greece,GR,147.0,194.0,,66.0,,False,
2025-11-26T02:00:00.000Z,GR,Greece,GR,151.0,199.0,,65.0,,False,
2025-11-26T03:00:00.000Z,GR,Greece,GR,159.0,210.0,,63.0,,False,
2025-11-26T04:00:00.000Z,GR,Greece,GR,165.0,215.0,,61.0,,False,
2025-11-26T05:00:00.000Z,GR,Greece,GR,175.0,228.0,,58.0,,False,
2025-11-26T06:00:00.000Z,GR,Greece,GR,120.0,160.0,,73.0,,False,
2025-11-26T07:00:00.000Z,GR,Greece,GR,87.0,122.0,,81.0,,False,
2025-11-26T08:00:00.000Z,GR,Greece,GR,79.0,114.0,,83.0,,False,
2025-11-26T09:00:00.000Z,GR,Greece,GR,80.0,114.0,,83.0,,False,
2025-11-26T10:00:00.000Z,GR,Greece,GR,76.0,109.0,,84.0,,False,
2025-11-26T11:00:00.000Z,GR,Greece,GR,85.0,119.0,,82.0,,False,
2025-11-26T12:00:00.000Z,GR,Greece,GR,110.0,151.0,,75.0,,False,
2025-11-26T13:00:00.000Z,GR,Greece,GR,141.0,189.0,,67.0,,False,
2025-11-26T14:00:00.000Z,GR,Greece,GR,189.0,246.0,,54.0,,False,
2025-11-26T15:00:00.000Z,GR,Greece,GR,191.0,247.0,,54.0,,False,
2025-11-26T16:00:00.000Z,GR,Greece,GR,190.0,245.0,,54.0,,False,
2025-11-26T17:00:00.000Z,GR,Greece,GR,191.0,248.0,,54.0,,False,
2025-11-26T18:00:00.000Z,GR,Greece,GR,194.0,252.0,,53.0,,False,
2025-11-26T19:00:00.000Z,GR,Greece,GR,186.0,242.0,,55.0,,False,
2025-11-26T20:00:00.000Z,GR,Greece,GR,178.0,233.0,,57.0,,False,
2025-11-26T21:00:00.000Z,GR,Greece,GR,171.0,224.0,,60.0,,False,
2025-11-26T22:00:00.000Z,GR,Greece,GR,154.0,203.0,,64.0,,False,
2025-11-26T23:00:00.000Z,GR,Greece,GR,143.0,188.0,,67.0,,False,
2025-11-27T00:00:00.000Z,GR,Greece,GR,137.0,180.0,,69.0,,False,
2025-11-27T01:00:00.000Z,GR,Greece,GR,149.0,196.0,,66.0,,False,
2025-11-27T02:00:00.000Z,GR,Greece,GR,152.0,200.0,,65.0,,False,
2025-11-27T03:00:00.000Z,GR,Greece,GR,133.0,175.0,,70.0,,False,
2025-11-27T04:00:00.000Z,GR,Greece,GR,167.0,219.0,,61.0,,False,
2025-11-27T05:00:00.000Z,GR,Greece,GR,188.0,246.0,,55.0,,False,
2025-11-27T06:00:00.000Z,GR,Greece,GR,159.0,209.0,,63.0,,False,
2025-11-27T07:00:00.000Z,GR,Greece,GR,152.0,202.0,,64.0,,False,
2025-11-27T08:00:00.000Z,GR,Greece,GR,140.0,188.0,,67.0,,False,
2025-11-27T09:00:00.000Z,GR,Greece,GR,148.0,198.0,,65.0,,False,
2025-11-27T10:00:00.000Z,GR,Greece,GR,162.0,216.0,,61.0,,False,
2025-11-27T11:00:00.000Z,GR,Greece,GR,173.0,230.0,,59.0,,False,
2025-11-27T12:00:00.000Z,GR,Greece,GR,191.0,251.0,,54.0,,False,
2025-11-27T13:00:00.000Z,GR,Greece,GR,208.0,272.0,,50.0,,False,
2025-11-27T14:00:00.000Z,GR,Greece,GR,219.0,285.0,,47.0,,False,
2025-11-27T15:00:00.000Z,GR,Greece,GR,227.0,294.0,,45.0,,False,
2025-11-27T16:00:00.000Z,GR,Greece,GR,219.0,284.0,,47.0,,False,
2025-11-27T17:00:00.000Z,GR,Greece,GR,213.0,275.0,,48.0,,False,
2025-11-27T18:00:00.000Z,GR,Greece,GR,204.0,265.0,,51.0,,False,
2025-11-27T19:00:00.000Z,GR,Greece,GR,219.0,285.0,,47.0,,False,
2025-11-27T20:00:00.000Z,GR,Greece,GR,236.0,308.0,,43.0,,False,
2025-11-27T21:00:00.000Z,GR,Greece,GR,234.0,305.0,,43.0,,False,
2025-11-27T22:00:00.000Z,GR,Greece,GR,217.0,282.0,,48.0,,False,
2025-11-27T23:00:00.000Z,GR,Greece,GR,232.0,302.0,,45.0,,False,
2025-11-28T00:00:00.000Z,GR,Greece,GR,206.0,267.0,,52.0,,False,
2025-11-28T01:00:00.000Z,GR,Greece,GR,188.0,244.0,,57.0,,False,
2025-11-28T02:00:00.000Z,GR,Greece,GR,194.0,252.0,,55.0,,False,
2025-11-28T03:00:00.000Z,GR,Greece,GR,200.0,259.0,,54.0,,False,
2025-11-28T04:00:00.000Z,GR,Greece,GR,244.0,317.0,,41.0,,False,
2025-11-28T05:00:00.000Z,GR,Greece,GR,252.0,326.0,,39.0,,False,
2025-11-28T06:00:00.000Z,GR,Greece,GR,234.0,303.0,,43.0,,False,
2025-11-28T07:00:00.000Z,GR,Greece,GR,215.0,280.0,,48.0,,False,
2025-11-28T08:00:00.000Z,GR,Greece,GR,200.0,263.0,,51.0,,False,
2025-11-28T09:00:00.000Z,GR,Greece,GR,173.0,232.0,,58.0,,False,
2025-11-28T10:00:00.000Z,GR,Greece,GR,141.0,191.0,,67.0,,False,
2025-11-28T11:00:00.000Z,GR,Greece,GR,165.0,221.0,,60.0,,False,
2025-11-28T12:00:00.000Z,GR,Greece,GR,178.0,238.0,,57.0,,False,
2025-11-28T13:00:00.000Z,GR,Greece,GR,201.0,265.0,,51.0,,False,
2025-11-28T14:00:00.000Z,GR,Greece,GR,233.0,304.0,,43.0,,False,
2025-11-28T15:00:00.000Z,GR,Greece,GR,244.0,317.0,,41.0,,False,
2025-11-28T16:00:00.000Z,GR,Greece,GR,245.0,317.0,,40.0,,False,
2025-11-28T17:00:00.000Z,GR,Greece,GR,239.0,310.0,,42.0,,False,
2025-11-28T18:00:00.000Z,GR,Greece,GR,244.0,316.0,,41.0,,False,
2025-11-28T19:00:00.000Z,GR,Greece,GR,249.0,324.0,,40.0,,False,
2025-11-28T20:00:00.000Z,GR,Greece,GR,254.0,330.0,,39.0,,False,
2025-11-28T21:00:00.000Z,GR,Greece,GR,258.0,335.0,,38.0,,False,
2025-11-28T22:00:00.000Z,GR,Greece,GR,243.0,312.0,,44.0,,False,
2025-11-28T23:00:00.000Z,GR,Greece,GR,261.0,333.0,,40.0,,False,
2025-11-29T00:00:00.000Z,GR,Greece,GR,275.0,349.0,,37.0,,False,
2025-11-29T01:00:00.000Z,GR,Greece,GR,284.0,363.0,,34.0,,False,
2025-11-29T02:00:00.000Z,GR,Greece,GR,273.0,348.0,,37.0,,False,
2025-11-29T03:00:00.000Z,GR,Greece,GR,277.0,349.0,,38.0,,False,
2025-11-29T04:00:00.000Z,GR,Greece,GR,278.0,348.0,,39.0,,False,
2025-11-29T05:00:00.000Z,GR,Greece,GR,281.0,347.0,,40.0,,False,
2025-11-29T06:00:00.000Z,GR,Greece,GR,241.0,305.0,,46.0,,False,
2025-11-29T07:00:00.000Z,GR,Greece,GR,196.0,257.0,,54.0,,False,
2025-11-29T08:00:00.000Z,GR,Greece,GR,154.0,209.0,,64.0,,False,
2025-11-29T09:00:00.000Z,GR,Greece,GR,124.0,172.0,,72.0,,False,
2025-11-29T10:00:00.000Z,GR,Greece,GR,140.0,192.0,,67.0,,False,
2025-11-29T11:00:00.000Z,GR,Greece,GR,151.0,206.0,,65.0,,False,
2025-11-29T12:00:00.000Z,GR,Greece,GR,176.0,237.0,,58.0,,False,
2025-11-29T13:00:00.000Z,GR,Greece,GR,227.0,299.0,,46.0,,False,
2025-11-29T14:00:00.000Z,GR,Greece,GR,257.0,334.0,,39.0,,False,
2025-11-29T15:00:00.000Z,GR,Greece,GR,266.0,341.0,,38.0,,False,
2025-11-29T16:00:00.000Z,GR,Greece,GR,272.0,347.0,,38.0,,False,
2025-11-29T17:00:00.000Z,GR,Greece,GR,270.0,343.0,,39.0,,False,
2025-11-29T18:00:00.000Z,GR,Greece,GR,262.0,329.0,,42.0,,False,
2025-11-29T19:00:00.000Z,GR,Greece,GR,257.0,321.0,,44.0,,False,
2025-11-29T20:00:00.000Z,GR,Greece,GR,263.0,331.0,,42.0,,False,
2025-11-29T21:00:00.000Z,GR,Greece,GR,258.0,326.0,,42.0,,False,
2025-11-29T22:00:00.000Z,GR,Greece,GR,253.0,320.0,,44.0,,False,
2025-11-29T23:00:00.000Z,GR,Greece,GR,255.0,322.0,,43.0,,False,
2025-11-30T00:00:00.000Z,GR,Greece,GR,244.0,309.0,,46.0,,False,
2025-11-30T01:00:00.000Z,GR,Greece,GR,249.0,318.0,,44.0,,False,
2025-11-30T02:00:00.000Z,GR,Greece,GR,257.0,328.0,,42.0,,False,
2025-11-30T03:00:00.000Z,GR,Greece,GR,261.0,329.0,,43.0,,False,
2025-11-30T04:00:00.000Z,GR,Greece,GR,267.0,334.0,,42.0,,False,
2025-11-30T05:00:00.000Z,GR,Greece,GR,262.0,330.0,,42.0,,False,
2025-11-30T06:00:00.000Z,GR,Greece,GR,193.0,252.0,,56.0,,False,
2025-11-30T07:00:00.000Z,GR,Greece,GR,146.0,197.0,,67.0,,False,
2025-11-30T08:00:00.000Z,GR,Greece,GR,110.0,154.0,,75.0,,False,
2025-11-30T09:00:00.000Z,GR,Greece,GR,102.0,145.0,,77.0,,False,
2025-11-30T10:00:00.000Z,GR,Greece,GR,104.0,147.0,,77.0,,False,
2025-11-30T11:00:00.000Z,GR,Greece,GR,107.0,151.0,,76.0,,False,
2025-11-30T12:00:00.000Z,GR,Greece,GR,125.0,173.0,,71.0,,False,
2025-11-30T13:00:00.000Z,GR,Greece,GR,164.0,221.0,,61.0,,False,
2025-11-30T14:00:00.000Z,GR,Greece,GR,217.0,281.0,,49.0,,False,
2025-11-30T15:00:00.000Z,GR,Greece,GR,250.0,317.0,,43.0,,False,
2025-11-30T16:00:00.000Z,GR,Greece,GR,258.0,325.0,,41.0,,False,
2025-11-30T17:00:00.000Z,GR,Greece,GR,254.0,324.0,,40.0,,False,
2025-11-30T18:00:00.000Z,GR,Greece,GR,253.0,320.0,,41.0,,False,
2025-11-30T19:00:00.000Z,GR,Greece,GR,259.0,329.0,,40.0,,False,
2025-11-30T20:00:00.000Z,GR,Greece,GR,273.0,348.0,,37.0,,False,
2025-11-30T21:00:00.000Z,GR,Greece,GR,271.0,346.0,,37.0,,False,
2025-11-30T22:00:00.000Z,GR,Greece,GR,259.0,331.0,,40.0,,False,
2025-11-30T23:00:00.000Z,GR,Greece,GR,279.0,354.0,,36.0,,False,
2025-12-01T00:00:00.000Z,GR,Greece,GR,276.0,352.0,,36.0,,False,
2025-12-01T01:00:00.000Z,GR,Greece,GR,277.0,353.0,,36.0,,False,
2025-12-01T02:00:00.000Z,GR,Greece,GR,285.0,363.0,,35.0,,False,
2025-12-01T03:00:00.000Z,GR,Greece,GR,296.0,374.0,,33.0,,False,
2025-12-01T04:00:00.000Z,GR,Greece,GR,292.0,371.0,,33.0,,False,
2025-12-01T05:00:00.000Z,GR,Greece,GR,277.0,357.0,,34.0,,False,
2025-12-01T06:00:00.000Z,GR,Greece,GR,221.0,289.0,,47.0,,False,
2025-12-01T07:00:00.000Z,GR,Greece,GR,171.0,230.0,,59.0,,False,
2025-12-01T08:00:00.000Z,GR,Greece,GR,131.0,183.0,,69.0,,False,
2025-12-01T09:00:00.000Z,GR,Greece,GR,117.0,165.0,,73.0,,False,
2025-12-01T10:00:00.000Z,GR,Greece,GR,113.0,161.0,,74.0,,False,
2025-12-01T11:00:00.000Z,GR,Greece,GR,133.0,185.0,,69.0,,False,
2025-12-01T12:00:00.000Z,GR,Greece,GR,172.0,234.0,,59.0,,False,
2025-12-01T13:00:00.000Z,GR,Greece,GR,238.0,310.0,,46.0,,False,
2025-12-01T14:00:00.000Z,GR,Greece,GR,324.0,411.0,,26.0,,False,
2025-12-01T15:00:00.000Z,GR,Greece,GR,362.0,450.0,,20.0,,False,
2025-12-01T16:00:00.000Z,GR,Greece,GR,362.0,447.0,,21.0,,False,
2025-12-01T17:00:00.000Z,GR,Greece,GR,361.0,446.0,,22.0,,False,
2025-12-01T18:00:00.000Z,GR,Greece,GR,370.0,457.0,,20.0,,False,
2025-12-01T19:00:00.000Z,GR,Greece,GR,374.0,461.0,,20.0,,False,
2025-12-01T20:00:00.000Z,GR,Greece,GR,387.0,479.0,,17.0,,False,
2025-12-01T21:00:00.000Z,GR,Greece,GR,397.0,488.0,,16.0,,False,
2025-12-01T22:00:00.000Z,GR,Greece,GR,396.0,489.0,,15.0,,False,
2025-12-01T23:00:00.000Z,GR,Greece,GR,403.0,494.0,,15.0,,False,
2025-12-02T00:00:00.000Z,GR,Greece,GR,414.0,506.0,,13.0,,False,
2025-12-02T01:00:00.000Z,GR,Greece,GR,417.0,511.0,,12.0,,False,
2025-12-02T02:00:00.000Z,GR,Greece,GR,418.0,515.0,,10.0,,False,
2025-12-02T03:00:00.000Z,GR,Greece,GR,408.0,504.0,,12.0,,False,
2025-12-02T04:00:00.000Z,GR,Greece,GR,374.0,463.0,,20.0,,False,
2025-12-02T05:00:00.000Z,GR,Greece,GR,358.0,449.0,,20.0,,False,
2025-12-02T06:00:00.000Z,GR,Greece,GR,317.0,397.0,,31.0,,False,
2025-12-02T07:00:00.000Z,GR,Greece,GR,250.0,320.0,,45.0,,False,
2025-12-02T08:00:00.000Z,GR,Greece,GR,213.0,277.0,,54.0,,False,
2025-12-02T09:00:00.000Z,GR,Greece,GR,202.0,263.0,,57.0,,False,
2025-12-02T10:00:00.000Z,GR,Greece,GR,205.0,267.0,,56.0,,False,
2025-12-02T11:00:00.000Z,GR,Greece,GR,205.0,267.0,,56.0,,False,
2025-12-02T12:00:00.000Z,GR,Greece,GR,236.0,306.0,,48.0,,False,
2025-12-02T13:00:00.000Z,GR,Greece,GR,292.0,374.0,,34.0,,False,
2025-12-02T14:00:00.000Z,GR,Greece,GR,342.0,433.0,,22.0,,False,
2025-12-02T15:00:00.000Z,GR,Greece,GR,356.0,448.0,,20.0,,False,
2025-12-02T16:00:00.000Z,GR,Greece,GR,342.0,427.0,,23.0,,False,
2025-12-02T17:00:00.000Z,GR,Greece,GR,334.0,418.0,,23.0,,False,
2025-12-02T18:00:00.000Z,GR,Greece,GR,341.0,423.0,,24.0,,False,
2025-12-02T19:00:00.000Z,GR,Greece,GR,349.0,436.0,,21.0,,False,
2025-12-02T20:00:00.000Z,GR,Greece,GR,368.0,459.0,,19.0,,False,
2025-12-02T21:00:00.000Z,GR,Greece,GR,370.0,463.0,,18.0,,False,
2025-12-02T22:00:00.000Z,GR,Greece,GR,373.0,467.0,,17.0,,False,
2025-12-02T23:00:00.000Z,GR,Greece,GR,394.0,493.0,,12.0,,False,
2025-12-03T00:00:00.000Z,GR,Greece,GR,391.0,488.0,,13.0,,False,
2025-12-03T01:00:00.000Z,GR,Greece,GR,381.0,478.0,,15.0,,False,
2025-12-03T02:00:00.000Z,GR,Greece,GR,381.0,478.0,,15.0,,False,
2025-12-03T03:00:00.000Z,GR,Greece,GR,381.0,478.0,,15.0,,False,
2025-12-03T04:00:00.000Z,GR,Greece,GR,364.0,460.0,,18.0,,False,
2025-12-03T05:00:00.000Z,GR,Greece,GR,349.0,441.0,,21.0,,False,
2025-12-03T06:00:00.000Z,GR,Greece,GR,333.0,422.0,,24.0,,False,
2025-12-03T07:00:00.000Z,GR,Greece,GR,326.0,410.0,,28.0,,False,
2025-12-03T08:00:00.000Z,GR,Greece,GR,323.0,405.0,,30.0,,False,
2025-12-03T09:00:00.000Z,GR,Greece,GR,318.0,400.0,,31.0,,False,
2025-12-03T10:00:00.000Z,GR,Greece,GR,314.0,395.0,,31.0,,False,
2025-12-03T11:00:00.000Z,GR,Greece,GR,309.0,388.0,,33.0,,False,
2025-12-03T12:00:00.000Z,GR,Greece,GR,322.0,404.0,,29.0,,False,
2025-12-03T13:00:00.000Z,GR,Greece,GR,327.0,410.0,,28.0,,False,
2025-12-03T14:00:00.000Z,GR,Greece,GR,329.0,412.0,,27.0,,False,
2025-12-03T15:00:00.000Z,GR,Greece,GR,316.0,397.0,,29.0,,False,
2025-12-03T16:00:00.000Z,GR,Greece,GR,307.0,386.0,,31.0,,False,
2025-12-03T17:00:00.000Z,GR,Greece,GR,306.0,383.0,,31.0,,False,
2025-12-03T18:00:00.000Z,GR,Greece,GR,301.0,374.0,,34.0,,False,
2025-12-03T19:00:00.000Z,GR,Greece,GR,313.0,390.0,,31.0,,False,
2025-12-03T20:00:00.000Z,GR,Greece,GR,328.0,408.0,,29.0,,False,
2025-12-03T21:00:00.000Z,GR,Greece,GR,333.0,416.0,,28.0,,False,
2025-12-03T22:00:00.000Z,GR,Greece,GR,333.0,415.0,,28.0,,False,
2025-12-03T23:00:00.000Z,GR,Greece,GR,331.0,413.0,,28.0,,False,
2025-12-04T00:00:00.000Z,GR,Greece,GR,332.0,415.0,,28.0,,False,
2025-12-04T01:00:00.000Z,GR,Greece,GR,326.0,407.0,,29.0,,False,
2025-12-04T02:00:00.000Z,GR,Greece,GR,317.0,396.0,,31.0,,False,
2025-12-04T03:00:00.000Z,GR,Greece,GR,313.0,392.0,,32.0,,False,
2025-12-04T04:00:00.000Z,GR,Greece,GR,308.0,386.0,,33.0,,False,
2025-12-04T05:00:00.000Z,GR,Greece,GR,292.0,365.0,,36.0,,False,
2025-12-04T06:00:00.000Z,GR,Greece,GR,271.0,339.0,,41.0,,False,
2025-12-04T07:00:00.000Z,GR,Greece,GR,264.0,331.0,,42.0,,False,
2025-12-04T08:00:00.000Z,GR,Greece,GR,255.0,321.0,,44.0,,False,
2025-12-04T09:00:00.000Z,GR,Greece,GR,247.0,312.0,,47.0,,False,
2025-12-04T10:00:00.000Z,GR,Greece,GR,265.0,335.0,,42.0,,False,
2025-12-04T11:00:00.000Z,GR,Greece,GR,277.0,351.0,,39.0,,False,
2025-12-04T12:00:00.000Z,GR,Greece,GR,280.0,353.0,,39.0,,False,
2025-12-04T13:00:00.000Z,GR,Greece,GR,279.0,353.0,,38.0,,False,
2025-12-04T14:00:00.000Z,GR,Greece,GR,289.0,365.0,,36.0,,False,
2025-12-04T15:00:00.000Z,GR,Greece,GR,298.0,374.0,,35.0,,False,
2025-12-04T16:00:00.000Z,GR,Greece,GR,302.0,375.0,,35.0,,False,
2025-12-04T17:00:00.000Z,GR,Greece,GR,282.0,354.0,,37.0,,False,
2025-12-04T18:00:00.000Z,GR,Greece,GR,282.0,353.0,,37.0,,False,
2025-12-04T19:00:00.000Z,GR,Greece,GR,298.0,371.0,,34.0,,False,
2025-12-04T20:00:00.000Z,GR,Greece,GR,309.0,383.0,,32.0,,False,
2025-12-04T21:00:00.000Z,GR,Greece,GR,320.0,394.0,,31.0,,False,
2025-12-04T22:00:00.000Z,GR,Greece,GR,321.0,395.0,,32.0,,False,
2025-12-04T23:00:00.000Z,GR,Greece,GR,327.0,403.0,,31.0,,False,
2025-12-05T00:00:00.000Z,GR,Greece,GR,330.0,406.0,,31.0,,False,
2025-12-05T01:00:00.000Z,GR,Greece,GR,325.0,402.0,,31.0,,False,
2025-12-05T02:00:00.000Z,GR,Greece,GR,308.0,381.0,,36.0,,False,
2025-12-05T03:00:00.000Z,GR,Greece,GR,295.0,364.0,,39.0,,False,
2025-12-05T04:00:00.000Z,GR,Greece,GR,294.0,365.0,,38.0,,False,
2025-12-05T05:00:00.000Z,GR,Greece,GR,303.0,377.0,,36.0,,False,
2025-12-05T06:00:00.000Z,GR,Greece,GR,298.0,374.0,,34.0,,False,
2025-12-05T07:00:00.000Z,GR,Greece,GR,297.0,373.0,,34.0,,False,
2025-12-05T08:00:00.000Z,GR,Greece,GR,298.0,372.0,,35.0,,False,
2025-12-05T09:00:00.000Z,GR,Greece,GR,312.0,390.0,,32.0,,False,
2025-12-05T10:00:00.000Z,GR,Greece,GR,313.0,392.0,,32.0,,False,
2025-12-05T11:00:00.000Z,GR,Greece,GR,311.0,390.0,,32.0,,False,
2025-12-05T12:00:00.000Z,GR,Greece,GR,290.0,366.0,,36.0,,False,
2025-12-05T13:00:00.000Z,GR,Greece,GR,283.0,358.0,,37.0,,False,
2025-12-05T14:00:00.000Z,GR,Greece,GR,274.0,344.0,,39.0,,False,
2025-12-05T15:00:00.000Z,GR,Greece,GR,268.0,334.0,,40.0,,False,
2025-12-05T16:00:00.000Z,GR,Greece,GR,244.0,305.0,,46.0,,False,
2025-12-05T17:00:00.000Z,GR,Greece,GR,240.0,300.0,,47.0,,False,
2025-12-05T18:00:00.000Z,GR,Greece,GR,244.0,304.0,,47.0,,False,
2025-12-05T19:00:00.000Z,GR,Greece,GR,249.0,309.0,,48.0,,False,
2025-12-05T20:00:00.000Z,GR,Greece,GR,243.0,301.0,,49.0,,False,
2025-12-05T21:00:00.000Z,GR,Greece,GR,240.0,300.0,,50.0,,False,
2025-12-05T22:00:00.000Z,GR,Greece,GR,237.0,294.0,,51.0,,False,
2025-12-05T23:00:00.000Z,GR,Greece,GR,227.0,278.0,,56.0,,False,
2025-12-06T00:00:00.000Z,GR,Greece,GR,202.0,251.0,,58.0,,False,
2025-12-06T01:00:00.000Z,GR,Greece,GR,198.0,248.0,,58.0,,False,
2025-12-06T02:00:00.000Z,GR,Greece,GR,218.0,271.0,,54.0,,False,
2025-12-06T03:00:00.000Z,GR,Greece,GR,243.0,301.0,,49.0,,False,
2025-12-06T04:00:00.000Z,GR,Greece,GR,268.0,331.0,,43.0,,False,
2025-12-06T05:00:00.000Z,GR,Greece,GR,283.0,351.0,,38.0,,False,
2025-12-06T06:00:00.000Z,GR,Greece,GR,272.0,345.0,,38.0,,False,
2025-12-06T07:00:00.000Z,GR,Greece,GR,250.0,320.0,,42.0,,False,
2025-12-06T08:00:00.000Z,GR,Greece,GR,227.0,292.0,,48.0,,False,
2025-12-06T09:00:00.000Z,GR,Greece,GR,223.0,291.0,,48.0,,False,
2025-12-06T10:00:00.000Z,GR,Greece,GR,226.0,297.0,,47.0,,False,
2025-12-06T11:00:00.000Z,GR,Greece,GR,237.0,310.0,,45.0,,False,
2025-12-06T12:00:00.000Z,GR,Greece,GR,264.0,344.0,,38.0,,False,
2025-12-06T13:00:00.000Z,GR,Greece,GR,277.0,359.0,,35.0,,False,
2025-12-06T14:00:00.000Z,GR,Greece,GR,308.0,393.0,,28.0,,False,
2025-12-06T15:00:00.000Z,GR,Greece,GR,314.0,397.0,,26.0,,False,
2025-12-06T16:00:00.000Z,GR,Greece,GR,301.0,380.0,,29.0,,False,
2025-12-06T17:00:00.000Z,GR,Greece,GR,299.0,377.0,,29.0,,False,
2025-12-06T18:00:00.000Z,GR,Greece,GR,305.0,383.0,,28.0,,False,
2025-12-06T19:00:00.000Z,GR,Greece,GR,313.0,393.0,,26.0,,False,
2025-12-06T20:00:00.000Z,GR,Greece,GR,325.0,413.0,,24.0,,False,
2025-12-06T21:00:00.000Z,GR,Greece,GR,322.0,409.0,,25.0,,False,
2025-12-06T22:00:00.000Z,GR,Greece,GR,317.0,401.0,,27.0,,False,
2025-12-06T23:00:00.000Z,GR,Greece,GR,303.0,377.0,,33.0,,False,
2025-12-07T00:00:00.000Z,GR,Greece,GR,294.0,363.0,,36.0,,False,
2025-12-07T01:00:00.000Z,GR,Greece,GR,288.0,356.0,,38.0,,False,
2025-12-07T02:00:00.000Z,GR,Greece,GR,280.0,344.0,,41.0,,False,
2025-12-07T03:00:00.000Z,GR,Greece,GR,278.0,344.0,,40.0,,False,
2025-12-07T04:00:00.000Z,GR,Greece,GR,272.0,338.0,,40.0,,False,
2025-12-07T05:00:00.000Z,GR,Greece,GR,285.0,359.0,,35.0,,False,
2025-12-07T06:00:00.000Z,GR,Greece,GR,266.0,342.0,,38.0,,False,
2025-12-07T07:00:00.000Z,GR,Greece,GR,215.0,281.0,,50.0,,False,
2025-12-07T08:00:00.000Z,GR,Greece,GR,188.0,250.0,,56.0,,False,
2025-12-07T09:00:00.000Z,GR,Greece,GR,182.0,243.0,,58.0,,False,
2025-12-07T10:00:00.000Z,GR,Greece,GR,189.0,252.0,,55.0,,False,
2025-12-07T11:00:00.000Z,GR,Greece,GR,203.0,269.0,,52.0,,False,
2025-12-07T12:00:00.000Z,GR,Greece,GR,224.0,294.0,,47.0,,False,
2025-12-07T13:00:00.000Z,GR,Greece,GR,252.0,324.0,,41.0,,False,
2025-12-07T14:00:00.000Z,GR,Greece,GR,281.0,356.0,,34.0,,False,
2025-12-07T15:00:00.000Z,GR,Greece,GR,293.0,369.0,,31.0,,False,
2025-12-07T16:00:00.000Z,GR,Greece,GR,292.0,369.0,,31.0,,False,
2025-12-07T17:00:00.000Z,GR,Greece,GR,290.0,366.0,,31.0,,False,
2025-12-07T18:00:00.000Z,GR,Greece,GR,297.0,374.0,,30.0,,False,
2025-12-07T19:00:00.000Z,GR,Greece,GR,304.0,386.0,,28.0,,False,
2025-12-07T20:00:00.000Z,GR,Greece,GR,316.0,400.0,,25.0,,False,
2025-12-07T21:00:00.000Z,GR,Greece,GR,318.0,404.0,,25.0,,False,
2025-12-07T22:00:00.000Z,GR,Greece,GR,323.0,409.0,,25.0,,False,
2025-12-07T23:00:00.000Z,GR,Greece,GR,310.0,383.0,,31.0,,False,
2025-12-08T00:00:00.000Z,GR,Greece,GR,300.0,367.0,,36.0,,False,
2025-12-08T01:00:00.000Z,GR,Greece,GR,291.0,355.0,,39.0,,False,
2025-12-08T02:00:00.000Z,GR,Greece,GR,284.0,349.0,,40.0,,False,
2025-12-08T03:00:00.000Z,GR,Greece,GR,274.0,336.0,,42.0,,False,
2025-12-08T04:00:00.000Z,GR,Greece,GR,264.0,328.0,,43.0,,False,
2025-12-08T05:00:00.000Z,GR,Greece,GR,256.0,329.0,,40.0,,False,
2025-12-08T06:00:00.000Z,GR,Greece,GR,240.0,311.0,,43.0,,False,
2025-12-08T07:00:00.000Z,GR,Greece,GR,208.0,273.0,,51.0,,False,
2025-12-08T08:00:00.000Z,GR,Greece,GR,177.0,236.0,,59.0,,False,
2025-12-08T09:00:00.000Z,GR,Greece,GR,152.0,204.0,,65.0,,False,
2025-12-08T10:00:00.000Z,GR,Greece,GR,140.0,189.0,,68.0,,False,
2025-12-08T11:00:00.000Z,GR,Greece,GR,127.0,173.0,,72.0,,False,
2025-12-08T12:00:00.000Z,GR,Greece,GR,163.0,218.0,,62.0,,False,
2025-12-08T13:00:00.000Z,GR,Greece,GR,207.0,272.0,,51.0,,False,
2025-12-08T14:00:00.000Z,GR,Greece,GR,241.0,313.0,,42.0,,False,
2025-12-08T15:00:00.000Z,GR,Greece,GR,238.0,307.0,,43.0,,False,
2025-12-08T16:00:00.000Z,GR,Greece,GR,230.0,296.0,,45.0,,False,
2025-12-08T17:00:00.000Z,GR,Greece,GR,226.0,289.0,,46.0,,False,
2025-12-08T18:00:00.000Z,GR,Greece,GR,232.0,297.0,,44.0,,False,
2025-12-08T19:00:00.000Z,GR,Greece,GR,237.0,303.0,,43.0,,False,
2025-12-08T20:00:00.000Z,GR,Greece,GR,247.0,317.0,,41.0,,False,
2025-12-08T21:00:00.000Z,GR,Greece,GR,241.0,311.0,,43.0,,False,
2025-12-08T22:00:00.000Z,GR,Greece,GR,234.0,302.0,,45.0,,False,
2025-12-08T23:00:00.000Z,GR,Greece,GR,232.0,300.0,,46.0,,False,
2025-12-09T00:00:00.000Z,GR,Greece,GR,233.0,301.0,,46.0,,False,
2025-12-09T01:00:00.000Z,GR,Greece,GR,236.0,304.0,,45.0,,False,
2025-12-09T02:00:00.000Z,GR,Greece,GR,239.0,308.0,,44.0,,False,
2025-12-09T03:00:00.000Z,GR,Greece,GR,249.0,321.0,,42.0,,False,
2025-12-09T04:00:00.000Z,GR,Greece,GR,260.0,336.0,,39.0,,False,
2025-12-09T05:00:00.000Z,GR,Greece,GR,260.0,334.0,,38.0,,False,
2025-12-09T06:00:00.000Z,GR,Greece,GR,242.0,313.0,,43.0,,False,
2025-12-09T07:00:00.000Z,GR,Greece,GR,189.0,250.0,,56.0,,False,
2025-12-09T08:00:00.000Z,GR,Greece,GR,156.0,209.0,,64.0,,False,
2025-12-09T09:00:00.000Z,GR,Greece,GR,142.0,193.0,,68.0,,False,
2025-12-09T10:00:00.000Z,GR,Greece,GR,138.0,189.0,,69.0,,False,
2025-12-09T11:00:00.000Z,GR,Greece,GR,134.0,184.0,,70.0,,False,
2025-12-09T12:00:00.000Z,GR,Greece,GR,153.0,205.0,,67.0,,False,
2025-12-09T13:00:00.000Z,GR,Greece,GR,222.0,282.0,,53.0,,False,
2025-12-09T14:00:00.000Z,GR,Greece,GR,302.0,379.0,,33.0,,False,
2025-12-09T15:00:00.000Z,GR,Greece,GR,324.0,403.0,,29.0,,False,
2025-12-09T16:00:00.000Z,GR,Greece,GR,319.0,396.0,,30.0,,False,
2025-12-09T17:00:00.000Z,GR,Greece,GR,318.0,393.0,,31.0,,False,
2025-12-09T18:00:00.000Z,GR,Greece,GR,322.0,398.0,,30.0,,False,
2025-12-09T19:00:00.000Z,GR,Greece,GR,330.0,407.0,,28.0,,False,
2025-12-09T20:00:00.000Z,GR,Greece,GR,341.0,420.0,,27.0,,False,
2025-12-09T21:00:00.000Z,GR,Greece,GR,346.0,427.0,,26.0,,False,
2025-12-09T22:00:00.000Z,GR,Greece,GR,332.0,412.0,,29.0,,False,
2025-12-09T23:00:00.000Z,GR,Greece,GR,337.0,418.0,,28.0,,False,
2025-12-10T00:00:00.000Z,GR,Greece,GR,335.0,415.0,,30.0,,False,
2025-12-10T01:00:00.000Z,GR,Greece,GR,331.0,407.0,,32.0,,False,
2025-12-10T02:00:00.000Z,GR,Greece,GR,336.0,415.0,,30.0,,False,
2025-12-10T03:00:00.000Z,GR,Greece,GR,341.0,422.0,,28.0,,False,
2025-12-10T04:00:00.000Z,GR,Greece,GR,356.0,436.0,,27.0,,False,
2025-12-10T05:00:00.000Z,GR,Greece,GR,358.0,440.0,,25.0,,False,
2025-12-10T06:00:00.000Z,GR,Greece,GR,330.0,407.0,,30.0,,False,
2025-12-10T07:00:00.000Z,GR,Greece,GR,269.0,338.0,,44.0,,False,
2025-12-10T08:00:00.000Z,GR,Greece,GR,199.0,256.0,,59.0,,False,
2025-12-10T09:00:00.000Z,GR,Greece,GR,177.0,229.0,,65.0,,False,
2025-12-10T10:00:00.000Z,GR,Greece,GR,181.0,235.0,,64.0,,False,
2025-12-10T11:00:00.000Z,GR,Greece,GR,179.0,232.0,,64.0,,False,
2025-12-10T12:00:00.000Z,GR,Greece,GR,206.0,265.0,,57.0,,False,
2025-12-10T13:00:00.000Z,GR,Greece,GR,269.0,342.0,,41.0,,False,
2025-12-10T14:00:00.000Z,GR,Greece,GR,323.0,404.0,,28.0,,False,
2025-12-10T15:00:00.000Z,GR,Greece,GR,346.0,428.0,,24.0,,False,
2025-12-10T16:00:00.000Z,GR,Greece,GR,339.0,419.0,,26.0,,False,
2025-12-10T17:00:00.000Z,GR,Greece,GR,333.0,412.0,,27.0,,False,
2025-12-10T18:00:00.000Z,GR,Greece,GR,345.0,427.0,,25.0,,False,
2025-12-10T19:00:00.000Z,GR,Greece,GR,341.0,426.0,,24.0,,False,
2025-12-10T20:00:00.000Z,GR,Greece,GR,358.0,445.0,,21.0,,False,
2025-12-10T21:00:00.000Z,GR,Greece,GR,361.0,449.0,,21.0,,False,
2025-12-10T22:00:00.000Z,GR,Greece,GR,354.0,443.0,,22.0,,False,
2025-12-10T23:00:00.000Z,GR,Greece,GR,358.0,449.0,,21.0,,False,
2025-12-11T00:00:00.000Z,GR,Greece,GR,351.0,438.0,,23.0,,False,
2025-12-11T01:00:00.000Z,GR,Greece,GR,344.0,429.0,,26.0,,False,
2025-12-11T02:00:00.000Z,GR,Greece,GR,344.0,429.0,,26.0,,False,
2025-12-11T03:00:00.000Z,GR,Greece,GR,349.0,435.0,,25.0,,False,
2025-12-11T04:00:00.000Z,GR,Greece,GR,350.0,434.0,,26.0,,False,
2025-12-11T05:00:00.000Z,GR,Greece,GR,337.0,417.0,,27.0,,False,
2025-12-11T06:00:00.000Z,GR,Greece,GR,297.0,369.0,,36.0,,False,
2025-12-11T07:00:00.000Z,GR,Greece,GR,218.0,274.0,,55.0,,False,
2025-12-11T08:00:00.000Z,GR,Greece,GR,158.0,204.0,,70.0,,False,
2025-12-11T09:00:00.000Z,GR,Greece,GR,142.0,186.0,,74.0,,False,
2025-12-11T10:00:00.000Z,GR,Greece,GR,144.0,188.0,,73.0,,False,
2025-12-11T11:00:00.000Z,GR,Greece,GR,147.0,192.0,,72.0,,False,
2025-12-11T12:00:00.000Z,GR,Greece,GR,167.0,216.0,,68.0,,False,
2025-12-11T13:00:00.000Z,GR,Greece,GR,249.0,316.0,,47.0,,False,
2025-12-11T14:00:00.000Z,GR,Greece,GR,339.0,422.0,,27.0,,False,
2025-12-11T15:00:00.000Z,GR,Greece,GR,350.0,432.0,,24.0,,False,
2025-12-11T16:00:00.000Z,GR,Greece,GR,339.0,419.0,,26.0,,False,
2025-12-11T17:00:00.000Z,GR,Greece,GR,335.0,414.0,,27.0,,False,
2025-12-11T18:00:00.000Z,GR,Greece,GR,337.0,417.0,,27.0,,False,
2025-12-11T19:00:00.000Z,GR,Greece,GR,342.0,421.0,,27.0,,False,
2025-12-11T20:00:00.000Z,GR,Greece,GR,366.0,449.0,,22.0,,False,
2025-12-11T21:00:00.000Z,GR,Greece,GR,378.0,465.0,,20.0,,False,
2025-12-11T22:00:00.000Z,GR,Greece,GR,386.0,477.0,,17.0,,False,
2025-12-11T23:00:00.000Z,GR,Greece,GR,388.0,483.0,,16.0,,False,
2025-12-12T00:00:00.000Z,GR,Greece,GR,391.0,486.0,,15.0,,False,
2025-12-12T01:00:00.000Z,GR,Greece,GR,387.0,482.0,,16.0,,False,
2025-12-12T02:00:00.000Z,GR,Greece,GR,394.0,491.0,,14.0,,False,
2025-12-12T03:00:00.000Z,GR,Greece,GR,401.0,499.0,,13.0,,False,
2025-12-12T04:00:00.000Z,GR,Greece,GR,393.0,491.0,,14.0,,False,
2025-12-12T05:00:00.000Z,GR,Greece,GR,371.0,463.0,,18.0,,False,
2025-12-12T06:00:00.000Z,GR,Greece,GR,329.0,410.0,,28.0,,False,
2025-12-12T07:00:00.000Z,GR,Greece,GR,260.0,329.0,,44.0,,False,
2025-12-12T08:00:00.000Z,GR,Greece,GR,205.0,264.0,,57.0,,False,
2025-12-12T09:00:00.000Z,GR,Greece,GR,171.0,223.0,,66.0,,False,
2025-12-12T10:00:00.000Z,GR,Greece,GR,162.0,212.0,,68.0,,False,
2025-12-12T11:00:00.000Z,GR,Greece,GR,168.0,219.0,,66.0,,False,
2025-12-12T12:00:00.000Z,GR,Greece,GR,188.0,243.0,,62.0,,False,
2025-12-12T13:00:00.000Z,GR,Greece,GR,251.0,320.0,,46.0,,False,
2025-12-12T14:00:00.000Z,GR,Greece,GR,342.0,429.0,,24.0,,False,
2025-12-12T15:00:00.000Z,GR,Greece,GR,364.0,455.0,,18.0,,False,
2025-12-12T16:00:00.000Z,GR,Greece,GR,360.0,450.0,,19.0,,False,
2025-12-12T17:00:00.000Z,GR,Greece,GR,347.0,435.0,,21.0,,False,
2025-12-12T18:00:00.000Z,GR,Greece,GR,346.0,433.0,,21.0,,False,
2025-12-12T19:00:00.000Z,GR,Greece,GR,354.0,442.0,,20.0,,False,
2025-12-12T20:00:00.000Z,GR,Greece,GR,341.0,426.0,,24.0,,False,
2025-12-12T21:00:00.000Z,GR,Greece,GR,321.0,400.0,,30.0,,False,
2025-12-12T22:00:00.000Z,GR,Greece,GR,300.0,374.0,,36.0,,False,
2025-12-12T23:00:00.000Z,GR,Greece,GR,299.0,374.0,,35.0,,False,
2025-12-13T00:00:00.000Z,GR,Greece,GR,285.0,363.0,,35.0,,False,
2025-12-13T01:00:00.000Z,GR,Greece,GR,275.0,352.0,,36.0,,False,
2025-12-13T02:00:00.000Z,GR,Greece,GR,275.0,352.0,,36.0,,False,
2025-12-13T03:00:00.000Z,GR,Greece,GR,282.0,362.0,,34.0,,False,
2025-12-13T04:00:00.000Z,GR,Greece,GR,293.0,375.0,,32.0,,False,
2025-12-13T05:00:00.000Z,GR,Greece,GR,293.0,374.0,,31.0,,False,
2025-12-13T06:00:00.000Z,GR,Greece,GR,267.0,342.0,,37.0,,False,
2025-12-13T07:00:00.000Z,GR,Greece,GR,212.0,277.0,,51.0,,False,
2025-12-13T08:00:00.000Z,GR,Greece,GR,173.0,230.0,,61.0,,False,
2025-12-13T09:00:00.000Z,GR,Greece,GR,163.0,218.0,,63.0,,False,
2025-12-13T10:00:00.000Z,GR,Greece,GR,162.0,218.0,,63.0,,False,
2025-12-13T11:00:00.000Z,GR,Greece,GR,165.0,221.0,,62.0,,False,
2025-12-13T12:00:00.000Z,GR,Greece,GR,192.0,254.0,,55.0,,False,
2025-12-13T13:00:00.000Z,GR,Greece,GR,228.0,295.0,,47.0,,False,
2025-12-13T14:00:00.000Z,GR,Greece,GR,267.0,341.0,,36.0,,False,
2025-12-13T15:00:00.000Z,GR,Greece,GR,279.0,356.0,,33.0,,False,
2025-12-13T16:00:00.000Z,GR,Greece,GR,275.0,350.0,,35.0,,False,
2025-12-13T17:00:00.000Z,GR,Greece,GR,273.0,347.0,,35.0,,False,
2025-12-13T18:00:00.000Z,GR,Greece,GR,279.0,355.0,,34.0,,False,
2025-12-13T19:00:00.000Z,GR,Greece,GR,273.0,346.0,,36.0,,False,
2025-12-13T20:00:00.000Z,GR,Greece,GR,275.0,348.0,,35.0,,False,
2025-12-13T21:00:00.000Z,GR,Greece,GR,289.0,369.0,,32.0,,False,
2025-12-13T22:00:00.000Z,GR,Greece,GR,294.0,376.0,,31.0,,False,
2025-12-13T23:00:00.000Z,GR,Greece,GR,291.0,372.0,,33.0,,False,
2025-12-14T00:00:00.000Z,GR,Greece,GR,288.0,368.0,,33.0,,False,
2025-12-14T01:00:00.000Z,GR,Greece,GR,292.0,373.0,,32.0,,False,
2025-12-14T02:00:00.000Z,GR,Greece,GR,290.0,370.0,,33.0,,False,
2025-12-14T03:00:00.000Z,GR,Greece,GR,295.0,375.0,,33.0,,False,
2025-12-14T04:00:00.000Z,GR,Greece,GR,308.0,390.0,,30.0,,False,
2025-12-14T05:00:00.000Z,GR,Greece,GR,310.0,387.0,,31.0,,False,
2025-12-14T06:00:00.000Z,GR,Greece,GR,275.0,352.0,,37.0,,False,
2025-12-14T07:00:00.000Z,GR,Greece,GR,204.0,267.0,,54.0,,False,
2025-12-14T08:00:00.000Z,GR,Greece,GR,150.0,202.0,,68.0,,False,
2025-12-14T09:00:00.000Z,GR,Greece,GR,120.0,165.0,,75.0,,False,
2025-12-14T10:00:00.000Z,GR,Greece,GR,123.0,170.0,,74.0,,False,
2025-12-14T11:00:00.000Z,GR,Greece,GR,129.0,177.0,,72.0,,False,
2025-12-14T12:00:00.000Z,GR,Greece,GR,153.0,205.0,,67.0,,False,
2025-12-14T13:00:00.000Z,GR,Greece,GR,208.0,268.0,,53.0,,False,
2025-12-14T14:00:00.000Z,GR,Greece,GR,292.0,370.0,,32.0,,False,
2025-12-14T15:00:00.000Z,GR,Greece,GR,308.0,389.0,,28.0,,False,
2025-12-14T16:00:00.000Z,GR,Greece,GR,307.0,384.0,,29.0,,False,
2025-12-14T17:00:00.000Z,GR,Greece,GR,306.0,382.0,,29.0,,False,
2025-12-14T18:00:00.000Z,GR,Greece,GR,309.0,385.0,,29.0,,False,
2025-12-14T19:00:00.000Z,GR,Greece,GR,321.0,399.0,,27.0,,False,
2025-12-14T20:00:00.000Z,GR,Greece,GR,326.0,407.0,,25.0,,False,
2025-12-14T21:00:00.000Z,GR,Greece,GR,309.0,391.0,,28.0,,False,
2025-12-14T22:00:00.000Z,GR,Greece,GR,292.0,368.0,,33.0,,False,
2025-12-14T23:00:00.000Z,GR,Greece,GR,296.0,373.0,,33.0,,False,
2025-12-15T00:00:00.000Z,GR,Greece,GR,289.0,366.0,,34.0,,False,
2025-12-15T01:00:00.000Z,GR,Greece,GR,291.0,372.0,,33.0,,False,
2025-12-15T02:00:00.000Z,GR,Greece,GR,290.0,370.0,,33.0,,False,
2025-12-15T03:00:00.000Z,GR,Greece,GR,276.0,353.0,,37.0,,False,
2025-12-15T04:00:00.000Z,GR,Greece,GR,266.0,344.0,,38.0,,False,
2025-12-15T05:00:00.000Z,GR,Greece,GR,261.0,338.0,,38.0,,False,
2025-12-15T06:00:00.000Z,GR,Greece,GR,241.0,314.0,,43.0,,False,
2025-12-15T07:00:00.000Z,GR,Greece,GR,179.0,239.0,,58.0,,False,
2025-12-15T08:00:00.000Z,GR,Greece,GR,131.0,179.0,,71.0,,False,
2025-12-15T09:00:00.000Z,GR,Greece,GR,99.0,141.0,,79.0,,False,
2025-12-15T10:00:00.000Z,GR,Greece,GR,100.0,142.0,,78.0,,False,
2025-12-15T11:00:00.000Z,GR,Greece,GR,112.0,157.0,,75.0,,False,
2025-12-15T12:00:00.000Z,GR,Greece,GR,143.0,195.0,,67.0,,False,
2025-12-15T13:00:00.000Z,GR,Greece,GR,227.0,294.0,,49.0,,False,
2025-12-15T14:00:00.000Z,GR,Greece,GR,307.0,386.0,,31.0,,False,
2025-12-15T15:00:00.000Z,GR,Greece,GR,323.0,400.0,,29.0,,False,
2025-12-15T16:00:00.000Z,GR,Greece,GR,326.0,403.0,,29.0,,False,
2025-12-15T17:00:00.000Z,GR,Greece,GR,339.0,418.0,,27.0,,False,
2025-12-15T18:00:00.000Z,GR,Greece,GR,350.0,430.0,,25.0,,False,
2025-12-15T19:00:00.000Z,GR,Greece,GR,353.0,434.0,,24.0,,False,
2025-12-15T20:00:00.000Z,GR,Greece,GR,355.0,438.0,,23.0,,False,
2025-12-15T21:00:00.000Z,GR,Greece,GR,363.0,449.0,,22.0,,False,
2025-12-15T22:00:00.000Z,GR,Greece,GR,369.0,455.0,,23.0,,False,
2025-12-15T23:00:00.000Z,GR,Greece,GR,381.0,470.0,,20.0,,False,
2025-12-16T00:00:00.000Z,GR,Greece,GR,361.0,450.0,,21.0,,False,
2025-12-16T01:00:00.000Z,GR,Greece,GR,362.0,453.0,,20.0,,False,
2025-12-16T02:00:00.000Z,GR,Greece,GR,374.0,468.0,,17.0,,False,
2025-12-16T03:00:00.000Z,GR,Greece,GR,374.0,469.0,,17.0,,False,
2025-12-16T04:00:00.000Z,GR,Greece,GR,374.0,467.0,,18.0,,False,
2025-12-16T05:00:00.000Z,GR,Greece,GR,362.0,451.0,,21.0,,False,
2025-12-16T06:00:00.000Z,GR,Greece,GR,321.0,398.0,,32.0,,False,
2025-12-16T07:00:00.000Z,GR,Greece,GR,269.0,339.0,,43.0,,False,
2025-12-16T08:00:00.000Z,GR,Greece,GR,222.0,285.0,,53.0,,False,
2025-12-16T09:00:00.000Z,GR,Greece,GR,203.0,262.0,,58.0,,False,
2025-12-16T10:00:00.000Z,GR,Greece,GR,208.0,269.0,,56.0,,False,
2025-12-16T11:00:00.000Z,GR,Greece,GR,224.0,288.0,,52.0,,False,
2025-12-16T12:00:00.000Z,GR,Greece,GR,266.0,337.0,,43.0,,False,
2025-12-16T13:00:00.000Z,GR,Greece,GR,304.0,381.0,,35.0,,False,
2025-12-16T14:00:00.000Z,GR,Greece,GR,333.0,413.0,,28.0,,False,
2025-12-16T15:00:00.000Z,GR,Greece,GR,331.0,412.0,,27.0,,False,
2025-12-16T16:00:00.000Z,GR,Greece,GR,329.0,409.0,,27.0,,False,
2025-12-16T17:00:00.000Z,GR,Greece,GR,332.0,411.0,,27.0,,False,
2025-12-16T18:00:00.000Z,GR,Greece,GR,334.0,415.0,,27.0,,False,
2025-12-16T19:00:00.000Z,GR,Greece,GR,344.0,429.0,,24.0,,False,
2025-12-16T20:00:00.000Z,GR,Greece,GR,335.0,421.0,,25.0,,False,
2025-12-16T21:00:00.000Z,GR,Greece,GR,325.0,409.0,,28.0,,False,
2025-12-16T22:00:00.000Z,GR,Greece,GR,333.0,416.0,,27.0,,False,
2025-12-16T23:00:00.000Z,GR,Greece,GR,332.0,415.0,,27.0,,False,
2025-12-17T00:00:00.000Z,GR,Greece,GR,328.0,411.0,,28.0,,False,
2025-12-17T01:00:00.000Z,GR,Greece,GR,324.0,406.0,,29.0,,False,
2025-12-17T02:00:00.000Z,GR,Greece,GR,320.0,401.0,,30.0,,False,
2025-12-17T03:00:00.000Z,GR,Greece,GR,318.0,398.0,,31.0,,False,
2025-12-17T04:00:00.000Z,GR,Greece,GR,323.0,403.0,,31.0,,False,
2025-12-17T05:00:00.000Z,GR,Greece,GR,331.0,411.0,,31.0,,False,
2025-12-17T06:00:00.000Z,GR,Greece,GR,318.0,396.0,,33.0,,False,
2025-12-17T07:00:00.000Z,GR,Greece,GR,259.0,325.0,,47.0,,False,
2025-12-17T08:00:00.000Z,GR,Greece,GR,207.0,265.0,,58.0,,False,
2025-12-17T09:00:00.000Z,GR,Greece,GR,176.0,229.0,,64.0,,False,
2025-12-17T10:00:00.000Z,GR,Greece,GR,175.0,229.0,,64.0,,False,
2025-12-17T11:00:00.000Z,GR,Greece,GR,187.0,243.0,,61.0,,False,
2025-12-17T12:00:00.000Z,GR,Greece,GR,210.0,272.0,,55.0,,False,
2025-12-17T13:00:00.000Z,GR,Greece,GR,255.0,326.0,,44.0,,False,
2025-12-17T14:00:00.000Z,GR,Greece,GR,326.0,411.0,,27.0,,False,
2025-12-17T15:00:00.000Z,GR,Greece,GR,356.0,442.0,,22.0,,False,
2025-12-17T16:00:00.000Z,GR,Greece,GR,354.0,438.0,,22.0,,False,
2025-12-17T17:00:00.000Z,GR,Greece,GR,349.0,432.0,,24.0,,False,
2025-12-17T18:00:00.000Z,GR,Greece,GR,349.0,432.0,,24.0,,False,
2025-12-17T19:00:00.000Z,GR,Greece,GR,365.0,452.0,,20.0,,False,
2025-12-17T20:00:00.000Z,GR,Greece,GR,374.0,463.0,,19.0,,False,
2025-12-17T21:00:00.000Z,GR,Greece,GR,377.0,466.0,,19.0,,False,
2025-12-17T22:00:00.000Z,GR,Greece,GR,400.0,496.0,,13.0,,False,
2025-12-17T23:00:00.000Z,GR,Greece,GR,424.0,526.0,,8.0,,False,
2025-12-18T00:00:00.000Z,GR,Greece,GR,431.0,534.0,,7.0,,False,
2025-12-18T01:00:00.000Z,GR,Greece,GR,426.0,528.0,,8.0,,False,
2025-12-18T02:00:00.000Z,GR,Greece,GR,428.0,531.0,,7.0,,False,
2025-12-18T03:00:00.000Z,GR,Greece,GR,428.0,533.0,,6.0,,False,
2025-12-18T04:00:00.000Z,GR,Greece,GR,414.0,517.0,,9.0,,False,
2025-12-18T05:00:00.000Z,GR,Greece,GR,388.0,483.0,,15.0,,False,
2025-12-18T06:00:00.000Z,GR,Greece,GR,349.0,437.0,,23.0,,False,
2025-12-18T07:00:00.000Z,GR,Greece,GR,294.0,374.0,,36.0,,False,
2025-12-18T08:00:00.000Z,GR,Greece,GR,247.0,317.0,,47.0,,False,
2025-12-18T09:00:00.000Z,GR,Greece,GR,236.0,304.0,,49.0,,False,
2025-12-18T10:00:00.000Z,GR,Greece,GR,235.0,303.0,,50.0,,False,
2025-12-18T11:00:00.000Z,GR,Greece,GR,249.0,320.0,,46.0,,False,
2025-12-18T12:00:00.000Z,GR,Greece,GR,261.0,336.0,,42.0,,False,
2025-12-18T13:00:00.000Z,GR,Greece,GR,300.0,382.0,,34.0,,False,
2025-12-18T14:00:00.000Z,GR,Greece,GR,343.0,430.0,,25.0,,False,
2025-12-18T15:00:00.000Z,GR,Greece,GR,348.0,433.0,,24.0,,False,
2025-12-18T16:00:00.000Z,GR,Greece,GR,342.0,424.0,,26.0,,False,
2025-12-18T17:00:00.000Z,GR,Greece,GR,351.0,434.0,,24.0,,False,
2025-12-18T18:00:00.000Z,GR,Greece,GR,358.0,441.0,,23.0,,False,
2025-12-18T19:00:00.000Z,GR,Greece,GR,372.0,459.0,,19.0,,False,
2025-12-18T20:00:00.000Z,GR,Greece,GR,394.0,487.0,,14.0,,False,
2025-12-18T21:00:00.000Z,GR,Greece,GR,408.0,507.0,,11.0,,False,
2025-12-18T22:00:00.000Z,GR,Greece,GR,414.0,517.0,,8.0,,False,
2025-12-18T23:00:00.000Z,GR,Greece,GR,423.0,528.0,,6.0,,False,
2025-12-19T00:00:00.000Z,GR,Greece,GR,412.0,515.0,,8.0,,False,
2025-12-19T01:00:00.000Z,GR,Greece,GR,406.0,510.0,,9.0,,False,
2025-12-19T02:00:00.000Z,GR,Greece,GR,408.0,513.0,,8.0,,False,
2025-12-19T03:00:00.000Z,GR,Greece,GR,405.0,507.0,,9.0,,False,
2025-12-19T04:00:00.000Z,GR,Greece,GR,396.0,498.0,,11.0,,False,
2025-12-19T05:00:00.000Z,GR,Greece,GR,382.0,481.0,,14.0,,False,
2025-12-19T06:00:00.000Z,GR,Greece,GR,352.0,444.0,,22.0,,False,
2025-12-19T07:00:00.000Z,GR,Greece,GR,280.0,360.0,,37.0,,False,
2025-12-19T08:00:00.000Z,GR,Greece,GR,219.0,286.0,,51.0,,False,
2025-12-19T09:00:00.000Z,GR,Greece,GR,195.0,257.0,,58.0,,False,
2025-12-19T10:00:00.000Z,GR,Greece,GR,211.0,276.0,,53.0,,False,
2025-12-19T11:00:00.000Z,GR,Greece,GR,218.0,286.0,,51.0,,False,
2025-12-19T12:00:00.000Z,GR,Greece,GR,241.0,313.0,,46.0,,False,
2025-12-19T13:00:00.000Z,GR,Greece,GR,281.0,362.0,,36.0,,False,
2025-12-19T14:00:00.000Z,GR,Greece,GR,342.0,435.0,,22.0,,False,
2025-12-19T15:00:00.000Z,GR,Greece,GR,356.0,445.0,,21.0,,False,
2025-12-19T16:00:00.000Z,GR,Greece,GR,351.0,438.0,,22.0,,False,
2025-12-19T17:00:00.000Z,GR,Greece,GR,339.0,423.0,,24.0,,False,
2025-12-19T18:00:00.000Z,GR,Greece,GR,331.0,414.0,,26.0,,False,
2025-12-19T19:00:00.000Z,GR,Greece,GR,340.0,429.0,,23.0,,False,
2025-12-19T20:00:00.000Z,GR,Greece,GR,350.0,440.0,,21.0,,False,
2025-12-19T21:00:00.000Z,GR,Greece,GR,357.0,449.0,,19.0,,False,
2025-12-19T22:00:00.000Z,GR,Greece,GR,350.0,438.0,,22.0,,False,
2025-12-19T23:00:00.000Z,GR,Greece,GR,355.0,444.0,,21.0,,False,
2025-12-20T00:00:00.000Z,GR,Greece,GR,341.0,424.0,,26.0,,False,
2025-12-20T01:00:00.000Z,GR,Greece,GR,350.0,435.0,,24.0,,False,
2025-12-20T02:00:00.000Z,GR,Greece,GR,355.0,441.0,,24.0,,False,
2025-12-20T03:00:00.000Z,GR,Greece,GR,346.0,429.0,,27.0,,False,
2025-12-20T04:00:00.000Z,GR,Greece,GR,333.0,412.0,,30.0,,False,
2025-12-20T05:00:00.000Z,GR,Greece,GR,315.0,390.0,,34.0,,False,
2025-12-20T06:00:00.000Z,GR,Greece,GR,327.0,408.0,,29.0,,False,
2025-12-20T07:00:00.000Z,GR,Greece,GR,308.0,383.0,,35.0,,False,
2025-12-20T08:00:00.000Z,GR,Greece,GR,274.0,347.0,,40.0,,False,
2025-12-20T09:00:00.000Z,GR,Greece,GR,262.0,334.0,,42.0,,False,
2025-12-20T10:00:00.000Z,GR,Greece,GR,258.0,330.0,,43.0,,False,
2025-12-20T11:00:00.000Z,GR,Greece,GR,287.0,364.0,,37.0,,False,
2025-12-20T12:00:00.000Z,GR,Greece,GR,312.0,394.0,,32.0,,False,
2025-12-20T13:00:00.000Z,GR,Greece,GR,319.0,404.0,,29.0,,False,
2025-12-20T14:00:00.000Z,GR,Greece,GR,324.0,409.0,,28.0,,False,
2025-12-20T15:00:00.000Z,GR,Greece,GR,330.0,412.0,,28.0,,False,
2025-12-20T16:00:00.000Z,GR,Greece,GR,337.0,421.0,,27.0,,False,
2025-12-20T17:00:00.000Z,GR,Greece,GR,332.0,414.0,,29.0,,False,
2025-12-20T18:00:00.000Z,GR,Greece,GR,344.0,429.0,,26.0,,False,
2025-12-20T19:00:00.000Z,GR,Greece,GR,359.0,446.0,,23.0,,False,
2025-12-20T20:00:00.000Z,GR,Greece,GR,364.0,453.0,,21.0,,False,
2025-12-20T21:00:00.000Z,GR,Greece,GR,360.0,452.0,,20.0,,False,
2025-12-20T22:00:00.000Z,GR,Greece,GR,381.0,475.0,,17.0,,False,
2025-12-20T23:00:00.000Z,GR,Greece,GR,382.0,475.0,,18.0,,False,
2025-12-21T00:00:00.000Z,GR,Greece,GR,378.0,470.0,,18.0,,False,
2025-12-21T01:00:00.000Z,GR,Greece,GR,385.0,477.0,,18.0,,False,
2025-12-21T02:00:00.000Z,GR,Greece,GR,383.0,475.0,,18.0,,False,
2025-12-21T03:00:00.000Z,GR,Greece,GR,384.0,475.0,,18.0,,False,
2025-12-21T04:00:00.000Z,GR,Greece,GR,370.0,459.0,,21.0,,False,
2025-12-21T05:00:00.000Z,GR,Greece,GR,355.0,442.0,,23.0,,False,
2025-12-21T06:00:00.000Z,GR,Greece,GR,336.0,419.0,,28.0,,False,
2025-12-21T07:00:00.000Z,GR,Greece,GR,316.0,393.0,,33.0,,False,
2025-12-21T08:00:00.000Z,GR,Greece,GR,285.0,355.0,,40.0,,False,
2025-12-21T09:00:00.000Z,GR,Greece,GR,252.0,317.0,,48.0,,False,
2025-12-21T10:00:00.000Z,GR,Greece,GR,229.0,294.0,,51.0,,False,
2025-12-21T11:00:00.000Z,GR,Greece,GR,249.0,318.0,,46.0,,False,
2025-12-21T12:00:00.000Z,GR,Greece,GR,281.0,353.0,,40.0,,False,
2025-12-21T13:00:00.000Z,GR,Greece,GR,302.0,380.0,,35.0,,False,
2025-12-21T14:00:00.000Z,GR,Greece,GR,329.0,413.0,,28.0,,False,
2025-12-21T15:00:00.000Z,GR,Greece,GR,322.0,406.0,,28.0,,False,
2025-12-21T16:00:00.000Z,GR,Greece,GR,317.0,400.0,,29.0,,False,
2025-12-21T17:00:00.000Z,GR,Greece,GR,318.0,400.0,,29.0,,False,
2025-12-21T18:00:00.000Z,GR,Greece,GR,327.0,412.0,,27.0,,False,
2025-12-21T19:00:00.000Z,GR,Greece,GR,331.0,417.0,,26.0,,False,
2025-12-21T20:00:00.000Z,GR,Greece,GR,333.0,420.0,,26.0,,False,
2025-12-21T21:00:00.000Z,GR,Greece,GR,337.0,423.0,,26.0,,False,
2025-12-21T22:00:00.000Z,GR,Greece,GR,344.0,431.0,,24.0,,False,
2025-12-21T23:00:00.000Z,GR,Greece,GR,339.0,425.0,,25.0,,False,
2025-12-22T00:00:00.000Z,GR,Greece,GR,331.0,413.0,,28.0,,False,
2025-12-22T01:00:00.000Z,GR,Greece,GR,326.0,405.0,,31.0,,False,
2025-12-22T02:00:00.000Z,GR,Greece,GR,324.0,404.0,,31.0,,False,
2025-12-22T03:00:00.000Z,GR,Greece,GR,327.0,408.0,,29.0,,False,
2025-12-22T04:00:00.000Z,GR,Greece,GR,322.0,402.0,,30.0,,False,
2025-12-22T05:00:00.000Z,GR,Greece,GR,312.0,392.0,,32.0,,False,
2025-12-22T06:00:00.000Z,GR,Greece,GR,305.0,386.0,,32.0,,False,
2025-12-22T07:00:00.000Z,GR,Greece,GR,289.0,366.0,,36.0,,False,
2025-12-22T08:00:00.000Z,GR,Greece,GR,267.0,339.0,,41.0,,False,
2025-12-22T09:00:00.000Z,GR,Greece,GR,274.0,347.0,,40.0,,False,
2025-12-22T10:00:00.000Z,GR,Greece,GR,274.0,347.0,,41.0,,False,
2025-12-22T11:00:00.000Z,GR,Greece,GR,276.0,350.0,,40.0,,False,
2025-12-22T12:00:00.000Z,GR,Greece,GR,283.0,357.0,,38.0,,False,
2025-12-22T13:00:00.000Z,GR,Greece,GR,300.0,379.0,,34.0,,False,
2025-12-22T14:00:00.000Z,GR,Greece,GR,320.0,402.0,,30.0,,False,
2025-12-22T15:00:00.000Z,GR,Greece,GR,302.0,381.0,,32.0,,False,
2025-12-22T16:00:00.000Z,GR,Greece,GR,289.0,366.0,,35.0,,False,
2025-12-22T17:00:00.000Z,GR,Greece,GR,286.0,362.0,,36.0,,False,
2025-12-22T18:00:00.000Z,GR,Greece,GR,295.0,373.0,,34.0,,False,
2025-12-22T19:00:00.000Z,GR,Greece,GR,311.0,389.0,,32.0,,False,
2025-12-22T20:00:00.000Z,GR,Greece,GR,326.0,407.0,,29.0,,False,
2025-12-22T21:00:00.000Z,GR,Greece,GR,335.0,420.0,,26.0,,False,
2025-12-22T22:00:00.000Z,GR,Greece,GR,339.0,424.0,,26.0,,False,
2025-12-22T23:00:00.000Z,GR,Greece,GR,340.0,423.0,,27.0,,False,
2025-12-23T00:00:00.000Z,GR,Greece,GR,351.0,436.0,,25.0,,False,
2025-12-23T01:00:00.000Z,GR,Greece,GR,344.0,428.0,,26.0,,False,
2025-12-23T02:00:00.000Z,GR,Greece,GR,341.0,423.0,,28.0,,False,
2025-12-23T03:00:00.000Z,GR,Greece,GR,337.0,418.0,,28.0,,False,
2025-12-23T04:00:00.000Z,GR,Greece,GR,347.0,432.0,,25.0,,False,
2025-12-23T05:00:00.000Z,GR,Greece,GR,338.0,424.0,,26.0,,False,
2025-12-23T06:00:00.000Z,GR,Greece,GR,330.0,416.0,,27.0,,False,
2025-12-23T07:00:00.000Z,GR,Greece,GR,315.0,398.0,,31.0,,False,
2025-12-23T08:00:00.000Z,GR,Greece,GR,287.0,366.0,,36.0,,False,
2025-12-23T09:00:00.000Z,GR,Greece,GR,279.0,357.0,,38.0,,False,
2025-12-23T10:00:00.000Z,GR,Greece,GR,291.0,369.0,,37.0,,False,
2025-12-23T11:00:00.000Z,GR,Greece,GR,305.0,387.0,,33.0,,False,
2025-12-23T12:00:00.000Z,GR,Greece,GR,332.0,418.0,,28.0,,False,
2025-12-23T13:00:00.000Z,GR,Greece,GR,336.0,423.0,,26.0,,False,
2025-12-23T14:00:00.000Z,GR,Greece,GR,356.0,449.0,,20.0,,False,
2025-12-23T15:00:00.000Z,GR,Greece,GR,353.0,446.0,,20.0,,False,
2025-12-23T16:00:00.000Z,GR,Greece,GR,345.0,435.0,,22.0,,False,
2025-12-23T17:00:00.000Z,GR,Greece,GR,341.0,431.0,,22.0,,False,
2025-12-23T18:00:00.000Z,GR,Greece,GR,346.0,437.0,,21.0,,False,
2025-12-23T19:00:00.000Z,GR,Greece,GR,347.0,438.0,,21.0,,False,
2025-12-23T20:00:00.000Z,GR,Greece,GR,366.0,461.0,,18.0,,False,
2025-12-23T21:00:00.000Z,GR,Greece,GR,366.0,462.0,,18.0,,False,
2025-12-23T22:00:00.000Z,GR,Greece,GR,366.0,456.0,,20.0,,False,
2025-12-23T23:00:00.000Z,GR,Greece,GR,369.0,461.0,,19.0,,False,
2025-12-24T00:00:00.000Z,GR,Greece,GR,368.0,457.0,,21.0,,False,
2025-12-24T01:00:00.000Z,GR,Greece,GR,365.0,453.0,,22.0,,False,
2025-12-24T02:00:00.000Z,GR,Greece,GR,357.0,441.0,,25.0,,False,
2025-12-24T03:00:00.000Z,GR,Greece,GR,359.0,443.0,,25.0,,False,
2025-12-24T04:00:00.000Z,GR,Greece,GR,355.0,439.0,,25.0,,False,
2025-12-24T05:00:00.000Z,GR,Greece,GR,347.0,433.0,,24.0,,False,
2025-12-24T06:00:00.000Z,GR,Greece,GR,325.0,409.0,,28.0,,False,
2025-12-24T07:00:00.000Z,GR,Greece,GR,331.0,416.0,,28.0,,False,
2025-12-24T08:00:00.000Z,GR,Greece,GR,327.0,411.0,,29.0,,False,
2025-12-24T09:00:00.000Z,GR,Greece,GR,319.0,400.0,,31.0,,False,
2025-12-24T10:00:00.000Z,GR,Greece,GR,312.0,393.0,,32.0,,False,
2025-12-24T11:00:00.000Z,GR,Greece,GR,318.0,401.0,,31.0,,False,
2025-12-24T12:00:00.000Z,GR,Greece,GR,345.0,433.0,,25.0,,False,
2025-12-24T13:00:00.000Z,GR,Greece,GR,352.0,443.0,,22.0,,False,
2025-12-24T14:00:00.000Z,GR,Greece,GR,363.0,455.0,,20.0,,False,
2025-12-24T15:00:00.000Z,GR,Greece,GR,352.0,438.0,,23.0,,False,
2025-12-24T16:00:00.000Z,GR,Greece,GR,331.0,410.0,,27.0,,False,
2025-12-24T17:00:00.000Z,GR,Greece,GR,324.0,401.0,,29.0,,False,
2025-12-24T18:00:00.000Z,GR,Greece,GR,321.0,396.0,,30.0,,False,
2025-12-24T19:00:00.000Z,GR,Greece,GR,314.0,385.0,,34.0,,False,
2025-12-24T20:00:00.000Z,GR,Greece,GR,311.0,381.0,,35.0,,False,
2025-12-24T21:00:00.000Z,GR,Greece,GR,319.0,393.0,,33.0,,False,
2025-12-24T22:00:00.000Z,GR,Greece,GR,318.0,390.0,,34.0,,False,
2025-12-24T23:00:00.000Z,GR,Greece,GR,304.0,367.0,,40.0,,False,
2025-12-25T00:00:00.000Z,GR,Greece,GR,286.0,348.0,,41.0,,False,
2025-12-25T01:00:00.000Z,GR,Greece,GR,291.0,358.0,,38.0,,False,
2025-12-25T02:00:00.000Z,GR,Greece,GR,301.0,369.0,,36.0,,False,
2025-12-25T03:00:00.000Z,GR,Greece,GR,303.0,370.0,,36.0,,False,
2025-12-25T04:00:00.000Z,GR,Greece,GR,318.0,392.0,,31.0,,False,
2025-12-25T05:00:00.000Z,GR,Greece,GR,319.0,394.0,,30.0,,False,
2025-12-25T06:00:00.000Z,GR,Greece,GR,286.0,359.0,,36.0,,False,
2025-12-25T07:00:00.000Z,GR,Greece,GR,246.0,315.0,,45.0,,False,
2025-12-25T08:00:00.000Z,GR,Greece,GR,197.0,257.0,,57.0,,False,
2025-12-25T09:00:00.000Z,GR,Greece,GR,174.0,230.0,,62.0,,False,
2025-12-25T10:00:00.000Z,GR,Greece,GR,162.0,214.0,,65.0,,False,
2025-12-25T11:00:00.000Z,GR,Greece,GR,170.0,226.0,,63.0,,False,
2025-12-25T12:00:00.000Z,GR,Greece,GR,197.0,259.0,,56.0,,False,
2025-12-25T13:00:00.000Z,GR,Greece,GR,266.0,343.0,,39.0,,False,
2025-12-25T14:00:00.000Z,GR,Greece,GR,322.0,412.0,,25.0,,False,
2025-12-25T15:00:00.000Z,GR,Greece,GR,330.0,419.0,,23.0,,False,
2025-12-25T16:00:00.000Z,GR,Greece,GR,319.0,400.0,,27.0,,False,
2025-12-25T17:00:00.000Z,GR,Greece,GR,314.0,393.0,,27.0,,False,
2025-12-25T18:00:00.000Z,GR,Greece,GR,321.0,400.0,,27.0,,False,
2025-12-25T19:00:00.000Z,GR,Greece,GR,336.0,422.0,,23.0,,False,
2025-12-25T20:00:00.000Z,GR,Greece,GR,340.0,429.0,,22.0,,False,
2025-12-25T21:00:00.000Z,GR,Greece,GR,339.0,431.0,,21.0,,False,
2025-12-25T22:00:00.000Z,GR,Greece,GR,349.0,443.0,,19.0,,False,
2025-12-25T23:00:00.000Z,GR,Greece,GR,351.0,446.0,,19.0,,False,
2025-12-26T00:00:00.000Z,GR,Greece,GR,345.0,439.0,,20.0,,False,
2025-12-26T01:00:00.000Z,GR,Greece,GR,350.0,445.0,,19.0,,False,
2025-12-26T02:00:00.000Z,GR,Greece,GR,350.0,445.0,,19.0,,False,
2025-12-26T03:00:00.000Z,GR,Greece,GR,344.0,438.0,,20.0,,False,
2025-12-26T04:00:00.000Z,GR,Greece,GR,338.0,430.0,,22.0,,False,
2025-12-26T05:00:00.000Z,GR,Greece,GR,316.0,403.0,,27.0,,False,
2025-12-26T06:00:00.000Z,GR,Greece,GR,287.0,368.0,,33.0,,False,
2025-12-26T07:00:00.000Z,GR,Greece,GR,255.0,329.0,,41.0,,False,
2025-12-26T08:00:00.000Z,GR,Greece,GR,225.0,293.0,,49.0,,False,
2025-12-26T09:00:00.000Z,GR,Greece,GR,208.0,272.0,,53.0,,False,
2025-12-26T10:00:00.000Z,GR,Greece,GR,190.0,250.0,,57.0,,False,
2025-12-26T11:00:00.000Z,GR,Greece,GR,198.0,259.0,,55.0,,False,
2025-12-26T12:00:00.000Z,GR,Greece,GR,219.0,285.0,,50.0,,False,
2025-12-26T13:00:00.000Z,GR,Greece,GR,258.0,334.0,,40.0,,False,
2025-12-26T14:00:00.000Z,GR,Greece,GR,280.0,362.0,,35.0,,False,
2025-12-26T15:00:00.000Z,GR,Greece,GR,289.0,372.0,,32.0,,False,
2025-12-26T16:00:00.000Z,GR,Greece,GR,277.0,352.0,,36.0,,False,
2025-12-26T17:00:00.000Z,GR,Greece,GR,283.0,359.0,,34.0,,False,
2025-12-26T18:00:00.000Z,GR,Greece,GR,305.0,384.0,,30.0,,False,
2025-12-26T19:00:00.000Z,GR,Greece,GR,328.0,411.0,,24.0,,False,
2025-12-26T20:00:00.000Z,GR,Greece,GR,325.0,409.0,,25.0,,False,
2025-12-26T21:00:00.000Z,GR,Greece,GR,307.0,390.0,,29.0,,False,
2025-12-26T22:00:00.000Z,GR,Greece,GR,310.0,391.0,,29.0,,False,
2025-12-26T23:00:00.000Z,GR,Greece,GR,325.0,409.0,,26.0,,False,
2025-12-27T00:00:00.000Z,GR,Greece,GR,312.0,392.0,,30.0,,False,
2025-12-27T01:00:00.000Z,GR,Greece,GR,295.0,369.0,,35.0,,False,
2025-12-27T02:00:00.000Z,GR,Greece,GR,280.0,351.0,,38.0,,False,
2025-12-27T03:00:00.000Z,GR,Greece,GR,261.0,327.0,,43.0,,False,
2025-12-27T04:00:00.000Z,GR,Greece,GR,260.0,324.0,,44.0,,False,
2025-12-27T05:00:00.000Z,GR,Greece,GR,259.0,324.0,,43.0,,False,
2025-12-27T06:00:00.000Z,GR,Greece,GR,215.0,275.0,,52.0,,False,
2025-12-27T07:00:00.000Z,GR,Greece,GR,154.0,204.0,,66.0,,False,
2025-12-27T08:00:00.000Z,GR,Greece,GR,109.0,148.0,,78.0,,False,
2025-12-27T09:00:00.000Z,GR,Greece,GR,91.0,128.0,,82.0,,False,
2025-12-27T10:00:00.000Z,GR,Greece,GR,93.0,131.0,,82.0,,False,
2025-12-27T11:00:00.000Z,GR,Greece,GR,96.0,134.0,,81.0,,False,
2025-12-27T12:00:00.000Z,GR,Greece,GR,120.0,163.0,,75.0,,False,
2025-12-27T13:00:00.000Z,GR,Greece,GR,166.0,221.0,,63.0,,False,
2025-12-27T14:00:00.000Z,GR,Greece,GR,249.0,322.0,,42.0,,False,
2025-12-27T15:00:00.000Z,GR,Greece,GR,278.0,356.0,,35.0,,False,
2025-12-27T16:00:00.000Z,GR,Greece,GR,291.0,369.0,,31.0,,False,
2025-12-27T17:00:00.000Z,GR,Greece,GR,303.0,382.0,,29.0,,False,
2025-12-27T18:00:00.000Z,GR,Greece,GR,320.0,403.0,,25.0,,False,
2025-12-27T19:00:00.000Z,GR,Greece,GR,335.0,426.0,,21.0,,False,
2025-12-27T20:00:00.000Z,GR,Greece,GR,343.0,434.0,,20.0,,False,
2025-12-27T21:00:00.000Z,GR,Greece,GR,348.0,439.0,,18.0,,False,
2025-12-27T22:00:00.000Z,GR,Greece,GR,353.0,443.0,,18.0,,False,
2025-12-27T23:00:00.000Z,GR,Greece,GR,360.0,452.0,,17.0,,False,
2025-12-28T00:00:00.000Z,GR,Greece,GR,343.0,428.0,,23.0,,False,
2025-12-28T01:00:00.000Z,GR,Greece,GR,323.0,403.0,,28.0,,False,
2025-12-28T02:00:00.000Z,GR,Greece,GR,305.0,382.0,,32.0,,False,
2025-12-28T03:00:00.000Z,GR,Greece,GR,263.0,331.0,,42.0,,False,
2025-12-28T04:00:00.000Z,GR,Greece,GR,248.0,311.0,,46.0,,False,
2025-12-28T05:00:00.000Z,GR,Greece,GR,242.0,302.0,,47.0,,False,
2025-12-28T06:00:00.000Z,GR,Greece,GR,214.0,274.0,,52.0,,False,
2025-12-28T07:00:00.000Z,GR,Greece,GR,137.0,183.0,,71.0,,False,
2025-12-28T08:00:00.000Z,GR,Greece,GR,84.0,118.0,,84.0,,False,
2025-12-28T09:00:00.000Z,GR,Greece,GR,79.0,114.0,,85.0,,False,
2025-12-28T10:00:00.000Z,GR,Greece,GR,81.0,116.0,,84.0,,False,
2025-12-28T11:00:00.000Z,GR,Greece,GR,82.0,118.0,,84.0,,False,
2025-12-28T12:00:00.000Z,GR,Greece,GR,92.0,130.0,,82.0,,False,
2025-12-28T13:00:00.000Z,GR,Greece,GR,138.0,185.0,,70.0,,False,
2025-12-28T14:00:00.000Z,GR,Greece,GR,242.0,313.0,,44.0,,False,
2025-12-28T15:00:00.000Z,GR,Greece,GR,245.0,314.0,,43.0,,False,
2025-12-28T16:00:00.000Z,GR,Greece,GR,237.0,303.0,,45.0,,False,
2025-12-28T17:00:00.000Z,GR,Greece,GR,239.0,304.0,,44.0,,False,
2025-12-28T18:00:00.000Z,GR,Greece,GR,239.0,304.0,,44.0,,False,
2025-12-28T19:00:00.000Z,GR,Greece,GR,251.0,319.0,,41.0,,False,
2025-12-28T20:00:00.000Z,GR,Greece,GR,281.0,357.0,,34.0,,False,
2025-12-28T21:00:00.000Z,GR,Greece,GR,289.0,367.0,,32.0,,False,
2025-12-28T22:00:00.000Z,GR,Greece,GR,306.0,390.0,,29.0,,False,
2025-12-28T23:00:00.000Z,GR,Greece,GR,325.0,415.0,,24.0,,False,
2025-12-29T00:00:00.000Z,GR,Greece,GR,329.0,420.0,,23.0,,False,
2025-12-29T01:00:00.000Z,GR,Greece,GR,325.0,415.0,,24.0,,False,
2025-12-29T02:00:00.000Z,GR,Greece,GR,320.0,407.0,,26.0,,False,
2025-12-29T03:00:00.000Z,GR,Greece,GR,312.0,397.0,,28.0,,False,
2025-12-29T04:00:00.000Z,GR,Greece,GR,307.0,389.0,,30.0,,False,
2025-12-29T05:00:00.000Z,GR,Greece,GR,320.0,403.0,,27.0,,False,
2025-12-29T06:00:00.000Z,GR,Greece,GR,288.0,369.0,,33.0,,False,
2025-12-29T07:00:00.000Z,GR,Greece,GR,223.0,293.0,,48.0,,False,
2025-12-29T08:00:00.000Z,GR,Greece,GR,159.0,214.0,,65.0,,False,
2025-12-29T09:00:00.000Z,GR,Greece,GR,128.0,176.0,,73.0,,False,
2025-12-29T10:00:00.000Z,GR,Greece,GR,122.0,169.0,,74.0,,False,
2025-12-29T11:00:00.000Z,GR,Greece,GR,130.0,178.0,,72.0,,False,
2025-12-29T12:00:00.000Z,GR,Greece,GR,145.0,197.0,,68.0,,False,
2025-12-29T13:00:00.000Z,GR,Greece,GR,203.0,268.0,,54.0,,False,
2025-12-29T14:00:00.000Z,GR,Greece,GR,315.0,405.0,,26.0,,False,
2025-12-29T15:00:00.000Z,GR,Greece,GR,349.0,442.0,,19.0,,False,
2025-12-29T16:00:00.000Z,GR,Greece,GR,325.0,410.0,,25.0,,False,
2025-12-29T17:00:00.000Z,GR,Greece,GR,307.0,387.0,,29.0,,False,
2025-12-29T18:00:00.000Z,GR,Greece,GR,305.0,386.0,,29.0,,False,
2025-12-29T19:00:00.000Z,GR,Greece,GR,302.0,384.0,,30.0,,False,
2025-12-29T20:00:00.000Z,GR,Greece,GR,303.0,386.0,,29.0,,False,
2025-12-29T21:00:00.000Z,GR,Greece,GR,287.0,366.0,,33.0,,False,
2025-12-29T22:00:00.000Z,GR,Greece,GR,288.0,367.0,,33.0,,False,
2025-12-29T23:00:00.000Z,GR,Greece,GR,276.0,352.0,,37.0,,False,
2025-12-30T00:00:00.000Z,GR,Greece,GR,268.0,340.0,,40.0,,False,
2025-12-30T01:00:00.000Z,GR,Greece,GR,261.0,333.0,,41.0,,False,
2025-12-30T02:00:00.000Z,GR,Greece,GR,240.0,306.0,,46.0,,False,
2025-12-30T03:00:00.000Z,GR,Greece,GR,227.0,288.0,,50.0,,False,
2025-12-30T04:00:00.000Z,GR,Greece,GR,236.0,302.0,,47.0,,False,
2025-12-30T05:00:00.000Z,GR,Greece,GR,244.0,313.0,,44.0,,False,
2025-12-30T06:00:00.000Z,GR,Greece,GR,225.0,291.0,,48.0,,False,
2025-12-30T07:00:00.000Z,GR,Greece,GR,170.0,225.0,,61.0,,False,
2025-12-30T08:00:00.000Z,GR,Greece,GR,105.0,144.0,,78.0,,False,
2025-12-30T09:00:00.000Z,GR,Greece,GR,82.0,117.0,,84.0,,False,
2025-12-30T10:00:00.000Z,GR,Greece,GR,94.0,132.0,,81.0,,False,
2025-12-30T11:00:00.000Z,GR,Greece,GR,109.0,150.0,,77.0,,False,
2025-12-30T12:00:00.000Z,GR,Greece,GR,119.0,162.0,,74.0,,False,
2025-12-30T13:00:00.000Z,GR,Greece,GR,167.0,221.0,,63.0,,False,
2025-12-30T14:00:00.000Z,GR,Greece,GR,239.0,310.0,,44.0,,False,
2025-12-30T15:00:00.000Z,GR,Greece,GR,251.0,324.0,,41.0,,False,
2025-12-30T16:00:00.000Z,GR,Greece,GR,244.0,314.0,,43.0,,False,
2025-12-30T17:00:00.000Z,GR,Greece,GR,246.0,317.0,,43.0,,False,
2025-12-30T18:00:00.000Z,GR,Greece,GR,264.0,339.0,,38.0,,False,
2025-12-30T19:00:00.000Z,GR,Greece,GR,273.0,351.0,,36.0,,False,
2025-12-30T20:00:00.000Z,GR,Greece,GR,294.0,376.0,,31.0,,False,
2025-12-30T21:00:00.000Z,GR,Greece,GR,308.0,393.0,,28.0,,False,
2025-12-30T22:00:00.000Z,GR,Greece,GR,309.0,395.0,,28.0,,False,
2025-12-30T23:00:00.000Z,GR,Greece,GR,290.0,371.0,,33.0,,False,
2025-12-31T00:00:00.000Z,GR,Greece,GR,261.0,332.0,,41.0,,False,
2025-12-31T01:00:00.000Z,GR,Greece,GR,235.0,299.0,,48.0,,False,
2025-12-31T02:00:00.000Z,GR,Greece,GR,220.0,279.0,,52.0,,False,
2025-12-31T03:00:00.000Z,GR,Greece,GR,215.0,273.0,,53.0,,False,
2025-12-31T04:00:00.000Z,GR,Greece,GR,223.0,282.0,,51.0,,False,
2025-12-31T05:00:00.000Z,GR,Greece,GR,218.0,275.0,,52.0,,False,
2025-12-31T06:00:00.000Z,GR,Greece,GR,222.0,281.0,,51.0,,False,
2025-12-31T07:00:00.000Z,GR,Greece,GR,216.0,278.0,,51.0,,False,
2025-12-31T08:00:00.000Z,GR,Greece,GR,188.0,245.0,,58.0,,False,
2025-12-31T09:00:00.000Z,GR,Greece,GR,160.0,211.0,,65.0,,False,
2025-12-31T10:00:00.000Z,GR,Greece,GR,154.0,204.0,,66.0,,False,
2025-12-31T11:00:00.000Z,GR,Greece,GR,152.0,201.0,,67.0,,False,
2025-12-31T12:00:00.000Z,GR,Greece,GR,173.0,229.0,,61.0,,False,
2025-12-31T13:00:00.000Z,GR,Greece,GR,205.0,268.0,,53.0,,False,
2025-12-31T14:00:00.000Z,GR,Greece,GR,261.0,335.0,,39.0,,False,
2025-12-31T15:00:00.000Z,GR,Greece,GR,282.0,361.0,,33.0,,False,
2025-12-31T16:00:00.000Z,GR,Greece,GR,278.0,355.0,,35.0,,False,
2025-12-31T17:00:00.000Z,GR,Greece,GR,269.0,343.0,,38.0,,False,
2025-12-31T18:00:00.000Z,GR,Greece,GR,266.0,338.0,,39.0,,False,
2025-12-31T19:00:00.000Z,GR,Greece,GR,267.0,340.0,,38.0,,False,
2025-12-31T20:00:00.000Z,GR,Greece,GR,275.0,350.0,,37.0,,False,
2025-12-31T21:00:00.000Z,GR,Greece,GR,276.0,353.0,,36.0,,False,
2025-12-31T22:00:00.000Z,GR,Greece,GR,278.0,356.0,,36.0,,False,
2025-12-31T23:00:00.000Z,GR,Greece,GR,281.0,360.0,,35.0,,False,
