Datetime (UTC),Country,Zone name,Zone id,Carbon intensity gCO₂eq/kWh (direct),Carbon intensity gCO₂eq/kWh (Life cycle),Carbon-free energy percentage (CFE%),Renewable energy percentage (RE%),Data source,Data estimated,Data estimation method
2025-01-01T00:00:00.000Z,Japan,Kansai,JP-KN,209.0,267.0,,30.0,,False,
2025-01-01T01:00:00.000Z,Japan,Kansai,JP-KN,160.0,214.0,,39.0,,False,
2025-01-01T02:00:00.000Z,Japan,Kansai,JP-KN,140.0,192.0,,43.0,,False,
2025-01-01T03:00:00.000Z,Japan,Kansai,JP-KN,140.0,193.0,,43.0,,False,
2025-01-01T04:00:00.000Z,Japan,Kansai,JP-KN,147.0,201.0,,40.0,,False,
2025-01-01T05:00:00.000Z,Japan,Kansai,JP-KN,167.0,223.0,,34.0,,False,
2025-01-01T06:00:00.000Z,Japan,Kansai,JP-KN,201.0,261.0,,24.0,,False,
2025-01-01T07:00:00.000Z,Japan,Kansai,JP-KN,247.0,312.0,,16.0,,False,
2025-01-01T08:00:00.000Z,Japan,Kansai,JP-KN,261.0,326.0,,17.0,,False,
2025-01-01T09:00:00.000Z,Japan,Kansai,JP-KN,266.0,331.0,,18.0,,False,
2025-01-01T10:00:00.000Z,Japan,Kansai,JP-KN,272.0,338.0,,17.0,,False,
2025-01-01T11:00:00.000Z,Japan,Kansai,JP-KN,280.0,348.0,,15.0,,False,
2025-01-01T12:00:00.000Z,Japan,Kansai,JP-KN,282.0,351.0,,14.0,,False,
2025-01-01T13:00:00.000Z,Japan,Kansai,JP-KN,287.0,355.0,,12.0,,False,
2025-01-01T14:00:00.000Z,Japan,Kansai,JP-KN,287.0,356.0,,11.0,,False,
2025-01-01T15:00:00.000Z,Japan,Kansai,JP-KN,298.0,367.0,,8.0,,False,
2025-01-01T16:00:00.000Z,Japan,Kansai,JP-KN,300.0,369.0,,7.0,,False,
2025-01-01T17:00:00.000Z,Japan,Kansai,JP-KN,302.0,371.0,,8.0,,False,
2025-01-01T18:00:00.000Z,Japan,Kansai,JP-KN,306.0,375.0,,8.0,,False,
2025-01-01T19:00:00.000Z,Japan,Kansai,JP-KN,303.0,372.0,,8.0,,False,
2025-01-01T20:00:00.000Z,Japan,Kansai,JP-KN,299.0,368.0,,8.0,,False,
2025-01-01T21:00:00.000Z,Japan,Kansai,JP-KN,300.0,368.0,,9.0,,False,
2025-01-01T22:00:00.000Z,Japan,Kansai,JP-KN,284.0,349.0,,14.0,,False,
2025-01-01T23:00:00.000Z,Japan,Kansai,JP-KN,258.0,322.0,,19.0,,False,
2025-01-02T00:00:00.000Z,Japan,Kansai,JP-KN,205.0,264.0,,30.0,,False,
2025-01-02T01:00:00.000Z,Japan,Kansai,JP-KN,164.0,219.0,,38.0,,False,
2025-01-02T02:00:00.000Z,Japan,Kansai,JP-KN,146.0,200.0,,42.0,,False,
2025-01-02T03:00:00.000Z,Japan,Kansai,JP-KN,150.0,204.0,,41.0,,False,
2025-01-02T04:00:00.000Z,Japan,Kansai,JP-KN,159.0,213.0,,37.0,,False,
2025-01-02T05:00:00.000Z,Japan,Kansai,JP-KN,179.0,235.0,,32.0,,False,
2025-01-02T06:00:00.000Z,Japan,Kansai,JP-KN,228.0,289.0,,21.0,,False,
2025-01-02T07:00:00.000Z,Japan,Kansai,JP-KN,289.0,357.0,,11.0,,False,
2025-01-02T08:00:00.000Z,Japan,Kansai,JP-KN,313.0,381.0,,11.0,,False,
2025-01-02T09:00:00.000Z,Japan,Kansai,JP-KN,308.0,374.0,,13.0,,False,
2025-01-02T10:00:00.000Z,Japan,Kansai,JP-KN,309.0,376.0,,13.0,,False,
2025-01-02T11:00:00.000Z,Japan,Kansai,JP-KN,314.0,380.0,,12.0,,False,
2025-01-02T12:00:00.000Z,Japan,Kansai,JP-KN,319.0,387.0,,11.0,,False,
2025-01-02T13:00:00.000Z,Japan,Kansai,JP-KN,319.0,386.0,,10.0,,False,
2025-01-02T14:00:00.000Z,Japan,Kansai,JP-KN,323.0,391.0,,8.0,,False,
2025-01-02T15:00:00.000Z,Japan,Kansai,JP-KN,325.0,394.0,,7.0,,False,
2025-01-02T16:00:00.000Z,Japan,Kansai,JP-KN,319.0,388.0,,8.0,,False,
2025-01-02T17:00:00.000Z,Japan,Kansai,JP-KN,316.0,385.0,,8.0,,False,
2025-01-02T18:00:00.000Z,Japan,Kansai,JP-KN,316.0,384.0,,8.0,,False,
2025-01-02T19:00:00.000Z,Japan,Kansai,JP-KN,318.0,387.0,,7.0,,False,
2025-01-02T20:00:00.000Z,Japan,Kansai,JP-KN,313.0,382.0,,7.0,,False,
2025-01-02T21:00:00.000Z,Japan,Kansai,JP-KN,311.0,380.0,,7.0,,False,
2025-01-02T22:00:00.000Z,Japan,Kansai,JP-KN,313.0,383.0,,8.0,,False,
2025-01-02T23:00:00.000Z,Japan,Kansai,JP-KN,284.0,352.0,,15.0,,False,
2025-01-03T00:00:00.000Z,Japan,Kansai,JP-KN,225.0,285.0,,27.0,,False,
2025-01-03T01:00:00.000Z,Japan,Kansai,JP-KN,183.0,240.0,,35.0,,False,
2025-01-03T02:00:00.000Z,Japan,Kansai,JP-KN,172.0,228.0,,37.0,,False,
2025-01-03T03:00:00.000Z,Japan,Kansai,JP-KN,168.0,222.0,,36.0,,False,
2025-01-03T04:00:00.000Z,Japan,Kansai,JP-KN,180.0,234.0,,34.0,,False,
2025-01-03T05:00:00.000Z,Japan,Kansai,JP-KN,194.0,250.0,,30.0,,False,
2025-01-03T06:00:00.000Z,Japan,Kansai,JP-KN,236.0,298.0,,21.0,,False,
2025-01-03T07:00:00.000Z,Japan,Kansai,JP-KN,286.0,352.0,,14.0,,False,
2025-01-03T08:00:00.000Z,Japan,Kansai,JP-KN,301.0,369.0,,14.0,,False,
2025-01-03T09:00:00.000Z,Japan,Kansai,JP-KN,304.0,371.0,,15.0,,False,
2025-01-03T10:00:00.000Z,Japan,Kansai,JP-KN,307.0,374.0,,15.0,,False,
2025-01-03T11:00:00.000Z,Japan,Kansai,JP-KN,316.0,384.0,,13.0,,False,
2025-01-03T12:00:00.000Z,Japan,Kansai,JP-KN,323.0,391.0,,11.0,,False,
2025-01-03T13:00:00.000Z,Japan,Kansai,JP-KN,322.0,390.0,,10.0,,False,
2025-01-03T14:00:00.000Z,Japan,Kansai,JP-KN,326.0,397.0,,8.0,,False,
2025-01-03T15:00:00.000Z,Japan,Kansai,JP-KN,323.0,393.0,,7.0,,False,
2025-01-03T16:00:00.000Z,Japan,Kansai,JP-KN,321.0,391.0,,7.0,,False,
2025-01-03T17:00:00.000Z,Japan,Kansai,JP-KN,325.0,395.0,,6.0,,False,
2025-01-03T18:00:00.000Z,Japan,Kansai,JP-KN,331.0,401.0,,6.0,,False,
2025-01-03T19:00:00.000Z,Japan,Kansai,JP-KN,328.0,399.0,,6.0,,False,
2025-01-03T20:00:00.000Z,Japan,Kansai,JP-KN,326.0,396.0,,6.0,,False,
2025-01-03T21:00:00.000Z,Japan,Kansai,JP-KN,332.0,403.0,,6.0,,False,
2025-01-03T22:00:00.000Z,Japan,Kansai,JP-KN,338.0,407.0,,8.0,,False,
2025-01-03T23:00:00.000Z,Japan,Kansai,JP-KN,316.0,384.0,,14.0,,False,
2025-01-04T00:00:00.000Z,Japan,Kansai,JP-KN,282.0,344.0,,22.0,,False,
2025-01-04T01:00:00.000Z,Japan,Kansai,JP-KN,257.0,315.0,,28.0,,False,
2025-01-04T02:00:00.000Z,Japan,Kansai,JP-KN,238.0,293.0,,32.0,,False,
2025-01-04T03:00:00.000Z,Japan,Kansai,JP-KN,243.0,299.0,,30.0,,False,
2025-01-04T04:00:00.000Z,Japan,Kansai,JP-KN,253.0,310.0,,27.0,,False,
2025-01-04T05:00:00.000Z,Japan,Kansai,JP-KN,275.0,333.0,,23.0,,False,
2025-01-04T06:00:00.000Z,Japan,Kansai,JP-KN,306.0,369.0,,15.0,,False,
2025-01-04T07:00:00.000Z,Japan,Kansai,JP-KN,322.0,389.0,,12.0,,False,
2025-01-04T08:00:00.000Z,Japan,Kansai,JP-KN,324.0,392.0,,13.0,,False,
2025-01-04T09:00:00.000Z,Japan,Kansai,JP-KN,318.0,385.0,,14.0,,False,
2025-01-04T10:00:00.000Z,Japan,Kansai,JP-KN,322.0,391.0,,13.0,,False,
2025-01-04T11:00:00.000Z,Japan,Kansai,JP-KN,332.0,402.0,,11.0,,False,
2025-01-04T12:00:00.000Z,Japan,Kansai,JP-KN,336.0,406.0,,10.0,,False,
2025-01-04T13:00:00.000Z,Japan,Kansai,JP-KN,337.0,407.0,,9.0,,False,
2025-01-04T14:00:00.000Z,Japan,Kansai,JP-KN,341.0,412.0,,7.0,,False,
2025-01-04T15:00:00.000Z,Japan,Kansai,JP-KN,344.0,413.0,,6.0,,False,
2025-01-04T16:00:00.000Z,Japan,Kansai,JP-KN,346.0,415.0,,6.0,,False,
2025-01-04T17:00:00.000Z,Japan,Kansai,JP-KN,348.0,419.0,,5.0,,False,
2025-01-04T18:00:00.000Z,Japan,Kansai,JP-KN,348.0,420.0,,5.0,,False,
2025-01-04T19:00:00.000Z,Japan,Kansai,JP-KN,347.0,418.0,,5.0,,False,
2025-01-04T20:00:00.000Z,Japan,Kansai,JP-KN,346.0,416.0,,5.0,,False,
2025-01-04T21:00:00.000Z,Japan,Kansai,JP-KN,345.0,415.0,,5.0,,False,
2025-01-04T22:00:00.000Z,Japan,Kansai,JP-KN,342.0,412.0,,8.0,,False,
2025-01-04T23:00:00.000Z,Japan,Kansai,JP-KN,313.0,381.0,,15.0,,False,
2025-01-05T00:00:00.000Z,Japan,Kansai,JP-KN,280.0,344.0,,22.0,,False,
2025-01-05T01:00:00.000Z,Japan,Kansai,JP-KN,264.0,323.0,,26.0,,False,
2025-01-05T02:00:00.000Z,Japan,Kansai,JP-KN,242.0,297.0,,30.0,,False,
2025-01-05T03:00:00.000Z,Japan,Kansai,JP-KN,235.0,292.0,,32.0,,False,
2025-01-05T04:00:00.000Z,Japan,Kansai,JP-KN,241.0,298.0,,30.0,,False,
2025-01-05T05:00:00.000Z,Japan,Kansai,JP-KN,268.0,328.0,,24.0,,False,
2025-01-05T06:00:00.000Z,Japan,Kansai,JP-KN,311.0,376.0,,15.0,,False,
2025-01-05T07:00:00.000Z,Japan,Kansai,JP-KN,330.0,400.0,,10.0,,False,
2025-01-05T08:00:00.000Z,Japan,Kansai,JP-KN,328.0,399.0,,12.0,,False,
2025-01-05T09:00:00.000Z,Japan,Kansai,JP-KN,323.0,394.0,,13.0,,False,
2025-01-05T10:00:00.000Z,Japan,Kansai,JP-KN,328.0,399.0,,12.0,,False,
2025-01-05T11:00:00.000Z,Japan,Kansai,JP-KN,343.0,415.0,,10.0,,False,
2025-01-05T12:00:00.000Z,Japan,Kansai,JP-KN,345.0,415.0,,9.0,,False,
2025-01-05T13:00:00.000Z,Japan,Kansai,JP-KN,346.0,415.0,,9.0,,False,
2025-01-05T14:00:00.000Z,Japan,Kansai,JP-KN,346.0,414.0,,8.0,,False,
2025-01-05T15:00:00.000Z,Japan,Kansai,JP-KN,345.0,416.0,,7.0,,False,
2025-01-05T16:00:00.000Z,Japan,Kansai,JP-KN,345.0,417.0,,7.0,,False,
2025-01-05T17:00:00.000Z,Japan,Kansai,JP-KN,350.0,422.0,,6.0,,False,
2025-01-05T18:00:00.000Z,Japan,Kansai,JP-KN,350.0,424.0,,6.0,,False,
2025-01-05T19:00:00.000Z,Japan,Kansai,JP-KN,351.0,424.0,,6.0,,False,
2025-01-05T20:00:00.000Z,Japan,Kansai,JP-KN,346.0,420.0,,6.0,,False,
2025-01-05T21:00:00.000Z,Japan,Kansai,JP-KN,348.0,423.0,,6.0,,False,
2025-01-05T22:00:00.000Z,Japan,Kansai,JP-KN,345.0,420.0,,9.0,,False,
2025-01-05T23:00:00.000Z,Japan,Kansai,JP-KN,328.0,400.0,,16.0,,False,
2025-01-06T00:00:00.000Z,Japan,Kansai,JP-KN,319.0,390.0,,18.0,,False,
2025-01-06T01:00:00.000Z,Japan,Kansai,JP-KN,317.0,387.0,,19.0,,False,
2025-01-06T02:00:00.000Z,Japan,Kansai,JP-KN,317.0,388.0,,18.0,,False,
2025-01-06T03:00:00.000Z,Japan,Kansai,JP-KN,335.0,409.0,,14.0,,False,
2025-01-06T04:00:00.000Z,Japan,Kansai,JP-KN,333.0,408.0,,14.0,,False,
2025-01-06T05:00:00.000Z,Japan,Kansai,JP-KN,344.0,419.0,,12.0,,False,
2025-01-06T06:00:00.000Z,Japan,Kansai,JP-KN,343.0,418.0,,12.0,,False,
2025-01-06T07:00:00.000Z,Japan,Kansai,JP-KN,352.0,427.0,,11.0,,False,
2025-01-06T08:00:00.000Z,Japan,Kansai,JP-KN,347.0,421.0,,12.0,,False,
2025-01-06T09:00:00.000Z,Japan,Kansai,JP-KN,347.0,421.0,,12.0,,False,
2025-01-06T10:00:00.000Z,Japan,Kansai,JP-KN,350.0,424.0,,11.0,,False,
2025-01-06T11:00:00.000Z,Japan,Kansai,JP-KN,352.0,426.0,,10.0,,False,
2025-01-06T12:00:00.000Z,Japan,Kansai,JP-KN,349.0,423.0,,10.0,,False,
2025-01-06T13:00:00.000Z,Japan,Kansai,JP-KN,354.0,427.0,,8.0,,False,
2025-01-06T14:00:00.000Z,Japan,Kansai,JP-KN,347.0,419.0,,8.0,,False,
2025-01-06T15:00:00.000Z,Japan,Kansai,JP-KN,349.0,420.0,,8.0,,False,
2025-01-06T16:00:00.000Z,Japan,Kansai,JP-KN,346.0,417.0,,8.0,,False,
2025-01-06T17:00:00.000Z,Japan,Kansai,JP-KN,345.0,416.0,,8.0,,False,
2025-01-06T18:00:00.000Z,Japan,Kansai,JP-KN,348.0,419.0,,8.0,,False,
2025-01-06T19:00:00.000Z,Japan,Kansai,JP-KN,348.0,420.0,,8.0,,False,
2025-01-06T20:00:00.000Z,Japan,Kansai,JP-KN,350.0,422.0,,8.0,,False,
2025-01-06T21:00:00.000Z,Japan,Kansai,JP-KN,348.0,421.0,,8.0,,False,
2025-01-06T22:00:00.000Z,Japan,Kansai,JP-KN,344.0,418.0,,11.0,,False,
2025-01-06T23:00:00.000Z,Japan,Kansai,JP-KN,325.0,397.0,,17.0,,False,
2025-01-07T00:00:00.000Z,Japan,Kansai,JP-KN,300.0,371.0,,22.0,,False,
2025-01-07T01:00:00.000Z,Japan,Kansai,JP-KN,286.0,355.0,,25.0,,False,
2025-01-07T02:00:00.000Z,Japan,Kansai,JP-KN,287.0,356.0,,25.0,,False,
2025-01-07T03:00:00.000Z,Japan,Kansai,JP-KN,292.0,361.0,,23.0,,False,
2025-01-07T04:00:00.000Z,Japan,Kansai,JP-KN,296.0,366.0,,22.0,,False,
2025-01-07T05:00:00.000Z,Japan,Kansai,JP-KN,310.0,381.0,,19.0,,False,
2025-01-07T06:00:00.000Z,Japan,Kansai,JP-KN,322.0,393.0,,17.0,,False,
2025-01-07T07:00:00.000Z,Japan,Kansai,JP-KN,322.0,394.0,,17.0,,False,
2025-01-07T08:00:00.000Z,Japan,Kansai,JP-KN,319.0,390.0,,18.0,,False,
2025-01-07T09:00:00.000Z,Japan,Kansai,JP-KN,319.0,390.0,,17.0,,False,
2025-01-07T10:00:00.000Z,Japan,Kansai,JP-KN,325.0,397.0,,16.0,,False,
2025-01-07T11:00:00.000Z,Japan,Kansai,JP-KN,331.0,405.0,,14.0,,False,
2025-01-07T12:00:00.000Z,Japan,Kansai,JP-KN,338.0,412.0,,12.0,,False,
2025-01-07T13:00:00.000Z,Japan,Kansai,JP-KN,343.0,417.0,,10.0,,False,
2025-01-07T14:00:00.000Z,Japan,Kansai,JP-KN,350.0,423.0,,9.0,,False,
2025-01-07T15:00:00.000Z,Japan,Kansai,JP-KN,350.0,425.0,,7.0,,False,
2025-01-07T16:00:00.000Z,Japan,Kansai,JP-KN,350.0,425.0,,7.0,,False,
2025-01-07T17:00:00.000Z,Japan,Kansai,JP-KN,350.0,426.0,,7.0,,False,
2025-01-07T18:00:00.000Z,Japan,Kansai,JP-KN,349.0,426.0,,7.0,,False,
2025-01-07T19:00:00.000Z,Japan,Kansai,JP-KN,352.0,428.0,,6.0,,False,
2025-01-07T20:00:00.000Z,Japan,Kansai,JP-KN,356.0,432.0,,6.0,,False,
2025-01-07T21:00:00.000Z,Japan,Kansai,JP-KN,359.0,436.0,,7.0,,False,
2025-01-07T22:00:00.000Z,Japan,Kansai,JP-KN,348.0,422.0,,12.0,,False,
2025-01-07T23:00:00.000Z,Japan,Kansai,JP-KN,331.0,403.0,,17.0,,False,
2025-01-08T00:00:00.000Z,Japan,Kansai,JP-KN,306.0,376.0,,22.0,,False,
2025-01-08T01:00:00.000Z,Japan,Kansai,JP-KN,293.0,362.0,,25.0,,False,
2025-01-08T02:00:00.000Z,Japan,Kansai,JP-KN,287.0,356.0,,26.0,,False,
2025-01-08T03:00:00.000Z,Japan,Kansai,JP-KN,290.0,359.0,,25.0,,False,
2025-01-08T04:00:00.000Z,Japan,Kansai,JP-KN,301.0,371.0,,23.0,,False,
2025-01-08T05:00:00.000Z,Japan,Kansai,JP-KN,318.0,390.0,,19.0,,False,
2025-01-08T06:00:00.000Z,Japan,Kansai,JP-KN,334.0,407.0,,16.0,,False,
2025-01-08T07:00:00.000Z,Japan,Kansai,JP-KN,342.0,416.0,,14.0,,False,
2025-01-08T08:00:00.000Z,Japan,Kansai,JP-KN,337.0,410.0,,15.0,,False,
2025-01-08T09:00:00.000Z,Japan,Kansai,JP-KN,333.0,406.0,,16.0,,False,
2025-01-08T10:00:00.000Z,Japan,Kansai,JP-KN,335.0,408.0,,16.0,,False,
2025-01-08T11:00:00.000Z,Japan,Kansai,JP-KN,341.0,415.0,,14.0,,False,
2025-01-08T12:00:00.000Z,Japan,Kansai,JP-KN,351.0,425.0,,11.0,,False,
2025-01-08T13:00:00.000Z,Japan,Kansai,JP-KN,355.0,429.0,,10.0,,False,
2025-01-08T14:00:00.000Z,Japan,Kansai,JP-KN,353.0,428.0,,8.0,,False,
2025-01-08T15:00:00.000Z,Japan,Kansai,JP-KN,358.0,433.0,,7.0,,False,
2025-01-08T16:00:00.000Z,Japan,Kansai,JP-KN,356.0,431.0,,6.0,,False,
2025-01-08T17:00:00.000Z,Japan,Kansai,JP-KN,360.0,435.0,,6.0,,False,
2025-01-08T18:00:00.000Z,Japan,Kansai,JP-KN,364.0,439.0,,6.0,,False,
2025-01-08T19:00:00.000Z,Japan,Kansai,JP-KN,364.0,439.0,,6.0,,False,
2025-01-08T20:00:00.000Z,Japan,Kansai,JP-KN,365.0,440.0,,6.0,,False,
2025-01-08T21:00:00.000Z,Japan,Kansai,JP-KN,361.0,437.0,,7.0,,False,
2025-01-08T22:00:00.000Z,Japan,Kansai,JP-KN,348.0,422.0,,12.0,,False,
2025-01-08T23:00:00.000Z,Japan,Kansai,JP-KN,332.0,404.0,,17.0,,False,
2025-01-09T00:00:00.000Z,Japan,Kansai,JP-KN,313.0,383.0,,21.0,,False,
2025-01-09T01:00:00.000Z,Japan,Kansai,JP-KN,307.0,376.0,,22.0,,False,
2025-01-09T02:00:00.000Z,Japan,Kansai,JP-KN,300.0,369.0,,23.0,,False,
2025-01-09T03:00:00.000Z,Japan,Kansai,JP-KN,296.0,365.0,,24.0,,False,
2025-01-09T04:00:00.000Z,Japan,Kansai,JP-KN,303.0,372.0,,23.0,,False,
2025-01-09T05:00:00.000Z,Japan,Kansai,JP-KN,315.0,385.0,,20.0,,False,
2025-01-09T06:00:00.000Z,Japan,Kansai,JP-KN,330.0,403.0,,16.0,,False,
2025-01-09T07:00:00.000Z,Japan,Kansai,JP-KN,334.0,409.0,,15.0,,False,
2025-01-09T08:00:00.000Z,Japan,Kansai,JP-KN,335.0,409.0,,15.0,,False,
2025-01-09T09:00:00.000Z,Japan,Kansai,JP-KN,332.0,407.0,,16.0,,False,
2025-01-09T10:00:00.000Z,Japan,Kansai,JP-KN,336.0,411.0,,15.0,,False,
2025-01-09T11:00:00.000Z,Japan,Kansai,JP-KN,340.0,416.0,,13.0,,False,
2025-01-09T12:00:00.000Z,Japan,Kansai,JP-KN,349.0,426.0,,11.0,,False,
2025-01-09T13:00:00.000Z,Japan,Kansai,JP-KN,359.0,436.0,,9.0,,False,
2025-01-09T14:00:00.000Z,Japan,Kansai,JP-KN,358.0,435.0,,8.0,,False,
2025-01-09T15:00:00.000Z,Japan,Kansai,JP-KN,359.0,436.0,,7.0,,False,
2025-01-09T16:00:00.000Z,Japan,Kansai,JP-KN,359.0,435.0,,7.0,,False,
2025-01-09T17:00:00.000Z,Japan,Kansai,JP-KN,359.0,435.0,,6.0,,False,
2025-01-09T18:00:00.000Z,Japan,Kansai,JP-KN,361.0,438.0,,6.0,,False,
2025-01-09T19:00:00.000Z,Japan,Kansai,JP-KN,362.0,440.0,,6.0,,False,
2025-01-09T20:00:00.000Z,Japan,Kansai,JP-KN,359.0,436.0,,6.0,,False,
2025-01-09T21:00:00.000Z,Japan,Kansai,JP-KN,361.0,440.0,,7.0,,False,
2025-01-09T22:00:00.000Z,Japan,Kansai,JP-KN,353.0,431.0,,11.0,,False,
2025-01-09T23:00:00.000Z,Japan,Kansai,JP-KN,331.0,407.0,,17.0,,False,
2025-01-10T00:00:00.000Z,Japan,Kansai,JP-KN,316.0,390.0,,20.0,,False,
2025-01-10T01:00:00.000Z,Japan,Kansai,JP-KN,307.0,379.0,,22.0,,False,
2025-01-10T02:00:00.000Z,Japan,Kansai,JP-KN,305.0,376.0,,22.0,,False,
2025-01-10T03:00:00.000Z,Japan,Kansai,JP-KN,308.0,380.0,,21.0,,False,
2025-01-10T04:00:00.000Z,Japan,Kansai,JP-KN,314.0,387.0,,19.0,,False,
2025-01-10T05:00:00.000Z,Japan,Kansai,JP-KN,326.0,400.0,,17.0,,False,
2025-01-10T06:00:00.000Z,Japan,Kansai,JP-KN,337.0,412.0,,14.0,,False,
2025-01-10T07:00:00.000Z,Japan,Kansai,JP-KN,336.0,411.0,,15.0,,False,
2025-01-10T08:00:00.000Z,Japan,Kansai,JP-KN,334.0,409.0,,16.0,,False,
2025-01-10T09:00:00.000Z,Japan,Kansai,JP-KN,332.0,407.0,,16.0,,False,
2025-01-10T10:00:00.000Z,Japan,Kansai,JP-KN,333.0,406.0,,15.0,,False,
2025-01-10T11:00:00.000Z,Japan,Kansai,JP-KN,342.0,418.0,,13.0,,False,
2025-01-10T12:00:00.000Z,Japan,Kansai,JP-KN,345.0,421.0,,11.0,,False,
2025-01-10T13:00:00.000Z,Japan,Kansai,JP-KN,355.0,432.0,,9.0,,False,
2025-01-10T14:00:00.000Z,Japan,Kansai,JP-KN,354.0,430.0,,9.0,,False,
2025-01-10T15:00:00.000Z,Japan,Kansai,JP-KN,359.0,435.0,,7.0,,False,
2025-01-10T16:00:00.000Z,Japan,Kansai,JP-KN,364.0,440.0,,6.0,,False,
2025-01-10T17:00:00.000Z,Japan,Kansai,JP-KN,363.0,440.0,,6.0,,False,
2025-01-10T18:00:00.000Z,Japan,Kansai,JP-KN,364.0,441.0,,6.0,,False,
2025-01-10T19:00:00.000Z,Japan,Kansai,JP-KN,365.0,442.0,,6.0,,False,
2025-01-10T20:00:00.000Z,Japan,Kansai,JP-KN,366.0,442.0,,6.0,,False,
2025-01-10T21:00:00.000Z,Japan,Kansai,JP-KN,363.0,440.0,,6.0,,False,
2025-01-10T22:00:00.000Z,Japan,Kansai,JP-KN,353.0,429.0,,9.0,,False,
2025-01-10T23:00:00.000Z,Japan,Kansai,JP-KN,335.0,409.0,,13.0,,False,
2025-01-11T00:00:00.000Z,Japan,Kansai,JP-KN,314.0,384.0,,19.0,,False,
2025-01-11T01:00:00.000Z,Japan,Kansai,JP-KN,289.0,353.0,,26.0,,False,
2025-01-11T02:00:00.000Z,Japan,Kansai,JP-KN,282.0,343.0,,29.0,,False,
2025-01-11T03:00:00.000Z,Japan,Kansai,JP-KN,287.0,348.0,,27.0,,False,
2025-01-11T04:00:00.000Z,Japan,Kansai,JP-KN,294.0,355.0,,24.0,,False,
2025-01-11T05:00:00.000Z,Japan,Kansai,JP-KN,309.0,372.0,,21.0,,False,
2025-01-11T06:00:00.000Z,Japan,Kansai,JP-KN,325.0,392.0,,16.0,,False,
2025-01-11T07:00:00.000Z,Japan,Kansai,JP-KN,343.0,415.0,,12.0,,False,
2025-01-11T08:00:00.000Z,Japan,Kansai,JP-KN,340.0,413.0,,12.0,,False,
2025-01-11T09:00:00.000Z,Japan,Kansai,JP-KN,338.0,411.0,,13.0,,False,
2025-01-11T10:00:00.000Z,Japan,Kansai,JP-KN,339.0,412.0,,13.0,,False,
2025-01-11T11:00:00.000Z,Japan,Kansai,JP-KN,341.0,414.0,,12.0,,False,
2025-01-11T12:00:00.000Z,Japan,Kansai,JP-KN,342.0,416.0,,12.0,,False,
2025-01-11T13:00:00.000Z,Japan,Kansai,JP-KN,351.0,424.0,,10.0,,False,
2025-01-11T14:00:00.000Z,Japan,Kansai,JP-KN,360.0,433.0,,8.0,,False,
2025-01-11T15:00:00.000Z,Japan,Kansai,JP-KN,367.0,439.0,,7.0,,False,
2025-01-11T16:00:00.000Z,Japan,Kansai,JP-KN,370.0,441.0,,7.0,,False,
2025-01-11T17:00:00.000Z,Japan,Kansai,JP-KN,368.0,440.0,,6.0,,False,
2025-01-11T18:00:00.000Z,Japan,Kansai,JP-KN,368.0,439.0,,6.0,,False,
2025-01-11T19:00:00.000Z,Japan,Kansai,JP-KN,369.0,440.0,,6.0,,False,
2025-01-11T20:00:00.000Z,Japan,Kansai,JP-KN,371.0,441.0,,6.0,,False,
2025-01-11T21:00:00.000Z,Japan,Kansai,JP-KN,371.0,441.0,,6.0,,False,
2025-01-11T22:00:00.000Z,Japan,Kansai,JP-KN,357.0,429.0,,9.0,,False,
2025-01-11T23:00:00.000Z,Japan,Kansai,JP-KN,337.0,406.0,,14.0,,False,
2025-01-12T00:00:00.000Z,Japan,Kansai,JP-KN,303.0,366.0,,23.0,,False,
2025-01-12T01:00:00.000Z,Japan,Kansai,JP-KN,268.0,328.0,,29.0,,False,
2025-01-12T02:00:00.000Z,Japan,Kansai,JP-KN,254.0,313.0,,31.0,,False,
2025-01-12T03:00:00.000Z,Japan,Kansai,JP-KN,260.0,320.0,,30.0,,False,
2025-01-12T04:00:00.000Z,Japan,Kansai,JP-KN,289.0,348.0,,26.0,,False,
2025-01-12T05:00:00.000Z,Japan,Kansai,JP-KN,310.0,371.0,,22.0,,False,
2025-01-12T06:00:00.000Z,Japan,Kansai,JP-KN,332.0,397.0,,16.0,,False,
2025-01-12T07:00:00.000Z,Japan,Kansai,JP-KN,345.0,412.0,,13.0,,False,
2025-01-12T08:00:00.000Z,Japan,Kansai,JP-KN,346.0,418.0,,11.0,,False,
2025-01-12T09:00:00.000Z,Japan,Kansai,JP-KN,340.0,412.0,,13.0,,False,
2025-01-12T10:00:00.000Z,Japan,Kansai,JP-KN,341.0,413.0,,12.0,,False,
2025-01-12T11:00:00.000Z,Japan,Kansai,JP-KN,344.0,416.0,,12.0,,False,
2025-01-12T12:00:00.000Z,Japan,Kansai,JP-KN,348.0,421.0,,11.0,,False,
2025-01-12T13:00:00.000Z,Japan,Kansai,JP-KN,354.0,426.0,,9.0,,False,
2025-01-12T14:00:00.000Z,Japan,Kansai,JP-KN,362.0,433.0,,8.0,,False,
2025-01-12T15:00:00.000Z,Japan,Kansai,JP-KN,365.0,434.0,,8.0,,False,
2025-01-12T16:00:00.000Z,Japan,Kansai,JP-KN,364.0,434.0,,7.0,,False,
2025-01-12T17:00:00.000Z,Japan,Kansai,JP-KN,367.0,437.0,,7.0,,False,
2025-01-12T18:00:00.000Z,Japan,Kansai,JP-KN,367.0,438.0,,7.0,,False,
2025-01-12T19:00:00.000Z,Japan,Kansai,JP-KN,369.0,439.0,,7.0,,False,
2025-01-12T20:00:00.000Z,Japan,Kansai,JP-KN,369.0,437.0,,7.0,,False,
2025-01-12T21:00:00.000Z,Japan,Kansai,JP-KN,366.0,435.0,,8.0,,False,
2025-01-12T22:00:00.000Z,Japan,Kansai,JP-KN,352.0,425.0,,10.0,,False,
2025-01-12T23:00:00.000Z,Japan,Kansai,JP-KN,333.0,404.0,,15.0,,False,
2025-01-13T00:00:00.000Z,Japan,Kansai,JP-KN,307.0,374.0,,21.0,,False,
2025-01-13T01:00:00.000Z,Japan,Kansai,JP-KN,285.0,346.0,,27.0,,False,
2025-01-13T02:00:00.000Z,Japan,Kansai,JP-KN,276.0,335.0,,29.0,,False,
2025-01-13T03:00:00.000Z,Japan,Kansai,JP-KN,276.0,335.0,,29.0,,False,
2025-01-13T04:00:00.000Z,Japan,Kansai,JP-KN,282.0,342.0,,27.0,,False,
2025-01-13T05:00:00.000Z,Japan,Kansai,JP-KN,296.0,358.0,,23.0,,False,
2025-01-13T06:00:00.000Z,Japan,Kansai,JP-KN,325.0,389.0,,17.0,,False,
2025-01-13T07:00:00.000Z,Japan,Kansai,JP-KN,338.0,407.0,,14.0,,False,
2025-01-13T08:00:00.000Z,Japan,Kansai,JP-KN,339.0,411.0,,14.0,,False,
2025-01-13T09:00:00.000Z,Japan,Kansai,JP-KN,332.0,404.0,,14.0,,False,
2025-01-13T10:00:00.000Z,Japan,Kansai,JP-KN,335.0,407.0,,13.0,,False,
2025-01-13T11:00:00.000Z,Japan,Kansai,JP-KN,338.0,412.0,,12.0,,False,
2025-01-13T12:00:00.000Z,Japan,Kansai,JP-KN,342.0,415.0,,11.0,,False,
2025-01-13T13:00:00.000Z,Japan,Kansai,JP-KN,350.0,423.0,,10.0,,False,
2025-01-13T14:00:00.000Z,Japan,Kansai,JP-KN,356.0,426.0,,9.0,,False,
2025-01-13T15:00:00.000Z,Japan,Kansai,JP-KN,367.0,436.0,,8.0,,False,
2025-01-13T16:00:00.000Z,Japan,Kansai,JP-KN,370.0,438.0,,7.0,,False,
2025-01-13T17:00:00.000Z,Japan,Kansai,JP-KN,367.0,437.0,,7.0,,False,
2025-01-13T18:00:00.000Z,Japan,Kansai,JP-KN,365.0,434.0,,7.0,,False,
2025-01-13T19:00:00.000Z,Japan,Kansai,JP-KN,361.0,430.0,,8.0,,False,
2025-01-13T20:00:00.000Z,Japan,Kansai,JP-KN,357.0,428.0,,8.0,,False,
2025-01-13T21:00:00.000Z,Japan,Kansai,JP-KN,349.0,424.0,,10.0,,False,
2025-01-13T22:00:00.000Z,Japan,Kansai,JP-KN,341.0,416.0,,13.0,,False,
2025-01-13T23:00:00.000Z,Japan,Kansai,JP-KN,327.0,401.0,,17.0,,False,
2025-01-14T00:00:00.000Z,Japan,Kansai,JP-KN,306.0,378.0,,22.0,,False,
2025-01-14T01:00:00.000Z,Japan,Kansai,JP-KN,289.0,358.0,,26.0,,False,
2025-01-14T02:00:00.000Z,Japan,Kansai,JP-KN,285.0,351.0,,27.0,,False,
2025-01-14T03:00:00.000Z,Japan,Kansai,JP-KN,290.0,356.0,,27.0,,False,
2025-01-14T04:00:00.000Z,Japan,Kansai,JP-KN,304.0,373.0,,23.0,,False,
2025-01-14T05:00:00.000Z,Japan,Kansai,JP-KN,315.0,385.0,,19.0,,False,
2025-01-14T06:00:00.000Z,Japan,Kansai,JP-KN,325.0,399.0,,16.0,,False,
2025-01-14T07:00:00.000Z,Japan,Kansai,JP-KN,332.0,406.0,,15.0,,False,
2025-01-14T08:00:00.000Z,Japan,Kansai,JP-KN,338.0,413.0,,14.0,,False,
2025-01-14T09:00:00.000Z,Japan,Kansai,JP-KN,338.0,413.0,,14.0,,False,
2025-01-14T10:00:00.000Z,Japan,Kansai,JP-KN,342.0,417.0,,13.0,,False,
2025-01-14T11:00:00.000Z,Japan,Kansai,JP-KN,342.0,418.0,,12.0,,False,
2025-01-14T12:00:00.000Z,Japan,Kansai,JP-KN,343.0,417.0,,12.0,,False,
2025-01-14T13:00:00.000Z,Japan,Kansai,JP-KN,354.0,426.0,,9.0,,False,
2025-01-14T14:00:00.000Z,Japan,Kansai,JP-KN,358.0,428.0,,9.0,,False,
2025-01-14T15:00:00.000Z,Japan,Kansai,JP-KN,364.0,430.0,,8.0,,False,
2025-01-14T16:00:00.000Z,Japan,Kansai,JP-KN,365.0,432.0,,8.0,,False,
2025-01-14T17:00:00.000Z,Japan,Kansai,JP-KN,364.0,432.0,,8.0,,False,
2025-01-14T18:00:00.000Z,Japan,Kansai,JP-KN,366.0,435.0,,8.0,,False,
2025-01-14T19:00:00.000Z,Japan,Kansai,JP-KN,365.0,434.0,,8.0,,False,
2025-01-14T20:00:00.000Z,Japan,Kansai,JP-KN,365.0,436.0,,7.0,,False,
2025-01-14T21:00:00.000Z,Japan,Kansai,JP-KN,357.0,431.0,,8.0,,False,
2025-01-14T22:00:00.000Z,Japan,Kansai,JP-KN,348.0,425.0,,11.0,,False,
2025-01-14T23:00:00.000Z,Japan,Kansai,JP-KN,330.0,407.0,,15.0,,False,
2025-01-15T00:00:00.000Z,Japan,Kansai,JP-KN,320.0,396.0,,18.0,,False,
2025-01-15T01:00:00.000Z,Japan,Kansai,JP-KN,309.0,383.0,,20.0,,False,
2025-01-15T02:00:00.000Z,Japan,Kansai,JP-KN,301.0,375.0,,21.0,,False,
2025-01-15T03:00:00.000Z,Japan,Kansai,JP-KN,299.0,371.0,,22.0,,False,
2025-01-15T04:00:00.000Z,Japan,Kansai,JP-KN,306.0,378.0,,21.0,,False,
2025-01-15T05:00:00.000Z,Japan,Kansai,JP-KN,313.0,386.0,,20.0,,False,
2025-01-15T06:00:00.000Z,Japan,Kansai,JP-KN,319.0,392.0,,18.0,,False,
2025-01-15T07:00:00.000Z,Japan,Kansai,JP-KN,330.0,405.0,,16.0,,False,
2025-01-15T08:00:00.000Z,Japan,Kansai,JP-KN,333.0,407.0,,16.0,,False,
2025-01-15T09:00:00.000Z,Japan,Kansai,JP-KN,333.0,407.0,,17.0,,False,
2025-01-15T10:00:00.000Z,Japan,Kansai,JP-KN,335.0,410.0,,16.0,,False,
2025-01-15T11:00:00.000Z,Japan,Kansai,JP-KN,339.0,416.0,,14.0,,False,
2025-01-15T12:00:00.000Z,Japan,Kansai,JP-KN,346.0,423.0,,12.0,,False,
2025-01-15T13:00:00.000Z,Japan,Kansai,JP-KN,351.0,428.0,,10.0,,False,
2025-01-15T14:00:00.000Z,Japan,Kansai,JP-KN,351.0,425.0,,10.0,,False,
2025-01-15T15:00:00.000Z,Japan,Kansai,JP-KN,354.0,426.0,,9.0,,False,
2025-01-15T16:00:00.000Z,Japan,Kansai,JP-KN,360.0,434.0,,7.0,,False,
2025-01-15T17:00:00.000Z,Japan,Kansai,JP-KN,364.0,438.0,,7.0,,False,
2025-01-15T18:00:00.000Z,Japan,Kansai,JP-KN,363.0,438.0,,7.0,,False,
2025-01-15T19:00:00.000Z,Japan,Kansai,JP-KN,364.0,438.0,,7.0,,False,
2025-01-15T20:00:00.000Z,Japan,Kansai,JP-KN,363.0,439.0,,7.0,,False,
2025-01-15T21:00:00.000Z,Japan,Kansai,JP-KN,360.0,439.0,,7.0,,False,
2025-01-15T22:00:00.000Z,Japan,Kansai,JP-KN,348.0,426.0,,11.0,,False,
2025-01-15T23:00:00.000Z,Japan,Kansai,JP-KN,330.0,407.0,,15.0,,False,
2025-01-16T00:00:00.000Z,Japan,Kansai,JP-KN,310.0,385.0,,21.0,,False,
2025-01-16T01:00:00.000Z,Japan,Kansai,JP-KN,285.0,358.0,,25.0,,False,
2025-01-16T02:00:00.000Z,Japan,Kansai,JP-KN,281.0,354.0,,25.0,,False,
2025-01-16T03:00:00.000Z,Japan,Kansai,JP-KN,280.0,353.0,,25.0,,False,
2025-01-16T04:00:00.000Z,Japan,Kansai,JP-KN,289.0,362.0,,23.0,,False,
2025-01-16T05:00:00.000Z,Japan,Kansai,JP-KN,303.0,377.0,,21.0,,False,
2025-01-16T06:00:00.000Z,Japan,Kansai,JP-KN,323.0,398.0,,17.0,,False,
2025-01-16T07:00:00.000Z,Japan,Kansai,JP-KN,340.0,418.0,,13.0,,False,
2025-01-16T08:00:00.000Z,Japan,Kansai,JP-KN,343.0,422.0,,13.0,,False,
2025-01-16T09:00:00.000Z,Japan,Kansai,JP-KN,341.0,419.0,,13.0,,False,
2025-01-16T10:00:00.000Z,Japan,Kansai,JP-KN,340.0,417.0,,13.0,,False,
2025-01-16T11:00:00.000Z,Japan,Kansai,JP-KN,344.0,423.0,,12.0,,False,
2025-01-16T12:00:00.000Z,Japan,Kansai,JP-KN,353.0,432.0,,10.0,,False,
2025-01-16T13:00:00.000Z,Japan,Kansai,JP-KN,357.0,435.0,,8.0,,False,
2025-01-16T14:00:00.000Z,Japan,Kansai,JP-KN,358.0,434.0,,8.0,,False,
2025-01-16T15:00:00.000Z,Japan,Kansai,JP-KN,362.0,436.0,,7.0,,False,
2025-01-16T16:00:00.000Z,Japan,Kansai,JP-KN,359.0,434.0,,7.0,,False,
2025-01-16T17:00:00.000Z,Japan,Kansai,JP-KN,359.0,434.0,,6.0,,False,
2025-01-16T18:00:00.000Z,Japan,Kansai,JP-KN,363.0,439.0,,6.0,,False,
2025-01-16T19:00:00.000Z,Japan,Kansai,JP-KN,363.0,438.0,,6.0,,False,
2025-01-16T20:00:00.000Z,Japan,Kansai,JP-KN,365.0,443.0,,6.0,,False,
2025-01-16T21:00:00.000Z,Japan,Kansai,JP-KN,362.0,442.0,,7.0,,False,
2025-01-16T22:00:00.000Z,Japan,Kansai,JP-KN,343.0,420.0,,12.0,,False,
2025-01-16T23:00:00.000Z,Japan,Kansai,JP-KN,329.0,404.0,,16.0,,False,
2025-01-17T00:00:00.000Z,Japan,Kansai,JP-KN,313.0,388.0,,19.0,,False,
2025-01-17T01:00:00.000Z,Japan,Kansai,JP-KN,305.0,380.0,,21.0,,False,
2025-01-17T02:00:00.000Z,Japan,Kansai,JP-KN,311.0,385.0,,21.0,,False,
2025-01-17T03:00:00.000Z,Japan,Kansai,JP-KN,314.0,388.0,,20.0,,False,
2025-01-17T04:00:00.000Z,Japan,Kansai,JP-KN,319.0,393.0,,18.0,,False,
2025-01-17T05:00:00.000Z,Japan,Kansai,JP-KN,327.0,402.0,,16.0,,False,
2025-01-17T06:00:00.000Z,Japan,Kansai,JP-KN,334.0,410.0,,14.0,,False,
2025-01-17T07:00:00.000Z,Japan,Kansai,JP-KN,340.0,415.0,,14.0,,False,
2025-01-17T08:00:00.000Z,Japan,Kansai,JP-KN,349.0,426.0,,13.0,,False,
2025-01-17T09:00:00.000Z,Japan,Kansai,JP-KN,344.0,420.0,,13.0,,False,
2025-01-17T10:00:00.000Z,Japan,Kansai,JP-KN,345.0,421.0,,13.0,,False,
2025-01-17T11:00:00.000Z,Japan,Kansai,JP-KN,347.0,425.0,,12.0,,False,
2025-01-17T12:00:00.000Z,Japan,Kansai,JP-KN,361.0,439.0,,9.0,,False,
2025-01-17T13:00:00.000Z,Japan,Kansai,JP-KN,371.0,448.0,,8.0,,False,
2025-01-17T14:00:00.000Z,Japan,Kansai,JP-KN,373.0,447.0,,7.0,,False,
2025-01-17T15:00:00.000Z,Japan,Kansai,JP-KN,376.0,449.0,,6.0,,False,
2025-01-17T16:00:00.000Z,Japan,Kansai,JP-KN,377.0,450.0,,6.0,,False,
2025-01-17T17:00:00.000Z,Japan,Kansai,JP-KN,380.0,452.0,,5.0,,False,
2025-01-17T18:00:00.000Z,Japan,Kansai,JP-KN,382.0,455.0,,5.0,,False,
2025-01-17T19:00:00.000Z,Japan,Kansai,JP-KN,382.0,454.0,,5.0,,False,
2025-01-17T20:00:00.000Z,Japan,Kansai,JP-KN,378.0,450.0,,5.0,,False,
2025-01-17T21:00:00.000Z,Japan,Kansai,JP-KN,373.0,446.0,,6.0,,False,
2025-01-17T22:00:00.000Z,Japan,Kansai,JP-KN,360.0,431.0,,10.0,,False,
2025-01-17T23:00:00.000Z,Japan,Kansai,JP-KN,332.0,403.0,,15.0,,False,
2025-01-18T00:00:00.000Z,Japan,Kansai,JP-KN,303.0,372.0,,21.0,,False,
2025-01-18T01:00:00.000Z,Japan,Kansai,JP-KN,278.0,344.0,,26.0,,False,
2025-01-18T02:00:00.000Z,Japan,Kansai,JP-KN,251.0,314.0,,31.0,,False,
2025-01-18T03:00:00.000Z,Japan,Kansai,JP-KN,238.0,300.0,,33.0,,False,
2025-01-18T04:00:00.000Z,Japan,Kansai,JP-KN,246.0,309.0,,31.0,,False,
2025-01-18T05:00:00.000Z,Japan,Kansai,JP-KN,270.0,335.0,,26.0,,False,
2025-01-18T06:00:00.000Z,Japan,Kansai,JP-KN,312.0,380.0,,17.0,,False,
2025-01-18T07:00:00.000Z,Japan,Kansai,JP-KN,338.0,407.0,,13.0,,False,
2025-01-18T08:00:00.000Z,Japan,Kansai,JP-KN,357.0,427.0,,11.0,,False,
2025-01-18T09:00:00.000Z,Japan,Kansai,JP-KN,354.0,423.0,,13.0,,False,
2025-01-18T10:00:00.000Z,Japan,Kansai,JP-KN,356.0,426.0,,12.0,,False,
2025-01-18T11:00:00.000Z,Japan,Kansai,JP-KN,357.0,426.0,,12.0,,False,
2025-01-18T12:00:00.000Z,Japan,Kansai,JP-KN,358.0,427.0,,12.0,,False,
2025-01-18T13:00:00.000Z,Japan,Kansai,JP-KN,368.0,438.0,,9.0,,False,
2025-01-18T14:00:00.000Z,Japan,Kansai,JP-KN,365.0,434.0,,8.0,,False,
2025-01-18T15:00:00.000Z,Japan,Kansai,JP-KN,365.0,436.0,,7.0,,False,
2025-01-18T16:00:00.000Z,Japan,Kansai,JP-KN,365.0,436.0,,6.0,,False,
2025-01-18T17:00:00.000Z,Japan,Kansai,JP-KN,367.0,438.0,,6.0,,False,
2025-01-18T18:00:00.000Z,Japan,Kansai,JP-KN,367.0,438.0,,6.0,,False,
2025-01-18T19:00:00.000Z,Japan,Kansai,JP-KN,370.0,440.0,,5.0,,False,
2025-01-18T20:00:00.000Z,Japan,Kansai,JP-KN,367.0,437.0,,5.0,,False,
2025-01-18T21:00:00.000Z,Japan,Kansai,JP-KN,360.0,429.0,,7.0,,False,
2025-01-18T22:00:00.000Z,Japan,Kansai,JP-KN,348.0,416.0,,11.0,,False,
2025-01-18T23:00:00.000Z,Japan,Kansai,JP-KN,316.0,383.0,,16.0,,False,
2025-01-19T00:00:00.000Z,Japan,Kansai,JP-KN,279.0,345.0,,22.0,,False,
2025-01-19T01:00:00.000Z,Japan,Kansai,JP-KN,254.0,318.0,,28.0,,False,
2025-01-19T02:00:00.000Z,Japan,Kansai,JP-KN,238.0,298.0,,32.0,,False,
2025-01-19T03:00:00.000Z,Japan,Kansai,JP-KN,231.0,290.0,,33.0,,False,
2025-01-19T04:00:00.000Z,Japan,Kansai,JP-KN,235.0,295.0,,31.0,,False,
2025-01-19T05:00:00.000Z,Japan,Kansai,JP-KN,262.0,325.0,,24.0,,False,
2025-01-19T06:00:00.000Z,Japan,Kansai,JP-KN,296.0,362.0,,17.0,,False,
2025-01-19T07:00:00.000Z,Japan,Kansai,JP-KN,321.0,388.0,,13.0,,False,
2025-01-19T08:00:00.000Z,Japan,Kansai,JP-KN,328.0,395.0,,14.0,,False,
2025-01-19T09:00:00.000Z,Japan,Kansai,JP-KN,330.0,395.0,,16.0,,False,
2025-01-19T10:00:00.000Z,Japan,Kansai,JP-KN,337.0,403.0,,15.0,,False,
2025-01-19T11:00:00.000Z,Japan,Kansai,JP-KN,345.0,411.0,,14.0,,False,
2025-01-19T12:00:00.000Z,Japan,Kansai,JP-KN,356.0,423.0,,11.0,,False,
2025-01-19T13:00:00.000Z,Japan,Kansai,JP-KN,366.0,436.0,,7.0,,False,
2025-01-19T14:00:00.000Z,Japan,Kansai,JP-KN,362.0,431.0,,7.0,,False,
2025-01-19T15:00:00.000Z,Japan,Kansai,JP-KN,351.0,420.0,,7.0,,False,
2025-01-19T16:00:00.000Z,Japan,Kansai,JP-KN,344.0,414.0,,7.0,,False,
2025-01-19T17:00:00.000Z,Japan,Kansai,JP-KN,345.0,416.0,,7.0,,False,
2025-01-19T18:00:00.000Z,Japan,Kansai,JP-KN,345.0,416.0,,7.0,,False,
2025-01-19T19:00:00.000Z,Japan,Kansai,JP-KN,350.0,423.0,,6.0,,False,
2025-01-19T20:00:00.000Z,Japan,Kansai,JP-KN,350.0,425.0,,6.0,,False,
2025-01-19T21:00:00.000Z,Japan,Kansai,JP-KN,348.0,425.0,,7.0,,False,
2025-01-19T22:00:00.000Z,Japan,Kansai,JP-KN,343.0,419.0,,10.0,,False,
2025-01-19T23:00:00.000Z,Japan,Kansai,JP-KN,333.0,407.0,,15.0,,False,
2025-01-20T00:00:00.000Z,Japan,Kansai,JP-KN,307.0,380.0,,20.0,,False,
2025-01-20T01:00:00.000Z,Japan,Kansai,JP-KN,285.0,357.0,,23.0,,False,
2025-01-20T02:00:00.000Z,Japan,Kansai,JP-KN,274.0,344.0,,25.0,,False,
2025-01-20T03:00:00.000Z,Japan,Kansai,JP-KN,271.0,339.0,,26.0,,False,
2025-01-20T04:00:00.000Z,Japan,Kansai,JP-KN,272.0,341.0,,25.0,,False,
2025-01-20T05:00:00.000Z,Japan,Kansai,JP-KN,290.0,360.0,,21.0,,False,
2025-01-20T06:00:00.000Z,Japan,Kansai,JP-KN,311.0,383.0,,18.0,,False,
2025-01-20T07:00:00.000Z,Japan,Kansai,JP-KN,336.0,411.0,,13.0,,False,
2025-01-20T08:00:00.000Z,Japan,Kansai,JP-KN,342.0,417.0,,13.0,,False,
2025-01-20T09:00:00.000Z,Japan,Kansai,JP-KN,342.0,417.0,,13.0,,False,
2025-01-20T10:00:00.000Z,Japan,Kansai,JP-KN,345.0,420.0,,12.0,,False,
2025-01-20T11:00:00.000Z,Japan,Kansai,JP-KN,348.0,423.0,,11.0,,False,
2025-01-20T12:00:00.000Z,Japan,Kansai,JP-KN,349.0,425.0,,10.0,,False,
2025-01-20T13:00:00.000Z,Japan,Kansai,JP-KN,345.0,419.0,,9.0,,False,
2025-01-20T14:00:00.000Z,Japan,Kansai,JP-KN,338.0,410.0,,9.0,,False,
2025-01-20T15:00:00.000Z,Japan,Kansai,JP-KN,341.0,413.0,,7.0,,False,
2025-01-20T16:00:00.000Z,Japan,Kansai,JP-KN,339.0,411.0,,7.0,,False,
2025-01-20T17:00:00.000Z,Japan,Kansai,JP-KN,343.0,416.0,,7.0,,False,
2025-01-20T18:00:00.000Z,Japan,Kansai,JP-KN,348.0,421.0,,7.0,,False,
2025-01-20T19:00:00.000Z,Japan,Kansai,JP-KN,349.0,422.0,,7.0,,False,
2025-01-20T20:00:00.000Z,Japan,Kansai,JP-KN,346.0,422.0,,7.0,,False,
2025-01-20T21:00:00.000Z,Japan,Kansai,JP-KN,349.0,426.0,,8.0,,False,
2025-01-20T22:00:00.000Z,Japan,Kansai,JP-KN,348.0,424.0,,10.0,,False,
2025-01-20T23:00:00.000Z,Japan,Kansai,JP-KN,334.0,409.0,,15.0,,False,
2025-01-21T00:00:00.000Z,Japan,Kansai,JP-KN,310.0,382.0,,20.0,,False,
2025-01-21T01:00:00.000Z,Japan,Kansai,JP-KN,284.0,354.0,,24.0,,False,
2025-01-21T02:00:00.000Z,Japan,Kansai,JP-KN,266.0,334.0,,28.0,,False,
2025-01-21T03:00:00.000Z,Japan,Kansai,JP-KN,266.0,335.0,,27.0,,False,
2025-01-21T04:00:00.000Z,Japan,Kansai,JP-KN,282.0,352.0,,23.0,,False,
2025-01-21T05:00:00.000Z,Japan,Kansai,JP-KN,299.0,370.0,,20.0,,False,
2025-01-21T06:00:00.000Z,Japan,Kansai,JP-KN,321.0,396.0,,15.0,,False,
2025-01-21T07:00:00.000Z,Japan,Kansai,JP-KN,333.0,407.0,,13.0,,False,
2025-01-21T08:00:00.000Z,Japan,Kansai,JP-KN,331.0,405.0,,14.0,,False,
2025-01-21T09:00:00.000Z,Japan,Kansai,JP-KN,330.0,404.0,,15.0,,False,
2025-01-21T10:00:00.000Z,Japan,Kansai,JP-KN,334.0,409.0,,13.0,,False,
2025-01-21T11:00:00.000Z,Japan,Kansai,JP-KN,345.0,422.0,,11.0,,False,
2025-01-21T12:00:00.000Z,Japan,Kansai,JP-KN,349.0,425.0,,9.0,,False,
2025-01-21T13:00:00.000Z,Japan,Kansai,JP-KN,344.0,419.0,,8.0,,False,
2025-01-21T14:00:00.000Z,Japan,Kansai,JP-KN,350.0,422.0,,8.0,,False,
2025-01-21T15:00:00.000Z,Japan,Kansai,JP-KN,352.0,424.0,,7.0,,False,
2025-01-21T16:00:00.000Z,Japan,Kansai,JP-KN,348.0,421.0,,7.0,,False,
2025-01-21T17:00:00.000Z,Japan,Kansai,JP-KN,351.0,424.0,,7.0,,False,
2025-01-21T18:00:00.000Z,Japan,Kansai,JP-KN,354.0,427.0,,7.0,,False,
2025-01-21T19:00:00.000Z,Japan,Kansai,JP-KN,355.0,428.0,,7.0,,False,
2025-01-21T20:00:00.000Z,Japan,Kansai,JP-KN,358.0,434.0,,7.0,,False,
2025-01-21T21:00:00.000Z,Japan,Kansai,JP-KN,355.0,434.0,,7.0,,False,
2025-01-21T22:00:00.000Z,Japan,Kansai,JP-KN,351.0,427.0,,11.0,,False,
2025-01-21T23:00:00.000Z,Japan,Kansai,JP-KN,332.0,407.0,,15.0,,False,
2025-01-22T00:00:00.000Z,Japan,Kansai,JP-KN,305.0,377.0,,21.0,,False,
2025-01-22T01:00:00.000Z,Japan,Kansai,JP-KN,285.0,355.0,,25.0,,False,
2025-01-22T02:00:00.000Z,Japan,Kansai,JP-KN,268.0,337.0,,27.0,,False,
2025-01-22T03:00:00.000Z,Japan,Kansai,JP-KN,262.0,330.0,,28.0,,False,
2025-01-22T04:00:00.000Z,Japan,Kansai,JP-KN,272.0,342.0,,26.0,,False,
2025-01-22T05:00:00.000Z,Japan,Kansai,JP-KN,290.0,361.0,,22.0,,False,
2025-01-22T06:00:00.000Z,Japan,Kansai,JP-KN,313.0,387.0,,17.0,,False,
2025-01-22T07:00:00.000Z,Japan,Kansai,JP-KN,337.0,411.0,,13.0,,False,
2025-01-22T08:00:00.000Z,Japan,Kansai,JP-KN,347.0,422.0,,12.0,,False,
2025-01-22T09:00:00.000Z,Japan,Kansai,JP-KN,347.0,423.0,,12.0,,False,
2025-01-22T10:00:00.000Z,Japan,Kansai,JP-KN,347.0,422.0,,11.0,,False,
2025-01-22T11:00:00.000Z,Japan,Kansai,JP-KN,352.0,429.0,,10.0,,False,
2025-01-22T12:00:00.000Z,Japan,Kansai,JP-KN,361.0,438.0,,8.0,,False,
2025-01-22T13:00:00.000Z,Japan,Kansai,JP-KN,361.0,437.0,,7.0,,False,
2025-01-22T14:00:00.000Z,Japan,Kansai,JP-KN,354.0,429.0,,7.0,,False,
2025-01-22T15:00:00.000Z,Japan,Kansai,JP-KN,346.0,421.0,,6.0,,False,
2025-01-22T16:00:00.000Z,Japan,Kansai,JP-KN,339.0,414.0,,6.0,,False,
2025-01-22T17:00:00.000Z,Japan,Kansai,JP-KN,337.0,412.0,,6.0,,False,
2025-01-22T18:00:00.000Z,Japan,Kansai,JP-KN,341.0,416.0,,7.0,,False,
2025-01-22T19:00:00.000Z,Japan,Kansai,JP-KN,341.0,417.0,,6.0,,False,
2025-01-22T20:00:00.000Z,Japan,Kansai,JP-KN,342.0,419.0,,6.0,,False,
2025-01-22T21:00:00.000Z,Japan,Kansai,JP-KN,351.0,429.0,,7.0,,False,
2025-01-22T22:00:00.000Z,Japan,Kansai,JP-KN,342.0,419.0,,11.0,,False,
2025-01-22T23:00:00.000Z,Japan,Kansai,JP-KN,326.0,402.0,,16.0,,False,
2025-01-23T00:00:00.000Z,Japan,Kansai,JP-KN,302.0,376.0,,21.0,,False,
2025-01-23T01:00:00.000Z,Japan,Kansai,JP-KN,274.0,345.0,,26.0,,False,
2025-01-23T02:00:00.000Z,Japan,Kansai,JP-KN,253.0,322.0,,29.0,,False,
2025-01-23T03:00:00.000Z,Japan,Kansai,JP-KN,247.0,315.0,,30.0,,False,
2025-01-23T04:00:00.000Z,Japan,Kansai,JP-KN,256.0,326.0,,28.0,,False,
2025-01-23T05:00:00.000Z,Japan,Kansai,JP-KN,274.0,345.0,,24.0,,False,
2025-01-23T06:00:00.000Z,Japan,Kansai,JP-KN,302.0,376.0,,17.0,,False,
2025-01-23T07:00:00.000Z,Japan,Kansai,JP-KN,331.0,406.0,,13.0,,False,
2025-01-23T08:00:00.000Z,Japan,Kansai,JP-KN,341.0,417.0,,12.0,,False,
2025-01-23T09:00:00.000Z,Japan,Kansai,JP-KN,328.0,404.0,,14.0,,False,
2025-01-23T10:00:00.000Z,Japan,Kansai,JP-KN,332.0,407.0,,13.0,,False,
2025-01-23T11:00:00.000Z,Japan,Kansai,JP-KN,336.0,411.0,,12.0,,False,
2025-01-23T12:00:00.000Z,Japan,Kansai,JP-KN,337.0,413.0,,11.0,,False,
2025-01-23T13:00:00.000Z,Japan,Kansai,JP-KN,335.0,410.0,,10.0,,False,
2025-01-23T14:00:00.000Z,Japan,Kansai,JP-KN,332.0,408.0,,8.0,,False,
2025-01-23T15:00:00.000Z,Japan,Kansai,JP-KN,335.0,413.0,,6.0,,False,
2025-01-23T16:00:00.000Z,Japan,Kansai,JP-KN,337.0,414.0,,6.0,,False,
2025-01-23T17:00:00.000Z,Japan,Kansai,JP-KN,340.0,417.0,,6.0,,False,
2025-01-23T18:00:00.000Z,Japan,Kansai,JP-KN,348.0,425.0,,6.0,,False,
2025-01-23T19:00:00.000Z,Japan,Kansai,JP-KN,348.0,425.0,,6.0,,False,
2025-01-23T20:00:00.000Z,Japan,Kansai,JP-KN,351.0,429.0,,6.0,,False,
2025-01-23T21:00:00.000Z,Japan,Kansai,JP-KN,346.0,423.0,,8.0,,False,
2025-01-23T22:00:00.000Z,Japan,Kansai,JP-KN,341.0,417.0,,12.0,,False,
2025-01-23T23:00:00.000Z,Japan,Kansai,JP-KN,328.0,403.0,,16.0,,False,
2025-01-24T00:00:00.000Z,Japan,Kansai,JP-KN,303.0,375.0,,21.0,,False,
2025-01-24T01:00:00.000Z,Japan,Kansai,JP-KN,274.0,344.0,,26.0,,False,
2025-01-24T02:00:00.000Z,Japan,Kansai,JP-KN,253.0,320.0,,29.0,,False,
2025-01-24T03:00:00.000Z,Japan,Kansai,JP-KN,247.0,314.0,,29.0,,False,
2025-01-24T04:00:00.000Z,Japan,Kansai,JP-KN,254.0,322.0,,28.0,,False,
2025-01-24T05:00:00.000Z,Japan,Kansai,JP-KN,277.0,347.0,,23.0,,False,
2025-01-24T06:00:00.000Z,Japan,Kansai,JP-KN,306.0,378.0,,17.0,,False,
2025-01-24T07:00:00.000Z,Japan,Kansai,JP-KN,334.0,408.0,,13.0,,False,
2025-01-24T08:00:00.000Z,Japan,Kansai,JP-KN,334.0,409.0,,13.0,,False,
2025-01-24T09:00:00.000Z,Japan,Kansai,JP-KN,339.0,415.0,,12.0,,False,
2025-01-24T10:00:00.000Z,Japan,Kansai,JP-KN,336.0,412.0,,12.0,,False,
2025-01-24T11:00:00.000Z,Japan,Kansai,JP-KN,341.0,418.0,,11.0,,False,
2025-01-24T12:00:00.000Z,Japan,Kansai,JP-KN,343.0,419.0,,10.0,,False,
2025-01-24T13:00:00.000Z,Japan,Kansai,JP-KN,336.0,412.0,,9.0,,False,
2025-01-24T14:00:00.000Z,Japan,Kansai,JP-KN,334.0,410.0,,8.0,,False,
2025-01-24T15:00:00.000Z,Japan,Kansai,JP-KN,341.0,417.0,,6.0,,False,
2025-01-24T16:00:00.000Z,Japan,Kansai,JP-KN,339.0,413.0,,6.0,,False,
2025-01-24T17:00:00.000Z,Japan,Kansai,JP-KN,341.0,415.0,,6.0,,False,
2025-01-24T18:00:00.000Z,Japan,Kansai,JP-KN,344.0,418.0,,7.0,,False,
2025-01-24T19:00:00.000Z,Japan,Kansai,JP-KN,342.0,417.0,,7.0,,False,
2025-01-24T20:00:00.000Z,Japan,Kansai,JP-KN,340.0,415.0,,6.0,,False,
2025-01-24T21:00:00.000Z,Japan,Kansai,JP-KN,334.0,408.0,,8.0,,False,
2025-01-24T22:00:00.000Z,Japan,Kansai,JP-KN,328.0,400.0,,12.0,,False,
2025-01-24T23:00:00.000Z,Japan,Kansai,JP-KN,299.0,368.0,,18.0,,False,
2025-01-25T00:00:00.000Z,Japan,Kansai,JP-KN,269.0,336.0,,24.0,,False,
2025-01-25T01:00:00.000Z,Japan,Kansai,JP-KN,240.0,304.0,,30.0,,False,
2025-01-25T02:00:00.000Z,Japan,Kansai,JP-KN,225.0,286.0,,33.0,,False,
2025-01-25T03:00:00.000Z,Japan,Kansai,JP-KN,221.0,281.0,,34.0,,False,
2025-01-25T04:00:00.000Z,Japan,Kansai,JP-KN,233.0,293.0,,32.0,,False,
2025-01-25T05:00:00.000Z,Japan,Kansai,JP-KN,256.0,319.0,,27.0,,False,
2025-01-25T06:00:00.000Z,Japan,Kansai,JP-KN,286.0,353.0,,20.0,,False,
2025-01-25T07:00:00.000Z,Japan,Kansai,JP-KN,301.0,371.0,,15.0,,False,
2025-01-25T08:00:00.000Z,Japan,Kansai,JP-KN,300.0,370.0,,17.0,,False,
2025-01-25T09:00:00.000Z,Japan,Kansai,JP-KN,306.0,376.0,,17.0,,False,
2025-01-25T10:00:00.000Z,Japan,Kansai,JP-KN,316.0,386.0,,15.0,,False,
2025-01-25T11:00:00.000Z,Japan,Kansai,JP-KN,328.0,399.0,,13.0,,False,
2025-01-25T12:00:00.000Z,Japan,Kansai,JP-KN,335.0,408.0,,11.0,,False,
2025-01-25T13:00:00.000Z,Japan,Kansai,JP-KN,337.0,410.0,,9.0,,False,
2025-01-25T14:00:00.000Z,Japan,Kansai,JP-KN,338.0,412.0,,8.0,,False,
2025-01-25T15:00:00.000Z,Japan,Kansai,JP-KN,341.0,414.0,,7.0,,False,
2025-01-25T16:00:00.000Z,Japan,Kansai,JP-KN,341.0,414.0,,6.0,,False,
2025-01-25T17:00:00.000Z,Japan,Kansai,JP-KN,335.0,408.0,,7.0,,False,
2025-01-25T18:00:00.000Z,Japan,Kansai,JP-KN,333.0,405.0,,8.0,,False,
2025-01-25T19:00:00.000Z,Japan,Kansai,JP-KN,333.0,404.0,,8.0,,False,
2025-01-25T20:00:00.000Z,Japan,Kansai,JP-KN,334.0,405.0,,8.0,,False,
2025-01-25T21:00:00.000Z,Japan,Kansai,JP-KN,332.0,404.0,,8.0,,False,
2025-01-25T22:00:00.000Z,Japan,Kansai,JP-KN,324.0,395.0,,11.0,,False,
2025-01-25T23:00:00.000Z,Japan,Kansai,JP-KN,306.0,376.0,,15.0,,False,
2025-01-26T00:00:00.000Z,Japan,Kansai,JP-KN,273.0,336.0,,24.0,,False,
2025-01-26T01:00:00.000Z,Japan,Kansai,JP-KN,233.0,291.0,,32.0,,False,
2025-01-26T02:00:00.000Z,Japan,Kansai,JP-KN,217.0,272.0,,35.0,,False,
2025-01-26T03:00:00.000Z,Japan,Kansai,JP-KN,217.0,272.0,,35.0,,False,
2025-01-26T04:00:00.000Z,Japan,Kansai,JP-KN,240.0,295.0,,32.0,,False,
2025-01-26T05:00:00.000Z,Japan,Kansai,JP-KN,263.0,323.0,,26.0,,False,
2025-01-26T06:00:00.000Z,Japan,Kansai,JP-KN,287.0,352.0,,19.0,,False,
2025-01-26T07:00:00.000Z,Japan,Kansai,JP-KN,318.0,389.0,,12.0,,False,
2025-01-26T08:00:00.000Z,Japan,Kansai,JP-KN,327.0,398.0,,13.0,,False,
2025-01-26T09:00:00.000Z,Japan,Kansai,JP-KN,336.0,407.0,,13.0,,False,
2025-01-26T10:00:00.000Z,Japan,Kansai,JP-KN,340.0,411.0,,12.0,,False,
2025-01-26T11:00:00.000Z,Japan,Kansai,JP-KN,342.0,414.0,,12.0,,False,
2025-01-26T12:00:00.000Z,Japan,Kansai,JP-KN,342.0,414.0,,11.0,,False,
2025-01-26T13:00:00.000Z,Japan,Kansai,JP-KN,338.0,411.0,,9.0,,False,
2025-01-26T14:00:00.000Z,Japan,Kansai,JP-KN,335.0,408.0,,8.0,,False,
2025-01-26T15:00:00.000Z,Japan,Kansai,JP-KN,337.0,410.0,,7.0,,False,
2025-01-26T16:00:00.000Z,Japan,Kansai,JP-KN,338.0,411.0,,6.0,,False,
2025-01-26T17:00:00.000Z,Japan,Kansai,JP-KN,339.0,413.0,,6.0,,False,
2025-01-26T18:00:00.000Z,Japan,Kansai,JP-KN,344.0,418.0,,6.0,,False,
2025-01-26T19:00:00.000Z,Japan,Kansai,JP-KN,345.0,419.0,,6.0,,False,
2025-01-26T20:00:00.000Z,Japan,Kansai,JP-KN,345.0,420.0,,6.0,,False,
2025-01-26T21:00:00.000Z,Japan,Kansai,JP-KN,348.0,425.0,,7.0,,False,
2025-01-26T22:00:00.000Z,Japan,Kansai,JP-KN,350.0,428.0,,9.0,,False,
2025-01-26T23:00:00.000Z,Japan,Kansai,JP-KN,336.0,412.0,,15.0,,False,
2025-01-27T00:00:00.000Z,Japan,Kansai,JP-KN,328.0,402.0,,18.0,,False,
2025-01-27T01:00:00.000Z,Japan,Kansai,JP-KN,327.0,401.0,,16.0,,False,
2025-01-27T02:00:00.000Z,Japan,Kansai,JP-KN,312.0,384.0,,19.0,,False,
2025-01-27T03:00:00.000Z,Japan,Kansai,JP-KN,307.0,380.0,,19.0,,False,
2025-01-27T04:00:00.000Z,Japan,Kansai,JP-KN,316.0,388.0,,18.0,,False,
2025-01-27T05:00:00.000Z,Japan,Kansai,JP-KN,329.0,403.0,,15.0,,False,
2025-01-27T06:00:00.000Z,Japan,Kansai,JP-KN,339.0,414.0,,13.0,,False,
2025-01-27T07:00:00.000Z,Japan,Kansai,JP-KN,356.0,435.0,,10.0,,False,
2025-01-27T08:00:00.000Z,Japan,Kansai,JP-KN,351.0,429.0,,12.0,,False,
2025-01-27T09:00:00.000Z,Japan,Kansai,JP-KN,348.0,425.0,,12.0,,False,
2025-01-27T10:00:00.000Z,Japan,Kansai,JP-KN,355.0,434.0,,10.0,,False,
2025-01-27T11:00:00.000Z,Japan,Kansai,JP-KN,360.0,437.0,,9.0,,False,
2025-01-27T12:00:00.000Z,Japan,Kansai,JP-KN,360.0,436.0,,8.0,,False,
2025-01-27T13:00:00.000Z,Japan,Kansai,JP-KN,358.0,433.0,,7.0,,False,
2025-01-27T14:00:00.000Z,Japan,Kansai,JP-KN,354.0,429.0,,6.0,,False,
2025-01-27T15:00:00.000Z,Japan,Kansai,JP-KN,361.0,431.0,,7.0,,False,
2025-01-27T16:00:00.000Z,Japan,Kansai,JP-KN,362.0,431.0,,7.0,,False,
2025-01-27T17:00:00.000Z,Japan,Kansai,JP-KN,365.0,434.0,,7.0,,False,
2025-01-27T18:00:00.000Z,Japan,Kansai,JP-KN,364.0,433.0,,7.0,,False,
2025-01-27T19:00:00.000Z,Japan,Kansai,JP-KN,364.0,434.0,,7.0,,False,
2025-01-27T20:00:00.000Z,Japan,Kansai,JP-KN,363.0,432.0,,7.0,,False,
2025-01-27T21:00:00.000Z,Japan,Kansai,JP-KN,365.0,435.0,,9.0,,False,
2025-01-27T22:00:00.000Z,Japan,Kansai,JP-KN,357.0,430.0,,11.0,,False,
2025-01-27T23:00:00.000Z,Japan,Kansai,JP-KN,338.0,412.0,,15.0,,False,
2025-01-28T00:00:00.000Z,Japan,Kansai,JP-KN,314.0,382.0,,21.0,,False,
2025-01-28T01:00:00.000Z,Japan,Kansai,JP-KN,295.0,361.0,,26.0,,False,
2025-01-28T02:00:00.000Z,Japan,Kansai,JP-KN,289.0,353.0,,28.0,,False,
2025-01-28T03:00:00.000Z,Japan,Kansai,JP-KN,290.0,354.0,,27.0,,False,
2025-01-28T04:00:00.000Z,Japan,Kansai,JP-KN,300.0,366.0,,25.0,,False,
2025-01-28T05:00:00.000Z,Japan,Kansai,JP-KN,316.0,382.0,,21.0,,False,
2025-01-28T06:00:00.000Z,Japan,Kansai,JP-KN,335.0,406.0,,16.0,,False,
2025-01-28T07:00:00.000Z,Japan,Kansai,JP-KN,339.0,414.0,,13.0,,False,
2025-01-28T08:00:00.000Z,Japan,Kansai,JP-KN,339.0,413.0,,14.0,,False,
2025-01-28T09:00:00.000Z,Japan,Kansai,JP-KN,338.0,413.0,,15.0,,False,
2025-01-28T10:00:00.000Z,Japan,Kansai,JP-KN,342.0,416.0,,14.0,,False,
2025-01-28T11:00:00.000Z,Japan,Kansai,JP-KN,351.0,426.0,,12.0,,False,
2025-01-28T12:00:00.000Z,Japan,Kansai,JP-KN,357.0,433.0,,9.0,,False,
2025-01-28T13:00:00.000Z,Japan,Kansai,JP-KN,360.0,434.0,,8.0,,False,
2025-01-28T14:00:00.000Z,Japan,Kansai,JP-KN,366.0,440.0,,7.0,,False,
2025-01-28T15:00:00.000Z,Japan,Kansai,JP-KN,365.0,437.0,,7.0,,False,
2025-01-28T16:00:00.000Z,Japan,Kansai,JP-KN,364.0,437.0,,7.0,,False,
2025-01-28T17:00:00.000Z,Japan,Kansai,JP-KN,367.0,440.0,,7.0,,False,
2025-01-28T18:00:00.000Z,Japan,Kansai,JP-KN,369.0,443.0,,7.0,,False,
2025-01-28T19:00:00.000Z,Japan,Kansai,JP-KN,367.0,441.0,,7.0,,False,
2025-01-28T20:00:00.000Z,Japan,Kansai,JP-KN,365.0,438.0,,7.0,,False,
2025-01-28T21:00:00.000Z,Japan,Kansai,JP-KN,364.0,439.0,,8.0,,False,
2025-01-28T22:00:00.000Z,Japan,Kansai,JP-KN,357.0,434.0,,10.0,,False,
2025-01-28T23:00:00.000Z,Japan,Kansai,JP-KN,338.0,413.0,,15.0,,False,
2025-01-29T00:00:00.000Z,Japan,Kansai,JP-KN,318.0,389.0,,20.0,,False,
2025-01-29T01:00:00.000Z,Japan,Kansai,JP-KN,304.0,373.0,,24.0,,False,
2025-01-29T02:00:00.000Z,Japan,Kansai,JP-KN,297.0,366.0,,25.0,,False,
2025-01-29T03:00:00.000Z,Japan,Kansai,JP-KN,296.0,364.0,,25.0,,False,
2025-01-29T04:00:00.000Z,Japan,Kansai,JP-KN,305.0,374.0,,24.0,,False,
2025-01-29T05:00:00.000Z,Japan,Kansai,JP-KN,316.0,386.0,,21.0,,False,
2025-01-29T06:00:00.000Z,Japan,Kansai,JP-KN,331.0,404.0,,17.0,,False,
2025-01-29T07:00:00.000Z,Japan,Kansai,JP-KN,335.0,410.0,,14.0,,False,
2025-01-29T08:00:00.000Z,Japan,Kansai,JP-KN,336.0,412.0,,14.0,,False,
2025-01-29T09:00:00.000Z,Japan,Kansai,JP-KN,339.0,416.0,,14.0,,False,
2025-01-29T10:00:00.000Z,Japan,Kansai,JP-KN,341.0,416.0,,14.0,,False,
2025-01-29T11:00:00.000Z,Japan,Kansai,JP-KN,354.0,431.0,,11.0,,False,
2025-01-29T12:00:00.000Z,Japan,Kansai,JP-KN,360.0,438.0,,9.0,,False,
2025-01-29T13:00:00.000Z,Japan,Kansai,JP-KN,367.0,442.0,,7.0,,False,
2025-01-29T14:00:00.000Z,Japan,Kansai,JP-KN,368.0,441.0,,7.0,,False,
2025-01-29T15:00:00.000Z,Japan,Kansai,JP-KN,373.0,444.0,,7.0,,False,
2025-01-29T16:00:00.000Z,Japan,Kansai,JP-KN,373.0,443.0,,7.0,,False,
2025-01-29T17:00:00.000Z,Japan,Kansai,JP-KN,373.0,443.0,,7.0,,False,
2025-01-29T18:00:00.000Z,Japan,Kansai,JP-KN,372.0,443.0,,7.0,,False,
2025-01-29T19:00:00.000Z,Japan,Kansai,JP-KN,369.0,440.0,,7.0,,False,
2025-01-29T20:00:00.000Z,Japan,Kansai,JP-KN,368.0,441.0,,7.0,,False,
2025-01-29T21:00:00.000Z,Japan,Kansai,JP-KN,363.0,440.0,,8.0,,False,
2025-01-29T22:00:00.000Z,Japan,Kansai,JP-KN,357.0,435.0,,10.0,,False,
2025-01-29T23:00:00.000Z,Japan,Kansai,JP-KN,338.0,413.0,,15.0,,False,
2025-01-30T00:00:00.000Z,Japan,Kansai,JP-KN,319.0,391.0,,20.0,,False,
2025-01-30T01:00:00.000Z,Japan,Kansai,JP-KN,299.0,367.0,,24.0,,False,
2025-01-30T02:00:00.000Z,Japan,Kansai,JP-KN,291.0,357.0,,26.0,,False,
2025-01-30T03:00:00.000Z,Japan,Kansai,JP-KN,288.0,354.0,,26.0,,False,
2025-01-30T04:00:00.000Z,Japan,Kansai,JP-KN,294.0,360.0,,25.0,,False,
2025-01-30T05:00:00.000Z,Japan,Kansai,JP-KN,304.0,372.0,,23.0,,False,
2025-01-30T06:00:00.000Z,Japan,Kansai,JP-KN,326.0,398.0,,18.0,,False,
2025-01-30T07:00:00.000Z,Japan,Kansai,JP-KN,336.0,410.0,,15.0,,False,
2025-01-30T08:00:00.000Z,Japan,Kansai,JP-KN,342.0,417.0,,14.0,,False,
2025-01-30T09:00:00.000Z,Japan,Kansai,JP-KN,342.0,416.0,,14.0,,False,
2025-01-30T10:00:00.000Z,Japan,Kansai,JP-KN,341.0,414.0,,14.0,,False,
2025-01-30T11:00:00.000Z,Japan,Kansai,JP-KN,344.0,417.0,,13.0,,False,
2025-01-30T12:00:00.000Z,Japan,Kansai,JP-KN,351.0,426.0,,10.0,,False,
2025-01-30T13:00:00.000Z,Japan,Kansai,JP-KN,358.0,432.0,,9.0,,False,
2025-01-30T14:00:00.000Z,Japan,Kansai,JP-KN,362.0,433.0,,8.0,,False,
2025-01-30T15:00:00.000Z,Japan,Kansai,JP-KN,361.0,433.0,,7.0,,False,
2025-01-30T16:00:00.000Z,Japan,Kansai,JP-KN,355.0,428.0,,6.0,,False,
2025-01-30T17:00:00.000Z,Japan,Kansai,JP-KN,358.0,431.0,,6.0,,False,
2025-01-30T18:00:00.000Z,Japan,Kansai,JP-KN,360.0,432.0,,6.0,,False,
2025-01-30T19:00:00.000Z,Japan,Kansai,JP-KN,360.0,432.0,,6.0,,False,
2025-01-30T20:00:00.000Z,Japan,Kansai,JP-KN,360.0,432.0,,6.0,,False,
2025-01-30T21:00:00.000Z,Japan,Kansai,JP-KN,360.0,433.0,,7.0,,False,
2025-01-30T22:00:00.000Z,Japan,Kansai,JP-KN,346.0,420.0,,10.0,,False,
2025-01-30T23:00:00.000Z,Japan,Kansai,JP-KN,327.0,398.0,,16.0,,False,
2025-01-31T00:00:00.000Z,Japan,Kansai,JP-KN,298.0,364.0,,24.0,,False,
2025-01-31T01:00:00.000Z,Japan,Kansai,JP-KN,280.0,344.0,,28.0,,False,
2025-01-31T02:00:00.000Z,Japan,Kansai,JP-KN,273.0,338.0,,29.0,,False,
2025-01-31T03:00:00.000Z,Japan,Kansai,JP-KN,283.0,348.0,,26.0,,False,
2025-01-31T04:00:00.000Z,Japan,Kansai,JP-KN,295.0,363.0,,23.0,,False,
2025-01-31T05:00:00.000Z,Japan,Kansai,JP-KN,313.0,381.0,,19.0,,False,
2025-01-31T06:00:00.000Z,Japan,Kansai,JP-KN,327.0,397.0,,16.0,,False,
2025-01-31T07:00:00.000Z,Japan,Kansai,JP-KN,341.0,412.0,,12.0,,False,
2025-01-31T08:00:00.000Z,Japan,Kansai,JP-KN,343.0,415.0,,12.0,,False,
2025-01-31T09:00:00.000Z,Japan,Kansai,JP-KN,338.0,410.0,,13.0,,False,
2025-01-31T10:00:00.000Z,Japan,Kansai,JP-KN,344.0,416.0,,12.0,,False,
2025-01-31T11:00:00.000Z,Japan,Kansai,JP-KN,351.0,423.0,,11.0,,False,
2025-01-31T12:00:00.000Z,Japan,Kansai,JP-KN,351.0,423.0,,10.0,,False,
2025-01-31T13:00:00.000Z,Japan,Kansai,JP-KN,356.0,429.0,,8.0,,False,
2025-01-31T14:00:00.000Z,Japan,Kansai,JP-KN,348.0,421.0,,8.0,,False,
2025-01-31T15:00:00.000Z,Japan,Kansai,JP-KN,338.0,412.0,,7.0,,False,
2025-01-31T16:00:00.000Z,Japan,Kansai,JP-KN,334.0,409.0,,6.0,,False,
2025-01-31T17:00:00.000Z,Japan,Kansai,JP-KN,335.0,411.0,,6.0,,False,
2025-01-31T18:00:00.000Z,Japan,Kansai,JP-KN,337.0,412.0,,5.0,,False,
2025-01-31T19:00:00.000Z,Japan,Kansai,JP-KN,337.0,411.0,,6.0,,False,
2025-01-31T20:00:00.000Z,Japan,Kansai,JP-KN,336.0,410.0,,7.0,,False,
2025-01-31T21:00:00.000Z,Japan,Kansai,JP-KN,336.0,409.0,,7.0,,False,
2025-01-31T22:00:00.000Z,Japan,Kansai,JP-KN,327.0,400.0,,9.0,,False,
2025-01-31T23:00:00.000Z,Japan,Kansai,JP-KN,299.0,370.0,,16.0,,False,
2025-02-01T00:00:00.000Z,Japan,Kansai,JP-KN,279.0,345.0,,22.0,,False,
2025-02-01T01:00:00.000Z,Japan,Kansai,JP-KN,255.0,315.0,,28.0,,False,
2025-02-01T02:00:00.000Z,Japan,Kansai,JP-KN,271.0,331.0,,25.0,,False,
2025-02-01T03:00:00.000Z,Japan,Kansai,JP-KN,303.0,366.0,,18.0,,False,
2025-02-01T04:00:00.000Z,Japan,Kansai,JP-KN,301.0,364.0,,18.0,,False,
2025-02-01T05:00:00.000Z,Japan,Kansai,JP-KN,318.0,384.0,,13.0,,False,
2025-02-01T06:00:00.000Z,Japan,Kansai,JP-KN,325.0,393.0,,11.0,,False,
2025-02-01T07:00:00.000Z,Japan,Kansai,JP-KN,312.0,382.0,,13.0,,False,
2025-02-01T08:00:00.000Z,Japan,Kansai,JP-KN,317.0,388.0,,12.0,,False,
2025-02-01T09:00:00.000Z,Japan,Kansai,JP-KN,315.0,387.0,,13.0,,False,
2025-02-01T10:00:00.000Z,Japan,Kansai,JP-KN,315.0,386.0,,13.0,,False,
2025-02-01T11:00:00.000Z,Japan,Kansai,JP-KN,321.0,393.0,,11.0,,False,
2025-02-01T12:00:00.000Z,Japan,Kansai,JP-KN,325.0,398.0,,9.0,,False,
2025-02-01T13:00:00.000Z,Japan,Kansai,JP-KN,333.0,405.0,,8.0,,False,
2025-02-01T14:00:00.000Z,Japan,Kansai,JP-KN,332.0,404.0,,7.0,,False,
2025-02-01T15:00:00.000Z,Japan,Kansai,JP-KN,337.0,409.0,,6.0,,False,
2025-02-01T16:00:00.000Z,Japan,Kansai,JP-KN,337.0,409.0,,6.0,,False,
2025-02-01T17:00:00.000Z,Japan,Kansai,JP-KN,336.0,408.0,,5.0,,False,
2025-02-01T18:00:00.000Z,Japan,Kansai,JP-KN,337.0,409.0,,5.0,,False,
2025-02-01T19:00:00.000Z,Japan,Kansai,JP-KN,337.0,410.0,,5.0,,False,
2025-02-01T20:00:00.000Z,Japan,Kansai,JP-KN,335.0,407.0,,5.0,,False,
2025-02-01T21:00:00.000Z,Japan,Kansai,JP-KN,331.0,402.0,,5.0,,False,
2025-02-01T22:00:00.000Z,Japan,Kansai,JP-KN,333.0,405.0,,7.0,,False,
2025-02-01T23:00:00.000Z,Japan,Kansai,JP-KN,318.0,389.0,,12.0,,False,
2025-02-02T00:00:00.000Z,Japan,Kansai,JP-KN,290.0,355.0,,20.0,,False,
2025-02-02T01:00:00.000Z,Japan,Kansai,JP-KN,266.0,326.0,,26.0,,False,
2025-02-02T02:00:00.000Z,Japan,Kansai,JP-KN,253.0,310.0,,28.0,,False,
2025-02-02T03:00:00.000Z,Japan,Kansai,JP-KN,265.0,323.0,,26.0,,False,
2025-02-02T04:00:00.000Z,Japan,Kansai,JP-KN,285.0,349.0,,20.0,,False,
2025-02-02T05:00:00.000Z,Japan,Kansai,JP-KN,305.0,369.0,,16.0,,False,
2025-02-02T06:00:00.000Z,Japan,Kansai,JP-KN,307.0,371.0,,16.0,,False,
2025-02-02T07:00:00.000Z,Japan,Kansai,JP-KN,323.0,391.0,,13.0,,False,
2025-02-02T08:00:00.000Z,Japan,Kansai,JP-KN,329.0,399.0,,11.0,,False,
2025-02-02T09:00:00.000Z,Japan,Kansai,JP-KN,322.0,393.0,,13.0,,False,
2025-02-02T10:00:00.000Z,Japan,Kansai,JP-KN,323.0,395.0,,12.0,,False,
2025-02-02T11:00:00.000Z,Japan,Kansai,JP-KN,324.0,396.0,,12.0,,False,
2025-02-02T12:00:00.000Z,Japan,Kansai,JP-KN,332.0,405.0,,9.0,,False,
2025-02-02T13:00:00.000Z,Japan,Kansai,JP-KN,336.0,409.0,,7.0,,False,
2025-02-02T14:00:00.000Z,Japan,Kansai,JP-KN,333.0,405.0,,7.0,,False,
2025-02-02T15:00:00.000Z,Japan,Kansai,JP-KN,342.0,413.0,,6.0,,False,
2025-02-02T16:00:00.000Z,Japan,Kansai,JP-KN,346.0,417.0,,6.0,,False,
2025-02-02T17:00:00.000Z,Japan,Kansai,JP-KN,347.0,417.0,,6.0,,False,
2025-02-02T18:00:00.000Z,Japan,Kansai,JP-KN,348.0,419.0,,6.0,,False,
2025-02-02T19:00:00.000Z,Japan,Kansai,JP-KN,354.0,424.0,,6.0,,False,
2025-02-02T20:00:00.000Z,Japan,Kansai,JP-KN,361.0,431.0,,6.0,,False,
2025-02-02T21:00:00.000Z,Japan,Kansai,JP-KN,357.0,426.0,,8.0,,False,
2025-02-02T22:00:00.000Z,Japan,Kansai,JP-KN,336.0,404.0,,14.0,,False,
2025-02-02T23:00:00.000Z,Japan,Kansai,JP-KN,321.0,391.0,,18.0,,False,
2025-02-03T00:00:00.000Z,Japan,Kansai,JP-KN,310.0,381.0,,20.0,,False,
2025-02-03T01:00:00.000Z,Japan,Kansai,JP-KN,302.0,370.0,,22.0,,False,
2025-02-03T02:00:00.000Z,Japan,Kansai,JP-KN,303.0,371.0,,21.0,,False,
2025-02-03T03:00:00.000Z,Japan,Kansai,JP-KN,305.0,372.0,,21.0,,False,
2025-02-03T04:00:00.000Z,Japan,Kansai,JP-KN,305.0,374.0,,20.0,,False,
2025-02-03T05:00:00.000Z,Japan,Kansai,JP-KN,310.0,379.0,,18.0,,False,
2025-02-03T06:00:00.000Z,Japan,Kansai,JP-KN,316.0,386.0,,17.0,,False,
2025-02-03T07:00:00.000Z,Japan,Kansai,JP-KN,328.0,402.0,,15.0,,False,
2025-02-03T08:00:00.000Z,Japan,Kansai,JP-KN,336.0,411.0,,14.0,,False,
2025-02-03T09:00:00.000Z,Japan,Kansai,JP-KN,331.0,407.0,,14.0,,False,
2025-02-03T10:00:00.000Z,Japan,Kansai,JP-KN,333.0,407.0,,14.0,,False,
2025-02-03T11:00:00.000Z,Japan,Kansai,JP-KN,346.0,419.0,,12.0,,False,
2025-02-03T12:00:00.000Z,Japan,Kansai,JP-KN,351.0,423.0,,10.0,,False,
2025-02-03T13:00:00.000Z,Japan,Kansai,JP-KN,363.0,436.0,,8.0,,False,
2025-02-03T14:00:00.000Z,Japan,Kansai,JP-KN,369.0,442.0,,7.0,,False,
2025-02-03T15:00:00.000Z,Japan,Kansai,JP-KN,373.0,446.0,,7.0,,False,
2025-02-03T16:00:00.000Z,Japan,Kansai,JP-KN,378.0,449.0,,7.0,,False,
2025-02-03T17:00:00.000Z,Japan,Kansai,JP-KN,378.0,449.0,,7.0,,False,
2025-02-03T18:00:00.000Z,Japan,Kansai,JP-KN,377.0,448.0,,7.0,,False,
2025-02-03T19:00:00.000Z,Japan,Kansai,JP-KN,375.0,446.0,,7.0,,False,
2025-02-03T20:00:00.000Z,Japan,Kansai,JP-KN,372.0,443.0,,7.0,,False,
2025-02-03T21:00:00.000Z,Japan,Kansai,JP-KN,365.0,438.0,,8.0,,False,
2025-02-03T22:00:00.000Z,Japan,Kansai,JP-KN,351.0,425.0,,12.0,,False,
2025-02-03T23:00:00.000Z,Japan,Kansai,JP-KN,321.0,395.0,,18.0,,False,
2025-02-04T00:00:00.000Z,Japan,Kansai,JP-KN,299.0,370.0,,23.0,,False,
2025-02-04T01:00:00.000Z,Japan,Kansai,JP-KN,293.0,361.0,,25.0,,False,
2025-02-04T02:00:00.000Z,Japan,Kansai,JP-KN,288.0,354.0,,26.0,,False,
2025-02-04T03:00:00.000Z,Japan,Kansai,JP-KN,288.0,354.0,,26.0,,False,
2025-02-04T04:00:00.000Z,Japan,Kansai,JP-KN,297.0,366.0,,24.0,,False,
2025-02-04T05:00:00.000Z,Japan,Kansai,JP-KN,311.0,381.0,,21.0,,False,
2025-02-04T06:00:00.000Z,Japan,Kansai,JP-KN,327.0,399.0,,18.0,,False,
2025-02-04T07:00:00.000Z,Japan,Kansai,JP-KN,335.0,409.0,,15.0,,False,
2025-02-04T08:00:00.000Z,Japan,Kansai,JP-KN,342.0,419.0,,13.0,,False,
2025-02-04T09:00:00.000Z,Japan,Kansai,JP-KN,341.0,419.0,,13.0,,False,
2025-02-04T10:00:00.000Z,Japan,Kansai,JP-KN,338.0,415.0,,15.0,,False,
2025-02-04T11:00:00.000Z,Japan,Kansai,JP-KN,343.0,420.0,,14.0,,False,
2025-02-04T12:00:00.000Z,Japan,Kansai,JP-KN,348.0,425.0,,12.0,,False,
2025-02-04T13:00:00.000Z,Japan,Kansai,JP-KN,359.0,438.0,,9.0,,False,
2025-02-04T14:00:00.000Z,Japan,Kansai,JP-KN,363.0,440.0,,8.0,,False,
2025-02-04T15:00:00.000Z,Japan,Kansai,JP-KN,364.0,437.0,,8.0,,False,
2025-02-04T16:00:00.000Z,Japan,Kansai,JP-KN,372.0,444.0,,7.0,,False,
2025-02-04T17:00:00.000Z,Japan,Kansai,JP-KN,372.0,444.0,,7.0,,False,
2025-02-04T18:00:00.000Z,Japan,Kansai,JP-KN,373.0,445.0,,7.0,,False,
2025-02-04T19:00:00.000Z,Japan,Kansai,JP-KN,373.0,445.0,,7.0,,False,
2025-02-04T20:00:00.000Z,Japan,Kansai,JP-KN,373.0,446.0,,7.0,,False,
2025-02-04T21:00:00.000Z,Japan,Kansai,JP-KN,363.0,438.0,,9.0,,False,
2025-02-04T22:00:00.000Z,Japan,Kansai,JP-KN,351.0,428.0,,12.0,,False,
2025-02-04T23:00:00.000Z,Japan,Kansai,JP-KN,332.0,408.0,,17.0,,False,
2025-02-05T00:00:00.000Z,Japan,Kansai,JP-KN,316.0,390.0,,21.0,,False,
2025-02-05T01:00:00.000Z,Japan,Kansai,JP-KN,311.0,383.0,,22.0,,False,
2025-02-05T02:00:00.000Z,Japan,Kansai,JP-KN,316.0,387.0,,21.0,,False,
2025-02-05T03:00:00.000Z,Japan,Kansai,JP-KN,323.0,396.0,,19.0,,False,
2025-02-05T04:00:00.000Z,Japan,Kansai,JP-KN,325.0,398.0,,19.0,,False,
2025-02-05T05:00:00.000Z,Japan,Kansai,JP-KN,329.0,401.0,,18.0,,False,
2025-02-05T06:00:00.000Z,Japan,Kansai,JP-KN,336.0,412.0,,16.0,,False,
2025-02-05T07:00:00.000Z,Japan,Kansai,JP-KN,340.0,417.0,,14.0,,False,
2025-02-05T08:00:00.000Z,Japan,Kansai,JP-KN,342.0,419.0,,14.0,,False,
2025-02-05T09:00:00.000Z,Japan,Kansai,JP-KN,342.0,419.0,,15.0,,False,
2025-02-05T10:00:00.000Z,Japan,Kansai,JP-KN,346.0,424.0,,13.0,,False,
2025-02-05T11:00:00.000Z,Japan,Kansai,JP-KN,353.0,432.0,,11.0,,False,
2025-02-05T12:00:00.000Z,Japan,Kansai,JP-KN,360.0,440.0,,10.0,,False,
2025-02-05T13:00:00.000Z,Japan,Kansai,JP-KN,369.0,449.0,,8.0,,False,
2025-02-05T14:00:00.000Z,Japan,Kansai,JP-KN,370.0,449.0,,7.0,,False,
2025-02-05T15:00:00.000Z,Japan,Kansai,JP-KN,371.0,448.0,,7.0,,False,
2025-02-05T16:00:00.000Z,Japan,Kansai,JP-KN,374.0,449.0,,6.0,,False,
2025-02-05T17:00:00.000Z,Japan,Kansai,JP-KN,376.0,451.0,,6.0,,False,
2025-02-05T18:00:00.000Z,Japan,Kansai,JP-KN,376.0,451.0,,6.0,,False,
2025-02-05T19:00:00.000Z,Japan,Kansai,JP-KN,376.0,451.0,,6.0,,False,
2025-02-05T20:00:00.000Z,Japan,Kansai,JP-KN,375.0,451.0,,6.0,,False,
2025-02-05T21:00:00.000Z,Japan,Kansai,JP-KN,366.0,442.0,,8.0,,False,
2025-02-05T22:00:00.000Z,Japan,Kansai,JP-KN,351.0,429.0,,11.0,,False,
2025-02-05T23:00:00.000Z,Japan,Kansai,JP-KN,331.0,407.0,,16.0,,False,
2025-02-06T00:00:00.000Z,Japan,Kansai,JP-KN,317.0,391.0,,20.0,,False,
2025-02-06T01:00:00.000Z,Japan,Kansai,JP-KN,305.0,374.0,,24.0,,False,
2025-02-06T02:00:00.000Z,Japan,Kansai,JP-KN,298.0,367.0,,25.0,,False,
2025-02-06T03:00:00.000Z,Japan,Kansai,JP-KN,300.0,369.0,,24.0,,False,
2025-02-06T04:00:00.000Z,Japan,Kansai,JP-KN,314.0,386.0,,21.0,,False,
2025-02-06T05:00:00.000Z,Japan,Kansai,JP-KN,326.0,400.0,,18.0,,False,
2025-02-06T06:00:00.000Z,Japan,Kansai,JP-KN,334.0,408.0,,16.0,,False,
2025-02-06T07:00:00.000Z,Japan,Kansai,JP-KN,340.0,417.0,,14.0,,False,
2025-02-06T08:00:00.000Z,Japan,Kansai,JP-KN,346.0,424.0,,13.0,,False,
2025-02-06T09:00:00.000Z,Japan,Kansai,JP-KN,351.0,429.0,,13.0,,False,
2025-02-06T10:00:00.000Z,Japan,Kansai,JP-KN,354.0,431.0,,12.0,,False,
2025-02-06T11:00:00.000Z,Japan,Kansai,JP-KN,356.0,434.0,,11.0,,False,
2025-02-06T12:00:00.000Z,Japan,Kansai,JP-KN,360.0,439.0,,10.0,,False,
2025-02-06T13:00:00.000Z,Japan,Kansai,JP-KN,367.0,447.0,,7.0,,False,
2025-02-06T14:00:00.000Z,Japan,Kansai,JP-KN,364.0,442.0,,8.0,,False,
2025-02-06T15:00:00.000Z,Japan,Kansai,JP-KN,370.0,446.0,,6.0,,False,
2025-02-06T16:00:00.000Z,Japan,Kansai,JP-KN,373.0,448.0,,5.0,,False,
2025-02-06T17:00:00.000Z,Japan,Kansai,JP-KN,373.0,447.0,,5.0,,False,
2025-02-06T18:00:00.000Z,Japan,Kansai,JP-KN,372.0,446.0,,5.0,,False,
2025-02-06T19:00:00.000Z,Japan,Kansai,JP-KN,374.0,447.0,,5.0,,False,
2025-02-06T20:00:00.000Z,Japan,Kansai,JP-KN,375.0,449.0,,5.0,,False,
2025-02-06T21:00:00.000Z,Japan,Kansai,JP-KN,368.0,447.0,,6.0,,False,
2025-02-06T22:00:00.000Z,Japan,Kansai,JP-KN,360.0,439.0,,9.0,,False,
2025-02-06T23:00:00.000Z,Japan,Kansai,JP-KN,340.0,418.0,,15.0,,False,
2025-02-07T00:00:00.000Z,Japan,Kansai,JP-KN,320.0,394.0,,20.0,,False,
2025-02-07T01:00:00.000Z,Japan,Kansai,JP-KN,307.0,377.0,,23.0,,False,
2025-02-07T02:00:00.000Z,Japan,Kansai,JP-KN,302.0,374.0,,22.0,,False,
2025-02-07T03:00:00.000Z,Japan,Kansai,JP-KN,303.0,375.0,,21.0,,False,
2025-02-07T04:00:00.000Z,Japan,Kansai,JP-KN,316.0,390.0,,18.0,,False,
2025-02-07T05:00:00.000Z,Japan,Kansai,JP-KN,330.0,406.0,,15.0,,False,
2025-02-07T06:00:00.000Z,Japan,Kansai,JP-KN,336.0,412.0,,14.0,,False,
2025-02-07T07:00:00.000Z,Japan,Kansai,JP-KN,335.0,412.0,,14.0,,False,
2025-02-07T08:00:00.000Z,Japan,Kansai,JP-KN,339.0,414.0,,15.0,,False,
2025-02-07T09:00:00.000Z,Japan,Kansai,JP-KN,337.0,411.0,,15.0,,False,
2025-02-07T10:00:00.000Z,Japan,Kansai,JP-KN,339.0,414.0,,14.0,,False,
2025-02-07T11:00:00.000Z,Japan,Kansai,JP-KN,341.0,419.0,,13.0,,False,
2025-02-07T12:00:00.000Z,Japan,Kansai,JP-KN,349.0,426.0,,11.0,,False,
2025-02-07T13:00:00.000Z,Japan,Kansai,JP-KN,359.0,438.0,,9.0,,False,
2025-02-07T14:00:00.000Z,Japan,Kansai,JP-KN,353.0,432.0,,9.0,,False,
2025-02-07T15:00:00.000Z,Japan,Kansai,JP-KN,358.0,434.0,,7.0,,False,
2025-02-07T16:00:00.000Z,Japan,Kansai,JP-KN,363.0,436.0,,6.0,,False,
2025-02-07T17:00:00.000Z,Japan,Kansai,JP-KN,363.0,436.0,,6.0,,False,
2025-02-07T18:00:00.000Z,Japan,Kansai,JP-KN,363.0,436.0,,6.0,,False,
2025-02-07T19:00:00.000Z,Japan,Kansai,JP-KN,361.0,433.0,,6.0,,False,
2025-02-07T20:00:00.000Z,Japan,Kansai,JP-KN,359.0,431.0,,6.0,,False,
2025-02-07T21:00:00.000Z,Japan,Kansai,JP-KN,363.0,436.0,,7.0,,False,
2025-02-07T22:00:00.000Z,Japan,Kansai,JP-KN,347.0,418.0,,11.0,,False,
2025-02-07T23:00:00.000Z,Japan,Kansai,JP-KN,332.0,402.0,,16.0,,False,
2025-02-08T00:00:00.000Z,Japan,Kansai,JP-KN,318.0,388.0,,19.0,,False,
2025-02-08T01:00:00.000Z,Japan,Kansai,JP-KN,304.0,373.0,,21.0,,False,
2025-02-08T02:00:00.000Z,Japan,Kansai,JP-KN,268.0,335.0,,25.0,,False,
2025-02-08T03:00:00.000Z,Japan,Kansai,JP-KN,265.0,333.0,,24.0,,False,
2025-02-08T04:00:00.000Z,Japan,Kansai,JP-KN,267.0,335.0,,23.0,,False,
2025-02-08T05:00:00.000Z,Japan,Kansai,JP-KN,277.0,346.0,,20.0,,False,
2025-02-08T06:00:00.000Z,Japan,Kansai,JP-KN,295.0,367.0,,17.0,,False,
2025-02-08T07:00:00.000Z,Japan,Kansai,JP-KN,334.0,405.0,,14.0,,False,
2025-02-08T08:00:00.000Z,Japan,Kansai,JP-KN,343.0,416.0,,12.0,,False,
2025-02-08T09:00:00.000Z,Japan,Kansai,JP-KN,341.0,414.0,,13.0,,False,
2025-02-08T10:00:00.000Z,Japan,Kansai,JP-KN,341.0,413.0,,13.0,,False,
2025-02-08T11:00:00.000Z,Japan,Kansai,JP-KN,346.0,418.0,,12.0,,False,
2025-02-08T12:00:00.000Z,Japan,Kansai,JP-KN,349.0,423.0,,10.0,,False,
2025-02-08T13:00:00.000Z,Japan,Kansai,JP-KN,359.0,434.0,,8.0,,False,
2025-02-08T14:00:00.000Z,Japan,Kansai,JP-KN,340.0,417.0,,8.0,,False,
2025-02-08T15:00:00.000Z,Japan,Kansai,JP-KN,334.0,411.0,,6.0,,False,
2025-02-08T16:00:00.000Z,Japan,Kansai,JP-KN,335.0,412.0,,6.0,,False,
2025-02-08T17:00:00.000Z,Japan,Kansai,JP-KN,335.0,412.0,,5.0,,False,
2025-02-08T18:00:00.000Z,Japan,Kansai,JP-KN,329.0,405.0,,6.0,,False,
2025-02-08T19:00:00.000Z,Japan,Kansai,JP-KN,334.0,410.0,,5.0,,False,
2025-02-08T20:00:00.000Z,Japan,Kansai,JP-KN,338.0,414.0,,5.0,,False,
2025-02-08T21:00:00.000Z,Japan,Kansai,JP-KN,335.0,410.0,,7.0,,False,
2025-02-08T22:00:00.000Z,Japan,Kansai,JP-KN,321.0,395.0,,10.0,,False,
2025-02-08T23:00:00.000Z,Japan,Kansai,JP-KN,296.0,366.0,,17.0,,False,
2025-02-09T00:00:00.000Z,Japan,Kansai,JP-KN,282.0,349.0,,21.0,,False,
2025-02-09T01:00:00.000Z,Japan,Kansai,JP-KN,260.0,321.0,,27.0,,False,
2025-02-09T02:00:00.000Z,Japan,Kansai,JP-KN,248.0,306.0,,30.0,,False,
2025-02-09T03:00:00.000Z,Japan,Kansai,JP-KN,253.0,312.0,,28.0,,False,
2025-02-09T04:00:00.000Z,Japan,Kansai,JP-KN,259.0,318.0,,27.0,,False,
2025-02-09T05:00:00.000Z,Japan,Kansai,JP-KN,267.0,328.0,,24.0,,False,
2025-02-09T06:00:00.000Z,Japan,Kansai,JP-KN,292.0,358.0,,17.0,,False,
2025-02-09T07:00:00.000Z,Japan,Kansai,JP-KN,314.0,386.0,,12.0,,False,
2025-02-09T08:00:00.000Z,Japan,Kansai,JP-KN,331.0,406.0,,10.0,,False,
2025-02-09T09:00:00.000Z,Japan,Kansai,JP-KN,328.0,403.0,,11.0,,False,
2025-02-09T10:00:00.000Z,Japan,Kansai,JP-KN,321.0,395.0,,12.0,,False,
2025-02-09T11:00:00.000Z,Japan,Kansai,JP-KN,321.0,395.0,,12.0,,False,
2025-02-09T12:00:00.000Z,Japan,Kansai,JP-KN,320.0,394.0,,11.0,,False,
2025-02-09T13:00:00.000Z,Japan,Kansai,JP-KN,326.0,400.0,,9.0,,False,
2025-02-09T14:00:00.000Z,Japan,Kansai,JP-KN,343.0,418.0,,8.0,,False,
2025-02-09T15:00:00.000Z,Japan,Kansai,JP-KN,363.0,437.0,,6.0,,False,
2025-02-09T16:00:00.000Z,Japan,Kansai,JP-KN,363.0,437.0,,6.0,,False,
2025-02-09T17:00:00.000Z,Japan,Kansai,JP-KN,364.0,439.0,,6.0,,False,
2025-02-09T18:00:00.000Z,Japan,Kansai,JP-KN,364.0,439.0,,6.0,,False,
2025-02-09T19:00:00.000Z,Japan,Kansai,JP-KN,362.0,437.0,,6.0,,False,
2025-02-09T20:00:00.000Z,Japan,Kansai,JP-KN,362.0,436.0,,6.0,,False,
2025-02-09T21:00:00.000Z,Japan,Kansai,JP-KN,355.0,430.0,,7.0,,False,
2025-02-09T22:00:00.000Z,Japan,Kansai,JP-KN,340.0,415.0,,12.0,,False,
2025-02-09T23:00:00.000Z,Japan,Kansai,JP-KN,323.0,397.0,,16.0,,False,
2025-02-10T00:00:00.000Z,Japan,Kansai,JP-KN,294.0,370.0,,21.0,,False,
2025-02-10T01:00:00.000Z,Japan,Kansai,JP-KN,276.0,350.0,,24.0,,False,
2025-02-10T02:00:00.000Z,Japan,Kansai,JP-KN,270.0,343.0,,25.0,,False,
2025-02-10T03:00:00.000Z,Japan,Kansai,JP-KN,276.0,347.0,,24.0,,False,
2025-02-10T04:00:00.000Z,Japan,Kansai,JP-KN,281.0,353.0,,23.0,,False,
2025-02-10T05:00:00.000Z,Japan,Kansai,JP-KN,287.0,361.0,,21.0,,False,
2025-02-10T06:00:00.000Z,Japan,Kansai,JP-KN,306.0,381.0,,18.0,,False,
2025-02-10T07:00:00.000Z,Japan,Kansai,JP-KN,338.0,414.0,,13.0,,False,
2025-02-10T08:00:00.000Z,Japan,Kansai,JP-KN,346.0,422.0,,13.0,,False,
2025-02-10T09:00:00.000Z,Japan,Kansai,JP-KN,345.0,421.0,,13.0,,False,
2025-02-10T10:00:00.000Z,Japan,Kansai,JP-KN,347.0,423.0,,12.0,,False,
2025-02-10T11:00:00.000Z,Japan,Kansai,JP-KN,353.0,430.0,,11.0,,False,
2025-02-10T12:00:00.000Z,Japan,Kansai,JP-KN,359.0,437.0,,9.0,,False,
2025-02-10T13:00:00.000Z,Japan,Kansai,JP-KN,365.0,442.0,,7.0,,False,
2025-02-10T14:00:00.000Z,Japan,Kansai,JP-KN,367.0,442.0,,6.0,,False,
2025-02-10T15:00:00.000Z,Japan,Kansai,JP-KN,353.0,428.0,,6.0,,False,
2025-02-10T16:00:00.000Z,Japan,Kansai,JP-KN,338.0,414.0,,5.0,,False,
2025-02-10T17:00:00.000Z,Japan,Kansai,JP-KN,338.0,414.0,,5.0,,False,
2025-02-10T18:00:00.000Z,Japan,Kansai,JP-KN,337.0,413.0,,5.0,,False,
2025-02-10T19:00:00.000Z,Japan,Kansai,JP-KN,333.0,409.0,,5.0,,False,
2025-02-10T20:00:00.000Z,Japan,Kansai,JP-KN,330.0,405.0,,6.0,,False,
2025-02-10T21:00:00.000Z,Japan,Kansai,JP-KN,326.0,402.0,,7.0,,False,
2025-02-10T22:00:00.000Z,Japan,Kansai,JP-KN,315.0,390.0,,10.0,,False,
2025-02-10T23:00:00.000Z,Japan,Kansai,JP-KN,298.0,371.0,,15.0,,False,
2025-02-11T00:00:00.000Z,Japan,Kansai,JP-KN,284.0,355.0,,19.0,,False,
2025-02-11T01:00:00.000Z,Japan,Kansai,JP-KN,274.0,341.0,,22.0,,False,
2025-02-11T02:00:00.000Z,Japan,Kansai,JP-KN,269.0,336.0,,23.0,,False,
2025-02-11T03:00:00.000Z,Japan,Kansai,JP-KN,270.0,335.0,,22.0,,False,
2025-02-11T04:00:00.000Z,Japan,Kansai,JP-KN,274.0,340.0,,22.0,,False,
2025-02-11T05:00:00.000Z,Japan,Kansai,JP-KN,275.0,341.0,,21.0,,False,
2025-02-11T06:00:00.000Z,Japan,Kansai,JP-KN,284.0,352.0,,19.0,,False,
2025-02-11T07:00:00.000Z,Japan,Kansai,JP-KN,304.0,376.0,,15.0,,False,
2025-02-11T08:00:00.000Z,Japan,Kansai,JP-KN,323.0,396.0,,11.0,,False,
2025-02-11T09:00:00.000Z,Japan,Kansai,JP-KN,320.0,393.0,,12.0,,False,
2025-02-11T10:00:00.000Z,Japan,Kansai,JP-KN,322.0,395.0,,12.0,,False,
2025-02-11T11:00:00.000Z,Japan,Kansai,JP-KN,325.0,399.0,,10.0,,False,
2025-02-11T12:00:00.000Z,Japan,Kansai,JP-KN,322.0,397.0,,9.0,,False,
2025-02-11T13:00:00.000Z,Japan,Kansai,JP-KN,329.0,404.0,,8.0,,False,
2025-02-11T14:00:00.000Z,Japan,Kansai,JP-KN,334.0,408.0,,8.0,,False,
2025-02-11T15:00:00.000Z,Japan,Kansai,JP-KN,361.0,433.0,,6.0,,False,
2025-02-11T16:00:00.000Z,Japan,Kansai,JP-KN,371.0,444.0,,4.0,,False,
2025-02-11T17:00:00.000Z,Japan,Kansai,JP-KN,371.0,444.0,,4.0,,False,
2025-02-11T18:00:00.000Z,Japan,Kansai,JP-KN,369.0,442.0,,4.0,,False,
2025-02-11T19:00:00.000Z,Japan,Kansai,JP-KN,370.0,441.0,,4.0,,False,
2025-02-11T20:00:00.000Z,Japan,Kansai,JP-KN,370.0,442.0,,5.0,,False,
2025-02-11T21:00:00.000Z,Japan,Kansai,JP-KN,362.0,435.0,,7.0,,False,
2025-02-11T22:00:00.000Z,Japan,Kansai,JP-KN,339.0,408.0,,12.0,,False,
2025-02-11T23:00:00.000Z,Japan,Kansai,JP-KN,329.0,399.0,,15.0,,False,
2025-02-12T00:00:00.000Z,Japan,Kansai,JP-KN,328.0,400.0,,15.0,,False,
2025-02-12T01:00:00.000Z,Japan,Kansai,JP-KN,337.0,410.0,,13.0,,False,
2025-02-12T02:00:00.000Z,Japan,Kansai,JP-KN,338.0,411.0,,12.0,,False,
2025-02-12T03:00:00.000Z,Japan,Kansai,JP-KN,333.0,405.0,,13.0,,False,
2025-02-12T04:00:00.000Z,Japan,Kansai,JP-KN,331.0,403.0,,14.0,,False,
2025-02-12T05:00:00.000Z,Japan,Kansai,JP-KN,345.0,419.0,,11.0,,False,
2025-02-12T06:00:00.000Z,Japan,Kansai,JP-KN,344.0,417.0,,11.0,,False,
2025-02-12T07:00:00.000Z,Japan,Kansai,JP-KN,345.0,417.0,,12.0,,False,
2025-02-12T08:00:00.000Z,Japan,Kansai,JP-KN,342.0,415.0,,11.0,,False,
2025-02-12T09:00:00.000Z,Japan,Kansai,JP-KN,339.0,412.0,,12.0,,False,
2025-02-12T10:00:00.000Z,Japan,Kansai,JP-KN,345.0,418.0,,11.0,,False,
2025-02-12T11:00:00.000Z,Japan,Kansai,JP-KN,349.0,422.0,,9.0,,False,
2025-02-12T12:00:00.000Z,Japan,Kansai,JP-KN,357.0,430.0,,8.0,,False,
2025-02-12T13:00:00.000Z,Japan,Kansai,JP-KN,362.0,435.0,,6.0,,False,
2025-02-12T14:00:00.000Z,Japan,Kansai,JP-KN,366.0,436.0,,6.0,,False,
2025-02-12T15:00:00.000Z,Japan,Kansai,JP-KN,364.0,431.0,,6.0,,False,
2025-02-12T16:00:00.000Z,Japan,Kansai,JP-KN,357.0,424.0,,7.0,,False,
2025-02-12T17:00:00.000Z,Japan,Kansai,JP-KN,356.0,423.0,,7.0,,False,
2025-02-12T18:00:00.000Z,Japan,Kansai,JP-KN,354.0,421.0,,7.0,,False,
2025-02-12T19:00:00.000Z,Japan,Kansai,JP-KN,353.0,420.0,,7.0,,False,
2025-02-12T20:00:00.000Z,Japan,Kansai,JP-KN,350.0,417.0,,7.0,,False,
2025-02-12T21:00:00.000Z,Japan,Kansai,JP-KN,345.0,416.0,,8.0,,False,
2025-02-12T22:00:00.000Z,Japan,Kansai,JP-KN,337.0,408.0,,10.0,,False,
2025-02-12T23:00:00.000Z,Japan,Kansai,JP-KN,317.0,387.0,,16.0,,False,
2025-02-13T00:00:00.000Z,Japan,Kansai,JP-KN,302.0,369.0,,20.0,,False,
2025-02-13T01:00:00.000Z,Japan,Kansai,JP-KN,296.0,361.0,,22.0,,False,
2025-02-13T02:00:00.000Z,Japan,Kansai,JP-KN,287.0,350.0,,24.0,,False,
2025-02-13T03:00:00.000Z,Japan,Kansai,JP-KN,294.0,357.0,,22.0,,False,
2025-02-13T04:00:00.000Z,Japan,Kansai,JP-KN,294.0,357.0,,22.0,,False,
2025-02-13T05:00:00.000Z,Japan,Kansai,JP-KN,301.0,365.0,,20.0,,False,
2025-02-13T06:00:00.000Z,Japan,Kansai,JP-KN,310.0,375.0,,18.0,,False,
2025-02-13T07:00:00.000Z,Japan,Kansai,JP-KN,322.0,388.0,,17.0,,False,
2025-02-13T08:00:00.000Z,Japan,Kansai,JP-KN,334.0,403.0,,13.0,,False,
2025-02-13T09:00:00.000Z,Japan,Kansai,JP-KN,335.0,404.0,,13.0,,False,
2025-02-13T10:00:00.000Z,Japan,Kansai,JP-KN,339.0,409.0,,13.0,,False,
2025-02-13T11:00:00.000Z,Japan,Kansai,JP-KN,350.0,421.0,,10.0,,False,
2025-02-13T12:00:00.000Z,Japan,Kansai,JP-KN,356.0,429.0,,8.0,,False,
2025-02-13T13:00:00.000Z,Japan,Kansai,JP-KN,360.0,433.0,,6.0,,False,
2025-02-13T14:00:00.000Z,Japan,Kansai,JP-KN,363.0,434.0,,6.0,,False,
2025-02-13T15:00:00.000Z,Japan,Kansai,JP-KN,365.0,432.0,,6.0,,False,
2025-02-13T16:00:00.000Z,Japan,Kansai,JP-KN,365.0,431.0,,6.0,,False,
2025-02-13T17:00:00.000Z,Japan,Kansai,JP-KN,363.0,431.0,,6.0,,False,
2025-02-13T18:00:00.000Z,Japan,Kansai,JP-KN,361.0,429.0,,6.0,,False,
2025-02-13T19:00:00.000Z,Japan,Kansai,JP-KN,362.0,431.0,,5.0,,False,
2025-02-13T20:00:00.000Z,Japan,Kansai,JP-KN,362.0,432.0,,5.0,,False,
2025-02-13T21:00:00.000Z,Japan,Kansai,JP-KN,352.0,422.0,,8.0,,False,
2025-02-13T22:00:00.000Z,Japan,Kansai,JP-KN,340.0,409.0,,11.0,,False,
2025-02-13T23:00:00.000Z,Japan,Kansai,JP-KN,310.0,378.0,,17.0,,False,
2025-02-14T00:00:00.000Z,Japan,Kansai,JP-KN,276.0,339.0,,25.0,,False,
2025-02-14T01:00:00.000Z,Japan,Kansai,JP-KN,240.0,299.0,,32.0,,False,
2025-02-14T02:00:00.000Z,Japan,Kansai,JP-KN,229.0,286.0,,34.0,,False,
2025-02-14T03:00:00.000Z,Japan,Kansai,JP-KN,225.0,281.0,,35.0,,False,
2025-02-14T04:00:00.000Z,Japan,Kansai,JP-KN,230.0,287.0,,33.0,,False,
2025-02-14T05:00:00.000Z,Japan,Kansai,JP-KN,241.0,299.0,,30.0,,False,
2025-02-14T06:00:00.000Z,Japan,Kansai,JP-KN,272.0,334.0,,23.0,,False,
2025-02-14T07:00:00.000Z,Japan,Kansai,JP-KN,317.0,383.0,,16.0,,False,
2025-02-14T08:00:00.000Z,Japan,Kansai,JP-KN,335.0,401.0,,13.0,,False,
2025-02-14T09:00:00.000Z,Japan,Kansai,JP-KN,334.0,402.0,,13.0,,False,
2025-02-14T10:00:00.000Z,Japan,Kansai,JP-KN,337.0,405.0,,12.0,,False,
2025-02-14T11:00:00.000Z,Japan,Kansai,JP-KN,347.0,417.0,,10.0,,False,
2025-02-14T12:00:00.000Z,Japan,Kansai,JP-KN,352.0,422.0,,9.0,,False,
2025-02-14T13:00:00.000Z,Japan,Kansai,JP-KN,354.0,424.0,,8.0,,False,
2025-02-14T14:00:00.000Z,Japan,Kansai,JP-KN,356.0,425.0,,6.0,,False,
2025-02-14T15:00:00.000Z,Japan,Kansai,JP-KN,343.0,412.0,,6.0,,False,
2025-02-14T16:00:00.000Z,Japan,Kansai,JP-KN,342.0,411.0,,6.0,,False,
2025-02-14T17:00:00.000Z,Japan,Kansai,JP-KN,339.0,409.0,,6.0,,False,
2025-02-14T18:00:00.000Z,Japan,Kansai,JP-KN,335.0,404.0,,6.0,,False,
2025-02-14T19:00:00.000Z,Japan,Kansai,JP-KN,334.0,403.0,,6.0,,False,
2025-02-14T20:00:00.000Z,Japan,Kansai,JP-KN,336.0,405.0,,6.0,,False,
2025-02-14T21:00:00.000Z,Japan,Kansai,JP-KN,329.0,397.0,,8.0,,False,
2025-02-14T22:00:00.000Z,Japan,Kansai,JP-KN,315.0,381.0,,11.0,,False,
2025-02-14T23:00:00.000Z,Japan,Kansai,JP-KN,282.0,345.0,,19.0,,False,
2025-02-15T00:00:00.000Z,Japan,Kansai,JP-KN,246.0,306.0,,27.0,,False,
2025-02-15T01:00:00.000Z,Japan,Kansai,JP-KN,214.0,270.0,,33.0,,False,
2025-02-15T02:00:00.000Z,Japan,Kansai,JP-KN,187.0,241.0,,37.0,,False,
2025-02-15T03:00:00.000Z,Japan,Kansai,JP-KN,177.0,230.0,,37.0,,False,
2025-02-15T04:00:00.000Z,Japan,Kansai,JP-KN,187.0,241.0,,35.0,,False,
2025-02-15T05:00:00.000Z,Japan,Kansai,JP-KN,201.0,256.0,,30.0,,False,
2025-02-15T06:00:00.000Z,Japan,Kansai,JP-KN,234.0,293.0,,21.0,,False,
2025-02-15T07:00:00.000Z,Japan,Kansai,JP-KN,287.0,351.0,,14.0,,False,
2025-02-15T08:00:00.000Z,Japan,Kansai,JP-KN,311.0,378.0,,12.0,,False,
2025-02-15T09:00:00.000Z,Japan,Kansai,JP-KN,312.0,378.0,,13.0,,False,
2025-02-15T10:00:00.000Z,Japan,Kansai,JP-KN,315.0,381.0,,13.0,,False,
2025-02-15T11:00:00.000Z,Japan,Kansai,JP-KN,318.0,383.0,,12.0,,False,
2025-02-15T12:00:00.000Z,Japan,Kansai,JP-KN,321.0,386.0,,10.0,,False,
2025-02-15T13:00:00.000Z,Japan,Kansai,JP-KN,324.0,386.0,,10.0,,False,
2025-02-15T14:00:00.000Z,Japan,Kansai,JP-KN,331.0,392.0,,8.0,,False,
2025-02-15T15:00:00.000Z,Japan,Kansai,JP-KN,325.0,386.0,,7.0,,False,
2025-02-15T16:00:00.000Z,Japan,Kansai,JP-KN,315.0,376.0,,7.0,,False,
2025-02-15T17:00:00.000Z,Japan,Kansai,JP-KN,312.0,373.0,,7.0,,False,
2025-02-15T18:00:00.000Z,Japan,Kansai,JP-KN,312.0,372.0,,9.0,,False,
2025-02-15T19:00:00.000Z,Japan,Kansai,JP-KN,308.0,368.0,,9.0,,False,
2025-02-15T20:00:00.000Z,Japan,Kansai,JP-KN,302.0,360.0,,10.0,,False,
2025-02-15T21:00:00.000Z,Japan,Kansai,JP-KN,292.0,349.0,,12.0,,False,
2025-02-15T22:00:00.000Z,Japan,Kansai,JP-KN,283.0,340.0,,15.0,,False,
2025-02-15T23:00:00.000Z,Japan,Kansai,JP-KN,266.0,323.0,,20.0,,False,
2025-02-16T00:00:00.000Z,Japan,Kansai,JP-KN,229.0,284.0,,25.0,,False,
2025-02-16T01:00:00.000Z,Japan,Kansai,JP-KN,211.0,266.0,,27.0,,False,
2025-02-16T02:00:00.000Z,Japan,Kansai,JP-KN,206.0,259.0,,29.0,,False,
2025-02-16T03:00:00.000Z,Japan,Kansai,JP-KN,198.0,250.0,,32.0,,False,
2025-02-16T04:00:00.000Z,Japan,Kansai,JP-KN,199.0,252.0,,31.0,,False,
2025-02-16T05:00:00.000Z,Japan,Kansai,JP-KN,206.0,260.0,,29.0,,False,
2025-02-16T06:00:00.000Z,Japan,Kansai,JP-KN,225.0,281.0,,25.0,,False,
2025-02-16T07:00:00.000Z,Japan,Kansai,JP-KN,267.0,325.0,,17.0,,False,
2025-02-16T08:00:00.000Z,Japan,Kansai,JP-KN,307.0,369.0,,12.0,,False,
2025-02-16T09:00:00.000Z,Japan,Kansai,JP-KN,309.0,371.0,,13.0,,False,
2025-02-16T10:00:00.000Z,Japan,Kansai,JP-KN,310.0,373.0,,13.0,,False,
2025-02-16T11:00:00.000Z,Japan,Kansai,JP-KN,314.0,377.0,,12.0,,False,
2025-02-16T12:00:00.000Z,Japan,Kansai,JP-KN,314.0,376.0,,11.0,,False,
2025-02-16T13:00:00.000Z,Japan,Kansai,JP-KN,312.0,371.0,,11.0,,False,
2025-02-16T14:00:00.000Z,Japan,Kansai,JP-KN,323.0,383.0,,8.0,,False,
2025-02-16T15:00:00.000Z,Japan,Kansai,JP-KN,338.0,394.0,,8.0,,False,
2025-02-16T16:00:00.000Z,Japan,Kansai,JP-KN,340.0,398.0,,7.0,,False,
2025-02-16T17:00:00.000Z,Japan,Kansai,JP-KN,342.0,400.0,,7.0,,False,
2025-02-16T18:00:00.000Z,Japan,Kansai,JP-KN,343.0,403.0,,7.0,,False,
2025-02-16T19:00:00.000Z,Japan,Kansai,JP-KN,343.0,405.0,,6.0,,False,
2025-02-16T20:00:00.000Z,Japan,Kansai,JP-KN,348.0,409.0,,7.0,,False,
2025-02-16T21:00:00.000Z,Japan,Kansai,JP-KN,342.0,405.0,,9.0,,False,
2025-02-16T22:00:00.000Z,Japan,Kansai,JP-KN,330.0,394.0,,13.0,,False,
2025-02-16T23:00:00.000Z,Japan,Kansai,JP-KN,294.0,357.0,,19.0,,False,
2025-02-17T00:00:00.000Z,Japan,Kansai,JP-KN,259.0,319.0,,27.0,,False,
2025-02-17T01:00:00.000Z,Japan,Kansai,JP-KN,245.0,304.0,,29.0,,False,
2025-02-17T02:00:00.000Z,Japan,Kansai,JP-KN,240.0,298.0,,30.0,,False,
2025-02-17T03:00:00.000Z,Japan,Kansai,JP-KN,235.0,292.0,,30.0,,False,
2025-02-17T04:00:00.000Z,Japan,Kansai,JP-KN,245.0,305.0,,28.0,,False,
2025-02-17T05:00:00.000Z,Japan,Kansai,JP-KN,256.0,317.0,,26.0,,False,
2025-02-17T06:00:00.000Z,Japan,Kansai,JP-KN,276.0,339.0,,22.0,,False,
2025-02-17T07:00:00.000Z,Japan,Kansai,JP-KN,306.0,370.0,,17.0,,False,
2025-02-17T08:00:00.000Z,Japan,Kansai,JP-KN,325.0,390.0,,15.0,,False,
2025-02-17T09:00:00.000Z,Japan,Kansai,JP-KN,327.0,392.0,,15.0,,False,
2025-02-17T10:00:00.000Z,Japan,Kansai,JP-KN,328.0,393.0,,14.0,,False,
2025-02-17T11:00:00.000Z,Japan,Kansai,JP-KN,333.0,399.0,,13.0,,False,
2025-02-17T12:00:00.000Z,Japan,Kansai,JP-KN,337.0,404.0,,11.0,,False,
2025-02-17T13:00:00.000Z,Japan,Kansai,JP-KN,347.0,415.0,,9.0,,False,
2025-02-17T14:00:00.000Z,Japan,Kansai,JP-KN,348.0,415.0,,8.0,,False,
2025-02-17T15:00:00.000Z,Japan,Kansai,JP-KN,363.0,431.0,,6.0,,False,
2025-02-17T16:00:00.000Z,Japan,Kansai,JP-KN,368.0,437.0,,5.0,,False,
2025-02-17T17:00:00.000Z,Japan,Kansai,JP-KN,368.0,439.0,,5.0,,False,
2025-02-17T18:00:00.000Z,Japan,Kansai,JP-KN,367.0,438.0,,5.0,,False,
2025-02-17T19:00:00.000Z,Japan,Kansai,JP-KN,366.0,437.0,,5.0,,False,
2025-02-17T20:00:00.000Z,Japan,Kansai,JP-KN,368.0,440.0,,5.0,,False,
2025-02-17T21:00:00.000Z,Japan,Kansai,JP-KN,360.0,432.0,,7.0,,False,
2025-02-17T22:00:00.000Z,Japan,Kansai,JP-KN,345.0,415.0,,10.0,,False,
2025-02-17T23:00:00.000Z,Japan,Kansai,JP-KN,317.0,384.0,,17.0,,False,
2025-02-18T00:00:00.000Z,Japan,Kansai,JP-KN,291.0,354.0,,24.0,,False,
2025-02-18T01:00:00.000Z,Japan,Kansai,JP-KN,280.0,342.0,,27.0,,False,
2025-02-18T02:00:00.000Z,Japan,Kansai,JP-KN,279.0,340.0,,27.0,,False,
2025-02-18T03:00:00.000Z,Japan,Kansai,JP-KN,277.0,337.0,,27.0,,False,
2025-02-18T04:00:00.000Z,Japan,Kansai,JP-KN,287.0,350.0,,24.0,,False,
2025-02-18T05:00:00.000Z,Japan,Kansai,JP-KN,295.0,360.0,,22.0,,False,
2025-02-18T06:00:00.000Z,Japan,Kansai,JP-KN,306.0,373.0,,19.0,,False,
2025-02-18T07:00:00.000Z,Japan,Kansai,JP-KN,318.0,387.0,,16.0,,False,
2025-02-18T08:00:00.000Z,Japan,Kansai,JP-KN,324.0,394.0,,15.0,,False,
2025-02-18T09:00:00.000Z,Japan,Kansai,JP-KN,324.0,393.0,,15.0,,False,
2025-02-18T10:00:00.000Z,Japan,Kansai,JP-KN,324.0,393.0,,15.0,,False,
2025-02-18T11:00:00.000Z,Japan,Kansai,JP-KN,324.0,392.0,,14.0,,False,
2025-02-18T12:00:00.000Z,Japan,Kansai,JP-KN,334.0,403.0,,12.0,,False,
2025-02-18T13:00:00.000Z,Japan,Kansai,JP-KN,342.0,411.0,,10.0,,False,
2025-02-18T14:00:00.000Z,Japan,Kansai,JP-KN,348.0,417.0,,9.0,,False,
2025-02-18T15:00:00.000Z,Japan,Kansai,JP-KN,362.0,431.0,,6.0,,False,
2025-02-18T16:00:00.000Z,Japan,Kansai,JP-KN,364.0,433.0,,6.0,,False,
2025-02-18T17:00:00.000Z,Japan,Kansai,JP-KN,365.0,435.0,,5.0,,False,
2025-02-18T18:00:00.000Z,Japan,Kansai,JP-KN,365.0,435.0,,5.0,,False,
2025-02-18T19:00:00.000Z,Japan,Kansai,JP-KN,365.0,434.0,,5.0,,False,
2025-02-18T20:00:00.000Z,Japan,Kansai,JP-KN,367.0,437.0,,5.0,,False,
2025-02-18T21:00:00.000Z,Japan,Kansai,JP-KN,363.0,433.0,,6.0,,False,
2025-02-18T22:00:00.000Z,Japan,Kansai,JP-KN,347.0,418.0,,10.0,,False,
2025-02-18T23:00:00.000Z,Japan,Kansai,JP-KN,323.0,393.0,,16.0,,False,
2025-02-19T00:00:00.000Z,Japan,Kansai,JP-KN,300.0,367.0,,22.0,,False,
2025-02-19T01:00:00.000Z,Japan,Kansai,JP-KN,291.0,354.0,,24.0,,False,
2025-02-19T02:00:00.000Z,Japan,Kansai,JP-KN,292.0,356.0,,24.0,,False,
2025-02-19T03:00:00.000Z,Japan,Kansai,JP-KN,295.0,357.0,,23.0,,False,
2025-02-19T04:00:00.000Z,Japan,Kansai,JP-KN,297.0,362.0,,21.0,,False,
2025-02-19T05:00:00.000Z,Japan,Kansai,JP-KN,301.0,367.0,,20.0,,False,
2025-02-19T06:00:00.000Z,Japan,Kansai,JP-KN,318.0,385.0,,17.0,,False,
2025-02-19T07:00:00.000Z,Japan,Kansai,JP-KN,332.0,402.0,,14.0,,False,
2025-02-19T08:00:00.000Z,Japan,Kansai,JP-KN,339.0,411.0,,12.0,,False,
2025-02-19T09:00:00.000Z,Japan,Kansai,JP-KN,335.0,406.0,,14.0,,False,
2025-02-19T10:00:00.000Z,Japan,Kansai,JP-KN,335.0,407.0,,13.0,,False,
2025-02-19T11:00:00.000Z,Japan,Kansai,JP-KN,338.0,410.0,,13.0,,False,
2025-02-19T12:00:00.000Z,Japan,Kansai,JP-KN,343.0,414.0,,12.0,,False,
2025-02-19T13:00:00.000Z,Japan,Kansai,JP-KN,354.0,427.0,,9.0,,False,
2025-02-19T14:00:00.000Z,Japan,Kansai,JP-KN,357.0,429.0,,8.0,,False,
2025-02-19T15:00:00.000Z,Japan,Kansai,JP-KN,356.0,426.0,,7.0,,False,
2025-02-19T16:00:00.000Z,Japan,Kansai,JP-KN,360.0,430.0,,5.0,,False,
2025-02-19T17:00:00.000Z,Japan,Kansai,JP-KN,359.0,429.0,,5.0,,False,
2025-02-19T18:00:00.000Z,Japan,Kansai,JP-KN,357.0,428.0,,5.0,,False,
2025-02-19T19:00:00.000Z,Japan,Kansai,JP-KN,356.0,426.0,,5.0,,False,
2025-02-19T20:00:00.000Z,Japan,Kansai,JP-KN,351.0,421.0,,6.0,,False,
2025-02-19T21:00:00.000Z,Japan,Kansai,JP-KN,346.0,417.0,,9.0,,False,
2025-02-19T22:00:00.000Z,Japan,Kansai,JP-KN,334.0,406.0,,12.0,,False,
2025-02-19T23:00:00.000Z,Japan,Kansai,JP-KN,316.0,386.0,,17.0,,False,
2025-02-20T00:00:00.000Z,Japan,Kansai,JP-KN,302.0,372.0,,21.0,,False,
2025-02-20T01:00:00.000Z,Japan,Kansai,JP-KN,284.0,351.0,,25.0,,False,
2025-02-20T02:00:00.000Z,Japan,Kansai,JP-KN,281.0,345.0,,25.0,,False,
2025-02-20T03:00:00.000Z,Japan,Kansai,JP-KN,279.0,344.0,,24.0,,False,
2025-02-20T04:00:00.000Z,Japan,Kansai,JP-KN,280.0,345.0,,23.0,,False,
2025-02-20T05:00:00.000Z,Japan,Kansai,JP-KN,288.0,355.0,,21.0,,False,
2025-02-20T06:00:00.000Z,Japan,Kansai,JP-KN,302.0,370.0,,18.0,,False,
2025-02-20T07:00:00.000Z,Japan,Kansai,JP-KN,324.0,396.0,,14.0,,False,
2025-02-20T08:00:00.000Z,Japan,Kansai,JP-KN,333.0,407.0,,12.0,,False,
2025-02-20T09:00:00.000Z,Japan,Kansai,JP-KN,332.0,406.0,,13.0,,False,
2025-02-20T10:00:00.000Z,Japan,Kansai,JP-KN,334.0,408.0,,13.0,,False,
2025-02-20T11:00:00.000Z,Japan,Kansai,JP-KN,339.0,414.0,,12.0,,False,
2025-02-20T12:00:00.000Z,Japan,Kansai,JP-KN,344.0,418.0,,10.0,,False,
2025-02-20T13:00:00.000Z,Japan,Kansai,JP-KN,352.0,427.0,,8.0,,False,
2025-02-20T14:00:00.000Z,Japan,Kansai,JP-KN,353.0,427.0,,7.0,,False,
2025-02-20T15:00:00.000Z,Japan,Kansai,JP-KN,358.0,430.0,,5.0,,False,
2025-02-20T16:00:00.000Z,Japan,Kansai,JP-KN,359.0,428.0,,5.0,,False,
2025-02-20T17:00:00.000Z,Japan,Kansai,JP-KN,357.0,426.0,,5.0,,False,
2025-02-20T18:00:00.000Z,Japan,Kansai,JP-KN,358.0,427.0,,5.0,,False,
2025-02-20T19:00:00.000Z,Japan,Kansai,JP-KN,357.0,426.0,,5.0,,False,
2025-02-20T20:00:00.000Z,Japan,Kansai,JP-KN,357.0,428.0,,5.0,,False,
2025-02-20T21:00:00.000Z,Japan,Kansai,JP-KN,351.0,424.0,,8.0,,False,
2025-02-20T22:00:00.000Z,Japan,Kansai,JP-KN,339.0,413.0,,11.0,,False,
2025-02-20T23:00:00.000Z,Japan,Kansai,JP-KN,323.0,395.0,,16.0,,False,
2025-02-21T00:00:00.000Z,Japan,Kansai,JP-KN,306.0,375.0,,19.0,,False,
2025-02-21T01:00:00.000Z,Japan,Kansai,JP-KN,293.0,357.0,,22.0,,False,
2025-02-21T02:00:00.000Z,Japan,Kansai,JP-KN,296.0,360.0,,22.0,,False,
2025-02-21T03:00:00.000Z,Japan,Kansai,JP-KN,299.0,362.0,,20.0,,False,
2025-02-21T04:00:00.000Z,Japan,Kansai,JP-KN,301.0,364.0,,20.0,,False,
2025-02-21T05:00:00.000Z,Japan,Kansai,JP-KN,304.0,369.0,,19.0,,False,
2025-02-21T06:00:00.000Z,Japan,Kansai,JP-KN,320.0,388.0,,16.0,,False,
2025-02-21T07:00:00.000Z,Japan,Kansai,JP-KN,335.0,407.0,,12.0,,False,
2025-02-21T08:00:00.000Z,Japan,Kansai,JP-KN,338.0,411.0,,12.0,,False,
2025-02-21T09:00:00.000Z,Japan,Kansai,JP-KN,335.0,408.0,,12.0,,False,
2025-02-21T10:00:00.000Z,Japan,Kansai,JP-KN,334.0,406.0,,13.0,,False,
2025-02-21T11:00:00.000Z,Japan,Kansai,JP-KN,339.0,412.0,,11.0,,False,
2025-02-21T12:00:00.000Z,Japan,Kansai,JP-KN,346.0,421.0,,9.0,,False,
2025-02-21T13:00:00.000Z,Japan,Kansai,JP-KN,352.0,426.0,,8.0,,False,
2025-02-21T14:00:00.000Z,Japan,Kansai,JP-KN,354.0,427.0,,7.0,,False,
2025-02-21T15:00:00.000Z,Japan,Kansai,JP-KN,349.0,419.0,,6.0,,False,
2025-02-21T16:00:00.000Z,Japan,Kansai,JP-KN,351.0,420.0,,5.0,,False,
2025-02-21T17:00:00.000Z,Japan,Kansai,JP-KN,351.0,420.0,,5.0,,False,
2025-02-21T18:00:00.000Z,Japan,Kansai,JP-KN,352.0,421.0,,5.0,,False,
2025-02-21T19:00:00.000Z,Japan,Kansai,JP-KN,351.0,420.0,,5.0,,False,
2025-02-21T20:00:00.000Z,Japan,Kansai,JP-KN,354.0,423.0,,5.0,,False,
2025-02-21T21:00:00.000Z,Japan,Kansai,JP-KN,354.0,424.0,,7.0,,False,
2025-02-21T22:00:00.000Z,Japan,Kansai,JP-KN,347.0,416.0,,10.0,,False,
2025-02-21T23:00:00.000Z,Japan,Kansai,JP-KN,325.0,391.0,,17.0,,False,
2025-02-22T00:00:00.000Z,Japan,Kansai,JP-KN,300.0,363.0,,23.0,,False,
2025-02-22T01:00:00.000Z,Japan,Kansai,JP-KN,286.0,346.0,,27.0,,False,
2025-02-22T02:00:00.000Z,Japan,Kansai,JP-KN,287.0,348.0,,27.0,,False,
2025-02-22T03:00:00.000Z,Japan,Kansai,JP-KN,294.0,354.0,,26.0,,False,
2025-02-22T04:00:00.000Z,Japan,Kansai,JP-KN,297.0,358.0,,26.0,,False,
2025-02-22T05:00:00.000Z,Japan,Kansai,JP-KN,308.0,370.0,,22.0,,False,
2025-02-22T06:00:00.000Z,Japan,Kansai,JP-KN,326.0,391.0,,18.0,,False,
2025-02-22T07:00:00.000Z,Japan,Kansai,JP-KN,336.0,404.0,,15.0,,False,
2025-02-22T08:00:00.000Z,Japan,Kansai,JP-KN,347.0,417.0,,13.0,,False,
2025-02-22T09:00:00.000Z,Japan,Kansai,JP-KN,344.0,415.0,,13.0,,False,
2025-02-22T10:00:00.000Z,Japan,Kansai,JP-KN,344.0,415.0,,13.0,,False,
2025-02-22T11:00:00.000Z,Japan,Kansai,JP-KN,347.0,417.0,,12.0,,False,
2025-02-22T12:00:00.000Z,Japan,Kansai,JP-KN,352.0,423.0,,11.0,,False,
2025-02-22T13:00:00.000Z,Japan,Kansai,JP-KN,362.0,434.0,,8.0,,False,
2025-02-22T14:00:00.000Z,Japan,Kansai,JP-KN,372.0,445.0,,6.0,,False,
2025-02-22T15:00:00.000Z,Japan,Kansai,JP-KN,372.0,445.0,,5.0,,False,
2025-02-22T16:00:00.000Z,Japan,Kansai,JP-KN,372.0,444.0,,5.0,,False,
2025-02-22T17:00:00.000Z,Japan,Kansai,JP-KN,375.0,448.0,,4.0,,False,
2025-02-22T18:00:00.000Z,Japan,Kansai,JP-KN,373.0,445.0,,4.0,,False,
2025-02-22T19:00:00.000Z,Japan,Kansai,JP-KN,370.0,441.0,,5.0,,False,
2025-02-22T20:00:00.000Z,Japan,Kansai,JP-KN,372.0,443.0,,4.0,,False,
2025-02-22T21:00:00.000Z,Japan,Kansai,JP-KN,365.0,435.0,,6.0,,False,
2025-02-22T22:00:00.000Z,Japan,Kansai,JP-KN,351.0,420.0,,10.0,,False,
2025-02-22T23:00:00.000Z,Japan,Kansai,JP-KN,319.0,384.0,,17.0,,False,
2025-02-23T00:00:00.000Z,Japan,Kansai,JP-KN,284.0,343.0,,25.0,,False,
2025-02-23T01:00:00.000Z,Japan,Kansai,JP-KN,255.0,312.0,,31.0,,False,
2025-02-23T02:00:00.000Z,Japan,Kansai,JP-KN,250.0,305.0,,31.0,,False,
2025-02-23T03:00:00.000Z,Japan,Kansai,JP-KN,248.0,303.0,,30.0,,False,
2025-02-23T04:00:00.000Z,Japan,Kansai,JP-KN,260.0,314.0,,29.0,,False,
2025-02-23T05:00:00.000Z,Japan,Kansai,JP-KN,275.0,330.0,,26.0,,False,
2025-02-23T06:00:00.000Z,Japan,Kansai,JP-KN,301.0,359.0,,19.0,,False,
2025-02-23T07:00:00.000Z,Japan,Kansai,JP-KN,317.0,378.0,,16.0,,False,
2025-02-23T08:00:00.000Z,Japan,Kansai,JP-KN,335.0,402.0,,12.0,,False,
2025-02-23T09:00:00.000Z,Japan,Kansai,JP-KN,333.0,399.0,,13.0,,False,
2025-02-23T10:00:00.000Z,Japan,Kansai,JP-KN,333.0,400.0,,13.0,,False,
2025-02-23T11:00:00.000Z,Japan,Kansai,JP-KN,333.0,403.0,,11.0,,False,
2025-02-23T12:00:00.000Z,Japan,Kansai,JP-KN,331.0,401.0,,10.0,,False,
2025-02-23T13:00:00.000Z,Japan,Kansai,JP-KN,336.0,408.0,,8.0,,False,
2025-02-23T14:00:00.000Z,Japan,Kansai,JP-KN,344.0,415.0,,7.0,,False,
2025-02-23T15:00:00.000Z,Japan,Kansai,JP-KN,348.0,418.0,,6.0,,False,
2025-02-23T16:00:00.000Z,Japan,Kansai,JP-KN,352.0,423.0,,5.0,,False,
2025-02-23T17:00:00.000Z,Japan,Kansai,JP-KN,348.0,420.0,,5.0,,False,
2025-02-23T18:00:00.000Z,Japan,Kansai,JP-KN,341.0,411.0,,5.0,,False,
2025-02-23T19:00:00.000Z,Japan,Kansai,JP-KN,333.0,403.0,,6.0,,False,
2025-02-23T20:00:00.000Z,Japan,Kansai,JP-KN,335.0,404.0,,6.0,,False,
2025-02-23T21:00:00.000Z,Japan,Kansai,JP-KN,331.0,400.0,,8.0,,False,
2025-02-23T22:00:00.000Z,Japan,Kansai,JP-KN,317.0,386.0,,12.0,,False,
2025-02-23T23:00:00.000Z,Japan,Kansai,JP-KN,300.0,368.0,,15.0,,False,
2025-02-24T00:00:00.000Z,Japan,Kansai,JP-KN,299.0,366.0,,17.0,,False,
2025-02-24T01:00:00.000Z,Japan,Kansai,JP-KN,289.0,353.0,,20.0,,False,
2025-02-24T02:00:00.000Z,Japan,Kansai,JP-KN,285.0,349.0,,20.0,,False,
2025-02-24T03:00:00.000Z,Japan,Kansai,JP-KN,282.0,345.0,,21.0,,False,
2025-02-24T04:00:00.000Z,Japan,Kansai,JP-KN,274.0,336.0,,23.0,,False,
2025-02-24T05:00:00.000Z,Japan,Kansai,JP-KN,277.0,339.0,,22.0,,False,
2025-02-24T06:00:00.000Z,Japan,Kansai,JP-KN,290.0,356.0,,19.0,,False,
2025-02-24T07:00:00.000Z,Japan,Kansai,JP-KN,310.0,380.0,,14.0,,False,
2025-02-24T08:00:00.000Z,Japan,Kansai,JP-KN,318.0,391.0,,12.0,,False,
2025-02-24T09:00:00.000Z,Japan,Kansai,JP-KN,306.0,379.0,,14.0,,False,
2025-02-24T10:00:00.000Z,Japan,Kansai,JP-KN,309.0,383.0,,13.0,,False,
2025-02-24T11:00:00.000Z,Japan,Kansai,JP-KN,309.0,383.0,,12.0,,False,
2025-02-24T12:00:00.000Z,Japan,Kansai,JP-KN,316.0,390.0,,10.0,,False,
2025-02-24T13:00:00.000Z,Japan,Kansai,JP-KN,325.0,400.0,,8.0,,False,
2025-02-24T14:00:00.000Z,Japan,Kansai,JP-KN,333.0,409.0,,6.0,,False,
2025-02-24T15:00:00.000Z,Japan,Kansai,JP-KN,340.0,412.0,,5.0,,False,
2025-02-24T16:00:00.000Z,Japan,Kansai,JP-KN,340.0,411.0,,5.0,,False,
2025-02-24T17:00:00.000Z,Japan,Kansai,JP-KN,340.0,410.0,,5.0,,False,
2025-02-24T18:00:00.000Z,Japan,Kansai,JP-KN,338.0,409.0,,5.0,,False,
2025-02-24T19:00:00.000Z,Japan,Kansai,JP-KN,336.0,407.0,,5.0,,False,
2025-02-24T20:00:00.000Z,Japan,Kansai,JP-KN,334.0,407.0,,5.0,,False,
2025-02-24T21:00:00.000Z,Japan,Kansai,JP-KN,321.0,394.0,,9.0,,False,
2025-02-24T22:00:00.000Z,Japan,Kansai,JP-KN,309.0,380.0,,14.0,,False,
2025-02-24T23:00:00.000Z,Japan,Kansai,JP-KN,298.0,365.0,,18.0,,False,
2025-02-25T00:00:00.000Z,Japan,Kansai,JP-KN,281.0,342.0,,24.0,,False,
2025-02-25T01:00:00.000Z,Japan,Kansai,JP-KN,256.0,311.0,,31.0,,False,
2025-02-25T02:00:00.000Z,Japan,Kansai,JP-KN,245.0,298.0,,33.0,,False,
2025-02-25T03:00:00.000Z,Japan,Kansai,JP-KN,235.0,287.0,,35.0,,False,
2025-02-25T04:00:00.000Z,Japan,Kansai,JP-KN,237.0,290.0,,35.0,,False,
2025-02-25T05:00:00.000Z,Japan,Kansai,JP-KN,249.0,304.0,,31.0,,False,
2025-02-25T06:00:00.000Z,Japan,Kansai,JP-KN,278.0,336.0,,24.0,,False,
2025-02-25T07:00:00.000Z,Japan,Kansai,JP-KN,313.0,379.0,,16.0,,False,
2025-02-25T08:00:00.000Z,Japan,Kansai,JP-KN,326.0,393.0,,13.0,,False,
2025-02-25T09:00:00.000Z,Japan,Kansai,JP-KN,322.0,391.0,,13.0,,False,
2025-02-25T10:00:00.000Z,Japan,Kansai,JP-KN,324.0,392.0,,12.0,,False,
2025-02-25T11:00:00.000Z,Japan,Kansai,JP-KN,328.0,398.0,,11.0,,False,
2025-02-25T12:00:00.000Z,Japan,Kansai,JP-KN,335.0,406.0,,9.0,,False,
2025-02-25T13:00:00.000Z,Japan,Kansai,JP-KN,342.0,412.0,,7.0,,False,
2025-02-25T14:00:00.000Z,Japan,Kansai,JP-KN,342.0,409.0,,7.0,,False,
2025-02-25T15:00:00.000Z,Japan,Kansai,JP-KN,347.0,412.0,,6.0,,False,
2025-02-25T16:00:00.000Z,Japan,Kansai,JP-KN,350.0,414.0,,5.0,,False,
2025-02-25T17:00:00.000Z,Japan,Kansai,JP-KN,345.0,410.0,,5.0,,False,
2025-02-25T18:00:00.000Z,Japan,Kansai,JP-KN,344.0,409.0,,5.0,,False,
2025-02-25T19:00:00.000Z,Japan,Kansai,JP-KN,344.0,410.0,,5.0,,False,
2025-02-25T20:00:00.000Z,Japan,Kansai,JP-KN,342.0,408.0,,5.0,,False,
2025-02-25T21:00:00.000Z,Japan,Kansai,JP-KN,335.0,402.0,,7.0,,False,
2025-02-25T22:00:00.000Z,Japan,Kansai,JP-KN,318.0,384.0,,12.0,,False,
2025-02-25T23:00:00.000Z,Japan,Kansai,JP-KN,297.0,360.0,,19.0,,False,
2025-02-26T00:00:00.000Z,Japan,Kansai,JP-KN,275.0,332.0,,26.0,,False,
2025-02-26T01:00:00.000Z,Japan,Kansai,JP-KN,257.0,311.0,,29.0,,False,
2025-02-26T02:00:00.000Z,Japan,Kansai,JP-KN,247.0,301.0,,32.0,,False,
2025-02-26T03:00:00.000Z,Japan,Kansai,JP-KN,238.0,291.0,,34.0,,False,
2025-02-26T04:00:00.000Z,Japan,Kansai,JP-KN,246.0,299.0,,32.0,,False,
2025-02-26T05:00:00.000Z,Japan,Kansai,JP-KN,254.0,307.0,,30.0,,False,
2025-02-26T06:00:00.000Z,Japan,Kansai,JP-KN,278.0,336.0,,24.0,,False,
2025-02-26T07:00:00.000Z,Japan,Kansai,JP-KN,311.0,375.0,,17.0,,False,
2025-02-26T08:00:00.000Z,Japan,Kansai,JP-KN,323.0,389.0,,14.0,,False,
2025-02-26T09:00:00.000Z,Japan,Kansai,JP-KN,324.0,390.0,,13.0,,False,
2025-02-26T10:00:00.000Z,Japan,Kansai,JP-KN,322.0,389.0,,13.0,,False,
2025-02-26T11:00:00.000Z,Japan,Kansai,JP-KN,325.0,391.0,,12.0,,False,
2025-02-26T12:00:00.000Z,Japan,Kansai,JP-KN,327.0,394.0,,11.0,,False,
2025-02-26T13:00:00.000Z,Japan,Kansai,JP-KN,337.0,403.0,,8.0,,False,
2025-02-26T14:00:00.000Z,Japan,Kansai,JP-KN,345.0,410.0,,6.0,,False,
2025-02-26T15:00:00.000Z,Japan,Kansai,JP-KN,354.0,416.0,,6.0,,False,
2025-02-26T16:00:00.000Z,Japan,Kansai,JP-KN,354.0,417.0,,5.0,,False,
2025-02-26T17:00:00.000Z,Japan,Kansai,JP-KN,352.0,417.0,,5.0,,False,
2025-02-26T18:00:00.000Z,Japan,Kansai,JP-KN,350.0,416.0,,5.0,,False,
2025-02-26T19:00:00.000Z,Japan,Kansai,JP-KN,346.0,412.0,,5.0,,False,
2025-02-26T20:00:00.000Z,Japan,Kansai,JP-KN,341.0,406.0,,7.0,,False,
2025-02-26T21:00:00.000Z,Japan,Kansai,JP-KN,335.0,401.0,,9.0,,False,
2025-02-26T22:00:00.000Z,Japan,Kansai,JP-KN,317.0,381.0,,13.0,,False,
2025-02-26T23:00:00.000Z,Japan,Kansai,JP-KN,304.0,366.0,,18.0,,False,
2025-02-27T00:00:00.000Z,Japan,Kansai,JP-KN,271.0,328.0,,27.0,,False,
2025-02-27T01:00:00.000Z,Japan,Kansai,JP-KN,244.0,299.0,,33.0,,False,
2025-02-27T02:00:00.000Z,Japan,Kansai,JP-KN,232.0,284.0,,36.0,,False,
2025-02-27T03:00:00.000Z,Japan,Kansai,JP-KN,231.0,282.0,,36.0,,False,
2025-02-27T04:00:00.000Z,Japan,Kansai,JP-KN,239.0,291.0,,34.0,,False,
2025-02-27T05:00:00.000Z,Japan,Kansai,JP-KN,256.0,309.0,,29.0,,False,
2025-02-27T06:00:00.000Z,Japan,Kansai,JP-KN,286.0,342.0,,22.0,,False,
2025-02-27T07:00:00.000Z,Japan,Kansai,JP-KN,311.0,373.0,,15.0,,False,
2025-02-27T08:00:00.000Z,Japan,Kansai,JP-KN,322.0,388.0,,13.0,,False,
2025-02-27T09:00:00.000Z,Japan,Kansai,JP-KN,318.0,384.0,,14.0,,False,
2025-02-27T10:00:00.000Z,Japan,Kansai,JP-KN,319.0,384.0,,14.0,,False,
2025-02-27T11:00:00.000Z,Japan,Kansai,JP-KN,323.0,389.0,,12.0,,False,
2025-02-27T12:00:00.000Z,Japan,Kansai,JP-KN,328.0,394.0,,11.0,,False,
2025-02-27T13:00:00.000Z,Japan,Kansai,JP-KN,332.0,397.0,,11.0,,False,
2025-02-27T14:00:00.000Z,Japan,Kansai,JP-KN,348.0,413.0,,7.0,,False,
2025-02-27T15:00:00.000Z,Japan,Kansai,JP-KN,346.0,408.0,,6.0,,False,
2025-02-27T16:00:00.000Z,Japan,Kansai,JP-KN,348.0,411.0,,6.0,,False,
2025-02-27T17:00:00.000Z,Japan,Kansai,JP-KN,355.0,419.0,,6.0,,False,
2025-02-27T18:00:00.000Z,Japan,Kansai,JP-KN,355.0,420.0,,5.0,,False,
2025-02-27T19:00:00.000Z,Japan,Kansai,JP-KN,344.0,410.0,,6.0,,False,
2025-02-27T20:00:00.000Z,Japan,Kansai,JP-KN,339.0,404.0,,7.0,,False,
2025-02-27T21:00:00.000Z,Japan,Kansai,JP-KN,336.0,401.0,,9.0,,False,
2025-02-27T22:00:00.000Z,Japan,Kansai,JP-KN,329.0,396.0,,12.0,,False,
2025-02-27T23:00:00.000Z,Japan,Kansai,JP-KN,318.0,385.0,,15.0,,False,
2025-02-28T00:00:00.000Z,Japan,Kansai,JP-KN,315.0,380.0,,15.0,,False,
2025-02-28T01:00:00.000Z,Japan,Kansai,JP-KN,319.0,380.0,,14.0,,False,
2025-02-28T02:00:00.000Z,Japan,Kansai,JP-KN,316.0,376.0,,15.0,,False,
2025-02-28T03:00:00.000Z,Japan,Kansai,JP-KN,315.0,374.0,,15.0,,False,
2025-02-28T04:00:00.000Z,Japan,Kansai,JP-KN,318.0,378.0,,14.0,,False,
2025-02-28T05:00:00.000Z,Japan,Kansai,JP-KN,321.0,381.0,,14.0,,False,
2025-02-28T06:00:00.000Z,Japan,Kansai,JP-KN,328.0,392.0,,13.0,,False,
2025-02-28T07:00:00.000Z,Japan,Kansai,JP-KN,339.0,409.0,,10.0,,False,
2025-02-28T08:00:00.000Z,Japan,Kansai,JP-KN,329.0,395.0,,12.0,,False,
2025-02-28T09:00:00.000Z,Japan,Kansai,JP-KN,321.0,387.0,,14.0,,False,
2025-02-28T10:00:00.000Z,Japan,Kansai,JP-KN,323.0,389.0,,13.0,,False,
2025-02-28T11:00:00.000Z,Japan,Kansai,JP-KN,324.0,390.0,,12.0,,False,
2025-02-28T12:00:00.000Z,Japan,Kansai,JP-KN,334.0,400.0,,10.0,,False,
2025-02-28T13:00:00.000Z,Japan,Kansai,JP-KN,341.0,406.0,,8.0,,False,
2025-02-28T14:00:00.000Z,Japan,Kansai,JP-KN,342.0,406.0,,6.0,,False,
2025-02-28T15:00:00.000Z,Japan,Kansai,JP-KN,332.0,392.0,,6.0,,False,
2025-02-28T16:00:00.000Z,Japan,Kansai,JP-KN,330.0,390.0,,6.0,,False,
2025-02-28T17:00:00.000Z,Japan,Kansai,JP-KN,328.0,389.0,,6.0,,False,
2025-02-28T18:00:00.000Z,Japan,Kansai,JP-KN,321.0,380.0,,8.0,,False,
2025-02-28T19:00:00.000Z,Japan,Kansai,JP-KN,320.0,378.0,,8.0,,False,
2025-02-28T20:00:00.000Z,Japan,Kansai,JP-KN,316.0,373.0,,7.0,,False,
2025-02-28T21:00:00.000Z,Japan,Kansai,JP-KN,312.0,369.0,,8.0,,False,
2025-02-28T22:00:00.000Z,Japan,Kansai,JP-KN,297.0,352.0,,11.0,,False,
2025-02-28T23:00:00.000Z,Japan,Kansai,JP-KN,263.0,317.0,,18.0,,False,
2025-03-01T00:00:00.000Z,Japan,Kansai,JP-KN,236.0,288.0,,25.0,,False,
2025-03-01T01:00:00.000Z,Japan,Kansai,JP-KN,208.0,256.0,,32.0,,False,
2025-03-01T02:00:00.000Z,Japan,Kansai,JP-KN,197.0,245.0,,35.0,,False,
2025-03-01T03:00:00.000Z,Japan,Kansai,JP-KN,181.0,229.0,,37.0,,False,
2025-03-01T04:00:00.000Z,Japan,Kansai,JP-KN,177.0,224.0,,37.0,,False,
2025-03-01T05:00:00.000Z,Japan,Kansai,JP-KN,182.0,230.0,,36.0,,False,
2025-03-01T06:00:00.000Z,Japan,Kansai,JP-KN,208.0,258.0,,29.0,,False,
2025-03-01T07:00:00.000Z,Japan,Kansai,JP-KN,266.0,319.0,,19.0,,False,
2025-03-01T08:00:00.000Z,Japan,Kansai,JP-KN,310.0,367.0,,10.0,,False,
2025-03-01T09:00:00.000Z,Japan,Kansai,JP-KN,308.0,366.0,,11.0,,False,
2025-03-01T10:00:00.000Z,Japan,Kansai,JP-KN,307.0,364.0,,11.0,,False,
2025-03-01T11:00:00.000Z,Japan,Kansai,JP-KN,312.0,368.0,,11.0,,False,
2025-03-01T12:00:00.000Z,Japan,Kansai,JP-KN,315.0,372.0,,10.0,,False,
2025-03-01T13:00:00.000Z,Japan,Kansai,JP-KN,317.0,374.0,,9.0,,False,
2025-03-01T14:00:00.000Z,Japan,Kansai,JP-KN,319.0,372.0,,9.0,,False,
2025-03-01T15:00:00.000Z,Japan,Kansai,JP-KN,302.0,357.0,,8.0,,False,
2025-03-01T16:00:00.000Z,Japan,Kansai,JP-KN,283.0,339.0,,8.0,,False,
2025-03-01T17:00:00.000Z,Japan,Kansai,JP-KN,283.0,339.0,,9.0,,False,
2025-03-01T18:00:00.000Z,Japan,Kansai,JP-KN,278.0,333.0,,9.0,,False,
2025-03-01T19:00:00.000Z,Japan,Kansai,JP-KN,273.0,328.0,,10.0,,False,
2025-03-01T20:00:00.000Z,Japan,Kansai,JP-KN,278.0,333.0,,10.0,,False,
2025-03-01T21:00:00.000Z,Japan,Kansai,JP-KN,286.0,341.0,,10.0,,False,
2025-03-01T22:00:00.000Z,Japan,Kansai,JP-KN,280.0,336.0,,12.0,,False,
2025-03-01T23:00:00.000Z,Japan,Kansai,JP-KN,274.0,331.0,,15.0,,False,
2025-03-02T00:00:00.000Z,Japan,Kansai,JP-KN,268.0,325.0,,17.0,,False,
2025-03-02T01:00:00.000Z,Japan,Kansai,JP-KN,245.0,300.0,,22.0,,False,
2025-03-02T02:00:00.000Z,Japan,Kansai,JP-KN,249.0,304.0,,21.0,,False,
2025-03-02T03:00:00.000Z,Japan,Kansai,JP-KN,248.0,304.0,,21.0,,False,
2025-03-02T04:00:00.000Z,Japan,Kansai,JP-KN,245.0,300.0,,21.0,,False,
2025-03-02T05:00:00.000Z,Japan,Kansai,JP-KN,251.0,308.0,,19.0,,False,
2025-03-02T06:00:00.000Z,Japan,Kansai,JP-KN,259.0,317.0,,17.0,,False,
2025-03-02T07:00:00.000Z,Japan,Kansai,JP-KN,280.0,339.0,,14.0,,False,
2025-03-02T08:00:00.000Z,Japan,Kansai,JP-KN,296.0,354.0,,13.0,,False,
2025-03-02T09:00:00.000Z,Japan,Kansai,JP-KN,299.0,358.0,,14.0,,False,
2025-03-02T10:00:00.000Z,Japan,Kansai,JP-KN,304.0,364.0,,12.0,,False,
2025-03-02T11:00:00.000Z,Japan,Kansai,JP-KN,304.0,363.0,,12.0,,False,
2025-03-02T12:00:00.000Z,Japan,Kansai,JP-KN,302.0,361.0,,11.0,,False,
2025-03-02T13:00:00.000Z,Japan,Kansai,JP-KN,303.0,363.0,,10.0,,False,
2025-03-02T14:00:00.000Z,Japan,Kansai,JP-KN,309.0,375.0,,10.0,,False,
2025-03-02T15:00:00.000Z,Japan,Kansai,JP-KN,310.0,380.0,,8.0,,False,
2025-03-02T16:00:00.000Z,Japan,Kansai,JP-KN,309.0,381.0,,7.0,,False,
2025-03-02T17:00:00.000Z,Japan,Kansai,JP-KN,311.0,385.0,,7.0,,False,
2025-03-02T18:00:00.000Z,Japan,Kansai,JP-KN,314.0,389.0,,7.0,,False,
2025-03-02T19:00:00.000Z,Japan,Kansai,JP-KN,316.0,391.0,,7.0,,False,
2025-03-02T20:00:00.000Z,Japan,Kansai,JP-KN,319.0,393.0,,8.0,,False,
2025-03-02T21:00:00.000Z,Japan,Kansai,JP-KN,320.0,395.0,,8.0,,False,
2025-03-02T22:00:00.000Z,Japan,Kansai,JP-KN,314.0,387.0,,11.0,,False,
2025-03-02T23:00:00.000Z,Japan,Kansai,JP-KN,310.0,383.0,,13.0,,False,
2025-03-03T00:00:00.000Z,Japan,Kansai,JP-KN,295.0,369.0,,17.0,,False,
2025-03-03T01:00:00.000Z,Japan,Kansai,JP-KN,290.0,362.0,,19.0,,False,
2025-03-03T02:00:00.000Z,Japan,Kansai,JP-KN,297.0,372.0,,17.0,,False,
2025-03-03T03:00:00.000Z,Japan,Kansai,JP-KN,286.0,359.0,,18.0,,False,
2025-03-03T04:00:00.000Z,Japan,Kansai,JP-KN,281.0,353.0,,20.0,,False,
2025-03-03T05:00:00.000Z,Japan,Kansai,JP-KN,275.0,346.0,,22.0,,False,
2025-03-03T06:00:00.000Z,Japan,Kansai,JP-KN,274.0,345.0,,21.0,,False,
2025-03-03T07:00:00.000Z,Japan,Kansai,JP-KN,289.0,362.0,,17.0,,False,
2025-03-03T08:00:00.000Z,Japan,Kansai,JP-KN,304.0,380.0,,13.0,,False,
2025-03-03T09:00:00.000Z,Japan,Kansai,JP-KN,298.0,376.0,,13.0,,False,
2025-03-03T10:00:00.000Z,Japan,Kansai,JP-KN,302.0,378.0,,12.0,,False,
2025-03-03T11:00:00.000Z,Japan,Kansai,JP-KN,304.0,380.0,,11.0,,False,
2025-03-03T12:00:00.000Z,Japan,Kansai,JP-KN,298.0,372.0,,12.0,,False,
2025-03-03T13:00:00.000Z,Japan,Kansai,JP-KN,293.0,367.0,,12.0,,False,
2025-03-03T14:00:00.000Z,Japan,Kansai,JP-KN,295.0,371.0,,11.0,,False,
2025-03-03T15:00:00.000Z,Japan,Kansai,JP-KN,294.0,371.0,,11.0,,False,
2025-03-03T16:00:00.000Z,Japan,Kansai,JP-KN,296.0,377.0,,9.0,,False,
2025-03-03T17:00:00.000Z,Japan,Kansai,JP-KN,295.0,375.0,,9.0,,False,
2025-03-03T18:00:00.000Z,Japan,Kansai,JP-KN,297.0,377.0,,9.0,,False,
2025-03-03T19:00:00.000Z,Japan,Kansai,JP-KN,299.0,381.0,,9.0,,False,
2025-03-03T20:00:00.000Z,Japan,Kansai,JP-KN,300.0,381.0,,9.0,,False,
2025-03-03T21:00:00.000Z,Japan,Kansai,JP-KN,299.0,378.0,,9.0,,False,
2025-03-03T22:00:00.000Z,Japan,Kansai,JP-KN,296.0,379.0,,11.0,,False,
2025-03-03T23:00:00.000Z,Japan,Kansai,JP-KN,285.0,367.0,,16.0,,False,
2025-03-04T00:00:00.000Z,Japan,Kansai,JP-KN,273.0,353.0,,20.0,,False,
2025-03-04T01:00:00.000Z,Japan,Kansai,JP-KN,283.0,364.0,,19.0,,False,
2025-03-04T02:00:00.000Z,Japan,Kansai,JP-KN,290.0,372.0,,17.0,,False,
2025-03-04T03:00:00.000Z,Japan,Kansai,JP-KN,290.0,373.0,,15.0,,False,
2025-03-04T04:00:00.000Z,Japan,Kansai,JP-KN,289.0,372.0,,16.0,,False,
2025-03-04T05:00:00.000Z,Japan,Kansai,JP-KN,291.0,374.0,,15.0,,False,
2025-03-04T06:00:00.000Z,Japan,Kansai,JP-KN,287.0,370.0,,16.0,,False,
2025-03-04T07:00:00.000Z,Japan,Kansai,JP-KN,284.0,366.0,,17.0,,False,
2025-03-04T08:00:00.000Z,Japan,Kansai,JP-KN,292.0,375.0,,15.0,,False,
2025-03-04T09:00:00.000Z,Japan,Kansai,JP-KN,290.0,372.0,,15.0,,False,
2025-03-04T10:00:00.000Z,Japan,Kansai,JP-KN,301.0,383.0,,12.0,,False,
2025-03-04T11:00:00.000Z,Japan,Kansai,JP-KN,305.0,387.0,,10.0,,False,
2025-03-04T12:00:00.000Z,Japan,Kansai,JP-KN,302.0,382.0,,10.0,,False,
2025-03-04T13:00:00.000Z,Japan,Kansai,JP-KN,298.0,373.0,,11.0,,False,
2025-03-04T14:00:00.000Z,Japan,Kansai,JP-KN,305.0,376.0,,11.0,,False,
2025-03-04T15:00:00.000Z,Japan,Kansai,JP-KN,321.0,392.0,,9.0,,False,
2025-03-04T16:00:00.000Z,Japan,Kansai,JP-KN,325.0,397.0,,8.0,,False,
2025-03-04T17:00:00.000Z,Japan,Kansai,JP-KN,327.0,400.0,,8.0,,False,
2025-03-04T18:00:00.000Z,Japan,Kansai,JP-KN,328.0,402.0,,7.0,,False,
2025-03-04T19:00:00.000Z,Japan,Kansai,JP-KN,330.0,403.0,,7.0,,False,
2025-03-04T20:00:00.000Z,Japan,Kansai,JP-KN,332.0,405.0,,7.0,,False,
2025-03-04T21:00:00.000Z,Japan,Kansai,JP-KN,329.0,403.0,,8.0,,False,
2025-03-04T22:00:00.000Z,Japan,Kansai,JP-KN,327.0,402.0,,10.0,,False,
2025-03-04T23:00:00.000Z,Japan,Kansai,JP-KN,318.0,392.0,,14.0,,False,
2025-03-05T00:00:00.000Z,Japan,Kansai,JP-KN,305.0,379.0,,18.0,,False,
2025-03-05T01:00:00.000Z,Japan,Kansai,JP-KN,300.0,373.0,,19.0,,False,
2025-03-05T02:00:00.000Z,Japan,Kansai,JP-KN,299.0,373.0,,18.0,,False,
2025-03-05T03:00:00.000Z,Japan,Kansai,JP-KN,290.0,361.0,,20.0,,False,
2025-03-05T04:00:00.000Z,Japan,Kansai,JP-KN,289.0,359.0,,21.0,,False,
2025-03-05T05:00:00.000Z,Japan,Kansai,JP-KN,289.0,359.0,,20.0,,False,
2025-03-05T06:00:00.000Z,Japan,Kansai,JP-KN,302.0,376.0,,16.0,,False,
2025-03-05T07:00:00.000Z,Japan,Kansai,JP-KN,315.0,392.0,,14.0,,False,
2025-03-05T08:00:00.000Z,Japan,Kansai,JP-KN,323.0,401.0,,11.0,,False,
2025-03-05T09:00:00.000Z,Japan,Kansai,JP-KN,322.0,402.0,,12.0,,False,
2025-03-05T10:00:00.000Z,Japan,Kansai,JP-KN,322.0,398.0,,11.0,,False,
2025-03-05T11:00:00.000Z,Japan,Kansai,JP-KN,322.0,394.0,,11.0,,False,
2025-03-05T12:00:00.000Z,Japan,Kansai,JP-KN,316.0,384.0,,12.0,,False,
2025-03-05T13:00:00.000Z,Japan,Kansai,JP-KN,315.0,381.0,,12.0,,False,
2025-03-05T14:00:00.000Z,Japan,Kansai,JP-KN,322.0,387.0,,11.0,,False,
2025-03-05T15:00:00.000Z,Japan,Kansai,JP-KN,322.0,386.0,,11.0,,False,
2025-03-05T16:00:00.000Z,Japan,Kansai,JP-KN,323.0,387.0,,11.0,,False,
2025-03-05T17:00:00.000Z,Japan,Kansai,JP-KN,323.0,389.0,,11.0,,False,
2025-03-05T18:00:00.000Z,Japan,Kansai,JP-KN,320.0,384.0,,11.0,,False,
2025-03-05T19:00:00.000Z,Japan,Kansai,JP-KN,320.0,384.0,,11.0,,False,
2025-03-05T20:00:00.000Z,Japan,Kansai,JP-KN,317.0,382.0,,10.0,,False,
2025-03-05T21:00:00.000Z,Japan,Kansai,JP-KN,309.0,372.0,,12.0,,False,
2025-03-05T22:00:00.000Z,Japan,Kansai,JP-KN,298.0,362.0,,15.0,,False,
2025-03-05T23:00:00.000Z,Japan,Kansai,JP-KN,282.0,345.0,,22.0,,False,
2025-03-06T00:00:00.000Z,Japan,Kansai,JP-KN,263.0,325.0,,26.0,,False,
2025-03-06T01:00:00.000Z,Japan,Kansai,JP-KN,246.0,307.0,,29.0,,False,
2025-03-06T02:00:00.000Z,Japan,Kansai,JP-KN,235.0,292.0,,31.0,,False,
2025-03-06T03:00:00.000Z,Japan,Kansai,JP-KN,242.0,300.0,,29.0,,False,
2025-03-06T04:00:00.000Z,Japan,Kansai,JP-KN,253.0,311.0,,28.0,,False,
2025-03-06T05:00:00.000Z,Japan,Kansai,JP-KN,263.0,324.0,,26.0,,False,
2025-03-06T06:00:00.000Z,Japan,Kansai,JP-KN,278.0,341.0,,23.0,,False,
2025-03-06T07:00:00.000Z,Japan,Kansai,JP-KN,293.0,360.0,,20.0,,False,
2025-03-06T08:00:00.000Z,Japan,Kansai,JP-KN,311.0,380.0,,15.0,,False,
2025-03-06T09:00:00.000Z,Japan,Kansai,JP-KN,313.0,383.0,,15.0,,False,
2025-03-06T10:00:00.000Z,Japan,Kansai,JP-KN,313.0,383.0,,15.0,,False,
2025-03-06T11:00:00.000Z,Japan,Kansai,JP-KN,317.0,387.0,,14.0,,False,
2025-03-06T12:00:00.000Z,Japan,Kansai,JP-KN,319.0,387.0,,14.0,,False,
2025-03-06T13:00:00.000Z,Japan,Kansai,JP-KN,320.0,388.0,,12.0,,False,
2025-03-06T14:00:00.000Z,Japan,Kansai,JP-KN,318.0,387.0,,11.0,,False,
2025-03-06T15:00:00.000Z,Japan,Kansai,JP-KN,320.0,389.0,,10.0,,False,
2025-03-06T16:00:00.000Z,Japan,Kansai,JP-KN,325.0,390.0,,9.0,,False,
2025-03-06T17:00:00.000Z,Japan,Kansai,JP-KN,323.0,388.0,,9.0,,False,
2025-03-06T18:00:00.000Z,Japan,Kansai,JP-KN,320.0,387.0,,9.0,,False,
2025-03-06T19:00:00.000Z,Japan,Kansai,JP-KN,317.0,384.0,,9.0,,False,
2025-03-06T20:00:00.000Z,Japan,Kansai,JP-KN,318.0,386.0,,9.0,,False,
2025-03-06T21:00:00.000Z,Japan,Kansai,JP-KN,325.0,393.0,,11.0,,False,
2025-03-06T22:00:00.000Z,Japan,Kansai,JP-KN,309.0,375.0,,15.0,,False,
2025-03-06T23:00:00.000Z,Japan,Kansai,JP-KN,282.0,346.0,,22.0,,False,
2025-03-07T00:00:00.000Z,Japan,Kansai,JP-KN,259.0,321.0,,28.0,,False,
2025-03-07T01:00:00.000Z,Japan,Kansai,JP-KN,247.0,307.0,,30.0,,False,
2025-03-07T02:00:00.000Z,Japan,Kansai,JP-KN,238.0,298.0,,31.0,,False,
2025-03-07T03:00:00.000Z,Japan,Kansai,JP-KN,233.0,291.0,,32.0,,False,
2025-03-07T04:00:00.000Z,Japan,Kansai,JP-KN,233.0,292.0,,32.0,,False,
2025-03-07T05:00:00.000Z,Japan,Kansai,JP-KN,244.0,303.0,,30.0,,False,
2025-03-07T06:00:00.000Z,Japan,Kansai,JP-KN,256.0,316.0,,27.0,,False,
2025-03-07T07:00:00.000Z,Japan,Kansai,JP-KN,286.0,351.0,,21.0,,False,
2025-03-07T08:00:00.000Z,Japan,Kansai,JP-KN,309.0,379.0,,15.0,,False,
2025-03-07T09:00:00.000Z,Japan,Kansai,JP-KN,313.0,385.0,,14.0,,False,
2025-03-07T10:00:00.000Z,Japan,Kansai,JP-KN,317.0,391.0,,13.0,,False,
2025-03-07T11:00:00.000Z,Japan,Kansai,JP-KN,321.0,394.0,,12.0,,False,
2025-03-07T12:00:00.000Z,Japan,Kansai,JP-KN,324.0,395.0,,12.0,,False,
2025-03-07T13:00:00.000Z,Japan,Kansai,JP-KN,326.0,400.0,,10.0,,False,
2025-03-07T14:00:00.000Z,Japan,Kansai,JP-KN,324.0,398.0,,9.0,,False,
2025-03-07T15:00:00.000Z,Japan,Kansai,JP-KN,321.0,393.0,,8.0,,False,
2025-03-07T16:00:00.000Z,Japan,Kansai,JP-KN,318.0,387.0,,8.0,,False,
2025-03-07T17:00:00.000Z,Japan,Kansai,JP-KN,314.0,383.0,,8.0,,False,
2025-03-07T18:00:00.000Z,Japan,Kansai,JP-KN,314.0,382.0,,8.0,,False,
2025-03-07T19:00:00.000Z,Japan,Kansai,JP-KN,311.0,380.0,,8.0,,False,
2025-03-07T20:00:00.000Z,Japan,Kansai,JP-KN,307.0,376.0,,8.0,,False,
2025-03-07T21:00:00.000Z,Japan,Kansai,JP-KN,308.0,376.0,,9.0,,False,
2025-03-07T22:00:00.000Z,Japan,Kansai,JP-KN,296.0,363.0,,13.0,,False,
2025-03-07T23:00:00.000Z,Japan,Kansai,JP-KN,272.0,334.0,,22.0,,False,
2025-03-08T00:00:00.000Z,Japan,Kansai,JP-KN,234.0,296.0,,28.0,,False,
2025-03-08T01:00:00.000Z,Japan,Kansai,JP-KN,203.0,262.0,,33.0,,False,
2025-03-08T02:00:00.000Z,Japan,Kansai,JP-KN,196.0,255.0,,34.0,,False,
2025-03-08T03:00:00.000Z,Japan,Kansai,JP-KN,197.0,256.0,,33.0,,False,
2025-03-08T04:00:00.000Z,Japan,Kansai,JP-KN,213.0,273.0,,29.0,,False,
2025-03-08T05:00:00.000Z,Japan,Kansai,JP-KN,229.0,290.0,,26.0,,False,
2025-03-08T06:00:00.000Z,Japan,Kansai,JP-KN,246.0,307.0,,23.0,,False,
2025-03-08T07:00:00.000Z,Japan,Kansai,JP-KN,280.0,344.0,,19.0,,False,
2025-03-08T08:00:00.000Z,Japan,Kansai,JP-KN,295.0,358.0,,17.0,,False,
2025-03-08T09:00:00.000Z,Japan,Kansai,JP-KN,295.0,359.0,,17.0,,False,
2025-03-08T10:00:00.000Z,Japan,Kansai,JP-KN,297.0,361.0,,17.0,,False,
2025-03-08T11:00:00.000Z,Japan,Kansai,JP-KN,302.0,368.0,,16.0,,False,
2025-03-08T12:00:00.000Z,Japan,Kansai,JP-KN,303.0,370.0,,14.0,,False,
2025-03-08T13:00:00.000Z,Japan,Kansai,JP-KN,303.0,369.0,,13.0,,False,
2025-03-08T14:00:00.000Z,Japan,Kansai,JP-KN,307.0,375.0,,11.0,,False,
2025-03-08T15:00:00.000Z,Japan,Kansai,JP-KN,305.0,372.0,,10.0,,False,
2025-03-08T16:00:00.000Z,Japan,Kansai,JP-KN,310.0,376.0,,10.0,,False,
2025-03-08T17:00:00.000Z,Japan,Kansai,JP-KN,311.0,378.0,,9.0,,False,
2025-03-08T18:00:00.000Z,Japan,Kansai,JP-KN,305.0,372.0,,9.0,,False,
2025-03-08T19:00:00.000Z,Japan,Kansai,JP-KN,307.0,373.0,,9.0,,False,
2025-03-08T20:00:00.000Z,Japan,Kansai,JP-KN,309.0,374.0,,9.0,,False,
2025-03-08T21:00:00.000Z,Japan,Kansai,JP-KN,292.0,354.0,,12.0,,False,
2025-03-08T22:00:00.000Z,Japan,Kansai,JP-KN,271.0,331.0,,17.0,,False,
2025-03-08T23:00:00.000Z,Japan,Kansai,JP-KN,200.0,254.0,,31.0,,False,
2025-03-09T00:00:00.000Z,Japan,Kansai,JP-KN,146.0,196.0,,42.0,,False,
2025-03-09T01:00:00.000Z,Japan,Kansai,JP-KN,115.0,162.0,,47.0,,False,
2025-03-09T02:00:00.000Z,Japan,Kansai,JP-KN,114.0,162.0,,47.0,,False,
2025-03-09T03:00:00.000Z,Japan,Kansai,JP-KN,118.0,166.0,,47.0,,False,
2025-03-09T04:00:00.000Z,Japan,Kansai,JP-KN,127.0,175.0,,45.0,,False,
2025-03-09T05:00:00.000Z,Japan,Kansai,JP-KN,131.0,179.0,,43.0,,False,
2025-03-09T06:00:00.000Z,Japan,Kansai,JP-KN,158.0,208.0,,38.0,,False,
2025-03-09T07:00:00.000Z,Japan,Kansai,JP-KN,206.0,260.0,,28.0,,False,
2025-03-09T08:00:00.000Z,Japan,Kansai,JP-KN,265.0,324.0,,19.0,,False,
2025-03-09T09:00:00.000Z,Japan,Kansai,JP-KN,292.0,354.0,,15.0,,False,
2025-03-09T10:00:00.000Z,Japan,Kansai,JP-KN,296.0,361.0,,15.0,,False,
2025-03-09T11:00:00.000Z,Japan,Kansai,JP-KN,299.0,364.0,,14.0,,False,
2025-03-09T12:00:00.000Z,Japan,Kansai,JP-KN,305.0,370.0,,12.0,,False,
2025-03-09T13:00:00.000Z,Japan,Kansai,JP-KN,306.0,371.0,,10.0,,False,
2025-03-09T14:00:00.000Z,Japan,Kansai,JP-KN,306.0,371.0,,10.0,,False,
2025-03-09T15:00:00.000Z,Japan,Kansai,JP-KN,311.0,376.0,,9.0,,False,
2025-03-09T16:00:00.000Z,Japan,Kansai,JP-KN,315.0,380.0,,9.0,,False,
2025-03-09T17:00:00.000Z,Japan,Kansai,JP-KN,313.0,378.0,,8.0,,False,
2025-03-09T18:00:00.000Z,Japan,Kansai,JP-KN,310.0,376.0,,8.0,,False,
2025-03-09T19:00:00.000Z,Japan,Kansai,JP-KN,313.0,379.0,,9.0,,False,
2025-03-09T20:00:00.000Z,Japan,Kansai,JP-KN,315.0,381.0,,9.0,,False,
2025-03-09T21:00:00.000Z,Japan,Kansai,JP-KN,317.0,384.0,,11.0,,False,
2025-03-09T22:00:00.000Z,Japan,Kansai,JP-KN,300.0,364.0,,17.0,,False,
2025-03-09T23:00:00.000Z,Japan,Kansai,JP-KN,262.0,324.0,,25.0,,False,
2025-03-10T00:00:00.000Z,Japan,Kansai,JP-KN,228.0,287.0,,34.0,,False,
2025-03-10T01:00:00.000Z,Japan,Kansai,JP-KN,205.0,260.0,,39.0,,False,
2025-03-10T02:00:00.000Z,Japan,Kansai,JP-KN,189.0,241.0,,43.0,,False,
2025-03-10T03:00:00.000Z,Japan,Kansai,JP-KN,184.0,236.0,,44.0,,False,
2025-03-10T04:00:00.000Z,Japan,Kansai,JP-KN,198.0,251.0,,40.0,,False,
2025-03-10T05:00:00.000Z,Japan,Kansai,JP-KN,219.0,274.0,,36.0,,False,
2025-03-10T06:00:00.000Z,Japan,Kansai,JP-KN,251.0,310.0,,28.0,,False,
2025-03-10T07:00:00.000Z,Japan,Kansai,JP-KN,292.0,357.0,,18.0,,False,
2025-03-10T08:00:00.000Z,Japan,Kansai,JP-KN,310.0,378.0,,12.0,,False,
2025-03-10T09:00:00.000Z,Japan,Kansai,JP-KN,310.0,377.0,,13.0,,False,
2025-03-10T10:00:00.000Z,Japan,Kansai,JP-KN,311.0,378.0,,13.0,,False,
2025-03-10T11:00:00.000Z,Japan,Kansai,JP-KN,311.0,378.0,,12.0,,False,
2025-03-10T12:00:00.000Z,Japan,Kansai,JP-KN,318.0,386.0,,10.0,,False,
2025-03-10T13:00:00.000Z,Japan,Kansai,JP-KN,324.0,392.0,,9.0,,False,
2025-03-10T14:00:00.000Z,Japan,Kansai,JP-KN,329.0,397.0,,8.0,,False,
2025-03-10T15:00:00.000Z,Japan,Kansai,JP-KN,330.0,398.0,,6.0,,False,
2025-03-10T16:00:00.000Z,Japan,Kansai,JP-KN,330.0,399.0,,6.0,,False,
2025-03-10T17:00:00.000Z,Japan,Kansai,JP-KN,332.0,401.0,,6.0,,False,
2025-03-10T18:00:00.000Z,Japan,Kansai,JP-KN,331.0,401.0,,6.0,,False,
2025-03-10T19:00:00.000Z,Japan,Kansai,JP-KN,330.0,400.0,,6.0,,False,
2025-03-10T20:00:00.000Z,Japan,Kansai,JP-KN,328.0,396.0,,7.0,,False,
2025-03-10T21:00:00.000Z,Japan,Kansai,JP-KN,322.0,390.0,,8.0,,False,
2025-03-10T22:00:00.000Z,Japan,Kansai,JP-KN,313.0,382.0,,11.0,,False,
2025-03-10T23:00:00.000Z,Japan,Kansai,JP-KN,304.0,372.0,,15.0,,False,
2025-03-11T00:00:00.000Z,Japan,Kansai,JP-KN,297.0,365.0,,17.0,,False,
2025-03-11T01:00:00.000Z,Japan,Kansai,JP-KN,291.0,359.0,,19.0,,False,
2025-03-11T02:00:00.000Z,Japan,Kansai,JP-KN,290.0,358.0,,19.0,,False,
2025-03-11T03:00:00.000Z,Japan,Kansai,JP-KN,294.0,363.0,,17.0,,False,
2025-03-11T04:00:00.000Z,Japan,Kansai,JP-KN,298.0,367.0,,17.0,,False,
2025-03-11T05:00:00.000Z,Japan,Kansai,JP-KN,301.0,370.0,,16.0,,False,
2025-03-11T06:00:00.000Z,Japan,Kansai,JP-KN,306.0,376.0,,15.0,,False,
2025-03-11T07:00:00.000Z,Japan,Kansai,JP-KN,316.0,386.0,,14.0,,False,
2025-03-11T08:00:00.000Z,Japan,Kansai,JP-KN,312.0,381.0,,14.0,,False,
2025-03-11T09:00:00.000Z,Japan,Kansai,JP-KN,305.0,372.0,,15.0,,False,
2025-03-11T10:00:00.000Z,Japan,Kansai,JP-KN,307.0,375.0,,14.0,,False,
2025-03-11T11:00:00.000Z,Japan,Kansai,JP-KN,310.0,378.0,,13.0,,False,
2025-03-11T12:00:00.000Z,Japan,Kansai,JP-KN,314.0,382.0,,11.0,,False,
2025-03-11T13:00:00.000Z,Japan,Kansai,JP-KN,312.0,379.0,,11.0,,False,
2025-03-11T14:00:00.000Z,Japan,Kansai,JP-KN,323.0,391.0,,8.0,,False,
2025-03-11T15:00:00.000Z,Japan,Kansai,JP-KN,330.0,397.0,,7.0,,False,
2025-03-11T16:00:00.000Z,Japan,Kansai,JP-KN,326.0,393.0,,7.0,,False,
2025-03-11T17:00:00.000Z,Japan,Kansai,JP-KN,325.0,393.0,,7.0,,False,
2025-03-11T18:00:00.000Z,Japan,Kansai,JP-KN,329.0,398.0,,6.0,,False,
2025-03-11T19:00:00.000Z,Japan,Kansai,JP-KN,329.0,398.0,,6.0,,False,
2025-03-11T20:00:00.000Z,Japan,Kansai,JP-KN,331.0,399.0,,6.0,,False,
2025-03-11T21:00:00.000Z,Japan,Kansai,JP-KN,327.0,395.0,,7.0,,False,
2025-03-11T22:00:00.000Z,Japan,Kansai,JP-KN,307.0,371.0,,14.0,,False,
2025-03-11T23:00:00.000Z,Japan,Kansai,JP-KN,279.0,341.0,,22.0,,False,
2025-03-12T00:00:00.000Z,Japan,Kansai,JP-KN,253.0,313.0,,27.0,,False,
2025-03-12T01:00:00.000Z,Japan,Kansai,JP-KN,242.0,303.0,,29.0,,False,
2025-03-12T02:00:00.000Z,Japan,Kansai,JP-KN,245.0,305.0,,28.0,,False,
2025-03-12T03:00:00.000Z,Japan,Kansai,JP-KN,254.0,315.0,,26.0,,False,
2025-03-12T04:00:00.000Z,Japan,Kansai,JP-KN,257.0,320.0,,25.0,,False,
2025-03-12T05:00:00.000Z,Japan,Kansai,JP-KN,269.0,334.0,,22.0,,False,
2025-03-12T06:00:00.000Z,Japan,Kansai,JP-KN,284.0,351.0,,19.0,,False,
2025-03-12T07:00:00.000Z,Japan,Kansai,JP-KN,302.0,368.0,,16.0,,False,
2025-03-12T08:00:00.000Z,Japan,Kansai,JP-KN,313.0,378.0,,14.0,,False,
2025-03-12T09:00:00.000Z,Japan,Kansai,JP-KN,311.0,377.0,,15.0,,False,
2025-03-12T10:00:00.000Z,Japan,Kansai,JP-KN,312.0,376.0,,14.0,,False,
2025-03-12T11:00:00.000Z,Japan,Kansai,JP-KN,318.0,383.0,,13.0,,False,
2025-03-12T12:00:00.000Z,Japan,Kansai,JP-KN,329.0,396.0,,9.0,,False,
2025-03-12T13:00:00.000Z,Japan,Kansai,JP-KN,329.0,396.0,,9.0,,False,
2025-03-12T14:00:00.000Z,Japan,Kansai,JP-KN,325.0,390.0,,9.0,,False,
2025-03-12T15:00:00.000Z,Japan,Kansai,JP-KN,323.0,387.0,,8.0,,False,
2025-03-12T16:00:00.000Z,Japan,Kansai,JP-KN,326.0,389.0,,8.0,,False,
2025-03-12T17:00:00.000Z,Japan,Kansai,JP-KN,330.0,395.0,,7.0,,False,
2025-03-12T18:00:00.000Z,Japan,Kansai,JP-KN,331.0,394.0,,7.0,,False,
2025-03-12T19:00:00.000Z,Japan,Kansai,JP-KN,330.0,392.0,,8.0,,False,
2025-03-12T20:00:00.000Z,Japan,Kansai,JP-KN,329.0,393.0,,8.0,,False,
2025-03-12T21:00:00.000Z,Japan,Kansai,JP-KN,320.0,382.0,,9.0,,False,
2025-03-12T22:00:00.000Z,Japan,Kansai,JP-KN,291.0,349.0,,17.0,,False,
2025-03-12T23:00:00.000Z,Japan,Kansai,JP-KN,260.0,316.0,,25.0,,False,
2025-03-13T00:00:00.000Z,Japan,Kansai,JP-KN,241.0,296.0,,30.0,,False,
2025-03-13T01:00:00.000Z,Japan,Kansai,JP-KN,227.0,280.0,,32.0,,False,
2025-03-13T02:00:00.000Z,Japan,Kansai,JP-KN,208.0,259.0,,36.0,,False,
2025-03-13T03:00:00.000Z,Japan,Kansai,JP-KN,202.0,253.0,,36.0,,False,
2025-03-13T04:00:00.000Z,Japan,Kansai,JP-KN,220.0,273.0,,33.0,,False,
2025-03-13T05:00:00.000Z,Japan,Kansai,JP-KN,235.0,288.0,,30.0,,False,
2025-03-13T06:00:00.000Z,Japan,Kansai,JP-KN,260.0,316.0,,26.0,,False,
2025-03-13T07:00:00.000Z,Japan,Kansai,JP-KN,286.0,344.0,,21.0,,False,
2025-03-13T08:00:00.000Z,Japan,Kansai,JP-KN,305.0,365.0,,17.0,,False,
2025-03-13T09:00:00.000Z,Japan,Kansai,JP-KN,303.0,363.0,,18.0,,False,
2025-03-13T10:00:00.000Z,Japan,Kansai,JP-KN,302.0,361.0,,17.0,,False,
2025-03-13T11:00:00.000Z,Japan,Kansai,JP-KN,305.0,365.0,,17.0,,False,
2025-03-13T12:00:00.000Z,Japan,Kansai,JP-KN,310.0,371.0,,15.0,,False,
2025-03-13T13:00:00.000Z,Japan,Kansai,JP-KN,314.0,374.0,,15.0,,False,
2025-03-13T14:00:00.000Z,Japan,Kansai,JP-KN,313.0,373.0,,14.0,,False,
2025-03-13T15:00:00.000Z,Japan,Kansai,JP-KN,314.0,374.0,,12.0,,False,
2025-03-13T16:00:00.000Z,Japan,Kansai,JP-KN,310.0,369.0,,12.0,,False,
2025-03-13T17:00:00.000Z,Japan,Kansai,JP-KN,318.0,379.0,,11.0,,False,
2025-03-13T18:00:00.000Z,Japan,Kansai,JP-KN,314.0,376.0,,12.0,,False,
2025-03-13T19:00:00.000Z,Japan,Kansai,JP-KN,313.0,375.0,,12.0,,False,
2025-03-13T20:00:00.000Z,Japan,Kansai,JP-KN,314.0,376.0,,12.0,,False,
2025-03-13T21:00:00.000Z,Japan,Kansai,JP-KN,318.0,383.0,,11.0,,False,
2025-03-13T22:00:00.000Z,Japan,Kansai,JP-KN,297.0,361.0,,15.0,,False,
2025-03-13T23:00:00.000Z,Japan,Kansai,JP-KN,262.0,323.0,,23.0,,False,
2025-03-14T00:00:00.000Z,Japan,Kansai,JP-KN,231.0,289.0,,30.0,,False,
2025-03-14T01:00:00.000Z,Japan,Kansai,JP-KN,197.0,250.0,,36.0,,False,
2025-03-14T02:00:00.000Z,Japan,Kansai,JP-KN,174.0,224.0,,42.0,,False,
2025-03-14T03:00:00.000Z,Japan,Kansai,JP-KN,157.0,206.0,,46.0,,False,
2025-03-14T04:00:00.000Z,Japan,Kansai,JP-KN,162.0,213.0,,44.0,,False,
2025-03-14T05:00:00.000Z,Japan,Kansai,JP-KN,174.0,226.0,,41.0,,False,
2025-03-14T06:00:00.000Z,Japan,Kansai,JP-KN,207.0,263.0,,33.0,,False,
2025-03-14T07:00:00.000Z,Japan,Kansai,JP-KN,264.0,325.0,,23.0,,False,
2025-03-14T08:00:00.000Z,Japan,Kansai,JP-KN,310.0,374.0,,15.0,,False,
2025-03-14T09:00:00.000Z,Japan,Kansai,JP-KN,316.0,380.0,,13.0,,False,
2025-03-14T10:00:00.000Z,Japan,Kansai,JP-KN,312.0,376.0,,14.0,,False,
2025-03-14T11:00:00.000Z,Japan,Kansai,JP-KN,315.0,378.0,,14.0,,False,
2025-03-14T12:00:00.000Z,Japan,Kansai,JP-KN,320.0,385.0,,12.0,,False,
2025-03-14T13:00:00.000Z,Japan,Kansai,JP-KN,320.0,385.0,,12.0,,False,
2025-03-14T14:00:00.000Z,Japan,Kansai,JP-KN,316.0,380.0,,11.0,,False,
2025-03-14T15:00:00.000Z,Japan,Kansai,JP-KN,313.0,375.0,,11.0,,False,
2025-03-14T16:00:00.000Z,Japan,Kansai,JP-KN,307.0,369.0,,10.0,,False,
2025-03-14T17:00:00.000Z,Japan,Kansai,JP-KN,305.0,367.0,,10.0,,False,
2025-03-14T18:00:00.000Z,Japan,Kansai,JP-KN,305.0,368.0,,10.0,,False,
2025-03-14T19:00:00.000Z,Japan,Kansai,JP-KN,303.0,366.0,,10.0,,False,
2025-03-14T20:00:00.000Z,Japan,Kansai,JP-KN,301.0,364.0,,11.0,,False,
2025-03-14T21:00:00.000Z,Japan,Kansai,JP-KN,297.0,359.0,,12.0,,False,
2025-03-14T22:00:00.000Z,Japan,Kansai,JP-KN,292.0,353.0,,14.0,,False,
2025-03-14T23:00:00.000Z,Japan,Kansai,JP-KN,274.0,338.0,,17.0,,False,
2025-03-15T00:00:00.000Z,Japan,Kansai,JP-KN,252.0,314.0,,23.0,,False,
2025-03-15T01:00:00.000Z,Japan,Kansai,JP-KN,238.0,298.0,,25.0,,False,
2025-03-15T02:00:00.000Z,Japan,Kansai,JP-KN,239.0,298.0,,25.0,,False,
2025-03-15T03:00:00.000Z,Japan,Kansai,JP-KN,250.0,310.0,,23.0,,False,
2025-03-15T04:00:00.000Z,Japan,Kansai,JP-KN,267.0,327.0,,22.0,,False,
2025-03-15T05:00:00.000Z,Japan,Kansai,JP-KN,294.0,357.0,,19.0,,False,
2025-03-15T06:00:00.000Z,Japan,Kansai,JP-KN,301.0,365.0,,17.0,,False,
2025-03-15T07:00:00.000Z,Japan,Kansai,JP-KN,302.0,368.0,,16.0,,False,
2025-03-15T08:00:00.000Z,Japan,Kansai,JP-KN,296.0,363.0,,16.0,,False,
2025-03-15T09:00:00.000Z,Japan,Kansai,JP-KN,291.0,357.0,,17.0,,False,
2025-03-15T10:00:00.000Z,Japan,Kansai,JP-KN,293.0,360.0,,15.0,,False,
2025-03-15T11:00:00.000Z,Japan,Kansai,JP-KN,294.0,360.0,,15.0,,False,
2025-03-15T12:00:00.000Z,Japan,Kansai,JP-KN,297.0,364.0,,14.0,,False,
2025-03-15T13:00:00.000Z,Japan,Kansai,JP-KN,312.0,380.0,,10.0,,False,
2025-03-15T14:00:00.000Z,Japan,Kansai,JP-KN,318.0,386.0,,9.0,,False,
2025-03-15T15:00:00.000Z,Japan,Kansai,JP-KN,318.0,383.0,,9.0,,False,
2025-03-15T16:00:00.000Z,Japan,Kansai,JP-KN,316.0,381.0,,8.0,,False,
2025-03-15T17:00:00.000Z,Japan,Kansai,JP-KN,316.0,381.0,,8.0,,False,
2025-03-15T18:00:00.000Z,Japan,Kansai,JP-KN,312.0,378.0,,8.0,,False,
2025-03-15T19:00:00.000Z,Japan,Kansai,JP-KN,311.0,377.0,,8.0,,False,
2025-03-15T20:00:00.000Z,Japan,Kansai,JP-KN,314.0,378.0,,9.0,,False,
2025-03-15T21:00:00.000Z,Japan,Kansai,JP-KN,315.0,379.0,,9.0,,False,
2025-03-15T22:00:00.000Z,Japan,Kansai,JP-KN,306.0,370.0,,12.0,,False,
2025-03-15T23:00:00.000Z,Japan,Kansai,JP-KN,281.0,345.0,,16.0,,False,
2025-03-16T00:00:00.000Z,Japan,Kansai,JP-KN,267.0,329.0,,19.0,,False,
2025-03-16T01:00:00.000Z,Japan,Kansai,JP-KN,258.0,319.0,,20.0,,False,
2025-03-16T02:00:00.000Z,Japan,Kansai,JP-KN,260.0,323.0,,20.0,,False,
2025-03-16T03:00:00.000Z,Japan,Kansai,JP-KN,259.0,320.0,,20.0,,False,
2025-03-16T04:00:00.000Z,Japan,Kansai,JP-KN,260.0,321.0,,21.0,,False,
2025-03-16T05:00:00.000Z,Japan,Kansai,JP-KN,262.0,323.0,,21.0,,False,
2025-03-16T06:00:00.000Z,Japan,Kansai,JP-KN,267.0,329.0,,20.0,,False,
2025-03-16T07:00:00.000Z,Japan,Kansai,JP-KN,291.0,354.0,,17.0,,False,
2025-03-16T08:00:00.000Z,Japan,Kansai,JP-KN,301.0,366.0,,14.0,,False,
2025-03-16T09:00:00.000Z,Japan,Kansai,JP-KN,298.0,361.0,,15.0,,False,
2025-03-16T10:00:00.000Z,Japan,Kansai,JP-KN,301.0,365.0,,15.0,,False,
2025-03-16T11:00:00.000Z,Japan,Kansai,JP-KN,310.0,376.0,,13.0,,False,
2025-03-16T12:00:00.000Z,Japan,Kansai,JP-KN,316.0,381.0,,11.0,,False,
2025-03-16T13:00:00.000Z,Japan,Kansai,JP-KN,315.0,379.0,,11.0,,False,
2025-03-16T14:00:00.000Z,Japan,Kansai,JP-KN,312.0,374.0,,11.0,,False,
2025-03-16T15:00:00.000Z,Japan,Kansai,JP-KN,308.0,370.0,,11.0,,False,
2025-03-16T16:00:00.000Z,Japan,Kansai,JP-KN,309.0,371.0,,11.0,,False,
2025-03-16T17:00:00.000Z,Japan,Kansai,JP-KN,312.0,375.0,,10.0,,False,
2025-03-16T18:00:00.000Z,Japan,Kansai,JP-KN,316.0,379.0,,10.0,,False,
2025-03-16T19:00:00.000Z,Japan,Kansai,JP-KN,317.0,380.0,,10.0,,False,
2025-03-16T20:00:00.000Z,Japan,Kansai,JP-KN,321.0,384.0,,10.0,,False,
2025-03-16T21:00:00.000Z,Japan,Kansai,JP-KN,319.0,383.0,,10.0,,False,
2025-03-16T22:00:00.000Z,Japan,Kansai,JP-KN,295.0,359.0,,16.0,,False,
2025-03-16T23:00:00.000Z,Japan,Kansai,JP-KN,276.0,338.0,,23.0,,False,
2025-03-17T00:00:00.000Z,Japan,Kansai,JP-KN,259.0,321.0,,27.0,,False,
2025-03-17T01:00:00.000Z,Japan,Kansai,JP-KN,256.0,317.0,,27.0,,False,
2025-03-17T02:00:00.000Z,Japan,Kansai,JP-KN,249.0,309.0,,29.0,,False,
2025-03-17T03:00:00.000Z,Japan,Kansai,JP-KN,247.0,306.0,,29.0,,False,
2025-03-17T04:00:00.000Z,Japan,Kansai,JP-KN,252.0,311.0,,29.0,,False,
2025-03-17T05:00:00.000Z,Japan,Kansai,JP-KN,258.0,317.0,,28.0,,False,
2025-03-17T06:00:00.000Z,Japan,Kansai,JP-KN,275.0,337.0,,24.0,,False,
2025-03-17T07:00:00.000Z,Japan,Kansai,JP-KN,299.0,367.0,,18.0,,False,
2025-03-17T08:00:00.000Z,Japan,Kansai,JP-KN,321.0,394.0,,12.0,,False,
2025-03-17T09:00:00.000Z,Japan,Kansai,JP-KN,316.0,390.0,,13.0,,False,
2025-03-17T10:00:00.000Z,Japan,Kansai,JP-KN,316.0,388.0,,13.0,,False,
2025-03-17T11:00:00.000Z,Japan,Kansai,JP-KN,321.0,393.0,,12.0,,False,
2025-03-17T12:00:00.000Z,Japan,Kansai,JP-KN,330.0,401.0,,10.0,,False,
2025-03-17T13:00:00.000Z,Japan,Kansai,JP-KN,336.0,405.0,,9.0,,False,
2025-03-17T14:00:00.000Z,Japan,Kansai,JP-KN,332.0,401.0,,9.0,,False,
2025-03-17T15:00:00.000Z,Japan,Kansai,JP-KN,328.0,397.0,,8.0,,False,
2025-03-17T16:00:00.000Z,Japan,Kansai,JP-KN,329.0,397.0,,8.0,,False,
2025-03-17T17:00:00.000Z,Japan,Kansai,JP-KN,325.0,393.0,,9.0,,False,
2025-03-17T18:00:00.000Z,Japan,Kansai,JP-KN,322.0,389.0,,9.0,,False,
2025-03-17T19:00:00.000Z,Japan,Kansai,JP-KN,318.0,385.0,,9.0,,False,
2025-03-17T20:00:00.000Z,Japan,Kansai,JP-KN,320.0,388.0,,9.0,,False,
2025-03-17T21:00:00.000Z,Japan,Kansai,JP-KN,318.0,385.0,,10.0,,False,
2025-03-17T22:00:00.000Z,Japan,Kansai,JP-KN,298.0,363.0,,17.0,,False,
2025-03-17T23:00:00.000Z,Japan,Kansai,JP-KN,273.0,335.0,,25.0,,False,
2025-03-18T00:00:00.000Z,Japan,Kansai,JP-KN,246.0,305.0,,32.0,,False,
2025-03-18T01:00:00.000Z,Japan,Kansai,JP-KN,227.0,284.0,,35.0,,False,
2025-03-18T02:00:00.000Z,Japan,Kansai,JP-KN,216.0,272.0,,36.0,,False,
2025-03-18T03:00:00.000Z,Japan,Kansai,JP-KN,210.0,263.0,,37.0,,False,
2025-03-18T04:00:00.000Z,Japan,Kansai,JP-KN,214.0,268.0,,37.0,,False,
2025-03-18T05:00:00.000Z,Japan,Kansai,JP-KN,235.0,290.0,,33.0,,False,
2025-03-18T06:00:00.000Z,Japan,Kansai,JP-KN,266.0,325.0,,26.0,,False,
2025-03-18T07:00:00.000Z,Japan,Kansai,JP-KN,299.0,362.0,,18.0,,False,
2025-03-18T08:00:00.000Z,Japan,Kansai,JP-KN,309.0,375.0,,15.0,,False,
2025-03-18T09:00:00.000Z,Japan,Kansai,JP-KN,307.0,375.0,,15.0,,False,
2025-03-18T10:00:00.000Z,Japan,Kansai,JP-KN,310.0,378.0,,14.0,,False,
2025-03-18T11:00:00.000Z,Japan,Kansai,JP-KN,314.0,383.0,,13.0,,False,
2025-03-18T12:00:00.000Z,Japan,Kansai,JP-KN,319.0,388.0,,12.0,,False,
2025-03-18T13:00:00.000Z,Japan,Kansai,JP-KN,318.0,385.0,,11.0,,False,
2025-03-18T14:00:00.000Z,Japan,Kansai,JP-KN,318.0,385.0,,10.0,,False,
2025-03-18T15:00:00.000Z,Japan,Kansai,JP-KN,320.0,388.0,,9.0,,False,
2025-03-18T16:00:00.000Z,Japan,Kansai,JP-KN,321.0,389.0,,8.0,,False,
2025-03-18T17:00:00.000Z,Japan,Kansai,JP-KN,319.0,387.0,,8.0,,False,
2025-03-18T18:00:00.000Z,Japan,Kansai,JP-KN,316.0,384.0,,8.0,,False,
2025-03-18T19:00:00.000Z,Japan,Kansai,JP-KN,317.0,385.0,,8.0,,False,
2025-03-18T20:00:00.000Z,Japan,Kansai,JP-KN,318.0,386.0,,8.0,,False,
2025-03-18T21:00:00.000Z,Japan,Kansai,JP-KN,317.0,385.0,,10.0,,False,
2025-03-18T22:00:00.000Z,Japan,Kansai,JP-KN,309.0,377.0,,14.0,,False,
2025-03-18T23:00:00.000Z,Japan,Kansai,JP-KN,283.0,349.0,,21.0,,False,
2025-03-19T00:00:00.000Z,Japan,Kansai,JP-KN,263.0,327.0,,26.0,,False,
2025-03-19T01:00:00.000Z,Japan,Kansai,JP-KN,261.0,324.0,,27.0,,False,
2025-03-19T02:00:00.000Z,Japan,Kansai,JP-KN,260.0,323.0,,27.0,,False,
2025-03-19T03:00:00.000Z,Japan,Kansai,JP-KN,264.0,326.0,,25.0,,False,
2025-03-19T04:00:00.000Z,Japan,Kansai,JP-KN,271.0,335.0,,25.0,,False,
2025-03-19T05:00:00.000Z,Japan,Kansai,JP-KN,279.0,345.0,,23.0,,False,
2025-03-19T06:00:00.000Z,Japan,Kansai,JP-KN,286.0,353.0,,21.0,,False,
2025-03-19T07:00:00.000Z,Japan,Kansai,JP-KN,301.0,369.0,,17.0,,False,
2025-03-19T08:00:00.000Z,Japan,Kansai,JP-KN,309.0,378.0,,15.0,,False,
2025-03-19T09:00:00.000Z,Japan,Kansai,JP-KN,307.0,377.0,,15.0,,False,
2025-03-19T10:00:00.000Z,Japan,Kansai,JP-KN,310.0,380.0,,14.0,,False,
2025-03-19T11:00:00.000Z,Japan,Kansai,JP-KN,319.0,390.0,,11.0,,False,
2025-03-19T12:00:00.000Z,Japan,Kansai,JP-KN,312.0,382.0,,12.0,,False,
2025-03-19T13:00:00.000Z,Japan,Kansai,JP-KN,303.0,370.0,,14.0,,False,
2025-03-19T14:00:00.000Z,Japan,Kansai,JP-KN,299.0,365.0,,15.0,,False,
2025-03-19T15:00:00.000Z,Japan,Kansai,JP-KN,302.0,369.0,,14.0,,False,
2025-03-19T16:00:00.000Z,Japan,Kansai,JP-KN,317.0,386.0,,9.0,,False,
2025-03-19T17:00:00.000Z,Japan,Kansai,JP-KN,318.0,387.0,,9.0,,False,
2025-03-19T18:00:00.000Z,Japan,Kansai,JP-KN,312.0,380.0,,10.0,,False,
2025-03-19T19:00:00.000Z,Japan,Kansai,JP-KN,310.0,377.0,,10.0,,False,
2025-03-19T20:00:00.000Z,Japan,Kansai,JP-KN,307.0,375.0,,10.0,,False,
2025-03-19T21:00:00.000Z,Japan,Kansai,JP-KN,301.0,369.0,,13.0,,False,
2025-03-19T22:00:00.000Z,Japan,Kansai,JP-KN,290.0,356.0,,16.0,,False,
2025-03-19T23:00:00.000Z,Japan,Kansai,JP-KN,270.0,334.0,,23.0,,False,
2025-03-20T00:00:00.000Z,Japan,Kansai,JP-KN,231.0,290.0,,32.0,,False,
2025-03-20T01:00:00.000Z,Japan,Kansai,JP-KN,196.0,249.0,,40.0,,False,
2025-03-20T02:00:00.000Z,Japan,Kansai,JP-KN,188.0,241.0,,41.0,,False,
2025-03-20T03:00:00.000Z,Japan,Kansai,JP-KN,192.0,245.0,,40.0,,False,
2025-03-20T04:00:00.000Z,Japan,Kansai,JP-KN,203.0,256.0,,38.0,,False,
2025-03-20T05:00:00.000Z,Japan,Kansai,JP-KN,213.0,266.0,,35.0,,False,
2025-03-20T06:00:00.000Z,Japan,Kansai,JP-KN,229.0,285.0,,31.0,,False,
2025-03-20T07:00:00.000Z,Japan,Kansai,JP-KN,266.0,327.0,,23.0,,False,
2025-03-20T08:00:00.000Z,Japan,Kansai,JP-KN,300.0,367.0,,15.0,,False,
2025-03-20T09:00:00.000Z,Japan,Kansai,JP-KN,294.0,361.0,,16.0,,False,
2025-03-20T10:00:00.000Z,Japan,Kansai,JP-KN,309.0,377.0,,13.0,,False,
2025-03-20T11:00:00.000Z,Japan,Kansai,JP-KN,312.0,380.0,,13.0,,False,
2025-03-20T12:00:00.000Z,Japan,Kansai,JP-KN,318.0,386.0,,12.0,,False,
2025-03-20T13:00:00.000Z,Japan,Kansai,JP-KN,323.0,392.0,,10.0,,False,
2025-03-20T14:00:00.000Z,Japan,Kansai,JP-KN,318.0,387.0,,10.0,,False,
2025-03-20T15:00:00.000Z,Japan,Kansai,JP-KN,319.0,387.0,,10.0,,False,
2025-03-20T16:00:00.000Z,Japan,Kansai,JP-KN,323.0,392.0,,8.0,,False,
2025-03-20T17:00:00.000Z,Japan,Kansai,JP-KN,321.0,389.0,,8.0,,False,
2025-03-20T18:00:00.000Z,Japan,Kansai,JP-KN,313.0,381.0,,10.0,,False,
2025-03-20T19:00:00.000Z,Japan,Kansai,JP-KN,306.0,372.0,,11.0,,False,
2025-03-20T20:00:00.000Z,Japan,Kansai,JP-KN,301.0,366.0,,13.0,,False,
2025-03-20T21:00:00.000Z,Japan,Kansai,JP-KN,307.0,372.0,,12.0,,False,
2025-03-20T22:00:00.000Z,Japan,Kansai,JP-KN,291.0,356.0,,17.0,,False,
2025-03-20T23:00:00.000Z,Japan,Kansai,JP-KN,255.0,316.0,,26.0,,False,
2025-03-21T00:00:00.000Z,Japan,Kansai,JP-KN,215.0,271.0,,35.0,,False,
2025-03-21T01:00:00.000Z,Japan,Kansai,JP-KN,189.0,240.0,,42.0,,False,
2025-03-21T02:00:00.000Z,Japan,Kansai,JP-KN,184.0,235.0,,43.0,,False,
2025-03-21T03:00:00.000Z,Japan,Kansai,JP-KN,187.0,239.0,,42.0,,False,
2025-03-21T04:00:00.000Z,Japan,Kansai,JP-KN,185.0,237.0,,42.0,,False,
2025-03-21T05:00:00.000Z,Japan,Kansai,JP-KN,198.0,251.0,,39.0,,False,
2025-03-21T06:00:00.000Z,Japan,Kansai,JP-KN,219.0,275.0,,33.0,,False,
2025-03-21T07:00:00.000Z,Japan,Kansai,JP-KN,263.0,321.0,,24.0,,False,
2025-03-21T08:00:00.000Z,Japan,Kansai,JP-KN,293.0,353.0,,19.0,,False,
2025-03-21T09:00:00.000Z,Japan,Kansai,JP-KN,287.0,346.0,,20.0,,False,
2025-03-21T10:00:00.000Z,Japan,Kansai,JP-KN,293.0,352.0,,19.0,,False,
2025-03-21T11:00:00.000Z,Japan,Kansai,JP-KN,298.0,357.0,,18.0,,False,
2025-03-21T12:00:00.000Z,Japan,Kansai,JP-KN,299.0,360.0,,17.0,,False,
2025-03-21T13:00:00.000Z,Japan,Kansai,JP-KN,298.0,358.0,,16.0,,False,
2025-03-21T14:00:00.000Z,Japan,Kansai,JP-KN,296.0,356.0,,15.0,,False,
2025-03-21T15:00:00.000Z,Japan,Kansai,JP-KN,303.0,362.0,,13.0,,False,
2025-03-21T16:00:00.000Z,Japan,Kansai,JP-KN,301.0,357.0,,12.0,,False,
2025-03-21T17:00:00.000Z,Japan,Kansai,JP-KN,301.0,358.0,,12.0,,False,
2025-03-21T18:00:00.000Z,Japan,Kansai,JP-KN,301.0,359.0,,13.0,,False,
2025-03-21T19:00:00.000Z,Japan,Kansai,JP-KN,292.0,349.0,,14.0,,False,
2025-03-21T20:00:00.000Z,Japan,Kansai,JP-KN,293.0,350.0,,14.0,,False,
2025-03-21T21:00:00.000Z,Japan,Kansai,JP-KN,285.0,342.0,,14.0,,False,
2025-03-21T22:00:00.000Z,Japan,Kansai,JP-KN,250.0,305.0,,20.0,,False,
2025-03-21T23:00:00.000Z,Japan,Kansai,JP-KN,175.0,225.0,,34.0,,False,
2025-03-22T00:00:00.000Z,Japan,Kansai,JP-KN,128.0,174.0,,45.0,,False,
2025-03-22T01:00:00.000Z,Japan,Kansai,JP-KN,115.0,161.0,,48.0,,False,
2025-03-22T02:00:00.000Z,Japan,Kansai,JP-KN,111.0,157.0,,49.0,,False,
2025-03-22T03:00:00.000Z,Japan,Kansai,JP-KN,117.0,163.0,,47.0,,False,
2025-03-22T04:00:00.000Z,Japan,Kansai,JP-KN,119.0,165.0,,47.0,,False,
2025-03-22T05:00:00.000Z,Japan,Kansai,JP-KN,122.0,169.0,,45.0,,False,
2025-03-22T06:00:00.000Z,Japan,Kansai,JP-KN,142.0,191.0,,39.0,,False,
2025-03-22T07:00:00.000Z,Japan,Kansai,JP-KN,214.0,266.0,,28.0,,False,
2025-03-22T08:00:00.000Z,Japan,Kansai,JP-KN,284.0,340.0,,18.0,,False,
2025-03-22T09:00:00.000Z,Japan,Kansai,JP-KN,285.0,339.0,,20.0,,False,
2025-03-22T10:00:00.000Z,Japan,Kansai,JP-KN,292.0,346.0,,20.0,,False,
2025-03-22T11:00:00.000Z,Japan,Kansai,JP-KN,301.0,356.0,,17.0,,False,
2025-03-22T12:00:00.000Z,Japan,Kansai,JP-KN,301.0,356.0,,16.0,,False,
2025-03-22T13:00:00.000Z,Japan,Kansai,JP-KN,303.0,359.0,,12.0,,False,
2025-03-22T14:00:00.000Z,Japan,Kansai,JP-KN,304.0,361.0,,11.0,,False,
2025-03-22T15:00:00.000Z,Japan,Kansai,JP-KN,300.0,356.0,,11.0,,False,
2025-03-22T16:00:00.000Z,Japan,Kansai,JP-KN,299.0,354.0,,11.0,,False,
2025-03-22T17:00:00.000Z,Japan,Kansai,JP-KN,292.0,349.0,,13.0,,False,
2025-03-22T18:00:00.000Z,Japan,Kansai,JP-KN,295.0,350.0,,14.0,,False,
2025-03-22T19:00:00.000Z,Japan,Kansai,JP-KN,299.0,355.0,,12.0,,False,
2025-03-22T20:00:00.000Z,Japan,Kansai,JP-KN,295.0,351.0,,12.0,,False,
2025-03-22T21:00:00.000Z,Japan,Kansai,JP-KN,270.0,323.0,,16.0,,False,
2025-03-22T22:00:00.000Z,Japan,Kansai,JP-KN,239.0,289.0,,23.0,,False,
2025-03-22T23:00:00.000Z,Japan,Kansai,JP-KN,170.0,218.0,,34.0,,False,
2025-03-23T00:00:00.000Z,Japan,Kansai,JP-KN,122.0,168.0,,44.0,,False,
2025-03-23T01:00:00.000Z,Japan,Kansai,JP-KN,125.0,171.0,,43.0,,False,
2025-03-23T02:00:00.000Z,Japan,Kansai,JP-KN,126.0,173.0,,44.0,,False,
2025-03-23T03:00:00.000Z,Japan,Kansai,JP-KN,129.0,176.0,,43.0,,False,
2025-03-23T04:00:00.000Z,Japan,Kansai,JP-KN,131.0,178.0,,42.0,,False,
2025-03-23T05:00:00.000Z,Japan,Kansai,JP-KN,132.0,180.0,,42.0,,False,
2025-03-23T06:00:00.000Z,Japan,Kansai,JP-KN,146.0,194.0,,38.0,,False,
2025-03-23T07:00:00.000Z,Japan,Kansai,JP-KN,201.0,250.0,,29.0,,False,
2025-03-23T08:00:00.000Z,Japan,Kansai,JP-KN,260.0,312.0,,21.0,,False,
2025-03-23T09:00:00.000Z,Japan,Kansai,JP-KN,291.0,345.0,,17.0,,False,
2025-03-23T10:00:00.000Z,Japan,Kansai,JP-KN,300.0,357.0,,15.0,,False,
2025-03-23T11:00:00.000Z,Japan,Kansai,JP-KN,305.0,361.0,,15.0,,False,
2025-03-23T12:00:00.000Z,Japan,Kansai,JP-KN,308.0,364.0,,13.0,,False,
2025-03-23T13:00:00.000Z,Japan,Kansai,JP-KN,307.0,364.0,,12.0,,False,
2025-03-23T14:00:00.000Z,Japan,Kansai,JP-KN,308.0,367.0,,10.0,,False,
2025-03-23T15:00:00.000Z,Japan,Kansai,JP-KN,305.0,365.0,,8.0,,False,
2025-03-23T16:00:00.000Z,Japan,Kansai,JP-KN,306.0,366.0,,8.0,,False,
2025-03-23T17:00:00.000Z,Japan,Kansai,JP-KN,308.0,370.0,,8.0,,False,
2025-03-23T18:00:00.000Z,Japan,Kansai,JP-KN,309.0,373.0,,8.0,,False,
2025-03-23T19:00:00.000Z,Japan,Kansai,JP-KN,306.0,371.0,,8.0,,False,
2025-03-23T20:00:00.000Z,Japan,Kansai,JP-KN,303.0,364.0,,10.0,,False,
2025-03-23T21:00:00.000Z,Japan,Kansai,JP-KN,305.0,365.0,,11.0,,False,
2025-03-23T22:00:00.000Z,Japan,Kansai,JP-KN,296.0,355.0,,16.0,,False,
2025-03-23T23:00:00.000Z,Japan,Kansai,JP-KN,269.0,327.0,,23.0,,False,
2025-03-24T00:00:00.000Z,Japan,Kansai,JP-KN,241.0,296.0,,30.0,,False,
2025-03-24T01:00:00.000Z,Japan,Kansai,JP-KN,233.0,288.0,,33.0,,False,
2025-03-24T02:00:00.000Z,Japan,Kansai,JP-KN,220.0,274.0,,36.0,,False,
2025-03-24T03:00:00.000Z,Japan,Kansai,JP-KN,206.0,258.0,,38.0,,False,
2025-03-24T04:00:00.000Z,Japan,Kansai,JP-KN,217.0,271.0,,34.0,,False,
2025-03-24T05:00:00.000Z,Japan,Kansai,JP-KN,234.0,290.0,,30.0,,False,
2025-03-24T06:00:00.000Z,Japan,Kansai,JP-KN,256.0,315.0,,25.0,,False,
2025-03-24T07:00:00.000Z,Japan,Kansai,JP-KN,274.0,334.0,,21.0,,False,
2025-03-24T08:00:00.000Z,Japan,Kansai,JP-KN,286.0,345.0,,19.0,,False,
2025-03-24T09:00:00.000Z,Japan,Kansai,JP-KN,286.0,345.0,,19.0,,False,
2025-03-24T10:00:00.000Z,Japan,Kansai,JP-KN,286.0,344.0,,19.0,,False,
2025-03-24T11:00:00.000Z,Japan,Kansai,JP-KN,286.0,343.0,,19.0,,False,
2025-03-24T12:00:00.000Z,Japan,Kansai,JP-KN,288.0,345.0,,17.0,,False,
2025-03-24T13:00:00.000Z,Japan,Kansai,JP-KN,283.0,340.0,,17.0,,False,
2025-03-24T14:00:00.000Z,Japan,Kansai,JP-KN,283.0,340.0,,16.0,,False,
2025-03-24T15:00:00.000Z,Japan,Kansai,JP-KN,283.0,340.0,,15.0,,False,
2025-03-24T16:00:00.000Z,Japan,Kansai,JP-KN,283.0,340.0,,14.0,,False,
2025-03-24T17:00:00.000Z,Japan,Kansai,JP-KN,283.0,341.0,,14.0,,False,
2025-03-24T18:00:00.000Z,Japan,Kansai,JP-KN,288.0,346.0,,14.0,,False,
2025-03-24T19:00:00.000Z,Japan,Kansai,JP-KN,289.0,348.0,,14.0,,False,
2025-03-24T20:00:00.000Z,Japan,Kansai,JP-KN,291.0,349.0,,15.0,,False,
2025-03-24T21:00:00.000Z,Japan,Kansai,JP-KN,285.0,343.0,,15.0,,False,
2025-03-24T22:00:00.000Z,Japan,Kansai,JP-KN,256.0,313.0,,22.0,,False,
2025-03-24T23:00:00.000Z,Japan,Kansai,JP-KN,222.0,279.0,,30.0,,False,
2025-03-25T00:00:00.000Z,Japan,Kansai,JP-KN,193.0,246.0,,38.0,,False,
2025-03-25T01:00:00.000Z,Japan,Kansai,JP-KN,171.0,220.0,,43.0,,False,
2025-03-25T02:00:00.000Z,Japan,Kansai,JP-KN,144.0,191.0,,48.0,,False,
2025-03-25T03:00:00.000Z,Japan,Kansai,JP-KN,119.0,165.0,,51.0,,False,
2025-03-25T04:00:00.000Z,Japan,Kansai,JP-KN,125.0,173.0,,49.0,,False,
2025-03-25T05:00:00.000Z,Japan,Kansai,JP-KN,154.0,204.0,,44.0,,False,
2025-03-25T06:00:00.000Z,Japan,Kansai,JP-KN,195.0,250.0,,35.0,,False,
2025-03-25T07:00:00.000Z,Japan,Kansai,JP-KN,222.0,280.0,,28.0,,False,
2025-03-25T08:00:00.000Z,Japan,Kansai,JP-KN,258.0,317.0,,22.0,,False,
2025-03-25T09:00:00.000Z,Japan,Kansai,JP-KN,280.0,341.0,,19.0,,False,
2025-03-25T10:00:00.000Z,Japan,Kansai,JP-KN,291.0,353.0,,17.0,,False,
2025-03-25T11:00:00.000Z,Japan,Kansai,JP-KN,303.0,365.0,,15.0,,False,
2025-03-25T12:00:00.000Z,Japan,Kansai,JP-KN,303.0,365.0,,15.0,,False,
2025-03-25T13:00:00.000Z,Japan,Kansai,JP-KN,298.0,360.0,,14.0,,False,
2025-03-25T14:00:00.000Z,Japan,Kansai,JP-KN,303.0,364.0,,13.0,,False,
2025-03-25T15:00:00.000Z,Japan,Kansai,JP-KN,297.0,360.0,,11.0,,False,
2025-03-25T16:00:00.000Z,Japan,Kansai,JP-KN,295.0,357.0,,12.0,,False,
2025-03-25T17:00:00.000Z,Japan,Kansai,JP-KN,296.0,361.0,,11.0,,False,
2025-03-25T18:00:00.000Z,Japan,Kansai,JP-KN,295.0,360.0,,11.0,,False,
2025-03-25T19:00:00.000Z,Japan,Kansai,JP-KN,295.0,358.0,,12.0,,False,
2025-03-25T20:00:00.000Z,Japan,Kansai,JP-KN,295.0,354.0,,13.0,,False,
2025-03-25T21:00:00.000Z,Japan,Kansai,JP-KN,282.0,342.0,,15.0,,False,
2025-03-25T22:00:00.000Z,Japan,Kansai,JP-KN,235.0,293.0,,23.0,,False,
2025-03-25T23:00:00.000Z,Japan,Kansai,JP-KN,199.0,254.0,,33.0,,False,
2025-03-26T00:00:00.000Z,Japan,Kansai,JP-KN,168.0,219.0,,42.0,,False,
2025-03-26T01:00:00.000Z,Japan,Kansai,JP-KN,158.0,209.0,,45.0,,False,
2025-03-26T02:00:00.000Z,Japan,Kansai,JP-KN,149.0,198.0,,48.0,,False,
2025-03-26T03:00:00.000Z,Japan,Kansai,JP-KN,136.0,183.0,,50.0,,False,
2025-03-26T04:00:00.000Z,Japan,Kansai,JP-KN,140.0,188.0,,48.0,,False,
2025-03-26T05:00:00.000Z,Japan,Kansai,JP-KN,166.0,217.0,,43.0,,False,
2025-03-26T06:00:00.000Z,Japan,Kansai,JP-KN,200.0,254.0,,36.0,,False,
2025-03-26T07:00:00.000Z,Japan,Kansai,JP-KN,231.0,288.0,,28.0,,False,
2025-03-26T08:00:00.000Z,Japan,Kansai,JP-KN,278.0,337.0,,21.0,,False,
2025-03-26T09:00:00.000Z,Japan,Kansai,JP-KN,287.0,348.0,,19.0,,False,
2025-03-26T10:00:00.000Z,Japan,Kansai,JP-KN,288.0,348.0,,19.0,,False,
2025-03-26T11:00:00.000Z,Japan,Kansai,JP-KN,291.0,350.0,,18.0,,False,
2025-03-26T12:00:00.000Z,Japan,Kansai,JP-KN,288.0,347.0,,17.0,,False,
2025-03-26T13:00:00.000Z,Japan,Kansai,JP-KN,284.0,344.0,,16.0,,False,
2025-03-26T14:00:00.000Z,Japan,Kansai,JP-KN,294.0,356.0,,13.0,,False,
2025-03-26T15:00:00.000Z,Japan,Kansai,JP-KN,289.0,352.0,,13.0,,False,
2025-03-26T16:00:00.000Z,Japan,Kansai,JP-KN,285.0,347.0,,13.0,,False,
2025-03-26T17:00:00.000Z,Japan,Kansai,JP-KN,288.0,351.0,,13.0,,False,
2025-03-26T18:00:00.000Z,Japan,Kansai,JP-KN,292.0,357.0,,12.0,,False,
2025-03-26T19:00:00.000Z,Japan,Kansai,JP-KN,293.0,358.0,,12.0,,False,
2025-03-26T20:00:00.000Z,Japan,Kansai,JP-KN,292.0,354.0,,13.0,,False,
2025-03-26T21:00:00.000Z,Japan,Kansai,JP-KN,287.0,346.0,,15.0,,False,
2025-03-26T22:00:00.000Z,Japan,Kansai,JP-KN,264.0,322.0,,21.0,,False,
2025-03-26T23:00:00.000Z,Japan,Kansai,JP-KN,242.0,300.0,,28.0,,False,
2025-03-27T00:00:00.000Z,Japan,Kansai,JP-KN,219.0,273.0,,34.0,,False,
2025-03-27T01:00:00.000Z,Japan,Kansai,JP-KN,208.0,260.0,,37.0,,False,
2025-03-27T02:00:00.000Z,Japan,Kansai,JP-KN,220.0,275.0,,34.0,,False,
2025-03-27T03:00:00.000Z,Japan,Kansai,JP-KN,243.0,297.0,,30.0,,False,
2025-03-27T04:00:00.000Z,Japan,Kansai,JP-KN,253.0,309.0,,29.0,,False,
2025-03-27T05:00:00.000Z,Japan,Kansai,JP-KN,258.0,315.0,,26.0,,False,
2025-03-27T06:00:00.000Z,Japan,Kansai,JP-KN,263.0,321.0,,24.0,,False,
2025-03-27T07:00:00.000Z,Japan,Kansai,JP-KN,271.0,332.0,,23.0,,False,
2025-03-27T08:00:00.000Z,Japan,Kansai,JP-KN,286.0,348.0,,19.0,,False,
2025-03-27T09:00:00.000Z,Japan,Kansai,JP-KN,286.0,348.0,,19.0,,False,
2025-03-27T10:00:00.000Z,Japan,Kansai,JP-KN,285.0,346.0,,18.0,,False,
2025-03-27T11:00:00.000Z,Japan,Kansai,JP-KN,284.0,345.0,,18.0,,False,
2025-03-27T12:00:00.000Z,Japan,Kansai,JP-KN,283.0,343.0,,18.0,,False,
2025-03-27T13:00:00.000Z,Japan,Kansai,JP-KN,281.0,341.0,,17.0,,False,
2025-03-27T14:00:00.000Z,Japan,Kansai,JP-KN,281.0,341.0,,17.0,,False,
2025-03-27T15:00:00.000Z,Japan,Kansai,JP-KN,279.0,339.0,,15.0,,False,
2025-03-27T16:00:00.000Z,Japan,Kansai,JP-KN,279.0,340.0,,14.0,,False,
2025-03-27T17:00:00.000Z,Japan,Kansai,JP-KN,281.0,342.0,,14.0,,False,
2025-03-27T18:00:00.000Z,Japan,Kansai,JP-KN,277.0,339.0,,14.0,,False,
2025-03-27T19:00:00.000Z,Japan,Kansai,JP-KN,277.0,338.0,,15.0,,False,
2025-03-27T20:00:00.000Z,Japan,Kansai,JP-KN,280.0,339.0,,16.0,,False,
2025-03-27T21:00:00.000Z,Japan,Kansai,JP-KN,274.0,330.0,,18.0,,False,
2025-03-27T22:00:00.000Z,Japan,Kansai,JP-KN,267.0,324.0,,22.0,,False,
2025-03-27T23:00:00.000Z,Japan,Kansai,JP-KN,255.0,312.0,,27.0,,False,
2025-03-28T00:00:00.000Z,Japan,Kansai,JP-KN,240.0,294.0,,30.0,,False,
2025-03-28T01:00:00.000Z,Japan,Kansai,JP-KN,237.0,288.0,,31.0,,False,
2025-03-28T02:00:00.000Z,Japan,Kansai,JP-KN,224.0,274.0,,34.0,,False,
2025-03-28T03:00:00.000Z,Japan,Kansai,JP-KN,222.0,274.0,,34.0,,False,
2025-03-28T04:00:00.000Z,Japan,Kansai,JP-KN,233.0,288.0,,31.0,,False,
2025-03-28T05:00:00.000Z,Japan,Kansai,JP-KN,244.0,300.0,,28.0,,False,
2025-03-28T06:00:00.000Z,Japan,Kansai,JP-KN,258.0,316.0,,24.0,,False,
2025-03-28T07:00:00.000Z,Japan,Kansai,JP-KN,263.0,322.0,,24.0,,False,
2025-03-28T08:00:00.000Z,Japan,Kansai,JP-KN,253.0,310.0,,26.0,,False,
2025-03-28T09:00:00.000Z,Japan,Kansai,JP-KN,263.0,322.0,,24.0,,False,
2025-03-28T10:00:00.000Z,Japan,Kansai,JP-KN,269.0,328.0,,22.0,,False,
2025-03-28T11:00:00.000Z,Japan,Kansai,JP-KN,274.0,335.0,,20.0,,False,
2025-03-28T12:00:00.000Z,Japan,Kansai,JP-KN,272.0,332.0,,20.0,,False,
2025-03-28T13:00:00.000Z,Japan,Kansai,JP-KN,269.0,328.0,,20.0,,False,
2025-03-28T14:00:00.000Z,Japan,Kansai,JP-KN,269.0,326.0,,19.0,,False,
2025-03-28T15:00:00.000Z,Japan,Kansai,JP-KN,268.0,322.0,,19.0,,False,
2025-03-28T16:00:00.000Z,Japan,Kansai,JP-KN,275.0,330.0,,18.0,,False,
2025-03-28T17:00:00.000Z,Japan,Kansai,JP-KN,283.0,338.0,,17.0,,False,
2025-03-28T18:00:00.000Z,Japan,Kansai,JP-KN,285.0,342.0,,17.0,,False,
2025-03-28T19:00:00.000Z,Japan,Kansai,JP-KN,284.0,342.0,,16.0,,False,
2025-03-28T20:00:00.000Z,Japan,Kansai,JP-KN,263.0,320.0,,18.0,,False,
2025-03-28T21:00:00.000Z,Japan,Kansai,JP-KN,251.0,305.0,,21.0,,False,
2025-03-28T22:00:00.000Z,Japan,Kansai,JP-KN,230.0,283.0,,25.0,,False,
2025-03-28T23:00:00.000Z,Japan,Kansai,JP-KN,170.0,224.0,,36.0,,False,
2025-03-29T00:00:00.000Z,Japan,Kansai,JP-KN,123.0,170.0,,47.0,,False,
2025-03-29T01:00:00.000Z,Japan,Kansai,JP-KN,101.0,147.0,,52.0,,False,
2025-03-29T02:00:00.000Z,Japan,Kansai,JP-KN,108.0,155.0,,51.0,,False,
2025-03-29T03:00:00.000Z,Japan,Kansai,JP-KN,105.0,152.0,,51.0,,False,
2025-03-29T04:00:00.000Z,Japan,Kansai,JP-KN,111.0,159.0,,49.0,,False,
2025-03-29T05:00:00.000Z,Japan,Kansai,JP-KN,124.0,173.0,,45.0,,False,
2025-03-29T06:00:00.000Z,Japan,Kansai,JP-KN,160.0,211.0,,36.0,,False,
2025-03-29T07:00:00.000Z,Japan,Kansai,JP-KN,232.0,286.0,,26.0,,False,
2025-03-29T08:00:00.000Z,Japan,Kansai,JP-KN,279.0,336.0,,20.0,,False,
2025-03-29T09:00:00.000Z,Japan,Kansai,JP-KN,280.0,338.0,,19.0,,False,
2025-03-29T10:00:00.000Z,Japan,Kansai,JP-KN,276.0,334.0,,20.0,,False,
2025-03-29T11:00:00.000Z,Japan,Kansai,JP-KN,282.0,341.0,,19.0,,False,
2025-03-29T12:00:00.000Z,Japan,Kansai,JP-KN,285.0,344.0,,18.0,,False,
2025-03-29T13:00:00.000Z,Japan,Kansai,JP-KN,279.0,335.0,,19.0,,False,
2025-03-29T14:00:00.000Z,Japan,Kansai,JP-KN,274.0,329.0,,19.0,,False,
2025-03-29T15:00:00.000Z,Japan,Kansai,JP-KN,279.0,336.0,,16.0,,False,
2025-03-29T16:00:00.000Z,Japan,Kansai,JP-KN,274.0,329.0,,16.0,,False,
2025-03-29T17:00:00.000Z,Japan,Kansai,JP-KN,271.0,325.0,,18.0,,False,
2025-03-29T18:00:00.000Z,Japan,Kansai,JP-KN,259.0,312.0,,21.0,,False,
2025-03-29T19:00:00.000Z,Japan,Kansai,JP-KN,261.0,314.0,,21.0,,False,
2025-03-29T20:00:00.000Z,Japan,Kansai,JP-KN,256.0,310.0,,21.0,,False,
2025-03-29T21:00:00.000Z,Japan,Kansai,JP-KN,249.0,303.0,,20.0,,False,
2025-03-29T22:00:00.000Z,Japan,Kansai,JP-KN,215.0,267.0,,26.0,,False,
2025-03-29T23:00:00.000Z,Japan,Kansai,JP-KN,160.0,211.0,,36.0,,False,
2025-03-30T00:00:00.000Z,Japan,Kansai,JP-KN,126.0,175.0,,43.0,,False,
2025-03-30T01:00:00.000Z,Japan,Kansai,JP-KN,125.0,172.0,,44.0,,False,
2025-03-30T02:00:00.000Z,Japan,Kansai,JP-KN,135.0,183.0,,42.0,,False,
2025-03-30T03:00:00.000Z,Japan,Kansai,JP-KN,135.0,182.0,,42.0,,False,
2025-03-30T04:00:00.000Z,Japan,Kansai,JP-KN,138.0,186.0,,42.0,,False,
2025-03-30T05:00:00.000Z,Japan,Kansai,JP-KN,138.0,185.0,,41.0,,False,
2025-03-30T06:00:00.000Z,Japan,Kansai,JP-KN,154.0,205.0,,36.0,,False,
2025-03-30T07:00:00.000Z,Japan,Kansai,JP-KN,188.0,242.0,,28.0,,False,
2025-03-30T08:00:00.000Z,Japan,Kansai,JP-KN,249.0,306.0,,21.0,,False,
2025-03-30T09:00:00.000Z,Japan,Kansai,JP-KN,275.0,333.0,,19.0,,False,
2025-03-30T10:00:00.000Z,Japan,Kansai,JP-KN,275.0,337.0,,19.0,,False,
2025-03-30T11:00:00.000Z,Japan,Kansai,JP-KN,276.0,339.0,,17.0,,False,
2025-03-30T12:00:00.000Z,Japan,Kansai,JP-KN,279.0,342.0,,16.0,,False,
2025-03-30T13:00:00.000Z,Japan,Kansai,JP-KN,286.0,349.0,,15.0,,False,
2025-03-30T14:00:00.000Z,Japan,Kansai,JP-KN,285.0,347.0,,15.0,,False,
2025-03-30T15:00:00.000Z,Japan,Kansai,JP-KN,293.0,354.0,,14.0,,False,
2025-03-30T16:00:00.000Z,Japan,Kansai,JP-KN,291.0,353.0,,13.0,,False,
2025-03-30T17:00:00.000Z,Japan,Kansai,JP-KN,291.0,354.0,,13.0,,False,
2025-03-30T18:00:00.000Z,Japan,Kansai,JP-KN,293.0,357.0,,13.0,,False,
2025-03-30T19:00:00.000Z,Japan,Kansai,JP-KN,289.0,354.0,,14.0,,False,
2025-03-30T20:00:00.000Z,Japan,Kansai,JP-KN,287.0,352.0,,14.0,,False,
2025-03-30T21:00:00.000Z,Japan,Kansai,JP-KN,279.0,344.0,,16.0,,False,
2025-03-30T22:00:00.000Z,Japan,Kansai,JP-KN,255.0,317.0,,23.0,,False,
2025-03-30T23:00:00.000Z,Japan,Kansai,JP-KN,234.0,295.0,,31.0,,False,
2025-03-31T00:00:00.000Z,Japan,Kansai,JP-KN,209.0,264.0,,37.0,,False,
2025-03-31T01:00:00.000Z,Japan,Kansai,JP-KN,194.0,247.0,,41.0,,False,
2025-03-31T02:00:00.000Z,Japan,Kansai,JP-KN,179.0,232.0,,43.0,,False,
2025-03-31T03:00:00.000Z,Japan,Kansai,JP-KN,176.0,227.0,,44.0,,False,
2025-03-31T04:00:00.000Z,Japan,Kansai,JP-KN,200.0,253.0,,40.0,,False,
2025-03-31T05:00:00.000Z,Japan,Kansai,JP-KN,215.0,269.0,,37.0,,False,
2025-03-31T06:00:00.000Z,Japan,Kansai,JP-KN,224.0,280.0,,34.0,,False,
2025-03-31T07:00:00.000Z,Japan,Kansai,JP-KN,247.0,308.0,,27.0,,False,
2025-03-31T08:00:00.000Z,Japan,Kansai,JP-KN,279.0,346.0,,18.0,,False,
2025-03-31T09:00:00.000Z,Japan,Kansai,JP-KN,281.0,349.0,,18.0,,False,
2025-03-31T10:00:00.000Z,Japan,Kansai,JP-KN,284.0,351.0,,18.0,,False,
2025-03-31T11:00:00.000Z,Japan,Kansai,JP-KN,288.0,356.0,,17.0,,False,
2025-03-31T12:00:00.000Z,Japan,Kansai,JP-KN,291.0,360.0,,15.0,,False,
2025-03-31T13:00:00.000Z,Japan,Kansai,JP-KN,288.0,356.0,,15.0,,False,
2025-03-31T14:00:00.000Z,Japan,Kansai,JP-KN,286.0,354.0,,14.0,,False,
2025-03-31T15:00:00.000Z,Japan,Kansai,JP-KN,289.0,355.0,,13.0,,False,
2025-03-31T16:00:00.000Z,Japan,Kansai,JP-KN,290.0,355.0,,13.0,,False,
2025-03-31T17:00:00.000Z,Japan,Kansai,JP-KN,289.0,357.0,,12.0,,False,
2025-03-31T18:00:00.000Z,Japan,Kansai,JP-KN,290.0,358.0,,13.0,,False,
2025-03-31T19:00:00.000Z,Japan,Kansai,JP-KN,288.0,357.0,,12.0,,False,
2025-03-31T20:00:00.000Z,Japan,Kansai,JP-KN,290.0,361.0,,11.0,,False,
2025-03-31T21:00:00.000Z,Japan,Kansai,JP-KN,279.0,348.0,,14.0,,False,
2025-03-31T22:00:00.000Z,Japan,Kansai,JP-KN,265.0,333.0,,18.0,,False,
2025-03-31T23:00:00.000Z,Japan,Kansai,JP-KN,248.0,313.0,,25.0,,False,
2025-04-01T00:00:00.000Z,Japan,Kansai,JP-KN,232.0,295.0,,30.0,,False,
2025-04-01T01:00:00.000Z,Japan,Kansai,JP-KN,228.0,291.0,,30.0,,False,
2025-04-01T02:00:00.000Z,Japan,Kansai,JP-KN,226.0,290.0,,30.0,,False,
2025-04-01T03:00:00.000Z,Japan,Kansai,JP-KN,225.0,289.0,,30.0,,False,
2025-04-01T04:00:00.000Z,Japan,Kansai,JP-KN,235.0,300.0,,28.0,,False,
2025-04-01T05:00:00.000Z,Japan,Kansai,JP-KN,250.0,317.0,,25.0,,False,
2025-04-01T06:00:00.000Z,Japan,Kansai,JP-KN,268.0,335.0,,21.0,,False,
2025-04-01T07:00:00.000Z,Japan,Kansai,JP-KN,279.0,347.0,,18.0,,False,
2025-04-01T08:00:00.000Z,Japan,Kansai,JP-KN,269.0,336.0,,19.0,,False,
2025-04-01T09:00:00.000Z,Japan,Kansai,JP-KN,271.0,338.0,,20.0,,False,
2025-04-01T10:00:00.000Z,Japan,Kansai,JP-KN,273.0,341.0,,19.0,,False,
2025-04-01T11:00:00.000Z,Japan,Kansai,JP-KN,278.0,347.0,,18.0,,False,
2025-04-01T12:00:00.000Z,Japan,Kansai,JP-KN,292.0,363.0,,13.0,,False,
2025-04-01T13:00:00.000Z,Japan,Kansai,JP-KN,297.0,368.0,,12.0,,False,
2025-04-01T14:00:00.000Z,Japan,Kansai,JP-KN,298.0,368.0,,11.0,,False,
2025-04-01T15:00:00.000Z,Japan,Kansai,JP-KN,286.0,354.0,,12.0,,False,
2025-04-01T16:00:00.000Z,Japan,Kansai,JP-KN,283.0,350.0,,12.0,,False,
2025-04-01T17:00:00.000Z,Japan,Kansai,JP-KN,286.0,353.0,,12.0,,False,
2025-04-01T18:00:00.000Z,Japan,Kansai,JP-KN,288.0,358.0,,12.0,,False,
2025-04-01T19:00:00.000Z,Japan,Kansai,JP-KN,282.0,351.0,,13.0,,False,
2025-04-01T20:00:00.000Z,Japan,Kansai,JP-KN,274.0,342.0,,13.0,,False,
2025-04-01T21:00:00.000Z,Japan,Kansai,JP-KN,273.0,341.0,,15.0,,False,
2025-04-01T22:00:00.000Z,Japan,Kansai,JP-KN,265.0,333.0,,18.0,,False,
2025-04-01T23:00:00.000Z,Japan,Kansai,JP-KN,242.0,305.0,,25.0,,False,
2025-04-02T00:00:00.000Z,Japan,Kansai,JP-KN,233.0,294.0,,28.0,,False,
2025-04-02T01:00:00.000Z,Japan,Kansai,JP-KN,213.0,271.0,,33.0,,False,
2025-04-02T02:00:00.000Z,Japan,Kansai,JP-KN,216.0,275.0,,32.0,,False,
2025-04-02T03:00:00.000Z,Japan,Kansai,JP-KN,229.0,291.0,,28.0,,False,
2025-04-02T04:00:00.000Z,Japan,Kansai,JP-KN,236.0,297.0,,26.0,,False,
2025-04-02T05:00:00.000Z,Japan,Kansai,JP-KN,230.0,290.0,,27.0,,False,
2025-04-02T06:00:00.000Z,Japan,Kansai,JP-KN,238.0,300.0,,27.0,,False,
2025-04-02T07:00:00.000Z,Japan,Kansai,JP-KN,234.0,292.0,,28.0,,False,
2025-04-02T08:00:00.000Z,Japan,Kansai,JP-KN,250.0,312.0,,23.0,,False,
2025-04-02T09:00:00.000Z,Japan,Kansai,JP-KN,258.0,323.0,,21.0,,False,
2025-04-02T10:00:00.000Z,Japan,Kansai,JP-KN,251.0,315.0,,23.0,,False,
2025-04-02T11:00:00.000Z,Japan,Kansai,JP-KN,257.0,322.0,,21.0,,False,
2025-04-02T12:00:00.000Z,Japan,Kansai,JP-KN,262.0,327.0,,19.0,,False,
2025-04-02T13:00:00.000Z,Japan,Kansai,JP-KN,268.0,334.0,,17.0,,False,
2025-04-02T14:00:00.000Z,Japan,Kansai,JP-KN,264.0,327.0,,18.0,,False,
2025-04-02T15:00:00.000Z,Japan,Kansai,JP-KN,285.0,347.0,,14.0,,False,
2025-04-02T16:00:00.000Z,Japan,Kansai,JP-KN,288.0,352.0,,13.0,,False,
2025-04-02T17:00:00.000Z,Japan,Kansai,JP-KN,286.0,350.0,,13.0,,False,
2025-04-02T18:00:00.000Z,Japan,Kansai,JP-KN,283.0,351.0,,12.0,,False,
2025-04-02T19:00:00.000Z,Japan,Kansai,JP-KN,279.0,346.0,,13.0,,False,
2025-04-02T20:00:00.000Z,Japan,Kansai,JP-KN,273.0,340.0,,14.0,,False,
2025-04-02T21:00:00.000Z,Japan,Kansai,JP-KN,271.0,337.0,,16.0,,False,
2025-04-02T22:00:00.000Z,Japan,Kansai,JP-KN,252.0,315.0,,23.0,,False,
2025-04-02T23:00:00.000Z,Japan,Kansai,JP-KN,219.0,277.0,,34.0,,False,
2025-04-03T00:00:00.000Z,Japan,Kansai,JP-KN,202.0,259.0,,38.0,,False,
2025-04-03T01:00:00.000Z,Japan,Kansai,JP-KN,196.0,250.0,,39.0,,False,
2025-04-03T02:00:00.000Z,Japan,Kansai,JP-KN,189.0,243.0,,40.0,,False,
2025-04-03T03:00:00.000Z,Japan,Kansai,JP-KN,182.0,235.0,,41.0,,False,
2025-04-03T04:00:00.000Z,Japan,Kansai,JP-KN,188.0,242.0,,40.0,,False,
2025-04-03T05:00:00.000Z,Japan,Kansai,JP-KN,202.0,257.0,,37.0,,False,
2025-04-03T06:00:00.000Z,Japan,Kansai,JP-KN,221.0,278.0,,33.0,,False,
2025-04-03T07:00:00.000Z,Japan,Kansai,JP-KN,247.0,307.0,,27.0,,False,
2025-04-03T08:00:00.000Z,Japan,Kansai,JP-KN,266.0,329.0,,22.0,,False,
2025-04-03T09:00:00.000Z,Japan,Kansai,JP-KN,270.0,336.0,,20.0,,False,
2025-04-03T10:00:00.000Z,Japan,Kansai,JP-KN,270.0,336.0,,19.0,,False,
2025-04-03T11:00:00.000Z,Japan,Kansai,JP-KN,271.0,337.0,,18.0,,False,
2025-04-03T12:00:00.000Z,Japan,Kansai,JP-KN,277.0,345.0,,16.0,,False,
2025-04-03T13:00:00.000Z,Japan,Kansai,JP-KN,281.0,349.0,,15.0,,False,
2025-04-03T14:00:00.000Z,Japan,Kansai,JP-KN,278.0,346.0,,14.0,,False,
2025-04-03T15:00:00.000Z,Japan,Kansai,JP-KN,266.0,332.0,,14.0,,False,
2025-04-03T16:00:00.000Z,Japan,Kansai,JP-KN,260.0,326.0,,14.0,,False,
2025-04-03T17:00:00.000Z,Japan,Kansai,JP-KN,261.0,328.0,,14.0,,False,
2025-04-03T18:00:00.000Z,Japan,Kansai,JP-KN,259.0,326.0,,15.0,,False,
2025-04-03T19:00:00.000Z,Japan,Kansai,JP-KN,259.0,327.0,,15.0,,False,
2025-04-03T20:00:00.000Z,Japan,Kansai,JP-KN,259.0,326.0,,16.0,,False,
2025-04-03T21:00:00.000Z,Japan,Kansai,JP-KN,246.0,312.0,,18.0,,False,
2025-04-03T22:00:00.000Z,Japan,Kansai,JP-KN,215.0,275.0,,26.0,,False,
2025-04-03T23:00:00.000Z,Japan,Kansai,JP-KN,193.0,254.0,,33.0,,False,
2025-04-04T00:00:00.000Z,Japan,Kansai,JP-KN,159.0,213.0,,41.0,,False,
2025-04-04T01:00:00.000Z,Japan,Kansai,JP-KN,133.0,184.0,,47.0,,False,
2025-04-04T02:00:00.000Z,Japan,Kansai,JP-KN,120.0,170.0,,50.0,,False,
2025-04-04T03:00:00.000Z,Japan,Kansai,JP-KN,124.0,175.0,,50.0,,False,
2025-04-04T04:00:00.000Z,Japan,Kansai,JP-KN,124.0,175.0,,49.0,,False,
2025-04-04T05:00:00.000Z,Japan,Kansai,JP-KN,137.0,189.0,,46.0,,False,
2025-04-04T06:00:00.000Z,Japan,Kansai,JP-KN,166.0,220.0,,39.0,,False,
2025-04-04T07:00:00.000Z,Japan,Kansai,JP-KN,202.0,259.0,,32.0,,False,
2025-04-04T08:00:00.000Z,Japan,Kansai,JP-KN,239.0,303.0,,22.0,,False,
2025-04-04T09:00:00.000Z,Japan,Kansai,JP-KN,244.0,308.0,,21.0,,False,
2025-04-04T10:00:00.000Z,Japan,Kansai,JP-KN,238.0,300.0,,23.0,,False,
2025-04-04T11:00:00.000Z,Japan,Kansai,JP-KN,241.0,304.0,,22.0,,False,
2025-04-04T12:00:00.000Z,Japan,Kansai,JP-KN,240.0,303.0,,21.0,,False,
2025-04-04T13:00:00.000Z,Japan,Kansai,JP-KN,245.0,310.0,,18.0,,False,
2025-04-04T14:00:00.000Z,Japan,Kansai,JP-KN,246.0,311.0,,17.0,,False,
2025-04-04T15:00:00.000Z,Japan,Kansai,JP-KN,253.0,321.0,,14.0,,False,
2025-04-04T16:00:00.000Z,Japan,Kansai,JP-KN,261.0,330.0,,12.0,,False,
2025-04-04T17:00:00.000Z,Japan,Kansai,JP-KN,259.0,329.0,,11.0,,False,
2025-04-04T18:00:00.000Z,Japan,Kansai,JP-KN,254.0,325.0,,12.0,,False,
2025-04-04T19:00:00.000Z,Japan,Kansai,JP-KN,247.0,317.0,,13.0,,False,
2025-04-04T20:00:00.000Z,Japan,Kansai,JP-KN,247.0,318.0,,13.0,,False,
2025-04-04T21:00:00.000Z,Japan,Kansai,JP-KN,228.0,293.0,,16.0,,False,
2025-04-04T22:00:00.000Z,Japan,Kansai,JP-KN,198.0,256.0,,25.0,,False,
2025-04-04T23:00:00.000Z,Japan,Kansai,JP-KN,171.0,227.0,,35.0,,False,
2025-04-05T00:00:00.000Z,Japan,Kansai,JP-KN,126.0,177.0,,46.0,,False,
2025-04-05T01:00:00.000Z,Japan,Kansai,JP-KN,101.0,149.0,,51.0,,False,
2025-04-05T02:00:00.000Z,Japan,Kansai,JP-KN,95.0,143.0,,52.0,,False,
2025-04-05T03:00:00.000Z,Japan,Kansai,JP-KN,95.0,143.0,,51.0,,False,
2025-04-05T04:00:00.000Z,Japan,Kansai,JP-KN,98.0,145.0,,49.0,,False,
2025-04-05T05:00:00.000Z,Japan,Kansai,JP-KN,121.0,170.0,,44.0,,False,
2025-04-05T06:00:00.000Z,Japan,Kansai,JP-KN,157.0,210.0,,35.0,,False,
2025-04-05T07:00:00.000Z,Japan,Kansai,JP-KN,198.0,256.0,,25.0,,False,
2025-04-05T08:00:00.000Z,Japan,Kansai,JP-KN,205.0,265.0,,24.0,,False,
2025-04-05T09:00:00.000Z,Japan,Kansai,JP-KN,210.0,271.0,,23.0,,False,
2025-04-05T10:00:00.000Z,Japan,Kansai,JP-KN,213.0,274.0,,23.0,,False,
2025-04-05T11:00:00.000Z,Japan,Kansai,JP-KN,229.0,291.0,,22.0,,False,
2025-04-05T12:00:00.000Z,Japan,Kansai,JP-KN,244.0,306.0,,19.0,,False,
2025-04-05T13:00:00.000Z,Japan,Kansai,JP-KN,255.0,319.0,,16.0,,False,
2025-04-05T14:00:00.000Z,Japan,Kansai,JP-KN,253.0,316.0,,15.0,,False,
2025-04-05T15:00:00.000Z,Japan,Kansai,JP-KN,239.0,297.0,,17.0,,False,
2025-04-05T16:00:00.000Z,Japan,Kansai,JP-KN,231.0,288.0,,18.0,,False,
2025-04-05T17:00:00.000Z,Japan,Kansai,JP-KN,233.0,292.0,,18.0,,False,
2025-04-05T18:00:00.000Z,Japan,Kansai,JP-KN,241.0,302.0,,16.0,,False,
2025-04-05T19:00:00.000Z,Japan,Kansai,JP-KN,234.0,296.0,,16.0,,False,
2025-04-05T20:00:00.000Z,Japan,Kansai,JP-KN,229.0,290.0,,17.0,,False,
2025-04-05T21:00:00.000Z,Japan,Kansai,JP-KN,218.0,277.0,,18.0,,False,
2025-04-05T22:00:00.000Z,Japan,Kansai,JP-KN,188.0,245.0,,25.0,,False,
2025-04-05T23:00:00.000Z,Japan,Kansai,JP-KN,142.0,195.0,,35.0,,False,
2025-04-06T00:00:00.000Z,Japan,Kansai,JP-KN,109.0,159.0,,45.0,,False,
2025-04-06T01:00:00.000Z,Japan,Kansai,JP-KN,91.0,138.0,,49.0,,False,
2025-04-06T02:00:00.000Z,Japan,Kansai,JP-KN,87.0,133.0,,52.0,,False,
2025-04-06T03:00:00.000Z,Japan,Kansai,JP-KN,87.0,133.0,,52.0,,False,
2025-04-06T04:00:00.000Z,Japan,Kansai,JP-KN,92.0,139.0,,51.0,,False,
2025-04-06T05:00:00.000Z,Japan,Kansai,JP-KN,93.0,140.0,,49.0,,False,
2025-04-06T06:00:00.000Z,Japan,Kansai,JP-KN,112.0,162.0,,43.0,,False,
2025-04-06T07:00:00.000Z,Japan,Kansai,JP-KN,157.0,210.0,,32.0,,False,
2025-04-06T08:00:00.000Z,Japan,Kansai,JP-KN,218.0,277.0,,21.0,,False,
2025-04-06T09:00:00.000Z,Japan,Kansai,JP-KN,233.0,294.0,,19.0,,False,
2025-04-06T10:00:00.000Z,Japan,Kansai,JP-KN,233.0,294.0,,20.0,,False,
2025-04-06T11:00:00.000Z,Japan,Kansai,JP-KN,238.0,300.0,,19.0,,False,
2025-04-06T12:00:00.000Z,Japan,Kansai,JP-KN,239.0,302.0,,16.0,,False,
2025-04-06T13:00:00.000Z,Japan,Kansai,JP-KN,243.0,306.0,,16.0,,False,
2025-04-06T14:00:00.000Z,Japan,Kansai,JP-KN,241.0,301.0,,16.0,,False,
2025-04-06T15:00:00.000Z,Japan,Kansai,JP-KN,265.0,324.0,,14.0,,False,
2025-04-06T16:00:00.000Z,Japan,Kansai,JP-KN,265.0,324.0,,14.0,,False,
2025-04-06T17:00:00.000Z,Japan,Kansai,JP-KN,266.0,325.0,,14.0,,False,
2025-04-06T18:00:00.000Z,Japan,Kansai,JP-KN,260.0,321.0,,15.0,,False,
2025-04-06T19:00:00.000Z,Japan,Kansai,JP-KN,252.0,314.0,,16.0,,False,
2025-04-06T20:00:00.000Z,Japan,Kansai,JP-KN,250.0,312.0,,16.0,,False,
2025-04-06T21:00:00.000Z,Japan,Kansai,JP-KN,232.0,293.0,,19.0,,False,
2025-04-06T22:00:00.000Z,Japan,Kansai,JP-KN,204.0,263.0,,27.0,,False,
2025-04-06T23:00:00.000Z,Japan,Kansai,JP-KN,165.0,221.0,,37.0,,False,
2025-04-07T00:00:00.000Z,Japan,Kansai,JP-KN,132.0,184.0,,46.0,,False,
2025-04-07T01:00:00.000Z,Japan,Kansai,JP-KN,116.0,166.0,,51.0,,False,
2025-04-07T02:00:00.000Z,Japan,Kansai,JP-KN,107.0,156.0,,52.0,,False,
2025-04-07T03:00:00.000Z,Japan,Kansai,JP-KN,107.0,155.0,,52.0,,False,
2025-04-07T04:00:00.000Z,Japan,Kansai,JP-KN,114.0,164.0,,50.0,,False,
2025-04-07T05:00:00.000Z,Japan,Kansai,JP-KN,137.0,189.0,,45.0,,False,
2025-04-07T06:00:00.000Z,Japan,Kansai,JP-KN,171.0,227.0,,38.0,,False,
2025-04-07T07:00:00.000Z,Japan,Kansai,JP-KN,216.0,276.0,,28.0,,False,
2025-04-07T08:00:00.000Z,Japan,Kansai,JP-KN,244.0,307.0,,21.0,,False,
2025-04-07T09:00:00.000Z,Japan,Kansai,JP-KN,257.0,323.0,,18.0,,False,
2025-04-07T10:00:00.000Z,Japan,Kansai,JP-KN,254.0,318.0,,18.0,,False,
2025-04-07T11:00:00.000Z,Japan,Kansai,JP-KN,257.0,323.0,,16.0,,False,
2025-04-07T12:00:00.000Z,Japan,Kansai,JP-KN,258.0,323.0,,15.0,,False,
2025-04-07T13:00:00.000Z,Japan,Kansai,JP-KN,267.0,334.0,,15.0,,False,
2025-04-07T14:00:00.000Z,Japan,Kansai,JP-KN,274.0,342.0,,12.0,,False,
2025-04-07T15:00:00.000Z,Japan,Kansai,JP-KN,273.0,339.0,,12.0,,False,
2025-04-07T16:00:00.000Z,Japan,Kansai,JP-KN,270.0,335.0,,12.0,,False,
2025-04-07T17:00:00.000Z,Japan,Kansai,JP-KN,273.0,340.0,,12.0,,False,
2025-04-07T18:00:00.000Z,Japan,Kansai,JP-KN,269.0,337.0,,13.0,,False,
2025-04-07T19:00:00.000Z,Japan,Kansai,JP-KN,262.0,328.0,,14.0,,False,
2025-04-07T20:00:00.000Z,Japan,Kansai,JP-KN,262.0,329.0,,14.0,,False,
2025-04-07T21:00:00.000Z,Japan,Kansai,JP-KN,248.0,311.0,,16.0,,False,
2025-04-07T22:00:00.000Z,Japan,Kansai,JP-KN,235.0,296.0,,21.0,,False,
2025-04-07T23:00:00.000Z,Japan,Kansai,JP-KN,204.0,262.0,,30.0,,False,
2025-04-08T00:00:00.000Z,Japan,Kansai,JP-KN,176.0,230.0,,38.0,,False,
2025-04-08T01:00:00.000Z,Japan,Kansai,JP-KN,152.0,204.0,,44.0,,False,
2025-04-08T02:00:00.000Z,Japan,Kansai,JP-KN,139.0,189.0,,47.0,,False,
2025-04-08T03:00:00.000Z,Japan,Kansai,JP-KN,137.0,187.0,,48.0,,False,
2025-04-08T04:00:00.000Z,Japan,Kansai,JP-KN,151.0,203.0,,46.0,,False,
2025-04-08T05:00:00.000Z,Japan,Kansai,JP-KN,183.0,239.0,,39.0,,False,
2025-04-08T06:00:00.000Z,Japan,Kansai,JP-KN,221.0,282.0,,29.0,,False,
2025-04-08T07:00:00.000Z,Japan,Kansai,JP-KN,248.0,311.0,,22.0,,False,
2025-04-08T08:00:00.000Z,Japan,Kansai,JP-KN,253.0,315.0,,20.0,,False,
2025-04-08T09:00:00.000Z,Japan,Kansai,JP-KN,260.0,325.0,,19.0,,False,
2025-04-08T10:00:00.000Z,Japan,Kansai,JP-KN,255.0,320.0,,18.0,,False,
2025-04-08T11:00:00.000Z,Japan,Kansai,JP-KN,259.0,325.0,,16.0,,False,
2025-04-08T12:00:00.000Z,Japan,Kansai,JP-KN,263.0,330.0,,16.0,,False,
2025-04-08T13:00:00.000Z,Japan,Kansai,JP-KN,262.0,327.0,,16.0,,False,
2025-04-08T14:00:00.000Z,Japan,Kansai,JP-KN,262.0,325.0,,15.0,,False,
2025-04-08T15:00:00.000Z,Japan,Kansai,JP-KN,256.0,316.0,,16.0,,False,
2025-04-08T16:00:00.000Z,Japan,Kansai,JP-KN,251.0,311.0,,16.0,,False,
2025-04-08T17:00:00.000Z,Japan,Kansai,JP-KN,255.0,316.0,,16.0,,False,
2025-04-08T18:00:00.000Z,Japan,Kansai,JP-KN,261.0,325.0,,15.0,,False,
2025-04-08T19:00:00.000Z,Japan,Kansai,JP-KN,258.0,323.0,,15.0,,False,
2025-04-08T20:00:00.000Z,Japan,Kansai,JP-KN,257.0,322.0,,15.0,,False,
2025-04-08T21:00:00.000Z,Japan,Kansai,JP-KN,245.0,307.0,,18.0,,False,
2025-04-08T22:00:00.000Z,Japan,Kansai,JP-KN,214.0,272.0,,27.0,,False,
2025-04-08T23:00:00.000Z,Japan,Kansai,JP-KN,176.0,231.0,,37.0,,False,
2025-04-09T00:00:00.000Z,Japan,Kansai,JP-KN,148.0,199.0,,45.0,,False,
2025-04-09T01:00:00.000Z,Japan,Kansai,JP-KN,126.0,175.0,,50.0,,False,
2025-04-09T02:00:00.000Z,Japan,Kansai,JP-KN,123.0,172.0,,51.0,,False,
2025-04-09T03:00:00.000Z,Japan,Kansai,JP-KN,122.0,171.0,,51.0,,False,
2025-04-09T04:00:00.000Z,Japan,Kansai,JP-KN,130.0,181.0,,49.0,,False,
2025-04-09T05:00:00.000Z,Japan,Kansai,JP-KN,144.0,196.0,,45.0,,False,
2025-04-09T06:00:00.000Z,Japan,Kansai,JP-KN,175.0,230.0,,38.0,,False,
2025-04-09T07:00:00.000Z,Japan,Kansai,JP-KN,212.0,270.0,,30.0,,False,
2025-04-09T08:00:00.000Z,Japan,Kansai,JP-KN,237.0,297.0,,23.0,,False,
2025-04-09T09:00:00.000Z,Japan,Kansai,JP-KN,244.0,306.0,,21.0,,False,
2025-04-09T10:00:00.000Z,Japan,Kansai,JP-KN,240.0,300.0,,22.0,,False,
2025-04-09T11:00:00.000Z,Japan,Kansai,JP-KN,245.0,307.0,,21.0,,False,
2025-04-09T12:00:00.000Z,Japan,Kansai,JP-KN,248.0,310.0,,19.0,,False,
2025-04-09T13:00:00.000Z,Japan,Kansai,JP-KN,248.0,310.0,,18.0,,False,
2025-04-09T14:00:00.000Z,Japan,Kansai,JP-KN,251.0,313.0,,17.0,,False,
2025-04-09T15:00:00.000Z,Japan,Kansai,JP-KN,269.0,330.0,,13.0,,False,
2025-04-09T16:00:00.000Z,Japan,Kansai,JP-KN,272.0,333.0,,13.0,,False,
2025-04-09T17:00:00.000Z,Japan,Kansai,JP-KN,271.0,335.0,,12.0,,False,
2025-04-09T18:00:00.000Z,Japan,Kansai,JP-KN,270.0,336.0,,12.0,,False,
2025-04-09T19:00:00.000Z,Japan,Kansai,JP-KN,270.0,337.0,,11.0,,False,
2025-04-09T20:00:00.000Z,Japan,Kansai,JP-KN,271.0,338.0,,11.0,,False,
2025-04-09T21:00:00.000Z,Japan,Kansai,JP-KN,265.0,329.0,,14.0,,False,
2025-04-09T22:00:00.000Z,Japan,Kansai,JP-KN,252.0,313.0,,19.0,,False,
2025-04-09T23:00:00.000Z,Japan,Kansai,JP-KN,236.0,296.0,,25.0,,False,
2025-04-10T00:00:00.000Z,Japan,Kansai,JP-KN,216.0,274.0,,31.0,,False,
2025-04-10T01:00:00.000Z,Japan,Kansai,JP-KN,207.0,264.0,,34.0,,False,
2025-04-10T02:00:00.000Z,Japan,Kansai,JP-KN,193.0,250.0,,36.0,,False,
2025-04-10T03:00:00.000Z,Japan,Kansai,JP-KN,199.0,258.0,,34.0,,False,
2025-04-10T04:00:00.000Z,Japan,Kansai,JP-KN,210.0,268.0,,31.0,,False,
2025-04-10T05:00:00.000Z,Japan,Kansai,JP-KN,211.0,269.0,,33.0,,False,
2025-04-10T06:00:00.000Z,Japan,Kansai,JP-KN,239.0,301.0,,26.0,,False,
2025-04-10T07:00:00.000Z,Japan,Kansai,JP-KN,253.0,318.0,,21.0,,False,
2025-04-10T08:00:00.000Z,Japan,Kansai,JP-KN,262.0,328.0,,18.0,,False,
2025-04-10T09:00:00.000Z,Japan,Kansai,JP-KN,259.0,324.0,,19.0,,False,
2025-04-10T10:00:00.000Z,Japan,Kansai,JP-KN,256.0,319.0,,19.0,,False,
2025-04-10T11:00:00.000Z,Japan,Kansai,JP-KN,252.0,313.0,,19.0,,False,
2025-04-10T12:00:00.000Z,Japan,Kansai,JP-KN,259.0,322.0,,17.0,,False,
2025-04-10T13:00:00.000Z,Japan,Kansai,JP-KN,264.0,327.0,,16.0,,False,
2025-04-10T14:00:00.000Z,Japan,Kansai,JP-KN,261.0,322.0,,16.0,,False,
2025-04-10T15:00:00.000Z,Japan,Kansai,JP-KN,257.0,319.0,,14.0,,False,
2025-04-10T16:00:00.000Z,Japan,Kansai,JP-KN,256.0,317.0,,14.0,,False,
2025-04-10T17:00:00.000Z,Japan,Kansai,JP-KN,257.0,320.0,,14.0,,False,
2025-04-10T18:00:00.000Z,Japan,Kansai,JP-KN,257.0,323.0,,13.0,,False,
2025-04-10T19:00:00.000Z,Japan,Kansai,JP-KN,256.0,321.0,,14.0,,False,
2025-04-10T20:00:00.000Z,Japan,Kansai,JP-KN,246.0,308.0,,16.0,,False,
2025-04-10T21:00:00.000Z,Japan,Kansai,JP-KN,241.0,301.0,,19.0,,False,
2025-04-10T22:00:00.000Z,Japan,Kansai,JP-KN,229.0,288.0,,24.0,,False,
2025-04-10T23:00:00.000Z,Japan,Kansai,JP-KN,209.0,268.0,,30.0,,False,
2025-04-11T00:00:00.000Z,Japan,Kansai,JP-KN,190.0,247.0,,35.0,,False,
2025-04-11T01:00:00.000Z,Japan,Kansai,JP-KN,172.0,226.0,,40.0,,False,
2025-04-11T02:00:00.000Z,Japan,Kansai,JP-KN,159.0,210.0,,43.0,,False,
2025-04-11T03:00:00.000Z,Japan,Kansai,JP-KN,154.0,206.0,,44.0,,False,
2025-04-11T04:00:00.000Z,Japan,Kansai,JP-KN,159.0,211.0,,43.0,,False,
2025-04-11T05:00:00.000Z,Japan,Kansai,JP-KN,162.0,214.0,,42.0,,False,
2025-04-11T06:00:00.000Z,Japan,Kansai,JP-KN,182.0,236.0,,37.0,,False,
2025-04-11T07:00:00.000Z,Japan,Kansai,JP-KN,209.0,264.0,,32.0,,False,
2025-04-11T08:00:00.000Z,Japan,Kansai,JP-KN,245.0,305.0,,23.0,,False,
2025-04-11T09:00:00.000Z,Japan,Kansai,JP-KN,259.0,323.0,,19.0,,False,
2025-04-11T10:00:00.000Z,Japan,Kansai,JP-KN,253.0,316.0,,19.0,,False,
2025-04-11T11:00:00.000Z,Japan,Kansai,JP-KN,256.0,318.0,,18.0,,False,
2025-04-11T12:00:00.000Z,Japan,Kansai,JP-KN,257.0,320.0,,17.0,,False,
2025-04-11T13:00:00.000Z,Japan,Kansai,JP-KN,256.0,319.0,,17.0,,False,
2025-04-11T14:00:00.000Z,Japan,Kansai,JP-KN,249.0,311.0,,16.0,,False,
2025-04-11T15:00:00.000Z,Japan,Kansai,JP-KN,231.0,290.0,,18.0,,False,
2025-04-11T16:00:00.000Z,Japan,Kansai,JP-KN,226.0,284.0,,18.0,,False,
2025-04-11T17:00:00.000Z,Japan,Kansai,JP-KN,223.0,282.0,,18.0,,False,
2025-04-11T18:00:00.000Z,Japan,Kansai,JP-KN,220.0,281.0,,19.0,,False,
2025-04-11T19:00:00.000Z,Japan,Kansai,JP-KN,226.0,288.0,,18.0,,False,
2025-04-11T20:00:00.000Z,Japan,Kansai,JP-KN,217.0,279.0,,18.0,,False,
2025-04-11T21:00:00.000Z,Japan,Kansai,JP-KN,194.0,252.0,,22.0,,False,
2025-04-11T22:00:00.000Z,Japan,Kansai,JP-KN,156.0,210.0,,32.0,,False,
2025-04-11T23:00:00.000Z,Japan,Kansai,JP-KN,112.0,161.0,,42.0,,False,
2025-04-12T00:00:00.000Z,Japan,Kansai,JP-KN,85.0,131.0,,50.0,,False,
2025-04-12T01:00:00.000Z,Japan,Kansai,JP-KN,72.0,116.0,,53.0,,False,
2025-04-12T02:00:00.000Z,Japan,Kansai,JP-KN,71.0,116.0,,54.0,,False,
2025-04-12T03:00:00.000Z,Japan,Kansai,JP-KN,79.0,123.0,,52.0,,False,
2025-04-12T04:00:00.000Z,Japan,Kansai,JP-KN,92.0,138.0,,49.0,,False,
2025-04-12T05:00:00.000Z,Japan,Kansai,JP-KN,112.0,160.0,,42.0,,False,
2025-04-12T06:00:00.000Z,Japan,Kansai,JP-KN,139.0,189.0,,34.0,,False,
2025-04-12T07:00:00.000Z,Japan,Kansai,JP-KN,171.0,225.0,,26.0,,False,
2025-04-12T08:00:00.000Z,Japan,Kansai,JP-KN,207.0,263.0,,21.0,,False,
2025-04-12T09:00:00.000Z,Japan,Kansai,JP-KN,222.0,281.0,,20.0,,False,
2025-04-12T10:00:00.000Z,Japan,Kansai,JP-KN,215.0,272.0,,22.0,,False,
2025-04-12T11:00:00.000Z,Japan,Kansai,JP-KN,222.0,280.0,,21.0,,False,
2025-04-12T12:00:00.000Z,Japan,Kansai,JP-KN,230.0,287.0,,21.0,,False,
2025-04-12T13:00:00.000Z,Japan,Kansai,JP-KN,237.0,293.0,,19.0,,False,
2025-04-12T14:00:00.000Z,Japan,Kansai,JP-KN,252.0,310.0,,16.0,,False,
2025-04-12T15:00:00.000Z,Japan,Kansai,JP-KN,245.0,303.0,,15.0,,False,
2025-04-12T16:00:00.000Z,Japan,Kansai,JP-KN,241.0,298.0,,15.0,,False,
2025-04-12T17:00:00.000Z,Japan,Kansai,JP-KN,244.0,303.0,,15.0,,False,
2025-04-12T18:00:00.000Z,Japan,Kansai,JP-KN,241.0,302.0,,15.0,,False,
2025-04-12T19:00:00.000Z,Japan,Kansai,JP-KN,223.0,282.0,,18.0,,False,
2025-04-12T20:00:00.000Z,Japan,Kansai,JP-KN,215.0,271.0,,19.0,,False,
2025-04-12T21:00:00.000Z,Japan,Kansai,JP-KN,216.0,273.0,,18.0,,False,
2025-04-12T22:00:00.000Z,Japan,Kansai,JP-KN,213.0,271.0,,20.0,,False,
2025-04-12T23:00:00.000Z,Japan,Kansai,JP-KN,202.0,258.0,,25.0,,False,
2025-04-13T00:00:00.000Z,Japan,Kansai,JP-KN,199.0,255.0,,28.0,,False,
2025-04-13T01:00:00.000Z,Japan,Kansai,JP-KN,200.0,256.0,,27.0,,False,
2025-04-13T02:00:00.000Z,Japan,Kansai,JP-KN,196.0,253.0,,28.0,,False,
2025-04-13T03:00:00.000Z,Japan,Kansai,JP-KN,175.0,228.0,,33.0,,False,
2025-04-13T04:00:00.000Z,Japan,Kansai,JP-KN,171.0,225.0,,34.0,,False,
2025-04-13T05:00:00.000Z,Japan,Kansai,JP-KN,177.0,232.0,,32.0,,False,
2025-04-13T06:00:00.000Z,Japan,Kansai,JP-KN,184.0,240.0,,30.0,,False,
2025-04-13T07:00:00.000Z,Japan,Kansai,JP-KN,199.0,256.0,,27.0,,False,
2025-04-13T08:00:00.000Z,Japan,Kansai,JP-KN,215.0,275.0,,24.0,,False,
2025-04-13T09:00:00.000Z,Japan,Kansai,JP-KN,223.0,286.0,,19.0,,False,
2025-04-13T10:00:00.000Z,Japan,Kansai,JP-KN,221.0,284.0,,19.0,,False,
2025-04-13T11:00:00.000Z,Japan,Kansai,JP-KN,221.0,283.0,,20.0,,False,
2025-04-13T12:00:00.000Z,Japan,Kansai,JP-KN,230.0,293.0,,18.0,,False,
2025-04-13T13:00:00.000Z,Japan,Kansai,JP-KN,231.0,293.0,,18.0,,False,
2025-04-13T14:00:00.000Z,Japan,Kansai,JP-KN,224.0,284.0,,18.0,,False,
2025-04-13T15:00:00.000Z,Japan,Kansai,JP-KN,227.0,284.0,,18.0,,False,
2025-04-13T16:00:00.000Z,Japan,Kansai,JP-KN,231.0,289.0,,17.0,,False,
2025-04-13T17:00:00.000Z,Japan,Kansai,JP-KN,234.0,293.0,,17.0,,False,
2025-04-13T18:00:00.000Z,Japan,Kansai,JP-KN,229.0,290.0,,18.0,,False,
2025-04-13T19:00:00.000Z,Japan,Kansai,JP-KN,228.0,290.0,,18.0,,False,
2025-04-13T20:00:00.000Z,Japan,Kansai,JP-KN,228.0,290.0,,18.0,,False,
2025-04-13T21:00:00.000Z,Japan,Kansai,JP-KN,213.0,272.0,,23.0,,False,
2025-04-13T22:00:00.000Z,Japan,Kansai,JP-KN,194.0,249.0,,31.0,,False,
2025-04-13T23:00:00.000Z,Japan,Kansai,JP-KN,166.0,217.0,,40.0,,False,
2025-04-14T00:00:00.000Z,Japan,Kansai,JP-KN,140.0,189.0,,45.0,,False,
2025-04-14T01:00:00.000Z,Japan,Kansai,JP-KN,121.0,170.0,,47.0,,False,
2025-04-14T02:00:00.000Z,Japan,Kansai,JP-KN,115.0,164.0,,49.0,,False,
2025-04-14T03:00:00.000Z,Japan,Kansai,JP-KN,118.0,167.0,,48.0,,False,
2025-04-14T04:00:00.000Z,Japan,Kansai,JP-KN,122.0,172.0,,46.0,,False,
2025-04-14T05:00:00.000Z,Japan,Kansai,JP-KN,143.0,194.0,,41.0,,False,
2025-04-14T06:00:00.000Z,Japan,Kansai,JP-KN,177.0,233.0,,34.0,,False,
2025-04-14T07:00:00.000Z,Japan,Kansai,JP-KN,210.0,271.0,,26.0,,False,
2025-04-14T08:00:00.000Z,Japan,Kansai,JP-KN,226.0,289.0,,22.0,,False,
2025-04-14T09:00:00.000Z,Japan,Kansai,JP-KN,232.0,296.0,,20.0,,False,
2025-04-14T10:00:00.000Z,Japan,Kansai,JP-KN,232.0,297.0,,20.0,,False,
2025-04-14T11:00:00.000Z,Japan,Kansai,JP-KN,232.0,295.0,,21.0,,False,
2025-04-14T12:00:00.000Z,Japan,Kansai,JP-KN,237.0,302.0,,19.0,,False,
2025-04-14T13:00:00.000Z,Japan,Kansai,JP-KN,233.0,295.0,,19.0,,False,
2025-04-14T14:00:00.000Z,Japan,Kansai,JP-KN,234.0,294.0,,20.0,,False,
2025-04-14T15:00:00.000Z,Japan,Kansai,JP-KN,244.0,300.0,,20.0,,False,
2025-04-14T16:00:00.000Z,Japan,Kansai,JP-KN,247.0,304.0,,19.0,,False,
2025-04-14T17:00:00.000Z,Japan,Kansai,JP-KN,250.0,309.0,,18.0,,False,
2025-04-14T18:00:00.000Z,Japan,Kansai,JP-KN,249.0,311.0,,17.0,,False,
2025-04-14T19:00:00.000Z,Japan,Kansai,JP-KN,245.0,307.0,,18.0,,False,
2025-04-14T20:00:00.000Z,Japan,Kansai,JP-KN,237.0,299.0,,19.0,,False,
2025-04-14T21:00:00.000Z,Japan,Kansai,JP-KN,219.0,279.0,,23.0,,False,
2025-04-14T22:00:00.000Z,Japan,Kansai,JP-KN,190.0,245.0,,31.0,,False,
2025-04-14T23:00:00.000Z,Japan,Kansai,JP-KN,166.0,219.0,,38.0,,False,
2025-04-15T00:00:00.000Z,Japan,Kansai,JP-KN,151.0,201.0,,43.0,,False,
2025-04-15T01:00:00.000Z,Japan,Kansai,JP-KN,149.0,200.0,,45.0,,False,
2025-04-15T02:00:00.000Z,Japan,Kansai,JP-KN,156.0,207.0,,43.0,,False,
2025-04-15T03:00:00.000Z,Japan,Kansai,JP-KN,153.0,204.0,,42.0,,False,
2025-04-15T04:00:00.000Z,Japan,Kansai,JP-KN,162.0,212.0,,41.0,,False,
2025-04-15T05:00:00.000Z,Japan,Kansai,JP-KN,174.0,226.0,,39.0,,False,
2025-04-15T06:00:00.000Z,Japan,Kansai,JP-KN,197.0,252.0,,34.0,,False,
2025-04-15T07:00:00.000Z,Japan,Kansai,JP-KN,224.0,283.0,,28.0,,False,
2025-04-15T08:00:00.000Z,Japan,Kansai,JP-KN,239.0,300.0,,24.0,,False,
2025-04-15T09:00:00.000Z,Japan,Kansai,JP-KN,249.0,311.0,,20.0,,False,
2025-04-15T10:00:00.000Z,Japan,Kansai,JP-KN,251.0,313.0,,20.0,,False,
2025-04-15T11:00:00.000Z,Japan,Kansai,JP-KN,250.0,310.0,,20.0,,False,
2025-04-15T12:00:00.000Z,Japan,Kansai,JP-KN,251.0,312.0,,19.0,,False,
2025-04-15T13:00:00.000Z,Japan,Kansai,JP-KN,251.0,311.0,,19.0,,False,
2025-04-15T14:00:00.000Z,Japan,Kansai,JP-KN,248.0,308.0,,18.0,,False,
2025-04-15T15:00:00.000Z,Japan,Kansai,JP-KN,244.0,302.0,,19.0,,False,
2025-04-15T16:00:00.000Z,Japan,Kansai,JP-KN,253.0,313.0,,17.0,,False,
2025-04-15T17:00:00.000Z,Japan,Kansai,JP-KN,253.0,313.0,,17.0,,False,
2025-04-15T18:00:00.000Z,Japan,Kansai,JP-KN,242.0,302.0,,18.0,,False,
2025-04-15T19:00:00.000Z,Japan,Kansai,JP-KN,238.0,300.0,,18.0,,False,
2025-04-15T20:00:00.000Z,Japan,Kansai,JP-KN,234.0,295.0,,18.0,,False,
2025-04-15T21:00:00.000Z,Japan,Kansai,JP-KN,218.0,277.0,,22.0,,False,
2025-04-15T22:00:00.000Z,Japan,Kansai,JP-KN,194.0,249.0,,30.0,,False,
2025-04-15T23:00:00.000Z,Japan,Kansai,JP-KN,156.0,209.0,,39.0,,False,
2025-04-16T00:00:00.000Z,Japan,Kansai,JP-KN,127.0,177.0,,45.0,,False,
2025-04-16T01:00:00.000Z,Japan,Kansai,JP-KN,108.0,157.0,,50.0,,False,
2025-04-16T02:00:00.000Z,Japan,Kansai,JP-KN,92.0,138.0,,54.0,,False,
2025-04-16T03:00:00.000Z,Japan,Kansai,JP-KN,87.0,132.0,,55.0,,False,
2025-04-16T04:00:00.000Z,Japan,Kansai,JP-KN,93.0,140.0,,54.0,,False,
2025-04-16T05:00:00.000Z,Japan,Kansai,JP-KN,103.0,151.0,,51.0,,False,
2025-04-16T06:00:00.000Z,Japan,Kansai,JP-KN,128.0,179.0,,44.0,,False,
2025-04-16T07:00:00.000Z,Japan,Kansai,JP-KN,178.0,233.0,,35.0,,False,
2025-04-16T08:00:00.000Z,Japan,Kansai,JP-KN,214.0,270.0,,28.0,,False,
2025-04-16T09:00:00.000Z,Japan,Kansai,JP-KN,230.0,289.0,,24.0,,False,
2025-04-16T10:00:00.000Z,Japan,Kansai,JP-KN,233.0,291.0,,22.0,,False,
2025-04-16T11:00:00.000Z,Japan,Kansai,JP-KN,234.0,294.0,,21.0,,False,
2025-04-16T12:00:00.000Z,Japan,Kansai,JP-KN,245.0,306.0,,20.0,,False,
2025-04-16T13:00:00.000Z,Japan,Kansai,JP-KN,246.0,307.0,,19.0,,False,
2025-04-16T14:00:00.000Z,Japan,Kansai,JP-KN,246.0,306.0,,18.0,,False,
2025-04-16T15:00:00.000Z,Japan,Kansai,JP-KN,258.0,315.0,,17.0,,False,
2025-04-16T16:00:00.000Z,Japan,Kansai,JP-KN,252.0,309.0,,17.0,,False,
2025-04-16T17:00:00.000Z,Japan,Kansai,JP-KN,257.0,318.0,,16.0,,False,
2025-04-16T18:00:00.000Z,Japan,Kansai,JP-KN,261.0,324.0,,15.0,,False,
2025-04-16T19:00:00.000Z,Japan,Kansai,JP-KN,254.0,315.0,,17.0,,False,
2025-04-16T20:00:00.000Z,Japan,Kansai,JP-KN,250.0,311.0,,17.0,,False,
2025-04-16T21:00:00.000Z,Japan,Kansai,JP-KN,228.0,284.0,,22.0,,False,
2025-04-16T22:00:00.000Z,Japan,Kansai,JP-KN,196.0,249.0,,30.0,,False,
2025-04-16T23:00:00.000Z,Japan,Kansai,JP-KN,160.0,211.0,,40.0,,False,
2025-04-17T00:00:00.000Z,Japan,Kansai,JP-KN,136.0,186.0,,47.0,,False,
2025-04-17T01:00:00.000Z,Japan,Kansai,JP-KN,121.0,169.0,,51.0,,False,
2025-04-17T02:00:00.000Z,Japan,Kansai,JP-KN,121.0,170.0,,51.0,,False,
2025-04-17T03:00:00.000Z,Japan,Kansai,JP-KN,113.0,161.0,,51.0,,False,
2025-04-17T04:00:00.000Z,Japan,Kansai,JP-KN,118.0,167.0,,51.0,,False,
2025-04-17T05:00:00.000Z,Japan,Kansai,JP-KN,123.0,171.0,,48.0,,False,
2025-04-17T06:00:00.000Z,Japan,Kansai,JP-KN,152.0,205.0,,41.0,,False,
2025-04-17T07:00:00.000Z,Japan,Kansai,JP-KN,185.0,240.0,,34.0,,False,
2025-04-17T08:00:00.000Z,Japan,Kansai,JP-KN,218.0,276.0,,27.0,,False,
2025-04-17T09:00:00.000Z,Japan,Kansai,JP-KN,241.0,300.0,,23.0,,False,
2025-04-17T10:00:00.000Z,Japan,Kansai,JP-KN,251.0,310.0,,22.0,,False,
2025-04-17T11:00:00.000Z,Japan,Kansai,JP-KN,254.0,313.0,,21.0,,False,
2025-04-17T12:00:00.000Z,Japan,Kansai,JP-KN,259.0,318.0,,20.0,,False,
2025-04-17T13:00:00.000Z,Japan,Kansai,JP-KN,256.0,314.0,,19.0,,False,
2025-04-17T14:00:00.000Z,Japan,Kansai,JP-KN,265.0,323.0,,17.0,,False,
2025-04-17T15:00:00.000Z,Japan,Kansai,JP-KN,264.0,318.0,,18.0,,False,
2025-04-17T16:00:00.000Z,Japan,Kansai,JP-KN,263.0,317.0,,18.0,,False,
2025-04-17T17:00:00.000Z,Japan,Kansai,JP-KN,260.0,316.0,,18.0,,False,
2025-04-17T18:00:00.000Z,Japan,Kansai,JP-KN,255.0,314.0,,17.0,,False,
2025-04-17T19:00:00.000Z,Japan,Kansai,JP-KN,253.0,312.0,,17.0,,False,
2025-04-17T20:00:00.000Z,Japan,Kansai,JP-KN,250.0,308.0,,17.0,,False,
2025-04-17T21:00:00.000Z,Japan,Kansai,JP-KN,239.0,294.0,,21.0,,False,
2025-04-17T22:00:00.000Z,Japan,Kansai,JP-KN,227.0,282.0,,25.0,,False,
2025-04-17T23:00:00.000Z,Japan,Kansai,JP-KN,217.0,273.0,,31.0,,False,
2025-04-18T00:00:00.000Z,Japan,Kansai,JP-KN,188.0,240.0,,38.0,,False,
2025-04-18T01:00:00.000Z,Japan,Kansai,JP-KN,162.0,213.0,,43.0,,False,
2025-04-18T02:00:00.000Z,Japan,Kansai,JP-KN,150.0,200.0,,45.0,,False,
2025-04-18T03:00:00.000Z,Japan,Kansai,JP-KN,144.0,195.0,,45.0,,False,
2025-04-18T04:00:00.000Z,Japan,Kansai,JP-KN,139.0,190.0,,47.0,,False,
2025-04-18T05:00:00.000Z,Japan,Kansai,JP-KN,147.0,199.0,,45.0,,False,
2025-04-18T06:00:00.000Z,Japan,Kansai,JP-KN,166.0,221.0,,40.0,,False,
2025-04-18T07:00:00.000Z,Japan,Kansai,JP-KN,201.0,257.0,,34.0,,False,
2025-04-18T08:00:00.000Z,Japan,Kansai,JP-KN,220.0,275.0,,31.0,,False,
2025-04-18T09:00:00.000Z,Japan,Kansai,JP-KN,229.0,284.0,,29.0,,False,
2025-04-18T10:00:00.000Z,Japan,Kansai,JP-KN,230.0,285.0,,29.0,,False,
2025-04-18T11:00:00.000Z,Japan,Kansai,JP-KN,231.0,286.0,,28.0,,False,
2025-04-18T12:00:00.000Z,Japan,Kansai,JP-KN,228.0,282.0,,27.0,,False,
2025-04-18T13:00:00.000Z,Japan,Kansai,JP-KN,226.0,279.0,,26.0,,False,
2025-04-18T14:00:00.000Z,Japan,Kansai,JP-KN,228.0,284.0,,23.0,,False,
2025-04-18T15:00:00.000Z,Japan,Kansai,JP-KN,227.0,284.0,,20.0,,False,
2025-04-18T16:00:00.000Z,Japan,Kansai,JP-KN,221.0,279.0,,19.0,,False,
2025-04-18T17:00:00.000Z,Japan,Kansai,JP-KN,222.0,280.0,,19.0,,False,
2025-04-18T18:00:00.000Z,Japan,Kansai,JP-KN,230.0,291.0,,18.0,,False,
2025-04-18T19:00:00.000Z,Japan,Kansai,JP-KN,227.0,288.0,,18.0,,False,
2025-04-18T20:00:00.000Z,Japan,Kansai,JP-KN,218.0,276.0,,19.0,,False,
2025-04-18T21:00:00.000Z,Japan,Kansai,JP-KN,207.0,263.0,,22.0,,False,
2025-04-18T22:00:00.000Z,Japan,Kansai,JP-KN,168.0,223.0,,31.0,,False,
2025-04-18T23:00:00.000Z,Japan,Kansai,JP-KN,117.0,166.0,,43.0,,False,
2025-04-19T00:00:00.000Z,Japan,Kansai,JP-KN,92.0,138.0,,50.0,,False,
2025-04-19T01:00:00.000Z,Japan,Kansai,JP-KN,80.0,125.0,,54.0,,False,
2025-04-19T02:00:00.000Z,Japan,Kansai,JP-KN,77.0,122.0,,55.0,,False,
2025-04-19T03:00:00.000Z,Japan,Kansai,JP-KN,78.0,124.0,,55.0,,False,
2025-04-19T04:00:00.000Z,Japan,Kansai,JP-KN,83.0,130.0,,54.0,,False,
2025-04-19T05:00:00.000Z,Japan,Kansai,JP-KN,100.0,150.0,,50.0,,False,
2025-04-19T06:00:00.000Z,Japan,Kansai,JP-KN,123.0,175.0,,44.0,,False,
2025-04-19T07:00:00.000Z,Japan,Kansai,JP-KN,167.0,221.0,,35.0,,False,
2025-04-19T08:00:00.000Z,Japan,Kansai,JP-KN,209.0,265.0,,28.0,,False,
2025-04-19T09:00:00.000Z,Japan,Kansai,JP-KN,227.0,288.0,,23.0,,False,
2025-04-19T10:00:00.000Z,Japan,Kansai,JP-KN,230.0,291.0,,23.0,,False,
2025-04-19T11:00:00.000Z,Japan,Kansai,JP-KN,242.0,302.0,,21.0,,False,
2025-04-19T12:00:00.000Z,Japan,Kansai,JP-KN,245.0,304.0,,20.0,,False,
2025-04-19T13:00:00.000Z,Japan,Kansai,JP-KN,232.0,289.0,,20.0,,False,
2025-04-19T14:00:00.000Z,Japan,Kansai,JP-KN,227.0,284.0,,20.0,,False,
2025-04-19T15:00:00.000Z,Japan,Kansai,JP-KN,232.0,290.0,,18.0,,False,
2025-04-19T16:00:00.000Z,Japan,Kansai,JP-KN,234.0,292.0,,16.0,,False,
2025-04-19T17:00:00.000Z,Japan,Kansai,JP-KN,236.0,296.0,,16.0,,False,
2025-04-19T18:00:00.000Z,Japan,Kansai,JP-KN,240.0,301.0,,16.0,,False,
2025-04-19T19:00:00.000Z,Japan,Kansai,JP-KN,233.0,294.0,,17.0,,False,
2025-04-19T20:00:00.000Z,Japan,Kansai,JP-KN,217.0,273.0,,20.0,,False,
2025-04-19T21:00:00.000Z,Japan,Kansai,JP-KN,216.0,269.0,,20.0,,False,
2025-04-19T22:00:00.000Z,Japan,Kansai,JP-KN,196.0,249.0,,24.0,,False,
2025-04-19T23:00:00.000Z,Japan,Kansai,JP-KN,184.0,235.0,,29.0,,False,
2025-04-20T00:00:00.000Z,Japan,Kansai,JP-KN,165.0,214.0,,34.0,,False,
2025-04-20T01:00:00.000Z,Japan,Kansai,JP-KN,160.0,208.0,,37.0,,False,
2025-04-20T02:00:00.000Z,Japan,Kansai,JP-KN,151.0,198.0,,40.0,,False,
2025-04-20T03:00:00.000Z,Japan,Kansai,JP-KN,143.0,190.0,,41.0,,False,
2025-04-20T04:00:00.000Z,Japan,Kansai,JP-KN,144.0,192.0,,40.0,,False,
2025-04-20T05:00:00.000Z,Japan,Kansai,JP-KN,160.0,212.0,,36.0,,False,
2025-04-20T06:00:00.000Z,Japan,Kansai,JP-KN,179.0,234.0,,30.0,,False,
2025-04-20T07:00:00.000Z,Japan,Kansai,JP-KN,200.0,258.0,,25.0,,False,
2025-04-20T08:00:00.000Z,Japan,Kansai,JP-KN,219.0,278.0,,23.0,,False,
2025-04-20T09:00:00.000Z,Japan,Kansai,JP-KN,231.0,292.0,,21.0,,False,
2025-04-20T10:00:00.000Z,Japan,Kansai,JP-KN,230.0,290.0,,22.0,,False,
2025-04-20T11:00:00.000Z,Japan,Kansai,JP-KN,231.0,291.0,,21.0,,False,
2025-04-20T12:00:00.000Z,Japan,Kansai,JP-KN,227.0,286.0,,21.0,,False,
2025-04-20T13:00:00.000Z,Japan,Kansai,JP-KN,223.0,280.0,,21.0,,False,
2025-04-20T14:00:00.000Z,Japan,Kansai,JP-KN,224.0,281.0,,20.0,,False,
2025-04-20T15:00:00.000Z,Japan,Kansai,JP-KN,234.0,290.0,,19.0,,False,
2025-04-20T16:00:00.000Z,Japan,Kansai,JP-KN,230.0,285.0,,19.0,,False,
2025-04-20T17:00:00.000Z,Japan,Kansai,JP-KN,226.0,280.0,,20.0,,False,
2025-04-20T18:00:00.000Z,Japan,Kansai,JP-KN,232.0,287.0,,20.0,,False,
2025-04-20T19:00:00.000Z,Japan,Kansai,JP-KN,231.0,286.0,,21.0,,False,
2025-04-20T20:00:00.000Z,Japan,Kansai,JP-KN,225.0,279.0,,21.0,,False,
2025-04-20T21:00:00.000Z,Japan,Kansai,JP-KN,200.0,253.0,,26.0,,False,
2025-04-20T22:00:00.000Z,Japan,Kansai,JP-KN,166.0,219.0,,34.0,,False,
2025-04-20T23:00:00.000Z,Japan,Kansai,JP-KN,138.0,191.0,,42.0,,False,
2025-04-21T00:00:00.000Z,Japan,Kansai,JP-KN,118.0,170.0,,49.0,,False,
2025-04-21T01:00:00.000Z,Japan,Kansai,JP-KN,100.0,150.0,,54.0,,False,
2025-04-21T02:00:00.000Z,Japan,Kansai,JP-KN,89.0,137.0,,56.0,,False,
2025-04-21T03:00:00.000Z,Japan,Kansai,JP-KN,91.0,140.0,,55.0,,False,
2025-04-21T04:00:00.000Z,Japan,Kansai,JP-KN,100.0,149.0,,54.0,,False,
2025-04-21T05:00:00.000Z,Japan,Kansai,JP-KN,113.0,163.0,,51.0,,False,
2025-04-21T06:00:00.000Z,Japan,Kansai,JP-KN,135.0,188.0,,45.0,,False,
2025-04-21T07:00:00.000Z,Japan,Kansai,JP-KN,164.0,219.0,,38.0,,False,
2025-04-21T08:00:00.000Z,Japan,Kansai,JP-KN,201.0,260.0,,30.0,,False,
2025-04-21T09:00:00.000Z,Japan,Kansai,JP-KN,214.0,275.0,,25.0,,False,
2025-04-21T10:00:00.000Z,Japan,Kansai,JP-KN,207.0,268.0,,24.0,,False,
2025-04-21T11:00:00.000Z,Japan,Kansai,JP-KN,214.0,277.0,,23.0,,False,
2025-04-21T12:00:00.000Z,Japan,Kansai,JP-KN,211.0,273.0,,23.0,,False,
2025-04-21T13:00:00.000Z,Japan,Kansai,JP-KN,209.0,269.0,,23.0,,False,
2025-04-21T14:00:00.000Z,Japan,Kansai,JP-KN,204.0,264.0,,22.0,,False,
2025-04-21T15:00:00.000Z,Japan,Kansai,JP-KN,208.0,267.0,,20.0,,False,
2025-04-21T16:00:00.000Z,Japan,Kansai,JP-KN,215.0,275.0,,20.0,,False,
2025-04-21T17:00:00.000Z,Japan,Kansai,JP-KN,213.0,273.0,,20.0,,False,
2025-04-21T18:00:00.000Z,Japan,Kansai,JP-KN,218.0,281.0,,20.0,,False,
2025-04-21T19:00:00.000Z,Japan,Kansai,JP-KN,217.0,282.0,,19.0,,False,
2025-04-21T20:00:00.000Z,Japan,Kansai,JP-KN,214.0,278.0,,18.0,,False,
2025-04-21T21:00:00.000Z,Japan,Kansai,JP-KN,189.0,247.0,,25.0,,False,
2025-04-21T22:00:00.000Z,Japan,Kansai,JP-KN,172.0,229.0,,33.0,,False,
2025-04-21T23:00:00.000Z,Japan,Kansai,JP-KN,157.0,213.0,,39.0,,False,
2025-04-22T00:00:00.000Z,Japan,Kansai,JP-KN,149.0,203.0,,44.0,,False,
2025-04-22T01:00:00.000Z,Japan,Kansai,JP-KN,143.0,197.0,,44.0,,False,
2025-04-22T02:00:00.000Z,Japan,Kansai,JP-KN,143.0,198.0,,43.0,,False,
2025-04-22T03:00:00.000Z,Japan,Kansai,JP-KN,149.0,204.0,,40.0,,False,
2025-04-22T04:00:00.000Z,Japan,Kansai,JP-KN,162.0,218.0,,36.0,,False,
2025-04-22T05:00:00.000Z,Japan,Kansai,JP-KN,172.0,228.0,,35.0,,False,
2025-04-22T06:00:00.000Z,Japan,Kansai,JP-KN,181.0,237.0,,33.0,,False,
2025-04-22T07:00:00.000Z,Japan,Kansai,JP-KN,196.0,256.0,,28.0,,False,
2025-04-22T08:00:00.000Z,Japan,Kansai,JP-KN,202.0,263.0,,27.0,,False,
2025-04-22T09:00:00.000Z,Japan,Kansai,JP-KN,208.0,270.0,,26.0,,False,
2025-04-22T10:00:00.000Z,Japan,Kansai,JP-KN,208.0,270.0,,25.0,,False,
2025-04-22T11:00:00.000Z,Japan,Kansai,JP-KN,212.0,274.0,,25.0,,False,
2025-04-22T12:00:00.000Z,Japan,Kansai,JP-KN,208.0,269.0,,24.0,,False,
2025-04-22T13:00:00.000Z,Japan,Kansai,JP-KN,207.0,267.0,,24.0,,False,
2025-04-22T14:00:00.000Z,Japan,Kansai,JP-KN,218.0,279.0,,22.0,,False,
2025-04-22T15:00:00.000Z,Japan,Kansai,JP-KN,230.0,290.0,,19.0,,False,
2025-04-22T16:00:00.000Z,Japan,Kansai,JP-KN,226.0,286.0,,19.0,,False,
2025-04-22T17:00:00.000Z,Japan,Kansai,JP-KN,231.0,291.0,,19.0,,False,
2025-04-22T18:00:00.000Z,Japan,Kansai,JP-KN,238.0,301.0,,18.0,,False,
2025-04-22T19:00:00.000Z,Japan,Kansai,JP-KN,236.0,299.0,,17.0,,False,
2025-04-22T20:00:00.000Z,Japan,Kansai,JP-KN,220.0,280.0,,20.0,,False,
2025-04-22T21:00:00.000Z,Japan,Kansai,JP-KN,230.0,292.0,,19.0,,False,
2025-04-22T22:00:00.000Z,Japan,Kansai,JP-KN,231.0,293.0,,21.0,,False,
2025-04-22T23:00:00.000Z,Japan,Kansai,JP-KN,222.0,285.0,,25.0,,False,
2025-04-23T00:00:00.000Z,Japan,Kansai,JP-KN,201.0,262.0,,30.0,,False,
2025-04-23T01:00:00.000Z,Japan,Kansai,JP-KN,184.0,241.0,,34.0,,False,
2025-04-23T02:00:00.000Z,Japan,Kansai,JP-KN,189.0,248.0,,33.0,,False,
2025-04-23T03:00:00.000Z,Japan,Kansai,JP-KN,194.0,252.0,,32.0,,False,
2025-04-23T04:00:00.000Z,Japan,Kansai,JP-KN,201.0,262.0,,32.0,,False,
2025-04-23T05:00:00.000Z,Japan,Kansai,JP-KN,210.0,272.0,,31.0,,False,
2025-04-23T06:00:00.000Z,Japan,Kansai,JP-KN,220.0,283.0,,27.0,,False,
2025-04-23T07:00:00.000Z,Japan,Kansai,JP-KN,217.0,279.0,,26.0,,False,
2025-04-23T08:00:00.000Z,Japan,Kansai,JP-KN,219.0,280.0,,24.0,,False,
2025-04-23T09:00:00.000Z,Japan,Kansai,JP-KN,221.0,282.0,,23.0,,False,
2025-04-23T10:00:00.000Z,Japan,Kansai,JP-KN,218.0,277.0,,23.0,,False,
2025-04-23T11:00:00.000Z,Japan,Kansai,JP-KN,220.0,280.0,,23.0,,False,
2025-04-23T12:00:00.000Z,Japan,Kansai,JP-KN,219.0,278.0,,22.0,,False,
2025-04-23T13:00:00.000Z,Japan,Kansai,JP-KN,224.0,285.0,,21.0,,False,
2025-04-23T14:00:00.000Z,Japan,Kansai,JP-KN,218.0,275.0,,23.0,,False,
2025-04-23T15:00:00.000Z,Japan,Kansai,JP-KN,213.0,269.0,,21.0,,False,
2025-04-23T16:00:00.000Z,Japan,Kansai,JP-KN,212.0,267.0,,22.0,,False,
2025-04-23T17:00:00.000Z,Japan,Kansai,JP-KN,212.0,268.0,,22.0,,False,
2025-04-23T18:00:00.000Z,Japan,Kansai,JP-KN,215.0,273.0,,21.0,,False,
2025-04-23T19:00:00.000Z,Japan,Kansai,JP-KN,201.0,257.0,,24.0,,False,
2025-04-23T20:00:00.000Z,Japan,Kansai,JP-KN,195.0,251.0,,24.0,,False,
2025-04-23T21:00:00.000Z,Japan,Kansai,JP-KN,190.0,244.0,,26.0,,False,
2025-04-23T22:00:00.000Z,Japan,Kansai,JP-KN,180.0,236.0,,32.0,,False,
2025-04-23T23:00:00.000Z,Japan,Kansai,JP-KN,157.0,212.0,,39.0,,False,
2025-04-24T00:00:00.000Z,Japan,Kansai,JP-KN,133.0,185.0,,46.0,,False,
2025-04-24T01:00:00.000Z,Japan,Kansai,JP-KN,114.0,162.0,,51.0,,False,
2025-04-24T02:00:00.000Z,Japan,Kansai,JP-KN,103.0,150.0,,54.0,,False,
2025-04-24T03:00:00.000Z,Japan,Kansai,JP-KN,95.0,141.0,,56.0,,False,
2025-04-24T04:00:00.000Z,Japan,Kansai,JP-KN,106.0,154.0,,54.0,,False,
2025-04-24T05:00:00.000Z,Japan,Kansai,JP-KN,116.0,165.0,,51.0,,False,
2025-04-24T06:00:00.000Z,Japan,Kansai,JP-KN,135.0,187.0,,46.0,,False,
2025-04-24T07:00:00.000Z,Japan,Kansai,JP-KN,169.0,224.0,,37.0,,False,
2025-04-24T08:00:00.000Z,Japan,Kansai,JP-KN,195.0,253.0,,30.0,,False,
2025-04-24T09:00:00.000Z,Japan,Kansai,JP-KN,205.0,262.0,,29.0,,False,
2025-04-24T10:00:00.000Z,Japan,Kansai,JP-KN,202.0,258.0,,30.0,,False,
2025-04-24T11:00:00.000Z,Japan,Kansai,JP-KN,201.0,256.0,,31.0,,False,
2025-04-24T12:00:00.000Z,Japan,Kansai,JP-KN,199.0,253.0,,31.0,,False,
2025-04-24T13:00:00.000Z,Japan,Kansai,JP-KN,204.0,261.0,,26.0,,False,
2025-04-24T14:00:00.000Z,Japan,Kansai,JP-KN,203.0,259.0,,25.0,,False,
2025-04-24T15:00:00.000Z,Japan,Kansai,JP-KN,200.0,257.0,,22.0,,False,
2025-04-24T16:00:00.000Z,Japan,Kansai,JP-KN,204.0,263.0,,21.0,,False,
2025-04-24T17:00:00.000Z,Japan,Kansai,JP-KN,209.0,268.0,,21.0,,False,
2025-04-24T18:00:00.000Z,Japan,Kansai,JP-KN,209.0,268.0,,21.0,,False,
2025-04-24T19:00:00.000Z,Japan,Kansai,JP-KN,206.0,267.0,,21.0,,False,
2025-04-24T20:00:00.000Z,Japan,Kansai,JP-KN,205.0,267.0,,21.0,,False,
2025-04-24T21:00:00.000Z,Japan,Kansai,JP-KN,200.0,261.0,,22.0,,False,
2025-04-24T22:00:00.000Z,Japan,Kansai,JP-KN,188.0,245.0,,28.0,,False,
2025-04-24T23:00:00.000Z,Japan,Kansai,JP-KN,170.0,225.0,,35.0,,False,
2025-04-25T00:00:00.000Z,Japan,Kansai,JP-KN,148.0,200.0,,42.0,,False,
2025-04-25T01:00:00.000Z,Japan,Kansai,JP-KN,122.0,171.0,,48.0,,False,
2025-04-25T02:00:00.000Z,Japan,Kansai,JP-KN,106.0,155.0,,51.0,,False,
2025-04-25T03:00:00.000Z,Japan,Kansai,JP-KN,99.0,147.0,,53.0,,False,
2025-04-25T04:00:00.000Z,Japan,Kansai,JP-KN,112.0,161.0,,49.0,,False,
2025-04-25T05:00:00.000Z,Japan,Kansai,JP-KN,128.0,178.0,,45.0,,False,
2025-04-25T06:00:00.000Z,Japan,Kansai,JP-KN,152.0,203.0,,38.0,,False,
2025-04-25T07:00:00.000Z,Japan,Kansai,JP-KN,165.0,217.0,,35.0,,False,
2025-04-25T08:00:00.000Z,Japan,Kansai,JP-KN,179.0,233.0,,33.0,,False,
2025-04-25T09:00:00.000Z,Japan,Kansai,JP-KN,179.0,234.0,,32.0,,False,
2025-04-25T10:00:00.000Z,Japan,Kansai,JP-KN,177.0,233.0,,30.0,,False,
2025-04-25T11:00:00.000Z,Japan,Kansai,JP-KN,175.0,231.0,,30.0,,False,
2025-04-25T12:00:00.000Z,Japan,Kansai,JP-KN,170.0,225.0,,29.0,,False,
2025-04-25T13:00:00.000Z,Japan,Kansai,JP-KN,166.0,221.0,,29.0,,False,
2025-04-25T14:00:00.000Z,Japan,Kansai,JP-KN,160.0,215.0,,29.0,,False,
2025-04-25T15:00:00.000Z,Japan,Kansai,JP-KN,173.0,230.0,,25.0,,False,
2025-04-25T16:00:00.000Z,Japan,Kansai,JP-KN,180.0,238.0,,22.0,,False,
2025-04-25T17:00:00.000Z,Japan,Kansai,JP-KN,185.0,246.0,,21.0,,False,
2025-04-25T18:00:00.000Z,Japan,Kansai,JP-KN,176.0,236.0,,23.0,,False,
2025-04-25T19:00:00.000Z,Japan,Kansai,JP-KN,177.0,237.0,,23.0,,False,
2025-04-25T20:00:00.000Z,Japan,Kansai,JP-KN,156.0,211.0,,25.0,,False,
2025-04-25T21:00:00.000Z,Japan,Kansai,JP-KN,134.0,183.0,,31.0,,False,
2025-04-25T22:00:00.000Z,Japan,Kansai,JP-KN,106.0,153.0,,42.0,,False,
2025-04-25T23:00:00.000Z,Japan,Kansai,JP-KN,85.0,131.0,,50.0,,False,
2025-04-26T00:00:00.000Z,Japan,Kansai,JP-KN,67.0,110.0,,56.0,,False,
2025-04-26T01:00:00.000Z,Japan,Kansai,JP-KN,53.0,96.0,,58.0,,False,
2025-04-26T02:00:00.000Z,Japan,Kansai,JP-KN,54.0,97.0,,58.0,,False,
2025-04-26T03:00:00.000Z,Japan,Kansai,JP-KN,55.0,98.0,,58.0,,False,
2025-04-26T04:00:00.000Z,Japan,Kansai,JP-KN,60.0,104.0,,57.0,,False,
2025-04-26T05:00:00.000Z,Japan,Kansai,JP-KN,61.0,104.0,,56.0,,False,
2025-04-26T06:00:00.000Z,Japan,Kansai,JP-KN,70.0,114.0,,52.0,,False,
2025-04-26T07:00:00.000Z,Japan,Kansai,JP-KN,85.0,132.0,,45.0,,False,
2025-04-26T08:00:00.000Z,Japan,Kansai,JP-KN,96.0,140.0,,45.0,,False,
2025-04-26T09:00:00.000Z,Japan,Kansai,JP-KN,109.0,153.0,,42.0,,False,
2025-04-26T10:00:00.000Z,Japan,Kansai,JP-KN,115.0,159.0,,41.0,,False,
2025-04-26T11:00:00.000Z,Japan,Kansai,JP-KN,126.0,172.0,,38.0,,False,
2025-04-26T12:00:00.000Z,Japan,Kansai,JP-KN,129.0,176.0,,37.0,,False,
2025-04-26T13:00:00.000Z,Japan,Kansai,JP-KN,136.0,185.0,,33.0,,False,
2025-04-26T14:00:00.000Z,Japan,Kansai,JP-KN,149.0,202.0,,28.0,,False,
2025-04-26T15:00:00.000Z,Japan,Kansai,JP-KN,159.0,212.0,,25.0,,False,
2025-04-26T16:00:00.000Z,Japan,Kansai,JP-KN,165.0,220.0,,23.0,,False,
2025-04-26T17:00:00.000Z,Japan,Kansai,JP-KN,158.0,213.0,,23.0,,False,
2025-04-26T18:00:00.000Z,Japan,Kansai,JP-KN,148.0,202.0,,23.0,,False,
2025-04-26T19:00:00.000Z,Japan,Kansai,JP-KN,142.0,195.0,,26.0,,False,
2025-04-26T20:00:00.000Z,Japan,Kansai,JP-KN,139.0,190.0,,27.0,,False,
2025-04-26T21:00:00.000Z,Japan,Kansai,JP-KN,106.0,153.0,,33.0,,False,
2025-04-26T22:00:00.000Z,Japan,Kansai,JP-KN,80.0,124.0,,44.0,,False,
2025-04-26T23:00:00.000Z,Japan,Kansai,JP-KN,74.0,118.0,,48.0,,False,
2025-04-27T00:00:00.000Z,Japan,Kansai,JP-KN,64.0,107.0,,53.0,,False,
2025-04-27T01:00:00.000Z,Japan,Kansai,JP-KN,69.0,113.0,,53.0,,False,
2025-04-27T02:00:00.000Z,Japan,Kansai,JP-KN,69.0,113.0,,53.0,,False,
2025-04-27T03:00:00.000Z,Japan,Kansai,JP-KN,65.0,108.0,,54.0,,False,
2025-04-27T04:00:00.000Z,Japan,Kansai,JP-KN,66.0,109.0,,54.0,,False,
2025-04-27T05:00:00.000Z,Japan,Kansai,JP-KN,67.0,111.0,,52.0,,False,
2025-04-27T06:00:00.000Z,Japan,Kansai,JP-KN,85.0,131.0,,48.0,,False,
2025-04-27T07:00:00.000Z,Japan,Kansai,JP-KN,106.0,154.0,,40.0,,False,
2025-04-27T08:00:00.000Z,Japan,Kansai,JP-KN,135.0,185.0,,35.0,,False,
2025-04-27T09:00:00.000Z,Japan,Kansai,JP-KN,142.0,193.0,,33.0,,False,
2025-04-27T10:00:00.000Z,Japan,Kansai,JP-KN,145.0,196.0,,32.0,,False,
2025-04-27T11:00:00.000Z,Japan,Kansai,JP-KN,149.0,202.0,,31.0,,False,
2025-04-27T12:00:00.000Z,Japan,Kansai,JP-KN,154.0,208.0,,30.0,,False,
2025-04-27T13:00:00.000Z,Japan,Kansai,JP-KN,142.0,194.0,,30.0,,False,
2025-04-27T14:00:00.000Z,Japan,Kansai,JP-KN,154.0,211.0,,25.0,,False,
2025-04-27T15:00:00.000Z,Japan,Kansai,JP-KN,156.0,216.0,,22.0,,False,
2025-04-27T16:00:00.000Z,Japan,Kansai,JP-KN,155.0,213.0,,22.0,,False,
2025-04-27T17:00:00.000Z,Japan,Kansai,JP-KN,160.0,221.0,,21.0,,False,
2025-04-27T18:00:00.000Z,Japan,Kansai,JP-KN,161.0,224.0,,21.0,,False,
2025-04-27T19:00:00.000Z,Japan,Kansai,JP-KN,164.0,226.0,,21.0,,False,
2025-04-27T20:00:00.000Z,Japan,Kansai,JP-KN,162.0,224.0,,21.0,,False,
2025-04-27T21:00:00.000Z,Japan,Kansai,JP-KN,152.0,211.0,,24.0,,False,
2025-04-27T22:00:00.000Z,Japan,Kansai,JP-KN,145.0,202.0,,29.0,,False,
2025-04-27T23:00:00.000Z,Japan,Kansai,JP-KN,118.0,172.0,,35.0,,False,
2025-04-28T00:00:00.000Z,Japan,Kansai,JP-KN,112.0,166.0,,37.0,,False,
2025-04-28T01:00:00.000Z,Japan,Kansai,JP-KN,117.0,173.0,,37.0,,False,
2025-04-28T02:00:00.000Z,Japan,Kansai,JP-KN,149.0,208.0,,31.0,,False,
2025-04-28T03:00:00.000Z,Japan,Kansai,JP-KN,160.0,221.0,,28.0,,False,
2025-04-28T04:00:00.000Z,Japan,Kansai,JP-KN,161.0,221.0,,29.0,,False,
2025-04-28T05:00:00.000Z,Japan,Kansai,JP-KN,161.0,222.0,,28.0,,False,
2025-04-28T06:00:00.000Z,Japan,Kansai,JP-KN,161.0,222.0,,29.0,,False,
2025-04-28T07:00:00.000Z,Japan,Kansai,JP-KN,165.0,226.0,,28.0,,False,
2025-04-28T08:00:00.000Z,Japan,Kansai,JP-KN,162.0,222.0,,29.0,,False,
2025-04-28T09:00:00.000Z,Japan,Kansai,JP-KN,158.0,216.0,,30.0,,False,
2025-04-28T10:00:00.000Z,Japan,Kansai,JP-KN,148.0,204.0,,31.0,,False,
2025-04-28T11:00:00.000Z,Japan,Kansai,JP-KN,150.0,208.0,,30.0,,False,
2025-04-28T12:00:00.000Z,Japan,Kansai,JP-KN,143.0,200.0,,29.0,,False,
2025-04-28T13:00:00.000Z,Japan,Kansai,JP-KN,141.0,199.0,,27.0,,False,
2025-04-28T14:00:00.000Z,Japan,Kansai,JP-KN,139.0,197.0,,27.0,,False,
2025-04-28T15:00:00.000Z,Japan,Kansai,JP-KN,154.0,212.0,,24.0,,False,
2025-04-28T16:00:00.000Z,Japan,Kansai,JP-KN,150.0,207.0,,24.0,,False,
2025-04-28T17:00:00.000Z,Japan,Kansai,JP-KN,144.0,201.0,,25.0,,False,
2025-04-28T18:00:00.000Z,Japan,Kansai,JP-KN,144.0,201.0,,24.0,,False,
2025-04-28T19:00:00.000Z,Japan,Kansai,JP-KN,150.0,207.0,,26.0,,False,
2025-04-28T20:00:00.000Z,Japan,Kansai,JP-KN,131.0,186.0,,27.0,,False,
2025-04-28T21:00:00.000Z,Japan,Kansai,JP-KN,108.0,159.0,,29.0,,False,
2025-04-28T22:00:00.000Z,Japan,Kansai,JP-KN,88.0,137.0,,40.0,,False,
2025-04-28T23:00:00.000Z,Japan,Kansai,JP-KN,73.0,120.0,,49.0,,False,
2025-04-29T00:00:00.000Z,Japan,Kansai,JP-KN,65.0,110.0,,54.0,,False,
2025-04-29T01:00:00.000Z,Japan,Kansai,JP-KN,69.0,115.0,,53.0,,False,
2025-04-29T02:00:00.000Z,Japan,Kansai,JP-KN,66.0,112.0,,54.0,,False,
2025-04-29T03:00:00.000Z,Japan,Kansai,JP-KN,61.0,106.0,,55.0,,False,
2025-04-29T04:00:00.000Z,Japan,Kansai,JP-KN,61.0,107.0,,55.0,,False,
2025-04-29T05:00:00.000Z,Japan,Kansai,JP-KN,65.0,111.0,,55.0,,False,
2025-04-29T06:00:00.000Z,Japan,Kansai,JP-KN,76.0,123.0,,50.0,,False,
2025-04-29T07:00:00.000Z,Japan,Kansai,JP-KN,90.0,137.0,,44.0,,False,
2025-04-29T08:00:00.000Z,Japan,Kansai,JP-KN,125.0,175.0,,35.0,,False,
2025-04-29T09:00:00.000Z,Japan,Kansai,JP-KN,143.0,196.0,,29.0,,False,
2025-04-29T10:00:00.000Z,Japan,Kansai,JP-KN,143.0,196.0,,29.0,,False,
2025-04-29T11:00:00.000Z,Japan,Kansai,JP-KN,141.0,194.0,,28.0,,False,
2025-04-29T12:00:00.000Z,Japan,Kansai,JP-KN,144.0,197.0,,28.0,,False,
2025-04-29T13:00:00.000Z,Japan,Kansai,JP-KN,136.0,189.0,,28.0,,False,
2025-04-29T14:00:00.000Z,Japan,Kansai,JP-KN,137.0,190.0,,27.0,,False,
2025-04-29T15:00:00.000Z,Japan,Kansai,JP-KN,152.0,206.0,,24.0,,False,
2025-04-29T16:00:00.000Z,Japan,Kansai,JP-KN,158.0,213.0,,22.0,,False,
2025-04-29T17:00:00.000Z,Japan,Kansai,JP-KN,161.0,217.0,,20.0,,False,
2025-04-29T18:00:00.000Z,Japan,Kansai,JP-KN,155.0,211.0,,22.0,,False,
2025-04-29T19:00:00.000Z,Japan,Kansai,JP-KN,144.0,199.0,,24.0,,False,
2025-04-29T20:00:00.000Z,Japan,Kansai,JP-KN,134.0,186.0,,26.0,,False,
2025-04-29T21:00:00.000Z,Japan,Kansai,JP-KN,118.0,167.0,,30.0,,False,
2025-04-29T22:00:00.000Z,Japan,Kansai,JP-KN,89.0,135.0,,40.0,,False,
2025-04-29T23:00:00.000Z,Japan,Kansai,JP-KN,70.0,114.0,,51.0,,False,
2025-04-30T00:00:00.000Z,Japan,Kansai,JP-KN,63.0,107.0,,56.0,,False,
2025-04-30T01:00:00.000Z,Japan,Kansai,JP-KN,62.0,106.0,,58.0,,False,
2025-04-30T02:00:00.000Z,Japan,Kansai,JP-KN,61.0,105.0,,59.0,,False,
2025-04-30T03:00:00.000Z,Japan,Kansai,JP-KN,62.0,106.0,,58.0,,False,
2025-04-30T04:00:00.000Z,Japan,Kansai,JP-KN,60.0,105.0,,57.0,,False,
2025-04-30T05:00:00.000Z,Japan,Kansai,JP-KN,62.0,106.0,,55.0,,False,
2025-04-30T06:00:00.000Z,Japan,Kansai,JP-KN,79.0,124.0,,49.0,,False,
2025-04-30T07:00:00.000Z,Japan,Kansai,JP-KN,112.0,162.0,,39.0,,False,
2025-04-30T08:00:00.000Z,Japan,Kansai,JP-KN,128.0,179.0,,35.0,,False,
2025-04-30T09:00:00.000Z,Japan,Kansai,JP-KN,139.0,192.0,,32.0,,False,
2025-04-30T10:00:00.000Z,Japan,Kansai,JP-KN,138.0,192.0,,32.0,,False,
2025-04-30T11:00:00.000Z,Japan,Kansai,JP-KN,143.0,198.0,,29.0,,False,
2025-04-30T12:00:00.000Z,Japan,Kansai,JP-KN,137.0,192.0,,29.0,,False,
2025-04-30T13:00:00.000Z,Japan,Kansai,JP-KN,146.0,201.0,,28.0,,False,
2025-04-30T14:00:00.000Z,Japan,Kansai,JP-KN,148.0,206.0,,26.0,,False,
2025-04-30T15:00:00.000Z,Japan,Kansai,JP-KN,163.0,224.0,,20.0,,False,
2025-04-30T16:00:00.000Z,Japan,Kansai,JP-KN,167.0,227.0,,18.0,,False,
2025-04-30T17:00:00.000Z,Japan,Kansai,JP-KN,164.0,224.0,,19.0,,False,
2025-04-30T18:00:00.000Z,Japan,Kansai,JP-KN,162.0,224.0,,19.0,,False,
2025-04-30T19:00:00.000Z,Japan,Kansai,JP-KN,159.0,219.0,,21.0,,False,
2025-04-30T20:00:00.000Z,Japan,Kansai,JP-KN,151.0,210.0,,22.0,,False,
2025-04-30T21:00:00.000Z,Japan,Kansai,JP-KN,118.0,170.0,,27.0,,False,
2025-04-30T22:00:00.000Z,Japan,Kansai,JP-KN,99.0,148.0,,39.0,,False,
2025-04-30T23:00:00.000Z,Japan,Kansai,JP-KN,78.0,126.0,,46.0,,False,
2025-05-01T00:00:00.000Z,Japan,Kansai,JP-KN,67.0,113.0,,51.0,,False,
2025-05-01T01:00:00.000Z,Japan,Kansai,JP-KN,72.0,120.0,,52.0,,False,
2025-05-01T02:00:00.000Z,Japan,Kansai,JP-KN,68.0,115.0,,53.0,,False,
2025-05-01T03:00:00.000Z,Japan,Kansai,JP-KN,64.0,110.0,,53.0,,False,
2025-05-01T04:00:00.000Z,Japan,Kansai,JP-KN,64.0,111.0,,53.0,,False,
2025-05-01T05:00:00.000Z,Japan,Kansai,JP-KN,72.0,120.0,,51.0,,False,
2025-05-01T06:00:00.000Z,Japan,Kansai,JP-KN,91.0,140.0,,46.0,,False,
2025-05-01T07:00:00.000Z,Japan,Kansai,JP-KN,119.0,172.0,,37.0,,False,
2025-05-01T08:00:00.000Z,Japan,Kansai,JP-KN,152.0,211.0,,27.0,,False,
2025-05-01T09:00:00.000Z,Japan,Kansai,JP-KN,159.0,218.0,,26.0,,False,
2025-05-01T10:00:00.000Z,Japan,Kansai,JP-KN,158.0,217.0,,26.0,,False,
2025-05-01T11:00:00.000Z,Japan,Kansai,JP-KN,163.0,223.0,,25.0,,False,
2025-05-01T12:00:00.000Z,Japan,Kansai,JP-KN,163.0,223.0,,23.0,,False,
2025-05-01T13:00:00.000Z,Japan,Kansai,JP-KN,170.0,231.0,,21.0,,False,
2025-05-01T14:00:00.000Z,Japan,Kansai,JP-KN,169.0,230.0,,20.0,,False,
2025-05-01T15:00:00.000Z,Japan,Kansai,JP-KN,173.0,236.0,,18.0,,False,
2025-05-01T16:00:00.000Z,Japan,Kansai,JP-KN,173.0,236.0,,17.0,,False,
2025-05-01T17:00:00.000Z,Japan,Kansai,JP-KN,174.0,238.0,,17.0,,False,
2025-05-01T18:00:00.000Z,Japan,Kansai,JP-KN,172.0,235.0,,19.0,,False,
2025-05-01T19:00:00.000Z,Japan,Kansai,JP-KN,169.0,231.0,,19.0,,False,
2025-05-01T20:00:00.000Z,Japan,Kansai,JP-KN,173.0,236.0,,17.0,,False,
2025-05-01T21:00:00.000Z,Japan,Kansai,JP-KN,168.0,228.0,,21.0,,False,
2025-05-01T22:00:00.000Z,Japan,Kansai,JP-KN,165.0,225.0,,24.0,,False,
2025-05-01T23:00:00.000Z,Japan,Kansai,JP-KN,146.0,204.0,,29.0,,False,
2025-05-02T00:00:00.000Z,Japan,Kansai,JP-KN,124.0,178.0,,36.0,,False,
2025-05-02T01:00:00.000Z,Japan,Kansai,JP-KN,120.0,175.0,,38.0,,False,
2025-05-02T02:00:00.000Z,Japan,Kansai,JP-KN,106.0,158.0,,42.0,,False,
2025-05-02T03:00:00.000Z,Japan,Kansai,JP-KN,89.0,140.0,,48.0,,False,
2025-05-02T04:00:00.000Z,Japan,Kansai,JP-KN,85.0,135.0,,50.0,,False,
2025-05-02T05:00:00.000Z,Japan,Kansai,JP-KN,90.0,141.0,,48.0,,False,
2025-05-02T06:00:00.000Z,Japan,Kansai,JP-KN,102.0,155.0,,44.0,,False,
2025-05-02T07:00:00.000Z,Japan,Kansai,JP-KN,122.0,176.0,,37.0,,False,
2025-05-02T08:00:00.000Z,Japan,Kansai,JP-KN,155.0,214.0,,28.0,,False,
2025-05-02T09:00:00.000Z,Japan,Kansai,JP-KN,179.0,243.0,,22.0,,False,
2025-05-02T10:00:00.000Z,Japan,Kansai,JP-KN,176.0,239.0,,21.0,,False,
2025-05-02T11:00:00.000Z,Japan,Kansai,JP-KN,179.0,244.0,,20.0,,False,
2025-05-02T12:00:00.000Z,Japan,Kansai,JP-KN,177.0,241.0,,20.0,,False,
2025-05-02T13:00:00.000Z,Japan,Kansai,JP-KN,173.0,236.0,,20.0,,False,
2025-05-02T14:00:00.000Z,Japan,Kansai,JP-KN,172.0,236.0,,19.0,,False,
2025-05-02T15:00:00.000Z,Japan,Kansai,JP-KN,155.0,215.0,,21.0,,False,
2025-05-02T16:00:00.000Z,Japan,Kansai,JP-KN,154.0,212.0,,21.0,,False,
2025-05-02T17:00:00.000Z,Japan,Kansai,JP-KN,153.0,211.0,,22.0,,False,
2025-05-02T18:00:00.000Z,Japan,Kansai,JP-KN,148.0,204.0,,24.0,,False,
2025-05-02T19:00:00.000Z,Japan,Kansai,JP-KN,137.0,191.0,,26.0,,False,
2025-05-02T20:00:00.000Z,Japan,Kansai,JP-KN,133.0,187.0,,26.0,,False,
2025-05-02T21:00:00.000Z,Japan,Kansai,JP-KN,106.0,156.0,,31.0,,False,
2025-05-02T22:00:00.000Z,Japan,Kansai,JP-KN,89.0,138.0,,38.0,,False,
2025-05-02T23:00:00.000Z,Japan,Kansai,JP-KN,76.0,123.0,,48.0,,False,
2025-05-03T00:00:00.000Z,Japan,Kansai,JP-KN,67.0,112.0,,52.0,,False,
2025-05-03T01:00:00.000Z,Japan,Kansai,JP-KN,61.0,104.0,,54.0,,False,
2025-05-03T02:00:00.000Z,Japan,Kansai,JP-KN,66.0,111.0,,52.0,,False,
2025-05-03T03:00:00.000Z,Japan,Kansai,JP-KN,68.0,112.0,,52.0,,False,
2025-05-03T04:00:00.000Z,Japan,Kansai,JP-KN,65.0,110.0,,54.0,,False,
2025-05-03T05:00:00.000Z,Japan,Kansai,JP-KN,68.0,114.0,,52.0,,False,
2025-05-03T06:00:00.000Z,Japan,Kansai,JP-KN,79.0,126.0,,46.0,,False,
2025-05-03T07:00:00.000Z,Japan,Kansai,JP-KN,92.0,139.0,,38.0,,False,
2025-05-03T08:00:00.000Z,Japan,Kansai,JP-KN,116.0,163.0,,33.0,,False,
2025-05-03T09:00:00.000Z,Japan,Kansai,JP-KN,126.0,174.0,,34.0,,False,
2025-05-03T10:00:00.000Z,Japan,Kansai,JP-KN,125.0,172.0,,35.0,,False,
2025-05-03T11:00:00.000Z,Japan,Kansai,JP-KN,127.0,174.0,,34.0,,False,
2025-05-03T12:00:00.000Z,Japan,Kansai,JP-KN,132.0,179.0,,31.0,,False,
2025-05-03T13:00:00.000Z,Japan,Kansai,JP-KN,133.0,180.0,,30.0,,False,
2025-05-03T14:00:00.000Z,Japan,Kansai,JP-KN,132.0,181.0,,28.0,,False,
2025-05-03T15:00:00.000Z,Japan,Kansai,JP-KN,131.0,179.0,,29.0,,False,
2025-05-03T16:00:00.000Z,Japan,Kansai,JP-KN,136.0,185.0,,27.0,,False,
2025-05-03T17:00:00.000Z,Japan,Kansai,JP-KN,138.0,188.0,,28.0,,False,
2025-05-03T18:00:00.000Z,Japan,Kansai,JP-KN,139.0,190.0,,28.0,,False,
2025-05-03T19:00:00.000Z,Japan,Kansai,JP-KN,135.0,185.0,,29.0,,False,
2025-05-03T20:00:00.000Z,Japan,Kansai,JP-KN,127.0,175.0,,30.0,,False,
2025-05-03T21:00:00.000Z,Japan,Kansai,JP-KN,118.0,166.0,,31.0,,False,
2025-05-03T22:00:00.000Z,Japan,Kansai,JP-KN,84.0,130.0,,39.0,,False,
2025-05-03T23:00:00.000Z,Japan,Kansai,JP-KN,75.0,121.0,,46.0,,False,
2025-05-04T00:00:00.000Z,Japan,Kansai,JP-KN,69.0,114.0,,50.0,,False,
2025-05-04T01:00:00.000Z,Japan,Kansai,JP-KN,67.0,112.0,,52.0,,False,
2025-05-04T02:00:00.000Z,Japan,Kansai,JP-KN,71.0,116.0,,51.0,,False,
2025-05-04T03:00:00.000Z,Japan,Kansai,JP-KN,72.0,117.0,,51.0,,False,
2025-05-04T04:00:00.000Z,Japan,Kansai,JP-KN,65.0,110.0,,53.0,,False,
2025-05-04T05:00:00.000Z,Japan,Kansai,JP-KN,62.0,107.0,,53.0,,False,
2025-05-04T06:00:00.000Z,Japan,Kansai,JP-KN,70.0,116.0,,49.0,,False,
2025-05-04T07:00:00.000Z,Japan,Kansai,JP-KN,80.0,126.0,,43.0,,False,
2025-05-04T08:00:00.000Z,Japan,Kansai,JP-KN,105.0,152.0,,38.0,,False,
2025-05-04T09:00:00.000Z,Japan,Kansai,JP-KN,117.0,163.0,,34.0,,False,
2025-05-04T10:00:00.000Z,Japan,Kansai,JP-KN,127.0,174.0,,32.0,,False,
2025-05-04T11:00:00.000Z,Japan,Kansai,JP-KN,129.0,177.0,,30.0,,False,
2025-05-04T12:00:00.000Z,Japan,Kansai,JP-KN,127.0,175.0,,32.0,,False,
2025-05-04T13:00:00.000Z,Japan,Kansai,JP-KN,126.0,173.0,,32.0,,False,
2025-05-04T14:00:00.000Z,Japan,Kansai,JP-KN,126.0,174.0,,30.0,,False,
2025-05-04T15:00:00.000Z,Japan,Kansai,JP-KN,120.0,165.0,,32.0,,False,
2025-05-04T16:00:00.000Z,Japan,Kansai,JP-KN,133.0,182.0,,27.0,,False,
2025-05-04T17:00:00.000Z,Japan,Kansai,JP-KN,128.0,176.0,,29.0,,False,
2025-05-04T18:00:00.000Z,Japan,Kansai,JP-KN,116.0,161.0,,33.0,,False,
2025-05-04T19:00:00.000Z,Japan,Kansai,JP-KN,112.0,156.0,,34.0,,False,
2025-05-04T20:00:00.000Z,Japan,Kansai,JP-KN,114.0,159.0,,32.0,,False,
2025-05-04T21:00:00.000Z,Japan,Kansai,JP-KN,105.0,153.0,,33.0,,False,
2025-05-04T22:00:00.000Z,Japan,Kansai,JP-KN,79.0,125.0,,41.0,,False,
2025-05-04T23:00:00.000Z,Japan,Kansai,JP-KN,70.0,114.0,,49.0,,False,
2025-05-05T00:00:00.000Z,Japan,Kansai,JP-KN,75.0,120.0,,50.0,,False,
2025-05-05T01:00:00.000Z,Japan,Kansai,JP-KN,75.0,121.0,,52.0,,False,
2025-05-05T02:00:00.000Z,Japan,Kansai,JP-KN,76.0,121.0,,51.0,,False,
2025-05-05T03:00:00.000Z,Japan,Kansai,JP-KN,70.0,115.0,,52.0,,False,
2025-05-05T04:00:00.000Z,Japan,Kansai,JP-KN,68.0,113.0,,53.0,,False,
2025-05-05T05:00:00.000Z,Japan,Kansai,JP-KN,77.0,124.0,,50.0,,False,
2025-05-05T06:00:00.000Z,Japan,Kansai,JP-KN,88.0,135.0,,43.0,,False,
2025-05-05T07:00:00.000Z,Japan,Kansai,JP-KN,105.0,153.0,,37.0,,False,
2025-05-05T08:00:00.000Z,Japan,Kansai,JP-KN,133.0,185.0,,29.0,,False,
2025-05-05T09:00:00.000Z,Japan,Kansai,JP-KN,161.0,217.0,,25.0,,False,
2025-05-05T10:00:00.000Z,Japan,Kansai,JP-KN,170.0,228.0,,23.0,,False,
2025-05-05T11:00:00.000Z,Japan,Kansai,JP-KN,172.0,230.0,,22.0,,False,
2025-05-05T12:00:00.000Z,Japan,Kansai,JP-KN,183.0,240.0,,20.0,,False,
2025-05-05T13:00:00.000Z,Japan,Kansai,JP-KN,188.0,247.0,,18.0,,False,
2025-05-05T14:00:00.000Z,Japan,Kansai,JP-KN,182.0,240.0,,17.0,,False,
2025-05-05T15:00:00.000Z,Japan,Kansai,JP-KN,200.0,258.0,,16.0,,False,
2025-05-05T16:00:00.000Z,Japan,Kansai,JP-KN,198.0,256.0,,17.0,,False,
2025-05-05T17:00:00.000Z,Japan,Kansai,JP-KN,201.0,261.0,,15.0,,False,
2025-05-05T18:00:00.000Z,Japan,Kansai,JP-KN,201.0,262.0,,15.0,,False,
2025-05-05T19:00:00.000Z,Japan,Kansai,JP-KN,198.0,258.0,,15.0,,False,
2025-05-05T20:00:00.000Z,Japan,Kansai,JP-KN,194.0,253.0,,16.0,,False,
2025-05-05T21:00:00.000Z,Japan,Kansai,JP-KN,194.0,251.0,,19.0,,False,
2025-05-05T22:00:00.000Z,Japan,Kansai,JP-KN,178.0,233.0,,25.0,,False,
2025-05-05T23:00:00.000Z,Japan,Kansai,JP-KN,164.0,217.0,,30.0,,False,
2025-05-06T00:00:00.000Z,Japan,Kansai,JP-KN,156.0,207.0,,33.0,,False,
2025-05-06T01:00:00.000Z,Japan,Kansai,JP-KN,150.0,200.0,,34.0,,False,
2025-05-06T02:00:00.000Z,Japan,Kansai,JP-KN,143.0,194.0,,35.0,,False,
2025-05-06T03:00:00.000Z,Japan,Kansai,JP-KN,150.0,203.0,,34.0,,False,
2025-05-06T04:00:00.000Z,Japan,Kansai,JP-KN,154.0,206.0,,33.0,,False,
2025-05-06T05:00:00.000Z,Japan,Kansai,JP-KN,148.0,199.0,,34.0,,False,
2025-05-06T06:00:00.000Z,Japan,Kansai,JP-KN,158.0,209.0,,32.0,,False,
2025-05-06T07:00:00.000Z,Japan,Kansai,JP-KN,180.0,234.0,,27.0,,False,
2025-05-06T08:00:00.000Z,Japan,Kansai,JP-KN,188.0,243.0,,24.0,,False,
2025-05-06T09:00:00.000Z,Japan,Kansai,JP-KN,201.0,259.0,,21.0,,False,
2025-05-06T10:00:00.000Z,Japan,Kansai,JP-KN,201.0,259.0,,22.0,,False,
2025-05-06T11:00:00.000Z,Japan,Kansai,JP-KN,213.0,274.0,,19.0,,False,
2025-05-06T12:00:00.000Z,Japan,Kansai,JP-KN,215.0,277.0,,18.0,,False,
2025-05-06T13:00:00.000Z,Japan,Kansai,JP-KN,214.0,275.0,,17.0,,False,
2025-05-06T14:00:00.000Z,Japan,Kansai,JP-KN,206.0,266.0,,17.0,,False,
2025-05-06T15:00:00.000Z,Japan,Kansai,JP-KN,180.0,235.0,,21.0,,False,
2025-05-06T16:00:00.000Z,Japan,Kansai,JP-KN,169.0,222.0,,22.0,,False,
2025-05-06T17:00:00.000Z,Japan,Kansai,JP-KN,176.0,231.0,,21.0,,False,
2025-05-06T18:00:00.000Z,Japan,Kansai,JP-KN,181.0,239.0,,21.0,,False,
2025-05-06T19:00:00.000Z,Japan,Kansai,JP-KN,177.0,233.0,,23.0,,False,
2025-05-06T20:00:00.000Z,Japan,Kansai,JP-KN,172.0,228.0,,23.0,,False,
2025-05-06T21:00:00.000Z,Japan,Kansai,JP-KN,162.0,216.0,,26.0,,False,
2025-05-06T22:00:00.000Z,Japan,Kansai,JP-KN,135.0,188.0,,36.0,,False,
2025-05-06T23:00:00.000Z,Japan,Kansai,JP-KN,107.0,158.0,,45.0,,False,
2025-05-07T00:00:00.000Z,Japan,Kansai,JP-KN,93.0,142.0,,50.0,,False,
2025-05-07T01:00:00.000Z,Japan,Kansai,JP-KN,82.0,129.0,,54.0,,False,
2025-05-07T02:00:00.000Z,Japan,Kansai,JP-KN,80.0,128.0,,55.0,,False,
2025-05-07T03:00:00.000Z,Japan,Kansai,JP-KN,78.0,125.0,,56.0,,False,
2025-05-07T04:00:00.000Z,Japan,Kansai,JP-KN,81.0,128.0,,55.0,,False,
2025-05-07T05:00:00.000Z,Japan,Kansai,JP-KN,90.0,139.0,,52.0,,False,
2025-05-07T06:00:00.000Z,Japan,Kansai,JP-KN,107.0,158.0,,47.0,,False,
2025-05-07T07:00:00.000Z,Japan,Kansai,JP-KN,140.0,193.0,,40.0,,False,
2025-05-07T08:00:00.000Z,Japan,Kansai,JP-KN,168.0,225.0,,31.0,,False,
2025-05-07T09:00:00.000Z,Japan,Kansai,JP-KN,172.0,229.0,,28.0,,False,
2025-05-07T10:00:00.000Z,Japan,Kansai,JP-KN,173.0,229.0,,28.0,,False,
2025-05-07T11:00:00.000Z,Japan,Kansai,JP-KN,178.0,233.0,,28.0,,False,
2025-05-07T12:00:00.000Z,Japan,Kansai,JP-KN,180.0,236.0,,26.0,,False,
2025-05-07T13:00:00.000Z,Japan,Kansai,JP-KN,183.0,239.0,,25.0,,False,
2025-05-07T14:00:00.000Z,Japan,Kansai,JP-KN,180.0,236.0,,24.0,,False,
2025-05-07T15:00:00.000Z,Japan,Kansai,JP-KN,176.0,231.0,,25.0,,False,
2025-05-07T16:00:00.000Z,Japan,Kansai,JP-KN,176.0,229.0,,24.0,,False,
2025-05-07T17:00:00.000Z,Japan,Kansai,JP-KN,180.0,236.0,,24.0,,False,
2025-05-07T18:00:00.000Z,Japan,Kansai,JP-KN,185.0,243.0,,24.0,,False,
2025-05-07T19:00:00.000Z,Japan,Kansai,JP-KN,182.0,239.0,,25.0,,False,
2025-05-07T20:00:00.000Z,Japan,Kansai,JP-KN,174.0,229.0,,26.0,,False,
2025-05-07T21:00:00.000Z,Japan,Kansai,JP-KN,158.0,210.0,,31.0,,False,
2025-05-07T22:00:00.000Z,Japan,Kansai,JP-KN,131.0,184.0,,38.0,,False,
2025-05-07T23:00:00.000Z,Japan,Kansai,JP-KN,105.0,156.0,,46.0,,False,
2025-05-08T00:00:00.000Z,Japan,Kansai,JP-KN,86.0,134.0,,53.0,,False,
2025-05-08T01:00:00.000Z,Japan,Kansai,JP-KN,80.0,128.0,,56.0,,False,
2025-05-08T02:00:00.000Z,Japan,Kansai,JP-KN,78.0,126.0,,57.0,,False,
2025-05-08T03:00:00.000Z,Japan,Kansai,JP-KN,78.0,126.0,,56.0,,False,
2025-05-08T04:00:00.000Z,Japan,Kansai,JP-KN,87.0,136.0,,54.0,,False,
2025-05-08T05:00:00.000Z,Japan,Kansai,JP-KN,95.0,145.0,,52.0,,False,
2025-05-08T06:00:00.000Z,Japan,Kansai,JP-KN,116.0,169.0,,46.0,,False,
2025-05-08T07:00:00.000Z,Japan,Kansai,JP-KN,148.0,202.0,,39.0,,False,
2025-05-08T08:00:00.000Z,Japan,Kansai,JP-KN,183.0,242.0,,30.0,,False,
2025-05-08T09:00:00.000Z,Japan,Kansai,JP-KN,186.0,245.0,,28.0,,False,
2025-05-08T10:00:00.000Z,Japan,Kansai,JP-KN,182.0,239.0,,28.0,,False,
2025-05-08T11:00:00.000Z,Japan,Kansai,JP-KN,185.0,243.0,,27.0,,False,
2025-05-08T12:00:00.000Z,Japan,Kansai,JP-KN,196.0,255.0,,23.0,,False,
2025-05-08T13:00:00.000Z,Japan,Kansai,JP-KN,194.0,253.0,,23.0,,False,
2025-05-08T14:00:00.000Z,Japan,Kansai,JP-KN,195.0,254.0,,23.0,,False,
2025-05-08T15:00:00.000Z,Japan,Kansai,JP-KN,217.0,276.0,,19.0,,False,
2025-05-08T16:00:00.000Z,Japan,Kansai,JP-KN,218.0,276.0,,19.0,,False,
2025-05-08T17:00:00.000Z,Japan,Kansai,JP-KN,218.0,278.0,,18.0,,False,
2025-05-08T18:00:00.000Z,Japan,Kansai,JP-KN,207.0,265.0,,22.0,,False,
2025-05-08T19:00:00.000Z,Japan,Kansai,JP-KN,203.0,261.0,,22.0,,False,
2025-05-08T20:00:00.000Z,Japan,Kansai,JP-KN,203.0,259.0,,22.0,,False,
2025-05-08T21:00:00.000Z,Japan,Kansai,JP-KN,205.0,262.0,,22.0,,False,
2025-05-08T22:00:00.000Z,Japan,Kansai,JP-KN,213.0,272.0,,24.0,,False,
2025-05-08T23:00:00.000Z,Japan,Kansai,JP-KN,200.0,258.0,,29.0,,False,
2025-05-09T00:00:00.000Z,Japan,Kansai,JP-KN,196.0,253.0,,31.0,,False,
2025-05-09T01:00:00.000Z,Japan,Kansai,JP-KN,195.0,252.0,,32.0,,False,
2025-05-09T02:00:00.000Z,Japan,Kansai,JP-KN,189.0,245.0,,33.0,,False,
2025-05-09T03:00:00.000Z,Japan,Kansai,JP-KN,184.0,238.0,,32.0,,False,
2025-05-09T04:00:00.000Z,Japan,Kansai,JP-KN,195.0,249.0,,32.0,,False,
2025-05-09T05:00:00.000Z,Japan,Kansai,JP-KN,205.0,260.0,,30.0,,False,
2025-05-09T06:00:00.000Z,Japan,Kansai,JP-KN,213.0,271.0,,27.0,,False,
2025-05-09T07:00:00.000Z,Japan,Kansai,JP-KN,209.0,266.0,,27.0,,False,
2025-05-09T08:00:00.000Z,Japan,Kansai,JP-KN,213.0,269.0,,26.0,,False,
2025-05-09T09:00:00.000Z,Japan,Kansai,JP-KN,215.0,271.0,,26.0,,False,
2025-05-09T10:00:00.000Z,Japan,Kansai,JP-KN,219.0,275.0,,26.0,,False,
2025-05-09T11:00:00.000Z,Japan,Kansai,JP-KN,222.0,278.0,,25.0,,False,
2025-05-09T12:00:00.000Z,Japan,Kansai,JP-KN,220.0,275.0,,26.0,,False,
2025-05-09T13:00:00.000Z,Japan,Kansai,JP-KN,218.0,273.0,,25.0,,False,
2025-05-09T14:00:00.000Z,Japan,Kansai,JP-KN,208.0,264.0,,24.0,,False,
2025-05-09T15:00:00.000Z,Japan,Kansai,JP-KN,196.0,249.0,,24.0,,False,
2025-05-09T16:00:00.000Z,Japan,Kansai,JP-KN,183.0,236.0,,24.0,,False,
2025-05-09T17:00:00.000Z,Japan,Kansai,JP-KN,186.0,242.0,,23.0,,False,
2025-05-09T18:00:00.000Z,Japan,Kansai,JP-KN,185.0,240.0,,25.0,,False,
2025-05-09T19:00:00.000Z,Japan,Kansai,JP-KN,181.0,238.0,,25.0,,False,
2025-05-09T20:00:00.000Z,Japan,Kansai,JP-KN,174.0,228.0,,25.0,,False,
2025-05-09T21:00:00.000Z,Japan,Kansai,JP-KN,157.0,207.0,,28.0,,False,
2025-05-09T22:00:00.000Z,Japan,Kansai,JP-KN,152.0,199.0,,34.0,,False,
2025-05-09T23:00:00.000Z,Japan,Kansai,JP-KN,142.0,188.0,,38.0,,False,
2025-05-10T00:00:00.000Z,Japan,Kansai,JP-KN,121.0,166.0,,43.0,,False,
2025-05-10T01:00:00.000Z,Japan,Kansai,JP-KN,119.0,165.0,,47.0,,False,
2025-05-10T02:00:00.000Z,Japan,Kansai,JP-KN,114.0,159.0,,48.0,,False,
2025-05-10T03:00:00.000Z,Japan,Kansai,JP-KN,108.0,153.0,,50.0,,False,
2025-05-10T04:00:00.000Z,Japan,Kansai,JP-KN,106.0,152.0,,50.0,,False,
2025-05-10T05:00:00.000Z,Japan,Kansai,JP-KN,103.0,148.0,,49.0,,False,
2025-05-10T06:00:00.000Z,Japan,Kansai,JP-KN,118.0,165.0,,45.0,,False,
2025-05-10T07:00:00.000Z,Japan,Kansai,JP-KN,143.0,193.0,,39.0,,False,
2025-05-10T08:00:00.000Z,Japan,Kansai,JP-KN,183.0,238.0,,30.0,,False,
2025-05-10T09:00:00.000Z,Japan,Kansai,JP-KN,201.0,260.0,,25.0,,False,
2025-05-10T10:00:00.000Z,Japan,Kansai,JP-KN,205.0,264.0,,25.0,,False,
2025-05-10T11:00:00.000Z,Japan,Kansai,JP-KN,212.0,270.0,,24.0,,False,
2025-05-10T12:00:00.000Z,Japan,Kansai,JP-KN,211.0,268.0,,23.0,,False,
2025-05-10T13:00:00.000Z,Japan,Kansai,JP-KN,207.0,264.0,,22.0,,False,
2025-05-10T14:00:00.000Z,Japan,Kansai,JP-KN,198.0,255.0,,22.0,,False,
2025-05-10T15:00:00.000Z,Japan,Kansai,JP-KN,187.0,240.0,,24.0,,False,
2025-05-10T16:00:00.000Z,Japan,Kansai,JP-KN,184.0,235.0,,24.0,,False,
2025-05-10T17:00:00.000Z,Japan,Kansai,JP-KN,189.0,240.0,,24.0,,False,
2025-05-10T18:00:00.000Z,Japan,Kansai,JP-KN,195.0,248.0,,24.0,,False,
2025-05-10T19:00:00.000Z,Japan,Kansai,JP-KN,187.0,243.0,,23.0,,False,
2025-05-10T20:00:00.000Z,Japan,Kansai,JP-KN,173.0,226.0,,25.0,,False,
2025-05-10T21:00:00.000Z,Japan,Kansai,JP-KN,149.0,199.0,,30.0,,False,
2025-05-10T22:00:00.000Z,Japan,Kansai,JP-KN,117.0,163.0,,38.0,,False,
2025-05-10T23:00:00.000Z,Japan,Kansai,JP-KN,92.0,136.0,,47.0,,False,
2025-05-11T00:00:00.000Z,Japan,Kansai,JP-KN,89.0,134.0,,50.0,,False,
2025-05-11T01:00:00.000Z,Japan,Kansai,JP-KN,86.0,130.0,,51.0,,False,
2025-05-11T02:00:00.000Z,Japan,Kansai,JP-KN,90.0,136.0,,50.0,,False,
2025-05-11T03:00:00.000Z,Japan,Kansai,JP-KN,91.0,136.0,,48.0,,False,
2025-05-11T04:00:00.000Z,Japan,Kansai,JP-KN,104.0,149.0,,44.0,,False,
2025-05-11T05:00:00.000Z,Japan,Kansai,JP-KN,107.0,151.0,,41.0,,False,
2025-05-11T06:00:00.000Z,Japan,Kansai,JP-KN,138.0,184.0,,35.0,,False,
2025-05-11T07:00:00.000Z,Japan,Kansai,JP-KN,163.0,213.0,,32.0,,False,
2025-05-11T08:00:00.000Z,Japan,Kansai,JP-KN,179.0,232.0,,29.0,,False,
2025-05-11T09:00:00.000Z,Japan,Kansai,JP-KN,195.0,249.0,,28.0,,False,
2025-05-11T10:00:00.000Z,Japan,Kansai,JP-KN,199.0,253.0,,27.0,,False,
2025-05-11T11:00:00.000Z,Japan,Kansai,JP-KN,204.0,259.0,,25.0,,False,
2025-05-11T12:00:00.000Z,Japan,Kansai,JP-KN,207.0,263.0,,23.0,,False,
2025-05-11T13:00:00.000Z,Japan,Kansai,JP-KN,204.0,259.0,,23.0,,False,
2025-05-11T14:00:00.000Z,Japan,Kansai,JP-KN,199.0,252.0,,23.0,,False,
2025-05-11T15:00:00.000Z,Japan,Kansai,JP-KN,198.0,251.0,,21.0,,False,
2025-05-11T16:00:00.000Z,Japan,Kansai,JP-KN,199.0,251.0,,21.0,,False,
2025-05-11T17:00:00.000Z,Japan,Kansai,JP-KN,206.0,258.0,,21.0,,False,
2025-05-11T18:00:00.000Z,Japan,Kansai,JP-KN,215.0,270.0,,21.0,,False,
2025-05-11T19:00:00.000Z,Japan,Kansai,JP-KN,216.0,272.0,,21.0,,False,
2025-05-11T20:00:00.000Z,Japan,Kansai,JP-KN,213.0,269.0,,21.0,,False,
2025-05-11T21:00:00.000Z,Japan,Kansai,JP-KN,207.0,261.0,,24.0,,False,
2025-05-11T22:00:00.000Z,Japan,Kansai,JP-KN,187.0,240.0,,30.0,,False,
2025-05-11T23:00:00.000Z,Japan,Kansai,JP-KN,175.0,230.0,,35.0,,False,
2025-05-12T00:00:00.000Z,Japan,Kansai,JP-KN,147.0,198.0,,42.0,,False,
2025-05-12T01:00:00.000Z,Japan,Kansai,JP-KN,126.0,175.0,,47.0,,False,
2025-05-12T02:00:00.000Z,Japan,Kansai,JP-KN,124.0,174.0,,48.0,,False,
2025-05-12T03:00:00.000Z,Japan,Kansai,JP-KN,121.0,170.0,,49.0,,False,
2025-05-12T04:00:00.000Z,Japan,Kansai,JP-KN,123.0,172.0,,49.0,,False,
2025-05-12T05:00:00.000Z,Japan,Kansai,JP-KN,133.0,184.0,,46.0,,False,
2025-05-12T06:00:00.000Z,Japan,Kansai,JP-KN,148.0,200.0,,41.0,,False,
2025-05-12T07:00:00.000Z,Japan,Kansai,JP-KN,184.0,239.0,,35.0,,False,
2025-05-12T08:00:00.000Z,Japan,Kansai,JP-KN,222.0,278.0,,28.0,,False,
2025-05-12T09:00:00.000Z,Japan,Kansai,JP-KN,232.0,290.0,,25.0,,False,
2025-05-12T10:00:00.000Z,Japan,Kansai,JP-KN,235.0,294.0,,23.0,,False,
2025-05-12T11:00:00.000Z,Japan,Kansai,JP-KN,235.0,296.0,,22.0,,False,
2025-05-12T12:00:00.000Z,Japan,Kansai,JP-KN,236.0,296.0,,21.0,,False,
2025-05-12T13:00:00.000Z,Japan,Kansai,JP-KN,232.0,292.0,,20.0,,False,
2025-05-12T14:00:00.000Z,Japan,Kansai,JP-KN,224.0,284.0,,20.0,,False,
2025-05-12T15:00:00.000Z,Japan,Kansai,JP-KN,210.0,266.0,,22.0,,False,
2025-05-12T16:00:00.000Z,Japan,Kansai,JP-KN,206.0,260.0,,23.0,,False,
2025-05-12T17:00:00.000Z,Japan,Kansai,JP-KN,210.0,265.0,,23.0,,False,
2025-05-12T18:00:00.000Z,Japan,Kansai,JP-KN,218.0,274.0,,22.0,,False,
2025-05-12T19:00:00.000Z,Japan,Kansai,JP-KN,219.0,276.0,,22.0,,False,
2025-05-12T20:00:00.000Z,Japan,Kansai,JP-KN,209.0,265.0,,24.0,,False,
2025-05-12T21:00:00.000Z,Japan,Kansai,JP-KN,181.0,235.0,,29.0,,False,
2025-05-12T22:00:00.000Z,Japan,Kansai,JP-KN,146.0,197.0,,39.0,,False,
2025-05-12T23:00:00.000Z,Japan,Kansai,JP-KN,130.0,180.0,,46.0,,False,
2025-05-13T00:00:00.000Z,Japan,Kansai,JP-KN,116.0,165.0,,51.0,,False,
2025-05-13T01:00:00.000Z,Japan,Kansai,JP-KN,108.0,156.0,,53.0,,False,
2025-05-13T02:00:00.000Z,Japan,Kansai,JP-KN,104.0,151.0,,55.0,,False,
2025-05-13T03:00:00.000Z,Japan,Kansai,JP-KN,102.0,149.0,,55.0,,False,
2025-05-13T04:00:00.000Z,Japan,Kansai,JP-KN,102.0,149.0,,54.0,,False,
2025-05-13T05:00:00.000Z,Japan,Kansai,JP-KN,110.0,158.0,,52.0,,False,
2025-05-13T06:00:00.000Z,Japan,Kansai,JP-KN,135.0,185.0,,46.0,,False,
2025-05-13T07:00:00.000Z,Japan,Kansai,JP-KN,173.0,227.0,,38.0,,False,
2025-05-13T08:00:00.000Z,Japan,Kansai,JP-KN,213.0,271.0,,29.0,,False,
2025-05-13T09:00:00.000Z,Japan,Kansai,JP-KN,234.0,295.0,,24.0,,False,
2025-05-13T10:00:00.000Z,Japan,Kansai,JP-KN,234.0,295.0,,23.0,,False,
2025-05-13T11:00:00.000Z,Japan,Kansai,JP-KN,240.0,301.0,,21.0,,False,
2025-05-13T12:00:00.000Z,Japan,Kansai,JP-KN,238.0,300.0,,20.0,,False,
2025-05-13T13:00:00.000Z,Japan,Kansai,JP-KN,232.0,293.0,,20.0,,False,
2025-05-13T14:00:00.000Z,Japan,Kansai,JP-KN,227.0,285.0,,21.0,,False,
2025-05-13T15:00:00.000Z,Japan,Kansai,JP-KN,212.0,266.0,,23.0,,False,
2025-05-13T16:00:00.000Z,Japan,Kansai,JP-KN,203.0,257.0,,23.0,,False,
2025-05-13T17:00:00.000Z,Japan,Kansai,JP-KN,206.0,261.0,,22.0,,False,
2025-05-13T18:00:00.000Z,Japan,Kansai,JP-KN,212.0,268.0,,22.0,,False,
2025-05-13T19:00:00.000Z,Japan,Kansai,JP-KN,217.0,274.0,,22.0,,False,
2025-05-13T20:00:00.000Z,Japan,Kansai,JP-KN,211.0,266.0,,23.0,,False,
2025-05-13T21:00:00.000Z,Japan,Kansai,JP-KN,179.0,228.0,,29.0,,False,
2025-05-13T22:00:00.000Z,Japan,Kansai,JP-KN,159.0,209.0,,37.0,,False,
2025-05-13T23:00:00.000Z,Japan,Kansai,JP-KN,133.0,183.0,,45.0,,False,
2025-05-14T00:00:00.000Z,Japan,Kansai,JP-KN,115.0,164.0,,51.0,,False,
2025-05-14T01:00:00.000Z,Japan,Kansai,JP-KN,109.0,158.0,,53.0,,False,
2025-05-14T02:00:00.000Z,Japan,Kansai,JP-KN,111.0,160.0,,53.0,,False,
2025-05-14T03:00:00.000Z,Japan,Kansai,JP-KN,113.0,163.0,,53.0,,False,
2025-05-14T04:00:00.000Z,Japan,Kansai,JP-KN,113.0,162.0,,53.0,,False,
2025-05-14T05:00:00.000Z,Japan,Kansai,JP-KN,126.0,177.0,,49.0,,False,
2025-05-14T06:00:00.000Z,Japan,Kansai,JP-KN,139.0,192.0,,44.0,,False,
2025-05-14T07:00:00.000Z,Japan,Kansai,JP-KN,172.0,226.0,,38.0,,False,
2025-05-14T08:00:00.000Z,Japan,Kansai,JP-KN,209.0,266.0,,30.0,,False,
2025-05-14T09:00:00.000Z,Japan,Kansai,JP-KN,236.0,297.0,,24.0,,False,
2025-05-14T10:00:00.000Z,Japan,Kansai,JP-KN,240.0,301.0,,22.0,,False,
2025-05-14T11:00:00.000Z,Japan,Kansai,JP-KN,242.0,304.0,,21.0,,False,
2025-05-14T12:00:00.000Z,Japan,Kansai,JP-KN,235.0,296.0,,21.0,,False,
2025-05-14T13:00:00.000Z,Japan,Kansai,JP-KN,229.0,289.0,,20.0,,False,
2025-05-14T14:00:00.000Z,Japan,Kansai,JP-KN,223.0,283.0,,19.0,,False,
2025-05-14T15:00:00.000Z,Japan,Kansai,JP-KN,215.0,272.0,,21.0,,False,
2025-05-14T16:00:00.000Z,Japan,Kansai,JP-KN,206.0,262.0,,21.0,,False,
2025-05-14T17:00:00.000Z,Japan,Kansai,JP-KN,209.0,264.0,,22.0,,False,
2025-05-14T18:00:00.000Z,Japan,Kansai,JP-KN,218.0,275.0,,21.0,,False,
2025-05-14T19:00:00.000Z,Japan,Kansai,JP-KN,218.0,276.0,,20.0,,False,
2025-05-14T20:00:00.000Z,Japan,Kansai,JP-KN,211.0,268.0,,22.0,,False,
2025-05-14T21:00:00.000Z,Japan,Kansai,JP-KN,191.0,245.0,,28.0,,False,
2025-05-14T22:00:00.000Z,Japan,Kansai,JP-KN,157.0,209.0,,36.0,,False,
2025-05-14T23:00:00.000Z,Japan,Kansai,JP-KN,135.0,185.0,,44.0,,False,
2025-05-15T00:00:00.000Z,Japan,Kansai,JP-KN,130.0,180.0,,47.0,,False,
2025-05-15T01:00:00.000Z,Japan,Kansai,JP-KN,126.0,176.0,,48.0,,False,
2025-05-15T02:00:00.000Z,Japan,Kansai,JP-KN,131.0,182.0,,46.0,,False,
2025-05-15T03:00:00.000Z,Japan,Kansai,JP-KN,130.0,182.0,,46.0,,False,
2025-05-15T04:00:00.000Z,Japan,Kansai,JP-KN,139.0,191.0,,45.0,,False,
2025-05-15T05:00:00.000Z,Japan,Kansai,JP-KN,151.0,204.0,,43.0,,False,
2025-05-15T06:00:00.000Z,Japan,Kansai,JP-KN,165.0,218.0,,40.0,,False,
2025-05-15T07:00:00.000Z,Japan,Kansai,JP-KN,186.0,240.0,,34.0,,False,
2025-05-15T08:00:00.000Z,Japan,Kansai,JP-KN,216.0,274.0,,27.0,,False,
2025-05-15T09:00:00.000Z,Japan,Kansai,JP-KN,225.0,284.0,,25.0,,False,
2025-05-15T10:00:00.000Z,Japan,Kansai,JP-KN,225.0,284.0,,24.0,,False,
2025-05-15T11:00:00.000Z,Japan,Kansai,JP-KN,230.0,291.0,,22.0,,False,
2025-05-15T12:00:00.000Z,Japan,Kansai,JP-KN,229.0,289.0,,21.0,,False,
2025-05-15T13:00:00.000Z,Japan,Kansai,JP-KN,229.0,288.0,,20.0,,False,
2025-05-15T14:00:00.000Z,Japan,Kansai,JP-KN,221.0,279.0,,20.0,,False,
2025-05-15T15:00:00.000Z,Japan,Kansai,JP-KN,227.0,284.0,,20.0,,False,
2025-05-15T16:00:00.000Z,Japan,Kansai,JP-KN,221.0,277.0,,20.0,,False,
2025-05-15T17:00:00.000Z,Japan,Kansai,JP-KN,227.0,283.0,,20.0,,False,
2025-05-15T18:00:00.000Z,Japan,Kansai,JP-KN,229.0,286.0,,20.0,,False,
2025-05-15T19:00:00.000Z,Japan,Kansai,JP-KN,222.0,279.0,,21.0,,False,
2025-05-15T20:00:00.000Z,Japan,Kansai,JP-KN,213.0,268.0,,22.0,,False,
2025-05-15T21:00:00.000Z,Japan,Kansai,JP-KN,207.0,261.0,,24.0,,False,
2025-05-15T22:00:00.000Z,Japan,Kansai,JP-KN,201.0,255.0,,26.0,,False,
2025-05-15T23:00:00.000Z,Japan,Kansai,JP-KN,200.0,255.0,,31.0,,False,
2025-05-16T00:00:00.000Z,Japan,Kansai,JP-KN,192.0,246.0,,35.0,,False,
2025-05-16T01:00:00.000Z,Japan,Kansai,JP-KN,190.0,246.0,,35.0,,False,
2025-05-16T02:00:00.000Z,Japan,Kansai,JP-KN,182.0,238.0,,37.0,,False,
2025-05-16T03:00:00.000Z,Japan,Kansai,JP-KN,188.0,244.0,,36.0,,False,
2025-05-16T04:00:00.000Z,Japan,Kansai,JP-KN,194.0,251.0,,33.0,,False,
2025-05-16T05:00:00.000Z,Japan,Kansai,JP-KN,190.0,247.0,,33.0,,False,
2025-05-16T06:00:00.000Z,Japan,Kansai,JP-KN,203.0,264.0,,30.0,,False,
2025-05-16T07:00:00.000Z,Japan,Kansai,JP-KN,210.0,275.0,,27.0,,False,
2025-05-16T08:00:00.000Z,Japan,Kansai,JP-KN,216.0,280.0,,26.0,,False,
2025-05-16T09:00:00.000Z,Japan,Kansai,JP-KN,217.0,277.0,,25.0,,False,
2025-05-16T10:00:00.000Z,Japan,Kansai,JP-KN,222.0,281.0,,24.0,,False,
2025-05-16T11:00:00.000Z,Japan,Kansai,JP-KN,226.0,286.0,,24.0,,False,
2025-05-16T12:00:00.000Z,Japan,Kansai,JP-KN,223.0,282.0,,24.0,,False,
2025-05-16T13:00:00.000Z,Japan,Kansai,JP-KN,222.0,280.0,,23.0,,False,
2025-05-16T14:00:00.000Z,Japan,Kansai,JP-KN,217.0,275.0,,22.0,,False,
2025-05-16T15:00:00.000Z,Japan,Kansai,JP-KN,203.0,258.0,,23.0,,False,
2025-05-16T16:00:00.000Z,Japan,Kansai,JP-KN,204.0,260.0,,22.0,,False,
2025-05-16T17:00:00.000Z,Japan,Kansai,JP-KN,206.0,262.0,,22.0,,False,
2025-05-16T18:00:00.000Z,Japan,Kansai,JP-KN,210.0,269.0,,21.0,,False,
2025-05-16T19:00:00.000Z,Japan,Kansai,JP-KN,207.0,267.0,,20.0,,False,
2025-05-16T20:00:00.000Z,Japan,Kansai,JP-KN,203.0,261.0,,22.0,,False,
2025-05-16T21:00:00.000Z,Japan,Kansai,JP-KN,191.0,248.0,,23.0,,False,
2025-05-16T22:00:00.000Z,Japan,Kansai,JP-KN,190.0,246.0,,25.0,,False,
2025-05-16T23:00:00.000Z,Japan,Kansai,JP-KN,186.0,242.0,,28.0,,False,
2025-05-17T00:00:00.000Z,Japan,Kansai,JP-KN,178.0,234.0,,31.0,,False,
2025-05-17T01:00:00.000Z,Japan,Kansai,JP-KN,167.0,221.0,,35.0,,False,
2025-05-17T02:00:00.000Z,Japan,Kansai,JP-KN,163.0,215.0,,38.0,,False,
2025-05-17T03:00:00.000Z,Japan,Kansai,JP-KN,155.0,207.0,,38.0,,False,
2025-05-17T04:00:00.000Z,Japan,Kansai,JP-KN,146.0,197.0,,40.0,,False,
2025-05-17T05:00:00.000Z,Japan,Kansai,JP-KN,145.0,197.0,,40.0,,False,
2025-05-17T06:00:00.000Z,Japan,Kansai,JP-KN,150.0,203.0,,38.0,,False,
2025-05-17T07:00:00.000Z,Japan,Kansai,JP-KN,176.0,232.0,,31.0,,False,
2025-05-17T08:00:00.000Z,Japan,Kansai,JP-KN,196.0,254.0,,26.0,,False,
2025-05-17T09:00:00.000Z,Japan,Kansai,JP-KN,203.0,262.0,,24.0,,False,
2025-05-17T10:00:00.000Z,Japan,Kansai,JP-KN,202.0,262.0,,24.0,,False,
2025-05-17T11:00:00.000Z,Japan,Kansai,JP-KN,217.0,277.0,,22.0,,False,
2025-05-17T12:00:00.000Z,Japan,Kansai,JP-KN,219.0,277.0,,23.0,,False,
2025-05-17T13:00:00.000Z,Japan,Kansai,JP-KN,212.0,269.0,,23.0,,False,
2025-05-17T14:00:00.000Z,Japan,Kansai,JP-KN,212.0,269.0,,21.0,,False,
2025-05-17T15:00:00.000Z,Japan,Kansai,JP-KN,199.0,254.0,,22.0,,False,
2025-05-17T16:00:00.000Z,Japan,Kansai,JP-KN,192.0,247.0,,22.0,,False,
2025-05-17T17:00:00.000Z,Japan,Kansai,JP-KN,196.0,251.0,,22.0,,False,
2025-05-17T18:00:00.000Z,Japan,Kansai,JP-KN,197.0,254.0,,22.0,,False,
2025-05-17T19:00:00.000Z,Japan,Kansai,JP-KN,183.0,239.0,,24.0,,False,
2025-05-17T20:00:00.000Z,Japan,Kansai,JP-KN,174.0,226.0,,25.0,,False,
2025-05-17T21:00:00.000Z,Japan,Kansai,JP-KN,156.0,204.0,,31.0,,False,
2025-05-17T22:00:00.000Z,Japan,Kansai,JP-KN,120.0,165.0,,41.0,,False,
2025-05-17T23:00:00.000Z,Japan,Kansai,JP-KN,101.0,146.0,,47.0,,False,
2025-05-18T00:00:00.000Z,Japan,Kansai,JP-KN,91.0,137.0,,50.0,,False,
2025-05-18T01:00:00.000Z,Japan,Kansai,JP-KN,90.0,135.0,,52.0,,False,
2025-05-18T02:00:00.000Z,Japan,Kansai,JP-KN,95.0,140.0,,51.0,,False,
2025-05-18T03:00:00.000Z,Japan,Kansai,JP-KN,101.0,147.0,,48.0,,False,
2025-05-18T04:00:00.000Z,Japan,Kansai,JP-KN,114.0,160.0,,43.0,,False,
2025-05-18T05:00:00.000Z,Japan,Kansai,JP-KN,139.0,186.0,,38.0,,False,
2025-05-18T06:00:00.000Z,Japan,Kansai,JP-KN,167.0,217.0,,32.0,,False,
2025-05-18T07:00:00.000Z,Japan,Kansai,JP-KN,184.0,237.0,,28.0,,False,
2025-05-18T08:00:00.000Z,Japan,Kansai,JP-KN,207.0,265.0,,25.0,,False,
2025-05-18T09:00:00.000Z,Japan,Kansai,JP-KN,214.0,272.0,,24.0,,False,
2025-05-18T10:00:00.000Z,Japan,Kansai,JP-KN,218.0,277.0,,23.0,,False,
2025-05-18T11:00:00.000Z,Japan,Kansai,JP-KN,222.0,282.0,,21.0,,False,
2025-05-18T12:00:00.000Z,Japan,Kansai,JP-KN,215.0,273.0,,22.0,,False,
2025-05-18T13:00:00.000Z,Japan,Kansai,JP-KN,217.0,275.0,,22.0,,False,
2025-05-18T14:00:00.000Z,Japan,Kansai,JP-KN,208.0,265.0,,21.0,,False,
2025-05-18T15:00:00.000Z,Japan,Kansai,JP-KN,199.0,255.0,,21.0,,False,
2025-05-18T16:00:00.000Z,Japan,Kansai,JP-KN,188.0,244.0,,21.0,,False,
2025-05-18T17:00:00.000Z,Japan,Kansai,JP-KN,192.0,248.0,,22.0,,False,
2025-05-18T18:00:00.000Z,Japan,Kansai,JP-KN,200.0,256.0,,22.0,,False,
2025-05-18T19:00:00.000Z,Japan,Kansai,JP-KN,203.0,258.0,,23.0,,False,
2025-05-18T20:00:00.000Z,Japan,Kansai,JP-KN,205.0,259.0,,23.0,,False,
2025-05-18T21:00:00.000Z,Japan,Kansai,JP-KN,184.0,236.0,,29.0,,False,
2025-05-18T22:00:00.000Z,Japan,Kansai,JP-KN,156.0,207.0,,37.0,,False,
2025-05-18T23:00:00.000Z,Japan,Kansai,JP-KN,144.0,197.0,,42.0,,False,
2025-05-19T00:00:00.000Z,Japan,Kansai,JP-KN,129.0,181.0,,46.0,,False,
2025-05-19T01:00:00.000Z,Japan,Kansai,JP-KN,117.0,167.0,,50.0,,False,
2025-05-19T02:00:00.000Z,Japan,Kansai,JP-KN,114.0,165.0,,50.0,,False,
2025-05-19T03:00:00.000Z,Japan,Kansai,JP-KN,115.0,166.0,,49.0,,False,
2025-05-19T04:00:00.000Z,Japan,Kansai,JP-KN,122.0,174.0,,47.0,,False,
2025-05-19T05:00:00.000Z,Japan,Kansai,JP-KN,137.0,188.0,,45.0,,False,
2025-05-19T06:00:00.000Z,Japan,Kansai,JP-KN,159.0,210.0,,40.0,,False,
2025-05-19T07:00:00.000Z,Japan,Kansai,JP-KN,190.0,244.0,,33.0,,False,
2025-05-19T08:00:00.000Z,Japan,Kansai,JP-KN,221.0,278.0,,25.0,,False,
2025-05-19T09:00:00.000Z,Japan,Kansai,JP-KN,232.0,290.0,,23.0,,False,
2025-05-19T10:00:00.000Z,Japan,Kansai,JP-KN,228.0,286.0,,22.0,,False,
2025-05-19T11:00:00.000Z,Japan,Kansai,JP-KN,232.0,290.0,,22.0,,False,
2025-05-19T12:00:00.000Z,Japan,Kansai,JP-KN,233.0,291.0,,21.0,,False,
2025-05-19T13:00:00.000Z,Japan,Kansai,JP-KN,230.0,289.0,,20.0,,False,
2025-05-19T14:00:00.000Z,Japan,Kansai,JP-KN,225.0,282.0,,20.0,,False,
2025-05-19T15:00:00.000Z,Japan,Kansai,JP-KN,224.0,280.0,,19.0,,False,
2025-05-19T16:00:00.000Z,Japan,Kansai,JP-KN,218.0,273.0,,20.0,,False,
2025-05-19T17:00:00.000Z,Japan,Kansai,JP-KN,217.0,272.0,,20.0,,False,
2025-05-19T18:00:00.000Z,Japan,Kansai,JP-KN,222.0,279.0,,19.0,,False,
2025-05-19T19:00:00.000Z,Japan,Kansai,JP-KN,213.0,270.0,,20.0,,False,
2025-05-19T20:00:00.000Z,Japan,Kansai,JP-KN,201.0,255.0,,23.0,,False,
2025-05-19T21:00:00.000Z,Japan,Kansai,JP-KN,186.0,238.0,,28.0,,False,
2025-05-19T22:00:00.000Z,Japan,Kansai,JP-KN,156.0,205.0,,37.0,,False,
2025-05-19T23:00:00.000Z,Japan,Kansai,JP-KN,136.0,186.0,,44.0,,False,
2025-05-20T00:00:00.000Z,Japan,Kansai,JP-KN,122.0,171.0,,49.0,,False,
2025-05-20T01:00:00.000Z,Japan,Kansai,JP-KN,112.0,161.0,,52.0,,False,
2025-05-20T02:00:00.000Z,Japan,Kansai,JP-KN,111.0,160.0,,53.0,,False,
2025-05-20T03:00:00.000Z,Japan,Kansai,JP-KN,115.0,165.0,,52.0,,False,
2025-05-20T04:00:00.000Z,Japan,Kansai,JP-KN,120.0,170.0,,51.0,,False,
2025-05-20T05:00:00.000Z,Japan,Kansai,JP-KN,135.0,187.0,,48.0,,False,
2025-05-20T06:00:00.000Z,Japan,Kansai,JP-KN,161.0,214.0,,42.0,,False,
2025-05-20T07:00:00.000Z,Japan,Kansai,JP-KN,195.0,252.0,,34.0,,False,
2025-05-20T08:00:00.000Z,Japan,Kansai,JP-KN,213.0,272.0,,28.0,,False,
2025-05-20T09:00:00.000Z,Japan,Kansai,JP-KN,224.0,284.0,,24.0,,False,
2025-05-20T10:00:00.000Z,Japan,Kansai,JP-KN,229.0,289.0,,23.0,,False,
2025-05-20T11:00:00.000Z,Japan,Kansai,JP-KN,230.0,291.0,,21.0,,False,
2025-05-20T12:00:00.000Z,Japan,Kansai,JP-KN,231.0,292.0,,20.0,,False,
2025-05-20T13:00:00.000Z,Japan,Kansai,JP-KN,230.0,291.0,,20.0,,False,
2025-05-20T14:00:00.000Z,Japan,Kansai,JP-KN,229.0,289.0,,19.0,,False,
2025-05-20T15:00:00.000Z,Japan,Kansai,JP-KN,234.0,294.0,,18.0,,False,
2025-05-20T16:00:00.000Z,Japan,Kansai,JP-KN,240.0,302.0,,17.0,,False,
2025-05-20T17:00:00.000Z,Japan,Kansai,JP-KN,242.0,306.0,,16.0,,False,
2025-05-20T18:00:00.000Z,Japan,Kansai,JP-KN,245.0,308.0,,16.0,,False,
2025-05-20T19:00:00.000Z,Japan,Kansai,JP-KN,237.0,299.0,,18.0,,False,
2025-05-20T20:00:00.000Z,Japan,Kansai,JP-KN,239.0,301.0,,18.0,,False,
2025-05-20T21:00:00.000Z,Japan,Kansai,JP-KN,231.0,292.0,,22.0,,False,
2025-05-20T22:00:00.000Z,Japan,Kansai,JP-KN,218.0,278.0,,27.0,,False,
2025-05-20T23:00:00.000Z,Japan,Kansai,JP-KN,201.0,260.0,,32.0,,False,
2025-05-21T00:00:00.000Z,Japan,Kansai,JP-KN,189.0,246.0,,37.0,,False,
2025-05-21T01:00:00.000Z,Japan,Kansai,JP-KN,175.0,230.0,,41.0,,False,
2025-05-21T02:00:00.000Z,Japan,Kansai,JP-KN,173.0,229.0,,41.0,,False,
2025-05-21T03:00:00.000Z,Japan,Kansai,JP-KN,183.0,239.0,,39.0,,False,
2025-05-21T04:00:00.000Z,Japan,Kansai,JP-KN,200.0,259.0,,35.0,,False,
2025-05-21T05:00:00.000Z,Japan,Kansai,JP-KN,214.0,275.0,,32.0,,False,
2025-05-21T06:00:00.000Z,Japan,Kansai,JP-KN,225.0,287.0,,29.0,,False,
2025-05-21T07:00:00.000Z,Japan,Kansai,JP-KN,228.0,290.0,,27.0,,False,
2025-05-21T08:00:00.000Z,Japan,Kansai,JP-KN,232.0,293.0,,25.0,,False,
2025-05-21T09:00:00.000Z,Japan,Kansai,JP-KN,237.0,298.0,,23.0,,False,
2025-05-21T10:00:00.000Z,Japan,Kansai,JP-KN,243.0,304.0,,22.0,,False,
2025-05-21T11:00:00.000Z,Japan,Kansai,JP-KN,242.0,303.0,,22.0,,False,
2025-05-21T12:00:00.000Z,Japan,Kansai,JP-KN,248.0,309.0,,21.0,,False,
2025-05-21T13:00:00.000Z,Japan,Kansai,JP-KN,251.0,313.0,,19.0,,False,
2025-05-21T14:00:00.000Z,Japan,Kansai,JP-KN,252.0,313.0,,18.0,,False,
2025-05-21T15:00:00.000Z,Japan,Kansai,JP-KN,253.0,314.0,,17.0,,False,
2025-05-21T16:00:00.000Z,Japan,Kansai,JP-KN,247.0,308.0,,17.0,,False,
2025-05-21T17:00:00.000Z,Japan,Kansai,JP-KN,248.0,309.0,,17.0,,False,
2025-05-21T18:00:00.000Z,Japan,Kansai,JP-KN,253.0,314.0,,17.0,,False,
2025-05-21T19:00:00.000Z,Japan,Kansai,JP-KN,238.0,299.0,,19.0,,False,
2025-05-21T20:00:00.000Z,Japan,Kansai,JP-KN,233.0,292.0,,21.0,,False,
2025-05-21T21:00:00.000Z,Japan,Kansai,JP-KN,241.0,300.0,,20.0,,False,
2025-05-21T22:00:00.000Z,Japan,Kansai,JP-KN,222.0,280.0,,24.0,,False,
2025-05-21T23:00:00.000Z,Japan,Kansai,JP-KN,192.0,250.0,,33.0,,False,
2025-05-22T00:00:00.000Z,Japan,Kansai,JP-KN,180.0,239.0,,37.0,,False,
2025-05-22T01:00:00.000Z,Japan,Kansai,JP-KN,183.0,241.0,,38.0,,False,
2025-05-22T02:00:00.000Z,Japan,Kansai,JP-KN,182.0,239.0,,38.0,,False,
2025-05-22T03:00:00.000Z,Japan,Kansai,JP-KN,176.0,232.0,,40.0,,False,
2025-05-22T04:00:00.000Z,Japan,Kansai,JP-KN,172.0,228.0,,41.0,,False,
2025-05-22T05:00:00.000Z,Japan,Kansai,JP-KN,183.0,241.0,,39.0,,False,
2025-05-22T06:00:00.000Z,Japan,Kansai,JP-KN,200.0,260.0,,35.0,,False,
2025-05-22T07:00:00.000Z,Japan,Kansai,JP-KN,212.0,273.0,,32.0,,False,
2025-05-22T08:00:00.000Z,Japan,Kansai,JP-KN,228.0,289.0,,27.0,,False,
2025-05-22T09:00:00.000Z,Japan,Kansai,JP-KN,242.0,304.0,,24.0,,False,
2025-05-22T10:00:00.000Z,Japan,Kansai,JP-KN,243.0,305.0,,22.0,,False,
2025-05-22T11:00:00.000Z,Japan,Kansai,JP-KN,244.0,307.0,,21.0,,False,
2025-05-22T12:00:00.000Z,Japan,Kansai,JP-KN,241.0,304.0,,20.0,,False,
2025-05-22T13:00:00.000Z,Japan,Kansai,JP-KN,238.0,298.0,,21.0,,False,
2025-05-22T14:00:00.000Z,Japan,Kansai,JP-KN,239.0,298.0,,20.0,,False,
2025-05-22T15:00:00.000Z,Japan,Kansai,JP-KN,233.0,292.0,,20.0,,False,
2025-05-22T16:00:00.000Z,Japan,Kansai,JP-KN,225.0,283.0,,20.0,,False,
2025-05-22T17:00:00.000Z,Japan,Kansai,JP-KN,225.0,283.0,,20.0,,False,
2025-05-22T18:00:00.000Z,Japan,Kansai,JP-KN,228.0,285.0,,21.0,,False,
2025-05-22T19:00:00.000Z,Japan,Kansai,JP-KN,230.0,288.0,,21.0,,False,
2025-05-22T20:00:00.000Z,Japan,Kansai,JP-KN,225.0,278.0,,24.0,,False,
2025-05-22T21:00:00.000Z,Japan,Kansai,JP-KN,198.0,249.0,,30.0,,False,
2025-05-22T22:00:00.000Z,Japan,Kansai,JP-KN,172.0,223.0,,37.0,,False,
2025-05-22T23:00:00.000Z,Japan,Kansai,JP-KN,156.0,208.0,,43.0,,False,
2025-05-23T00:00:00.000Z,Japan,Kansai,JP-KN,139.0,189.0,,48.0,,False,
2025-05-23T01:00:00.000Z,Japan,Kansai,JP-KN,133.0,183.0,,51.0,,False,
2025-05-23T02:00:00.000Z,Japan,Kansai,JP-KN,133.0,183.0,,51.0,,False,
2025-05-23T03:00:00.000Z,Japan,Kansai,JP-KN,142.0,193.0,,49.0,,False,
2025-05-23T04:00:00.000Z,Japan,Kansai,JP-KN,152.0,204.0,,46.0,,False,
2025-05-23T05:00:00.000Z,Japan,Kansai,JP-KN,167.0,220.0,,41.0,,False,
2025-05-23T06:00:00.000Z,Japan,Kansai,JP-KN,195.0,251.0,,35.0,,False,
2025-05-23T07:00:00.000Z,Japan,Kansai,JP-KN,225.0,284.0,,29.0,,False,
2025-05-23T08:00:00.000Z,Japan,Kansai,JP-KN,238.0,298.0,,26.0,,False,
2025-05-23T09:00:00.000Z,Japan,Kansai,JP-KN,249.0,311.0,,24.0,,False,
2025-05-23T10:00:00.000Z,Japan,Kansai,JP-KN,250.0,310.0,,23.0,,False,
2025-05-23T11:00:00.000Z,Japan,Kansai,JP-KN,247.0,307.0,,22.0,,False,
2025-05-23T12:00:00.000Z,Japan,Kansai,JP-KN,246.0,305.0,,22.0,,False,
2025-05-23T13:00:00.000Z,Japan,Kansai,JP-KN,241.0,299.0,,21.0,,False,
2025-05-23T14:00:00.000Z,Japan,Kansai,JP-KN,223.0,282.0,,21.0,,False,
2025-05-23T15:00:00.000Z,Japan,Kansai,JP-KN,216.0,276.0,,19.0,,False,
2025-05-23T16:00:00.000Z,Japan,Kansai,JP-KN,210.0,270.0,,19.0,,False,
2025-05-23T17:00:00.000Z,Japan,Kansai,JP-KN,205.0,264.0,,21.0,,False,
2025-05-23T18:00:00.000Z,Japan,Kansai,JP-KN,207.0,267.0,,21.0,,False,
2025-05-23T19:00:00.000Z,Japan,Kansai,JP-KN,205.0,264.0,,21.0,,False,
2025-05-23T20:00:00.000Z,Japan,Kansai,JP-KN,199.0,255.0,,22.0,,False,
2025-05-23T21:00:00.000Z,Japan,Kansai,JP-KN,192.0,245.0,,25.0,,False,
2025-05-23T22:00:00.000Z,Japan,Kansai,JP-KN,196.0,251.0,,25.0,,False,
2025-05-23T23:00:00.000Z,Japan,Kansai,JP-KN,199.0,256.0,,26.0,,False,
2025-05-24T00:00:00.000Z,Japan,Kansai,JP-KN,190.0,245.0,,28.0,,False,
2025-05-24T01:00:00.000Z,Japan,Kansai,JP-KN,191.0,247.0,,28.0,,False,
2025-05-24T02:00:00.000Z,Japan,Kansai,JP-KN,185.0,239.0,,29.0,,False,
2025-05-24T03:00:00.000Z,Japan,Kansai,JP-KN,195.0,249.0,,28.0,,False,
2025-05-24T04:00:00.000Z,Japan,Kansai,JP-KN,195.0,249.0,,28.0,,False,
2025-05-24T05:00:00.000Z,Japan,Kansai,JP-KN,193.0,247.0,,29.0,,False,
2025-05-24T06:00:00.000Z,Japan,Kansai,JP-KN,189.0,241.0,,30.0,,False,
2025-05-24T07:00:00.000Z,Japan,Kansai,JP-KN,195.0,247.0,,30.0,,False,
2025-05-24T08:00:00.000Z,Japan,Kansai,JP-KN,197.0,252.0,,28.0,,False,
2025-05-24T09:00:00.000Z,Japan,Kansai,JP-KN,196.0,252.0,,27.0,,False,
2025-05-24T10:00:00.000Z,Japan,Kansai,JP-KN,195.0,252.0,,26.0,,False,
2025-05-24T11:00:00.000Z,Japan,Kansai,JP-KN,206.0,262.0,,26.0,,False,
2025-05-24T12:00:00.000Z,Japan,Kansai,JP-KN,207.0,263.0,,25.0,,False,
2025-05-24T13:00:00.000Z,Japan,Kansai,JP-KN,197.0,251.0,,24.0,,False,
2025-05-24T14:00:00.000Z,Japan,Kansai,JP-KN,191.0,243.0,,24.0,,False,
2025-05-24T15:00:00.000Z,Japan,Kansai,JP-KN,177.0,227.0,,25.0,,False,
2025-05-24T16:00:00.000Z,Japan,Kansai,JP-KN,176.0,227.0,,23.0,,False,
2025-05-24T17:00:00.000Z,Japan,Kansai,JP-KN,174.0,225.0,,23.0,,False,
2025-05-24T18:00:00.000Z,Japan,Kansai,JP-KN,178.0,227.0,,25.0,,False,
2025-05-24T19:00:00.000Z,Japan,Kansai,JP-KN,171.0,223.0,,25.0,,False,
2025-05-24T20:00:00.000Z,Japan,Kansai,JP-KN,160.0,209.0,,27.0,,False,
2025-05-24T21:00:00.000Z,Japan,Kansai,JP-KN,145.0,190.0,,29.0,,False,
2025-05-24T22:00:00.000Z,Japan,Kansai,JP-KN,141.0,186.0,,33.0,,False,
2025-05-24T23:00:00.000Z,Japan,Kansai,JP-KN,136.0,182.0,,37.0,,False,
2025-05-25T00:00:00.000Z,Japan,Kansai,JP-KN,121.0,166.0,,41.0,,False,
2025-05-25T01:00:00.000Z,Japan,Kansai,JP-KN,111.0,155.0,,43.0,,False,
2025-05-25T02:00:00.000Z,Japan,Kansai,JP-KN,111.0,155.0,,42.0,,False,
2025-05-25T03:00:00.000Z,Japan,Kansai,JP-KN,118.0,162.0,,41.0,,False,
2025-05-25T04:00:00.000Z,Japan,Kansai,JP-KN,123.0,168.0,,42.0,,False,
2025-05-25T05:00:00.000Z,Japan,Kansai,JP-KN,120.0,165.0,,42.0,,False,
2025-05-25T06:00:00.000Z,Japan,Kansai,JP-KN,120.0,165.0,,41.0,,False,
2025-05-25T07:00:00.000Z,Japan,Kansai,JP-KN,138.0,184.0,,37.0,,False,
2025-05-25T08:00:00.000Z,Japan,Kansai,JP-KN,166.0,216.0,,31.0,,False,
2025-05-25T09:00:00.000Z,Japan,Kansai,JP-KN,178.0,227.0,,31.0,,False,
2025-05-25T10:00:00.000Z,Japan,Kansai,JP-KN,183.0,233.0,,30.0,,False,
2025-05-25T11:00:00.000Z,Japan,Kansai,JP-KN,178.0,228.0,,30.0,,False,
2025-05-25T12:00:00.000Z,Japan,Kansai,JP-KN,176.0,226.0,,28.0,,False,
2025-05-25T13:00:00.000Z,Japan,Kansai,JP-KN,175.0,227.0,,25.0,,False,
2025-05-25T14:00:00.000Z,Japan,Kansai,JP-KN,172.0,224.0,,24.0,,False,
2025-05-25T15:00:00.000Z,Japan,Kansai,JP-KN,167.0,216.0,,24.0,,False,
2025-05-25T16:00:00.000Z,Japan,Kansai,JP-KN,168.0,218.0,,23.0,,False,
2025-05-25T17:00:00.000Z,Japan,Kansai,JP-KN,178.0,228.0,,23.0,,False,
2025-05-25T18:00:00.000Z,Japan,Kansai,JP-KN,185.0,236.0,,23.0,,False,
2025-05-25T19:00:00.000Z,Japan,Kansai,JP-KN,179.0,228.0,,25.0,,False,
2025-05-25T20:00:00.000Z,Japan,Kansai,JP-KN,187.0,236.0,,24.0,,False,
2025-05-25T21:00:00.000Z,Japan,Kansai,JP-KN,178.0,225.0,,27.0,,False,
2025-05-25T22:00:00.000Z,Japan,Kansai,JP-KN,177.0,226.0,,31.0,,False,
2025-05-25T23:00:00.000Z,Japan,Kansai,JP-KN,175.0,225.0,,34.0,,False,
2025-05-26T00:00:00.000Z,Japan,Kansai,JP-KN,167.0,215.0,,37.0,,False,
2025-05-26T01:00:00.000Z,Japan,Kansai,JP-KN,164.0,214.0,,37.0,,False,
2025-05-26T02:00:00.000Z,Japan,Kansai,JP-KN,152.0,201.0,,39.0,,False,
2025-05-26T03:00:00.000Z,Japan,Kansai,JP-KN,128.0,175.0,,42.0,,False,
2025-05-26T04:00:00.000Z,Japan,Kansai,JP-KN,131.0,180.0,,41.0,,False,
2025-05-26T05:00:00.000Z,Japan,Kansai,JP-KN,141.0,191.0,,39.0,,False,
2025-05-26T06:00:00.000Z,Japan,Kansai,JP-KN,158.0,212.0,,34.0,,False,
2025-05-26T07:00:00.000Z,Japan,Kansai,JP-KN,169.0,223.0,,33.0,,False,
2025-05-26T08:00:00.000Z,Japan,Kansai,JP-KN,198.0,255.0,,28.0,,False,
2025-05-26T09:00:00.000Z,Japan,Kansai,JP-KN,212.0,272.0,,24.0,,False,
2025-05-26T10:00:00.000Z,Japan,Kansai,JP-KN,211.0,271.0,,24.0,,False,
2025-05-26T11:00:00.000Z,Japan,Kansai,JP-KN,210.0,270.0,,22.0,,False,
2025-05-26T12:00:00.000Z,Japan,Kansai,JP-KN,202.0,261.0,,23.0,,False,
2025-05-26T13:00:00.000Z,Japan,Kansai,JP-KN,193.0,249.0,,23.0,,False,
2025-05-26T14:00:00.000Z,Japan,Kansai,JP-KN,191.0,248.0,,22.0,,False,
2025-05-26T15:00:00.000Z,Japan,Kansai,JP-KN,181.0,236.0,,22.0,,False,
2025-05-26T16:00:00.000Z,Japan,Kansai,JP-KN,176.0,231.0,,22.0,,False,
2025-05-26T17:00:00.000Z,Japan,Kansai,JP-KN,180.0,234.0,,22.0,,False,
2025-05-26T18:00:00.000Z,Japan,Kansai,JP-KN,192.0,248.0,,21.0,,False,
2025-05-26T19:00:00.000Z,Japan,Kansai,JP-KN,193.0,250.0,,21.0,,False,
2025-05-26T20:00:00.000Z,Japan,Kansai,JP-KN,187.0,240.0,,23.0,,False,
2025-05-26T21:00:00.000Z,Japan,Kansai,JP-KN,168.0,219.0,,28.0,,False,
2025-05-26T22:00:00.000Z,Japan,Kansai,JP-KN,154.0,207.0,,34.0,,False,
2025-05-26T23:00:00.000Z,Japan,Kansai,JP-KN,134.0,186.0,,42.0,,False,
2025-05-27T00:00:00.000Z,Japan,Kansai,JP-KN,120.0,170.0,,46.0,,False,
2025-05-27T01:00:00.000Z,Japan,Kansai,JP-KN,112.0,161.0,,48.0,,False,
2025-05-27T02:00:00.000Z,Japan,Kansai,JP-KN,115.0,165.0,,48.0,,False,
2025-05-27T03:00:00.000Z,Japan,Kansai,JP-KN,113.0,162.0,,48.0,,False,
2025-05-27T04:00:00.000Z,Japan,Kansai,JP-KN,116.0,165.0,,48.0,,False,
2025-05-27T05:00:00.000Z,Japan,Kansai,JP-KN,122.0,171.0,,46.0,,False,
2025-05-27T06:00:00.000Z,Japan,Kansai,JP-KN,144.0,196.0,,42.0,,False,
2025-05-27T07:00:00.000Z,Japan,Kansai,JP-KN,165.0,218.0,,36.0,,False,
2025-05-27T08:00:00.000Z,Japan,Kansai,JP-KN,185.0,238.0,,32.0,,False,
2025-05-27T09:00:00.000Z,Japan,Kansai,JP-KN,189.0,244.0,,29.0,,False,
2025-05-27T10:00:00.000Z,Japan,Kansai,JP-KN,190.0,246.0,,27.0,,False,
2025-05-27T11:00:00.000Z,Japan,Kansai,JP-KN,195.0,253.0,,26.0,,False,
2025-05-27T12:00:00.000Z,Japan,Kansai,JP-KN,192.0,248.0,,26.0,,False,
2025-05-27T13:00:00.000Z,Japan,Kansai,JP-KN,181.0,234.0,,27.0,,False,
2025-05-27T14:00:00.000Z,Japan,Kansai,JP-KN,179.0,234.0,,24.0,,False,
2025-05-27T15:00:00.000Z,Japan,Kansai,JP-KN,173.0,225.0,,24.0,,False,
2025-05-27T16:00:00.000Z,Japan,Kansai,JP-KN,171.0,222.0,,24.0,,False,
2025-05-27T17:00:00.000Z,Japan,Kansai,JP-KN,178.0,229.0,,24.0,,False,
2025-05-27T18:00:00.000Z,Japan,Kansai,JP-KN,193.0,245.0,,23.0,,False,
2025-05-27T19:00:00.000Z,Japan,Kansai,JP-KN,196.0,249.0,,23.0,,False,
2025-05-27T20:00:00.000Z,Japan,Kansai,JP-KN,190.0,239.0,,25.0,,False,
2025-05-27T21:00:00.000Z,Japan,Kansai,JP-KN,174.0,224.0,,28.0,,False,
2025-05-27T22:00:00.000Z,Japan,Kansai,JP-KN,139.0,187.0,,37.0,,False,
2025-05-27T23:00:00.000Z,Japan,Kansai,JP-KN,124.0,173.0,,44.0,,False,
2025-05-28T00:00:00.000Z,Japan,Kansai,JP-KN,107.0,155.0,,49.0,,False,
2025-05-28T01:00:00.000Z,Japan,Kansai,JP-KN,110.0,157.0,,51.0,,False,
2025-05-28T02:00:00.000Z,Japan,Kansai,JP-KN,121.0,169.0,,49.0,,False,
2025-05-28T03:00:00.000Z,Japan,Kansai,JP-KN,119.0,166.0,,49.0,,False,
2025-05-28T04:00:00.000Z,Japan,Kansai,JP-KN,108.0,156.0,,49.0,,False,
2025-05-28T05:00:00.000Z,Japan,Kansai,JP-KN,115.0,163.0,,45.0,,False,
2025-05-28T06:00:00.000Z,Japan,Kansai,JP-KN,142.0,191.0,,39.0,,False,
2025-05-28T07:00:00.000Z,Japan,Kansai,JP-KN,178.0,229.0,,34.0,,False,
2025-05-28T08:00:00.000Z,Japan,Kansai,JP-KN,197.0,248.0,,31.0,,False,
2025-05-28T09:00:00.000Z,Japan,Kansai,JP-KN,192.0,244.0,,30.0,,False,
2025-05-28T10:00:00.000Z,Japan,Kansai,JP-KN,195.0,248.0,,28.0,,False,
2025-05-28T11:00:00.000Z,Japan,Kansai,JP-KN,202.0,257.0,,25.0,,False,
2025-05-28T12:00:00.000Z,Japan,Kansai,JP-KN,215.0,269.0,,24.0,,False,
2025-05-28T13:00:00.000Z,Japan,Kansai,JP-KN,210.0,263.0,,23.0,,False,
2025-05-28T14:00:00.000Z,Japan,Kansai,JP-KN,200.0,253.0,,22.0,,False,
2025-05-28T15:00:00.000Z,Japan,Kansai,JP-KN,217.0,269.0,,19.0,,False,
2025-05-28T16:00:00.000Z,Japan,Kansai,JP-KN,222.0,274.0,,18.0,,False,
2025-05-28T17:00:00.000Z,Japan,Kansai,JP-KN,222.0,275.0,,17.0,,False,
2025-05-28T18:00:00.000Z,Japan,Kansai,JP-KN,221.0,274.0,,18.0,,False,
2025-05-28T19:00:00.000Z,Japan,Kansai,JP-KN,216.0,271.0,,18.0,,False,
2025-05-28T20:00:00.000Z,Japan,Kansai,JP-KN,212.0,263.0,,19.0,,False,
2025-05-28T21:00:00.000Z,Japan,Kansai,JP-KN,203.0,254.0,,22.0,,False,
2025-05-28T22:00:00.000Z,Japan,Kansai,JP-KN,195.0,247.0,,25.0,,False,
2025-05-28T23:00:00.000Z,Japan,Kansai,JP-KN,197.0,250.0,,26.0,,False,
2025-05-29T00:00:00.000Z,Japan,Kansai,JP-KN,189.0,240.0,,30.0,,False,
2025-05-29T01:00:00.000Z,Japan,Kansai,JP-KN,182.0,231.0,,32.0,,False,
2025-05-29T02:00:00.000Z,Japan,Kansai,JP-KN,183.0,234.0,,32.0,,False,
2025-05-29T03:00:00.000Z,Japan,Kansai,JP-KN,177.0,228.0,,33.0,,False,
2025-05-29T04:00:00.000Z,Japan,Kansai,JP-KN,183.0,234.0,,33.0,,False,
2025-05-29T05:00:00.000Z,Japan,Kansai,JP-KN,200.0,254.0,,29.0,,False,
2025-05-29T06:00:00.000Z,Japan,Kansai,JP-KN,213.0,268.0,,27.0,,False,
2025-05-29T07:00:00.000Z,Japan,Kansai,JP-KN,210.0,266.0,,25.0,,False,
2025-05-29T08:00:00.000Z,Japan,Kansai,JP-KN,206.0,260.0,,24.0,,False,
2025-05-29T09:00:00.000Z,Japan,Kansai,JP-KN,221.0,278.0,,22.0,,False,
2025-05-29T10:00:00.000Z,Japan,Kansai,JP-KN,223.0,280.0,,22.0,,False,
2025-05-29T11:00:00.000Z,Japan,Kansai,JP-KN,223.0,281.0,,21.0,,False,
2025-05-29T12:00:00.000Z,Japan,Kansai,JP-KN,215.0,273.0,,20.0,,False,
2025-05-29T13:00:00.000Z,Japan,Kansai,JP-KN,208.0,264.0,,20.0,,False,
2025-05-29T14:00:00.000Z,Japan,Kansai,JP-KN,211.0,267.0,,19.0,,False,
2025-05-29T15:00:00.000Z,Japan,Kansai,JP-KN,207.0,260.0,,18.0,,False,
2025-05-29T16:00:00.000Z,Japan,Kansai,JP-KN,199.0,252.0,,19.0,,False,
2025-05-29T17:00:00.000Z,Japan,Kansai,JP-KN,201.0,254.0,,18.0,,False,
2025-05-29T18:00:00.000Z,Japan,Kansai,JP-KN,203.0,256.0,,19.0,,False,
2025-05-29T19:00:00.000Z,Japan,Kansai,JP-KN,204.0,258.0,,19.0,,False,
2025-05-29T20:00:00.000Z,Japan,Kansai,JP-KN,202.0,254.0,,20.0,,False,
2025-05-29T21:00:00.000Z,Japan,Kansai,JP-KN,203.0,255.0,,23.0,,False,
2025-05-29T22:00:00.000Z,Japan,Kansai,JP-KN,197.0,248.0,,27.0,,False,
2025-05-29T23:00:00.000Z,Japan,Kansai,JP-KN,176.0,227.0,,34.0,,False,
2025-05-30T00:00:00.000Z,Japan,Kansai,JP-KN,172.0,225.0,,36.0,,False,
2025-05-30T01:00:00.000Z,Japan,Kansai,JP-KN,175.0,228.0,,36.0,,False,
2025-05-30T02:00:00.000Z,Japan,Kansai,JP-KN,172.0,225.0,,38.0,,False,
2025-05-30T03:00:00.000Z,Japan,Kansai,JP-KN,173.0,226.0,,37.0,,False,
2025-05-30T04:00:00.000Z,Japan,Kansai,JP-KN,182.0,236.0,,35.0,,False,
2025-05-30T05:00:00.000Z,Japan,Kansai,JP-KN,191.0,245.0,,34.0,,False,
2025-05-30T06:00:00.000Z,Japan,Kansai,JP-KN,200.0,254.0,,31.0,,False,
2025-05-30T07:00:00.000Z,Japan,Kansai,JP-KN,213.0,268.0,,28.0,,False,
2025-05-30T08:00:00.000Z,Japan,Kansai,JP-KN,226.0,282.0,,23.0,,False,
2025-05-30T09:00:00.000Z,Japan,Kansai,JP-KN,227.0,284.0,,22.0,,False,
2025-05-30T10:00:00.000Z,Japan,Kansai,JP-KN,222.0,277.0,,22.0,,False,
2025-05-30T11:00:00.000Z,Japan,Kansai,JP-KN,225.0,280.0,,22.0,,False,
2025-05-30T12:00:00.000Z,Japan,Kansai,JP-KN,227.0,281.0,,21.0,,False,
2025-05-30T13:00:00.000Z,Japan,Kansai,JP-KN,225.0,277.0,,21.0,,False,
2025-05-30T14:00:00.000Z,Japan,Kansai,JP-KN,210.0,262.0,,21.0,,False,
2025-05-30T15:00:00.000Z,Japan,Kansai,JP-KN,181.0,231.0,,21.0,,False,
2025-05-30T16:00:00.000Z,Japan,Kansai,JP-KN,166.0,215.0,,23.0,,False,
2025-05-30T17:00:00.000Z,Japan,Kansai,JP-KN,165.0,214.0,,24.0,,False,
2025-05-30T18:00:00.000Z,Japan,Kansai,JP-KN,164.0,211.0,,26.0,,False,
2025-05-30T19:00:00.000Z,Japan,Kansai,JP-KN,165.0,212.0,,26.0,,False,
2025-05-30T20:00:00.000Z,Japan,Kansai,JP-KN,163.0,210.0,,25.0,,False,
2025-05-30T21:00:00.000Z,Japan,Kansai,JP-KN,139.0,185.0,,28.0,,False,
2025-05-30T22:00:00.000Z,Japan,Kansai,JP-KN,123.0,168.0,,36.0,,False,
2025-05-30T23:00:00.000Z,Japan,Kansai,JP-KN,112.0,158.0,,42.0,,False,
2025-05-31T00:00:00.000Z,Japan,Kansai,JP-KN,97.0,141.0,,47.0,,False,
2025-05-31T01:00:00.000Z,Japan,Kansai,JP-KN,96.0,140.0,,48.0,,False,
2025-05-31T02:00:00.000Z,Japan,Kansai,JP-KN,97.0,142.0,,48.0,,False,
2025-05-31T03:00:00.000Z,Japan,Kansai,JP-KN,101.0,146.0,,48.0,,False,
2025-05-31T04:00:00.000Z,Japan,Kansai,JP-KN,101.0,146.0,,46.0,,False,
2025-05-31T05:00:00.000Z,Japan,Kansai,JP-KN,109.0,155.0,,44.0,,False,
2025-05-31T06:00:00.000Z,Japan,Kansai,JP-KN,118.0,165.0,,40.0,,False,
2025-05-31T07:00:00.000Z,Japan,Kansai,JP-KN,133.0,182.0,,35.0,,False,
2025-05-31T08:00:00.000Z,Japan,Kansai,JP-KN,160.0,210.0,,29.0,,False,
2025-05-31T09:00:00.000Z,Japan,Kansai,JP-KN,171.0,220.0,,29.0,,False,
2025-05-31T10:00:00.000Z,Japan,Kansai,JP-KN,178.0,226.0,,29.0,,False,
2025-05-31T11:00:00.000Z,Japan,Kansai,JP-KN,192.0,241.0,,26.0,,False,
2025-05-31T12:00:00.000Z,Japan,Kansai,JP-KN,196.0,245.0,,25.0,,False,
2025-05-31T13:00:00.000Z,Japan,Kansai,JP-KN,188.0,237.0,,23.0,,False,
2025-05-31T14:00:00.000Z,Japan,Kansai,JP-KN,190.0,241.0,,21.0,,False,
2025-05-31T15:00:00.000Z,Japan,Kansai,JP-KN,178.0,225.0,,21.0,,False,
2025-05-31T16:00:00.000Z,Japan,Kansai,JP-KN,167.0,215.0,,21.0,,False,
2025-05-31T17:00:00.000Z,Japan,Kansai,JP-KN,168.0,214.0,,23.0,,False,
2025-05-31T18:00:00.000Z,Japan,Kansai,JP-KN,171.0,218.0,,24.0,,False,
2025-05-31T19:00:00.000Z,Japan,Kansai,JP-KN,168.0,217.0,,25.0,,False,
2025-05-31T20:00:00.000Z,Japan,Kansai,JP-KN,160.0,208.0,,27.0,,False,
2025-05-31T21:00:00.000Z,Japan,Kansai,JP-KN,151.0,198.0,,30.0,,False,
2025-05-31T22:00:00.000Z,Japan,Kansai,JP-KN,133.0,181.0,,36.0,,False,
2025-05-31T23:00:00.000Z,Japan,Kansai,JP-KN,126.0,174.0,,41.0,,False,
2025-06-01T00:00:00.000Z,Japan,Kansai,JP-KN,116.0,163.0,,46.0,,False,
2025-06-01T01:00:00.000Z,Japan,Kansai,JP-KN,110.0,157.0,,49.0,,False,
2025-06-01T02:00:00.000Z,Japan,Kansai,JP-KN,109.0,156.0,,50.0,,False,
2025-06-01T03:00:00.000Z,Japan,Kansai,JP-KN,100.0,146.0,,52.0,,False,
2025-06-01T04:00:00.000Z,Japan,Kansai,JP-KN,98.0,143.0,,52.0,,False,
2025-06-01T05:00:00.000Z,Japan,Kansai,JP-KN,111.0,158.0,,49.0,,False,
2025-06-01T06:00:00.000Z,Japan,Kansai,JP-KN,118.0,166.0,,46.0,,False,
2025-06-01T07:00:00.000Z,Japan,Kansai,JP-KN,136.0,186.0,,42.0,,False,
2025-06-01T08:00:00.000Z,Japan,Kansai,JP-KN,175.0,230.0,,33.0,,False,
2025-06-01T09:00:00.000Z,Japan,Kansai,JP-KN,206.0,264.0,,27.0,,False,
2025-06-01T10:00:00.000Z,Japan,Kansai,JP-KN,219.0,280.0,,24.0,,False,
2025-06-01T11:00:00.000Z,Japan,Kansai,JP-KN,222.0,283.0,,24.0,,False,
2025-06-01T12:00:00.000Z,Japan,Kansai,JP-KN,224.0,284.0,,22.0,,False,
2025-06-01T13:00:00.000Z,Japan,Kansai,JP-KN,217.0,278.0,,21.0,,False,
2025-06-01T14:00:00.000Z,Japan,Kansai,JP-KN,226.0,286.0,,20.0,,False,
2025-06-01T15:00:00.000Z,Japan,Kansai,JP-KN,257.0,315.0,,17.0,,False,
2025-06-01T16:00:00.000Z,Japan,Kansai,JP-KN,258.0,314.0,,17.0,,False,
2025-06-01T17:00:00.000Z,Japan,Kansai,JP-KN,255.0,311.0,,18.0,,False,
2025-06-01T18:00:00.000Z,Japan,Kansai,JP-KN,252.0,308.0,,20.0,,False,
2025-06-01T19:00:00.000Z,Japan,Kansai,JP-KN,247.0,303.0,,21.0,,False,
2025-06-01T20:00:00.000Z,Japan,Kansai,JP-KN,241.0,293.0,,23.0,,False,
2025-06-01T21:00:00.000Z,Japan,Kansai,JP-KN,232.0,285.0,,27.0,,False,
2025-06-01T22:00:00.000Z,Japan,Kansai,JP-KN,212.0,265.0,,33.0,,False,
2025-06-01T23:00:00.000Z,Japan,Kansai,JP-KN,192.0,246.0,,40.0,,False,
2025-06-02T00:00:00.000Z,Japan,Kansai,JP-KN,180.0,232.0,,43.0,,False,
2025-06-02T01:00:00.000Z,Japan,Kansai,JP-KN,184.0,236.0,,42.0,,False,
2025-06-02T02:00:00.000Z,Japan,Kansai,JP-KN,194.0,247.0,,39.0,,False,
2025-06-02T03:00:00.000Z,Japan,Kansai,JP-KN,202.0,255.0,,37.0,,False,
2025-06-02T04:00:00.000Z,Japan,Kansai,JP-KN,212.0,266.0,,34.0,,False,
2025-06-02T05:00:00.000Z,Japan,Kansai,JP-KN,221.0,277.0,,33.0,,False,
2025-06-02T06:00:00.000Z,Japan,Kansai,JP-KN,229.0,286.0,,31.0,,False,
2025-06-02T07:00:00.000Z,Japan,Kansai,JP-KN,237.0,294.0,,29.0,,False,
2025-06-02T08:00:00.000Z,Japan,Kansai,JP-KN,243.0,300.0,,27.0,,False,
2025-06-02T09:00:00.000Z,Japan,Kansai,JP-KN,246.0,303.0,,27.0,,False,
2025-06-02T10:00:00.000Z,Japan,Kansai,JP-KN,248.0,304.0,,26.0,,False,
2025-06-02T11:00:00.000Z,Japan,Kansai,JP-KN,245.0,301.0,,26.0,,False,
2025-06-02T12:00:00.000Z,Japan,Kansai,JP-KN,254.0,312.0,,24.0,,False,
2025-06-02T13:00:00.000Z,Japan,Kansai,JP-KN,265.0,324.0,,21.0,,False,
2025-06-02T14:00:00.000Z,Japan,Kansai,JP-KN,266.0,326.0,,19.0,,False,
2025-06-02T15:00:00.000Z,Japan,Kansai,JP-KN,265.0,324.0,,18.0,,False,
2025-06-02T16:00:00.000Z,Japan,Kansai,JP-KN,272.0,332.0,,17.0,,False,
2025-06-02T17:00:00.000Z,Japan,Kansai,JP-KN,275.0,335.0,,17.0,,False,
2025-06-02T18:00:00.000Z,Japan,Kansai,JP-KN,277.0,339.0,,16.0,,False,
2025-06-02T19:00:00.000Z,Japan,Kansai,JP-KN,265.0,327.0,,18.0,,False,
2025-06-02T20:00:00.000Z,Japan,Kansai,JP-KN,259.0,318.0,,20.0,,False,
2025-06-02T21:00:00.000Z,Japan,Kansai,JP-KN,255.0,315.0,,21.0,,False,
2025-06-02T22:00:00.000Z,Japan,Kansai,JP-KN,259.0,319.0,,22.0,,False,
2025-06-02T23:00:00.000Z,Japan,Kansai,JP-KN,248.0,309.0,,25.0,,False,
2025-06-03T00:00:00.000Z,Japan,Kansai,JP-KN,241.0,302.0,,27.0,,False,
2025-06-03T01:00:00.000Z,Japan,Kansai,JP-KN,243.0,305.0,,26.0,,False,
2025-06-03T02:00:00.000Z,Japan,Kansai,JP-KN,236.0,298.0,,27.0,,False,
2025-06-03T03:00:00.000Z,Japan,Kansai,JP-KN,236.0,297.0,,27.0,,False,
2025-06-03T04:00:00.000Z,Japan,Kansai,JP-KN,238.0,298.0,,27.0,,False,
2025-06-03T05:00:00.000Z,Japan,Kansai,JP-KN,228.0,287.0,,30.0,,False,
2025-06-03T06:00:00.000Z,Japan,Kansai,JP-KN,232.0,292.0,,29.0,,False,
2025-06-03T07:00:00.000Z,Japan,Kansai,JP-KN,246.0,306.0,,27.0,,False,
2025-06-03T08:00:00.000Z,Japan,Kansai,JP-KN,255.0,314.0,,26.0,,False,
2025-06-03T09:00:00.000Z,Japan,Kansai,JP-KN,265.0,326.0,,22.0,,False,
2025-06-03T10:00:00.000Z,Japan,Kansai,JP-KN,260.0,319.0,,22.0,,False,
2025-06-03T11:00:00.000Z,Japan,Kansai,JP-KN,266.0,327.0,,20.0,,False,
2025-06-03T12:00:00.000Z,Japan,Kansai,JP-KN,273.0,334.0,,20.0,,False,
2025-06-03T13:00:00.000Z,Japan,Kansai,JP-KN,273.0,334.0,,19.0,,False,
2025-06-03T14:00:00.000Z,Japan,Kansai,JP-KN,272.0,333.0,,19.0,,False,
2025-06-03T15:00:00.000Z,Japan,Kansai,JP-KN,265.0,323.0,,19.0,,False,
2025-06-03T16:00:00.000Z,Japan,Kansai,JP-KN,265.0,323.0,,18.0,,False,
2025-06-03T17:00:00.000Z,Japan,Kansai,JP-KN,264.0,322.0,,19.0,,False,
2025-06-03T18:00:00.000Z,Japan,Kansai,JP-KN,265.0,325.0,,19.0,,False,
2025-06-03T19:00:00.000Z,Japan,Kansai,JP-KN,259.0,318.0,,20.0,,False,
2025-06-03T20:00:00.000Z,Japan,Kansai,JP-KN,253.0,311.0,,22.0,,False,
2025-06-03T21:00:00.000Z,Japan,Kansai,JP-KN,237.0,291.0,,27.0,,False,
2025-06-03T22:00:00.000Z,Japan,Kansai,JP-KN,201.0,255.0,,35.0,,False,
2025-06-03T23:00:00.000Z,Japan,Kansai,JP-KN,176.0,230.0,,42.0,,False,
2025-06-04T00:00:00.000Z,Japan,Kansai,JP-KN,161.0,213.0,,45.0,,False,
2025-06-04T01:00:00.000Z,Japan,Kansai,JP-KN,157.0,208.0,,47.0,,False,
2025-06-04T02:00:00.000Z,Japan,Kansai,JP-KN,150.0,200.0,,49.0,,False,
2025-06-04T03:00:00.000Z,Japan,Kansai,JP-KN,151.0,201.0,,49.0,,False,
2025-06-04T04:00:00.000Z,Japan,Kansai,JP-KN,159.0,210.0,,47.0,,False,
2025-06-04T05:00:00.000Z,Japan,Kansai,JP-KN,167.0,219.0,,45.0,,False,
2025-06-04T06:00:00.000Z,Japan,Kansai,JP-KN,186.0,241.0,,40.0,,False,
2025-06-04T07:00:00.000Z,Japan,Kansai,JP-KN,213.0,269.0,,35.0,,False,
2025-06-04T08:00:00.000Z,Japan,Kansai,JP-KN,246.0,304.0,,29.0,,False,
2025-06-04T09:00:00.000Z,Japan,Kansai,JP-KN,264.0,324.0,,25.0,,False,
2025-06-04T10:00:00.000Z,Japan,Kansai,JP-KN,268.0,328.0,,23.0,,False,
2025-06-04T11:00:00.000Z,Japan,Kansai,JP-KN,270.0,330.0,,22.0,,False,
2025-06-04T12:00:00.000Z,Japan,Kansai,JP-KN,269.0,329.0,,21.0,,False,
2025-06-04T13:00:00.000Z,Japan,Kansai,JP-KN,268.0,327.0,,21.0,,False,
2025-06-04T14:00:00.000Z,Japan,Kansai,JP-KN,267.0,327.0,,19.0,,False,
2025-06-04T15:00:00.000Z,Japan,Kansai,JP-KN,256.0,312.0,,20.0,,False,
2025-06-04T16:00:00.000Z,Japan,Kansai,JP-KN,259.0,316.0,,18.0,,False,
2025-06-04T17:00:00.000Z,Japan,Kansai,JP-KN,260.0,316.0,,18.0,,False,
2025-06-04T18:00:00.000Z,Japan,Kansai,JP-KN,255.0,311.0,,20.0,,False,
2025-06-04T19:00:00.000Z,Japan,Kansai,JP-KN,253.0,309.0,,21.0,,False,
2025-06-04T20:00:00.000Z,Japan,Kansai,JP-KN,233.0,285.0,,24.0,,False,
2025-06-04T21:00:00.000Z,Japan,Kansai,JP-KN,209.0,260.0,,29.0,,False,
2025-06-04T22:00:00.000Z,Japan,Kansai,JP-KN,174.0,223.0,,38.0,,False,
2025-06-04T23:00:00.000Z,Japan,Kansai,JP-KN,163.0,214.0,,43.0,,False,
2025-06-05T00:00:00.000Z,Japan,Kansai,JP-KN,152.0,202.0,,46.0,,False,
2025-06-05T01:00:00.000Z,Japan,Kansai,JP-KN,147.0,197.0,,48.0,,False,
2025-06-05T02:00:00.000Z,Japan,Kansai,JP-KN,142.0,191.0,,49.0,,False,
2025-06-05T03:00:00.000Z,Japan,Kansai,JP-KN,143.0,192.0,,49.0,,False,
2025-06-05T04:00:00.000Z,Japan,Kansai,JP-KN,145.0,194.0,,49.0,,False,
2025-06-05T05:00:00.000Z,Japan,Kansai,JP-KN,158.0,208.0,,45.0,,False,
2025-06-05T06:00:00.000Z,Japan,Kansai,JP-KN,181.0,235.0,,40.0,,False,
2025-06-05T07:00:00.000Z,Japan,Kansai,JP-KN,209.0,265.0,,34.0,,False,
2025-06-05T08:00:00.000Z,Japan,Kansai,JP-KN,238.0,295.0,,29.0,,False,
2025-06-05T09:00:00.000Z,Japan,Kansai,JP-KN,253.0,313.0,,25.0,,False,
2025-06-05T10:00:00.000Z,Japan,Kansai,JP-KN,256.0,315.0,,23.0,,False,
2025-06-05T11:00:00.000Z,Japan,Kansai,JP-KN,257.0,316.0,,23.0,,False,
2025-06-05T12:00:00.000Z,Japan,Kansai,JP-KN,251.0,310.0,,22.0,,False,
2025-06-05T13:00:00.000Z,Japan,Kansai,JP-KN,250.0,308.0,,21.0,,False,
2025-06-05T14:00:00.000Z,Japan,Kansai,JP-KN,255.0,314.0,,18.0,,False,
2025-06-05T15:00:00.000Z,Japan,Kansai,JP-KN,243.0,299.0,,19.0,,False,
2025-06-05T16:00:00.000Z,Japan,Kansai,JP-KN,240.0,293.0,,19.0,,False,
2025-06-05T17:00:00.000Z,Japan,Kansai,JP-KN,242.0,295.0,,19.0,,False,
2025-06-05T18:00:00.000Z,Japan,Kansai,JP-KN,241.0,294.0,,21.0,,False,
2025-06-05T19:00:00.000Z,Japan,Kansai,JP-KN,240.0,295.0,,21.0,,False,
2025-06-05T20:00:00.000Z,Japan,Kansai,JP-KN,231.0,282.0,,23.0,,False,
2025-06-05T21:00:00.000Z,Japan,Kansai,JP-KN,212.0,262.0,,26.0,,False,
2025-06-05T22:00:00.000Z,Japan,Kansai,JP-KN,187.0,238.0,,33.0,,False,
2025-06-05T23:00:00.000Z,Japan,Kansai,JP-KN,165.0,216.0,,41.0,,False,
2025-06-06T00:00:00.000Z,Japan,Kansai,JP-KN,154.0,204.0,,45.0,,False,
2025-06-06T01:00:00.000Z,Japan,Kansai,JP-KN,151.0,201.0,,46.0,,False,
2025-06-06T02:00:00.000Z,Japan,Kansai,JP-KN,153.0,203.0,,45.0,,False,
2025-06-06T03:00:00.000Z,Japan,Kansai,JP-KN,163.0,215.0,,42.0,,False,
2025-06-06T04:00:00.000Z,Japan,Kansai,JP-KN,170.0,223.0,,40.0,,False,
2025-06-06T05:00:00.000Z,Japan,Kansai,JP-KN,180.0,235.0,,38.0,,False,
2025-06-06T06:00:00.000Z,Japan,Kansai,JP-KN,204.0,262.0,,33.0,,False,
2025-06-06T07:00:00.000Z,Japan,Kansai,JP-KN,224.0,283.0,,29.0,,False,
2025-06-06T08:00:00.000Z,Japan,Kansai,JP-KN,244.0,303.0,,25.0,,False,
2025-06-06T09:00:00.000Z,Japan,Kansai,JP-KN,254.0,314.0,,23.0,,False,
2025-06-06T10:00:00.000Z,Japan,Kansai,JP-KN,257.0,317.0,,22.0,,False,
2025-06-06T11:00:00.000Z,Japan,Kansai,JP-KN,258.0,318.0,,21.0,,False,
2025-06-06T12:00:00.000Z,Japan,Kansai,JP-KN,258.0,317.0,,20.0,,False,
2025-06-06T13:00:00.000Z,Japan,Kansai,JP-KN,253.0,311.0,,20.0,,False,
2025-06-06T14:00:00.000Z,Japan,Kansai,JP-KN,230.0,287.0,,21.0,,False,
2025-06-06T15:00:00.000Z,Japan,Kansai,JP-KN,196.0,249.0,,24.0,,False,
2025-06-06T16:00:00.000Z,Japan,Kansai,JP-KN,183.0,234.0,,24.0,,False,
2025-06-06T17:00:00.000Z,Japan,Kansai,JP-KN,186.0,237.0,,24.0,,False,
2025-06-06T18:00:00.000Z,Japan,Kansai,JP-KN,185.0,237.0,,25.0,,False,
2025-06-06T19:00:00.000Z,Japan,Kansai,JP-KN,186.0,238.0,,24.0,,False,
2025-06-06T20:00:00.000Z,Japan,Kansai,JP-KN,186.0,238.0,,23.0,,False,
2025-06-06T21:00:00.000Z,Japan,Kansai,JP-KN,162.0,213.0,,26.0,,False,
2025-06-06T22:00:00.000Z,Japan,Kansai,JP-KN,123.0,168.0,,35.0,,False,
2025-06-06T23:00:00.000Z,Japan,Kansai,JP-KN,105.0,151.0,,41.0,,False,
2025-06-07T00:00:00.000Z,Japan,Kansai,JP-KN,93.0,138.0,,44.0,,False,
2025-06-07T01:00:00.000Z,Japan,Kansai,JP-KN,90.0,135.0,,44.0,,False,
2025-06-07T02:00:00.000Z,Japan,Kansai,JP-KN,96.0,141.0,,43.0,,False,
2025-06-07T03:00:00.000Z,Japan,Kansai,JP-KN,115.0,162.0,,39.0,,False,
2025-06-07T04:00:00.000Z,Japan,Kansai,JP-KN,128.0,176.0,,36.0,,False,
2025-06-07T05:00:00.000Z,Japan,Kansai,JP-KN,140.0,189.0,,38.0,,False,
2025-06-07T06:00:00.000Z,Japan,Kansai,JP-KN,153.0,204.0,,36.0,,False,
2025-06-07T07:00:00.000Z,Japan,Kansai,JP-KN,164.0,216.0,,34.0,,False,
2025-06-07T08:00:00.000Z,Japan,Kansai,JP-KN,186.0,242.0,,27.0,,False,
2025-06-07T09:00:00.000Z,Japan,Kansai,JP-KN,203.0,261.0,,24.0,,False,
2025-06-07T10:00:00.000Z,Japan,Kansai,JP-KN,210.0,268.0,,23.0,,False,
2025-06-07T11:00:00.000Z,Japan,Kansai,JP-KN,217.0,276.0,,22.0,,False,
2025-06-07T12:00:00.000Z,Japan,Kansai,JP-KN,223.0,283.0,,19.0,,False,
2025-06-07T13:00:00.000Z,Japan,Kansai,JP-KN,220.0,279.0,,18.0,,False,
2025-06-07T14:00:00.000Z,Japan,Kansai,JP-KN,214.0,272.0,,18.0,,False,
2025-06-07T15:00:00.000Z,Japan,Kansai,JP-KN,203.0,259.0,,18.0,,False,
2025-06-07T16:00:00.000Z,Japan,Kansai,JP-KN,203.0,260.0,,17.0,,False,
2025-06-07T17:00:00.000Z,Japan,Kansai,JP-KN,202.0,258.0,,17.0,,False,
2025-06-07T18:00:00.000Z,Japan,Kansai,JP-KN,204.0,260.0,,18.0,,False,
2025-06-07T19:00:00.000Z,Japan,Kansai,JP-KN,204.0,261.0,,19.0,,False,
2025-06-07T20:00:00.000Z,Japan,Kansai,JP-KN,188.0,243.0,,20.0,,False,
2025-06-07T21:00:00.000Z,Japan,Kansai,JP-KN,173.0,226.0,,22.0,,False,
2025-06-07T22:00:00.000Z,Japan,Kansai,JP-KN,180.0,230.0,,26.0,,False,
2025-06-07T23:00:00.000Z,Japan,Kansai,JP-KN,168.0,219.0,,28.0,,False,
2025-06-08T00:00:00.000Z,Japan,Kansai,JP-KN,141.0,189.0,,36.0,,False,
2025-06-08T01:00:00.000Z,Japan,Kansai,JP-KN,138.0,187.0,,38.0,,False,
2025-06-08T02:00:00.000Z,Japan,Kansai,JP-KN,144.0,193.0,,35.0,,False,
2025-06-08T03:00:00.000Z,Japan,Kansai,JP-KN,147.0,195.0,,34.0,,False,
2025-06-08T04:00:00.000Z,Japan,Kansai,JP-KN,153.0,202.0,,31.0,,False,
2025-06-08T05:00:00.000Z,Japan,Kansai,JP-KN,164.0,213.0,,30.0,,False,
2025-06-08T06:00:00.000Z,Japan,Kansai,JP-KN,190.0,243.0,,27.0,,False,
2025-06-08T07:00:00.000Z,Japan,Kansai,JP-KN,197.0,250.0,,27.0,,False,
2025-06-08T08:00:00.000Z,Japan,Kansai,JP-KN,210.0,268.0,,23.0,,False,
2025-06-08T09:00:00.000Z,Japan,Kansai,JP-KN,210.0,269.0,,22.0,,False,
2025-06-08T10:00:00.000Z,Japan,Kansai,JP-KN,204.0,261.0,,23.0,,False,
2025-06-08T11:00:00.000Z,Japan,Kansai,JP-KN,207.0,265.0,,23.0,,False,
2025-06-08T12:00:00.000Z,Japan,Kansai,JP-KN,214.0,273.0,,20.0,,False,
2025-06-08T13:00:00.000Z,Japan,Kansai,JP-KN,220.0,279.0,,18.0,,False,
2025-06-08T14:00:00.000Z,Japan,Kansai,JP-KN,217.0,275.0,,17.0,,False,
2025-06-08T15:00:00.000Z,Japan,Kansai,JP-KN,226.0,282.0,,16.0,,False,
2025-06-08T16:00:00.000Z,Japan,Kansai,JP-KN,226.0,280.0,,16.0,,False,
2025-06-08T17:00:00.000Z,Japan,Kansai,JP-KN,228.0,283.0,,16.0,,False,
2025-06-08T18:00:00.000Z,Japan,Kansai,JP-KN,227.0,282.0,,17.0,,False,
2025-06-08T19:00:00.000Z,Japan,Kansai,JP-KN,234.0,289.0,,17.0,,False,
2025-06-08T20:00:00.000Z,Japan,Kansai,JP-KN,226.0,278.0,,19.0,,False,
2025-06-08T21:00:00.000Z,Japan,Kansai,JP-KN,220.0,274.0,,21.0,,False,
2025-06-08T22:00:00.000Z,Japan,Kansai,JP-KN,213.0,268.0,,25.0,,False,
2025-06-08T23:00:00.000Z,Japan,Kansai,JP-KN,208.0,263.0,,29.0,,False,
2025-06-09T00:00:00.000Z,Japan,Kansai,JP-KN,198.0,252.0,,31.0,,False,
2025-06-09T01:00:00.000Z,Japan,Kansai,JP-KN,205.0,262.0,,31.0,,False,
2025-06-09T02:00:00.000Z,Japan,Kansai,JP-KN,215.0,272.0,,28.0,,False,
2025-06-09T03:00:00.000Z,Japan,Kansai,JP-KN,230.0,289.0,,25.0,,False,
2025-06-09T04:00:00.000Z,Japan,Kansai,JP-KN,232.0,291.0,,24.0,,False,
2025-06-09T05:00:00.000Z,Japan,Kansai,JP-KN,240.0,300.0,,22.0,,False,
2025-06-09T06:00:00.000Z,Japan,Kansai,JP-KN,247.0,308.0,,22.0,,False,
2025-06-09T07:00:00.000Z,Japan,Kansai,JP-KN,249.0,310.0,,22.0,,False,
2025-06-09T08:00:00.000Z,Japan,Kansai,JP-KN,253.0,313.0,,21.0,,False,
2025-06-09T09:00:00.000Z,Japan,Kansai,JP-KN,255.0,315.0,,19.0,,False,
2025-06-09T10:00:00.000Z,Japan,Kansai,JP-KN,256.0,316.0,,18.0,,False,
2025-06-09T11:00:00.000Z,Japan,Kansai,JP-KN,263.0,324.0,,16.0,,False,
2025-06-09T12:00:00.000Z,Japan,Kansai,JP-KN,267.0,328.0,,16.0,,False,
2025-06-09T13:00:00.000Z,Japan,Kansai,JP-KN,268.0,328.0,,16.0,,False,
2025-06-09T14:00:00.000Z,Japan,Kansai,JP-KN,263.0,320.0,,16.0,,False,
2025-06-09T15:00:00.000Z,Japan,Kansai,JP-KN,260.0,317.0,,15.0,,False,
2025-06-09T16:00:00.000Z,Japan,Kansai,JP-KN,254.0,308.0,,15.0,,False,
2025-06-09T17:00:00.000Z,Japan,Kansai,JP-KN,257.0,312.0,,15.0,,False,
2025-06-09T18:00:00.000Z,Japan,Kansai,JP-KN,251.0,307.0,,16.0,,False,
2025-06-09T19:00:00.000Z,Japan,Kansai,JP-KN,255.0,312.0,,16.0,,False,
2025-06-09T20:00:00.000Z,Japan,Kansai,JP-KN,253.0,308.0,,17.0,,False,
2025-06-09T21:00:00.000Z,Japan,Kansai,JP-KN,250.0,305.0,,18.0,,False,
2025-06-09T22:00:00.000Z,Japan,Kansai,JP-KN,251.0,309.0,,20.0,,False,
2025-06-09T23:00:00.000Z,Japan,Kansai,JP-KN,242.0,300.0,,22.0,,False,
2025-06-10T00:00:00.000Z,Japan,Kansai,JP-KN,232.0,290.0,,25.0,,False,
2025-06-10T01:00:00.000Z,Japan,Kansai,JP-KN,239.0,298.0,,25.0,,False,
2025-06-10T02:00:00.000Z,Japan,Kansai,JP-KN,241.0,300.0,,24.0,,False,
2025-06-10T03:00:00.000Z,Japan,Kansai,JP-KN,246.0,307.0,,23.0,,False,
2025-06-10T04:00:00.000Z,Japan,Kansai,JP-KN,239.0,298.0,,24.0,,False,
2025-06-10T05:00:00.000Z,Japan,Kansai,JP-KN,239.0,299.0,,24.0,,False,
2025-06-10T06:00:00.000Z,Japan,Kansai,JP-KN,240.0,299.0,,24.0,,False,
2025-06-10T07:00:00.000Z,Japan,Kansai,JP-KN,246.0,306.0,,23.0,,False,
2025-06-10T08:00:00.000Z,Japan,Kansai,JP-KN,250.0,309.0,,21.0,,False,
2025-06-10T09:00:00.000Z,Japan,Kansai,JP-KN,250.0,310.0,,20.0,,False,
2025-06-10T10:00:00.000Z,Japan,Kansai,JP-KN,246.0,305.0,,20.0,,False,
2025-06-10T11:00:00.000Z,Japan,Kansai,JP-KN,247.0,306.0,,19.0,,False,
2025-06-10T12:00:00.000Z,Japan,Kansai,JP-KN,256.0,317.0,,17.0,,False,
2025-06-10T13:00:00.000Z,Japan,Kansai,JP-KN,260.0,320.0,,16.0,,False,
2025-06-10T14:00:00.000Z,Japan,Kansai,JP-KN,254.0,312.0,,17.0,,False,
2025-06-10T15:00:00.000Z,Japan,Kansai,JP-KN,250.0,304.0,,17.0,,False,
2025-06-10T16:00:00.000Z,Japan,Kansai,JP-KN,247.0,299.0,,18.0,,False,
2025-06-10T17:00:00.000Z,Japan,Kansai,JP-KN,250.0,303.0,,17.0,,False,
2025-06-10T18:00:00.000Z,Japan,Kansai,JP-KN,249.0,303.0,,17.0,,False,
2025-06-10T19:00:00.000Z,Japan,Kansai,JP-KN,257.0,312.0,,16.0,,False,
2025-06-10T20:00:00.000Z,Japan,Kansai,JP-KN,260.0,314.0,,16.0,,False,
2025-06-10T21:00:00.000Z,Japan,Kansai,JP-KN,260.0,315.0,,17.0,,False,
2025-06-10T22:00:00.000Z,Japan,Kansai,JP-KN,259.0,314.0,,20.0,,False,
2025-06-10T23:00:00.000Z,Japan,Kansai,JP-KN,256.0,314.0,,22.0,,False,
2025-06-11T00:00:00.000Z,Japan,Kansai,JP-KN,246.0,301.0,,26.0,,False,
2025-06-11T01:00:00.000Z,Japan,Kansai,JP-KN,242.0,296.0,,26.0,,False,
2025-06-11T02:00:00.000Z,Japan,Kansai,JP-KN,239.0,294.0,,27.0,,False,
2025-06-11T03:00:00.000Z,Japan,Kansai,JP-KN,226.0,281.0,,29.0,,False,
2025-06-11T04:00:00.000Z,Japan,Kansai,JP-KN,215.0,269.0,,32.0,,False,
2025-06-11T05:00:00.000Z,Japan,Kansai,JP-KN,216.0,271.0,,32.0,,False,
2025-06-11T06:00:00.000Z,Japan,Kansai,JP-KN,223.0,276.0,,32.0,,False,
2025-06-11T07:00:00.000Z,Japan,Kansai,JP-KN,242.0,297.0,,27.0,,False,
2025-06-11T08:00:00.000Z,Japan,Kansai,JP-KN,258.0,315.0,,22.0,,False,
2025-06-11T09:00:00.000Z,Japan,Kansai,JP-KN,267.0,325.0,,20.0,,False,
2025-06-11T10:00:00.000Z,Japan,Kansai,JP-KN,266.0,323.0,,19.0,,False,
2025-06-11T11:00:00.000Z,Japan,Kansai,JP-KN,260.0,317.0,,19.0,,False,
2025-06-11T12:00:00.000Z,Japan,Kansai,JP-KN,265.0,323.0,,18.0,,False,
2025-06-11T13:00:00.000Z,Japan,Kansai,JP-KN,268.0,326.0,,16.0,,False,
2025-06-11T14:00:00.000Z,Japan,Kansai,JP-KN,268.0,326.0,,16.0,,False,
2025-06-11T15:00:00.000Z,Japan,Kansai,JP-KN,261.0,318.0,,16.0,,False,
2025-06-11T16:00:00.000Z,Japan,Kansai,JP-KN,266.0,324.0,,16.0,,False,
2025-06-11T17:00:00.000Z,Japan,Kansai,JP-KN,267.0,323.0,,17.0,,False,
2025-06-11T18:00:00.000Z,Japan,Kansai,JP-KN,261.0,317.0,,17.0,,False,
2025-06-11T19:00:00.000Z,Japan,Kansai,JP-KN,258.0,316.0,,17.0,,False,
2025-06-11T20:00:00.000Z,Japan,Kansai,JP-KN,255.0,310.0,,19.0,,False,
2025-06-11T21:00:00.000Z,Japan,Kansai,JP-KN,246.0,302.0,,21.0,,False,
2025-06-11T22:00:00.000Z,Japan,Kansai,JP-KN,239.0,295.0,,25.0,,False,
2025-06-11T23:00:00.000Z,Japan,Kansai,JP-KN,226.0,282.0,,28.0,,False,
2025-06-12T00:00:00.000Z,Japan,Kansai,JP-KN,218.0,274.0,,30.0,,False,
2025-06-12T01:00:00.000Z,Japan,Kansai,JP-KN,213.0,268.0,,31.0,,False,
2025-06-12T02:00:00.000Z,Japan,Kansai,JP-KN,203.0,257.0,,32.0,,False,
2025-06-12T03:00:00.000Z,Japan,Kansai,JP-KN,195.0,248.0,,35.0,,False,
2025-06-12T04:00:00.000Z,Japan,Kansai,JP-KN,186.0,239.0,,38.0,,False,
2025-06-12T05:00:00.000Z,Japan,Kansai,JP-KN,189.0,241.0,,39.0,,False,
2025-06-12T06:00:00.000Z,Japan,Kansai,JP-KN,198.0,252.0,,37.0,,False,
2025-06-12T07:00:00.000Z,Japan,Kansai,JP-KN,218.0,274.0,,30.0,,False,
2025-06-12T08:00:00.000Z,Japan,Kansai,JP-KN,228.0,284.0,,25.0,,False,
2025-06-12T09:00:00.000Z,Japan,Kansai,JP-KN,242.0,301.0,,22.0,,False,
2025-06-12T10:00:00.000Z,Japan,Kansai,JP-KN,248.0,308.0,,20.0,,False,
2025-06-12T11:00:00.000Z,Japan,Kansai,JP-KN,254.0,314.0,,19.0,,False,
2025-06-12T12:00:00.000Z,Japan,Kansai,JP-KN,254.0,312.0,,20.0,,False,
2025-06-12T13:00:00.000Z,Japan,Kansai,JP-KN,253.0,310.0,,20.0,,False,
2025-06-12T14:00:00.000Z,Japan,Kansai,JP-KN,245.0,301.0,,20.0,,False,
2025-06-12T15:00:00.000Z,Japan,Kansai,JP-KN,243.0,298.0,,18.0,,False,
2025-06-12T16:00:00.000Z,Japan,Kansai,JP-KN,248.0,303.0,,18.0,,False,
2025-06-12T17:00:00.000Z,Japan,Kansai,JP-KN,247.0,302.0,,18.0,,False,
2025-06-12T18:00:00.000Z,Japan,Kansai,JP-KN,242.0,299.0,,18.0,,False,
2025-06-12T19:00:00.000Z,Japan,Kansai,JP-KN,240.0,296.0,,19.0,,False,
2025-06-12T20:00:00.000Z,Japan,Kansai,JP-KN,230.0,282.0,,22.0,,False,
2025-06-12T21:00:00.000Z,Japan,Kansai,JP-KN,221.0,272.0,,24.0,,False,
2025-06-12T22:00:00.000Z,Japan,Kansai,JP-KN,207.0,259.0,,29.0,,False,
2025-06-12T23:00:00.000Z,Japan,Kansai,JP-KN,196.0,249.0,,34.0,,False,
2025-06-13T00:00:00.000Z,Japan,Kansai,JP-KN,179.0,231.0,,40.0,,False,
2025-06-13T01:00:00.000Z,Japan,Kansai,JP-KN,163.0,215.0,,43.0,,False,
2025-06-13T02:00:00.000Z,Japan,Kansai,JP-KN,164.0,216.0,,43.0,,False,
2025-06-13T03:00:00.000Z,Japan,Kansai,JP-KN,160.0,211.0,,43.0,,False,
2025-06-13T04:00:00.000Z,Japan,Kansai,JP-KN,164.0,216.0,,44.0,,False,
2025-06-13T05:00:00.000Z,Japan,Kansai,JP-KN,170.0,221.0,,43.0,,False,
2025-06-13T06:00:00.000Z,Japan,Kansai,JP-KN,190.0,243.0,,38.0,,False,
2025-06-13T07:00:00.000Z,Japan,Kansai,JP-KN,211.0,267.0,,32.0,,False,
2025-06-13T08:00:00.000Z,Japan,Kansai,JP-KN,225.0,283.0,,27.0,,False,
2025-06-13T09:00:00.000Z,Japan,Kansai,JP-KN,235.0,295.0,,23.0,,False,
2025-06-13T10:00:00.000Z,Japan,Kansai,JP-KN,239.0,300.0,,22.0,,False,
2025-06-13T11:00:00.000Z,Japan,Kansai,JP-KN,241.0,301.0,,21.0,,False,
2025-06-13T12:00:00.000Z,Japan,Kansai,JP-KN,235.0,294.0,,21.0,,False,
2025-06-13T13:00:00.000Z,Japan,Kansai,JP-KN,230.0,290.0,,20.0,,False,
2025-06-13T14:00:00.000Z,Japan,Kansai,JP-KN,209.0,268.0,,21.0,,False,
2025-06-13T15:00:00.000Z,Japan,Kansai,JP-KN,190.0,249.0,,21.0,,False,
2025-06-13T16:00:00.000Z,Japan,Kansai,JP-KN,184.0,240.0,,21.0,,False,
2025-06-13T17:00:00.000Z,Japan,Kansai,JP-KN,186.0,242.0,,22.0,,False,
2025-06-13T18:00:00.000Z,Japan,Kansai,JP-KN,189.0,245.0,,22.0,,False,
2025-06-13T19:00:00.000Z,Japan,Kansai,JP-KN,183.0,240.0,,23.0,,False,
2025-06-13T20:00:00.000Z,Japan,Kansai,JP-KN,187.0,243.0,,22.0,,False,
2025-06-13T21:00:00.000Z,Japan,Kansai,JP-KN,191.0,248.0,,23.0,,False,
2025-06-13T22:00:00.000Z,Japan,Kansai,JP-KN,192.0,248.0,,25.0,,False,
2025-06-13T23:00:00.000Z,Japan,Kansai,JP-KN,195.0,253.0,,26.0,,False,
2025-06-14T00:00:00.000Z,Japan,Kansai,JP-KN,191.0,249.0,,28.0,,False,
2025-06-14T01:00:00.000Z,Japan,Kansai,JP-KN,187.0,244.0,,29.0,,False,
2025-06-14T02:00:00.000Z,Japan,Kansai,JP-KN,184.0,242.0,,29.0,,False,
2025-06-14T03:00:00.000Z,Japan,Kansai,JP-KN,186.0,244.0,,29.0,,False,
2025-06-14T04:00:00.000Z,Japan,Kansai,JP-KN,189.0,247.0,,28.0,,False,
2025-06-14T05:00:00.000Z,Japan,Kansai,JP-KN,190.0,248.0,,28.0,,False,
2025-06-14T06:00:00.000Z,Japan,Kansai,JP-KN,191.0,250.0,,27.0,,False,
2025-06-14T07:00:00.000Z,Japan,Kansai,JP-KN,186.0,245.0,,27.0,,False,
2025-06-14T08:00:00.000Z,Japan,Kansai,JP-KN,182.0,241.0,,26.0,,False,
2025-06-14T09:00:00.000Z,Japan,Kansai,JP-KN,183.0,243.0,,25.0,,False,
2025-06-14T10:00:00.000Z,Japan,Kansai,JP-KN,184.0,244.0,,24.0,,False,
2025-06-14T11:00:00.000Z,Japan,Kansai,JP-KN,185.0,245.0,,23.0,,False,
2025-06-14T12:00:00.000Z,Japan,Kansai,JP-KN,190.0,248.0,,23.0,,False,
2025-06-14T13:00:00.000Z,Japan,Kansai,JP-KN,192.0,249.0,,22.0,,False,
2025-06-14T14:00:00.000Z,Japan,Kansai,JP-KN,197.0,254.0,,21.0,,False,
2025-06-14T15:00:00.000Z,Japan,Kansai,JP-KN,196.0,253.0,,20.0,,False,
2025-06-14T16:00:00.000Z,Japan,Kansai,JP-KN,190.0,245.0,,21.0,,False,
2025-06-14T17:00:00.000Z,Japan,Kansai,JP-KN,189.0,243.0,,22.0,,False,
2025-06-14T18:00:00.000Z,Japan,Kansai,JP-KN,193.0,248.0,,22.0,,False,
2025-06-14T19:00:00.000Z,Japan,Kansai,JP-KN,188.0,244.0,,22.0,,False,
2025-06-14T20:00:00.000Z,Japan,Kansai,JP-KN,184.0,239.0,,22.0,,False,
2025-06-14T21:00:00.000Z,Japan,Kansai,JP-KN,186.0,241.0,,24.0,,False,
2025-06-14T22:00:00.000Z,Japan,Kansai,JP-KN,178.0,233.0,,28.0,,False,
2025-06-14T23:00:00.000Z,Japan,Kansai,JP-KN,158.0,211.0,,33.0,,False,
2025-06-15T00:00:00.000Z,Japan,Kansai,JP-KN,149.0,201.0,,36.0,,False,
2025-06-15T01:00:00.000Z,Japan,Kansai,JP-KN,134.0,186.0,,38.0,,False,
2025-06-15T02:00:00.000Z,Japan,Kansai,JP-KN,126.0,178.0,,42.0,,False,
2025-06-15T03:00:00.000Z,Japan,Kansai,JP-KN,116.0,166.0,,44.0,,False,
2025-06-15T04:00:00.000Z,Japan,Kansai,JP-KN,114.0,163.0,,45.0,,False,
2025-06-15T05:00:00.000Z,Japan,Kansai,JP-KN,120.0,171.0,,44.0,,False,
2025-06-15T06:00:00.000Z,Japan,Kansai,JP-KN,138.0,191.0,,40.0,,False,
2025-06-15T07:00:00.000Z,Japan,Kansai,JP-KN,160.0,216.0,,35.0,,False,
2025-06-15T08:00:00.000Z,Japan,Kansai,JP-KN,179.0,241.0,,28.0,,False,
2025-06-15T09:00:00.000Z,Japan,Kansai,JP-KN,194.0,259.0,,23.0,,False,
2025-06-15T10:00:00.000Z,Japan,Kansai,JP-KN,197.0,261.0,,21.0,,False,
2025-06-15T11:00:00.000Z,Japan,Kansai,JP-KN,193.0,258.0,,21.0,,False,
2025-06-15T12:00:00.000Z,Japan,Kansai,JP-KN,190.0,256.0,,20.0,,False,
2025-06-15T13:00:00.000Z,Japan,Kansai,JP-KN,198.0,262.0,,20.0,,False,
2025-06-15T14:00:00.000Z,Japan,Kansai,JP-KN,201.0,261.0,,20.0,,False,
2025-06-15T15:00:00.000Z,Japan,Kansai,JP-KN,216.0,273.0,,19.0,,False,
2025-06-15T16:00:00.000Z,Japan,Kansai,JP-KN,214.0,270.0,,20.0,,False,
2025-06-15T17:00:00.000Z,Japan,Kansai,JP-KN,220.0,275.0,,20.0,,False,
2025-06-15T18:00:00.000Z,Japan,Kansai,JP-KN,228.0,284.0,,19.0,,False,
2025-06-15T19:00:00.000Z,Japan,Kansai,JP-KN,231.0,289.0,,19.0,,False,
2025-06-15T20:00:00.000Z,Japan,Kansai,JP-KN,234.0,291.0,,20.0,,False,
2025-06-15T21:00:00.000Z,Japan,Kansai,JP-KN,232.0,288.0,,24.0,,False,
2025-06-15T22:00:00.000Z,Japan,Kansai,JP-KN,213.0,268.0,,30.0,,False,
2025-06-15T23:00:00.000Z,Japan,Kansai,JP-KN,204.0,260.0,,32.0,,False,
2025-06-16T00:00:00.000Z,Japan,Kansai,JP-KN,196.0,252.0,,35.0,,False,
2025-06-16T01:00:00.000Z,Japan,Kansai,JP-KN,193.0,250.0,,37.0,,False,
2025-06-16T02:00:00.000Z,Japan,Kansai,JP-KN,187.0,242.0,,40.0,,False,
2025-06-16T03:00:00.000Z,Japan,Kansai,JP-KN,174.0,227.0,,43.0,,False,
2025-06-16T04:00:00.000Z,Japan,Kansai,JP-KN,179.0,235.0,,41.0,,False,
2025-06-16T05:00:00.000Z,Japan,Kansai,JP-KN,191.0,248.0,,39.0,,False,
2025-06-16T06:00:00.000Z,Japan,Kansai,JP-KN,205.0,264.0,,35.0,,False,
2025-06-16T07:00:00.000Z,Japan,Kansai,JP-KN,226.0,287.0,,31.0,,False,
2025-06-16T08:00:00.000Z,Japan,Kansai,JP-KN,247.0,309.0,,26.0,,False,
2025-06-16T09:00:00.000Z,Japan,Kansai,JP-KN,261.0,325.0,,22.0,,False,
2025-06-16T10:00:00.000Z,Japan,Kansai,JP-KN,264.0,327.0,,21.0,,False,
2025-06-16T11:00:00.000Z,Japan,Kansai,JP-KN,263.0,325.0,,20.0,,False,
2025-06-16T12:00:00.000Z,Japan,Kansai,JP-KN,262.0,324.0,,19.0,,False,
2025-06-16T13:00:00.000Z,Japan,Kansai,JP-KN,264.0,325.0,,18.0,,False,
2025-06-16T14:00:00.000Z,Japan,Kansai,JP-KN,260.0,321.0,,18.0,,False,
2025-06-16T15:00:00.000Z,Japan,Kansai,JP-KN,256.0,316.0,,18.0,,False,
2025-06-16T16:00:00.000Z,Japan,Kansai,JP-KN,258.0,317.0,,18.0,,False,
2025-06-16T17:00:00.000Z,Japan,Kansai,JP-KN,255.0,314.0,,18.0,,False,
2025-06-16T18:00:00.000Z,Japan,Kansai,JP-KN,254.0,313.0,,18.0,,False,
2025-06-16T19:00:00.000Z,Japan,Kansai,JP-KN,252.0,310.0,,19.0,,False,
2025-06-16T20:00:00.000Z,Japan,Kansai,JP-KN,250.0,308.0,,20.0,,False,
2025-06-16T21:00:00.000Z,Japan,Kansai,JP-KN,246.0,304.0,,23.0,,False,
2025-06-16T22:00:00.000Z,Japan,Kansai,JP-KN,229.0,288.0,,28.0,,False,
2025-06-16T23:00:00.000Z,Japan,Kansai,JP-KN,210.0,269.0,,33.0,,False,
2025-06-17T00:00:00.000Z,Japan,Kansai,JP-KN,191.0,250.0,,38.0,,False,
2025-06-17T01:00:00.000Z,Japan,Kansai,JP-KN,170.0,226.0,,44.0,,False,
2025-06-17T02:00:00.000Z,Japan,Kansai,JP-KN,167.0,224.0,,45.0,,False,
2025-06-17T03:00:00.000Z,Japan,Kansai,JP-KN,162.0,217.0,,46.0,,False,
2025-06-17T04:00:00.000Z,Japan,Kansai,JP-KN,173.0,231.0,,44.0,,False,
2025-06-17T05:00:00.000Z,Japan,Kansai,JP-KN,174.0,232.0,,43.0,,False,
2025-06-17T06:00:00.000Z,Japan,Kansai,JP-KN,191.0,251.0,,40.0,,False,
2025-06-17T07:00:00.000Z,Japan,Kansai,JP-KN,217.0,281.0,,34.0,,False,
2025-06-17T08:00:00.000Z,Japan,Kansai,JP-KN,246.0,312.0,,28.0,,False,
2025-06-17T09:00:00.000Z,Japan,Kansai,JP-KN,256.0,323.0,,25.0,,False,
2025-06-17T10:00:00.000Z,Japan,Kansai,JP-KN,267.0,335.0,,22.0,,False,
2025-06-17T11:00:00.000Z,Japan,Kansai,JP-KN,266.0,332.0,,20.0,,False,
2025-06-17T12:00:00.000Z,Japan,Kansai,JP-KN,268.0,335.0,,19.0,,False,
2025-06-17T13:00:00.000Z,Japan,Kansai,JP-KN,264.0,329.0,,18.0,,False,
2025-06-17T14:00:00.000Z,Japan,Kansai,JP-KN,257.0,321.0,,18.0,,False,
2025-06-17T15:00:00.000Z,Japan,Kansai,JP-KN,254.0,317.0,,18.0,,False,
2025-06-17T16:00:00.000Z,Japan,Kansai,JP-KN,252.0,313.0,,18.0,,False,
2025-06-17T17:00:00.000Z,Japan,Kansai,JP-KN,250.0,310.0,,18.0,,False,
2025-06-17T18:00:00.000Z,Japan,Kansai,JP-KN,249.0,309.0,,18.0,,False,
2025-06-17T19:00:00.000Z,Japan,Kansai,JP-KN,247.0,307.0,,18.0,,False,
2025-06-17T20:00:00.000Z,Japan,Kansai,JP-KN,249.0,310.0,,20.0,,False,
2025-06-17T21:00:00.000Z,Japan,Kansai,JP-KN,242.0,301.0,,24.0,,False,
2025-06-17T22:00:00.000Z,Japan,Kansai,JP-KN,224.0,284.0,,29.0,,False,
2025-06-17T23:00:00.000Z,Japan,Kansai,JP-KN,216.0,277.0,,34.0,,False,
2025-06-18T00:00:00.000Z,Japan,Kansai,JP-KN,196.0,257.0,,40.0,,False,
2025-06-18T01:00:00.000Z,Japan,Kansai,JP-KN,182.0,241.0,,44.0,,False,
2025-06-18T02:00:00.000Z,Japan,Kansai,JP-KN,179.0,237.0,,46.0,,False,
2025-06-18T03:00:00.000Z,Japan,Kansai,JP-KN,180.0,237.0,,46.0,,False,
2025-06-18T04:00:00.000Z,Japan,Kansai,JP-KN,192.0,253.0,,43.0,,False,
2025-06-18T05:00:00.000Z,Japan,Kansai,JP-KN,205.0,267.0,,41.0,,False,
2025-06-18T06:00:00.000Z,Japan,Kansai,JP-KN,222.0,286.0,,37.0,,False,
2025-06-18T07:00:00.000Z,Japan,Kansai,JP-KN,239.0,306.0,,34.0,,False,
2025-06-18T08:00:00.000Z,Japan,Kansai,JP-KN,258.0,329.0,,29.0,,False,
2025-06-18T09:00:00.000Z,Japan,Kansai,JP-KN,273.0,348.0,,24.0,,False,
2025-06-18T10:00:00.000Z,Japan,Kansai,JP-KN,282.0,357.0,,22.0,,False,
2025-06-18T11:00:00.000Z,Japan,Kansai,JP-KN,284.0,358.0,,20.0,,False,
2025-06-18T12:00:00.000Z,Japan,Kansai,JP-KN,286.0,361.0,,19.0,,False,
2025-06-18T13:00:00.000Z,Japan,Kansai,JP-KN,287.0,361.0,,18.0,,False,
2025-06-18T14:00:00.000Z,Japan,Kansai,JP-KN,275.0,345.0,,19.0,,False,
2025-06-18T15:00:00.000Z,Japan,Kansai,JP-KN,282.0,352.0,,17.0,,False,
2025-06-18T16:00:00.000Z,Japan,Kansai,JP-KN,272.0,338.0,,19.0,,False,
2025-06-18T17:00:00.000Z,Japan,Kansai,JP-KN,272.0,335.0,,19.0,,False,
2025-06-18T18:00:00.000Z,Japan,Kansai,JP-KN,274.0,339.0,,18.0,,False,
2025-06-18T19:00:00.000Z,Japan,Kansai,JP-KN,268.0,332.0,,19.0,,False,
2025-06-18T20:00:00.000Z,Japan,Kansai,JP-KN,266.0,328.0,,21.0,,False,
2025-06-18T21:00:00.000Z,Japan,Kansai,JP-KN,250.0,312.0,,26.0,,False,
2025-06-18T22:00:00.000Z,Japan,Kansai,JP-KN,220.0,281.0,,33.0,,False,
2025-06-18T23:00:00.000Z,Japan,Kansai,JP-KN,201.0,267.0,,38.0,,False,
2025-06-19T00:00:00.000Z,Japan,Kansai,JP-KN,189.0,252.0,,42.0,,False,
2025-06-19T01:00:00.000Z,Japan,Kansai,JP-KN,179.0,240.0,,45.0,,False,
2025-06-19T02:00:00.000Z,Japan,Kansai,JP-KN,173.0,233.0,,46.0,,False,
2025-06-19T03:00:00.000Z,Japan,Kansai,JP-KN,170.0,230.0,,47.0,,False,
2025-06-19T04:00:00.000Z,Japan,Kansai,JP-KN,181.0,242.0,,45.0,,False,
2025-06-19T05:00:00.000Z,Japan,Kansai,JP-KN,198.0,262.0,,41.0,,False,
2025-06-19T06:00:00.000Z,Japan,Kansai,JP-KN,213.0,278.0,,38.0,,False,
2025-06-19T07:00:00.000Z,Japan,Kansai,JP-KN,229.0,299.0,,34.0,,False,
2025-06-19T08:00:00.000Z,Japan,Kansai,JP-KN,253.0,325.0,,29.0,,False,
2025-06-19T09:00:00.000Z,Japan,Kansai,JP-KN,265.0,339.0,,25.0,,False,
2025-06-19T10:00:00.000Z,Japan,Kansai,JP-KN,279.0,353.0,,22.0,,False,
2025-06-19T11:00:00.000Z,Japan,Kansai,JP-KN,280.0,353.0,,20.0,,False,
2025-06-19T12:00:00.000Z,Japan,Kansai,JP-KN,280.0,354.0,,20.0,,False,
2025-06-19T13:00:00.000Z,Japan,Kansai,JP-KN,284.0,356.0,,18.0,,False,
2025-06-19T14:00:00.000Z,Japan,Kansai,JP-KN,278.0,348.0,,18.0,,False,
2025-06-19T15:00:00.000Z,Japan,Kansai,JP-KN,280.0,346.0,,18.0,,False,
2025-06-19T16:00:00.000Z,Japan,Kansai,JP-KN,279.0,342.0,,18.0,,False,
2025-06-19T17:00:00.000Z,Japan,Kansai,JP-KN,274.0,337.0,,18.0,,False,
2025-06-19T18:00:00.000Z,Japan,Kansai,JP-KN,275.0,337.0,,18.0,,False,
2025-06-19T19:00:00.000Z,Japan,Kansai,JP-KN,273.0,335.0,,19.0,,False,
2025-06-19T20:00:00.000Z,Japan,Kansai,JP-KN,268.0,329.0,,21.0,,False,
2025-06-19T21:00:00.000Z,Japan,Kansai,JP-KN,250.0,311.0,,26.0,,False,
2025-06-19T22:00:00.000Z,Japan,Kansai,JP-KN,222.0,281.0,,34.0,,False,
2025-06-19T23:00:00.000Z,Japan,Kansai,JP-KN,196.0,254.0,,40.0,,False,
2025-06-20T00:00:00.000Z,Japan,Kansai,JP-KN,182.0,240.0,,44.0,,False,
2025-06-20T01:00:00.000Z,Japan,Kansai,JP-KN,175.0,232.0,,46.0,,False,
2025-06-20T02:00:00.000Z,Japan,Kansai,JP-KN,173.0,229.0,,47.0,,False,
2025-06-20T03:00:00.000Z,Japan,Kansai,JP-KN,172.0,229.0,,47.0,,False,
2025-06-20T04:00:00.000Z,Japan,Kansai,JP-KN,186.0,244.0,,45.0,,False,
2025-06-20T05:00:00.000Z,Japan,Kansai,JP-KN,202.0,260.0,,42.0,,False,
2025-06-20T06:00:00.000Z,Japan,Kansai,JP-KN,218.0,278.0,,39.0,,False,
2025-06-20T07:00:00.000Z,Japan,Kansai,JP-KN,242.0,305.0,,33.0,,False,
2025-06-20T08:00:00.000Z,Japan,Kansai,JP-KN,271.0,335.0,,27.0,,False,
2025-06-20T09:00:00.000Z,Japan,Kansai,JP-KN,286.0,352.0,,23.0,,False,
2025-06-20T10:00:00.000Z,Japan,Kansai,JP-KN,294.0,360.0,,21.0,,False,
2025-06-20T11:00:00.000Z,Japan,Kansai,JP-KN,297.0,364.0,,19.0,,False,
2025-06-20T12:00:00.000Z,Japan,Kansai,JP-KN,297.0,362.0,,18.0,,False,
2025-06-20T13:00:00.000Z,Japan,Kansai,JP-KN,297.0,362.0,,18.0,,False,
2025-06-20T14:00:00.000Z,Japan,Kansai,JP-KN,272.0,337.0,,19.0,,False,
2025-06-20T15:00:00.000Z,Japan,Kansai,JP-KN,253.0,317.0,,21.0,,False,
2025-06-20T16:00:00.000Z,Japan,Kansai,JP-KN,266.0,330.0,,18.0,,False,
2025-06-20T17:00:00.000Z,Japan,Kansai,JP-KN,269.0,333.0,,18.0,,False,
2025-06-20T18:00:00.000Z,Japan,Kansai,JP-KN,261.0,325.0,,19.0,,False,
2025-06-20T19:00:00.000Z,Japan,Kansai,JP-KN,256.0,320.0,,19.0,,False,
2025-06-20T20:00:00.000Z,Japan,Kansai,JP-KN,248.0,310.0,,21.0,,False,
2025-06-20T21:00:00.000Z,Japan,Kansai,JP-KN,241.0,301.0,,25.0,,False,
2025-06-20T22:00:00.000Z,Japan,Kansai,JP-KN,220.0,279.0,,30.0,,False,
2025-06-20T23:00:00.000Z,Japan,Kansai,JP-KN,206.0,264.0,,35.0,,False,
2025-06-21T00:00:00.000Z,Japan,Kansai,JP-KN,188.0,243.0,,40.0,,False,
2025-06-21T01:00:00.000Z,Japan,Kansai,JP-KN,170.0,224.0,,44.0,,False,
2025-06-21T02:00:00.000Z,Japan,Kansai,JP-KN,166.0,220.0,,46.0,,False,
2025-06-21T03:00:00.000Z,Japan,Kansai,JP-KN,173.0,228.0,,45.0,,False,
2025-06-21T04:00:00.000Z,Japan,Kansai,JP-KN,175.0,230.0,,44.0,,False,
2025-06-21T05:00:00.000Z,Japan,Kansai,JP-KN,185.0,241.0,,42.0,,False,
2025-06-21T06:00:00.000Z,Japan,Kansai,JP-KN,198.0,255.0,,39.0,,False,
2025-06-21T07:00:00.000Z,Japan,Kansai,JP-KN,212.0,270.0,,35.0,,False,
2025-06-21T08:00:00.000Z,Japan,Kansai,JP-KN,235.0,297.0,,29.0,,False,
2025-06-21T09:00:00.000Z,Japan,Kansai,JP-KN,244.0,306.0,,27.0,,False,
2025-06-21T10:00:00.000Z,Japan,Kansai,JP-KN,245.0,307.0,,25.0,,False,
2025-06-21T11:00:00.000Z,Japan,Kansai,JP-KN,257.0,320.0,,23.0,,False,
2025-06-21T12:00:00.000Z,Japan,Kansai,JP-KN,264.0,329.0,,21.0,,False,
2025-06-21T13:00:00.000Z,Japan,Kansai,JP-KN,265.0,329.0,,20.0,,False,
2025-06-21T14:00:00.000Z,Japan,Kansai,JP-KN,260.0,324.0,,20.0,,False,
2025-06-21T15:00:00.000Z,Japan,Kansai,JP-KN,259.0,322.0,,19.0,,False,
2025-06-21T16:00:00.000Z,Japan,Kansai,JP-KN,260.0,319.0,,19.0,,False,
2025-06-21T17:00:00.000Z,Japan,Kansai,JP-KN,259.0,318.0,,20.0,,False,
2025-06-21T18:00:00.000Z,Japan,Kansai,JP-KN,259.0,318.0,,19.0,,False,
2025-06-21T19:00:00.000Z,Japan,Kansai,JP-KN,241.0,301.0,,21.0,,False,
2025-06-21T20:00:00.000Z,Japan,Kansai,JP-KN,237.0,293.0,,23.0,,False,
2025-06-21T21:00:00.000Z,Japan,Kansai,JP-KN,229.0,284.0,,27.0,,False,
2025-06-21T22:00:00.000Z,Japan,Kansai,JP-KN,214.0,268.0,,33.0,,False,
2025-06-21T23:00:00.000Z,Japan,Kansai,JP-KN,198.0,252.0,,38.0,,False,
2025-06-22T00:00:00.000Z,Japan,Kansai,JP-KN,188.0,242.0,,41.0,,False,
2025-06-22T01:00:00.000Z,Japan,Kansai,JP-KN,177.0,231.0,,43.0,,False,
2025-06-22T02:00:00.000Z,Japan,Kansai,JP-KN,169.0,222.0,,46.0,,False,
2025-06-22T03:00:00.000Z,Japan,Kansai,JP-KN,180.0,234.0,,44.0,,False,
2025-06-22T04:00:00.000Z,Japan,Kansai,JP-KN,178.0,232.0,,44.0,,False,
2025-06-22T05:00:00.000Z,Japan,Kansai,JP-KN,189.0,244.0,,41.0,,False,
2025-06-22T06:00:00.000Z,Japan,Kansai,JP-KN,202.0,261.0,,36.0,,False,
2025-06-22T07:00:00.000Z,Japan,Kansai,JP-KN,216.0,280.0,,32.0,,False,
2025-06-22T08:00:00.000Z,Japan,Kansai,JP-KN,240.0,308.0,,27.0,,False,
2025-06-22T09:00:00.000Z,Japan,Kansai,JP-KN,248.0,316.0,,25.0,,False,
2025-06-22T10:00:00.000Z,Japan,Kansai,JP-KN,249.0,317.0,,25.0,,False,
2025-06-22T11:00:00.000Z,Japan,Kansai,JP-KN,256.0,326.0,,22.0,,False,
2025-06-22T12:00:00.000Z,Japan,Kansai,JP-KN,262.0,331.0,,20.0,,False,
2025-06-22T13:00:00.000Z,Japan,Kansai,JP-KN,262.0,330.0,,20.0,,False,
2025-06-22T14:00:00.000Z,Japan,Kansai,JP-KN,274.0,341.0,,19.0,,False,
2025-06-22T15:00:00.000Z,Japan,Kansai,JP-KN,285.0,353.0,,18.0,,False,
2025-06-22T16:00:00.000Z,Japan,Kansai,JP-KN,288.0,353.0,,18.0,,False,
2025-06-22T17:00:00.000Z,Japan,Kansai,JP-KN,287.0,353.0,,18.0,,False,
2025-06-22T18:00:00.000Z,Japan,Kansai,JP-KN,282.0,349.0,,18.0,,False,
2025-06-22T19:00:00.000Z,Japan,Kansai,JP-KN,283.0,349.0,,18.0,,False,
2025-06-22T20:00:00.000Z,Japan,Kansai,JP-KN,288.0,354.0,,18.0,,False,
2025-06-22T21:00:00.000Z,Japan,Kansai,JP-KN,281.0,348.0,,21.0,,False,
2025-06-22T22:00:00.000Z,Japan,Kansai,JP-KN,274.0,342.0,,23.0,,False,
2025-06-22T23:00:00.000Z,Japan,Kansai,JP-KN,278.0,352.0,,23.0,,False,
2025-06-23T00:00:00.000Z,Japan,Kansai,JP-KN,266.0,342.0,,26.0,,False,
2025-06-23T01:00:00.000Z,Japan,Kansai,JP-KN,261.0,337.0,,26.0,,False,
2025-06-23T02:00:00.000Z,Japan,Kansai,JP-KN,247.0,323.0,,29.0,,False,
2025-06-23T03:00:00.000Z,Japan,Kansai,JP-KN,244.0,318.0,,29.0,,False,
2025-06-23T04:00:00.000Z,Japan,Kansai,JP-KN,250.0,327.0,,28.0,,False,
2025-06-23T05:00:00.000Z,Japan,Kansai,JP-KN,259.0,336.0,,26.0,,False,
2025-06-23T06:00:00.000Z,Japan,Kansai,JP-KN,269.0,345.0,,24.0,,False,
2025-06-23T07:00:00.000Z,Japan,Kansai,JP-KN,275.0,352.0,,23.0,,False,
2025-06-23T08:00:00.000Z,Japan,Kansai,JP-KN,286.0,363.0,,20.0,,False,
2025-06-23T09:00:00.000Z,Japan,Kansai,JP-KN,294.0,372.0,,18.0,,False,
2025-06-23T10:00:00.000Z,Japan,Kansai,JP-KN,298.0,376.0,,17.0,,False,
2025-06-23T11:00:00.000Z,Japan,Kansai,JP-KN,297.0,372.0,,16.0,,False,
2025-06-23T12:00:00.000Z,Japan,Kansai,JP-KN,301.0,373.0,,16.0,,False,
2025-06-23T13:00:00.000Z,Japan,Kansai,JP-KN,297.0,367.0,,16.0,,False,
2025-06-23T14:00:00.000Z,Japan,Kansai,JP-KN,293.0,365.0,,16.0,,False,
2025-06-23T15:00:00.000Z,Japan,Kansai,JP-KN,286.0,356.0,,17.0,,False,
2025-06-23T16:00:00.000Z,Japan,Kansai,JP-KN,289.0,355.0,,16.0,,False,
2025-06-23T17:00:00.000Z,Japan,Kansai,JP-KN,287.0,353.0,,17.0,,False,
2025-06-23T18:00:00.000Z,Japan,Kansai,JP-KN,287.0,353.0,,16.0,,False,
2025-06-23T19:00:00.000Z,Japan,Kansai,JP-KN,287.0,354.0,,16.0,,False,
2025-06-23T20:00:00.000Z,Japan,Kansai,JP-KN,286.0,352.0,,17.0,,False,
2025-06-23T21:00:00.000Z,Japan,Kansai,JP-KN,283.0,348.0,,19.0,,False,
2025-06-23T22:00:00.000Z,Japan,Kansai,JP-KN,279.0,345.0,,21.0,,False,
2025-06-23T23:00:00.000Z,Japan,Kansai,JP-KN,272.0,341.0,,23.0,,False,
2025-06-24T00:00:00.000Z,Japan,Kansai,JP-KN,260.0,330.0,,26.0,,False,
2025-06-24T01:00:00.000Z,Japan,Kansai,JP-KN,252.0,321.0,,28.0,,False,
2025-06-24T02:00:00.000Z,Japan,Kansai,JP-KN,246.0,313.0,,30.0,,False,
2025-06-24T03:00:00.000Z,Japan,Kansai,JP-KN,250.0,317.0,,30.0,,False,
2025-06-24T04:00:00.000Z,Japan,Kansai,JP-KN,259.0,327.0,,28.0,,False,
2025-06-24T05:00:00.000Z,Japan,Kansai,JP-KN,262.0,332.0,,27.0,,False,
2025-06-24T06:00:00.000Z,Japan,Kansai,JP-KN,270.0,341.0,,25.0,,False,
2025-06-24T07:00:00.000Z,Japan,Kansai,JP-KN,276.0,345.0,,24.0,,False,
2025-06-24T08:00:00.000Z,Japan,Kansai,JP-KN,287.0,356.0,,22.0,,False,
2025-06-24T09:00:00.000Z,Japan,Kansai,JP-KN,299.0,369.0,,19.0,,False,
2025-06-24T10:00:00.000Z,Japan,Kansai,JP-KN,303.0,373.0,,18.0,,False,
2025-06-24T11:00:00.000Z,Japan,Kansai,JP-KN,306.0,375.0,,17.0,,False,
2025-06-24T12:00:00.000Z,Japan,Kansai,JP-KN,305.0,372.0,,18.0,,False,
2025-06-24T13:00:00.000Z,Japan,Kansai,JP-KN,301.0,367.0,,18.0,,False,
2025-06-24T14:00:00.000Z,Japan,Kansai,JP-KN,296.0,362.0,,18.0,,False,
2025-06-24T15:00:00.000Z,Japan,Kansai,JP-KN,294.0,356.0,,18.0,,False,
2025-06-24T16:00:00.000Z,Japan,Kansai,JP-KN,293.0,356.0,,17.0,,False,
2025-06-24T17:00:00.000Z,Japan,Kansai,JP-KN,292.0,355.0,,17.0,,False,
2025-06-24T18:00:00.000Z,Japan,Kansai,JP-KN,293.0,356.0,,17.0,,False,
2025-06-24T19:00:00.000Z,Japan,Kansai,JP-KN,289.0,352.0,,18.0,,False,
2025-06-24T20:00:00.000Z,Japan,Kansai,JP-KN,286.0,348.0,,19.0,,False,
2025-06-24T21:00:00.000Z,Japan,Kansai,JP-KN,279.0,339.0,,22.0,,False,
2025-06-24T22:00:00.000Z,Japan,Kansai,JP-KN,263.0,323.0,,27.0,,False,
2025-06-24T23:00:00.000Z,Japan,Kansai,JP-KN,254.0,318.0,,29.0,,False,
2025-06-25T00:00:00.000Z,Japan,Kansai,JP-KN,240.0,306.0,,32.0,,False,
2025-06-25T01:00:00.000Z,Japan,Kansai,JP-KN,227.0,290.0,,35.0,,False,
2025-06-25T02:00:00.000Z,Japan,Kansai,JP-KN,218.0,281.0,,37.0,,False,
2025-06-25T03:00:00.000Z,Japan,Kansai,JP-KN,214.0,275.0,,39.0,,False,
2025-06-25T04:00:00.000Z,Japan,Kansai,JP-KN,220.0,283.0,,38.0,,False,
2025-06-25T05:00:00.000Z,Japan,Kansai,JP-KN,226.0,290.0,,36.0,,False,
2025-06-25T06:00:00.000Z,Japan,Kansai,JP-KN,235.0,303.0,,34.0,,False,
2025-06-25T07:00:00.000Z,Japan,Kansai,JP-KN,248.0,320.0,,30.0,,False,
2025-06-25T08:00:00.000Z,Japan,Kansai,JP-KN,271.0,343.0,,25.0,,False,
2025-06-25T09:00:00.000Z,Japan,Kansai,JP-KN,280.0,354.0,,22.0,,False,
2025-06-25T10:00:00.000Z,Japan,Kansai,JP-KN,289.0,363.0,,20.0,,False,
2025-06-25T11:00:00.000Z,Japan,Kansai,JP-KN,290.0,364.0,,18.0,,False,
2025-06-25T12:00:00.000Z,Japan,Kansai,JP-KN,294.0,367.0,,17.0,,False,
2025-06-25T13:00:00.000Z,Japan,Kansai,JP-KN,296.0,367.0,,16.0,,False,
2025-06-25T14:00:00.000Z,Japan,Kansai,JP-KN,292.0,364.0,,16.0,,False,
2025-06-25T15:00:00.000Z,Japan,Kansai,JP-KN,287.0,358.0,,16.0,,False,
2025-06-25T16:00:00.000Z,Japan,Kansai,JP-KN,290.0,361.0,,15.0,,False,
2025-06-25T17:00:00.000Z,Japan,Kansai,JP-KN,292.0,363.0,,15.0,,False,
2025-06-25T18:00:00.000Z,Japan,Kansai,JP-KN,294.0,364.0,,15.0,,False,
2025-06-25T19:00:00.000Z,Japan,Kansai,JP-KN,293.0,363.0,,15.0,,False,
2025-06-25T20:00:00.000Z,Japan,Kansai,JP-KN,286.0,354.0,,16.0,,False,
2025-06-25T21:00:00.000Z,Japan,Kansai,JP-KN,276.0,342.0,,19.0,,False,
2025-06-25T22:00:00.000Z,Japan,Kansai,JP-KN,266.0,331.0,,23.0,,False,
2025-06-25T23:00:00.000Z,Japan,Kansai,JP-KN,248.0,315.0,,28.0,,False,
2025-06-26T00:00:00.000Z,Japan,Kansai,JP-KN,230.0,296.0,,32.0,,False,
2025-06-26T01:00:00.000Z,Japan,Kansai,JP-KN,220.0,285.0,,34.0,,False,
2025-06-26T02:00:00.000Z,Japan,Kansai,JP-KN,215.0,282.0,,35.0,,False,
2025-06-26T03:00:00.000Z,Japan,Kansai,JP-KN,213.0,279.0,,36.0,,False,
2025-06-26T04:00:00.000Z,Japan,Kansai,JP-KN,217.0,284.0,,36.0,,False,
2025-06-26T05:00:00.000Z,Japan,Kansai,JP-KN,218.0,284.0,,36.0,,False,
2025-06-26T06:00:00.000Z,Japan,Kansai,JP-KN,226.0,293.0,,35.0,,False,
2025-06-26T07:00:00.000Z,Japan,Kansai,JP-KN,246.0,316.0,,30.0,,False,
2025-06-26T08:00:00.000Z,Japan,Kansai,JP-KN,256.0,323.0,,28.0,,False,
2025-06-26T09:00:00.000Z,Japan,Kansai,JP-KN,276.0,346.0,,22.0,,False,
2025-06-26T10:00:00.000Z,Japan,Kansai,JP-KN,275.0,343.0,,22.0,,False,
2025-06-26T11:00:00.000Z,Japan,Kansai,JP-KN,284.0,356.0,,20.0,,False,
2025-06-26T12:00:00.000Z,Japan,Kansai,JP-KN,294.0,364.0,,17.0,,False,
2025-06-26T13:00:00.000Z,Japan,Kansai,JP-KN,297.0,367.0,,17.0,,False,
2025-06-26T14:00:00.000Z,Japan,Kansai,JP-KN,298.0,367.0,,17.0,,False,
2025-06-26T15:00:00.000Z,Japan,Kansai,JP-KN,296.0,363.0,,16.0,,False,
2025-06-26T16:00:00.000Z,Japan,Kansai,JP-KN,297.0,364.0,,16.0,,False,
2025-06-26T17:00:00.000Z,Japan,Kansai,JP-KN,296.0,364.0,,16.0,,False,
2025-06-26T18:00:00.000Z,Japan,Kansai,JP-KN,296.0,363.0,,16.0,,False,
2025-06-26T19:00:00.000Z,Japan,Kansai,JP-KN,294.0,360.0,,17.0,,False,
2025-06-26T20:00:00.000Z,Japan,Kansai,JP-KN,284.0,347.0,,19.0,,False,
2025-06-26T21:00:00.000Z,Japan,Kansai,JP-KN,270.0,331.0,,24.0,,False,
2025-06-26T22:00:00.000Z,Japan,Kansai,JP-KN,243.0,301.0,,32.0,,False,
2025-06-26T23:00:00.000Z,Japan,Kansai,JP-KN,225.0,284.0,,37.0,,False,
2025-06-27T00:00:00.000Z,Japan,Kansai,JP-KN,200.0,256.0,,43.0,,False,
2025-06-27T01:00:00.000Z,Japan,Kansai,JP-KN,185.0,240.0,,45.0,,False,
2025-06-27T02:00:00.000Z,Japan,Kansai,JP-KN,177.0,233.0,,46.0,,False,
2025-06-27T03:00:00.000Z,Japan,Kansai,JP-KN,175.0,235.0,,46.0,,False,
2025-06-27T04:00:00.000Z,Japan,Kansai,JP-KN,186.0,247.0,,44.0,,False,
2025-06-27T05:00:00.000Z,Japan,Kansai,JP-KN,206.0,266.0,,42.0,,False,
2025-06-27T06:00:00.000Z,Japan,Kansai,JP-KN,218.0,280.0,,39.0,,False,
2025-06-27T07:00:00.000Z,Japan,Kansai,JP-KN,234.0,294.0,,36.0,,False,
2025-06-27T08:00:00.000Z,Japan,Kansai,JP-KN,259.0,319.0,,30.0,,False,
2025-06-27T09:00:00.000Z,Japan,Kansai,JP-KN,271.0,331.0,,27.0,,False,
2025-06-27T10:00:00.000Z,Japan,Kansai,JP-KN,277.0,338.0,,26.0,,False,
2025-06-27T11:00:00.000Z,Japan,Kansai,JP-KN,286.0,348.0,,24.0,,False,
2025-06-27T12:00:00.000Z,Japan,Kansai,JP-KN,295.0,356.0,,22.0,,False,
2025-06-27T13:00:00.000Z,Japan,Kansai,JP-KN,313.0,376.0,,18.0,,False,
2025-06-27T14:00:00.000Z,Japan,Kansai,JP-KN,303.0,367.0,,18.0,,False,
2025-06-27T15:00:00.000Z,Japan,Kansai,JP-KN,290.0,354.0,,17.0,,False,
2025-06-27T16:00:00.000Z,Japan,Kansai,JP-KN,283.0,343.0,,18.0,,False,
2025-06-27T17:00:00.000Z,Japan,Kansai,JP-KN,276.0,336.0,,19.0,,False,
2025-06-27T18:00:00.000Z,Japan,Kansai,JP-KN,275.0,337.0,,18.0,,False,
2025-06-27T19:00:00.000Z,Japan,Kansai,JP-KN,275.0,335.0,,19.0,,False,
2025-06-27T20:00:00.000Z,Japan,Kansai,JP-KN,265.0,323.0,,21.0,,False,
2025-06-27T21:00:00.000Z,Japan,Kansai,JP-KN,241.0,296.0,,27.0,,False,
2025-06-27T22:00:00.000Z,Japan,Kansai,JP-KN,208.0,261.0,,37.0,,False,
2025-06-27T23:00:00.000Z,Japan,Kansai,JP-KN,180.0,233.0,,43.0,,False,
2025-06-28T00:00:00.000Z,Japan,Kansai,JP-KN,149.0,200.0,,49.0,,False,
2025-06-28T01:00:00.000Z,Japan,Kansai,JP-KN,137.0,187.0,,52.0,,False,
2025-06-28T02:00:00.000Z,Japan,Kansai,JP-KN,136.0,187.0,,52.0,,False,
2025-06-28T03:00:00.000Z,Japan,Kansai,JP-KN,145.0,196.0,,52.0,,False,
2025-06-28T04:00:00.000Z,Japan,Kansai,JP-KN,156.0,208.0,,50.0,,False,
2025-06-28T05:00:00.000Z,Japan,Kansai,JP-KN,164.0,217.0,,48.0,,False,
2025-06-28T06:00:00.000Z,Japan,Kansai,JP-KN,184.0,239.0,,43.0,,False,
2025-06-28T07:00:00.000Z,Japan,Kansai,JP-KN,223.0,281.0,,36.0,,False,
2025-06-28T08:00:00.000Z,Japan,Kansai,JP-KN,246.0,305.0,,31.0,,False,
2025-06-28T09:00:00.000Z,Japan,Kansai,JP-KN,255.0,314.0,,28.0,,False,
2025-06-28T10:00:00.000Z,Japan,Kansai,JP-KN,253.0,310.0,,29.0,,False,
2025-06-28T11:00:00.000Z,Japan,Kansai,JP-KN,267.0,325.0,,26.0,,False,
2025-06-28T12:00:00.000Z,Japan,Kansai,JP-KN,277.0,335.0,,24.0,,False,
2025-06-28T13:00:00.000Z,Japan,Kansai,JP-KN,303.0,368.0,,16.0,,False,
2025-06-28T14:00:00.000Z,Japan,Kansai,JP-KN,303.0,368.0,,16.0,,False,
2025-06-28T15:00:00.000Z,Japan,Kansai,JP-KN,292.0,353.0,,18.0,,False,
2025-06-28T16:00:00.000Z,Japan,Kansai,JP-KN,283.0,343.0,,18.0,,False,
2025-06-28T17:00:00.000Z,Japan,Kansai,JP-KN,280.0,338.0,,19.0,,False,
2025-06-28T18:00:00.000Z,Japan,Kansai,JP-KN,281.0,338.0,,19.0,,False,
2025-06-28T19:00:00.000Z,Japan,Kansai,JP-KN,270.0,328.0,,20.0,,False,
2025-06-28T20:00:00.000Z,Japan,Kansai,JP-KN,264.0,319.0,,22.0,,False,
2025-06-28T21:00:00.000Z,Japan,Kansai,JP-KN,240.0,293.0,,27.0,,False,
2025-06-28T22:00:00.000Z,Japan,Kansai,JP-KN,203.0,255.0,,36.0,,False,
2025-06-28T23:00:00.000Z,Japan,Kansai,JP-KN,176.0,227.0,,43.0,,False,
2025-06-29T00:00:00.000Z,Japan,Kansai,JP-KN,156.0,206.0,,48.0,,False,
2025-06-29T01:00:00.000Z,Japan,Kansai,JP-KN,147.0,196.0,,51.0,,False,
2025-06-29T02:00:00.000Z,Japan,Kansai,JP-KN,148.0,199.0,,51.0,,False,
2025-06-29T03:00:00.000Z,Japan,Kansai,JP-KN,148.0,199.0,,51.0,,False,
2025-06-29T04:00:00.000Z,Japan,Kansai,JP-KN,153.0,205.0,,50.0,,False,
2025-06-29T05:00:00.000Z,Japan,Kansai,JP-KN,165.0,219.0,,47.0,,False,
2025-06-29T06:00:00.000Z,Japan,Kansai,JP-KN,192.0,249.0,,41.0,,False,
2025-06-29T07:00:00.000Z,Japan,Kansai,JP-KN,232.0,292.0,,34.0,,False,
2025-06-29T08:00:00.000Z,Japan,Kansai,JP-KN,260.0,324.0,,27.0,,False,
2025-06-29T09:00:00.000Z,Japan,Kansai,JP-KN,274.0,339.0,,23.0,,False,
2025-06-29T10:00:00.000Z,Japan,Kansai,JP-KN,282.0,345.0,,22.0,,False,
2025-06-29T11:00:00.000Z,Japan,Kansai,JP-KN,286.0,350.0,,20.0,,False,
2025-06-29T12:00:00.000Z,Japan,Kansai,JP-KN,290.0,354.0,,19.0,,False,
2025-06-29T13:00:00.000Z,Japan,Kansai,JP-KN,297.0,362.0,,18.0,,False,
2025-06-29T14:00:00.000Z,Japan,Kansai,JP-KN,309.0,372.0,,17.0,,False,
2025-06-29T15:00:00.000Z,Japan,Kansai,JP-KN,327.0,389.0,,15.0,,False,
2025-06-29T16:00:00.000Z,Japan,Kansai,JP-KN,325.0,385.0,,14.0,,False,
2025-06-29T17:00:00.000Z,Japan,Kansai,JP-KN,325.0,384.0,,14.0,,False,
2025-06-29T18:00:00.000Z,Japan,Kansai,JP-KN,324.0,384.0,,14.0,,False,
2025-06-29T19:00:00.000Z,Japan,Kansai,JP-KN,318.0,378.0,,15.0,,False,
2025-06-29T20:00:00.000Z,Japan,Kansai,JP-KN,323.0,383.0,,16.0,,False,
2025-06-29T21:00:00.000Z,Japan,Kansai,JP-KN,305.0,366.0,,21.0,,False,
2025-06-29T22:00:00.000Z,Japan,Kansai,JP-KN,277.0,337.0,,28.0,,False,
2025-06-29T23:00:00.000Z,Japan,Kansai,JP-KN,251.0,310.0,,35.0,,False,
2025-06-30T00:00:00.000Z,Japan,Kansai,JP-KN,235.0,294.0,,38.0,,False,
2025-06-30T01:00:00.000Z,Japan,Kansai,JP-KN,223.0,282.0,,41.0,,False,
2025-06-30T02:00:00.000Z,Japan,Kansai,JP-KN,222.0,282.0,,41.0,,False,
2025-06-30T03:00:00.000Z,Japan,Kansai,JP-KN,224.0,285.0,,41.0,,False,
2025-06-30T04:00:00.000Z,Japan,Kansai,JP-KN,230.0,293.0,,40.0,,False,
2025-06-30T05:00:00.000Z,Japan,Kansai,JP-KN,240.0,306.0,,37.0,,False,
2025-06-30T06:00:00.000Z,Japan,Kansai,JP-KN,258.0,325.0,,34.0,,False,
2025-06-30T07:00:00.000Z,Japan,Kansai,JP-KN,273.0,342.0,,31.0,,False,
2025-06-30T08:00:00.000Z,Japan,Kansai,JP-KN,299.0,370.0,,26.0,,False,
2025-06-30T09:00:00.000Z,Japan,Kansai,JP-KN,312.0,384.0,,23.0,,False,
2025-06-30T10:00:00.000Z,Japan,Kansai,JP-KN,328.0,401.0,,19.0,,False,
2025-06-30T11:00:00.000Z,Japan,Kansai,JP-KN,336.0,410.0,,17.0,,False,
2025-06-30T12:00:00.000Z,Japan,Kansai,JP-KN,352.0,427.0,,14.0,,False,
2025-06-30T13:00:00.000Z,Japan,Kansai,JP-KN,359.0,433.0,,12.0,,False,
2025-06-30T14:00:00.000Z,Japan,Kansai,JP-KN,357.0,431.0,,12.0,,False,
2025-06-30T15:00:00.000Z,Japan,Kansai,JP-KN,358.0,428.0,,12.0,,False,
2025-06-30T16:00:00.000Z,Japan,Kansai,JP-KN,360.0,430.0,,12.0,,False,
2025-06-30T17:00:00.000Z,Japan,Kansai,JP-KN,357.0,428.0,,12.0,,False,
2025-06-30T18:00:00.000Z,Japan,Kansai,JP-KN,358.0,429.0,,12.0,,False,
2025-06-30T19:00:00.000Z,Japan,Kansai,JP-KN,356.0,426.0,,12.0,,False,
2025-06-30T20:00:00.000Z,Japan,Kansai,JP-KN,351.0,418.0,,14.0,,False,
2025-06-30T21:00:00.000Z,Japan,Kansai,JP-KN,332.0,396.0,,19.0,,False,
2025-06-30T22:00:00.000Z,Japan,Kansai,JP-KN,301.0,362.0,,27.0,,False,
2025-06-30T23:00:00.000Z,Japan,Kansai,JP-KN,280.0,342.0,,32.0,,False,
2025-07-01T00:00:00.000Z,Japan,Kansai,JP-KN,265.0,328.0,,35.0,,False,
2025-07-01T01:00:00.000Z,Japan,Kansai,JP-KN,255.0,318.0,,37.0,,False,
2025-07-01T02:00:00.000Z,Japan,Kansai,JP-KN,250.0,313.0,,38.0,,False,
2025-07-01T03:00:00.000Z,Japan,Kansai,JP-KN,255.0,318.0,,37.0,,False,
2025-07-01T04:00:00.000Z,Japan,Kansai,JP-KN,260.0,325.0,,36.0,,False,
2025-07-01T05:00:00.000Z,Japan,Kansai,JP-KN,271.0,338.0,,34.0,,False,
2025-07-01T06:00:00.000Z,Japan,Kansai,JP-KN,283.0,352.0,,31.0,,False,
2025-07-01T07:00:00.000Z,Japan,Kansai,JP-KN,296.0,366.0,,28.0,,False,
2025-07-01T08:00:00.000Z,Japan,Kansai,JP-KN,310.0,381.0,,25.0,,False,
2025-07-01T09:00:00.000Z,Japan,Kansai,JP-KN,306.0,376.0,,25.0,,False,
2025-07-01T10:00:00.000Z,Japan,Kansai,JP-KN,328.0,400.0,,21.0,,False,
2025-07-01T11:00:00.000Z,Japan,Kansai,JP-KN,340.0,413.0,,18.0,,False,
2025-07-01T12:00:00.000Z,Japan,Kansai,JP-KN,351.0,427.0,,15.0,,False,
2025-07-01T13:00:00.000Z,Japan,Kansai,JP-KN,358.0,432.0,,13.0,,False,
2025-07-01T14:00:00.000Z,Japan,Kansai,JP-KN,353.0,426.0,,13.0,,False,
2025-07-01T15:00:00.000Z,Japan,Kansai,JP-KN,362.0,431.0,,13.0,,False,
2025-07-01T16:00:00.000Z,Japan,Kansai,JP-KN,366.0,435.0,,12.0,,False,
2025-07-01T17:00:00.000Z,Japan,Kansai,JP-KN,363.0,432.0,,12.0,,False,
2025-07-01T18:00:00.000Z,Japan,Kansai,JP-KN,362.0,431.0,,12.0,,False,
2025-07-01T19:00:00.000Z,Japan,Kansai,JP-KN,359.0,428.0,,12.0,,False,
2025-07-01T20:00:00.000Z,Japan,Kansai,JP-KN,357.0,425.0,,13.0,,False,
2025-07-01T21:00:00.000Z,Japan,Kansai,JP-KN,349.0,415.0,,16.0,,False,
2025-07-01T22:00:00.000Z,Japan,Kansai,JP-KN,330.0,396.0,,20.0,,False,
2025-07-01T23:00:00.000Z,Japan,Kansai,JP-KN,307.0,374.0,,25.0,,False,
2025-07-02T00:00:00.000Z,Japan,Kansai,JP-KN,286.0,351.0,,30.0,,False,
2025-07-02T01:00:00.000Z,Japan,Kansai,JP-KN,275.0,339.0,,33.0,,False,
2025-07-02T02:00:00.000Z,Japan,Kansai,JP-KN,271.0,334.0,,34.0,,False,
2025-07-02T03:00:00.000Z,Japan,Kansai,JP-KN,267.0,331.0,,35.0,,False,
2025-07-02T04:00:00.000Z,Japan,Kansai,JP-KN,268.0,332.0,,35.0,,False,
2025-07-02T05:00:00.000Z,Japan,Kansai,JP-KN,275.0,340.0,,33.0,,False,
2025-07-02T06:00:00.000Z,Japan,Kansai,JP-KN,289.0,358.0,,30.0,,False,
2025-07-02T07:00:00.000Z,Japan,Kansai,JP-KN,299.0,370.0,,28.0,,False,
2025-07-02T08:00:00.000Z,Japan,Kansai,JP-KN,322.0,393.0,,23.0,,False,
2025-07-02T09:00:00.000Z,Japan,Kansai,JP-KN,324.0,396.0,,21.0,,False,
2025-07-02T10:00:00.000Z,Japan,Kansai,JP-KN,333.0,402.0,,19.0,,False,
2025-07-02T11:00:00.000Z,Japan,Kansai,JP-KN,342.0,411.0,,16.0,,False,
2025-07-02T12:00:00.000Z,Japan,Kansai,JP-KN,348.0,417.0,,15.0,,False,
2025-07-02T13:00:00.000Z,Japan,Kansai,JP-KN,345.0,413.0,,15.0,,False,
2025-07-02T14:00:00.000Z,Japan,Kansai,JP-KN,348.0,415.0,,14.0,,False,
2025-07-02T15:00:00.000Z,Japan,Kansai,JP-KN,363.0,428.0,,12.0,,False,
2025-07-02T16:00:00.000Z,Japan,Kansai,JP-KN,365.0,428.0,,12.0,,False,
2025-07-02T17:00:00.000Z,Japan,Kansai,JP-KN,362.0,426.0,,11.0,,False,
2025-07-02T18:00:00.000Z,Japan,Kansai,JP-KN,363.0,427.0,,11.0,,False,
2025-07-02T19:00:00.000Z,Japan,Kansai,JP-KN,361.0,425.0,,11.0,,False,
2025-07-02T20:00:00.000Z,Japan,Kansai,JP-KN,357.0,421.0,,12.0,,False,
2025-07-02T21:00:00.000Z,Japan,Kansai,JP-KN,341.0,403.0,,17.0,,False,
2025-07-02T22:00:00.000Z,Japan,Kansai,JP-KN,318.0,382.0,,22.0,,False,
2025-07-02T23:00:00.000Z,Japan,Kansai,JP-KN,293.0,356.0,,29.0,,False,
2025-07-03T00:00:00.000Z,Japan,Kansai,JP-KN,274.0,336.0,,34.0,,False,
2025-07-03T01:00:00.000Z,Japan,Kansai,JP-KN,265.0,325.0,,35.0,,False,
2025-07-03T02:00:00.000Z,Japan,Kansai,JP-KN,263.0,324.0,,36.0,,False,
2025-07-03T03:00:00.000Z,Japan,Kansai,JP-KN,270.0,333.0,,34.0,,False,
2025-07-03T04:00:00.000Z,Japan,Kansai,JP-KN,272.0,335.0,,33.0,,False,
2025-07-03T05:00:00.000Z,Japan,Kansai,JP-KN,287.0,351.0,,30.0,,False,
2025-07-03T06:00:00.000Z,Japan,Kansai,JP-KN,298.0,365.0,,27.0,,False,
2025-07-03T07:00:00.000Z,Japan,Kansai,JP-KN,304.0,372.0,,26.0,,False,
2025-07-03T08:00:00.000Z,Japan,Kansai,JP-KN,317.0,386.0,,23.0,,False,
2025-07-03T09:00:00.000Z,Japan,Kansai,JP-KN,324.0,393.0,,20.0,,False,
2025-07-03T10:00:00.000Z,Japan,Kansai,JP-KN,335.0,405.0,,18.0,,False,
2025-07-03T11:00:00.000Z,Japan,Kansai,JP-KN,338.0,408.0,,17.0,,False,
2025-07-03T12:00:00.000Z,Japan,Kansai,JP-KN,339.0,407.0,,16.0,,False,
2025-07-03T13:00:00.000Z,Japan,Kansai,JP-KN,346.0,415.0,,15.0,,False,
2025-07-03T14:00:00.000Z,Japan,Kansai,JP-KN,349.0,419.0,,14.0,,False,
2025-07-03T15:00:00.000Z,Japan,Kansai,JP-KN,355.0,423.0,,13.0,,False,
2025-07-03T16:00:00.000Z,Japan,Kansai,JP-KN,355.0,422.0,,13.0,,False,
2025-07-03T17:00:00.000Z,Japan,Kansai,JP-KN,354.0,420.0,,13.0,,False,
2025-07-03T18:00:00.000Z,Japan,Kansai,JP-KN,355.0,420.0,,13.0,,False,
2025-07-03T19:00:00.000Z,Japan,Kansai,JP-KN,355.0,420.0,,13.0,,False,
2025-07-03T20:00:00.000Z,Japan,Kansai,JP-KN,349.0,415.0,,14.0,,False,
2025-07-03T21:00:00.000Z,Japan,Kansai,JP-KN,335.0,398.0,,18.0,,False,
2025-07-03T22:00:00.000Z,Japan,Kansai,JP-KN,310.0,372.0,,24.0,,False,
2025-07-03T23:00:00.000Z,Japan,Kansai,JP-KN,288.0,351.0,,30.0,,False,
2025-07-04T00:00:00.000Z,Japan,Kansai,JP-KN,273.0,335.0,,33.0,,False,
2025-07-04T01:00:00.000Z,Japan,Kansai,JP-KN,264.0,326.0,,35.0,,False,
2025-07-04T02:00:00.000Z,Japan,Kansai,JP-KN,259.0,321.0,,36.0,,False,
2025-07-04T03:00:00.000Z,Japan,Kansai,JP-KN,258.0,321.0,,36.0,,False,
2025-07-04T04:00:00.000Z,Japan,Kansai,JP-KN,254.0,316.0,,38.0,,False,
2025-07-04T05:00:00.000Z,Japan,Kansai,JP-KN,261.0,324.0,,36.0,,False,
2025-07-04T06:00:00.000Z,Japan,Kansai,JP-KN,274.0,337.0,,33.0,,False,
2025-07-04T07:00:00.000Z,Japan,Kansai,JP-KN,284.0,347.0,,32.0,,False,
2025-07-04T08:00:00.000Z,Japan,Kansai,JP-KN,308.0,373.0,,26.0,,False,
2025-07-04T09:00:00.000Z,Japan,Kansai,JP-KN,328.0,396.0,,21.0,,False,
2025-07-04T10:00:00.000Z,Japan,Kansai,JP-KN,335.0,402.0,,20.0,,False,
2025-07-04T11:00:00.000Z,Japan,Kansai,JP-KN,338.0,404.0,,18.0,,False,
2025-07-04T12:00:00.000Z,Japan,Kansai,JP-KN,347.0,414.0,,16.0,,False,
2025-07-04T13:00:00.000Z,Japan,Kansai,JP-KN,353.0,420.0,,14.0,,False,
2025-07-04T14:00:00.000Z,Japan,Kansai,JP-KN,352.0,419.0,,14.0,,False,
2025-07-04T15:00:00.000Z,Japan,Kansai,JP-KN,339.0,405.0,,14.0,,False,
2025-07-04T16:00:00.000Z,Japan,Kansai,JP-KN,338.0,402.0,,13.0,,False,
2025-07-04T17:00:00.000Z,Japan,Kansai,JP-KN,343.0,406.0,,13.0,,False,
2025-07-04T18:00:00.000Z,Japan,Kansai,JP-KN,352.0,415.0,,13.0,,False,
2025-07-04T19:00:00.000Z,Japan,Kansai,JP-KN,359.0,423.0,,12.0,,False,
2025-07-04T20:00:00.000Z,Japan,Kansai,JP-KN,356.0,417.0,,13.0,,False,
2025-07-04T21:00:00.000Z,Japan,Kansai,JP-KN,344.0,404.0,,16.0,,False,
2025-07-04T22:00:00.000Z,Japan,Kansai,JP-KN,318.0,378.0,,23.0,,False,
2025-07-04T23:00:00.000Z,Japan,Kansai,JP-KN,289.0,348.0,,30.0,,False,
2025-07-05T00:00:00.000Z,Japan,Kansai,JP-KN,260.0,316.0,,36.0,,False,
2025-07-05T01:00:00.000Z,Japan,Kansai,JP-KN,250.0,307.0,,39.0,,False,
2025-07-05T02:00:00.000Z,Japan,Kansai,JP-KN,242.0,299.0,,40.0,,False,
2025-07-05T03:00:00.000Z,Japan,Kansai,JP-KN,240.0,297.0,,40.0,,False,
2025-07-05T04:00:00.000Z,Japan,Kansai,JP-KN,245.0,303.0,,39.0,,False,
2025-07-05T05:00:00.000Z,Japan,Kansai,JP-KN,254.0,313.0,,37.0,,False,
2025-07-05T06:00:00.000Z,Japan,Kansai,JP-KN,275.0,336.0,,32.0,,False,
2025-07-05T07:00:00.000Z,Japan,Kansai,JP-KN,297.0,361.0,,27.0,,False,
2025-07-05T08:00:00.000Z,Japan,Kansai,JP-KN,318.0,383.0,,22.0,,False,
2025-07-05T09:00:00.000Z,Japan,Kansai,JP-KN,336.0,403.0,,18.0,,False,
2025-07-05T10:00:00.000Z,Japan,Kansai,JP-KN,344.0,410.0,,17.0,,False,
2025-07-05T11:00:00.000Z,Japan,Kansai,JP-KN,347.0,414.0,,15.0,,False,
2025-07-05T12:00:00.000Z,Japan,Kansai,JP-KN,355.0,424.0,,12.0,,False,
2025-07-05T13:00:00.000Z,Japan,Kansai,JP-KN,359.0,427.0,,12.0,,False,
2025-07-05T14:00:00.000Z,Japan,Kansai,JP-KN,360.0,428.0,,11.0,,False,
2025-07-05T15:00:00.000Z,Japan,Kansai,JP-KN,353.0,417.0,,13.0,,False,
2025-07-05T16:00:00.000Z,Japan,Kansai,JP-KN,352.0,412.0,,13.0,,False,
2025-07-05T17:00:00.000Z,Japan,Kansai,JP-KN,353.0,412.0,,13.0,,False,
2025-07-05T18:00:00.000Z,Japan,Kansai,JP-KN,352.0,411.0,,13.0,,False,
2025-07-05T19:00:00.000Z,Japan,Kansai,JP-KN,344.0,404.0,,14.0,,False,
2025-07-05T20:00:00.000Z,Japan,Kansai,JP-KN,338.0,397.0,,15.0,,False,
2025-07-05T21:00:00.000Z,Japan,Kansai,JP-KN,321.0,381.0,,19.0,,False,
2025-07-05T22:00:00.000Z,Japan,Kansai,JP-KN,291.0,348.0,,27.0,,False,
2025-07-05T23:00:00.000Z,Japan,Kansai,JP-KN,265.0,322.0,,33.0,,False,
2025-07-06T00:00:00.000Z,Japan,Kansai,JP-KN,244.0,300.0,,37.0,,False,
2025-07-06T01:00:00.000Z,Japan,Kansai,JP-KN,215.0,271.0,,41.0,,False,
2025-07-06T02:00:00.000Z,Japan,Kansai,JP-KN,204.0,260.0,,43.0,,False,
2025-07-06T03:00:00.000Z,Japan,Kansai,JP-KN,204.0,260.0,,43.0,,False,
2025-07-06T04:00:00.000Z,Japan,Kansai,JP-KN,220.0,276.0,,42.0,,False,
2025-07-06T05:00:00.000Z,Japan,Kansai,JP-KN,232.0,290.0,,39.0,,False,
2025-07-06T06:00:00.000Z,Japan,Kansai,JP-KN,247.0,306.0,,35.0,,False,
2025-07-06T07:00:00.000Z,Japan,Kansai,JP-KN,274.0,336.0,,30.0,,False,
2025-07-06T08:00:00.000Z,Japan,Kansai,JP-KN,306.0,371.0,,23.0,,False,
2025-07-06T09:00:00.000Z,Japan,Kansai,JP-KN,326.0,393.0,,18.0,,False,
2025-07-06T10:00:00.000Z,Japan,Kansai,JP-KN,333.0,401.0,,16.0,,False,
2025-07-06T11:00:00.000Z,Japan,Kansai,JP-KN,338.0,406.0,,16.0,,False,
2025-07-06T12:00:00.000Z,Japan,Kansai,JP-KN,345.0,414.0,,14.0,,False,
2025-07-06T13:00:00.000Z,Japan,Kansai,JP-KN,349.0,418.0,,13.0,,False,
2025-07-06T14:00:00.000Z,Japan,Kansai,JP-KN,357.0,425.0,,12.0,,False,
2025-07-06T15:00:00.000Z,Japan,Kansai,JP-KN,368.0,431.0,,12.0,,False,
2025-07-06T16:00:00.000Z,Japan,Kansai,JP-KN,368.0,428.0,,12.0,,False,
2025-07-06T17:00:00.000Z,Japan,Kansai,JP-KN,362.0,422.0,,12.0,,False,
2025-07-06T18:00:00.000Z,Japan,Kansai,JP-KN,359.0,420.0,,12.0,,False,
2025-07-06T19:00:00.000Z,Japan,Kansai,JP-KN,361.0,420.0,,13.0,,False,
2025-07-06T20:00:00.000Z,Japan,Kansai,JP-KN,357.0,417.0,,14.0,,False,
2025-07-06T21:00:00.000Z,Japan,Kansai,JP-KN,346.0,405.0,,18.0,,False,
2025-07-06T22:00:00.000Z,Japan,Kansai,JP-KN,321.0,381.0,,24.0,,False,
2025-07-06T23:00:00.000Z,Japan,Kansai,JP-KN,299.0,362.0,,29.0,,False,
2025-07-07T00:00:00.000Z,Japan,Kansai,JP-KN,276.0,337.0,,34.0,,False,
2025-07-07T01:00:00.000Z,Japan,Kansai,JP-KN,262.0,322.0,,37.0,,False,
2025-07-07T02:00:00.000Z,Japan,Kansai,JP-KN,257.0,318.0,,38.0,,False,
2025-07-07T03:00:00.000Z,Japan,Kansai,JP-KN,256.0,317.0,,38.0,,False,
2025-07-07T04:00:00.000Z,Japan,Kansai,JP-KN,261.0,323.0,,37.0,,False,
2025-07-07T05:00:00.000Z,Japan,Kansai,JP-KN,269.0,335.0,,34.0,,False,
2025-07-07T06:00:00.000Z,Japan,Kansai,JP-KN,282.0,351.0,,31.0,,False,
2025-07-07T07:00:00.000Z,Japan,Kansai,JP-KN,291.0,361.0,,30.0,,False,
2025-07-07T08:00:00.000Z,Japan,Kansai,JP-KN,316.0,390.0,,24.0,,False,
2025-07-07T09:00:00.000Z,Japan,Kansai,JP-KN,316.0,388.0,,24.0,,False,
2025-07-07T10:00:00.000Z,Japan,Kansai,JP-KN,333.0,406.0,,20.0,,False,
2025-07-07T11:00:00.000Z,Japan,Kansai,JP-KN,356.0,430.0,,15.0,,False,
2025-07-07T12:00:00.000Z,Japan,Kansai,JP-KN,360.0,432.0,,14.0,,False,
2025-07-07T13:00:00.000Z,Japan,Kansai,JP-KN,363.0,433.0,,13.0,,False,
2025-07-07T14:00:00.000Z,Japan,Kansai,JP-KN,356.0,426.0,,13.0,,False,
2025-07-07T15:00:00.000Z,Japan,Kansai,JP-KN,368.0,434.0,,12.0,,False,
2025-07-07T16:00:00.000Z,Japan,Kansai,JP-KN,371.0,435.0,,12.0,,False,
2025-07-07T17:00:00.000Z,Japan,Kansai,JP-KN,371.0,435.0,,12.0,,False,
2025-07-07T18:00:00.000Z,Japan,Kansai,JP-KN,370.0,433.0,,12.0,,False,
2025-07-07T19:00:00.000Z,Japan,Kansai,JP-KN,369.0,433.0,,12.0,,False,
2025-07-07T20:00:00.000Z,Japan,Kansai,JP-KN,367.0,432.0,,12.0,,False,
2025-07-07T21:00:00.000Z,Japan,Kansai,JP-KN,353.0,419.0,,15.0,,False,
2025-07-07T22:00:00.000Z,Japan,Kansai,JP-KN,331.0,401.0,,20.0,,False,
2025-07-07T23:00:00.000Z,Japan,Kansai,JP-KN,302.0,370.0,,27.0,,False,
2025-07-08T00:00:00.000Z,Japan,Kansai,JP-KN,278.0,343.0,,32.0,,False,
2025-07-08T01:00:00.000Z,Japan,Kansai,JP-KN,266.0,330.0,,35.0,,False,
2025-07-08T02:00:00.000Z,Japan,Kansai,JP-KN,266.0,330.0,,36.0,,False,
2025-07-08T03:00:00.000Z,Japan,Kansai,JP-KN,276.0,341.0,,33.0,,False,
2025-07-08T04:00:00.000Z,Japan,Kansai,JP-KN,287.0,354.0,,30.0,,False,
2025-07-08T05:00:00.000Z,Japan,Kansai,JP-KN,293.0,361.0,,29.0,,False,
2025-07-08T06:00:00.000Z,Japan,Kansai,JP-KN,303.0,373.0,,26.0,,False,
2025-07-08T07:00:00.000Z,Japan,Kansai,JP-KN,312.0,385.0,,24.0,,False,
2025-07-08T08:00:00.000Z,Japan,Kansai,JP-KN,331.0,404.0,,21.0,,False,
2025-07-08T09:00:00.000Z,Japan,Kansai,JP-KN,343.0,418.0,,18.0,,False,
2025-07-08T10:00:00.000Z,Japan,Kansai,JP-KN,348.0,423.0,,17.0,,False,
2025-07-08T11:00:00.000Z,Japan,Kansai,JP-KN,350.0,426.0,,16.0,,False,
2025-07-08T12:00:00.000Z,Japan,Kansai,JP-KN,358.0,431.0,,14.0,,False,
2025-07-08T13:00:00.000Z,Japan,Kansai,JP-KN,364.0,436.0,,13.0,,False,
2025-07-08T14:00:00.000Z,Japan,Kansai,JP-KN,361.0,432.0,,13.0,,False,
2025-07-08T15:00:00.000Z,Japan,Kansai,JP-KN,359.0,423.0,,14.0,,False,
2025-07-08T16:00:00.000Z,Japan,Kansai,JP-KN,368.0,430.0,,14.0,,False,
2025-07-08T17:00:00.000Z,Japan,Kansai,JP-KN,365.0,426.0,,13.0,,False,
2025-07-08T18:00:00.000Z,Japan,Kansai,JP-KN,364.0,426.0,,13.0,,False,
2025-07-08T19:00:00.000Z,Japan,Kansai,JP-KN,362.0,424.0,,13.0,,False,
2025-07-08T20:00:00.000Z,Japan,Kansai,JP-KN,359.0,420.0,,14.0,,False,
2025-07-08T21:00:00.000Z,Japan,Kansai,JP-KN,340.0,400.0,,19.0,,False,
2025-07-08T22:00:00.000Z,Japan,Kansai,JP-KN,315.0,375.0,,25.0,,False,
2025-07-08T23:00:00.000Z,Japan,Kansai,JP-KN,293.0,355.0,,30.0,,False,
2025-07-09T00:00:00.000Z,Japan,Kansai,JP-KN,270.0,334.0,,34.0,,False,
2025-07-09T01:00:00.000Z,Japan,Kansai,JP-KN,260.0,322.0,,37.0,,False,
2025-07-09T02:00:00.000Z,Japan,Kansai,JP-KN,259.0,321.0,,37.0,,False,
2025-07-09T03:00:00.000Z,Japan,Kansai,JP-KN,259.0,321.0,,37.0,,False,
2025-07-09T04:00:00.000Z,Japan,Kansai,JP-KN,266.0,328.0,,36.0,,False,
2025-07-09T05:00:00.000Z,Japan,Kansai,JP-KN,274.0,338.0,,34.0,,False,
2025-07-09T06:00:00.000Z,Japan,Kansai,JP-KN,291.0,358.0,,30.0,,False,
2025-07-09T07:00:00.000Z,Japan,Kansai,JP-KN,310.0,380.0,,26.0,,False,
2025-07-09T08:00:00.000Z,Japan,Kansai,JP-KN,328.0,398.0,,22.0,,False,
2025-07-09T09:00:00.000Z,Japan,Kansai,JP-KN,341.0,413.0,,18.0,,False,
2025-07-09T10:00:00.000Z,Japan,Kansai,JP-KN,350.0,422.0,,16.0,,False,
2025-07-09T11:00:00.000Z,Japan,Kansai,JP-KN,356.0,428.0,,14.0,,False,
2025-07-09T12:00:00.000Z,Japan,Kansai,JP-KN,363.0,434.0,,13.0,,False,
2025-07-09T13:00:00.000Z,Japan,Kansai,JP-KN,367.0,436.0,,12.0,,False,
2025-07-09T14:00:00.000Z,Japan,Kansai,JP-KN,366.0,434.0,,12.0,,False,
2025-07-09T15:00:00.000Z,Japan,Kansai,JP-KN,366.0,433.0,,12.0,,False,
2025-07-09T16:00:00.000Z,Japan,Kansai,JP-KN,369.0,434.0,,12.0,,False,
2025-07-09T17:00:00.000Z,Japan,Kansai,JP-KN,365.0,430.0,,12.0,,False,
2025-07-09T18:00:00.000Z,Japan,Kansai,JP-KN,367.0,430.0,,12.0,,False,
2025-07-09T19:00:00.000Z,Japan,Kansai,JP-KN,369.0,433.0,,12.0,,False,
2025-07-09T20:00:00.000Z,Japan,Kansai,JP-KN,364.0,429.0,,13.0,,False,
2025-07-09T21:00:00.000Z,Japan,Kansai,JP-KN,344.0,409.0,,17.0,,False,
2025-07-09T22:00:00.000Z,Japan,Kansai,JP-KN,316.0,383.0,,24.0,,False,
2025-07-09T23:00:00.000Z,Japan,Kansai,JP-KN,293.0,357.0,,30.0,,False,
2025-07-10T00:00:00.000Z,Japan,Kansai,JP-KN,272.0,333.0,,35.0,,False,
2025-07-10T01:00:00.000Z,Japan,Kansai,JP-KN,262.0,323.0,,37.0,,False,
2025-07-10T02:00:00.000Z,Japan,Kansai,JP-KN,257.0,318.0,,38.0,,False,
2025-07-10T03:00:00.000Z,Japan,Kansai,JP-KN,260.0,321.0,,37.0,,False,
2025-07-10T04:00:00.000Z,Japan,Kansai,JP-KN,268.0,332.0,,35.0,,False,
2025-07-10T05:00:00.000Z,Japan,Kansai,JP-KN,280.0,347.0,,33.0,,False,
2025-07-10T06:00:00.000Z,Japan,Kansai,JP-KN,290.0,357.0,,30.0,,False,
2025-07-10T07:00:00.000Z,Japan,Kansai,JP-KN,308.0,376.0,,27.0,,False,
2025-07-10T08:00:00.000Z,Japan,Kansai,JP-KN,322.0,390.0,,24.0,,False,
2025-07-10T09:00:00.000Z,Japan,Kansai,JP-KN,328.0,396.0,,22.0,,False,
2025-07-10T10:00:00.000Z,Japan,Kansai,JP-KN,336.0,404.0,,20.0,,False,
2025-07-10T11:00:00.000Z,Japan,Kansai,JP-KN,343.0,412.0,,18.0,,False,
2025-07-10T12:00:00.000Z,Japan,Kansai,JP-KN,357.0,426.0,,15.0,,False,
2025-07-10T13:00:00.000Z,Japan,Kansai,JP-KN,358.0,426.0,,14.0,,False,
2025-07-10T14:00:00.000Z,Japan,Kansai,JP-KN,348.0,415.0,,14.0,,False,
2025-07-10T15:00:00.000Z,Japan,Kansai,JP-KN,353.0,419.0,,13.0,,False,
2025-07-10T16:00:00.000Z,Japan,Kansai,JP-KN,351.0,418.0,,13.0,,False,
2025-07-10T17:00:00.000Z,Japan,Kansai,JP-KN,360.0,427.0,,13.0,,False,
2025-07-10T18:00:00.000Z,Japan,Kansai,JP-KN,363.0,430.0,,13.0,,False,
2025-07-10T19:00:00.000Z,Japan,Kansai,JP-KN,362.0,429.0,,13.0,,False,
2025-07-10T20:00:00.000Z,Japan,Kansai,JP-KN,354.0,419.0,,14.0,,False,
2025-07-10T21:00:00.000Z,Japan,Kansai,JP-KN,340.0,403.0,,18.0,,False,
2025-07-10T22:00:00.000Z,Japan,Kansai,JP-KN,315.0,378.0,,24.0,,False,
2025-07-10T23:00:00.000Z,Japan,Kansai,JP-KN,293.0,355.0,,29.0,,False,
2025-07-11T00:00:00.000Z,Japan,Kansai,JP-KN,279.0,341.0,,33.0,,False,
2025-07-11T01:00:00.000Z,Japan,Kansai,JP-KN,271.0,334.0,,34.0,,False,
2025-07-11T02:00:00.000Z,Japan,Kansai,JP-KN,262.0,323.0,,36.0,,False,
2025-07-11T03:00:00.000Z,Japan,Kansai,JP-KN,262.0,323.0,,36.0,,False,
2025-07-11T04:00:00.000Z,Japan,Kansai,JP-KN,271.0,334.0,,34.0,,False,
2025-07-11T05:00:00.000Z,Japan,Kansai,JP-KN,280.0,344.0,,32.0,,False,
2025-07-11T06:00:00.000Z,Japan,Kansai,JP-KN,291.0,356.0,,30.0,,False,
2025-07-11T07:00:00.000Z,Japan,Kansai,JP-KN,304.0,370.0,,27.0,,False,
2025-07-11T08:00:00.000Z,Japan,Kansai,JP-KN,321.0,387.0,,24.0,,False,
2025-07-11T09:00:00.000Z,Japan,Kansai,JP-KN,331.0,397.0,,21.0,,False,
2025-07-11T10:00:00.000Z,Japan,Kansai,JP-KN,335.0,401.0,,19.0,,False,
2025-07-11T11:00:00.000Z,Japan,Kansai,JP-KN,341.0,407.0,,18.0,,False,
2025-07-11T12:00:00.000Z,Japan,Kansai,JP-KN,341.0,406.0,,17.0,,False,
2025-07-11T13:00:00.000Z,Japan,Kansai,JP-KN,348.0,412.0,,15.0,,False,
2025-07-11T14:00:00.000Z,Japan,Kansai,JP-KN,338.0,403.0,,15.0,,False,
2025-07-11T15:00:00.000Z,Japan,Kansai,JP-KN,338.0,400.0,,15.0,,False,
2025-07-11T16:00:00.000Z,Japan,Kansai,JP-KN,341.0,402.0,,15.0,,False,
2025-07-11T17:00:00.000Z,Japan,Kansai,JP-KN,337.0,397.0,,15.0,,False,
2025-07-11T18:00:00.000Z,Japan,Kansai,JP-KN,331.0,391.0,,15.0,,False,
2025-07-11T19:00:00.000Z,Japan,Kansai,JP-KN,323.0,382.0,,17.0,,False,
2025-07-11T20:00:00.000Z,Japan,Kansai,JP-KN,325.0,383.0,,17.0,,False,
2025-07-11T21:00:00.000Z,Japan,Kansai,JP-KN,313.0,370.0,,21.0,,False,
2025-07-11T22:00:00.000Z,Japan,Kansai,JP-KN,285.0,341.0,,28.0,,False,
2025-07-11T23:00:00.000Z,Japan,Kansai,JP-KN,259.0,315.0,,33.0,,False,
2025-07-12T00:00:00.000Z,Japan,Kansai,JP-KN,245.0,300.0,,37.0,,False,
2025-07-12T01:00:00.000Z,Japan,Kansai,JP-KN,233.0,287.0,,40.0,,False,
2025-07-12T02:00:00.000Z,Japan,Kansai,JP-KN,225.0,279.0,,42.0,,False,
2025-07-12T03:00:00.000Z,Japan,Kansai,JP-KN,217.0,271.0,,43.0,,False,
2025-07-12T04:00:00.000Z,Japan,Kansai,JP-KN,220.0,275.0,,42.0,,False,
2025-07-12T05:00:00.000Z,Japan,Kansai,JP-KN,232.0,289.0,,39.0,,False,
2025-07-12T06:00:00.000Z,Japan,Kansai,JP-KN,256.0,316.0,,34.0,,False,
2025-07-12T07:00:00.000Z,Japan,Kansai,JP-KN,284.0,347.0,,29.0,,False,
2025-07-12T08:00:00.000Z,Japan,Kansai,JP-KN,313.0,378.0,,22.0,,False,
2025-07-12T09:00:00.000Z,Japan,Kansai,JP-KN,328.0,396.0,,18.0,,False,
2025-07-12T10:00:00.000Z,Japan,Kansai,JP-KN,334.0,403.0,,16.0,,False,
2025-07-12T11:00:00.000Z,Japan,Kansai,JP-KN,335.0,404.0,,15.0,,False,
2025-07-12T12:00:00.000Z,Japan,Kansai,JP-KN,336.0,404.0,,15.0,,False,
2025-07-12T13:00:00.000Z,Japan,Kansai,JP-KN,335.0,403.0,,15.0,,False,
2025-07-12T14:00:00.000Z,Japan,Kansai,JP-KN,338.0,404.0,,14.0,,False,
2025-07-12T15:00:00.000Z,Japan,Kansai,JP-KN,337.0,396.0,,16.0,,False,
2025-07-12T16:00:00.000Z,Japan,Kansai,JP-KN,341.0,398.0,,15.0,,False,
2025-07-12T17:00:00.000Z,Japan,Kansai,JP-KN,338.0,394.0,,15.0,,False,
2025-07-12T18:00:00.000Z,Japan,Kansai,JP-KN,340.0,396.0,,15.0,,False,
2025-07-12T19:00:00.000Z,Japan,Kansai,JP-KN,333.0,389.0,,15.0,,False,
2025-07-12T20:00:00.000Z,Japan,Kansai,JP-KN,335.0,390.0,,16.0,,False,
2025-07-12T21:00:00.000Z,Japan,Kansai,JP-KN,317.0,372.0,,22.0,,False,
2025-07-12T22:00:00.000Z,Japan,Kansai,JP-KN,274.0,328.0,,30.0,,False,
2025-07-12T23:00:00.000Z,Japan,Kansai,JP-KN,243.0,296.0,,37.0,,False,
2025-07-13T00:00:00.000Z,Japan,Kansai,JP-KN,230.0,282.0,,40.0,,False,
2025-07-13T01:00:00.000Z,Japan,Kansai,JP-KN,220.0,271.0,,43.0,,False,
2025-07-13T02:00:00.000Z,Japan,Kansai,JP-KN,214.0,266.0,,43.0,,False,
2025-07-13T03:00:00.000Z,Japan,Kansai,JP-KN,219.0,272.0,,43.0,,False,
2025-07-13T04:00:00.000Z,Japan,Kansai,JP-KN,227.0,282.0,,41.0,,False,
2025-07-13T05:00:00.000Z,Japan,Kansai,JP-KN,240.0,296.0,,39.0,,False,
2025-07-13T06:00:00.000Z,Japan,Kansai,JP-KN,266.0,324.0,,34.0,,False,
2025-07-13T07:00:00.000Z,Japan,Kansai,JP-KN,291.0,353.0,,27.0,,False,
2025-07-13T08:00:00.000Z,Japan,Kansai,JP-KN,314.0,379.0,,21.0,,False,
2025-07-13T09:00:00.000Z,Japan,Kansai,JP-KN,331.0,398.0,,17.0,,False,
2025-07-13T10:00:00.000Z,Japan,Kansai,JP-KN,333.0,400.0,,16.0,,False,
2025-07-13T11:00:00.000Z,Japan,Kansai,JP-KN,334.0,401.0,,16.0,,False,
2025-07-13T12:00:00.000Z,Japan,Kansai,JP-KN,334.0,401.0,,15.0,,False,
2025-07-13T13:00:00.000Z,Japan,Kansai,JP-KN,343.0,411.0,,13.0,,False,
2025-07-13T14:00:00.000Z,Japan,Kansai,JP-KN,348.0,412.0,,14.0,,False,
2025-07-13T15:00:00.000Z,Japan,Kansai,JP-KN,357.0,416.0,,14.0,,False,
2025-07-13T16:00:00.000Z,Japan,Kansai,JP-KN,354.0,411.0,,14.0,,False,
2025-07-13T17:00:00.000Z,Japan,Kansai,JP-KN,353.0,410.0,,14.0,,False,
2025-07-13T18:00:00.000Z,Japan,Kansai,JP-KN,356.0,412.0,,14.0,,False,
2025-07-13T19:00:00.000Z,Japan,Kansai,JP-KN,356.0,414.0,,14.0,,False,
2025-07-13T20:00:00.000Z,Japan,Kansai,JP-KN,351.0,410.0,,15.0,,False,
2025-07-13T21:00:00.000Z,Japan,Kansai,JP-KN,335.0,393.0,,19.0,,False,
2025-07-13T22:00:00.000Z,Japan,Kansai,JP-KN,310.0,371.0,,24.0,,False,
2025-07-13T23:00:00.000Z,Japan,Kansai,JP-KN,296.0,364.0,,25.0,,False,
2025-07-14T00:00:00.000Z,Japan,Kansai,JP-KN,289.0,357.0,,27.0,,False,
2025-07-14T01:00:00.000Z,Japan,Kansai,JP-KN,299.0,367.0,,26.0,,False,
2025-07-14T02:00:00.000Z,Japan,Kansai,JP-KN,304.0,373.0,,26.0,,False,
2025-07-14T03:00:00.000Z,Japan,Kansai,JP-KN,309.0,376.0,,25.0,,False,
2025-07-14T04:00:00.000Z,Japan,Kansai,JP-KN,312.0,380.0,,24.0,,False,
2025-07-14T05:00:00.000Z,Japan,Kansai,JP-KN,312.0,379.0,,24.0,,False,
2025-07-14T06:00:00.000Z,Japan,Kansai,JP-KN,318.0,385.0,,22.0,,False,
2025-07-14T07:00:00.000Z,Japan,Kansai,JP-KN,321.0,386.0,,21.0,,False,
2025-07-14T08:00:00.000Z,Japan,Kansai,JP-KN,328.0,393.0,,20.0,,False,
2025-07-14T09:00:00.000Z,Japan,Kansai,JP-KN,336.0,402.0,,18.0,,False,
2025-07-14T10:00:00.000Z,Japan,Kansai,JP-KN,340.0,406.0,,17.0,,False,
2025-07-14T11:00:00.000Z,Japan,Kansai,JP-KN,342.0,409.0,,16.0,,False,
2025-07-14T12:00:00.000Z,Japan,Kansai,JP-KN,347.0,414.0,,15.0,,False,
2025-07-14T13:00:00.000Z,Japan,Kansai,JP-KN,352.0,419.0,,13.0,,False,
2025-07-14T14:00:00.000Z,Japan,Kansai,JP-KN,350.0,416.0,,14.0,,False,
2025-07-14T15:00:00.000Z,Japan,Kansai,JP-KN,346.0,409.0,,14.0,,False,
2025-07-14T16:00:00.000Z,Japan,Kansai,JP-KN,339.0,400.0,,15.0,,False,
2025-07-14T17:00:00.000Z,Japan,Kansai,JP-KN,336.0,395.0,,15.0,,False,
2025-07-14T18:00:00.000Z,Japan,Kansai,JP-KN,334.0,393.0,,16.0,,False,
2025-07-14T19:00:00.000Z,Japan,Kansai,JP-KN,334.0,393.0,,16.0,,False,
2025-07-14T20:00:00.000Z,Japan,Kansai,JP-KN,334.0,392.0,,17.0,,False,
2025-07-14T21:00:00.000Z,Japan,Kansai,JP-KN,319.0,376.0,,21.0,,False,
2025-07-14T22:00:00.000Z,Japan,Kansai,JP-KN,290.0,348.0,,27.0,,False,
2025-07-14T23:00:00.000Z,Japan,Kansai,JP-KN,266.0,328.0,,31.0,,False,
2025-07-15T00:00:00.000Z,Japan,Kansai,JP-KN,254.0,316.0,,35.0,,False,
2025-07-15T01:00:00.000Z,Japan,Kansai,JP-KN,241.0,302.0,,38.0,,False,
2025-07-15T02:00:00.000Z,Japan,Kansai,JP-KN,238.0,300.0,,38.0,,False,
2025-07-15T03:00:00.000Z,Japan,Kansai,JP-KN,235.0,297.0,,38.0,,False,
2025-07-15T04:00:00.000Z,Japan,Kansai,JP-KN,240.0,302.0,,37.0,,False,
2025-07-15T05:00:00.000Z,Japan,Kansai,JP-KN,253.0,315.0,,35.0,,False,
2025-07-15T06:00:00.000Z,Japan,Kansai,JP-KN,266.0,329.0,,32.0,,False,
2025-07-15T07:00:00.000Z,Japan,Kansai,JP-KN,292.0,356.0,,28.0,,False,
2025-07-15T08:00:00.000Z,Japan,Kansai,JP-KN,321.0,386.0,,22.0,,False,
2025-07-15T09:00:00.000Z,Japan,Kansai,JP-KN,336.0,404.0,,18.0,,False,
2025-07-15T10:00:00.000Z,Japan,Kansai,JP-KN,344.0,412.0,,15.0,,False,
2025-07-15T11:00:00.000Z,Japan,Kansai,JP-KN,347.0,415.0,,15.0,,False,
2025-07-15T12:00:00.000Z,Japan,Kansai,JP-KN,346.0,413.0,,14.0,,False,
2025-07-15T13:00:00.000Z,Japan,Kansai,JP-KN,348.0,415.0,,14.0,,False,
2025-07-15T14:00:00.000Z,Japan,Kansai,JP-KN,350.0,417.0,,13.0,,False,
2025-07-15T15:00:00.000Z,Japan,Kansai,JP-KN,355.0,417.0,,13.0,,False,
2025-07-15T16:00:00.000Z,Japan,Kansai,JP-KN,360.0,420.0,,13.0,,False,
2025-07-15T17:00:00.000Z,Japan,Kansai,JP-KN,361.0,420.0,,13.0,,False,
2025-07-15T18:00:00.000Z,Japan,Kansai,JP-KN,362.0,422.0,,13.0,,False,
2025-07-15T19:00:00.000Z,Japan,Kansai,JP-KN,359.0,418.0,,14.0,,False,
2025-07-15T20:00:00.000Z,Japan,Kansai,JP-KN,355.0,414.0,,14.0,,False,
2025-07-15T21:00:00.000Z,Japan,Kansai,JP-KN,335.0,393.0,,19.0,,False,
2025-07-15T22:00:00.000Z,Japan,Kansai,JP-KN,309.0,369.0,,24.0,,False,
2025-07-15T23:00:00.000Z,Japan,Kansai,JP-KN,291.0,355.0,,28.0,,False,
2025-07-16T00:00:00.000Z,Japan,Kansai,JP-KN,269.0,333.0,,32.0,,False,
2025-07-16T01:00:00.000Z,Japan,Kansai,JP-KN,259.0,324.0,,35.0,,False,
2025-07-16T02:00:00.000Z,Japan,Kansai,JP-KN,249.0,311.0,,37.0,,False,
2025-07-16T03:00:00.000Z,Japan,Kansai,JP-KN,251.0,311.0,,37.0,,False,
2025-07-16T04:00:00.000Z,Japan,Kansai,JP-KN,257.0,319.0,,36.0,,False,
2025-07-16T05:00:00.000Z,Japan,Kansai,JP-KN,268.0,331.0,,33.0,,False,
2025-07-16T06:00:00.000Z,Japan,Kansai,JP-KN,283.0,347.0,,31.0,,False,
2025-07-16T07:00:00.000Z,Japan,Kansai,JP-KN,303.0,369.0,,26.0,,False,
2025-07-16T08:00:00.000Z,Japan,Kansai,JP-KN,328.0,395.0,,21.0,,False,
2025-07-16T09:00:00.000Z,Japan,Kansai,JP-KN,341.0,410.0,,18.0,,False,
2025-07-16T10:00:00.000Z,Japan,Kansai,JP-KN,350.0,419.0,,16.0,,False,
2025-07-16T11:00:00.000Z,Japan,Kansai,JP-KN,352.0,422.0,,14.0,,False,
2025-07-16T12:00:00.000Z,Japan,Kansai,JP-KN,350.0,418.0,,14.0,,False,
2025-07-16T13:00:00.000Z,Japan,Kansai,JP-KN,353.0,421.0,,14.0,,False,
2025-07-16T14:00:00.000Z,Japan,Kansai,JP-KN,353.0,419.0,,14.0,,False,
2025-07-16T15:00:00.000Z,Japan,Kansai,JP-KN,357.0,418.0,,15.0,,False,
2025-07-16T16:00:00.000Z,Japan,Kansai,JP-KN,356.0,415.0,,15.0,,False,
2025-07-16T17:00:00.000Z,Japan,Kansai,JP-KN,353.0,411.0,,15.0,,False,
2025-07-16T18:00:00.000Z,Japan,Kansai,JP-KN,354.0,412.0,,15.0,,False,
2025-07-16T19:00:00.000Z,Japan,Kansai,JP-KN,354.0,412.0,,15.0,,False,
2025-07-16T20:00:00.000Z,Japan,Kansai,JP-KN,354.0,412.0,,16.0,,False,
2025-07-16T21:00:00.000Z,Japan,Kansai,JP-KN,341.0,400.0,,18.0,,False,
2025-07-16T22:00:00.000Z,Japan,Kansai,JP-KN,330.0,390.0,,20.0,,False,
2025-07-16T23:00:00.000Z,Japan,Kansai,JP-KN,321.0,384.0,,22.0,,False,
2025-07-17T00:00:00.000Z,Japan,Kansai,JP-KN,314.0,378.0,,23.0,,False,
2025-07-17T01:00:00.000Z,Japan,Kansai,JP-KN,313.0,377.0,,24.0,,False,
2025-07-17T02:00:00.000Z,Japan,Kansai,JP-KN,314.0,379.0,,23.0,,False,
2025-07-17T03:00:00.000Z,Japan,Kansai,JP-KN,314.0,381.0,,23.0,,False,
2025-07-17T04:00:00.000Z,Japan,Kansai,JP-KN,317.0,384.0,,22.0,,False,
2025-07-17T05:00:00.000Z,Japan,Kansai,JP-KN,320.0,385.0,,22.0,,False,
2025-07-17T06:00:00.000Z,Japan,Kansai,JP-KN,327.0,392.0,,22.0,,False,
2025-07-17T07:00:00.000Z,Japan,Kansai,JP-KN,335.0,400.0,,20.0,,False,
2025-07-17T08:00:00.000Z,Japan,Kansai,JP-KN,341.0,407.0,,18.0,,False,
2025-07-17T09:00:00.000Z,Japan,Kansai,JP-KN,351.0,419.0,,15.0,,False,
2025-07-17T10:00:00.000Z,Japan,Kansai,JP-KN,352.0,419.0,,15.0,,False,
2025-07-17T11:00:00.000Z,Japan,Kansai,JP-KN,351.0,418.0,,14.0,,False,
2025-07-17T12:00:00.000Z,Japan,Kansai,JP-KN,346.0,413.0,,15.0,,False,
2025-07-17T13:00:00.000Z,Japan,Kansai,JP-KN,344.0,408.0,,15.0,,False,
2025-07-17T14:00:00.000Z,Japan,Kansai,JP-KN,345.0,407.0,,16.0,,False,
2025-07-17T15:00:00.000Z,Japan,Kansai,JP-KN,349.0,406.0,,17.0,,False,
2025-07-17T16:00:00.000Z,Japan,Kansai,JP-KN,351.0,406.0,,17.0,,False,
2025-07-17T17:00:00.000Z,Japan,Kansai,JP-KN,349.0,404.0,,17.0,,False,
2025-07-17T18:00:00.000Z,Japan,Kansai,JP-KN,349.0,405.0,,17.0,,False,
2025-07-17T19:00:00.000Z,Japan,Kansai,JP-KN,345.0,402.0,,17.0,,False,
2025-07-17T20:00:00.000Z,Japan,Kansai,JP-KN,340.0,394.0,,17.0,,False,
2025-07-17T21:00:00.000Z,Japan,Kansai,JP-KN,319.0,373.0,,21.0,,False,
2025-07-17T22:00:00.000Z,Japan,Kansai,JP-KN,303.0,358.0,,26.0,,False,
2025-07-17T23:00:00.000Z,Japan,Kansai,JP-KN,290.0,348.0,,28.0,,False,
2025-07-18T00:00:00.000Z,Japan,Kansai,JP-KN,273.0,335.0,,32.0,,False,
2025-07-18T01:00:00.000Z,Japan,Kansai,JP-KN,272.0,332.0,,33.0,,False,
2025-07-18T02:00:00.000Z,Japan,Kansai,JP-KN,270.0,330.0,,33.0,,False,
2025-07-18T03:00:00.000Z,Japan,Kansai,JP-KN,271.0,330.0,,34.0,,False,
2025-07-18T04:00:00.000Z,Japan,Kansai,JP-KN,278.0,338.0,,32.0,,False,
2025-07-18T05:00:00.000Z,Japan,Kansai,JP-KN,286.0,346.0,,30.0,,False,
2025-07-18T06:00:00.000Z,Japan,Kansai,JP-KN,295.0,356.0,,28.0,,False,
2025-07-18T07:00:00.000Z,Japan,Kansai,JP-KN,318.0,383.0,,23.0,,False,
2025-07-18T08:00:00.000Z,Japan,Kansai,JP-KN,333.0,399.0,,20.0,,False,
2025-07-18T09:00:00.000Z,Japan,Kansai,JP-KN,344.0,411.0,,17.0,,False,
2025-07-18T10:00:00.000Z,Japan,Kansai,JP-KN,344.0,410.0,,17.0,,False,
2025-07-18T11:00:00.000Z,Japan,Kansai,JP-KN,343.0,409.0,,17.0,,False,
2025-07-18T12:00:00.000Z,Japan,Kansai,JP-KN,347.0,412.0,,16.0,,False,
2025-07-18T13:00:00.000Z,Japan,Kansai,JP-KN,347.0,410.0,,16.0,,False,
2025-07-18T14:00:00.000Z,Japan,Kansai,JP-KN,335.0,398.0,,15.0,,False,
2025-07-18T15:00:00.000Z,Japan,Kansai,JP-KN,315.0,375.0,,18.0,,False,
2025-07-18T16:00:00.000Z,Japan,Kansai,JP-KN,310.0,367.0,,19.0,,False,
2025-07-18T17:00:00.000Z,Japan,Kansai,JP-KN,307.0,364.0,,18.0,,False,
2025-07-18T18:00:00.000Z,Japan,Kansai,JP-KN,307.0,364.0,,18.0,,False,
2025-07-18T19:00:00.000Z,Japan,Kansai,JP-KN,307.0,363.0,,18.0,,False,
2025-07-18T20:00:00.000Z,Japan,Kansai,JP-KN,300.0,355.0,,19.0,,False,
2025-07-18T21:00:00.000Z,Japan,Kansai,JP-KN,275.0,329.0,,24.0,,False,
2025-07-18T22:00:00.000Z,Japan,Kansai,JP-KN,245.0,298.0,,31.0,,False,
2025-07-18T23:00:00.000Z,Japan,Kansai,JP-KN,223.0,275.0,,38.0,,False,
2025-07-19T00:00:00.000Z,Japan,Kansai,JP-KN,206.0,257.0,,43.0,,False,
2025-07-19T01:00:00.000Z,Japan,Kansai,JP-KN,199.0,250.0,,45.0,,False,
2025-07-19T02:00:00.000Z,Japan,Kansai,JP-KN,193.0,244.0,,46.0,,False,
2025-07-19T03:00:00.000Z,Japan,Kansai,JP-KN,194.0,246.0,,46.0,,False,
2025-07-19T04:00:00.000Z,Japan,Kansai,JP-KN,198.0,251.0,,45.0,,False,
2025-07-19T05:00:00.000Z,Japan,Kansai,JP-KN,211.0,266.0,,42.0,,False,
2025-07-19T06:00:00.000Z,Japan,Kansai,JP-KN,234.0,290.0,,37.0,,False,
2025-07-19T07:00:00.000Z,Japan,Kansai,JP-KN,264.0,324.0,,31.0,,False,
2025-07-19T08:00:00.000Z,Japan,Kansai,JP-KN,290.0,353.0,,25.0,,False,
2025-07-19T09:00:00.000Z,Japan,Kansai,JP-KN,308.0,373.0,,20.0,,False,
2025-07-19T10:00:00.000Z,Japan,Kansai,JP-KN,314.0,379.0,,20.0,,False,
2025-07-19T11:00:00.000Z,Japan,Kansai,JP-KN,323.0,388.0,,18.0,,False,
2025-07-19T12:00:00.000Z,Japan,Kansai,JP-KN,324.0,388.0,,18.0,,False,
2025-07-19T13:00:00.000Z,Japan,Kansai,JP-KN,318.0,380.0,,18.0,,False,
2025-07-19T14:00:00.000Z,Japan,Kansai,JP-KN,321.0,382.0,,17.0,,False,
2025-07-19T15:00:00.000Z,Japan,Kansai,JP-KN,322.0,379.0,,18.0,,False,
2025-07-19T16:00:00.000Z,Japan,Kansai,JP-KN,318.0,374.0,,17.0,,False,
2025-07-19T17:00:00.000Z,Japan,Kansai,JP-KN,316.0,371.0,,18.0,,False,
2025-07-19T18:00:00.000Z,Japan,Kansai,JP-KN,311.0,365.0,,18.0,,False,
2025-07-19T19:00:00.000Z,Japan,Kansai,JP-KN,305.0,360.0,,18.0,,False,
2025-07-19T20:00:00.000Z,Japan,Kansai,JP-KN,301.0,355.0,,19.0,,False,
2025-07-19T21:00:00.000Z,Japan,Kansai,JP-KN,279.0,333.0,,23.0,,False,
2025-07-19T22:00:00.000Z,Japan,Kansai,JP-KN,242.0,294.0,,31.0,,False,
2025-07-19T23:00:00.000Z,Japan,Kansai,JP-KN,218.0,270.0,,38.0,,False,
2025-07-20T00:00:00.000Z,Japan,Kansai,JP-KN,198.0,249.0,,43.0,,False,
2025-07-20T01:00:00.000Z,Japan,Kansai,JP-KN,187.0,239.0,,46.0,,False,
2025-07-20T02:00:00.000Z,Japan,Kansai,JP-KN,182.0,234.0,,46.0,,False,
2025-07-20T03:00:00.000Z,Japan,Kansai,JP-KN,184.0,236.0,,46.0,,False,
2025-07-20T04:00:00.000Z,Japan,Kansai,JP-KN,199.0,251.0,,44.0,,False,
2025-07-20T05:00:00.000Z,Japan,Kansai,JP-KN,211.0,264.0,,42.0,,False,
2025-07-20T06:00:00.000Z,Japan,Kansai,JP-KN,228.0,283.0,,38.0,,False,
2025-07-20T07:00:00.000Z,Japan,Kansai,JP-KN,256.0,315.0,,32.0,,False,
2025-07-20T08:00:00.000Z,Japan,Kansai,JP-KN,289.0,352.0,,25.0,,False,
2025-07-20T09:00:00.000Z,Japan,Kansai,JP-KN,307.0,371.0,,22.0,,False,
2025-07-20T10:00:00.000Z,Japan,Kansai,JP-KN,314.0,378.0,,20.0,,False,
2025-07-20T11:00:00.000Z,Japan,Kansai,JP-KN,315.0,379.0,,20.0,,False,
2025-07-20T12:00:00.000Z,Japan,Kansai,JP-KN,317.0,383.0,,18.0,,False,
2025-07-20T13:00:00.000Z,Japan,Kansai,JP-KN,318.0,384.0,,17.0,,False,
2025-07-20T14:00:00.000Z,Japan,Kansai,JP-KN,321.0,385.0,,17.0,,False,
2025-07-20T15:00:00.000Z,Japan,Kansai,JP-KN,330.0,392.0,,16.0,,False,
2025-07-20T16:00:00.000Z,Japan,Kansai,JP-KN,333.0,394.0,,15.0,,False,
2025-07-20T17:00:00.000Z,Japan,Kansai,JP-KN,331.0,391.0,,15.0,,False,
2025-07-20T18:00:00.000Z,Japan,Kansai,JP-KN,330.0,391.0,,15.0,,False,
2025-07-20T19:00:00.000Z,Japan,Kansai,JP-KN,321.0,382.0,,16.0,,False,
2025-07-20T20:00:00.000Z,Japan,Kansai,JP-KN,320.0,381.0,,16.0,,False,
2025-07-20T21:00:00.000Z,Japan,Kansai,JP-KN,294.0,354.0,,21.0,,False,
2025-07-20T22:00:00.000Z,Japan,Kansai,JP-KN,257.0,315.0,,30.0,,False,
2025-07-20T23:00:00.000Z,Japan,Kansai,JP-KN,230.0,287.0,,37.0,,False,
2025-07-21T00:00:00.000Z,Japan,Kansai,JP-KN,219.0,276.0,,40.0,,False,
2025-07-21T01:00:00.000Z,Japan,Kansai,JP-KN,211.0,268.0,,43.0,,False,
2025-07-21T02:00:00.000Z,Japan,Kansai,JP-KN,209.0,266.0,,44.0,,False,
2025-07-21T03:00:00.000Z,Japan,Kansai,JP-KN,213.0,270.0,,43.0,,False,
2025-07-21T04:00:00.000Z,Japan,Kansai,JP-KN,219.0,278.0,,41.0,,False,
2025-07-21T05:00:00.000Z,Japan,Kansai,JP-KN,232.0,293.0,,38.0,,False,
2025-07-21T06:00:00.000Z,Japan,Kansai,JP-KN,248.0,311.0,,34.0,,False,
2025-07-21T07:00:00.000Z,Japan,Kansai,JP-KN,274.0,341.0,,28.0,,False,
2025-07-21T08:00:00.000Z,Japan,Kansai,JP-KN,295.0,364.0,,24.0,,False,
2025-07-21T09:00:00.000Z,Japan,Kansai,JP-KN,312.0,381.0,,20.0,,False,
2025-07-21T10:00:00.000Z,Japan,Kansai,JP-KN,317.0,388.0,,18.0,,False,
2025-07-21T11:00:00.000Z,Japan,Kansai,JP-KN,319.0,390.0,,18.0,,False,
2025-07-21T12:00:00.000Z,Japan,Kansai,JP-KN,328.0,399.0,,16.0,,False,
2025-07-21T13:00:00.000Z,Japan,Kansai,JP-KN,330.0,399.0,,15.0,,False,
2025-07-21T14:00:00.000Z,Japan,Kansai,JP-KN,345.0,411.0,,15.0,,False,
2025-07-21T15:00:00.000Z,Japan,Kansai,JP-KN,362.0,422.0,,15.0,,False,
2025-07-21T16:00:00.000Z,Japan,Kansai,JP-KN,366.0,425.0,,14.0,,False,
2025-07-21T17:00:00.000Z,Japan,Kansai,JP-KN,367.0,427.0,,14.0,,False,
2025-07-21T18:00:00.000Z,Japan,Kansai,JP-KN,366.0,426.0,,14.0,,False,
2025-07-21T19:00:00.000Z,Japan,Kansai,JP-KN,365.0,426.0,,13.0,,False,
2025-07-21T20:00:00.000Z,Japan,Kansai,JP-KN,361.0,422.0,,14.0,,False,
2025-07-21T21:00:00.000Z,Japan,Kansai,JP-KN,333.0,393.0,,19.0,,False,
2025-07-21T22:00:00.000Z,Japan,Kansai,JP-KN,310.0,371.0,,25.0,,False,
2025-07-21T23:00:00.000Z,Japan,Kansai,JP-KN,291.0,354.0,,29.0,,False,
2025-07-22T00:00:00.000Z,Japan,Kansai,JP-KN,273.0,336.0,,34.0,,False,
2025-07-22T01:00:00.000Z,Japan,Kansai,JP-KN,265.0,328.0,,35.0,,False,
2025-07-22T02:00:00.000Z,Japan,Kansai,JP-KN,261.0,325.0,,36.0,,False,
2025-07-22T03:00:00.000Z,Japan,Kansai,JP-KN,261.0,326.0,,36.0,,False,
2025-07-22T04:00:00.000Z,Japan,Kansai,JP-KN,265.0,331.0,,35.0,,False,
2025-07-22T05:00:00.000Z,Japan,Kansai,JP-KN,273.0,342.0,,32.0,,False,
2025-07-22T06:00:00.000Z,Japan,Kansai,JP-KN,286.0,356.0,,29.0,,False,
2025-07-22T07:00:00.000Z,Japan,Kansai,JP-KN,308.0,379.0,,26.0,,False,
2025-07-22T08:00:00.000Z,Japan,Kansai,JP-KN,330.0,402.0,,20.0,,False,
2025-07-22T09:00:00.000Z,Japan,Kansai,JP-KN,343.0,415.0,,18.0,,False,
2025-07-22T10:00:00.000Z,Japan,Kansai,JP-KN,348.0,419.0,,16.0,,False,
2025-07-22T11:00:00.000Z,Japan,Kansai,JP-KN,341.0,411.0,,17.0,,False,
2025-07-22T12:00:00.000Z,Japan,Kansai,JP-KN,353.0,424.0,,15.0,,False,
2025-07-22T13:00:00.000Z,Japan,Kansai,JP-KN,356.0,426.0,,14.0,,False,
2025-07-22T14:00:00.000Z,Japan,Kansai,JP-KN,362.0,433.0,,12.0,,False,
2025-07-22T15:00:00.000Z,Japan,Kansai,JP-KN,370.0,437.0,,12.0,,False,
2025-07-22T16:00:00.000Z,Japan,Kansai,JP-KN,370.0,436.0,,12.0,,False,
2025-07-22T17:00:00.000Z,Japan,Kansai,JP-KN,371.0,437.0,,11.0,,False,
2025-07-22T18:00:00.000Z,Japan,Kansai,JP-KN,370.0,437.0,,11.0,,False,
2025-07-22T19:00:00.000Z,Japan,Kansai,JP-KN,368.0,435.0,,11.0,,False,
2025-07-22T20:00:00.000Z,Japan,Kansai,JP-KN,369.0,435.0,,12.0,,False,
2025-07-22T21:00:00.000Z,Japan,Kansai,JP-KN,344.0,409.0,,17.0,,False,
2025-07-22T22:00:00.000Z,Japan,Kansai,JP-KN,315.0,379.0,,23.0,,False,
2025-07-22T23:00:00.000Z,Japan,Kansai,JP-KN,292.0,358.0,,29.0,,False,
2025-07-23T00:00:00.000Z,Japan,Kansai,JP-KN,271.0,336.0,,33.0,,False,
2025-07-23T01:00:00.000Z,Japan,Kansai,JP-KN,259.0,322.0,,36.0,,False,
2025-07-23T02:00:00.000Z,Japan,Kansai,JP-KN,255.0,317.0,,37.0,,False,
2025-07-23T03:00:00.000Z,Japan,Kansai,JP-KN,258.0,321.0,,36.0,,False,
2025-07-23T04:00:00.000Z,Japan,Kansai,JP-KN,261.0,325.0,,36.0,,False,
2025-07-23T05:00:00.000Z,Japan,Kansai,JP-KN,271.0,337.0,,34.0,,False,
2025-07-23T06:00:00.000Z,Japan,Kansai,JP-KN,287.0,354.0,,30.0,,False,
2025-07-23T07:00:00.000Z,Japan,Kansai,JP-KN,306.0,374.0,,27.0,,False,
2025-07-23T08:00:00.000Z,Japan,Kansai,JP-KN,327.0,396.0,,22.0,,False,
2025-07-23T09:00:00.000Z,Japan,Kansai,JP-KN,335.0,405.0,,20.0,,False,
2025-07-23T10:00:00.000Z,Japan,Kansai,JP-KN,338.0,407.0,,19.0,,False,
2025-07-23T11:00:00.000Z,Japan,Kansai,JP-KN,337.0,408.0,,19.0,,False,
2025-07-23T12:00:00.000Z,Japan,Kansai,JP-KN,345.0,416.0,,16.0,,False,
2025-07-23T13:00:00.000Z,Japan,Kansai,JP-KN,359.0,431.0,,13.0,,False,
2025-07-23T14:00:00.000Z,Japan,Kansai,JP-KN,367.0,436.0,,12.0,,False,
2025-07-23T15:00:00.000Z,Japan,Kansai,JP-KN,374.0,440.0,,11.0,,False,
2025-07-23T16:00:00.000Z,Japan,Kansai,JP-KN,375.0,439.0,,11.0,,False,
2025-07-23T17:00:00.000Z,Japan,Kansai,JP-KN,376.0,439.0,,11.0,,False,
2025-07-23T18:00:00.000Z,Japan,Kansai,JP-KN,377.0,440.0,,11.0,,False,
2025-07-23T19:00:00.000Z,Japan,Kansai,JP-KN,375.0,439.0,,11.0,,False,
2025-07-23T20:00:00.000Z,Japan,Kansai,JP-KN,372.0,435.0,,12.0,,False,
2025-07-23T21:00:00.000Z,Japan,Kansai,JP-KN,348.0,414.0,,16.0,,False,
2025-07-23T22:00:00.000Z,Japan,Kansai,JP-KN,317.0,383.0,,23.0,,False,
2025-07-23T23:00:00.000Z,Japan,Kansai,JP-KN,289.0,354.0,,29.0,,False,
2025-07-24T00:00:00.000Z,Japan,Kansai,JP-KN,269.0,333.0,,33.0,,False,
2025-07-24T01:00:00.000Z,Japan,Kansai,JP-KN,256.0,319.0,,36.0,,False,
2025-07-24T02:00:00.000Z,Japan,Kansai,JP-KN,255.0,317.0,,37.0,,False,
2025-07-24T03:00:00.000Z,Japan,Kansai,JP-KN,258.0,320.0,,37.0,,False,
2025-07-24T04:00:00.000Z,Japan,Kansai,JP-KN,266.0,330.0,,35.0,,False,
2025-07-24T05:00:00.000Z,Japan,Kansai,JP-KN,274.0,340.0,,33.0,,False,
2025-07-24T06:00:00.000Z,Japan,Kansai,JP-KN,290.0,358.0,,29.0,,False,
2025-07-24T07:00:00.000Z,Japan,Kansai,JP-KN,302.0,373.0,,27.0,,False,
2025-07-24T08:00:00.000Z,Japan,Kansai,JP-KN,320.0,391.0,,23.0,,False,
2025-07-24T09:00:00.000Z,Japan,Kansai,JP-KN,328.0,399.0,,21.0,,False,
2025-07-24T10:00:00.000Z,Japan,Kansai,JP-KN,349.0,422.0,,16.0,,False,
2025-07-24T11:00:00.000Z,Japan,Kansai,JP-KN,354.0,425.0,,14.0,,False,
2025-07-24T12:00:00.000Z,Japan,Kansai,JP-KN,357.0,427.0,,14.0,,False,
2025-07-24T13:00:00.000Z,Japan,Kansai,JP-KN,365.0,434.0,,12.0,,False,
2025-07-24T14:00:00.000Z,Japan,Kansai,JP-KN,365.0,432.0,,12.0,,False,
2025-07-24T15:00:00.000Z,Japan,Kansai,JP-KN,372.0,436.0,,11.0,,False,
2025-07-24T16:00:00.000Z,Japan,Kansai,JP-KN,377.0,439.0,,11.0,,False,
2025-07-24T17:00:00.000Z,Japan,Kansai,JP-KN,378.0,440.0,,11.0,,False,
2025-07-24T18:00:00.000Z,Japan,Kansai,JP-KN,379.0,441.0,,11.0,,False,
2025-07-24T19:00:00.000Z,Japan,Kansai,JP-KN,377.0,439.0,,11.0,,False,
2025-07-24T20:00:00.000Z,Japan,Kansai,JP-KN,373.0,435.0,,11.0,,False,
2025-07-24T21:00:00.000Z,Japan,Kansai,JP-KN,348.0,409.0,,16.0,,False,
2025-07-24T22:00:00.000Z,Japan,Kansai,JP-KN,317.0,377.0,,23.0,,False,
2025-07-24T23:00:00.000Z,Japan,Kansai,JP-KN,290.0,353.0,,29.0,,False,
2025-07-25T00:00:00.000Z,Japan,Kansai,JP-KN,275.0,337.0,,33.0,,False,
2025-07-25T01:00:00.000Z,Japan,Kansai,JP-KN,267.0,329.0,,34.0,,False,
2025-07-25T02:00:00.000Z,Japan,Kansai,JP-KN,265.0,327.0,,35.0,,False,
2025-07-25T03:00:00.000Z,Japan,Kansai,JP-KN,264.0,326.0,,35.0,,False,
2025-07-25T04:00:00.000Z,Japan,Kansai,JP-KN,269.0,333.0,,34.0,,False,
2025-07-25T05:00:00.000Z,Japan,Kansai,JP-KN,277.0,343.0,,31.0,,False,
2025-07-25T06:00:00.000Z,Japan,Kansai,JP-KN,291.0,357.0,,28.0,,False,
2025-07-25T07:00:00.000Z,Japan,Kansai,JP-KN,304.0,372.0,,25.0,,False,
2025-07-25T08:00:00.000Z,Japan,Kansai,JP-KN,325.0,395.0,,20.0,,False,
2025-07-25T09:00:00.000Z,Japan,Kansai,JP-KN,338.0,408.0,,17.0,,False,
2025-07-25T10:00:00.000Z,Japan,Kansai,JP-KN,346.0,417.0,,16.0,,False,
2025-07-25T11:00:00.000Z,Japan,Kansai,JP-KN,351.0,423.0,,14.0,,False,
2025-07-25T12:00:00.000Z,Japan,Kansai,JP-KN,363.0,435.0,,12.0,,False,
2025-07-25T13:00:00.000Z,Japan,Kansai,JP-KN,369.0,442.0,,10.0,,False,
2025-07-25T14:00:00.000Z,Japan,Kansai,JP-KN,364.0,436.0,,10.0,,False,
2025-07-25T15:00:00.000Z,Japan,Kansai,JP-KN,349.0,416.0,,12.0,,False,
2025-07-25T16:00:00.000Z,Japan,Kansai,JP-KN,351.0,414.0,,12.0,,False,
2025-07-25T17:00:00.000Z,Japan,Kansai,JP-KN,356.0,418.0,,12.0,,False,
2025-07-25T18:00:00.000Z,Japan,Kansai,JP-KN,357.0,420.0,,11.0,,False,
2025-07-25T19:00:00.000Z,Japan,Kansai,JP-KN,358.0,422.0,,11.0,,False,
2025-07-25T20:00:00.000Z,Japan,Kansai,JP-KN,357.0,419.0,,12.0,,False,
2025-07-25T21:00:00.000Z,Japan,Kansai,JP-KN,335.0,394.0,,17.0,,False,
2025-07-25T22:00:00.000Z,Japan,Kansai,JP-KN,298.0,356.0,,24.0,,False,
2025-07-25T23:00:00.000Z,Japan,Kansai,JP-KN,271.0,329.0,,31.0,,False,
2025-07-26T00:00:00.000Z,Japan,Kansai,JP-KN,252.0,309.0,,36.0,,False,
2025-07-26T01:00:00.000Z,Japan,Kansai,JP-KN,242.0,299.0,,38.0,,False,
2025-07-26T02:00:00.000Z,Japan,Kansai,JP-KN,239.0,296.0,,39.0,,False,
2025-07-26T03:00:00.000Z,Japan,Kansai,JP-KN,233.0,290.0,,40.0,,False,
2025-07-26T04:00:00.000Z,Japan,Kansai,JP-KN,237.0,295.0,,39.0,,False,
2025-07-26T05:00:00.000Z,Japan,Kansai,JP-KN,247.0,308.0,,36.0,,False,
2025-07-26T06:00:00.000Z,Japan,Kansai,JP-KN,260.0,321.0,,32.0,,False,
2025-07-26T07:00:00.000Z,Japan,Kansai,JP-KN,280.0,342.0,,28.0,,False,
2025-07-26T08:00:00.000Z,Japan,Kansai,JP-KN,307.0,372.0,,22.0,,False,
2025-07-26T09:00:00.000Z,Japan,Kansai,JP-KN,325.0,391.0,,18.0,,False,
2025-07-26T10:00:00.000Z,Japan,Kansai,JP-KN,336.0,402.0,,16.0,,False,
2025-07-26T11:00:00.000Z,Japan,Kansai,JP-KN,349.0,416.0,,15.0,,False,
2025-07-26T12:00:00.000Z,Japan,Kansai,JP-KN,359.0,426.0,,13.0,,False,
2025-07-26T13:00:00.000Z,Japan,Kansai,JP-KN,356.0,423.0,,12.0,,False,
2025-07-26T14:00:00.000Z,Japan,Kansai,JP-KN,358.0,423.0,,12.0,,False,
2025-07-26T15:00:00.000Z,Japan,Kansai,JP-KN,360.0,420.0,,12.0,,False,
2025-07-26T16:00:00.000Z,Japan,Kansai,JP-KN,362.0,420.0,,13.0,,False,
2025-07-26T17:00:00.000Z,Japan,Kansai,JP-KN,358.0,417.0,,12.0,,False,
2025-07-26T18:00:00.000Z,Japan,Kansai,JP-KN,359.0,416.0,,12.0,,False,
2025-07-26T19:00:00.000Z,Japan,Kansai,JP-KN,356.0,414.0,,12.0,,False,
2025-07-26T20:00:00.000Z,Japan,Kansai,JP-KN,353.0,410.0,,13.0,,False,
2025-07-26T21:00:00.000Z,Japan,Kansai,JP-KN,325.0,381.0,,18.0,,False,
2025-07-26T22:00:00.000Z,Japan,Kansai,JP-KN,284.0,339.0,,27.0,,False,
2025-07-26T23:00:00.000Z,Japan,Kansai,JP-KN,246.0,302.0,,34.0,,False,
2025-07-27T00:00:00.000Z,Japan,Kansai,JP-KN,222.0,275.0,,40.0,,False,
2025-07-27T01:00:00.000Z,Japan,Kansai,JP-KN,209.0,262.0,,43.0,,False,
2025-07-27T02:00:00.000Z,Japan,Kansai,JP-KN,206.0,258.0,,44.0,,False,
2025-07-27T03:00:00.000Z,Japan,Kansai,JP-KN,205.0,257.0,,44.0,,False,
2025-07-27T04:00:00.000Z,Japan,Kansai,JP-KN,212.0,264.0,,43.0,,False,
2025-07-27T05:00:00.000Z,Japan,Kansai,JP-KN,229.0,285.0,,39.0,,False,
2025-07-27T06:00:00.000Z,Japan,Kansai,JP-KN,256.0,314.0,,34.0,,False,
2025-07-27T07:00:00.000Z,Japan,Kansai,JP-KN,288.0,349.0,,27.0,,False,
2025-07-27T08:00:00.000Z,Japan,Kansai,JP-KN,313.0,377.0,,22.0,,False,
2025-07-27T09:00:00.000Z,Japan,Kansai,JP-KN,327.0,392.0,,18.0,,False,
2025-07-27T10:00:00.000Z,Japan,Kansai,JP-KN,332.0,397.0,,17.0,,False,
2025-07-27T11:00:00.000Z,Japan,Kansai,JP-KN,334.0,400.0,,16.0,,False,
2025-07-27T12:00:00.000Z,Japan,Kansai,JP-KN,342.0,408.0,,14.0,,False,
2025-07-27T13:00:00.000Z,Japan,Kansai,JP-KN,349.0,416.0,,12.0,,False,
2025-07-27T14:00:00.000Z,Japan,Kansai,JP-KN,364.0,428.0,,12.0,,False,
2025-07-27T15:00:00.000Z,Japan,Kansai,JP-KN,382.0,442.0,,11.0,,False,
2025-07-27T16:00:00.000Z,Japan,Kansai,JP-KN,388.0,446.0,,11.0,,False,
2025-07-27T17:00:00.000Z,Japan,Kansai,JP-KN,386.0,443.0,,11.0,,False,
2025-07-27T18:00:00.000Z,Japan,Kansai,JP-KN,387.0,443.0,,11.0,,False,
2025-07-27T19:00:00.000Z,Japan,Kansai,JP-KN,391.0,449.0,,11.0,,False,
2025-07-27T20:00:00.000Z,Japan,Kansai,JP-KN,386.0,446.0,,11.0,,False,
2025-07-27T21:00:00.000Z,Japan,Kansai,JP-KN,363.0,424.0,,15.0,,False,
2025-07-27T22:00:00.000Z,Japan,Kansai,JP-KN,328.0,388.0,,23.0,,False,
2025-07-27T23:00:00.000Z,Japan,Kansai,JP-KN,295.0,357.0,,29.0,,False,
2025-07-28T00:00:00.000Z,Japan,Kansai,JP-KN,270.0,330.0,,34.0,,False,
2025-07-28T01:00:00.000Z,Japan,Kansai,JP-KN,260.0,322.0,,36.0,,False,
2025-07-28T02:00:00.000Z,Japan,Kansai,JP-KN,255.0,316.0,,37.0,,False,
2025-07-28T03:00:00.000Z,Japan,Kansai,JP-KN,254.0,315.0,,37.0,,False,
2025-07-28T04:00:00.000Z,Japan,Kansai,JP-KN,262.0,324.0,,36.0,,False,
2025-07-28T05:00:00.000Z,Japan,Kansai,JP-KN,274.0,337.0,,33.0,,False,
2025-07-28T06:00:00.000Z,Japan,Kansai,JP-KN,293.0,358.0,,30.0,,False,
2025-07-28T07:00:00.000Z,Japan,Kansai,JP-KN,310.0,378.0,,26.0,,False,
2025-07-28T08:00:00.000Z,Japan,Kansai,JP-KN,324.0,393.0,,23.0,,False,
2025-07-28T09:00:00.000Z,Japan,Kansai,JP-KN,330.0,399.0,,21.0,,False,
2025-07-28T10:00:00.000Z,Japan,Kansai,JP-KN,345.0,416.0,,18.0,,False,
2025-07-28T11:00:00.000Z,Japan,Kansai,JP-KN,358.0,428.0,,16.0,,False,
2025-07-28T12:00:00.000Z,Japan,Kansai,JP-KN,365.0,434.0,,14.0,,False,
2025-07-28T13:00:00.000Z,Japan,Kansai,JP-KN,373.0,441.0,,12.0,,False,
2025-07-28T14:00:00.000Z,Japan,Kansai,JP-KN,373.0,439.0,,12.0,,False,
2025-07-28T15:00:00.000Z,Japan,Kansai,JP-KN,384.0,447.0,,11.0,,False,
2025-07-28T16:00:00.000Z,Japan,Kansai,JP-KN,388.0,449.0,,11.0,,False,
2025-07-28T17:00:00.000Z,Japan,Kansai,JP-KN,387.0,449.0,,10.0,,False,
2025-07-28T18:00:00.000Z,Japan,Kansai,JP-KN,389.0,451.0,,10.0,,False,
2025-07-28T19:00:00.000Z,Japan,Kansai,JP-KN,390.0,454.0,,10.0,,False,
2025-07-28T20:00:00.000Z,Japan,Kansai,JP-KN,385.0,447.0,,10.0,,False,
2025-07-28T21:00:00.000Z,Japan,Kansai,JP-KN,362.0,424.0,,15.0,,False,
2025-07-28T22:00:00.000Z,Japan,Kansai,JP-KN,329.0,390.0,,23.0,,False,
2025-07-28T23:00:00.000Z,Japan,Kansai,JP-KN,299.0,360.0,,29.0,,False,
2025-07-29T00:00:00.000Z,Japan,Kansai,JP-KN,276.0,336.0,,33.0,,False,
2025-07-29T01:00:00.000Z,Japan,Kansai,JP-KN,265.0,325.0,,36.0,,False,
2025-07-29T02:00:00.000Z,Japan,Kansai,JP-KN,262.0,322.0,,36.0,,False,
2025-07-29T03:00:00.000Z,Japan,Kansai,JP-KN,265.0,326.0,,35.0,,False,
2025-07-29T04:00:00.000Z,Japan,Kansai,JP-KN,267.0,329.0,,35.0,,False,
2025-07-29T05:00:00.000Z,Japan,Kansai,JP-KN,275.0,338.0,,33.0,,False,
2025-07-29T06:00:00.000Z,Japan,Kansai,JP-KN,292.0,359.0,,30.0,,False,
2025-07-29T07:00:00.000Z,Japan,Kansai,JP-KN,303.0,372.0,,27.0,,False,
2025-07-29T08:00:00.000Z,Japan,Kansai,JP-KN,327.0,397.0,,22.0,,False,
2025-07-29T09:00:00.000Z,Japan,Kansai,JP-KN,342.0,414.0,,19.0,,False,
2025-07-29T10:00:00.000Z,Japan,Kansai,JP-KN,354.0,426.0,,17.0,,False,
2025-07-29T11:00:00.000Z,Japan,Kansai,JP-KN,361.0,430.0,,15.0,,False,
2025-07-29T12:00:00.000Z,Japan,Kansai,JP-KN,372.0,441.0,,12.0,,False,
2025-07-29T13:00:00.000Z,Japan,Kansai,JP-KN,377.0,446.0,,11.0,,False,
2025-07-29T14:00:00.000Z,Japan,Kansai,JP-KN,374.0,441.0,,11.0,,False,
2025-07-29T15:00:00.000Z,Japan,Kansai,JP-KN,382.0,445.0,,11.0,,False,
2025-07-29T16:00:00.000Z,Japan,Kansai,JP-KN,393.0,454.0,,10.0,,False,
2025-07-29T17:00:00.000Z,Japan,Kansai,JP-KN,391.0,450.0,,11.0,,False,
2025-07-29T18:00:00.000Z,Japan,Kansai,JP-KN,391.0,451.0,,10.0,,False,
2025-07-29T19:00:00.000Z,Japan,Kansai,JP-KN,393.0,453.0,,10.0,,False,
2025-07-29T20:00:00.000Z,Japan,Kansai,JP-KN,390.0,451.0,,10.0,,False,
2025-07-29T21:00:00.000Z,Japan,Kansai,JP-KN,364.0,424.0,,15.0,,False,
2025-07-29T22:00:00.000Z,Japan,Kansai,JP-KN,325.0,383.0,,24.0,,False,
2025-07-29T23:00:00.000Z,Japan,Kansai,JP-KN,296.0,356.0,,30.0,,False,
2025-07-30T00:00:00.000Z,Japan,Kansai,JP-KN,276.0,336.0,,33.0,,False,
2025-07-30T01:00:00.000Z,Japan,Kansai,JP-KN,260.0,319.0,,36.0,,False,
2025-07-30T02:00:00.000Z,Japan,Kansai,JP-KN,255.0,314.0,,38.0,,False,
2025-07-30T03:00:00.000Z,Japan,Kansai,JP-KN,257.0,317.0,,37.0,,False,
2025-07-30T04:00:00.000Z,Japan,Kansai,JP-KN,264.0,326.0,,35.0,,False,
2025-07-30T05:00:00.000Z,Japan,Kansai,JP-KN,274.0,338.0,,33.0,,False,
2025-07-30T06:00:00.000Z,Japan,Kansai,JP-KN,290.0,354.0,,30.0,,False,
2025-07-30T07:00:00.000Z,Japan,Kansai,JP-KN,312.0,378.0,,26.0,,False,
2025-07-30T08:00:00.000Z,Japan,Kansai,JP-KN,330.0,397.0,,22.0,,False,
2025-07-30T09:00:00.000Z,Japan,Kansai,JP-KN,346.0,414.0,,18.0,,False,
2025-07-30T10:00:00.000Z,Japan,Kansai,JP-KN,356.0,425.0,,16.0,,False,
2025-07-30T11:00:00.000Z,Japan,Kansai,JP-KN,365.0,434.0,,14.0,,False,
2025-07-30T12:00:00.000Z,Japan,Kansai,JP-KN,374.0,444.0,,12.0,,False,
2025-07-30T13:00:00.000Z,Japan,Kansai,JP-KN,379.0,449.0,,11.0,,False,
2025-07-30T14:00:00.000Z,Japan,Kansai,JP-KN,382.0,451.0,,9.0,,False,
2025-07-30T15:00:00.000Z,Japan,Kansai,JP-KN,383.0,451.0,,9.0,,False,
2025-07-30T16:00:00.000Z,Japan,Kansai,JP-KN,385.0,452.0,,9.0,,False,
2025-07-30T17:00:00.000Z,Japan,Kansai,JP-KN,385.0,452.0,,9.0,,False,
2025-07-30T18:00:00.000Z,Japan,Kansai,JP-KN,384.0,451.0,,9.0,,False,
2025-07-30T19:00:00.000Z,Japan,Kansai,JP-KN,385.0,451.0,,9.0,,False,
2025-07-30T20:00:00.000Z,Japan,Kansai,JP-KN,380.0,446.0,,9.0,,False,
2025-07-30T21:00:00.000Z,Japan,Kansai,JP-KN,363.0,427.0,,13.0,,False,
2025-07-30T22:00:00.000Z,Japan,Kansai,JP-KN,331.0,394.0,,21.0,,False,
2025-07-30T23:00:00.000Z,Japan,Kansai,JP-KN,302.0,364.0,,27.0,,False,
2025-07-31T00:00:00.000Z,Japan,Kansai,JP-KN,281.0,343.0,,32.0,,False,
2025-07-31T01:00:00.000Z,Japan,Kansai,JP-KN,272.0,334.0,,34.0,,False,
2025-07-31T02:00:00.000Z,Japan,Kansai,JP-KN,268.0,330.0,,35.0,,False,
2025-07-31T03:00:00.000Z,Japan,Kansai,JP-KN,263.0,323.0,,36.0,,False,
2025-07-31T04:00:00.000Z,Japan,Kansai,JP-KN,269.0,331.0,,35.0,,False,
2025-07-31T05:00:00.000Z,Japan,Kansai,JP-KN,280.0,344.0,,32.0,,False,
2025-07-31T06:00:00.000Z,Japan,Kansai,JP-KN,293.0,358.0,,30.0,,False,
2025-07-31T07:00:00.000Z,Japan,Kansai,JP-KN,308.0,374.0,,27.0,,False,
2025-07-31T08:00:00.000Z,Japan,Kansai,JP-KN,329.0,397.0,,22.0,,False,
2025-07-31T09:00:00.000Z,Japan,Kansai,JP-KN,342.0,410.0,,19.0,,False,
2025-07-31T10:00:00.000Z,Japan,Kansai,JP-KN,356.0,425.0,,16.0,,False,
2025-07-31T11:00:00.000Z,Japan,Kansai,JP-KN,363.0,431.0,,14.0,,False,
2025-07-31T12:00:00.000Z,Japan,Kansai,JP-KN,369.0,438.0,,12.0,,False,
2025-07-31T13:00:00.000Z,Japan,Kansai,JP-KN,373.0,441.0,,11.0,,False,
2025-07-31T14:00:00.000Z,Japan,Kansai,JP-KN,374.0,441.0,,11.0,,False,
2025-07-31T15:00:00.000Z,Japan,Kansai,JP-KN,379.0,443.0,,10.0,,False,
2025-07-31T16:00:00.000Z,Japan,Kansai,JP-KN,389.0,451.0,,10.0,,False,
2025-07-31T17:00:00.000Z,Japan,Kansai,JP-KN,389.0,452.0,,9.0,,False,
2025-07-31T18:00:00.000Z,Japan,Kansai,JP-KN,388.0,450.0,,9.0,,False,
2025-07-31T19:00:00.000Z,Japan,Kansai,JP-KN,388.0,450.0,,9.0,,False,
2025-07-31T20:00:00.000Z,Japan,Kansai,JP-KN,382.0,446.0,,9.0,,False,
2025-07-31T21:00:00.000Z,Japan,Kansai,JP-KN,366.0,429.0,,13.0,,False,
2025-07-31T22:00:00.000Z,Japan,Kansai,JP-KN,337.0,400.0,,19.0,,False,
2025-07-31T23:00:00.000Z,Japan,Kansai,JP-KN,308.0,370.0,,26.0,,False,
2025-08-01T00:00:00.000Z,Japan,Kansai,JP-KN,290.0,353.0,,30.0,,False,
2025-08-01T01:00:00.000Z,Japan,Kansai,JP-KN,280.0,343.0,,32.0,,False,
2025-08-01T02:00:00.000Z,Japan,Kansai,JP-KN,271.0,334.0,,34.0,,False,
2025-08-01T03:00:00.000Z,Japan,Kansai,JP-KN,272.0,337.0,,34.0,,False,
2025-08-01T04:00:00.000Z,Japan,Kansai,JP-KN,275.0,340.0,,33.0,,False,
2025-08-01T05:00:00.000Z,Japan,Kansai,JP-KN,281.0,347.0,,32.0,,False,
2025-08-01T06:00:00.000Z,Japan,Kansai,JP-KN,296.0,363.0,,29.0,,False,
2025-08-01T07:00:00.000Z,Japan,Kansai,JP-KN,309.0,379.0,,26.0,,False,
2025-08-01T08:00:00.000Z,Japan,Kansai,JP-KN,328.0,399.0,,22.0,,False,
2025-08-01T09:00:00.000Z,Japan,Kansai,JP-KN,347.0,419.0,,17.0,,False,
2025-08-01T10:00:00.000Z,Japan,Kansai,JP-KN,358.0,430.0,,15.0,,False,
2025-08-01T11:00:00.000Z,Japan,Kansai,JP-KN,369.0,441.0,,13.0,,False,
2025-08-01T12:00:00.000Z,Japan,Kansai,JP-KN,371.0,441.0,,12.0,,False,
2025-08-01T13:00:00.000Z,Japan,Kansai,JP-KN,374.0,444.0,,10.0,,False,
2025-08-01T14:00:00.000Z,Japan,Kansai,JP-KN,366.0,435.0,,11.0,,False,
2025-08-01T15:00:00.000Z,Japan,Kansai,JP-KN,363.0,427.0,,12.0,,False,
2025-08-01T16:00:00.000Z,Japan,Kansai,JP-KN,374.0,435.0,,11.0,,False,
2025-08-01T17:00:00.000Z,Japan,Kansai,JP-KN,379.0,441.0,,10.0,,False,
2025-08-01T18:00:00.000Z,Japan,Kansai,JP-KN,378.0,439.0,,10.0,,False,
2025-08-01T19:00:00.000Z,Japan,Kansai,JP-KN,374.0,434.0,,10.0,,False,
2025-08-01T20:00:00.000Z,Japan,Kansai,JP-KN,377.0,437.0,,11.0,,False,
2025-08-01T21:00:00.000Z,Japan,Kansai,JP-KN,357.0,416.0,,15.0,,False,
2025-08-01T22:00:00.000Z,Japan,Kansai,JP-KN,316.0,373.0,,24.0,,False,
2025-08-01T23:00:00.000Z,Japan,Kansai,JP-KN,276.0,333.0,,31.0,,False,
2025-08-02T00:00:00.000Z,Japan,Kansai,JP-KN,252.0,308.0,,37.0,,False,
2025-08-02T01:00:00.000Z,Japan,Kansai,JP-KN,245.0,300.0,,38.0,,False,
2025-08-02T02:00:00.000Z,Japan,Kansai,JP-KN,243.0,299.0,,38.0,,False,
2025-08-02T03:00:00.000Z,Japan,Kansai,JP-KN,240.0,297.0,,39.0,,False,
2025-08-02T04:00:00.000Z,Japan,Kansai,JP-KN,246.0,307.0,,37.0,,False,
2025-08-02T05:00:00.000Z,Japan,Kansai,JP-KN,254.0,314.0,,35.0,,False,
2025-08-02T06:00:00.000Z,Japan,Kansai,JP-KN,272.0,335.0,,32.0,,False,
2025-08-02T07:00:00.000Z,Japan,Kansai,JP-KN,298.0,363.0,,26.0,,False,
2025-08-02T08:00:00.000Z,Japan,Kansai,JP-KN,322.0,388.0,,22.0,,False,
2025-08-02T09:00:00.000Z,Japan,Kansai,JP-KN,332.0,398.0,,19.0,,False,
2025-08-02T10:00:00.000Z,Japan,Kansai,JP-KN,340.0,406.0,,17.0,,False,
2025-08-02T11:00:00.000Z,Japan,Kansai,JP-KN,353.0,420.0,,14.0,,False,
2025-08-02T12:00:00.000Z,Japan,Kansai,JP-KN,359.0,428.0,,13.0,,False,
2025-08-02T13:00:00.000Z,Japan,Kansai,JP-KN,358.0,426.0,,12.0,,False,
2025-08-02T14:00:00.000Z,Japan,Kansai,JP-KN,358.0,423.0,,12.0,,False,
2025-08-02T15:00:00.000Z,Japan,Kansai,JP-KN,369.0,430.0,,11.0,,False,
2025-08-02T16:00:00.000Z,Japan,Kansai,JP-KN,374.0,433.0,,11.0,,False,
2025-08-02T17:00:00.000Z,Japan,Kansai,JP-KN,373.0,433.0,,10.0,,False,
2025-08-02T18:00:00.000Z,Japan,Kansai,JP-KN,372.0,432.0,,10.0,,False,
2025-08-02T19:00:00.000Z,Japan,Kansai,JP-KN,370.0,430.0,,10.0,,False,
2025-08-02T20:00:00.000Z,Japan,Kansai,JP-KN,370.0,430.0,,10.0,,False,
2025-08-02T21:00:00.000Z,Japan,Kansai,JP-KN,344.0,403.0,,15.0,,False,
2025-08-02T22:00:00.000Z,Japan,Kansai,JP-KN,302.0,359.0,,24.0,,False,
2025-08-02T23:00:00.000Z,Japan,Kansai,JP-KN,267.0,324.0,,31.0,,False,
2025-08-03T00:00:00.000Z,Japan,Kansai,JP-KN,250.0,305.0,,36.0,,False,
2025-08-03T01:00:00.000Z,Japan,Kansai,JP-KN,230.0,286.0,,38.0,,False,
2025-08-03T02:00:00.000Z,Japan,Kansai,JP-KN,220.0,275.0,,40.0,,False,
2025-08-03T03:00:00.000Z,Japan,Kansai,JP-KN,216.0,272.0,,41.0,,False,
2025-08-03T04:00:00.000Z,Japan,Kansai,JP-KN,232.0,289.0,,39.0,,False,
2025-08-03T05:00:00.000Z,Japan,Kansai,JP-KN,252.0,310.0,,36.0,,False,
2025-08-03T06:00:00.000Z,Japan,Kansai,JP-KN,274.0,334.0,,32.0,,False,
2025-08-03T07:00:00.000Z,Japan,Kansai,JP-KN,303.0,366.0,,26.0,,False,
2025-08-03T08:00:00.000Z,Japan,Kansai,JP-KN,325.0,391.0,,21.0,,False,
2025-08-03T09:00:00.000Z,Japan,Kansai,JP-KN,340.0,406.0,,18.0,,False,
2025-08-03T10:00:00.000Z,Japan,Kansai,JP-KN,347.0,414.0,,17.0,,False,
2025-08-03T11:00:00.000Z,Japan,Kansai,JP-KN,351.0,418.0,,16.0,,False,
2025-08-03T12:00:00.000Z,Japan,Kansai,JP-KN,354.0,421.0,,14.0,,False,
2025-08-03T13:00:00.000Z,Japan,Kansai,JP-KN,361.0,429.0,,12.0,,False,
2025-08-03T14:00:00.000Z,Japan,Kansai,JP-KN,370.0,436.0,,11.0,,False,
2025-08-03T15:00:00.000Z,Japan,Kansai,JP-KN,375.0,438.0,,10.0,,False,
2025-08-03T16:00:00.000Z,Japan,Kansai,JP-KN,378.0,441.0,,10.0,,False,
2025-08-03T17:00:00.000Z,Japan,Kansai,JP-KN,378.0,441.0,,10.0,,False,
2025-08-03T18:00:00.000Z,Japan,Kansai,JP-KN,380.0,443.0,,10.0,,False,
2025-08-03T19:00:00.000Z,Japan,Kansai,JP-KN,382.0,445.0,,9.0,,False,
2025-08-03T20:00:00.000Z,Japan,Kansai,JP-KN,383.0,447.0,,10.0,,False,
2025-08-03T21:00:00.000Z,Japan,Kansai,JP-KN,365.0,429.0,,13.0,,False,
2025-08-03T22:00:00.000Z,Japan,Kansai,JP-KN,347.0,412.0,,17.0,,False,
2025-08-03T23:00:00.000Z,Japan,Kansai,JP-KN,314.0,379.0,,25.0,,False,
2025-08-04T00:00:00.000Z,Japan,Kansai,JP-KN,288.0,352.0,,30.0,,False,
2025-08-04T01:00:00.000Z,Japan,Kansai,JP-KN,278.0,341.0,,32.0,,False,
2025-08-04T02:00:00.000Z,Japan,Kansai,JP-KN,275.0,338.0,,33.0,,False,
2025-08-04T03:00:00.000Z,Japan,Kansai,JP-KN,276.0,339.0,,32.0,,False,
2025-08-04T04:00:00.000Z,Japan,Kansai,JP-KN,280.0,344.0,,32.0,,False,
2025-08-04T05:00:00.000Z,Japan,Kansai,JP-KN,291.0,357.0,,30.0,,False,
2025-08-04T06:00:00.000Z,Japan,Kansai,JP-KN,303.0,372.0,,27.0,,False,
2025-08-04T07:00:00.000Z,Japan,Kansai,JP-KN,307.0,377.0,,26.0,,False,
2025-08-04T08:00:00.000Z,Japan,Kansai,JP-KN,337.0,409.0,,20.0,,False,
2025-08-04T09:00:00.000Z,Japan,Kansai,JP-KN,354.0,428.0,,16.0,,False,
2025-08-04T10:00:00.000Z,Japan,Kansai,JP-KN,368.0,442.0,,13.0,,False,
2025-08-04T11:00:00.000Z,Japan,Kansai,JP-KN,367.0,441.0,,13.0,,False,
2025-08-04T12:00:00.000Z,Japan,Kansai,JP-KN,376.0,450.0,,11.0,,False,
2025-08-04T13:00:00.000Z,Japan,Kansai,JP-KN,377.0,449.0,,10.0,,False,
2025-08-04T14:00:00.000Z,Japan,Kansai,JP-KN,381.0,453.0,,9.0,,False,
2025-08-04T15:00:00.000Z,Japan,Kansai,JP-KN,385.0,456.0,,8.0,,False,
2025-08-04T16:00:00.000Z,Japan,Kansai,JP-KN,387.0,458.0,,8.0,,False,
2025-08-04T17:00:00.000Z,Japan,Kansai,JP-KN,385.0,457.0,,8.0,,False,
2025-08-04T18:00:00.000Z,Japan,Kansai,JP-KN,386.0,458.0,,8.0,,False,
2025-08-04T19:00:00.000Z,Japan,Kansai,JP-KN,386.0,460.0,,7.0,,False,
2025-08-04T20:00:00.000Z,Japan,Kansai,JP-KN,386.0,460.0,,7.0,,False,
2025-08-04T21:00:00.000Z,Japan,Kansai,JP-KN,371.0,442.0,,12.0,,False,
2025-08-04T22:00:00.000Z,Japan,Kansai,JP-KN,343.0,414.0,,18.0,,False,
2025-08-04T23:00:00.000Z,Japan,Kansai,JP-KN,315.0,383.0,,24.0,,False,
2025-08-05T00:00:00.000Z,Japan,Kansai,JP-KN,298.0,364.0,,28.0,,False,
2025-08-05T01:00:00.000Z,Japan,Kansai,JP-KN,288.0,353.0,,31.0,,False,
2025-08-05T02:00:00.000Z,Japan,Kansai,JP-KN,285.0,350.0,,32.0,,False,
2025-08-05T03:00:00.000Z,Japan,Kansai,JP-KN,284.0,349.0,,32.0,,False,
2025-08-05T04:00:00.000Z,Japan,Kansai,JP-KN,285.0,350.0,,32.0,,False,
2025-08-05T05:00:00.000Z,Japan,Kansai,JP-KN,286.0,352.0,,32.0,,False,
2025-08-05T06:00:00.000Z,Japan,Kansai,JP-KN,285.0,352.0,,31.0,,False,
2025-08-05T07:00:00.000Z,Japan,Kansai,JP-KN,293.0,359.0,,30.0,,False,
2025-08-05T08:00:00.000Z,Japan,Kansai,JP-KN,309.0,377.0,,27.0,,False,
2025-08-05T09:00:00.000Z,Japan,Kansai,JP-KN,326.0,396.0,,23.0,,False,
2025-08-05T10:00:00.000Z,Japan,Kansai,JP-KN,344.0,416.0,,19.0,,False,
2025-08-05T11:00:00.000Z,Japan,Kansai,JP-KN,362.0,437.0,,14.0,,False,
2025-08-05T12:00:00.000Z,Japan,Kansai,JP-KN,372.0,447.0,,12.0,,False,
2025-08-05T13:00:00.000Z,Japan,Kansai,JP-KN,378.0,453.0,,10.0,,False,
2025-08-05T14:00:00.000Z,Japan,Kansai,JP-KN,380.0,454.0,,9.0,,False,
2025-08-05T15:00:00.000Z,Japan,Kansai,JP-KN,386.0,458.0,,8.0,,False,
2025-08-05T16:00:00.000Z,Japan,Kansai,JP-KN,387.0,459.0,,8.0,,False,
2025-08-05T17:00:00.000Z,Japan,Kansai,JP-KN,388.0,461.0,,8.0,,False,
2025-08-05T18:00:00.000Z,Japan,Kansai,JP-KN,389.0,461.0,,8.0,,False,
2025-08-05T19:00:00.000Z,Japan,Kansai,JP-KN,389.0,461.0,,8.0,,False,
2025-08-05T20:00:00.000Z,Japan,Kansai,JP-KN,387.0,459.0,,8.0,,False,
2025-08-05T21:00:00.000Z,Japan,Kansai,JP-KN,372.0,443.0,,12.0,,False,
2025-08-05T22:00:00.000Z,Japan,Kansai,JP-KN,339.0,408.0,,19.0,,False,
2025-08-05T23:00:00.000Z,Japan,Kansai,JP-KN,315.0,384.0,,25.0,,False,
2025-08-06T00:00:00.000Z,Japan,Kansai,JP-KN,297.0,363.0,,29.0,,False,
2025-08-06T01:00:00.000Z,Japan,Kansai,JP-KN,292.0,357.0,,31.0,,False,
2025-08-06T02:00:00.000Z,Japan,Kansai,JP-KN,284.0,351.0,,32.0,,False,
2025-08-06T03:00:00.000Z,Japan,Kansai,JP-KN,290.0,356.0,,31.0,,False,
2025-08-06T04:00:00.000Z,Japan,Kansai,JP-KN,291.0,358.0,,31.0,,False,
2025-08-06T05:00:00.000Z,Japan,Kansai,JP-KN,296.0,364.0,,30.0,,False,
2025-08-06T06:00:00.000Z,Japan,Kansai,JP-KN,301.0,369.0,,29.0,,False,
2025-08-06T07:00:00.000Z,Japan,Kansai,JP-KN,308.0,378.0,,27.0,,False,
2025-08-06T08:00:00.000Z,Japan,Kansai,JP-KN,333.0,405.0,,22.0,,False,
2025-08-06T09:00:00.000Z,Japan,Kansai,JP-KN,353.0,427.0,,17.0,,False,
2025-08-06T10:00:00.000Z,Japan,Kansai,JP-KN,369.0,444.0,,14.0,,False,
2025-08-06T11:00:00.000Z,Japan,Kansai,JP-KN,380.0,455.0,,11.0,,False,
2025-08-06T12:00:00.000Z,Japan,Kansai,JP-KN,381.0,457.0,,10.0,,False,
2025-08-06T13:00:00.000Z,Japan,Kansai,JP-KN,382.0,456.0,,9.0,,False,
2025-08-06T14:00:00.000Z,Japan,Kansai,JP-KN,384.0,456.0,,9.0,,False,
2025-08-06T15:00:00.000Z,Japan,Kansai,JP-KN,383.0,453.0,,8.0,,False,
2025-08-06T16:00:00.000Z,Japan,Kansai,JP-KN,383.0,453.0,,8.0,,False,
2025-08-06T17:00:00.000Z,Japan,Kansai,JP-KN,382.0,454.0,,8.0,,False,
2025-08-06T18:00:00.000Z,Japan,Kansai,JP-KN,384.0,456.0,,8.0,,False,
2025-08-06T19:00:00.000Z,Japan,Kansai,JP-KN,384.0,456.0,,8.0,,False,
2025-08-06T20:00:00.000Z,Japan,Kansai,JP-KN,383.0,453.0,,9.0,,False,
2025-08-06T21:00:00.000Z,Japan,Kansai,JP-KN,378.0,450.0,,10.0,,False,
2025-08-06T22:00:00.000Z,Japan,Kansai,JP-KN,370.0,443.0,,11.0,,False,
2025-08-06T23:00:00.000Z,Japan,Kansai,JP-KN,352.0,424.0,,16.0,,False,
2025-08-07T00:00:00.000Z,Japan,Kansai,JP-KN,341.0,412.0,,19.0,,False,
2025-08-07T01:00:00.000Z,Japan,Kansai,JP-KN,337.0,407.0,,20.0,,False,
2025-08-07T02:00:00.000Z,Japan,Kansai,JP-KN,324.0,393.0,,23.0,,False,
2025-08-07T03:00:00.000Z,Japan,Kansai,JP-KN,313.0,379.0,,26.0,,False,
2025-08-07T04:00:00.000Z,Japan,Kansai,JP-KN,302.0,368.0,,28.0,,False,
2025-08-07T05:00:00.000Z,Japan,Kansai,JP-KN,304.0,371.0,,27.0,,False,
2025-08-07T06:00:00.000Z,Japan,Kansai,JP-KN,316.0,384.0,,24.0,,False,
2025-08-07T07:00:00.000Z,Japan,Kansai,JP-KN,336.0,407.0,,20.0,,False,
2025-08-07T08:00:00.000Z,Japan,Kansai,JP-KN,357.0,429.0,,15.0,,False,
2025-08-07T09:00:00.000Z,Japan,Kansai,JP-KN,365.0,436.0,,13.0,,False,
2025-08-07T10:00:00.000Z,Japan,Kansai,JP-KN,373.0,443.0,,12.0,,False,
2025-08-07T11:00:00.000Z,Japan,Kansai,JP-KN,378.0,447.0,,11.0,,False,
2025-08-07T12:00:00.000Z,Japan,Kansai,JP-KN,379.0,446.0,,11.0,,False,
2025-08-07T13:00:00.000Z,Japan,Kansai,JP-KN,379.0,445.0,,11.0,,False,
2025-08-07T14:00:00.000Z,Japan,Kansai,JP-KN,377.0,441.0,,11.0,,False,
2025-08-07T15:00:00.000Z,Japan,Kansai,JP-KN,382.0,444.0,,10.0,,False,
2025-08-07T16:00:00.000Z,Japan,Kansai,JP-KN,376.0,436.0,,11.0,,False,
2025-08-07T17:00:00.000Z,Japan,Kansai,JP-KN,381.0,441.0,,10.0,,False,
2025-08-07T18:00:00.000Z,Japan,Kansai,JP-KN,383.0,444.0,,9.0,,False,
2025-08-07T19:00:00.000Z,Japan,Kansai,JP-KN,389.0,448.0,,10.0,,False,
2025-08-07T20:00:00.000Z,Japan,Kansai,JP-KN,388.0,447.0,,10.0,,False,
2025-08-07T21:00:00.000Z,Japan,Kansai,JP-KN,373.0,432.0,,13.0,,False,
2025-08-07T22:00:00.000Z,Japan,Kansai,JP-KN,350.0,411.0,,17.0,,False,
2025-08-07T23:00:00.000Z,Japan,Kansai,JP-KN,330.0,392.0,,22.0,,False,
2025-08-08T00:00:00.000Z,Japan,Kansai,JP-KN,301.0,361.0,,28.0,,False,
2025-08-08T01:00:00.000Z,Japan,Kansai,JP-KN,289.0,348.0,,32.0,,False,
2025-08-08T02:00:00.000Z,Japan,Kansai,JP-KN,285.0,344.0,,32.0,,False,
2025-08-08T03:00:00.000Z,Japan,Kansai,JP-KN,290.0,350.0,,31.0,,False,
2025-08-08T04:00:00.000Z,Japan,Kansai,JP-KN,297.0,358.0,,30.0,,False,
2025-08-08T05:00:00.000Z,Japan,Kansai,JP-KN,299.0,359.0,,30.0,,False,
2025-08-08T06:00:00.000Z,Japan,Kansai,JP-KN,308.0,371.0,,27.0,,False,
2025-08-08T07:00:00.000Z,Japan,Kansai,JP-KN,327.0,391.0,,23.0,,False,
2025-08-08T08:00:00.000Z,Japan,Kansai,JP-KN,345.0,408.0,,20.0,,False,
2025-08-08T09:00:00.000Z,Japan,Kansai,JP-KN,358.0,423.0,,17.0,,False,
2025-08-08T10:00:00.000Z,Japan,Kansai,JP-KN,367.0,433.0,,14.0,,False,
2025-08-08T11:00:00.000Z,Japan,Kansai,JP-KN,373.0,439.0,,13.0,,False,
2025-08-08T12:00:00.000Z,Japan,Kansai,JP-KN,378.0,441.0,,12.0,,False,
2025-08-08T13:00:00.000Z,Japan,Kansai,JP-KN,382.0,445.0,,11.0,,False,
2025-08-08T14:00:00.000Z,Japan,Kansai,JP-KN,383.0,445.0,,10.0,,False,
2025-08-08T15:00:00.000Z,Japan,Kansai,JP-KN,375.0,436.0,,10.0,,False,
2025-08-08T16:00:00.000Z,Japan,Kansai,JP-KN,375.0,433.0,,10.0,,False,
2025-08-08T17:00:00.000Z,Japan,Kansai,JP-KN,374.0,433.0,,10.0,,False,
2025-08-08T18:00:00.000Z,Japan,Kansai,JP-KN,374.0,433.0,,10.0,,False,
2025-08-08T19:00:00.000Z,Japan,Kansai,JP-KN,374.0,432.0,,10.0,,False,
2025-08-08T20:00:00.000Z,Japan,Kansai,JP-KN,372.0,430.0,,10.0,,False,
2025-08-08T21:00:00.000Z,Japan,Kansai,JP-KN,350.0,406.0,,14.0,,False,
2025-08-08T22:00:00.000Z,Japan,Kansai,JP-KN,336.0,392.0,,18.0,,False,
2025-08-08T23:00:00.000Z,Japan,Kansai,JP-KN,331.0,388.0,,20.0,,False,
2025-08-09T00:00:00.000Z,Japan,Kansai,JP-KN,325.0,384.0,,20.0,,False,
2025-08-09T01:00:00.000Z,Japan,Kansai,JP-KN,314.0,372.0,,25.0,,False,
2025-08-09T02:00:00.000Z,Japan,Kansai,JP-KN,293.0,350.0,,29.0,,False,
2025-08-09T03:00:00.000Z,Japan,Kansai,JP-KN,288.0,344.0,,30.0,,False,
2025-08-09T04:00:00.000Z,Japan,Kansai,JP-KN,292.0,349.0,,30.0,,False,
2025-08-09T05:00:00.000Z,Japan,Kansai,JP-KN,296.0,354.0,,29.0,,False,
2025-08-09T06:00:00.000Z,Japan,Kansai,JP-KN,322.0,383.0,,23.0,,False,
2025-08-09T07:00:00.000Z,Japan,Kansai,JP-KN,344.0,407.0,,18.0,,False,
2025-08-09T08:00:00.000Z,Japan,Kansai,JP-KN,356.0,420.0,,15.0,,False,
2025-08-09T09:00:00.000Z,Japan,Kansai,JP-KN,364.0,429.0,,14.0,,False,
2025-08-09T10:00:00.000Z,Japan,Kansai,JP-KN,370.0,434.0,,13.0,,False,
2025-08-09T11:00:00.000Z,Japan,Kansai,JP-KN,375.0,439.0,,12.0,,False,
2025-08-09T12:00:00.000Z,Japan,Kansai,JP-KN,374.0,436.0,,12.0,,False,
2025-08-09T13:00:00.000Z,Japan,Kansai,JP-KN,369.0,430.0,,11.0,,False,
2025-08-09T14:00:00.000Z,Japan,Kansai,JP-KN,371.0,432.0,,10.0,,False,
2025-08-09T15:00:00.000Z,Japan,Kansai,JP-KN,371.0,428.0,,11.0,,False,
2025-08-09T16:00:00.000Z,Japan,Kansai,JP-KN,366.0,422.0,,11.0,,False,
2025-08-09T17:00:00.000Z,Japan,Kansai,JP-KN,362.0,418.0,,12.0,,False,
2025-08-09T18:00:00.000Z,Japan,Kansai,JP-KN,363.0,419.0,,12.0,,False,
2025-08-09T19:00:00.000Z,Japan,Kansai,JP-KN,362.0,419.0,,11.0,,False,
2025-08-09T20:00:00.000Z,Japan,Kansai,JP-KN,362.0,418.0,,12.0,,False,
2025-08-09T21:00:00.000Z,Japan,Kansai,JP-KN,353.0,408.0,,13.0,,False,
2025-08-09T22:00:00.000Z,Japan,Kansai,JP-KN,347.0,403.0,,15.0,,False,
2025-08-09T23:00:00.000Z,Japan,Kansai,JP-KN,339.0,395.0,,18.0,,False,
2025-08-10T00:00:00.000Z,Japan,Kansai,JP-KN,338.0,396.0,,19.0,,False,
2025-08-10T01:00:00.000Z,Japan,Kansai,JP-KN,337.0,396.0,,19.0,,False,
2025-08-10T02:00:00.000Z,Japan,Kansai,JP-KN,332.0,389.0,,20.0,,False,
2025-08-10T03:00:00.000Z,Japan,Kansai,JP-KN,329.0,387.0,,20.0,,False,
2025-08-10T04:00:00.000Z,Japan,Kansai,JP-KN,338.0,397.0,,19.0,,False,
2025-08-10T05:00:00.000Z,Japan,Kansai,JP-KN,344.0,403.0,,18.0,,False,
2025-08-10T06:00:00.000Z,Japan,Kansai,JP-KN,347.0,408.0,,17.0,,False,
2025-08-10T07:00:00.000Z,Japan,Kansai,JP-KN,351.0,413.0,,15.0,,False,
2025-08-10T08:00:00.000Z,Japan,Kansai,JP-KN,353.0,415.0,,15.0,,False,
2025-08-10T09:00:00.000Z,Japan,Kansai,JP-KN,355.0,417.0,,15.0,,False,
2025-08-10T10:00:00.000Z,Japan,Kansai,JP-KN,359.0,422.0,,14.0,,False,
2025-08-10T11:00:00.000Z,Japan,Kansai,JP-KN,357.0,418.0,,14.0,,False,
2025-08-10T12:00:00.000Z,Japan,Kansai,JP-KN,356.0,417.0,,14.0,,False,
2025-08-10T13:00:00.000Z,Japan,Kansai,JP-KN,356.0,414.0,,14.0,,False,
2025-08-10T14:00:00.000Z,Japan,Kansai,JP-KN,352.0,410.0,,14.0,,False,
2025-08-10T15:00:00.000Z,Japan,Kansai,JP-KN,349.0,405.0,,14.0,,False,
2025-08-10T16:00:00.000Z,Japan,Kansai,JP-KN,348.0,403.0,,13.0,,False,
2025-08-10T17:00:00.000Z,Japan,Kansai,JP-KN,350.0,405.0,,13.0,,False,
2025-08-10T18:00:00.000Z,Japan,Kansai,JP-KN,352.0,408.0,,13.0,,False,
2025-08-10T19:00:00.000Z,Japan,Kansai,JP-KN,351.0,407.0,,13.0,,False,
2025-08-10T20:00:00.000Z,Japan,Kansai,JP-KN,353.0,407.0,,13.0,,False,
2025-08-10T21:00:00.000Z,Japan,Kansai,JP-KN,348.0,403.0,,14.0,,False,
2025-08-10T22:00:00.000Z,Japan,Kansai,JP-KN,339.0,394.0,,17.0,,False,
2025-08-10T23:00:00.000Z,Japan,Kansai,JP-KN,333.0,390.0,,19.0,,False,
2025-08-11T00:00:00.000Z,Japan,Kansai,JP-KN,321.0,379.0,,20.0,,False,
2025-08-11T01:00:00.000Z,Japan,Kansai,JP-KN,313.0,370.0,,22.0,,False,
2025-08-11T02:00:00.000Z,Japan,Kansai,JP-KN,311.0,369.0,,22.0,,False,
2025-08-11T03:00:00.000Z,Japan,Kansai,JP-KN,308.0,366.0,,23.0,,False,
2025-08-11T04:00:00.000Z,Japan,Kansai,JP-KN,315.0,373.0,,23.0,,False,
2025-08-11T05:00:00.000Z,Japan,Kansai,JP-KN,326.0,385.0,,21.0,,False,
2025-08-11T06:00:00.000Z,Japan,Kansai,JP-KN,339.0,400.0,,18.0,,False,
2025-08-11T07:00:00.000Z,Japan,Kansai,JP-KN,351.0,413.0,,16.0,,False,
2025-08-11T08:00:00.000Z,Japan,Kansai,JP-KN,356.0,419.0,,15.0,,False,
2025-08-11T09:00:00.000Z,Japan,Kansai,JP-KN,359.0,422.0,,14.0,,False,
2025-08-11T10:00:00.000Z,Japan,Kansai,JP-KN,359.0,423.0,,13.0,,False,
2025-08-11T11:00:00.000Z,Japan,Kansai,JP-KN,359.0,421.0,,13.0,,False,
2025-08-11T12:00:00.000Z,Japan,Kansai,JP-KN,355.0,416.0,,14.0,,False,
2025-08-11T13:00:00.000Z,Japan,Kansai,JP-KN,352.0,409.0,,15.0,,False,
2025-08-11T14:00:00.000Z,Japan,Kansai,JP-KN,350.0,407.0,,15.0,,False,
2025-08-11T15:00:00.000Z,Japan,Kansai,JP-KN,351.0,407.0,,14.0,,False,
2025-08-11T16:00:00.000Z,Japan,Kansai,JP-KN,349.0,404.0,,14.0,,False,
2025-08-11T17:00:00.000Z,Japan,Kansai,JP-KN,348.0,404.0,,14.0,,False,
2025-08-11T18:00:00.000Z,Japan,Kansai,JP-KN,348.0,403.0,,14.0,,False,
2025-08-11T19:00:00.000Z,Japan,Kansai,JP-KN,351.0,406.0,,14.0,,False,
2025-08-11T20:00:00.000Z,Japan,Kansai,JP-KN,352.0,407.0,,14.0,,False,
2025-08-11T21:00:00.000Z,Japan,Kansai,JP-KN,344.0,399.0,,16.0,,False,
2025-08-11T22:00:00.000Z,Japan,Kansai,JP-KN,334.0,390.0,,19.0,,False,
2025-08-11T23:00:00.000Z,Japan,Kansai,JP-KN,321.0,377.0,,23.0,,False,
2025-08-12T00:00:00.000Z,Japan,Kansai,JP-KN,300.0,357.0,,27.0,,False,
2025-08-12T01:00:00.000Z,Japan,Kansai,JP-KN,285.0,341.0,,30.0,,False,
2025-08-12T02:00:00.000Z,Japan,Kansai,JP-KN,275.0,331.0,,32.0,,False,
2025-08-12T03:00:00.000Z,Japan,Kansai,JP-KN,278.0,334.0,,31.0,,False,
2025-08-12T04:00:00.000Z,Japan,Kansai,JP-KN,287.0,344.0,,30.0,,False,
2025-08-12T05:00:00.000Z,Japan,Kansai,JP-KN,294.0,351.0,,29.0,,False,
2025-08-12T06:00:00.000Z,Japan,Kansai,JP-KN,309.0,368.0,,26.0,,False,
2025-08-12T07:00:00.000Z,Japan,Kansai,JP-KN,327.0,388.0,,22.0,,False,
2025-08-12T08:00:00.000Z,Japan,Kansai,JP-KN,343.0,404.0,,19.0,,False,
2025-08-12T09:00:00.000Z,Japan,Kansai,JP-KN,351.0,413.0,,17.0,,False,
2025-08-12T10:00:00.000Z,Japan,Kansai,JP-KN,356.0,419.0,,16.0,,False,
2025-08-12T11:00:00.000Z,Japan,Kansai,JP-KN,354.0,416.0,,15.0,,False,
2025-08-12T12:00:00.000Z,Japan,Kansai,JP-KN,351.0,410.0,,16.0,,False,
2025-08-12T13:00:00.000Z,Japan,Kansai,JP-KN,342.0,400.0,,17.0,,False,
2025-08-12T14:00:00.000Z,Japan,Kansai,JP-KN,328.0,384.0,,18.0,,False,
2025-08-12T15:00:00.000Z,Japan,Kansai,JP-KN,324.0,379.0,,17.0,,False,
2025-08-12T16:00:00.000Z,Japan,Kansai,JP-KN,324.0,377.0,,17.0,,False,
2025-08-12T17:00:00.000Z,Japan,Kansai,JP-KN,320.0,373.0,,17.0,,False,
2025-08-12T18:00:00.000Z,Japan,Kansai,JP-KN,319.0,372.0,,17.0,,False,
2025-08-12T19:00:00.000Z,Japan,Kansai,JP-KN,319.0,372.0,,17.0,,False,
2025-08-12T20:00:00.000Z,Japan,Kansai,JP-KN,317.0,369.0,,18.0,,False,
2025-08-12T21:00:00.000Z,Japan,Kansai,JP-KN,307.0,360.0,,20.0,,False,
2025-08-12T22:00:00.000Z,Japan,Kansai,JP-KN,280.0,334.0,,25.0,,False,
2025-08-12T23:00:00.000Z,Japan,Kansai,JP-KN,253.0,307.0,,31.0,,False,
2025-08-13T00:00:00.000Z,Japan,Kansai,JP-KN,221.0,274.0,,36.0,,False,
2025-08-13T01:00:00.000Z,Japan,Kansai,JP-KN,188.0,238.0,,43.0,,False,
2025-08-13T02:00:00.000Z,Japan,Kansai,JP-KN,186.0,236.0,,45.0,,False,
2025-08-13T03:00:00.000Z,Japan,Kansai,JP-KN,185.0,236.0,,45.0,,False,
2025-08-13T04:00:00.000Z,Japan,Kansai,JP-KN,194.0,246.0,,42.0,,False,
2025-08-13T05:00:00.000Z,Japan,Kansai,JP-KN,234.0,290.0,,37.0,,False,
2025-08-13T06:00:00.000Z,Japan,Kansai,JP-KN,264.0,323.0,,32.0,,False,
2025-08-13T07:00:00.000Z,Japan,Kansai,JP-KN,298.0,358.0,,26.0,,False,
2025-08-13T08:00:00.000Z,Japan,Kansai,JP-KN,314.0,376.0,,22.0,,False,
2025-08-13T09:00:00.000Z,Japan,Kansai,JP-KN,322.0,385.0,,20.0,,False,
2025-08-13T10:00:00.000Z,Japan,Kansai,JP-KN,325.0,385.0,,20.0,,False,
2025-08-13T11:00:00.000Z,Japan,Kansai,JP-KN,329.0,389.0,,19.0,,False,
2025-08-13T12:00:00.000Z,Japan,Kansai,JP-KN,337.0,397.0,,17.0,,False,
2025-08-13T13:00:00.000Z,Japan,Kansai,JP-KN,336.0,398.0,,15.0,,False,
2025-08-13T14:00:00.000Z,Japan,Kansai,JP-KN,328.0,388.0,,16.0,,False,
2025-08-13T15:00:00.000Z,Japan,Kansai,JP-KN,324.0,381.0,,17.0,,False,
2025-08-13T16:00:00.000Z,Japan,Kansai,JP-KN,325.0,381.0,,16.0,,False,
2025-08-13T17:00:00.000Z,Japan,Kansai,JP-KN,322.0,378.0,,16.0,,False,
2025-08-13T18:00:00.000Z,Japan,Kansai,JP-KN,324.0,380.0,,16.0,,False,
2025-08-13T19:00:00.000Z,Japan,Kansai,JP-KN,323.0,378.0,,17.0,,False,
2025-08-13T20:00:00.000Z,Japan,Kansai,JP-KN,320.0,374.0,,17.0,,False,
2025-08-13T21:00:00.000Z,Japan,Kansai,JP-KN,301.0,356.0,,21.0,,False,
2025-08-13T22:00:00.000Z,Japan,Kansai,JP-KN,267.0,321.0,,28.0,,False,
2025-08-13T23:00:00.000Z,Japan,Kansai,JP-KN,241.0,294.0,,35.0,,False,
2025-08-14T00:00:00.000Z,Japan,Kansai,JP-KN,220.0,272.0,,40.0,,False,
2025-08-14T01:00:00.000Z,Japan,Kansai,JP-KN,196.0,247.0,,44.0,,False,
2025-08-14T02:00:00.000Z,Japan,Kansai,JP-KN,184.0,234.0,,46.0,,False,
2025-08-14T03:00:00.000Z,Japan,Kansai,JP-KN,187.0,237.0,,47.0,,False,
2025-08-14T04:00:00.000Z,Japan,Kansai,JP-KN,206.0,256.0,,44.0,,False,
2025-08-14T05:00:00.000Z,Japan,Kansai,JP-KN,225.0,277.0,,41.0,,False,
2025-08-14T06:00:00.000Z,Japan,Kansai,JP-KN,253.0,310.0,,35.0,,False,
2025-08-14T07:00:00.000Z,Japan,Kansai,JP-KN,287.0,347.0,,28.0,,False,
2025-08-14T08:00:00.000Z,Japan,Kansai,JP-KN,306.0,369.0,,24.0,,False,
2025-08-14T09:00:00.000Z,Japan,Kansai,JP-KN,323.0,387.0,,20.0,,False,
2025-08-14T10:00:00.000Z,Japan,Kansai,JP-KN,328.0,391.0,,20.0,,False,
2025-08-14T11:00:00.000Z,Japan,Kansai,JP-KN,328.0,391.0,,19.0,,False,
2025-08-14T12:00:00.000Z,Japan,Kansai,JP-KN,332.0,395.0,,17.0,,False,
2025-08-14T13:00:00.000Z,Japan,Kansai,JP-KN,333.0,394.0,,16.0,,False,
2025-08-14T14:00:00.000Z,Japan,Kansai,JP-KN,329.0,388.0,,16.0,,False,
2025-08-14T15:00:00.000Z,Japan,Kansai,JP-KN,326.0,382.0,,16.0,,False,
2025-08-14T16:00:00.000Z,Japan,Kansai,JP-KN,325.0,380.0,,16.0,,False,
2025-08-14T17:00:00.000Z,Japan,Kansai,JP-KN,324.0,380.0,,16.0,,False,
2025-08-14T18:00:00.000Z,Japan,Kansai,JP-KN,325.0,380.0,,16.0,,False,
2025-08-14T19:00:00.000Z,Japan,Kansai,JP-KN,337.0,392.0,,16.0,,False,
2025-08-14T20:00:00.000Z,Japan,Kansai,JP-KN,337.0,390.0,,17.0,,False,
2025-08-14T21:00:00.000Z,Japan,Kansai,JP-KN,318.0,371.0,,20.0,,False,
2025-08-14T22:00:00.000Z,Japan,Kansai,JP-KN,289.0,342.0,,27.0,,False,
2025-08-14T23:00:00.000Z,Japan,Kansai,JP-KN,261.0,313.0,,32.0,,False,
2025-08-15T00:00:00.000Z,Japan,Kansai,JP-KN,237.0,290.0,,38.0,,False,
2025-08-15T01:00:00.000Z,Japan,Kansai,JP-KN,215.0,267.0,,42.0,,False,
2025-08-15T02:00:00.000Z,Japan,Kansai,JP-KN,208.0,260.0,,43.0,,False,
2025-08-15T03:00:00.000Z,Japan,Kansai,JP-KN,212.0,265.0,,42.0,,False,
2025-08-15T04:00:00.000Z,Japan,Kansai,JP-KN,225.0,278.0,,40.0,,False,
2025-08-15T05:00:00.000Z,Japan,Kansai,JP-KN,234.0,287.0,,39.0,,False,
2025-08-15T06:00:00.000Z,Japan,Kansai,JP-KN,262.0,317.0,,35.0,,False,
2025-08-15T07:00:00.000Z,Japan,Kansai,JP-KN,299.0,356.0,,29.0,,False,
2025-08-15T08:00:00.000Z,Japan,Kansai,JP-KN,320.0,379.0,,24.0,,False,
2025-08-15T09:00:00.000Z,Japan,Kansai,JP-KN,312.0,369.0,,25.0,,False,
2025-08-15T10:00:00.000Z,Japan,Kansai,JP-KN,315.0,370.0,,26.0,,False,
2025-08-15T11:00:00.000Z,Japan,Kansai,JP-KN,326.0,381.0,,24.0,,False,
2025-08-15T12:00:00.000Z,Japan,Kansai,JP-KN,339.0,395.0,,21.0,,False,
2025-08-15T13:00:00.000Z,Japan,Kansai,JP-KN,337.0,394.0,,19.0,,False,
2025-08-15T14:00:00.000Z,Japan,Kansai,JP-KN,330.0,385.0,,19.0,,False,
2025-08-15T15:00:00.000Z,Japan,Kansai,JP-KN,340.0,394.0,,16.0,,False,
2025-08-15T16:00:00.000Z,Japan,Kansai,JP-KN,339.0,393.0,,15.0,,False,
2025-08-15T17:00:00.000Z,Japan,Kansai,JP-KN,332.0,386.0,,16.0,,False,
2025-08-15T18:00:00.000Z,Japan,Kansai,JP-KN,332.0,386.0,,16.0,,False,
2025-08-15T19:00:00.000Z,Japan,Kansai,JP-KN,332.0,386.0,,16.0,,False,
2025-08-15T20:00:00.000Z,Japan,Kansai,JP-KN,332.0,386.0,,16.0,,False,
2025-08-15T21:00:00.000Z,Japan,Kansai,JP-KN,318.0,371.0,,18.0,,False,
2025-08-15T22:00:00.000Z,Japan,Kansai,JP-KN,280.0,332.0,,26.0,,False,
2025-08-15T23:00:00.000Z,Japan,Kansai,JP-KN,250.0,302.0,,33.0,,False,
2025-08-16T00:00:00.000Z,Japan,Kansai,JP-KN,233.0,285.0,,39.0,,False,
2025-08-16T01:00:00.000Z,Japan,Kansai,JP-KN,220.0,270.0,,42.0,,False,
2025-08-16T02:00:00.000Z,Japan,Kansai,JP-KN,224.0,275.0,,43.0,,False,
2025-08-16T03:00:00.000Z,Japan,Kansai,JP-KN,227.0,278.0,,42.0,,False,
2025-08-16T04:00:00.000Z,Japan,Kansai,JP-KN,237.0,289.0,,41.0,,False,
2025-08-16T05:00:00.000Z,Japan,Kansai,JP-KN,253.0,306.0,,38.0,,False,
2025-08-16T06:00:00.000Z,Japan,Kansai,JP-KN,282.0,337.0,,33.0,,False,
2025-08-16T07:00:00.000Z,Japan,Kansai,JP-KN,309.0,366.0,,28.0,,False,
2025-08-16T08:00:00.000Z,Japan,Kansai,JP-KN,319.0,376.0,,25.0,,False,
2025-08-16T09:00:00.000Z,Japan,Kansai,JP-KN,332.0,391.0,,21.0,,False,
2025-08-16T10:00:00.000Z,Japan,Kansai,JP-KN,338.0,397.0,,21.0,,False,
2025-08-16T11:00:00.000Z,Japan,Kansai,JP-KN,346.0,406.0,,18.0,,False,
2025-08-16T12:00:00.000Z,Japan,Kansai,JP-KN,355.0,415.0,,16.0,,False,
2025-08-16T13:00:00.000Z,Japan,Kansai,JP-KN,357.0,416.0,,15.0,,False,
2025-08-16T14:00:00.000Z,Japan,Kansai,JP-KN,354.0,409.0,,15.0,,False,
2025-08-16T15:00:00.000Z,Japan,Kansai,JP-KN,342.0,396.0,,15.0,,False,
2025-08-16T16:00:00.000Z,Japan,Kansai,JP-KN,339.0,393.0,,14.0,,False,
2025-08-16T17:00:00.000Z,Japan,Kansai,JP-KN,339.0,394.0,,14.0,,False,
2025-08-16T18:00:00.000Z,Japan,Kansai,JP-KN,340.0,394.0,,14.0,,False,
2025-08-16T19:00:00.000Z,Japan,Kansai,JP-KN,343.0,397.0,,14.0,,False,
2025-08-16T20:00:00.000Z,Japan,Kansai,JP-KN,337.0,390.0,,15.0,,False,
2025-08-16T21:00:00.000Z,Japan,Kansai,JP-KN,323.0,377.0,,17.0,,False,
2025-08-16T22:00:00.000Z,Japan,Kansai,JP-KN,299.0,352.0,,23.0,,False,
2025-08-16T23:00:00.000Z,Japan,Kansai,JP-KN,267.0,318.0,,30.0,,False,
2025-08-17T00:00:00.000Z,Japan,Kansai,JP-KN,250.0,300.0,,34.0,,False,
2025-08-17T01:00:00.000Z,Japan,Kansai,JP-KN,212.0,262.0,,39.0,,False,
2025-08-17T02:00:00.000Z,Japan,Kansai,JP-KN,200.0,249.0,,42.0,,False,
2025-08-17T03:00:00.000Z,Japan,Kansai,JP-KN,206.0,256.0,,42.0,,False,
2025-08-17T04:00:00.000Z,Japan,Kansai,JP-KN,219.0,270.0,,40.0,,False,
2025-08-17T05:00:00.000Z,Japan,Kansai,JP-KN,239.0,291.0,,37.0,,False,
2025-08-17T06:00:00.000Z,Japan,Kansai,JP-KN,265.0,319.0,,32.0,,False,
2025-08-17T07:00:00.000Z,Japan,Kansai,JP-KN,306.0,364.0,,25.0,,False,
2025-08-17T08:00:00.000Z,Japan,Kansai,JP-KN,326.0,385.0,,21.0,,False,
2025-08-17T09:00:00.000Z,Japan,Kansai,JP-KN,334.0,395.0,,19.0,,False,
2025-08-17T10:00:00.000Z,Japan,Kansai,JP-KN,339.0,400.0,,17.0,,False,
2025-08-17T11:00:00.000Z,Japan,Kansai,JP-KN,337.0,395.0,,18.0,,False,
2025-08-17T12:00:00.000Z,Japan,Kansai,JP-KN,338.0,395.0,,17.0,,False,
2025-08-17T13:00:00.000Z,Japan,Kansai,JP-KN,340.0,396.0,,16.0,,False,
2025-08-17T14:00:00.000Z,Japan,Kansai,JP-KN,345.0,400.0,,14.0,,False,
2025-08-17T15:00:00.000Z,Japan,Kansai,JP-KN,340.0,393.0,,13.0,,False,
2025-08-17T16:00:00.000Z,Japan,Kansai,JP-KN,335.0,388.0,,14.0,,False,
2025-08-17T17:00:00.000Z,Japan,Kansai,JP-KN,336.0,389.0,,13.0,,False,
2025-08-17T18:00:00.000Z,Japan,Kansai,JP-KN,337.0,390.0,,13.0,,False,
2025-08-17T19:00:00.000Z,Japan,Kansai,JP-KN,336.0,389.0,,13.0,,False,
2025-08-17T20:00:00.000Z,Japan,Kansai,JP-KN,336.0,390.0,,13.0,,False,
2025-08-17T21:00:00.000Z,Japan,Kansai,JP-KN,323.0,377.0,,17.0,,False,
2025-08-17T22:00:00.000Z,Japan,Kansai,JP-KN,296.0,351.0,,24.0,,False,
2025-08-17T23:00:00.000Z,Japan,Kansai,JP-KN,275.0,331.0,,30.0,,False,
2025-08-18T00:00:00.000Z,Japan,Kansai,JP-KN,262.0,318.0,,34.0,,False,
2025-08-18T01:00:00.000Z,Japan,Kansai,JP-KN,252.0,309.0,,36.0,,False,
2025-08-18T02:00:00.000Z,Japan,Kansai,JP-KN,250.0,308.0,,36.0,,False,
2025-08-18T03:00:00.000Z,Japan,Kansai,JP-KN,250.0,309.0,,36.0,,False,
2025-08-18T04:00:00.000Z,Japan,Kansai,JP-KN,258.0,318.0,,34.0,,False,
2025-08-18T05:00:00.000Z,Japan,Kansai,JP-KN,268.0,331.0,,31.0,,False,
2025-08-18T06:00:00.000Z,Japan,Kansai,JP-KN,285.0,350.0,,27.0,,False,
2025-08-18T07:00:00.000Z,Japan,Kansai,JP-KN,305.0,370.0,,23.0,,False,
2025-08-18T08:00:00.000Z,Japan,Kansai,JP-KN,322.0,388.0,,19.0,,False,
2025-08-18T09:00:00.000Z,Japan,Kansai,JP-KN,328.0,395.0,,18.0,,False,
2025-08-18T10:00:00.000Z,Japan,Kansai,JP-KN,337.0,404.0,,16.0,,False,
2025-08-18T11:00:00.000Z,Japan,Kansai,JP-KN,341.0,408.0,,15.0,,False,
2025-08-18T12:00:00.000Z,Japan,Kansai,JP-KN,343.0,409.0,,13.0,,False,
2025-08-18T13:00:00.000Z,Japan,Kansai,JP-KN,341.0,406.0,,12.0,,False,
2025-08-18T14:00:00.000Z,Japan,Kansai,JP-KN,334.0,397.0,,13.0,,False,
2025-08-18T15:00:00.000Z,Japan,Kansai,JP-KN,337.0,396.0,,13.0,,False,
2025-08-18T16:00:00.000Z,Japan,Kansai,JP-KN,349.0,405.0,,12.0,,False,
2025-08-18T17:00:00.000Z,Japan,Kansai,JP-KN,347.0,403.0,,12.0,,False,
2025-08-18T18:00:00.000Z,Japan,Kansai,JP-KN,344.0,400.0,,12.0,,False,
2025-08-18T19:00:00.000Z,Japan,Kansai,JP-KN,340.0,395.0,,12.0,,False,
2025-08-18T20:00:00.000Z,Japan,Kansai,JP-KN,335.0,389.0,,13.0,,False,
2025-08-18T21:00:00.000Z,Japan,Kansai,JP-KN,326.0,380.0,,16.0,,False,
2025-08-18T22:00:00.000Z,Japan,Kansai,JP-KN,301.0,357.0,,22.0,,False,
2025-08-18T23:00:00.000Z,Japan,Kansai,JP-KN,279.0,338.0,,28.0,,False,
2025-08-19T00:00:00.000Z,Japan,Kansai,JP-KN,259.0,316.0,,32.0,,False,
2025-08-19T01:00:00.000Z,Japan,Kansai,JP-KN,252.0,308.0,,34.0,,False,
2025-08-19T02:00:00.000Z,Japan,Kansai,JP-KN,250.0,307.0,,35.0,,False,
2025-08-19T03:00:00.000Z,Japan,Kansai,JP-KN,250.0,307.0,,35.0,,False,
2025-08-19T04:00:00.000Z,Japan,Kansai,JP-KN,256.0,315.0,,33.0,,False,
2025-08-19T05:00:00.000Z,Japan,Kansai,JP-KN,268.0,329.0,,30.0,,False,
2025-08-19T06:00:00.000Z,Japan,Kansai,JP-KN,281.0,344.0,,27.0,,False,
2025-08-19T07:00:00.000Z,Japan,Kansai,JP-KN,295.0,358.0,,25.0,,False,
2025-08-19T08:00:00.000Z,Japan,Kansai,JP-KN,317.0,382.0,,20.0,,False,
2025-08-19T09:00:00.000Z,Japan,Kansai,JP-KN,322.0,388.0,,18.0,,False,
2025-08-19T10:00:00.000Z,Japan,Kansai,JP-KN,328.0,393.0,,17.0,,False,
2025-08-19T11:00:00.000Z,Japan,Kansai,JP-KN,334.0,399.0,,14.0,,False,
2025-08-19T12:00:00.000Z,Japan,Kansai,JP-KN,336.0,401.0,,13.0,,False,
2025-08-19T13:00:00.000Z,Japan,Kansai,JP-KN,339.0,404.0,,12.0,,False,
2025-08-19T14:00:00.000Z,Japan,Kansai,JP-KN,336.0,398.0,,11.0,,False,
2025-08-19T15:00:00.000Z,Japan,Kansai,JP-KN,347.0,406.0,,11.0,,False,
2025-08-19T16:00:00.000Z,Japan,Kansai,JP-KN,347.0,405.0,,11.0,,False,
2025-08-19T17:00:00.000Z,Japan,Kansai,JP-KN,346.0,404.0,,11.0,,False,
2025-08-19T18:00:00.000Z,Japan,Kansai,JP-KN,344.0,402.0,,10.0,,False,
2025-08-19T19:00:00.000Z,Japan,Kansai,JP-KN,341.0,399.0,,11.0,,False,
2025-08-19T20:00:00.000Z,Japan,Kansai,JP-KN,339.0,397.0,,11.0,,False,
2025-08-19T21:00:00.000Z,Japan,Kansai,JP-KN,327.0,384.0,,15.0,,False,
2025-08-19T22:00:00.000Z,Japan,Kansai,JP-KN,305.0,362.0,,22.0,,False,
2025-08-19T23:00:00.000Z,Japan,Kansai,JP-KN,279.0,338.0,,28.0,,False,
2025-08-20T00:00:00.000Z,Japan,Kansai,JP-KN,268.0,327.0,,31.0,,False,
2025-08-20T01:00:00.000Z,Japan,Kansai,JP-KN,259.0,318.0,,33.0,,False,
2025-08-20T02:00:00.000Z,Japan,Kansai,JP-KN,256.0,314.0,,34.0,,False,
2025-08-20T03:00:00.000Z,Japan,Kansai,JP-KN,257.0,316.0,,34.0,,False,
2025-08-20T04:00:00.000Z,Japan,Kansai,JP-KN,264.0,327.0,,32.0,,False,
2025-08-20T05:00:00.000Z,Japan,Kansai,JP-KN,272.0,336.0,,30.0,,False,
2025-08-20T06:00:00.000Z,Japan,Kansai,JP-KN,284.0,351.0,,27.0,,False,
2025-08-20T07:00:00.000Z,Japan,Kansai,JP-KN,292.0,361.0,,26.0,,False,
2025-08-20T08:00:00.000Z,Japan,Kansai,JP-KN,314.0,383.0,,20.0,,False,
2025-08-20T09:00:00.000Z,Japan,Kansai,JP-KN,321.0,389.0,,19.0,,False,
2025-08-20T10:00:00.000Z,Japan,Kansai,JP-KN,331.0,399.0,,16.0,,False,
2025-08-20T11:00:00.000Z,Japan,Kansai,JP-KN,341.0,410.0,,13.0,,False,
2025-08-20T12:00:00.000Z,Japan,Kansai,JP-KN,344.0,413.0,,12.0,,False,
2025-08-20T13:00:00.000Z,Japan,Kansai,JP-KN,347.0,414.0,,11.0,,False,
2025-08-20T14:00:00.000Z,Japan,Kansai,JP-KN,345.0,409.0,,11.0,,False,
2025-08-20T15:00:00.000Z,Japan,Kansai,JP-KN,348.0,407.0,,12.0,,False,
2025-08-20T16:00:00.000Z,Japan,Kansai,JP-KN,354.0,410.0,,12.0,,False,
2025-08-20T17:00:00.000Z,Japan,Kansai,JP-KN,351.0,407.0,,12.0,,False,
2025-08-20T18:00:00.000Z,Japan,Kansai,JP-KN,347.0,404.0,,12.0,,False,
2025-08-20T19:00:00.000Z,Japan,Kansai,JP-KN,346.0,403.0,,12.0,,False,
2025-08-20T20:00:00.000Z,Japan,Kansai,JP-KN,344.0,401.0,,12.0,,False,
2025-08-20T21:00:00.000Z,Japan,Kansai,JP-KN,332.0,388.0,,16.0,,False,
2025-08-20T22:00:00.000Z,Japan,Kansai,JP-KN,303.0,360.0,,23.0,,False,
2025-08-20T23:00:00.000Z,Japan,Kansai,JP-KN,285.0,346.0,,27.0,,False,
2025-08-21T00:00:00.000Z,Japan,Kansai,JP-KN,270.0,332.0,,30.0,,False,
2025-08-21T01:00:00.000Z,Japan,Kansai,JP-KN,262.0,323.0,,33.0,,False,
2025-08-21T02:00:00.000Z,Japan,Kansai,JP-KN,258.0,318.0,,34.0,,False,
2025-08-21T03:00:00.000Z,Japan,Kansai,JP-KN,263.0,325.0,,32.0,,False,
2025-08-21T04:00:00.000Z,Japan,Kansai,JP-KN,269.0,334.0,,31.0,,False,
2025-08-21T05:00:00.000Z,Japan,Kansai,JP-KN,277.0,344.0,,29.0,,False,
2025-08-21T06:00:00.000Z,Japan,Kansai,JP-KN,286.0,355.0,,27.0,,False,
2025-08-21T07:00:00.000Z,Japan,Kansai,JP-KN,295.0,363.0,,25.0,,False,
2025-08-21T08:00:00.000Z,Japan,Kansai,JP-KN,314.0,381.0,,21.0,,False,
2025-08-21T09:00:00.000Z,Japan,Kansai,JP-KN,327.0,395.0,,17.0,,False,
2025-08-21T10:00:00.000Z,Japan,Kansai,JP-KN,332.0,400.0,,15.0,,False,
2025-08-21T11:00:00.000Z,Japan,Kansai,JP-KN,340.0,409.0,,13.0,,False,
2025-08-21T12:00:00.000Z,Japan,Kansai,JP-KN,347.0,416.0,,11.0,,False,
2025-08-21T13:00:00.000Z,Japan,Kansai,JP-KN,350.0,417.0,,10.0,,False,
2025-08-21T14:00:00.000Z,Japan,Kansai,JP-KN,352.0,416.0,,11.0,,False,
2025-08-21T15:00:00.000Z,Japan,Kansai,JP-KN,355.0,415.0,,10.0,,False,
2025-08-21T16:00:00.000Z,Japan,Kansai,JP-KN,351.0,409.0,,11.0,,False,
2025-08-21T17:00:00.000Z,Japan,Kansai,JP-KN,351.0,409.0,,11.0,,False,
2025-08-21T18:00:00.000Z,Japan,Kansai,JP-KN,351.0,409.0,,10.0,,False,
2025-08-21T19:00:00.000Z,Japan,Kansai,JP-KN,351.0,410.0,,10.0,,False,
2025-08-21T20:00:00.000Z,Japan,Kansai,JP-KN,348.0,407.0,,10.0,,False,
2025-08-21T21:00:00.000Z,Japan,Kansai,JP-KN,336.0,394.0,,13.0,,False,
2025-08-21T22:00:00.000Z,Japan,Kansai,JP-KN,310.0,368.0,,20.0,,False,
2025-08-21T23:00:00.000Z,Japan,Kansai,JP-KN,287.0,347.0,,26.0,,False,
2025-08-22T00:00:00.000Z,Japan,Kansai,JP-KN,273.0,333.0,,30.0,,False,
2025-08-22T01:00:00.000Z,Japan,Kansai,JP-KN,262.0,322.0,,32.0,,False,
2025-08-22T02:00:00.000Z,Japan,Kansai,JP-KN,262.0,322.0,,33.0,,False,
2025-08-22T03:00:00.000Z,Japan,Kansai,JP-KN,265.0,326.0,,32.0,,False,
2025-08-22T04:00:00.000Z,Japan,Kansai,JP-KN,266.0,330.0,,31.0,,False,
2025-08-22T05:00:00.000Z,Japan,Kansai,JP-KN,276.0,341.0,,29.0,,False,
2025-08-22T06:00:00.000Z,Japan,Kansai,JP-KN,289.0,355.0,,27.0,,False,
2025-08-22T07:00:00.000Z,Japan,Kansai,JP-KN,300.0,367.0,,24.0,,False,
2025-08-22T08:00:00.000Z,Japan,Kansai,JP-KN,317.0,384.0,,20.0,,False,
2025-08-22T09:00:00.000Z,Japan,Kansai,JP-KN,331.0,398.0,,17.0,,False,
2025-08-22T10:00:00.000Z,Japan,Kansai,JP-KN,338.0,406.0,,15.0,,False,
2025-08-22T11:00:00.000Z,Japan,Kansai,JP-KN,345.0,415.0,,12.0,,False,
2025-08-22T12:00:00.000Z,Japan,Kansai,JP-KN,350.0,419.0,,11.0,,False,
2025-08-22T13:00:00.000Z,Japan,Kansai,JP-KN,350.0,416.0,,10.0,,False,
2025-08-22T14:00:00.000Z,Japan,Kansai,JP-KN,347.0,411.0,,10.0,,False,
2025-08-22T15:00:00.000Z,Japan,Kansai,JP-KN,360.0,419.0,,10.0,,False,
2025-08-22T16:00:00.000Z,Japan,Kansai,JP-KN,358.0,415.0,,10.0,,False,
2025-08-22T17:00:00.000Z,Japan,Kansai,JP-KN,355.0,412.0,,10.0,,False,
2025-08-22T18:00:00.000Z,Japan,Kansai,JP-KN,356.0,412.0,,10.0,,False,
2025-08-22T19:00:00.000Z,Japan,Kansai,JP-KN,354.0,411.0,,10.0,,False,
2025-08-22T20:00:00.000Z,Japan,Kansai,JP-KN,353.0,410.0,,10.0,,False,
2025-08-22T21:00:00.000Z,Japan,Kansai,JP-KN,338.0,394.0,,13.0,,False,
2025-08-22T22:00:00.000Z,Japan,Kansai,JP-KN,314.0,368.0,,19.0,,False,
2025-08-22T23:00:00.000Z,Japan,Kansai,JP-KN,290.0,345.0,,26.0,,False,
2025-08-23T00:00:00.000Z,Japan,Kansai,JP-KN,279.0,333.0,,29.0,,False,
2025-08-23T01:00:00.000Z,Japan,Kansai,JP-KN,277.0,330.0,,30.0,,False,
2025-08-23T02:00:00.000Z,Japan,Kansai,JP-KN,272.0,327.0,,31.0,,False,
2025-08-23T03:00:00.000Z,Japan,Kansai,JP-KN,270.0,324.0,,32.0,,False,
2025-08-23T04:00:00.000Z,Japan,Kansai,JP-KN,273.0,327.0,,32.0,,False,
2025-08-23T05:00:00.000Z,Japan,Kansai,JP-KN,279.0,335.0,,30.0,,False,
2025-08-23T06:00:00.000Z,Japan,Kansai,JP-KN,294.0,353.0,,26.0,,False,
2025-08-23T07:00:00.000Z,Japan,Kansai,JP-KN,314.0,377.0,,22.0,,False,
2025-08-23T08:00:00.000Z,Japan,Kansai,JP-KN,333.0,397.0,,17.0,,False,
2025-08-23T09:00:00.000Z,Japan,Kansai,JP-KN,340.0,405.0,,15.0,,False,
2025-08-23T10:00:00.000Z,Japan,Kansai,JP-KN,343.0,408.0,,14.0,,False,
2025-08-23T11:00:00.000Z,Japan,Kansai,JP-KN,352.0,418.0,,12.0,,False,
2025-08-23T12:00:00.000Z,Japan,Kansai,JP-KN,352.0,417.0,,11.0,,False,
2025-08-23T13:00:00.000Z,Japan,Kansai,JP-KN,354.0,415.0,,11.0,,False,
2025-08-23T14:00:00.000Z,Japan,Kansai,JP-KN,357.0,415.0,,12.0,,False,
2025-08-23T15:00:00.000Z,Japan,Kansai,JP-KN,356.0,413.0,,11.0,,False,
2025-08-23T16:00:00.000Z,Japan,Kansai,JP-KN,356.0,412.0,,10.0,,False,
2025-08-23T17:00:00.000Z,Japan,Kansai,JP-KN,358.0,414.0,,10.0,,False,
2025-08-23T18:00:00.000Z,Japan,Kansai,JP-KN,356.0,412.0,,10.0,,False,
2025-08-23T19:00:00.000Z,Japan,Kansai,JP-KN,354.0,410.0,,10.0,,False,
2025-08-23T20:00:00.000Z,Japan,Kansai,JP-KN,355.0,410.0,,10.0,,False,
2025-08-23T21:00:00.000Z,Japan,Kansai,JP-KN,340.0,395.0,,13.0,,False,
2025-08-23T22:00:00.000Z,Japan,Kansai,JP-KN,314.0,368.0,,19.0,,False,
2025-08-23T23:00:00.000Z,Japan,Kansai,JP-KN,288.0,342.0,,25.0,,False,
2025-08-24T00:00:00.000Z,Japan,Kansai,JP-KN,269.0,322.0,,30.0,,False,
2025-08-24T01:00:00.000Z,Japan,Kansai,JP-KN,251.0,304.0,,34.0,,False,
2025-08-24T02:00:00.000Z,Japan,Kansai,JP-KN,247.0,300.0,,35.0,,False,
2025-08-24T03:00:00.000Z,Japan,Kansai,JP-KN,244.0,298.0,,36.0,,False,
2025-08-24T04:00:00.000Z,Japan,Kansai,JP-KN,254.0,307.0,,35.0,,False,
2025-08-24T05:00:00.000Z,Japan,Kansai,JP-KN,264.0,319.0,,32.0,,False,
2025-08-24T06:00:00.000Z,Japan,Kansai,JP-KN,284.0,342.0,,28.0,,False,
2025-08-24T07:00:00.000Z,Japan,Kansai,JP-KN,313.0,375.0,,21.0,,False,
2025-08-24T08:00:00.000Z,Japan,Kansai,JP-KN,326.0,391.0,,17.0,,False,
2025-08-24T09:00:00.000Z,Japan,Kansai,JP-KN,333.0,400.0,,15.0,,False,
2025-08-24T10:00:00.000Z,Japan,Kansai,JP-KN,336.0,403.0,,14.0,,False,
2025-08-24T11:00:00.000Z,Japan,Kansai,JP-KN,346.0,413.0,,12.0,,False,
2025-08-24T12:00:00.000Z,Japan,Kansai,JP-KN,348.0,415.0,,10.0,,False,
2025-08-24T13:00:00.000Z,Japan,Kansai,JP-KN,350.0,415.0,,11.0,,False,
2025-08-24T14:00:00.000Z,Japan,Kansai,JP-KN,357.0,417.0,,11.0,,False,
2025-08-24T15:00:00.000Z,Japan,Kansai,JP-KN,362.0,420.0,,10.0,,False,
2025-08-24T16:00:00.000Z,Japan,Kansai,JP-KN,362.0,420.0,,10.0,,False,
2025-08-24T17:00:00.000Z,Japan,Kansai,JP-KN,360.0,419.0,,10.0,,False,
2025-08-24T18:00:00.000Z,Japan,Kansai,JP-KN,359.0,417.0,,10.0,,False,
2025-08-24T19:00:00.000Z,Japan,Kansai,JP-KN,357.0,415.0,,10.0,,False,
2025-08-24T20:00:00.000Z,Japan,Kansai,JP-KN,356.0,414.0,,10.0,,False,
2025-08-24T21:00:00.000Z,Japan,Kansai,JP-KN,344.0,402.0,,13.0,,False,
2025-08-24T22:00:00.000Z,Japan,Kansai,JP-KN,323.0,381.0,,19.0,,False,
2025-08-24T23:00:00.000Z,Japan,Kansai,JP-KN,300.0,362.0,,24.0,,False,
2025-08-25T00:00:00.000Z,Japan,Kansai,JP-KN,287.0,350.0,,27.0,,False,
2025-08-25T01:00:00.000Z,Japan,Kansai,JP-KN,278.0,340.0,,29.0,,False,
2025-08-25T02:00:00.000Z,Japan,Kansai,JP-KN,270.0,331.0,,31.0,,False,
2025-08-25T03:00:00.000Z,Japan,Kansai,JP-KN,270.0,331.0,,32.0,,False,
2025-08-25T04:00:00.000Z,Japan,Kansai,JP-KN,272.0,335.0,,31.0,,False,
2025-08-25T05:00:00.000Z,Japan,Kansai,JP-KN,283.0,348.0,,28.0,,False,
2025-08-25T06:00:00.000Z,Japan,Kansai,JP-KN,298.0,366.0,,25.0,,False,
2025-08-25T07:00:00.000Z,Japan,Kansai,JP-KN,306.0,376.0,,23.0,,False,
2025-08-25T08:00:00.000Z,Japan,Kansai,JP-KN,322.0,392.0,,19.0,,False,
2025-08-25T09:00:00.000Z,Japan,Kansai,JP-KN,331.0,400.0,,17.0,,False,
2025-08-25T10:00:00.000Z,Japan,Kansai,JP-KN,337.0,405.0,,15.0,,False,
2025-08-25T11:00:00.000Z,Japan,Kansai,JP-KN,344.0,413.0,,13.0,,False,
2025-08-25T12:00:00.000Z,Japan,Kansai,JP-KN,347.0,417.0,,12.0,,False,
2025-08-25T13:00:00.000Z,Japan,Kansai,JP-KN,347.0,414.0,,11.0,,False,
2025-08-25T14:00:00.000Z,Japan,Kansai,JP-KN,349.0,413.0,,11.0,,False,
2025-08-25T15:00:00.000Z,Japan,Kansai,JP-KN,354.0,414.0,,12.0,,False,
2025-08-25T16:00:00.000Z,Japan,Kansai,JP-KN,357.0,416.0,,12.0,,False,
2025-08-25T17:00:00.000Z,Japan,Kansai,JP-KN,359.0,418.0,,12.0,,False,
2025-08-25T18:00:00.000Z,Japan,Kansai,JP-KN,358.0,417.0,,12.0,,False,
2025-08-25T19:00:00.000Z,Japan,Kansai,JP-KN,358.0,417.0,,12.0,,False,
2025-08-25T20:00:00.000Z,Japan,Kansai,JP-KN,360.0,418.0,,12.0,,False,
2025-08-25T21:00:00.000Z,Japan,Kansai,JP-KN,347.0,406.0,,15.0,,False,
2025-08-25T22:00:00.000Z,Japan,Kansai,JP-KN,321.0,380.0,,20.0,,False,
2025-08-25T23:00:00.000Z,Japan,Kansai,JP-KN,299.0,360.0,,25.0,,False,
2025-08-26T00:00:00.000Z,Japan,Kansai,JP-KN,284.0,347.0,,28.0,,False,
2025-08-26T01:00:00.000Z,Japan,Kansai,JP-KN,275.0,337.0,,30.0,,False,
2025-08-26T02:00:00.000Z,Japan,Kansai,JP-KN,271.0,332.0,,31.0,,False,
2025-08-26T03:00:00.000Z,Japan,Kansai,JP-KN,266.0,326.0,,33.0,,False,
2025-08-26T04:00:00.000Z,Japan,Kansai,JP-KN,269.0,331.0,,32.0,,False,
2025-08-26T05:00:00.000Z,Japan,Kansai,JP-KN,279.0,343.0,,29.0,,False,
2025-08-26T06:00:00.000Z,Japan,Kansai,JP-KN,291.0,357.0,,27.0,,False,
2025-08-26T07:00:00.000Z,Japan,Kansai,JP-KN,309.0,379.0,,22.0,,False,
2025-08-26T08:00:00.000Z,Japan,Kansai,JP-KN,330.0,400.0,,18.0,,False,
2025-08-26T09:00:00.000Z,Japan,Kansai,JP-KN,336.0,406.0,,16.0,,False,
2025-08-26T10:00:00.000Z,Japan,Kansai,JP-KN,338.0,406.0,,15.0,,False,
2025-08-26T11:00:00.000Z,Japan,Kansai,JP-KN,344.0,413.0,,13.0,,False,
2025-08-26T12:00:00.000Z,Japan,Kansai,JP-KN,348.0,417.0,,11.0,,False,
2025-08-26T13:00:00.000Z,Japan,Kansai,JP-KN,349.0,416.0,,10.0,,False,
2025-08-26T14:00:00.000Z,Japan,Kansai,JP-KN,351.0,415.0,,11.0,,False,
2025-08-26T15:00:00.000Z,Japan,Kansai,JP-KN,355.0,414.0,,11.0,,False,
2025-08-26T16:00:00.000Z,Japan,Kansai,JP-KN,356.0,414.0,,11.0,,False,
2025-08-26T17:00:00.000Z,Japan,Kansai,JP-KN,356.0,413.0,,11.0,,False,
2025-08-26T18:00:00.000Z,Japan,Kansai,JP-KN,352.0,410.0,,11.0,,False,
2025-08-26T19:00:00.000Z,Japan,Kansai,JP-KN,351.0,409.0,,11.0,,False,
2025-08-26T20:00:00.000Z,Japan,Kansai,JP-KN,355.0,413.0,,11.0,,False,
2025-08-26T21:00:00.000Z,Japan,Kansai,JP-KN,342.0,400.0,,14.0,,False,
2025-08-26T22:00:00.000Z,Japan,Kansai,JP-KN,316.0,375.0,,18.0,,False,
2025-08-26T23:00:00.000Z,Japan,Kansai,JP-KN,301.0,364.0,,23.0,,False,
2025-08-27T00:00:00.000Z,Japan,Kansai,JP-KN,291.0,354.0,,25.0,,False,
2025-08-27T01:00:00.000Z,Japan,Kansai,JP-KN,282.0,345.0,,29.0,,False,
2025-08-27T02:00:00.000Z,Japan,Kansai,JP-KN,275.0,337.0,,30.0,,False,
2025-08-27T03:00:00.000Z,Japan,Kansai,JP-KN,272.0,333.0,,31.0,,False,
2025-08-27T04:00:00.000Z,Japan,Kansai,JP-KN,279.0,343.0,,29.0,,False,
2025-08-27T05:00:00.000Z,Japan,Kansai,JP-KN,291.0,356.0,,27.0,,False,
2025-08-27T06:00:00.000Z,Japan,Kansai,JP-KN,309.0,375.0,,23.0,,False,
2025-08-27T07:00:00.000Z,Japan,Kansai,JP-KN,318.0,385.0,,21.0,,False,
2025-08-27T08:00:00.000Z,Japan,Kansai,JP-KN,332.0,400.0,,17.0,,False,
2025-08-27T09:00:00.000Z,Japan,Kansai,JP-KN,340.0,409.0,,15.0,,False,
2025-08-27T10:00:00.000Z,Japan,Kansai,JP-KN,344.0,412.0,,14.0,,False,
2025-08-27T11:00:00.000Z,Japan,Kansai,JP-KN,347.0,416.0,,12.0,,False,
2025-08-27T12:00:00.000Z,Japan,Kansai,JP-KN,350.0,419.0,,11.0,,False,
2025-08-27T13:00:00.000Z,Japan,Kansai,JP-KN,354.0,419.0,,11.0,,False,
2025-08-27T14:00:00.000Z,Japan,Kansai,JP-KN,356.0,417.0,,11.0,,False,
2025-08-27T15:00:00.000Z,Japan,Kansai,JP-KN,361.0,420.0,,10.0,,False,
2025-08-27T16:00:00.000Z,Japan,Kansai,JP-KN,362.0,419.0,,10.0,,False,
2025-08-27T17:00:00.000Z,Japan,Kansai,JP-KN,360.0,417.0,,10.0,,False,
2025-08-27T18:00:00.000Z,Japan,Kansai,JP-KN,358.0,415.0,,10.0,,False,
2025-08-27T19:00:00.000Z,Japan,Kansai,JP-KN,354.0,410.0,,11.0,,False,
2025-08-27T20:00:00.000Z,Japan,Kansai,JP-KN,356.0,412.0,,11.0,,False,
2025-08-27T21:00:00.000Z,Japan,Kansai,JP-KN,344.0,401.0,,13.0,,False,
2025-08-27T22:00:00.000Z,Japan,Kansai,JP-KN,319.0,376.0,,20.0,,False,
2025-08-27T23:00:00.000Z,Japan,Kansai,JP-KN,295.0,354.0,,27.0,,False,
2025-08-28T00:00:00.000Z,Japan,Kansai,JP-KN,274.0,332.0,,31.0,,False,
2025-08-28T01:00:00.000Z,Japan,Kansai,JP-KN,265.0,325.0,,32.0,,False,
2025-08-28T02:00:00.000Z,Japan,Kansai,JP-KN,270.0,330.0,,32.0,,False,
2025-08-28T03:00:00.000Z,Japan,Kansai,JP-KN,271.0,331.0,,31.0,,False,
2025-08-28T04:00:00.000Z,Japan,Kansai,JP-KN,275.0,337.0,,30.0,,False,
2025-08-28T05:00:00.000Z,Japan,Kansai,JP-KN,279.0,342.0,,29.0,,False,
2025-08-28T06:00:00.000Z,Japan,Kansai,JP-KN,294.0,358.0,,26.0,,False,
2025-08-28T07:00:00.000Z,Japan,Kansai,JP-KN,310.0,376.0,,22.0,,False,
2025-08-28T08:00:00.000Z,Japan,Kansai,JP-KN,327.0,394.0,,18.0,,False,
2025-08-28T09:00:00.000Z,Japan,Kansai,JP-KN,338.0,405.0,,16.0,,False,
2025-08-28T10:00:00.000Z,Japan,Kansai,JP-KN,336.0,403.0,,15.0,,False,
2025-08-28T11:00:00.000Z,Japan,Kansai,JP-KN,342.0,410.0,,13.0,,False,
2025-08-28T12:00:00.000Z,Japan,Kansai,JP-KN,344.0,411.0,,12.0,,False,
2025-08-28T13:00:00.000Z,Japan,Kansai,JP-KN,342.0,406.0,,13.0,,False,
2025-08-28T14:00:00.000Z,Japan,Kansai,JP-KN,350.0,411.0,,12.0,,False,
2025-08-28T15:00:00.000Z,Japan,Kansai,JP-KN,360.0,420.0,,10.0,,False,
2025-08-28T16:00:00.000Z,Japan,Kansai,JP-KN,362.0,421.0,,10.0,,False,
2025-08-28T17:00:00.000Z,Japan,Kansai,JP-KN,361.0,420.0,,10.0,,False,
2025-08-28T18:00:00.000Z,Japan,Kansai,JP-KN,361.0,420.0,,10.0,,False,
2025-08-28T19:00:00.000Z,Japan,Kansai,JP-KN,362.0,420.0,,10.0,,False,
2025-08-28T20:00:00.000Z,Japan,Kansai,JP-KN,361.0,418.0,,10.0,,False,
2025-08-28T21:00:00.000Z,Japan,Kansai,JP-KN,344.0,401.0,,13.0,,False,
2025-08-28T22:00:00.000Z,Japan,Kansai,JP-KN,317.0,375.0,,21.0,,False,
2025-08-28T23:00:00.000Z,Japan,Kansai,JP-KN,293.0,352.0,,27.0,,False,
2025-08-29T00:00:00.000Z,Japan,Kansai,JP-KN,275.0,334.0,,30.0,,False,
2025-08-29T01:00:00.000Z,Japan,Kansai,JP-KN,265.0,323.0,,33.0,,False,
2025-08-29T02:00:00.000Z,Japan,Kansai,JP-KN,261.0,319.0,,34.0,,False,
2025-08-29T03:00:00.000Z,Japan,Kansai,JP-KN,259.0,318.0,,34.0,,False,
2025-08-29T04:00:00.000Z,Japan,Kansai,JP-KN,264.0,325.0,,32.0,,False,
2025-08-29T05:00:00.000Z,Japan,Kansai,JP-KN,272.0,334.0,,31.0,,False,
2025-08-29T06:00:00.000Z,Japan,Kansai,JP-KN,287.0,352.0,,27.0,,False,
2025-08-29T07:00:00.000Z,Japan,Kansai,JP-KN,300.0,366.0,,24.0,,False,
2025-08-29T08:00:00.000Z,Japan,Kansai,JP-KN,321.0,388.0,,19.0,,False,
2025-08-29T09:00:00.000Z,Japan,Kansai,JP-KN,333.0,401.0,,16.0,,False,
2025-08-29T10:00:00.000Z,Japan,Kansai,JP-KN,335.0,403.0,,15.0,,False,
2025-08-29T11:00:00.000Z,Japan,Kansai,JP-KN,343.0,413.0,,12.0,,False,
2025-08-29T12:00:00.000Z,Japan,Kansai,JP-KN,343.0,412.0,,11.0,,False,
2025-08-29T13:00:00.000Z,Japan,Kansai,JP-KN,344.0,411.0,,11.0,,False,
2025-08-29T14:00:00.000Z,Japan,Kansai,JP-KN,348.0,412.0,,11.0,,False,
2025-08-29T15:00:00.000Z,Japan,Kansai,JP-KN,355.0,413.0,,11.0,,False,
2025-08-29T16:00:00.000Z,Japan,Kansai,JP-KN,352.0,408.0,,11.0,,False,
2025-08-29T17:00:00.000Z,Japan,Kansai,JP-KN,352.0,407.0,,11.0,,False,
2025-08-29T18:00:00.000Z,Japan,Kansai,JP-KN,355.0,411.0,,11.0,,False,
2025-08-29T19:00:00.000Z,Japan,Kansai,JP-KN,351.0,407.0,,11.0,,False,
2025-08-29T20:00:00.000Z,Japan,Kansai,JP-KN,348.0,402.0,,11.0,,False,
2025-08-29T21:00:00.000Z,Japan,Kansai,JP-KN,329.0,382.0,,14.0,,False,
2025-08-29T22:00:00.000Z,Japan,Kansai,JP-KN,296.0,348.0,,23.0,,False,
2025-08-29T23:00:00.000Z,Japan,Kansai,JP-KN,273.0,326.0,,30.0,,False,
2025-08-30T00:00:00.000Z,Japan,Kansai,JP-KN,255.0,307.0,,35.0,,False,
2025-08-30T01:00:00.000Z,Japan,Kansai,JP-KN,243.0,295.0,,37.0,,False,
2025-08-30T02:00:00.000Z,Japan,Kansai,JP-KN,242.0,297.0,,38.0,,False,
2025-08-30T03:00:00.000Z,Japan,Kansai,JP-KN,237.0,291.0,,38.0,,False,
2025-08-30T04:00:00.000Z,Japan,Kansai,JP-KN,242.0,298.0,,36.0,,False,
2025-08-30T05:00:00.000Z,Japan,Kansai,JP-KN,252.0,308.0,,35.0,,False,
2025-08-30T06:00:00.000Z,Japan,Kansai,JP-KN,278.0,337.0,,29.0,,False,
2025-08-30T07:00:00.000Z,Japan,Kansai,JP-KN,308.0,373.0,,22.0,,False,
2025-08-30T08:00:00.000Z,Japan,Kansai,JP-KN,329.0,396.0,,16.0,,False,
2025-08-30T09:00:00.000Z,Japan,Kansai,JP-KN,340.0,407.0,,15.0,,False,
2025-08-30T10:00:00.000Z,Japan,Kansai,JP-KN,343.0,409.0,,15.0,,False,
2025-08-30T11:00:00.000Z,Japan,Kansai,JP-KN,348.0,414.0,,13.0,,False,
2025-08-30T12:00:00.000Z,Japan,Kansai,JP-KN,350.0,417.0,,11.0,,False,
2025-08-30T13:00:00.000Z,Japan,Kansai,JP-KN,352.0,416.0,,11.0,,False,
2025-08-30T14:00:00.000Z,Japan,Kansai,JP-KN,357.0,418.0,,11.0,,False,
2025-08-30T15:00:00.000Z,Japan,Kansai,JP-KN,358.0,414.0,,12.0,,False,
2025-08-30T16:00:00.000Z,Japan,Kansai,JP-KN,353.0,408.0,,11.0,,False,
2025-08-30T17:00:00.000Z,Japan,Kansai,JP-KN,348.0,403.0,,12.0,,False,
2025-08-30T18:00:00.000Z,Japan,Kansai,JP-KN,347.0,401.0,,12.0,,False,
2025-08-30T19:00:00.000Z,Japan,Kansai,JP-KN,345.0,398.0,,12.0,,False,
2025-08-30T20:00:00.000Z,Japan,Kansai,JP-KN,347.0,400.0,,12.0,,False,
2025-08-30T21:00:00.000Z,Japan,Kansai,JP-KN,324.0,377.0,,15.0,,False,
2025-08-30T22:00:00.000Z,Japan,Kansai,JP-KN,289.0,341.0,,22.0,,False,
2025-08-30T23:00:00.000Z,Japan,Kansai,JP-KN,256.0,309.0,,30.0,,False,
2025-08-31T00:00:00.000Z,Japan,Kansai,JP-KN,236.0,289.0,,35.0,,False,
2025-08-31T01:00:00.000Z,Japan,Kansai,JP-KN,209.0,262.0,,39.0,,False,
2025-08-31T02:00:00.000Z,Japan,Kansai,JP-KN,203.0,255.0,,41.0,,False,
2025-08-31T03:00:00.000Z,Japan,Kansai,JP-KN,209.0,262.0,,41.0,,False,
2025-08-31T04:00:00.000Z,Japan,Kansai,JP-KN,229.0,282.0,,39.0,,False,
2025-08-31T05:00:00.000Z,Japan,Kansai,JP-KN,249.0,303.0,,35.0,,False,
2025-08-31T06:00:00.000Z,Japan,Kansai,JP-KN,277.0,336.0,,28.0,,False,
2025-08-31T07:00:00.000Z,Japan,Kansai,JP-KN,303.0,368.0,,21.0,,False,
2025-08-31T08:00:00.000Z,Japan,Kansai,JP-KN,321.0,388.0,,17.0,,False,
2025-08-31T09:00:00.000Z,Japan,Kansai,JP-KN,329.0,397.0,,15.0,,False,
2025-08-31T10:00:00.000Z,Japan,Kansai,JP-KN,328.0,395.0,,15.0,,False,
2025-08-31T11:00:00.000Z,Japan,Kansai,JP-KN,329.0,396.0,,14.0,,False,
2025-08-31T12:00:00.000Z,Japan,Kansai,JP-KN,331.0,399.0,,12.0,,False,
2025-08-31T13:00:00.000Z,Japan,Kansai,JP-KN,337.0,402.0,,11.0,,False,
2025-08-31T14:00:00.000Z,Japan,Kansai,JP-KN,342.0,402.0,,12.0,,False,
2025-08-31T15:00:00.000Z,Japan,Kansai,JP-KN,340.0,399.0,,12.0,,False,
2025-08-31T16:00:00.000Z,Japan,Kansai,JP-KN,339.0,396.0,,12.0,,False,
2025-08-31T17:00:00.000Z,Japan,Kansai,JP-KN,345.0,403.0,,10.0,,False,
2025-08-31T18:00:00.000Z,Japan,Kansai,JP-KN,344.0,403.0,,10.0,,False,
2025-08-31T19:00:00.000Z,Japan,Kansai,JP-KN,343.0,402.0,,10.0,,False,
2025-08-31T20:00:00.000Z,Japan,Kansai,JP-KN,346.0,405.0,,10.0,,False,
2025-08-31T21:00:00.000Z,Japan,Kansai,JP-KN,327.0,386.0,,14.0,,False,
2025-08-31T22:00:00.000Z,Japan,Kansai,JP-KN,296.0,357.0,,21.0,,False,
2025-08-31T23:00:00.000Z,Japan,Kansai,JP-KN,272.0,333.0,,28.0,,False,
2025-09-01T00:00:00.000Z,Japan,Kansai,JP-KN,252.0,313.0,,33.0,,False,
2025-09-01T01:00:00.000Z,Japan,Kansai,JP-KN,244.0,306.0,,34.0,,False,
2025-09-01T02:00:00.000Z,Japan,Kansai,JP-KN,242.0,304.0,,35.0,,False,
2025-09-01T03:00:00.000Z,Japan,Kansai,JP-KN,239.0,300.0,,36.0,,False,
2025-09-01T04:00:00.000Z,Japan,Kansai,JP-KN,250.0,315.0,,34.0,,False,
2025-09-01T05:00:00.000Z,Japan,Kansai,JP-KN,260.0,327.0,,31.0,,False,
2025-09-01T06:00:00.000Z,Japan,Kansai,JP-KN,273.0,341.0,,29.0,,False,
2025-09-01T07:00:00.000Z,Japan,Kansai,JP-KN,273.0,340.0,,29.0,,False,
2025-09-01T08:00:00.000Z,Japan,Kansai,JP-KN,285.0,353.0,,25.0,,False,
2025-09-01T09:00:00.000Z,Japan,Kansai,JP-KN,297.0,367.0,,22.0,,False,
2025-09-01T10:00:00.000Z,Japan,Kansai,JP-KN,315.0,386.0,,18.0,,False,
2025-09-01T11:00:00.000Z,Japan,Kansai,JP-KN,319.0,390.0,,16.0,,False,
2025-09-01T12:00:00.000Z,Japan,Kansai,JP-KN,329.0,403.0,,13.0,,False,
2025-09-01T13:00:00.000Z,Japan,Kansai,JP-KN,330.0,402.0,,12.0,,False,
2025-09-01T14:00:00.000Z,Japan,Kansai,JP-KN,335.0,404.0,,11.0,,False,
2025-09-01T15:00:00.000Z,Japan,Kansai,JP-KN,344.0,409.0,,10.0,,False,
2025-09-01T16:00:00.000Z,Japan,Kansai,JP-KN,344.0,409.0,,10.0,,False,
2025-09-01T17:00:00.000Z,Japan,Kansai,JP-KN,337.0,402.0,,10.0,,False,
2025-09-01T18:00:00.000Z,Japan,Kansai,JP-KN,337.0,403.0,,9.0,,False,
2025-09-01T19:00:00.000Z,Japan,Kansai,JP-KN,338.0,404.0,,9.0,,False,
2025-09-01T20:00:00.000Z,Japan,Kansai,JP-KN,341.0,406.0,,9.0,,False,
2025-09-01T21:00:00.000Z,Japan,Kansai,JP-KN,328.0,392.0,,13.0,,False,
2025-09-01T22:00:00.000Z,Japan,Kansai,JP-KN,301.0,364.0,,20.0,,False,
2025-09-01T23:00:00.000Z,Japan,Kansai,JP-KN,276.0,341.0,,27.0,,False,
2025-09-02T00:00:00.000Z,Japan,Kansai,JP-KN,260.0,324.0,,31.0,,False,
2025-09-02T01:00:00.000Z,Japan,Kansai,JP-KN,247.0,309.0,,35.0,,False,
2025-09-02T02:00:00.000Z,Japan,Kansai,JP-KN,243.0,304.0,,35.0,,False,
2025-09-02T03:00:00.000Z,Japan,Kansai,JP-KN,242.0,303.0,,36.0,,False,
2025-09-02T04:00:00.000Z,Japan,Kansai,JP-KN,251.0,316.0,,34.0,,False,
2025-09-02T05:00:00.000Z,Japan,Kansai,JP-KN,261.0,328.0,,31.0,,False,
2025-09-02T06:00:00.000Z,Japan,Kansai,JP-KN,273.0,341.0,,29.0,,False,
2025-09-02T07:00:00.000Z,Japan,Kansai,JP-KN,273.0,341.0,,28.0,,False,
2025-09-02T08:00:00.000Z,Japan,Kansai,JP-KN,299.0,369.0,,22.0,,False,
2025-09-02T09:00:00.000Z,Japan,Kansai,JP-KN,315.0,387.0,,19.0,,False,
2025-09-02T10:00:00.000Z,Japan,Kansai,JP-KN,323.0,395.0,,16.0,,False,
2025-09-02T11:00:00.000Z,Japan,Kansai,JP-KN,330.0,403.0,,14.0,,False,
2025-09-02T12:00:00.000Z,Japan,Kansai,JP-KN,331.0,405.0,,12.0,,False,
2025-09-02T13:00:00.000Z,Japan,Kansai,JP-KN,332.0,405.0,,11.0,,False,
2025-09-02T14:00:00.000Z,Japan,Kansai,JP-KN,333.0,403.0,,10.0,,False,
2025-09-02T15:00:00.000Z,Japan,Kansai,JP-KN,341.0,408.0,,10.0,,False,
2025-09-02T16:00:00.000Z,Japan,Kansai,JP-KN,345.0,413.0,,9.0,,False,
2025-09-02T17:00:00.000Z,Japan,Kansai,JP-KN,348.0,415.0,,9.0,,False,
2025-09-02T18:00:00.000Z,Japan,Kansai,JP-KN,350.0,416.0,,9.0,,False,
2025-09-02T19:00:00.000Z,Japan,Kansai,JP-KN,347.0,414.0,,9.0,,False,
2025-09-02T20:00:00.000Z,Japan,Kansai,JP-KN,346.0,411.0,,9.0,,False,
2025-09-02T21:00:00.000Z,Japan,Kansai,JP-KN,330.0,393.0,,13.0,,False,
2025-09-02T22:00:00.000Z,Japan,Kansai,JP-KN,300.0,362.0,,21.0,,False,
2025-09-02T23:00:00.000Z,Japan,Kansai,JP-KN,273.0,337.0,,28.0,,False,
2025-09-03T00:00:00.000Z,Japan,Kansai,JP-KN,251.0,313.0,,33.0,,False,
2025-09-03T01:00:00.000Z,Japan,Kansai,JP-KN,244.0,306.0,,34.0,,False,
2025-09-03T02:00:00.000Z,Japan,Kansai,JP-KN,248.0,311.0,,33.0,,False,
2025-09-03T03:00:00.000Z,Japan,Kansai,JP-KN,259.0,323.0,,31.0,,False,
2025-09-03T04:00:00.000Z,Japan,Kansai,JP-KN,273.0,340.0,,28.0,,False,
2025-09-03T05:00:00.000Z,Japan,Kansai,JP-KN,280.0,348.0,,27.0,,False,
2025-09-03T06:00:00.000Z,Japan,Kansai,JP-KN,287.0,352.0,,26.0,,False,
2025-09-03T07:00:00.000Z,Japan,Kansai,JP-KN,285.0,350.0,,26.0,,False,
2025-09-03T08:00:00.000Z,Japan,Kansai,JP-KN,300.0,365.0,,23.0,,False,
2025-09-03T09:00:00.000Z,Japan,Kansai,JP-KN,309.0,375.0,,21.0,,False,
2025-09-03T10:00:00.000Z,Japan,Kansai,JP-KN,315.0,381.0,,19.0,,False,
2025-09-03T11:00:00.000Z,Japan,Kansai,JP-KN,322.0,389.0,,16.0,,False,
2025-09-03T12:00:00.000Z,Japan,Kansai,JP-KN,328.0,397.0,,13.0,,False,
2025-09-03T13:00:00.000Z,Japan,Kansai,JP-KN,329.0,396.0,,13.0,,False,
2025-09-03T14:00:00.000Z,Japan,Kansai,JP-KN,340.0,404.0,,11.0,,False,
2025-09-03T15:00:00.000Z,Japan,Kansai,JP-KN,346.0,407.0,,10.0,,False,
2025-09-03T16:00:00.000Z,Japan,Kansai,JP-KN,345.0,402.0,,11.0,,False,
2025-09-03T17:00:00.000Z,Japan,Kansai,JP-KN,350.0,409.0,,10.0,,False,
2025-09-03T18:00:00.000Z,Japan,Kansai,JP-KN,352.0,411.0,,10.0,,False,
2025-09-03T19:00:00.000Z,Japan,Kansai,JP-KN,350.0,409.0,,10.0,,False,
2025-09-03T20:00:00.000Z,Japan,Kansai,JP-KN,351.0,410.0,,10.0,,False,
2025-09-03T21:00:00.000Z,Japan,Kansai,JP-KN,331.0,389.0,,13.0,,False,
2025-09-03T22:00:00.000Z,Japan,Kansai,JP-KN,316.0,378.0,,17.0,,False,
2025-09-03T23:00:00.000Z,Japan,Kansai,JP-KN,306.0,373.0,,19.0,,False,
2025-09-04T00:00:00.000Z,Japan,Kansai,JP-KN,304.0,373.0,,21.0,,False,
2025-09-04T01:00:00.000Z,Japan,Kansai,JP-KN,296.0,362.0,,23.0,,False,
2025-09-04T02:00:00.000Z,Japan,Kansai,JP-KN,290.0,356.0,,23.0,,False,
2025-09-04T03:00:00.000Z,Japan,Kansai,JP-KN,292.0,358.0,,22.0,,False,
2025-09-04T04:00:00.000Z,Japan,Kansai,JP-KN,301.0,370.0,,20.0,,False,
2025-09-04T05:00:00.000Z,Japan,Kansai,JP-KN,304.0,372.0,,20.0,,False,
2025-09-04T06:00:00.000Z,Japan,Kansai,JP-KN,310.0,378.0,,19.0,,False,
2025-09-04T07:00:00.000Z,Japan,Kansai,JP-KN,323.0,392.0,,18.0,,False,
2025-09-04T08:00:00.000Z,Japan,Kansai,JP-KN,326.0,395.0,,17.0,,False,
2025-09-04T09:00:00.000Z,Japan,Kansai,JP-KN,330.0,401.0,,15.0,,False,
2025-09-04T10:00:00.000Z,Japan,Kansai,JP-KN,340.0,410.0,,12.0,,False,
2025-09-04T11:00:00.000Z,Japan,Kansai,JP-KN,337.0,405.0,,12.0,,False,
2025-09-04T12:00:00.000Z,Japan,Kansai,JP-KN,336.0,402.0,,12.0,,False,
2025-09-04T13:00:00.000Z,Japan,Kansai,JP-KN,336.0,398.0,,13.0,,False,
2025-09-04T14:00:00.000Z,Japan,Kansai,JP-KN,335.0,395.0,,13.0,,False,
2025-09-04T15:00:00.000Z,Japan,Kansai,JP-KN,331.0,389.0,,13.0,,False,
2025-09-04T16:00:00.000Z,Japan,Kansai,JP-KN,326.0,382.0,,14.0,,False,
2025-09-04T17:00:00.000Z,Japan,Kansai,JP-KN,326.0,381.0,,15.0,,False,
2025-09-04T18:00:00.000Z,Japan,Kansai,JP-KN,325.0,379.0,,15.0,,False,
2025-09-04T19:00:00.000Z,Japan,Kansai,JP-KN,322.0,377.0,,15.0,,False,
2025-09-04T20:00:00.000Z,Japan,Kansai,JP-KN,323.0,378.0,,16.0,,False,
2025-09-04T21:00:00.000Z,Japan,Kansai,JP-KN,316.0,372.0,,17.0,,False,
2025-09-04T22:00:00.000Z,Japan,Kansai,JP-KN,309.0,367.0,,19.0,,False,
2025-09-04T23:00:00.000Z,Japan,Kansai,JP-KN,296.0,359.0,,22.0,,False,
2025-09-05T00:00:00.000Z,Japan,Kansai,JP-KN,279.0,343.0,,26.0,,False,
2025-09-05T01:00:00.000Z,Japan,Kansai,JP-KN,267.0,328.0,,29.0,,False,
2025-09-05T02:00:00.000Z,Japan,Kansai,JP-KN,265.0,326.0,,29.0,,False,
2025-09-05T03:00:00.000Z,Japan,Kansai,JP-KN,258.0,317.0,,32.0,,False,
2025-09-05T04:00:00.000Z,Japan,Kansai,JP-KN,264.0,324.0,,31.0,,False,
2025-09-05T05:00:00.000Z,Japan,Kansai,JP-KN,267.0,328.0,,30.0,,False,
2025-09-05T06:00:00.000Z,Japan,Kansai,JP-KN,279.0,341.0,,27.0,,False,
2025-09-05T07:00:00.000Z,Japan,Kansai,JP-KN,292.0,356.0,,23.0,,False,
2025-09-05T08:00:00.000Z,Japan,Kansai,JP-KN,306.0,369.0,,20.0,,False,
2025-09-05T09:00:00.000Z,Japan,Kansai,JP-KN,312.0,376.0,,18.0,,False,
2025-09-05T10:00:00.000Z,Japan,Kansai,JP-KN,315.0,377.0,,17.0,,False,
2025-09-05T11:00:00.000Z,Japan,Kansai,JP-KN,321.0,384.0,,16.0,,False,
2025-09-05T12:00:00.000Z,Japan,Kansai,JP-KN,321.0,382.0,,16.0,,False,
2025-09-05T13:00:00.000Z,Japan,Kansai,JP-KN,318.0,378.0,,16.0,,False,
2025-09-05T14:00:00.000Z,Japan,Kansai,JP-KN,305.0,366.0,,15.0,,False,
2025-09-05T15:00:00.000Z,Japan,Kansai,JP-KN,277.0,338.0,,16.0,,False,
2025-09-05T16:00:00.000Z,Japan,Kansai,JP-KN,278.0,335.0,,16.0,,False,
2025-09-05T17:00:00.000Z,Japan,Kansai,JP-KN,279.0,335.0,,16.0,,False,
2025-09-05T18:00:00.000Z,Japan,Kansai,JP-KN,278.0,335.0,,16.0,,False,
2025-09-05T19:00:00.000Z,Japan,Kansai,JP-KN,274.0,330.0,,16.0,,False,
2025-09-05T20:00:00.000Z,Japan,Kansai,JP-KN,273.0,330.0,,17.0,,False,
2025-09-05T21:00:00.000Z,Japan,Kansai,JP-KN,270.0,326.0,,20.0,,False,
2025-09-05T22:00:00.000Z,Japan,Kansai,JP-KN,235.0,291.0,,29.0,,False,
2025-09-05T23:00:00.000Z,Japan,Kansai,JP-KN,195.0,249.0,,38.0,,False,
2025-09-06T00:00:00.000Z,Japan,Kansai,JP-KN,173.0,226.0,,44.0,,False,
2025-09-06T01:00:00.000Z,Japan,Kansai,JP-KN,153.0,206.0,,48.0,,False,
2025-09-06T02:00:00.000Z,Japan,Kansai,JP-KN,141.0,193.0,,50.0,,False,
2025-09-06T03:00:00.000Z,Japan,Kansai,JP-KN,147.0,200.0,,49.0,,False,
2025-09-06T04:00:00.000Z,Japan,Kansai,JP-KN,163.0,216.0,,47.0,,False,
2025-09-06T05:00:00.000Z,Japan,Kansai,JP-KN,186.0,241.0,,43.0,,False,
2025-09-06T06:00:00.000Z,Japan,Kansai,JP-KN,220.0,279.0,,36.0,,False,
2025-09-06T07:00:00.000Z,Japan,Kansai,JP-KN,258.0,323.0,,27.0,,False,
2025-09-06T08:00:00.000Z,Japan,Kansai,JP-KN,280.0,348.0,,21.0,,False,
2025-09-06T09:00:00.000Z,Japan,Kansai,JP-KN,290.0,360.0,,18.0,,False,
2025-09-06T10:00:00.000Z,Japan,Kansai,JP-KN,286.0,355.0,,18.0,,False,
2025-09-06T11:00:00.000Z,Japan,Kansai,JP-KN,299.0,367.0,,16.0,,False,
2025-09-06T12:00:00.000Z,Japan,Kansai,JP-KN,309.0,378.0,,14.0,,False,
2025-09-06T13:00:00.000Z,Japan,Kansai,JP-KN,309.0,379.0,,13.0,,False,
2025-09-06T14:00:00.000Z,Japan,Kansai,JP-KN,310.0,377.0,,14.0,,False,
2025-09-06T15:00:00.000Z,Japan,Kansai,JP-KN,304.0,366.0,,15.0,,False,
2025-09-06T16:00:00.000Z,Japan,Kansai,JP-KN,307.0,367.0,,16.0,,False,
2025-09-06T17:00:00.000Z,Japan,Kansai,JP-KN,306.0,364.0,,17.0,,False,
2025-09-06T18:00:00.000Z,Japan,Kansai,JP-KN,301.0,358.0,,17.0,,False,
2025-09-06T19:00:00.000Z,Japan,Kansai,JP-KN,295.0,352.0,,16.0,,False,
2025-09-06T20:00:00.000Z,Japan,Kansai,JP-KN,290.0,346.0,,17.0,,False,
2025-09-06T21:00:00.000Z,Japan,Kansai,JP-KN,277.0,333.0,,21.0,,False,
2025-09-06T22:00:00.000Z,Japan,Kansai,JP-KN,234.0,289.0,,30.0,,False,
2025-09-06T23:00:00.000Z,Japan,Kansai,JP-KN,193.0,246.0,,38.0,,False,
2025-09-07T00:00:00.000Z,Japan,Kansai,JP-KN,178.0,230.0,,43.0,,False,
2025-09-07T01:00:00.000Z,Japan,Kansai,JP-KN,164.0,217.0,,46.0,,False,
2025-09-07T02:00:00.000Z,Japan,Kansai,JP-KN,168.0,222.0,,46.0,,False,
2025-09-07T03:00:00.000Z,Japan,Kansai,JP-KN,168.0,222.0,,45.0,,False,
2025-09-07T04:00:00.000Z,Japan,Kansai,JP-KN,174.0,228.0,,44.0,,False,
2025-09-07T05:00:00.000Z,Japan,Kansai,JP-KN,195.0,252.0,,40.0,,False,
2025-09-07T06:00:00.000Z,Japan,Kansai,JP-KN,225.0,286.0,,34.0,,False,
2025-09-07T07:00:00.000Z,Japan,Kansai,JP-KN,261.0,327.0,,26.0,,False,
2025-09-07T08:00:00.000Z,Japan,Kansai,JP-KN,285.0,354.0,,21.0,,False,
2025-09-07T09:00:00.000Z,Japan,Kansai,JP-KN,296.0,366.0,,18.0,,False,
2025-09-07T10:00:00.000Z,Japan,Kansai,JP-KN,298.0,369.0,,17.0,,False,
2025-09-07T11:00:00.000Z,Japan,Kansai,JP-KN,300.0,370.0,,16.0,,False,
2025-09-07T12:00:00.000Z,Japan,Kansai,JP-KN,306.0,377.0,,14.0,,False,
2025-09-07T13:00:00.000Z,Japan,Kansai,JP-KN,303.0,374.0,,13.0,,False,
2025-09-07T14:00:00.000Z,Japan,Kansai,JP-KN,319.0,387.0,,12.0,,False,
2025-09-07T15:00:00.000Z,Japan,Kansai,JP-KN,333.0,395.0,,12.0,,False,
2025-09-07T16:00:00.000Z,Japan,Kansai,JP-KN,339.0,400.0,,13.0,,False,
2025-09-07T17:00:00.000Z,Japan,Kansai,JP-KN,342.0,404.0,,12.0,,False,
2025-09-07T18:00:00.000Z,Japan,Kansai,JP-KN,349.0,411.0,,12.0,,False,
2025-09-07T19:00:00.000Z,Japan,Kansai,JP-KN,352.0,413.0,,12.0,,False,
2025-09-07T20:00:00.000Z,Japan,Kansai,JP-KN,346.0,406.0,,13.0,,False,
2025-09-07T21:00:00.000Z,Japan,Kansai,JP-KN,336.0,396.0,,15.0,,False,
2025-09-07T22:00:00.000Z,Japan,Kansai,JP-KN,316.0,377.0,,21.0,,False,
2025-09-07T23:00:00.000Z,Japan,Kansai,JP-KN,291.0,356.0,,26.0,,False,
2025-09-08T00:00:00.000Z,Japan,Kansai,JP-KN,280.0,346.0,,28.0,,False,
2025-09-08T01:00:00.000Z,Japan,Kansai,JP-KN,271.0,336.0,,31.0,,False,
2025-09-08T02:00:00.000Z,Japan,Kansai,JP-KN,259.0,323.0,,34.0,,False,
2025-09-08T03:00:00.000Z,Japan,Kansai,JP-KN,258.0,324.0,,33.0,,False,
2025-09-08T04:00:00.000Z,Japan,Kansai,JP-KN,271.0,339.0,,31.0,,False,
2025-09-08T05:00:00.000Z,Japan,Kansai,JP-KN,285.0,355.0,,28.0,,False,
2025-09-08T06:00:00.000Z,Japan,Kansai,JP-KN,297.0,369.0,,26.0,,False,
2025-09-08T07:00:00.000Z,Japan,Kansai,JP-KN,296.0,368.0,,26.0,,False,
2025-09-08T08:00:00.000Z,Japan,Kansai,JP-KN,310.0,383.0,,23.0,,False,
2025-09-08T09:00:00.000Z,Japan,Kansai,JP-KN,314.0,388.0,,21.0,,False,
2025-09-08T10:00:00.000Z,Japan,Kansai,JP-KN,329.0,403.0,,18.0,,False,
2025-09-08T11:00:00.000Z,Japan,Kansai,JP-KN,342.0,416.0,,15.0,,False,
2025-09-08T12:00:00.000Z,Japan,Kansai,JP-KN,342.0,414.0,,14.0,,False,
2025-09-08T13:00:00.000Z,Japan,Kansai,JP-KN,349.0,420.0,,12.0,,False,
2025-09-08T14:00:00.000Z,Japan,Kansai,JP-KN,342.0,412.0,,12.0,,False,
2025-09-08T15:00:00.000Z,Japan,Kansai,JP-KN,352.0,420.0,,11.0,,False,
2025-09-08T16:00:00.000Z,Japan,Kansai,JP-KN,355.0,423.0,,11.0,,False,
2025-09-08T17:00:00.000Z,Japan,Kansai,JP-KN,353.0,421.0,,11.0,,False,
2025-09-08T18:00:00.000Z,Japan,Kansai,JP-KN,353.0,422.0,,11.0,,False,
2025-09-08T19:00:00.000Z,Japan,Kansai,JP-KN,355.0,423.0,,11.0,,False,
2025-09-08T20:00:00.000Z,Japan,Kansai,JP-KN,352.0,420.0,,11.0,,False,
2025-09-08T21:00:00.000Z,Japan,Kansai,JP-KN,341.0,409.0,,13.0,,False,
2025-09-08T22:00:00.000Z,Japan,Kansai,JP-KN,317.0,383.0,,20.0,,False,
2025-09-08T23:00:00.000Z,Japan,Kansai,JP-KN,291.0,356.0,,27.0,,False,
2025-09-09T00:00:00.000Z,Japan,Kansai,JP-KN,267.0,330.0,,33.0,,False,
2025-09-09T01:00:00.000Z,Japan,Kansai,JP-KN,260.0,323.0,,34.0,,False,
2025-09-09T02:00:00.000Z,Japan,Kansai,JP-KN,257.0,320.0,,35.0,,False,
2025-09-09T03:00:00.000Z,Japan,Kansai,JP-KN,257.0,321.0,,35.0,,False,
2025-09-09T04:00:00.000Z,Japan,Kansai,JP-KN,266.0,333.0,,33.0,,False,
2025-09-09T05:00:00.000Z,Japan,Kansai,JP-KN,275.0,342.0,,31.0,,False,
2025-09-09T06:00:00.000Z,Japan,Kansai,JP-KN,291.0,361.0,,28.0,,False,
2025-09-09T07:00:00.000Z,Japan,Kansai,JP-KN,302.0,375.0,,26.0,,False,
2025-09-09T08:00:00.000Z,Japan,Kansai,JP-KN,311.0,384.0,,24.0,,False,
2025-09-09T09:00:00.000Z,Japan,Kansai,JP-KN,330.0,405.0,,19.0,,False,
2025-09-09T10:00:00.000Z,Japan,Kansai,JP-KN,346.0,420.0,,15.0,,False,
2025-09-09T11:00:00.000Z,Japan,Kansai,JP-KN,348.0,421.0,,15.0,,False,
2025-09-09T12:00:00.000Z,Japan,Kansai,JP-KN,353.0,425.0,,13.0,,False,
2025-09-09T13:00:00.000Z,Japan,Kansai,JP-KN,357.0,428.0,,12.0,,False,
2025-09-09T14:00:00.000Z,Japan,Kansai,JP-KN,355.0,425.0,,11.0,,False,
2025-09-09T15:00:00.000Z,Japan,Kansai,JP-KN,356.0,425.0,,10.0,,False,
2025-09-09T16:00:00.000Z,Japan,Kansai,JP-KN,359.0,429.0,,10.0,,False,
2025-09-09T17:00:00.000Z,Japan,Kansai,JP-KN,359.0,429.0,,9.0,,False,
2025-09-09T18:00:00.000Z,Japan,Kansai,JP-KN,359.0,429.0,,9.0,,False,
2025-09-09T19:00:00.000Z,Japan,Kansai,JP-KN,360.0,429.0,,9.0,,False,
2025-09-09T20:00:00.000Z,Japan,Kansai,JP-KN,357.0,427.0,,9.0,,False,
2025-09-09T21:00:00.000Z,Japan,Kansai,JP-KN,350.0,418.0,,12.0,,False,
2025-09-09T22:00:00.000Z,Japan,Kansai,JP-KN,327.0,394.0,,17.0,,False,
2025-09-09T23:00:00.000Z,Japan,Kansai,JP-KN,295.0,361.0,,24.0,,False,
2025-09-10T00:00:00.000Z,Japan,Kansai,JP-KN,276.0,342.0,,28.0,,False,
2025-09-10T01:00:00.000Z,Japan,Kansai,JP-KN,281.0,348.0,,28.0,,False,
2025-09-10T02:00:00.000Z,Japan,Kansai,JP-KN,280.0,347.0,,28.0,,False,
2025-09-10T03:00:00.000Z,Japan,Kansai,JP-KN,281.0,347.0,,29.0,,False,
2025-09-10T04:00:00.000Z,Japan,Kansai,JP-KN,283.0,349.0,,29.0,,False,
2025-09-10T05:00:00.000Z,Japan,Kansai,JP-KN,298.0,365.0,,26.0,,False,
2025-09-10T06:00:00.000Z,Japan,Kansai,JP-KN,315.0,383.0,,22.0,,False,
2025-09-10T07:00:00.000Z,Japan,Kansai,JP-KN,327.0,397.0,,20.0,,False,
2025-09-10T08:00:00.000Z,Japan,Kansai,JP-KN,332.0,401.0,,19.0,,False,
2025-09-10T09:00:00.000Z,Japan,Kansai,JP-KN,340.0,410.0,,17.0,,False,
2025-09-10T10:00:00.000Z,Japan,Kansai,JP-KN,340.0,409.0,,17.0,,False,
2025-09-10T11:00:00.000Z,Japan,Kansai,JP-KN,348.0,419.0,,14.0,,False,
2025-09-10T12:00:00.000Z,Japan,Kansai,JP-KN,353.0,423.0,,13.0,,False,
2025-09-10T13:00:00.000Z,Japan,Kansai,JP-KN,351.0,420.0,,13.0,,False,
2025-09-10T14:00:00.000Z,Japan,Kansai,JP-KN,353.0,422.0,,12.0,,False,
2025-09-10T15:00:00.000Z,Japan,Kansai,JP-KN,354.0,420.0,,11.0,,False,
2025-09-10T16:00:00.000Z,Japan,Kansai,JP-KN,351.0,417.0,,12.0,,False,
2025-09-10T17:00:00.000Z,Japan,Kansai,JP-KN,349.0,415.0,,12.0,,False,
2025-09-10T18:00:00.000Z,Japan,Kansai,JP-KN,348.0,415.0,,11.0,,False,
2025-09-10T19:00:00.000Z,Japan,Kansai,JP-KN,355.0,423.0,,11.0,,False,
2025-09-10T20:00:00.000Z,Japan,Kansai,JP-KN,354.0,422.0,,11.0,,False,
2025-09-10T21:00:00.000Z,Japan,Kansai,JP-KN,346.0,413.0,,13.0,,False,
2025-09-10T22:00:00.000Z,Japan,Kansai,JP-KN,327.0,393.0,,18.0,,False,
2025-09-10T23:00:00.000Z,Japan,Kansai,JP-KN,300.0,367.0,,23.0,,False,
2025-09-11T00:00:00.000Z,Japan,Kansai,JP-KN,279.0,346.0,,27.0,,False,
2025-09-11T01:00:00.000Z,Japan,Kansai,JP-KN,269.0,335.0,,30.0,,False,
2025-09-11T02:00:00.000Z,Japan,Kansai,JP-KN,267.0,332.0,,30.0,,False,
2025-09-11T03:00:00.000Z,Japan,Kansai,JP-KN,272.0,338.0,,29.0,,False,
2025-09-11T04:00:00.000Z,Japan,Kansai,JP-KN,282.0,349.0,,27.0,,False,
2025-09-11T05:00:00.000Z,Japan,Kansai,JP-KN,286.0,353.0,,27.0,,False,
2025-09-11T06:00:00.000Z,Japan,Kansai,JP-KN,294.0,362.0,,25.0,,False,
2025-09-11T07:00:00.000Z,Japan,Kansai,JP-KN,304.0,372.0,,23.0,,False,
2025-09-11T08:00:00.000Z,Japan,Kansai,JP-KN,321.0,391.0,,19.0,,False,
2025-09-11T09:00:00.000Z,Japan,Kansai,JP-KN,326.0,396.0,,18.0,,False,
2025-09-11T10:00:00.000Z,Japan,Kansai,JP-KN,333.0,402.0,,16.0,,False,
2025-09-11T11:00:00.000Z,Japan,Kansai,JP-KN,340.0,410.0,,14.0,,False,
2025-09-11T12:00:00.000Z,Japan,Kansai,JP-KN,344.0,413.0,,12.0,,False,
2025-09-11T13:00:00.000Z,Japan,Kansai,JP-KN,341.0,410.0,,12.0,,False,
2025-09-11T14:00:00.000Z,Japan,Kansai,JP-KN,341.0,406.0,,13.0,,False,
2025-09-11T15:00:00.000Z,Japan,Kansai,JP-KN,339.0,401.0,,13.0,,False,
2025-09-11T16:00:00.000Z,Japan,Kansai,JP-KN,340.0,404.0,,13.0,,False,
2025-09-11T17:00:00.000Z,Japan,Kansai,JP-KN,339.0,403.0,,13.0,,False,
2025-09-11T18:00:00.000Z,Japan,Kansai,JP-KN,340.0,404.0,,13.0,,False,
2025-09-11T19:00:00.000Z,Japan,Kansai,JP-KN,343.0,406.0,,13.0,,False,
2025-09-11T20:00:00.000Z,Japan,Kansai,JP-KN,339.0,403.0,,13.0,,False,
2025-09-11T21:00:00.000Z,Japan,Kansai,JP-KN,327.0,390.0,,16.0,,False,
2025-09-11T22:00:00.000Z,Japan,Kansai,JP-KN,306.0,370.0,,21.0,,False,
2025-09-11T23:00:00.000Z,Japan,Kansai,JP-KN,288.0,353.0,,26.0,,False,
2025-09-12T00:00:00.000Z,Japan,Kansai,JP-KN,276.0,342.0,,28.0,,False,
2025-09-12T01:00:00.000Z,Japan,Kansai,JP-KN,271.0,336.0,,29.0,,False,
2025-09-12T02:00:00.000Z,Japan,Kansai,JP-KN,273.0,339.0,,29.0,,False,
2025-09-12T03:00:00.000Z,Japan,Kansai,JP-KN,278.0,345.0,,27.0,,False,
2025-09-12T04:00:00.000Z,Japan,Kansai,JP-KN,289.0,359.0,,25.0,,False,
2025-09-12T05:00:00.000Z,Japan,Kansai,JP-KN,296.0,366.0,,24.0,,False,
2025-09-12T06:00:00.000Z,Japan,Kansai,JP-KN,296.0,366.0,,24.0,,False,
2025-09-12T07:00:00.000Z,Japan,Kansai,JP-KN,304.0,374.0,,22.0,,False,
2025-09-12T08:00:00.000Z,Japan,Kansai,JP-KN,318.0,387.0,,19.0,,False,
2025-09-12T09:00:00.000Z,Japan,Kansai,JP-KN,324.0,395.0,,17.0,,False,
2025-09-12T10:00:00.000Z,Japan,Kansai,JP-KN,330.0,401.0,,15.0,,False,
2025-09-12T11:00:00.000Z,Japan,Kansai,JP-KN,333.0,404.0,,14.0,,False,
2025-09-12T12:00:00.000Z,Japan,Kansai,JP-KN,335.0,406.0,,13.0,,False,
2025-09-12T13:00:00.000Z,Japan,Kansai,JP-KN,331.0,401.0,,13.0,,False,
2025-09-12T14:00:00.000Z,Japan,Kansai,JP-KN,315.0,384.0,,14.0,,False,
2025-09-12T15:00:00.000Z,Japan,Kansai,JP-KN,295.0,362.0,,15.0,,False,
2025-09-12T16:00:00.000Z,Japan,Kansai,JP-KN,287.0,352.0,,16.0,,False,
2025-09-12T17:00:00.000Z,Japan,Kansai,JP-KN,289.0,353.0,,16.0,,False,
2025-09-12T18:00:00.000Z,Japan,Kansai,JP-KN,287.0,350.0,,16.0,,False,
2025-09-12T19:00:00.000Z,Japan,Kansai,JP-KN,287.0,350.0,,16.0,,False,
2025-09-12T20:00:00.000Z,Japan,Kansai,JP-KN,291.0,355.0,,16.0,,False,
2025-09-12T21:00:00.000Z,Japan,Kansai,JP-KN,284.0,346.0,,18.0,,False,
2025-09-12T22:00:00.000Z,Japan,Kansai,JP-KN,259.0,320.0,,24.0,,False,
2025-09-12T23:00:00.000Z,Japan,Kansai,JP-KN,237.0,298.0,,29.0,,False,
2025-09-13T00:00:00.000Z,Japan,Kansai,JP-KN,219.0,280.0,,34.0,,False,
2025-09-13T01:00:00.000Z,Japan,Kansai,JP-KN,220.0,281.0,,34.0,,False,
2025-09-13T02:00:00.000Z,Japan,Kansai,JP-KN,228.0,290.0,,32.0,,False,
2025-09-13T03:00:00.000Z,Japan,Kansai,JP-KN,233.0,295.0,,31.0,,False,
2025-09-13T04:00:00.000Z,Japan,Kansai,JP-KN,241.0,304.0,,30.0,,False,
2025-09-13T05:00:00.000Z,Japan,Kansai,JP-KN,251.0,315.0,,27.0,,False,
2025-09-13T06:00:00.000Z,Japan,Kansai,JP-KN,259.0,324.0,,24.0,,False,
2025-09-13T07:00:00.000Z,Japan,Kansai,JP-KN,268.0,335.0,,21.0,,False,
2025-09-13T08:00:00.000Z,Japan,Kansai,JP-KN,275.0,343.0,,19.0,,False,
2025-09-13T09:00:00.000Z,Japan,Kansai,JP-KN,281.0,349.0,,19.0,,False,
2025-09-13T10:00:00.000Z,Japan,Kansai,JP-KN,282.0,350.0,,18.0,,False,
2025-09-13T11:00:00.000Z,Japan,Kansai,JP-KN,285.0,351.0,,18.0,,False,
2025-09-13T12:00:00.000Z,Japan,Kansai,JP-KN,296.0,363.0,,17.0,,False,
2025-09-13T13:00:00.000Z,Japan,Kansai,JP-KN,296.0,362.0,,16.0,,False,
2025-09-13T14:00:00.000Z,Japan,Kansai,JP-KN,294.0,361.0,,15.0,,False,
2025-09-13T15:00:00.000Z,Japan,Kansai,JP-KN,298.0,364.0,,15.0,,False,
2025-09-13T16:00:00.000Z,Japan,Kansai,JP-KN,303.0,367.0,,15.0,,False,
2025-09-13T17:00:00.000Z,Japan,Kansai,JP-KN,300.0,364.0,,15.0,,False,
2025-09-13T18:00:00.000Z,Japan,Kansai,JP-KN,301.0,366.0,,14.0,,False,
2025-09-13T19:00:00.000Z,Japan,Kansai,JP-KN,290.0,355.0,,14.0,,False,
2025-09-13T20:00:00.000Z,Japan,Kansai,JP-KN,290.0,354.0,,14.0,,False,
2025-09-13T21:00:00.000Z,Japan,Kansai,JP-KN,289.0,352.0,,15.0,,False,
2025-09-13T22:00:00.000Z,Japan,Kansai,JP-KN,275.0,338.0,,19.0,,False,
2025-09-13T23:00:00.000Z,Japan,Kansai,JP-KN,257.0,319.0,,22.0,,False,
2025-09-14T00:00:00.000Z,Japan,Kansai,JP-KN,232.0,293.0,,27.0,,False,
2025-09-14T01:00:00.000Z,Japan,Kansai,JP-KN,222.0,282.0,,31.0,,False,
2025-09-14T02:00:00.000Z,Japan,Kansai,JP-KN,211.0,271.0,,34.0,,False,
2025-09-14T03:00:00.000Z,Japan,Kansai,JP-KN,209.0,269.0,,35.0,,False,
2025-09-14T04:00:00.000Z,Japan,Kansai,JP-KN,214.0,276.0,,33.0,,False,
2025-09-14T05:00:00.000Z,Japan,Kansai,JP-KN,220.0,282.0,,32.0,,False,
2025-09-14T06:00:00.000Z,Japan,Kansai,JP-KN,235.0,298.0,,29.0,,False,
2025-09-14T07:00:00.000Z,Japan,Kansai,JP-KN,264.0,331.0,,24.0,,False,
2025-09-14T08:00:00.000Z,Japan,Kansai,JP-KN,280.0,349.0,,19.0,,False,
2025-09-14T09:00:00.000Z,Japan,Kansai,JP-KN,279.0,347.0,,19.0,,False,
2025-09-14T10:00:00.000Z,Japan,Kansai,JP-KN,279.0,346.0,,19.0,,False,
2025-09-14T11:00:00.000Z,Japan,Kansai,JP-KN,286.0,354.0,,17.0,,False,
2025-09-14T12:00:00.000Z,Japan,Kansai,JP-KN,294.0,362.0,,16.0,,False,
2025-09-14T13:00:00.000Z,Japan,Kansai,JP-KN,298.0,366.0,,15.0,,False,
2025-09-14T14:00:00.000Z,Japan,Kansai,JP-KN,298.0,365.0,,15.0,,False,
2025-09-14T15:00:00.000Z,Japan,Kansai,JP-KN,299.0,362.0,,16.0,,False,
2025-09-14T16:00:00.000Z,Japan,Kansai,JP-KN,299.0,361.0,,15.0,,False,
2025-09-14T17:00:00.000Z,Japan,Kansai,JP-KN,296.0,360.0,,14.0,,False,
2025-09-14T18:00:00.000Z,Japan,Kansai,JP-KN,298.0,361.0,,15.0,,False,
2025-09-14T19:00:00.000Z,Japan,Kansai,JP-KN,290.0,354.0,,15.0,,False,
2025-09-14T20:00:00.000Z,Japan,Kansai,JP-KN,288.0,352.0,,15.0,,False,
2025-09-14T21:00:00.000Z,Japan,Kansai,JP-KN,270.0,332.0,,18.0,,False,
2025-09-14T22:00:00.000Z,Japan,Kansai,JP-KN,238.0,297.0,,26.0,,False,
2025-09-14T23:00:00.000Z,Japan,Kansai,JP-KN,217.0,276.0,,35.0,,False,
2025-09-15T00:00:00.000Z,Japan,Kansai,JP-KN,206.0,265.0,,38.0,,False,
2025-09-15T01:00:00.000Z,Japan,Kansai,JP-KN,192.0,250.0,,41.0,,False,
2025-09-15T02:00:00.000Z,Japan,Kansai,JP-KN,191.0,249.0,,42.0,,False,
2025-09-15T03:00:00.000Z,Japan,Kansai,JP-KN,197.0,256.0,,41.0,,False,
2025-09-15T04:00:00.000Z,Japan,Kansai,JP-KN,206.0,267.0,,39.0,,False,
2025-09-15T05:00:00.000Z,Japan,Kansai,JP-KN,219.0,282.0,,35.0,,False,
2025-09-15T06:00:00.000Z,Japan,Kansai,JP-KN,242.0,307.0,,29.0,,False,
2025-09-15T07:00:00.000Z,Japan,Kansai,JP-KN,261.0,328.0,,25.0,,False,
2025-09-15T08:00:00.000Z,Japan,Kansai,JP-KN,281.0,350.0,,20.0,,False,
2025-09-15T09:00:00.000Z,Japan,Kansai,JP-KN,286.0,356.0,,19.0,,False,
2025-09-15T10:00:00.000Z,Japan,Kansai,JP-KN,289.0,360.0,,17.0,,False,
2025-09-15T11:00:00.000Z,Japan,Kansai,JP-KN,292.0,364.0,,16.0,,False,
2025-09-15T12:00:00.000Z,Japan,Kansai,JP-KN,291.0,361.0,,15.0,,False,
2025-09-15T13:00:00.000Z,Japan,Kansai,JP-KN,294.0,363.0,,15.0,,False,
2025-09-15T14:00:00.000Z,Japan,Kansai,JP-KN,310.0,377.0,,14.0,,False,
2025-09-15T15:00:00.000Z,Japan,Kansai,JP-KN,334.0,397.0,,13.0,,False,
2025-09-15T16:00:00.000Z,Japan,Kansai,JP-KN,335.0,397.0,,13.0,,False,
2025-09-15T17:00:00.000Z,Japan,Kansai,JP-KN,333.0,395.0,,13.0,,False,
2025-09-15T18:00:00.000Z,Japan,Kansai,JP-KN,331.0,392.0,,13.0,,False,
2025-09-15T19:00:00.000Z,Japan,Kansai,JP-KN,333.0,395.0,,13.0,,False,
2025-09-15T20:00:00.000Z,Japan,Kansai,JP-KN,332.0,394.0,,13.0,,False,
2025-09-15T21:00:00.000Z,Japan,Kansai,JP-KN,325.0,388.0,,15.0,,False,
2025-09-15T22:00:00.000Z,Japan,Kansai,JP-KN,303.0,368.0,,22.0,,False,
2025-09-15T23:00:00.000Z,Japan,Kansai,JP-KN,281.0,349.0,,27.0,,False,
2025-09-16T00:00:00.000Z,Japan,Kansai,JP-KN,254.0,318.0,,33.0,,False,
2025-09-16T01:00:00.000Z,Japan,Kansai,JP-KN,240.0,303.0,,36.0,,False,
2025-09-16T02:00:00.000Z,Japan,Kansai,JP-KN,241.0,305.0,,36.0,,False,
2025-09-16T03:00:00.000Z,Japan,Kansai,JP-KN,241.0,305.0,,36.0,,False,
2025-09-16T04:00:00.000Z,Japan,Kansai,JP-KN,251.0,317.0,,34.0,,False,
2025-09-16T05:00:00.000Z,Japan,Kansai,JP-KN,261.0,331.0,,32.0,,False,
2025-09-16T06:00:00.000Z,Japan,Kansai,JP-KN,273.0,344.0,,29.0,,False,
2025-09-16T07:00:00.000Z,Japan,Kansai,JP-KN,287.0,359.0,,26.0,,False,
2025-09-16T08:00:00.000Z,Japan,Kansai,JP-KN,300.0,374.0,,22.0,,False,
2025-09-16T09:00:00.000Z,Japan,Kansai,JP-KN,312.0,387.0,,20.0,,False,
2025-09-16T10:00:00.000Z,Japan,Kansai,JP-KN,325.0,401.0,,17.0,,False,
2025-09-16T11:00:00.000Z,Japan,Kansai,JP-KN,340.0,417.0,,13.0,,False,
2025-09-16T12:00:00.000Z,Japan,Kansai,JP-KN,342.0,417.0,,11.0,,False,
2025-09-16T13:00:00.000Z,Japan,Kansai,JP-KN,347.0,421.0,,10.0,,False,
2025-09-16T14:00:00.000Z,Japan,Kansai,JP-KN,347.0,421.0,,10.0,,False,
2025-09-16T15:00:00.000Z,Japan,Kansai,JP-KN,350.0,427.0,,9.0,,False,
2025-09-16T16:00:00.000Z,Japan,Kansai,JP-KN,350.0,427.0,,9.0,,False,
2025-09-16T17:00:00.000Z,Japan,Kansai,JP-KN,350.0,427.0,,9.0,,False,
2025-09-16T18:00:00.000Z,Japan,Kansai,JP-KN,349.0,428.0,,8.0,,False,
2025-09-16T19:00:00.000Z,Japan,Kansai,JP-KN,351.0,429.0,,8.0,,False,
2025-09-16T20:00:00.000Z,Japan,Kansai,JP-KN,353.0,431.0,,8.0,,False,
2025-09-16T21:00:00.000Z,Japan,Kansai,JP-KN,344.0,420.0,,11.0,,False,
2025-09-16T22:00:00.000Z,Japan,Kansai,JP-KN,320.0,395.0,,17.0,,False,
2025-09-16T23:00:00.000Z,Japan,Kansai,JP-KN,298.0,370.0,,23.0,,False,
2025-09-17T00:00:00.000Z,Japan,Kansai,JP-KN,279.0,351.0,,27.0,,False,
2025-09-17T01:00:00.000Z,Japan,Kansai,JP-KN,268.0,339.0,,29.0,,False,
2025-09-17T02:00:00.000Z,Japan,Kansai,JP-KN,264.0,335.0,,31.0,,False,
2025-09-17T03:00:00.000Z,Japan,Kansai,JP-KN,264.0,336.0,,31.0,,False,
2025-09-17T04:00:00.000Z,Japan,Kansai,JP-KN,246.0,316.0,,35.0,,False,
2025-09-17T05:00:00.000Z,Japan,Kansai,JP-KN,259.0,330.0,,32.0,,False,
2025-09-17T06:00:00.000Z,Japan,Kansai,JP-KN,260.0,330.0,,32.0,,False,
2025-09-17T07:00:00.000Z,Japan,Kansai,JP-KN,277.0,349.0,,28.0,,False,
2025-09-17T08:00:00.000Z,Japan,Kansai,JP-KN,307.0,381.0,,21.0,,False,
2025-09-17T09:00:00.000Z,Japan,Kansai,JP-KN,306.0,380.0,,22.0,,False,
2025-09-17T10:00:00.000Z,Japan,Kansai,JP-KN,322.0,399.0,,17.0,,False,
2025-09-17T11:00:00.000Z,Japan,Kansai,JP-KN,322.0,399.0,,17.0,,False,
2025-09-17T12:00:00.000Z,Japan,Kansai,JP-KN,338.0,417.0,,13.0,,False,
2025-09-17T13:00:00.000Z,Japan,Kansai,JP-KN,340.0,418.0,,12.0,,False,
2025-09-17T14:00:00.000Z,Japan,Kansai,JP-KN,338.0,416.0,,11.0,,False,
2025-09-17T15:00:00.000Z,Japan,Kansai,JP-KN,348.0,421.0,,10.0,,False,
2025-09-17T16:00:00.000Z,Japan,Kansai,JP-KN,353.0,424.0,,10.0,,False,
2025-09-17T17:00:00.000Z,Japan,Kansai,JP-KN,352.0,424.0,,10.0,,False,
2025-09-17T18:00:00.000Z,Japan,Kansai,JP-KN,351.0,423.0,,10.0,,False,
2025-09-17T19:00:00.000Z,Japan,Kansai,JP-KN,351.0,421.0,,10.0,,False,
2025-09-17T20:00:00.000Z,Japan,Kansai,JP-KN,351.0,422.0,,10.0,,False,
2025-09-17T21:00:00.000Z,Japan,Kansai,JP-KN,342.0,413.0,,12.0,,False,
2025-09-17T22:00:00.000Z,Japan,Kansai,JP-KN,323.0,395.0,,16.0,,False,
2025-09-17T23:00:00.000Z,Japan,Kansai,JP-KN,302.0,375.0,,22.0,,False,
2025-09-18T00:00:00.000Z,Japan,Kansai,JP-KN,285.0,358.0,,25.0,,False,
2025-09-18T01:00:00.000Z,Japan,Kansai,JP-KN,286.0,357.0,,26.0,,False,
2025-09-18T02:00:00.000Z,Japan,Kansai,JP-KN,287.0,358.0,,25.0,,False,
2025-09-18T03:00:00.000Z,Japan,Kansai,JP-KN,280.0,349.0,,27.0,,False,
2025-09-18T04:00:00.000Z,Japan,Kansai,JP-KN,285.0,355.0,,27.0,,False,
2025-09-18T05:00:00.000Z,Japan,Kansai,JP-KN,294.0,363.0,,25.0,,False,
2025-09-18T06:00:00.000Z,Japan,Kansai,JP-KN,308.0,378.0,,22.0,,False,
2025-09-18T07:00:00.000Z,Japan,Kansai,JP-KN,321.0,392.0,,19.0,,False,
2025-09-18T08:00:00.000Z,Japan,Kansai,JP-KN,334.0,406.0,,16.0,,False,
2025-09-18T09:00:00.000Z,Japan,Kansai,JP-KN,336.0,408.0,,14.0,,False,
2025-09-18T10:00:00.000Z,Japan,Kansai,JP-KN,336.0,405.0,,14.0,,False,
2025-09-18T11:00:00.000Z,Japan,Kansai,JP-KN,338.0,406.0,,14.0,,False,
2025-09-18T12:00:00.000Z,Japan,Kansai,JP-KN,340.0,409.0,,13.0,,False,
2025-09-18T13:00:00.000Z,Japan,Kansai,JP-KN,339.0,407.0,,12.0,,False,
2025-09-18T14:00:00.000Z,Japan,Kansai,JP-KN,338.0,405.0,,12.0,,False,
2025-09-18T15:00:00.000Z,Japan,Kansai,JP-KN,339.0,401.0,,13.0,,False,
2025-09-18T16:00:00.000Z,Japan,Kansai,JP-KN,339.0,401.0,,13.0,,False,
2025-09-18T17:00:00.000Z,Japan,Kansai,JP-KN,339.0,401.0,,13.0,,False,
2025-09-18T18:00:00.000Z,Japan,Kansai,JP-KN,339.0,402.0,,12.0,,False,
2025-09-18T19:00:00.000Z,Japan,Kansai,JP-KN,340.0,403.0,,13.0,,False,
2025-09-18T20:00:00.000Z,Japan,Kansai,JP-KN,342.0,405.0,,12.0,,False,
2025-09-18T21:00:00.000Z,Japan,Kansai,JP-KN,331.0,393.0,,15.0,,False,
2025-09-18T22:00:00.000Z,Japan,Kansai,JP-KN,298.0,359.0,,22.0,,False,
2025-09-18T23:00:00.000Z,Japan,Kansai,JP-KN,266.0,328.0,,29.0,,False,
2025-09-19T00:00:00.000Z,Japan,Kansai,JP-KN,251.0,314.0,,32.0,,False,
2025-09-19T01:00:00.000Z,Japan,Kansai,JP-KN,234.0,296.0,,35.0,,False,
2025-09-19T02:00:00.000Z,Japan,Kansai,JP-KN,225.0,286.0,,37.0,,False,
2025-09-19T03:00:00.000Z,Japan,Kansai,JP-KN,211.0,268.0,,40.0,,False,
2025-09-19T04:00:00.000Z,Japan,Kansai,JP-KN,228.0,287.0,,37.0,,False,
2025-09-19T05:00:00.000Z,Japan,Kansai,JP-KN,256.0,319.0,,32.0,,False,
2025-09-19T06:00:00.000Z,Japan,Kansai,JP-KN,279.0,344.0,,27.0,,False,
2025-09-19T07:00:00.000Z,Japan,Kansai,JP-KN,297.0,364.0,,23.0,,False,
2025-09-19T08:00:00.000Z,Japan,Kansai,JP-KN,316.0,384.0,,18.0,,False,
2025-09-19T09:00:00.000Z,Japan,Kansai,JP-KN,323.0,392.0,,17.0,,False,
2025-09-19T10:00:00.000Z,Japan,Kansai,JP-KN,331.0,398.0,,16.0,,False,
2025-09-19T11:00:00.000Z,Japan,Kansai,JP-KN,340.0,410.0,,13.0,,False,
2025-09-19T12:00:00.000Z,Japan,Kansai,JP-KN,345.0,414.0,,12.0,,False,
2025-09-19T13:00:00.000Z,Japan,Kansai,JP-KN,339.0,407.0,,11.0,,False,
2025-09-19T14:00:00.000Z,Japan,Kansai,JP-KN,316.0,385.0,,12.0,,False,
2025-09-19T15:00:00.000Z,Japan,Kansai,JP-KN,299.0,366.0,,12.0,,False,
2025-09-19T16:00:00.000Z,Japan,Kansai,JP-KN,293.0,359.0,,12.0,,False,
2025-09-19T17:00:00.000Z,Japan,Kansai,JP-KN,293.0,359.0,,12.0,,False,
2025-09-19T18:00:00.000Z,Japan,Kansai,JP-KN,291.0,358.0,,12.0,,False,
2025-09-19T19:00:00.000Z,Japan,Kansai,JP-KN,290.0,358.0,,12.0,,False,
2025-09-19T20:00:00.000Z,Japan,Kansai,JP-KN,289.0,355.0,,13.0,,False,
2025-09-19T21:00:00.000Z,Japan,Kansai,JP-KN,281.0,345.0,,15.0,,False,
2025-09-19T22:00:00.000Z,Japan,Kansai,JP-KN,261.0,323.0,,21.0,,False,
2025-09-19T23:00:00.000Z,Japan,Kansai,JP-KN,247.0,311.0,,25.0,,False,
2025-09-20T00:00:00.000Z,Japan,Kansai,JP-KN,231.0,296.0,,28.0,,False,
2025-09-20T01:00:00.000Z,Japan,Kansai,JP-KN,223.0,288.0,,30.0,,False,
2025-09-20T02:00:00.000Z,Japan,Kansai,JP-KN,225.0,290.0,,30.0,,False,
2025-09-20T03:00:00.000Z,Japan,Kansai,JP-KN,237.0,303.0,,28.0,,False,
2025-09-20T04:00:00.000Z,Japan,Kansai,JP-KN,243.0,308.0,,27.0,,False,
2025-09-20T05:00:00.000Z,Japan,Kansai,JP-KN,250.0,316.0,,25.0,,False,
2025-09-20T06:00:00.000Z,Japan,Kansai,JP-KN,259.0,326.0,,23.0,,False,
2025-09-20T07:00:00.000Z,Japan,Kansai,JP-KN,274.0,343.0,,19.0,,False,
2025-09-20T08:00:00.000Z,Japan,Kansai,JP-KN,278.0,346.0,,19.0,,False,
2025-09-20T09:00:00.000Z,Japan,Kansai,JP-KN,282.0,350.0,,17.0,,False,
2025-09-20T10:00:00.000Z,Japan,Kansai,JP-KN,282.0,349.0,,17.0,,False,
2025-09-20T11:00:00.000Z,Japan,Kansai,JP-KN,291.0,358.0,,16.0,,False,
2025-09-20T12:00:00.000Z,Japan,Kansai,JP-KN,302.0,369.0,,15.0,,False,
2025-09-20T13:00:00.000Z,Japan,Kansai,JP-KN,302.0,369.0,,15.0,,False,
2025-09-20T14:00:00.000Z,Japan,Kansai,JP-KN,307.0,372.0,,14.0,,False,
2025-09-20T15:00:00.000Z,Japan,Kansai,JP-KN,297.0,357.0,,16.0,,False,
2025-09-20T16:00:00.000Z,Japan,Kansai,JP-KN,293.0,352.0,,16.0,,False,
2025-09-20T17:00:00.000Z,Japan,Kansai,JP-KN,292.0,352.0,,16.0,,False,
2025-09-20T18:00:00.000Z,Japan,Kansai,JP-KN,298.0,356.0,,16.0,,False,
2025-09-20T19:00:00.000Z,Japan,Kansai,JP-KN,289.0,348.0,,16.0,,False,
2025-09-20T20:00:00.000Z,Japan,Kansai,JP-KN,286.0,344.0,,17.0,,False,
2025-09-20T21:00:00.000Z,Japan,Kansai,JP-KN,254.0,311.0,,20.0,,False,
2025-09-20T22:00:00.000Z,Japan,Kansai,JP-KN,223.0,278.0,,28.0,,False,
2025-09-20T23:00:00.000Z,Japan,Kansai,JP-KN,179.0,231.0,,38.0,,False,
2025-09-21T00:00:00.000Z,Japan,Kansai,JP-KN,159.0,210.0,,43.0,,False,
2025-09-21T01:00:00.000Z,Japan,Kansai,JP-KN,143.0,193.0,,46.0,,False,
2025-09-21T02:00:00.000Z,Japan,Kansai,JP-KN,143.0,195.0,,45.0,,False,
2025-09-21T03:00:00.000Z,Japan,Kansai,JP-KN,156.0,208.0,,43.0,,False,
2025-09-21T04:00:00.000Z,Japan,Kansai,JP-KN,171.0,225.0,,40.0,,False,
2025-09-21T05:00:00.000Z,Japan,Kansai,JP-KN,188.0,243.0,,36.0,,False,
2025-09-21T06:00:00.000Z,Japan,Kansai,JP-KN,215.0,272.0,,31.0,,False,
2025-09-21T07:00:00.000Z,Japan,Kansai,JP-KN,245.0,304.0,,26.0,,False,
2025-09-21T08:00:00.000Z,Japan,Kansai,JP-KN,270.0,330.0,,22.0,,False,
2025-09-21T09:00:00.000Z,Japan,Kansai,JP-KN,274.0,336.0,,21.0,,False,
2025-09-21T10:00:00.000Z,Japan,Kansai,JP-KN,275.0,337.0,,20.0,,False,
2025-09-21T11:00:00.000Z,Japan,Kansai,JP-KN,280.0,341.0,,19.0,,False,
2025-09-21T12:00:00.000Z,Japan,Kansai,JP-KN,283.0,343.0,,18.0,,False,
2025-09-21T13:00:00.000Z,Japan,Kansai,JP-KN,281.0,341.0,,17.0,,False,
2025-09-21T14:00:00.000Z,Japan,Kansai,JP-KN,278.0,336.0,,17.0,,False,
2025-09-21T15:00:00.000Z,Japan,Kansai,JP-KN,288.0,345.0,,16.0,,False,
2025-09-21T16:00:00.000Z,Japan,Kansai,JP-KN,291.0,348.0,,16.0,,False,
2025-09-21T17:00:00.000Z,Japan,Kansai,JP-KN,292.0,348.0,,16.0,,False,
2025-09-21T18:00:00.000Z,Japan,Kansai,JP-KN,287.0,344.0,,16.0,,False,
2025-09-21T19:00:00.000Z,Japan,Kansai,JP-KN,293.0,350.0,,15.0,,False,
2025-09-21T20:00:00.000Z,Japan,Kansai,JP-KN,304.0,362.0,,15.0,,False,
2025-09-21T21:00:00.000Z,Japan,Kansai,JP-KN,291.0,348.0,,17.0,,False,
2025-09-21T22:00:00.000Z,Japan,Kansai,JP-KN,255.0,311.0,,26.0,,False,
2025-09-21T23:00:00.000Z,Japan,Kansai,JP-KN,219.0,274.0,,35.0,,False,
2025-09-22T00:00:00.000Z,Japan,Kansai,JP-KN,197.0,251.0,,40.0,,False,
2025-09-22T01:00:00.000Z,Japan,Kansai,JP-KN,183.0,237.0,,44.0,,False,
2025-09-22T02:00:00.000Z,Japan,Kansai,JP-KN,177.0,231.0,,45.0,,False,
2025-09-22T03:00:00.000Z,Japan,Kansai,JP-KN,177.0,231.0,,44.0,,False,
2025-09-22T04:00:00.000Z,Japan,Kansai,JP-KN,195.0,251.0,,41.0,,False,
2025-09-22T05:00:00.000Z,Japan,Kansai,JP-KN,224.0,282.0,,36.0,,False,
2025-09-22T06:00:00.000Z,Japan,Kansai,JP-KN,254.0,315.0,,30.0,,False,
2025-09-22T07:00:00.000Z,Japan,Kansai,JP-KN,281.0,346.0,,24.0,,False,
2025-09-22T08:00:00.000Z,Japan,Kansai,JP-KN,296.0,362.0,,20.0,,False,
2025-09-22T09:00:00.000Z,Japan,Kansai,JP-KN,299.0,365.0,,19.0,,False,
2025-09-22T10:00:00.000Z,Japan,Kansai,JP-KN,303.0,367.0,,19.0,,False,
2025-09-22T11:00:00.000Z,Japan,Kansai,JP-KN,309.0,373.0,,17.0,,False,
2025-09-22T12:00:00.000Z,Japan,Kansai,JP-KN,311.0,375.0,,15.0,,False,
2025-09-22T13:00:00.000Z,Japan,Kansai,JP-KN,307.0,371.0,,15.0,,False,
2025-09-22T14:00:00.000Z,Japan,Kansai,JP-KN,298.0,359.0,,16.0,,False,
2025-09-22T15:00:00.000Z,Japan,Kansai,JP-KN,311.0,371.0,,14.0,,False,
2025-09-22T16:00:00.000Z,Japan,Kansai,JP-KN,309.0,367.0,,14.0,,False,
2025-09-22T17:00:00.000Z,Japan,Kansai,JP-KN,312.0,369.0,,14.0,,False,
2025-09-22T18:00:00.000Z,Japan,Kansai,JP-KN,315.0,373.0,,14.0,,False,
2025-09-22T19:00:00.000Z,Japan,Kansai,JP-KN,314.0,372.0,,14.0,,False,
2025-09-22T20:00:00.000Z,Japan,Kansai,JP-KN,308.0,365.0,,15.0,,False,
2025-09-22T21:00:00.000Z,Japan,Kansai,JP-KN,294.0,349.0,,17.0,,False,
2025-09-22T22:00:00.000Z,Japan,Kansai,JP-KN,280.0,336.0,,20.0,,False,
2025-09-22T23:00:00.000Z,Japan,Kansai,JP-KN,251.0,307.0,,26.0,,False,
2025-09-23T00:00:00.000Z,Japan,Kansai,JP-KN,241.0,297.0,,27.0,,False,
2025-09-23T01:00:00.000Z,Japan,Kansai,JP-KN,241.0,297.0,,28.0,,False,
2025-09-23T02:00:00.000Z,Japan,Kansai,JP-KN,238.0,295.0,,30.0,,False,
2025-09-23T03:00:00.000Z,Japan,Kansai,JP-KN,239.0,295.0,,30.0,,False,
2025-09-23T04:00:00.000Z,Japan,Kansai,JP-KN,241.0,299.0,,29.0,,False,
2025-09-23T05:00:00.000Z,Japan,Kansai,JP-KN,249.0,308.0,,27.0,,False,
2025-09-23T06:00:00.000Z,Japan,Kansai,JP-KN,261.0,322.0,,24.0,,False,
2025-09-23T07:00:00.000Z,Japan,Kansai,JP-KN,287.0,350.0,,20.0,,False,
2025-09-23T08:00:00.000Z,Japan,Kansai,JP-KN,309.0,373.0,,16.0,,False,
2025-09-23T09:00:00.000Z,Japan,Kansai,JP-KN,310.0,374.0,,16.0,,False,
2025-09-23T10:00:00.000Z,Japan,Kansai,JP-KN,314.0,377.0,,15.0,,False,
2025-09-23T11:00:00.000Z,Japan,Kansai,JP-KN,318.0,382.0,,14.0,,False,
2025-09-23T12:00:00.000Z,Japan,Kansai,JP-KN,317.0,379.0,,14.0,,False,
2025-09-23T13:00:00.000Z,Japan,Kansai,JP-KN,315.0,375.0,,14.0,,False,
2025-09-23T14:00:00.000Z,Japan,Kansai,JP-KN,316.0,373.0,,13.0,,False,
2025-09-23T15:00:00.000Z,Japan,Kansai,JP-KN,328.0,383.0,,12.0,,False,
2025-09-23T16:00:00.000Z,Japan,Kansai,JP-KN,335.0,391.0,,12.0,,False,
2025-09-23T17:00:00.000Z,Japan,Kansai,JP-KN,333.0,390.0,,12.0,,False,
2025-09-23T18:00:00.000Z,Japan,Kansai,JP-KN,329.0,386.0,,12.0,,False,
2025-09-23T19:00:00.000Z,Japan,Kansai,JP-KN,329.0,386.0,,12.0,,False,
2025-09-23T20:00:00.000Z,Japan,Kansai,JP-KN,329.0,385.0,,12.0,,False,
2025-09-23T21:00:00.000Z,Japan,Kansai,JP-KN,319.0,375.0,,14.0,,False,
2025-09-23T22:00:00.000Z,Japan,Kansai,JP-KN,302.0,358.0,,19.0,,False,
2025-09-23T23:00:00.000Z,Japan,Kansai,JP-KN,287.0,345.0,,24.0,,False,
2025-09-24T00:00:00.000Z,Japan,Kansai,JP-KN,261.0,317.0,,30.0,,False,
2025-09-24T01:00:00.000Z,Japan,Kansai,JP-KN,237.0,293.0,,35.0,,False,
2025-09-24T02:00:00.000Z,Japan,Kansai,JP-KN,229.0,284.0,,37.0,,False,
2025-09-24T03:00:00.000Z,Japan,Kansai,JP-KN,238.0,297.0,,33.0,,False,
2025-09-24T04:00:00.000Z,Japan,Kansai,JP-KN,261.0,322.0,,29.0,,False,
2025-09-24T05:00:00.000Z,Japan,Kansai,JP-KN,271.0,334.0,,27.0,,False,
2025-09-24T06:00:00.000Z,Japan,Kansai,JP-KN,281.0,346.0,,24.0,,False,
2025-09-24T07:00:00.000Z,Japan,Kansai,JP-KN,291.0,356.0,,21.0,,False,
2025-09-24T08:00:00.000Z,Japan,Kansai,JP-KN,305.0,370.0,,19.0,,False,
2025-09-24T09:00:00.000Z,Japan,Kansai,JP-KN,310.0,376.0,,16.0,,False,
2025-09-24T10:00:00.000Z,Japan,Kansai,JP-KN,316.0,381.0,,16.0,,False,
2025-09-24T11:00:00.000Z,Japan,Kansai,JP-KN,320.0,386.0,,14.0,,False,
2025-09-24T12:00:00.000Z,Japan,Kansai,JP-KN,324.0,390.0,,12.0,,False,
2025-09-24T13:00:00.000Z,Japan,Kansai,JP-KN,317.0,382.0,,13.0,,False,
2025-09-24T14:00:00.000Z,Japan,Kansai,JP-KN,314.0,377.0,,13.0,,False,
2025-09-24T15:00:00.000Z,Japan,Kansai,JP-KN,326.0,388.0,,12.0,,False,
2025-09-24T16:00:00.000Z,Japan,Kansai,JP-KN,325.0,384.0,,13.0,,False,
2025-09-24T17:00:00.000Z,Japan,Kansai,JP-KN,327.0,388.0,,12.0,,False,
2025-09-24T18:00:00.000Z,Japan,Kansai,JP-KN,329.0,390.0,,12.0,,False,
2025-09-24T19:00:00.000Z,Japan,Kansai,JP-KN,331.0,392.0,,12.0,,False,
2025-09-24T20:00:00.000Z,Japan,Kansai,JP-KN,328.0,391.0,,12.0,,False,
2025-09-24T21:00:00.000Z,Japan,Kansai,JP-KN,323.0,384.0,,13.0,,False,
2025-09-24T22:00:00.000Z,Japan,Kansai,JP-KN,308.0,370.0,,17.0,,False,
2025-09-24T23:00:00.000Z,Japan,Kansai,JP-KN,292.0,356.0,,21.0,,False,
2025-09-25T00:00:00.000Z,Japan,Kansai,JP-KN,287.0,353.0,,22.0,,False,
2025-09-25T01:00:00.000Z,Japan,Kansai,JP-KN,280.0,346.0,,24.0,,False,
2025-09-25T02:00:00.000Z,Japan,Kansai,JP-KN,279.0,346.0,,24.0,,False,
2025-09-25T03:00:00.000Z,Japan,Kansai,JP-KN,286.0,351.0,,23.0,,False,
2025-09-25T04:00:00.000Z,Japan,Kansai,JP-KN,294.0,361.0,,21.0,,False,
2025-09-25T05:00:00.000Z,Japan,Kansai,JP-KN,296.0,365.0,,20.0,,False,
2025-09-25T06:00:00.000Z,Japan,Kansai,JP-KN,296.0,365.0,,20.0,,False,
2025-09-25T07:00:00.000Z,Japan,Kansai,JP-KN,295.0,363.0,,19.0,,False,
2025-09-25T08:00:00.000Z,Japan,Kansai,JP-KN,304.0,372.0,,17.0,,False,
2025-09-25T09:00:00.000Z,Japan,Kansai,JP-KN,317.0,387.0,,14.0,,False,
2025-09-25T10:00:00.000Z,Japan,Kansai,JP-KN,323.0,394.0,,13.0,,False,
2025-09-25T11:00:00.000Z,Japan,Kansai,JP-KN,322.0,393.0,,12.0,,False,
2025-09-25T12:00:00.000Z,Japan,Kansai,JP-KN,327.0,398.0,,11.0,,False,
2025-09-25T13:00:00.000Z,Japan,Kansai,JP-KN,326.0,397.0,,10.0,,False,
2025-09-25T14:00:00.000Z,Japan,Kansai,JP-KN,323.0,391.0,,11.0,,False,
2025-09-25T15:00:00.000Z,Japan,Kansai,JP-KN,331.0,393.0,,11.0,,False,
2025-09-25T16:00:00.000Z,Japan,Kansai,JP-KN,332.0,393.0,,12.0,,False,
2025-09-25T17:00:00.000Z,Japan,Kansai,JP-KN,329.0,392.0,,12.0,,False,
2025-09-25T18:00:00.000Z,Japan,Kansai,JP-KN,334.0,396.0,,12.0,,False,
2025-09-25T19:00:00.000Z,Japan,Kansai,JP-KN,335.0,398.0,,11.0,,False,
2025-09-25T20:00:00.000Z,Japan,Kansai,JP-KN,332.0,394.0,,11.0,,False,
2025-09-25T21:00:00.000Z,Japan,Kansai,JP-KN,321.0,383.0,,13.0,,False,
2025-09-25T22:00:00.000Z,Japan,Kansai,JP-KN,298.0,360.0,,20.0,,False,
2025-09-25T23:00:00.000Z,Japan,Kansai,JP-KN,278.0,340.0,,25.0,,False,
2025-09-26T00:00:00.000Z,Japan,Kansai,JP-KN,273.0,336.0,,27.0,,False,
2025-09-26T01:00:00.000Z,Japan,Kansai,JP-KN,267.0,330.0,,28.0,,False,
2025-09-26T02:00:00.000Z,Japan,Kansai,JP-KN,259.0,321.0,,30.0,,False,
2025-09-26T03:00:00.000Z,Japan,Kansai,JP-KN,254.0,317.0,,30.0,,False,
2025-09-26T04:00:00.000Z,Japan,Kansai,JP-KN,264.0,328.0,,29.0,,False,
2025-09-26T05:00:00.000Z,Japan,Kansai,JP-KN,269.0,333.0,,28.0,,False,
2025-09-26T06:00:00.000Z,Japan,Kansai,JP-KN,276.0,342.0,,26.0,,False,
2025-09-26T07:00:00.000Z,Japan,Kansai,JP-KN,290.0,357.0,,22.0,,False,
2025-09-26T08:00:00.000Z,Japan,Kansai,JP-KN,296.0,363.0,,20.0,,False,
2025-09-26T09:00:00.000Z,Japan,Kansai,JP-KN,296.0,362.0,,19.0,,False,
2025-09-26T10:00:00.000Z,Japan,Kansai,JP-KN,301.0,367.0,,18.0,,False,
2025-09-26T11:00:00.000Z,Japan,Kansai,JP-KN,306.0,374.0,,15.0,,False,
2025-09-26T12:00:00.000Z,Japan,Kansai,JP-KN,307.0,373.0,,14.0,,False,
2025-09-26T13:00:00.000Z,Japan,Kansai,JP-KN,308.0,373.0,,13.0,,False,
2025-09-26T14:00:00.000Z,Japan,Kansai,JP-KN,293.0,358.0,,13.0,,False,
2025-09-26T15:00:00.000Z,Japan,Kansai,JP-KN,274.0,336.0,,15.0,,False,
2025-09-26T16:00:00.000Z,Japan,Kansai,JP-KN,275.0,332.0,,16.0,,False,
2025-09-26T17:00:00.000Z,Japan,Kansai,JP-KN,277.0,334.0,,16.0,,False,
2025-09-26T18:00:00.000Z,Japan,Kansai,JP-KN,278.0,336.0,,16.0,,False,
2025-09-26T19:00:00.000Z,Japan,Kansai,JP-KN,276.0,334.0,,16.0,,False,
2025-09-26T20:00:00.000Z,Japan,Kansai,JP-KN,274.0,333.0,,16.0,,False,
2025-09-26T21:00:00.000Z,Japan,Kansai,JP-KN,257.0,313.0,,18.0,,False,
2025-09-26T22:00:00.000Z,Japan,Kansai,JP-KN,228.0,283.0,,24.0,,False,
2025-09-26T23:00:00.000Z,Japan,Kansai,JP-KN,209.0,263.0,,30.0,,False,
2025-09-27T00:00:00.000Z,Japan,Kansai,JP-KN,183.0,234.0,,38.0,,False,
2025-09-27T01:00:00.000Z,Japan,Kansai,JP-KN,165.0,218.0,,41.0,,False,
2025-09-27T02:00:00.000Z,Japan,Kansai,JP-KN,162.0,213.0,,42.0,,False,
2025-09-27T03:00:00.000Z,Japan,Kansai,JP-KN,169.0,221.0,,42.0,,False,
2025-09-27T04:00:00.000Z,Japan,Kansai,JP-KN,177.0,229.0,,41.0,,False,
2025-09-27T05:00:00.000Z,Japan,Kansai,JP-KN,196.0,249.0,,38.0,,False,
2025-09-27T06:00:00.000Z,Japan,Kansai,JP-KN,220.0,276.0,,33.0,,False,
2025-09-27T07:00:00.000Z,Japan,Kansai,JP-KN,247.0,308.0,,26.0,,False,
2025-09-27T08:00:00.000Z,Japan,Kansai,JP-KN,259.0,323.0,,22.0,,False,
2025-09-27T09:00:00.000Z,Japan,Kansai,JP-KN,267.0,332.0,,19.0,,False,
2025-09-27T10:00:00.000Z,Japan,Kansai,JP-KN,269.0,334.0,,18.0,,False,
2025-09-27T11:00:00.000Z,Japan,Kansai,JP-KN,284.0,349.0,,16.0,,False,
2025-09-27T12:00:00.000Z,Japan,Kansai,JP-KN,289.0,352.0,,15.0,,False,
2025-09-27T13:00:00.000Z,Japan,Kansai,JP-KN,288.0,348.0,,15.0,,False,
2025-09-27T14:00:00.000Z,Japan,Kansai,JP-KN,275.0,336.0,,14.0,,False,
2025-09-27T15:00:00.000Z,Japan,Kansai,JP-KN,263.0,319.0,,15.0,,False,
2025-09-27T16:00:00.000Z,Japan,Kansai,JP-KN,275.0,331.0,,15.0,,False,
2025-09-27T17:00:00.000Z,Japan,Kansai,JP-KN,277.0,335.0,,15.0,,False,
2025-09-27T18:00:00.000Z,Japan,Kansai,JP-KN,272.0,329.0,,15.0,,False,
2025-09-27T19:00:00.000Z,Japan,Kansai,JP-KN,266.0,323.0,,16.0,,False,
2025-09-27T20:00:00.000Z,Japan,Kansai,JP-KN,263.0,318.0,,16.0,,False,
2025-09-27T21:00:00.000Z,Japan,Kansai,JP-KN,246.0,301.0,,17.0,,False,
2025-09-27T22:00:00.000Z,Japan,Kansai,JP-KN,221.0,275.0,,23.0,,False,
2025-09-27T23:00:00.000Z,Japan,Kansai,JP-KN,193.0,245.0,,30.0,,False,
2025-09-28T00:00:00.000Z,Japan,Kansai,JP-KN,173.0,223.0,,36.0,,False,
2025-09-28T01:00:00.000Z,Japan,Kansai,JP-KN,158.0,208.0,,40.0,,False,
2025-09-28T02:00:00.000Z,Japan,Kansai,JP-KN,160.0,211.0,,41.0,,False,
2025-09-28T03:00:00.000Z,Japan,Kansai,JP-KN,167.0,218.0,,39.0,,False,
2025-09-28T04:00:00.000Z,Japan,Kansai,JP-KN,184.0,236.0,,35.0,,False,
2025-09-28T05:00:00.000Z,Japan,Kansai,JP-KN,204.0,259.0,,29.0,,False,
2025-09-28T06:00:00.000Z,Japan,Kansai,JP-KN,230.0,288.0,,27.0,,False,
2025-09-28T07:00:00.000Z,Japan,Kansai,JP-KN,253.0,315.0,,22.0,,False,
2025-09-28T08:00:00.000Z,Japan,Kansai,JP-KN,259.0,324.0,,19.0,,False,
2025-09-28T09:00:00.000Z,Japan,Kansai,JP-KN,257.0,323.0,,19.0,,False,
2025-09-28T10:00:00.000Z,Japan,Kansai,JP-KN,257.0,323.0,,19.0,,False,
2025-09-28T11:00:00.000Z,Japan,Kansai,JP-KN,264.0,331.0,,17.0,,False,
2025-09-28T12:00:00.000Z,Japan,Kansai,JP-KN,263.0,328.0,,17.0,,False,
2025-09-28T13:00:00.000Z,Japan,Kansai,JP-KN,265.0,327.0,,17.0,,False,
2025-09-28T14:00:00.000Z,Japan,Kansai,JP-KN,278.0,336.0,,17.0,,False,
2025-09-28T15:00:00.000Z,Japan,Kansai,JP-KN,299.0,357.0,,15.0,,False,
2025-09-28T16:00:00.000Z,Japan,Kansai,JP-KN,297.0,353.0,,16.0,,False,
2025-09-28T17:00:00.000Z,Japan,Kansai,JP-KN,299.0,355.0,,16.0,,False,
2025-09-28T18:00:00.000Z,Japan,Kansai,JP-KN,295.0,351.0,,16.0,,False,
2025-09-28T19:00:00.000Z,Japan,Kansai,JP-KN,295.0,351.0,,16.0,,False,
2025-09-28T20:00:00.000Z,Japan,Kansai,JP-KN,292.0,346.0,,16.0,,False,
2025-09-28T21:00:00.000Z,Japan,Kansai,JP-KN,296.0,352.0,,17.0,,False,
2025-09-28T22:00:00.000Z,Japan,Kansai,JP-KN,283.0,341.0,,21.0,,False,
2025-09-28T23:00:00.000Z,Japan,Kansai,JP-KN,276.0,336.0,,23.0,,False,
2025-09-29T00:00:00.000Z,Japan,Kansai,JP-KN,266.0,328.0,,25.0,,False,
2025-09-29T01:00:00.000Z,Japan,Kansai,JP-KN,257.0,318.0,,28.0,,False,
2025-09-29T02:00:00.000Z,Japan,Kansai,JP-KN,242.0,303.0,,31.0,,False,
2025-09-29T03:00:00.000Z,Japan,Kansai,JP-KN,232.0,292.0,,33.0,,False,
2025-09-29T04:00:00.000Z,Japan,Kansai,JP-KN,239.0,300.0,,32.0,,False,
2025-09-29T05:00:00.000Z,Japan,Kansai,JP-KN,245.0,308.0,,29.0,,False,
2025-09-29T06:00:00.000Z,Japan,Kansai,JP-KN,255.0,320.0,,26.0,,False,
2025-09-29T07:00:00.000Z,Japan,Kansai,JP-KN,274.0,341.0,,22.0,,False,
2025-09-29T08:00:00.000Z,Japan,Kansai,JP-KN,282.0,348.0,,20.0,,False,
2025-09-29T09:00:00.000Z,Japan,Kansai,JP-KN,291.0,357.0,,19.0,,False,
2025-09-29T10:00:00.000Z,Japan,Kansai,JP-KN,299.0,365.0,,17.0,,False,
2025-09-29T11:00:00.000Z,Japan,Kansai,JP-KN,303.0,370.0,,15.0,,False,
2025-09-29T12:00:00.000Z,Japan,Kansai,JP-KN,295.0,362.0,,15.0,,False,
2025-09-29T13:00:00.000Z,Japan,Kansai,JP-KN,292.0,359.0,,14.0,,False,
2025-09-29T14:00:00.000Z,Japan,Kansai,JP-KN,289.0,352.0,,15.0,,False,
2025-09-29T15:00:00.000Z,Japan,Kansai,JP-KN,307.0,366.0,,14.0,,False,
2025-09-29T16:00:00.000Z,Japan,Kansai,JP-KN,314.0,372.0,,14.0,,False,
2025-09-29T17:00:00.000Z,Japan,Kansai,JP-KN,317.0,375.0,,14.0,,False,
2025-09-29T18:00:00.000Z,Japan,Kansai,JP-KN,305.0,364.0,,14.0,,False,
2025-09-29T19:00:00.000Z,Japan,Kansai,JP-KN,300.0,359.0,,15.0,,False,
2025-09-29T20:00:00.000Z,Japan,Kansai,JP-KN,296.0,355.0,,15.0,,False,
2025-09-29T21:00:00.000Z,Japan,Kansai,JP-KN,293.0,350.0,,16.0,,False,
2025-09-29T22:00:00.000Z,Japan,Kansai,JP-KN,262.0,318.0,,24.0,,False,
2025-09-29T23:00:00.000Z,Japan,Kansai,JP-KN,223.0,278.0,,34.0,,False,
2025-09-30T00:00:00.000Z,Japan,Kansai,JP-KN,197.0,249.0,,40.0,,False,
2025-09-30T01:00:00.000Z,Japan,Kansai,JP-KN,188.0,240.0,,42.0,,False,
2025-09-30T02:00:00.000Z,Japan,Kansai,JP-KN,187.0,239.0,,43.0,,False,
2025-09-30T03:00:00.000Z,Japan,Kansai,JP-KN,197.0,250.0,,40.0,,False,
2025-09-30T04:00:00.000Z,Japan,Kansai,JP-KN,211.0,265.0,,38.0,,False,
2025-09-30T05:00:00.000Z,Japan,Kansai,JP-KN,231.0,289.0,,34.0,,False,
2025-09-30T06:00:00.000Z,Japan,Kansai,JP-KN,260.0,322.0,,27.0,,False,
2025-09-30T07:00:00.000Z,Japan,Kansai,JP-KN,275.0,338.0,,24.0,,False,
2025-09-30T08:00:00.000Z,Japan,Kansai,JP-KN,289.0,352.0,,20.0,,False,
2025-09-30T09:00:00.000Z,Japan,Kansai,JP-KN,290.0,354.0,,19.0,,False,
2025-09-30T10:00:00.000Z,Japan,Kansai,JP-KN,296.0,360.0,,17.0,,False,
2025-09-30T11:00:00.000Z,Japan,Kansai,JP-KN,303.0,368.0,,16.0,,False,
2025-09-30T12:00:00.000Z,Japan,Kansai,JP-KN,305.0,371.0,,15.0,,False,
2025-09-30T13:00:00.000Z,Japan,Kansai,JP-KN,307.0,372.0,,14.0,,False,
2025-09-30T14:00:00.000Z,Japan,Kansai,JP-KN,300.0,363.0,,14.0,,False,
2025-09-30T15:00:00.000Z,Japan,Kansai,JP-KN,288.0,351.0,,13.0,,False,
2025-09-30T16:00:00.000Z,Japan,Kansai,JP-KN,284.0,347.0,,13.0,,False,
2025-09-30T17:00:00.000Z,Japan,Kansai,JP-KN,284.0,347.0,,12.0,,False,
2025-09-30T18:00:00.000Z,Japan,Kansai,JP-KN,289.0,353.0,,12.0,,False,
2025-09-30T19:00:00.000Z,Japan,Kansai,JP-KN,291.0,355.0,,12.0,,False,
2025-09-30T20:00:00.000Z,Japan,Kansai,JP-KN,288.0,351.0,,13.0,,False,
2025-09-30T21:00:00.000Z,Japan,Kansai,JP-KN,282.0,345.0,,15.0,,False,
2025-09-30T22:00:00.000Z,Japan,Kansai,JP-KN,252.0,313.0,,23.0,,False,
2025-09-30T23:00:00.000Z,Japan,Kansai,JP-KN,217.0,276.0,,33.0,,False,
2025-10-01T00:00:00.000Z,Japan,Kansai,JP-KN,189.0,247.0,,39.0,,False,
2025-10-01T01:00:00.000Z,Japan,Kansai,JP-KN,182.0,240.0,,41.0,,False,
2025-10-01T02:00:00.000Z,Japan,Kansai,JP-KN,178.0,235.0,,42.0,,False,
2025-10-01T03:00:00.000Z,Japan,Kansai,JP-KN,174.0,229.0,,43.0,,False,
2025-10-01T04:00:00.000Z,Japan,Kansai,JP-KN,188.0,245.0,,40.0,,False,
2025-10-01T05:00:00.000Z,Japan,Kansai,JP-KN,208.0,267.0,,35.0,,False,
2025-10-01T06:00:00.000Z,Japan,Kansai,JP-KN,235.0,297.0,,28.0,,False,
2025-10-01T07:00:00.000Z,Japan,Kansai,JP-KN,251.0,315.0,,24.0,,False,
2025-10-01T08:00:00.000Z,Japan,Kansai,JP-KN,253.0,316.0,,23.0,,False,
2025-10-01T09:00:00.000Z,Japan,Kansai,JP-KN,265.0,329.0,,21.0,,False,
2025-10-01T10:00:00.000Z,Japan,Kansai,JP-KN,273.0,338.0,,18.0,,False,
2025-10-01T11:00:00.000Z,Japan,Kansai,JP-KN,276.0,341.0,,17.0,,False,
2025-10-01T12:00:00.000Z,Japan,Kansai,JP-KN,282.0,348.0,,16.0,,False,
2025-10-01T13:00:00.000Z,Japan,Kansai,JP-KN,285.0,351.0,,15.0,,False,
2025-10-01T14:00:00.000Z,Japan,Kansai,JP-KN,288.0,355.0,,12.0,,False,
2025-10-01T15:00:00.000Z,Japan,Kansai,JP-KN,281.0,343.0,,13.0,,False,
2025-10-01T16:00:00.000Z,Japan,Kansai,JP-KN,287.0,348.0,,12.0,,False,
2025-10-01T17:00:00.000Z,Japan,Kansai,JP-KN,284.0,345.0,,13.0,,False,
2025-10-01T18:00:00.000Z,Japan,Kansai,JP-KN,285.0,346.0,,13.0,,False,
2025-10-01T19:00:00.000Z,Japan,Kansai,JP-KN,283.0,345.0,,13.0,,False,
2025-10-01T20:00:00.000Z,Japan,Kansai,JP-KN,286.0,347.0,,13.0,,False,
2025-10-01T21:00:00.000Z,Japan,Kansai,JP-KN,273.0,334.0,,15.0,,False,
2025-10-01T22:00:00.000Z,Japan,Kansai,JP-KN,265.0,326.0,,20.0,,False,
2025-10-01T23:00:00.000Z,Japan,Kansai,JP-KN,217.0,276.0,,32.0,,False,
2025-10-02T00:00:00.000Z,Japan,Kansai,JP-KN,199.0,257.0,,37.0,,False,
2025-10-02T01:00:00.000Z,Japan,Kansai,JP-KN,197.0,255.0,,37.0,,False,
2025-10-02T02:00:00.000Z,Japan,Kansai,JP-KN,197.0,255.0,,37.0,,False,
2025-10-02T03:00:00.000Z,Japan,Kansai,JP-KN,198.0,256.0,,36.0,,False,
2025-10-02T04:00:00.000Z,Japan,Kansai,JP-KN,215.0,274.0,,33.0,,False,
2025-10-02T05:00:00.000Z,Japan,Kansai,JP-KN,227.0,288.0,,30.0,,False,
2025-10-02T06:00:00.000Z,Japan,Kansai,JP-KN,240.0,304.0,,26.0,,False,
2025-10-02T07:00:00.000Z,Japan,Kansai,JP-KN,255.0,319.0,,23.0,,False,
2025-10-02T08:00:00.000Z,Japan,Kansai,JP-KN,266.0,331.0,,20.0,,False,
2025-10-02T09:00:00.000Z,Japan,Kansai,JP-KN,265.0,329.0,,20.0,,False,
2025-10-02T10:00:00.000Z,Japan,Kansai,JP-KN,265.0,329.0,,19.0,,False,
2025-10-02T11:00:00.000Z,Japan,Kansai,JP-KN,270.0,335.0,,17.0,,False,
2025-10-02T12:00:00.000Z,Japan,Kansai,JP-KN,269.0,334.0,,17.0,,False,
2025-10-02T13:00:00.000Z,Japan,Kansai,JP-KN,269.0,334.0,,16.0,,False,
2025-10-02T14:00:00.000Z,Japan,Kansai,JP-KN,271.0,337.0,,15.0,,False,
2025-10-02T15:00:00.000Z,Japan,Kansai,JP-KN,277.0,343.0,,11.0,,False,
2025-10-02T16:00:00.000Z,Japan,Kansai,JP-KN,283.0,350.0,,10.0,,False,
2025-10-02T17:00:00.000Z,Japan,Kansai,JP-KN,290.0,358.0,,10.0,,False,
2025-10-02T18:00:00.000Z,Japan,Kansai,JP-KN,290.0,358.0,,10.0,,False,
2025-10-02T19:00:00.000Z,Japan,Kansai,JP-KN,293.0,361.0,,10.0,,False,
2025-10-02T20:00:00.000Z,Japan,Kansai,JP-KN,289.0,357.0,,10.0,,False,
2025-10-02T21:00:00.000Z,Japan,Kansai,JP-KN,287.0,353.0,,12.0,,False,
2025-10-02T22:00:00.000Z,Japan,Kansai,JP-KN,282.0,347.0,,14.0,,False,
2025-10-02T23:00:00.000Z,Japan,Kansai,JP-KN,281.0,348.0,,17.0,,False,
2025-10-03T00:00:00.000Z,Japan,Kansai,JP-KN,269.0,336.0,,20.0,,False,
2025-10-03T01:00:00.000Z,Japan,Kansai,JP-KN,267.0,332.0,,22.0,,False,
2025-10-03T02:00:00.000Z,Japan,Kansai,JP-KN,260.0,324.0,,24.0,,False,
2025-10-03T03:00:00.000Z,Japan,Kansai,JP-KN,257.0,322.0,,23.0,,False,
2025-10-03T04:00:00.000Z,Japan,Kansai,JP-KN,261.0,327.0,,22.0,,False,
2025-10-03T05:00:00.000Z,Japan,Kansai,JP-KN,259.0,325.0,,22.0,,False,
2025-10-03T06:00:00.000Z,Japan,Kansai,JP-KN,247.0,311.0,,24.0,,False,
2025-10-03T07:00:00.000Z,Japan,Kansai,JP-KN,265.0,331.0,,20.0,,False,
2025-10-03T08:00:00.000Z,Japan,Kansai,JP-KN,274.0,341.0,,18.0,,False,
2025-10-03T09:00:00.000Z,Japan,Kansai,JP-KN,282.0,349.0,,16.0,,False,
2025-10-03T10:00:00.000Z,Japan,Kansai,JP-KN,288.0,356.0,,15.0,,False,
2025-10-03T11:00:00.000Z,Japan,Kansai,JP-KN,282.0,350.0,,14.0,,False,
2025-10-03T12:00:00.000Z,Japan,Kansai,JP-KN,285.0,352.0,,14.0,,False,
2025-10-03T13:00:00.000Z,Japan,Kansai,JP-KN,292.0,360.0,,12.0,,False,
2025-10-03T14:00:00.000Z,Japan,Kansai,JP-KN,279.0,346.0,,13.0,,False,
2025-10-03T15:00:00.000Z,Japan,Kansai,JP-KN,267.0,332.0,,13.0,,False,
2025-10-03T16:00:00.000Z,Japan,Kansai,JP-KN,266.0,332.0,,13.0,,False,
2025-10-03T17:00:00.000Z,Japan,Kansai,JP-KN,269.0,334.0,,13.0,,False,
2025-10-03T18:00:00.000Z,Japan,Kansai,JP-KN,270.0,336.0,,13.0,,False,
2025-10-03T19:00:00.000Z,Japan,Kansai,JP-KN,266.0,333.0,,13.0,,False,
2025-10-03T20:00:00.000Z,Japan,Kansai,JP-KN,264.0,329.0,,14.0,,False,
2025-10-03T21:00:00.000Z,Japan,Kansai,JP-KN,263.0,328.0,,14.0,,False,
2025-10-03T22:00:00.000Z,Japan,Kansai,JP-KN,256.0,320.0,,16.0,,False,
2025-10-03T23:00:00.000Z,Japan,Kansai,JP-KN,244.0,308.0,,19.0,,False,
2025-10-04T00:00:00.000Z,Japan,Kansai,JP-KN,239.0,302.0,,20.0,,False,
2025-10-04T01:00:00.000Z,Japan,Kansai,JP-KN,237.0,299.0,,22.0,,False,
2025-10-04T02:00:00.000Z,Japan,Kansai,JP-KN,234.0,296.0,,23.0,,False,
2025-10-04T03:00:00.000Z,Japan,Kansai,JP-KN,232.0,294.0,,24.0,,False,
2025-10-04T04:00:00.000Z,Japan,Kansai,JP-KN,230.0,292.0,,24.0,,False,
2025-10-04T05:00:00.000Z,Japan,Kansai,JP-KN,229.0,291.0,,24.0,,False,
2025-10-04T06:00:00.000Z,Japan,Kansai,JP-KN,229.0,290.0,,23.0,,False,
2025-10-04T07:00:00.000Z,Japan,Kansai,JP-KN,218.0,279.0,,22.0,,False,
2025-10-04T08:00:00.000Z,Japan,Kansai,JP-KN,228.0,290.0,,20.0,,False,
2025-10-04T09:00:00.000Z,Japan,Kansai,JP-KN,231.0,292.0,,20.0,,False,
2025-10-04T10:00:00.000Z,Japan,Kansai,JP-KN,239.0,302.0,,18.0,,False,
2025-10-04T11:00:00.000Z,Japan,Kansai,JP-KN,242.0,305.0,,17.0,,False,
2025-10-04T12:00:00.000Z,Japan,Kansai,JP-KN,246.0,309.0,,16.0,,False,
2025-10-04T13:00:00.000Z,Japan,Kansai,JP-KN,253.0,317.0,,16.0,,False,
2025-10-04T14:00:00.000Z,Japan,Kansai,JP-KN,252.0,316.0,,15.0,,False,
2025-10-04T15:00:00.000Z,Japan,Kansai,JP-KN,245.0,308.0,,14.0,,False,
2025-10-04T16:00:00.000Z,Japan,Kansai,JP-KN,246.0,309.0,,14.0,,False,
2025-10-04T17:00:00.000Z,Japan,Kansai,JP-KN,247.0,311.0,,14.0,,False,
2025-10-04T18:00:00.000Z,Japan,Kansai,JP-KN,248.0,313.0,,14.0,,False,
2025-10-04T19:00:00.000Z,Japan,Kansai,JP-KN,245.0,310.0,,14.0,,False,
2025-10-04T20:00:00.000Z,Japan,Kansai,JP-KN,238.0,302.0,,14.0,,False,
2025-10-04T21:00:00.000Z,Japan,Kansai,JP-KN,238.0,302.0,,15.0,,False,
2025-10-04T22:00:00.000Z,Japan,Kansai,JP-KN,225.0,288.0,,20.0,,False,
2025-10-04T23:00:00.000Z,Japan,Kansai,JP-KN,207.0,269.0,,26.0,,False,
2025-10-05T00:00:00.000Z,Japan,Kansai,JP-KN,190.0,251.0,,30.0,,False,
2025-10-05T01:00:00.000Z,Japan,Kansai,JP-KN,179.0,238.0,,33.0,,False,
2025-10-05T02:00:00.000Z,Japan,Kansai,JP-KN,172.0,231.0,,34.0,,False,
2025-10-05T03:00:00.000Z,Japan,Kansai,JP-KN,166.0,223.0,,36.0,,False,
2025-10-05T04:00:00.000Z,Japan,Kansai,JP-KN,179.0,237.0,,34.0,,False,
2025-10-05T05:00:00.000Z,Japan,Kansai,JP-KN,191.0,250.0,,31.0,,False,
2025-10-05T06:00:00.000Z,Japan,Kansai,JP-KN,209.0,270.0,,28.0,,False,
2025-10-05T07:00:00.000Z,Japan,Kansai,JP-KN,223.0,286.0,,22.0,,False,
2025-10-05T08:00:00.000Z,Japan,Kansai,JP-KN,229.0,292.0,,20.0,,False,
2025-10-05T09:00:00.000Z,Japan,Kansai,JP-KN,233.0,296.0,,20.0,,False,
2025-10-05T10:00:00.000Z,Japan,Kansai,JP-KN,231.0,293.0,,20.0,,False,
2025-10-05T11:00:00.000Z,Japan,Kansai,JP-KN,235.0,298.0,,18.0,,False,
2025-10-05T12:00:00.000Z,Japan,Kansai,JP-KN,243.0,305.0,,18.0,,False,
2025-10-05T13:00:00.000Z,Japan,Kansai,JP-KN,254.0,317.0,,16.0,,False,
2025-10-05T14:00:00.000Z,Japan,Kansai,JP-KN,266.0,329.0,,14.0,,False,
2025-10-05T15:00:00.000Z,Japan,Kansai,JP-KN,269.0,331.0,,13.0,,False,
2025-10-05T16:00:00.000Z,Japan,Kansai,JP-KN,275.0,340.0,,13.0,,False,
2025-10-05T17:00:00.000Z,Japan,Kansai,JP-KN,278.0,343.0,,12.0,,False,
2025-10-05T18:00:00.000Z,Japan,Kansai,JP-KN,274.0,339.0,,13.0,,False,
2025-10-05T19:00:00.000Z,Japan,Kansai,JP-KN,271.0,336.0,,13.0,,False,
2025-10-05T20:00:00.000Z,Japan,Kansai,JP-KN,264.0,329.0,,13.0,,False,
2025-10-05T21:00:00.000Z,Japan,Kansai,JP-KN,259.0,322.0,,15.0,,False,
2025-10-05T22:00:00.000Z,Japan,Kansai,JP-KN,241.0,302.0,,22.0,,False,
2025-10-05T23:00:00.000Z,Japan,Kansai,JP-KN,217.0,277.0,,31.0,,False,
2025-10-06T00:00:00.000Z,Japan,Kansai,JP-KN,196.0,254.0,,37.0,,False,
2025-10-06T01:00:00.000Z,Japan,Kansai,JP-KN,184.0,241.0,,41.0,,False,
2025-10-06T02:00:00.000Z,Japan,Kansai,JP-KN,176.0,232.0,,43.0,,False,
2025-10-06T03:00:00.000Z,Japan,Kansai,JP-KN,166.0,221.0,,45.0,,False,
2025-10-06T04:00:00.000Z,Japan,Kansai,JP-KN,177.0,234.0,,43.0,,False,
2025-10-06T05:00:00.000Z,Japan,Kansai,JP-KN,195.0,253.0,,38.0,,False,
2025-10-06T06:00:00.000Z,Japan,Kansai,JP-KN,220.0,280.0,,32.0,,False,
2025-10-06T07:00:00.000Z,Japan,Kansai,JP-KN,235.0,296.0,,28.0,,False,
2025-10-06T08:00:00.000Z,Japan,Kansai,JP-KN,256.0,321.0,,21.0,,False,
2025-10-06T09:00:00.000Z,Japan,Kansai,JP-KN,257.0,322.0,,20.0,,False,
2025-10-06T10:00:00.000Z,Japan,Kansai,JP-KN,261.0,325.0,,19.0,,False,
2025-10-06T11:00:00.000Z,Japan,Kansai,JP-KN,265.0,330.0,,17.0,,False,
2025-10-06T12:00:00.000Z,Japan,Kansai,JP-KN,274.0,339.0,,15.0,,False,
2025-10-06T13:00:00.000Z,Japan,Kansai,JP-KN,272.0,337.0,,15.0,,False,
2025-10-06T14:00:00.000Z,Japan,Kansai,JP-KN,270.0,335.0,,14.0,,False,
2025-10-06T15:00:00.000Z,Japan,Kansai,JP-KN,269.0,334.0,,13.0,,False,
2025-10-06T16:00:00.000Z,Japan,Kansai,JP-KN,268.0,332.0,,12.0,,False,
2025-10-06T17:00:00.000Z,Japan,Kansai,JP-KN,275.0,340.0,,11.0,,False,
2025-10-06T18:00:00.000Z,Japan,Kansai,JP-KN,273.0,339.0,,11.0,,False,
2025-10-06T19:00:00.000Z,Japan,Kansai,JP-KN,273.0,339.0,,11.0,,False,
2025-10-06T20:00:00.000Z,Japan,Kansai,JP-KN,265.0,330.0,,12.0,,False,
2025-10-06T21:00:00.000Z,Japan,Kansai,JP-KN,269.0,333.0,,13.0,,False,
2025-10-06T22:00:00.000Z,Japan,Kansai,JP-KN,241.0,303.0,,22.0,,False,
2025-10-06T23:00:00.000Z,Japan,Kansai,JP-KN,217.0,277.0,,32.0,,False,
2025-10-07T00:00:00.000Z,Japan,Kansai,JP-KN,198.0,258.0,,38.0,,False,
2025-10-07T01:00:00.000Z,Japan,Kansai,JP-KN,182.0,241.0,,41.0,,False,
2025-10-07T02:00:00.000Z,Japan,Kansai,JP-KN,171.0,230.0,,42.0,,False,
2025-10-07T03:00:00.000Z,Japan,Kansai,JP-KN,177.0,236.0,,41.0,,False,
2025-10-07T04:00:00.000Z,Japan,Kansai,JP-KN,189.0,248.0,,39.0,,False,
2025-10-07T05:00:00.000Z,Japan,Kansai,JP-KN,210.0,272.0,,34.0,,False,
2025-10-07T06:00:00.000Z,Japan,Kansai,JP-KN,228.0,291.0,,29.0,,False,
2025-10-07T07:00:00.000Z,Japan,Kansai,JP-KN,235.0,299.0,,27.0,,False,
2025-10-07T08:00:00.000Z,Japan,Kansai,JP-KN,260.0,327.0,,21.0,,False,
2025-10-07T09:00:00.000Z,Japan,Kansai,JP-KN,262.0,329.0,,20.0,,False,
2025-10-07T10:00:00.000Z,Japan,Kansai,JP-KN,269.0,336.0,,17.0,,False,
2025-10-07T11:00:00.000Z,Japan,Kansai,JP-KN,265.0,332.0,,16.0,,False,
2025-10-07T12:00:00.000Z,Japan,Kansai,JP-KN,264.0,330.0,,15.0,,False,
2025-10-07T13:00:00.000Z,Japan,Kansai,JP-KN,265.0,331.0,,14.0,,False,
2025-10-07T14:00:00.000Z,Japan,Kansai,JP-KN,259.0,325.0,,14.0,,False,
2025-10-07T15:00:00.000Z,Japan,Kansai,JP-KN,267.0,334.0,,11.0,,False,
2025-10-07T16:00:00.000Z,Japan,Kansai,JP-KN,275.0,342.0,,10.0,,False,
2025-10-07T17:00:00.000Z,Japan,Kansai,JP-KN,274.0,343.0,,9.0,,False,
2025-10-07T18:00:00.000Z,Japan,Kansai,JP-KN,277.0,346.0,,9.0,,False,
2025-10-07T19:00:00.000Z,Japan,Kansai,JP-KN,274.0,343.0,,9.0,,False,
2025-10-07T20:00:00.000Z,Japan,Kansai,JP-KN,273.0,342.0,,9.0,,False,
2025-10-07T21:00:00.000Z,Japan,Kansai,JP-KN,270.0,338.0,,10.0,,False,
2025-10-07T22:00:00.000Z,Japan,Kansai,JP-KN,263.0,329.0,,16.0,,False,
2025-10-07T23:00:00.000Z,Japan,Kansai,JP-KN,241.0,305.0,,24.0,,False,
2025-10-08T00:00:00.000Z,Japan,Kansai,JP-KN,211.0,273.0,,32.0,,False,
2025-10-08T01:00:00.000Z,Japan,Kansai,JP-KN,196.0,256.0,,37.0,,False,
2025-10-08T02:00:00.000Z,Japan,Kansai,JP-KN,190.0,250.0,,39.0,,False,
2025-10-08T03:00:00.000Z,Japan,Kansai,JP-KN,195.0,255.0,,38.0,,False,
2025-10-08T04:00:00.000Z,Japan,Kansai,JP-KN,208.0,271.0,,35.0,,False,
2025-10-08T05:00:00.000Z,Japan,Kansai,JP-KN,223.0,287.0,,32.0,,False,
2025-10-08T06:00:00.000Z,Japan,Kansai,JP-KN,231.0,295.0,,29.0,,False,
2025-10-08T07:00:00.000Z,Japan,Kansai,JP-KN,240.0,305.0,,27.0,,False,
2025-10-08T08:00:00.000Z,Japan,Kansai,JP-KN,248.0,314.0,,24.0,,False,
2025-10-08T09:00:00.000Z,Japan,Kansai,JP-KN,256.0,322.0,,22.0,,False,
2025-10-08T10:00:00.000Z,Japan,Kansai,JP-KN,259.0,324.0,,21.0,,False,
2025-10-08T11:00:00.000Z,Japan,Kansai,JP-KN,271.0,339.0,,17.0,,False,
2025-10-08T12:00:00.000Z,Japan,Kansai,JP-KN,269.0,337.0,,15.0,,False,
2025-10-08T13:00:00.000Z,Japan,Kansai,JP-KN,271.0,339.0,,13.0,,False,
2025-10-08T14:00:00.000Z,Japan,Kansai,JP-KN,270.0,336.0,,13.0,,False,
2025-10-08T15:00:00.000Z,Japan,Kansai,JP-KN,272.0,339.0,,11.0,,False,
2025-10-08T16:00:00.000Z,Japan,Kansai,JP-KN,266.0,333.0,,11.0,,False,
2025-10-08T17:00:00.000Z,Japan,Kansai,JP-KN,265.0,332.0,,11.0,,False,
2025-10-08T18:00:00.000Z,Japan,Kansai,JP-KN,269.0,336.0,,12.0,,False,
2025-10-08T19:00:00.000Z,Japan,Kansai,JP-KN,271.0,338.0,,12.0,,False,
2025-10-08T20:00:00.000Z,Japan,Kansai,JP-KN,270.0,337.0,,11.0,,False,
2025-10-08T21:00:00.000Z,Japan,Kansai,JP-KN,270.0,337.0,,13.0,,False,
2025-10-08T22:00:00.000Z,Japan,Kansai,JP-KN,245.0,309.0,,21.0,,False,
2025-10-08T23:00:00.000Z,Japan,Kansai,JP-KN,222.0,284.0,,30.0,,False,
2025-10-09T00:00:00.000Z,Japan,Kansai,JP-KN,198.0,258.0,,37.0,,False,
2025-10-09T01:00:00.000Z,Japan,Kansai,JP-KN,183.0,242.0,,40.0,,False,
2025-10-09T02:00:00.000Z,Japan,Kansai,JP-KN,177.0,236.0,,42.0,,False,
2025-10-09T03:00:00.000Z,Japan,Kansai,JP-KN,175.0,233.0,,42.0,,False,
2025-10-09T04:00:00.000Z,Japan,Kansai,JP-KN,186.0,245.0,,39.0,,False,
2025-10-09T05:00:00.000Z,Japan,Kansai,JP-KN,203.0,263.0,,36.0,,False,
2025-10-09T06:00:00.000Z,Japan,Kansai,JP-KN,225.0,287.0,,29.0,,False,
2025-10-09T07:00:00.000Z,Japan,Kansai,JP-KN,247.0,312.0,,23.0,,False,
2025-10-09T08:00:00.000Z,Japan,Kansai,JP-KN,261.0,327.0,,19.0,,False,
2025-10-09T09:00:00.000Z,Japan,Kansai,JP-KN,260.0,326.0,,18.0,,False,
2025-10-09T10:00:00.000Z,Japan,Kansai,JP-KN,268.0,335.0,,16.0,,False,
2025-10-09T11:00:00.000Z,Japan,Kansai,JP-KN,271.0,340.0,,15.0,,False,
2025-10-09T12:00:00.000Z,Japan,Kansai,JP-KN,276.0,345.0,,13.0,,False,
2025-10-09T13:00:00.000Z,Japan,Kansai,JP-KN,281.0,352.0,,12.0,,False,
2025-10-09T14:00:00.000Z,Japan,Kansai,JP-KN,283.0,354.0,,10.0,,False,
2025-10-09T15:00:00.000Z,Japan,Kansai,JP-KN,277.0,346.0,,10.0,,False,
2025-10-09T16:00:00.000Z,Japan,Kansai,JP-KN,280.0,349.0,,10.0,,False,
2025-10-09T17:00:00.000Z,Japan,Kansai,JP-KN,281.0,350.0,,10.0,,False,
2025-10-09T18:00:00.000Z,Japan,Kansai,JP-KN,275.0,345.0,,10.0,,False,
2025-10-09T19:00:00.000Z,Japan,Kansai,JP-KN,274.0,344.0,,10.0,,False,
2025-10-09T20:00:00.000Z,Japan,Kansai,JP-KN,267.0,336.0,,11.0,,False,
2025-10-09T21:00:00.000Z,Japan,Kansai,JP-KN,267.0,335.0,,12.0,,False,
2025-10-09T22:00:00.000Z,Japan,Kansai,JP-KN,252.0,317.0,,20.0,,False,
2025-10-09T23:00:00.000Z,Japan,Kansai,JP-KN,222.0,285.0,,30.0,,False,
2025-10-10T00:00:00.000Z,Japan,Kansai,JP-KN,195.0,256.0,,36.0,,False,
2025-10-10T01:00:00.000Z,Japan,Kansai,JP-KN,179.0,238.0,,40.0,,False,
2025-10-10T02:00:00.000Z,Japan,Kansai,JP-KN,179.0,238.0,,40.0,,False,
2025-10-10T03:00:00.000Z,Japan,Kansai,JP-KN,182.0,241.0,,39.0,,False,
2025-10-10T04:00:00.000Z,Japan,Kansai,JP-KN,199.0,260.0,,36.0,,False,
2025-10-10T05:00:00.000Z,Japan,Kansai,JP-KN,221.0,284.0,,32.0,,False,
2025-10-10T06:00:00.000Z,Japan,Kansai,JP-KN,250.0,316.0,,25.0,,False,
2025-10-10T07:00:00.000Z,Japan,Kansai,JP-KN,263.0,330.0,,21.0,,False,
2025-10-10T08:00:00.000Z,Japan,Kansai,JP-KN,270.0,337.0,,18.0,,False,
2025-10-10T09:00:00.000Z,Japan,Kansai,JP-KN,271.0,338.0,,17.0,,False,
2025-10-10T10:00:00.000Z,Japan,Kansai,JP-KN,280.0,348.0,,15.0,,False,
2025-10-10T11:00:00.000Z,Japan,Kansai,JP-KN,282.0,351.0,,13.0,,False,
2025-10-10T12:00:00.000Z,Japan,Kansai,JP-KN,286.0,356.0,,12.0,,False,
2025-10-10T13:00:00.000Z,Japan,Kansai,JP-KN,287.0,357.0,,10.0,,False,
2025-10-10T14:00:00.000Z,Japan,Kansai,JP-KN,271.0,342.0,,10.0,,False,
2025-10-10T15:00:00.000Z,Japan,Kansai,JP-KN,249.0,319.0,,10.0,,False,
2025-10-10T16:00:00.000Z,Japan,Kansai,JP-KN,252.0,323.0,,9.0,,False,
2025-10-10T17:00:00.000Z,Japan,Kansai,JP-KN,254.0,326.0,,9.0,,False,
2025-10-10T18:00:00.000Z,Japan,Kansai,JP-KN,253.0,324.0,,9.0,,False,
2025-10-10T19:00:00.000Z,Japan,Kansai,JP-KN,251.0,322.0,,10.0,,False,
2025-10-10T20:00:00.000Z,Japan,Kansai,JP-KN,253.0,323.0,,10.0,,False,
2025-10-10T21:00:00.000Z,Japan,Kansai,JP-KN,249.0,319.0,,10.0,,False,
2025-10-10T22:00:00.000Z,Japan,Kansai,JP-KN,240.0,308.0,,15.0,,False,
2025-10-10T23:00:00.000Z,Japan,Kansai,JP-KN,221.0,288.0,,21.0,,False,
2025-10-11T00:00:00.000Z,Japan,Kansai,JP-KN,206.0,270.0,,26.0,,False,
2025-10-11T01:00:00.000Z,Japan,Kansai,JP-KN,190.0,252.0,,31.0,,False,
2025-10-11T02:00:00.000Z,Japan,Kansai,JP-KN,180.0,241.0,,34.0,,False,
2025-10-11T03:00:00.000Z,Japan,Kansai,JP-KN,179.0,238.0,,34.0,,False,
2025-10-11T04:00:00.000Z,Japan,Kansai,JP-KN,186.0,247.0,,33.0,,False,
2025-10-11T05:00:00.000Z,Japan,Kansai,JP-KN,191.0,253.0,,31.0,,False,
2025-10-11T06:00:00.000Z,Japan,Kansai,JP-KN,209.0,273.0,,26.0,,False,
2025-10-11T07:00:00.000Z,Japan,Kansai,JP-KN,222.0,287.0,,21.0,,False,
2025-10-11T08:00:00.000Z,Japan,Kansai,JP-KN,238.0,305.0,,18.0,,False,
2025-10-11T09:00:00.000Z,Japan,Kansai,JP-KN,242.0,310.0,,16.0,,False,
2025-10-11T10:00:00.000Z,Japan,Kansai,JP-KN,242.0,310.0,,16.0,,False,
2025-10-11T11:00:00.000Z,Japan,Kansai,JP-KN,247.0,315.0,,14.0,,False,
2025-10-11T12:00:00.000Z,Japan,Kansai,JP-KN,252.0,320.0,,13.0,,False,
2025-10-11T13:00:00.000Z,Japan,Kansai,JP-KN,253.0,320.0,,11.0,,False,
2025-10-11T14:00:00.000Z,Japan,Kansai,JP-KN,259.0,326.0,,11.0,,False,
2025-10-11T15:00:00.000Z,Japan,Kansai,JP-KN,256.0,323.0,,10.0,,False,
2025-10-11T16:00:00.000Z,Japan,Kansai,JP-KN,256.0,325.0,,10.0,,False,
2025-10-11T17:00:00.000Z,Japan,Kansai,JP-KN,259.0,328.0,,10.0,,False,
2025-10-11T18:00:00.000Z,Japan,Kansai,JP-KN,258.0,328.0,,9.0,,False,
2025-10-11T19:00:00.000Z,Japan,Kansai,JP-KN,254.0,324.0,,9.0,,False,
2025-10-11T20:00:00.000Z,Japan,Kansai,JP-KN,248.0,317.0,,10.0,,False,
2025-10-11T21:00:00.000Z,Japan,Kansai,JP-KN,242.0,308.0,,11.0,,False,
2025-10-11T22:00:00.000Z,Japan,Kansai,JP-KN,234.0,298.0,,15.0,,False,
2025-10-11T23:00:00.000Z,Japan,Kansai,JP-KN,212.0,274.0,,21.0,,False,
2025-10-12T00:00:00.000Z,Japan,Kansai,JP-KN,199.0,259.0,,25.0,,False,
2025-10-12T01:00:00.000Z,Japan,Kansai,JP-KN,192.0,252.0,,27.0,,False,
2025-10-12T02:00:00.000Z,Japan,Kansai,JP-KN,197.0,257.0,,26.0,,False,
2025-10-12T03:00:00.000Z,Japan,Kansai,JP-KN,190.0,249.0,,28.0,,False,
2025-10-12T04:00:00.000Z,Japan,Kansai,JP-KN,189.0,249.0,,28.0,,False,
2025-10-12T05:00:00.000Z,Japan,Kansai,JP-KN,201.0,263.0,,26.0,,False,
2025-10-12T06:00:00.000Z,Japan,Kansai,JP-KN,220.0,284.0,,22.0,,False,
2025-10-12T07:00:00.000Z,Japan,Kansai,JP-KN,235.0,302.0,,18.0,,False,
2025-10-12T08:00:00.000Z,Japan,Kansai,JP-KN,239.0,306.0,,17.0,,False,
2025-10-12T09:00:00.000Z,Japan,Kansai,JP-KN,238.0,305.0,,17.0,,False,
2025-10-12T10:00:00.000Z,Japan,Kansai,JP-KN,237.0,303.0,,17.0,,False,
2025-10-12T11:00:00.000Z,Japan,Kansai,JP-KN,245.0,311.0,,16.0,,False,
2025-10-12T12:00:00.000Z,Japan,Kansai,JP-KN,247.0,314.0,,14.0,,False,
2025-10-12T13:00:00.000Z,Japan,Kansai,JP-KN,248.0,315.0,,13.0,,False,
2025-10-12T14:00:00.000Z,Japan,Kansai,JP-KN,253.0,318.0,,13.0,,False,
2025-10-12T15:00:00.000Z,Japan,Kansai,JP-KN,258.0,322.0,,12.0,,False,
2025-10-12T16:00:00.000Z,Japan,Kansai,JP-KN,261.0,325.0,,11.0,,False,
2025-10-12T17:00:00.000Z,Japan,Kansai,JP-KN,264.0,330.0,,10.0,,False,
2025-10-12T18:00:00.000Z,Japan,Kansai,JP-KN,267.0,335.0,,10.0,,False,
2025-10-12T19:00:00.000Z,Japan,Kansai,JP-KN,268.0,336.0,,10.0,,False,
2025-10-12T20:00:00.000Z,Japan,Kansai,JP-KN,265.0,333.0,,9.0,,False,
2025-10-12T21:00:00.000Z,Japan,Kansai,JP-KN,255.0,321.0,,12.0,,False,
2025-10-12T22:00:00.000Z,Japan,Kansai,JP-KN,230.0,292.0,,20.0,,False,
2025-10-12T23:00:00.000Z,Japan,Kansai,JP-KN,200.0,259.0,,29.0,,False,
2025-10-13T00:00:00.000Z,Japan,Kansai,JP-KN,187.0,244.0,,33.0,,False,
2025-10-13T01:00:00.000Z,Japan,Kansai,JP-KN,177.0,234.0,,37.0,,False,
2025-10-13T02:00:00.000Z,Japan,Kansai,JP-KN,180.0,237.0,,37.0,,False,
2025-10-13T03:00:00.000Z,Japan,Kansai,JP-KN,178.0,234.0,,37.0,,False,
2025-10-13T04:00:00.000Z,Japan,Kansai,JP-KN,188.0,247.0,,36.0,,False,
2025-10-13T05:00:00.000Z,Japan,Kansai,JP-KN,203.0,264.0,,32.0,,False,
2025-10-13T06:00:00.000Z,Japan,Kansai,JP-KN,228.0,292.0,,25.0,,False,
2025-10-13T07:00:00.000Z,Japan,Kansai,JP-KN,242.0,307.0,,21.0,,False,
2025-10-13T08:00:00.000Z,Japan,Kansai,JP-KN,247.0,312.0,,19.0,,False,
2025-10-13T09:00:00.000Z,Japan,Kansai,JP-KN,247.0,312.0,,18.0,,False,
2025-10-13T10:00:00.000Z,Japan,Kansai,JP-KN,254.0,319.0,,16.0,,False,
2025-10-13T11:00:00.000Z,Japan,Kansai,JP-KN,257.0,323.0,,14.0,,False,
2025-10-13T12:00:00.000Z,Japan,Kansai,JP-KN,260.0,328.0,,12.0,,False,
2025-10-13T13:00:00.000Z,Japan,Kansai,JP-KN,262.0,329.0,,12.0,,False,
2025-10-13T14:00:00.000Z,Japan,Kansai,JP-KN,269.0,336.0,,11.0,,False,
2025-10-13T15:00:00.000Z,Japan,Kansai,JP-KN,271.0,338.0,,10.0,,False,
2025-10-13T16:00:00.000Z,Japan,Kansai,JP-KN,278.0,346.0,,8.0,,False,
2025-10-13T17:00:00.000Z,Japan,Kansai,JP-KN,281.0,351.0,,8.0,,False,
2025-10-13T18:00:00.000Z,Japan,Kansai,JP-KN,281.0,351.0,,8.0,,False,
2025-10-13T19:00:00.000Z,Japan,Kansai,JP-KN,283.0,354.0,,7.0,,False,
2025-10-13T20:00:00.000Z,Japan,Kansai,JP-KN,283.0,352.0,,8.0,,False,
2025-10-13T21:00:00.000Z,Japan,Kansai,JP-KN,281.0,350.0,,9.0,,False,
2025-10-13T22:00:00.000Z,Japan,Kansai,JP-KN,267.0,335.0,,15.0,,False,
2025-10-13T23:00:00.000Z,Japan,Kansai,JP-KN,246.0,313.0,,23.0,,False,
2025-10-14T00:00:00.000Z,Japan,Kansai,JP-KN,222.0,287.0,,30.0,,False,
2025-10-14T01:00:00.000Z,Japan,Kansai,JP-KN,212.0,276.0,,34.0,,False,
2025-10-14T02:00:00.000Z,Japan,Kansai,JP-KN,206.0,270.0,,35.0,,False,
2025-10-14T03:00:00.000Z,Japan,Kansai,JP-KN,214.0,278.0,,33.0,,False,
2025-10-14T04:00:00.000Z,Japan,Kansai,JP-KN,218.0,282.0,,31.0,,False,
2025-10-14T05:00:00.000Z,Japan,Kansai,JP-KN,233.0,298.0,,28.0,,False,
2025-10-14T06:00:00.000Z,Japan,Kansai,JP-KN,248.0,314.0,,25.0,,False,
2025-10-14T07:00:00.000Z,Japan,Kansai,JP-KN,236.0,300.0,,27.0,,False,
2025-10-14T08:00:00.000Z,Japan,Kansai,JP-KN,257.0,323.0,,21.0,,False,
2025-10-14T09:00:00.000Z,Japan,Kansai,JP-KN,271.0,339.0,,18.0,,False,
2025-10-14T10:00:00.000Z,Japan,Kansai,JP-KN,283.0,351.0,,15.0,,False,
2025-10-14T11:00:00.000Z,Japan,Kansai,JP-KN,281.0,349.0,,14.0,,False,
2025-10-14T12:00:00.000Z,Japan,Kansai,JP-KN,284.0,352.0,,12.0,,False,
2025-10-14T13:00:00.000Z,Japan,Kansai,JP-KN,283.0,350.0,,12.0,,False,
2025-10-14T14:00:00.000Z,Japan,Kansai,JP-KN,285.0,353.0,,11.0,,False,
2025-10-14T15:00:00.000Z,Japan,Kansai,JP-KN,277.0,343.0,,12.0,,False,
2025-10-14T16:00:00.000Z,Japan,Kansai,JP-KN,276.0,342.0,,11.0,,False,
2025-10-14T17:00:00.000Z,Japan,Kansai,JP-KN,277.0,344.0,,11.0,,False,
2025-10-14T18:00:00.000Z,Japan,Kansai,JP-KN,285.0,353.0,,10.0,,False,
2025-10-14T19:00:00.000Z,Japan,Kansai,JP-KN,284.0,352.0,,10.0,,False,
2025-10-14T20:00:00.000Z,Japan,Kansai,JP-KN,286.0,353.0,,10.0,,False,
2025-10-14T21:00:00.000Z,Japan,Kansai,JP-KN,289.0,357.0,,10.0,,False,
2025-10-14T22:00:00.000Z,Japan,Kansai,JP-KN,275.0,342.0,,15.0,,False,
2025-10-14T23:00:00.000Z,Japan,Kansai,JP-KN,254.0,319.0,,22.0,,False,
2025-10-15T00:00:00.000Z,Japan,Kansai,JP-KN,247.0,312.0,,25.0,,False,
2025-10-15T01:00:00.000Z,Japan,Kansai,JP-KN,239.0,302.0,,28.0,,False,
2025-10-15T02:00:00.000Z,Japan,Kansai,JP-KN,233.0,296.0,,29.0,,False,
2025-10-15T03:00:00.000Z,Japan,Kansai,JP-KN,230.0,293.0,,31.0,,False,
2025-10-15T04:00:00.000Z,Japan,Kansai,JP-KN,238.0,302.0,,28.0,,False,
2025-10-15T05:00:00.000Z,Japan,Kansai,JP-KN,247.0,313.0,,25.0,,False,
2025-10-15T06:00:00.000Z,Japan,Kansai,JP-KN,257.0,324.0,,22.0,,False,
2025-10-15T07:00:00.000Z,Japan,Kansai,JP-KN,251.0,316.0,,23.0,,False,
2025-10-15T08:00:00.000Z,Japan,Kansai,JP-KN,259.0,325.0,,20.0,,False,
2025-10-15T09:00:00.000Z,Japan,Kansai,JP-KN,265.0,332.0,,18.0,,False,
2025-10-15T10:00:00.000Z,Japan,Kansai,JP-KN,280.0,350.0,,13.0,,False,
2025-10-15T11:00:00.000Z,Japan,Kansai,JP-KN,289.0,358.0,,11.0,,False,
2025-10-15T12:00:00.000Z,Japan,Kansai,JP-KN,289.0,358.0,,10.0,,False,
2025-10-15T13:00:00.000Z,Japan,Kansai,JP-KN,293.0,360.0,,9.0,,False,
2025-10-15T14:00:00.000Z,Japan,Kansai,JP-KN,292.0,360.0,,9.0,,False,
2025-10-15T15:00:00.000Z,Japan,Kansai,JP-KN,292.0,359.0,,9.0,,False,
2025-10-15T16:00:00.000Z,Japan,Kansai,JP-KN,288.0,356.0,,8.0,,False,
2025-10-15T17:00:00.000Z,Japan,Kansai,JP-KN,285.0,354.0,,8.0,,False,
2025-10-15T18:00:00.000Z,Japan,Kansai,JP-KN,287.0,354.0,,9.0,,False,
2025-10-15T19:00:00.000Z,Japan,Kansai,JP-KN,291.0,359.0,,8.0,,False,
2025-10-15T20:00:00.000Z,Japan,Kansai,JP-KN,290.0,358.0,,8.0,,False,
2025-10-15T21:00:00.000Z,Japan,Kansai,JP-KN,287.0,355.0,,9.0,,False,
2025-10-15T22:00:00.000Z,Japan,Kansai,JP-KN,279.0,347.0,,13.0,,False,
2025-10-15T23:00:00.000Z,Japan,Kansai,JP-KN,269.0,337.0,,17.0,,False,
2025-10-16T00:00:00.000Z,Japan,Kansai,JP-KN,262.0,330.0,,19.0,,False,
2025-10-16T01:00:00.000Z,Japan,Kansai,JP-KN,254.0,320.0,,22.0,,False,
2025-10-16T02:00:00.000Z,Japan,Kansai,JP-KN,256.0,324.0,,21.0,,False,
2025-10-16T03:00:00.000Z,Japan,Kansai,JP-KN,252.0,318.0,,22.0,,False,
2025-10-16T04:00:00.000Z,Japan,Kansai,JP-KN,253.0,321.0,,22.0,,False,
2025-10-16T05:00:00.000Z,Japan,Kansai,JP-KN,258.0,327.0,,21.0,,False,
2025-10-16T06:00:00.000Z,Japan,Kansai,JP-KN,257.0,324.0,,21.0,,False,
2025-10-16T07:00:00.000Z,Japan,Kansai,JP-KN,253.0,319.0,,22.0,,False,
2025-10-16T08:00:00.000Z,Japan,Kansai,JP-KN,255.0,321.0,,21.0,,False,
2025-10-16T09:00:00.000Z,Japan,Kansai,JP-KN,257.0,323.0,,20.0,,False,
2025-10-16T10:00:00.000Z,Japan,Kansai,JP-KN,279.0,349.0,,14.0,,False,
2025-10-16T11:00:00.000Z,Japan,Kansai,JP-KN,289.0,359.0,,11.0,,False,
2025-10-16T12:00:00.000Z,Japan,Kansai,JP-KN,284.0,352.0,,11.0,,False,
2025-10-16T13:00:00.000Z,Japan,Kansai,JP-KN,286.0,353.0,,11.0,,False,
2025-10-16T14:00:00.000Z,Japan,Kansai,JP-KN,283.0,350.0,,11.0,,False,
2025-10-16T15:00:00.000Z,Japan,Kansai,JP-KN,282.0,350.0,,10.0,,False,
2025-10-16T16:00:00.000Z,Japan,Kansai,JP-KN,281.0,349.0,,10.0,,False,
2025-10-16T17:00:00.000Z,Japan,Kansai,JP-KN,284.0,352.0,,10.0,,False,
2025-10-16T18:00:00.000Z,Japan,Kansai,JP-KN,284.0,353.0,,11.0,,False,
2025-10-16T19:00:00.000Z,Japan,Kansai,JP-KN,284.0,353.0,,11.0,,False,
2025-10-16T20:00:00.000Z,Japan,Kansai,JP-KN,282.0,350.0,,11.0,,False,
2025-10-16T21:00:00.000Z,Japan,Kansai,JP-KN,281.0,349.0,,12.0,,False,
2025-10-16T22:00:00.000Z,Japan,Kansai,JP-KN,264.0,330.0,,18.0,,False,
2025-10-16T23:00:00.000Z,Japan,Kansai,JP-KN,231.0,295.0,,28.0,,False,
2025-10-17T00:00:00.000Z,Japan,Kansai,JP-KN,208.0,271.0,,35.0,,False,
2025-10-17T01:00:00.000Z,Japan,Kansai,JP-KN,195.0,256.0,,38.0,,False,
2025-10-17T02:00:00.000Z,Japan,Kansai,JP-KN,186.0,246.0,,41.0,,False,
2025-10-17T03:00:00.000Z,Japan,Kansai,JP-KN,188.0,248.0,,40.0,,False,
2025-10-17T04:00:00.000Z,Japan,Kansai,JP-KN,201.0,262.0,,38.0,,False,
2025-10-17T05:00:00.000Z,Japan,Kansai,JP-KN,221.0,285.0,,32.0,,False,
2025-10-17T06:00:00.000Z,Japan,Kansai,JP-KN,243.0,308.0,,25.0,,False,
2025-10-17T07:00:00.000Z,Japan,Kansai,JP-KN,256.0,324.0,,22.0,,False,
2025-10-17T08:00:00.000Z,Japan,Kansai,JP-KN,259.0,326.0,,20.0,,False,
2025-10-17T09:00:00.000Z,Japan,Kansai,JP-KN,273.0,342.0,,17.0,,False,
2025-10-17T10:00:00.000Z,Japan,Kansai,JP-KN,272.0,340.0,,15.0,,False,
2025-10-17T11:00:00.000Z,Japan,Kansai,JP-KN,274.0,342.0,,14.0,,False,
2025-10-17T12:00:00.000Z,Japan,Kansai,JP-KN,274.0,341.0,,13.0,,False,
2025-10-17T13:00:00.000Z,Japan,Kansai,JP-KN,276.0,341.0,,13.0,,False,
2025-10-17T14:00:00.000Z,Japan,Kansai,JP-KN,267.0,332.0,,13.0,,False,
2025-10-17T15:00:00.000Z,Japan,Kansai,JP-KN,260.0,327.0,,13.0,,False,
2025-10-17T16:00:00.000Z,Japan,Kansai,JP-KN,255.0,322.0,,13.0,,False,
2025-10-17T17:00:00.000Z,Japan,Kansai,JP-KN,257.0,324.0,,13.0,,False,
2025-10-17T18:00:00.000Z,Japan,Kansai,JP-KN,259.0,326.0,,13.0,,False,
2025-10-17T19:00:00.000Z,Japan,Kansai,JP-KN,262.0,330.0,,13.0,,False,
2025-10-17T20:00:00.000Z,Japan,Kansai,JP-KN,265.0,332.0,,12.0,,False,
2025-10-17T21:00:00.000Z,Japan,Kansai,JP-KN,260.0,325.0,,13.0,,False,
2025-10-17T22:00:00.000Z,Japan,Kansai,JP-KN,246.0,308.0,,18.0,,False,
2025-10-17T23:00:00.000Z,Japan,Kansai,JP-KN,237.0,298.0,,24.0,,False,
2025-10-18T00:00:00.000Z,Japan,Kansai,JP-KN,224.0,283.0,,28.0,,False,
2025-10-18T01:00:00.000Z,Japan,Kansai,JP-KN,213.0,271.0,,30.0,,False,
2025-10-18T02:00:00.000Z,Japan,Kansai,JP-KN,212.0,271.0,,30.0,,False,
2025-10-18T03:00:00.000Z,Japan,Kansai,JP-KN,215.0,275.0,,30.0,,False,
2025-10-18T04:00:00.000Z,Japan,Kansai,JP-KN,224.0,286.0,,28.0,,False,
2025-10-18T05:00:00.000Z,Japan,Kansai,JP-KN,235.0,299.0,,25.0,,False,
2025-10-18T06:00:00.000Z,Japan,Kansai,JP-KN,248.0,313.0,,20.0,,False,
2025-10-18T07:00:00.000Z,Japan,Kansai,JP-KN,253.0,320.0,,16.0,,False,
2025-10-18T08:00:00.000Z,Japan,Kansai,JP-KN,264.0,330.0,,15.0,,False,
2025-10-18T09:00:00.000Z,Japan,Kansai,JP-KN,264.0,331.0,,15.0,,False,
2025-10-18T10:00:00.000Z,Japan,Kansai,JP-KN,265.0,332.0,,14.0,,False,
2025-10-18T11:00:00.000Z,Japan,Kansai,JP-KN,266.0,332.0,,13.0,,False,
2025-10-18T12:00:00.000Z,Japan,Kansai,JP-KN,269.0,336.0,,12.0,,False,
2025-10-18T13:00:00.000Z,Japan,Kansai,JP-KN,271.0,338.0,,13.0,,False,
2025-10-18T14:00:00.000Z,Japan,Kansai,JP-KN,271.0,336.0,,13.0,,False,
2025-10-18T15:00:00.000Z,Japan,Kansai,JP-KN,258.0,322.0,,12.0,,False,
2025-10-18T16:00:00.000Z,Japan,Kansai,JP-KN,253.0,316.0,,13.0,,False,
2025-10-18T17:00:00.000Z,Japan,Kansai,JP-KN,256.0,318.0,,12.0,,False,
2025-10-18T18:00:00.000Z,Japan,Kansai,JP-KN,255.0,320.0,,12.0,,False,
2025-10-18T19:00:00.000Z,Japan,Kansai,JP-KN,249.0,317.0,,11.0,,False,
2025-10-18T20:00:00.000Z,Japan,Kansai,JP-KN,246.0,311.0,,12.0,,False,
2025-10-18T21:00:00.000Z,Japan,Kansai,JP-KN,242.0,305.0,,14.0,,False,
2025-10-18T22:00:00.000Z,Japan,Kansai,JP-KN,247.0,307.0,,17.0,,False,
2025-10-18T23:00:00.000Z,Japan,Kansai,JP-KN,241.0,301.0,,21.0,,False,
2025-10-19T00:00:00.000Z,Japan,Kansai,JP-KN,224.0,283.0,,24.0,,False,
2025-10-19T01:00:00.000Z,Japan,Kansai,JP-KN,207.0,264.0,,28.0,,False,
2025-10-19T02:00:00.000Z,Japan,Kansai,JP-KN,195.0,252.0,,30.0,,False,
2025-10-19T03:00:00.000Z,Japan,Kansai,JP-KN,202.0,260.0,,29.0,,False,
2025-10-19T04:00:00.000Z,Japan,Kansai,JP-KN,211.0,269.0,,27.0,,False,
2025-10-19T05:00:00.000Z,Japan,Kansai,JP-KN,218.0,277.0,,24.0,,False,
2025-10-19T06:00:00.000Z,Japan,Kansai,JP-KN,231.0,294.0,,21.0,,False,
2025-10-19T07:00:00.000Z,Japan,Kansai,JP-KN,242.0,308.0,,17.0,,False,
2025-10-19T08:00:00.000Z,Japan,Kansai,JP-KN,246.0,313.0,,16.0,,False,
2025-10-19T09:00:00.000Z,Japan,Kansai,JP-KN,246.0,314.0,,15.0,,False,
2025-10-19T10:00:00.000Z,Japan,Kansai,JP-KN,245.0,313.0,,14.0,,False,
2025-10-19T11:00:00.000Z,Japan,Kansai,JP-KN,245.0,313.0,,14.0,,False,
2025-10-19T12:00:00.000Z,Japan,Kansai,JP-KN,250.0,317.0,,13.0,,False,
2025-10-19T13:00:00.000Z,Japan,Kansai,JP-KN,252.0,319.0,,12.0,,False,
2025-10-19T14:00:00.000Z,Japan,Kansai,JP-KN,262.0,325.0,,12.0,,False,
2025-10-19T15:00:00.000Z,Japan,Kansai,JP-KN,283.0,346.0,,10.0,,False,
2025-10-19T16:00:00.000Z,Japan,Kansai,JP-KN,284.0,347.0,,10.0,,False,
2025-10-19T17:00:00.000Z,Japan,Kansai,JP-KN,283.0,347.0,,10.0,,False,
2025-10-19T18:00:00.000Z,Japan,Kansai,JP-KN,277.0,341.0,,10.0,,False,
2025-10-19T19:00:00.000Z,Japan,Kansai,JP-KN,274.0,339.0,,10.0,,False,
2025-10-19T20:00:00.000Z,Japan,Kansai,JP-KN,271.0,333.0,,10.0,,False,
2025-10-19T21:00:00.000Z,Japan,Kansai,JP-KN,273.0,335.0,,12.0,,False,
2025-10-19T22:00:00.000Z,Japan,Kansai,JP-KN,265.0,326.0,,15.0,,False,
2025-10-19T23:00:00.000Z,Japan,Kansai,JP-KN,249.0,310.0,,21.0,,False,
2025-10-20T00:00:00.000Z,Japan,Kansai,JP-KN,228.0,288.0,,26.0,,False,
2025-10-20T01:00:00.000Z,Japan,Kansai,JP-KN,227.0,285.0,,28.0,,False,
2025-10-20T02:00:00.000Z,Japan,Kansai,JP-KN,224.0,282.0,,28.0,,False,
2025-10-20T03:00:00.000Z,Japan,Kansai,JP-KN,231.0,290.0,,26.0,,False,
2025-10-20T04:00:00.000Z,Japan,Kansai,JP-KN,240.0,301.0,,23.0,,False,
2025-10-20T05:00:00.000Z,Japan,Kansai,JP-KN,249.0,312.0,,21.0,,False,
2025-10-20T06:00:00.000Z,Japan,Kansai,JP-KN,260.0,324.0,,18.0,,False,
2025-10-20T07:00:00.000Z,Japan,Kansai,JP-KN,262.0,325.0,,17.0,,False,
2025-10-20T08:00:00.000Z,Japan,Kansai,JP-KN,264.0,328.0,,17.0,,False,
2025-10-20T09:00:00.000Z,Japan,Kansai,JP-KN,265.0,329.0,,16.0,,False,
2025-10-20T10:00:00.000Z,Japan,Kansai,JP-KN,259.0,322.0,,15.0,,False,
2025-10-20T11:00:00.000Z,Japan,Kansai,JP-KN,267.0,331.0,,14.0,,False,
2025-10-20T12:00:00.000Z,Japan,Kansai,JP-KN,277.0,342.0,,11.0,,False,
2025-10-20T13:00:00.000Z,Japan,Kansai,JP-KN,274.0,339.0,,10.0,,False,
2025-10-20T14:00:00.000Z,Japan,Kansai,JP-KN,277.0,342.0,,9.0,,False,
2025-10-20T15:00:00.000Z,Japan,Kansai,JP-KN,274.0,338.0,,8.0,,False,
2025-10-20T16:00:00.000Z,Japan,Kansai,JP-KN,275.0,340.0,,8.0,,False,
2025-10-20T17:00:00.000Z,Japan,Kansai,JP-KN,274.0,339.0,,8.0,,False,
2025-10-20T18:00:00.000Z,Japan,Kansai,JP-KN,275.0,342.0,,7.0,,False,
2025-10-20T19:00:00.000Z,Japan,Kansai,JP-KN,279.0,345.0,,7.0,,False,
2025-10-20T20:00:00.000Z,Japan,Kansai,JP-KN,278.0,344.0,,7.0,,False,
2025-10-20T21:00:00.000Z,Japan,Kansai,JP-KN,281.0,347.0,,8.0,,False,
2025-10-20T22:00:00.000Z,Japan,Kansai,JP-KN,272.0,336.0,,11.0,,False,
2025-10-20T23:00:00.000Z,Japan,Kansai,JP-KN,260.0,324.0,,17.0,,False,
2025-10-21T00:00:00.000Z,Japan,Kansai,JP-KN,245.0,307.0,,22.0,,False,
2025-10-21T01:00:00.000Z,Japan,Kansai,JP-KN,235.0,296.0,,25.0,,False,
2025-10-21T02:00:00.000Z,Japan,Kansai,JP-KN,233.0,294.0,,26.0,,False,
2025-10-21T03:00:00.000Z,Japan,Kansai,JP-KN,234.0,294.0,,25.0,,False,
2025-10-21T04:00:00.000Z,Japan,Kansai,JP-KN,251.0,315.0,,19.0,,False,
2025-10-21T05:00:00.000Z,Japan,Kansai,JP-KN,257.0,322.0,,17.0,,False,
2025-10-21T06:00:00.000Z,Japan,Kansai,JP-KN,260.0,323.0,,17.0,,False,
2025-10-21T07:00:00.000Z,Japan,Kansai,JP-KN,265.0,329.0,,16.0,,False,
2025-10-21T08:00:00.000Z,Japan,Kansai,JP-KN,266.0,329.0,,16.0,,False,
2025-10-21T09:00:00.000Z,Japan,Kansai,JP-KN,266.0,330.0,,15.0,,False,
2025-10-21T10:00:00.000Z,Japan,Kansai,JP-KN,268.0,331.0,,14.0,,False,
2025-10-21T11:00:00.000Z,Japan,Kansai,JP-KN,271.0,335.0,,12.0,,False,
2025-10-21T12:00:00.000Z,Japan,Kansai,JP-KN,272.0,336.0,,11.0,,False,
2025-10-21T13:00:00.000Z,Japan,Kansai,JP-KN,272.0,337.0,,10.0,,False,
2025-10-21T14:00:00.000Z,Japan,Kansai,JP-KN,272.0,336.0,,9.0,,False,
2025-10-21T15:00:00.000Z,Japan,Kansai,JP-KN,274.0,339.0,,7.0,,False,
2025-10-21T16:00:00.000Z,Japan,Kansai,JP-KN,273.0,338.0,,7.0,,False,
2025-10-21T17:00:00.000Z,Japan,Kansai,JP-KN,276.0,342.0,,6.0,,False,
2025-10-21T18:00:00.000Z,Japan,Kansai,JP-KN,270.0,336.0,,6.0,,False,
2025-10-21T19:00:00.000Z,Japan,Kansai,JP-KN,265.0,330.0,,6.0,,False,
2025-10-21T20:00:00.000Z,Japan,Kansai,JP-KN,265.0,329.0,,7.0,,False,
2025-10-21T21:00:00.000Z,Japan,Kansai,JP-KN,265.0,328.0,,7.0,,False,
2025-10-21T22:00:00.000Z,Japan,Kansai,JP-KN,264.0,327.0,,9.0,,False,
2025-10-21T23:00:00.000Z,Japan,Kansai,JP-KN,263.0,328.0,,12.0,,False,
2025-10-22T00:00:00.000Z,Japan,Kansai,JP-KN,252.0,315.0,,15.0,,False,
2025-10-22T01:00:00.000Z,Japan,Kansai,JP-KN,256.0,320.0,,14.0,,False,
2025-10-22T02:00:00.000Z,Japan,Kansai,JP-KN,258.0,323.0,,14.0,,False,
2025-10-22T03:00:00.000Z,Japan,Kansai,JP-KN,260.0,324.0,,14.0,,False,
2025-10-22T04:00:00.000Z,Japan,Kansai,JP-KN,260.0,324.0,,14.0,,False,
2025-10-22T05:00:00.000Z,Japan,Kansai,JP-KN,260.0,324.0,,14.0,,False,
2025-10-22T06:00:00.000Z,Japan,Kansai,JP-KN,262.0,326.0,,14.0,,False,
2025-10-22T07:00:00.000Z,Japan,Kansai,JP-KN,262.0,326.0,,14.0,,False,
2025-10-22T08:00:00.000Z,Japan,Kansai,JP-KN,259.0,322.0,,15.0,,False,
2025-10-22T09:00:00.000Z,Japan,Kansai,JP-KN,255.0,317.0,,15.0,,False,
2025-10-22T10:00:00.000Z,Japan,Kansai,JP-KN,255.0,316.0,,15.0,,False,
2025-10-22T11:00:00.000Z,Japan,Kansai,JP-KN,267.0,330.0,,12.0,,False,
2025-10-22T12:00:00.000Z,Japan,Kansai,JP-KN,269.0,333.0,,12.0,,False,
2025-10-22T13:00:00.000Z,Japan,Kansai,JP-KN,266.0,328.0,,12.0,,False,
2025-10-22T14:00:00.000Z,Japan,Kansai,JP-KN,269.0,330.0,,10.0,,False,
2025-10-22T15:00:00.000Z,Japan,Kansai,JP-KN,270.0,329.0,,9.0,,False,
2025-10-22T16:00:00.000Z,Japan,Kansai,JP-KN,273.0,330.0,,9.0,,False,
2025-10-22T17:00:00.000Z,Japan,Kansai,JP-KN,273.0,331.0,,9.0,,False,
2025-10-22T18:00:00.000Z,Japan,Kansai,JP-KN,277.0,339.0,,8.0,,False,
2025-10-22T19:00:00.000Z,Japan,Kansai,JP-KN,277.0,339.0,,8.0,,False,
2025-10-22T20:00:00.000Z,Japan,Kansai,JP-KN,273.0,335.0,,9.0,,False,
2025-10-22T21:00:00.000Z,Japan,Kansai,JP-KN,269.0,330.0,,10.0,,False,
2025-10-22T22:00:00.000Z,Japan,Kansai,JP-KN,246.0,303.0,,18.0,,False,
2025-10-22T23:00:00.000Z,Japan,Kansai,JP-KN,210.0,264.0,,28.0,,False,
2025-10-23T00:00:00.000Z,Japan,Kansai,JP-KN,176.0,228.0,,36.0,,False,
2025-10-23T01:00:00.000Z,Japan,Kansai,JP-KN,155.0,206.0,,41.0,,False,
2025-10-23T02:00:00.000Z,Japan,Kansai,JP-KN,140.0,191.0,,42.0,,False,
2025-10-23T03:00:00.000Z,Japan,Kansai,JP-KN,135.0,185.0,,43.0,,False,
2025-10-23T04:00:00.000Z,Japan,Kansai,JP-KN,153.0,205.0,,39.0,,False,
2025-10-23T05:00:00.000Z,Japan,Kansai,JP-KN,185.0,240.0,,33.0,,False,
2025-10-23T06:00:00.000Z,Japan,Kansai,JP-KN,229.0,288.0,,24.0,,False,
2025-10-23T07:00:00.000Z,Japan,Kansai,JP-KN,258.0,320.0,,16.0,,False,
2025-10-23T08:00:00.000Z,Japan,Kansai,JP-KN,265.0,327.0,,14.0,,False,
2025-10-23T09:00:00.000Z,Japan,Kansai,JP-KN,263.0,325.0,,15.0,,False,
2025-10-23T10:00:00.000Z,Japan,Kansai,JP-KN,260.0,321.0,,14.0,,False,
2025-10-23T11:00:00.000Z,Japan,Kansai,JP-KN,262.0,324.0,,14.0,,False,
2025-10-23T12:00:00.000Z,Japan,Kansai,JP-KN,268.0,331.0,,11.0,,False,
2025-10-23T13:00:00.000Z,Japan,Kansai,JP-KN,266.0,329.0,,10.0,,False,
2025-10-23T14:00:00.000Z,Japan,Kansai,JP-KN,265.0,325.0,,10.0,,False,
2025-10-23T15:00:00.000Z,Japan,Kansai,JP-KN,266.0,325.0,,9.0,,False,
2025-10-23T16:00:00.000Z,Japan,Kansai,JP-KN,268.0,326.0,,9.0,,False,
2025-10-23T17:00:00.000Z,Japan,Kansai,JP-KN,274.0,334.0,,8.0,,False,
2025-10-23T18:00:00.000Z,Japan,Kansai,JP-KN,275.0,337.0,,8.0,,False,
2025-10-23T19:00:00.000Z,Japan,Kansai,JP-KN,269.0,332.0,,8.0,,False,
2025-10-23T20:00:00.000Z,Japan,Kansai,JP-KN,267.0,329.0,,8.0,,False,
2025-10-23T21:00:00.000Z,Japan,Kansai,JP-KN,262.0,324.0,,10.0,,False,
2025-10-23T22:00:00.000Z,Japan,Kansai,JP-KN,238.0,294.0,,18.0,,False,
2025-10-23T23:00:00.000Z,Japan,Kansai,JP-KN,216.0,271.0,,27.0,,False,
2025-10-24T00:00:00.000Z,Japan,Kansai,JP-KN,194.0,247.0,,33.0,,False,
2025-10-24T01:00:00.000Z,Japan,Kansai,JP-KN,171.0,221.0,,38.0,,False,
2025-10-24T02:00:00.000Z,Japan,Kansai,JP-KN,156.0,205.0,,40.0,,False,
2025-10-24T03:00:00.000Z,Japan,Kansai,JP-KN,148.0,197.0,,40.0,,False,
2025-10-24T04:00:00.000Z,Japan,Kansai,JP-KN,169.0,219.0,,37.0,,False,
2025-10-24T05:00:00.000Z,Japan,Kansai,JP-KN,211.0,265.0,,29.0,,False,
2025-10-24T06:00:00.000Z,Japan,Kansai,JP-KN,239.0,298.0,,22.0,,False,
2025-10-24T07:00:00.000Z,Japan,Kansai,JP-KN,263.0,325.0,,17.0,,False,
2025-10-24T08:00:00.000Z,Japan,Kansai,JP-KN,270.0,333.0,,14.0,,False,
2025-10-24T09:00:00.000Z,Japan,Kansai,JP-KN,267.0,330.0,,14.0,,False,
2025-10-24T10:00:00.000Z,Japan,Kansai,JP-KN,276.0,340.0,,12.0,,False,
2025-10-24T11:00:00.000Z,Japan,Kansai,JP-KN,284.0,350.0,,10.0,,False,
2025-10-24T12:00:00.000Z,Japan,Kansai,JP-KN,286.0,351.0,,9.0,,False,
2025-10-24T13:00:00.000Z,Japan,Kansai,JP-KN,281.0,346.0,,8.0,,False,
2025-10-24T14:00:00.000Z,Japan,Kansai,JP-KN,268.0,331.0,,8.0,,False,
2025-10-24T15:00:00.000Z,Japan,Kansai,JP-KN,245.0,305.0,,9.0,,False,
2025-10-24T16:00:00.000Z,Japan,Kansai,JP-KN,244.0,305.0,,9.0,,False,
2025-10-24T17:00:00.000Z,Japan,Kansai,JP-KN,246.0,308.0,,8.0,,False,
2025-10-24T18:00:00.000Z,Japan,Kansai,JP-KN,245.0,307.0,,9.0,,False,
2025-10-24T19:00:00.000Z,Japan,Kansai,JP-KN,246.0,307.0,,9.0,,False,
2025-10-24T20:00:00.000Z,Japan,Kansai,JP-KN,239.0,300.0,,10.0,,False,
2025-10-24T21:00:00.000Z,Japan,Kansai,JP-KN,241.0,302.0,,9.0,,False,
2025-10-24T22:00:00.000Z,Japan,Kansai,JP-KN,235.0,295.0,,12.0,,False,
2025-10-24T23:00:00.000Z,Japan,Kansai,JP-KN,220.0,280.0,,18.0,,False,
2025-10-25T00:00:00.000Z,Japan,Kansai,JP-KN,217.0,277.0,,19.0,,False,
2025-10-25T01:00:00.000Z,Japan,Kansai,JP-KN,206.0,264.0,,22.0,,False,
2025-10-25T02:00:00.000Z,Japan,Kansai,JP-KN,200.0,258.0,,24.0,,False,
2025-10-25T03:00:00.000Z,Japan,Kansai,JP-KN,198.0,255.0,,24.0,,False,
2025-10-25T04:00:00.000Z,Japan,Kansai,JP-KN,206.0,265.0,,21.0,,False,
2025-10-25T05:00:00.000Z,Japan,Kansai,JP-KN,221.0,281.0,,18.0,,False,
2025-10-25T06:00:00.000Z,Japan,Kansai,JP-KN,227.0,287.0,,16.0,,False,
2025-10-25T07:00:00.000Z,Japan,Kansai,JP-KN,230.0,290.0,,14.0,,False,
2025-10-25T08:00:00.000Z,Japan,Kansai,JP-KN,233.0,294.0,,14.0,,False,
2025-10-25T09:00:00.000Z,Japan,Kansai,JP-KN,241.0,304.0,,12.0,,False,
2025-10-25T10:00:00.000Z,Japan,Kansai,JP-KN,245.0,307.0,,12.0,,False,
2025-10-25T11:00:00.000Z,Japan,Kansai,JP-KN,250.0,312.0,,12.0,,False,
2025-10-25T12:00:00.000Z,Japan,Kansai,JP-KN,255.0,317.0,,11.0,,False,
2025-10-25T13:00:00.000Z,Japan,Kansai,JP-KN,252.0,312.0,,11.0,,False,
2025-10-25T14:00:00.000Z,Japan,Kansai,JP-KN,249.0,309.0,,10.0,,False,
2025-10-25T15:00:00.000Z,Japan,Kansai,JP-KN,243.0,301.0,,10.0,,False,
2025-10-25T16:00:00.000Z,Japan,Kansai,JP-KN,244.0,301.0,,10.0,,False,
2025-10-25T17:00:00.000Z,Japan,Kansai,JP-KN,245.0,302.0,,10.0,,False,
2025-10-25T18:00:00.000Z,Japan,Kansai,JP-KN,242.0,300.0,,10.0,,False,
2025-10-25T19:00:00.000Z,Japan,Kansai,JP-KN,240.0,301.0,,10.0,,False,
2025-10-25T20:00:00.000Z,Japan,Kansai,JP-KN,238.0,297.0,,11.0,,False,
2025-10-25T21:00:00.000Z,Japan,Kansai,JP-KN,231.0,288.0,,11.0,,False,
2025-10-25T22:00:00.000Z,Japan,Kansai,JP-KN,217.0,270.0,,16.0,,False,
2025-10-25T23:00:00.000Z,Japan,Kansai,JP-KN,198.0,249.0,,22.0,,False,
2025-10-26T00:00:00.000Z,Japan,Kansai,JP-KN,175.0,226.0,,27.0,,False,
2025-10-26T01:00:00.000Z,Japan,Kansai,JP-KN,175.0,225.0,,29.0,,False,
2025-10-26T02:00:00.000Z,Japan,Kansai,JP-KN,173.0,223.0,,28.0,,False,
2025-10-26T03:00:00.000Z,Japan,Kansai,JP-KN,173.0,223.0,,28.0,,False,
2025-10-26T04:00:00.000Z,Japan,Kansai,JP-KN,182.0,233.0,,26.0,,False,
2025-10-26T05:00:00.000Z,Japan,Kansai,JP-KN,186.0,238.0,,24.0,,False,
2025-10-26T06:00:00.000Z,Japan,Kansai,JP-KN,204.0,259.0,,21.0,,False,
2025-10-26T07:00:00.000Z,Japan,Kansai,JP-KN,229.0,289.0,,15.0,,False,
2025-10-26T08:00:00.000Z,Japan,Kansai,JP-KN,229.0,289.0,,16.0,,False,
2025-10-26T09:00:00.000Z,Japan,Kansai,JP-KN,231.0,291.0,,17.0,,False,
2025-10-26T10:00:00.000Z,Japan,Kansai,JP-KN,231.0,290.0,,17.0,,False,
2025-10-26T11:00:00.000Z,Japan,Kansai,JP-KN,230.0,289.0,,16.0,,False,
2025-10-26T12:00:00.000Z,Japan,Kansai,JP-KN,227.0,285.0,,16.0,,False,
2025-10-26T13:00:00.000Z,Japan,Kansai,JP-KN,221.0,276.0,,16.0,,False,
2025-10-26T14:00:00.000Z,Japan,Kansai,JP-KN,228.0,281.0,,15.0,,False,
2025-10-26T15:00:00.000Z,Japan,Kansai,JP-KN,236.0,287.0,,15.0,,False,
2025-10-26T16:00:00.000Z,Japan,Kansai,JP-KN,238.0,291.0,,15.0,,False,
2025-10-26T17:00:00.000Z,Japan,Kansai,JP-KN,241.0,294.0,,15.0,,False,
2025-10-26T18:00:00.000Z,Japan,Kansai,JP-KN,236.0,289.0,,15.0,,False,
2025-10-26T19:00:00.000Z,Japan,Kansai,JP-KN,230.0,280.0,,17.0,,False,
2025-10-26T20:00:00.000Z,Japan,Kansai,JP-KN,227.0,276.0,,17.0,,False,
2025-10-26T21:00:00.000Z,Japan,Kansai,JP-KN,237.0,288.0,,16.0,,False,
2025-10-26T22:00:00.000Z,Japan,Kansai,JP-KN,223.0,274.0,,23.0,,False,
2025-10-26T23:00:00.000Z,Japan,Kansai,JP-KN,196.0,248.0,,31.0,,False,
2025-10-27T00:00:00.000Z,Japan,Kansai,JP-KN,173.0,224.0,,38.0,,False,
2025-10-27T01:00:00.000Z,Japan,Kansai,JP-KN,156.0,207.0,,41.0,,False,
2025-10-27T02:00:00.000Z,Japan,Kansai,JP-KN,152.0,203.0,,39.0,,False,
2025-10-27T03:00:00.000Z,Japan,Kansai,JP-KN,140.0,188.0,,40.0,,False,
2025-10-27T04:00:00.000Z,Japan,Kansai,JP-KN,157.0,207.0,,37.0,,False,
2025-10-27T05:00:00.000Z,Japan,Kansai,JP-KN,194.0,245.0,,31.0,,False,
2025-10-27T06:00:00.000Z,Japan,Kansai,JP-KN,219.0,274.0,,25.0,,False,
2025-10-27T07:00:00.000Z,Japan,Kansai,JP-KN,251.0,311.0,,19.0,,False,
2025-10-27T08:00:00.000Z,Japan,Kansai,JP-KN,263.0,324.0,,17.0,,False,
2025-10-27T09:00:00.000Z,Japan,Kansai,JP-KN,259.0,320.0,,16.0,,False,
2025-10-27T10:00:00.000Z,Japan,Kansai,JP-KN,257.0,318.0,,15.0,,False,
2025-10-27T11:00:00.000Z,Japan,Kansai,JP-KN,260.0,322.0,,14.0,,False,
2025-10-27T12:00:00.000Z,Japan,Kansai,JP-KN,265.0,326.0,,13.0,,False,
2025-10-27T13:00:00.000Z,Japan,Kansai,JP-KN,255.0,312.0,,14.0,,False,
2025-10-27T14:00:00.000Z,Japan,Kansai,JP-KN,249.0,304.0,,14.0,,False,
2025-10-27T15:00:00.000Z,Japan,Kansai,JP-KN,246.0,301.0,,13.0,,False,
2025-10-27T16:00:00.000Z,Japan,Kansai,JP-KN,247.0,301.0,,14.0,,False,
2025-10-27T17:00:00.000Z,Japan,Kansai,JP-KN,250.0,306.0,,13.0,,False,
2025-10-27T18:00:00.000Z,Japan,Kansai,JP-KN,248.0,303.0,,14.0,,False,
2025-10-27T19:00:00.000Z,Japan,Kansai,JP-KN,240.0,295.0,,15.0,,False,
2025-10-27T20:00:00.000Z,Japan,Kansai,JP-KN,240.0,295.0,,15.0,,False,
2025-10-27T21:00:00.000Z,Japan,Kansai,JP-KN,242.0,297.0,,16.0,,False,
2025-10-27T22:00:00.000Z,Japan,Kansai,JP-KN,228.0,281.0,,21.0,,False,
2025-10-27T23:00:00.000Z,Japan,Kansai,JP-KN,203.0,258.0,,27.0,,False,
2025-10-28T00:00:00.000Z,Japan,Kansai,JP-KN,183.0,237.0,,33.0,,False,
2025-10-28T01:00:00.000Z,Japan,Kansai,JP-KN,176.0,229.0,,35.0,,False,
2025-10-28T02:00:00.000Z,Japan,Kansai,JP-KN,171.0,223.0,,36.0,,False,
2025-10-28T03:00:00.000Z,Japan,Kansai,JP-KN,168.0,220.0,,36.0,,False,
2025-10-28T04:00:00.000Z,Japan,Kansai,JP-KN,178.0,230.0,,34.0,,False,
2025-10-28T05:00:00.000Z,Japan,Kansai,JP-KN,200.0,255.0,,30.0,,False,
2025-10-28T06:00:00.000Z,Japan,Kansai,JP-KN,230.0,288.0,,24.0,,False,
2025-10-28T07:00:00.000Z,Japan,Kansai,JP-KN,253.0,314.0,,19.0,,False,
2025-10-28T08:00:00.000Z,Japan,Kansai,JP-KN,257.0,319.0,,17.0,,False,
2025-10-28T09:00:00.000Z,Japan,Kansai,JP-KN,253.0,314.0,,17.0,,False,
2025-10-28T10:00:00.000Z,Japan,Kansai,JP-KN,258.0,320.0,,15.0,,False,
2025-10-28T11:00:00.000Z,Japan,Kansai,JP-KN,259.0,322.0,,14.0,,False,
2025-10-28T12:00:00.000Z,Japan,Kansai,JP-KN,261.0,324.0,,13.0,,False,
2025-10-28T13:00:00.000Z,Japan,Kansai,JP-KN,255.0,316.0,,12.0,,False,
2025-10-28T14:00:00.000Z,Japan,Kansai,JP-KN,256.0,316.0,,12.0,,False,
2025-10-28T15:00:00.000Z,Japan,Kansai,JP-KN,254.0,312.0,,12.0,,False,
2025-10-28T16:00:00.000Z,Japan,Kansai,JP-KN,256.0,313.0,,12.0,,False,
2025-10-28T17:00:00.000Z,Japan,Kansai,JP-KN,256.0,314.0,,12.0,,False,
2025-10-28T18:00:00.000Z,Japan,Kansai,JP-KN,247.0,305.0,,13.0,,False,
2025-10-28T19:00:00.000Z,Japan,Kansai,JP-KN,246.0,305.0,,13.0,,False,
2025-10-28T20:00:00.000Z,Japan,Kansai,JP-KN,245.0,303.0,,14.0,,False,
2025-10-28T21:00:00.000Z,Japan,Kansai,JP-KN,244.0,302.0,,16.0,,False,
2025-10-28T22:00:00.000Z,Japan,Kansai,JP-KN,230.0,286.0,,21.0,,False,
2025-10-28T23:00:00.000Z,Japan,Kansai,JP-KN,203.0,258.0,,29.0,,False,
2025-10-29T00:00:00.000Z,Japan,Kansai,JP-KN,169.0,220.0,,37.0,,False,
2025-10-29T01:00:00.000Z,Japan,Kansai,JP-KN,148.0,200.0,,40.0,,False,
2025-10-29T02:00:00.000Z,Japan,Kansai,JP-KN,138.0,188.0,,42.0,,False,
2025-10-29T03:00:00.000Z,Japan,Kansai,JP-KN,139.0,189.0,,40.0,,False,
2025-10-29T04:00:00.000Z,Japan,Kansai,JP-KN,154.0,204.0,,38.0,,False,
2025-10-29T05:00:00.000Z,Japan,Kansai,JP-KN,180.0,233.0,,33.0,,False,
2025-10-29T06:00:00.000Z,Japan,Kansai,JP-KN,220.0,279.0,,24.0,,False,
2025-10-29T07:00:00.000Z,Japan,Kansai,JP-KN,253.0,316.0,,17.0,,False,
2025-10-29T08:00:00.000Z,Japan,Kansai,JP-KN,258.0,322.0,,15.0,,False,
2025-10-29T09:00:00.000Z,Japan,Kansai,JP-KN,256.0,319.0,,15.0,,False,
2025-10-29T10:00:00.000Z,Japan,Kansai,JP-KN,259.0,323.0,,14.0,,False,
2025-10-29T11:00:00.000Z,Japan,Kansai,JP-KN,262.0,327.0,,14.0,,False,
2025-10-29T12:00:00.000Z,Japan,Kansai,JP-KN,264.0,329.0,,12.0,,False,
2025-10-29T13:00:00.000Z,Japan,Kansai,JP-KN,258.0,321.0,,12.0,,False,
2025-10-29T14:00:00.000Z,Japan,Kansai,JP-KN,260.0,322.0,,11.0,,False,
2025-10-29T15:00:00.000Z,Japan,Kansai,JP-KN,253.0,315.0,,10.0,,False,
2025-10-29T16:00:00.000Z,Japan,Kansai,JP-KN,260.0,323.0,,10.0,,False,
2025-10-29T17:00:00.000Z,Japan,Kansai,JP-KN,262.0,327.0,,9.0,,False,
2025-10-29T18:00:00.000Z,Japan,Kansai,JP-KN,264.0,329.0,,9.0,,False,
2025-10-29T19:00:00.000Z,Japan,Kansai,JP-KN,257.0,321.0,,11.0,,False,
2025-10-29T20:00:00.000Z,Japan,Kansai,JP-KN,257.0,321.0,,10.0,,False,
2025-10-29T21:00:00.000Z,Japan,Kansai,JP-KN,257.0,321.0,,11.0,,False,
2025-10-29T22:00:00.000Z,Japan,Kansai,JP-KN,245.0,305.0,,17.0,,False,
2025-10-29T23:00:00.000Z,Japan,Kansai,JP-KN,210.0,265.0,,27.0,,False,
2025-10-30T00:00:00.000Z,Japan,Kansai,JP-KN,182.0,235.0,,35.0,,False,
2025-10-30T01:00:00.000Z,Japan,Kansai,JP-KN,160.0,213.0,,39.0,,False,
2025-10-30T02:00:00.000Z,Japan,Kansai,JP-KN,152.0,204.0,,40.0,,False,
2025-10-30T03:00:00.000Z,Japan,Kansai,JP-KN,150.0,202.0,,40.0,,False,
2025-10-30T04:00:00.000Z,Japan,Kansai,JP-KN,167.0,219.0,,37.0,,False,
2025-10-30T05:00:00.000Z,Japan,Kansai,JP-KN,193.0,247.0,,31.0,,False,
2025-10-30T06:00:00.000Z,Japan,Kansai,JP-KN,235.0,296.0,,22.0,,False,
2025-10-30T07:00:00.000Z,Japan,Kansai,JP-KN,262.0,326.0,,15.0,,False,
2025-10-30T08:00:00.000Z,Japan,Kansai,JP-KN,260.0,324.0,,14.0,,False,
2025-10-30T09:00:00.000Z,Japan,Kansai,JP-KN,261.0,326.0,,14.0,,False,
2025-10-30T10:00:00.000Z,Japan,Kansai,JP-KN,265.0,329.0,,13.0,,False,
2025-10-30T11:00:00.000Z,Japan,Kansai,JP-KN,266.0,332.0,,12.0,,False,
2025-10-30T12:00:00.000Z,Japan,Kansai,JP-KN,271.0,338.0,,11.0,,False,
2025-10-30T13:00:00.000Z,Japan,Kansai,JP-KN,268.0,333.0,,9.0,,False,
2025-10-30T14:00:00.000Z,Japan,Kansai,JP-KN,270.0,336.0,,8.0,,False,
2025-10-30T15:00:00.000Z,Japan,Kansai,JP-KN,266.0,329.0,,8.0,,False,
2025-10-30T16:00:00.000Z,Japan,Kansai,JP-KN,271.0,331.0,,8.0,,False,
2025-10-30T17:00:00.000Z,Japan,Kansai,JP-KN,273.0,336.0,,8.0,,False,
2025-10-30T18:00:00.000Z,Japan,Kansai,JP-KN,272.0,337.0,,7.0,,False,
2025-10-30T19:00:00.000Z,Japan,Kansai,JP-KN,270.0,335.0,,8.0,,False,
2025-10-30T20:00:00.000Z,Japan,Kansai,JP-KN,267.0,329.0,,8.0,,False,
2025-10-30T21:00:00.000Z,Japan,Kansai,JP-KN,266.0,329.0,,9.0,,False,
2025-10-30T22:00:00.000Z,Japan,Kansai,JP-KN,262.0,325.0,,11.0,,False,
2025-10-30T23:00:00.000Z,Japan,Kansai,JP-KN,261.0,327.0,,13.0,,False,
2025-10-31T00:00:00.000Z,Japan,Kansai,JP-KN,259.0,325.0,,14.0,,False,
2025-10-31T01:00:00.000Z,Japan,Kansai,JP-KN,258.0,324.0,,14.0,,False,
2025-10-31T02:00:00.000Z,Japan,Kansai,JP-KN,261.0,327.0,,15.0,,False,
2025-10-31T03:00:00.000Z,Japan,Kansai,JP-KN,267.0,335.0,,13.0,,False,
2025-10-31T04:00:00.000Z,Japan,Kansai,JP-KN,268.0,338.0,,13.0,,False,
2025-10-31T05:00:00.000Z,Japan,Kansai,JP-KN,267.0,334.0,,15.0,,False,
2025-10-31T06:00:00.000Z,Japan,Kansai,JP-KN,268.0,336.0,,15.0,,False,
2025-10-31T07:00:00.000Z,Japan,Kansai,JP-KN,267.0,335.0,,15.0,,False,
2025-10-31T08:00:00.000Z,Japan,Kansai,JP-KN,270.0,340.0,,14.0,,False,
2025-10-31T09:00:00.000Z,Japan,Kansai,JP-KN,269.0,339.0,,14.0,,False,
2025-10-31T10:00:00.000Z,Japan,Kansai,JP-KN,274.0,343.0,,13.0,,False,
2025-10-31T11:00:00.000Z,Japan,Kansai,JP-KN,275.0,343.0,,11.0,,False,
2025-10-31T12:00:00.000Z,Japan,Kansai,JP-KN,272.0,338.0,,12.0,,False,
2025-10-31T13:00:00.000Z,Japan,Kansai,JP-KN,267.0,332.0,,10.0,,False,
2025-10-31T14:00:00.000Z,Japan,Kansai,JP-KN,256.0,319.0,,10.0,,False,
2025-10-31T15:00:00.000Z,Japan,Kansai,JP-KN,246.0,306.0,,11.0,,False,
2025-10-31T16:00:00.000Z,Japan,Kansai,JP-KN,244.0,303.0,,11.0,,False,
2025-10-31T17:00:00.000Z,Japan,Kansai,JP-KN,247.0,307.0,,11.0,,False,
2025-10-31T18:00:00.000Z,Japan,Kansai,JP-KN,244.0,305.0,,11.0,,False,
2025-10-31T19:00:00.000Z,Japan,Kansai,JP-KN,240.0,301.0,,12.0,,False,
2025-10-31T20:00:00.000Z,Japan,Kansai,JP-KN,238.0,297.0,,12.0,,False,
2025-10-31T21:00:00.000Z,Japan,Kansai,JP-KN,233.0,290.0,,13.0,,False,
2025-10-31T22:00:00.000Z,Japan,Kansai,JP-KN,229.0,284.0,,18.0,,False,
2025-10-31T23:00:00.000Z,Japan,Kansai,JP-KN,202.0,256.0,,27.0,,False,
2025-11-01T00:00:00.000Z,Japan,Kansai,JP-KN,161.0,213.0,,35.0,,False,
2025-11-01T01:00:00.000Z,Japan,Kansai,JP-KN,140.0,191.0,,38.0,,False,
2025-11-01T02:00:00.000Z,Japan,Kansai,JP-KN,127.0,176.0,,39.0,,False,
2025-11-01T03:00:00.000Z,Japan,Kansai,JP-KN,117.0,165.0,,42.0,,False,
2025-11-01T04:00:00.000Z,Japan,Kansai,JP-KN,123.0,171.0,,40.0,,False,
2025-11-01T05:00:00.000Z,Japan,Kansai,JP-KN,151.0,200.0,,32.0,,False,
2025-11-01T06:00:00.000Z,Japan,Kansai,JP-KN,187.0,242.0,,23.0,,False,
2025-11-01T07:00:00.000Z,Japan,Kansai,JP-KN,229.0,288.0,,16.0,,False,
2025-11-01T08:00:00.000Z,Japan,Kansai,JP-KN,242.0,305.0,,15.0,,False,
2025-11-01T09:00:00.000Z,Japan,Kansai,JP-KN,247.0,311.0,,14.0,,False,
2025-11-01T10:00:00.000Z,Japan,Kansai,JP-KN,254.0,318.0,,12.0,,False,
2025-11-01T11:00:00.000Z,Japan,Kansai,JP-KN,257.0,320.0,,12.0,,False,
2025-11-01T12:00:00.000Z,Japan,Kansai,JP-KN,255.0,317.0,,11.0,,False,
2025-11-01T13:00:00.000Z,Japan,Kansai,JP-KN,255.0,313.0,,10.0,,False,
2025-11-01T14:00:00.000Z,Japan,Kansai,JP-KN,246.0,305.0,,10.0,,False,
2025-11-01T15:00:00.000Z,Japan,Kansai,JP-KN,243.0,300.0,,10.0,,False,
2025-11-01T16:00:00.000Z,Japan,Kansai,JP-KN,241.0,296.0,,10.0,,False,
2025-11-01T17:00:00.000Z,Japan,Kansai,JP-KN,243.0,299.0,,10.0,,False,
2025-11-01T18:00:00.000Z,Japan,Kansai,JP-KN,245.0,302.0,,11.0,,False,
2025-11-01T19:00:00.000Z,Japan,Kansai,JP-KN,235.0,292.0,,11.0,,False,
2025-11-01T20:00:00.000Z,Japan,Kansai,JP-KN,231.0,286.0,,12.0,,False,
2025-11-01T21:00:00.000Z,Japan,Kansai,JP-KN,234.0,289.0,,11.0,,False,
2025-11-01T22:00:00.000Z,Japan,Kansai,JP-KN,216.0,271.0,,15.0,,False,
2025-11-01T23:00:00.000Z,Japan,Kansai,JP-KN,176.0,228.0,,24.0,,False,
2025-11-02T00:00:00.000Z,Japan,Kansai,JP-KN,151.0,202.0,,32.0,,False,
2025-11-02T01:00:00.000Z,Japan,Kansai,JP-KN,153.0,204.0,,33.0,,False,
2025-11-02T02:00:00.000Z,Japan,Kansai,JP-KN,151.0,201.0,,35.0,,False,
2025-11-02T03:00:00.000Z,Japan,Kansai,JP-KN,147.0,197.0,,35.0,,False,
2025-11-02T04:00:00.000Z,Japan,Kansai,JP-KN,150.0,199.0,,33.0,,False,
2025-11-02T05:00:00.000Z,Japan,Kansai,JP-KN,171.0,221.0,,27.0,,False,
2025-11-02T06:00:00.000Z,Japan,Kansai,JP-KN,200.0,254.0,,21.0,,False,
2025-11-02T07:00:00.000Z,Japan,Kansai,JP-KN,231.0,290.0,,15.0,,False,
2025-11-02T08:00:00.000Z,Japan,Kansai,JP-KN,240.0,301.0,,14.0,,False,
2025-11-02T09:00:00.000Z,Japan,Kansai,JP-KN,236.0,297.0,,14.0,,False,
2025-11-02T10:00:00.000Z,Japan,Kansai,JP-KN,239.0,299.0,,14.0,,False,
2025-11-02T11:00:00.000Z,Japan,Kansai,JP-KN,246.0,307.0,,12.0,,False,
2025-11-02T12:00:00.000Z,Japan,Kansai,JP-KN,245.0,305.0,,12.0,,False,
2025-11-02T13:00:00.000Z,Japan,Kansai,JP-KN,240.0,298.0,,12.0,,False,
2025-11-02T14:00:00.000Z,Japan,Kansai,JP-KN,234.0,292.0,,11.0,,False,
2025-11-02T15:00:00.000Z,Japan,Kansai,JP-KN,239.0,296.0,,10.0,,False,
2025-11-02T16:00:00.000Z,Japan,Kansai,JP-KN,238.0,295.0,,10.0,,False,
2025-11-02T17:00:00.000Z,Japan,Kansai,JP-KN,241.0,299.0,,10.0,,False,
2025-11-02T18:00:00.000Z,Japan,Kansai,JP-KN,245.0,303.0,,10.0,,False,
2025-11-02T19:00:00.000Z,Japan,Kansai,JP-KN,239.0,297.0,,11.0,,False,
2025-11-02T20:00:00.000Z,Japan,Kansai,JP-KN,233.0,291.0,,12.0,,False,
2025-11-02T21:00:00.000Z,Japan,Kansai,JP-KN,234.0,291.0,,12.0,,False,
2025-11-02T22:00:00.000Z,Japan,Kansai,JP-KN,219.0,274.0,,17.0,,False,
2025-11-02T23:00:00.000Z,Japan,Kansai,JP-KN,174.0,227.0,,28.0,,False,
2025-11-03T00:00:00.000Z,Japan,Kansai,JP-KN,152.0,204.0,,34.0,,False,
2025-11-03T01:00:00.000Z,Japan,Kansai,JP-KN,125.0,175.0,,38.0,,False,
2025-11-03T02:00:00.000Z,Japan,Kansai,JP-KN,111.0,160.0,,42.0,,False,
2025-11-03T03:00:00.000Z,Japan,Kansai,JP-KN,118.0,169.0,,41.0,,False,
2025-11-03T04:00:00.000Z,Japan,Kansai,JP-KN,134.0,185.0,,37.0,,False,
2025-11-03T05:00:00.000Z,Japan,Kansai,JP-KN,151.0,202.0,,34.0,,False,
2025-11-03T06:00:00.000Z,Japan,Kansai,JP-KN,197.0,254.0,,23.0,,False,
2025-11-03T07:00:00.000Z,Japan,Kansai,JP-KN,243.0,304.0,,14.0,,False,
2025-11-03T08:00:00.000Z,Japan,Kansai,JP-KN,257.0,319.0,,13.0,,False,
2025-11-03T09:00:00.000Z,Japan,Kansai,JP-KN,252.0,315.0,,14.0,,False,
2025-11-03T10:00:00.000Z,Japan,Kansai,JP-KN,256.0,318.0,,13.0,,False,
2025-11-03T11:00:00.000Z,Japan,Kansai,JP-KN,260.0,322.0,,11.0,,False,
2025-11-03T12:00:00.000Z,Japan,Kansai,JP-KN,260.0,322.0,,11.0,,False,
2025-11-03T13:00:00.000Z,Japan,Kansai,JP-KN,261.0,323.0,,9.0,,False,
2025-11-03T14:00:00.000Z,Japan,Kansai,JP-KN,266.0,326.0,,9.0,,False,
2025-11-03T15:00:00.000Z,Japan,Kansai,JP-KN,265.0,323.0,,9.0,,False,
2025-11-03T16:00:00.000Z,Japan,Kansai,JP-KN,267.0,325.0,,9.0,,False,
2025-11-03T17:00:00.000Z,Japan,Kansai,JP-KN,269.0,328.0,,8.0,,False,
2025-11-03T18:00:00.000Z,Japan,Kansai,JP-KN,271.0,333.0,,8.0,,False,
2025-11-03T19:00:00.000Z,Japan,Kansai,JP-KN,266.0,329.0,,8.0,,False,
2025-11-03T20:00:00.000Z,Japan,Kansai,JP-KN,268.0,331.0,,9.0,,False,
2025-11-03T21:00:00.000Z,Japan,Kansai,JP-KN,262.0,326.0,,11.0,,False,
2025-11-03T22:00:00.000Z,Japan,Kansai,JP-KN,249.0,310.0,,15.0,,False,
2025-11-03T23:00:00.000Z,Japan,Kansai,JP-KN,234.0,292.0,,21.0,,False,
2025-11-04T00:00:00.000Z,Japan,Kansai,JP-KN,203.0,257.0,,29.0,,False,
2025-11-04T01:00:00.000Z,Japan,Kansai,JP-KN,181.0,233.0,,34.0,,False,
2025-11-04T02:00:00.000Z,Japan,Kansai,JP-KN,169.0,221.0,,36.0,,False,
2025-11-04T03:00:00.000Z,Japan,Kansai,JP-KN,160.0,212.0,,36.0,,False,
2025-11-04T04:00:00.000Z,Japan,Kansai,JP-KN,181.0,235.0,,31.0,,False,
2025-11-04T05:00:00.000Z,Japan,Kansai,JP-KN,221.0,277.0,,23.0,,False,
2025-11-04T06:00:00.000Z,Japan,Kansai,JP-KN,260.0,324.0,,16.0,,False,
2025-11-04T07:00:00.000Z,Japan,Kansai,JP-KN,275.0,344.0,,13.0,,False,
2025-11-04T08:00:00.000Z,Japan,Kansai,JP-KN,281.0,350.0,,11.0,,False,
2025-11-04T09:00:00.000Z,Japan,Kansai,JP-KN,277.0,343.0,,13.0,,False,
2025-11-04T10:00:00.000Z,Japan,Kansai,JP-KN,274.0,338.0,,13.0,,False,
2025-11-04T11:00:00.000Z,Japan,Kansai,JP-KN,273.0,336.0,,13.0,,False,
2025-11-04T12:00:00.000Z,Japan,Kansai,JP-KN,270.0,333.0,,12.0,,False,
2025-11-04T13:00:00.000Z,Japan,Kansai,JP-KN,272.0,334.0,,10.0,,False,
2025-11-04T14:00:00.000Z,Japan,Kansai,JP-KN,276.0,338.0,,8.0,,False,
2025-11-04T15:00:00.000Z,Japan,Kansai,JP-KN,271.0,332.0,,8.0,,False,
2025-11-04T16:00:00.000Z,Japan,Kansai,JP-KN,275.0,337.0,,8.0,,False,
2025-11-04T17:00:00.000Z,Japan,Kansai,JP-KN,279.0,342.0,,8.0,,False,
2025-11-04T18:00:00.000Z,Japan,Kansai,JP-KN,276.0,340.0,,8.0,,False,
2025-11-04T19:00:00.000Z,Japan,Kansai,JP-KN,271.0,334.0,,9.0,,False,
2025-11-04T20:00:00.000Z,Japan,Kansai,JP-KN,263.0,324.0,,9.0,,False,
2025-11-04T21:00:00.000Z,Japan,Kansai,JP-KN,266.0,329.0,,10.0,,False,
2025-11-04T22:00:00.000Z,Japan,Kansai,JP-KN,265.0,327.0,,12.0,,False,
2025-11-04T23:00:00.000Z,Japan,Kansai,JP-KN,259.0,321.0,,16.0,,False,
2025-11-05T00:00:00.000Z,Japan,Kansai,JP-KN,247.0,308.0,,21.0,,False,
2025-11-05T01:00:00.000Z,Japan,Kansai,JP-KN,237.0,297.0,,23.0,,False,
2025-11-05T02:00:00.000Z,Japan,Kansai,JP-KN,234.0,294.0,,24.0,,False,
2025-11-05T03:00:00.000Z,Japan,Kansai,JP-KN,239.0,299.0,,22.0,,False,
2025-11-05T04:00:00.000Z,Japan,Kansai,JP-KN,246.0,308.0,,20.0,,False,
2025-11-05T05:00:00.000Z,Japan,Kansai,JP-KN,264.0,331.0,,17.0,,False,
2025-11-05T06:00:00.000Z,Japan,Kansai,JP-KN,283.0,351.0,,13.0,,False,
2025-11-05T07:00:00.000Z,Japan,Kansai,JP-KN,282.0,349.0,,13.0,,False,
2025-11-05T08:00:00.000Z,Japan,Kansai,JP-KN,281.0,347.0,,12.0,,False,
2025-11-05T09:00:00.000Z,Japan,Kansai,JP-KN,284.0,352.0,,12.0,,False,
2025-11-05T10:00:00.000Z,Japan,Kansai,JP-KN,286.0,354.0,,11.0,,False,
2025-11-05T11:00:00.000Z,Japan,Kansai,JP-KN,282.0,351.0,,11.0,,False,
2025-11-05T12:00:00.000Z,Japan,Kansai,JP-KN,281.0,349.0,,10.0,,False,
2025-11-05T13:00:00.000Z,Japan,Kansai,JP-KN,285.0,353.0,,8.0,,False,
2025-11-05T14:00:00.000Z,Japan,Kansai,JP-KN,286.0,353.0,,8.0,,False,
2025-11-05T15:00:00.000Z,Japan,Kansai,JP-KN,278.0,344.0,,8.0,,False,
2025-11-05T16:00:00.000Z,Japan,Kansai,JP-KN,277.0,342.0,,8.0,,False,
2025-11-05T17:00:00.000Z,Japan,Kansai,JP-KN,281.0,345.0,,8.0,,False,
2025-11-05T18:00:00.000Z,Japan,Kansai,JP-KN,280.0,347.0,,8.0,,False,
2025-11-05T19:00:00.000Z,Japan,Kansai,JP-KN,273.0,339.0,,8.0,,False,
2025-11-05T20:00:00.000Z,Japan,Kansai,JP-KN,275.0,343.0,,7.0,,False,
2025-11-05T21:00:00.000Z,Japan,Kansai,JP-KN,270.0,338.0,,8.0,,False,
2025-11-05T22:00:00.000Z,Japan,Kansai,JP-KN,270.0,333.0,,11.0,,False,
2025-11-05T23:00:00.000Z,Japan,Kansai,JP-KN,253.0,315.0,,18.0,,False,
2025-11-06T00:00:00.000Z,Japan,Kansai,JP-KN,221.0,279.0,,26.0,,False,
2025-11-06T01:00:00.000Z,Japan,Kansai,JP-KN,192.0,248.0,,31.0,,False,
2025-11-06T02:00:00.000Z,Japan,Kansai,JP-KN,179.0,234.0,,33.0,,False,
2025-11-06T03:00:00.000Z,Japan,Kansai,JP-KN,176.0,231.0,,34.0,,False,
2025-11-06T04:00:00.000Z,Japan,Kansai,JP-KN,188.0,244.0,,31.0,,False,
2025-11-06T05:00:00.000Z,Japan,Kansai,JP-KN,196.0,252.0,,29.0,,False,
2025-11-06T06:00:00.000Z,Japan,Kansai,JP-KN,236.0,298.0,,20.0,,False,
2025-11-06T07:00:00.000Z,Japan,Kansai,JP-KN,264.0,332.0,,14.0,,False,
2025-11-06T08:00:00.000Z,Japan,Kansai,JP-KN,259.0,326.0,,14.0,,False,
2025-11-06T09:00:00.000Z,Japan,Kansai,JP-KN,256.0,323.0,,16.0,,False,
2025-11-06T10:00:00.000Z,Japan,Kansai,JP-KN,259.0,326.0,,14.0,,False,
2025-11-06T11:00:00.000Z,Japan,Kansai,JP-KN,265.0,333.0,,12.0,,False,
2025-11-06T12:00:00.000Z,Japan,Kansai,JP-KN,267.0,334.0,,11.0,,False,
2025-11-06T13:00:00.000Z,Japan,Kansai,JP-KN,273.0,338.0,,9.0,,False,
2025-11-06T14:00:00.000Z,Japan,Kansai,JP-KN,273.0,338.0,,9.0,,False,
2025-11-06T15:00:00.000Z,Japan,Kansai,JP-KN,268.0,328.0,,9.0,,False,
2025-11-06T16:00:00.000Z,Japan,Kansai,JP-KN,262.0,320.0,,9.0,,False,
2025-11-06T17:00:00.000Z,Japan,Kansai,JP-KN,261.0,321.0,,9.0,,False,
2025-11-06T18:00:00.000Z,Japan,Kansai,JP-KN,254.0,314.0,,10.0,,False,
2025-11-06T19:00:00.000Z,Japan,Kansai,JP-KN,248.0,309.0,,11.0,,False,
2025-11-06T20:00:00.000Z,Japan,Kansai,JP-KN,247.0,307.0,,11.0,,False,
2025-11-06T21:00:00.000Z,Japan,Kansai,JP-KN,248.0,309.0,,12.0,,False,
2025-11-06T22:00:00.000Z,Japan,Kansai,JP-KN,244.0,304.0,,16.0,,False,
2025-11-06T23:00:00.000Z,Japan,Kansai,JP-KN,231.0,293.0,,22.0,,False,
2025-11-07T00:00:00.000Z,Japan,Kansai,JP-KN,199.0,257.0,,30.0,,False,
2025-11-07T01:00:00.000Z,Japan,Kansai,JP-KN,169.0,226.0,,36.0,,False,
2025-11-07T02:00:00.000Z,Japan,Kansai,JP-KN,145.0,201.0,,39.0,,False,
2025-11-07T03:00:00.000Z,Japan,Kansai,JP-KN,136.0,192.0,,39.0,,False,
2025-11-07T04:00:00.000Z,Japan,Kansai,JP-KN,163.0,220.0,,35.0,,False,
2025-11-07T05:00:00.000Z,Japan,Kansai,JP-KN,197.0,256.0,,29.0,,False,
2025-11-07T06:00:00.000Z,Japan,Kansai,JP-KN,232.0,298.0,,21.0,,False,
2025-11-07T07:00:00.000Z,Japan,Kansai,JP-KN,256.0,326.0,,15.0,,False,
2025-11-07T08:00:00.000Z,Japan,Kansai,JP-KN,259.0,327.0,,13.0,,False,
2025-11-07T09:00:00.000Z,Japan,Kansai,JP-KN,256.0,322.0,,14.0,,False,
2025-11-07T10:00:00.000Z,Japan,Kansai,JP-KN,257.0,323.0,,13.0,,False,
2025-11-07T11:00:00.000Z,Japan,Kansai,JP-KN,256.0,321.0,,12.0,,False,
2025-11-07T12:00:00.000Z,Japan,Kansai,JP-KN,255.0,319.0,,12.0,,False,
2025-11-07T13:00:00.000Z,Japan,Kansai,JP-KN,257.0,319.0,,11.0,,False,
2025-11-07T14:00:00.000Z,Japan,Kansai,JP-KN,243.0,306.0,,11.0,,False,
2025-11-07T15:00:00.000Z,Japan,Kansai,JP-KN,228.0,290.0,,12.0,,False,
2025-11-07T16:00:00.000Z,Japan,Kansai,JP-KN,223.0,285.0,,12.0,,False,
2025-11-07T17:00:00.000Z,Japan,Kansai,JP-KN,227.0,290.0,,11.0,,False,
2025-11-07T18:00:00.000Z,Japan,Kansai,JP-KN,220.0,284.0,,11.0,,False,
2025-11-07T19:00:00.000Z,Japan,Kansai,JP-KN,220.0,283.0,,11.0,,False,
2025-11-07T20:00:00.000Z,Japan,Kansai,JP-KN,217.0,279.0,,11.0,,False,
2025-11-07T21:00:00.000Z,Japan,Kansai,JP-KN,211.0,271.0,,13.0,,False,
2025-11-07T22:00:00.000Z,Japan,Kansai,JP-KN,202.0,260.0,,18.0,,False,
2025-11-07T23:00:00.000Z,Japan,Kansai,JP-KN,176.0,231.0,,27.0,,False,
2025-11-08T00:00:00.000Z,Japan,Kansai,JP-KN,137.0,188.0,,37.0,,False,
2025-11-08T01:00:00.000Z,Japan,Kansai,JP-KN,109.0,158.0,,43.0,,False,
2025-11-08T02:00:00.000Z,Japan,Kansai,JP-KN,109.0,159.0,,44.0,,False,
2025-11-08T03:00:00.000Z,Japan,Kansai,JP-KN,111.0,161.0,,43.0,,False,
2025-11-08T04:00:00.000Z,Japan,Kansai,JP-KN,119.0,169.0,,40.0,,False,
2025-11-08T05:00:00.000Z,Japan,Kansai,JP-KN,139.0,192.0,,32.0,,False,
2025-11-08T06:00:00.000Z,Japan,Kansai,JP-KN,179.0,238.0,,20.0,,False,
2025-11-08T07:00:00.000Z,Japan,Kansai,JP-KN,213.0,278.0,,14.0,,False,
2025-11-08T08:00:00.000Z,Japan,Kansai,JP-KN,215.0,279.0,,14.0,,False,
2025-11-08T09:00:00.000Z,Japan,Kansai,JP-KN,211.0,274.0,,16.0,,False,
2025-11-08T10:00:00.000Z,Japan,Kansai,JP-KN,209.0,271.0,,16.0,,False,
2025-11-08T11:00:00.000Z,Japan,Kansai,JP-KN,210.0,271.0,,16.0,,False,
2025-11-08T12:00:00.000Z,Japan,Kansai,JP-KN,215.0,278.0,,14.0,,False,
2025-11-08T13:00:00.000Z,Japan,Kansai,JP-KN,214.0,277.0,,12.0,,False,
2025-11-08T14:00:00.000Z,Japan,Kansai,JP-KN,219.0,282.0,,10.0,,False,
2025-11-08T15:00:00.000Z,Japan,Kansai,JP-KN,225.0,287.0,,10.0,,False,
2025-11-08T16:00:00.000Z,Japan,Kansai,JP-KN,225.0,288.0,,10.0,,False,
2025-11-08T17:00:00.000Z,Japan,Kansai,JP-KN,223.0,287.0,,9.0,,False,
2025-11-08T18:00:00.000Z,Japan,Kansai,JP-KN,223.0,287.0,,9.0,,False,
2025-11-08T19:00:00.000Z,Japan,Kansai,JP-KN,219.0,284.0,,9.0,,False,
2025-11-08T20:00:00.000Z,Japan,Kansai,JP-KN,207.0,268.0,,10.0,,False,
2025-11-08T21:00:00.000Z,Japan,Kansai,JP-KN,202.0,259.0,,12.0,,False,
2025-11-08T22:00:00.000Z,Japan,Kansai,JP-KN,208.0,267.0,,14.0,,False,
2025-11-08T23:00:00.000Z,Japan,Kansai,JP-KN,205.0,265.0,,17.0,,False,
2025-11-09T00:00:00.000Z,Japan,Kansai,JP-KN,200.0,261.0,,18.0,,False,
2025-11-09T01:00:00.000Z,Japan,Kansai,JP-KN,195.0,254.0,,18.0,,False,
2025-11-09T02:00:00.000Z,Japan,Kansai,JP-KN,196.0,255.0,,20.0,,False,
2025-11-09T03:00:00.000Z,Japan,Kansai,JP-KN,194.0,253.0,,19.0,,False,
2025-11-09T04:00:00.000Z,Japan,Kansai,JP-KN,193.0,252.0,,20.0,,False,
2025-11-09T05:00:00.000Z,Japan,Kansai,JP-KN,199.0,259.0,,19.0,,False,
2025-11-09T06:00:00.000Z,Japan,Kansai,JP-KN,206.0,266.0,,18.0,,False,
2025-11-09T07:00:00.000Z,Japan,Kansai,JP-KN,226.0,285.0,,15.0,,False,
2025-11-09T08:00:00.000Z,Japan,Kansai,JP-KN,231.0,290.0,,16.0,,False,
2025-11-09T09:00:00.000Z,Japan,Kansai,JP-KN,233.0,293.0,,15.0,,False,
2025-11-09T10:00:00.000Z,Japan,Kansai,JP-KN,233.0,293.0,,15.0,,False,
2025-11-09T11:00:00.000Z,Japan,Kansai,JP-KN,239.0,301.0,,14.0,,False,
2025-11-09T12:00:00.000Z,Japan,Kansai,JP-KN,240.0,302.0,,12.0,,False,
2025-11-09T13:00:00.000Z,Japan,Kansai,JP-KN,236.0,296.0,,12.0,,False,
2025-11-09T14:00:00.000Z,Japan,Kansai,JP-KN,240.0,298.0,,12.0,,False,
2025-11-09T15:00:00.000Z,Japan,Kansai,JP-KN,243.0,300.0,,12.0,,False,
2025-11-09T16:00:00.000Z,Japan,Kansai,JP-KN,242.0,300.0,,12.0,,False,
2025-11-09T17:00:00.000Z,Japan,Kansai,JP-KN,247.0,305.0,,12.0,,False,
2025-11-09T18:00:00.000Z,Japan,Kansai,JP-KN,243.0,301.0,,12.0,,False,
2025-11-09T19:00:00.000Z,Japan,Kansai,JP-KN,238.0,297.0,,13.0,,False,
2025-11-09T20:00:00.000Z,Japan,Kansai,JP-KN,240.0,299.0,,13.0,,False,
2025-11-09T21:00:00.000Z,Japan,Kansai,JP-KN,240.0,300.0,,14.0,,False,
2025-11-09T22:00:00.000Z,Japan,Kansai,JP-KN,236.0,295.0,,17.0,,False,
2025-11-09T23:00:00.000Z,Japan,Kansai,JP-KN,223.0,283.0,,24.0,,False,
2025-11-10T00:00:00.000Z,Japan,Kansai,JP-KN,196.0,251.0,,30.0,,False,
2025-11-10T01:00:00.000Z,Japan,Kansai,JP-KN,167.0,219.0,,36.0,,False,
2025-11-10T02:00:00.000Z,Japan,Kansai,JP-KN,157.0,208.0,,37.0,,False,
2025-11-10T03:00:00.000Z,Japan,Kansai,JP-KN,153.0,204.0,,37.0,,False,
2025-11-10T04:00:00.000Z,Japan,Kansai,JP-KN,175.0,228.0,,34.0,,False,
2025-11-10T05:00:00.000Z,Japan,Kansai,JP-KN,201.0,257.0,,29.0,,False,
2025-11-10T06:00:00.000Z,Japan,Kansai,JP-KN,229.0,290.0,,22.0,,False,
2025-11-10T07:00:00.000Z,Japan,Kansai,JP-KN,255.0,319.0,,16.0,,False,
2025-11-10T08:00:00.000Z,Japan,Kansai,JP-KN,255.0,320.0,,15.0,,False,
2025-11-10T09:00:00.000Z,Japan,Kansai,JP-KN,257.0,322.0,,15.0,,False,
2025-11-10T10:00:00.000Z,Japan,Kansai,JP-KN,257.0,323.0,,14.0,,False,
2025-11-10T11:00:00.000Z,Japan,Kansai,JP-KN,259.0,324.0,,13.0,,False,
2025-11-10T12:00:00.000Z,Japan,Kansai,JP-KN,259.0,325.0,,12.0,,False,
2025-11-10T13:00:00.000Z,Japan,Kansai,JP-KN,261.0,326.0,,10.0,,False,
2025-11-10T14:00:00.000Z,Japan,Kansai,JP-KN,259.0,324.0,,10.0,,False,
2025-11-10T15:00:00.000Z,Japan,Kansai,JP-KN,256.0,320.0,,9.0,,False,
2025-11-10T16:00:00.000Z,Japan,Kansai,JP-KN,256.0,321.0,,9.0,,False,
2025-11-10T17:00:00.000Z,Japan,Kansai,JP-KN,260.0,326.0,,9.0,,False,
2025-11-10T18:00:00.000Z,Japan,Kansai,JP-KN,257.0,324.0,,10.0,,False,
2025-11-10T19:00:00.000Z,Japan,Kansai,JP-KN,256.0,321.0,,10.0,,False,
2025-11-10T20:00:00.000Z,Japan,Kansai,JP-KN,257.0,322.0,,10.0,,False,
2025-11-10T21:00:00.000Z,Japan,Kansai,JP-KN,252.0,317.0,,12.0,,False,
2025-11-10T22:00:00.000Z,Japan,Kansai,JP-KN,241.0,305.0,,15.0,,False,
2025-11-10T23:00:00.000Z,Japan,Kansai,JP-KN,223.0,285.0,,21.0,,False,
2025-11-11T00:00:00.000Z,Japan,Kansai,JP-KN,203.0,263.0,,27.0,,False,
2025-11-11T01:00:00.000Z,Japan,Kansai,JP-KN,187.0,243.0,,30.0,,False,
2025-11-11T02:00:00.000Z,Japan,Kansai,JP-KN,188.0,245.0,,31.0,,False,
2025-11-11T03:00:00.000Z,Japan,Kansai,JP-KN,190.0,246.0,,29.0,,False,
2025-11-11T04:00:00.000Z,Japan,Kansai,JP-KN,197.0,254.0,,28.0,,False,
2025-11-11T05:00:00.000Z,Japan,Kansai,JP-KN,210.0,269.0,,25.0,,False,
2025-11-11T06:00:00.000Z,Japan,Kansai,JP-KN,234.0,297.0,,19.0,,False,
2025-11-11T07:00:00.000Z,Japan,Kansai,JP-KN,252.0,318.0,,15.0,,False,
2025-11-11T08:00:00.000Z,Japan,Kansai,JP-KN,254.0,320.0,,15.0,,False,
2025-11-11T09:00:00.000Z,Japan,Kansai,JP-KN,246.0,310.0,,16.0,,False,
2025-11-11T10:00:00.000Z,Japan,Kansai,JP-KN,251.0,316.0,,15.0,,False,
2025-11-11T11:00:00.000Z,Japan,Kansai,JP-KN,256.0,322.0,,13.0,,False,
2025-11-11T12:00:00.000Z,Japan,Kansai,JP-KN,250.0,315.0,,13.0,,False,
2025-11-11T13:00:00.000Z,Japan,Kansai,JP-KN,248.0,312.0,,11.0,,False,
2025-11-11T14:00:00.000Z,Japan,Kansai,JP-KN,249.0,312.0,,10.0,,False,
2025-11-11T15:00:00.000Z,Japan,Kansai,JP-KN,250.0,314.0,,9.0,,False,
2025-11-11T16:00:00.000Z,Japan,Kansai,JP-KN,253.0,317.0,,9.0,,False,
2025-11-11T17:00:00.000Z,Japan,Kansai,JP-KN,254.0,318.0,,10.0,,False,
2025-11-11T18:00:00.000Z,Japan,Kansai,JP-KN,255.0,321.0,,10.0,,False,
2025-11-11T19:00:00.000Z,Japan,Kansai,JP-KN,255.0,321.0,,11.0,,False,
2025-11-11T20:00:00.000Z,Japan,Kansai,JP-KN,254.0,320.0,,11.0,,False,
2025-11-11T21:00:00.000Z,Japan,Kansai,JP-KN,250.0,314.0,,12.0,,False,
2025-11-11T22:00:00.000Z,Japan,Kansai,JP-KN,243.0,307.0,,14.0,,False,
2025-11-11T23:00:00.000Z,Japan,Kansai,JP-KN,232.0,294.0,,19.0,,False,
2025-11-12T00:00:00.000Z,Japan,Kansai,JP-KN,223.0,283.0,,22.0,,False,
2025-11-12T01:00:00.000Z,Japan,Kansai,JP-KN,217.0,277.0,,23.0,,False,
2025-11-12T02:00:00.000Z,Japan,Kansai,JP-KN,208.0,268.0,,25.0,,False,
2025-11-12T03:00:00.000Z,Japan,Kansai,JP-KN,208.0,267.0,,25.0,,False,
2025-11-12T04:00:00.000Z,Japan,Kansai,JP-KN,213.0,274.0,,24.0,,False,
2025-11-12T05:00:00.000Z,Japan,Kansai,JP-KN,228.0,290.0,,21.0,,False,
2025-11-12T06:00:00.000Z,Japan,Kansai,JP-KN,241.0,305.0,,16.0,,False,
2025-11-12T07:00:00.000Z,Japan,Kansai,JP-KN,250.0,314.0,,16.0,,False,
2025-11-12T08:00:00.000Z,Japan,Kansai,JP-KN,251.0,316.0,,15.0,,False,
2025-11-12T09:00:00.000Z,Japan,Kansai,JP-KN,248.0,312.0,,16.0,,False,
2025-11-12T10:00:00.000Z,Japan,Kansai,JP-KN,251.0,315.0,,15.0,,False,
2025-11-12T11:00:00.000Z,Japan,Kansai,JP-KN,250.0,315.0,,14.0,,False,
2025-11-12T12:00:00.000Z,Japan,Kansai,JP-KN,250.0,315.0,,12.0,,False,
2025-11-12T13:00:00.000Z,Japan,Kansai,JP-KN,253.0,316.0,,10.0,,False,
2025-11-12T14:00:00.000Z,Japan,Kansai,JP-KN,254.0,318.0,,9.0,,False,
2025-11-12T15:00:00.000Z,Japan,Kansai,JP-KN,253.0,317.0,,9.0,,False,
2025-11-12T16:00:00.000Z,Japan,Kansai,JP-KN,256.0,321.0,,8.0,,False,
2025-11-12T17:00:00.000Z,Japan,Kansai,JP-KN,257.0,322.0,,8.0,,False,
2025-11-12T18:00:00.000Z,Japan,Kansai,JP-KN,257.0,322.0,,8.0,,False,
2025-11-12T19:00:00.000Z,Japan,Kansai,JP-KN,258.0,323.0,,8.0,,False,
2025-11-12T20:00:00.000Z,Japan,Kansai,JP-KN,260.0,327.0,,7.0,,False,
2025-11-12T21:00:00.000Z,Japan,Kansai,JP-KN,267.0,337.0,,7.0,,False,
2025-11-12T22:00:00.000Z,Japan,Kansai,JP-KN,268.0,339.0,,8.0,,False,
2025-11-12T23:00:00.000Z,Japan,Kansai,JP-KN,260.0,331.0,,14.0,,False,
2025-11-13T00:00:00.000Z,Japan,Kansai,JP-KN,251.0,319.0,,17.0,,False,
2025-11-13T01:00:00.000Z,Japan,Kansai,JP-KN,240.0,306.0,,20.0,,False,
2025-11-13T02:00:00.000Z,Japan,Kansai,JP-KN,241.0,307.0,,20.0,,False,
2025-11-13T03:00:00.000Z,Japan,Kansai,JP-KN,245.0,310.0,,19.0,,False,
2025-11-13T04:00:00.000Z,Japan,Kansai,JP-KN,254.0,321.0,,16.0,,False,
2025-11-13T05:00:00.000Z,Japan,Kansai,JP-KN,257.0,325.0,,15.0,,False,
2025-11-13T06:00:00.000Z,Japan,Kansai,JP-KN,252.0,319.0,,16.0,,False,
2025-11-13T07:00:00.000Z,Japan,Kansai,JP-KN,257.0,325.0,,15.0,,False,
2025-11-13T08:00:00.000Z,Japan,Kansai,JP-KN,260.0,329.0,,13.0,,False,
2025-11-13T09:00:00.000Z,Japan,Kansai,JP-KN,261.0,330.0,,13.0,,False,
2025-11-13T10:00:00.000Z,Japan,Kansai,JP-KN,264.0,332.0,,13.0,,False,
2025-11-13T11:00:00.000Z,Japan,Kansai,JP-KN,265.0,332.0,,11.0,,False,
2025-11-13T12:00:00.000Z,Japan,Kansai,JP-KN,265.0,332.0,,10.0,,False,
2025-11-13T13:00:00.000Z,Japan,Kansai,JP-KN,255.0,318.0,,10.0,,False,
2025-11-13T14:00:00.000Z,Japan,Kansai,JP-KN,255.0,318.0,,8.0,,False,
2025-11-13T15:00:00.000Z,Japan,Kansai,JP-KN,247.0,308.0,,9.0,,False,
2025-11-13T16:00:00.000Z,Japan,Kansai,JP-KN,250.0,311.0,,9.0,,False,
2025-11-13T17:00:00.000Z,Japan,Kansai,JP-KN,254.0,316.0,,9.0,,False,
2025-11-13T18:00:00.000Z,Japan,Kansai,JP-KN,252.0,314.0,,9.0,,False,
2025-11-13T19:00:00.000Z,Japan,Kansai,JP-KN,251.0,314.0,,9.0,,False,
2025-11-13T20:00:00.000Z,Japan,Kansai,JP-KN,256.0,322.0,,9.0,,False,
2025-11-13T21:00:00.000Z,Japan,Kansai,JP-KN,258.0,323.0,,9.0,,False,
2025-11-13T22:00:00.000Z,Japan,Kansai,JP-KN,240.0,303.0,,14.0,,False,
2025-11-13T23:00:00.000Z,Japan,Kansai,JP-KN,219.0,280.0,,22.0,,False,
2025-11-14T00:00:00.000Z,Japan,Kansai,JP-KN,183.0,240.0,,31.0,,False,
2025-11-14T01:00:00.000Z,Japan,Kansai,JP-KN,159.0,212.0,,37.0,,False,
2025-11-14T02:00:00.000Z,Japan,Kansai,JP-KN,160.0,214.0,,36.0,,False,
2025-11-14T03:00:00.000Z,Japan,Kansai,JP-KN,154.0,209.0,,35.0,,False,
2025-11-14T04:00:00.000Z,Japan,Kansai,JP-KN,150.0,203.0,,35.0,,False,
2025-11-14T05:00:00.000Z,Japan,Kansai,JP-KN,183.0,239.0,,29.0,,False,
2025-11-14T06:00:00.000Z,Japan,Kansai,JP-KN,231.0,291.0,,21.0,,False,
2025-11-14T07:00:00.000Z,Japan,Kansai,JP-KN,256.0,321.0,,14.0,,False,
2025-11-14T08:00:00.000Z,Japan,Kansai,JP-KN,257.0,321.0,,14.0,,False,
2025-11-14T09:00:00.000Z,Japan,Kansai,JP-KN,254.0,318.0,,14.0,,False,
2025-11-14T10:00:00.000Z,Japan,Kansai,JP-KN,256.0,319.0,,13.0,,False,
2025-11-14T11:00:00.000Z,Japan,Kansai,JP-KN,256.0,320.0,,13.0,,False,
2025-11-14T12:00:00.000Z,Japan,Kansai,JP-KN,250.0,313.0,,12.0,,False,
2025-11-14T13:00:00.000Z,Japan,Kansai,JP-KN,244.0,307.0,,10.0,,False,
2025-11-14T14:00:00.000Z,Japan,Kansai,JP-KN,233.0,298.0,,9.0,,False,
2025-11-14T15:00:00.000Z,Japan,Kansai,JP-KN,218.0,283.0,,8.0,,False,
2025-11-14T16:00:00.000Z,Japan,Kansai,JP-KN,221.0,287.0,,8.0,,False,
2025-11-14T17:00:00.000Z,Japan,Kansai,JP-KN,224.0,291.0,,8.0,,False,
2025-11-14T18:00:00.000Z,Japan,Kansai,JP-KN,221.0,287.0,,9.0,,False,
2025-11-14T19:00:00.000Z,Japan,Kansai,JP-KN,225.0,292.0,,9.0,,False,
2025-11-14T20:00:00.000Z,Japan,Kansai,JP-KN,219.0,283.0,,11.0,,False,
2025-11-14T21:00:00.000Z,Japan,Kansai,JP-KN,213.0,277.0,,10.0,,False,
2025-11-14T22:00:00.000Z,Japan,Kansai,JP-KN,207.0,268.0,,13.0,,False,
2025-11-14T23:00:00.000Z,Japan,Kansai,JP-KN,173.0,229.0,,23.0,,False,
2025-11-15T00:00:00.000Z,Japan,Kansai,JP-KN,132.0,182.0,,35.0,,False,
2025-11-15T01:00:00.000Z,Japan,Kansai,JP-KN,113.0,160.0,,42.0,,False,
2025-11-15T02:00:00.000Z,Japan,Kansai,JP-KN,113.0,160.0,,42.0,,False,
2025-11-15T03:00:00.000Z,Japan,Kansai,JP-KN,126.0,174.0,,37.0,,False,
2025-11-15T04:00:00.000Z,Japan,Kansai,JP-KN,128.0,176.0,,36.0,,False,
2025-11-15T05:00:00.000Z,Japan,Kansai,JP-KN,139.0,189.0,,31.0,,False,
2025-11-15T06:00:00.000Z,Japan,Kansai,JP-KN,183.0,239.0,,20.0,,False,
2025-11-15T07:00:00.000Z,Japan,Kansai,JP-KN,217.0,278.0,,12.0,,False,
2025-11-15T08:00:00.000Z,Japan,Kansai,JP-KN,226.0,289.0,,11.0,,False,
2025-11-15T09:00:00.000Z,Japan,Kansai,JP-KN,216.0,279.0,,13.0,,False,
2025-11-15T10:00:00.000Z,Japan,Kansai,JP-KN,216.0,279.0,,12.0,,False,
2025-11-15T11:00:00.000Z,Japan,Kansai,JP-KN,223.0,287.0,,11.0,,False,
2025-11-15T12:00:00.000Z,Japan,Kansai,JP-KN,224.0,289.0,,10.0,,False,
2025-11-15T13:00:00.000Z,Japan,Kansai,JP-KN,221.0,286.0,,9.0,,False,
2025-11-15T14:00:00.000Z,Japan,Kansai,JP-KN,222.0,287.0,,8.0,,False,
2025-11-15T15:00:00.000Z,Japan,Kansai,JP-KN,214.0,278.0,,8.0,,False,
2025-11-15T16:00:00.000Z,Japan,Kansai,JP-KN,215.0,278.0,,8.0,,False,
2025-11-15T17:00:00.000Z,Japan,Kansai,JP-KN,220.0,286.0,,7.0,,False,
2025-11-15T18:00:00.000Z,Japan,Kansai,JP-KN,217.0,282.0,,7.0,,False,
2025-11-15T19:00:00.000Z,Japan,Kansai,JP-KN,219.0,284.0,,8.0,,False,
2025-11-15T20:00:00.000Z,Japan,Kansai,JP-KN,223.0,289.0,,7.0,,False,
2025-11-15T21:00:00.000Z,Japan,Kansai,JP-KN,221.0,287.0,,6.0,,False,
2025-11-15T22:00:00.000Z,Japan,Kansai,JP-KN,207.0,269.0,,11.0,,False,
2025-11-15T23:00:00.000Z,Japan,Kansai,JP-KN,164.0,219.0,,22.0,,False,
2025-11-16T00:00:00.000Z,Japan,Kansai,JP-KN,133.0,181.0,,33.0,,False,
2025-11-16T01:00:00.000Z,Japan,Kansai,JP-KN,128.0,177.0,,35.0,,False,
2025-11-16T02:00:00.000Z,Japan,Kansai,JP-KN,130.0,180.0,,35.0,,False,
2025-11-16T03:00:00.000Z,Japan,Kansai,JP-KN,134.0,184.0,,34.0,,False,
2025-11-16T04:00:00.000Z,Japan,Kansai,JP-KN,138.0,188.0,,33.0,,False,
2025-11-16T05:00:00.000Z,Japan,Kansai,JP-KN,145.0,196.0,,30.0,,False,
2025-11-16T06:00:00.000Z,Japan,Kansai,JP-KN,172.0,226.0,,20.0,,False,
2025-11-16T07:00:00.000Z,Japan,Kansai,JP-KN,208.0,266.0,,13.0,,False,
2025-11-16T08:00:00.000Z,Japan,Kansai,JP-KN,216.0,279.0,,13.0,,False,
2025-11-16T09:00:00.000Z,Japan,Kansai,JP-KN,216.0,279.0,,14.0,,False,
2025-11-16T10:00:00.000Z,Japan,Kansai,JP-KN,218.0,282.0,,13.0,,False,
2025-11-16T11:00:00.000Z,Japan,Kansai,JP-KN,221.0,285.0,,12.0,,False,
2025-11-16T12:00:00.000Z,Japan,Kansai,JP-KN,217.0,280.0,,10.0,,False,
2025-11-16T13:00:00.000Z,Japan,Kansai,JP-KN,222.0,286.0,,9.0,,False,
2025-11-16T14:00:00.000Z,Japan,Kansai,JP-KN,232.0,297.0,,8.0,,False,
2025-11-16T15:00:00.000Z,Japan,Kansai,JP-KN,221.0,280.0,,8.0,,False,
2025-11-16T16:00:00.000Z,Japan,Kansai,JP-KN,214.0,271.0,,8.0,,False,
2025-11-16T17:00:00.000Z,Japan,Kansai,JP-KN,223.0,281.0,,9.0,,False,
2025-11-16T18:00:00.000Z,Japan,Kansai,JP-KN,223.0,284.0,,8.0,,False,
2025-11-16T19:00:00.000Z,Japan,Kansai,JP-KN,223.0,284.0,,9.0,,False,
2025-11-16T20:00:00.000Z,Japan,Kansai,JP-KN,223.0,284.0,,8.0,,False,
2025-11-16T21:00:00.000Z,Japan,Kansai,JP-KN,225.0,286.0,,10.0,,False,
2025-11-16T22:00:00.000Z,Japan,Kansai,JP-KN,216.0,276.0,,16.0,,False,
2025-11-16T23:00:00.000Z,Japan,Kansai,JP-KN,210.0,270.0,,22.0,,False,
2025-11-17T00:00:00.000Z,Japan,Kansai,JP-KN,185.0,243.0,,29.0,,False,
2025-11-17T01:00:00.000Z,Japan,Kansai,JP-KN,159.0,212.0,,36.0,,False,
2025-11-17T02:00:00.000Z,Japan,Kansai,JP-KN,159.0,211.0,,37.0,,False,
2025-11-17T03:00:00.000Z,Japan,Kansai,JP-KN,159.0,210.0,,36.0,,False,
2025-11-17T04:00:00.000Z,Japan,Kansai,JP-KN,169.0,222.0,,32.0,,False,
2025-11-17T05:00:00.000Z,Japan,Kansai,JP-KN,210.0,268.0,,24.0,,False,
2025-11-17T06:00:00.000Z,Japan,Kansai,JP-KN,237.0,303.0,,16.0,,False,
2025-11-17T07:00:00.000Z,Japan,Kansai,JP-KN,247.0,317.0,,15.0,,False,
2025-11-17T08:00:00.000Z,Japan,Kansai,JP-KN,251.0,322.0,,13.0,,False,
2025-11-17T09:00:00.000Z,Japan,Kansai,JP-KN,242.0,308.0,,16.0,,False,
2025-11-17T10:00:00.000Z,Japan,Kansai,JP-KN,243.0,309.0,,14.0,,False,
2025-11-17T11:00:00.000Z,Japan,Kansai,JP-KN,249.0,316.0,,12.0,,False,
2025-11-17T12:00:00.000Z,Japan,Kansai,JP-KN,249.0,316.0,,11.0,,False,
2025-11-17T13:00:00.000Z,Japan,Kansai,JP-KN,246.0,311.0,,9.0,,False,
2025-11-17T14:00:00.000Z,Japan,Kansai,JP-KN,242.0,306.0,,9.0,,False,
2025-11-17T15:00:00.000Z,Japan,Kansai,JP-KN,236.0,298.0,,9.0,,False,
2025-11-17T16:00:00.000Z,Japan,Kansai,JP-KN,239.0,301.0,,8.0,,False,
2025-11-17T17:00:00.000Z,Japan,Kansai,JP-KN,247.0,309.0,,8.0,,False,
2025-11-17T18:00:00.000Z,Japan,Kansai,JP-KN,252.0,316.0,,7.0,,False,
2025-11-17T19:00:00.000Z,Japan,Kansai,JP-KN,246.0,311.0,,7.0,,False,
2025-11-17T20:00:00.000Z,Japan,Kansai,JP-KN,246.0,312.0,,6.0,,False,
2025-11-17T21:00:00.000Z,Japan,Kansai,JP-KN,248.0,315.0,,6.0,,False,
2025-11-17T22:00:00.000Z,Japan,Kansai,JP-KN,239.0,304.0,,11.0,,False,
2025-11-17T23:00:00.000Z,Japan,Kansai,JP-KN,232.0,296.0,,18.0,,False,
2025-11-18T00:00:00.000Z,Japan,Kansai,JP-KN,227.0,291.0,,21.0,,False,
2025-11-18T01:00:00.000Z,Japan,Kansai,JP-KN,213.0,273.0,,24.0,,False,
2025-11-18T02:00:00.000Z,Japan,Kansai,JP-KN,217.0,276.0,,24.0,,False,
2025-11-18T03:00:00.000Z,Japan,Kansai,JP-KN,227.0,286.0,,22.0,,False,
2025-11-18T04:00:00.000Z,Japan,Kansai,JP-KN,232.0,295.0,,21.0,,False,
2025-11-18T05:00:00.000Z,Japan,Kansai,JP-KN,237.0,300.0,,21.0,,False,
2025-11-18T06:00:00.000Z,Japan,Kansai,JP-KN,247.0,316.0,,16.0,,False,
2025-11-18T07:00:00.000Z,Japan,Kansai,JP-KN,263.0,332.0,,12.0,,False,
2025-11-18T08:00:00.000Z,Japan,Kansai,JP-KN,269.0,338.0,,13.0,,False,
2025-11-18T09:00:00.000Z,Japan,Kansai,JP-KN,259.0,327.0,,13.0,,False,
2025-11-18T10:00:00.000Z,Japan,Kansai,JP-KN,258.0,326.0,,12.0,,False,
2025-11-18T11:00:00.000Z,Japan,Kansai,JP-KN,265.0,333.0,,10.0,,False,
2025-11-18T12:00:00.000Z,Japan,Kansai,JP-KN,266.0,333.0,,10.0,,False,
2025-11-18T13:00:00.000Z,Japan,Kansai,JP-KN,271.0,338.0,,8.0,,False,
2025-11-18T14:00:00.000Z,Japan,Kansai,JP-KN,267.0,333.0,,8.0,,False,
2025-11-18T15:00:00.000Z,Japan,Kansai,JP-KN,260.0,324.0,,8.0,,False,
2025-11-18T16:00:00.000Z,Japan,Kansai,JP-KN,259.0,322.0,,7.0,,False,
2025-11-18T17:00:00.000Z,Japan,Kansai,JP-KN,263.0,329.0,,6.0,,False,
2025-11-18T18:00:00.000Z,Japan,Kansai,JP-KN,267.0,334.0,,6.0,,False,
2025-11-18T19:00:00.000Z,Japan,Kansai,JP-KN,265.0,332.0,,7.0,,False,
2025-11-18T20:00:00.000Z,Japan,Kansai,JP-KN,269.0,336.0,,6.0,,False,
2025-11-18T21:00:00.000Z,Japan,Kansai,JP-KN,267.0,334.0,,8.0,,False,
2025-11-18T22:00:00.000Z,Japan,Kansai,JP-KN,261.0,328.0,,12.0,,False,
2025-11-18T23:00:00.000Z,Japan,Kansai,JP-KN,250.0,315.0,,18.0,,False,
2025-11-19T00:00:00.000Z,Japan,Kansai,JP-KN,234.0,296.0,,24.0,,False,
2025-11-19T01:00:00.000Z,Japan,Kansai,JP-KN,221.0,282.0,,26.0,,False,
2025-11-19T02:00:00.000Z,Japan,Kansai,JP-KN,210.0,269.0,,29.0,,False,
2025-11-19T03:00:00.000Z,Japan,Kansai,JP-KN,209.0,268.0,,28.0,,False,
2025-11-19T04:00:00.000Z,Japan,Kansai,JP-KN,228.0,289.0,,23.0,,False,
2025-11-19T05:00:00.000Z,Japan,Kansai,JP-KN,246.0,311.0,,19.0,,False,
2025-11-19T06:00:00.000Z,Japan,Kansai,JP-KN,268.0,341.0,,13.0,,False,
2025-11-19T07:00:00.000Z,Japan,Kansai,JP-KN,285.0,360.0,,9.0,,False,
2025-11-19T08:00:00.000Z,Japan,Kansai,JP-KN,278.0,350.0,,11.0,,False,
2025-11-19T09:00:00.000Z,Japan,Kansai,JP-KN,272.0,342.0,,12.0,,False,
2025-11-19T10:00:00.000Z,Japan,Kansai,JP-KN,275.0,343.0,,12.0,,False,
2025-11-19T11:00:00.000Z,Japan,Kansai,JP-KN,273.0,342.0,,10.0,,False,
2025-11-19T12:00:00.000Z,Japan,Kansai,JP-KN,275.0,344.0,,9.0,,False,
2025-11-19T13:00:00.000Z,Japan,Kansai,JP-KN,272.0,341.0,,8.0,,False,
2025-11-19T14:00:00.000Z,Japan,Kansai,JP-KN,269.0,337.0,,8.0,,False,
2025-11-19T15:00:00.000Z,Japan,Kansai,JP-KN,266.0,330.0,,7.0,,False,
2025-11-19T16:00:00.000Z,Japan,Kansai,JP-KN,261.0,323.0,,8.0,,False,
2025-11-19T17:00:00.000Z,Japan,Kansai,JP-KN,264.0,328.0,,7.0,,False,
2025-11-19T18:00:00.000Z,Japan,Kansai,JP-KN,265.0,332.0,,7.0,,False,
2025-11-19T19:00:00.000Z,Japan,Kansai,JP-KN,265.0,333.0,,7.0,,False,
2025-11-19T20:00:00.000Z,Japan,Kansai,JP-KN,270.0,339.0,,6.0,,False,
2025-11-19T21:00:00.000Z,Japan,Kansai,JP-KN,274.0,343.0,,7.0,,False,
2025-11-19T22:00:00.000Z,Japan,Kansai,JP-KN,270.0,338.0,,10.0,,False,
2025-11-19T23:00:00.000Z,Japan,Kansai,JP-KN,247.0,313.0,,18.0,,False,
2025-11-20T00:00:00.000Z,Japan,Kansai,JP-KN,215.0,276.0,,26.0,,False,
2025-11-20T01:00:00.000Z,Japan,Kansai,JP-KN,193.0,250.0,,31.0,,False,
2025-11-20T02:00:00.000Z,Japan,Kansai,JP-KN,181.0,236.0,,33.0,,False,
2025-11-20T03:00:00.000Z,Japan,Kansai,JP-KN,185.0,240.0,,32.0,,False,
2025-11-20T04:00:00.000Z,Japan,Kansai,JP-KN,203.0,260.0,,28.0,,False,
2025-11-20T05:00:00.000Z,Japan,Kansai,JP-KN,225.0,286.0,,22.0,,False,
2025-11-20T06:00:00.000Z,Japan,Kansai,JP-KN,262.0,328.0,,16.0,,False,
2025-11-20T07:00:00.000Z,Japan,Kansai,JP-KN,284.0,353.0,,11.0,,False,
2025-11-20T08:00:00.000Z,Japan,Kansai,JP-KN,285.0,353.0,,12.0,,False,
2025-11-20T09:00:00.000Z,Japan,Kansai,JP-KN,281.0,349.0,,12.0,,False,
2025-11-20T10:00:00.000Z,Japan,Kansai,JP-KN,284.0,353.0,,11.0,,False,
2025-11-20T11:00:00.000Z,Japan,Kansai,JP-KN,290.0,358.0,,10.0,,False,
2025-11-20T12:00:00.000Z,Japan,Kansai,JP-KN,291.0,359.0,,9.0,,False,
2025-11-20T13:00:00.000Z,Japan,Kansai,JP-KN,285.0,352.0,,8.0,,False,
2025-11-20T14:00:00.000Z,Japan,Kansai,JP-KN,286.0,352.0,,7.0,,False,
2025-11-20T15:00:00.000Z,Japan,Kansai,JP-KN,279.0,343.0,,7.0,,False,
2025-11-20T16:00:00.000Z,Japan,Kansai,JP-KN,280.0,342.0,,7.0,,False,
2025-11-20T17:00:00.000Z,Japan,Kansai,JP-KN,284.0,348.0,,7.0,,False,
2025-11-20T18:00:00.000Z,Japan,Kansai,JP-KN,284.0,349.0,,7.0,,False,
2025-11-20T19:00:00.000Z,Japan,Kansai,JP-KN,283.0,349.0,,7.0,,False,
2025-11-20T20:00:00.000Z,Japan,Kansai,JP-KN,285.0,352.0,,7.0,,False,
2025-11-20T21:00:00.000Z,Japan,Kansai,JP-KN,288.0,356.0,,7.0,,False,
2025-11-20T22:00:00.000Z,Japan,Kansai,JP-KN,279.0,346.0,,10.0,,False,
2025-11-20T23:00:00.000Z,Japan,Kansai,JP-KN,268.0,333.0,,17.0,,False,
2025-11-21T00:00:00.000Z,Japan,Kansai,JP-KN,238.0,298.0,,25.0,,False,
2025-11-21T01:00:00.000Z,Japan,Kansai,JP-KN,206.0,261.0,,31.0,,False,
2025-11-21T02:00:00.000Z,Japan,Kansai,JP-KN,193.0,247.0,,33.0,,False,
2025-11-21T03:00:00.000Z,Japan,Kansai,JP-KN,203.0,257.0,,32.0,,False,
2025-11-21T04:00:00.000Z,Japan,Kansai,JP-KN,218.0,273.0,,29.0,,False,
2025-11-21T05:00:00.000Z,Japan,Kansai,JP-KN,240.0,297.0,,24.0,,False,
2025-11-21T06:00:00.000Z,Japan,Kansai,JP-KN,271.0,331.0,,18.0,,False,
2025-11-21T07:00:00.000Z,Japan,Kansai,JP-KN,292.0,357.0,,13.0,,False,
2025-11-21T08:00:00.000Z,Japan,Kansai,JP-KN,288.0,353.0,,13.0,,False,
2025-11-21T09:00:00.000Z,Japan,Kansai,JP-KN,288.0,353.0,,13.0,,False,
2025-11-21T10:00:00.000Z,Japan,Kansai,JP-KN,285.0,350.0,,13.0,,False,
2025-11-21T11:00:00.000Z,Japan,Kansai,JP-KN,286.0,351.0,,12.0,,False,
2025-11-21T12:00:00.000Z,Japan,Kansai,JP-KN,293.0,359.0,,10.0,,False,
2025-11-21T13:00:00.000Z,Japan,Kansai,JP-KN,280.0,344.0,,9.0,,False,
2025-11-21T14:00:00.000Z,Japan,Kansai,JP-KN,264.0,329.0,,8.0,,False,
2025-11-21T15:00:00.000Z,Japan,Kansai,JP-KN,249.0,310.0,,9.0,,False,
2025-11-21T16:00:00.000Z,Japan,Kansai,JP-KN,246.0,307.0,,9.0,,False,
2025-11-21T17:00:00.000Z,Japan,Kansai,JP-KN,240.0,303.0,,9.0,,False,
2025-11-21T18:00:00.000Z,Japan,Kansai,JP-KN,243.0,309.0,,9.0,,False,
2025-11-21T19:00:00.000Z,Japan,Kansai,JP-KN,246.0,314.0,,9.0,,False,
2025-11-21T20:00:00.000Z,Japan,Kansai,JP-KN,247.0,316.0,,9.0,,False,
2025-11-21T21:00:00.000Z,Japan,Kansai,JP-KN,246.0,314.0,,8.0,,False,
2025-11-21T22:00:00.000Z,Japan,Kansai,JP-KN,235.0,301.0,,11.0,,False,
2025-11-21T23:00:00.000Z,Japan,Kansai,JP-KN,216.0,277.0,,19.0,,False,
2025-11-22T00:00:00.000Z,Japan,Kansai,JP-KN,167.0,221.0,,30.0,,False,
2025-11-22T01:00:00.000Z,Japan,Kansai,JP-KN,137.0,187.0,,38.0,,False,
2025-11-22T02:00:00.000Z,Japan,Kansai,JP-KN,136.0,186.0,,38.0,,False,
2025-11-22T03:00:00.000Z,Japan,Kansai,JP-KN,141.0,191.0,,36.0,,False,
2025-11-22T04:00:00.000Z,Japan,Kansai,JP-KN,146.0,196.0,,34.0,,False,
2025-11-22T05:00:00.000Z,Japan,Kansai,JP-KN,160.0,213.0,,30.0,,False,
2025-11-22T06:00:00.000Z,Japan,Kansai,JP-KN,188.0,245.0,,21.0,,False,
2025-11-22T07:00:00.000Z,Japan,Kansai,JP-KN,228.0,290.0,,13.0,,False,
2025-11-22T08:00:00.000Z,Japan,Kansai,JP-KN,228.0,291.0,,14.0,,False,
2025-11-22T09:00:00.000Z,Japan,Kansai,JP-KN,209.0,266.0,,20.0,,False,
2025-11-22T10:00:00.000Z,Japan,Kansai,JP-KN,205.0,261.0,,22.0,,False,
2025-11-22T11:00:00.000Z,Japan,Kansai,JP-KN,210.0,268.0,,19.0,,False,
2025-11-22T12:00:00.000Z,Japan,Kansai,JP-KN,215.0,276.0,,16.0,,False,
2025-11-22T13:00:00.000Z,Japan,Kansai,JP-KN,220.0,281.0,,13.0,,False,
2025-11-22T14:00:00.000Z,Japan,Kansai,JP-KN,220.0,279.0,,11.0,,False,
2025-11-22T15:00:00.000Z,Japan,Kansai,JP-KN,214.0,270.0,,11.0,,False,
2025-11-22T16:00:00.000Z,Japan,Kansai,JP-KN,222.0,279.0,,10.0,,False,
2025-11-22T17:00:00.000Z,Japan,Kansai,JP-KN,221.0,280.0,,10.0,,False,
2025-11-22T18:00:00.000Z,Japan,Kansai,JP-KN,223.0,284.0,,10.0,,False,
2025-11-22T19:00:00.000Z,Japan,Kansai,JP-KN,214.0,275.0,,13.0,,False,
2025-11-22T20:00:00.000Z,Japan,Kansai,JP-KN,212.0,272.0,,13.0,,False,
2025-11-22T21:00:00.000Z,Japan,Kansai,JP-KN,212.0,272.0,,12.0,,False,
2025-11-22T22:00:00.000Z,Japan,Kansai,JP-KN,205.0,263.0,,15.0,,False,
2025-11-22T23:00:00.000Z,Japan,Kansai,JP-KN,176.0,230.0,,23.0,,False,
2025-11-23T00:00:00.000Z,Japan,Kansai,JP-KN,140.0,187.0,,33.0,,False,
2025-11-23T01:00:00.000Z,Japan,Kansai,JP-KN,141.0,188.0,,33.0,,False,
2025-11-23T02:00:00.000Z,Japan,Kansai,JP-KN,132.0,179.0,,38.0,,False,
2025-11-23T03:00:00.000Z,Japan,Kansai,JP-KN,136.0,184.0,,36.0,,False,
2025-11-23T04:00:00.000Z,Japan,Kansai,JP-KN,143.0,191.0,,34.0,,False,
2025-11-23T05:00:00.000Z,Japan,Kansai,JP-KN,145.0,193.0,,32.0,,False,
2025-11-23T06:00:00.000Z,Japan,Kansai,JP-KN,171.0,222.0,,23.0,,False,
2025-11-23T07:00:00.000Z,Japan,Kansai,JP-KN,215.0,272.0,,14.0,,False,
2025-11-23T08:00:00.000Z,Japan,Kansai,JP-KN,225.0,287.0,,13.0,,False,
2025-11-23T09:00:00.000Z,Japan,Kansai,JP-KN,221.0,283.0,,14.0,,False,
2025-11-23T10:00:00.000Z,Japan,Kansai,JP-KN,221.0,283.0,,15.0,,False,
2025-11-23T11:00:00.000Z,Japan,Kansai,JP-KN,230.0,294.0,,13.0,,False,
2025-11-23T12:00:00.000Z,Japan,Kansai,JP-KN,229.0,293.0,,12.0,,False,
2025-11-23T13:00:00.000Z,Japan,Kansai,JP-KN,227.0,290.0,,11.0,,False,
2025-11-23T14:00:00.000Z,Japan,Kansai,JP-KN,223.0,284.0,,11.0,,False,
2025-11-23T15:00:00.000Z,Japan,Kansai,JP-KN,216.0,274.0,,10.0,,False,
2025-11-23T16:00:00.000Z,Japan,Kansai,JP-KN,222.0,278.0,,10.0,,False,
2025-11-23T17:00:00.000Z,Japan,Kansai,JP-KN,232.0,289.0,,10.0,,False,
2025-11-23T18:00:00.000Z,Japan,Kansai,JP-KN,242.0,301.0,,10.0,,False,
2025-11-23T19:00:00.000Z,Japan,Kansai,JP-KN,249.0,309.0,,9.0,,False,
2025-11-23T20:00:00.000Z,Japan,Kansai,JP-KN,248.0,308.0,,9.0,,False,
2025-11-23T21:00:00.000Z,Japan,Kansai,JP-KN,250.0,311.0,,9.0,,False,
2025-11-23T22:00:00.000Z,Japan,Kansai,JP-KN,243.0,304.0,,12.0,,False,
2025-11-23T23:00:00.000Z,Japan,Kansai,JP-KN,228.0,288.0,,18.0,,False,
2025-11-24T00:00:00.000Z,Japan,Kansai,JP-KN,203.0,259.0,,26.0,,False,
2025-11-24T01:00:00.000Z,Japan,Kansai,JP-KN,178.0,229.0,,31.0,,False,
2025-11-24T02:00:00.000Z,Japan,Kansai,JP-KN,167.0,217.0,,34.0,,False,
2025-11-24T03:00:00.000Z,Japan,Kansai,JP-KN,155.0,203.0,,34.0,,False,
2025-11-24T04:00:00.000Z,Japan,Kansai,JP-KN,168.0,216.0,,30.0,,False,
2025-11-24T05:00:00.000Z,Japan,Kansai,JP-KN,185.0,235.0,,25.0,,False,
2025-11-24T06:00:00.000Z,Japan,Kansai,JP-KN,216.0,273.0,,18.0,,False,
2025-11-24T07:00:00.000Z,Japan,Kansai,JP-KN,246.0,309.0,,13.0,,False,
2025-11-24T08:00:00.000Z,Japan,Kansai,JP-KN,256.0,319.0,,13.0,,False,
2025-11-24T09:00:00.000Z,Japan,Kansai,JP-KN,260.0,323.0,,13.0,,False,
2025-11-24T10:00:00.000Z,Japan,Kansai,JP-KN,267.0,331.0,,12.0,,False,
2025-11-24T11:00:00.000Z,Japan,Kansai,JP-KN,268.0,333.0,,11.0,,False,
2025-11-24T12:00:00.000Z,Japan,Kansai,JP-KN,266.0,330.0,,10.0,,False,
2025-11-24T13:00:00.000Z,Japan,Kansai,JP-KN,261.0,322.0,,10.0,,False,
2025-11-24T14:00:00.000Z,Japan,Kansai,JP-KN,268.0,329.0,,9.0,,False,
2025-11-24T15:00:00.000Z,Japan,Kansai,JP-KN,271.0,328.0,,9.0,,False,
2025-11-24T16:00:00.000Z,Japan,Kansai,JP-KN,272.0,329.0,,8.0,,False,
2025-11-24T17:00:00.000Z,Japan,Kansai,JP-KN,275.0,333.0,,8.0,,False,
2025-11-24T18:00:00.000Z,Japan,Kansai,JP-KN,281.0,342.0,,7.0,,False,
2025-11-24T19:00:00.000Z,Japan,Kansai,JP-KN,280.0,341.0,,7.0,,False,
2025-11-24T20:00:00.000Z,Japan,Kansai,JP-KN,284.0,349.0,,6.0,,False,
2025-11-24T21:00:00.000Z,Japan,Kansai,JP-KN,291.0,357.0,,6.0,,False,
2025-11-24T22:00:00.000Z,Japan,Kansai,JP-KN,289.0,356.0,,8.0,,False,
2025-11-24T23:00:00.000Z,Japan,Kansai,JP-KN,284.0,351.0,,12.0,,False,
2025-11-25T00:00:00.000Z,Japan,Kansai,JP-KN,279.0,345.0,,16.0,,False,
2025-11-25T01:00:00.000Z,Japan,Kansai,JP-KN,276.0,341.0,,17.0,,False,
2025-11-25T02:00:00.000Z,Japan,Kansai,JP-KN,270.0,335.0,,18.0,,False,
2025-11-25T03:00:00.000Z,Japan,Kansai,JP-KN,264.0,328.0,,18.0,,False,
2025-11-25T04:00:00.000Z,Japan,Kansai,JP-KN,264.0,328.0,,19.0,,False,
2025-11-25T05:00:00.000Z,Japan,Kansai,JP-KN,265.0,329.0,,18.0,,False,
2025-11-25T06:00:00.000Z,Japan,Kansai,JP-KN,279.0,345.0,,14.0,,False,
2025-11-25T07:00:00.000Z,Japan,Kansai,JP-KN,286.0,354.0,,13.0,,False,
2025-11-25T08:00:00.000Z,Japan,Kansai,JP-KN,284.0,349.0,,14.0,,False,
2025-11-25T09:00:00.000Z,Japan,Kansai,JP-KN,286.0,352.0,,13.0,,False,
2025-11-25T10:00:00.000Z,Japan,Kansai,JP-KN,290.0,357.0,,11.0,,False,
2025-11-25T11:00:00.000Z,Japan,Kansai,JP-KN,286.0,352.0,,12.0,,False,
2025-11-25T12:00:00.000Z,Japan,Kansai,JP-KN,283.0,349.0,,10.0,,False,
2025-11-25T13:00:00.000Z,Japan,Kansai,JP-KN,269.0,332.0,,10.0,,False,
2025-11-25T14:00:00.000Z,Japan,Kansai,JP-KN,268.0,331.0,,9.0,,False,
2025-11-25T15:00:00.000Z,Japan,Kansai,JP-KN,261.0,323.0,,9.0,,False,
2025-11-25T16:00:00.000Z,Japan,Kansai,JP-KN,265.0,328.0,,9.0,,False,
2025-11-25T17:00:00.000Z,Japan,Kansai,JP-KN,272.0,337.0,,7.0,,False,
2025-11-25T18:00:00.000Z,Japan,Kansai,JP-KN,264.0,329.0,,7.0,,False,
2025-11-25T19:00:00.000Z,Japan,Kansai,JP-KN,258.0,323.0,,8.0,,False,
2025-11-25T20:00:00.000Z,Japan,Kansai,JP-KN,261.0,327.0,,8.0,,False,
2025-11-25T21:00:00.000Z,Japan,Kansai,JP-KN,266.0,334.0,,9.0,,False,
2025-11-25T22:00:00.000Z,Japan,Kansai,JP-KN,255.0,321.0,,12.0,,False,
2025-11-25T23:00:00.000Z,Japan,Kansai,JP-KN,242.0,307.0,,19.0,,False,
2025-11-26T00:00:00.000Z,Japan,Kansai,JP-KN,217.0,277.0,,27.0,,False,
2025-11-26T01:00:00.000Z,Japan,Kansai,JP-KN,210.0,270.0,,28.0,,False,
2025-11-26T02:00:00.000Z,Japan,Kansai,JP-KN,214.0,275.0,,26.0,,False,
2025-11-26T03:00:00.000Z,Japan,Kansai,JP-KN,215.0,275.0,,25.0,,False,
2025-11-26T04:00:00.000Z,Japan,Kansai,JP-KN,223.0,284.0,,24.0,,False,
2025-11-26T05:00:00.000Z,Japan,Kansai,JP-KN,231.0,292.0,,23.0,,False,
2025-11-26T06:00:00.000Z,Japan,Kansai,JP-KN,253.0,319.0,,17.0,,False,
2025-11-26T07:00:00.000Z,Japan,Kansai,JP-KN,274.0,344.0,,12.0,,False,
2025-11-26T08:00:00.000Z,Japan,Kansai,JP-KN,271.0,340.0,,13.0,,False,
2025-11-26T09:00:00.000Z,Japan,Kansai,JP-KN,268.0,338.0,,13.0,,False,
2025-11-26T10:00:00.000Z,Japan,Kansai,JP-KN,269.0,338.0,,12.0,,False,
2025-11-26T11:00:00.000Z,Japan,Kansai,JP-KN,267.0,335.0,,12.0,,False,
2025-11-26T12:00:00.000Z,Japan,Kansai,JP-KN,264.0,330.0,,11.0,,False,
2025-11-26T13:00:00.000Z,Japan,Kansai,JP-KN,259.0,324.0,,11.0,,False,
2025-11-26T14:00:00.000Z,Japan,Kansai,JP-KN,257.0,320.0,,10.0,,False,
2025-11-26T15:00:00.000Z,Japan,Kansai,JP-KN,259.0,321.0,,9.0,,False,
2025-11-26T16:00:00.000Z,Japan,Kansai,JP-KN,262.0,326.0,,8.0,,False,
2025-11-26T17:00:00.000Z,Japan,Kansai,JP-KN,269.0,335.0,,7.0,,False,
2025-11-26T18:00:00.000Z,Japan,Kansai,JP-KN,265.0,332.0,,7.0,,False,
2025-11-26T19:00:00.000Z,Japan,Kansai,JP-KN,263.0,328.0,,8.0,,False,
2025-11-26T20:00:00.000Z,Japan,Kansai,JP-KN,264.0,330.0,,8.0,,False,
2025-11-26T21:00:00.000Z,Japan,Kansai,JP-KN,264.0,331.0,,9.0,,False,
2025-11-26T22:00:00.000Z,Japan,Kansai,JP-KN,260.0,326.0,,13.0,,False,
2025-11-26T23:00:00.000Z,Japan,Kansai,JP-KN,242.0,305.0,,20.0,,False,
2025-11-27T00:00:00.000Z,Japan,Kansai,JP-KN,219.0,278.0,,28.0,,False,
2025-11-27T01:00:00.000Z,Japan,Kansai,JP-KN,198.0,255.0,,32.0,,False,
2025-11-27T02:00:00.000Z,Japan,Kansai,JP-KN,191.0,248.0,,34.0,,False,
2025-11-27T03:00:00.000Z,Japan,Kansai,JP-KN,199.0,257.0,,30.0,,False,
2025-11-27T04:00:00.000Z,Japan,Kansai,JP-KN,219.0,279.0,,25.0,,False,
2025-11-27T05:00:00.000Z,Japan,Kansai,JP-KN,232.0,293.0,,22.0,,False,
2025-11-27T06:00:00.000Z,Japan,Kansai,JP-KN,250.0,313.0,,18.0,,False,
2025-11-27T07:00:00.000Z,Japan,Kansai,JP-KN,262.0,328.0,,16.0,,False,
2025-11-27T08:00:00.000Z,Japan,Kansai,JP-KN,259.0,325.0,,16.0,,False,
2025-11-27T09:00:00.000Z,Japan,Kansai,JP-KN,255.0,319.0,,17.0,,False,
2025-11-27T10:00:00.000Z,Japan,Kansai,JP-KN,260.0,325.0,,15.0,,False,
2025-11-27T11:00:00.000Z,Japan,Kansai,JP-KN,257.0,321.0,,14.0,,False,
2025-11-27T12:00:00.000Z,Japan,Kansai,JP-KN,260.0,325.0,,12.0,,False,
2025-11-27T13:00:00.000Z,Japan,Kansai,JP-KN,257.0,320.0,,11.0,,False,
2025-11-27T14:00:00.000Z,Japan,Kansai,JP-KN,255.0,318.0,,10.0,,False,
2025-11-27T15:00:00.000Z,Japan,Kansai,JP-KN,250.0,310.0,,9.0,,False,
2025-11-27T16:00:00.000Z,Japan,Kansai,JP-KN,249.0,310.0,,9.0,,False,
2025-11-27T17:00:00.000Z,Japan,Kansai,JP-KN,256.0,319.0,,8.0,,False,
2025-11-27T18:00:00.000Z,Japan,Kansai,JP-KN,256.0,319.0,,8.0,,False,
2025-11-27T19:00:00.000Z,Japan,Kansai,JP-KN,250.0,314.0,,9.0,,False,
2025-11-27T20:00:00.000Z,Japan,Kansai,JP-KN,253.0,317.0,,9.0,,False,
2025-11-27T21:00:00.000Z,Japan,Kansai,JP-KN,258.0,323.0,,10.0,,False,
2025-11-27T22:00:00.000Z,Japan,Kansai,JP-KN,252.0,316.0,,13.0,,False,
2025-11-27T23:00:00.000Z,Japan,Kansai,JP-KN,246.0,310.0,,19.0,,False,
2025-11-28T00:00:00.000Z,Japan,Kansai,JP-KN,226.0,286.0,,25.0,,False,
2025-11-28T01:00:00.000Z,Japan,Kansai,JP-KN,206.0,263.0,,29.0,,False,
2025-11-28T02:00:00.000Z,Japan,Kansai,JP-KN,201.0,259.0,,30.0,,False,
2025-11-28T03:00:00.000Z,Japan,Kansai,JP-KN,196.0,252.0,,30.0,,False,
2025-11-28T04:00:00.000Z,Japan,Kansai,JP-KN,207.0,264.0,,28.0,,False,
2025-11-28T05:00:00.000Z,Japan,Kansai,JP-KN,218.0,274.0,,25.0,,False,
2025-11-28T06:00:00.000Z,Japan,Kansai,JP-KN,243.0,303.0,,20.0,,False,
2025-11-28T07:00:00.000Z,Japan,Kansai,JP-KN,258.0,322.0,,16.0,,False,
2025-11-28T08:00:00.000Z,Japan,Kansai,JP-KN,259.0,322.0,,16.0,,False,
2025-11-28T09:00:00.000Z,Japan,Kansai,JP-KN,257.0,322.0,,15.0,,False,
2025-11-28T10:00:00.000Z,Japan,Kansai,JP-KN,260.0,324.0,,14.0,,False,
2025-11-28T11:00:00.000Z,Japan,Kansai,JP-KN,262.0,326.0,,13.0,,False,
2025-11-28T12:00:00.000Z,Japan,Kansai,JP-KN,266.0,329.0,,12.0,,False,
2025-11-28T13:00:00.000Z,Japan,Kansai,JP-KN,257.0,319.0,,11.0,,False,
2025-11-28T14:00:00.000Z,Japan,Kansai,JP-KN,253.0,318.0,,10.0,,False,
2025-11-28T15:00:00.000Z,Japan,Kansai,JP-KN,235.0,297.0,,10.0,,False,
2025-11-28T16:00:00.000Z,Japan,Kansai,JP-KN,235.0,296.0,,9.0,,False,
2025-11-28T17:00:00.000Z,Japan,Kansai,JP-KN,243.0,307.0,,8.0,,False,
2025-11-28T18:00:00.000Z,Japan,Kansai,JP-KN,243.0,307.0,,9.0,,False,
2025-11-28T19:00:00.000Z,Japan,Kansai,JP-KN,240.0,304.0,,9.0,,False,
2025-11-28T20:00:00.000Z,Japan,Kansai,JP-KN,233.0,299.0,,10.0,,False,
2025-11-28T21:00:00.000Z,Japan,Kansai,JP-KN,225.0,290.0,,10.0,,False,
2025-11-28T22:00:00.000Z,Japan,Kansai,JP-KN,217.0,283.0,,12.0,,False,
2025-11-28T23:00:00.000Z,Japan,Kansai,JP-KN,197.0,258.0,,21.0,,False,
2025-11-29T00:00:00.000Z,Japan,Kansai,JP-KN,155.0,209.0,,32.0,,False,
2025-11-29T01:00:00.000Z,Japan,Kansai,JP-KN,116.0,165.0,,40.0,,False,
2025-11-29T02:00:00.000Z,Japan,Kansai,JP-KN,112.0,161.0,,42.0,,False,
2025-11-29T03:00:00.000Z,Japan,Kansai,JP-KN,109.0,156.0,,43.0,,False,
2025-11-29T04:00:00.000Z,Japan,Kansai,JP-KN,123.0,172.0,,39.0,,False,
2025-11-29T05:00:00.000Z,Japan,Kansai,JP-KN,146.0,199.0,,32.0,,False,
2025-11-29T06:00:00.000Z,Japan,Kansai,JP-KN,182.0,239.0,,22.0,,False,
2025-11-29T07:00:00.000Z,Japan,Kansai,JP-KN,216.0,277.0,,16.0,,False,
2025-11-29T08:00:00.000Z,Japan,Kansai,JP-KN,218.0,283.0,,16.0,,False,
2025-11-29T09:00:00.000Z,Japan,Kansai,JP-KN,213.0,279.0,,16.0,,False,
2025-11-29T10:00:00.000Z,Japan,Kansai,JP-KN,215.0,279.0,,16.0,,False,
2025-11-29T11:00:00.000Z,Japan,Kansai,JP-KN,220.0,285.0,,14.0,,False,
2025-11-29T12:00:00.000Z,Japan,Kansai,JP-KN,220.0,286.0,,13.0,,False,
2025-11-29T13:00:00.000Z,Japan,Kansai,JP-KN,212.0,276.0,,13.0,,False,
2025-11-29T14:00:00.000Z,Japan,Kansai,JP-KN,215.0,278.0,,11.0,,False,
2025-11-29T15:00:00.000Z,Japan,Kansai,JP-KN,215.0,275.0,,11.0,,False,
2025-11-29T16:00:00.000Z,Japan,Kansai,JP-KN,211.0,268.0,,11.0,,False,
2025-11-29T17:00:00.000Z,Japan,Kansai,JP-KN,220.0,279.0,,11.0,,False,
2025-11-29T18:00:00.000Z,Japan,Kansai,JP-KN,220.0,282.0,,10.0,,False,
2025-11-29T19:00:00.000Z,Japan,Kansai,JP-KN,215.0,279.0,,10.0,,False,
2025-11-29T20:00:00.000Z,Japan,Kansai,JP-KN,212.0,277.0,,10.0,,False,
2025-11-29T21:00:00.000Z,Japan,Kansai,JP-KN,207.0,268.0,,11.0,,False,
2025-11-29T22:00:00.000Z,Japan,Kansai,JP-KN,199.0,259.0,,14.0,,False,
2025-11-29T23:00:00.000Z,Japan,Kansai,JP-KN,165.0,223.0,,23.0,,False,
2025-11-30T00:00:00.000Z,Japan,Kansai,JP-KN,133.0,184.0,,32.0,,False,
2025-11-30T01:00:00.000Z,Japan,Kansai,JP-KN,111.0,159.0,,40.0,,False,
2025-11-30T02:00:00.000Z,Japan,Kansai,JP-KN,112.0,159.0,,41.0,,False,
2025-11-30T03:00:00.000Z,Japan,Kansai,JP-KN,123.0,171.0,,39.0,,False,
2025-11-30T04:00:00.000Z,Japan,Kansai,JP-KN,127.0,175.0,,37.0,,False,
2025-11-30T05:00:00.000Z,Japan,Kansai,JP-KN,157.0,207.0,,31.0,,False,
2025-11-30T06:00:00.000Z,Japan,Kansai,JP-KN,189.0,241.0,,21.0,,False,
2025-11-30T07:00:00.000Z,Japan,Kansai,JP-KN,239.0,295.0,,13.0,,False,
2025-11-30T08:00:00.000Z,Japan,Kansai,JP-KN,261.0,320.0,,12.0,,False,
2025-11-30T09:00:00.000Z,Japan,Kansai,JP-KN,258.0,317.0,,13.0,,False,
2025-11-30T10:00:00.000Z,Japan,Kansai,JP-KN,256.0,315.0,,13.0,,False,
2025-11-30T11:00:00.000Z,Japan,Kansai,JP-KN,266.0,328.0,,12.0,,False,
2025-11-30T12:00:00.000Z,Japan,Kansai,JP-KN,274.0,335.0,,11.0,,False,
2025-11-30T13:00:00.000Z,Japan,Kansai,JP-KN,272.0,332.0,,10.0,,False,
2025-11-30T14:00:00.000Z,Japan,Kansai,JP-KN,272.0,330.0,,9.0,,False,
2025-11-30T15:00:00.000Z,Japan,Kansai,JP-KN,278.0,337.0,,8.0,,False,
2025-11-30T16:00:00.000Z,Japan,Kansai,JP-KN,276.0,336.0,,7.0,,False,
2025-11-30T17:00:00.000Z,Japan,Kansai,JP-KN,281.0,341.0,,7.0,,False,
2025-11-30T18:00:00.000Z,Japan,Kansai,JP-KN,286.0,348.0,,7.0,,False,
2025-11-30T19:00:00.000Z,Japan,Kansai,JP-KN,284.0,349.0,,6.0,,False,
2025-11-30T20:00:00.000Z,Japan,Kansai,JP-KN,283.0,348.0,,7.0,,False,
2025-11-30T21:00:00.000Z,Japan,Kansai,JP-KN,279.0,344.0,,9.0,,False,
2025-11-30T22:00:00.000Z,Japan,Kansai,JP-KN,276.0,340.0,,10.0,,False,
2025-11-30T23:00:00.000Z,Japan,Kansai,JP-KN,264.0,327.0,,18.0,,False,
2025-12-01T00:00:00.000Z,Japan,Kansai,JP-KN,242.0,303.0,,24.0,,False,
2025-12-01T01:00:00.000Z,Japan,Kansai,JP-KN,229.0,286.0,,28.0,,False,
2025-12-01T02:00:00.000Z,Japan,Kansai,JP-KN,224.0,281.0,,30.0,,False,
2025-12-01T03:00:00.000Z,Japan,Kansai,JP-KN,234.0,290.0,,27.0,,False,
2025-12-01T04:00:00.000Z,Japan,Kansai,JP-KN,249.0,308.0,,25.0,,False,
2025-12-01T05:00:00.000Z,Japan,Kansai,JP-KN,275.0,338.0,,18.0,,False,
2025-12-01T06:00:00.000Z,Japan,Kansai,JP-KN,292.0,358.0,,14.0,,False,
2025-12-01T07:00:00.000Z,Japan,Kansai,JP-KN,302.0,368.0,,12.0,,False,
2025-12-01T08:00:00.000Z,Japan,Kansai,JP-KN,302.0,369.0,,11.0,,False,
2025-12-01T09:00:00.000Z,Japan,Kansai,JP-KN,304.0,371.0,,11.0,,False,
2025-12-01T10:00:00.000Z,Japan,Kansai,JP-KN,309.0,376.0,,10.0,,False,
2025-12-01T11:00:00.000Z,Japan,Kansai,JP-KN,313.0,381.0,,9.0,,False,
2025-12-01T12:00:00.000Z,Japan,Kansai,JP-KN,312.0,379.0,,9.0,,False,
2025-12-01T13:00:00.000Z,Japan,Kansai,JP-KN,317.0,384.0,,6.0,,False,
2025-12-01T14:00:00.000Z,Japan,Kansai,JP-KN,312.0,377.0,,7.0,,False,
2025-12-01T15:00:00.000Z,Japan,Kansai,JP-KN,314.0,377.0,,6.0,,False,
2025-12-01T16:00:00.000Z,Japan,Kansai,JP-KN,312.0,374.0,,7.0,,False,
2025-12-01T17:00:00.000Z,Japan,Kansai,JP-KN,314.0,378.0,,6.0,,False,
2025-12-01T18:00:00.000Z,Japan,Kansai,JP-KN,317.0,383.0,,6.0,,False,
2025-12-01T19:00:00.000Z,Japan,Kansai,JP-KN,313.0,380.0,,5.0,,False,
2025-12-01T20:00:00.000Z,Japan,Kansai,JP-KN,310.0,377.0,,6.0,,False,
2025-12-01T21:00:00.000Z,Japan,Kansai,JP-KN,307.0,374.0,,6.0,,False,
2025-12-01T22:00:00.000Z,Japan,Kansai,JP-KN,302.0,369.0,,8.0,,False,
2025-12-01T23:00:00.000Z,Japan,Kansai,JP-KN,288.0,353.0,,14.0,,False,
2025-12-02T00:00:00.000Z,Japan,Kansai,JP-KN,263.0,324.0,,23.0,,False,
2025-12-02T01:00:00.000Z,Japan,Kansai,JP-KN,239.0,297.0,,28.0,,False,
2025-12-02T02:00:00.000Z,Japan,Kansai,JP-KN,226.0,284.0,,31.0,,False,
2025-12-02T03:00:00.000Z,Japan,Kansai,JP-KN,226.0,285.0,,29.0,,False,
2025-12-02T04:00:00.000Z,Japan,Kansai,JP-KN,236.0,295.0,,27.0,,False,
2025-12-02T05:00:00.000Z,Japan,Kansai,JP-KN,268.0,330.0,,21.0,,False,
2025-12-02T06:00:00.000Z,Japan,Kansai,JP-KN,292.0,357.0,,15.0,,False,
2025-12-02T07:00:00.000Z,Japan,Kansai,JP-KN,305.0,372.0,,11.0,,False,
2025-12-02T08:00:00.000Z,Japan,Kansai,JP-KN,302.0,368.0,,12.0,,False,
2025-12-02T09:00:00.000Z,Japan,Kansai,JP-KN,305.0,370.0,,12.0,,False,
2025-12-02T10:00:00.000Z,Japan,Kansai,JP-KN,308.0,374.0,,10.0,,False,
2025-12-02T11:00:00.000Z,Japan,Kansai,JP-KN,312.0,378.0,,9.0,,False,
2025-12-02T12:00:00.000Z,Japan,Kansai,JP-KN,314.0,380.0,,8.0,,False,
2025-12-02T13:00:00.000Z,Japan,Kansai,JP-KN,316.0,381.0,,7.0,,False,
2025-12-02T14:00:00.000Z,Japan,Kansai,JP-KN,310.0,374.0,,7.0,,False,
2025-12-02T15:00:00.000Z,Japan,Kansai,JP-KN,301.0,361.0,,7.0,,False,
2025-12-02T16:00:00.000Z,Japan,Kansai,JP-KN,303.0,362.0,,7.0,,False,
2025-12-02T17:00:00.000Z,Japan,Kansai,JP-KN,302.0,362.0,,6.0,,False,
2025-12-02T18:00:00.000Z,Japan,Kansai,JP-KN,307.0,369.0,,6.0,,False,
2025-12-02T19:00:00.000Z,Japan,Kansai,JP-KN,306.0,368.0,,7.0,,False,
2025-12-02T20:00:00.000Z,Japan,Kansai,JP-KN,303.0,367.0,,6.0,,False,
2025-12-02T21:00:00.000Z,Japan,Kansai,JP-KN,299.0,364.0,,6.0,,False,
2025-12-02T22:00:00.000Z,Japan,Kansai,JP-KN,301.0,367.0,,8.0,,False,
2025-12-02T23:00:00.000Z,Japan,Kansai,JP-KN,297.0,363.0,,13.0,,False,
2025-12-03T00:00:00.000Z,Japan,Kansai,JP-KN,287.0,352.0,,17.0,,False,
2025-12-03T01:00:00.000Z,Japan,Kansai,JP-KN,272.0,335.0,,21.0,,False,
2025-12-03T02:00:00.000Z,Japan,Kansai,JP-KN,261.0,323.0,,23.0,,False,
2025-12-03T03:00:00.000Z,Japan,Kansai,JP-KN,257.0,317.0,,24.0,,False,
2025-12-03T04:00:00.000Z,Japan,Kansai,JP-KN,265.0,327.0,,22.0,,False,
2025-12-03T05:00:00.000Z,Japan,Kansai,JP-KN,277.0,341.0,,19.0,,False,
2025-12-03T06:00:00.000Z,Japan,Kansai,JP-KN,289.0,354.0,,15.0,,False,
2025-12-03T07:00:00.000Z,Japan,Kansai,JP-KN,291.0,356.0,,12.0,,False,
2025-12-03T08:00:00.000Z,Japan,Kansai,JP-KN,289.0,354.0,,12.0,,False,
2025-12-03T09:00:00.000Z,Japan,Kansai,JP-KN,285.0,351.0,,12.0,,False,
2025-12-03T10:00:00.000Z,Japan,Kansai,JP-KN,282.0,348.0,,12.0,,False,
2025-12-03T11:00:00.000Z,Japan,Kansai,JP-KN,275.0,342.0,,12.0,,False,
2025-12-03T12:00:00.000Z,Japan,Kansai,JP-KN,271.0,337.0,,13.0,,False,
2025-12-03T13:00:00.000Z,Japan,Kansai,JP-KN,275.0,342.0,,12.0,,False,
2025-12-03T14:00:00.000Z,Japan,Kansai,JP-KN,279.0,346.0,,10.0,,False,
2025-12-03T15:00:00.000Z,Japan,Kansai,JP-KN,266.0,330.0,,11.0,,False,
2025-12-03T16:00:00.000Z,Japan,Kansai,JP-KN,264.0,327.0,,11.0,,False,
2025-12-03T17:00:00.000Z,Japan,Kansai,JP-KN,262.0,326.0,,10.0,,False,
2025-12-03T18:00:00.000Z,Japan,Kansai,JP-KN,266.0,330.0,,10.0,,False,
2025-12-03T19:00:00.000Z,Japan,Kansai,JP-KN,266.0,331.0,,9.0,,False,
2025-12-03T20:00:00.000Z,Japan,Kansai,JP-KN,271.0,338.0,,8.0,,False,
2025-12-03T21:00:00.000Z,Japan,Kansai,JP-KN,278.0,347.0,,8.0,,False,
2025-12-03T22:00:00.000Z,Japan,Kansai,JP-KN,281.0,351.0,,10.0,,False,
2025-12-03T23:00:00.000Z,Japan,Kansai,JP-KN,271.0,341.0,,15.0,,False,
2025-12-04T00:00:00.000Z,Japan,Kansai,JP-KN,257.0,326.0,,19.0,,False,
2025-12-04T01:00:00.000Z,Japan,Kansai,JP-KN,244.0,311.0,,22.0,,False,
2025-12-04T02:00:00.000Z,Japan,Kansai,JP-KN,240.0,308.0,,23.0,,False,
2025-12-04T03:00:00.000Z,Japan,Kansai,JP-KN,240.0,306.0,,22.0,,False,
2025-12-04T04:00:00.000Z,Japan,Kansai,JP-KN,252.0,321.0,,18.0,,False,
2025-12-04T05:00:00.000Z,Japan,Kansai,JP-KN,268.0,339.0,,14.0,,False,
2025-12-04T06:00:00.000Z,Japan,Kansai,JP-KN,278.0,351.0,,12.0,,False,
2025-12-04T07:00:00.000Z,Japan,Kansai,JP-KN,279.0,351.0,,12.0,,False,
2025-12-04T08:00:00.000Z,Japan,Kansai,JP-KN,279.0,351.0,,12.0,,False,
2025-12-04T09:00:00.000Z,Japan,Kansai,JP-KN,279.0,351.0,,12.0,,False,
2025-12-04T10:00:00.000Z,Japan,Kansai,JP-KN,282.0,354.0,,10.0,,False,
2025-12-04T11:00:00.000Z,Japan,Kansai,JP-KN,288.0,363.0,,8.0,,False,
2025-12-04T12:00:00.000Z,Japan,Kansai,JP-KN,285.0,358.0,,9.0,,False,
2025-12-04T13:00:00.000Z,Japan,Kansai,JP-KN,284.0,357.0,,7.0,,False,
2025-12-04T14:00:00.000Z,Japan,Kansai,JP-KN,281.0,354.0,,8.0,,False,
2025-12-04T15:00:00.000Z,Japan,Kansai,JP-KN,282.0,352.0,,6.0,,False,
2025-12-04T16:00:00.000Z,Japan,Kansai,JP-KN,284.0,351.0,,5.0,,False,
2025-12-04T17:00:00.000Z,Japan,Kansai,JP-KN,286.0,355.0,,5.0,,False,
2025-12-04T18:00:00.000Z,Japan,Kansai,JP-KN,285.0,353.0,,5.0,,False,
2025-12-04T19:00:00.000Z,Japan,Kansai,JP-KN,282.0,350.0,,6.0,,False,
2025-12-04T20:00:00.000Z,Japan,Kansai,JP-KN,286.0,355.0,,6.0,,False,
2025-12-04T21:00:00.000Z,Japan,Kansai,JP-KN,286.0,355.0,,7.0,,False,
2025-12-04T22:00:00.000Z,Japan,Kansai,JP-KN,283.0,352.0,,9.0,,False,
2025-12-04T23:00:00.000Z,Japan,Kansai,JP-KN,271.0,341.0,,15.0,,False,
2025-12-05T00:00:00.000Z,Japan,Kansai,JP-KN,256.0,324.0,,20.0,,False,
2025-12-05T01:00:00.000Z,Japan,Kansai,JP-KN,235.0,300.0,,25.0,,False,
2025-12-05T02:00:00.000Z,Japan,Kansai,JP-KN,228.0,293.0,,27.0,,False,
2025-12-05T03:00:00.000Z,Japan,Kansai,JP-KN,226.0,290.0,,27.0,,False,
2025-12-05T04:00:00.000Z,Japan,Kansai,JP-KN,236.0,302.0,,24.0,,False,
2025-12-05T05:00:00.000Z,Japan,Kansai,JP-KN,254.0,321.0,,19.0,,False,
2025-12-05T06:00:00.000Z,Japan,Kansai,JP-KN,276.0,345.0,,14.0,,False,
2025-12-05T07:00:00.000Z,Japan,Kansai,JP-KN,278.0,348.0,,11.0,,False,
2025-12-05T08:00:00.000Z,Japan,Kansai,JP-KN,276.0,345.0,,11.0,,False,
2025-12-05T09:00:00.000Z,Japan,Kansai,JP-KN,271.0,340.0,,12.0,,False,
2025-12-05T10:00:00.000Z,Japan,Kansai,JP-KN,270.0,337.0,,12.0,,False,
2025-12-05T11:00:00.000Z,Japan,Kansai,JP-KN,271.0,339.0,,10.0,,False,
2025-12-05T12:00:00.000Z,Japan,Kansai,JP-KN,272.0,339.0,,9.0,,False,
2025-12-05T13:00:00.000Z,Japan,Kansai,JP-KN,267.0,334.0,,8.0,,False,
2025-12-05T14:00:00.000Z,Japan,Kansai,JP-KN,256.0,323.0,,8.0,,False,
2025-12-05T15:00:00.000Z,Japan,Kansai,JP-KN,255.0,321.0,,7.0,,False,
2025-12-05T16:00:00.000Z,Japan,Kansai,JP-KN,254.0,320.0,,6.0,,False,
2025-12-05T17:00:00.000Z,Japan,Kansai,JP-KN,248.0,313.0,,6.0,,False,
2025-12-05T18:00:00.000Z,Japan,Kansai,JP-KN,248.0,314.0,,6.0,,False,
2025-12-05T19:00:00.000Z,Japan,Kansai,JP-KN,244.0,309.0,,7.0,,False,
2025-12-05T20:00:00.000Z,Japan,Kansai,JP-KN,241.0,307.0,,7.0,,False,
2025-12-05T21:00:00.000Z,Japan,Kansai,JP-KN,238.0,303.0,,8.0,,False,
2025-12-05T22:00:00.000Z,Japan,Kansai,JP-KN,234.0,297.0,,11.0,,False,
2025-12-05T23:00:00.000Z,Japan,Kansai,JP-KN,222.0,281.0,,19.0,,False,
2025-12-06T00:00:00.000Z,Japan,Kansai,JP-KN,192.0,246.0,,28.0,,False,
2025-12-06T01:00:00.000Z,Japan,Kansai,JP-KN,152.0,202.0,,35.0,,False,
2025-12-06T02:00:00.000Z,Japan,Kansai,JP-KN,138.0,189.0,,38.0,,False,
2025-12-06T03:00:00.000Z,Japan,Kansai,JP-KN,136.0,186.0,,38.0,,False,
2025-12-06T04:00:00.000Z,Japan,Kansai,JP-KN,144.0,193.0,,36.0,,False,
2025-12-06T05:00:00.000Z,Japan,Kansai,JP-KN,178.0,230.0,,29.0,,False,
2025-12-06T06:00:00.000Z,Japan,Kansai,JP-KN,219.0,275.0,,19.0,,False,
2025-12-06T07:00:00.000Z,Japan,Kansai,JP-KN,240.0,300.0,,13.0,,False,
2025-12-06T08:00:00.000Z,Japan,Kansai,JP-KN,244.0,307.0,,12.0,,False,
2025-12-06T09:00:00.000Z,Japan,Kansai,JP-KN,239.0,302.0,,13.0,,False,
2025-12-06T10:00:00.000Z,Japan,Kansai,JP-KN,238.0,301.0,,13.0,,False,
2025-12-06T11:00:00.000Z,Japan,Kansai,JP-KN,241.0,305.0,,12.0,,False,
2025-12-06T12:00:00.000Z,Japan,Kansai,JP-KN,243.0,306.0,,11.0,,False,
2025-12-06T13:00:00.000Z,Japan,Kansai,JP-KN,247.0,311.0,,10.0,,False,
2025-12-06T14:00:00.000Z,Japan,Kansai,JP-KN,244.0,307.0,,9.0,,False,
2025-12-06T15:00:00.000Z,Japan,Kansai,JP-KN,244.0,305.0,,7.0,,False,
2025-12-06T16:00:00.000Z,Japan,Kansai,JP-KN,247.0,309.0,,6.0,,False,
2025-12-06T17:00:00.000Z,Japan,Kansai,JP-KN,242.0,303.0,,6.0,,False,
2025-12-06T18:00:00.000Z,Japan,Kansai,JP-KN,239.0,300.0,,6.0,,False,
2025-12-06T19:00:00.000Z,Japan,Kansai,JP-KN,243.0,305.0,,7.0,,False,
2025-12-06T20:00:00.000Z,Japan,Kansai,JP-KN,246.0,307.0,,8.0,,False,
2025-12-06T21:00:00.000Z,Japan,Kansai,JP-KN,251.0,313.0,,8.0,,False,
2025-12-06T22:00:00.000Z,Japan,Kansai,JP-KN,242.0,302.0,,11.0,,False,
2025-12-06T23:00:00.000Z,Japan,Kansai,JP-KN,211.0,266.0,,19.0,,False,
2025-12-07T00:00:00.000Z,Japan,Kansai,JP-KN,181.0,233.0,,28.0,,False,
2025-12-07T01:00:00.000Z,Japan,Kansai,JP-KN,141.0,188.0,,36.0,,False,
2025-12-07T02:00:00.000Z,Japan,Kansai,JP-KN,127.0,172.0,,39.0,,False,
2025-12-07T03:00:00.000Z,Japan,Kansai,JP-KN,121.0,167.0,,40.0,,False,
2025-12-07T04:00:00.000Z,Japan,Kansai,JP-KN,134.0,181.0,,37.0,,False,
2025-12-07T05:00:00.000Z,Japan,Kansai,JP-KN,173.0,223.0,,29.0,,False,
2025-12-07T06:00:00.000Z,Japan,Kansai,JP-KN,213.0,268.0,,19.0,,False,
2025-12-07T07:00:00.000Z,Japan,Kansai,JP-KN,241.0,299.0,,12.0,,False,
2025-12-07T08:00:00.000Z,Japan,Kansai,JP-KN,249.0,310.0,,12.0,,False,
2025-12-07T09:00:00.000Z,Japan,Kansai,JP-KN,251.0,314.0,,12.0,,False,
2025-12-07T10:00:00.000Z,Japan,Kansai,JP-KN,248.0,309.0,,13.0,,False,
2025-12-07T11:00:00.000Z,Japan,Kansai,JP-KN,253.0,314.0,,12.0,,False,
2025-12-07T12:00:00.000Z,Japan,Kansai,JP-KN,251.0,311.0,,11.0,,False,
2025-12-07T13:00:00.000Z,Japan,Kansai,JP-KN,248.0,307.0,,10.0,,False,
2025-12-07T14:00:00.000Z,Japan,Kansai,JP-KN,253.0,311.0,,9.0,,False,
2025-12-07T15:00:00.000Z,Japan,Kansai,JP-KN,256.0,313.0,,8.0,,False,
2025-12-07T16:00:00.000Z,Japan,Kansai,JP-KN,254.0,310.0,,7.0,,False,
2025-12-07T17:00:00.000Z,Japan,Kansai,JP-KN,260.0,317.0,,7.0,,False,
2025-12-07T18:00:00.000Z,Japan,Kansai,JP-KN,259.0,318.0,,7.0,,False,
2025-12-07T19:00:00.000Z,Japan,Kansai,JP-KN,263.0,322.0,,7.0,,False,
2025-12-07T20:00:00.000Z,Japan,Kansai,JP-KN,270.0,331.0,,6.0,,False,
2025-12-07T21:00:00.000Z,Japan,Kansai,JP-KN,271.0,335.0,,7.0,,False,
2025-12-07T22:00:00.000Z,Japan,Kansai,JP-KN,264.0,327.0,,12.0,,False,
2025-12-07T23:00:00.000Z,Japan,Kansai,JP-KN,258.0,321.0,,17.0,,False,
2025-12-08T00:00:00.000Z,Japan,Kansai,JP-KN,247.0,308.0,,21.0,,False,
2025-12-08T01:00:00.000Z,Japan,Kansai,JP-KN,237.0,297.0,,22.0,,False,
2025-12-08T02:00:00.000Z,Japan,Kansai,JP-KN,225.0,284.0,,25.0,,False,
2025-12-08T03:00:00.000Z,Japan,Kansai,JP-KN,220.0,277.0,,25.0,,False,
2025-12-08T04:00:00.000Z,Japan,Kansai,JP-KN,227.0,285.0,,22.0,,False,
2025-12-08T05:00:00.000Z,Japan,Kansai,JP-KN,241.0,300.0,,19.0,,False,
2025-12-08T06:00:00.000Z,Japan,Kansai,JP-KN,259.0,321.0,,15.0,,False,
2025-12-08T07:00:00.000Z,Japan,Kansai,JP-KN,266.0,330.0,,14.0,,False,
2025-12-08T08:00:00.000Z,Japan,Kansai,JP-KN,264.0,327.0,,14.0,,False,
2025-12-08T09:00:00.000Z,Japan,Kansai,JP-KN,261.0,324.0,,14.0,,False,
2025-12-08T10:00:00.000Z,Japan,Kansai,JP-KN,264.0,326.0,,13.0,,False,
2025-12-08T11:00:00.000Z,Japan,Kansai,JP-KN,267.0,330.0,,12.0,,False,
2025-12-08T12:00:00.000Z,Japan,Kansai,JP-KN,273.0,337.0,,11.0,,False,
2025-12-08T13:00:00.000Z,Japan,Kansai,JP-KN,277.0,340.0,,10.0,,False,
2025-12-08T14:00:00.000Z,Japan,Kansai,JP-KN,276.0,338.0,,8.0,,False,
2025-12-08T15:00:00.000Z,Japan,Kansai,JP-KN,278.0,340.0,,7.0,,False,
2025-12-08T16:00:00.000Z,Japan,Kansai,JP-KN,275.0,336.0,,7.0,,False,
2025-12-08T17:00:00.000Z,Japan,Kansai,JP-KN,275.0,338.0,,6.0,,False,
2025-12-08T18:00:00.000Z,Japan,Kansai,JP-KN,274.0,338.0,,5.0,,False,
2025-12-08T19:00:00.000Z,Japan,Kansai,JP-KN,273.0,336.0,,6.0,,False,
2025-12-08T20:00:00.000Z,Japan,Kansai,JP-KN,271.0,334.0,,6.0,,False,
2025-12-08T21:00:00.000Z,Japan,Kansai,JP-KN,271.0,336.0,,7.0,,False,
2025-12-08T22:00:00.000Z,Japan,Kansai,JP-KN,270.0,335.0,,10.0,,False,
2025-12-08T23:00:00.000Z,Japan,Kansai,JP-KN,252.0,314.0,,17.0,,False,
2025-12-09T00:00:00.000Z,Japan,Kansai,JP-KN,227.0,285.0,,25.0,,False,
2025-12-09T01:00:00.000Z,Japan,Kansai,JP-KN,212.0,269.0,,29.0,,False,
2025-12-09T02:00:00.000Z,Japan,Kansai,JP-KN,201.0,257.0,,31.0,,False,
2025-12-09T03:00:00.000Z,Japan,Kansai,JP-KN,201.0,257.0,,30.0,,False,
2025-12-09T04:00:00.000Z,Japan,Kansai,JP-KN,213.0,270.0,,27.0,,False,
2025-12-09T05:00:00.000Z,Japan,Kansai,JP-KN,236.0,296.0,,22.0,,False,
2025-12-09T06:00:00.000Z,Japan,Kansai,JP-KN,262.0,324.0,,16.0,,False,
2025-12-09T07:00:00.000Z,Japan,Kansai,JP-KN,278.0,344.0,,11.0,,False,
2025-12-09T08:00:00.000Z,Japan,Kansai,JP-KN,277.0,342.0,,12.0,,False,
2025-12-09T09:00:00.000Z,Japan,Kansai,JP-KN,274.0,338.0,,12.0,,False,
2025-12-09T10:00:00.000Z,Japan,Kansai,JP-KN,277.0,342.0,,12.0,,False,
2025-12-09T11:00:00.000Z,Japan,Kansai,JP-KN,277.0,342.0,,11.0,,False,
2025-12-09T12:00:00.000Z,Japan,Kansai,JP-KN,275.0,340.0,,10.0,,False,
2025-12-09T13:00:00.000Z,Japan,Kansai,JP-KN,283.0,348.0,,9.0,,False,
2025-12-09T14:00:00.000Z,Japan,Kansai,JP-KN,282.0,347.0,,8.0,,False,
2025-12-09T15:00:00.000Z,Japan,Kansai,JP-KN,279.0,342.0,,7.0,,False,
2025-12-09T16:00:00.000Z,Japan,Kansai,JP-KN,279.0,343.0,,6.0,,False,
2025-12-09T17:00:00.000Z,Japan,Kansai,JP-KN,279.0,343.0,,6.0,,False,
2025-12-09T18:00:00.000Z,Japan,Kansai,JP-KN,270.0,334.0,,6.0,,False,
2025-12-09T19:00:00.000Z,Japan,Kansai,JP-KN,268.0,332.0,,5.0,,False,
2025-12-09T20:00:00.000Z,Japan,Kansai,JP-KN,271.0,336.0,,5.0,,False,
2025-12-09T21:00:00.000Z,Japan,Kansai,JP-KN,280.0,346.0,,7.0,,False,
2025-12-09T22:00:00.000Z,Japan,Kansai,JP-KN,273.0,339.0,,11.0,,False,
2025-12-09T23:00:00.000Z,Japan,Kansai,JP-KN,261.0,325.0,,16.0,,False,
2025-12-10T00:00:00.000Z,Japan,Kansai,JP-KN,243.0,304.0,,21.0,,False,
2025-12-10T01:00:00.000Z,Japan,Kansai,JP-KN,227.0,285.0,,26.0,,False,
2025-12-10T02:00:00.000Z,Japan,Kansai,JP-KN,205.0,261.0,,31.0,,False,
2025-12-10T03:00:00.000Z,Japan,Kansai,JP-KN,197.0,252.0,,32.0,,False,
2025-12-10T04:00:00.000Z,Japan,Kansai,JP-KN,216.0,273.0,,28.0,,False,
2025-12-10T05:00:00.000Z,Japan,Kansai,JP-KN,241.0,300.0,,22.0,,False,
2025-12-10T06:00:00.000Z,Japan,Kansai,JP-KN,269.0,332.0,,15.0,,False,
2025-12-10T07:00:00.000Z,Japan,Kansai,JP-KN,280.0,344.0,,14.0,,False,
2025-12-10T08:00:00.000Z,Japan,Kansai,JP-KN,277.0,341.0,,14.0,,False,
2025-12-10T09:00:00.000Z,Japan,Kansai,JP-KN,274.0,338.0,,14.0,,False,
2025-12-10T10:00:00.000Z,Japan,Kansai,JP-KN,277.0,342.0,,13.0,,False,
2025-12-10T11:00:00.000Z,Japan,Kansai,JP-KN,285.0,351.0,,11.0,,False,
2025-12-10T12:00:00.000Z,Japan,Kansai,JP-KN,290.0,357.0,,9.0,,False,
2025-12-10T13:00:00.000Z,Japan,Kansai,JP-KN,290.0,356.0,,8.0,,False,
2025-12-10T14:00:00.000Z,Japan,Kansai,JP-KN,285.0,350.0,,7.0,,False,
2025-12-10T15:00:00.000Z,Japan,Kansai,JP-KN,290.0,353.0,,7.0,,False,
2025-12-10T16:00:00.000Z,Japan,Kansai,JP-KN,286.0,348.0,,6.0,,False,
2025-12-10T17:00:00.000Z,Japan,Kansai,JP-KN,287.0,350.0,,6.0,,False,
2025-12-10T18:00:00.000Z,Japan,Kansai,JP-KN,285.0,349.0,,6.0,,False,
2025-12-10T19:00:00.000Z,Japan,Kansai,JP-KN,283.0,347.0,,6.0,,False,
2025-12-10T20:00:00.000Z,Japan,Kansai,JP-KN,277.0,342.0,,7.0,,False,
2025-12-10T21:00:00.000Z,Japan,Kansai,JP-KN,284.0,350.0,,7.0,,False,
2025-12-10T22:00:00.000Z,Japan,Kansai,JP-KN,284.0,350.0,,10.0,,False,
2025-12-10T23:00:00.000Z,Japan,Kansai,JP-KN,270.0,334.0,,15.0,,False,
2025-12-11T00:00:00.000Z,Japan,Kansai,JP-KN,255.0,316.0,,20.0,,False,
2025-12-11T01:00:00.000Z,Japan,Kansai,JP-KN,238.0,296.0,,25.0,,False,
2025-12-11T02:00:00.000Z,Japan,Kansai,JP-KN,228.0,285.0,,27.0,,False,
2025-12-11T03:00:00.000Z,Japan,Kansai,JP-KN,221.0,276.0,,27.0,,False,
2025-12-11T04:00:00.000Z,Japan,Kansai,JP-KN,223.0,279.0,,25.0,,False,
2025-12-11T05:00:00.000Z,Japan,Kansai,JP-KN,244.0,302.0,,19.0,,False,
2025-12-11T06:00:00.000Z,Japan,Kansai,JP-KN,262.0,323.0,,15.0,,False,
2025-12-11T07:00:00.000Z,Japan,Kansai,JP-KN,273.0,336.0,,13.0,,False,
2025-12-11T08:00:00.000Z,Japan,Kansai,JP-KN,277.0,340.0,,14.0,,False,
2025-12-11T09:00:00.000Z,Japan,Kansai,JP-KN,276.0,340.0,,14.0,,False,
2025-12-11T10:00:00.000Z,Japan,Kansai,JP-KN,277.0,341.0,,12.0,,False,
2025-12-11T11:00:00.000Z,Japan,Kansai,JP-KN,281.0,345.0,,11.0,,False,
2025-12-11T12:00:00.000Z,Japan,Kansai,JP-KN,287.0,350.0,,9.0,,False,
2025-12-11T13:00:00.000Z,Japan,Kansai,JP-KN,283.0,344.0,,10.0,,False,
2025-12-11T14:00:00.000Z,Japan,Kansai,JP-KN,280.0,339.0,,9.0,,False,
2025-12-11T15:00:00.000Z,Japan,Kansai,JP-KN,280.0,338.0,,8.0,,False,
2025-12-11T16:00:00.000Z,Japan,Kansai,JP-KN,275.0,329.0,,8.0,,False,
2025-12-11T17:00:00.000Z,Japan,Kansai,JP-KN,274.0,331.0,,7.0,,False,
2025-12-11T18:00:00.000Z,Japan,Kansai,JP-KN,281.0,340.0,,7.0,,False,
2025-12-11T19:00:00.000Z,Japan,Kansai,JP-KN,279.0,340.0,,7.0,,False,
2025-12-11T20:00:00.000Z,Japan,Kansai,JP-KN,281.0,344.0,,6.0,,False,
2025-12-11T21:00:00.000Z,Japan,Kansai,JP-KN,280.0,344.0,,8.0,,False,
2025-12-11T22:00:00.000Z,Japan,Kansai,JP-KN,278.0,341.0,,11.0,,False,
2025-12-11T23:00:00.000Z,Japan,Kansai,JP-KN,268.0,330.0,,16.0,,False,
2025-12-12T00:00:00.000Z,Japan,Kansai,JP-KN,251.0,310.0,,21.0,,False,
2025-12-12T01:00:00.000Z,Japan,Kansai,JP-KN,240.0,299.0,,23.0,,False,
2025-12-12T02:00:00.000Z,Japan,Kansai,JP-KN,235.0,294.0,,24.0,,False,
2025-12-12T03:00:00.000Z,Japan,Kansai,JP-KN,236.0,294.0,,22.0,,False,
2025-12-12T04:00:00.000Z,Japan,Kansai,JP-KN,245.0,305.0,,20.0,,False,
2025-12-12T05:00:00.000Z,Japan,Kansai,JP-KN,259.0,320.0,,18.0,,False,
2025-12-12T06:00:00.000Z,Japan,Kansai,JP-KN,273.0,336.0,,16.0,,False,
2025-12-12T07:00:00.000Z,Japan,Kansai,JP-KN,279.0,343.0,,15.0,,False,
2025-12-12T08:00:00.000Z,Japan,Kansai,JP-KN,280.0,343.0,,15.0,,False,
2025-12-12T09:00:00.000Z,Japan,Kansai,JP-KN,281.0,345.0,,14.0,,False,
2025-12-12T10:00:00.000Z,Japan,Kansai,JP-KN,280.0,344.0,,13.0,,False,
2025-12-12T11:00:00.000Z,Japan,Kansai,JP-KN,287.0,352.0,,12.0,,False,
2025-12-12T12:00:00.000Z,Japan,Kansai,JP-KN,287.0,352.0,,11.0,,False,
2025-12-12T13:00:00.000Z,Japan,Kansai,JP-KN,293.0,358.0,,9.0,,False,
2025-12-12T14:00:00.000Z,Japan,Kansai,JP-KN,293.0,357.0,,8.0,,False,
2025-12-12T15:00:00.000Z,Japan,Kansai,JP-KN,288.0,352.0,,7.0,,False,
2025-12-12T16:00:00.000Z,Japan,Kansai,JP-KN,280.0,342.0,,6.0,,False,
2025-12-12T17:00:00.000Z,Japan,Kansai,JP-KN,278.0,341.0,,6.0,,False,
2025-12-12T18:00:00.000Z,Japan,Kansai,JP-KN,280.0,343.0,,6.0,,False,
2025-12-12T19:00:00.000Z,Japan,Kansai,JP-KN,275.0,338.0,,5.0,,False,
2025-12-12T20:00:00.000Z,Japan,Kansai,JP-KN,273.0,335.0,,5.0,,False,
2025-12-12T21:00:00.000Z,Japan,Kansai,JP-KN,272.0,335.0,,6.0,,False,
2025-12-12T22:00:00.000Z,Japan,Kansai,JP-KN,270.0,333.0,,9.0,,False,
2025-12-12T23:00:00.000Z,Japan,Kansai,JP-KN,251.0,311.0,,16.0,,False,
2025-12-13T00:00:00.000Z,Japan,Kansai,JP-KN,222.0,279.0,,24.0,,False,
2025-12-13T01:00:00.000Z,Japan,Kansai,JP-KN,183.0,235.0,,31.0,,False,
2025-12-13T02:00:00.000Z,Japan,Kansai,JP-KN,170.0,221.0,,33.0,,False,
2025-12-13T03:00:00.000Z,Japan,Kansai,JP-KN,165.0,214.0,,32.0,,False,
2025-12-13T04:00:00.000Z,Japan,Kansai,JP-KN,174.0,224.0,,29.0,,False,
2025-12-13T05:00:00.000Z,Japan,Kansai,JP-KN,197.0,251.0,,23.0,,False,
2025-12-13T06:00:00.000Z,Japan,Kansai,JP-KN,237.0,294.0,,16.0,,False,
2025-12-13T07:00:00.000Z,Japan,Kansai,JP-KN,264.0,326.0,,12.0,,False,
2025-12-13T08:00:00.000Z,Japan,Kansai,JP-KN,269.0,332.0,,12.0,,False,
2025-12-13T09:00:00.000Z,Japan,Kansai,JP-KN,266.0,328.0,,13.0,,False,
2025-12-13T10:00:00.000Z,Japan,Kansai,JP-KN,264.0,326.0,,12.0,,False,
2025-12-13T11:00:00.000Z,Japan,Kansai,JP-KN,260.0,323.0,,12.0,,False,
2025-12-13T12:00:00.000Z,Japan,Kansai,JP-KN,263.0,325.0,,11.0,,False,
2025-12-13T13:00:00.000Z,Japan,Kansai,JP-KN,258.0,318.0,,10.0,,False,
2025-12-13T14:00:00.000Z,Japan,Kansai,JP-KN,255.0,313.0,,9.0,,False,
2025-12-13T15:00:00.000Z,Japan,Kansai,JP-KN,249.0,306.0,,8.0,,False,
2025-12-13T16:00:00.000Z,Japan,Kansai,JP-KN,243.0,300.0,,8.0,,False,
2025-12-13T17:00:00.000Z,Japan,Kansai,JP-KN,246.0,303.0,,8.0,,False,
2025-12-13T18:00:00.000Z,Japan,Kansai,JP-KN,253.0,312.0,,8.0,,False,
2025-12-13T19:00:00.000Z,Japan,Kansai,JP-KN,249.0,307.0,,8.0,,False,
2025-12-13T20:00:00.000Z,Japan,Kansai,JP-KN,253.0,310.0,,8.0,,False,
2025-12-13T21:00:00.000Z,Japan,Kansai,JP-KN,251.0,305.0,,9.0,,False,
2025-12-13T22:00:00.000Z,Japan,Kansai,JP-KN,247.0,302.0,,11.0,,False,
2025-12-13T23:00:00.000Z,Japan,Kansai,JP-KN,229.0,284.0,,17.0,,False,
2025-12-14T00:00:00.000Z,Japan,Kansai,JP-KN,210.0,262.0,,22.0,,False,
2025-12-14T01:00:00.000Z,Japan,Kansai,JP-KN,184.0,233.0,,27.0,,False,
2025-12-14T02:00:00.000Z,Japan,Kansai,JP-KN,175.0,223.0,,30.0,,False,
2025-12-14T03:00:00.000Z,Japan,Kansai,JP-KN,168.0,214.0,,32.0,,False,
2025-12-14T04:00:00.000Z,Japan,Kansai,JP-KN,175.0,223.0,,29.0,,False,
2025-12-14T05:00:00.000Z,Japan,Kansai,JP-KN,201.0,252.0,,23.0,,False,
2025-12-14T06:00:00.000Z,Japan,Kansai,JP-KN,231.0,284.0,,17.0,,False,
2025-12-14T07:00:00.000Z,Japan,Kansai,JP-KN,263.0,321.0,,11.0,,False,
2025-12-14T08:00:00.000Z,Japan,Kansai,JP-KN,275.0,336.0,,11.0,,False,
2025-12-14T09:00:00.000Z,Japan,Kansai,JP-KN,270.0,332.0,,12.0,,False,
2025-12-14T10:00:00.000Z,Japan,Kansai,JP-KN,274.0,336.0,,12.0,,False,
2025-12-14T11:00:00.000Z,Japan,Kansai,JP-KN,276.0,337.0,,12.0,,False,
2025-12-14T12:00:00.000Z,Japan,Kansai,JP-KN,280.0,340.0,,11.0,,False,
2025-12-14T13:00:00.000Z,Japan,Kansai,JP-KN,276.0,333.0,,10.0,,False,
2025-12-14T14:00:00.000Z,Japan,Kansai,JP-KN,274.0,330.0,,9.0,,False,
2025-12-14T15:00:00.000Z,Japan,Kansai,JP-KN,267.0,323.0,,8.0,,False,
2025-12-14T16:00:00.000Z,Japan,Kansai,JP-KN,268.0,323.0,,8.0,,False,
2025-12-14T17:00:00.000Z,Japan,Kansai,JP-KN,274.0,331.0,,7.0,,False,
2025-12-14T18:00:00.000Z,Japan,Kansai,JP-KN,276.0,334.0,,7.0,,False,
2025-12-14T19:00:00.000Z,Japan,Kansai,JP-KN,271.0,330.0,,7.0,,False,
2025-12-14T20:00:00.000Z,Japan,Kansai,JP-KN,272.0,334.0,,7.0,,False,
2025-12-14T21:00:00.000Z,Japan,Kansai,JP-KN,273.0,337.0,,8.0,,False,
2025-12-14T22:00:00.000Z,Japan,Kansai,JP-KN,273.0,336.0,,12.0,,False,
2025-12-14T23:00:00.000Z,Japan,Kansai,JP-KN,263.0,325.0,,17.0,,False,
2025-12-15T00:00:00.000Z,Japan,Kansai,JP-KN,253.0,313.0,,22.0,,False,
2025-12-15T01:00:00.000Z,Japan,Kansai,JP-KN,246.0,305.0,,24.0,,False,
2025-12-15T02:00:00.000Z,Japan,Kansai,JP-KN,242.0,300.0,,25.0,,False,
2025-12-15T03:00:00.000Z,Japan,Kansai,JP-KN,238.0,295.0,,24.0,,False,
2025-12-15T04:00:00.000Z,Japan,Kansai,JP-KN,250.0,310.0,,22.0,,False,
2025-12-15T05:00:00.000Z,Japan,Kansai,JP-KN,260.0,321.0,,19.0,,False,
2025-12-15T06:00:00.000Z,Japan,Kansai,JP-KN,280.0,345.0,,14.0,,False,
2025-12-15T07:00:00.000Z,Japan,Kansai,JP-KN,289.0,356.0,,12.0,,False,
2025-12-15T08:00:00.000Z,Japan,Kansai,JP-KN,294.0,361.0,,13.0,,False,
2025-12-15T09:00:00.000Z,Japan,Kansai,JP-KN,296.0,362.0,,13.0,,False,
2025-12-15T10:00:00.000Z,Japan,Kansai,JP-KN,300.0,366.0,,12.0,,False,
2025-12-15T11:00:00.000Z,Japan,Kansai,JP-KN,307.0,373.0,,10.0,,False,
2025-12-15T12:00:00.000Z,Japan,Kansai,JP-KN,305.0,371.0,,9.0,,False,
2025-12-15T13:00:00.000Z,Japan,Kansai,JP-KN,300.0,365.0,,8.0,,False,
2025-12-15T14:00:00.000Z,Japan,Kansai,JP-KN,305.0,370.0,,7.0,,False,
2025-12-15T15:00:00.000Z,Japan,Kansai,JP-KN,308.0,369.0,,7.0,,False,
2025-12-15T16:00:00.000Z,Japan,Kansai,JP-KN,307.0,366.0,,6.0,,False,
2025-12-15T17:00:00.000Z,Japan,Kansai,JP-KN,304.0,366.0,,6.0,,False,
2025-12-15T18:00:00.000Z,Japan,Kansai,JP-KN,297.0,360.0,,6.0,,False,
2025-12-15T19:00:00.000Z,Japan,Kansai,JP-KN,291.0,353.0,,6.0,,False,
2025-12-15T20:00:00.000Z,Japan,Kansai,JP-KN,293.0,358.0,,6.0,,False,
2025-12-15T21:00:00.000Z,Japan,Kansai,JP-KN,297.0,365.0,,7.0,,False,
2025-12-15T22:00:00.000Z,Japan,Kansai,JP-KN,297.0,364.0,,10.0,,False,
2025-12-15T23:00:00.000Z,Japan,Kansai,JP-KN,285.0,350.0,,15.0,,False,
2025-12-16T00:00:00.000Z,Japan,Kansai,JP-KN,261.0,321.0,,21.0,,False,
2025-12-16T01:00:00.000Z,Japan,Kansai,JP-KN,239.0,294.0,,26.0,,False,
2025-12-16T02:00:00.000Z,Japan,Kansai,JP-KN,225.0,278.0,,29.0,,False,
2025-12-16T03:00:00.000Z,Japan,Kansai,JP-KN,220.0,273.0,,27.0,,False,
2025-12-16T04:00:00.000Z,Japan,Kansai,JP-KN,232.0,286.0,,26.0,,False,
2025-12-16T05:00:00.000Z,Japan,Kansai,JP-KN,256.0,313.0,,21.0,,False,
2025-12-16T06:00:00.000Z,Japan,Kansai,JP-KN,282.0,343.0,,15.0,,False,
2025-12-16T07:00:00.000Z,Japan,Kansai,JP-KN,295.0,361.0,,12.0,,False,
2025-12-16T08:00:00.000Z,Japan,Kansai,JP-KN,294.0,359.0,,13.0,,False,
2025-12-16T09:00:00.000Z,Japan,Kansai,JP-KN,295.0,361.0,,13.0,,False,
2025-12-16T10:00:00.000Z,Japan,Kansai,JP-KN,294.0,360.0,,12.0,,False,
2025-12-16T11:00:00.000Z,Japan,Kansai,JP-KN,293.0,359.0,,11.0,,False,
2025-12-16T12:00:00.000Z,Japan,Kansai,JP-KN,297.0,363.0,,10.0,,False,
2025-12-16T13:00:00.000Z,Japan,Kansai,JP-KN,297.0,361.0,,9.0,,False,
2025-12-16T14:00:00.000Z,Japan,Kansai,JP-KN,304.0,366.0,,7.0,,False,
2025-12-16T15:00:00.000Z,Japan,Kansai,JP-KN,306.0,366.0,,6.0,,False,
2025-12-16T16:00:00.000Z,Japan,Kansai,JP-KN,302.0,363.0,,6.0,,False,
2025-12-16T17:00:00.000Z,Japan,Kansai,JP-KN,296.0,358.0,,6.0,,False,
2025-12-16T18:00:00.000Z,Japan,Kansai,JP-KN,299.0,361.0,,6.0,,False,
2025-12-16T19:00:00.000Z,Japan,Kansai,JP-KN,298.0,359.0,,6.0,,False,
2025-12-16T20:00:00.000Z,Japan,Kansai,JP-KN,298.0,362.0,,6.0,,False,
2025-12-16T21:00:00.000Z,Japan,Kansai,JP-KN,303.0,369.0,,7.0,,False,
2025-12-16T22:00:00.000Z,Japan,Kansai,JP-KN,304.0,370.0,,9.0,,False,
2025-12-16T23:00:00.000Z,Japan,Kansai,JP-KN,295.0,360.0,,14.0,,False,
2025-12-17T00:00:00.000Z,Japan,Kansai,JP-KN,271.0,331.0,,18.0,,False,
2025-12-17T01:00:00.000Z,Japan,Kansai,JP-KN,257.0,314.0,,21.0,,False,
2025-12-17T02:00:00.000Z,Japan,Kansai,JP-KN,266.0,324.0,,19.0,,False,
2025-12-17T03:00:00.000Z,Japan,Kansai,JP-KN,277.0,335.0,,15.0,,False,
2025-12-17T04:00:00.000Z,Japan,Kansai,JP-KN,293.0,354.0,,13.0,,False,
2025-12-17T05:00:00.000Z,Japan,Kansai,JP-KN,293.0,356.0,,13.0,,False,
2025-12-17T06:00:00.000Z,Japan,Kansai,JP-KN,296.0,361.0,,12.0,,False,
2025-12-17T07:00:00.000Z,Japan,Kansai,JP-KN,294.0,360.0,,12.0,,False,
2025-12-17T08:00:00.000Z,Japan,Kansai,JP-KN,297.0,362.0,,12.0,,False,
2025-12-17T09:00:00.000Z,Japan,Kansai,JP-KN,295.0,361.0,,12.0,,False,
2025-12-17T10:00:00.000Z,Japan,Kansai,JP-KN,292.0,358.0,,12.0,,False,
2025-12-17T11:00:00.000Z,Japan,Kansai,JP-KN,293.0,358.0,,10.0,,False,
2025-12-17T12:00:00.000Z,Japan,Kansai,JP-KN,293.0,358.0,,10.0,,False,
2025-12-17T13:00:00.000Z,Japan,Kansai,JP-KN,296.0,358.0,,9.0,,False,
2025-12-17T14:00:00.000Z,Japan,Kansai,JP-KN,296.0,356.0,,9.0,,False,
2025-12-17T15:00:00.000Z,Japan,Kansai,JP-KN,288.0,345.0,,9.0,,False,
2025-12-17T16:00:00.000Z,Japan,Kansai,JP-KN,290.0,346.0,,8.0,,False,
2025-12-17T17:00:00.000Z,Japan,Kansai,JP-KN,290.0,346.0,,7.0,,False,
2025-12-17T18:00:00.000Z,Japan,Kansai,JP-KN,291.0,347.0,,7.0,,False,
2025-12-17T19:00:00.000Z,Japan,Kansai,JP-KN,292.0,350.0,,7.0,,False,
2025-12-17T20:00:00.000Z,Japan,Kansai,JP-KN,291.0,352.0,,7.0,,False,
2025-12-17T21:00:00.000Z,Japan,Kansai,JP-KN,294.0,359.0,,7.0,,False,
2025-12-17T22:00:00.000Z,Japan,Kansai,JP-KN,287.0,354.0,,9.0,,False,
2025-12-17T23:00:00.000Z,Japan,Kansai,JP-KN,278.0,342.0,,15.0,,False,
2025-12-18T00:00:00.000Z,Japan,Kansai,JP-KN,255.0,313.0,,23.0,,False,
2025-12-18T01:00:00.000Z,Japan,Kansai,JP-KN,234.0,288.0,,28.0,,False,
2025-12-18T02:00:00.000Z,Japan,Kansai,JP-KN,214.0,266.0,,32.0,,False,
2025-12-18T03:00:00.000Z,Japan,Kansai,JP-KN,202.0,253.0,,33.0,,False,
2025-12-18T04:00:00.000Z,Japan,Kansai,JP-KN,217.0,270.0,,29.0,,False,
2025-12-18T05:00:00.000Z,Japan,Kansai,JP-KN,247.0,302.0,,24.0,,False,
2025-12-18T06:00:00.000Z,Japan,Kansai,JP-KN,271.0,328.0,,19.0,,False,
2025-12-18T07:00:00.000Z,Japan,Kansai,JP-KN,294.0,357.0,,13.0,,False,
2025-12-18T08:00:00.000Z,Japan,Kansai,JP-KN,291.0,355.0,,14.0,,False,
2025-12-18T09:00:00.000Z,Japan,Kansai,JP-KN,287.0,351.0,,14.0,,False,
2025-12-18T10:00:00.000Z,Japan,Kansai,JP-KN,285.0,349.0,,14.0,,False,
2025-12-18T11:00:00.000Z,Japan,Kansai,JP-KN,288.0,352.0,,13.0,,False,
2025-12-18T12:00:00.000Z,Japan,Kansai,JP-KN,288.0,353.0,,11.0,,False,
2025-12-18T13:00:00.000Z,Japan,Kansai,JP-KN,291.0,356.0,,9.0,,False,
2025-12-18T14:00:00.000Z,Japan,Kansai,JP-KN,294.0,357.0,,8.0,,False,
2025-12-18T15:00:00.000Z,Japan,Kansai,JP-KN,301.0,364.0,,7.0,,False,
2025-12-18T16:00:00.000Z,Japan,Kansai,JP-KN,303.0,364.0,,7.0,,False,
2025-12-18T17:00:00.000Z,Japan,Kansai,JP-KN,301.0,364.0,,5.0,,False,
2025-12-18T18:00:00.000Z,Japan,Kansai,JP-KN,298.0,362.0,,6.0,,False,
2025-12-18T19:00:00.000Z,Japan,Kansai,JP-KN,294.0,358.0,,6.0,,False,
2025-12-18T20:00:00.000Z,Japan,Kansai,JP-KN,293.0,357.0,,6.0,,False,
2025-12-18T21:00:00.000Z,Japan,Kansai,JP-KN,297.0,363.0,,7.0,,False,
2025-12-18T22:00:00.000Z,Japan,Kansai,JP-KN,297.0,362.0,,10.0,,False,
2025-12-18T23:00:00.000Z,Japan,Kansai,JP-KN,284.0,349.0,,16.0,,False,
2025-12-19T00:00:00.000Z,Japan,Kansai,JP-KN,262.0,322.0,,22.0,,False,
2025-12-19T01:00:00.000Z,Japan,Kansai,JP-KN,223.0,278.0,,29.0,,False,
2025-12-19T02:00:00.000Z,Japan,Kansai,JP-KN,198.0,253.0,,31.0,,False,
2025-12-19T03:00:00.000Z,Japan,Kansai,JP-KN,191.0,244.0,,31.0,,False,
2025-12-19T04:00:00.000Z,Japan,Kansai,JP-KN,210.0,264.0,,28.0,,False,
2025-12-19T05:00:00.000Z,Japan,Kansai,JP-KN,238.0,293.0,,24.0,,False,
2025-12-19T06:00:00.000Z,Japan,Kansai,JP-KN,273.0,332.0,,16.0,,False,
2025-12-19T07:00:00.000Z,Japan,Kansai,JP-KN,287.0,351.0,,12.0,,False,
2025-12-19T08:00:00.000Z,Japan,Kansai,JP-KN,280.0,344.0,,13.0,,False,
2025-12-19T09:00:00.000Z,Japan,Kansai,JP-KN,277.0,341.0,,13.0,,False,
2025-12-19T10:00:00.000Z,Japan,Kansai,JP-KN,279.0,341.0,,13.0,,False,
2025-12-19T11:00:00.000Z,Japan,Kansai,JP-KN,285.0,347.0,,12.0,,False,
2025-12-19T12:00:00.000Z,Japan,Kansai,JP-KN,291.0,353.0,,10.0,,False,
2025-12-19T13:00:00.000Z,Japan,Kansai,JP-KN,293.0,353.0,,9.0,,False,
2025-12-19T14:00:00.000Z,Japan,Kansai,JP-KN,293.0,351.0,,10.0,,False,
2025-12-19T15:00:00.000Z,Japan,Kansai,JP-KN,291.0,347.0,,8.0,,False,
2025-12-19T16:00:00.000Z,Japan,Kansai,JP-KN,291.0,347.0,,6.0,,False,
2025-12-19T17:00:00.000Z,Japan,Kansai,JP-KN,295.0,353.0,,6.0,,False,
2025-12-19T18:00:00.000Z,Japan,Kansai,JP-KN,282.0,338.0,,7.0,,False,
2025-12-19T19:00:00.000Z,Japan,Kansai,JP-KN,276.0,333.0,,8.0,,False,
2025-12-19T20:00:00.000Z,Japan,Kansai,JP-KN,276.0,332.0,,8.0,,False,
2025-12-19T21:00:00.000Z,Japan,Kansai,JP-KN,280.0,335.0,,8.0,,False,
2025-12-19T22:00:00.000Z,Japan,Kansai,JP-KN,282.0,339.0,,10.0,,False,
2025-12-19T23:00:00.000Z,Japan,Kansai,JP-KN,274.0,329.0,,15.0,,False,
2025-12-20T00:00:00.000Z,Japan,Kansai,JP-KN,247.0,298.0,,21.0,,False,
2025-12-20T01:00:00.000Z,Japan,Kansai,JP-KN,208.0,257.0,,27.0,,False,
2025-12-20T02:00:00.000Z,Japan,Kansai,JP-KN,181.0,228.0,,31.0,,False,
2025-12-20T03:00:00.000Z,Japan,Kansai,JP-KN,184.0,232.0,,29.0,,False,
2025-12-20T04:00:00.000Z,Japan,Kansai,JP-KN,191.0,240.0,,27.0,,False,
2025-12-20T05:00:00.000Z,Japan,Kansai,JP-KN,215.0,266.0,,22.0,,False,
2025-12-20T06:00:00.000Z,Japan,Kansai,JP-KN,242.0,295.0,,18.0,,False,
2025-12-20T07:00:00.000Z,Japan,Kansai,JP-KN,257.0,311.0,,14.0,,False,
2025-12-20T08:00:00.000Z,Japan,Kansai,JP-KN,254.0,310.0,,15.0,,False,
2025-12-20T09:00:00.000Z,Japan,Kansai,JP-KN,258.0,313.0,,15.0,,False,
2025-12-20T10:00:00.000Z,Japan,Kansai,JP-KN,258.0,312.0,,15.0,,False,
2025-12-20T11:00:00.000Z,Japan,Kansai,JP-KN,261.0,314.0,,14.0,,False,
2025-12-20T12:00:00.000Z,Japan,Kansai,JP-KN,265.0,319.0,,13.0,,False,
2025-12-20T13:00:00.000Z,Japan,Kansai,JP-KN,254.0,308.0,,11.0,,False,
2025-12-20T14:00:00.000Z,Japan,Kansai,JP-KN,248.0,301.0,,10.0,,False,
2025-12-20T15:00:00.000Z,Japan,Kansai,JP-KN,249.0,301.0,,8.0,,False,
2025-12-20T16:00:00.000Z,Japan,Kansai,JP-KN,257.0,309.0,,8.0,,False,
2025-12-20T17:00:00.000Z,Japan,Kansai,JP-KN,262.0,316.0,,7.0,,False,
2025-12-20T18:00:00.000Z,Japan,Kansai,JP-KN,263.0,317.0,,7.0,,False,
2025-12-20T19:00:00.000Z,Japan,Kansai,JP-KN,257.0,310.0,,8.0,,False,
2025-12-20T20:00:00.000Z,Japan,Kansai,JP-KN,251.0,303.0,,8.0,,False,
2025-12-20T21:00:00.000Z,Japan,Kansai,JP-KN,244.0,295.0,,9.0,,False,
2025-12-20T22:00:00.000Z,Japan,Kansai,JP-KN,244.0,297.0,,9.0,,False,
2025-12-20T23:00:00.000Z,Japan,Kansai,JP-KN,239.0,292.0,,13.0,,False,
2025-12-21T00:00:00.000Z,Japan,Kansai,JP-KN,241.0,292.0,,15.0,,False,
2025-12-21T01:00:00.000Z,Japan,Kansai,JP-KN,232.0,283.0,,18.0,,False,
2025-12-21T02:00:00.000Z,Japan,Kansai,JP-KN,229.0,279.0,,17.0,,False,
2025-12-21T03:00:00.000Z,Japan,Kansai,JP-KN,244.0,295.0,,15.0,,False,
2025-12-21T04:00:00.000Z,Japan,Kansai,JP-KN,245.0,297.0,,16.0,,False,
2025-12-21T05:00:00.000Z,Japan,Kansai,JP-KN,248.0,300.0,,15.0,,False,
2025-12-21T06:00:00.000Z,Japan,Kansai,JP-KN,246.0,298.0,,15.0,,False,
2025-12-21T07:00:00.000Z,Japan,Kansai,JP-KN,258.0,310.0,,15.0,,False,
2025-12-21T08:00:00.000Z,Japan,Kansai,JP-KN,270.0,325.0,,13.0,,False,
2025-12-21T09:00:00.000Z,Japan,Kansai,JP-KN,269.0,325.0,,14.0,,False,
2025-12-21T10:00:00.000Z,Japan,Kansai,JP-KN,271.0,327.0,,14.0,,False,
2025-12-21T11:00:00.000Z,Japan,Kansai,JP-KN,271.0,326.0,,13.0,,False,
2025-12-21T12:00:00.000Z,Japan,Kansai,JP-KN,273.0,326.0,,13.0,,False,
2025-12-21T13:00:00.000Z,Japan,Kansai,JP-KN,273.0,326.0,,12.0,,False,
2025-12-21T14:00:00.000Z,Japan,Kansai,JP-KN,273.0,326.0,,10.0,,False,
2025-12-21T15:00:00.000Z,Japan,Kansai,JP-KN,266.0,318.0,,9.0,,False,
2025-12-21T16:00:00.000Z,Japan,Kansai,JP-KN,268.0,321.0,,9.0,,False,
2025-12-21T17:00:00.000Z,Japan,Kansai,JP-KN,269.0,324.0,,9.0,,False,
2025-12-21T18:00:00.000Z,Japan,Kansai,JP-KN,273.0,327.0,,9.0,,False,
2025-12-21T19:00:00.000Z,Japan,Kansai,JP-KN,274.0,328.0,,8.0,,False,
2025-12-21T20:00:00.000Z,Japan,Kansai,JP-KN,277.0,332.0,,8.0,,False,
2025-12-21T21:00:00.000Z,Japan,Kansai,JP-KN,279.0,336.0,,8.0,,False,
2025-12-21T22:00:00.000Z,Japan,Kansai,JP-KN,277.0,337.0,,10.0,,False,
2025-12-21T23:00:00.000Z,Japan,Kansai,JP-KN,269.0,329.0,,14.0,,False,
2025-12-22T00:00:00.000Z,Japan,Kansai,JP-KN,257.0,314.0,,22.0,,False,
2025-12-22T01:00:00.000Z,Japan,Kansai,JP-KN,233.0,286.0,,27.0,,False,
2025-12-22T02:00:00.000Z,Japan,Kansai,JP-KN,223.0,275.0,,28.0,,False,
2025-12-22T03:00:00.000Z,Japan,Kansai,JP-KN,225.0,277.0,,27.0,,False,
2025-12-22T04:00:00.000Z,Japan,Kansai,JP-KN,230.0,281.0,,27.0,,False,
2025-12-22T05:00:00.000Z,Japan,Kansai,JP-KN,242.0,294.0,,25.0,,False,
2025-12-22T06:00:00.000Z,Japan,Kansai,JP-KN,265.0,321.0,,20.0,,False,
2025-12-22T07:00:00.000Z,Japan,Kansai,JP-KN,289.0,352.0,,14.0,,False,
2025-12-22T08:00:00.000Z,Japan,Kansai,JP-KN,285.0,349.0,,13.0,,False,
2025-12-22T09:00:00.000Z,Japan,Kansai,JP-KN,279.0,343.0,,13.0,,False,
2025-12-22T10:00:00.000Z,Japan,Kansai,JP-KN,283.0,346.0,,13.0,,False,
2025-12-22T11:00:00.000Z,Japan,Kansai,JP-KN,291.0,356.0,,11.0,,False,
2025-12-22T12:00:00.000Z,Japan,Kansai,JP-KN,288.0,350.0,,11.0,,False,
2025-12-22T13:00:00.000Z,Japan,Kansai,JP-KN,285.0,345.0,,10.0,,False,
2025-12-22T14:00:00.000Z,Japan,Kansai,JP-KN,290.0,348.0,,9.0,,False,
2025-12-22T15:00:00.000Z,Japan,Kansai,JP-KN,297.0,354.0,,7.0,,False,
2025-12-22T16:00:00.000Z,Japan,Kansai,JP-KN,296.0,353.0,,7.0,,False,
2025-12-22T17:00:00.000Z,Japan,Kansai,JP-KN,293.0,351.0,,6.0,,False,
2025-12-22T18:00:00.000Z,Japan,Kansai,JP-KN,293.0,352.0,,6.0,,False,
2025-12-22T19:00:00.000Z,Japan,Kansai,JP-KN,291.0,352.0,,6.0,,False,
2025-12-22T20:00:00.000Z,Japan,Kansai,JP-KN,293.0,356.0,,6.0,,False,
2025-12-22T21:00:00.000Z,Japan,Kansai,JP-KN,293.0,358.0,,8.0,,False,
2025-12-22T22:00:00.000Z,Japan,Kansai,JP-KN,289.0,354.0,,11.0,,False,
2025-12-22T23:00:00.000Z,Japan,Kansai,JP-KN,278.0,341.0,,16.0,,False,
2025-12-23T00:00:00.000Z,Japan,Kansai,JP-KN,259.0,316.0,,24.0,,False,
2025-12-23T01:00:00.000Z,Japan,Kansai,JP-KN,232.0,284.0,,30.0,,False,
2025-12-23T02:00:00.000Z,Japan,Kansai,JP-KN,206.0,257.0,,34.0,,False,
2025-12-23T03:00:00.000Z,Japan,Kansai,JP-KN,198.0,249.0,,34.0,,False,
2025-12-23T04:00:00.000Z,Japan,Kansai,JP-KN,215.0,267.0,,30.0,,False,
2025-12-23T05:00:00.000Z,Japan,Kansai,JP-KN,244.0,299.0,,24.0,,False,
2025-12-23T06:00:00.000Z,Japan,Kansai,JP-KN,285.0,344.0,,16.0,,False,
2025-12-23T07:00:00.000Z,Japan,Kansai,JP-KN,296.0,361.0,,12.0,,False,
2025-12-23T08:00:00.000Z,Japan,Kansai,JP-KN,293.0,358.0,,12.0,,False,
2025-12-23T09:00:00.000Z,Japan,Kansai,JP-KN,291.0,357.0,,12.0,,False,
2025-12-23T10:00:00.000Z,Japan,Kansai,JP-KN,291.0,354.0,,13.0,,False,
2025-12-23T11:00:00.000Z,Japan,Kansai,JP-KN,292.0,354.0,,12.0,,False,
2025-12-23T12:00:00.000Z,Japan,Kansai,JP-KN,291.0,351.0,,12.0,,False,
2025-12-23T13:00:00.000Z,Japan,Kansai,JP-KN,300.0,359.0,,10.0,,False,
2025-12-23T14:00:00.000Z,Japan,Kansai,JP-KN,299.0,355.0,,10.0,,False,
2025-12-23T15:00:00.000Z,Japan,Kansai,JP-KN,295.0,350.0,,8.0,,False,
2025-12-23T16:00:00.000Z,Japan,Kansai,JP-KN,298.0,355.0,,7.0,,False,
2025-12-23T17:00:00.000Z,Japan,Kansai,JP-KN,300.0,358.0,,7.0,,False,
2025-12-23T18:00:00.000Z,Japan,Kansai,JP-KN,292.0,349.0,,7.0,,False,
2025-12-23T19:00:00.000Z,Japan,Kansai,JP-KN,289.0,346.0,,7.0,,False,
2025-12-23T20:00:00.000Z,Japan,Kansai,JP-KN,288.0,346.0,,6.0,,False,
2025-12-23T21:00:00.000Z,Japan,Kansai,JP-KN,291.0,351.0,,8.0,,False,
2025-12-23T22:00:00.000Z,Japan,Kansai,JP-KN,290.0,352.0,,9.0,,False,
2025-12-23T23:00:00.000Z,Japan,Kansai,JP-KN,283.0,346.0,,13.0,,False,
2025-12-24T00:00:00.000Z,Japan,Kansai,JP-KN,280.0,344.0,,16.0,,False,
2025-12-24T01:00:00.000Z,Japan,Kansai,JP-KN,288.0,351.0,,15.0,,False,
2025-12-24T02:00:00.000Z,Japan,Kansai,JP-KN,293.0,357.0,,15.0,,False,
2025-12-24T03:00:00.000Z,Japan,Kansai,JP-KN,290.0,351.0,,15.0,,False,
2025-12-24T04:00:00.000Z,Japan,Kansai,JP-KN,292.0,353.0,,15.0,,False,
2025-12-24T05:00:00.000Z,Japan,Kansai,JP-KN,293.0,353.0,,15.0,,False,
2025-12-24T06:00:00.000Z,Japan,Kansai,JP-KN,293.0,352.0,,15.0,,False,
2025-12-24T07:00:00.000Z,Japan,Kansai,JP-KN,292.0,355.0,,13.0,,False,
2025-12-24T08:00:00.000Z,Japan,Kansai,JP-KN,291.0,352.0,,14.0,,False,
2025-12-24T09:00:00.000Z,Japan,Kansai,JP-KN,288.0,347.0,,14.0,,False,
2025-12-24T10:00:00.000Z,Japan,Kansai,JP-KN,286.0,344.0,,15.0,,False,
2025-12-24T11:00:00.000Z,Japan,Kansai,JP-KN,289.0,346.0,,14.0,,False,
2025-12-24T12:00:00.000Z,Japan,Kansai,JP-KN,289.0,345.0,,13.0,,False,
2025-12-24T13:00:00.000Z,Japan,Kansai,JP-KN,294.0,348.0,,12.0,,False,
2025-12-24T14:00:00.000Z,Japan,Kansai,JP-KN,291.0,343.0,,12.0,,False,
2025-12-24T15:00:00.000Z,Japan,Kansai,JP-KN,286.0,338.0,,10.0,,False,
2025-12-24T16:00:00.000Z,Japan,Kansai,JP-KN,291.0,343.0,,10.0,,False,
2025-12-24T17:00:00.000Z,Japan,Kansai,JP-KN,290.0,341.0,,10.0,,False,
2025-12-24T18:00:00.000Z,Japan,Kansai,JP-KN,288.0,341.0,,9.0,,False,
2025-12-24T19:00:00.000Z,Japan,Kansai,JP-KN,289.0,342.0,,10.0,,False,
2025-12-24T20:00:00.000Z,Japan,Kansai,JP-KN,289.0,341.0,,10.0,,False,
2025-12-24T21:00:00.000Z,Japan,Kansai,JP-KN,288.0,342.0,,10.0,,False,
2025-12-24T22:00:00.000Z,Japan,Kansai,JP-KN,295.0,353.0,,10.0,,False,
2025-12-24T23:00:00.000Z,Japan,Kansai,JP-KN,290.0,350.0,,13.0,,False,
2025-12-25T00:00:00.000Z,Japan,Kansai,JP-KN,287.0,350.0,,13.0,,False,
2025-12-25T01:00:00.000Z,Japan,Kansai,JP-KN,282.0,343.0,,14.0,,False,
2025-12-25T02:00:00.000Z,Japan,Kansai,JP-KN,284.0,344.0,,14.0,,False,
2025-12-25T03:00:00.000Z,Japan,Kansai,JP-KN,279.0,336.0,,15.0,,False,
2025-12-25T04:00:00.000Z,Japan,Kansai,JP-KN,282.0,341.0,,15.0,,False,
2025-12-25T05:00:00.000Z,Japan,Kansai,JP-KN,280.0,337.0,,17.0,,False,
2025-12-25T06:00:00.000Z,Japan,Kansai,JP-KN,287.0,345.0,,15.0,,False,
2025-12-25T07:00:00.000Z,Japan,Kansai,JP-KN,290.0,350.0,,13.0,,False,
2025-12-25T08:00:00.000Z,Japan,Kansai,JP-KN,281.0,339.0,,14.0,,False,
2025-12-25T09:00:00.000Z,Japan,Kansai,JP-KN,275.0,333.0,,15.0,,False,
2025-12-25T10:00:00.000Z,Japan,Kansai,JP-KN,271.0,326.0,,15.0,,False,
2025-12-25T11:00:00.000Z,Japan,Kansai,JP-KN,275.0,330.0,,14.0,,False,
2025-12-25T12:00:00.000Z,Japan,Kansai,JP-KN,277.0,333.0,,14.0,,False,
2025-12-25T13:00:00.000Z,Japan,Kansai,JP-KN,278.0,331.0,,14.0,,False,
2025-12-25T14:00:00.000Z,Japan,Kansai,JP-KN,277.0,329.0,,14.0,,False,
2025-12-25T15:00:00.000Z,Japan,Kansai,JP-KN,285.0,336.0,,12.0,,False,
2025-12-25T16:00:00.000Z,Japan,Kansai,JP-KN,279.0,331.0,,11.0,,False,
2025-12-25T17:00:00.000Z,Japan,Kansai,JP-KN,283.0,336.0,,11.0,,False,
2025-12-25T18:00:00.000Z,Japan,Kansai,JP-KN,279.0,331.0,,11.0,,False,
2025-12-25T19:00:00.000Z,Japan,Kansai,JP-KN,278.0,330.0,,11.0,,False,
2025-12-25T20:00:00.000Z,Japan,Kansai,JP-KN,275.0,329.0,,11.0,,False,
2025-12-25T21:00:00.000Z,Japan,Kansai,JP-KN,274.0,330.0,,11.0,,False,
2025-12-25T22:00:00.000Z,Japan,Kansai,JP-KN,272.0,330.0,,13.0,,False,
2025-12-25T23:00:00.000Z,Japan,Kansai,JP-KN,268.0,329.0,,16.0,,False,
2025-12-26T00:00:00.000Z,Japan,Kansai,JP-KN,258.0,318.0,,21.0,,False,
2025-12-26T01:00:00.000Z,Japan,Kansai,JP-KN,242.0,296.0,,25.0,,False,
2025-12-26T02:00:00.000Z,Japan,Kansai,JP-KN,241.0,294.0,,26.0,,False,
2025-12-26T03:00:00.000Z,Japan,Kansai,JP-KN,245.0,297.0,,24.0,,False,
2025-12-26T04:00:00.000Z,Japan,Kansai,JP-KN,245.0,297.0,,24.0,,False,
2025-12-26T05:00:00.000Z,Japan,Kansai,JP-KN,252.0,305.0,,22.0,,False,
2025-12-26T06:00:00.000Z,Japan,Kansai,JP-KN,276.0,335.0,,17.0,,False,
2025-12-26T07:00:00.000Z,Japan,Kansai,JP-KN,279.0,341.0,,13.0,,False,
2025-12-26T08:00:00.000Z,Japan,Kansai,JP-KN,277.0,342.0,,12.0,,False,
2025-12-26T09:00:00.000Z,Japan,Kansai,JP-KN,277.0,344.0,,12.0,,False,
2025-12-26T10:00:00.000Z,Japan,Kansai,JP-KN,277.0,342.0,,12.0,,False,
2025-12-26T11:00:00.000Z,Japan,Kansai,JP-KN,279.0,344.0,,11.0,,False,
2025-12-26T12:00:00.000Z,Japan,Kansai,JP-KN,286.0,351.0,,9.0,,False,
2025-12-26T13:00:00.000Z,Japan,Kansai,JP-KN,290.0,352.0,,10.0,,False,
2025-12-26T14:00:00.000Z,Japan,Kansai,JP-KN,292.0,353.0,,9.0,,False,
2025-12-26T15:00:00.000Z,Japan,Kansai,JP-KN,298.0,359.0,,7.0,,False,
2025-12-26T16:00:00.000Z,Japan,Kansai,JP-KN,293.0,351.0,,7.0,,False,
2025-12-26T17:00:00.000Z,Japan,Kansai,JP-KN,292.0,352.0,,7.0,,False,
2025-12-26T18:00:00.000Z,Japan,Kansai,JP-KN,289.0,348.0,,7.0,,False,
2025-12-26T19:00:00.000Z,Japan,Kansai,JP-KN,286.0,346.0,,7.0,,False,
2025-12-26T20:00:00.000Z,Japan,Kansai,JP-KN,286.0,345.0,,7.0,,False,
2025-12-26T21:00:00.000Z,Japan,Kansai,JP-KN,285.0,349.0,,6.0,,False,
2025-12-26T22:00:00.000Z,Japan,Kansai,JP-KN,277.0,342.0,,8.0,,False,
2025-12-26T23:00:00.000Z,Japan,Kansai,JP-KN,269.0,332.0,,13.0,,False,
2025-12-27T00:00:00.000Z,Japan,Kansai,JP-KN,243.0,301.0,,20.0,,False,
2025-12-27T01:00:00.000Z,Japan,Kansai,JP-KN,213.0,266.0,,27.0,,False,
2025-12-27T02:00:00.000Z,Japan,Kansai,JP-KN,195.0,246.0,,30.0,,False,
2025-12-27T03:00:00.000Z,Japan,Kansai,JP-KN,190.0,240.0,,29.0,,False,
2025-12-27T04:00:00.000Z,Japan,Kansai,JP-KN,203.0,252.0,,26.0,,False,
2025-12-27T05:00:00.000Z,Japan,Kansai,JP-KN,233.0,286.0,,20.0,,False,
2025-12-27T06:00:00.000Z,Japan,Kansai,JP-KN,255.0,311.0,,15.0,,False,
2025-12-27T07:00:00.000Z,Japan,Kansai,JP-KN,277.0,339.0,,10.0,,False,
2025-12-27T08:00:00.000Z,Japan,Kansai,JP-KN,280.0,347.0,,9.0,,False,
2025-12-27T09:00:00.000Z,Japan,Kansai,JP-KN,277.0,344.0,,10.0,,False,
2025-12-27T10:00:00.000Z,Japan,Kansai,JP-KN,278.0,344.0,,10.0,,False,
2025-12-27T11:00:00.000Z,Japan,Kansai,JP-KN,280.0,346.0,,9.0,,False,
2025-12-27T12:00:00.000Z,Japan,Kansai,JP-KN,283.0,348.0,,9.0,,False,
2025-12-27T13:00:00.000Z,Japan,Kansai,JP-KN,278.0,341.0,,8.0,,False,
2025-12-27T14:00:00.000Z,Japan,Kansai,JP-KN,280.0,340.0,,8.0,,False,
2025-12-27T15:00:00.000Z,Japan,Kansai,JP-KN,281.0,338.0,,7.0,,False,
2025-12-27T16:00:00.000Z,Japan,Kansai,JP-KN,278.0,335.0,,8.0,,False,
2025-12-27T17:00:00.000Z,Japan,Kansai,JP-KN,276.0,333.0,,7.0,,False,
2025-12-27T18:00:00.000Z,Japan,Kansai,JP-KN,274.0,332.0,,7.0,,False,
2025-12-27T19:00:00.000Z,Japan,Kansai,JP-KN,271.0,329.0,,7.0,,False,
2025-12-27T20:00:00.000Z,Japan,Kansai,JP-KN,269.0,326.0,,7.0,,False,
2025-12-27T21:00:00.000Z,Japan,Kansai,JP-KN,270.0,328.0,,7.0,,False,
2025-12-27T22:00:00.000Z,Japan,Kansai,JP-KN,264.0,323.0,,9.0,,False,
2025-12-27T23:00:00.000Z,Japan,Kansai,JP-KN,244.0,299.0,,16.0,,False,
2025-12-28T00:00:00.000Z,Japan,Kansai,JP-KN,210.0,260.0,,23.0,,False,
2025-12-28T01:00:00.000Z,Japan,Kansai,JP-KN,164.0,211.0,,30.0,,False,
2025-12-28T02:00:00.000Z,Japan,Kansai,JP-KN,131.0,176.0,,36.0,,False,
2025-12-28T03:00:00.000Z,Japan,Kansai,JP-KN,127.0,173.0,,36.0,,False,
2025-12-28T04:00:00.000Z,Japan,Kansai,JP-KN,136.0,183.0,,33.0,,False,
2025-12-28T05:00:00.000Z,Japan,Kansai,JP-KN,154.0,205.0,,26.0,,False,
2025-12-28T06:00:00.000Z,Japan,Kansai,JP-KN,191.0,245.0,,18.0,,False,
2025-12-28T07:00:00.000Z,Japan,Kansai,JP-KN,229.0,287.0,,13.0,,False,
2025-12-28T08:00:00.000Z,Japan,Kansai,JP-KN,248.0,311.0,,12.0,,False,
2025-12-28T09:00:00.000Z,Japan,Kansai,JP-KN,252.0,314.0,,13.0,,False,
2025-12-28T10:00:00.000Z,Japan,Kansai,JP-KN,258.0,321.0,,12.0,,False,
2025-12-28T11:00:00.000Z,Japan,Kansai,JP-KN,263.0,328.0,,10.0,,False,
2025-12-28T12:00:00.000Z,Japan,Kansai,JP-KN,267.0,333.0,,8.0,,False,
2025-12-28T13:00:00.000Z,Japan,Kansai,JP-KN,265.0,328.0,,8.0,,False,
2025-12-28T14:00:00.000Z,Japan,Kansai,JP-KN,267.0,328.0,,8.0,,False,
2025-12-28T15:00:00.000Z,Japan,Kansai,JP-KN,262.0,319.0,,8.0,,False,
2025-12-28T16:00:00.000Z,Japan,Kansai,JP-KN,259.0,314.0,,8.0,,False,
2025-12-28T17:00:00.000Z,Japan,Kansai,JP-KN,258.0,315.0,,7.0,,False,
2025-12-28T18:00:00.000Z,Japan,Kansai,JP-KN,254.0,311.0,,7.0,,False,
2025-12-28T19:00:00.000Z,Japan,Kansai,JP-KN,252.0,308.0,,7.0,,False,
2025-12-28T20:00:00.000Z,Japan,Kansai,JP-KN,254.0,311.0,,7.0,,False,
2025-12-28T21:00:00.000Z,Japan,Kansai,JP-KN,257.0,316.0,,7.0,,False,
2025-12-28T22:00:00.000Z,Japan,Kansai,JP-KN,256.0,319.0,,8.0,,False,
2025-12-28T23:00:00.000Z,Japan,Kansai,JP-KN,234.0,292.0,,16.0,,False,
2025-12-29T00:00:00.000Z,Japan,Kansai,JP-KN,189.0,239.0,,25.0,,False,
2025-12-29T01:00:00.000Z,Japan,Kansai,JP-KN,143.0,190.0,,32.0,,False,
2025-12-29T02:00:00.000Z,Japan,Kansai,JP-KN,123.0,171.0,,36.0,,False,
2025-12-29T03:00:00.000Z,Japan,Kansai,JP-KN,125.0,174.0,,35.0,,False,
2025-12-29T04:00:00.000Z,Japan,Kansai,JP-KN,127.0,175.0,,31.0,,False,
2025-12-29T05:00:00.000Z,Japan,Kansai,JP-KN,158.0,209.0,,24.0,,False,
2025-12-29T06:00:00.000Z,Japan,Kansai,JP-KN,198.0,253.0,,17.0,,False,
2025-12-29T07:00:00.000Z,Japan,Kansai,JP-KN,235.0,294.0,,12.0,,False,
2025-12-29T08:00:00.000Z,Japan,Kansai,JP-KN,251.0,312.0,,12.0,,False,
2025-12-29T09:00:00.000Z,Japan,Kansai,JP-KN,245.0,304.0,,14.0,,False,
2025-12-29T10:00:00.000Z,Japan,Kansai,JP-KN,244.0,304.0,,14.0,,False,
2025-12-29T11:00:00.000Z,Japan,Kansai,JP-KN,252.0,312.0,,12.0,,False,
2025-12-29T12:00:00.000Z,Japan,Kansai,JP-KN,254.0,313.0,,12.0,,False,
2025-12-29T13:00:00.000Z,Japan,Kansai,JP-KN,250.0,308.0,,10.0,,False,
2025-12-29T14:00:00.000Z,Japan,Kansai,JP-KN,236.0,293.0,,10.0,,False,
2025-12-29T15:00:00.000Z,Japan,Kansai,JP-KN,231.0,287.0,,8.0,,False,
2025-12-29T16:00:00.000Z,Japan,Kansai,JP-KN,236.0,293.0,,8.0,,False,
2025-12-29T17:00:00.000Z,Japan,Kansai,JP-KN,247.0,303.0,,8.0,,False,
2025-12-29T18:00:00.000Z,Japan,Kansai,JP-KN,243.0,299.0,,8.0,,False,
2025-12-29T19:00:00.000Z,Japan,Kansai,JP-KN,239.0,296.0,,8.0,,False,
2025-12-29T20:00:00.000Z,Japan,Kansai,JP-KN,240.0,296.0,,8.0,,False,
2025-12-29T21:00:00.000Z,Japan,Kansai,JP-KN,242.0,298.0,,9.0,,False,
2025-12-29T22:00:00.000Z,Japan,Kansai,JP-KN,241.0,298.0,,11.0,,False,
2025-12-29T23:00:00.000Z,Japan,Kansai,JP-KN,222.0,278.0,,16.0,,False,
2025-12-30T00:00:00.000Z,Japan,Kansai,JP-KN,189.0,241.0,,24.0,,False,
2025-12-30T01:00:00.000Z,Japan,Kansai,JP-KN,145.0,195.0,,31.0,,False,
2025-12-30T02:00:00.000Z,Japan,Kansai,JP-KN,126.0,175.0,,33.0,,False,
2025-12-30T03:00:00.000Z,Japan,Kansai,JP-KN,129.0,179.0,,32.0,,False,
2025-12-30T04:00:00.000Z,Japan,Kansai,JP-KN,136.0,186.0,,30.0,,False,
2025-12-30T05:00:00.000Z,Japan,Kansai,JP-KN,153.0,205.0,,26.0,,False,
2025-12-30T06:00:00.000Z,Japan,Kansai,JP-KN,187.0,242.0,,18.0,,False,
2025-12-30T07:00:00.000Z,Japan,Kansai,JP-KN,229.0,289.0,,12.0,,False,
2025-12-30T08:00:00.000Z,Japan,Kansai,JP-KN,245.0,304.0,,12.0,,False,
2025-12-30T09:00:00.000Z,Japan,Kansai,JP-KN,248.0,305.0,,14.0,,False,
2025-12-30T10:00:00.000Z,Japan,Kansai,JP-KN,251.0,308.0,,14.0,,False,
2025-12-30T11:00:00.000Z,Japan,Kansai,JP-KN,253.0,309.0,,13.0,,False,
2025-12-30T12:00:00.000Z,Japan,Kansai,JP-KN,251.0,307.0,,12.0,,False,
2025-12-30T13:00:00.000Z,Japan,Kansai,JP-KN,240.0,295.0,,11.0,,False,
2025-12-30T14:00:00.000Z,Japan,Kansai,JP-KN,230.0,283.0,,10.0,,False,
2025-12-30T15:00:00.000Z,Japan,Kansai,JP-KN,229.0,283.0,,10.0,,False,
2025-12-30T16:00:00.000Z,Japan,Kansai,JP-KN,236.0,289.0,,9.0,,False,
2025-12-30T17:00:00.000Z,Japan,Kansai,JP-KN,233.0,286.0,,9.0,,False,
2025-12-30T18:00:00.000Z,Japan,Kansai,JP-KN,236.0,291.0,,9.0,,False,
2025-12-30T19:00:00.000Z,Japan,Kansai,JP-KN,235.0,290.0,,9.0,,False,
2025-12-30T20:00:00.000Z,Japan,Kansai,JP-KN,237.0,292.0,,9.0,,False,
2025-12-30T21:00:00.000Z,Japan,Kansai,JP-KN,239.0,294.0,,9.0,,False,
2025-12-30T22:00:00.000Z,Japan,Kansai,JP-KN,231.0,285.0,,12.0,,False,
2025-12-30T23:00:00.000Z,Japan,Kansai,JP-KN,207.0,261.0,,17.0,,False,
2025-12-31T00:00:00.000Z,Japan,Kansai,JP-KN,174.0,226.0,,24.0,,False,
2025-12-31T01:00:00.000Z,Japan,Kansai,JP-KN,143.0,193.0,,32.0,,False,
2025-12-31T02:00:00.000Z,Japan,Kansai,JP-KN,128.0,178.0,,35.0,,False,
2025-12-31T03:00:00.000Z,Japan,Kansai,JP-KN,130.0,180.0,,32.0,,False,
2025-12-31T04:00:00.000Z,Japan,Kansai,JP-KN,146.0,196.0,,28.0,,False,
2025-12-31T05:00:00.000Z,Japan,Kansai,JP-KN,163.0,215.0,,24.0,,False,
2025-12-31T06:00:00.000Z,Japan,Kansai,JP-KN,194.0,247.0,,18.0,,False,
2025-12-31T07:00:00.000Z,Japan,Kansai,JP-KN,226.0,282.0,,13.0,,False,
2025-12-31T08:00:00.000Z,Japan,Kansai,JP-KN,238.0,296.0,,13.0,,False,
2025-12-31T09:00:00.000Z,Japan,Kansai,JP-KN,244.0,301.0,,14.0,,False,
2025-12-31T10:00:00.000Z,Japan,Kansai,JP-KN,242.0,297.0,,15.0,,False,
2025-12-31T11:00:00.000Z,Japan,Kansai,JP-KN,243.0,298.0,,14.0,,False,
2025-12-31T12:00:00.000Z,Japan,Kansai,JP-KN,249.0,304.0,,13.0,,False,
2025-12-31T13:00:00.000Z,Japan,Kansai,JP-KN,247.0,303.0,,12.0,,False,
2025-12-31T14:00:00.000Z,Japan,Kansai,JP-KN,251.0,309.0,,10.0,,False,
2025-12-31T15:00:00.000Z,Japan,Kansai,JP-KN,255.0,312.0,,10.0,,False,
2025-12-31T16:00:00.000Z,Japan,Kansai,JP-KN,255.0,310.0,,10.0,,False,
2025-12-31T17:00:00.000Z,Japan,Kansai,JP-KN,257.0,313.0,,9.0,,False,
2025-12-31T18:00:00.000Z,Japan,Kansai,JP-KN,254.0,310.0,,9.0,,False,
2025-12-31T19:00:00.000Z,Japan,Kansai,JP-KN,252.0,307.0,,9.0,,False,
2025-12-31T20:00:00.000Z,Japan,Kansai,JP-KN,247.0,301.0,,9.0,,False,
2025-12-31T21:00:00.000Z,Japan,Kansai,JP-KN,253.0,308.0,,8.0,,False,
2025-12-31T22:00:00.000Z,Japan,Kansai,JP-KN,249.0,305.0,,10.0,,False,
2025-12-31T23:00:00.000Z,Japan,Kansai,JP-KN,210.0,264.0,,18.0,,False,
