Datetime (UTC),Country,Zone name,Zone id,Carbon intensity gCO₂eq/kWh (direct),Carbon intensity gCO₂eq/kWh (Life cycle),Carbon-free energy percentage (CFE%),Renewable energy percentage (RE%),Data source,Data estimated,Data estimation method
2025-01-01T00:00:00.000Z,USA,Southwest Power Pool,US-CENT-SWPP,465.0,527.0,,32.0,,False,
2025-01-01T01:00:00.000Z,USA,Southwest Power Pool,US-CENT-SWPP,442.0,499.0,,36.0,,False,
2025-01-01T02:00:00.000Z,USA,Southwest Power Pool,US-CENT-SWPP,428.0,483.0,,38.0,,False,
2025-01-01T03:00:00.000Z,USA,Southwest Power Pool,US-CENT-SWPP,421.0,475.0,,39.0,,False,
2025-01-01T04:00:00.000Z,USA,Southwest Power Pool,US-CENT-SWPP,432.0,486.0,,38.0,,False,
2025-01-01T05:00:00.000Z,USA,Southwest Power Pool,US-CENT-SWPP,439.0,493.0,,37.0,,False,
2025-01-01T06:00:00.000Z,USA,Southwest Power Pool,US-CENT-SWPP,452.0,508.0,,35.0,,False,
2025-01-01T07:00:00.000Z,USA,Southwest Power Pool,US-CENT-SWPP,468.0,526.0,,32.0,,False,
2025-01-01T08:00:00.000Z,USA,Southwest Power Pool,US-CENT-SWPP,463.0,521.0,,33.0,,False,
2025-01-01T09:00:00.000Z,USA,Southwest Power Pool,US-CENT-SWPP,477.0,538.0,,30.0,,False,
2025-01-01T10:00:00.000Z,USA,Southwest Power Pool,US-CENT-SWPP,500.0,563.0,,27.0,,False,
2025-01-01T11:00:00.000Z,USA,Southwest Power Pool,US-CENT-SWPP,516.0,581.0,,25.0,,False,
2025-01-01T12:00:00.000Z,USA,Southwest Power Pool,US-CENT-SWPP,524.0,589.0,,24.0,,False,
2025-01-01T13:00:00.000Z,USA,Southwest Power Pool,US-CENT-SWPP,539.0,606.0,,22.0,,False,
2025-01-01T14:00:00.000Z,USA,Southwest Power Pool,US-CENT-SWPP,560.0,629.0,,20.0,,False,
2025-01-01T15:00:00.000Z,USA,Southwest Power Pool,US-CENT-SWPP,575.0,645.0,,18.0,,False,
2025-01-01T16:00:00.000Z,USA,Southwest Power Pool,US-CENT-SWPP,600.0,672.0,,15.0,,False,
2025-01-01T17:00:00.000Z,USA,Southwest Power Pool,US-CENT-SWPP,603.0,675.0,,15.0,,False,
2025-01-01T18:00:00.000Z,USA,Southwest Power Pool,US-CENT-SWPP,577.0,646.0,,19.0,,False,
2025-01-01T19:00:00.000Z,USA,Southwest Power Pool,US-CENT-SWPP,565.0,632.0,,21.0,,False,
2025-01-01T20:00:00.000Z,USA,Southwest Power Pool,US-CENT-SWPP,553.0,618.0,,23.0,,False,
2025-01-01T21:00:00.000Z,USA,Southwest Power Pool,US-CENT-SWPP,538.0,601.0,,25.0,,False,
2025-01-01T22:00:00.000Z,USA,Southwest Power Pool,US-CENT-SWPP,539.0,603.0,,25.0,,False,
2025-01-01T23:00:00.000Z,USA,Southwest Power Pool,US-CENT-SWPP,550.0,618.0,,22.0,,False,
2025-01-02T00:00:00.000Z,USA,Southwest Power Pool,US-CENT-SWPP,523.0,586.0,,27.0,,False,
2025-01-02T01:00:00.000Z,USA,Southwest Power Pool,US-CENT-SWPP,478.0,536.0,,33.0,,False,
2025-01-02T02:00:00.000Z,USA,Southwest Power Pool,US-CENT-SWPP,450.0,503.0,,38.0,,False,
2025-01-02T03:00:00.000Z,USA,Southwest Power Pool,US-CENT-SWPP,422.0,472.0,,42.0,,False,
2025-01-02T04:00:00.000Z,USA,Southwest Power Pool,US-CENT-SWPP,387.0,434.0,,46.0,,False,
2025-01-02T05:00:00.000Z,USA,Southwest Power Pool,US-CENT-SWPP,362.0,407.0,,48.0,,False,
2025-01-02T06:00:00.000Z,USA,Southwest Power Pool,US-CENT-SWPP,338.0,382.0,,51.0,,False,
2025-01-02T07:00:00.000Z,USA,Southwest Power Pool,US-CENT-SWPP,324.0,368.0,,52.0,,False,
2025-01-02T08:00:00.000Z,USA,Southwest Power Pool,US-CENT-SWPP,306.0,349.0,,54.0,,False,
2025-01-02T09:00:00.000Z,USA,Southwest Power Pool,US-CENT-SWPP,311.0,355.0,,53.0,,False,
2025-01-02T10:00:00.000Z,USA,Southwest Power Pool,US-CENT-SWPP,322.0,365.0,,52.0,,False,
2025-01-02T11:00:00.000Z,USA,Southwest Power Pool,US-CENT-SWPP,352.0,399.0,,49.0,,False,
2025-01-02T12:00:00.000Z,USA,Southwest Power Pool,US-CENT-SWPP,389.0,438.0,,45.0,,False,
2025-01-02T13:00:00.000Z,USA,Southwest Power Pool,US-CENT-SWPP,426.0,479.0,,40.0,,False,
2025-01-02T14:00:00.000Z,USA,Southwest Power Pool,US-CENT-SWPP,461.0,517.0,,36.0,,False,
2025-01-02T15:00:00.000Z,USA,Southwest Power Pool,US-CENT-SWPP,498.0,560.0,,30.0,,False,
2025-01-02T16:00:00.000Z,USA,Southwest Power Pool,US-CENT-SWPP,550.0,619.0,,22.0,,False,
2025-01-02T17:00:00.000Z,USA,Southwest Power Pool,US-CENT-SWPP,553.0,622.0,,22.0,,False,
2025-01-02T18:00:00.000Z,USA,Southwest Power Pool,US-CENT-SWPP,564.0,634.0,,20.0,,False,
2025-01-02T19:00:00.000Z,USA,Southwest Power Pool,US-CENT-SWPP,569.0,640.0,,19.0,,False,
2025-01-02T20:00:00.000Z,USA,Southwest Power Pool,US-CENT-SWPP,570.0,640.0,,20.0,,False,
2025-01-02T21:00:00.000Z,USA,Southwest Power Pool,US-CENT-SWPP,568.0,638.0,,20.0,,False,
2025-01-02T22:00:00.000Z,USA,Southwest Power Pool,US-CENT-SWPP,564.0,634.0,,20.0,,False,
2025-01-02T23:00:00.000Z,USA,Southwest Power Pool,US-CENT-SWPP,562.0,631.0,,21.0,,False,
2025-01-03T00:00:00.000Z,USA,Southwest Power Pool,US-CENT-SWPP,527.0,593.0,,26.0,,False,
2025-01-03T01:00:00.000Z,USA,Southwest Power Pool,US-CENT-SWPP,487.0,548.0,,31.0,,False,
2025-01-03T02:00:00.000Z,USA,Southwest Power Pool,US-CENT-SWPP,455.0,510.0,,36.0,,False,
2025-01-03T03:00:00.000Z,USA,Southwest Power Pool,US-CENT-SWPP,436.0,490.0,,39.0,,False,
2025-01-03T04:00:00.000Z,USA,Southwest Power Pool,US-CENT-SWPP,417.0,469.0,,41.0,,False,
2025-01-03T05:00:00.000Z,USA,Southwest Power Pool,US-CENT-SWPP,419.0,471.0,,40.0,,False,
2025-01-03T06:00:00.000Z,USA,Southwest Power Pool,US-CENT-SWPP,421.0,474.0,,39.0,,False,
2025-01-03T07:00:00.000Z,USA,Southwest Power Pool,US-CENT-SWPP,451.0,505.0,,36.0,,False,
2025-01-03T08:00:00.000Z,USA,Southwest Power Pool,US-CENT-SWPP,486.0,542.0,,32.0,,False,
2025-01-03T09:00:00.000Z,USA,Southwest Power Pool,US-CENT-SWPP,525.0,586.0,,27.0,,False,
2025-01-03T10:00:00.000Z,USA,Southwest Power Pool,US-CENT-SWPP,551.0,614.0,,24.0,,False,
2025-01-03T11:00:00.000Z,USA,Southwest Power Pool,US-CENT-SWPP,577.0,645.0,,20.0,,False,
2025-01-03T12:00:00.000Z,USA,Southwest Power Pool,US-CENT-SWPP,583.0,653.0,,19.0,,False,
2025-01-03T13:00:00.000Z,USA,Southwest Power Pool,US-CENT-SWPP,598.0,671.0,,16.0,,False,
2025-01-03T14:00:00.000Z,USA,Southwest Power Pool,US-CENT-SWPP,605.0,680.0,,14.0,,False,
2025-01-03T15:00:00.000Z,USA,Southwest Power Pool,US-CENT-SWPP,613.0,689.0,,13.0,,False,
2025-01-03T16:00:00.000Z,USA,Southwest Power Pool,US-CENT-SWPP,619.0,694.0,,13.0,,False,
2025-01-03T17:00:00.000Z,USA,Southwest Power Pool,US-CENT-SWPP,615.0,688.0,,14.0,,False,
2025-01-03T18:00:00.000Z,USA,Southwest Power Pool,US-CENT-SWPP,616.0,689.0,,14.0,,False,
2025-01-03T19:00:00.000Z,USA,Southwest Power Pool,US-CENT-SWPP,607.0,677.0,,17.0,,False,
2025-01-03T20:00:00.000Z,USA,Southwest Power Pool,US-CENT-SWPP,590.0,656.0,,20.0,,False,
2025-01-03T21:00:00.000Z,USA,Southwest Power Pool,US-CENT-SWPP,574.0,638.0,,23.0,,False,
2025-01-03T22:00:00.000Z,USA,Southwest Power Pool,US-CENT-SWPP,558.0,620.0,,25.0,,False,
2025-01-03T23:00:00.000Z,USA,Southwest Power Pool,US-CENT-SWPP,555.0,618.0,,25.0,,False,
2025-01-04T00:00:00.000Z,USA,Southwest Power Pool,US-CENT-SWPP,515.0,572.0,,31.0,,False,
2025-01-04T01:00:00.000Z,USA,Southwest Power Pool,US-CENT-SWPP,478.0,529.0,,38.0,,False,
2025-01-04T02:00:00.000Z,USA,Southwest Power Pool,US-CENT-SWPP,461.0,509.0,,40.0,,False,
2025-01-04T03:00:00.000Z,USA,Southwest Power Pool,US-CENT-SWPP,450.0,497.0,,42.0,,False,
2025-01-04T04:00:00.000Z,USA,Southwest Power Pool,US-CENT-SWPP,451.0,498.0,,42.0,,False,
2025-01-04T05:00:00.000Z,USA,Southwest Power Pool,US-CENT-SWPP,449.0,496.0,,41.0,,False,
2025-01-04T06:00:00.000Z,USA,Southwest Power Pool,US-CENT-SWPP,461.0,510.0,,40.0,,False,
2025-01-04T07:00:00.000Z,USA,Southwest Power Pool,US-CENT-SWPP,477.0,525.0,,39.0,,False,
2025-01-04T08:00:00.000Z,USA,Southwest Power Pool,US-CENT-SWPP,469.0,517.0,,40.0,,False,
2025-01-04T09:00:00.000Z,USA,Southwest Power Pool,US-CENT-SWPP,481.0,529.0,,38.0,,False,
2025-01-04T10:00:00.000Z,USA,Southwest Power Pool,US-CENT-SWPP,491.0,541.0,,37.0,,False,
2025-01-04T11:00:00.000Z,USA,Southwest Power Pool,US-CENT-SWPP,495.0,545.0,,37.0,,False,
2025-01-04T12:00:00.000Z,USA,Southwest Power Pool,US-CENT-SWPP,487.0,537.0,,38.0,,False,
2025-01-04T13:00:00.000Z,USA,Southwest Power Pool,US-CENT-SWPP,482.0,532.0,,38.0,,False,
2025-01-04T14:00:00.000Z,USA,Southwest Power Pool,US-CENT-SWPP,474.0,523.0,,39.0,,False,
2025-01-04T15:00:00.000Z,USA,Southwest Power Pool,US-CENT-SWPP,480.0,530.0,,38.0,,False,
2025-01-04T16:00:00.000Z,USA,Southwest Power Pool,US-CENT-SWPP,486.0,535.0,,38.0,,False,
2025-01-04T17:00:00.000Z,USA,Southwest Power Pool,US-CENT-SWPP,491.0,541.0,,38.0,,False,
2025-01-04T18:00:00.000Z,USA,Southwest Power Pool,US-CENT-SWPP,499.0,549.0,,37.0,,False,
2025-01-04T19:00:00.000Z,USA,Southwest Power Pool,US-CENT-SWPP,508.0,559.0,,36.0,,False,
2025-01-04T20:00:00.000Z,USA,Southwest Power Pool,US-CENT-SWPP,504.0,554.0,,36.0,,False,
2025-01-04T21:00:00.000Z,USA,Southwest Power Pool,US-CENT-SWPP,499.0,549.0,,37.0,,False,
2025-01-04T22:00:00.000Z,USA,Southwest Power Pool,US-CENT-SWPP,495.0,544.0,,38.0,,False,
2025-01-04T23:00:00.000Z,USA,Southwest Power Pool,US-CENT-SWPP,480.0,528.0,,39.0,,False,
2025-01-05T00:00:00.000Z,USA,Southwest Power Pool,US-CENT-SWPP,478.0,526.0,,40.0,,False,
2025-01-05T01:00:00.000Z,USA,Southwest Power Pool,US-CENT-SWPP,477.0,525.0,,40.0,,False,
2025-01-05T02:00:00.000Z,USA,Southwest Power Pool,US-CENT-SWPP,476.0,524.0,,39.0,,False,
2025-01-05T03:00:00.000Z,USA,Southwest Power Pool,US-CENT-SWPP,452.0,498.0,,42.0,,False,
2025-01-05T04:00:00.000Z,USA,Southwest Power Pool,US-CENT-SWPP,437.0,481.0,,45.0,,False,
2025-01-05T05:00:00.000Z,USA,Southwest Power Pool,US-CENT-SWPP,432.0,475.0,,45.0,,False,
2025-01-05T06:00:00.000Z,USA,Southwest Power Pool,US-CENT-SWPP,420.0,462.0,,46.0,,False,
2025-01-05T07:00:00.000Z,USA,Southwest Power Pool,US-CENT-SWPP,415.0,458.0,,46.0,,False,
2025-01-05T08:00:00.000Z,USA,Southwest Power Pool,US-CENT-SWPP,415.0,458.0,,46.0,,False,
2025-01-05T09:00:00.000Z,USA,Southwest Power Pool,US-CENT-SWPP,411.0,454.0,,46.0,,False,
2025-01-05T10:00:00.000Z,USA,Southwest Power Pool,US-CENT-SWPP,413.0,458.0,,45.0,,False,
2025-01-05T11:00:00.000Z,USA,Southwest Power Pool,US-CENT-SWPP,418.0,465.0,,44.0,,False,
2025-01-05T12:00:00.000Z,USA,Southwest Power Pool,US-CENT-SWPP,428.0,477.0,,42.0,,False,
2025-01-05T13:00:00.000Z,USA,Southwest Power Pool,US-CENT-SWPP,440.0,491.0,,40.0,,False,
2025-01-05T14:00:00.000Z,USA,Southwest Power Pool,US-CENT-SWPP,433.0,485.0,,40.0,,False,
2025-01-05T15:00:00.000Z,USA,Southwest Power Pool,US-CENT-SWPP,432.0,484.0,,40.0,,False,
2025-01-05T16:00:00.000Z,USA,Southwest Power Pool,US-CENT-SWPP,424.0,475.0,,41.0,,False,
2025-01-05T17:00:00.000Z,USA,Southwest Power Pool,US-CENT-SWPP,424.0,476.0,,41.0,,False,
2025-01-05T18:00:00.000Z,USA,Southwest Power Pool,US-CENT-SWPP,421.0,473.0,,41.0,,False,
2025-01-05T19:00:00.000Z,USA,Southwest Power Pool,US-CENT-SWPP,418.0,470.0,,42.0,,False,
2025-01-05T20:00:00.000Z,USA,Southwest Power Pool,US-CENT-SWPP,417.0,469.0,,42.0,,False,
2025-01-05T21:00:00.000Z,USA,Southwest Power Pool,US-CENT-SWPP,417.0,468.0,,42.0,,False,
2025-01-05T22:00:00.000Z,USA,Southwest Power Pool,US-CENT-SWPP,418.0,471.0,,41.0,,False,
2025-01-05T23:00:00.000Z,USA,Southwest Power Pool,US-CENT-SWPP,439.0,493.0,,39.0,,False,
2025-01-06T00:00:00.000Z,USA,Southwest Power Pool,US-CENT-SWPP,443.0,497.0,,38.0,,False,
2025-01-06T01:00:00.000Z,USA,Southwest Power Pool,US-CENT-SWPP,449.0,504.0,,37.0,,False,
2025-01-06T02:00:00.000Z,USA,Southwest Power Pool,US-CENT-SWPP,457.0,513.0,,36.0,,False,
2025-01-06T03:00:00.000Z,USA,Southwest Power Pool,US-CENT-SWPP,456.0,511.0,,37.0,,False,
2025-01-06T04:00:00.000Z,USA,Southwest Power Pool,US-CENT-SWPP,463.0,519.0,,36.0,,False,
2025-01-06T05:00:00.000Z,USA,Southwest Power Pool,US-CENT-SWPP,461.0,517.0,,36.0,,False,
2025-01-06T06:00:00.000Z,USA,Southwest Power Pool,US-CENT-SWPP,457.0,513.0,,36.0,,False,
2025-01-06T07:00:00.000Z,USA,Southwest Power Pool,US-CENT-SWPP,463.0,519.0,,35.0,,False,
2025-01-06T08:00:00.000Z,USA,Southwest Power Pool,US-CENT-SWPP,473.0,531.0,,34.0,,False,
2025-01-06T09:00:00.000Z,USA,Southwest Power Pool,US-CENT-SWPP,490.0,548.0,,32.0,,False,
2025-01-06T10:00:00.000Z,USA,Southwest Power Pool,US-CENT-SWPP,506.0,566.0,,30.0,,False,
2025-01-06T11:00:00.000Z,USA,Southwest Power Pool,US-CENT-SWPP,513.0,576.0,,28.0,,False,
2025-01-06T12:00:00.000Z,USA,Southwest Power Pool,US-CENT-SWPP,534.0,600.0,,25.0,,False,
2025-01-06T13:00:00.000Z,USA,Southwest Power Pool,US-CENT-SWPP,559.0,627.0,,22.0,,False,
2025-01-06T14:00:00.000Z,USA,Southwest Power Pool,US-CENT-SWPP,573.0,643.0,,20.0,,False,
2025-01-06T15:00:00.000Z,USA,Southwest Power Pool,US-CENT-SWPP,597.0,668.0,,17.0,,False,
2025-01-06T16:00:00.000Z,USA,Southwest Power Pool,US-CENT-SWPP,622.0,697.0,,13.0,,False,
2025-01-06T17:00:00.000Z,USA,Southwest Power Pool,US-CENT-SWPP,636.0,713.0,,12.0,,False,
2025-01-06T18:00:00.000Z,USA,Southwest Power Pool,US-CENT-SWPP,645.0,720.0,,11.0,,False,
2025-01-06T19:00:00.000Z,USA,Southwest Power Pool,US-CENT-SWPP,645.0,719.0,,12.0,,False,
2025-01-06T20:00:00.000Z,USA,Southwest Power Pool,US-CENT-SWPP,647.0,722.0,,12.0,,False,
2025-01-06T21:00:00.000Z,USA,Southwest Power Pool,US-CENT-SWPP,650.0,724.0,,12.0,,False,
2025-01-06T22:00:00.000Z,USA,Southwest Power Pool,US-CENT-SWPP,648.0,723.0,,12.0,,False,
2025-01-06T23:00:00.000Z,USA,Southwest Power Pool,US-CENT-SWPP,642.0,717.0,,12.0,,False,
2025-01-07T00:00:00.000Z,USA,Southwest Power Pool,US-CENT-SWPP,632.0,706.0,,14.0,,False,
2025-01-07T01:00:00.000Z,USA,Southwest Power Pool,US-CENT-SWPP,624.0,696.0,,15.0,,False,
2025-01-07T02:00:00.000Z,USA,Southwest Power Pool,US-CENT-SWPP,619.0,690.0,,16.0,,False,
2025-01-07T03:00:00.000Z,USA,Southwest Power Pool,US-CENT-SWPP,619.0,689.0,,17.0,,False,
2025-01-07T04:00:00.000Z,USA,Southwest Power Pool,US-CENT-SWPP,630.0,700.0,,16.0,,False,
2025-01-07T05:00:00.000Z,USA,Southwest Power Pool,US-CENT-SWPP,639.0,709.0,,15.0,,False,
2025-01-07T06:00:00.000Z,USA,Southwest Power Pool,US-CENT-SWPP,648.0,719.0,,14.0,,False,
2025-01-07T07:00:00.000Z,USA,Southwest Power Pool,US-CENT-SWPP,650.0,722.0,,13.0,,False,
2025-01-07T08:00:00.000Z,USA,Southwest Power Pool,US-CENT-SWPP,653.0,725.0,,13.0,,False,
2025-01-07T09:00:00.000Z,USA,Southwest Power Pool,US-CENT-SWPP,650.0,721.0,,13.0,,False,
2025-01-07T10:00:00.000Z,USA,Southwest Power Pool,US-CENT-SWPP,648.0,720.0,,13.0,,False,
2025-01-07T11:00:00.000Z,USA,Southwest Power Pool,US-CENT-SWPP,642.0,715.0,,13.0,,False,
2025-01-07T12:00:00.000Z,USA,Southwest Power Pool,US-CENT-SWPP,622.0,694.0,,16.0,,False,
2025-01-07T13:00:00.000Z,USA,Southwest Power Pool,US-CENT-SWPP,611.0,683.0,,16.0,,False,
2025-01-07T14:00:00.000Z,USA,Southwest Power Pool,US-CENT-SWPP,615.0,688.0,,16.0,,False,
2025-01-07T15:00:00.000Z,USA,Southwest Power Pool,US-CENT-SWPP,624.0,697.0,,15.0,,False,
2025-01-07T16:00:00.000Z,USA,Southwest Power Pool,US-CENT-SWPP,628.0,701.0,,15.0,,False,
2025-01-07T17:00:00.000Z,USA,Southwest Power Pool,US-CENT-SWPP,623.0,694.0,,17.0,,False,
2025-01-07T18:00:00.000Z,USA,Southwest Power Pool,US-CENT-SWPP,615.0,681.0,,19.0,,False,
2025-01-07T19:00:00.000Z,USA,Southwest Power Pool,US-CENT-SWPP,601.0,665.0,,22.0,,False,
2025-01-07T20:00:00.000Z,USA,Southwest Power Pool,US-CENT-SWPP,575.0,636.0,,25.0,,False,
2025-01-07T21:00:00.000Z,USA,Southwest Power Pool,US-CENT-SWPP,554.0,613.0,,28.0,,False,
2025-01-07T22:00:00.000Z,USA,Southwest Power Pool,US-CENT-SWPP,546.0,604.0,,29.0,,False,
2025-01-07T23:00:00.000Z,USA,Southwest Power Pool,US-CENT-SWPP,550.0,611.0,,27.0,,False,
2025-01-08T00:00:00.000Z,USA,Southwest Power Pool,US-CENT-SWPP,539.0,599.0,,29.0,,False,
2025-01-08T01:00:00.000Z,USA,Southwest Power Pool,US-CENT-SWPP,520.0,578.0,,31.0,,False,
2025-01-08T02:00:00.000Z,USA,Southwest Power Pool,US-CENT-SWPP,520.0,579.0,,31.0,,False,
2025-01-08T03:00:00.000Z,USA,Southwest Power Pool,US-CENT-SWPP,526.0,585.0,,30.0,,False,
2025-01-08T04:00:00.000Z,USA,Southwest Power Pool,US-CENT-SWPP,538.0,598.0,,28.0,,False,
2025-01-08T05:00:00.000Z,USA,Southwest Power Pool,US-CENT-SWPP,552.0,613.0,,27.0,,False,
2025-01-08T06:00:00.000Z,USA,Southwest Power Pool,US-CENT-SWPP,557.0,619.0,,26.0,,False,
2025-01-08T07:00:00.000Z,USA,Southwest Power Pool,US-CENT-SWPP,570.0,633.0,,25.0,,False,
2025-01-08T08:00:00.000Z,USA,Southwest Power Pool,US-CENT-SWPP,585.0,649.0,,23.0,,False,
2025-01-08T09:00:00.000Z,USA,Southwest Power Pool,US-CENT-SWPP,593.0,660.0,,21.0,,False,
2025-01-08T10:00:00.000Z,USA,Southwest Power Pool,US-CENT-SWPP,595.0,662.0,,21.0,,False,
2025-01-08T11:00:00.000Z,USA,Southwest Power Pool,US-CENT-SWPP,604.0,674.0,,18.0,,False,
2025-01-08T12:00:00.000Z,USA,Southwest Power Pool,US-CENT-SWPP,596.0,667.0,,19.0,,False,
2025-01-08T13:00:00.000Z,USA,Southwest Power Pool,US-CENT-SWPP,600.0,672.0,,18.0,,False,
2025-01-08T14:00:00.000Z,USA,Southwest Power Pool,US-CENT-SWPP,593.0,664.0,,19.0,,False,
2025-01-08T15:00:00.000Z,USA,Southwest Power Pool,US-CENT-SWPP,591.0,661.0,,19.0,,False,
2025-01-08T16:00:00.000Z,USA,Southwest Power Pool,US-CENT-SWPP,601.0,673.0,,17.0,,False,
2025-01-08T17:00:00.000Z,USA,Southwest Power Pool,US-CENT-SWPP,604.0,675.0,,17.0,,False,
2025-01-08T18:00:00.000Z,USA,Southwest Power Pool,US-CENT-SWPP,595.0,664.0,,19.0,,False,
2025-01-08T19:00:00.000Z,USA,Southwest Power Pool,US-CENT-SWPP,582.0,648.0,,22.0,,False,
2025-01-08T20:00:00.000Z,USA,Southwest Power Pool,US-CENT-SWPP,578.0,642.0,,23.0,,False,
2025-01-08T21:00:00.000Z,USA,Southwest Power Pool,US-CENT-SWPP,560.0,621.0,,26.0,,False,
2025-01-08T22:00:00.000Z,USA,Southwest Power Pool,US-CENT-SWPP,527.0,587.0,,29.0,,False,
2025-01-08T23:00:00.000Z,USA,Southwest Power Pool,US-CENT-SWPP,490.0,549.0,,33.0,,False,
2025-01-09T00:00:00.000Z,USA,Southwest Power Pool,US-CENT-SWPP,434.0,486.0,,41.0,,False,
2025-01-09T01:00:00.000Z,USA,Southwest Power Pool,US-CENT-SWPP,402.0,451.0,,44.0,,False,
2025-01-09T02:00:00.000Z,USA,Southwest Power Pool,US-CENT-SWPP,383.0,432.0,,46.0,,False,
2025-01-09T03:00:00.000Z,USA,Southwest Power Pool,US-CENT-SWPP,389.0,438.0,,45.0,,False,
2025-01-09T04:00:00.000Z,USA,Southwest Power Pool,US-CENT-SWPP,388.0,436.0,,46.0,,False,
2025-01-09T05:00:00.000Z,USA,Southwest Power Pool,US-CENT-SWPP,391.0,438.0,,46.0,,False,
2025-01-09T06:00:00.000Z,USA,Southwest Power Pool,US-CENT-SWPP,378.0,425.0,,47.0,,False,
2025-01-09T07:00:00.000Z,USA,Southwest Power Pool,US-CENT-SWPP,375.0,422.0,,47.0,,False,
2025-01-09T08:00:00.000Z,USA,Southwest Power Pool,US-CENT-SWPP,379.0,426.0,,47.0,,False,
2025-01-09T09:00:00.000Z,USA,Southwest Power Pool,US-CENT-SWPP,388.0,437.0,,45.0,,False,
2025-01-09T10:00:00.000Z,USA,Southwest Power Pool,US-CENT-SWPP,393.0,443.0,,44.0,,False,
2025-01-09T11:00:00.000Z,USA,Southwest Power Pool,US-CENT-SWPP,413.0,463.0,,43.0,,False,
2025-01-09T12:00:00.000Z,USA,Southwest Power Pool,US-CENT-SWPP,419.0,471.0,,42.0,,False,
2025-01-09T13:00:00.000Z,USA,Southwest Power Pool,US-CENT-SWPP,404.0,454.0,,44.0,,False,
2025-01-09T14:00:00.000Z,USA,Southwest Power Pool,US-CENT-SWPP,398.0,448.0,,45.0,,False,
2025-01-09T15:00:00.000Z,USA,Southwest Power Pool,US-CENT-SWPP,413.0,463.0,,43.0,,False,
2025-01-09T16:00:00.000Z,USA,Southwest Power Pool,US-CENT-SWPP,437.0,488.0,,41.0,,False,
2025-01-09T17:00:00.000Z,USA,Southwest Power Pool,US-CENT-SWPP,459.0,511.0,,39.0,,False,
2025-01-09T18:00:00.000Z,USA,Southwest Power Pool,US-CENT-SWPP,463.0,516.0,,39.0,,False,
2025-01-09T19:00:00.000Z,USA,Southwest Power Pool,US-CENT-SWPP,474.0,528.0,,37.0,,False,
2025-01-09T20:00:00.000Z,USA,Southwest Power Pool,US-CENT-SWPP,493.0,549.0,,34.0,,False,
2025-01-09T21:00:00.000Z,USA,Southwest Power Pool,US-CENT-SWPP,501.0,557.0,,33.0,,False,
2025-01-09T22:00:00.000Z,USA,Southwest Power Pool,US-CENT-SWPP,490.0,547.0,,34.0,,False,
2025-01-09T23:00:00.000Z,USA,Southwest Power Pool,US-CENT-SWPP,470.0,527.0,,36.0,,False,
2025-01-10T00:00:00.000Z,USA,Southwest Power Pool,US-CENT-SWPP,458.0,514.0,,37.0,,False,
2025-01-10T01:00:00.000Z,USA,Southwest Power Pool,US-CENT-SWPP,456.0,511.0,,37.0,,False,
2025-01-10T02:00:00.000Z,USA,Southwest Power Pool,US-CENT-SWPP,447.0,501.0,,39.0,,False,
2025-01-10T03:00:00.000Z,USA,Southwest Power Pool,US-CENT-SWPP,431.0,483.0,,41.0,,False,
2025-01-10T04:00:00.000Z,USA,Southwest Power Pool,US-CENT-SWPP,431.0,481.0,,42.0,,False,
2025-01-10T05:00:00.000Z,USA,Southwest Power Pool,US-CENT-SWPP,419.0,466.0,,44.0,,False,
2025-01-10T06:00:00.000Z,USA,Southwest Power Pool,US-CENT-SWPP,407.0,453.0,,46.0,,False,
2025-01-10T07:00:00.000Z,USA,Southwest Power Pool,US-CENT-SWPP,381.0,426.0,,48.0,,False,
2025-01-10T08:00:00.000Z,USA,Southwest Power Pool,US-CENT-SWPP,357.0,401.0,,50.0,,False,
2025-01-10T09:00:00.000Z,USA,Southwest Power Pool,US-CENT-SWPP,343.0,386.0,,52.0,,False,
2025-01-10T10:00:00.000Z,USA,Southwest Power Pool,US-CENT-SWPP,342.0,386.0,,51.0,,False,
2025-01-10T11:00:00.000Z,USA,Southwest Power Pool,US-CENT-SWPP,342.0,387.0,,51.0,,False,
2025-01-10T12:00:00.000Z,USA,Southwest Power Pool,US-CENT-SWPP,334.0,379.0,,52.0,,False,
2025-01-10T13:00:00.000Z,USA,Southwest Power Pool,US-CENT-SWPP,328.0,372.0,,53.0,,False,
2025-01-10T14:00:00.000Z,USA,Southwest Power Pool,US-CENT-SWPP,327.0,372.0,,53.0,,False,
2025-01-10T15:00:00.000Z,USA,Southwest Power Pool,US-CENT-SWPP,339.0,385.0,,51.0,,False,
2025-01-10T16:00:00.000Z,USA,Southwest Power Pool,US-CENT-SWPP,380.0,429.0,,46.0,,False,
2025-01-10T17:00:00.000Z,USA,Southwest Power Pool,US-CENT-SWPP,430.0,483.0,,40.0,,False,
2025-01-10T18:00:00.000Z,USA,Southwest Power Pool,US-CENT-SWPP,467.0,521.0,,37.0,,False,
2025-01-10T19:00:00.000Z,USA,Southwest Power Pool,US-CENT-SWPP,471.0,525.0,,37.0,,False,
2025-01-10T20:00:00.000Z,USA,Southwest Power Pool,US-CENT-SWPP,471.0,525.0,,36.0,,False,
2025-01-10T21:00:00.000Z,USA,Southwest Power Pool,US-CENT-SWPP,485.0,541.0,,35.0,,False,
2025-01-10T22:00:00.000Z,USA,Southwest Power Pool,US-CENT-SWPP,517.0,577.0,,30.0,,False,
2025-01-10T23:00:00.000Z,USA,Southwest Power Pool,US-CENT-SWPP,550.0,614.0,,25.0,,False,
2025-01-11T00:00:00.000Z,USA,Southwest Power Pool,US-CENT-SWPP,539.0,602.0,,27.0,,False,
2025-01-11T01:00:00.000Z,USA,Southwest Power Pool,US-CENT-SWPP,505.0,563.0,,32.0,,False,
2025-01-11T02:00:00.000Z,USA,Southwest Power Pool,US-CENT-SWPP,461.0,515.0,,38.0,,False,
2025-01-11T03:00:00.000Z,USA,Southwest Power Pool,US-CENT-SWPP,424.0,475.0,,42.0,,False,
2025-01-11T04:00:00.000Z,USA,Southwest Power Pool,US-CENT-SWPP,410.0,459.0,,44.0,,False,
2025-01-11T05:00:00.000Z,USA,Southwest Power Pool,US-CENT-SWPP,381.0,429.0,,47.0,,False,
2025-01-11T06:00:00.000Z,USA,Southwest Power Pool,US-CENT-SWPP,361.0,407.0,,49.0,,False,
2025-01-11T07:00:00.000Z,USA,Southwest Power Pool,US-CENT-SWPP,342.0,385.0,,52.0,,False,
2025-01-11T08:00:00.000Z,USA,Southwest Power Pool,US-CENT-SWPP,333.0,375.0,,53.0,,False,
2025-01-11T09:00:00.000Z,USA,Southwest Power Pool,US-CENT-SWPP,345.0,388.0,,52.0,,False,
2025-01-11T10:00:00.000Z,USA,Southwest Power Pool,US-CENT-SWPP,355.0,399.0,,51.0,,False,
2025-01-11T11:00:00.000Z,USA,Southwest Power Pool,US-CENT-SWPP,361.0,405.0,,50.0,,False,
2025-01-11T12:00:00.000Z,USA,Southwest Power Pool,US-CENT-SWPP,360.0,405.0,,50.0,,False,
2025-01-11T13:00:00.000Z,USA,Southwest Power Pool,US-CENT-SWPP,358.0,403.0,,50.0,,False,
2025-01-11T14:00:00.000Z,USA,Southwest Power Pool,US-CENT-SWPP,348.0,393.0,,51.0,,False,
2025-01-11T15:00:00.000Z,USA,Southwest Power Pool,US-CENT-SWPP,340.0,384.0,,52.0,,False,
2025-01-11T16:00:00.000Z,USA,Southwest Power Pool,US-CENT-SWPP,369.0,414.0,,49.0,,False,
2025-01-11T17:00:00.000Z,USA,Southwest Power Pool,US-CENT-SWPP,394.0,438.0,,48.0,,False,
2025-01-11T18:00:00.000Z,USA,Southwest Power Pool,US-CENT-SWPP,386.0,430.0,,48.0,,False,
2025-01-11T19:00:00.000Z,USA,Southwest Power Pool,US-CENT-SWPP,382.0,426.0,,48.0,,False,
2025-01-11T20:00:00.000Z,USA,Southwest Power Pool,US-CENT-SWPP,383.0,428.0,,48.0,,False,
2025-01-11T21:00:00.000Z,USA,Southwest Power Pool,US-CENT-SWPP,410.0,455.0,,45.0,,False,
2025-01-11T22:00:00.000Z,USA,Southwest Power Pool,US-CENT-SWPP,426.0,473.0,,44.0,,False,
2025-01-11T23:00:00.000Z,USA,Southwest Power Pool,US-CENT-SWPP,457.0,507.0,,40.0,,False,
2025-01-12T00:00:00.000Z,USA,Southwest Power Pool,US-CENT-SWPP,469.0,518.0,,40.0,,False,
2025-01-12T01:00:00.000Z,USA,Southwest Power Pool,US-CENT-SWPP,445.0,492.0,,43.0,,False,
2025-01-12T02:00:00.000Z,USA,Southwest Power Pool,US-CENT-SWPP,432.0,479.0,,44.0,,False,
2025-01-12T03:00:00.000Z,USA,Southwest Power Pool,US-CENT-SWPP,436.0,483.0,,43.0,,False,
2025-01-12T04:00:00.000Z,USA,Southwest Power Pool,US-CENT-SWPP,426.0,471.0,,45.0,,False,
2025-01-12T05:00:00.000Z,USA,Southwest Power Pool,US-CENT-SWPP,393.0,436.0,,48.0,,False,
2025-01-12T06:00:00.000Z,USA,Southwest Power Pool,US-CENT-SWPP,368.0,411.0,,50.0,,False,
2025-01-12T07:00:00.000Z,USA,Southwest Power Pool,US-CENT-SWPP,356.0,397.0,,51.0,,False,
2025-01-12T08:00:00.000Z,USA,Southwest Power Pool,US-CENT-SWPP,346.0,387.0,,52.0,,False,
2025-01-12T09:00:00.000Z,USA,Southwest Power Pool,US-CENT-SWPP,348.0,389.0,,52.0,,False,
2025-01-12T10:00:00.000Z,USA,Southwest Power Pool,US-CENT-SWPP,347.0,389.0,,52.0,,False,
2025-01-12T11:00:00.000Z,USA,Southwest Power Pool,US-CENT-SWPP,341.0,382.0,,52.0,,False,
2025-01-12T12:00:00.000Z,USA,Southwest Power Pool,US-CENT-SWPP,339.0,381.0,,52.0,,False,
2025-01-12T13:00:00.000Z,USA,Southwest Power Pool,US-CENT-SWPP,339.0,382.0,,52.0,,False,
2025-01-12T14:00:00.000Z,USA,Southwest Power Pool,US-CENT-SWPP,346.0,389.0,,52.0,,False,
2025-01-12T15:00:00.000Z,USA,Southwest Power Pool,US-CENT-SWPP,348.0,391.0,,51.0,,False,
2025-01-12T16:00:00.000Z,USA,Southwest Power Pool,US-CENT-SWPP,339.0,381.0,,53.0,,False,
2025-01-12T17:00:00.000Z,USA,Southwest Power Pool,US-CENT-SWPP,338.0,379.0,,53.0,,False,
2025-01-12T18:00:00.000Z,USA,Southwest Power Pool,US-CENT-SWPP,333.0,375.0,,53.0,,False,
2025-01-12T19:00:00.000Z,USA,Southwest Power Pool,US-CENT-SWPP,323.0,365.0,,54.0,,False,
2025-01-12T20:00:00.000Z,USA,Southwest Power Pool,US-CENT-SWPP,322.0,363.0,,54.0,,False,
2025-01-12T21:00:00.000Z,USA,Southwest Power Pool,US-CENT-SWPP,319.0,361.0,,54.0,,False,
2025-01-12T22:00:00.000Z,USA,Southwest Power Pool,US-CENT-SWPP,355.0,401.0,,49.0,,False,
2025-01-12T23:00:00.000Z,USA,Southwest Power Pool,US-CENT-SWPP,419.0,471.0,,41.0,,False,
2025-01-13T00:00:00.000Z,USA,Southwest Power Pool,US-CENT-SWPP,459.0,512.0,,37.0,,False,
2025-01-13T01:00:00.000Z,USA,Southwest Power Pool,US-CENT-SWPP,483.0,538.0,,35.0,,False,
2025-01-13T02:00:00.000Z,USA,Southwest Power Pool,US-CENT-SWPP,502.0,557.0,,33.0,,False,
2025-01-13T03:00:00.000Z,USA,Southwest Power Pool,US-CENT-SWPP,521.0,578.0,,31.0,,False,
2025-01-13T04:00:00.000Z,USA,Southwest Power Pool,US-CENT-SWPP,544.0,601.0,,29.0,,False,
2025-01-13T05:00:00.000Z,USA,Southwest Power Pool,US-CENT-SWPP,554.0,612.0,,28.0,,False,
2025-01-13T06:00:00.000Z,USA,Southwest Power Pool,US-CENT-SWPP,570.0,629.0,,26.0,,False,
2025-01-13T07:00:00.000Z,USA,Southwest Power Pool,US-CENT-SWPP,565.0,623.0,,26.0,,False,
2025-01-13T08:00:00.000Z,USA,Southwest Power Pool,US-CENT-SWPP,561.0,619.0,,27.0,,False,
2025-01-13T09:00:00.000Z,USA,Southwest Power Pool,US-CENT-SWPP,561.0,620.0,,27.0,,False,
2025-01-13T10:00:00.000Z,USA,Southwest Power Pool,US-CENT-SWPP,556.0,616.0,,27.0,,False,
2025-01-13T11:00:00.000Z,USA,Southwest Power Pool,US-CENT-SWPP,564.0,625.0,,25.0,,False,
2025-01-13T12:00:00.000Z,USA,Southwest Power Pool,US-CENT-SWPP,555.0,618.0,,25.0,,False,
2025-01-13T13:00:00.000Z,USA,Southwest Power Pool,US-CENT-SWPP,558.0,623.0,,24.0,,False,
2025-01-13T14:00:00.000Z,USA,Southwest Power Pool,US-CENT-SWPP,560.0,625.0,,24.0,,False,
2025-01-13T15:00:00.000Z,USA,Southwest Power Pool,US-CENT-SWPP,572.0,638.0,,23.0,,False,
2025-01-13T16:00:00.000Z,USA,Southwest Power Pool,US-CENT-SWPP,599.0,669.0,,18.0,,False,
2025-01-13T17:00:00.000Z,USA,Southwest Power Pool,US-CENT-SWPP,596.0,663.0,,20.0,,False,
2025-01-13T18:00:00.000Z,USA,Southwest Power Pool,US-CENT-SWPP,572.0,633.0,,24.0,,False,
2025-01-13T19:00:00.000Z,USA,Southwest Power Pool,US-CENT-SWPP,561.0,622.0,,26.0,,False,
2025-01-13T20:00:00.000Z,USA,Southwest Power Pool,US-CENT-SWPP,560.0,620.0,,26.0,,False,
2025-01-13T21:00:00.000Z,USA,Southwest Power Pool,US-CENT-SWPP,562.0,623.0,,26.0,,False,
2025-01-13T22:00:00.000Z,USA,Southwest Power Pool,US-CENT-SWPP,568.0,630.0,,25.0,,False,
2025-01-13T23:00:00.000Z,USA,Southwest Power Pool,US-CENT-SWPP,559.0,622.0,,25.0,,False,
2025-01-14T00:00:00.000Z,USA,Southwest Power Pool,US-CENT-SWPP,515.0,574.0,,31.0,,False,
2025-01-14T01:00:00.000Z,USA,Southwest Power Pool,US-CENT-SWPP,477.0,532.0,,36.0,,False,
2025-01-14T02:00:00.000Z,USA,Southwest Power Pool,US-CENT-SWPP,447.0,498.0,,40.0,,False,
2025-01-14T03:00:00.000Z,USA,Southwest Power Pool,US-CENT-SWPP,415.0,464.0,,44.0,,False,
2025-01-14T04:00:00.000Z,USA,Southwest Power Pool,US-CENT-SWPP,392.0,439.0,,46.0,,False,
2025-01-14T05:00:00.000Z,USA,Southwest Power Pool,US-CENT-SWPP,375.0,420.0,,48.0,,False,
2025-01-14T06:00:00.000Z,USA,Southwest Power Pool,US-CENT-SWPP,372.0,417.0,,48.0,,False,
2025-01-14T07:00:00.000Z,USA,Southwest Power Pool,US-CENT-SWPP,372.0,418.0,,48.0,,False,
2025-01-14T08:00:00.000Z,USA,Southwest Power Pool,US-CENT-SWPP,380.0,426.0,,47.0,,False,
2025-01-14T09:00:00.000Z,USA,Southwest Power Pool,US-CENT-SWPP,386.0,433.0,,46.0,,False,
2025-01-14T10:00:00.000Z,USA,Southwest Power Pool,US-CENT-SWPP,409.0,458.0,,43.0,,False,
2025-01-14T11:00:00.000Z,USA,Southwest Power Pool,US-CENT-SWPP,439.0,492.0,,40.0,,False,
2025-01-14T12:00:00.000Z,USA,Southwest Power Pool,US-CENT-SWPP,475.0,532.0,,35.0,,False,
2025-01-14T13:00:00.000Z,USA,Southwest Power Pool,US-CENT-SWPP,502.0,562.0,,31.0,,False,
2025-01-14T14:00:00.000Z,USA,Southwest Power Pool,US-CENT-SWPP,518.0,579.0,,29.0,,False,
2025-01-14T15:00:00.000Z,USA,Southwest Power Pool,US-CENT-SWPP,548.0,611.0,,26.0,,False,
2025-01-14T16:00:00.000Z,USA,Southwest Power Pool,US-CENT-SWPP,572.0,637.0,,23.0,,False,
2025-01-14T17:00:00.000Z,USA,Southwest Power Pool,US-CENT-SWPP,580.0,644.0,,23.0,,False,
2025-01-14T18:00:00.000Z,USA,Southwest Power Pool,US-CENT-SWPP,597.0,663.0,,21.0,,False,
2025-01-14T19:00:00.000Z,USA,Southwest Power Pool,US-CENT-SWPP,613.0,681.0,,18.0,,False,
2025-01-14T20:00:00.000Z,USA,Southwest Power Pool,US-CENT-SWPP,629.0,700.0,,15.0,,False,
2025-01-14T21:00:00.000Z,USA,Southwest Power Pool,US-CENT-SWPP,640.0,711.0,,14.0,,False,
2025-01-14T22:00:00.000Z,USA,Southwest Power Pool,US-CENT-SWPP,631.0,702.0,,15.0,,False,
2025-01-14T23:00:00.000Z,USA,Southwest Power Pool,US-CENT-SWPP,612.0,682.0,,17.0,,False,
2025-01-15T00:00:00.000Z,USA,Southwest Power Pool,US-CENT-SWPP,592.0,661.0,,19.0,,False,
2025-01-15T01:00:00.000Z,USA,Southwest Power Pool,US-CENT-SWPP,572.0,634.0,,24.0,,False,
2025-01-15T02:00:00.000Z,USA,Southwest Power Pool,US-CENT-SWPP,564.0,626.0,,25.0,,False,
2025-01-15T03:00:00.000Z,USA,Southwest Power Pool,US-CENT-SWPP,572.0,634.0,,25.0,,False,
2025-01-15T04:00:00.000Z,USA,Southwest Power Pool,US-CENT-SWPP,589.0,653.0,,22.0,,False,
2025-01-15T05:00:00.000Z,USA,Southwest Power Pool,US-CENT-SWPP,600.0,664.0,,21.0,,False,
2025-01-15T06:00:00.000Z,USA,Southwest Power Pool,US-CENT-SWPP,605.0,671.0,,19.0,,False,
2025-01-15T07:00:00.000Z,USA,Southwest Power Pool,US-CENT-SWPP,603.0,669.0,,19.0,,False,
2025-01-15T08:00:00.000Z,USA,Southwest Power Pool,US-CENT-SWPP,602.0,670.0,,19.0,,False,
2025-01-15T09:00:00.000Z,USA,Southwest Power Pool,US-CENT-SWPP,605.0,673.0,,18.0,,False,
2025-01-15T10:00:00.000Z,USA,Southwest Power Pool,US-CENT-SWPP,610.0,680.0,,17.0,,False,
2025-01-15T11:00:00.000Z,USA,Southwest Power Pool,US-CENT-SWPP,608.0,679.0,,17.0,,False,
2025-01-15T12:00:00.000Z,USA,Southwest Power Pool,US-CENT-SWPP,591.0,662.0,,18.0,,False,
2025-01-15T13:00:00.000Z,USA,Southwest Power Pool,US-CENT-SWPP,571.0,641.0,,20.0,,False,
2025-01-15T14:00:00.000Z,USA,Southwest Power Pool,US-CENT-SWPP,557.0,625.0,,22.0,,False,
2025-01-15T15:00:00.000Z,USA,Southwest Power Pool,US-CENT-SWPP,564.0,632.0,,22.0,,False,
2025-01-15T16:00:00.000Z,USA,Southwest Power Pool,US-CENT-SWPP,586.0,655.0,,19.0,,False,
2025-01-15T17:00:00.000Z,USA,Southwest Power Pool,US-CENT-SWPP,589.0,657.0,,20.0,,False,
2025-01-15T18:00:00.000Z,USA,Southwest Power Pool,US-CENT-SWPP,582.0,647.0,,21.0,,False,
2025-01-15T19:00:00.000Z,USA,Southwest Power Pool,US-CENT-SWPP,551.0,612.0,,26.0,,False,
2025-01-15T20:00:00.000Z,USA,Southwest Power Pool,US-CENT-SWPP,532.0,590.0,,29.0,,False,
2025-01-15T21:00:00.000Z,USA,Southwest Power Pool,US-CENT-SWPP,511.0,567.0,,32.0,,False,
2025-01-15T22:00:00.000Z,USA,Southwest Power Pool,US-CENT-SWPP,496.0,553.0,,33.0,,False,
2025-01-15T23:00:00.000Z,USA,Southwest Power Pool,US-CENT-SWPP,492.0,550.0,,32.0,,False,
2025-01-16T00:00:00.000Z,USA,Southwest Power Pool,US-CENT-SWPP,471.0,529.0,,34.0,,False,
2025-01-16T01:00:00.000Z,USA,Southwest Power Pool,US-CENT-SWPP,441.0,495.0,,38.0,,False,
2025-01-16T02:00:00.000Z,USA,Southwest Power Pool,US-CENT-SWPP,417.0,468.0,,42.0,,False,
2025-01-16T03:00:00.000Z,USA,Southwest Power Pool,US-CENT-SWPP,396.0,443.0,,46.0,,False,
2025-01-16T04:00:00.000Z,USA,Southwest Power Pool,US-CENT-SWPP,382.0,428.0,,48.0,,False,
2025-01-16T05:00:00.000Z,USA,Southwest Power Pool,US-CENT-SWPP,366.0,409.0,,49.0,,False,
2025-01-16T06:00:00.000Z,USA,Southwest Power Pool,US-CENT-SWPP,355.0,398.0,,51.0,,False,
2025-01-16T07:00:00.000Z,USA,Southwest Power Pool,US-CENT-SWPP,356.0,399.0,,51.0,,False,
2025-01-16T08:00:00.000Z,USA,Southwest Power Pool,US-CENT-SWPP,357.0,399.0,,51.0,,False,
2025-01-16T09:00:00.000Z,USA,Southwest Power Pool,US-CENT-SWPP,352.0,395.0,,51.0,,False,
2025-01-16T10:00:00.000Z,USA,Southwest Power Pool,US-CENT-SWPP,362.0,407.0,,49.0,,False,
2025-01-16T11:00:00.000Z,USA,Southwest Power Pool,US-CENT-SWPP,377.0,424.0,,47.0,,False,
2025-01-16T12:00:00.000Z,USA,Southwest Power Pool,US-CENT-SWPP,392.0,443.0,,44.0,,False,
2025-01-16T13:00:00.000Z,USA,Southwest Power Pool,US-CENT-SWPP,439.0,494.0,,38.0,,False,
2025-01-16T14:00:00.000Z,USA,Southwest Power Pool,US-CENT-SWPP,490.0,548.0,,33.0,,False,
2025-01-16T15:00:00.000Z,USA,Southwest Power Pool,US-CENT-SWPP,553.0,616.0,,25.0,,False,
2025-01-16T16:00:00.000Z,USA,Southwest Power Pool,US-CENT-SWPP,613.0,682.0,,17.0,,False,
2025-01-16T17:00:00.000Z,USA,Southwest Power Pool,US-CENT-SWPP,630.0,700.0,,15.0,,False,
2025-01-16T18:00:00.000Z,USA,Southwest Power Pool,US-CENT-SWPP,631.0,700.0,,16.0,,False,
2025-01-16T19:00:00.000Z,USA,Southwest Power Pool,US-CENT-SWPP,621.0,685.0,,20.0,,False,
2025-01-16T20:00:00.000Z,USA,Southwest Power Pool,US-CENT-SWPP,580.0,637.0,,26.0,,False,
2025-01-16T21:00:00.000Z,USA,Southwest Power Pool,US-CENT-SWPP,535.0,587.0,,33.0,,False,
2025-01-16T22:00:00.000Z,USA,Southwest Power Pool,US-CENT-SWPP,472.0,519.0,,40.0,,False,
2025-01-16T23:00:00.000Z,USA,Southwest Power Pool,US-CENT-SWPP,421.0,465.0,,45.0,,False,
2025-01-17T00:00:00.000Z,USA,Southwest Power Pool,US-CENT-SWPP,367.0,408.0,,51.0,,False,
2025-01-17T01:00:00.000Z,USA,Southwest Power Pool,US-CENT-SWPP,337.0,377.0,,54.0,,False,
2025-01-17T02:00:00.000Z,USA,Southwest Power Pool,US-CENT-SWPP,321.0,359.0,,56.0,,False,
2025-01-17T03:00:00.000Z,USA,Southwest Power Pool,US-CENT-SWPP,308.0,345.0,,58.0,,False,
2025-01-17T04:00:00.000Z,USA,Southwest Power Pool,US-CENT-SWPP,307.0,344.0,,58.0,,False,
2025-01-17T05:00:00.000Z,USA,Southwest Power Pool,US-CENT-SWPP,298.0,335.0,,59.0,,False,
2025-01-17T06:00:00.000Z,USA,Southwest Power Pool,US-CENT-SWPP,287.0,323.0,,60.0,,False,
2025-01-17T07:00:00.000Z,USA,Southwest Power Pool,US-CENT-SWPP,278.0,313.0,,61.0,,False,
2025-01-17T08:00:00.000Z,USA,Southwest Power Pool,US-CENT-SWPP,278.0,313.0,,60.0,,False,
2025-01-17T09:00:00.000Z,USA,Southwest Power Pool,US-CENT-SWPP,279.0,314.0,,60.0,,False,
2025-01-17T10:00:00.000Z,USA,Southwest Power Pool,US-CENT-SWPP,288.0,325.0,,58.0,,False,
2025-01-17T11:00:00.000Z,USA,Southwest Power Pool,US-CENT-SWPP,294.0,332.0,,57.0,,False,
2025-01-17T12:00:00.000Z,USA,Southwest Power Pool,US-CENT-SWPP,295.0,334.0,,57.0,,False,
2025-01-17T13:00:00.000Z,USA,Southwest Power Pool,US-CENT-SWPP,303.0,343.0,,56.0,,False,
2025-01-17T14:00:00.000Z,USA,Southwest Power Pool,US-CENT-SWPP,304.0,344.0,,56.0,,False,
2025-01-17T15:00:00.000Z,USA,Southwest Power Pool,US-CENT-SWPP,294.0,333.0,,58.0,,False,
2025-01-17T16:00:00.000Z,USA,Southwest Power Pool,US-CENT-SWPP,285.0,324.0,,59.0,,False,
2025-01-17T17:00:00.000Z,USA,Southwest Power Pool,US-CENT-SWPP,286.0,324.0,,59.0,,False,
2025-01-17T18:00:00.000Z,USA,Southwest Power Pool,US-CENT-SWPP,292.0,330.0,,58.0,,False,
2025-01-17T19:00:00.000Z,USA,Southwest Power Pool,US-CENT-SWPP,289.0,327.0,,59.0,,False,
2025-01-17T20:00:00.000Z,USA,Southwest Power Pool,US-CENT-SWPP,291.0,329.0,,58.0,,False,
2025-01-17T21:00:00.000Z,USA,Southwest Power Pool,US-CENT-SWPP,285.0,323.0,,59.0,,False,
2025-01-17T22:00:00.000Z,USA,Southwest Power Pool,US-CENT-SWPP,280.0,318.0,,59.0,,False,
2025-01-17T23:00:00.000Z,USA,Southwest Power Pool,US-CENT-SWPP,293.0,332.0,,58.0,,False,
2025-01-18T00:00:00.000Z,USA,Southwest Power Pool,US-CENT-SWPP,305.0,345.0,,56.0,,False,
2025-01-18T01:00:00.000Z,USA,Southwest Power Pool,US-CENT-SWPP,318.0,358.0,,55.0,,False,
2025-01-18T02:00:00.000Z,USA,Southwest Power Pool,US-CENT-SWPP,323.0,364.0,,54.0,,False,
2025-01-18T03:00:00.000Z,USA,Southwest Power Pool,US-CENT-SWPP,322.0,362.0,,54.0,,False,
2025-01-18T04:00:00.000Z,USA,Southwest Power Pool,US-CENT-SWPP,320.0,360.0,,54.0,,False,
2025-01-18T05:00:00.000Z,USA,Southwest Power Pool,US-CENT-SWPP,308.0,347.0,,56.0,,False,
2025-01-18T06:00:00.000Z,USA,Southwest Power Pool,US-CENT-SWPP,305.0,343.0,,56.0,,False,
2025-01-18T07:00:00.000Z,USA,Southwest Power Pool,US-CENT-SWPP,301.0,339.0,,57.0,,False,
2025-01-18T08:00:00.000Z,USA,Southwest Power Pool,US-CENT-SWPP,292.0,329.0,,58.0,,False,
2025-01-18T09:00:00.000Z,USA,Southwest Power Pool,US-CENT-SWPP,291.0,328.0,,59.0,,False,
2025-01-18T10:00:00.000Z,USA,Southwest Power Pool,US-CENT-SWPP,296.0,333.0,,58.0,,False,
2025-01-18T11:00:00.000Z,USA,Southwest Power Pool,US-CENT-SWPP,305.0,343.0,,57.0,,False,
2025-01-18T12:00:00.000Z,USA,Southwest Power Pool,US-CENT-SWPP,320.0,360.0,,55.0,,False,
2025-01-18T13:00:00.000Z,USA,Southwest Power Pool,US-CENT-SWPP,334.0,375.0,,53.0,,False,
2025-01-18T14:00:00.000Z,USA,Southwest Power Pool,US-CENT-SWPP,350.0,393.0,,51.0,,False,
2025-01-18T15:00:00.000Z,USA,Southwest Power Pool,US-CENT-SWPP,353.0,395.0,,52.0,,False,
2025-01-18T16:00:00.000Z,USA,Southwest Power Pool,US-CENT-SWPP,355.0,398.0,,51.0,,False,
2025-01-18T17:00:00.000Z,USA,Southwest Power Pool,US-CENT-SWPP,360.0,404.0,,50.0,,False,
2025-01-18T18:00:00.000Z,USA,Southwest Power Pool,US-CENT-SWPP,352.0,394.0,,52.0,,False,
2025-01-18T19:00:00.000Z,USA,Southwest Power Pool,US-CENT-SWPP,345.0,387.0,,53.0,,False,
2025-01-18T20:00:00.000Z,USA,Southwest Power Pool,US-CENT-SWPP,342.0,383.0,,53.0,,False,
2025-01-18T21:00:00.000Z,USA,Southwest Power Pool,US-CENT-SWPP,334.0,375.0,,54.0,,False,
2025-01-18T22:00:00.000Z,USA,Southwest Power Pool,US-CENT-SWPP,331.0,372.0,,54.0,,False,
2025-01-18T23:00:00.000Z,USA,Southwest Power Pool,US-CENT-SWPP,337.0,379.0,,53.0,,False,
2025-01-19T00:00:00.000Z,USA,Southwest Power Pool,US-CENT-SWPP,333.0,375.0,,53.0,,False,
2025-01-19T01:00:00.000Z,USA,Southwest Power Pool,US-CENT-SWPP,342.0,384.0,,52.0,,False,
2025-01-19T02:00:00.000Z,USA,Southwest Power Pool,US-CENT-SWPP,349.0,392.0,,51.0,,False,
2025-01-19T03:00:00.000Z,USA,Southwest Power Pool,US-CENT-SWPP,354.0,396.0,,51.0,,False,
2025-01-19T04:00:00.000Z,USA,Southwest Power Pool,US-CENT-SWPP,358.0,401.0,,51.0,,False,
2025-01-19T05:00:00.000Z,USA,Southwest Power Pool,US-CENT-SWPP,368.0,411.0,,49.0,,False,
2025-01-19T06:00:00.000Z,USA,Southwest Power Pool,US-CENT-SWPP,371.0,415.0,,49.0,,False,
2025-01-19T07:00:00.000Z,USA,Southwest Power Pool,US-CENT-SWPP,373.0,418.0,,48.0,,False,
2025-01-19T08:00:00.000Z,USA,Southwest Power Pool,US-CENT-SWPP,387.0,432.0,,47.0,,False,
2025-01-19T09:00:00.000Z,USA,Southwest Power Pool,US-CENT-SWPP,396.0,443.0,,45.0,,False,
2025-01-19T10:00:00.000Z,USA,Southwest Power Pool,US-CENT-SWPP,405.0,453.0,,44.0,,False,
2025-01-19T11:00:00.000Z,USA,Southwest Power Pool,US-CENT-SWPP,427.0,477.0,,42.0,,False,
2025-01-19T12:00:00.000Z,USA,Southwest Power Pool,US-CENT-SWPP,451.0,504.0,,38.0,,False,
2025-01-19T13:00:00.000Z,USA,Southwest Power Pool,US-CENT-SWPP,496.0,553.0,,33.0,,False,
2025-01-19T14:00:00.000Z,USA,Southwest Power Pool,US-CENT-SWPP,525.0,586.0,,29.0,,False,
2025-01-19T15:00:00.000Z,USA,Southwest Power Pool,US-CENT-SWPP,533.0,594.0,,28.0,,False,
2025-01-19T16:00:00.000Z,USA,Southwest Power Pool,US-CENT-SWPP,541.0,601.0,,28.0,,False,
2025-01-19T17:00:00.000Z,USA,Southwest Power Pool,US-CENT-SWPP,569.0,633.0,,24.0,,False,
2025-01-19T18:00:00.000Z,USA,Southwest Power Pool,US-CENT-SWPP,587.0,652.0,,22.0,,False,
2025-01-19T19:00:00.000Z,USA,Southwest Power Pool,US-CENT-SWPP,591.0,654.0,,22.0,,False,
2025-01-19T20:00:00.000Z,USA,Southwest Power Pool,US-CENT-SWPP,587.0,650.0,,22.0,,False,
2025-01-19T21:00:00.000Z,USA,Southwest Power Pool,US-CENT-SWPP,586.0,650.0,,22.0,,False,
2025-01-19T22:00:00.000Z,USA,Southwest Power Pool,US-CENT-SWPP,598.0,663.0,,21.0,,False,
2025-01-19T23:00:00.000Z,USA,Southwest Power Pool,US-CENT-SWPP,613.0,682.0,,18.0,,False,
2025-01-20T00:00:00.000Z,USA,Southwest Power Pool,US-CENT-SWPP,608.0,679.0,,18.0,,False,
2025-01-20T01:00:00.000Z,USA,Southwest Power Pool,US-CENT-SWPP,592.0,659.0,,21.0,,False,
2025-01-20T02:00:00.000Z,USA,Southwest Power Pool,US-CENT-SWPP,569.0,633.0,,25.0,,False,
2025-01-20T03:00:00.000Z,USA,Southwest Power Pool,US-CENT-SWPP,554.0,616.0,,27.0,,False,
2025-01-20T04:00:00.000Z,USA,Southwest Power Pool,US-CENT-SWPP,551.0,612.0,,28.0,,False,
2025-01-20T05:00:00.000Z,USA,Southwest Power Pool,US-CENT-SWPP,544.0,603.0,,29.0,,False,
2025-01-20T06:00:00.000Z,USA,Southwest Power Pool,US-CENT-SWPP,543.0,601.0,,29.0,,False,
2025-01-20T07:00:00.000Z,USA,Southwest Power Pool,US-CENT-SWPP,550.0,609.0,,28.0,,False,
2025-01-20T08:00:00.000Z,USA,Southwest Power Pool,US-CENT-SWPP,550.0,608.0,,29.0,,False,
2025-01-20T09:00:00.000Z,USA,Southwest Power Pool,US-CENT-SWPP,548.0,607.0,,29.0,,False,
2025-01-20T10:00:00.000Z,USA,Southwest Power Pool,US-CENT-SWPP,558.0,619.0,,27.0,,False,
2025-01-20T11:00:00.000Z,USA,Southwest Power Pool,US-CENT-SWPP,569.0,634.0,,24.0,,False,
2025-01-20T12:00:00.000Z,USA,Southwest Power Pool,US-CENT-SWPP,565.0,632.0,,23.0,,False,
2025-01-20T13:00:00.000Z,USA,Southwest Power Pool,US-CENT-SWPP,562.0,630.0,,23.0,,False,
2025-01-20T14:00:00.000Z,USA,Southwest Power Pool,US-CENT-SWPP,554.0,622.0,,23.0,,False,
2025-01-20T15:00:00.000Z,USA,Southwest Power Pool,US-CENT-SWPP,541.0,608.0,,24.0,,False,
2025-01-20T16:00:00.000Z,USA,Southwest Power Pool,US-CENT-SWPP,534.0,600.0,,25.0,,False,
2025-01-20T17:00:00.000Z,USA,Southwest Power Pool,US-CENT-SWPP,529.0,596.0,,26.0,,False,
2025-01-20T18:00:00.000Z,USA,Southwest Power Pool,US-CENT-SWPP,508.0,571.0,,29.0,,False,
2025-01-20T19:00:00.000Z,USA,Southwest Power Pool,US-CENT-SWPP,503.0,564.0,,30.0,,False,
2025-01-20T20:00:00.000Z,USA,Southwest Power Pool,US-CENT-SWPP,490.0,549.0,,33.0,,False,
2025-01-20T21:00:00.000Z,USA,Southwest Power Pool,US-CENT-SWPP,465.0,521.0,,37.0,,False,
2025-01-20T22:00:00.000Z,USA,Southwest Power Pool,US-CENT-SWPP,447.0,499.0,,40.0,,False,
2025-01-20T23:00:00.000Z,USA,Southwest Power Pool,US-CENT-SWPP,449.0,504.0,,39.0,,False,
2025-01-21T00:00:00.000Z,USA,Southwest Power Pool,US-CENT-SWPP,461.0,518.0,,36.0,,False,
2025-01-21T01:00:00.000Z,USA,Southwest Power Pool,US-CENT-SWPP,474.0,532.0,,35.0,,False,
2025-01-21T02:00:00.000Z,USA,Southwest Power Pool,US-CENT-SWPP,478.0,534.0,,36.0,,False,
2025-01-21T03:00:00.000Z,USA,Southwest Power Pool,US-CENT-SWPP,509.0,567.0,,32.0,,False,
2025-01-21T04:00:00.000Z,USA,Southwest Power Pool,US-CENT-SWPP,554.0,616.0,,26.0,,False,
2025-01-21T05:00:00.000Z,USA,Southwest Power Pool,US-CENT-SWPP,586.0,652.0,,22.0,,False,
2025-01-21T06:00:00.000Z,USA,Southwest Power Pool,US-CENT-SWPP,602.0,671.0,,19.0,,False,
2025-01-21T07:00:00.000Z,USA,Southwest Power Pool,US-CENT-SWPP,608.0,680.0,,17.0,,False,
2025-01-21T08:00:00.000Z,USA,Southwest Power Pool,US-CENT-SWPP,611.0,683.0,,17.0,,False,
2025-01-21T09:00:00.000Z,USA,Southwest Power Pool,US-CENT-SWPP,605.0,678.0,,17.0,,False,
2025-01-21T10:00:00.000Z,USA,Southwest Power Pool,US-CENT-SWPP,597.0,667.0,,18.0,,False,
2025-01-21T11:00:00.000Z,USA,Southwest Power Pool,US-CENT-SWPP,578.0,648.0,,20.0,,False,
2025-01-21T12:00:00.000Z,USA,Southwest Power Pool,US-CENT-SWPP,548.0,618.0,,23.0,,False,
2025-01-21T13:00:00.000Z,USA,Southwest Power Pool,US-CENT-SWPP,523.0,591.0,,26.0,,False,
2025-01-21T14:00:00.000Z,USA,Southwest Power Pool,US-CENT-SWPP,497.0,562.0,,30.0,,False,
2025-01-21T15:00:00.000Z,USA,Southwest Power Pool,US-CENT-SWPP,488.0,550.0,,32.0,,False,
2025-01-21T16:00:00.000Z,USA,Southwest Power Pool,US-CENT-SWPP,485.0,546.0,,33.0,,False,
2025-01-21T17:00:00.000Z,USA,Southwest Power Pool,US-CENT-SWPP,463.0,521.0,,36.0,,False,
2025-01-21T18:00:00.000Z,USA,Southwest Power Pool,US-CENT-SWPP,425.0,478.0,,42.0,,False,
2025-01-21T19:00:00.000Z,USA,Southwest Power Pool,US-CENT-SWPP,409.0,458.0,,45.0,,False,
2025-01-21T20:00:00.000Z,USA,Southwest Power Pool,US-CENT-SWPP,381.0,428.0,,48.0,,False,
2025-01-21T21:00:00.000Z,USA,Southwest Power Pool,US-CENT-SWPP,364.0,410.0,,50.0,,False,
2025-01-21T22:00:00.000Z,USA,Southwest Power Pool,US-CENT-SWPP,359.0,404.0,,50.0,,False,
2025-01-21T23:00:00.000Z,USA,Southwest Power Pool,US-CENT-SWPP,367.0,414.0,,49.0,,False,
2025-01-22T00:00:00.000Z,USA,Southwest Power Pool,US-CENT-SWPP,362.0,409.0,,49.0,,False,
2025-01-22T01:00:00.000Z,USA,Southwest Power Pool,US-CENT-SWPP,360.0,407.0,,49.0,,False,
2025-01-22T02:00:00.000Z,USA,Southwest Power Pool,US-CENT-SWPP,359.0,406.0,,49.0,,False,
2025-01-22T03:00:00.000Z,USA,Southwest Power Pool,US-CENT-SWPP,355.0,402.0,,50.0,,False,
2025-01-22T04:00:00.000Z,USA,Southwest Power Pool,US-CENT-SWPP,360.0,407.0,,49.0,,False,
2025-01-22T05:00:00.000Z,USA,Southwest Power Pool,US-CENT-SWPP,361.0,407.0,,49.0,,False,
2025-01-22T06:00:00.000Z,USA,Southwest Power Pool,US-CENT-SWPP,356.0,401.0,,50.0,,False,
2025-01-22T07:00:00.000Z,USA,Southwest Power Pool,US-CENT-SWPP,356.0,400.0,,50.0,,False,
2025-01-22T08:00:00.000Z,USA,Southwest Power Pool,US-CENT-SWPP,358.0,402.0,,50.0,,False,
2025-01-22T09:00:00.000Z,USA,Southwest Power Pool,US-CENT-SWPP,353.0,397.0,,51.0,,False,
2025-01-22T10:00:00.000Z,USA,Southwest Power Pool,US-CENT-SWPP,351.0,395.0,,51.0,,False,
2025-01-22T11:00:00.000Z,USA,Southwest Power Pool,US-CENT-SWPP,349.0,393.0,,51.0,,False,
2025-01-22T12:00:00.000Z,USA,Southwest Power Pool,US-CENT-SWPP,355.0,401.0,,50.0,,False,
2025-01-22T13:00:00.000Z,USA,Southwest Power Pool,US-CENT-SWPP,363.0,410.0,,49.0,,False,
2025-01-22T14:00:00.000Z,USA,Southwest Power Pool,US-CENT-SWPP,358.0,404.0,,50.0,,False,
2025-01-22T15:00:00.000Z,USA,Southwest Power Pool,US-CENT-SWPP,374.0,420.0,,49.0,,False,
2025-01-22T16:00:00.000Z,USA,Southwest Power Pool,US-CENT-SWPP,392.0,438.0,,48.0,,False,
2025-01-22T17:00:00.000Z,USA,Southwest Power Pool,US-CENT-SWPP,377.0,422.0,,49.0,,False,
2025-01-22T18:00:00.000Z,USA,Southwest Power Pool,US-CENT-SWPP,359.0,402.0,,51.0,,False,
2025-01-22T19:00:00.000Z,USA,Southwest Power Pool,US-CENT-SWPP,344.0,386.0,,53.0,,False,
2025-01-22T20:00:00.000Z,USA,Southwest Power Pool,US-CENT-SWPP,336.0,378.0,,53.0,,False,
2025-01-22T21:00:00.000Z,USA,Southwest Power Pool,US-CENT-SWPP,327.0,368.0,,54.0,,False,
2025-01-22T22:00:00.000Z,USA,Southwest Power Pool,US-CENT-SWPP,333.0,376.0,,53.0,,False,
2025-01-22T23:00:00.000Z,USA,Southwest Power Pool,US-CENT-SWPP,387.0,436.0,,46.0,,False,
2025-01-23T00:00:00.000Z,USA,Southwest Power Pool,US-CENT-SWPP,432.0,484.0,,41.0,,False,
2025-01-23T01:00:00.000Z,USA,Southwest Power Pool,US-CENT-SWPP,429.0,480.0,,42.0,,False,
2025-01-23T02:00:00.000Z,USA,Southwest Power Pool,US-CENT-SWPP,426.0,477.0,,42.0,,False,
2025-01-23T03:00:00.000Z,USA,Southwest Power Pool,US-CENT-SWPP,402.0,451.0,,45.0,,False,
2025-01-23T04:00:00.000Z,USA,Southwest Power Pool,US-CENT-SWPP,392.0,440.0,,46.0,,False,
2025-01-23T05:00:00.000Z,USA,Southwest Power Pool,US-CENT-SWPP,378.0,423.0,,48.0,,False,
2025-01-23T06:00:00.000Z,USA,Southwest Power Pool,US-CENT-SWPP,370.0,415.0,,49.0,,False,
2025-01-23T07:00:00.000Z,USA,Southwest Power Pool,US-CENT-SWPP,365.0,409.0,,49.0,,False,
2025-01-23T08:00:00.000Z,USA,Southwest Power Pool,US-CENT-SWPP,357.0,402.0,,50.0,,False,
2025-01-23T09:00:00.000Z,USA,Southwest Power Pool,US-CENT-SWPP,350.0,395.0,,50.0,,False,
2025-01-23T10:00:00.000Z,USA,Southwest Power Pool,US-CENT-SWPP,359.0,405.0,,49.0,,False,
2025-01-23T11:00:00.000Z,USA,Southwest Power Pool,US-CENT-SWPP,379.0,425.0,,48.0,,False,
2025-01-23T12:00:00.000Z,USA,Southwest Power Pool,US-CENT-SWPP,402.0,451.0,,45.0,,False,
2025-01-23T13:00:00.000Z,USA,Southwest Power Pool,US-CENT-SWPP,429.0,482.0,,41.0,,False,
2025-01-23T14:00:00.000Z,USA,Southwest Power Pool,US-CENT-SWPP,461.0,516.0,,37.0,,False,
2025-01-23T15:00:00.000Z,USA,Southwest Power Pool,US-CENT-SWPP,497.0,555.0,,33.0,,False,
2025-01-23T16:00:00.000Z,USA,Southwest Power Pool,US-CENT-SWPP,490.0,545.0,,35.0,,False,
2025-01-23T17:00:00.000Z,USA,Southwest Power Pool,US-CENT-SWPP,486.0,539.0,,36.0,,False,
2025-01-23T18:00:00.000Z,USA,Southwest Power Pool,US-CENT-SWPP,481.0,533.0,,37.0,,False,
2025-01-23T19:00:00.000Z,USA,Southwest Power Pool,US-CENT-SWPP,482.0,534.0,,37.0,,False,
2025-01-23T20:00:00.000Z,USA,Southwest Power Pool,US-CENT-SWPP,479.0,531.0,,37.0,,False,
2025-01-23T21:00:00.000Z,USA,Southwest Power Pool,US-CENT-SWPP,486.0,540.0,,36.0,,False,
2025-01-23T22:00:00.000Z,USA,Southwest Power Pool,US-CENT-SWPP,517.0,576.0,,31.0,,False,
2025-01-23T23:00:00.000Z,USA,Southwest Power Pool,US-CENT-SWPP,568.0,636.0,,22.0,,False,
2025-01-24T00:00:00.000Z,USA,Southwest Power Pool,US-CENT-SWPP,606.0,681.0,,15.0,,False,
2025-01-24T01:00:00.000Z,USA,Southwest Power Pool,US-CENT-SWPP,618.0,694.0,,13.0,,False,
2025-01-24T02:00:00.000Z,USA,Southwest Power Pool,US-CENT-SWPP,617.0,694.0,,14.0,,False,
2025-01-24T03:00:00.000Z,USA,Southwest Power Pool,US-CENT-SWPP,616.0,692.0,,14.0,,False,
2025-01-24T04:00:00.000Z,USA,Southwest Power Pool,US-CENT-SWPP,610.0,684.0,,15.0,,False,
2025-01-24T05:00:00.000Z,USA,Southwest Power Pool,US-CENT-SWPP,553.0,616.0,,25.0,,False,
2025-01-24T06:00:00.000Z,USA,Southwest Power Pool,US-CENT-SWPP,489.0,543.0,,35.0,,False,
2025-01-24T07:00:00.000Z,USA,Southwest Power Pool,US-CENT-SWPP,435.0,485.0,,42.0,,False,
2025-01-24T08:00:00.000Z,USA,Southwest Power Pool,US-CENT-SWPP,402.0,450.0,,45.0,,False,
2025-01-24T09:00:00.000Z,USA,Southwest Power Pool,US-CENT-SWPP,375.0,421.0,,48.0,,False,
2025-01-24T10:00:00.000Z,USA,Southwest Power Pool,US-CENT-SWPP,347.0,392.0,,51.0,,False,
2025-01-24T11:00:00.000Z,USA,Southwest Power Pool,US-CENT-SWPP,325.0,370.0,,53.0,,False,
2025-01-24T12:00:00.000Z,USA,Southwest Power Pool,US-CENT-SWPP,325.0,372.0,,52.0,,False,
2025-01-24T13:00:00.000Z,USA,Southwest Power Pool,US-CENT-SWPP,337.0,385.0,,50.0,,False,
2025-01-24T14:00:00.000Z,USA,Southwest Power Pool,US-CENT-SWPP,333.0,379.0,,51.0,,False,
2025-01-24T15:00:00.000Z,USA,Southwest Power Pool,US-CENT-SWPP,339.0,387.0,,50.0,,False,
2025-01-24T16:00:00.000Z,USA,Southwest Power Pool,US-CENT-SWPP,369.0,418.0,,47.0,,False,
2025-01-24T17:00:00.000Z,USA,Southwest Power Pool,US-CENT-SWPP,361.0,407.0,,49.0,,False,
2025-01-24T18:00:00.000Z,USA,Southwest Power Pool,US-CENT-SWPP,343.0,385.0,,52.0,,False,
2025-01-24T19:00:00.000Z,USA,Southwest Power Pool,US-CENT-SWPP,311.0,351.0,,56.0,,False,
2025-01-24T20:00:00.000Z,USA,Southwest Power Pool,US-CENT-SWPP,295.0,335.0,,57.0,,False,
2025-01-24T21:00:00.000Z,USA,Southwest Power Pool,US-CENT-SWPP,297.0,336.0,,57.0,,False,
2025-01-24T22:00:00.000Z,USA,Southwest Power Pool,US-CENT-SWPP,305.0,344.0,,57.0,,False,
2025-01-24T23:00:00.000Z,USA,Southwest Power Pool,US-CENT-SWPP,319.0,359.0,,55.0,,False,
2025-01-25T00:00:00.000Z,USA,Southwest Power Pool,US-CENT-SWPP,316.0,356.0,,56.0,,False,
2025-01-25T01:00:00.000Z,USA,Southwest Power Pool,US-CENT-SWPP,310.0,349.0,,57.0,,False,
2025-01-25T02:00:00.000Z,USA,Southwest Power Pool,US-CENT-SWPP,323.0,363.0,,55.0,,False,
2025-01-25T03:00:00.000Z,USA,Southwest Power Pool,US-CENT-SWPP,335.0,375.0,,54.0,,False,
2025-01-25T04:00:00.000Z,USA,Southwest Power Pool,US-CENT-SWPP,339.0,379.0,,54.0,,False,
2025-01-25T05:00:00.000Z,USA,Southwest Power Pool,US-CENT-SWPP,342.0,382.0,,54.0,,False,
2025-01-25T06:00:00.000Z,USA,Southwest Power Pool,US-CENT-SWPP,334.0,374.0,,54.0,,False,
2025-01-25T07:00:00.000Z,USA,Southwest Power Pool,US-CENT-SWPP,328.0,367.0,,55.0,,False,
2025-01-25T08:00:00.000Z,USA,Southwest Power Pool,US-CENT-SWPP,327.0,367.0,,55.0,,False,
2025-01-25T09:00:00.000Z,USA,Southwest Power Pool,US-CENT-SWPP,327.0,367.0,,54.0,,False,
2025-01-25T10:00:00.000Z,USA,Southwest Power Pool,US-CENT-SWPP,323.0,363.0,,55.0,,False,
2025-01-25T11:00:00.000Z,USA,Southwest Power Pool,US-CENT-SWPP,321.0,361.0,,55.0,,False,
2025-01-25T12:00:00.000Z,USA,Southwest Power Pool,US-CENT-SWPP,332.0,375.0,,53.0,,False,
2025-01-25T13:00:00.000Z,USA,Southwest Power Pool,US-CENT-SWPP,334.0,378.0,,52.0,,False,
2025-01-25T14:00:00.000Z,USA,Southwest Power Pool,US-CENT-SWPP,335.0,380.0,,51.0,,False,
2025-01-25T15:00:00.000Z,USA,Southwest Power Pool,US-CENT-SWPP,338.0,382.0,,51.0,,False,
2025-01-25T16:00:00.000Z,USA,Southwest Power Pool,US-CENT-SWPP,331.0,373.0,,53.0,,False,
2025-01-25T17:00:00.000Z,USA,Southwest Power Pool,US-CENT-SWPP,318.0,359.0,,55.0,,False,
2025-01-25T18:00:00.000Z,USA,Southwest Power Pool,US-CENT-SWPP,308.0,347.0,,57.0,,False,
2025-01-25T19:00:00.000Z,USA,Southwest Power Pool,US-CENT-SWPP,292.0,329.0,,59.0,,False,
2025-01-25T20:00:00.000Z,USA,Southwest Power Pool,US-CENT-SWPP,303.0,342.0,,57.0,,False,
2025-01-25T21:00:00.000Z,USA,Southwest Power Pool,US-CENT-SWPP,316.0,356.0,,55.0,,False,
2025-01-25T22:00:00.000Z,USA,Southwest Power Pool,US-CENT-SWPP,325.0,366.0,,54.0,,False,
2025-01-25T23:00:00.000Z,USA,Southwest Power Pool,US-CENT-SWPP,325.0,365.0,,54.0,,False,
2025-01-26T00:00:00.000Z,USA,Southwest Power Pool,US-CENT-SWPP,331.0,372.0,,53.0,,False,
2025-01-26T01:00:00.000Z,USA,Southwest Power Pool,US-CENT-SWPP,329.0,371.0,,53.0,,False,
2025-01-26T02:00:00.000Z,USA,Southwest Power Pool,US-CENT-SWPP,325.0,367.0,,53.0,,False,
2025-01-26T03:00:00.000Z,USA,Southwest Power Pool,US-CENT-SWPP,343.0,385.0,,52.0,,False,
2025-01-26T04:00:00.000Z,USA,Southwest Power Pool,US-CENT-SWPP,375.0,418.0,,49.0,,False,
2025-01-26T05:00:00.000Z,USA,Southwest Power Pool,US-CENT-SWPP,411.0,457.0,,45.0,,False,
2025-01-26T06:00:00.000Z,USA,Southwest Power Pool,US-CENT-SWPP,445.0,492.0,,42.0,,False,
2025-01-26T07:00:00.000Z,USA,Southwest Power Pool,US-CENT-SWPP,464.0,513.0,,39.0,,False,
2025-01-26T08:00:00.000Z,USA,Southwest Power Pool,US-CENT-SWPP,476.0,526.0,,38.0,,False,
2025-01-26T09:00:00.000Z,USA,Southwest Power Pool,US-CENT-SWPP,486.0,537.0,,37.0,,False,
2025-01-26T10:00:00.000Z,USA,Southwest Power Pool,US-CENT-SWPP,481.0,532.0,,37.0,,False,
2025-01-26T11:00:00.000Z,USA,Southwest Power Pool,US-CENT-SWPP,480.0,533.0,,36.0,,False,
2025-01-26T12:00:00.000Z,USA,Southwest Power Pool,US-CENT-SWPP,488.0,543.0,,34.0,,False,
2025-01-26T13:00:00.000Z,USA,Southwest Power Pool,US-CENT-SWPP,504.0,563.0,,31.0,,False,
2025-01-26T14:00:00.000Z,USA,Southwest Power Pool,US-CENT-SWPP,522.0,582.0,,29.0,,False,
2025-01-26T15:00:00.000Z,USA,Southwest Power Pool,US-CENT-SWPP,542.0,604.0,,27.0,,False,
2025-01-26T16:00:00.000Z,USA,Southwest Power Pool,US-CENT-SWPP,567.0,632.0,,23.0,,False,
2025-01-26T17:00:00.000Z,USA,Southwest Power Pool,US-CENT-SWPP,592.0,659.0,,20.0,,False,
2025-01-26T18:00:00.000Z,USA,Southwest Power Pool,US-CENT-SWPP,601.0,667.0,,20.0,,False,
2025-01-26T19:00:00.000Z,USA,Southwest Power Pool,US-CENT-SWPP,587.0,651.0,,22.0,,False,
2025-01-26T20:00:00.000Z,USA,Southwest Power Pool,US-CENT-SWPP,564.0,626.0,,25.0,,False,
2025-01-26T21:00:00.000Z,USA,Southwest Power Pool,US-CENT-SWPP,546.0,606.0,,27.0,,False,
2025-01-26T22:00:00.000Z,USA,Southwest Power Pool,US-CENT-SWPP,547.0,607.0,,27.0,,False,
2025-01-26T23:00:00.000Z,USA,Southwest Power Pool,US-CENT-SWPP,564.0,627.0,,24.0,,False,
2025-01-27T00:00:00.000Z,USA,Southwest Power Pool,US-CENT-SWPP,560.0,621.0,,26.0,,False,
2025-01-27T01:00:00.000Z,USA,Southwest Power Pool,US-CENT-SWPP,541.0,599.0,,29.0,,False,
2025-01-27T02:00:00.000Z,USA,Southwest Power Pool,US-CENT-SWPP,509.0,564.0,,33.0,,False,
2025-01-27T03:00:00.000Z,USA,Southwest Power Pool,US-CENT-SWPP,490.0,543.0,,35.0,,False,
2025-01-27T04:00:00.000Z,USA,Southwest Power Pool,US-CENT-SWPP,486.0,539.0,,35.0,,False,
2025-01-27T05:00:00.000Z,USA,Southwest Power Pool,US-CENT-SWPP,476.0,529.0,,36.0,,False,
2025-01-27T06:00:00.000Z,USA,Southwest Power Pool,US-CENT-SWPP,467.0,520.0,,36.0,,False,
2025-01-27T07:00:00.000Z,USA,Southwest Power Pool,US-CENT-SWPP,462.0,516.0,,37.0,,False,
2025-01-27T08:00:00.000Z,USA,Southwest Power Pool,US-CENT-SWPP,461.0,514.0,,37.0,,False,
2025-01-27T09:00:00.000Z,USA,Southwest Power Pool,US-CENT-SWPP,468.0,522.0,,36.0,,False,
2025-01-27T10:00:00.000Z,USA,Southwest Power Pool,US-CENT-SWPP,482.0,538.0,,34.0,,False,
2025-01-27T11:00:00.000Z,USA,Southwest Power Pool,US-CENT-SWPP,477.0,534.0,,34.0,,False,
2025-01-27T12:00:00.000Z,USA,Southwest Power Pool,US-CENT-SWPP,458.0,514.0,,36.0,,False,
2025-01-27T13:00:00.000Z,USA,Southwest Power Pool,US-CENT-SWPP,444.0,500.0,,38.0,,False,
2025-01-27T14:00:00.000Z,USA,Southwest Power Pool,US-CENT-SWPP,423.0,478.0,,40.0,,False,
2025-01-27T15:00:00.000Z,USA,Southwest Power Pool,US-CENT-SWPP,438.0,494.0,,37.0,,False,
2025-01-27T16:00:00.000Z,USA,Southwest Power Pool,US-CENT-SWPP,473.0,532.0,,33.0,,False,
2025-01-27T17:00:00.000Z,USA,Southwest Power Pool,US-CENT-SWPP,456.0,514.0,,35.0,,False,
2025-01-27T18:00:00.000Z,USA,Southwest Power Pool,US-CENT-SWPP,429.0,483.0,,39.0,,False,
2025-01-27T19:00:00.000Z,USA,Southwest Power Pool,US-CENT-SWPP,406.0,458.0,,42.0,,False,
2025-01-27T20:00:00.000Z,USA,Southwest Power Pool,US-CENT-SWPP,385.0,436.0,,44.0,,False,
2025-01-27T21:00:00.000Z,USA,Southwest Power Pool,US-CENT-SWPP,374.0,423.0,,45.0,,False,
2025-01-27T22:00:00.000Z,USA,Southwest Power Pool,US-CENT-SWPP,377.0,426.0,,45.0,,False,
2025-01-27T23:00:00.000Z,USA,Southwest Power Pool,US-CENT-SWPP,417.0,470.0,,41.0,,False,
2025-01-28T00:00:00.000Z,USA,Southwest Power Pool,US-CENT-SWPP,404.0,455.0,,43.0,,False,
2025-01-28T01:00:00.000Z,USA,Southwest Power Pool,US-CENT-SWPP,380.0,428.0,,46.0,,False,
2025-01-28T02:00:00.000Z,USA,Southwest Power Pool,US-CENT-SWPP,361.0,407.0,,49.0,,False,
2025-01-28T03:00:00.000Z,USA,Southwest Power Pool,US-CENT-SWPP,352.0,397.0,,50.0,,False,
2025-01-28T04:00:00.000Z,USA,Southwest Power Pool,US-CENT-SWPP,351.0,396.0,,50.0,,False,
2025-01-28T05:00:00.000Z,USA,Southwest Power Pool,US-CENT-SWPP,352.0,397.0,,50.0,,False,
2025-01-28T06:00:00.000Z,USA,Southwest Power Pool,US-CENT-SWPP,359.0,404.0,,49.0,,False,
2025-01-28T07:00:00.000Z,USA,Southwest Power Pool,US-CENT-SWPP,371.0,417.0,,48.0,,False,
2025-01-28T08:00:00.000Z,USA,Southwest Power Pool,US-CENT-SWPP,385.0,432.0,,46.0,,False,
2025-01-28T09:00:00.000Z,USA,Southwest Power Pool,US-CENT-SWPP,391.0,439.0,,45.0,,False,
2025-01-28T10:00:00.000Z,USA,Southwest Power Pool,US-CENT-SWPP,388.0,435.0,,46.0,,False,
2025-01-28T11:00:00.000Z,USA,Southwest Power Pool,US-CENT-SWPP,406.0,456.0,,43.0,,False,
2025-01-28T12:00:00.000Z,USA,Southwest Power Pool,US-CENT-SWPP,436.0,489.0,,40.0,,False,
2025-01-28T13:00:00.000Z,USA,Southwest Power Pool,US-CENT-SWPP,461.0,516.0,,37.0,,False,
2025-01-28T14:00:00.000Z,USA,Southwest Power Pool,US-CENT-SWPP,478.0,534.0,,35.0,,False,
2025-01-28T15:00:00.000Z,USA,Southwest Power Pool,US-CENT-SWPP,516.0,577.0,,29.0,,False,
2025-01-28T16:00:00.000Z,USA,Southwest Power Pool,US-CENT-SWPP,563.0,628.0,,23.0,,False,
2025-01-28T17:00:00.000Z,USA,Southwest Power Pool,US-CENT-SWPP,555.0,620.0,,24.0,,False,
2025-01-28T18:00:00.000Z,USA,Southwest Power Pool,US-CENT-SWPP,538.0,601.0,,26.0,,False,
2025-01-28T19:00:00.000Z,USA,Southwest Power Pool,US-CENT-SWPP,516.0,576.0,,29.0,,False,
2025-01-28T20:00:00.000Z,USA,Southwest Power Pool,US-CENT-SWPP,503.0,562.0,,31.0,,False,
2025-01-28T21:00:00.000Z,USA,Southwest Power Pool,US-CENT-SWPP,491.0,549.0,,32.0,,False,
2025-01-28T22:00:00.000Z,USA,Southwest Power Pool,US-CENT-SWPP,504.0,563.0,,31.0,,False,
2025-01-28T23:00:00.000Z,USA,Southwest Power Pool,US-CENT-SWPP,504.0,563.0,,31.0,,False,
2025-01-29T00:00:00.000Z,USA,Southwest Power Pool,US-CENT-SWPP,488.0,545.0,,33.0,,False,
2025-01-29T01:00:00.000Z,USA,Southwest Power Pool,US-CENT-SWPP,452.0,506.0,,37.0,,False,
2025-01-29T02:00:00.000Z,USA,Southwest Power Pool,US-CENT-SWPP,429.0,481.0,,40.0,,False,
2025-01-29T03:00:00.000Z,USA,Southwest Power Pool,US-CENT-SWPP,388.0,436.0,,45.0,,False,
2025-01-29T04:00:00.000Z,USA,Southwest Power Pool,US-CENT-SWPP,375.0,422.0,,47.0,,False,
2025-01-29T05:00:00.000Z,USA,Southwest Power Pool,US-CENT-SWPP,375.0,421.0,,47.0,,False,
2025-01-29T06:00:00.000Z,USA,Southwest Power Pool,US-CENT-SWPP,406.0,455.0,,42.0,,False,
2025-01-29T07:00:00.000Z,USA,Southwest Power Pool,US-CENT-SWPP,439.0,491.0,,39.0,,False,
2025-01-29T08:00:00.000Z,USA,Southwest Power Pool,US-CENT-SWPP,478.0,533.0,,34.0,,False,
2025-01-29T09:00:00.000Z,USA,Southwest Power Pool,US-CENT-SWPP,517.0,576.0,,29.0,,False,
2025-01-29T10:00:00.000Z,USA,Southwest Power Pool,US-CENT-SWPP,554.0,616.0,,24.0,,False,
2025-01-29T11:00:00.000Z,USA,Southwest Power Pool,US-CENT-SWPP,585.0,650.0,,21.0,,False,
2025-01-29T12:00:00.000Z,USA,Southwest Power Pool,US-CENT-SWPP,609.0,678.0,,18.0,,False,
2025-01-29T13:00:00.000Z,USA,Southwest Power Pool,US-CENT-SWPP,632.0,704.0,,15.0,,False,
2025-01-29T14:00:00.000Z,USA,Southwest Power Pool,US-CENT-SWPP,643.0,716.0,,14.0,,False,
2025-01-29T15:00:00.000Z,USA,Southwest Power Pool,US-CENT-SWPP,653.0,726.0,,12.0,,False,
2025-01-29T16:00:00.000Z,USA,Southwest Power Pool,US-CENT-SWPP,671.0,746.0,,10.0,,False,
2025-01-29T17:00:00.000Z,USA,Southwest Power Pool,US-CENT-SWPP,679.0,754.0,,9.0,,False,
2025-01-29T18:00:00.000Z,USA,Southwest Power Pool,US-CENT-SWPP,685.0,759.0,,9.0,,False,
2025-01-29T19:00:00.000Z,USA,Southwest Power Pool,US-CENT-SWPP,668.0,739.0,,12.0,,False,
2025-01-29T20:00:00.000Z,USA,Southwest Power Pool,US-CENT-SWPP,634.0,702.0,,16.0,,False,
2025-01-29T21:00:00.000Z,USA,Southwest Power Pool,US-CENT-SWPP,622.0,688.0,,18.0,,False,
2025-01-29T22:00:00.000Z,USA,Southwest Power Pool,US-CENT-SWPP,604.0,669.0,,20.0,,False,
2025-01-29T23:00:00.000Z,USA,Southwest Power Pool,US-CENT-SWPP,591.0,656.0,,22.0,,False,
2025-01-30T00:00:00.000Z,USA,Southwest Power Pool,US-CENT-SWPP,559.0,620.0,,26.0,,False,
2025-01-30T01:00:00.000Z,USA,Southwest Power Pool,US-CENT-SWPP,531.0,589.0,,30.0,,False,
2025-01-30T02:00:00.000Z,USA,Southwest Power Pool,US-CENT-SWPP,495.0,552.0,,33.0,,False,
2025-01-30T03:00:00.000Z,USA,Southwest Power Pool,US-CENT-SWPP,476.0,530.0,,35.0,,False,
2025-01-30T04:00:00.000Z,USA,Southwest Power Pool,US-CENT-SWPP,477.0,532.0,,35.0,,False,
2025-01-30T05:00:00.000Z,USA,Southwest Power Pool,US-CENT-SWPP,476.0,531.0,,34.0,,False,
2025-01-30T06:00:00.000Z,USA,Southwest Power Pool,US-CENT-SWPP,471.0,525.0,,35.0,,False,
2025-01-30T07:00:00.000Z,USA,Southwest Power Pool,US-CENT-SWPP,494.0,550.0,,32.0,,False,
2025-01-30T08:00:00.000Z,USA,Southwest Power Pool,US-CENT-SWPP,494.0,549.0,,33.0,,False,
2025-01-30T09:00:00.000Z,USA,Southwest Power Pool,US-CENT-SWPP,512.0,569.0,,31.0,,False,
2025-01-30T10:00:00.000Z,USA,Southwest Power Pool,US-CENT-SWPP,528.0,586.0,,29.0,,False,
2025-01-30T11:00:00.000Z,USA,Southwest Power Pool,US-CENT-SWPP,557.0,619.0,,25.0,,False,
2025-01-30T12:00:00.000Z,USA,Southwest Power Pool,US-CENT-SWPP,572.0,635.0,,24.0,,False,
2025-01-30T13:00:00.000Z,USA,Southwest Power Pool,US-CENT-SWPP,581.0,643.0,,24.0,,False,
2025-01-30T14:00:00.000Z,USA,Southwest Power Pool,US-CENT-SWPP,591.0,654.0,,23.0,,False,
2025-01-30T15:00:00.000Z,USA,Southwest Power Pool,US-CENT-SWPP,609.0,674.0,,20.0,,False,
2025-01-30T16:00:00.000Z,USA,Southwest Power Pool,US-CENT-SWPP,617.0,682.0,,20.0,,False,
2025-01-30T17:00:00.000Z,USA,Southwest Power Pool,US-CENT-SWPP,608.0,672.0,,21.0,,False,
2025-01-30T18:00:00.000Z,USA,Southwest Power Pool,US-CENT-SWPP,598.0,662.0,,22.0,,False,
2025-01-30T19:00:00.000Z,USA,Southwest Power Pool,US-CENT-SWPP,593.0,656.0,,22.0,,False,
2025-01-30T20:00:00.000Z,USA,Southwest Power Pool,US-CENT-SWPP,588.0,651.0,,22.0,,False,
2025-01-30T21:00:00.000Z,USA,Southwest Power Pool,US-CENT-SWPP,588.0,651.0,,22.0,,False,
2025-01-30T22:00:00.000Z,USA,Southwest Power Pool,US-CENT-SWPP,578.0,641.0,,23.0,,False,
2025-01-30T23:00:00.000Z,USA,Southwest Power Pool,US-CENT-SWPP,566.0,628.0,,25.0,,False,
2025-01-31T00:00:00.000Z,USA,Southwest Power Pool,US-CENT-SWPP,553.0,613.0,,27.0,,False,
2025-01-31T01:00:00.000Z,USA,Southwest Power Pool,US-CENT-SWPP,515.0,570.0,,33.0,,False,
2025-01-31T02:00:00.000Z,USA,Southwest Power Pool,US-CENT-SWPP,480.0,531.0,,37.0,,False,
2025-01-31T03:00:00.000Z,USA,Southwest Power Pool,US-CENT-SWPP,467.0,517.0,,39.0,,False,
2025-01-31T04:00:00.000Z,USA,Southwest Power Pool,US-CENT-SWPP,454.0,502.0,,40.0,,False,
2025-01-31T05:00:00.000Z,USA,Southwest Power Pool,US-CENT-SWPP,396.0,440.0,,47.0,,False,
2025-01-31T06:00:00.000Z,USA,Southwest Power Pool,US-CENT-SWPP,346.0,387.0,,52.0,,False,
2025-01-31T07:00:00.000Z,USA,Southwest Power Pool,US-CENT-SWPP,306.0,345.0,,56.0,,False,
2025-01-31T08:00:00.000Z,USA,Southwest Power Pool,US-CENT-SWPP,294.0,332.0,,57.0,,False,
2025-01-31T09:00:00.000Z,USA,Southwest Power Pool,US-CENT-SWPP,290.0,327.0,,58.0,,False,
2025-01-31T10:00:00.000Z,USA,Southwest Power Pool,US-CENT-SWPP,279.0,315.0,,59.0,,False,
2025-01-31T11:00:00.000Z,USA,Southwest Power Pool,US-CENT-SWPP,293.0,330.0,,58.0,,False,
2025-01-31T12:00:00.000Z,USA,Southwest Power Pool,US-CENT-SWPP,295.0,334.0,,57.0,,False,
2025-01-31T13:00:00.000Z,USA,Southwest Power Pool,US-CENT-SWPP,301.0,340.0,,57.0,,False,
2025-01-31T14:00:00.000Z,USA,Southwest Power Pool,US-CENT-SWPP,308.0,348.0,,56.0,,False,
2025-01-31T15:00:00.000Z,USA,Southwest Power Pool,US-CENT-SWPP,297.0,337.0,,57.0,,False,
2025-01-31T16:00:00.000Z,USA,Southwest Power Pool,US-CENT-SWPP,292.0,333.0,,57.0,,False,
2025-01-31T17:00:00.000Z,USA,Southwest Power Pool,US-CENT-SWPP,283.0,322.0,,58.0,,False,
2025-01-31T18:00:00.000Z,USA,Southwest Power Pool,US-CENT-SWPP,283.0,323.0,,58.0,,False,
2025-01-31T19:00:00.000Z,USA,Southwest Power Pool,US-CENT-SWPP,283.0,323.0,,58.0,,False,
2025-01-31T20:00:00.000Z,USA,Southwest Power Pool,US-CENT-SWPP,287.0,326.0,,57.0,,False,
2025-01-31T21:00:00.000Z,USA,Southwest Power Pool,US-CENT-SWPP,292.0,333.0,,56.0,,False,
2025-01-31T22:00:00.000Z,USA,Southwest Power Pool,US-CENT-SWPP,331.0,378.0,,50.0,,False,
2025-01-31T23:00:00.000Z,USA,Southwest Power Pool,US-CENT-SWPP,446.0,505.0,,35.0,,False,
2025-02-01T00:00:00.000Z,USA,Southwest Power Pool,US-CENT-SWPP,495.0,556.0,,30.0,,False,
2025-02-01T01:00:00.000Z,USA,Southwest Power Pool,US-CENT-SWPP,499.0,559.0,,31.0,,False,
2025-02-01T02:00:00.000Z,USA,Southwest Power Pool,US-CENT-SWPP,477.0,536.0,,33.0,,False,
2025-02-01T03:00:00.000Z,USA,Southwest Power Pool,US-CENT-SWPP,456.0,510.0,,37.0,,False,
2025-02-01T04:00:00.000Z,USA,Southwest Power Pool,US-CENT-SWPP,428.0,477.0,,42.0,,False,
2025-02-01T05:00:00.000Z,USA,Southwest Power Pool,US-CENT-SWPP,381.0,427.0,,47.0,,False,
2025-02-01T06:00:00.000Z,USA,Southwest Power Pool,US-CENT-SWPP,331.0,373.0,,53.0,,False,
2025-02-01T07:00:00.000Z,USA,Southwest Power Pool,US-CENT-SWPP,290.0,330.0,,57.0,,False,
2025-02-01T08:00:00.000Z,USA,Southwest Power Pool,US-CENT-SWPP,257.0,294.0,,60.0,,False,
2025-02-01T09:00:00.000Z,USA,Southwest Power Pool,US-CENT-SWPP,235.0,271.0,,63.0,,False,
2025-02-01T10:00:00.000Z,USA,Southwest Power Pool,US-CENT-SWPP,232.0,268.0,,62.0,,False,
2025-02-01T11:00:00.000Z,USA,Southwest Power Pool,US-CENT-SWPP,226.0,262.0,,63.0,,False,
2025-02-01T12:00:00.000Z,USA,Southwest Power Pool,US-CENT-SWPP,217.0,253.0,,64.0,,False,
2025-02-01T13:00:00.000Z,USA,Southwest Power Pool,US-CENT-SWPP,217.0,254.0,,64.0,,False,
2025-02-01T14:00:00.000Z,USA,Southwest Power Pool,US-CENT-SWPP,218.0,254.0,,64.0,,False,
2025-02-01T15:00:00.000Z,USA,Southwest Power Pool,US-CENT-SWPP,221.0,256.0,,64.0,,False,
2025-02-01T16:00:00.000Z,USA,Southwest Power Pool,US-CENT-SWPP,224.0,260.0,,64.0,,False,
2025-02-01T17:00:00.000Z,USA,Southwest Power Pool,US-CENT-SWPP,219.0,254.0,,65.0,,False,
2025-02-01T18:00:00.000Z,USA,Southwest Power Pool,US-CENT-SWPP,219.0,254.0,,65.0,,False,
2025-02-01T19:00:00.000Z,USA,Southwest Power Pool,US-CENT-SWPP,214.0,247.0,,66.0,,False,
2025-02-01T20:00:00.000Z,USA,Southwest Power Pool,US-CENT-SWPP,222.0,257.0,,65.0,,False,
2025-02-01T21:00:00.000Z,USA,Southwest Power Pool,US-CENT-SWPP,227.0,261.0,,64.0,,False,
2025-02-01T22:00:00.000Z,USA,Southwest Power Pool,US-CENT-SWPP,243.0,278.0,,62.0,,False,
2025-02-01T23:00:00.000Z,USA,Southwest Power Pool,US-CENT-SWPP,266.0,302.0,,60.0,,False,
2025-02-02T00:00:00.000Z,USA,Southwest Power Pool,US-CENT-SWPP,274.0,311.0,,60.0,,False,
2025-02-02T01:00:00.000Z,USA,Southwest Power Pool,US-CENT-SWPP,255.0,291.0,,62.0,,False,
2025-02-02T02:00:00.000Z,USA,Southwest Power Pool,US-CENT-SWPP,251.0,286.0,,62.0,,False,
2025-02-02T03:00:00.000Z,USA,Southwest Power Pool,US-CENT-SWPP,257.0,292.0,,62.0,,False,
2025-02-02T04:00:00.000Z,USA,Southwest Power Pool,US-CENT-SWPP,282.0,319.0,,59.0,,False,
2025-02-02T05:00:00.000Z,USA,Southwest Power Pool,US-CENT-SWPP,287.0,323.0,,59.0,,False,
2025-02-02T06:00:00.000Z,USA,Southwest Power Pool,US-CENT-SWPP,292.0,329.0,,58.0,,False,
2025-02-02T07:00:00.000Z,USA,Southwest Power Pool,US-CENT-SWPP,329.0,369.0,,54.0,,False,
2025-02-02T08:00:00.000Z,USA,Southwest Power Pool,US-CENT-SWPP,366.0,408.0,,49.0,,False,
2025-02-02T09:00:00.000Z,USA,Southwest Power Pool,US-CENT-SWPP,386.0,431.0,,46.0,,False,
2025-02-02T10:00:00.000Z,USA,Southwest Power Pool,US-CENT-SWPP,406.0,454.0,,43.0,,False,
2025-02-02T11:00:00.000Z,USA,Southwest Power Pool,US-CENT-SWPP,421.0,472.0,,40.0,,False,
2025-02-02T12:00:00.000Z,USA,Southwest Power Pool,US-CENT-SWPP,463.0,519.0,,35.0,,False,
2025-02-02T13:00:00.000Z,USA,Southwest Power Pool,US-CENT-SWPP,478.0,538.0,,32.0,,False,
2025-02-02T14:00:00.000Z,USA,Southwest Power Pool,US-CENT-SWPP,478.0,539.0,,31.0,,False,
2025-02-02T15:00:00.000Z,USA,Southwest Power Pool,US-CENT-SWPP,501.0,566.0,,27.0,,False,
2025-02-02T16:00:00.000Z,USA,Southwest Power Pool,US-CENT-SWPP,542.0,611.0,,22.0,,False,
2025-02-02T17:00:00.000Z,USA,Southwest Power Pool,US-CENT-SWPP,537.0,605.0,,22.0,,False,
2025-02-02T18:00:00.000Z,USA,Southwest Power Pool,US-CENT-SWPP,532.0,599.0,,23.0,,False,
2025-02-02T19:00:00.000Z,USA,Southwest Power Pool,US-CENT-SWPP,509.0,574.0,,26.0,,False,
2025-02-02T20:00:00.000Z,USA,Southwest Power Pool,US-CENT-SWPP,483.0,545.0,,30.0,,False,
2025-02-02T21:00:00.000Z,USA,Southwest Power Pool,US-CENT-SWPP,438.0,493.0,,37.0,,False,
2025-02-02T22:00:00.000Z,USA,Southwest Power Pool,US-CENT-SWPP,427.0,482.0,,38.0,,False,
2025-02-02T23:00:00.000Z,USA,Southwest Power Pool,US-CENT-SWPP,428.0,484.0,,37.0,,False,
2025-02-03T00:00:00.000Z,USA,Southwest Power Pool,US-CENT-SWPP,377.0,426.0,,45.0,,False,
2025-02-03T01:00:00.000Z,USA,Southwest Power Pool,US-CENT-SWPP,329.0,371.0,,53.0,,False,
2025-02-03T02:00:00.000Z,USA,Southwest Power Pool,US-CENT-SWPP,289.0,327.0,,58.0,,False,
2025-02-03T03:00:00.000Z,USA,Southwest Power Pool,US-CENT-SWPP,247.0,281.0,,63.0,,False,
2025-02-03T04:00:00.000Z,USA,Southwest Power Pool,US-CENT-SWPP,235.0,268.0,,64.0,,False,
2025-02-03T05:00:00.000Z,USA,Southwest Power Pool,US-CENT-SWPP,227.0,260.0,,65.0,,False,
2025-02-03T06:00:00.000Z,USA,Southwest Power Pool,US-CENT-SWPP,212.0,243.0,,66.0,,False,
2025-02-03T07:00:00.000Z,USA,Southwest Power Pool,US-CENT-SWPP,211.0,242.0,,67.0,,False,
2025-02-03T08:00:00.000Z,USA,Southwest Power Pool,US-CENT-SWPP,210.0,241.0,,67.0,,False,
2025-02-03T09:00:00.000Z,USA,Southwest Power Pool,US-CENT-SWPP,212.0,243.0,,67.0,,False,
2025-02-03T10:00:00.000Z,USA,Southwest Power Pool,US-CENT-SWPP,213.0,244.0,,67.0,,False,
2025-02-03T11:00:00.000Z,USA,Southwest Power Pool,US-CENT-SWPP,221.0,254.0,,66.0,,False,
2025-02-03T12:00:00.000Z,USA,Southwest Power Pool,US-CENT-SWPP,225.0,260.0,,65.0,,False,
2025-02-03T13:00:00.000Z,USA,Southwest Power Pool,US-CENT-SWPP,234.0,269.0,,64.0,,False,
2025-02-03T14:00:00.000Z,USA,Southwest Power Pool,US-CENT-SWPP,229.0,265.0,,64.0,,False,
2025-02-03T15:00:00.000Z,USA,Southwest Power Pool,US-CENT-SWPP,246.0,284.0,,61.0,,False,
2025-02-03T16:00:00.000Z,USA,Southwest Power Pool,US-CENT-SWPP,313.0,358.0,,52.0,,False,
2025-02-03T17:00:00.000Z,USA,Southwest Power Pool,US-CENT-SWPP,344.0,391.0,,49.0,,False,
2025-02-03T18:00:00.000Z,USA,Southwest Power Pool,US-CENT-SWPP,340.0,386.0,,49.0,,False,
2025-02-03T19:00:00.000Z,USA,Southwest Power Pool,US-CENT-SWPP,329.0,376.0,,50.0,,False,
2025-02-03T20:00:00.000Z,USA,Southwest Power Pool,US-CENT-SWPP,319.0,365.0,,51.0,,False,
2025-02-03T21:00:00.000Z,USA,Southwest Power Pool,US-CENT-SWPP,304.0,350.0,,53.0,,False,
2025-02-03T22:00:00.000Z,USA,Southwest Power Pool,US-CENT-SWPP,286.0,330.0,,55.0,,False,
2025-02-03T23:00:00.000Z,USA,Southwest Power Pool,US-CENT-SWPP,284.0,328.0,,55.0,,False,
2025-02-04T00:00:00.000Z,USA,Southwest Power Pool,US-CENT-SWPP,260.0,302.0,,58.0,,False,
2025-02-04T01:00:00.000Z,USA,Southwest Power Pool,US-CENT-SWPP,242.0,282.0,,61.0,,False,
2025-02-04T02:00:00.000Z,USA,Southwest Power Pool,US-CENT-SWPP,228.0,265.0,,63.0,,False,
2025-02-04T03:00:00.000Z,USA,Southwest Power Pool,US-CENT-SWPP,223.0,259.0,,64.0,,False,
2025-02-04T04:00:00.000Z,USA,Southwest Power Pool,US-CENT-SWPP,231.0,268.0,,62.0,,False,
2025-02-04T05:00:00.000Z,USA,Southwest Power Pool,US-CENT-SWPP,234.0,270.0,,62.0,,False,
2025-02-04T06:00:00.000Z,USA,Southwest Power Pool,US-CENT-SWPP,240.0,276.0,,62.0,,False,
2025-02-04T07:00:00.000Z,USA,Southwest Power Pool,US-CENT-SWPP,249.0,286.0,,61.0,,False,
2025-02-04T08:00:00.000Z,USA,Southwest Power Pool,US-CENT-SWPP,253.0,290.0,,61.0,,False,
2025-02-04T09:00:00.000Z,USA,Southwest Power Pool,US-CENT-SWPP,254.0,291.0,,61.0,,False,
2025-02-04T10:00:00.000Z,USA,Southwest Power Pool,US-CENT-SWPP,266.0,305.0,,59.0,,False,
2025-02-04T11:00:00.000Z,USA,Southwest Power Pool,US-CENT-SWPP,291.0,332.0,,55.0,,False,
2025-02-04T12:00:00.000Z,USA,Southwest Power Pool,US-CENT-SWPP,339.0,385.0,,49.0,,False,
2025-02-04T13:00:00.000Z,USA,Southwest Power Pool,US-CENT-SWPP,394.0,447.0,,42.0,,False,
2025-02-04T14:00:00.000Z,USA,Southwest Power Pool,US-CENT-SWPP,445.0,503.0,,36.0,,False,
2025-02-04T15:00:00.000Z,USA,Southwest Power Pool,US-CENT-SWPP,483.0,546.0,,30.0,,False,
2025-02-04T16:00:00.000Z,USA,Southwest Power Pool,US-CENT-SWPP,521.0,588.0,,25.0,,False,
2025-02-04T17:00:00.000Z,USA,Southwest Power Pool,US-CENT-SWPP,543.0,613.0,,21.0,,False,
2025-02-04T18:00:00.000Z,USA,Southwest Power Pool,US-CENT-SWPP,558.0,631.0,,19.0,,False,
2025-02-04T19:00:00.000Z,USA,Southwest Power Pool,US-CENT-SWPP,565.0,637.0,,19.0,,False,
2025-02-04T20:00:00.000Z,USA,Southwest Power Pool,US-CENT-SWPP,564.0,636.0,,19.0,,False,
2025-02-04T21:00:00.000Z,USA,Southwest Power Pool,US-CENT-SWPP,557.0,628.0,,20.0,,False,
2025-02-04T22:00:00.000Z,USA,Southwest Power Pool,US-CENT-SWPP,542.0,610.0,,23.0,,False,
2025-02-04T23:00:00.000Z,USA,Southwest Power Pool,US-CENT-SWPP,536.0,603.0,,24.0,,False,
2025-02-05T00:00:00.000Z,USA,Southwest Power Pool,US-CENT-SWPP,537.0,606.0,,23.0,,False,
2025-02-05T01:00:00.000Z,USA,Southwest Power Pool,US-CENT-SWPP,538.0,606.0,,23.0,,False,
2025-02-05T02:00:00.000Z,USA,Southwest Power Pool,US-CENT-SWPP,541.0,609.0,,23.0,,False,
2025-02-05T03:00:00.000Z,USA,Southwest Power Pool,US-CENT-SWPP,545.0,614.0,,22.0,,False,
2025-02-05T04:00:00.000Z,USA,Southwest Power Pool,US-CENT-SWPP,566.0,637.0,,19.0,,False,
2025-02-05T05:00:00.000Z,USA,Southwest Power Pool,US-CENT-SWPP,577.0,647.0,,18.0,,False,
2025-02-05T06:00:00.000Z,USA,Southwest Power Pool,US-CENT-SWPP,583.0,654.0,,18.0,,False,
2025-02-05T07:00:00.000Z,USA,Southwest Power Pool,US-CENT-SWPP,588.0,659.0,,17.0,,False,
2025-02-05T08:00:00.000Z,USA,Southwest Power Pool,US-CENT-SWPP,588.0,659.0,,17.0,,False,
2025-02-05T09:00:00.000Z,USA,Southwest Power Pool,US-CENT-SWPP,588.0,659.0,,17.0,,False,
2025-02-05T10:00:00.000Z,USA,Southwest Power Pool,US-CENT-SWPP,590.0,662.0,,16.0,,False,
2025-02-05T11:00:00.000Z,USA,Southwest Power Pool,US-CENT-SWPP,590.0,664.0,,16.0,,False,
2025-02-05T12:00:00.000Z,USA,Southwest Power Pool,US-CENT-SWPP,578.0,652.0,,17.0,,False,
2025-02-05T13:00:00.000Z,USA,Southwest Power Pool,US-CENT-SWPP,573.0,648.0,,17.0,,False,
2025-02-05T14:00:00.000Z,USA,Southwest Power Pool,US-CENT-SWPP,574.0,648.0,,17.0,,False,
2025-02-05T15:00:00.000Z,USA,Southwest Power Pool,US-CENT-SWPP,574.0,648.0,,17.0,,False,
2025-02-05T16:00:00.000Z,USA,Southwest Power Pool,US-CENT-SWPP,564.0,635.0,,19.0,,False,
2025-02-05T17:00:00.000Z,USA,Southwest Power Pool,US-CENT-SWPP,552.0,620.0,,22.0,,False,
2025-02-05T18:00:00.000Z,USA,Southwest Power Pool,US-CENT-SWPP,529.0,592.0,,27.0,,False,
2025-02-05T19:00:00.000Z,USA,Southwest Power Pool,US-CENT-SWPP,505.0,564.0,,31.0,,False,
2025-02-05T20:00:00.000Z,USA,Southwest Power Pool,US-CENT-SWPP,489.0,543.0,,35.0,,False,
2025-02-05T21:00:00.000Z,USA,Southwest Power Pool,US-CENT-SWPP,486.0,540.0,,36.0,,False,
2025-02-05T22:00:00.000Z,USA,Southwest Power Pool,US-CENT-SWPP,494.0,549.0,,34.0,,False,
2025-02-05T23:00:00.000Z,USA,Southwest Power Pool,US-CENT-SWPP,506.0,565.0,,31.0,,False,
2025-02-06T00:00:00.000Z,USA,Southwest Power Pool,US-CENT-SWPP,518.0,580.0,,28.0,,False,
2025-02-06T01:00:00.000Z,USA,Southwest Power Pool,US-CENT-SWPP,528.0,591.0,,27.0,,False,
2025-02-06T02:00:00.000Z,USA,Southwest Power Pool,US-CENT-SWPP,530.0,592.0,,27.0,,False,
2025-02-06T03:00:00.000Z,USA,Southwest Power Pool,US-CENT-SWPP,529.0,589.0,,29.0,,False,
2025-02-06T04:00:00.000Z,USA,Southwest Power Pool,US-CENT-SWPP,527.0,585.0,,30.0,,False,
2025-02-06T05:00:00.000Z,USA,Southwest Power Pool,US-CENT-SWPP,500.0,553.0,,34.0,,False,
2025-02-06T06:00:00.000Z,USA,Southwest Power Pool,US-CENT-SWPP,485.0,535.0,,37.0,,False,
2025-02-06T07:00:00.000Z,USA,Southwest Power Pool,US-CENT-SWPP,474.0,521.0,,39.0,,False,
2025-02-06T08:00:00.000Z,USA,Southwest Power Pool,US-CENT-SWPP,451.0,497.0,,42.0,,False,
2025-02-06T09:00:00.000Z,USA,Southwest Power Pool,US-CENT-SWPP,428.0,472.0,,45.0,,False,
2025-02-06T10:00:00.000Z,USA,Southwest Power Pool,US-CENT-SWPP,409.0,453.0,,46.0,,False,
2025-02-06T11:00:00.000Z,USA,Southwest Power Pool,US-CENT-SWPP,396.0,441.0,,47.0,,False,
2025-02-06T12:00:00.000Z,USA,Southwest Power Pool,US-CENT-SWPP,369.0,412.0,,50.0,,False,
2025-02-06T13:00:00.000Z,USA,Southwest Power Pool,US-CENT-SWPP,338.0,379.0,,54.0,,False,
2025-02-06T14:00:00.000Z,USA,Southwest Power Pool,US-CENT-SWPP,310.0,350.0,,56.0,,False,
2025-02-06T15:00:00.000Z,USA,Southwest Power Pool,US-CENT-SWPP,310.0,352.0,,55.0,,False,
2025-02-06T16:00:00.000Z,USA,Southwest Power Pool,US-CENT-SWPP,346.0,390.0,,51.0,,False,
2025-02-06T17:00:00.000Z,USA,Southwest Power Pool,US-CENT-SWPP,384.0,430.0,,46.0,,False,
2025-02-06T18:00:00.000Z,USA,Southwest Power Pool,US-CENT-SWPP,425.0,474.0,,42.0,,False,
2025-02-06T19:00:00.000Z,USA,Southwest Power Pool,US-CENT-SWPP,454.0,507.0,,38.0,,False,
2025-02-06T20:00:00.000Z,USA,Southwest Power Pool,US-CENT-SWPP,462.0,515.0,,37.0,,False,
2025-02-06T21:00:00.000Z,USA,Southwest Power Pool,US-CENT-SWPP,457.0,508.0,,39.0,,False,
2025-02-06T22:00:00.000Z,USA,Southwest Power Pool,US-CENT-SWPP,469.0,521.0,,37.0,,False,
2025-02-06T23:00:00.000Z,USA,Southwest Power Pool,US-CENT-SWPP,505.0,561.0,,32.0,,False,
2025-02-07T00:00:00.000Z,USA,Southwest Power Pool,US-CENT-SWPP,513.0,571.0,,31.0,,False,
2025-02-07T01:00:00.000Z,USA,Southwest Power Pool,US-CENT-SWPP,497.0,551.0,,34.0,,False,
2025-02-07T02:00:00.000Z,USA,Southwest Power Pool,US-CENT-SWPP,472.0,523.0,,38.0,,False,
2025-02-07T03:00:00.000Z,USA,Southwest Power Pool,US-CENT-SWPP,456.0,504.0,,41.0,,False,
2025-02-07T04:00:00.000Z,USA,Southwest Power Pool,US-CENT-SWPP,434.0,479.0,,43.0,,False,
2025-02-07T05:00:00.000Z,USA,Southwest Power Pool,US-CENT-SWPP,399.0,443.0,,47.0,,False,
2025-02-07T06:00:00.000Z,USA,Southwest Power Pool,US-CENT-SWPP,430.0,478.0,,42.0,,False,
2025-02-07T07:00:00.000Z,USA,Southwest Power Pool,US-CENT-SWPP,455.0,508.0,,37.0,,False,
2025-02-07T08:00:00.000Z,USA,Southwest Power Pool,US-CENT-SWPP,508.0,565.0,,32.0,,False,
2025-02-07T09:00:00.000Z,USA,Southwest Power Pool,US-CENT-SWPP,530.0,588.0,,29.0,,False,
2025-02-07T10:00:00.000Z,USA,Southwest Power Pool,US-CENT-SWPP,529.0,587.0,,29.0,,False,
2025-02-07T11:00:00.000Z,USA,Southwest Power Pool,US-CENT-SWPP,521.0,581.0,,29.0,,False,
2025-02-07T12:00:00.000Z,USA,Southwest Power Pool,US-CENT-SWPP,499.0,558.0,,31.0,,False,
2025-02-07T13:00:00.000Z,USA,Southwest Power Pool,US-CENT-SWPP,488.0,548.0,,32.0,,False,
2025-02-07T14:00:00.000Z,USA,Southwest Power Pool,US-CENT-SWPP,489.0,549.0,,32.0,,False,
2025-02-07T15:00:00.000Z,USA,Southwest Power Pool,US-CENT-SWPP,510.0,571.0,,30.0,,False,
2025-02-07T16:00:00.000Z,USA,Southwest Power Pool,US-CENT-SWPP,518.0,580.0,,29.0,,False,
2025-02-07T17:00:00.000Z,USA,Southwest Power Pool,US-CENT-SWPP,509.0,568.0,,30.0,,False,
2025-02-07T18:00:00.000Z,USA,Southwest Power Pool,US-CENT-SWPP,493.0,551.0,,32.0,,False,
2025-02-07T19:00:00.000Z,USA,Southwest Power Pool,US-CENT-SWPP,491.0,548.0,,33.0,,False,
2025-02-07T20:00:00.000Z,USA,Southwest Power Pool,US-CENT-SWPP,484.0,540.0,,34.0,,False,
2025-02-07T21:00:00.000Z,USA,Southwest Power Pool,US-CENT-SWPP,477.0,533.0,,34.0,,False,
2025-02-07T22:00:00.000Z,USA,Southwest Power Pool,US-CENT-SWPP,466.0,522.0,,35.0,,False,
2025-02-07T23:00:00.000Z,USA,Southwest Power Pool,US-CENT-SWPP,458.0,513.0,,36.0,,False,
2025-02-08T00:00:00.000Z,USA,Southwest Power Pool,US-CENT-SWPP,430.0,482.0,,40.0,,False,
2025-02-08T01:00:00.000Z,USA,Southwest Power Pool,US-CENT-SWPP,381.0,428.0,,47.0,,False,
2025-02-08T02:00:00.000Z,USA,Southwest Power Pool,US-CENT-SWPP,362.0,406.0,,49.0,,False,
2025-02-08T03:00:00.000Z,USA,Southwest Power Pool,US-CENT-SWPP,342.0,385.0,,52.0,,False,
2025-02-08T04:00:00.000Z,USA,Southwest Power Pool,US-CENT-SWPP,366.0,409.0,,50.0,,False,
2025-02-08T05:00:00.000Z,USA,Southwest Power Pool,US-CENT-SWPP,399.0,443.0,,47.0,,False,
2025-02-08T06:00:00.000Z,USA,Southwest Power Pool,US-CENT-SWPP,424.0,467.0,,46.0,,False,
2025-02-08T07:00:00.000Z,USA,Southwest Power Pool,US-CENT-SWPP,437.0,482.0,,44.0,,False,
2025-02-08T08:00:00.000Z,USA,Southwest Power Pool,US-CENT-SWPP,419.0,462.0,,47.0,,False,
2025-02-08T09:00:00.000Z,USA,Southwest Power Pool,US-CENT-SWPP,381.0,421.0,,51.0,,False,
2025-02-08T10:00:00.000Z,USA,Southwest Power Pool,US-CENT-SWPP,337.0,376.0,,55.0,,False,
2025-02-08T11:00:00.000Z,USA,Southwest Power Pool,US-CENT-SWPP,306.0,342.0,,58.0,,False,
2025-02-08T12:00:00.000Z,USA,Southwest Power Pool,US-CENT-SWPP,283.0,320.0,,60.0,,False,
2025-02-08T13:00:00.000Z,USA,Southwest Power Pool,US-CENT-SWPP,267.0,302.0,,62.0,,False,
2025-02-08T14:00:00.000Z,USA,Southwest Power Pool,US-CENT-SWPP,252.0,287.0,,64.0,,False,
2025-02-08T15:00:00.000Z,USA,Southwest Power Pool,US-CENT-SWPP,246.0,281.0,,64.0,,False,
2025-02-08T16:00:00.000Z,USA,Southwest Power Pool,US-CENT-SWPP,246.0,282.0,,64.0,,False,
2025-02-08T17:00:00.000Z,USA,Southwest Power Pool,US-CENT-SWPP,246.0,282.0,,63.0,,False,
2025-02-08T18:00:00.000Z,USA,Southwest Power Pool,US-CENT-SWPP,240.0,276.0,,64.0,,False,
2025-02-08T19:00:00.000Z,USA,Southwest Power Pool,US-CENT-SWPP,247.0,284.0,,63.0,,False,
2025-02-08T20:00:00.000Z,USA,Southwest Power Pool,US-CENT-SWPP,255.0,293.0,,61.0,,False,
2025-02-08T21:00:00.000Z,USA,Southwest Power Pool,US-CENT-SWPP,266.0,306.0,,59.0,,False,
2025-02-08T22:00:00.000Z,USA,Southwest Power Pool,US-CENT-SWPP,273.0,314.0,,58.0,,False,
2025-02-08T23:00:00.000Z,USA,Southwest Power Pool,US-CENT-SWPP,307.0,351.0,,54.0,,False,
2025-02-09T00:00:00.000Z,USA,Southwest Power Pool,US-CENT-SWPP,350.0,397.0,,50.0,,False,
2025-02-09T01:00:00.000Z,USA,Southwest Power Pool,US-CENT-SWPP,326.0,369.0,,53.0,,False,
2025-02-09T02:00:00.000Z,USA,Southwest Power Pool,US-CENT-SWPP,318.0,360.0,,54.0,,False,
2025-02-09T03:00:00.000Z,USA,Southwest Power Pool,US-CENT-SWPP,330.0,372.0,,53.0,,False,
2025-02-09T04:00:00.000Z,USA,Southwest Power Pool,US-CENT-SWPP,347.0,390.0,,51.0,,False,
2025-02-09T05:00:00.000Z,USA,Southwest Power Pool,US-CENT-SWPP,360.0,404.0,,50.0,,False,
2025-02-09T06:00:00.000Z,USA,Southwest Power Pool,US-CENT-SWPP,363.0,407.0,,49.0,,False,
2025-02-09T07:00:00.000Z,USA,Southwest Power Pool,US-CENT-SWPP,379.0,425.0,,47.0,,False,
2025-02-09T08:00:00.000Z,USA,Southwest Power Pool,US-CENT-SWPP,410.0,458.0,,44.0,,False,
2025-02-09T09:00:00.000Z,USA,Southwest Power Pool,US-CENT-SWPP,432.0,481.0,,41.0,,False,
2025-02-09T10:00:00.000Z,USA,Southwest Power Pool,US-CENT-SWPP,461.0,513.0,,38.0,,False,
2025-02-09T11:00:00.000Z,USA,Southwest Power Pool,US-CENT-SWPP,484.0,540.0,,34.0,,False,
2025-02-09T12:00:00.000Z,USA,Southwest Power Pool,US-CENT-SWPP,497.0,555.0,,32.0,,False,
2025-02-09T13:00:00.000Z,USA,Southwest Power Pool,US-CENT-SWPP,506.0,566.0,,31.0,,False,
2025-02-09T14:00:00.000Z,USA,Southwest Power Pool,US-CENT-SWPP,515.0,576.0,,29.0,,False,
2025-02-09T15:00:00.000Z,USA,Southwest Power Pool,US-CENT-SWPP,522.0,584.0,,29.0,,False,
2025-02-09T16:00:00.000Z,USA,Southwest Power Pool,US-CENT-SWPP,542.0,605.0,,26.0,,False,
2025-02-09T17:00:00.000Z,USA,Southwest Power Pool,US-CENT-SWPP,567.0,632.0,,23.0,,False,
2025-02-09T18:00:00.000Z,USA,Southwest Power Pool,US-CENT-SWPP,586.0,651.0,,22.0,,False,
2025-02-09T19:00:00.000Z,USA,Southwest Power Pool,US-CENT-SWPP,592.0,656.0,,22.0,,False,
2025-02-09T20:00:00.000Z,USA,Southwest Power Pool,US-CENT-SWPP,595.0,659.0,,22.0,,False,
2025-02-09T21:00:00.000Z,USA,Southwest Power Pool,US-CENT-SWPP,592.0,654.0,,23.0,,False,
2025-02-09T22:00:00.000Z,USA,Southwest Power Pool,US-CENT-SWPP,574.0,634.0,,25.0,,False,
2025-02-09T23:00:00.000Z,USA,Southwest Power Pool,US-CENT-SWPP,568.0,628.0,,26.0,,False,
2025-02-10T00:00:00.000Z,USA,Southwest Power Pool,US-CENT-SWPP,568.0,628.0,,26.0,,False,
2025-02-10T01:00:00.000Z,USA,Southwest Power Pool,US-CENT-SWPP,559.0,618.0,,27.0,,False,
2025-02-10T02:00:00.000Z,USA,Southwest Power Pool,US-CENT-SWPP,541.0,598.0,,29.0,,False,
2025-02-10T03:00:00.000Z,USA,Southwest Power Pool,US-CENT-SWPP,541.0,599.0,,29.0,,False,
2025-02-10T04:00:00.000Z,USA,Southwest Power Pool,US-CENT-SWPP,552.0,611.0,,27.0,,False,
2025-02-10T05:00:00.000Z,USA,Southwest Power Pool,US-CENT-SWPP,557.0,616.0,,27.0,,False,
2025-02-10T06:00:00.000Z,USA,Southwest Power Pool,US-CENT-SWPP,557.0,615.0,,27.0,,False,
2025-02-10T07:00:00.000Z,USA,Southwest Power Pool,US-CENT-SWPP,564.0,623.0,,26.0,,False,
2025-02-10T08:00:00.000Z,USA,Southwest Power Pool,US-CENT-SWPP,571.0,632.0,,25.0,,False,
2025-02-10T09:00:00.000Z,USA,Southwest Power Pool,US-CENT-SWPP,578.0,640.0,,24.0,,False,
2025-02-10T10:00:00.000Z,USA,Southwest Power Pool,US-CENT-SWPP,573.0,634.0,,24.0,,False,
2025-02-10T11:00:00.000Z,USA,Southwest Power Pool,US-CENT-SWPP,568.0,630.0,,24.0,,False,
2025-02-10T12:00:00.000Z,USA,Southwest Power Pool,US-CENT-SWPP,552.0,615.0,,26.0,,False,
2025-02-10T13:00:00.000Z,USA,Southwest Power Pool,US-CENT-SWPP,548.0,611.0,,26.0,,False,
2025-02-10T14:00:00.000Z,USA,Southwest Power Pool,US-CENT-SWPP,559.0,623.0,,25.0,,False,
2025-02-10T15:00:00.000Z,USA,Southwest Power Pool,US-CENT-SWPP,593.0,659.0,,21.0,,False,
2025-02-10T16:00:00.000Z,USA,Southwest Power Pool,US-CENT-SWPP,616.0,684.0,,18.0,,False,
2025-02-10T17:00:00.000Z,USA,Southwest Power Pool,US-CENT-SWPP,598.0,664.0,,21.0,,False,
2025-02-10T18:00:00.000Z,USA,Southwest Power Pool,US-CENT-SWPP,584.0,648.0,,23.0,,False,
2025-02-10T19:00:00.000Z,USA,Southwest Power Pool,US-CENT-SWPP,577.0,640.0,,24.0,,False,
2025-02-10T20:00:00.000Z,USA,Southwest Power Pool,US-CENT-SWPP,563.0,625.0,,25.0,,False,
2025-02-10T21:00:00.000Z,USA,Southwest Power Pool,US-CENT-SWPP,542.0,602.0,,28.0,,False,
2025-02-10T22:00:00.000Z,USA,Southwest Power Pool,US-CENT-SWPP,517.0,576.0,,31.0,,False,
2025-02-10T23:00:00.000Z,USA,Southwest Power Pool,US-CENT-SWPP,511.0,570.0,,31.0,,False,
2025-02-11T00:00:00.000Z,USA,Southwest Power Pool,US-CENT-SWPP,506.0,564.0,,32.0,,False,
2025-02-11T01:00:00.000Z,USA,Southwest Power Pool,US-CENT-SWPP,527.0,586.0,,30.0,,False,
2025-02-11T02:00:00.000Z,USA,Southwest Power Pool,US-CENT-SWPP,545.0,607.0,,27.0,,False,
2025-02-11T03:00:00.000Z,USA,Southwest Power Pool,US-CENT-SWPP,539.0,599.0,,28.0,,False,
2025-02-11T04:00:00.000Z,USA,Southwest Power Pool,US-CENT-SWPP,524.0,583.0,,30.0,,False,
2025-02-11T05:00:00.000Z,USA,Southwest Power Pool,US-CENT-SWPP,517.0,575.0,,31.0,,False,
2025-02-11T06:00:00.000Z,USA,Southwest Power Pool,US-CENT-SWPP,506.0,562.0,,33.0,,False,
2025-02-11T07:00:00.000Z,USA,Southwest Power Pool,US-CENT-SWPP,486.0,541.0,,35.0,,False,
2025-02-11T08:00:00.000Z,USA,Southwest Power Pool,US-CENT-SWPP,471.0,526.0,,36.0,,False,
2025-02-11T09:00:00.000Z,USA,Southwest Power Pool,US-CENT-SWPP,446.0,499.0,,39.0,,False,
2025-02-11T10:00:00.000Z,USA,Southwest Power Pool,US-CENT-SWPP,425.0,477.0,,41.0,,False,
2025-02-11T11:00:00.000Z,USA,Southwest Power Pool,US-CENT-SWPP,417.0,468.0,,42.0,,False,
2025-02-11T12:00:00.000Z,USA,Southwest Power Pool,US-CENT-SWPP,434.0,488.0,,40.0,,False,
2025-02-11T13:00:00.000Z,USA,Southwest Power Pool,US-CENT-SWPP,437.0,491.0,,40.0,,False,
2025-02-11T14:00:00.000Z,USA,Southwest Power Pool,US-CENT-SWPP,425.0,478.0,,41.0,,False,
2025-02-11T15:00:00.000Z,USA,Southwest Power Pool,US-CENT-SWPP,434.0,488.0,,40.0,,False,
2025-02-11T16:00:00.000Z,USA,Southwest Power Pool,US-CENT-SWPP,472.0,529.0,,35.0,,False,
2025-02-11T17:00:00.000Z,USA,Southwest Power Pool,US-CENT-SWPP,507.0,567.0,,31.0,,False,
2025-02-11T18:00:00.000Z,USA,Southwest Power Pool,US-CENT-SWPP,535.0,597.0,,28.0,,False,
2025-02-11T19:00:00.000Z,USA,Southwest Power Pool,US-CENT-SWPP,565.0,630.0,,24.0,,False,
2025-02-11T20:00:00.000Z,USA,Southwest Power Pool,US-CENT-SWPP,553.0,616.0,,26.0,,False,
2025-02-11T21:00:00.000Z,USA,Southwest Power Pool,US-CENT-SWPP,521.0,581.0,,30.0,,False,
2025-02-11T22:00:00.000Z,USA,Southwest Power Pool,US-CENT-SWPP,506.0,564.0,,32.0,,False,
2025-02-11T23:00:00.000Z,USA,Southwest Power Pool,US-CENT-SWPP,505.0,563.0,,32.0,,False,
2025-02-12T00:00:00.000Z,USA,Southwest Power Pool,US-CENT-SWPP,517.0,576.0,,31.0,,False,
2025-02-12T01:00:00.000Z,USA,Southwest Power Pool,US-CENT-SWPP,507.0,565.0,,32.0,,False,
2025-02-12T02:00:00.000Z,USA,Southwest Power Pool,US-CENT-SWPP,506.0,564.0,,33.0,,False,
2025-02-12T03:00:00.000Z,USA,Southwest Power Pool,US-CENT-SWPP,523.0,580.0,,31.0,,False,
2025-02-12T04:00:00.000Z,USA,Southwest Power Pool,US-CENT-SWPP,548.0,606.0,,29.0,,False,
2025-02-12T05:00:00.000Z,USA,Southwest Power Pool,US-CENT-SWPP,576.0,636.0,,25.0,,False,
2025-02-12T06:00:00.000Z,USA,Southwest Power Pool,US-CENT-SWPP,596.0,658.0,,23.0,,False,
2025-02-12T07:00:00.000Z,USA,Southwest Power Pool,US-CENT-SWPP,600.0,661.0,,23.0,,False,
2025-02-12T08:00:00.000Z,USA,Southwest Power Pool,US-CENT-SWPP,586.0,646.0,,25.0,,False,
2025-02-12T09:00:00.000Z,USA,Southwest Power Pool,US-CENT-SWPP,568.0,627.0,,26.0,,False,
2025-02-12T10:00:00.000Z,USA,Southwest Power Pool,US-CENT-SWPP,543.0,601.0,,29.0,,False,
2025-02-12T11:00:00.000Z,USA,Southwest Power Pool,US-CENT-SWPP,546.0,605.0,,28.0,,False,
2025-02-12T12:00:00.000Z,USA,Southwest Power Pool,US-CENT-SWPP,531.0,591.0,,29.0,,False,
2025-02-12T13:00:00.000Z,USA,Southwest Power Pool,US-CENT-SWPP,544.0,606.0,,27.0,,False,
2025-02-12T14:00:00.000Z,USA,Southwest Power Pool,US-CENT-SWPP,547.0,608.0,,28.0,,False,
2025-02-12T15:00:00.000Z,USA,Southwest Power Pool,US-CENT-SWPP,538.0,599.0,,28.0,,False,
2025-02-12T16:00:00.000Z,USA,Southwest Power Pool,US-CENT-SWPP,520.0,579.0,,31.0,,False,
2025-02-12T17:00:00.000Z,USA,Southwest Power Pool,US-CENT-SWPP,497.0,555.0,,33.0,,False,
2025-02-12T18:00:00.000Z,USA,Southwest Power Pool,US-CENT-SWPP,474.0,529.0,,36.0,,False,
2025-02-12T19:00:00.000Z,USA,Southwest Power Pool,US-CENT-SWPP,450.0,504.0,,39.0,,False,
2025-02-12T20:00:00.000Z,USA,Southwest Power Pool,US-CENT-SWPP,426.0,477.0,,42.0,,False,
2025-02-12T21:00:00.000Z,USA,Southwest Power Pool,US-CENT-SWPP,410.0,460.0,,44.0,,False,
2025-02-12T22:00:00.000Z,USA,Southwest Power Pool,US-CENT-SWPP,405.0,455.0,,44.0,,False,
2025-02-12T23:00:00.000Z,USA,Southwest Power Pool,US-CENT-SWPP,406.0,456.0,,44.0,,False,
2025-02-13T00:00:00.000Z,USA,Southwest Power Pool,US-CENT-SWPP,420.0,471.0,,42.0,,False,
2025-02-13T01:00:00.000Z,USA,Southwest Power Pool,US-CENT-SWPP,432.0,485.0,,41.0,,False,
2025-02-13T02:00:00.000Z,USA,Southwest Power Pool,US-CENT-SWPP,440.0,493.0,,40.0,,False,
2025-02-13T03:00:00.000Z,USA,Southwest Power Pool,US-CENT-SWPP,439.0,491.0,,41.0,,False,
2025-02-13T04:00:00.000Z,USA,Southwest Power Pool,US-CENT-SWPP,470.0,524.0,,37.0,,False,
2025-02-13T05:00:00.000Z,USA,Southwest Power Pool,US-CENT-SWPP,488.0,541.0,,36.0,,False,
2025-02-13T06:00:00.000Z,USA,Southwest Power Pool,US-CENT-SWPP,495.0,549.0,,34.0,,False,
2025-02-13T07:00:00.000Z,USA,Southwest Power Pool,US-CENT-SWPP,520.0,576.0,,31.0,,False,
2025-02-13T08:00:00.000Z,USA,Southwest Power Pool,US-CENT-SWPP,567.0,628.0,,25.0,,False,
2025-02-13T09:00:00.000Z,USA,Southwest Power Pool,US-CENT-SWPP,601.0,665.0,,21.0,,False,
2025-02-13T10:00:00.000Z,USA,Southwest Power Pool,US-CENT-SWPP,609.0,675.0,,20.0,,False,
2025-02-13T11:00:00.000Z,USA,Southwest Power Pool,US-CENT-SWPP,608.0,675.0,,19.0,,False,
2025-02-13T12:00:00.000Z,USA,Southwest Power Pool,US-CENT-SWPP,604.0,673.0,,19.0,,False,
2025-02-13T13:00:00.000Z,USA,Southwest Power Pool,US-CENT-SWPP,605.0,674.0,,19.0,,False,
2025-02-13T14:00:00.000Z,USA,Southwest Power Pool,US-CENT-SWPP,592.0,660.0,,21.0,,False,
2025-02-13T15:00:00.000Z,USA,Southwest Power Pool,US-CENT-SWPP,593.0,661.0,,21.0,,False,
2025-02-13T16:00:00.000Z,USA,Southwest Power Pool,US-CENT-SWPP,602.0,668.0,,21.0,,False,
2025-02-13T17:00:00.000Z,USA,Southwest Power Pool,US-CENT-SWPP,599.0,666.0,,20.0,,False,
2025-02-13T18:00:00.000Z,USA,Southwest Power Pool,US-CENT-SWPP,600.0,664.0,,22.0,,False,
2025-02-13T19:00:00.000Z,USA,Southwest Power Pool,US-CENT-SWPP,595.0,657.0,,24.0,,False,
2025-02-13T20:00:00.000Z,USA,Southwest Power Pool,US-CENT-SWPP,588.0,647.0,,26.0,,False,
2025-02-13T21:00:00.000Z,USA,Southwest Power Pool,US-CENT-SWPP,578.0,634.0,,28.0,,False,
2025-02-13T22:00:00.000Z,USA,Southwest Power Pool,US-CENT-SWPP,544.0,599.0,,32.0,,False,
2025-02-13T23:00:00.000Z,USA,Southwest Power Pool,US-CENT-SWPP,517.0,570.0,,34.0,,False,
2025-02-14T00:00:00.000Z,USA,Southwest Power Pool,US-CENT-SWPP,487.0,540.0,,36.0,,False,
2025-02-14T01:00:00.000Z,USA,Southwest Power Pool,US-CENT-SWPP,437.0,486.0,,42.0,,False,
2025-02-14T02:00:00.000Z,USA,Southwest Power Pool,US-CENT-SWPP,406.0,453.0,,45.0,,False,
2025-02-14T03:00:00.000Z,USA,Southwest Power Pool,US-CENT-SWPP,390.0,436.0,,47.0,,False,
2025-02-14T04:00:00.000Z,USA,Southwest Power Pool,US-CENT-SWPP,379.0,425.0,,48.0,,False,
2025-02-14T05:00:00.000Z,USA,Southwest Power Pool,US-CENT-SWPP,377.0,422.0,,48.0,,False,
2025-02-14T06:00:00.000Z,USA,Southwest Power Pool,US-CENT-SWPP,365.0,408.0,,50.0,,False,
2025-02-14T07:00:00.000Z,USA,Southwest Power Pool,US-CENT-SWPP,361.0,404.0,,51.0,,False,
2025-02-14T08:00:00.000Z,USA,Southwest Power Pool,US-CENT-SWPP,350.0,391.0,,52.0,,False,
2025-02-14T09:00:00.000Z,USA,Southwest Power Pool,US-CENT-SWPP,342.0,383.0,,53.0,,False,
2025-02-14T10:00:00.000Z,USA,Southwest Power Pool,US-CENT-SWPP,340.0,381.0,,53.0,,False,
2025-02-14T11:00:00.000Z,USA,Southwest Power Pool,US-CENT-SWPP,344.0,386.0,,52.0,,False,
2025-02-14T12:00:00.000Z,USA,Southwest Power Pool,US-CENT-SWPP,342.0,385.0,,52.0,,False,
2025-02-14T13:00:00.000Z,USA,Southwest Power Pool,US-CENT-SWPP,350.0,393.0,,52.0,,False,
2025-02-14T14:00:00.000Z,USA,Southwest Power Pool,US-CENT-SWPP,350.0,393.0,,53.0,,False,
2025-02-14T15:00:00.000Z,USA,Southwest Power Pool,US-CENT-SWPP,348.0,389.0,,53.0,,False,
2025-02-14T16:00:00.000Z,USA,Southwest Power Pool,US-CENT-SWPP,355.0,397.0,,52.0,,False,
2025-02-14T17:00:00.000Z,USA,Southwest Power Pool,US-CENT-SWPP,351.0,392.0,,53.0,,False,
2025-02-14T18:00:00.000Z,USA,Southwest Power Pool,US-CENT-SWPP,345.0,385.0,,54.0,,False,
2025-02-14T19:00:00.000Z,USA,Southwest Power Pool,US-CENT-SWPP,340.0,380.0,,54.0,,False,
2025-02-14T20:00:00.000Z,USA,Southwest Power Pool,US-CENT-SWPP,341.0,380.0,,54.0,,False,
2025-02-14T21:00:00.000Z,USA,Southwest Power Pool,US-CENT-SWPP,341.0,381.0,,54.0,,False,
2025-02-14T22:00:00.000Z,USA,Southwest Power Pool,US-CENT-SWPP,339.0,379.0,,54.0,,False,
2025-02-14T23:00:00.000Z,USA,Southwest Power Pool,US-CENT-SWPP,344.0,383.0,,54.0,,False,
2025-02-15T00:00:00.000Z,USA,Southwest Power Pool,US-CENT-SWPP,347.0,386.0,,54.0,,False,
2025-02-15T01:00:00.000Z,USA,Southwest Power Pool,US-CENT-SWPP,340.0,379.0,,55.0,,False,
2025-02-15T02:00:00.000Z,USA,Southwest Power Pool,US-CENT-SWPP,335.0,373.0,,56.0,,False,
2025-02-15T03:00:00.000Z,USA,Southwest Power Pool,US-CENT-SWPP,336.0,373.0,,56.0,,False,
2025-02-15T04:00:00.000Z,USA,Southwest Power Pool,US-CENT-SWPP,343.0,381.0,,55.0,,False,
2025-02-15T05:00:00.000Z,USA,Southwest Power Pool,US-CENT-SWPP,335.0,374.0,,55.0,,False,
2025-02-15T06:00:00.000Z,USA,Southwest Power Pool,US-CENT-SWPP,309.0,346.0,,57.0,,False,
2025-02-15T07:00:00.000Z,USA,Southwest Power Pool,US-CENT-SWPP,298.0,334.0,,59.0,,False,
2025-02-15T08:00:00.000Z,USA,Southwest Power Pool,US-CENT-SWPP,314.0,350.0,,57.0,,False,
2025-02-15T09:00:00.000Z,USA,Southwest Power Pool,US-CENT-SWPP,297.0,332.0,,59.0,,False,
2025-02-15T10:00:00.000Z,USA,Southwest Power Pool,US-CENT-SWPP,299.0,335.0,,59.0,,False,
2025-02-15T11:00:00.000Z,USA,Southwest Power Pool,US-CENT-SWPP,302.0,338.0,,59.0,,False,
2025-02-15T12:00:00.000Z,USA,Southwest Power Pool,US-CENT-SWPP,308.0,344.0,,58.0,,False,
2025-02-15T13:00:00.000Z,USA,Southwest Power Pool,US-CENT-SWPP,320.0,358.0,,57.0,,False,
2025-02-15T14:00:00.000Z,USA,Southwest Power Pool,US-CENT-SWPP,341.0,380.0,,54.0,,False,
2025-02-15T15:00:00.000Z,USA,Southwest Power Pool,US-CENT-SWPP,337.0,375.0,,55.0,,False,
2025-02-15T16:00:00.000Z,USA,Southwest Power Pool,US-CENT-SWPP,325.0,363.0,,56.0,,False,
2025-02-15T17:00:00.000Z,USA,Southwest Power Pool,US-CENT-SWPP,319.0,355.0,,57.0,,False,
2025-02-15T18:00:00.000Z,USA,Southwest Power Pool,US-CENT-SWPP,310.0,346.0,,58.0,,False,
2025-02-15T19:00:00.000Z,USA,Southwest Power Pool,US-CENT-SWPP,301.0,336.0,,59.0,,False,
2025-02-15T20:00:00.000Z,USA,Southwest Power Pool,US-CENT-SWPP,300.0,335.0,,59.0,,False,
2025-02-15T21:00:00.000Z,USA,Southwest Power Pool,US-CENT-SWPP,306.0,342.0,,58.0,,False,
2025-02-15T22:00:00.000Z,USA,Southwest Power Pool,US-CENT-SWPP,316.0,353.0,,57.0,,False,
2025-02-15T23:00:00.000Z,USA,Southwest Power Pool,US-CENT-SWPP,332.0,370.0,,55.0,,False,
2025-02-16T00:00:00.000Z,USA,Southwest Power Pool,US-CENT-SWPP,334.0,372.0,,55.0,,False,
2025-02-16T01:00:00.000Z,USA,Southwest Power Pool,US-CENT-SWPP,322.0,360.0,,56.0,,False,
2025-02-16T02:00:00.000Z,USA,Southwest Power Pool,US-CENT-SWPP,317.0,355.0,,57.0,,False,
2025-02-16T03:00:00.000Z,USA,Southwest Power Pool,US-CENT-SWPP,315.0,352.0,,57.0,,False,
2025-02-16T04:00:00.000Z,USA,Southwest Power Pool,US-CENT-SWPP,318.0,356.0,,57.0,,False,
2025-02-16T05:00:00.000Z,USA,Southwest Power Pool,US-CENT-SWPP,326.0,364.0,,56.0,,False,
2025-02-16T06:00:00.000Z,USA,Southwest Power Pool,US-CENT-SWPP,332.0,371.0,,55.0,,False,
2025-02-16T07:00:00.000Z,USA,Southwest Power Pool,US-CENT-SWPP,334.0,373.0,,54.0,,False,
2025-02-16T08:00:00.000Z,USA,Southwest Power Pool,US-CENT-SWPP,343.0,383.0,,53.0,,False,
2025-02-16T09:00:00.000Z,USA,Southwest Power Pool,US-CENT-SWPP,346.0,388.0,,52.0,,False,
2025-02-16T10:00:00.000Z,USA,Southwest Power Pool,US-CENT-SWPP,345.0,387.0,,52.0,,False,
2025-02-16T11:00:00.000Z,USA,Southwest Power Pool,US-CENT-SWPP,364.0,408.0,,50.0,,False,
2025-02-16T12:00:00.000Z,USA,Southwest Power Pool,US-CENT-SWPP,371.0,416.0,,49.0,,False,
2025-02-16T13:00:00.000Z,USA,Southwest Power Pool,US-CENT-SWPP,392.0,439.0,,46.0,,False,
2025-02-16T14:00:00.000Z,USA,Southwest Power Pool,US-CENT-SWPP,406.0,454.0,,44.0,,False,
2025-02-16T15:00:00.000Z,USA,Southwest Power Pool,US-CENT-SWPP,419.0,468.0,,43.0,,False,
2025-02-16T16:00:00.000Z,USA,Southwest Power Pool,US-CENT-SWPP,450.0,501.0,,39.0,,False,
2025-02-16T17:00:00.000Z,USA,Southwest Power Pool,US-CENT-SWPP,488.0,544.0,,34.0,,False,
2025-02-16T18:00:00.000Z,USA,Southwest Power Pool,US-CENT-SWPP,499.0,555.0,,33.0,,False,
2025-02-16T19:00:00.000Z,USA,Southwest Power Pool,US-CENT-SWPP,517.0,575.0,,31.0,,False,
2025-02-16T20:00:00.000Z,USA,Southwest Power Pool,US-CENT-SWPP,532.0,590.0,,29.0,,False,
2025-02-16T21:00:00.000Z,USA,Southwest Power Pool,US-CENT-SWPP,565.0,624.0,,26.0,,False,
2025-02-16T22:00:00.000Z,USA,Southwest Power Pool,US-CENT-SWPP,585.0,645.0,,25.0,,False,
2025-02-16T23:00:00.000Z,USA,Southwest Power Pool,US-CENT-SWPP,588.0,649.0,,24.0,,False,
2025-02-17T00:00:00.000Z,USA,Southwest Power Pool,US-CENT-SWPP,579.0,640.0,,25.0,,False,
2025-02-17T01:00:00.000Z,USA,Southwest Power Pool,US-CENT-SWPP,540.0,598.0,,30.0,,False,
2025-02-17T02:00:00.000Z,USA,Southwest Power Pool,US-CENT-SWPP,526.0,583.0,,31.0,,False,
2025-02-17T03:00:00.000Z,USA,Southwest Power Pool,US-CENT-SWPP,511.0,566.0,,33.0,,False,
2025-02-17T04:00:00.000Z,USA,Southwest Power Pool,US-CENT-SWPP,510.0,564.0,,34.0,,False,
2025-02-17T05:00:00.000Z,USA,Southwest Power Pool,US-CENT-SWPP,497.0,547.0,,36.0,,False,
2025-02-17T06:00:00.000Z,USA,Southwest Power Pool,US-CENT-SWPP,490.0,541.0,,37.0,,False,
2025-02-17T07:00:00.000Z,USA,Southwest Power Pool,US-CENT-SWPP,483.0,533.0,,38.0,,False,
2025-02-17T08:00:00.000Z,USA,Southwest Power Pool,US-CENT-SWPP,477.0,526.0,,39.0,,False,
2025-02-17T09:00:00.000Z,USA,Southwest Power Pool,US-CENT-SWPP,471.0,521.0,,39.0,,False,
2025-02-17T10:00:00.000Z,USA,Southwest Power Pool,US-CENT-SWPP,468.0,517.0,,39.0,,False,
2025-02-17T11:00:00.000Z,USA,Southwest Power Pool,US-CENT-SWPP,463.0,513.0,,40.0,,False,
2025-02-17T12:00:00.000Z,USA,Southwest Power Pool,US-CENT-SWPP,453.0,503.0,,41.0,,False,
2025-02-17T13:00:00.000Z,USA,Southwest Power Pool,US-CENT-SWPP,444.0,493.0,,42.0,,False,
2025-02-17T14:00:00.000Z,USA,Southwest Power Pool,US-CENT-SWPP,437.0,486.0,,43.0,,False,
2025-02-17T15:00:00.000Z,USA,Southwest Power Pool,US-CENT-SWPP,425.0,473.0,,44.0,,False,
2025-02-17T16:00:00.000Z,USA,Southwest Power Pool,US-CENT-SWPP,412.0,459.0,,46.0,,False,
2025-02-17T17:00:00.000Z,USA,Southwest Power Pool,US-CENT-SWPP,425.0,472.0,,44.0,,False,
2025-02-17T18:00:00.000Z,USA,Southwest Power Pool,US-CENT-SWPP,434.0,482.0,,43.0,,False,
2025-02-17T19:00:00.000Z,USA,Southwest Power Pool,US-CENT-SWPP,439.0,487.0,,43.0,,False,
2025-02-17T20:00:00.000Z,USA,Southwest Power Pool,US-CENT-SWPP,448.0,497.0,,42.0,,False,
2025-02-17T21:00:00.000Z,USA,Southwest Power Pool,US-CENT-SWPP,452.0,501.0,,41.0,,False,
2025-02-17T22:00:00.000Z,USA,Southwest Power Pool,US-CENT-SWPP,449.0,498.0,,41.0,,False,
2025-02-17T23:00:00.000Z,USA,Southwest Power Pool,US-CENT-SWPP,440.0,487.0,,43.0,,False,
2025-02-18T00:00:00.000Z,USA,Southwest Power Pool,US-CENT-SWPP,436.0,484.0,,43.0,,False,
2025-02-18T01:00:00.000Z,USA,Southwest Power Pool,US-CENT-SWPP,438.0,485.0,,43.0,,False,
2025-02-18T02:00:00.000Z,USA,Southwest Power Pool,US-CENT-SWPP,429.0,476.0,,44.0,,False,
2025-02-18T03:00:00.000Z,USA,Southwest Power Pool,US-CENT-SWPP,424.0,471.0,,44.0,,False,
2025-02-18T04:00:00.000Z,USA,Southwest Power Pool,US-CENT-SWPP,419.0,466.0,,44.0,,False,
2025-02-18T05:00:00.000Z,USA,Southwest Power Pool,US-CENT-SWPP,410.0,457.0,,45.0,,False,
2025-02-18T06:00:00.000Z,USA,Southwest Power Pool,US-CENT-SWPP,400.0,446.0,,46.0,,False,
2025-02-18T07:00:00.000Z,USA,Southwest Power Pool,US-CENT-SWPP,385.0,430.0,,48.0,,False,
2025-02-18T08:00:00.000Z,USA,Southwest Power Pool,US-CENT-SWPP,378.0,423.0,,48.0,,False,
2025-02-18T09:00:00.000Z,USA,Southwest Power Pool,US-CENT-SWPP,392.0,438.0,,47.0,,False,
2025-02-18T10:00:00.000Z,USA,Southwest Power Pool,US-CENT-SWPP,409.0,457.0,,45.0,,False,
2025-02-18T11:00:00.000Z,USA,Southwest Power Pool,US-CENT-SWPP,422.0,471.0,,43.0,,False,
2025-02-18T12:00:00.000Z,USA,Southwest Power Pool,US-CENT-SWPP,435.0,486.0,,41.0,,False,
2025-02-18T13:00:00.000Z,USA,Southwest Power Pool,US-CENT-SWPP,445.0,497.0,,41.0,,False,
2025-02-18T14:00:00.000Z,USA,Southwest Power Pool,US-CENT-SWPP,462.0,516.0,,38.0,,False,
2025-02-18T15:00:00.000Z,USA,Southwest Power Pool,US-CENT-SWPP,472.0,527.0,,37.0,,False,
2025-02-18T16:00:00.000Z,USA,Southwest Power Pool,US-CENT-SWPP,479.0,535.0,,36.0,,False,
2025-02-18T17:00:00.000Z,USA,Southwest Power Pool,US-CENT-SWPP,479.0,534.0,,36.0,,False,
2025-02-18T18:00:00.000Z,USA,Southwest Power Pool,US-CENT-SWPP,476.0,530.0,,37.0,,False,
2025-02-18T19:00:00.000Z,USA,Southwest Power Pool,US-CENT-SWPP,472.0,526.0,,37.0,,False,
2025-02-18T20:00:00.000Z,USA,Southwest Power Pool,US-CENT-SWPP,470.0,523.0,,38.0,,False,
2025-02-18T21:00:00.000Z,USA,Southwest Power Pool,US-CENT-SWPP,465.0,517.0,,39.0,,False,
2025-02-18T22:00:00.000Z,USA,Southwest Power Pool,US-CENT-SWPP,467.0,520.0,,38.0,,False,
2025-02-18T23:00:00.000Z,USA,Southwest Power Pool,US-CENT-SWPP,467.0,520.0,,38.0,,False,
2025-02-19T00:00:00.000Z,USA,Southwest Power Pool,US-CENT-SWPP,474.0,528.0,,37.0,,False,
2025-02-19T01:00:00.000Z,USA,Southwest Power Pool,US-CENT-SWPP,474.0,528.0,,37.0,,False,
2025-02-19T02:00:00.000Z,USA,Southwest Power Pool,US-CENT-SWPP,475.0,529.0,,37.0,,False,
2025-02-19T03:00:00.000Z,USA,Southwest Power Pool,US-CENT-SWPP,475.0,530.0,,36.0,,False,
2025-02-19T04:00:00.000Z,USA,Southwest Power Pool,US-CENT-SWPP,470.0,524.0,,37.0,,False,
2025-02-19T05:00:00.000Z,USA,Southwest Power Pool,US-CENT-SWPP,467.0,521.0,,37.0,,False,
2025-02-19T06:00:00.000Z,USA,Southwest Power Pool,US-CENT-SWPP,467.0,521.0,,37.0,,False,
2025-02-19T07:00:00.000Z,USA,Southwest Power Pool,US-CENT-SWPP,462.0,517.0,,37.0,,False,
2025-02-19T08:00:00.000Z,USA,Southwest Power Pool,US-CENT-SWPP,455.0,511.0,,37.0,,False,
2025-02-19T09:00:00.000Z,USA,Southwest Power Pool,US-CENT-SWPP,458.0,514.0,,36.0,,False,
2025-02-19T10:00:00.000Z,USA,Southwest Power Pool,US-CENT-SWPP,466.0,523.0,,35.0,,False,
2025-02-19T11:00:00.000Z,USA,Southwest Power Pool,US-CENT-SWPP,470.0,528.0,,35.0,,False,
2025-02-19T12:00:00.000Z,USA,Southwest Power Pool,US-CENT-SWPP,467.0,525.0,,35.0,,False,
2025-02-19T13:00:00.000Z,USA,Southwest Power Pool,US-CENT-SWPP,474.0,535.0,,33.0,,False,
2025-02-19T14:00:00.000Z,USA,Southwest Power Pool,US-CENT-SWPP,475.0,535.0,,33.0,,False,
2025-02-19T15:00:00.000Z,USA,Southwest Power Pool,US-CENT-SWPP,489.0,550.0,,33.0,,False,
2025-02-19T16:00:00.000Z,USA,Southwest Power Pool,US-CENT-SWPP,499.0,559.0,,32.0,,False,
2025-02-19T17:00:00.000Z,USA,Southwest Power Pool,US-CENT-SWPP,507.0,567.0,,31.0,,False,
2025-02-19T18:00:00.000Z,USA,Southwest Power Pool,US-CENT-SWPP,511.0,572.0,,30.0,,False,
2025-02-19T19:00:00.000Z,USA,Southwest Power Pool,US-CENT-SWPP,524.0,587.0,,28.0,,False,
2025-02-19T20:00:00.000Z,USA,Southwest Power Pool,US-CENT-SWPP,539.0,603.0,,27.0,,False,
2025-02-19T21:00:00.000Z,USA,Southwest Power Pool,US-CENT-SWPP,550.0,614.0,,26.0,,False,
2025-02-19T22:00:00.000Z,USA,Southwest Power Pool,US-CENT-SWPP,555.0,620.0,,25.0,,False,
2025-02-19T23:00:00.000Z,USA,Southwest Power Pool,US-CENT-SWPP,561.0,628.0,,24.0,,False,
2025-02-20T00:00:00.000Z,USA,Southwest Power Pool,US-CENT-SWPP,570.0,639.0,,21.0,,False,
2025-02-20T01:00:00.000Z,USA,Southwest Power Pool,US-CENT-SWPP,558.0,628.0,,22.0,,False,
2025-02-20T02:00:00.000Z,USA,Southwest Power Pool,US-CENT-SWPP,549.0,618.0,,23.0,,False,
2025-02-20T03:00:00.000Z,USA,Southwest Power Pool,US-CENT-SWPP,546.0,613.0,,24.0,,False,
2025-02-20T04:00:00.000Z,USA,Southwest Power Pool,US-CENT-SWPP,563.0,630.0,,23.0,,False,
2025-02-20T05:00:00.000Z,USA,Southwest Power Pool,US-CENT-SWPP,575.0,643.0,,21.0,,False,
2025-02-20T06:00:00.000Z,USA,Southwest Power Pool,US-CENT-SWPP,571.0,639.0,,22.0,,False,
2025-02-20T07:00:00.000Z,USA,Southwest Power Pool,US-CENT-SWPP,573.0,641.0,,21.0,,False,
2025-02-20T08:00:00.000Z,USA,Southwest Power Pool,US-CENT-SWPP,590.0,660.0,,19.0,,False,
2025-02-20T09:00:00.000Z,USA,Southwest Power Pool,US-CENT-SWPP,601.0,674.0,,17.0,,False,
2025-02-20T10:00:00.000Z,USA,Southwest Power Pool,US-CENT-SWPP,613.0,687.0,,15.0,,False,
2025-02-20T11:00:00.000Z,USA,Southwest Power Pool,US-CENT-SWPP,619.0,694.0,,14.0,,False,
2025-02-20T12:00:00.000Z,USA,Southwest Power Pool,US-CENT-SWPP,609.0,685.0,,15.0,,False,
2025-02-20T13:00:00.000Z,USA,Southwest Power Pool,US-CENT-SWPP,602.0,679.0,,15.0,,False,
2025-02-20T14:00:00.000Z,USA,Southwest Power Pool,US-CENT-SWPP,610.0,686.0,,15.0,,False,
2025-02-20T15:00:00.000Z,USA,Southwest Power Pool,US-CENT-SWPP,624.0,701.0,,14.0,,False,
2025-02-20T16:00:00.000Z,USA,Southwest Power Pool,US-CENT-SWPP,633.0,710.0,,13.0,,False,
2025-02-20T17:00:00.000Z,USA,Southwest Power Pool,US-CENT-SWPP,639.0,714.0,,13.0,,False,
2025-02-20T18:00:00.000Z,USA,Southwest Power Pool,US-CENT-SWPP,644.0,719.0,,13.0,,False,
2025-02-20T19:00:00.000Z,USA,Southwest Power Pool,US-CENT-SWPP,643.0,715.0,,14.0,,False,
2025-02-20T20:00:00.000Z,USA,Southwest Power Pool,US-CENT-SWPP,641.0,710.0,,16.0,,False,
2025-02-20T21:00:00.000Z,USA,Southwest Power Pool,US-CENT-SWPP,631.0,698.0,,18.0,,False,
2025-02-20T22:00:00.000Z,USA,Southwest Power Pool,US-CENT-SWPP,617.0,683.0,,20.0,,False,
2025-02-20T23:00:00.000Z,USA,Southwest Power Pool,US-CENT-SWPP,612.0,679.0,,20.0,,False,
2025-02-21T00:00:00.000Z,USA,Southwest Power Pool,US-CENT-SWPP,597.0,664.0,,21.0,,False,
2025-02-21T01:00:00.000Z,USA,Southwest Power Pool,US-CENT-SWPP,580.0,645.0,,23.0,,False,
2025-02-21T02:00:00.000Z,USA,Southwest Power Pool,US-CENT-SWPP,565.0,628.0,,25.0,,False,
2025-02-21T03:00:00.000Z,USA,Southwest Power Pool,US-CENT-SWPP,560.0,623.0,,26.0,,False,
2025-02-21T04:00:00.000Z,USA,Southwest Power Pool,US-CENT-SWPP,558.0,622.0,,26.0,,False,
2025-02-21T05:00:00.000Z,USA,Southwest Power Pool,US-CENT-SWPP,554.0,617.0,,26.0,,False,
2025-02-21T06:00:00.000Z,USA,Southwest Power Pool,US-CENT-SWPP,555.0,621.0,,24.0,,False,
2025-02-21T07:00:00.000Z,USA,Southwest Power Pool,US-CENT-SWPP,554.0,619.0,,24.0,,False,
2025-02-21T08:00:00.000Z,USA,Southwest Power Pool,US-CENT-SWPP,558.0,624.0,,24.0,,False,
2025-02-21T09:00:00.000Z,USA,Southwest Power Pool,US-CENT-SWPP,561.0,627.0,,23.0,,False,
2025-02-21T10:00:00.000Z,USA,Southwest Power Pool,US-CENT-SWPP,561.0,627.0,,23.0,,False,
2025-02-21T11:00:00.000Z,USA,Southwest Power Pool,US-CENT-SWPP,569.0,637.0,,22.0,,False,
2025-02-21T12:00:00.000Z,USA,Southwest Power Pool,US-CENT-SWPP,563.0,633.0,,22.0,,False,
2025-02-21T13:00:00.000Z,USA,Southwest Power Pool,US-CENT-SWPP,574.0,645.0,,21.0,,False,
2025-02-21T14:00:00.000Z,USA,Southwest Power Pool,US-CENT-SWPP,571.0,642.0,,20.0,,False,
2025-02-21T15:00:00.000Z,USA,Southwest Power Pool,US-CENT-SWPP,572.0,642.0,,20.0,,False,
2025-02-21T16:00:00.000Z,USA,Southwest Power Pool,US-CENT-SWPP,584.0,654.0,,20.0,,False,
2025-02-21T17:00:00.000Z,USA,Southwest Power Pool,US-CENT-SWPP,592.0,662.0,,19.0,,False,
2025-02-21T18:00:00.000Z,USA,Southwest Power Pool,US-CENT-SWPP,593.0,662.0,,19.0,,False,
2025-02-21T19:00:00.000Z,USA,Southwest Power Pool,US-CENT-SWPP,599.0,666.0,,20.0,,False,
2025-02-21T20:00:00.000Z,USA,Southwest Power Pool,US-CENT-SWPP,607.0,673.0,,20.0,,False,
2025-02-21T21:00:00.000Z,USA,Southwest Power Pool,US-CENT-SWPP,606.0,671.0,,21.0,,False,
2025-02-21T22:00:00.000Z,USA,Southwest Power Pool,US-CENT-SWPP,600.0,666.0,,21.0,,False,
2025-02-21T23:00:00.000Z,USA,Southwest Power Pool,US-CENT-SWPP,591.0,657.0,,21.0,,False,
2025-02-22T00:00:00.000Z,USA,Southwest Power Pool,US-CENT-SWPP,577.0,642.0,,23.0,,False,
2025-02-22T01:00:00.000Z,USA,Southwest Power Pool,US-CENT-SWPP,534.0,594.0,,29.0,,False,
2025-02-22T02:00:00.000Z,USA,Southwest Power Pool,US-CENT-SWPP,494.0,550.0,,34.0,,False,
2025-02-22T03:00:00.000Z,USA,Southwest Power Pool,US-CENT-SWPP,474.0,527.0,,37.0,,False,
2025-02-22T04:00:00.000Z,USA,Southwest Power Pool,US-CENT-SWPP,476.0,526.0,,38.0,,False,
2025-02-22T05:00:00.000Z,USA,Southwest Power Pool,US-CENT-SWPP,466.0,515.0,,40.0,,False,
2025-02-22T06:00:00.000Z,USA,Southwest Power Pool,US-CENT-SWPP,455.0,505.0,,40.0,,False,
2025-02-22T07:00:00.000Z,USA,Southwest Power Pool,US-CENT-SWPP,433.0,482.0,,42.0,,False,
2025-02-22T08:00:00.000Z,USA,Southwest Power Pool,US-CENT-SWPP,418.0,466.0,,43.0,,False,
2025-02-22T09:00:00.000Z,USA,Southwest Power Pool,US-CENT-SWPP,411.0,458.0,,45.0,,False,
2025-02-22T10:00:00.000Z,USA,Southwest Power Pool,US-CENT-SWPP,413.0,460.0,,45.0,,False,
2025-02-22T11:00:00.000Z,USA,Southwest Power Pool,US-CENT-SWPP,419.0,467.0,,44.0,,False,
2025-02-22T12:00:00.000Z,USA,Southwest Power Pool,US-CENT-SWPP,431.0,480.0,,42.0,,False,
2025-02-22T13:00:00.000Z,USA,Southwest Power Pool,US-CENT-SWPP,444.0,496.0,,40.0,,False,
2025-02-22T14:00:00.000Z,USA,Southwest Power Pool,US-CENT-SWPP,486.0,543.0,,34.0,,False,
2025-02-22T15:00:00.000Z,USA,Southwest Power Pool,US-CENT-SWPP,551.0,615.0,,24.0,,False,
2025-02-22T16:00:00.000Z,USA,Southwest Power Pool,US-CENT-SWPP,605.0,672.0,,19.0,,False,
2025-02-22T17:00:00.000Z,USA,Southwest Power Pool,US-CENT-SWPP,629.0,696.0,,17.0,,False,
2025-02-22T18:00:00.000Z,USA,Southwest Power Pool,US-CENT-SWPP,634.0,700.0,,18.0,,False,
2025-02-22T19:00:00.000Z,USA,Southwest Power Pool,US-CENT-SWPP,623.0,686.0,,20.0,,False,
2025-02-22T20:00:00.000Z,USA,Southwest Power Pool,US-CENT-SWPP,618.0,679.0,,22.0,,False,
2025-02-22T21:00:00.000Z,USA,Southwest Power Pool,US-CENT-SWPP,618.0,678.0,,22.0,,False,
2025-02-22T22:00:00.000Z,USA,Southwest Power Pool,US-CENT-SWPP,612.0,671.0,,23.0,,False,
2025-02-22T23:00:00.000Z,USA,Southwest Power Pool,US-CENT-SWPP,609.0,669.0,,23.0,,False,
2025-02-23T00:00:00.000Z,USA,Southwest Power Pool,US-CENT-SWPP,566.0,625.0,,27.0,,False,
2025-02-23T01:00:00.000Z,USA,Southwest Power Pool,US-CENT-SWPP,480.0,531.0,,37.0,,False,
2025-02-23T02:00:00.000Z,USA,Southwest Power Pool,US-CENT-SWPP,403.0,449.0,,46.0,,False,
2025-02-23T03:00:00.000Z,USA,Southwest Power Pool,US-CENT-SWPP,353.0,395.0,,51.0,,False,
2025-02-23T04:00:00.000Z,USA,Southwest Power Pool,US-CENT-SWPP,330.0,369.0,,54.0,,False,
2025-02-23T05:00:00.000Z,USA,Southwest Power Pool,US-CENT-SWPP,318.0,356.0,,56.0,,False,
2025-02-23T06:00:00.000Z,USA,Southwest Power Pool,US-CENT-SWPP,311.0,347.0,,58.0,,False,
2025-02-23T07:00:00.000Z,USA,Southwest Power Pool,US-CENT-SWPP,299.0,334.0,,59.0,,False,
2025-02-23T08:00:00.000Z,USA,Southwest Power Pool,US-CENT-SWPP,292.0,326.0,,60.0,,False,
2025-02-23T09:00:00.000Z,USA,Southwest Power Pool,US-CENT-SWPP,299.0,334.0,,59.0,,False,
2025-02-23T10:00:00.000Z,USA,Southwest Power Pool,US-CENT-SWPP,308.0,344.0,,58.0,,False,
2025-02-23T11:00:00.000Z,USA,Southwest Power Pool,US-CENT-SWPP,336.0,374.0,,55.0,,False,
2025-02-23T12:00:00.000Z,USA,Southwest Power Pool,US-CENT-SWPP,362.0,402.0,,52.0,,False,
2025-02-23T13:00:00.000Z,USA,Southwest Power Pool,US-CENT-SWPP,391.0,435.0,,48.0,,False,
2025-02-23T14:00:00.000Z,USA,Southwest Power Pool,US-CENT-SWPP,422.0,468.0,,45.0,,False,
2025-02-23T15:00:00.000Z,USA,Southwest Power Pool,US-CENT-SWPP,486.0,539.0,,36.0,,False,
2025-02-23T16:00:00.000Z,USA,Southwest Power Pool,US-CENT-SWPP,531.0,585.0,,31.0,,False,
2025-02-23T17:00:00.000Z,USA,Southwest Power Pool,US-CENT-SWPP,561.0,618.0,,28.0,,False,
2025-02-23T18:00:00.000Z,USA,Southwest Power Pool,US-CENT-SWPP,578.0,635.0,,27.0,,False,
2025-02-23T19:00:00.000Z,USA,Southwest Power Pool,US-CENT-SWPP,562.0,617.0,,28.0,,False,
2025-02-23T20:00:00.000Z,USA,Southwest Power Pool,US-CENT-SWPP,543.0,597.0,,31.0,,False,
2025-02-23T21:00:00.000Z,USA,Southwest Power Pool,US-CENT-SWPP,542.0,596.0,,30.0,,False,
2025-02-23T22:00:00.000Z,USA,Southwest Power Pool,US-CENT-SWPP,542.0,597.0,,30.0,,False,
2025-02-23T23:00:00.000Z,USA,Southwest Power Pool,US-CENT-SWPP,534.0,590.0,,30.0,,False,
2025-02-24T00:00:00.000Z,USA,Southwest Power Pool,US-CENT-SWPP,517.0,573.0,,31.0,,False,
2025-02-24T01:00:00.000Z,USA,Southwest Power Pool,US-CENT-SWPP,464.0,515.0,,38.0,,False,
2025-02-24T02:00:00.000Z,USA,Southwest Power Pool,US-CENT-SWPP,427.0,472.0,,44.0,,False,
2025-02-24T03:00:00.000Z,USA,Southwest Power Pool,US-CENT-SWPP,384.0,425.0,,49.0,,False,
2025-02-24T04:00:00.000Z,USA,Southwest Power Pool,US-CENT-SWPP,351.0,390.0,,53.0,,False,
2025-02-24T05:00:00.000Z,USA,Southwest Power Pool,US-CENT-SWPP,344.0,382.0,,53.0,,False,
2025-02-24T06:00:00.000Z,USA,Southwest Power Pool,US-CENT-SWPP,318.0,354.0,,57.0,,False,
2025-02-24T07:00:00.000Z,USA,Southwest Power Pool,US-CENT-SWPP,304.0,339.0,,58.0,,False,
2025-02-24T08:00:00.000Z,USA,Southwest Power Pool,US-CENT-SWPP,300.0,335.0,,59.0,,False,
2025-02-24T09:00:00.000Z,USA,Southwest Power Pool,US-CENT-SWPP,294.0,329.0,,59.0,,False,
2025-02-24T10:00:00.000Z,USA,Southwest Power Pool,US-CENT-SWPP,297.0,332.0,,59.0,,False,
2025-02-24T11:00:00.000Z,USA,Southwest Power Pool,US-CENT-SWPP,313.0,351.0,,56.0,,False,
2025-02-24T12:00:00.000Z,USA,Southwest Power Pool,US-CENT-SWPP,334.0,375.0,,54.0,,False,
2025-02-24T13:00:00.000Z,USA,Southwest Power Pool,US-CENT-SWPP,378.0,422.0,,49.0,,False,
2025-02-24T14:00:00.000Z,USA,Southwest Power Pool,US-CENT-SWPP,416.0,461.0,,45.0,,False,
2025-02-24T15:00:00.000Z,USA,Southwest Power Pool,US-CENT-SWPP,491.0,544.0,,35.0,,False,
2025-02-24T16:00:00.000Z,USA,Southwest Power Pool,US-CENT-SWPP,561.0,619.0,,28.0,,False,
2025-02-24T17:00:00.000Z,USA,Southwest Power Pool,US-CENT-SWPP,561.0,616.0,,29.0,,False,
2025-02-24T18:00:00.000Z,USA,Southwest Power Pool,US-CENT-SWPP,519.0,570.0,,35.0,,False,
2025-02-24T19:00:00.000Z,USA,Southwest Power Pool,US-CENT-SWPP,489.0,537.0,,38.0,,False,
2025-02-24T20:00:00.000Z,USA,Southwest Power Pool,US-CENT-SWPP,467.0,513.0,,41.0,,False,
2025-02-24T21:00:00.000Z,USA,Southwest Power Pool,US-CENT-SWPP,422.0,466.0,,45.0,,False,
2025-02-24T22:00:00.000Z,USA,Southwest Power Pool,US-CENT-SWPP,413.0,457.0,,46.0,,False,
2025-02-24T23:00:00.000Z,USA,Southwest Power Pool,US-CENT-SWPP,481.0,529.0,,38.0,,False,
2025-02-25T00:00:00.000Z,USA,Southwest Power Pool,US-CENT-SWPP,529.0,581.0,,33.0,,False,
2025-02-25T01:00:00.000Z,USA,Southwest Power Pool,US-CENT-SWPP,505.0,554.0,,37.0,,False,
2025-02-25T02:00:00.000Z,USA,Southwest Power Pool,US-CENT-SWPP,490.0,538.0,,38.0,,False,
2025-02-25T03:00:00.000Z,USA,Southwest Power Pool,US-CENT-SWPP,492.0,540.0,,38.0,,False,
2025-02-25T04:00:00.000Z,USA,Southwest Power Pool,US-CENT-SWPP,496.0,546.0,,36.0,,False,
2025-02-25T05:00:00.000Z,USA,Southwest Power Pool,US-CENT-SWPP,503.0,553.0,,36.0,,False,
2025-02-25T06:00:00.000Z,USA,Southwest Power Pool,US-CENT-SWPP,505.0,556.0,,35.0,,False,
2025-02-25T07:00:00.000Z,USA,Southwest Power Pool,US-CENT-SWPP,513.0,563.0,,34.0,,False,
2025-02-25T08:00:00.000Z,USA,Southwest Power Pool,US-CENT-SWPP,556.0,611.0,,28.0,,False,
2025-02-25T09:00:00.000Z,USA,Southwest Power Pool,US-CENT-SWPP,599.0,659.0,,23.0,,False,
2025-02-25T10:00:00.000Z,USA,Southwest Power Pool,US-CENT-SWPP,624.0,687.0,,19.0,,False,
2025-02-25T11:00:00.000Z,USA,Southwest Power Pool,US-CENT-SWPP,628.0,694.0,,17.0,,False,
2025-02-25T12:00:00.000Z,USA,Southwest Power Pool,US-CENT-SWPP,612.0,679.0,,19.0,,False,
2025-02-25T13:00:00.000Z,USA,Southwest Power Pool,US-CENT-SWPP,612.0,680.0,,18.0,,False,
2025-02-25T14:00:00.000Z,USA,Southwest Power Pool,US-CENT-SWPP,601.0,666.0,,21.0,,False,
2025-02-25T15:00:00.000Z,USA,Southwest Power Pool,US-CENT-SWPP,603.0,669.0,,19.0,,False,
2025-02-25T16:00:00.000Z,USA,Southwest Power Pool,US-CENT-SWPP,606.0,671.0,,20.0,,False,
2025-02-25T17:00:00.000Z,USA,Southwest Power Pool,US-CENT-SWPP,556.0,613.0,,28.0,,False,
2025-02-25T18:00:00.000Z,USA,Southwest Power Pool,US-CENT-SWPP,499.0,550.0,,35.0,,False,
2025-02-25T19:00:00.000Z,USA,Southwest Power Pool,US-CENT-SWPP,451.0,498.0,,42.0,,False,
2025-02-25T20:00:00.000Z,USA,Southwest Power Pool,US-CENT-SWPP,427.0,472.0,,44.0,,False,
2025-02-25T21:00:00.000Z,USA,Southwest Power Pool,US-CENT-SWPP,400.0,442.0,,48.0,,False,
2025-02-25T22:00:00.000Z,USA,Southwest Power Pool,US-CENT-SWPP,368.0,407.0,,52.0,,False,
2025-02-25T23:00:00.000Z,USA,Southwest Power Pool,US-CENT-SWPP,380.0,421.0,,50.0,,False,
2025-02-26T00:00:00.000Z,USA,Southwest Power Pool,US-CENT-SWPP,390.0,432.0,,49.0,,False,
2025-02-26T01:00:00.000Z,USA,Southwest Power Pool,US-CENT-SWPP,340.0,378.0,,55.0,,False,
2025-02-26T02:00:00.000Z,USA,Southwest Power Pool,US-CENT-SWPP,286.0,321.0,,60.0,,False,
2025-02-26T03:00:00.000Z,USA,Southwest Power Pool,US-CENT-SWPP,257.0,289.0,,64.0,,False,
2025-02-26T04:00:00.000Z,USA,Southwest Power Pool,US-CENT-SWPP,241.0,272.0,,65.0,,False,
2025-02-26T05:00:00.000Z,USA,Southwest Power Pool,US-CENT-SWPP,223.0,252.0,,67.0,,False,
2025-02-26T06:00:00.000Z,USA,Southwest Power Pool,US-CENT-SWPP,214.0,243.0,,68.0,,False,
2025-02-26T07:00:00.000Z,USA,Southwest Power Pool,US-CENT-SWPP,217.0,247.0,,67.0,,False,
2025-02-26T08:00:00.000Z,USA,Southwest Power Pool,US-CENT-SWPP,219.0,249.0,,67.0,,False,
2025-02-26T09:00:00.000Z,USA,Southwest Power Pool,US-CENT-SWPP,212.0,242.0,,67.0,,False,
2025-02-26T10:00:00.000Z,USA,Southwest Power Pool,US-CENT-SWPP,224.0,256.0,,66.0,,False,
2025-02-26T11:00:00.000Z,USA,Southwest Power Pool,US-CENT-SWPP,237.0,269.0,,64.0,,False,
2025-02-26T12:00:00.000Z,USA,Southwest Power Pool,US-CENT-SWPP,246.0,280.0,,63.0,,False,
2025-02-26T13:00:00.000Z,USA,Southwest Power Pool,US-CENT-SWPP,255.0,290.0,,62.0,,False,
2025-02-26T14:00:00.000Z,USA,Southwest Power Pool,US-CENT-SWPP,249.0,283.0,,63.0,,False,
2025-02-26T15:00:00.000Z,USA,Southwest Power Pool,US-CENT-SWPP,246.0,280.0,,64.0,,False,
2025-02-26T16:00:00.000Z,USA,Southwest Power Pool,US-CENT-SWPP,241.0,273.0,,64.0,,False,
2025-02-26T17:00:00.000Z,USA,Southwest Power Pool,US-CENT-SWPP,247.0,280.0,,64.0,,False,
2025-02-26T18:00:00.000Z,USA,Southwest Power Pool,US-CENT-SWPP,243.0,275.0,,64.0,,False,
2025-02-26T19:00:00.000Z,USA,Southwest Power Pool,US-CENT-SWPP,236.0,268.0,,65.0,,False,
2025-02-26T20:00:00.000Z,USA,Southwest Power Pool,US-CENT-SWPP,228.0,260.0,,66.0,,False,
2025-02-26T21:00:00.000Z,USA,Southwest Power Pool,US-CENT-SWPP,224.0,255.0,,66.0,,False,
2025-02-26T22:00:00.000Z,USA,Southwest Power Pool,US-CENT-SWPP,229.0,262.0,,65.0,,False,
2025-02-26T23:00:00.000Z,USA,Southwest Power Pool,US-CENT-SWPP,229.0,263.0,,65.0,,False,
2025-02-27T00:00:00.000Z,USA,Southwest Power Pool,US-CENT-SWPP,243.0,278.0,,63.0,,False,
2025-02-27T01:00:00.000Z,USA,Southwest Power Pool,US-CENT-SWPP,265.0,301.0,,62.0,,False,
2025-02-27T02:00:00.000Z,USA,Southwest Power Pool,US-CENT-SWPP,258.0,293.0,,62.0,,False,
2025-02-27T03:00:00.000Z,USA,Southwest Power Pool,US-CENT-SWPP,262.0,298.0,,61.0,,False,
2025-02-27T04:00:00.000Z,USA,Southwest Power Pool,US-CENT-SWPP,250.0,285.0,,62.0,,False,
2025-02-27T05:00:00.000Z,USA,Southwest Power Pool,US-CENT-SWPP,229.0,261.0,,65.0,,False,
2025-02-27T06:00:00.000Z,USA,Southwest Power Pool,US-CENT-SWPP,226.0,258.0,,65.0,,False,
2025-02-27T07:00:00.000Z,USA,Southwest Power Pool,US-CENT-SWPP,234.0,266.0,,65.0,,False,
2025-02-27T08:00:00.000Z,USA,Southwest Power Pool,US-CENT-SWPP,241.0,274.0,,64.0,,False,
2025-02-27T09:00:00.000Z,USA,Southwest Power Pool,US-CENT-SWPP,242.0,275.0,,63.0,,False,
2025-02-27T10:00:00.000Z,USA,Southwest Power Pool,US-CENT-SWPP,254.0,288.0,,62.0,,False,
2025-02-27T11:00:00.000Z,USA,Southwest Power Pool,US-CENT-SWPP,264.0,301.0,,60.0,,False,
2025-02-27T12:00:00.000Z,USA,Southwest Power Pool,US-CENT-SWPP,266.0,304.0,,59.0,,False,
2025-02-27T13:00:00.000Z,USA,Southwest Power Pool,US-CENT-SWPP,282.0,321.0,,58.0,,False,
2025-02-27T14:00:00.000Z,USA,Southwest Power Pool,US-CENT-SWPP,332.0,378.0,,50.0,,False,
2025-02-27T15:00:00.000Z,USA,Southwest Power Pool,US-CENT-SWPP,466.0,527.0,,32.0,,False,
2025-02-27T16:00:00.000Z,USA,Southwest Power Pool,US-CENT-SWPP,498.0,559.0,,29.0,,False,
2025-02-27T17:00:00.000Z,USA,Southwest Power Pool,US-CENT-SWPP,467.0,524.0,,34.0,,False,
2025-02-27T18:00:00.000Z,USA,Southwest Power Pool,US-CENT-SWPP,466.0,522.0,,34.0,,False,
2025-02-27T19:00:00.000Z,USA,Southwest Power Pool,US-CENT-SWPP,474.0,529.0,,34.0,,False,
2025-02-27T20:00:00.000Z,USA,Southwest Power Pool,US-CENT-SWPP,487.0,544.0,,32.0,,False,
2025-02-27T21:00:00.000Z,USA,Southwest Power Pool,US-CENT-SWPP,500.0,559.0,,31.0,,False,
2025-02-27T22:00:00.000Z,USA,Southwest Power Pool,US-CENT-SWPP,517.0,579.0,,28.0,,False,
2025-02-27T23:00:00.000Z,USA,Southwest Power Pool,US-CENT-SWPP,546.0,612.0,,23.0,,False,
2025-02-28T00:00:00.000Z,USA,Southwest Power Pool,US-CENT-SWPP,573.0,643.0,,19.0,,False,
2025-02-28T01:00:00.000Z,USA,Southwest Power Pool,US-CENT-SWPP,557.0,623.0,,23.0,,False,
2025-02-28T02:00:00.000Z,USA,Southwest Power Pool,US-CENT-SWPP,478.0,535.0,,33.0,,False,
2025-02-28T03:00:00.000Z,USA,Southwest Power Pool,US-CENT-SWPP,389.0,435.0,,46.0,,False,
2025-02-28T04:00:00.000Z,USA,Southwest Power Pool,US-CENT-SWPP,335.0,376.0,,53.0,,False,
2025-02-28T05:00:00.000Z,USA,Southwest Power Pool,US-CENT-SWPP,305.0,343.0,,56.0,,False,
2025-02-28T06:00:00.000Z,USA,Southwest Power Pool,US-CENT-SWPP,269.0,305.0,,60.0,,False,
2025-02-28T07:00:00.000Z,USA,Southwest Power Pool,US-CENT-SWPP,249.0,283.0,,62.0,,False,
2025-02-28T08:00:00.000Z,USA,Southwest Power Pool,US-CENT-SWPP,242.0,276.0,,63.0,,False,
2025-02-28T09:00:00.000Z,USA,Southwest Power Pool,US-CENT-SWPP,239.0,272.0,,63.0,,False,
2025-02-28T10:00:00.000Z,USA,Southwest Power Pool,US-CENT-SWPP,246.0,280.0,,63.0,,False,
2025-02-28T11:00:00.000Z,USA,Southwest Power Pool,US-CENT-SWPP,248.0,283.0,,62.0,,False,
2025-02-28T12:00:00.000Z,USA,Southwest Power Pool,US-CENT-SWPP,254.0,289.0,,62.0,,False,
2025-02-28T13:00:00.000Z,USA,Southwest Power Pool,US-CENT-SWPP,259.0,295.0,,62.0,,False,
2025-02-28T14:00:00.000Z,USA,Southwest Power Pool,US-CENT-SWPP,260.0,295.0,,62.0,,False,
2025-02-28T15:00:00.000Z,USA,Southwest Power Pool,US-CENT-SWPP,288.0,326.0,,58.0,,False,
2025-02-28T16:00:00.000Z,USA,Southwest Power Pool,US-CENT-SWPP,299.0,337.0,,57.0,,False,
2025-02-28T17:00:00.000Z,USA,Southwest Power Pool,US-CENT-SWPP,300.0,338.0,,57.0,,False,
2025-02-28T18:00:00.000Z,USA,Southwest Power Pool,US-CENT-SWPP,308.0,347.0,,56.0,,False,
2025-02-28T19:00:00.000Z,USA,Southwest Power Pool,US-CENT-SWPP,294.0,332.0,,58.0,,False,
2025-02-28T20:00:00.000Z,USA,Southwest Power Pool,US-CENT-SWPP,264.0,300.0,,61.0,,False,
2025-02-28T21:00:00.000Z,USA,Southwest Power Pool,US-CENT-SWPP,277.0,314.0,,59.0,,False,
2025-02-28T22:00:00.000Z,USA,Southwest Power Pool,US-CENT-SWPP,312.0,354.0,,54.0,,False,
2025-02-28T23:00:00.000Z,USA,Southwest Power Pool,US-CENT-SWPP,335.0,379.0,,51.0,,False,
2025-03-01T00:00:00.000Z,USA,Southwest Power Pool,US-CENT-SWPP,336.0,380.0,,51.0,,False,
2025-03-01T01:00:00.000Z,USA,Southwest Power Pool,US-CENT-SWPP,316.0,358.0,,53.0,,False,
2025-03-01T02:00:00.000Z,USA,Southwest Power Pool,US-CENT-SWPP,298.0,339.0,,55.0,,False,
2025-03-01T03:00:00.000Z,USA,Southwest Power Pool,US-CENT-SWPP,290.0,329.0,,57.0,,False,
2025-03-01T04:00:00.000Z,USA,Southwest Power Pool,US-CENT-SWPP,317.0,357.0,,54.0,,False,
2025-03-01T05:00:00.000Z,USA,Southwest Power Pool,US-CENT-SWPP,339.0,380.0,,52.0,,False,
2025-03-01T06:00:00.000Z,USA,Southwest Power Pool,US-CENT-SWPP,361.0,405.0,,48.0,,False,
2025-03-01T07:00:00.000Z,USA,Southwest Power Pool,US-CENT-SWPP,404.0,451.0,,43.0,,False,
2025-03-01T08:00:00.000Z,USA,Southwest Power Pool,US-CENT-SWPP,432.0,480.0,,40.0,,False,
2025-03-01T09:00:00.000Z,USA,Southwest Power Pool,US-CENT-SWPP,443.0,491.0,,39.0,,False,
2025-03-01T10:00:00.000Z,USA,Southwest Power Pool,US-CENT-SWPP,467.0,519.0,,36.0,,False,
2025-03-01T11:00:00.000Z,USA,Southwest Power Pool,US-CENT-SWPP,476.0,529.0,,35.0,,False,
2025-03-01T12:00:00.000Z,USA,Southwest Power Pool,US-CENT-SWPP,469.0,522.0,,36.0,,False,
2025-03-01T13:00:00.000Z,USA,Southwest Power Pool,US-CENT-SWPP,472.0,526.0,,35.0,,False,
2025-03-01T14:00:00.000Z,USA,Southwest Power Pool,US-CENT-SWPP,484.0,542.0,,32.0,,False,
2025-03-01T15:00:00.000Z,USA,Southwest Power Pool,US-CENT-SWPP,503.0,564.0,,29.0,,False,
2025-03-01T16:00:00.000Z,USA,Southwest Power Pool,US-CENT-SWPP,499.0,559.0,,30.0,,False,
2025-03-01T17:00:00.000Z,USA,Southwest Power Pool,US-CENT-SWPP,527.0,590.0,,26.0,,False,
2025-03-01T18:00:00.000Z,USA,Southwest Power Pool,US-CENT-SWPP,547.0,611.0,,24.0,,False,
2025-03-01T19:00:00.000Z,USA,Southwest Power Pool,US-CENT-SWPP,551.0,615.0,,24.0,,False,
2025-03-01T20:00:00.000Z,USA,Southwest Power Pool,US-CENT-SWPP,550.0,614.0,,24.0,,False,
2025-03-01T21:00:00.000Z,USA,Southwest Power Pool,US-CENT-SWPP,548.0,612.0,,24.0,,False,
2025-03-01T22:00:00.000Z,USA,Southwest Power Pool,US-CENT-SWPP,522.0,582.0,,28.0,,False,
2025-03-01T23:00:00.000Z,USA,Southwest Power Pool,US-CENT-SWPP,489.0,546.0,,32.0,,False,
2025-03-02T00:00:00.000Z,USA,Southwest Power Pool,US-CENT-SWPP,436.0,489.0,,39.0,,False,
2025-03-02T01:00:00.000Z,USA,Southwest Power Pool,US-CENT-SWPP,349.0,392.0,,51.0,,False,
2025-03-02T02:00:00.000Z,USA,Southwest Power Pool,US-CENT-SWPP,271.0,307.0,,60.0,,False,
2025-03-02T03:00:00.000Z,USA,Southwest Power Pool,US-CENT-SWPP,246.0,281.0,,63.0,,False,
2025-03-02T04:00:00.000Z,USA,Southwest Power Pool,US-CENT-SWPP,240.0,274.0,,63.0,,False,
2025-03-02T05:00:00.000Z,USA,Southwest Power Pool,US-CENT-SWPP,222.0,255.0,,65.0,,False,
2025-03-02T06:00:00.000Z,USA,Southwest Power Pool,US-CENT-SWPP,217.0,249.0,,67.0,,False,
2025-03-02T07:00:00.000Z,USA,Southwest Power Pool,US-CENT-SWPP,213.0,243.0,,68.0,,False,
2025-03-02T08:00:00.000Z,USA,Southwest Power Pool,US-CENT-SWPP,209.0,239.0,,68.0,,False,
2025-03-02T09:00:00.000Z,USA,Southwest Power Pool,US-CENT-SWPP,217.0,248.0,,67.0,,False,
2025-03-02T10:00:00.000Z,USA,Southwest Power Pool,US-CENT-SWPP,214.0,245.0,,67.0,,False,
2025-03-02T11:00:00.000Z,USA,Southwest Power Pool,US-CENT-SWPP,220.0,251.0,,66.0,,False,
2025-03-02T12:00:00.000Z,USA,Southwest Power Pool,US-CENT-SWPP,211.0,243.0,,67.0,,False,
2025-03-02T13:00:00.000Z,USA,Southwest Power Pool,US-CENT-SWPP,209.0,242.0,,67.0,,False,
2025-03-02T14:00:00.000Z,USA,Southwest Power Pool,US-CENT-SWPP,214.0,247.0,,67.0,,False,
2025-03-02T15:00:00.000Z,USA,Southwest Power Pool,US-CENT-SWPP,227.0,261.0,,65.0,,False,
2025-03-02T16:00:00.000Z,USA,Southwest Power Pool,US-CENT-SWPP,224.0,257.0,,65.0,,False,
2025-03-02T17:00:00.000Z,USA,Southwest Power Pool,US-CENT-SWPP,221.0,253.0,,65.0,,False,
2025-03-02T18:00:00.000Z,USA,Southwest Power Pool,US-CENT-SWPP,200.0,231.0,,67.0,,False,
2025-03-02T19:00:00.000Z,USA,Southwest Power Pool,US-CENT-SWPP,200.0,232.0,,67.0,,False,
2025-03-02T20:00:00.000Z,USA,Southwest Power Pool,US-CENT-SWPP,210.0,243.0,,66.0,,False,
2025-03-02T21:00:00.000Z,USA,Southwest Power Pool,US-CENT-SWPP,215.0,248.0,,65.0,,False,
2025-03-02T22:00:00.000Z,USA,Southwest Power Pool,US-CENT-SWPP,212.0,246.0,,65.0,,False,
2025-03-02T23:00:00.000Z,USA,Southwest Power Pool,US-CENT-SWPP,239.0,276.0,,62.0,,False,
2025-03-03T00:00:00.000Z,USA,Southwest Power Pool,US-CENT-SWPP,261.0,300.0,,59.0,,False,
2025-03-03T01:00:00.000Z,USA,Southwest Power Pool,US-CENT-SWPP,257.0,295.0,,60.0,,False,
2025-03-03T02:00:00.000Z,USA,Southwest Power Pool,US-CENT-SWPP,233.0,268.0,,64.0,,False,
2025-03-03T03:00:00.000Z,USA,Southwest Power Pool,US-CENT-SWPP,206.0,238.0,,67.0,,False,
2025-03-03T04:00:00.000Z,USA,Southwest Power Pool,US-CENT-SWPP,199.0,230.0,,67.0,,False,
2025-03-03T05:00:00.000Z,USA,Southwest Power Pool,US-CENT-SWPP,199.0,230.0,,68.0,,False,
2025-03-03T06:00:00.000Z,USA,Southwest Power Pool,US-CENT-SWPP,196.0,226.0,,68.0,,False,
2025-03-03T07:00:00.000Z,USA,Southwest Power Pool,US-CENT-SWPP,199.0,229.0,,68.0,,False,
2025-03-03T08:00:00.000Z,USA,Southwest Power Pool,US-CENT-SWPP,200.0,231.0,,68.0,,False,
2025-03-03T09:00:00.000Z,USA,Southwest Power Pool,US-CENT-SWPP,201.0,233.0,,67.0,,False,
2025-03-03T10:00:00.000Z,USA,Southwest Power Pool,US-CENT-SWPP,209.0,242.0,,66.0,,False,
2025-03-03T11:00:00.000Z,USA,Southwest Power Pool,US-CENT-SWPP,230.0,266.0,,63.0,,False,
2025-03-03T12:00:00.000Z,USA,Southwest Power Pool,US-CENT-SWPP,248.0,285.0,,61.0,,False,
2025-03-03T13:00:00.000Z,USA,Southwest Power Pool,US-CENT-SWPP,250.0,286.0,,62.0,,False,
2025-03-03T14:00:00.000Z,USA,Southwest Power Pool,US-CENT-SWPP,255.0,292.0,,61.0,,False,
2025-03-03T15:00:00.000Z,USA,Southwest Power Pool,US-CENT-SWPP,262.0,299.0,,61.0,,False,
2025-03-03T16:00:00.000Z,USA,Southwest Power Pool,US-CENT-SWPP,252.0,289.0,,62.0,,False,
2025-03-03T17:00:00.000Z,USA,Southwest Power Pool,US-CENT-SWPP,242.0,277.0,,63.0,,False,
2025-03-03T18:00:00.000Z,USA,Southwest Power Pool,US-CENT-SWPP,229.0,264.0,,64.0,,False,
2025-03-03T19:00:00.000Z,USA,Southwest Power Pool,US-CENT-SWPP,228.0,262.0,,64.0,,False,
2025-03-03T20:00:00.000Z,USA,Southwest Power Pool,US-CENT-SWPP,225.0,260.0,,65.0,,False,
2025-03-03T21:00:00.000Z,USA,Southwest Power Pool,US-CENT-SWPP,219.0,254.0,,65.0,,False,
2025-03-03T22:00:00.000Z,USA,Southwest Power Pool,US-CENT-SWPP,211.0,245.0,,66.0,,False,
2025-03-03T23:00:00.000Z,USA,Southwest Power Pool,US-CENT-SWPP,213.0,246.0,,66.0,,False,
2025-03-04T00:00:00.000Z,USA,Southwest Power Pool,US-CENT-SWPP,222.0,256.0,,65.0,,False,
2025-03-04T01:00:00.000Z,USA,Southwest Power Pool,US-CENT-SWPP,229.0,263.0,,65.0,,False,
2025-03-04T02:00:00.000Z,USA,Southwest Power Pool,US-CENT-SWPP,230.0,263.0,,65.0,,False,
2025-03-04T03:00:00.000Z,USA,Southwest Power Pool,US-CENT-SWPP,222.0,255.0,,65.0,,False,
2025-03-04T04:00:00.000Z,USA,Southwest Power Pool,US-CENT-SWPP,212.0,244.0,,67.0,,False,
2025-03-04T05:00:00.000Z,USA,Southwest Power Pool,US-CENT-SWPP,204.0,235.0,,67.0,,False,
2025-03-04T06:00:00.000Z,USA,Southwest Power Pool,US-CENT-SWPP,196.0,227.0,,68.0,,False,
2025-03-04T07:00:00.000Z,USA,Southwest Power Pool,US-CENT-SWPP,193.0,224.0,,68.0,,False,
2025-03-04T08:00:00.000Z,USA,Southwest Power Pool,US-CENT-SWPP,200.0,230.0,,68.0,,False,
2025-03-04T09:00:00.000Z,USA,Southwest Power Pool,US-CENT-SWPP,200.0,229.0,,68.0,,False,
2025-03-04T10:00:00.000Z,USA,Southwest Power Pool,US-CENT-SWPP,219.0,251.0,,66.0,,False,
2025-03-04T11:00:00.000Z,USA,Southwest Power Pool,US-CENT-SWPP,233.0,266.0,,64.0,,False,
2025-03-04T12:00:00.000Z,USA,Southwest Power Pool,US-CENT-SWPP,270.0,308.0,,60.0,,False,
2025-03-04T13:00:00.000Z,USA,Southwest Power Pool,US-CENT-SWPP,268.0,305.0,,60.0,,False,
2025-03-04T14:00:00.000Z,USA,Southwest Power Pool,US-CENT-SWPP,242.0,278.0,,62.0,,False,
2025-03-04T15:00:00.000Z,USA,Southwest Power Pool,US-CENT-SWPP,260.0,298.0,,60.0,,False,
2025-03-04T16:00:00.000Z,USA,Southwest Power Pool,US-CENT-SWPP,281.0,320.0,,58.0,,False,
2025-03-04T17:00:00.000Z,USA,Southwest Power Pool,US-CENT-SWPP,299.0,339.0,,56.0,,False,
2025-03-04T18:00:00.000Z,USA,Southwest Power Pool,US-CENT-SWPP,284.0,323.0,,58.0,,False,
2025-03-04T19:00:00.000Z,USA,Southwest Power Pool,US-CENT-SWPP,273.0,310.0,,60.0,,False,
2025-03-04T20:00:00.000Z,USA,Southwest Power Pool,US-CENT-SWPP,268.0,305.0,,60.0,,False,
2025-03-04T21:00:00.000Z,USA,Southwest Power Pool,US-CENT-SWPP,271.0,307.0,,60.0,,False,
2025-03-04T22:00:00.000Z,USA,Southwest Power Pool,US-CENT-SWPP,271.0,307.0,,60.0,,False,
2025-03-04T23:00:00.000Z,USA,Southwest Power Pool,US-CENT-SWPP,260.0,296.0,,61.0,,False,
2025-03-05T00:00:00.000Z,USA,Southwest Power Pool,US-CENT-SWPP,269.0,306.0,,60.0,,False,
2025-03-05T01:00:00.000Z,USA,Southwest Power Pool,US-CENT-SWPP,289.0,326.0,,59.0,,False,
2025-03-05T02:00:00.000Z,USA,Southwest Power Pool,US-CENT-SWPP,294.0,331.0,,58.0,,False,
2025-03-05T03:00:00.000Z,USA,Southwest Power Pool,US-CENT-SWPP,282.0,318.0,,60.0,,False,
2025-03-05T04:00:00.000Z,USA,Southwest Power Pool,US-CENT-SWPP,280.0,316.0,,60.0,,False,
2025-03-05T05:00:00.000Z,USA,Southwest Power Pool,US-CENT-SWPP,263.0,298.0,,61.0,,False,
2025-03-05T06:00:00.000Z,USA,Southwest Power Pool,US-CENT-SWPP,249.0,284.0,,62.0,,False,
2025-03-05T07:00:00.000Z,USA,Southwest Power Pool,US-CENT-SWPP,248.0,283.0,,62.0,,False,
2025-03-05T08:00:00.000Z,USA,Southwest Power Pool,US-CENT-SWPP,249.0,286.0,,61.0,,False,
2025-03-05T09:00:00.000Z,USA,Southwest Power Pool,US-CENT-SWPP,246.0,283.0,,61.0,,False,
2025-03-05T10:00:00.000Z,USA,Southwest Power Pool,US-CENT-SWPP,253.0,291.0,,60.0,,False,
2025-03-05T11:00:00.000Z,USA,Southwest Power Pool,US-CENT-SWPP,271.0,312.0,,58.0,,False,
2025-03-05T12:00:00.000Z,USA,Southwest Power Pool,US-CENT-SWPP,283.0,326.0,,56.0,,False,
2025-03-05T13:00:00.000Z,USA,Southwest Power Pool,US-CENT-SWPP,286.0,329.0,,56.0,,False,
2025-03-05T14:00:00.000Z,USA,Southwest Power Pool,US-CENT-SWPP,284.0,326.0,,57.0,,False,
2025-03-05T15:00:00.000Z,USA,Southwest Power Pool,US-CENT-SWPP,286.0,328.0,,56.0,,False,
2025-03-05T16:00:00.000Z,USA,Southwest Power Pool,US-CENT-SWPP,283.0,325.0,,57.0,,False,
2025-03-05T17:00:00.000Z,USA,Southwest Power Pool,US-CENT-SWPP,271.0,310.0,,59.0,,False,
2025-03-05T18:00:00.000Z,USA,Southwest Power Pool,US-CENT-SWPP,268.0,306.0,,60.0,,False,
2025-03-05T19:00:00.000Z,USA,Southwest Power Pool,US-CENT-SWPP,266.0,304.0,,60.0,,False,
2025-03-05T20:00:00.000Z,USA,Southwest Power Pool,US-CENT-SWPP,263.0,301.0,,60.0,,False,
2025-03-05T21:00:00.000Z,USA,Southwest Power Pool,US-CENT-SWPP,276.0,316.0,,58.0,,False,
2025-03-05T22:00:00.000Z,USA,Southwest Power Pool,US-CENT-SWPP,283.0,326.0,,56.0,,False,
2025-03-05T23:00:00.000Z,USA,Southwest Power Pool,US-CENT-SWPP,334.0,386.0,,46.0,,False,
2025-03-06T00:00:00.000Z,USA,Southwest Power Pool,US-CENT-SWPP,420.0,483.0,,34.0,,False,
2025-03-06T01:00:00.000Z,USA,Southwest Power Pool,US-CENT-SWPP,445.0,507.0,,32.0,,False,
2025-03-06T02:00:00.000Z,USA,Southwest Power Pool,US-CENT-SWPP,453.0,514.0,,33.0,,False,
2025-03-06T03:00:00.000Z,USA,Southwest Power Pool,US-CENT-SWPP,450.0,509.0,,34.0,,False,
2025-03-06T04:00:00.000Z,USA,Southwest Power Pool,US-CENT-SWPP,446.0,504.0,,35.0,,False,
2025-03-06T05:00:00.000Z,USA,Southwest Power Pool,US-CENT-SWPP,443.0,497.0,,37.0,,False,
2025-03-06T06:00:00.000Z,USA,Southwest Power Pool,US-CENT-SWPP,452.0,506.0,,37.0,,False,
2025-03-06T07:00:00.000Z,USA,Southwest Power Pool,US-CENT-SWPP,444.0,495.0,,38.0,,False,
2025-03-06T08:00:00.000Z,USA,Southwest Power Pool,US-CENT-SWPP,422.0,471.0,,42.0,,False,
2025-03-06T09:00:00.000Z,USA,Southwest Power Pool,US-CENT-SWPP,401.0,448.0,,44.0,,False,
2025-03-06T10:00:00.000Z,USA,Southwest Power Pool,US-CENT-SWPP,380.0,427.0,,46.0,,False,
2025-03-06T11:00:00.000Z,USA,Southwest Power Pool,US-CENT-SWPP,389.0,439.0,,44.0,,False,
2025-03-06T12:00:00.000Z,USA,Southwest Power Pool,US-CENT-SWPP,389.0,440.0,,44.0,,False,
2025-03-06T13:00:00.000Z,USA,Southwest Power Pool,US-CENT-SWPP,381.0,430.0,,46.0,,False,
2025-03-06T14:00:00.000Z,USA,Southwest Power Pool,US-CENT-SWPP,353.0,398.0,,50.0,,False,
2025-03-06T15:00:00.000Z,USA,Southwest Power Pool,US-CENT-SWPP,353.0,397.0,,51.0,,False,
2025-03-06T16:00:00.000Z,USA,Southwest Power Pool,US-CENT-SWPP,343.0,385.0,,53.0,,False,
2025-03-06T17:00:00.000Z,USA,Southwest Power Pool,US-CENT-SWPP,328.0,366.0,,56.0,,False,
2025-03-06T18:00:00.000Z,USA,Southwest Power Pool,US-CENT-SWPP,322.0,360.0,,56.0,,False,
2025-03-06T19:00:00.000Z,USA,Southwest Power Pool,US-CENT-SWPP,319.0,357.0,,56.0,,False,
2025-03-06T20:00:00.000Z,USA,Southwest Power Pool,US-CENT-SWPP,307.0,345.0,,57.0,,False,
2025-03-06T21:00:00.000Z,USA,Southwest Power Pool,US-CENT-SWPP,288.0,324.0,,59.0,,False,
2025-03-06T22:00:00.000Z,USA,Southwest Power Pool,US-CENT-SWPP,274.0,310.0,,61.0,,False,
2025-03-06T23:00:00.000Z,USA,Southwest Power Pool,US-CENT-SWPP,265.0,301.0,,62.0,,False,
2025-03-07T00:00:00.000Z,USA,Southwest Power Pool,US-CENT-SWPP,275.0,311.0,,61.0,,False,
2025-03-07T01:00:00.000Z,USA,Southwest Power Pool,US-CENT-SWPP,275.0,309.0,,61.0,,False,
2025-03-07T02:00:00.000Z,USA,Southwest Power Pool,US-CENT-SWPP,275.0,310.0,,62.0,,False,
2025-03-07T03:00:00.000Z,USA,Southwest Power Pool,US-CENT-SWPP,274.0,308.0,,62.0,,False,
2025-03-07T04:00:00.000Z,USA,Southwest Power Pool,US-CENT-SWPP,276.0,310.0,,61.0,,False,
2025-03-07T05:00:00.000Z,USA,Southwest Power Pool,US-CENT-SWPP,266.0,299.0,,62.0,,False,
2025-03-07T06:00:00.000Z,USA,Southwest Power Pool,US-CENT-SWPP,244.0,277.0,,64.0,,False,
2025-03-07T07:00:00.000Z,USA,Southwest Power Pool,US-CENT-SWPP,232.0,266.0,,64.0,,False,
2025-03-07T08:00:00.000Z,USA,Southwest Power Pool,US-CENT-SWPP,224.0,255.0,,66.0,,False,
2025-03-07T09:00:00.000Z,USA,Southwest Power Pool,US-CENT-SWPP,220.0,252.0,,66.0,,False,
2025-03-07T10:00:00.000Z,USA,Southwest Power Pool,US-CENT-SWPP,225.0,258.0,,65.0,,False,
2025-03-07T11:00:00.000Z,USA,Southwest Power Pool,US-CENT-SWPP,239.0,274.0,,63.0,,False,
2025-03-07T12:00:00.000Z,USA,Southwest Power Pool,US-CENT-SWPP,240.0,277.0,,63.0,,False,
2025-03-07T13:00:00.000Z,USA,Southwest Power Pool,US-CENT-SWPP,248.0,285.0,,62.0,,False,
2025-03-07T14:00:00.000Z,USA,Southwest Power Pool,US-CENT-SWPP,257.0,294.0,,61.0,,False,
2025-03-07T15:00:00.000Z,USA,Southwest Power Pool,US-CENT-SWPP,267.0,304.0,,60.0,,False,
2025-03-07T16:00:00.000Z,USA,Southwest Power Pool,US-CENT-SWPP,259.0,296.0,,61.0,,False,
2025-03-07T17:00:00.000Z,USA,Southwest Power Pool,US-CENT-SWPP,262.0,299.0,,60.0,,False,
2025-03-07T18:00:00.000Z,USA,Southwest Power Pool,US-CENT-SWPP,268.0,306.0,,60.0,,False,
2025-03-07T19:00:00.000Z,USA,Southwest Power Pool,US-CENT-SWPP,271.0,309.0,,59.0,,False,
2025-03-07T20:00:00.000Z,USA,Southwest Power Pool,US-CENT-SWPP,275.0,313.0,,59.0,,False,
2025-03-07T21:00:00.000Z,USA,Southwest Power Pool,US-CENT-SWPP,274.0,311.0,,59.0,,False,
2025-03-07T22:00:00.000Z,USA,Southwest Power Pool,US-CENT-SWPP,260.0,297.0,,61.0,,False,
2025-03-07T23:00:00.000Z,USA,Southwest Power Pool,US-CENT-SWPP,251.0,287.0,,62.0,,False,
2025-03-08T00:00:00.000Z,USA,Southwest Power Pool,US-CENT-SWPP,242.0,277.0,,63.0,,False,
2025-03-08T01:00:00.000Z,USA,Southwest Power Pool,US-CENT-SWPP,241.0,277.0,,63.0,,False,
2025-03-08T02:00:00.000Z,USA,Southwest Power Pool,US-CENT-SWPP,260.0,298.0,,60.0,,False,
2025-03-08T03:00:00.000Z,USA,Southwest Power Pool,US-CENT-SWPP,248.0,286.0,,60.0,,False,
2025-03-08T04:00:00.000Z,USA,Southwest Power Pool,US-CENT-SWPP,234.0,270.0,,62.0,,False,
2025-03-08T05:00:00.000Z,USA,Southwest Power Pool,US-CENT-SWPP,230.0,265.0,,63.0,,False,
2025-03-08T06:00:00.000Z,USA,Southwest Power Pool,US-CENT-SWPP,246.0,282.0,,62.0,,False,
2025-03-08T07:00:00.000Z,USA,Southwest Power Pool,US-CENT-SWPP,273.0,310.0,,59.0,,False,
2025-03-08T08:00:00.000Z,USA,Southwest Power Pool,US-CENT-SWPP,296.0,334.0,,57.0,,False,
2025-03-08T09:00:00.000Z,USA,Southwest Power Pool,US-CENT-SWPP,313.0,352.0,,55.0,,False,
2025-03-08T10:00:00.000Z,USA,Southwest Power Pool,US-CENT-SWPP,344.0,385.0,,51.0,,False,
2025-03-08T11:00:00.000Z,USA,Southwest Power Pool,US-CENT-SWPP,357.0,400.0,,50.0,,False,
2025-03-08T12:00:00.000Z,USA,Southwest Power Pool,US-CENT-SWPP,357.0,400.0,,50.0,,False,
2025-03-08T13:00:00.000Z,USA,Southwest Power Pool,US-CENT-SWPP,384.0,431.0,,46.0,,False,
2025-03-08T14:00:00.000Z,USA,Southwest Power Pool,US-CENT-SWPP,418.0,470.0,,40.0,,False,
2025-03-08T15:00:00.000Z,USA,Southwest Power Pool,US-CENT-SWPP,419.0,471.0,,40.0,,False,
2025-03-08T16:00:00.000Z,USA,Southwest Power Pool,US-CENT-SWPP,417.0,469.0,,40.0,,False,
2025-03-08T17:00:00.000Z,USA,Southwest Power Pool,US-CENT-SWPP,420.0,476.0,,38.0,,False,
2025-03-08T18:00:00.000Z,USA,Southwest Power Pool,US-CENT-SWPP,431.0,487.0,,37.0,,False,
2025-03-08T19:00:00.000Z,USA,Southwest Power Pool,US-CENT-SWPP,442.0,499.0,,35.0,,False,
2025-03-08T20:00:00.000Z,USA,Southwest Power Pool,US-CENT-SWPP,444.0,499.0,,36.0,,False,
2025-03-08T21:00:00.000Z,USA,Southwest Power Pool,US-CENT-SWPP,440.0,494.0,,38.0,,False,
2025-03-08T22:00:00.000Z,USA,Southwest Power Pool,US-CENT-SWPP,429.0,481.0,,40.0,,False,
2025-03-08T23:00:00.000Z,USA,Southwest Power Pool,US-CENT-SWPP,446.0,500.0,,37.0,,False,
2025-03-09T00:00:00.000Z,USA,Southwest Power Pool,US-CENT-SWPP,476.0,535.0,,32.0,,False,
2025-03-09T01:00:00.000Z,USA,Southwest Power Pool,US-CENT-SWPP,482.0,541.0,,32.0,,False,
2025-03-09T02:00:00.000Z,USA,Southwest Power Pool,US-CENT-SWPP,474.0,535.0,,32.0,,False,
2025-03-09T03:00:00.000Z,USA,Southwest Power Pool,US-CENT-SWPP,477.0,538.0,,31.0,,False,
2025-03-09T04:00:00.000Z,USA,Southwest Power Pool,US-CENT-SWPP,487.0,548.0,,30.0,,False,
2025-03-09T05:00:00.000Z,USA,Southwest Power Pool,US-CENT-SWPP,485.0,544.0,,31.0,,False,
2025-03-09T06:00:00.000Z,USA,Southwest Power Pool,US-CENT-SWPP,476.0,535.0,,32.0,,False,
2025-03-09T07:00:00.000Z,USA,Southwest Power Pool,US-CENT-SWPP,480.0,539.0,,31.0,,False,
2025-03-09T08:00:00.000Z,USA,Southwest Power Pool,US-CENT-SWPP,479.0,538.0,,31.0,,False,
2025-03-09T09:00:00.000Z,USA,Southwest Power Pool,US-CENT-SWPP,473.0,530.0,,33.0,,False,
2025-03-09T10:00:00.000Z,USA,Southwest Power Pool,US-CENT-SWPP,486.0,544.0,,31.0,,False,
2025-03-09T11:00:00.000Z,USA,Southwest Power Pool,US-CENT-SWPP,485.0,544.0,,31.0,,False,
2025-03-09T12:00:00.000Z,USA,Southwest Power Pool,US-CENT-SWPP,500.0,561.0,,29.0,,False,
2025-03-09T13:00:00.000Z,USA,Southwest Power Pool,US-CENT-SWPP,498.0,560.0,,29.0,,False,
2025-03-09T14:00:00.000Z,USA,Southwest Power Pool,US-CENT-SWPP,508.0,571.0,,27.0,,False,
2025-03-09T15:00:00.000Z,USA,Southwest Power Pool,US-CENT-SWPP,544.0,612.0,,22.0,,False,
2025-03-09T16:00:00.000Z,USA,Southwest Power Pool,US-CENT-SWPP,556.0,625.0,,20.0,,False,
2025-03-09T17:00:00.000Z,USA,Southwest Power Pool,US-CENT-SWPP,542.0,609.0,,22.0,,False,
2025-03-09T18:00:00.000Z,USA,Southwest Power Pool,US-CENT-SWPP,526.0,591.0,,24.0,,False,
2025-03-09T19:00:00.000Z,USA,Southwest Power Pool,US-CENT-SWPP,509.0,573.0,,27.0,,False,
2025-03-09T20:00:00.000Z,USA,Southwest Power Pool,US-CENT-SWPP,500.0,563.0,,27.0,,False,
2025-03-09T21:00:00.000Z,USA,Southwest Power Pool,US-CENT-SWPP,502.0,566.0,,27.0,,False,
2025-03-09T22:00:00.000Z,USA,Southwest Power Pool,US-CENT-SWPP,518.0,584.0,,25.0,,False,
2025-03-09T23:00:00.000Z,USA,Southwest Power Pool,US-CENT-SWPP,565.0,635.0,,19.0,,False,
2025-03-10T00:00:00.000Z,USA,Southwest Power Pool,US-CENT-SWPP,586.0,660.0,,15.0,,False,
2025-03-10T01:00:00.000Z,USA,Southwest Power Pool,US-CENT-SWPP,577.0,650.0,,16.0,,False,
2025-03-10T02:00:00.000Z,USA,Southwest Power Pool,US-CENT-SWPP,540.0,608.0,,22.0,,False,
2025-03-10T03:00:00.000Z,USA,Southwest Power Pool,US-CENT-SWPP,489.0,546.0,,32.0,,False,
2025-03-10T04:00:00.000Z,USA,Southwest Power Pool,US-CENT-SWPP,427.0,477.0,,40.0,,False,
2025-03-10T05:00:00.000Z,USA,Southwest Power Pool,US-CENT-SWPP,352.0,398.0,,48.0,,False,
2025-03-10T06:00:00.000Z,USA,Southwest Power Pool,US-CENT-SWPP,287.0,327.0,,56.0,,False,
2025-03-10T07:00:00.000Z,USA,Southwest Power Pool,US-CENT-SWPP,253.0,290.0,,60.0,,False,
2025-03-10T08:00:00.000Z,USA,Southwest Power Pool,US-CENT-SWPP,236.0,272.0,,62.0,,False,
2025-03-10T09:00:00.000Z,USA,Southwest Power Pool,US-CENT-SWPP,239.0,275.0,,62.0,,False,
2025-03-10T10:00:00.000Z,USA,Southwest Power Pool,US-CENT-SWPP,271.0,310.0,,58.0,,False,
2025-03-10T11:00:00.000Z,USA,Southwest Power Pool,US-CENT-SWPP,301.0,344.0,,54.0,,False,
2025-03-10T12:00:00.000Z,USA,Southwest Power Pool,US-CENT-SWPP,314.0,359.0,,53.0,,False,
2025-03-10T13:00:00.000Z,USA,Southwest Power Pool,US-CENT-SWPP,301.0,346.0,,53.0,,False,
2025-03-10T14:00:00.000Z,USA,Southwest Power Pool,US-CENT-SWPP,298.0,344.0,,53.0,,False,
2025-03-10T15:00:00.000Z,USA,Southwest Power Pool,US-CENT-SWPP,379.0,436.0,,41.0,,False,
2025-03-10T16:00:00.000Z,USA,Southwest Power Pool,US-CENT-SWPP,391.0,447.0,,40.0,,False,
2025-03-10T17:00:00.000Z,USA,Southwest Power Pool,US-CENT-SWPP,335.0,381.0,,49.0,,False,
2025-03-10T18:00:00.000Z,USA,Southwest Power Pool,US-CENT-SWPP,262.0,300.0,,60.0,,False,
2025-03-10T19:00:00.000Z,USA,Southwest Power Pool,US-CENT-SWPP,235.0,271.0,,63.0,,False,
2025-03-10T20:00:00.000Z,USA,Southwest Power Pool,US-CENT-SWPP,227.0,261.0,,64.0,,False,
2025-03-10T21:00:00.000Z,USA,Southwest Power Pool,US-CENT-SWPP,214.0,246.0,,66.0,,False,
2025-03-10T22:00:00.000Z,USA,Southwest Power Pool,US-CENT-SWPP,199.0,230.0,,68.0,,False,
2025-03-10T23:00:00.000Z,USA,Southwest Power Pool,US-CENT-SWPP,216.0,249.0,,66.0,,False,
2025-03-11T00:00:00.000Z,USA,Southwest Power Pool,US-CENT-SWPP,234.0,268.0,,64.0,,False,
2025-03-11T01:00:00.000Z,USA,Southwest Power Pool,US-CENT-SWPP,226.0,259.0,,65.0,,False,
2025-03-11T02:00:00.000Z,USA,Southwest Power Pool,US-CENT-SWPP,224.0,258.0,,65.0,,False,
2025-03-11T03:00:00.000Z,USA,Southwest Power Pool,US-CENT-SWPP,225.0,258.0,,65.0,,False,
2025-03-11T04:00:00.000Z,USA,Southwest Power Pool,US-CENT-SWPP,227.0,259.0,,65.0,,False,
2025-03-11T05:00:00.000Z,USA,Southwest Power Pool,US-CENT-SWPP,218.0,248.0,,67.0,,False,
2025-03-11T06:00:00.000Z,USA,Southwest Power Pool,US-CENT-SWPP,222.0,253.0,,66.0,,False,
2025-03-11T07:00:00.000Z,USA,Southwest Power Pool,US-CENT-SWPP,228.0,259.0,,65.0,,False,
2025-03-11T08:00:00.000Z,USA,Southwest Power Pool,US-CENT-SWPP,236.0,268.0,,64.0,,False,
2025-03-11T09:00:00.000Z,USA,Southwest Power Pool,US-CENT-SWPP,251.0,285.0,,62.0,,False,
2025-03-11T10:00:00.000Z,USA,Southwest Power Pool,US-CENT-SWPP,248.0,282.0,,62.0,,False,
2025-03-11T11:00:00.000Z,USA,Southwest Power Pool,US-CENT-SWPP,253.0,290.0,,61.0,,False,
2025-03-11T12:00:00.000Z,USA,Southwest Power Pool,US-CENT-SWPP,266.0,304.0,,60.0,,False,
2025-03-11T13:00:00.000Z,USA,Southwest Power Pool,US-CENT-SWPP,267.0,305.0,,59.0,,False,
2025-03-11T14:00:00.000Z,USA,Southwest Power Pool,US-CENT-SWPP,282.0,322.0,,57.0,,False,
2025-03-11T15:00:00.000Z,USA,Southwest Power Pool,US-CENT-SWPP,320.0,363.0,,53.0,,False,
2025-03-11T16:00:00.000Z,USA,Southwest Power Pool,US-CENT-SWPP,346.0,391.0,,50.0,,False,
2025-03-11T17:00:00.000Z,USA,Southwest Power Pool,US-CENT-SWPP,376.0,423.0,,46.0,,False,
2025-03-11T18:00:00.000Z,USA,Southwest Power Pool,US-CENT-SWPP,394.0,443.0,,44.0,,False,
2025-03-11T19:00:00.000Z,USA,Southwest Power Pool,US-CENT-SWPP,392.0,441.0,,44.0,,False,
2025-03-11T20:00:00.000Z,USA,Southwest Power Pool,US-CENT-SWPP,362.0,410.0,,47.0,,False,
2025-03-11T21:00:00.000Z,USA,Southwest Power Pool,US-CENT-SWPP,342.0,389.0,,49.0,,False,
2025-03-11T22:00:00.000Z,USA,Southwest Power Pool,US-CENT-SWPP,337.0,383.0,,50.0,,False,
2025-03-11T23:00:00.000Z,USA,Southwest Power Pool,US-CENT-SWPP,367.0,416.0,,46.0,,False,
2025-03-12T00:00:00.000Z,USA,Southwest Power Pool,US-CENT-SWPP,409.0,460.0,,42.0,,False,
2025-03-12T01:00:00.000Z,USA,Southwest Power Pool,US-CENT-SWPP,381.0,427.0,,47.0,,False,
2025-03-12T02:00:00.000Z,USA,Southwest Power Pool,US-CENT-SWPP,342.0,384.0,,51.0,,False,
2025-03-12T03:00:00.000Z,USA,Southwest Power Pool,US-CENT-SWPP,318.0,358.0,,54.0,,False,
2025-03-12T04:00:00.000Z,USA,Southwest Power Pool,US-CENT-SWPP,302.0,340.0,,56.0,,False,
2025-03-12T05:00:00.000Z,USA,Southwest Power Pool,US-CENT-SWPP,289.0,325.0,,58.0,,False,
2025-03-12T06:00:00.000Z,USA,Southwest Power Pool,US-CENT-SWPP,289.0,324.0,,58.0,,False,
2025-03-12T07:00:00.000Z,USA,Southwest Power Pool,US-CENT-SWPP,305.0,342.0,,56.0,,False,
2025-03-12T08:00:00.000Z,USA,Southwest Power Pool,US-CENT-SWPP,351.0,392.0,,51.0,,False,
2025-03-12T09:00:00.000Z,USA,Southwest Power Pool,US-CENT-SWPP,388.0,432.0,,46.0,,False,
2025-03-12T10:00:00.000Z,USA,Southwest Power Pool,US-CENT-SWPP,420.0,469.0,,41.0,,False,
2025-03-12T11:00:00.000Z,USA,Southwest Power Pool,US-CENT-SWPP,453.0,506.0,,37.0,,False,
2025-03-12T12:00:00.000Z,USA,Southwest Power Pool,US-CENT-SWPP,481.0,539.0,,33.0,,False,
2025-03-12T13:00:00.000Z,USA,Southwest Power Pool,US-CENT-SWPP,483.0,540.0,,33.0,,False,
2025-03-12T14:00:00.000Z,USA,Southwest Power Pool,US-CENT-SWPP,499.0,557.0,,31.0,,False,
2025-03-12T15:00:00.000Z,USA,Southwest Power Pool,US-CENT-SWPP,543.0,608.0,,24.0,,False,
2025-03-12T16:00:00.000Z,USA,Southwest Power Pool,US-CENT-SWPP,536.0,599.0,,25.0,,False,
2025-03-12T17:00:00.000Z,USA,Southwest Power Pool,US-CENT-SWPP,521.0,581.0,,28.0,,False,
2025-03-12T18:00:00.000Z,USA,Southwest Power Pool,US-CENT-SWPP,511.0,569.0,,30.0,,False,
2025-03-12T19:00:00.000Z,USA,Southwest Power Pool,US-CENT-SWPP,499.0,555.0,,32.0,,False,
2025-03-12T20:00:00.000Z,USA,Southwest Power Pool,US-CENT-SWPP,489.0,545.0,,33.0,,False,
2025-03-12T21:00:00.000Z,USA,Southwest Power Pool,US-CENT-SWPP,493.0,550.0,,33.0,,False,
2025-03-12T22:00:00.000Z,USA,Southwest Power Pool,US-CENT-SWPP,506.0,565.0,,30.0,,False,
2025-03-12T23:00:00.000Z,USA,Southwest Power Pool,US-CENT-SWPP,518.0,579.0,,29.0,,False,
2025-03-13T00:00:00.000Z,USA,Southwest Power Pool,US-CENT-SWPP,526.0,589.0,,27.0,,False,
2025-03-13T01:00:00.000Z,USA,Southwest Power Pool,US-CENT-SWPP,510.0,570.0,,30.0,,False,
2025-03-13T02:00:00.000Z,USA,Southwest Power Pool,US-CENT-SWPP,475.0,529.0,,35.0,,False,
2025-03-13T03:00:00.000Z,USA,Southwest Power Pool,US-CENT-SWPP,446.0,497.0,,39.0,,False,
2025-03-13T04:00:00.000Z,USA,Southwest Power Pool,US-CENT-SWPP,424.0,471.0,,42.0,,False,
2025-03-13T05:00:00.000Z,USA,Southwest Power Pool,US-CENT-SWPP,416.0,463.0,,43.0,,False,
2025-03-13T06:00:00.000Z,USA,Southwest Power Pool,US-CENT-SWPP,433.0,479.0,,42.0,,False,
2025-03-13T07:00:00.000Z,USA,Southwest Power Pool,US-CENT-SWPP,445.0,493.0,,40.0,,False,
2025-03-13T08:00:00.000Z,USA,Southwest Power Pool,US-CENT-SWPP,448.0,498.0,,39.0,,False,
2025-03-13T09:00:00.000Z,USA,Southwest Power Pool,US-CENT-SWPP,464.0,516.0,,36.0,,False,
2025-03-13T10:00:00.000Z,USA,Southwest Power Pool,US-CENT-SWPP,470.0,524.0,,34.0,,False,
2025-03-13T11:00:00.000Z,USA,Southwest Power Pool,US-CENT-SWPP,471.0,529.0,,33.0,,False,
2025-03-13T12:00:00.000Z,USA,Southwest Power Pool,US-CENT-SWPP,465.0,522.0,,34.0,,False,
2025-03-13T13:00:00.000Z,USA,Southwest Power Pool,US-CENT-SWPP,467.0,525.0,,34.0,,False,
2025-03-13T14:00:00.000Z,USA,Southwest Power Pool,US-CENT-SWPP,491.0,552.0,,30.0,,False,
2025-03-13T15:00:00.000Z,USA,Southwest Power Pool,US-CENT-SWPP,536.0,602.0,,24.0,,False,
2025-03-13T16:00:00.000Z,USA,Southwest Power Pool,US-CENT-SWPP,520.0,585.0,,26.0,,False,
2025-03-13T17:00:00.000Z,USA,Southwest Power Pool,US-CENT-SWPP,469.0,526.0,,34.0,,False,
2025-03-13T18:00:00.000Z,USA,Southwest Power Pool,US-CENT-SWPP,390.0,438.0,,45.0,,False,
2025-03-13T19:00:00.000Z,USA,Southwest Power Pool,US-CENT-SWPP,321.0,362.0,,54.0,,False,
2025-03-13T20:00:00.000Z,USA,Southwest Power Pool,US-CENT-SWPP,290.0,328.0,,58.0,,False,
2025-03-13T21:00:00.000Z,USA,Southwest Power Pool,US-CENT-SWPP,269.0,307.0,,60.0,,False,
2025-03-13T22:00:00.000Z,USA,Southwest Power Pool,US-CENT-SWPP,252.0,288.0,,62.0,,False,
2025-03-13T23:00:00.000Z,USA,Southwest Power Pool,US-CENT-SWPP,246.0,282.0,,62.0,,False,
2025-03-14T00:00:00.000Z,USA,Southwest Power Pool,US-CENT-SWPP,241.0,277.0,,63.0,,False,
2025-03-14T01:00:00.000Z,USA,Southwest Power Pool,US-CENT-SWPP,236.0,271.0,,63.0,,False,
2025-03-14T02:00:00.000Z,USA,Southwest Power Pool,US-CENT-SWPP,230.0,264.0,,64.0,,False,
2025-03-14T03:00:00.000Z,USA,Southwest Power Pool,US-CENT-SWPP,217.0,249.0,,66.0,,False,
2025-03-14T04:00:00.000Z,USA,Southwest Power Pool,US-CENT-SWPP,214.0,245.0,,66.0,,False,
2025-03-14T05:00:00.000Z,USA,Southwest Power Pool,US-CENT-SWPP,206.0,236.0,,67.0,,False,
2025-03-14T06:00:00.000Z,USA,Southwest Power Pool,US-CENT-SWPP,198.0,227.0,,69.0,,False,
2025-03-14T07:00:00.000Z,USA,Southwest Power Pool,US-CENT-SWPP,200.0,230.0,,68.0,,False,
2025-03-14T08:00:00.000Z,USA,Southwest Power Pool,US-CENT-SWPP,197.0,226.0,,68.0,,False,
2025-03-14T09:00:00.000Z,USA,Southwest Power Pool,US-CENT-SWPP,203.0,233.0,,67.0,,False,
2025-03-14T10:00:00.000Z,USA,Southwest Power Pool,US-CENT-SWPP,212.0,244.0,,66.0,,False,
2025-03-14T11:00:00.000Z,USA,Southwest Power Pool,US-CENT-SWPP,210.0,242.0,,66.0,,False,
2025-03-14T12:00:00.000Z,USA,Southwest Power Pool,US-CENT-SWPP,210.0,244.0,,66.0,,False,
2025-03-14T13:00:00.000Z,USA,Southwest Power Pool,US-CENT-SWPP,215.0,249.0,,65.0,,False,
2025-03-14T14:00:00.000Z,USA,Southwest Power Pool,US-CENT-SWPP,215.0,250.0,,65.0,,False,
2025-03-14T15:00:00.000Z,USA,Southwest Power Pool,US-CENT-SWPP,231.0,269.0,,62.0,,False,
2025-03-14T16:00:00.000Z,USA,Southwest Power Pool,US-CENT-SWPP,249.0,290.0,,58.0,,False,
2025-03-14T17:00:00.000Z,USA,Southwest Power Pool,US-CENT-SWPP,258.0,302.0,,56.0,,False,
2025-03-14T18:00:00.000Z,USA,Southwest Power Pool,US-CENT-SWPP,272.0,317.0,,55.0,,False,
2025-03-14T19:00:00.000Z,USA,Southwest Power Pool,US-CENT-SWPP,290.0,336.0,,53.0,,False,
2025-03-14T20:00:00.000Z,USA,Southwest Power Pool,US-CENT-SWPP,305.0,351.0,,52.0,,False,
2025-03-14T21:00:00.000Z,USA,Southwest Power Pool,US-CENT-SWPP,281.0,324.0,,55.0,,False,
2025-03-14T22:00:00.000Z,USA,Southwest Power Pool,US-CENT-SWPP,255.0,294.0,,59.0,,False,
2025-03-14T23:00:00.000Z,USA,Southwest Power Pool,US-CENT-SWPP,232.0,269.0,,62.0,,False,
2025-03-15T00:00:00.000Z,USA,Southwest Power Pool,US-CENT-SWPP,219.0,255.0,,64.0,,False,
2025-03-15T01:00:00.000Z,USA,Southwest Power Pool,US-CENT-SWPP,218.0,253.0,,64.0,,False,
2025-03-15T02:00:00.000Z,USA,Southwest Power Pool,US-CENT-SWPP,220.0,255.0,,64.0,,False,
2025-03-15T03:00:00.000Z,USA,Southwest Power Pool,US-CENT-SWPP,212.0,246.0,,65.0,,False,
2025-03-15T04:00:00.000Z,USA,Southwest Power Pool,US-CENT-SWPP,196.0,229.0,,67.0,,False,
2025-03-15T05:00:00.000Z,USA,Southwest Power Pool,US-CENT-SWPP,177.0,209.0,,69.0,,False,
2025-03-15T06:00:00.000Z,USA,Southwest Power Pool,US-CENT-SWPP,166.0,196.0,,70.0,,False,
2025-03-15T07:00:00.000Z,USA,Southwest Power Pool,US-CENT-SWPP,163.0,192.0,,71.0,,False,
2025-03-15T08:00:00.000Z,USA,Southwest Power Pool,US-CENT-SWPP,168.0,198.0,,70.0,,False,
2025-03-15T09:00:00.000Z,USA,Southwest Power Pool,US-CENT-SWPP,176.0,207.0,,69.0,,False,
2025-03-15T10:00:00.000Z,USA,Southwest Power Pool,US-CENT-SWPP,181.0,213.0,,68.0,,False,
2025-03-15T11:00:00.000Z,USA,Southwest Power Pool,US-CENT-SWPP,188.0,221.0,,67.0,,False,
2025-03-15T12:00:00.000Z,USA,Southwest Power Pool,US-CENT-SWPP,202.0,236.0,,65.0,,False,
2025-03-15T13:00:00.000Z,USA,Southwest Power Pool,US-CENT-SWPP,209.0,244.0,,64.0,,False,
2025-03-15T14:00:00.000Z,USA,Southwest Power Pool,US-CENT-SWPP,205.0,240.0,,65.0,,False,
2025-03-15T15:00:00.000Z,USA,Southwest Power Pool,US-CENT-SWPP,190.0,223.0,,67.0,,False,
2025-03-15T16:00:00.000Z,USA,Southwest Power Pool,US-CENT-SWPP,195.0,229.0,,67.0,,False,
2025-03-15T17:00:00.000Z,USA,Southwest Power Pool,US-CENT-SWPP,203.0,238.0,,66.0,,False,
2025-03-15T18:00:00.000Z,USA,Southwest Power Pool,US-CENT-SWPP,198.0,231.0,,67.0,,False,
2025-03-15T19:00:00.000Z,USA,Southwest Power Pool,US-CENT-SWPP,200.0,233.0,,67.0,,False,
2025-03-15T20:00:00.000Z,USA,Southwest Power Pool,US-CENT-SWPP,209.0,244.0,,65.0,,False,
2025-03-15T21:00:00.000Z,USA,Southwest Power Pool,US-CENT-SWPP,213.0,248.0,,65.0,,False,
2025-03-15T22:00:00.000Z,USA,Southwest Power Pool,US-CENT-SWPP,215.0,252.0,,64.0,,False,
2025-03-15T23:00:00.000Z,USA,Southwest Power Pool,US-CENT-SWPP,222.0,260.0,,63.0,,False,
2025-03-16T00:00:00.000Z,USA,Southwest Power Pool,US-CENT-SWPP,247.0,290.0,,58.0,,False,
2025-03-16T01:00:00.000Z,USA,Southwest Power Pool,US-CENT-SWPP,284.0,331.0,,53.0,,False,
2025-03-16T02:00:00.000Z,USA,Southwest Power Pool,US-CENT-SWPP,278.0,323.0,,54.0,,False,
2025-03-16T03:00:00.000Z,USA,Southwest Power Pool,US-CENT-SWPP,269.0,312.0,,55.0,,False,
2025-03-16T04:00:00.000Z,USA,Southwest Power Pool,US-CENT-SWPP,264.0,307.0,,56.0,,False,
2025-03-16T05:00:00.000Z,USA,Southwest Power Pool,US-CENT-SWPP,285.0,329.0,,54.0,,False,
2025-03-16T06:00:00.000Z,USA,Southwest Power Pool,US-CENT-SWPP,315.0,360.0,,50.0,,False,
2025-03-16T07:00:00.000Z,USA,Southwest Power Pool,US-CENT-SWPP,345.0,393.0,,47.0,,False,
2025-03-16T08:00:00.000Z,USA,Southwest Power Pool,US-CENT-SWPP,387.0,438.0,,42.0,,False,
2025-03-16T09:00:00.000Z,USA,Southwest Power Pool,US-CENT-SWPP,402.0,453.0,,41.0,,False,
2025-03-16T10:00:00.000Z,USA,Southwest Power Pool,US-CENT-SWPP,401.0,454.0,,40.0,,False,
2025-03-16T11:00:00.000Z,USA,Southwest Power Pool,US-CENT-SWPP,406.0,460.0,,39.0,,False,
2025-03-16T12:00:00.000Z,USA,Southwest Power Pool,US-CENT-SWPP,438.0,497.0,,34.0,,False,
2025-03-16T13:00:00.000Z,USA,Southwest Power Pool,US-CENT-SWPP,448.0,508.0,,33.0,,False,
2025-03-16T14:00:00.000Z,USA,Southwest Power Pool,US-CENT-SWPP,469.0,531.0,,30.0,,False,
2025-03-16T15:00:00.000Z,USA,Southwest Power Pool,US-CENT-SWPP,486.0,550.0,,28.0,,False,
2025-03-16T16:00:00.000Z,USA,Southwest Power Pool,US-CENT-SWPP,478.0,540.0,,30.0,,False,
2025-03-16T17:00:00.000Z,USA,Southwest Power Pool,US-CENT-SWPP,493.0,557.0,,28.0,,False,
2025-03-16T18:00:00.000Z,USA,Southwest Power Pool,US-CENT-SWPP,480.0,541.0,,31.0,,False,
2025-03-16T19:00:00.000Z,USA,Southwest Power Pool,US-CENT-SWPP,437.0,490.0,,38.0,,False,
2025-03-16T20:00:00.000Z,USA,Southwest Power Pool,US-CENT-SWPP,395.0,445.0,,43.0,,False,
2025-03-16T21:00:00.000Z,USA,Southwest Power Pool,US-CENT-SWPP,393.0,444.0,,42.0,,False,
2025-03-16T22:00:00.000Z,USA,Southwest Power Pool,US-CENT-SWPP,416.0,472.0,,38.0,,False,
2025-03-16T23:00:00.000Z,USA,Southwest Power Pool,US-CENT-SWPP,429.0,487.0,,36.0,,False,
2025-03-17T00:00:00.000Z,USA,Southwest Power Pool,US-CENT-SWPP,408.0,464.0,,38.0,,False,
2025-03-17T01:00:00.000Z,USA,Southwest Power Pool,US-CENT-SWPP,349.0,399.0,,46.0,,False,
2025-03-17T02:00:00.000Z,USA,Southwest Power Pool,US-CENT-SWPP,290.0,334.0,,54.0,,False,
2025-03-17T03:00:00.000Z,USA,Southwest Power Pool,US-CENT-SWPP,257.0,297.0,,59.0,,False,
2025-03-17T04:00:00.000Z,USA,Southwest Power Pool,US-CENT-SWPP,224.0,261.0,,63.0,,False,
2025-03-17T05:00:00.000Z,USA,Southwest Power Pool,US-CENT-SWPP,200.0,234.0,,66.0,,False,
2025-03-17T06:00:00.000Z,USA,Southwest Power Pool,US-CENT-SWPP,199.0,232.0,,66.0,,False,
2025-03-17T07:00:00.000Z,USA,Southwest Power Pool,US-CENT-SWPP,201.0,233.0,,66.0,,False,
2025-03-17T08:00:00.000Z,USA,Southwest Power Pool,US-CENT-SWPP,204.0,236.0,,66.0,,False,
2025-03-17T09:00:00.000Z,USA,Southwest Power Pool,US-CENT-SWPP,208.0,242.0,,65.0,,False,
2025-03-17T10:00:00.000Z,USA,Southwest Power Pool,US-CENT-SWPP,218.0,254.0,,63.0,,False,
2025-03-17T11:00:00.000Z,USA,Southwest Power Pool,US-CENT-SWPP,228.0,266.0,,62.0,,False,
2025-03-17T12:00:00.000Z,USA,Southwest Power Pool,US-CENT-SWPP,226.0,264.0,,62.0,,False,
2025-03-17T13:00:00.000Z,USA,Southwest Power Pool,US-CENT-SWPP,225.0,263.0,,63.0,,False,
2025-03-17T14:00:00.000Z,USA,Southwest Power Pool,US-CENT-SWPP,233.0,272.0,,62.0,,False,
2025-03-17T15:00:00.000Z,USA,Southwest Power Pool,US-CENT-SWPP,255.0,295.0,,59.0,,False,
2025-03-17T16:00:00.000Z,USA,Southwest Power Pool,US-CENT-SWPP,239.0,277.0,,62.0,,False,
2025-03-17T17:00:00.000Z,USA,Southwest Power Pool,US-CENT-SWPP,230.0,267.0,,63.0,,False,
2025-03-17T18:00:00.000Z,USA,Southwest Power Pool,US-CENT-SWPP,222.0,258.0,,64.0,,False,
2025-03-17T19:00:00.000Z,USA,Southwest Power Pool,US-CENT-SWPP,213.0,248.0,,65.0,,False,
2025-03-17T20:00:00.000Z,USA,Southwest Power Pool,US-CENT-SWPP,205.0,240.0,,66.0,,False,
2025-03-17T21:00:00.000Z,USA,Southwest Power Pool,US-CENT-SWPP,207.0,242.0,,65.0,,False,
2025-03-17T22:00:00.000Z,USA,Southwest Power Pool,US-CENT-SWPP,209.0,244.0,,65.0,,False,
2025-03-17T23:00:00.000Z,USA,Southwest Power Pool,US-CENT-SWPP,206.0,242.0,,65.0,,False,
2025-03-18T00:00:00.000Z,USA,Southwest Power Pool,US-CENT-SWPP,216.0,253.0,,64.0,,False,
2025-03-18T01:00:00.000Z,USA,Southwest Power Pool,US-CENT-SWPP,216.0,252.0,,64.0,,False,
2025-03-18T02:00:00.000Z,USA,Southwest Power Pool,US-CENT-SWPP,200.0,234.0,,66.0,,False,
2025-03-18T03:00:00.000Z,USA,Southwest Power Pool,US-CENT-SWPP,196.0,230.0,,67.0,,False,
2025-03-18T04:00:00.000Z,USA,Southwest Power Pool,US-CENT-SWPP,189.0,220.0,,68.0,,False,
2025-03-18T05:00:00.000Z,USA,Southwest Power Pool,US-CENT-SWPP,185.0,216.0,,68.0,,False,
2025-03-18T06:00:00.000Z,USA,Southwest Power Pool,US-CENT-SWPP,178.0,208.0,,69.0,,False,
2025-03-18T07:00:00.000Z,USA,Southwest Power Pool,US-CENT-SWPP,175.0,206.0,,69.0,,False,
2025-03-18T08:00:00.000Z,USA,Southwest Power Pool,US-CENT-SWPP,183.0,214.0,,68.0,,False,
2025-03-18T09:00:00.000Z,USA,Southwest Power Pool,US-CENT-SWPP,189.0,221.0,,68.0,,False,
2025-03-18T10:00:00.000Z,USA,Southwest Power Pool,US-CENT-SWPP,191.0,223.0,,67.0,,False,
2025-03-18T11:00:00.000Z,USA,Southwest Power Pool,US-CENT-SWPP,203.0,238.0,,66.0,,False,
2025-03-18T12:00:00.000Z,USA,Southwest Power Pool,US-CENT-SWPP,191.0,224.0,,68.0,,False,
2025-03-18T13:00:00.000Z,USA,Southwest Power Pool,US-CENT-SWPP,205.0,238.0,,67.0,,False,
2025-03-18T14:00:00.000Z,USA,Southwest Power Pool,US-CENT-SWPP,220.0,254.0,,65.0,,False,
2025-03-18T15:00:00.000Z,USA,Southwest Power Pool,US-CENT-SWPP,227.0,262.0,,64.0,,False,
2025-03-18T16:00:00.000Z,USA,Southwest Power Pool,US-CENT-SWPP,215.0,249.0,,65.0,,False,
2025-03-18T17:00:00.000Z,USA,Southwest Power Pool,US-CENT-SWPP,208.0,242.0,,66.0,,False,
2025-03-18T18:00:00.000Z,USA,Southwest Power Pool,US-CENT-SWPP,207.0,241.0,,66.0,,False,
2025-03-18T19:00:00.000Z,USA,Southwest Power Pool,US-CENT-SWPP,207.0,241.0,,66.0,,False,
2025-03-18T20:00:00.000Z,USA,Southwest Power Pool,US-CENT-SWPP,213.0,247.0,,66.0,,False,
2025-03-18T21:00:00.000Z,USA,Southwest Power Pool,US-CENT-SWPP,219.0,254.0,,65.0,,False,
2025-03-18T22:00:00.000Z,USA,Southwest Power Pool,US-CENT-SWPP,228.0,264.0,,63.0,,False,
2025-03-18T23:00:00.000Z,USA,Southwest Power Pool,US-CENT-SWPP,223.0,259.0,,64.0,,False,
2025-03-19T00:00:00.000Z,USA,Southwest Power Pool,US-CENT-SWPP,230.0,267.0,,63.0,,False,
2025-03-19T01:00:00.000Z,USA,Southwest Power Pool,US-CENT-SWPP,231.0,268.0,,63.0,,False,
2025-03-19T02:00:00.000Z,USA,Southwest Power Pool,US-CENT-SWPP,235.0,273.0,,62.0,,False,
2025-03-19T03:00:00.000Z,USA,Southwest Power Pool,US-CENT-SWPP,230.0,267.0,,62.0,,False,
2025-03-19T04:00:00.000Z,USA,Southwest Power Pool,US-CENT-SWPP,214.0,249.0,,64.0,,False,
2025-03-19T05:00:00.000Z,USA,Southwest Power Pool,US-CENT-SWPP,201.0,235.0,,66.0,,False,
2025-03-19T06:00:00.000Z,USA,Southwest Power Pool,US-CENT-SWPP,191.0,224.0,,66.0,,False,
2025-03-19T07:00:00.000Z,USA,Southwest Power Pool,US-CENT-SWPP,195.0,228.0,,66.0,,False,
2025-03-19T08:00:00.000Z,USA,Southwest Power Pool,US-CENT-SWPP,196.0,229.0,,66.0,,False,
2025-03-19T09:00:00.000Z,USA,Southwest Power Pool,US-CENT-SWPP,197.0,231.0,,66.0,,False,
2025-03-19T10:00:00.000Z,USA,Southwest Power Pool,US-CENT-SWPP,210.0,245.0,,64.0,,False,
2025-03-19T11:00:00.000Z,USA,Southwest Power Pool,US-CENT-SWPP,199.0,233.0,,66.0,,False,
2025-03-19T12:00:00.000Z,USA,Southwest Power Pool,US-CENT-SWPP,194.0,228.0,,67.0,,False,
2025-03-19T13:00:00.000Z,USA,Southwest Power Pool,US-CENT-SWPP,202.0,237.0,,66.0,,False,
2025-03-19T14:00:00.000Z,USA,Southwest Power Pool,US-CENT-SWPP,213.0,249.0,,64.0,,False,
2025-03-19T15:00:00.000Z,USA,Southwest Power Pool,US-CENT-SWPP,224.0,261.0,,63.0,,False,
2025-03-19T16:00:00.000Z,USA,Southwest Power Pool,US-CENT-SWPP,230.0,267.0,,62.0,,False,
2025-03-19T17:00:00.000Z,USA,Southwest Power Pool,US-CENT-SWPP,238.0,275.0,,62.0,,False,
2025-03-19T18:00:00.000Z,USA,Southwest Power Pool,US-CENT-SWPP,242.0,279.0,,61.0,,False,
2025-03-19T19:00:00.000Z,USA,Southwest Power Pool,US-CENT-SWPP,237.0,273.0,,62.0,,False,
2025-03-19T20:00:00.000Z,USA,Southwest Power Pool,US-CENT-SWPP,227.0,262.0,,64.0,,False,
2025-03-19T21:00:00.000Z,USA,Southwest Power Pool,US-CENT-SWPP,220.0,254.0,,65.0,,False,
2025-03-19T22:00:00.000Z,USA,Southwest Power Pool,US-CENT-SWPP,225.0,259.0,,65.0,,False,
2025-03-19T23:00:00.000Z,USA,Southwest Power Pool,US-CENT-SWPP,231.0,267.0,,64.0,,False,
2025-03-20T00:00:00.000Z,USA,Southwest Power Pool,US-CENT-SWPP,228.0,263.0,,64.0,,False,
2025-03-20T01:00:00.000Z,USA,Southwest Power Pool,US-CENT-SWPP,235.0,272.0,,63.0,,False,
2025-03-20T02:00:00.000Z,USA,Southwest Power Pool,US-CENT-SWPP,249.0,288.0,,60.0,,False,
2025-03-20T03:00:00.000Z,USA,Southwest Power Pool,US-CENT-SWPP,260.0,301.0,,58.0,,False,
2025-03-20T04:00:00.000Z,USA,Southwest Power Pool,US-CENT-SWPP,263.0,305.0,,57.0,,False,
2025-03-20T05:00:00.000Z,USA,Southwest Power Pool,US-CENT-SWPP,275.0,317.0,,56.0,,False,
2025-03-20T06:00:00.000Z,USA,Southwest Power Pool,US-CENT-SWPP,273.0,316.0,,56.0,,False,
2025-03-20T07:00:00.000Z,USA,Southwest Power Pool,US-CENT-SWPP,269.0,311.0,,56.0,,False,
2025-03-20T08:00:00.000Z,USA,Southwest Power Pool,US-CENT-SWPP,278.0,321.0,,55.0,,False,
2025-03-20T09:00:00.000Z,USA,Southwest Power Pool,US-CENT-SWPP,289.0,333.0,,54.0,,False,
2025-03-20T10:00:00.000Z,USA,Southwest Power Pool,US-CENT-SWPP,300.0,345.0,,52.0,,False,
2025-03-20T11:00:00.000Z,USA,Southwest Power Pool,US-CENT-SWPP,327.0,376.0,,49.0,,False,
2025-03-20T12:00:00.000Z,USA,Southwest Power Pool,US-CENT-SWPP,376.0,429.0,,43.0,,False,
2025-03-20T13:00:00.000Z,USA,Southwest Power Pool,US-CENT-SWPP,415.0,471.0,,38.0,,False,
2025-03-20T14:00:00.000Z,USA,Southwest Power Pool,US-CENT-SWPP,468.0,532.0,,31.0,,False,
2025-03-20T15:00:00.000Z,USA,Southwest Power Pool,US-CENT-SWPP,492.0,555.0,,29.0,,False,
2025-03-20T16:00:00.000Z,USA,Southwest Power Pool,US-CENT-SWPP,477.0,536.0,,32.0,,False,
2025-03-20T17:00:00.000Z,USA,Southwest Power Pool,US-CENT-SWPP,452.0,509.0,,36.0,,False,
2025-03-20T18:00:00.000Z,USA,Southwest Power Pool,US-CENT-SWPP,427.0,478.0,,41.0,,False,
2025-03-20T19:00:00.000Z,USA,Southwest Power Pool,US-CENT-SWPP,393.0,441.0,,45.0,,False,
2025-03-20T20:00:00.000Z,USA,Southwest Power Pool,US-CENT-SWPP,343.0,386.0,,51.0,,False,
2025-03-20T21:00:00.000Z,USA,Southwest Power Pool,US-CENT-SWPP,298.0,338.0,,56.0,,False,
2025-03-20T22:00:00.000Z,USA,Southwest Power Pool,US-CENT-SWPP,286.0,325.0,,57.0,,False,
2025-03-20T23:00:00.000Z,USA,Southwest Power Pool,US-CENT-SWPP,286.0,326.0,,57.0,,False,
2025-03-21T00:00:00.000Z,USA,Southwest Power Pool,US-CENT-SWPP,298.0,338.0,,56.0,,False,
2025-03-21T01:00:00.000Z,USA,Southwest Power Pool,US-CENT-SWPP,304.0,345.0,,55.0,,False,
2025-03-21T02:00:00.000Z,USA,Southwest Power Pool,US-CENT-SWPP,274.0,313.0,,58.0,,False,
2025-03-21T03:00:00.000Z,USA,Southwest Power Pool,US-CENT-SWPP,271.0,310.0,,58.0,,False,
2025-03-21T04:00:00.000Z,USA,Southwest Power Pool,US-CENT-SWPP,266.0,305.0,,58.0,,False,
2025-03-21T05:00:00.000Z,USA,Southwest Power Pool,US-CENT-SWPP,271.0,309.0,,58.0,,False,
2025-03-21T06:00:00.000Z,USA,Southwest Power Pool,US-CENT-SWPP,261.0,298.0,,60.0,,False,
2025-03-21T07:00:00.000Z,USA,Southwest Power Pool,US-CENT-SWPP,269.0,307.0,,59.0,,False,
2025-03-21T08:00:00.000Z,USA,Southwest Power Pool,US-CENT-SWPP,265.0,302.0,,59.0,,False,
2025-03-21T09:00:00.000Z,USA,Southwest Power Pool,US-CENT-SWPP,260.0,296.0,,60.0,,False,
2025-03-21T10:00:00.000Z,USA,Southwest Power Pool,US-CENT-SWPP,264.0,302.0,,60.0,,False,
2025-03-21T11:00:00.000Z,USA,Southwest Power Pool,US-CENT-SWPP,266.0,304.0,,60.0,,False,
2025-03-21T12:00:00.000Z,USA,Southwest Power Pool,US-CENT-SWPP,254.0,291.0,,61.0,,False,
2025-03-21T13:00:00.000Z,USA,Southwest Power Pool,US-CENT-SWPP,257.0,294.0,,61.0,,False,
2025-03-21T14:00:00.000Z,USA,Southwest Power Pool,US-CENT-SWPP,264.0,301.0,,61.0,,False,
2025-03-21T15:00:00.000Z,USA,Southwest Power Pool,US-CENT-SWPP,269.0,306.0,,60.0,,False,
2025-03-21T16:00:00.000Z,USA,Southwest Power Pool,US-CENT-SWPP,261.0,298.0,,61.0,,False,
2025-03-21T17:00:00.000Z,USA,Southwest Power Pool,US-CENT-SWPP,250.0,287.0,,62.0,,False,
2025-03-21T18:00:00.000Z,USA,Southwest Power Pool,US-CENT-SWPP,260.0,298.0,,60.0,,False,
2025-03-21T19:00:00.000Z,USA,Southwest Power Pool,US-CENT-SWPP,272.0,312.0,,58.0,,False,
2025-03-21T20:00:00.000Z,USA,Southwest Power Pool,US-CENT-SWPP,294.0,337.0,,54.0,,False,
2025-03-21T21:00:00.000Z,USA,Southwest Power Pool,US-CENT-SWPP,311.0,357.0,,51.0,,False,
2025-03-21T22:00:00.000Z,USA,Southwest Power Pool,US-CENT-SWPP,320.0,368.0,,49.0,,False,
2025-03-21T23:00:00.000Z,USA,Southwest Power Pool,US-CENT-SWPP,326.0,375.0,,48.0,,False,
2025-03-22T00:00:00.000Z,USA,Southwest Power Pool,US-CENT-SWPP,401.0,458.0,,38.0,,False,
2025-03-22T01:00:00.000Z,USA,Southwest Power Pool,US-CENT-SWPP,419.0,474.0,,37.0,,False,
2025-03-22T02:00:00.000Z,USA,Southwest Power Pool,US-CENT-SWPP,422.0,475.0,,39.0,,False,
2025-03-22T03:00:00.000Z,USA,Southwest Power Pool,US-CENT-SWPP,439.0,494.0,,37.0,,False,
2025-03-22T04:00:00.000Z,USA,Southwest Power Pool,US-CENT-SWPP,446.0,500.0,,36.0,,False,
2025-03-22T05:00:00.000Z,USA,Southwest Power Pool,US-CENT-SWPP,441.0,494.0,,37.0,,False,
2025-03-22T06:00:00.000Z,USA,Southwest Power Pool,US-CENT-SWPP,401.0,449.0,,43.0,,False,
2025-03-22T07:00:00.000Z,USA,Southwest Power Pool,US-CENT-SWPP,381.0,427.0,,46.0,,False,
2025-03-22T08:00:00.000Z,USA,Southwest Power Pool,US-CENT-SWPP,348.0,390.0,,51.0,,False,
2025-03-22T09:00:00.000Z,USA,Southwest Power Pool,US-CENT-SWPP,331.0,371.0,,53.0,,False,
2025-03-22T10:00:00.000Z,USA,Southwest Power Pool,US-CENT-SWPP,325.0,365.0,,54.0,,False,
2025-03-22T11:00:00.000Z,USA,Southwest Power Pool,US-CENT-SWPP,307.0,346.0,,56.0,,False,
2025-03-22T12:00:00.000Z,USA,Southwest Power Pool,US-CENT-SWPP,280.0,318.0,,59.0,,False,
2025-03-22T13:00:00.000Z,USA,Southwest Power Pool,US-CENT-SWPP,238.0,273.0,,63.0,,False,
2025-03-22T14:00:00.000Z,USA,Southwest Power Pool,US-CENT-SWPP,260.0,300.0,,59.0,,False,
2025-03-22T15:00:00.000Z,USA,Southwest Power Pool,US-CENT-SWPP,269.0,309.0,,58.0,,False,
2025-03-22T16:00:00.000Z,USA,Southwest Power Pool,US-CENT-SWPP,233.0,270.0,,62.0,,False,
2025-03-22T17:00:00.000Z,USA,Southwest Power Pool,US-CENT-SWPP,218.0,253.0,,64.0,,False,
2025-03-22T18:00:00.000Z,USA,Southwest Power Pool,US-CENT-SWPP,204.0,237.0,,66.0,,False,
2025-03-22T19:00:00.000Z,USA,Southwest Power Pool,US-CENT-SWPP,189.0,222.0,,68.0,,False,
2025-03-22T20:00:00.000Z,USA,Southwest Power Pool,US-CENT-SWPP,188.0,220.0,,68.0,,False,
2025-03-22T21:00:00.000Z,USA,Southwest Power Pool,US-CENT-SWPP,196.0,229.0,,67.0,,False,
2025-03-22T22:00:00.000Z,USA,Southwest Power Pool,US-CENT-SWPP,199.0,232.0,,67.0,,False,
2025-03-22T23:00:00.000Z,USA,Southwest Power Pool,US-CENT-SWPP,209.0,243.0,,65.0,,False,
2025-03-23T00:00:00.000Z,USA,Southwest Power Pool,US-CENT-SWPP,225.0,260.0,,63.0,,False,
2025-03-23T01:00:00.000Z,USA,Southwest Power Pool,US-CENT-SWPP,233.0,269.0,,62.0,,False,
2025-03-23T02:00:00.000Z,USA,Southwest Power Pool,US-CENT-SWPP,228.0,263.0,,63.0,,False,
2025-03-23T03:00:00.000Z,USA,Southwest Power Pool,US-CENT-SWPP,232.0,268.0,,62.0,,False,
2025-03-23T04:00:00.000Z,USA,Southwest Power Pool,US-CENT-SWPP,230.0,265.0,,62.0,,False,
2025-03-23T05:00:00.000Z,USA,Southwest Power Pool,US-CENT-SWPP,235.0,271.0,,61.0,,False,
2025-03-23T06:00:00.000Z,USA,Southwest Power Pool,US-CENT-SWPP,230.0,266.0,,62.0,,False,
2025-03-23T07:00:00.000Z,USA,Southwest Power Pool,US-CENT-SWPP,234.0,271.0,,62.0,,False,
2025-03-23T08:00:00.000Z,USA,Southwest Power Pool,US-CENT-SWPP,226.0,262.0,,63.0,,False,
2025-03-23T09:00:00.000Z,USA,Southwest Power Pool,US-CENT-SWPP,218.0,252.0,,65.0,,False,
2025-03-23T10:00:00.000Z,USA,Southwest Power Pool,US-CENT-SWPP,219.0,253.0,,65.0,,False,
2025-03-23T11:00:00.000Z,USA,Southwest Power Pool,US-CENT-SWPP,213.0,245.0,,66.0,,False,
2025-03-23T12:00:00.000Z,USA,Southwest Power Pool,US-CENT-SWPP,208.0,240.0,,67.0,,False,
2025-03-23T13:00:00.000Z,USA,Southwest Power Pool,US-CENT-SWPP,219.0,253.0,,65.0,,False,
2025-03-23T14:00:00.000Z,USA,Southwest Power Pool,US-CENT-SWPP,223.0,257.0,,65.0,,False,
2025-03-23T15:00:00.000Z,USA,Southwest Power Pool,US-CENT-SWPP,217.0,250.0,,66.0,,False,
2025-03-23T16:00:00.000Z,USA,Southwest Power Pool,US-CENT-SWPP,215.0,248.0,,66.0,,False,
2025-03-23T17:00:00.000Z,USA,Southwest Power Pool,US-CENT-SWPP,226.0,260.0,,65.0,,False,
2025-03-23T18:00:00.000Z,USA,Southwest Power Pool,US-CENT-SWPP,241.0,278.0,,62.0,,False,
2025-03-23T19:00:00.000Z,USA,Southwest Power Pool,US-CENT-SWPP,247.0,284.0,,61.0,,False,
2025-03-23T20:00:00.000Z,USA,Southwest Power Pool,US-CENT-SWPP,259.0,299.0,,59.0,,False,
2025-03-23T21:00:00.000Z,USA,Southwest Power Pool,US-CENT-SWPP,279.0,321.0,,56.0,,False,
2025-03-23T22:00:00.000Z,USA,Southwest Power Pool,US-CENT-SWPP,331.0,380.0,,48.0,,False,
2025-03-23T23:00:00.000Z,USA,Southwest Power Pool,US-CENT-SWPP,387.0,442.0,,41.0,,False,
2025-03-24T00:00:00.000Z,USA,Southwest Power Pool,US-CENT-SWPP,454.0,515.0,,32.0,,False,
2025-03-24T01:00:00.000Z,USA,Southwest Power Pool,US-CENT-SWPP,499.0,564.0,,26.0,,False,
2025-03-24T02:00:00.000Z,USA,Southwest Power Pool,US-CENT-SWPP,532.0,599.0,,23.0,,False,
2025-03-24T03:00:00.000Z,USA,Southwest Power Pool,US-CENT-SWPP,552.0,620.0,,21.0,,False,
2025-03-24T04:00:00.000Z,USA,Southwest Power Pool,US-CENT-SWPP,536.0,600.0,,24.0,,False,
2025-03-24T05:00:00.000Z,USA,Southwest Power Pool,US-CENT-SWPP,517.0,576.0,,28.0,,False,
2025-03-24T06:00:00.000Z,USA,Southwest Power Pool,US-CENT-SWPP,500.0,557.0,,30.0,,False,
2025-03-24T07:00:00.000Z,USA,Southwest Power Pool,US-CENT-SWPP,483.0,538.0,,33.0,,False,
2025-03-24T08:00:00.000Z,USA,Southwest Power Pool,US-CENT-SWPP,468.0,522.0,,35.0,,False,
2025-03-24T09:00:00.000Z,USA,Southwest Power Pool,US-CENT-SWPP,460.0,513.0,,36.0,,False,
2025-03-24T10:00:00.000Z,USA,Southwest Power Pool,US-CENT-SWPP,455.0,509.0,,36.0,,False,
2025-03-24T11:00:00.000Z,USA,Southwest Power Pool,US-CENT-SWPP,441.0,494.0,,38.0,,False,
2025-03-24T12:00:00.000Z,USA,Southwest Power Pool,US-CENT-SWPP,427.0,479.0,,40.0,,False,
2025-03-24T13:00:00.000Z,USA,Southwest Power Pool,US-CENT-SWPP,411.0,461.0,,42.0,,False,
2025-03-24T14:00:00.000Z,USA,Southwest Power Pool,US-CENT-SWPP,443.0,500.0,,36.0,,False,
2025-03-24T15:00:00.000Z,USA,Southwest Power Pool,US-CENT-SWPP,465.0,523.0,,33.0,,False,
2025-03-24T16:00:00.000Z,USA,Southwest Power Pool,US-CENT-SWPP,414.0,466.0,,40.0,,False,
2025-03-24T17:00:00.000Z,USA,Southwest Power Pool,US-CENT-SWPP,378.0,427.0,,45.0,,False,
2025-03-24T18:00:00.000Z,USA,Southwest Power Pool,US-CENT-SWPP,349.0,396.0,,48.0,,False,
2025-03-24T19:00:00.000Z,USA,Southwest Power Pool,US-CENT-SWPP,322.0,368.0,,51.0,,False,
2025-03-24T20:00:00.000Z,USA,Southwest Power Pool,US-CENT-SWPP,311.0,356.0,,52.0,,False,
2025-03-24T21:00:00.000Z,USA,Southwest Power Pool,US-CENT-SWPP,324.0,371.0,,50.0,,False,
2025-03-24T22:00:00.000Z,USA,Southwest Power Pool,US-CENT-SWPP,375.0,427.0,,44.0,,False,
2025-03-24T23:00:00.000Z,USA,Southwest Power Pool,US-CENT-SWPP,427.0,484.0,,37.0,,False,
2025-03-25T00:00:00.000Z,USA,Southwest Power Pool,US-CENT-SWPP,483.0,545.0,,30.0,,False,
2025-03-25T01:00:00.000Z,USA,Southwest Power Pool,US-CENT-SWPP,498.0,560.0,,29.0,,False,
2025-03-25T02:00:00.000Z,USA,Southwest Power Pool,US-CENT-SWPP,496.0,556.0,,30.0,,False,
2025-03-25T03:00:00.000Z,USA,Southwest Power Pool,US-CENT-SWPP,493.0,552.0,,31.0,,False,
2025-03-25T04:00:00.000Z,USA,Southwest Power Pool,US-CENT-SWPP,498.0,556.0,,31.0,,False,
2025-03-25T05:00:00.000Z,USA,Southwest Power Pool,US-CENT-SWPP,487.0,542.0,,33.0,,False,
2025-03-25T06:00:00.000Z,USA,Southwest Power Pool,US-CENT-SWPP,483.0,537.0,,33.0,,False,
2025-03-25T07:00:00.000Z,USA,Southwest Power Pool,US-CENT-SWPP,463.0,515.0,,36.0,,False,
2025-03-25T08:00:00.000Z,USA,Southwest Power Pool,US-CENT-SWPP,454.0,506.0,,37.0,,False,
2025-03-25T09:00:00.000Z,USA,Southwest Power Pool,US-CENT-SWPP,446.0,498.0,,37.0,,False,
2025-03-25T10:00:00.000Z,USA,Southwest Power Pool,US-CENT-SWPP,445.0,499.0,,37.0,,False,
2025-03-25T11:00:00.000Z,USA,Southwest Power Pool,US-CENT-SWPP,450.0,505.0,,36.0,,False,
2025-03-25T12:00:00.000Z,USA,Southwest Power Pool,US-CENT-SWPP,471.0,529.0,,33.0,,False,
2025-03-25T13:00:00.000Z,USA,Southwest Power Pool,US-CENT-SWPP,486.0,546.0,,31.0,,False,
2025-03-25T14:00:00.000Z,USA,Southwest Power Pool,US-CENT-SWPP,504.0,567.0,,28.0,,False,
2025-03-25T15:00:00.000Z,USA,Southwest Power Pool,US-CENT-SWPP,534.0,600.0,,23.0,,False,
2025-03-25T16:00:00.000Z,USA,Southwest Power Pool,US-CENT-SWPP,534.0,599.0,,24.0,,False,
2025-03-25T17:00:00.000Z,USA,Southwest Power Pool,US-CENT-SWPP,527.0,591.0,,25.0,,False,
2025-03-25T18:00:00.000Z,USA,Southwest Power Pool,US-CENT-SWPP,512.0,574.0,,28.0,,False,
2025-03-25T19:00:00.000Z,USA,Southwest Power Pool,US-CENT-SWPP,490.0,551.0,,30.0,,False,
2025-03-25T20:00:00.000Z,USA,Southwest Power Pool,US-CENT-SWPP,486.0,547.0,,30.0,,False,
2025-03-25T21:00:00.000Z,USA,Southwest Power Pool,US-CENT-SWPP,494.0,557.0,,28.0,,False,
2025-03-25T22:00:00.000Z,USA,Southwest Power Pool,US-CENT-SWPP,489.0,553.0,,28.0,,False,
2025-03-25T23:00:00.000Z,USA,Southwest Power Pool,US-CENT-SWPP,479.0,541.0,,30.0,,False,
2025-03-26T00:00:00.000Z,USA,Southwest Power Pool,US-CENT-SWPP,486.0,547.0,,30.0,,False,
2025-03-26T01:00:00.000Z,USA,Southwest Power Pool,US-CENT-SWPP,435.0,487.0,,39.0,,False,
2025-03-26T02:00:00.000Z,USA,Southwest Power Pool,US-CENT-SWPP,403.0,451.0,,44.0,,False,
2025-03-26T03:00:00.000Z,USA,Southwest Power Pool,US-CENT-SWPP,401.0,448.0,,44.0,,False,
2025-03-26T04:00:00.000Z,USA,Southwest Power Pool,US-CENT-SWPP,372.0,416.0,,47.0,,False,
2025-03-26T05:00:00.000Z,USA,Southwest Power Pool,US-CENT-SWPP,349.0,393.0,,49.0,,False,
2025-03-26T06:00:00.000Z,USA,Southwest Power Pool,US-CENT-SWPP,341.0,386.0,,49.0,,False,
2025-03-26T07:00:00.000Z,USA,Southwest Power Pool,US-CENT-SWPP,334.0,378.0,,50.0,,False,
2025-03-26T08:00:00.000Z,USA,Southwest Power Pool,US-CENT-SWPP,372.0,418.0,,46.0,,False,
2025-03-26T09:00:00.000Z,USA,Southwest Power Pool,US-CENT-SWPP,397.0,445.0,,43.0,,False,
2025-03-26T10:00:00.000Z,USA,Southwest Power Pool,US-CENT-SWPP,418.0,469.0,,40.0,,False,
2025-03-26T11:00:00.000Z,USA,Southwest Power Pool,US-CENT-SWPP,412.0,463.0,,42.0,,False,
2025-03-26T12:00:00.000Z,USA,Southwest Power Pool,US-CENT-SWPP,385.0,434.0,,45.0,,False,
2025-03-26T13:00:00.000Z,USA,Southwest Power Pool,US-CENT-SWPP,371.0,420.0,,46.0,,False,
2025-03-26T14:00:00.000Z,USA,Southwest Power Pool,US-CENT-SWPP,436.0,492.0,,37.0,,False,
2025-03-26T15:00:00.000Z,USA,Southwest Power Pool,US-CENT-SWPP,467.0,527.0,,33.0,,False,
2025-03-26T16:00:00.000Z,USA,Southwest Power Pool,US-CENT-SWPP,422.0,475.0,,39.0,,False,
2025-03-26T17:00:00.000Z,USA,Southwest Power Pool,US-CENT-SWPP,396.0,446.0,,43.0,,False,
2025-03-26T18:00:00.000Z,USA,Southwest Power Pool,US-CENT-SWPP,352.0,399.0,,49.0,,False,
2025-03-26T19:00:00.000Z,USA,Southwest Power Pool,US-CENT-SWPP,339.0,383.0,,51.0,,False,
2025-03-26T20:00:00.000Z,USA,Southwest Power Pool,US-CENT-SWPP,308.0,348.0,,56.0,,False,
2025-03-26T21:00:00.000Z,USA,Southwest Power Pool,US-CENT-SWPP,276.0,313.0,,59.0,,False,
2025-03-26T22:00:00.000Z,USA,Southwest Power Pool,US-CENT-SWPP,261.0,297.0,,61.0,,False,
2025-03-26T23:00:00.000Z,USA,Southwest Power Pool,US-CENT-SWPP,262.0,299.0,,61.0,,False,
2025-03-27T00:00:00.000Z,USA,Southwest Power Pool,US-CENT-SWPP,270.0,306.0,,61.0,,False,
2025-03-27T01:00:00.000Z,USA,Southwest Power Pool,US-CENT-SWPP,253.0,287.0,,63.0,,False,
2025-03-27T02:00:00.000Z,USA,Southwest Power Pool,US-CENT-SWPP,231.0,263.0,,65.0,,False,
2025-03-27T03:00:00.000Z,USA,Southwest Power Pool,US-CENT-SWPP,224.0,255.0,,66.0,,False,
2025-03-27T04:00:00.000Z,USA,Southwest Power Pool,US-CENT-SWPP,209.0,239.0,,68.0,,False,
2025-03-27T05:00:00.000Z,USA,Southwest Power Pool,US-CENT-SWPP,205.0,233.0,,69.0,,False,
2025-03-27T06:00:00.000Z,USA,Southwest Power Pool,US-CENT-SWPP,212.0,241.0,,68.0,,False,
2025-03-27T07:00:00.000Z,USA,Southwest Power Pool,US-CENT-SWPP,213.0,242.0,,67.0,,False,
2025-03-27T08:00:00.000Z,USA,Southwest Power Pool,US-CENT-SWPP,209.0,238.0,,67.0,,False,
2025-03-27T09:00:00.000Z,USA,Southwest Power Pool,US-CENT-SWPP,210.0,240.0,,67.0,,False,
2025-03-27T10:00:00.000Z,USA,Southwest Power Pool,US-CENT-SWPP,219.0,250.0,,66.0,,False,
2025-03-27T11:00:00.000Z,USA,Southwest Power Pool,US-CENT-SWPP,225.0,259.0,,64.0,,False,
2025-03-27T12:00:00.000Z,USA,Southwest Power Pool,US-CENT-SWPP,244.0,280.0,,62.0,,False,
2025-03-27T13:00:00.000Z,USA,Southwest Power Pool,US-CENT-SWPP,251.0,288.0,,61.0,,False,
2025-03-27T14:00:00.000Z,USA,Southwest Power Pool,US-CENT-SWPP,286.0,326.0,,56.0,,False,
2025-03-27T15:00:00.000Z,USA,Southwest Power Pool,US-CENT-SWPP,288.0,329.0,,56.0,,False,
2025-03-27T16:00:00.000Z,USA,Southwest Power Pool,US-CENT-SWPP,290.0,331.0,,56.0,,False,
2025-03-27T17:00:00.000Z,USA,Southwest Power Pool,US-CENT-SWPP,287.0,328.0,,56.0,,False,
2025-03-27T18:00:00.000Z,USA,Southwest Power Pool,US-CENT-SWPP,285.0,326.0,,57.0,,False,
2025-03-27T19:00:00.000Z,USA,Southwest Power Pool,US-CENT-SWPP,277.0,318.0,,57.0,,False,
2025-03-27T20:00:00.000Z,USA,Southwest Power Pool,US-CENT-SWPP,267.0,306.0,,59.0,,False,
2025-03-27T21:00:00.000Z,USA,Southwest Power Pool,US-CENT-SWPP,256.0,294.0,,60.0,,False,
2025-03-27T22:00:00.000Z,USA,Southwest Power Pool,US-CENT-SWPP,236.0,273.0,,63.0,,False,
2025-03-27T23:00:00.000Z,USA,Southwest Power Pool,US-CENT-SWPP,240.0,276.0,,63.0,,False,
2025-03-28T00:00:00.000Z,USA,Southwest Power Pool,US-CENT-SWPP,251.0,288.0,,62.0,,False,
2025-03-28T01:00:00.000Z,USA,Southwest Power Pool,US-CENT-SWPP,235.0,270.0,,64.0,,False,
2025-03-28T02:00:00.000Z,USA,Southwest Power Pool,US-CENT-SWPP,223.0,257.0,,65.0,,False,
2025-03-28T03:00:00.000Z,USA,Southwest Power Pool,US-CENT-SWPP,219.0,252.0,,65.0,,False,
2025-03-28T04:00:00.000Z,USA,Southwest Power Pool,US-CENT-SWPP,203.0,234.0,,67.0,,False,
2025-03-28T05:00:00.000Z,USA,Southwest Power Pool,US-CENT-SWPP,188.0,217.0,,69.0,,False,
2025-03-28T06:00:00.000Z,USA,Southwest Power Pool,US-CENT-SWPP,187.0,217.0,,69.0,,False,
2025-03-28T07:00:00.000Z,USA,Southwest Power Pool,US-CENT-SWPP,188.0,218.0,,69.0,,False,
2025-03-28T08:00:00.000Z,USA,Southwest Power Pool,US-CENT-SWPP,198.0,229.0,,68.0,,False,
2025-03-28T09:00:00.000Z,USA,Southwest Power Pool,US-CENT-SWPP,206.0,238.0,,66.0,,False,
2025-03-28T10:00:00.000Z,USA,Southwest Power Pool,US-CENT-SWPP,220.0,253.0,,65.0,,False,
2025-03-28T11:00:00.000Z,USA,Southwest Power Pool,US-CENT-SWPP,225.0,259.0,,64.0,,False,
2025-03-28T12:00:00.000Z,USA,Southwest Power Pool,US-CENT-SWPP,226.0,260.0,,64.0,,False,
2025-03-28T13:00:00.000Z,USA,Southwest Power Pool,US-CENT-SWPP,232.0,268.0,,62.0,,False,
2025-03-28T14:00:00.000Z,USA,Southwest Power Pool,US-CENT-SWPP,237.0,275.0,,61.0,,False,
2025-03-28T15:00:00.000Z,USA,Southwest Power Pool,US-CENT-SWPP,228.0,265.0,,63.0,,False,
2025-03-28T16:00:00.000Z,USA,Southwest Power Pool,US-CENT-SWPP,223.0,259.0,,64.0,,False,
2025-03-28T17:00:00.000Z,USA,Southwest Power Pool,US-CENT-SWPP,228.0,265.0,,63.0,,False,
2025-03-28T18:00:00.000Z,USA,Southwest Power Pool,US-CENT-SWPP,240.0,278.0,,61.0,,False,
2025-03-28T19:00:00.000Z,USA,Southwest Power Pool,US-CENT-SWPP,239.0,277.0,,61.0,,False,
2025-03-28T20:00:00.000Z,USA,Southwest Power Pool,US-CENT-SWPP,231.0,268.0,,62.0,,False,
2025-03-28T21:00:00.000Z,USA,Southwest Power Pool,US-CENT-SWPP,219.0,255.0,,64.0,,False,
2025-03-28T22:00:00.000Z,USA,Southwest Power Pool,US-CENT-SWPP,205.0,240.0,,66.0,,False,
2025-03-28T23:00:00.000Z,USA,Southwest Power Pool,US-CENT-SWPP,197.0,230.0,,67.0,,False,
2025-03-29T00:00:00.000Z,USA,Southwest Power Pool,US-CENT-SWPP,197.0,230.0,,67.0,,False,
2025-03-29T01:00:00.000Z,USA,Southwest Power Pool,US-CENT-SWPP,195.0,228.0,,68.0,,False,
2025-03-29T02:00:00.000Z,USA,Southwest Power Pool,US-CENT-SWPP,192.0,224.0,,68.0,,False,
2025-03-29T03:00:00.000Z,USA,Southwest Power Pool,US-CENT-SWPP,190.0,221.0,,68.0,,False,
2025-03-29T04:00:00.000Z,USA,Southwest Power Pool,US-CENT-SWPP,186.0,217.0,,69.0,,False,
2025-03-29T05:00:00.000Z,USA,Southwest Power Pool,US-CENT-SWPP,185.0,214.0,,70.0,,False,
2025-03-29T06:00:00.000Z,USA,Southwest Power Pool,US-CENT-SWPP,190.0,219.0,,69.0,,False,
2025-03-29T07:00:00.000Z,USA,Southwest Power Pool,US-CENT-SWPP,188.0,217.0,,69.0,,False,
2025-03-29T08:00:00.000Z,USA,Southwest Power Pool,US-CENT-SWPP,196.0,227.0,,68.0,,False,
2025-03-29T09:00:00.000Z,USA,Southwest Power Pool,US-CENT-SWPP,209.0,240.0,,66.0,,False,
2025-03-29T10:00:00.000Z,USA,Southwest Power Pool,US-CENT-SWPP,220.0,253.0,,65.0,,False,
2025-03-29T11:00:00.000Z,USA,Southwest Power Pool,US-CENT-SWPP,220.0,253.0,,65.0,,False,
2025-03-29T12:00:00.000Z,USA,Southwest Power Pool,US-CENT-SWPP,228.0,262.0,,64.0,,False,
2025-03-29T13:00:00.000Z,USA,Southwest Power Pool,US-CENT-SWPP,233.0,268.0,,63.0,,False,
2025-03-29T14:00:00.000Z,USA,Southwest Power Pool,US-CENT-SWPP,240.0,275.0,,62.0,,False,
2025-03-29T15:00:00.000Z,USA,Southwest Power Pool,US-CENT-SWPP,239.0,274.0,,63.0,,False,
2025-03-29T16:00:00.000Z,USA,Southwest Power Pool,US-CENT-SWPP,236.0,271.0,,63.0,,False,
2025-03-29T17:00:00.000Z,USA,Southwest Power Pool,US-CENT-SWPP,250.0,286.0,,62.0,,False,
2025-03-29T18:00:00.000Z,USA,Southwest Power Pool,US-CENT-SWPP,271.0,309.0,,59.0,,False,
2025-03-29T19:00:00.000Z,USA,Southwest Power Pool,US-CENT-SWPP,297.0,337.0,,56.0,,False,
2025-03-29T20:00:00.000Z,USA,Southwest Power Pool,US-CENT-SWPP,309.0,353.0,,53.0,,False,
2025-03-29T21:00:00.000Z,USA,Southwest Power Pool,US-CENT-SWPP,298.0,342.0,,54.0,,False,
2025-03-29T22:00:00.000Z,USA,Southwest Power Pool,US-CENT-SWPP,281.0,323.0,,56.0,,False,
2025-03-29T23:00:00.000Z,USA,Southwest Power Pool,US-CENT-SWPP,272.0,314.0,,57.0,,False,
2025-03-30T00:00:00.000Z,USA,Southwest Power Pool,US-CENT-SWPP,287.0,328.0,,56.0,,False,
2025-03-30T01:00:00.000Z,USA,Southwest Power Pool,US-CENT-SWPP,272.0,310.0,,59.0,,False,
2025-03-30T02:00:00.000Z,USA,Southwest Power Pool,US-CENT-SWPP,263.0,298.0,,61.0,,False,
2025-03-30T03:00:00.000Z,USA,Southwest Power Pool,US-CENT-SWPP,255.0,290.0,,62.0,,False,
2025-03-30T04:00:00.000Z,USA,Southwest Power Pool,US-CENT-SWPP,238.0,271.0,,64.0,,False,
2025-03-30T05:00:00.000Z,USA,Southwest Power Pool,US-CENT-SWPP,224.0,256.0,,65.0,,False,
2025-03-30T06:00:00.000Z,USA,Southwest Power Pool,US-CENT-SWPP,220.0,252.0,,65.0,,False,
2025-03-30T07:00:00.000Z,USA,Southwest Power Pool,US-CENT-SWPP,216.0,248.0,,65.0,,False,
2025-03-30T08:00:00.000Z,USA,Southwest Power Pool,US-CENT-SWPP,217.0,249.0,,65.0,,False,
2025-03-30T09:00:00.000Z,USA,Southwest Power Pool,US-CENT-SWPP,220.0,252.0,,65.0,,False,
2025-03-30T10:00:00.000Z,USA,Southwest Power Pool,US-CENT-SWPP,254.0,290.0,,61.0,,False,
2025-03-30T11:00:00.000Z,USA,Southwest Power Pool,US-CENT-SWPP,242.0,277.0,,62.0,,False,
2025-03-30T12:00:00.000Z,USA,Southwest Power Pool,US-CENT-SWPP,229.0,263.0,,63.0,,False,
2025-03-30T13:00:00.000Z,USA,Southwest Power Pool,US-CENT-SWPP,228.0,264.0,,63.0,,False,
2025-03-30T14:00:00.000Z,USA,Southwest Power Pool,US-CENT-SWPP,230.0,266.0,,63.0,,False,
2025-03-30T15:00:00.000Z,USA,Southwest Power Pool,US-CENT-SWPP,239.0,276.0,,62.0,,False,
2025-03-30T16:00:00.000Z,USA,Southwest Power Pool,US-CENT-SWPP,252.0,291.0,,59.0,,False,
2025-03-30T17:00:00.000Z,USA,Southwest Power Pool,US-CENT-SWPP,274.0,316.0,,56.0,,False,
2025-03-30T18:00:00.000Z,USA,Southwest Power Pool,US-CENT-SWPP,327.0,373.0,,50.0,,False,
2025-03-30T19:00:00.000Z,USA,Southwest Power Pool,US-CENT-SWPP,360.0,410.0,,45.0,,False,
2025-03-30T20:00:00.000Z,USA,Southwest Power Pool,US-CENT-SWPP,369.0,420.0,,44.0,,False,
2025-03-30T21:00:00.000Z,USA,Southwest Power Pool,US-CENT-SWPP,376.0,428.0,,43.0,,False,
2025-03-30T22:00:00.000Z,USA,Southwest Power Pool,US-CENT-SWPP,402.0,458.0,,39.0,,False,
2025-03-30T23:00:00.000Z,USA,Southwest Power Pool,US-CENT-SWPP,432.0,490.0,,35.0,,False,
2025-03-31T00:00:00.000Z,USA,Southwest Power Pool,US-CENT-SWPP,450.0,511.0,,32.0,,False,
2025-03-31T01:00:00.000Z,USA,Southwest Power Pool,US-CENT-SWPP,463.0,526.0,,30.0,,False,
2025-03-31T02:00:00.000Z,USA,Southwest Power Pool,US-CENT-SWPP,430.0,489.0,,35.0,,False,
2025-03-31T03:00:00.000Z,USA,Southwest Power Pool,US-CENT-SWPP,386.0,438.0,,42.0,,False,
2025-03-31T04:00:00.000Z,USA,Southwest Power Pool,US-CENT-SWPP,368.0,414.0,,46.0,,False,
2025-03-31T05:00:00.000Z,USA,Southwest Power Pool,US-CENT-SWPP,354.0,399.0,,48.0,,False,
2025-03-31T06:00:00.000Z,USA,Southwest Power Pool,US-CENT-SWPP,363.0,409.0,,47.0,,False,
2025-03-31T07:00:00.000Z,USA,Southwest Power Pool,US-CENT-SWPP,398.0,447.0,,42.0,,False,
2025-03-31T08:00:00.000Z,USA,Southwest Power Pool,US-CENT-SWPP,418.0,469.0,,39.0,,False,
2025-03-31T09:00:00.000Z,USA,Southwest Power Pool,US-CENT-SWPP,423.0,476.0,,38.0,,False,
2025-03-31T10:00:00.000Z,USA,Southwest Power Pool,US-CENT-SWPP,428.0,484.0,,36.0,,False,
2025-03-31T11:00:00.000Z,USA,Southwest Power Pool,US-CENT-SWPP,451.0,511.0,,32.0,,False,
2025-03-31T12:00:00.000Z,USA,Southwest Power Pool,US-CENT-SWPP,432.0,489.0,,36.0,,False,
2025-03-31T13:00:00.000Z,USA,Southwest Power Pool,US-CENT-SWPP,443.0,504.0,,33.0,,False,
2025-03-31T14:00:00.000Z,USA,Southwest Power Pool,US-CENT-SWPP,464.0,526.0,,31.0,,False,
2025-03-31T15:00:00.000Z,USA,Southwest Power Pool,US-CENT-SWPP,494.0,560.0,,26.0,,False,
2025-03-31T16:00:00.000Z,USA,Southwest Power Pool,US-CENT-SWPP,517.0,585.0,,24.0,,False,
2025-03-31T17:00:00.000Z,USA,Southwest Power Pool,US-CENT-SWPP,533.0,603.0,,22.0,,False,
2025-03-31T18:00:00.000Z,USA,Southwest Power Pool,US-CENT-SWPP,541.0,612.0,,20.0,,False,
2025-03-31T19:00:00.000Z,USA,Southwest Power Pool,US-CENT-SWPP,536.0,608.0,,20.0,,False,
2025-03-31T20:00:00.000Z,USA,Southwest Power Pool,US-CENT-SWPP,525.0,595.0,,22.0,,False,
2025-03-31T21:00:00.000Z,USA,Southwest Power Pool,US-CENT-SWPP,510.0,577.0,,25.0,,False,
2025-03-31T22:00:00.000Z,USA,Southwest Power Pool,US-CENT-SWPP,478.0,540.0,,30.0,,False,
2025-03-31T23:00:00.000Z,USA,Southwest Power Pool,US-CENT-SWPP,443.0,501.0,,35.0,,False,
2025-04-01T00:00:00.000Z,USA,Southwest Power Pool,US-CENT-SWPP,431.0,486.0,,38.0,,False,
2025-04-01T01:00:00.000Z,USA,Southwest Power Pool,US-CENT-SWPP,398.0,447.0,,44.0,,False,
2025-04-01T02:00:00.000Z,USA,Southwest Power Pool,US-CENT-SWPP,330.0,371.0,,53.0,,False,
2025-04-01T03:00:00.000Z,USA,Southwest Power Pool,US-CENT-SWPP,269.0,304.0,,61.0,,False,
2025-04-01T04:00:00.000Z,USA,Southwest Power Pool,US-CENT-SWPP,230.0,262.0,,65.0,,False,
2025-04-01T05:00:00.000Z,USA,Southwest Power Pool,US-CENT-SWPP,218.0,249.0,,66.0,,False,
2025-04-01T06:00:00.000Z,USA,Southwest Power Pool,US-CENT-SWPP,203.0,233.0,,68.0,,False,
2025-04-01T07:00:00.000Z,USA,Southwest Power Pool,US-CENT-SWPP,198.0,226.0,,69.0,,False,
2025-04-01T08:00:00.000Z,USA,Southwest Power Pool,US-CENT-SWPP,195.0,224.0,,69.0,,False,
2025-04-01T09:00:00.000Z,USA,Southwest Power Pool,US-CENT-SWPP,189.0,218.0,,70.0,,False,
2025-04-01T10:00:00.000Z,USA,Southwest Power Pool,US-CENT-SWPP,184.0,213.0,,70.0,,False,
2025-04-01T11:00:00.000Z,USA,Southwest Power Pool,US-CENT-SWPP,184.0,214.0,,70.0,,False,
2025-04-01T12:00:00.000Z,USA,Southwest Power Pool,US-CENT-SWPP,186.0,216.0,,70.0,,False,
2025-04-01T13:00:00.000Z,USA,Southwest Power Pool,US-CENT-SWPP,195.0,225.0,,69.0,,False,
2025-04-01T14:00:00.000Z,USA,Southwest Power Pool,US-CENT-SWPP,204.0,236.0,,68.0,,False,
2025-04-01T15:00:00.000Z,USA,Southwest Power Pool,US-CENT-SWPP,207.0,238.0,,67.0,,False,
2025-04-01T16:00:00.000Z,USA,Southwest Power Pool,US-CENT-SWPP,213.0,244.0,,67.0,,False,
2025-04-01T17:00:00.000Z,USA,Southwest Power Pool,US-CENT-SWPP,217.0,249.0,,66.0,,False,
2025-04-01T18:00:00.000Z,USA,Southwest Power Pool,US-CENT-SWPP,219.0,251.0,,66.0,,False,
2025-04-01T19:00:00.000Z,USA,Southwest Power Pool,US-CENT-SWPP,217.0,250.0,,66.0,,False,
2025-04-01T20:00:00.000Z,USA,Southwest Power Pool,US-CENT-SWPP,221.0,255.0,,65.0,,False,
2025-04-01T21:00:00.000Z,USA,Southwest Power Pool,US-CENT-SWPP,227.0,261.0,,64.0,,False,
2025-04-01T22:00:00.000Z,USA,Southwest Power Pool,US-CENT-SWPP,222.0,256.0,,65.0,,False,
2025-04-01T23:00:00.000Z,USA,Southwest Power Pool,US-CENT-SWPP,227.0,262.0,,64.0,,False,
2025-04-02T00:00:00.000Z,USA,Southwest Power Pool,US-CENT-SWPP,237.0,273.0,,62.0,,False,
2025-04-02T01:00:00.000Z,USA,Southwest Power Pool,US-CENT-SWPP,254.0,291.0,,60.0,,False,
2025-04-02T02:00:00.000Z,USA,Southwest Power Pool,US-CENT-SWPP,247.0,284.0,,61.0,,False,
2025-04-02T03:00:00.000Z,USA,Southwest Power Pool,US-CENT-SWPP,250.0,287.0,,60.0,,False,
2025-04-02T04:00:00.000Z,USA,Southwest Power Pool,US-CENT-SWPP,245.0,280.0,,61.0,,False,
2025-04-02T05:00:00.000Z,USA,Southwest Power Pool,US-CENT-SWPP,246.0,281.0,,61.0,,False,
2025-04-02T06:00:00.000Z,USA,Southwest Power Pool,US-CENT-SWPP,243.0,278.0,,61.0,,False,
2025-04-02T07:00:00.000Z,USA,Southwest Power Pool,US-CENT-SWPP,252.0,289.0,,59.0,,False,
2025-04-02T08:00:00.000Z,USA,Southwest Power Pool,US-CENT-SWPP,259.0,296.0,,58.0,,False,
2025-04-02T09:00:00.000Z,USA,Southwest Power Pool,US-CENT-SWPP,280.0,319.0,,56.0,,False,
2025-04-02T10:00:00.000Z,USA,Southwest Power Pool,US-CENT-SWPP,310.0,353.0,,52.0,,False,
2025-04-02T11:00:00.000Z,USA,Southwest Power Pool,US-CENT-SWPP,340.0,386.0,,48.0,,False,
2025-04-02T12:00:00.000Z,USA,Southwest Power Pool,US-CENT-SWPP,364.0,413.0,,45.0,,False,
2025-04-02T13:00:00.000Z,USA,Southwest Power Pool,US-CENT-SWPP,334.0,380.0,,50.0,,False,
2025-04-02T14:00:00.000Z,USA,Southwest Power Pool,US-CENT-SWPP,304.0,346.0,,54.0,,False,
2025-04-02T15:00:00.000Z,USA,Southwest Power Pool,US-CENT-SWPP,283.0,323.0,,57.0,,False,
2025-04-02T16:00:00.000Z,USA,Southwest Power Pool,US-CENT-SWPP,289.0,330.0,,56.0,,False,
2025-04-02T17:00:00.000Z,USA,Southwest Power Pool,US-CENT-SWPP,312.0,356.0,,53.0,,False,
2025-04-02T18:00:00.000Z,USA,Southwest Power Pool,US-CENT-SWPP,317.0,360.0,,52.0,,False,
2025-04-02T19:00:00.000Z,USA,Southwest Power Pool,US-CENT-SWPP,324.0,369.0,,51.0,,False,
2025-04-02T20:00:00.000Z,USA,Southwest Power Pool,US-CENT-SWPP,320.0,367.0,,50.0,,False,
2025-04-02T21:00:00.000Z,USA,Southwest Power Pool,US-CENT-SWPP,329.0,377.0,,49.0,,False,
2025-04-02T22:00:00.000Z,USA,Southwest Power Pool,US-CENT-SWPP,345.0,395.0,,46.0,,False,
2025-04-02T23:00:00.000Z,USA,Southwest Power Pool,US-CENT-SWPP,356.0,409.0,,43.0,,False,
2025-04-03T00:00:00.000Z,USA,Southwest Power Pool,US-CENT-SWPP,398.0,457.0,,36.0,,False,
2025-04-03T01:00:00.000Z,USA,Southwest Power Pool,US-CENT-SWPP,416.0,479.0,,33.0,,False,
2025-04-03T02:00:00.000Z,USA,Southwest Power Pool,US-CENT-SWPP,417.0,480.0,,34.0,,False,
2025-04-03T03:00:00.000Z,USA,Southwest Power Pool,US-CENT-SWPP,420.0,479.0,,35.0,,False,
2025-04-03T04:00:00.000Z,USA,Southwest Power Pool,US-CENT-SWPP,393.0,446.0,,40.0,,False,
2025-04-03T05:00:00.000Z,USA,Southwest Power Pool,US-CENT-SWPP,354.0,401.0,,46.0,,False,
2025-04-03T06:00:00.000Z,USA,Southwest Power Pool,US-CENT-SWPP,343.0,388.0,,48.0,,False,
2025-04-03T07:00:00.000Z,USA,Southwest Power Pool,US-CENT-SWPP,339.0,383.0,,49.0,,False,
2025-04-03T08:00:00.000Z,USA,Southwest Power Pool,US-CENT-SWPP,347.0,392.0,,48.0,,False,
2025-04-03T09:00:00.000Z,USA,Southwest Power Pool,US-CENT-SWPP,349.0,394.0,,48.0,,False,
2025-04-03T10:00:00.000Z,USA,Southwest Power Pool,US-CENT-SWPP,341.0,385.0,,49.0,,False,
2025-04-03T11:00:00.000Z,USA,Southwest Power Pool,US-CENT-SWPP,357.0,404.0,,47.0,,False,
2025-04-03T12:00:00.000Z,USA,Southwest Power Pool,US-CENT-SWPP,355.0,402.0,,48.0,,False,
2025-04-03T13:00:00.000Z,USA,Southwest Power Pool,US-CENT-SWPP,359.0,406.0,,47.0,,False,
2025-04-03T14:00:00.000Z,USA,Southwest Power Pool,US-CENT-SWPP,380.0,429.0,,45.0,,False,
2025-04-03T15:00:00.000Z,USA,Southwest Power Pool,US-CENT-SWPP,365.0,411.0,,47.0,,False,
2025-04-03T16:00:00.000Z,USA,Southwest Power Pool,US-CENT-SWPP,351.0,395.0,,49.0,,False,
2025-04-03T17:00:00.000Z,USA,Southwest Power Pool,US-CENT-SWPP,351.0,396.0,,50.0,,False,
2025-04-03T18:00:00.000Z,USA,Southwest Power Pool,US-CENT-SWPP,351.0,396.0,,50.0,,False,
2025-04-03T19:00:00.000Z,USA,Southwest Power Pool,US-CENT-SWPP,363.0,409.0,,48.0,,False,
2025-04-03T20:00:00.000Z,USA,Southwest Power Pool,US-CENT-SWPP,390.0,438.0,,45.0,,False,
2025-04-03T21:00:00.000Z,USA,Southwest Power Pool,US-CENT-SWPP,387.0,436.0,,45.0,,False,
2025-04-03T22:00:00.000Z,USA,Southwest Power Pool,US-CENT-SWPP,393.0,442.0,,44.0,,False,
2025-04-03T23:00:00.000Z,USA,Southwest Power Pool,US-CENT-SWPP,371.0,417.0,,48.0,,False,
2025-04-04T00:00:00.000Z,USA,Southwest Power Pool,US-CENT-SWPP,379.0,426.0,,46.0,,False,
2025-04-04T01:00:00.000Z,USA,Southwest Power Pool,US-CENT-SWPP,378.0,424.0,,47.0,,False,
2025-04-04T02:00:00.000Z,USA,Southwest Power Pool,US-CENT-SWPP,374.0,418.0,,48.0,,False,
2025-04-04T03:00:00.000Z,USA,Southwest Power Pool,US-CENT-SWPP,374.0,417.0,,49.0,,False,
2025-04-04T04:00:00.000Z,USA,Southwest Power Pool,US-CENT-SWPP,391.0,435.0,,46.0,,False,
2025-04-04T05:00:00.000Z,USA,Southwest Power Pool,US-CENT-SWPP,425.0,472.0,,42.0,,False,
2025-04-04T06:00:00.000Z,USA,Southwest Power Pool,US-CENT-SWPP,455.0,504.0,,38.0,,False,
2025-04-04T07:00:00.000Z,USA,Southwest Power Pool,US-CENT-SWPP,474.0,526.0,,35.0,,False,
2025-04-04T08:00:00.000Z,USA,Southwest Power Pool,US-CENT-SWPP,465.0,516.0,,36.0,,False,
2025-04-04T09:00:00.000Z,USA,Southwest Power Pool,US-CENT-SWPP,415.0,464.0,,41.0,,False,
2025-04-04T10:00:00.000Z,USA,Southwest Power Pool,US-CENT-SWPP,423.0,474.0,,40.0,,False,
2025-04-04T11:00:00.000Z,USA,Southwest Power Pool,US-CENT-SWPP,411.0,463.0,,41.0,,False,
2025-04-04T12:00:00.000Z,USA,Southwest Power Pool,US-CENT-SWPP,403.0,454.0,,42.0,,False,
2025-04-04T13:00:00.000Z,USA,Southwest Power Pool,US-CENT-SWPP,432.0,488.0,,37.0,,False,
2025-04-04T14:00:00.000Z,USA,Southwest Power Pool,US-CENT-SWPP,466.0,527.0,,32.0,,False,
2025-04-04T15:00:00.000Z,USA,Southwest Power Pool,US-CENT-SWPP,474.0,535.0,,31.0,,False,
2025-04-04T16:00:00.000Z,USA,Southwest Power Pool,US-CENT-SWPP,475.0,538.0,,30.0,,False,
2025-04-04T17:00:00.000Z,USA,Southwest Power Pool,US-CENT-SWPP,476.0,540.0,,29.0,,False,
2025-04-04T18:00:00.000Z,USA,Southwest Power Pool,US-CENT-SWPP,467.0,529.0,,31.0,,False,
2025-04-04T19:00:00.000Z,USA,Southwest Power Pool,US-CENT-SWPP,444.0,501.0,,36.0,,False,
2025-04-04T20:00:00.000Z,USA,Southwest Power Pool,US-CENT-SWPP,430.0,485.0,,38.0,,False,
2025-04-04T21:00:00.000Z,USA,Southwest Power Pool,US-CENT-SWPP,388.0,438.0,,44.0,,False,
2025-04-04T22:00:00.000Z,USA,Southwest Power Pool,US-CENT-SWPP,334.0,378.0,,51.0,,False,
2025-04-04T23:00:00.000Z,USA,Southwest Power Pool,US-CENT-SWPP,298.0,338.0,,56.0,,False,
2025-04-05T00:00:00.000Z,USA,Southwest Power Pool,US-CENT-SWPP,276.0,316.0,,58.0,,False,
2025-04-05T01:00:00.000Z,USA,Southwest Power Pool,US-CENT-SWPP,263.0,303.0,,58.0,,False,
2025-04-05T02:00:00.000Z,USA,Southwest Power Pool,US-CENT-SWPP,272.0,313.0,,57.0,,False,
2025-04-05T03:00:00.000Z,USA,Southwest Power Pool,US-CENT-SWPP,283.0,325.0,,55.0,,False,
2025-04-05T04:00:00.000Z,USA,Southwest Power Pool,US-CENT-SWPP,264.0,304.0,,57.0,,False,
2025-04-05T05:00:00.000Z,USA,Southwest Power Pool,US-CENT-SWPP,235.0,271.0,,61.0,,False,
2025-04-05T06:00:00.000Z,USA,Southwest Power Pool,US-CENT-SWPP,215.0,250.0,,63.0,,False,
2025-04-05T07:00:00.000Z,USA,Southwest Power Pool,US-CENT-SWPP,210.0,244.0,,64.0,,False,
2025-04-05T08:00:00.000Z,USA,Southwest Power Pool,US-CENT-SWPP,207.0,242.0,,64.0,,False,
2025-04-05T09:00:00.000Z,USA,Southwest Power Pool,US-CENT-SWPP,208.0,242.0,,64.0,,False,
2025-04-05T10:00:00.000Z,USA,Southwest Power Pool,US-CENT-SWPP,204.0,238.0,,64.0,,False,
2025-04-05T11:00:00.000Z,USA,Southwest Power Pool,US-CENT-SWPP,198.0,232.0,,65.0,,False,
2025-04-05T12:00:00.000Z,USA,Southwest Power Pool,US-CENT-SWPP,195.0,230.0,,66.0,,False,
2025-04-05T13:00:00.000Z,USA,Southwest Power Pool,US-CENT-SWPP,202.0,239.0,,64.0,,False,
2025-04-05T14:00:00.000Z,USA,Southwest Power Pool,US-CENT-SWPP,217.0,255.0,,63.0,,False,
2025-04-05T15:00:00.000Z,USA,Southwest Power Pool,US-CENT-SWPP,226.0,265.0,,61.0,,False,
2025-04-05T16:00:00.000Z,USA,Southwest Power Pool,US-CENT-SWPP,222.0,260.0,,62.0,,False,
2025-04-05T17:00:00.000Z,USA,Southwest Power Pool,US-CENT-SWPP,224.0,262.0,,62.0,,False,
2025-04-05T18:00:00.000Z,USA,Southwest Power Pool,US-CENT-SWPP,217.0,255.0,,63.0,,False,
2025-04-05T19:00:00.000Z,USA,Southwest Power Pool,US-CENT-SWPP,213.0,249.0,,63.0,,False,
2025-04-05T20:00:00.000Z,USA,Southwest Power Pool,US-CENT-SWPP,216.0,254.0,,62.0,,False,
2025-04-05T21:00:00.000Z,USA,Southwest Power Pool,US-CENT-SWPP,215.0,253.0,,62.0,,False,
2025-04-05T22:00:00.000Z,USA,Southwest Power Pool,US-CENT-SWPP,217.0,255.0,,62.0,,False,
2025-04-05T23:00:00.000Z,USA,Southwest Power Pool,US-CENT-SWPP,225.0,264.0,,61.0,,False,
2025-04-06T00:00:00.000Z,USA,Southwest Power Pool,US-CENT-SWPP,238.0,278.0,,59.0,,False,
2025-04-06T01:00:00.000Z,USA,Southwest Power Pool,US-CENT-SWPP,255.0,298.0,,57.0,,False,
2025-04-06T02:00:00.000Z,USA,Southwest Power Pool,US-CENT-SWPP,265.0,307.0,,57.0,,False,
2025-04-06T03:00:00.000Z,USA,Southwest Power Pool,US-CENT-SWPP,281.0,325.0,,54.0,,False,
2025-04-06T04:00:00.000Z,USA,Southwest Power Pool,US-CENT-SWPP,292.0,335.0,,54.0,,False,
2025-04-06T05:00:00.000Z,USA,Southwest Power Pool,US-CENT-SWPP,283.0,326.0,,54.0,,False,
2025-04-06T06:00:00.000Z,USA,Southwest Power Pool,US-CENT-SWPP,290.0,332.0,,54.0,,False,
2025-04-06T07:00:00.000Z,USA,Southwest Power Pool,US-CENT-SWPP,288.0,330.0,,54.0,,False,
2025-04-06T08:00:00.000Z,USA,Southwest Power Pool,US-CENT-SWPP,283.0,326.0,,54.0,,False,
2025-04-06T09:00:00.000Z,USA,Southwest Power Pool,US-CENT-SWPP,304.0,347.0,,52.0,,False,
2025-04-06T10:00:00.000Z,USA,Southwest Power Pool,US-CENT-SWPP,339.0,385.0,,48.0,,False,
2025-04-06T11:00:00.000Z,USA,Southwest Power Pool,US-CENT-SWPP,367.0,415.0,,46.0,,False,
2025-04-06T12:00:00.000Z,USA,Southwest Power Pool,US-CENT-SWPP,388.0,438.0,,43.0,,False,
2025-04-06T13:00:00.000Z,USA,Southwest Power Pool,US-CENT-SWPP,406.0,459.0,,40.0,,False,
2025-04-06T14:00:00.000Z,USA,Southwest Power Pool,US-CENT-SWPP,429.0,484.0,,37.0,,False,
2025-04-06T15:00:00.000Z,USA,Southwest Power Pool,US-CENT-SWPP,438.0,494.0,,36.0,,False,
2025-04-06T16:00:00.000Z,USA,Southwest Power Pool,US-CENT-SWPP,447.0,503.0,,35.0,,False,
2025-04-06T17:00:00.000Z,USA,Southwest Power Pool,US-CENT-SWPP,452.0,510.0,,34.0,,False,
2025-04-06T18:00:00.000Z,USA,Southwest Power Pool,US-CENT-SWPP,449.0,506.0,,34.0,,False,
2025-04-06T19:00:00.000Z,USA,Southwest Power Pool,US-CENT-SWPP,442.0,497.0,,36.0,,False,
2025-04-06T20:00:00.000Z,USA,Southwest Power Pool,US-CENT-SWPP,437.0,492.0,,36.0,,False,
2025-04-06T21:00:00.000Z,USA,Southwest Power Pool,US-CENT-SWPP,436.0,491.0,,36.0,,False,
2025-04-06T22:00:00.000Z,USA,Southwest Power Pool,US-CENT-SWPP,446.0,504.0,,34.0,,False,
2025-04-06T23:00:00.000Z,USA,Southwest Power Pool,US-CENT-SWPP,465.0,528.0,,30.0,,False,
2025-04-07T00:00:00.000Z,USA,Southwest Power Pool,US-CENT-SWPP,510.0,579.0,,22.0,,False,
2025-04-07T01:00:00.000Z,USA,Southwest Power Pool,US-CENT-SWPP,531.0,605.0,,18.0,,False,
2025-04-07T02:00:00.000Z,USA,Southwest Power Pool,US-CENT-SWPP,535.0,609.0,,17.0,,False,
2025-04-07T03:00:00.000Z,USA,Southwest Power Pool,US-CENT-SWPP,520.0,593.0,,19.0,,False,
2025-04-07T04:00:00.000Z,USA,Southwest Power Pool,US-CENT-SWPP,483.0,553.0,,23.0,,False,
2025-04-07T05:00:00.000Z,USA,Southwest Power Pool,US-CENT-SWPP,465.0,530.0,,27.0,,False,
2025-04-07T06:00:00.000Z,USA,Southwest Power Pool,US-CENT-SWPP,454.0,516.0,,30.0,,False,
2025-04-07T07:00:00.000Z,USA,Southwest Power Pool,US-CENT-SWPP,422.0,479.0,,35.0,,False,
2025-04-07T08:00:00.000Z,USA,Southwest Power Pool,US-CENT-SWPP,391.0,446.0,,39.0,,False,
2025-04-07T09:00:00.000Z,USA,Southwest Power Pool,US-CENT-SWPP,371.0,425.0,,41.0,,False,
2025-04-07T10:00:00.000Z,USA,Southwest Power Pool,US-CENT-SWPP,378.0,434.0,,40.0,,False,
2025-04-07T11:00:00.000Z,USA,Southwest Power Pool,US-CENT-SWPP,396.0,455.0,,37.0,,False,
2025-04-07T12:00:00.000Z,USA,Southwest Power Pool,US-CENT-SWPP,389.0,448.0,,38.0,,False,
2025-04-07T13:00:00.000Z,USA,Southwest Power Pool,US-CENT-SWPP,369.0,426.0,,40.0,,False,
2025-04-07T14:00:00.000Z,USA,Southwest Power Pool,US-CENT-SWPP,398.0,459.0,,35.0,,False,
2025-04-07T15:00:00.000Z,USA,Southwest Power Pool,US-CENT-SWPP,415.0,479.0,,33.0,,False,
2025-04-07T16:00:00.000Z,USA,Southwest Power Pool,US-CENT-SWPP,418.0,479.0,,34.0,,False,
2025-04-07T17:00:00.000Z,USA,Southwest Power Pool,US-CENT-SWPP,428.0,488.0,,34.0,,False,
2025-04-07T18:00:00.000Z,USA,Southwest Power Pool,US-CENT-SWPP,440.0,501.0,,33.0,,False,
2025-04-07T19:00:00.000Z,USA,Southwest Power Pool,US-CENT-SWPP,445.0,505.0,,33.0,,False,
2025-04-07T20:00:00.000Z,USA,Southwest Power Pool,US-CENT-SWPP,454.0,515.0,,32.0,,False,
2025-04-07T21:00:00.000Z,USA,Southwest Power Pool,US-CENT-SWPP,455.0,516.0,,32.0,,False,
2025-04-07T22:00:00.000Z,USA,Southwest Power Pool,US-CENT-SWPP,470.0,532.0,,30.0,,False,
2025-04-07T23:00:00.000Z,USA,Southwest Power Pool,US-CENT-SWPP,485.0,551.0,,27.0,,False,
2025-04-08T00:00:00.000Z,USA,Southwest Power Pool,US-CENT-SWPP,497.0,564.0,,26.0,,False,
2025-04-08T01:00:00.000Z,USA,Southwest Power Pool,US-CENT-SWPP,466.0,530.0,,30.0,,False,
2025-04-08T02:00:00.000Z,USA,Southwest Power Pool,US-CENT-SWPP,410.0,468.0,,37.0,,False,
2025-04-08T03:00:00.000Z,USA,Southwest Power Pool,US-CENT-SWPP,389.0,441.0,,42.0,,False,
2025-04-08T04:00:00.000Z,USA,Southwest Power Pool,US-CENT-SWPP,359.0,407.0,,46.0,,False,
2025-04-08T05:00:00.000Z,USA,Southwest Power Pool,US-CENT-SWPP,313.0,356.0,,52.0,,False,
2025-04-08T06:00:00.000Z,USA,Southwest Power Pool,US-CENT-SWPP,274.0,312.0,,58.0,,False,
2025-04-08T07:00:00.000Z,USA,Southwest Power Pool,US-CENT-SWPP,251.0,288.0,,61.0,,False,
2025-04-08T08:00:00.000Z,USA,Southwest Power Pool,US-CENT-SWPP,262.0,300.0,,59.0,,False,
2025-04-08T09:00:00.000Z,USA,Southwest Power Pool,US-CENT-SWPP,280.0,320.0,,57.0,,False,
2025-04-08T10:00:00.000Z,USA,Southwest Power Pool,US-CENT-SWPP,285.0,326.0,,56.0,,False,
2025-04-08T11:00:00.000Z,USA,Southwest Power Pool,US-CENT-SWPP,284.0,327.0,,56.0,,False,
2025-04-08T12:00:00.000Z,USA,Southwest Power Pool,US-CENT-SWPP,276.0,319.0,,56.0,,False,
2025-04-08T13:00:00.000Z,USA,Southwest Power Pool,US-CENT-SWPP,266.0,308.0,,57.0,,False,
2025-04-08T14:00:00.000Z,USA,Southwest Power Pool,US-CENT-SWPP,265.0,307.0,,57.0,,False,
2025-04-08T15:00:00.000Z,USA,Southwest Power Pool,US-CENT-SWPP,262.0,305.0,,57.0,,False,
2025-04-08T16:00:00.000Z,USA,Southwest Power Pool,US-CENT-SWPP,257.0,297.0,,59.0,,False,
2025-04-08T17:00:00.000Z,USA,Southwest Power Pool,US-CENT-SWPP,244.0,283.0,,60.0,,False,
2025-04-08T18:00:00.000Z,USA,Southwest Power Pool,US-CENT-SWPP,234.0,272.0,,61.0,,False,
2025-04-08T19:00:00.000Z,USA,Southwest Power Pool,US-CENT-SWPP,226.0,264.0,,62.0,,False,
2025-04-08T20:00:00.000Z,USA,Southwest Power Pool,US-CENT-SWPP,225.0,263.0,,62.0,,False,
2025-04-08T21:00:00.000Z,USA,Southwest Power Pool,US-CENT-SWPP,226.0,263.0,,62.0,,False,
2025-04-08T22:00:00.000Z,USA,Southwest Power Pool,US-CENT-SWPP,227.0,264.0,,62.0,,False,
2025-04-08T23:00:00.000Z,USA,Southwest Power Pool,US-CENT-SWPP,235.0,273.0,,61.0,,False,
2025-04-09T00:00:00.000Z,USA,Southwest Power Pool,US-CENT-SWPP,243.0,281.0,,61.0,,False,
2025-04-09T01:00:00.000Z,USA,Southwest Power Pool,US-CENT-SWPP,228.0,263.0,,63.0,,False,
2025-04-09T02:00:00.000Z,USA,Southwest Power Pool,US-CENT-SWPP,222.0,257.0,,64.0,,False,
2025-04-09T03:00:00.000Z,USA,Southwest Power Pool,US-CENT-SWPP,217.0,251.0,,65.0,,False,
2025-04-09T04:00:00.000Z,USA,Southwest Power Pool,US-CENT-SWPP,213.0,246.0,,65.0,,False,
2025-04-09T05:00:00.000Z,USA,Southwest Power Pool,US-CENT-SWPP,223.0,256.0,,64.0,,False,
2025-04-09T06:00:00.000Z,USA,Southwest Power Pool,US-CENT-SWPP,226.0,260.0,,63.0,,False,
2025-04-09T07:00:00.000Z,USA,Southwest Power Pool,US-CENT-SWPP,225.0,258.0,,63.0,,False,
2025-04-09T08:00:00.000Z,USA,Southwest Power Pool,US-CENT-SWPP,218.0,252.0,,64.0,,False,
2025-04-09T09:00:00.000Z,USA,Southwest Power Pool,US-CENT-SWPP,214.0,247.0,,65.0,,False,
2025-04-09T10:00:00.000Z,USA,Southwest Power Pool,US-CENT-SWPP,230.0,263.0,,64.0,,False,
2025-04-09T11:00:00.000Z,USA,Southwest Power Pool,US-CENT-SWPP,228.0,261.0,,65.0,,False,
2025-04-09T12:00:00.000Z,USA,Southwest Power Pool,US-CENT-SWPP,215.0,248.0,,66.0,,False,
2025-04-09T13:00:00.000Z,USA,Southwest Power Pool,US-CENT-SWPP,219.0,253.0,,65.0,,False,
2025-04-09T14:00:00.000Z,USA,Southwest Power Pool,US-CENT-SWPP,250.0,285.0,,62.0,,False,
2025-04-09T15:00:00.000Z,USA,Southwest Power Pool,US-CENT-SWPP,261.0,299.0,,60.0,,False,
2025-04-09T16:00:00.000Z,USA,Southwest Power Pool,US-CENT-SWPP,261.0,301.0,,58.0,,False,
2025-04-09T17:00:00.000Z,USA,Southwest Power Pool,US-CENT-SWPP,256.0,297.0,,58.0,,False,
2025-04-09T18:00:00.000Z,USA,Southwest Power Pool,US-CENT-SWPP,281.0,324.0,,55.0,,False,
2025-04-09T19:00:00.000Z,USA,Southwest Power Pool,US-CENT-SWPP,280.0,324.0,,54.0,,False,
2025-04-09T20:00:00.000Z,USA,Southwest Power Pool,US-CENT-SWPP,264.0,306.0,,56.0,,False,
2025-04-09T21:00:00.000Z,USA,Southwest Power Pool,US-CENT-SWPP,255.0,297.0,,57.0,,False,
2025-04-09T22:00:00.000Z,USA,Southwest Power Pool,US-CENT-SWPP,282.0,328.0,,54.0,,False,
2025-04-09T23:00:00.000Z,USA,Southwest Power Pool,US-CENT-SWPP,332.0,384.0,,46.0,,False,
2025-04-10T00:00:00.000Z,USA,Southwest Power Pool,US-CENT-SWPP,407.0,466.0,,36.0,,False,
2025-04-10T01:00:00.000Z,USA,Southwest Power Pool,US-CENT-SWPP,455.0,517.0,,32.0,,False,
2025-04-10T02:00:00.000Z,USA,Southwest Power Pool,US-CENT-SWPP,462.0,522.0,,32.0,,False,
2025-04-10T03:00:00.000Z,USA,Southwest Power Pool,US-CENT-SWPP,480.0,539.0,,31.0,,False,
2025-04-10T04:00:00.000Z,USA,Southwest Power Pool,US-CENT-SWPP,478.0,535.0,,32.0,,False,
2025-04-10T05:00:00.000Z,USA,Southwest Power Pool,US-CENT-SWPP,475.0,530.0,,33.0,,False,
2025-04-10T06:00:00.000Z,USA,Southwest Power Pool,US-CENT-SWPP,448.0,500.0,,37.0,,False,
2025-04-10T07:00:00.000Z,USA,Southwest Power Pool,US-CENT-SWPP,438.0,489.0,,38.0,,False,
2025-04-10T08:00:00.000Z,USA,Southwest Power Pool,US-CENT-SWPP,414.0,464.0,,40.0,,False,
2025-04-10T09:00:00.000Z,USA,Southwest Power Pool,US-CENT-SWPP,372.0,419.0,,45.0,,False,
2025-04-10T10:00:00.000Z,USA,Southwest Power Pool,US-CENT-SWPP,365.0,413.0,,45.0,,False,
2025-04-10T11:00:00.000Z,USA,Southwest Power Pool,US-CENT-SWPP,358.0,406.0,,47.0,,False,
2025-04-10T12:00:00.000Z,USA,Southwest Power Pool,US-CENT-SWPP,353.0,400.0,,48.0,,False,
2025-04-10T13:00:00.000Z,USA,Southwest Power Pool,US-CENT-SWPP,297.0,339.0,,55.0,,False,
2025-04-10T14:00:00.000Z,USA,Southwest Power Pool,US-CENT-SWPP,292.0,336.0,,54.0,,False,
2025-04-10T15:00:00.000Z,USA,Southwest Power Pool,US-CENT-SWPP,282.0,326.0,,54.0,,False,
2025-04-10T16:00:00.000Z,USA,Southwest Power Pool,US-CENT-SWPP,240.0,280.0,,60.0,,False,
2025-04-10T17:00:00.000Z,USA,Southwest Power Pool,US-CENT-SWPP,224.0,262.0,,62.0,,False,
2025-04-10T18:00:00.000Z,USA,Southwest Power Pool,US-CENT-SWPP,235.0,275.0,,60.0,,False,
2025-04-10T19:00:00.000Z,USA,Southwest Power Pool,US-CENT-SWPP,255.0,298.0,,58.0,,False,
2025-04-10T20:00:00.000Z,USA,Southwest Power Pool,US-CENT-SWPP,267.0,310.0,,56.0,,False,
2025-04-10T21:00:00.000Z,USA,Southwest Power Pool,US-CENT-SWPP,271.0,315.0,,56.0,,False,
2025-04-10T22:00:00.000Z,USA,Southwest Power Pool,US-CENT-SWPP,278.0,322.0,,55.0,,False,
2025-04-10T23:00:00.000Z,USA,Southwest Power Pool,US-CENT-SWPP,288.0,335.0,,53.0,,False,
2025-04-11T00:00:00.000Z,USA,Southwest Power Pool,US-CENT-SWPP,327.0,378.0,,47.0,,False,
2025-04-11T01:00:00.000Z,USA,Southwest Power Pool,US-CENT-SWPP,371.0,423.0,,43.0,,False,
2025-04-11T02:00:00.000Z,USA,Southwest Power Pool,US-CENT-SWPP,405.0,458.0,,42.0,,False,
2025-04-11T03:00:00.000Z,USA,Southwest Power Pool,US-CENT-SWPP,409.0,460.0,,43.0,,False,
2025-04-11T04:00:00.000Z,USA,Southwest Power Pool,US-CENT-SWPP,412.0,462.0,,43.0,,False,
2025-04-11T05:00:00.000Z,USA,Southwest Power Pool,US-CENT-SWPP,420.0,469.0,,43.0,,False,
2025-04-11T06:00:00.000Z,USA,Southwest Power Pool,US-CENT-SWPP,438.0,488.0,,41.0,,False,
2025-04-11T07:00:00.000Z,USA,Southwest Power Pool,US-CENT-SWPP,477.0,532.0,,35.0,,False,
2025-04-11T08:00:00.000Z,USA,Southwest Power Pool,US-CENT-SWPP,493.0,549.0,,33.0,,False,
2025-04-11T09:00:00.000Z,USA,Southwest Power Pool,US-CENT-SWPP,516.0,573.0,,31.0,,False,
2025-04-11T10:00:00.000Z,USA,Southwest Power Pool,US-CENT-SWPP,520.0,582.0,,28.0,,False,
2025-04-11T11:00:00.000Z,USA,Southwest Power Pool,US-CENT-SWPP,535.0,601.0,,25.0,,False,
2025-04-11T12:00:00.000Z,USA,Southwest Power Pool,US-CENT-SWPP,547.0,614.0,,24.0,,False,
2025-04-11T13:00:00.000Z,USA,Southwest Power Pool,US-CENT-SWPP,547.0,615.0,,23.0,,False,
2025-04-11T14:00:00.000Z,USA,Southwest Power Pool,US-CENT-SWPP,560.0,631.0,,21.0,,False,
2025-04-11T15:00:00.000Z,USA,Southwest Power Pool,US-CENT-SWPP,536.0,603.0,,25.0,,False,
2025-04-11T16:00:00.000Z,USA,Southwest Power Pool,US-CENT-SWPP,504.0,567.0,,30.0,,False,
2025-04-11T17:00:00.000Z,USA,Southwest Power Pool,US-CENT-SWPP,493.0,554.0,,32.0,,False,
2025-04-11T18:00:00.000Z,USA,Southwest Power Pool,US-CENT-SWPP,496.0,556.0,,32.0,,False,
2025-04-11T19:00:00.000Z,USA,Southwest Power Pool,US-CENT-SWPP,492.0,551.0,,33.0,,False,
2025-04-11T20:00:00.000Z,USA,Southwest Power Pool,US-CENT-SWPP,489.0,547.0,,34.0,,False,
2025-04-11T21:00:00.000Z,USA,Southwest Power Pool,US-CENT-SWPP,475.0,531.0,,36.0,,False,
2025-04-11T22:00:00.000Z,USA,Southwest Power Pool,US-CENT-SWPP,465.0,520.0,,38.0,,False,
2025-04-11T23:00:00.000Z,USA,Southwest Power Pool,US-CENT-SWPP,446.0,498.0,,40.0,,False,
2025-04-12T00:00:00.000Z,USA,Southwest Power Pool,US-CENT-SWPP,427.0,476.0,,43.0,,False,
2025-04-12T01:00:00.000Z,USA,Southwest Power Pool,US-CENT-SWPP,359.0,402.0,,51.0,,False,
2025-04-12T02:00:00.000Z,USA,Southwest Power Pool,US-CENT-SWPP,295.0,333.0,,58.0,,False,
2025-04-12T03:00:00.000Z,USA,Southwest Power Pool,US-CENT-SWPP,250.0,285.0,,63.0,,False,
2025-04-12T04:00:00.000Z,USA,Southwest Power Pool,US-CENT-SWPP,232.0,264.0,,64.0,,False,
2025-04-12T05:00:00.000Z,USA,Southwest Power Pool,US-CENT-SWPP,221.0,253.0,,65.0,,False,
2025-04-12T06:00:00.000Z,USA,Southwest Power Pool,US-CENT-SWPP,208.0,240.0,,66.0,,False,
2025-04-12T07:00:00.000Z,USA,Southwest Power Pool,US-CENT-SWPP,194.0,225.0,,67.0,,False,
2025-04-12T08:00:00.000Z,USA,Southwest Power Pool,US-CENT-SWPP,181.0,211.0,,69.0,,False,
2025-04-12T09:00:00.000Z,USA,Southwest Power Pool,US-CENT-SWPP,177.0,207.0,,70.0,,False,
2025-04-12T10:00:00.000Z,USA,Southwest Power Pool,US-CENT-SWPP,178.0,207.0,,70.0,,False,
2025-04-12T11:00:00.000Z,USA,Southwest Power Pool,US-CENT-SWPP,172.0,201.0,,71.0,,False,
2025-04-12T12:00:00.000Z,USA,Southwest Power Pool,US-CENT-SWPP,172.0,202.0,,70.0,,False,
2025-04-12T13:00:00.000Z,USA,Southwest Power Pool,US-CENT-SWPP,172.0,203.0,,70.0,,False,
2025-04-12T14:00:00.000Z,USA,Southwest Power Pool,US-CENT-SWPP,185.0,218.0,,68.0,,False,
2025-04-12T15:00:00.000Z,USA,Southwest Power Pool,US-CENT-SWPP,186.0,219.0,,68.0,,False,
2025-04-12T16:00:00.000Z,USA,Southwest Power Pool,US-CENT-SWPP,182.0,215.0,,68.0,,False,
2025-04-12T17:00:00.000Z,USA,Southwest Power Pool,US-CENT-SWPP,187.0,221.0,,67.0,,False,
2025-04-12T18:00:00.000Z,USA,Southwest Power Pool,US-CENT-SWPP,194.0,228.0,,66.0,,False,
2025-04-12T19:00:00.000Z,USA,Southwest Power Pool,US-CENT-SWPP,196.0,230.0,,66.0,,False,
2025-04-12T20:00:00.000Z,USA,Southwest Power Pool,US-CENT-SWPP,200.0,235.0,,66.0,,False,
2025-04-12T21:00:00.000Z,USA,Southwest Power Pool,US-CENT-SWPP,200.0,234.0,,66.0,,False,
2025-04-12T22:00:00.000Z,USA,Southwest Power Pool,US-CENT-SWPP,197.0,232.0,,66.0,,False,
2025-04-12T23:00:00.000Z,USA,Southwest Power Pool,US-CENT-SWPP,199.0,234.0,,66.0,,False,
2025-04-13T00:00:00.000Z,USA,Southwest Power Pool,US-CENT-SWPP,198.0,233.0,,66.0,,False,
2025-04-13T01:00:00.000Z,USA,Southwest Power Pool,US-CENT-SWPP,191.0,225.0,,67.0,,False,
2025-04-13T02:00:00.000Z,USA,Southwest Power Pool,US-CENT-SWPP,176.0,208.0,,69.0,,False,
2025-04-13T03:00:00.000Z,USA,Southwest Power Pool,US-CENT-SWPP,171.0,202.0,,70.0,,False,
2025-04-13T04:00:00.000Z,USA,Southwest Power Pool,US-CENT-SWPP,166.0,196.0,,70.0,,False,
2025-04-13T05:00:00.000Z,USA,Southwest Power Pool,US-CENT-SWPP,164.0,193.0,,71.0,,False,
2025-04-13T06:00:00.000Z,USA,Southwest Power Pool,US-CENT-SWPP,160.0,188.0,,71.0,,False,
2025-04-13T07:00:00.000Z,USA,Southwest Power Pool,US-CENT-SWPP,155.0,183.0,,72.0,,False,
2025-04-13T08:00:00.000Z,USA,Southwest Power Pool,US-CENT-SWPP,161.0,189.0,,71.0,,False,
2025-04-13T09:00:00.000Z,USA,Southwest Power Pool,US-CENT-SWPP,170.0,199.0,,70.0,,False,
2025-04-13T10:00:00.000Z,USA,Southwest Power Pool,US-CENT-SWPP,176.0,206.0,,69.0,,False,
2025-04-13T11:00:00.000Z,USA,Southwest Power Pool,US-CENT-SWPP,183.0,213.0,,69.0,,False,
2025-04-13T12:00:00.000Z,USA,Southwest Power Pool,US-CENT-SWPP,181.0,211.0,,69.0,,False,
2025-04-13T13:00:00.000Z,USA,Southwest Power Pool,US-CENT-SWPP,185.0,216.0,,68.0,,False,
2025-04-13T14:00:00.000Z,USA,Southwest Power Pool,US-CENT-SWPP,191.0,224.0,,67.0,,False,
2025-04-13T15:00:00.000Z,USA,Southwest Power Pool,US-CENT-SWPP,189.0,222.0,,68.0,,False,
2025-04-13T16:00:00.000Z,USA,Southwest Power Pool,US-CENT-SWPP,187.0,220.0,,68.0,,False,
2025-04-13T17:00:00.000Z,USA,Southwest Power Pool,US-CENT-SWPP,204.0,240.0,,65.0,,False,
2025-04-13T18:00:00.000Z,USA,Southwest Power Pool,US-CENT-SWPP,232.0,273.0,,60.0,,False,
2025-04-13T19:00:00.000Z,USA,Southwest Power Pool,US-CENT-SWPP,244.0,287.0,,58.0,,False,
2025-04-13T20:00:00.000Z,USA,Southwest Power Pool,US-CENT-SWPP,251.0,296.0,,57.0,,False,
2025-04-13T21:00:00.000Z,USA,Southwest Power Pool,US-CENT-SWPP,273.0,320.0,,54.0,,False,
2025-04-13T22:00:00.000Z,USA,Southwest Power Pool,US-CENT-SWPP,289.0,337.0,,52.0,,False,
2025-04-13T23:00:00.000Z,USA,Southwest Power Pool,US-CENT-SWPP,293.0,342.0,,52.0,,False,
2025-04-14T00:00:00.000Z,USA,Southwest Power Pool,US-CENT-SWPP,273.0,319.0,,54.0,,False,
2025-04-14T01:00:00.000Z,USA,Southwest Power Pool,US-CENT-SWPP,246.0,288.0,,58.0,,False,
2025-04-14T02:00:00.000Z,USA,Southwest Power Pool,US-CENT-SWPP,231.0,271.0,,61.0,,False,
2025-04-14T03:00:00.000Z,USA,Southwest Power Pool,US-CENT-SWPP,226.0,264.0,,62.0,,False,
2025-04-14T04:00:00.000Z,USA,Southwest Power Pool,US-CENT-SWPP,219.0,255.0,,63.0,,False,
2025-04-14T05:00:00.000Z,USA,Southwest Power Pool,US-CENT-SWPP,208.0,242.0,,65.0,,False,
2025-04-14T06:00:00.000Z,USA,Southwest Power Pool,US-CENT-SWPP,196.0,229.0,,66.0,,False,
2025-04-14T07:00:00.000Z,USA,Southwest Power Pool,US-CENT-SWPP,184.0,215.0,,67.0,,False,
2025-04-14T08:00:00.000Z,USA,Southwest Power Pool,US-CENT-SWPP,180.0,211.0,,68.0,,False,
2025-04-14T09:00:00.000Z,USA,Southwest Power Pool,US-CENT-SWPP,178.0,209.0,,69.0,,False,
2025-04-14T10:00:00.000Z,USA,Southwest Power Pool,US-CENT-SWPP,178.0,209.0,,69.0,,False,
2025-04-14T11:00:00.000Z,USA,Southwest Power Pool,US-CENT-SWPP,179.0,211.0,,69.0,,False,
2025-04-14T12:00:00.000Z,USA,Southwest Power Pool,US-CENT-SWPP,179.0,211.0,,69.0,,False,
2025-04-14T13:00:00.000Z,USA,Southwest Power Pool,US-CENT-SWPP,177.0,210.0,,69.0,,False,
2025-04-14T14:00:00.000Z,USA,Southwest Power Pool,US-CENT-SWPP,185.0,219.0,,68.0,,False,
2025-04-14T15:00:00.000Z,USA,Southwest Power Pool,US-CENT-SWPP,201.0,236.0,,66.0,,False,
2025-04-14T16:00:00.000Z,USA,Southwest Power Pool,US-CENT-SWPP,212.0,249.0,,64.0,,False,
2025-04-14T17:00:00.000Z,USA,Southwest Power Pool,US-CENT-SWPP,222.0,260.0,,62.0,,False,
2025-04-14T18:00:00.000Z,USA,Southwest Power Pool,US-CENT-SWPP,232.0,272.0,,61.0,,False,
2025-04-14T19:00:00.000Z,USA,Southwest Power Pool,US-CENT-SWPP,247.0,289.0,,58.0,,False,
2025-04-14T20:00:00.000Z,USA,Southwest Power Pool,US-CENT-SWPP,261.0,306.0,,55.0,,False,
2025-04-14T21:00:00.000Z,USA,Southwest Power Pool,US-CENT-SWPP,267.0,314.0,,54.0,,False,
2025-04-14T22:00:00.000Z,USA,Southwest Power Pool,US-CENT-SWPP,272.0,319.0,,53.0,,False,
2025-04-14T23:00:00.000Z,USA,Southwest Power Pool,US-CENT-SWPP,283.0,332.0,,52.0,,False,
2025-04-15T00:00:00.000Z,USA,Southwest Power Pool,US-CENT-SWPP,302.0,353.0,,49.0,,False,
2025-04-15T01:00:00.000Z,USA,Southwest Power Pool,US-CENT-SWPP,321.0,373.0,,47.0,,False,
2025-04-15T02:00:00.000Z,USA,Southwest Power Pool,US-CENT-SWPP,315.0,366.0,,48.0,,False,
2025-04-15T03:00:00.000Z,USA,Southwest Power Pool,US-CENT-SWPP,309.0,357.0,,49.0,,False,
2025-04-15T04:00:00.000Z,USA,Southwest Power Pool,US-CENT-SWPP,316.0,363.0,,50.0,,False,
2025-04-15T05:00:00.000Z,USA,Southwest Power Pool,US-CENT-SWPP,296.0,340.0,,52.0,,False,
2025-04-15T06:00:00.000Z,USA,Southwest Power Pool,US-CENT-SWPP,273.0,316.0,,54.0,,False,
2025-04-15T07:00:00.000Z,USA,Southwest Power Pool,US-CENT-SWPP,262.0,304.0,,56.0,,False,
2025-04-15T08:00:00.000Z,USA,Southwest Power Pool,US-CENT-SWPP,265.0,307.0,,56.0,,False,
2025-04-15T09:00:00.000Z,USA,Southwest Power Pool,US-CENT-SWPP,269.0,312.0,,55.0,,False,
2025-04-15T10:00:00.000Z,USA,Southwest Power Pool,US-CENT-SWPP,271.0,315.0,,55.0,,False,
2025-04-15T11:00:00.000Z,USA,Southwest Power Pool,US-CENT-SWPP,271.0,315.0,,54.0,,False,
2025-04-15T12:00:00.000Z,USA,Southwest Power Pool,US-CENT-SWPP,299.0,347.0,,51.0,,False,
2025-04-15T13:00:00.000Z,USA,Southwest Power Pool,US-CENT-SWPP,386.0,444.0,,38.0,,False,
2025-04-15T14:00:00.000Z,USA,Southwest Power Pool,US-CENT-SWPP,423.0,483.0,,34.0,,False,
2025-04-15T15:00:00.000Z,USA,Southwest Power Pool,US-CENT-SWPP,431.0,491.0,,34.0,,False,
2025-04-15T16:00:00.000Z,USA,Southwest Power Pool,US-CENT-SWPP,461.0,524.0,,30.0,,False,
2025-04-15T17:00:00.000Z,USA,Southwest Power Pool,US-CENT-SWPP,468.0,531.0,,30.0,,False,
2025-04-15T18:00:00.000Z,USA,Southwest Power Pool,US-CENT-SWPP,455.0,516.0,,32.0,,False,
2025-04-15T19:00:00.000Z,USA,Southwest Power Pool,US-CENT-SWPP,442.0,501.0,,34.0,,False,
2025-04-15T20:00:00.000Z,USA,Southwest Power Pool,US-CENT-SWPP,423.0,479.0,,37.0,,False,
2025-04-15T21:00:00.000Z,USA,Southwest Power Pool,US-CENT-SWPP,404.0,458.0,,40.0,,False,
2025-04-15T22:00:00.000Z,USA,Southwest Power Pool,US-CENT-SWPP,386.0,439.0,,43.0,,False,
2025-04-15T23:00:00.000Z,USA,Southwest Power Pool,US-CENT-SWPP,374.0,425.0,,45.0,,False,
2025-04-16T00:00:00.000Z,USA,Southwest Power Pool,US-CENT-SWPP,370.0,420.0,,45.0,,False,
2025-04-16T01:00:00.000Z,USA,Southwest Power Pool,US-CENT-SWPP,321.0,365.0,,52.0,,False,
2025-04-16T02:00:00.000Z,USA,Southwest Power Pool,US-CENT-SWPP,268.0,308.0,,58.0,,False,
2025-04-16T03:00:00.000Z,USA,Southwest Power Pool,US-CENT-SWPP,232.0,269.0,,62.0,,False,
2025-04-16T04:00:00.000Z,USA,Southwest Power Pool,US-CENT-SWPP,208.0,242.0,,66.0,,False,
2025-04-16T05:00:00.000Z,USA,Southwest Power Pool,US-CENT-SWPP,193.0,226.0,,67.0,,False,
2025-04-16T06:00:00.000Z,USA,Southwest Power Pool,US-CENT-SWPP,181.0,212.0,,69.0,,False,
2025-04-16T07:00:00.000Z,USA,Southwest Power Pool,US-CENT-SWPP,176.0,207.0,,69.0,,False,
2025-04-16T08:00:00.000Z,USA,Southwest Power Pool,US-CENT-SWPP,178.0,209.0,,69.0,,False,
2025-04-16T09:00:00.000Z,USA,Southwest Power Pool,US-CENT-SWPP,174.0,204.0,,70.0,,False,
2025-04-16T10:00:00.000Z,USA,Southwest Power Pool,US-CENT-SWPP,173.0,204.0,,70.0,,False,
2025-04-16T11:00:00.000Z,USA,Southwest Power Pool,US-CENT-SWPP,170.0,202.0,,70.0,,False,
2025-04-16T12:00:00.000Z,USA,Southwest Power Pool,US-CENT-SWPP,164.0,196.0,,70.0,,False,
2025-04-16T13:00:00.000Z,USA,Southwest Power Pool,US-CENT-SWPP,164.0,197.0,,70.0,,False,
2025-04-16T14:00:00.000Z,USA,Southwest Power Pool,US-CENT-SWPP,174.0,208.0,,68.0,,False,
2025-04-16T15:00:00.000Z,USA,Southwest Power Pool,US-CENT-SWPP,176.0,209.0,,68.0,,False,
2025-04-16T16:00:00.000Z,USA,Southwest Power Pool,US-CENT-SWPP,190.0,226.0,,66.0,,False,
2025-04-16T17:00:00.000Z,USA,Southwest Power Pool,US-CENT-SWPP,198.0,235.0,,64.0,,False,
2025-04-16T18:00:00.000Z,USA,Southwest Power Pool,US-CENT-SWPP,197.0,235.0,,64.0,,False,
2025-04-16T19:00:00.000Z,USA,Southwest Power Pool,US-CENT-SWPP,190.0,227.0,,66.0,,False,
2025-04-16T20:00:00.000Z,USA,Southwest Power Pool,US-CENT-SWPP,199.0,238.0,,64.0,,False,
2025-04-16T21:00:00.000Z,USA,Southwest Power Pool,US-CENT-SWPP,198.0,236.0,,65.0,,False,
2025-04-16T22:00:00.000Z,USA,Southwest Power Pool,US-CENT-SWPP,198.0,235.0,,65.0,,False,
2025-04-16T23:00:00.000Z,USA,Southwest Power Pool,US-CENT-SWPP,193.0,229.0,,66.0,,False,
2025-04-17T00:00:00.000Z,USA,Southwest Power Pool,US-CENT-SWPP,189.0,225.0,,67.0,,False,
2025-04-17T01:00:00.000Z,USA,Southwest Power Pool,US-CENT-SWPP,188.0,223.0,,67.0,,False,
2025-04-17T02:00:00.000Z,USA,Southwest Power Pool,US-CENT-SWPP,179.0,212.0,,69.0,,False,
2025-04-17T03:00:00.000Z,USA,Southwest Power Pool,US-CENT-SWPP,175.0,207.0,,69.0,,False,
2025-04-17T04:00:00.000Z,USA,Southwest Power Pool,US-CENT-SWPP,171.0,204.0,,69.0,,False,
2025-04-17T05:00:00.000Z,USA,Southwest Power Pool,US-CENT-SWPP,162.0,192.0,,70.0,,False,
2025-04-17T06:00:00.000Z,USA,Southwest Power Pool,US-CENT-SWPP,151.0,180.0,,72.0,,False,
2025-04-17T07:00:00.000Z,USA,Southwest Power Pool,US-CENT-SWPP,151.0,180.0,,72.0,,False,
2025-04-17T08:00:00.000Z,USA,Southwest Power Pool,US-CENT-SWPP,150.0,178.0,,72.0,,False,
2025-04-17T09:00:00.000Z,USA,Southwest Power Pool,US-CENT-SWPP,154.0,183.0,,71.0,,False,
2025-04-17T10:00:00.000Z,USA,Southwest Power Pool,US-CENT-SWPP,158.0,188.0,,71.0,,False,
2025-04-17T11:00:00.000Z,USA,Southwest Power Pool,US-CENT-SWPP,156.0,186.0,,71.0,,False,
2025-04-17T12:00:00.000Z,USA,Southwest Power Pool,US-CENT-SWPP,153.0,183.0,,72.0,,False,
2025-04-17T13:00:00.000Z,USA,Southwest Power Pool,US-CENT-SWPP,160.0,191.0,,70.0,,False,
2025-04-17T14:00:00.000Z,USA,Southwest Power Pool,US-CENT-SWPP,172.0,207.0,,68.0,,False,
2025-04-17T15:00:00.000Z,USA,Southwest Power Pool,US-CENT-SWPP,176.0,210.0,,68.0,,False,
2025-04-17T16:00:00.000Z,USA,Southwest Power Pool,US-CENT-SWPP,181.0,215.0,,68.0,,False,
2025-04-17T17:00:00.000Z,USA,Southwest Power Pool,US-CENT-SWPP,187.0,222.0,,67.0,,False,
2025-04-17T18:00:00.000Z,USA,Southwest Power Pool,US-CENT-SWPP,189.0,226.0,,66.0,,False,
2025-04-17T19:00:00.000Z,USA,Southwest Power Pool,US-CENT-SWPP,191.0,228.0,,66.0,,False,
2025-04-17T20:00:00.000Z,USA,Southwest Power Pool,US-CENT-SWPP,186.0,223.0,,66.0,,False,
2025-04-17T21:00:00.000Z,USA,Southwest Power Pool,US-CENT-SWPP,186.0,223.0,,66.0,,False,
2025-04-17T22:00:00.000Z,USA,Southwest Power Pool,US-CENT-SWPP,187.0,224.0,,66.0,,False,
2025-04-17T23:00:00.000Z,USA,Southwest Power Pool,US-CENT-SWPP,184.0,220.0,,67.0,,False,
2025-04-18T00:00:00.000Z,USA,Southwest Power Pool,US-CENT-SWPP,183.0,219.0,,67.0,,False,
2025-04-18T01:00:00.000Z,USA,Southwest Power Pool,US-CENT-SWPP,182.0,217.0,,68.0,,False,
2025-04-18T02:00:00.000Z,USA,Southwest Power Pool,US-CENT-SWPP,185.0,220.0,,67.0,,False,
2025-04-18T03:00:00.000Z,USA,Southwest Power Pool,US-CENT-SWPP,180.0,214.0,,68.0,,False,
2025-04-18T04:00:00.000Z,USA,Southwest Power Pool,US-CENT-SWPP,172.0,204.0,,70.0,,False,
2025-04-18T05:00:00.000Z,USA,Southwest Power Pool,US-CENT-SWPP,168.0,198.0,,70.0,,False,
2025-04-18T06:00:00.000Z,USA,Southwest Power Pool,US-CENT-SWPP,160.0,189.0,,72.0,,False,
2025-04-18T07:00:00.000Z,USA,Southwest Power Pool,US-CENT-SWPP,153.0,182.0,,72.0,,False,
2025-04-18T08:00:00.000Z,USA,Southwest Power Pool,US-CENT-SWPP,154.0,182.0,,73.0,,False,
2025-04-18T09:00:00.000Z,USA,Southwest Power Pool,US-CENT-SWPP,151.0,179.0,,73.0,,False,
2025-04-18T10:00:00.000Z,USA,Southwest Power Pool,US-CENT-SWPP,153.0,181.0,,73.0,,False,
2025-04-18T11:00:00.000Z,USA,Southwest Power Pool,US-CENT-SWPP,161.0,190.0,,72.0,,False,
2025-04-18T12:00:00.000Z,USA,Southwest Power Pool,US-CENT-SWPP,171.0,202.0,,70.0,,False,
2025-04-18T13:00:00.000Z,USA,Southwest Power Pool,US-CENT-SWPP,202.0,239.0,,64.0,,False,
2025-04-18T14:00:00.000Z,USA,Southwest Power Pool,US-CENT-SWPP,215.0,254.0,,62.0,,False,
2025-04-18T15:00:00.000Z,USA,Southwest Power Pool,US-CENT-SWPP,211.0,250.0,,63.0,,False,
2025-04-18T16:00:00.000Z,USA,Southwest Power Pool,US-CENT-SWPP,220.0,260.0,,61.0,,False,
2025-04-18T17:00:00.000Z,USA,Southwest Power Pool,US-CENT-SWPP,239.0,282.0,,59.0,,False,
2025-04-18T18:00:00.000Z,USA,Southwest Power Pool,US-CENT-SWPP,265.0,312.0,,55.0,,False,
2025-04-18T19:00:00.000Z,USA,Southwest Power Pool,US-CENT-SWPP,286.0,336.0,,51.0,,False,
2025-04-18T20:00:00.000Z,USA,Southwest Power Pool,US-CENT-SWPP,308.0,359.0,,49.0,,False,
2025-04-18T21:00:00.000Z,USA,Southwest Power Pool,US-CENT-SWPP,313.0,364.0,,48.0,,False,
2025-04-18T22:00:00.000Z,USA,Southwest Power Pool,US-CENT-SWPP,298.0,348.0,,50.0,,False,
2025-04-18T23:00:00.000Z,USA,Southwest Power Pool,US-CENT-SWPP,274.0,319.0,,54.0,,False,
2025-04-19T00:00:00.000Z,USA,Southwest Power Pool,US-CENT-SWPP,264.0,307.0,,56.0,,False,
2025-04-19T01:00:00.000Z,USA,Southwest Power Pool,US-CENT-SWPP,284.0,329.0,,54.0,,False,
2025-04-19T02:00:00.000Z,USA,Southwest Power Pool,US-CENT-SWPP,252.0,294.0,,58.0,,False,
2025-04-19T03:00:00.000Z,USA,Southwest Power Pool,US-CENT-SWPP,234.0,274.0,,60.0,,False,
2025-04-19T04:00:00.000Z,USA,Southwest Power Pool,US-CENT-SWPP,227.0,266.0,,61.0,,False,
2025-04-19T05:00:00.000Z,USA,Southwest Power Pool,US-CENT-SWPP,225.0,262.0,,62.0,,False,
2025-04-19T06:00:00.000Z,USA,Southwest Power Pool,US-CENT-SWPP,214.0,251.0,,63.0,,False,
2025-04-19T07:00:00.000Z,USA,Southwest Power Pool,US-CENT-SWPP,226.0,263.0,,62.0,,False,
2025-04-19T08:00:00.000Z,USA,Southwest Power Pool,US-CENT-SWPP,224.0,261.0,,61.0,,False,
2025-04-19T09:00:00.000Z,USA,Southwest Power Pool,US-CENT-SWPP,224.0,261.0,,62.0,,False,
2025-04-19T10:00:00.000Z,USA,Southwest Power Pool,US-CENT-SWPP,239.0,276.0,,60.0,,False,
2025-04-19T11:00:00.000Z,USA,Southwest Power Pool,US-CENT-SWPP,237.0,274.0,,61.0,,False,
2025-04-19T12:00:00.000Z,USA,Southwest Power Pool,US-CENT-SWPP,248.0,286.0,,60.0,,False,
2025-04-19T13:00:00.000Z,USA,Southwest Power Pool,US-CENT-SWPP,262.0,302.0,,58.0,,False,
2025-04-19T14:00:00.000Z,USA,Southwest Power Pool,US-CENT-SWPP,262.0,302.0,,58.0,,False,
2025-04-19T15:00:00.000Z,USA,Southwest Power Pool,US-CENT-SWPP,254.0,294.0,,59.0,,False,
2025-04-19T16:00:00.000Z,USA,Southwest Power Pool,US-CENT-SWPP,238.0,278.0,,60.0,,False,
2025-04-19T17:00:00.000Z,USA,Southwest Power Pool,US-CENT-SWPP,251.0,293.0,,58.0,,False,
2025-04-19T18:00:00.000Z,USA,Southwest Power Pool,US-CENT-SWPP,277.0,322.0,,55.0,,False,
2025-04-19T19:00:00.000Z,USA,Southwest Power Pool,US-CENT-SWPP,309.0,356.0,,50.0,,False,
2025-04-19T20:00:00.000Z,USA,Southwest Power Pool,US-CENT-SWPP,324.0,373.0,,49.0,,False,
2025-04-19T21:00:00.000Z,USA,Southwest Power Pool,US-CENT-SWPP,340.0,390.0,,47.0,,False,
2025-04-19T22:00:00.000Z,USA,Southwest Power Pool,US-CENT-SWPP,342.0,392.0,,47.0,,False,
2025-04-19T23:00:00.000Z,USA,Southwest Power Pool,US-CENT-SWPP,338.0,386.0,,48.0,,False,
2025-04-20T00:00:00.000Z,USA,Southwest Power Pool,US-CENT-SWPP,336.0,383.0,,49.0,,False,
2025-04-20T01:00:00.000Z,USA,Southwest Power Pool,US-CENT-SWPP,327.0,373.0,,50.0,,False,
2025-04-20T02:00:00.000Z,USA,Southwest Power Pool,US-CENT-SWPP,283.0,323.0,,57.0,,False,
2025-04-20T03:00:00.000Z,USA,Southwest Power Pool,US-CENT-SWPP,264.0,303.0,,59.0,,False,
2025-04-20T04:00:00.000Z,USA,Southwest Power Pool,US-CENT-SWPP,237.0,273.0,,62.0,,False,
2025-04-20T05:00:00.000Z,USA,Southwest Power Pool,US-CENT-SWPP,236.0,271.0,,62.0,,False,
2025-04-20T06:00:00.000Z,USA,Southwest Power Pool,US-CENT-SWPP,210.0,244.0,,65.0,,False,
2025-04-20T07:00:00.000Z,USA,Southwest Power Pool,US-CENT-SWPP,207.0,242.0,,64.0,,False,
2025-04-20T08:00:00.000Z,USA,Southwest Power Pool,US-CENT-SWPP,212.0,247.0,,63.0,,False,
2025-04-20T09:00:00.000Z,USA,Southwest Power Pool,US-CENT-SWPP,210.0,245.0,,64.0,,False,
2025-04-20T10:00:00.000Z,USA,Southwest Power Pool,US-CENT-SWPP,206.0,241.0,,64.0,,False,
2025-04-20T11:00:00.000Z,USA,Southwest Power Pool,US-CENT-SWPP,216.0,252.0,,63.0,,False,
2025-04-20T12:00:00.000Z,USA,Southwest Power Pool,US-CENT-SWPP,228.0,266.0,,61.0,,False,
2025-04-20T13:00:00.000Z,USA,Southwest Power Pool,US-CENT-SWPP,248.0,288.0,,59.0,,False,
2025-04-20T14:00:00.000Z,USA,Southwest Power Pool,US-CENT-SWPP,246.0,285.0,,60.0,,False,
2025-04-20T15:00:00.000Z,USA,Southwest Power Pool,US-CENT-SWPP,243.0,283.0,,60.0,,False,
2025-04-20T16:00:00.000Z,USA,Southwest Power Pool,US-CENT-SWPP,247.0,287.0,,59.0,,False,
2025-04-20T17:00:00.000Z,USA,Southwest Power Pool,US-CENT-SWPP,258.0,300.0,,57.0,,False,
2025-04-20T18:00:00.000Z,USA,Southwest Power Pool,US-CENT-SWPP,251.0,294.0,,57.0,,False,
2025-04-20T19:00:00.000Z,USA,Southwest Power Pool,US-CENT-SWPP,238.0,280.0,,58.0,,False,
2025-04-20T20:00:00.000Z,USA,Southwest Power Pool,US-CENT-SWPP,237.0,279.0,,58.0,,False,
2025-04-20T21:00:00.000Z,USA,Southwest Power Pool,US-CENT-SWPP,259.0,304.0,,54.0,,False,
2025-04-20T22:00:00.000Z,USA,Southwest Power Pool,US-CENT-SWPP,299.0,350.0,,48.0,,False,
2025-04-20T23:00:00.000Z,USA,Southwest Power Pool,US-CENT-SWPP,367.0,429.0,,37.0,,False,
2025-04-21T00:00:00.000Z,USA,Southwest Power Pool,US-CENT-SWPP,419.0,487.0,,29.0,,False,
2025-04-21T01:00:00.000Z,USA,Southwest Power Pool,US-CENT-SWPP,460.0,531.0,,24.0,,False,
2025-04-21T02:00:00.000Z,USA,Southwest Power Pool,US-CENT-SWPP,447.0,513.0,,28.0,,False,
2025-04-21T03:00:00.000Z,USA,Southwest Power Pool,US-CENT-SWPP,433.0,496.0,,31.0,,False,
2025-04-21T04:00:00.000Z,USA,Southwest Power Pool,US-CENT-SWPP,411.0,469.0,,35.0,,False,
2025-04-21T05:00:00.000Z,USA,Southwest Power Pool,US-CENT-SWPP,413.0,471.0,,36.0,,False,
2025-04-21T06:00:00.000Z,USA,Southwest Power Pool,US-CENT-SWPP,399.0,455.0,,37.0,,False,
2025-04-21T07:00:00.000Z,USA,Southwest Power Pool,US-CENT-SWPP,373.0,426.0,,41.0,,False,
2025-04-21T08:00:00.000Z,USA,Southwest Power Pool,US-CENT-SWPP,335.0,384.0,,46.0,,False,
2025-04-21T09:00:00.000Z,USA,Southwest Power Pool,US-CENT-SWPP,323.0,371.0,,48.0,,False,
2025-04-21T10:00:00.000Z,USA,Southwest Power Pool,US-CENT-SWPP,324.0,373.0,,48.0,,False,
2025-04-21T11:00:00.000Z,USA,Southwest Power Pool,US-CENT-SWPP,344.0,397.0,,44.0,,False,
2025-04-21T12:00:00.000Z,USA,Southwest Power Pool,US-CENT-SWPP,358.0,413.0,,42.0,,False,
2025-04-21T13:00:00.000Z,USA,Southwest Power Pool,US-CENT-SWPP,381.0,439.0,,39.0,,False,
2025-04-21T14:00:00.000Z,USA,Southwest Power Pool,US-CENT-SWPP,430.0,495.0,,32.0,,False,
2025-04-21T15:00:00.000Z,USA,Southwest Power Pool,US-CENT-SWPP,433.0,497.0,,31.0,,False,
2025-04-21T16:00:00.000Z,USA,Southwest Power Pool,US-CENT-SWPP,425.0,487.0,,34.0,,False,
2025-04-21T17:00:00.000Z,USA,Southwest Power Pool,US-CENT-SWPP,396.0,453.0,,39.0,,False,
2025-04-21T18:00:00.000Z,USA,Southwest Power Pool,US-CENT-SWPP,359.0,411.0,,45.0,,False,
2025-04-21T19:00:00.000Z,USA,Southwest Power Pool,US-CENT-SWPP,335.0,383.0,,49.0,,False,
2025-04-21T20:00:00.000Z,USA,Southwest Power Pool,US-CENT-SWPP,298.0,343.0,,53.0,,False,
2025-04-21T21:00:00.000Z,USA,Southwest Power Pool,US-CENT-SWPP,281.0,325.0,,55.0,,False,
2025-04-21T22:00:00.000Z,USA,Southwest Power Pool,US-CENT-SWPP,266.0,310.0,,56.0,,False,
2025-04-21T23:00:00.000Z,USA,Southwest Power Pool,US-CENT-SWPP,249.0,292.0,,58.0,,False,
2025-04-22T00:00:00.000Z,USA,Southwest Power Pool,US-CENT-SWPP,252.0,295.0,,58.0,,False,
2025-04-22T01:00:00.000Z,USA,Southwest Power Pool,US-CENT-SWPP,240.0,282.0,,59.0,,False,
2025-04-22T02:00:00.000Z,USA,Southwest Power Pool,US-CENT-SWPP,217.0,257.0,,62.0,,False,
2025-04-22T03:00:00.000Z,USA,Southwest Power Pool,US-CENT-SWPP,191.0,226.0,,66.0,,False,
2025-04-22T04:00:00.000Z,USA,Southwest Power Pool,US-CENT-SWPP,181.0,214.0,,68.0,,False,
2025-04-22T05:00:00.000Z,USA,Southwest Power Pool,US-CENT-SWPP,179.0,211.0,,68.0,,False,
2025-04-22T06:00:00.000Z,USA,Southwest Power Pool,US-CENT-SWPP,179.0,211.0,,68.0,,False,
2025-04-22T07:00:00.000Z,USA,Southwest Power Pool,US-CENT-SWPP,178.0,210.0,,68.0,,False,
2025-04-22T08:00:00.000Z,USA,Southwest Power Pool,US-CENT-SWPP,182.0,215.0,,68.0,,False,
2025-04-22T09:00:00.000Z,USA,Southwest Power Pool,US-CENT-SWPP,189.0,222.0,,67.0,,False,
2025-04-22T10:00:00.000Z,USA,Southwest Power Pool,US-CENT-SWPP,192.0,226.0,,66.0,,False,
2025-04-22T11:00:00.000Z,USA,Southwest Power Pool,US-CENT-SWPP,191.0,226.0,,66.0,,False,
2025-04-22T12:00:00.000Z,USA,Southwest Power Pool,US-CENT-SWPP,201.0,237.0,,65.0,,False,
2025-04-22T13:00:00.000Z,USA,Southwest Power Pool,US-CENT-SWPP,219.0,258.0,,62.0,,False,
2025-04-22T14:00:00.000Z,USA,Southwest Power Pool,US-CENT-SWPP,237.0,279.0,,59.0,,False,
2025-04-22T15:00:00.000Z,USA,Southwest Power Pool,US-CENT-SWPP,244.0,286.0,,59.0,,False,
2025-04-22T16:00:00.000Z,USA,Southwest Power Pool,US-CENT-SWPP,261.0,304.0,,57.0,,False,
2025-04-22T17:00:00.000Z,USA,Southwest Power Pool,US-CENT-SWPP,295.0,342.0,,52.0,,False,
2025-04-22T18:00:00.000Z,USA,Southwest Power Pool,US-CENT-SWPP,315.0,364.0,,50.0,,False,
2025-04-22T19:00:00.000Z,USA,Southwest Power Pool,US-CENT-SWPP,327.0,376.0,,49.0,,False,
2025-04-22T20:00:00.000Z,USA,Southwest Power Pool,US-CENT-SWPP,329.0,378.0,,49.0,,False,
2025-04-22T21:00:00.000Z,USA,Southwest Power Pool,US-CENT-SWPP,335.0,385.0,,48.0,,False,
2025-04-22T22:00:00.000Z,USA,Southwest Power Pool,US-CENT-SWPP,338.0,387.0,,48.0,,False,
2025-04-22T23:00:00.000Z,USA,Southwest Power Pool,US-CENT-SWPP,349.0,400.0,,47.0,,False,
2025-04-23T00:00:00.000Z,USA,Southwest Power Pool,US-CENT-SWPP,351.0,403.0,,46.0,,False,
2025-04-23T01:00:00.000Z,USA,Southwest Power Pool,US-CENT-SWPP,323.0,370.0,,51.0,,False,
2025-04-23T02:00:00.000Z,USA,Southwest Power Pool,US-CENT-SWPP,289.0,331.0,,56.0,,False,
2025-04-23T03:00:00.000Z,USA,Southwest Power Pool,US-CENT-SWPP,265.0,303.0,,59.0,,False,
2025-04-23T04:00:00.000Z,USA,Southwest Power Pool,US-CENT-SWPP,230.0,265.0,,63.0,,False,
2025-04-23T05:00:00.000Z,USA,Southwest Power Pool,US-CENT-SWPP,228.0,265.0,,62.0,,False,
2025-04-23T06:00:00.000Z,USA,Southwest Power Pool,US-CENT-SWPP,220.0,256.0,,63.0,,False,
2025-04-23T07:00:00.000Z,USA,Southwest Power Pool,US-CENT-SWPP,218.0,254.0,,63.0,,False,
2025-04-23T08:00:00.000Z,USA,Southwest Power Pool,US-CENT-SWPP,210.0,245.0,,64.0,,False,
2025-04-23T09:00:00.000Z,USA,Southwest Power Pool,US-CENT-SWPP,209.0,244.0,,64.0,,False,
2025-04-23T10:00:00.000Z,USA,Southwest Power Pool,US-CENT-SWPP,227.0,265.0,,62.0,,False,
2025-04-23T11:00:00.000Z,USA,Southwest Power Pool,US-CENT-SWPP,251.0,291.0,,59.0,,False,
2025-04-23T12:00:00.000Z,USA,Southwest Power Pool,US-CENT-SWPP,260.0,300.0,,59.0,,False,
2025-04-23T13:00:00.000Z,USA,Southwest Power Pool,US-CENT-SWPP,286.0,330.0,,55.0,,False,
2025-04-23T14:00:00.000Z,USA,Southwest Power Pool,US-CENT-SWPP,310.0,357.0,,51.0,,False,
2025-04-23T15:00:00.000Z,USA,Southwest Power Pool,US-CENT-SWPP,297.0,341.0,,54.0,,False,
2025-04-23T16:00:00.000Z,USA,Southwest Power Pool,US-CENT-SWPP,289.0,334.0,,54.0,,False,
2025-04-23T17:00:00.000Z,USA,Southwest Power Pool,US-CENT-SWPP,302.0,349.0,,52.0,,False,
2025-04-23T18:00:00.000Z,USA,Southwest Power Pool,US-CENT-SWPP,316.0,363.0,,51.0,,False,
2025-04-23T19:00:00.000Z,USA,Southwest Power Pool,US-CENT-SWPP,327.0,376.0,,50.0,,False,
2025-04-23T20:00:00.000Z,USA,Southwest Power Pool,US-CENT-SWPP,327.0,375.0,,50.0,,False,
2025-04-23T21:00:00.000Z,USA,Southwest Power Pool,US-CENT-SWPP,318.0,364.0,,52.0,,False,
2025-04-23T22:00:00.000Z,USA,Southwest Power Pool,US-CENT-SWPP,312.0,357.0,,53.0,,False,
2025-04-23T23:00:00.000Z,USA,Southwest Power Pool,US-CENT-SWPP,300.0,344.0,,54.0,,False,
2025-04-24T00:00:00.000Z,USA,Southwest Power Pool,US-CENT-SWPP,302.0,346.0,,54.0,,False,
2025-04-24T01:00:00.000Z,USA,Southwest Power Pool,US-CENT-SWPP,279.0,320.0,,57.0,,False,
2025-04-24T02:00:00.000Z,USA,Southwest Power Pool,US-CENT-SWPP,245.0,284.0,,61.0,,False,
2025-04-24T03:00:00.000Z,USA,Southwest Power Pool,US-CENT-SWPP,237.0,276.0,,61.0,,False,
2025-04-24T04:00:00.000Z,USA,Southwest Power Pool,US-CENT-SWPP,217.0,253.0,,64.0,,False,
2025-04-24T05:00:00.000Z,USA,Southwest Power Pool,US-CENT-SWPP,209.0,244.0,,64.0,,False,
2025-04-24T06:00:00.000Z,USA,Southwest Power Pool,US-CENT-SWPP,212.0,249.0,,63.0,,False,
2025-04-24T07:00:00.000Z,USA,Southwest Power Pool,US-CENT-SWPP,223.0,261.0,,61.0,,False,
2025-04-24T08:00:00.000Z,USA,Southwest Power Pool,US-CENT-SWPP,243.0,282.0,,59.0,,False,
2025-04-24T09:00:00.000Z,USA,Southwest Power Pool,US-CENT-SWPP,287.0,331.0,,53.0,,False,
2025-04-24T10:00:00.000Z,USA,Southwest Power Pool,US-CENT-SWPP,322.0,368.0,,50.0,,False,
2025-04-24T11:00:00.000Z,USA,Southwest Power Pool,US-CENT-SWPP,327.0,374.0,,50.0,,False,
2025-04-24T12:00:00.000Z,USA,Southwest Power Pool,US-CENT-SWPP,336.0,385.0,,48.0,,False,
2025-04-24T13:00:00.000Z,USA,Southwest Power Pool,US-CENT-SWPP,377.0,431.0,,42.0,,False,
2025-04-24T14:00:00.000Z,USA,Southwest Power Pool,US-CENT-SWPP,422.0,483.0,,35.0,,False,
2025-04-24T15:00:00.000Z,USA,Southwest Power Pool,US-CENT-SWPP,436.0,498.0,,33.0,,False,
2025-04-24T16:00:00.000Z,USA,Southwest Power Pool,US-CENT-SWPP,439.0,502.0,,32.0,,False,
2025-04-24T17:00:00.000Z,USA,Southwest Power Pool,US-CENT-SWPP,435.0,498.0,,33.0,,False,
2025-04-24T18:00:00.000Z,USA,Southwest Power Pool,US-CENT-SWPP,432.0,496.0,,33.0,,False,
2025-04-24T19:00:00.000Z,USA,Southwest Power Pool,US-CENT-SWPP,414.0,476.0,,35.0,,False,
2025-04-24T20:00:00.000Z,USA,Southwest Power Pool,US-CENT-SWPP,405.0,466.0,,36.0,,False,
2025-04-24T21:00:00.000Z,USA,Southwest Power Pool,US-CENT-SWPP,395.0,456.0,,38.0,,False,
2025-04-24T22:00:00.000Z,USA,Southwest Power Pool,US-CENT-SWPP,396.0,456.0,,38.0,,False,
2025-04-24T23:00:00.000Z,USA,Southwest Power Pool,US-CENT-SWPP,399.0,459.0,,38.0,,False,
2025-04-25T00:00:00.000Z,USA,Southwest Power Pool,US-CENT-SWPP,390.0,449.0,,39.0,,False,
2025-04-25T01:00:00.000Z,USA,Southwest Power Pool,US-CENT-SWPP,404.0,464.0,,37.0,,False,
2025-04-25T02:00:00.000Z,USA,Southwest Power Pool,US-CENT-SWPP,359.0,410.0,,45.0,,False,
2025-04-25T03:00:00.000Z,USA,Southwest Power Pool,US-CENT-SWPP,316.0,363.0,,51.0,,False,
2025-04-25T04:00:00.000Z,USA,Southwest Power Pool,US-CENT-SWPP,293.0,337.0,,53.0,,False,
2025-04-25T05:00:00.000Z,USA,Southwest Power Pool,US-CENT-SWPP,276.0,319.0,,55.0,,False,
2025-04-25T06:00:00.000Z,USA,Southwest Power Pool,US-CENT-SWPP,275.0,318.0,,55.0,,False,
2025-04-25T07:00:00.000Z,USA,Southwest Power Pool,US-CENT-SWPP,275.0,317.0,,55.0,,False,
2025-04-25T08:00:00.000Z,USA,Southwest Power Pool,US-CENT-SWPP,295.0,340.0,,52.0,,False,
2025-04-25T09:00:00.000Z,USA,Southwest Power Pool,US-CENT-SWPP,308.0,354.0,,50.0,,False,
2025-04-25T10:00:00.000Z,USA,Southwest Power Pool,US-CENT-SWPP,333.0,382.0,,47.0,,False,
2025-04-25T11:00:00.000Z,USA,Southwest Power Pool,US-CENT-SWPP,349.0,400.0,,45.0,,False,
2025-04-25T12:00:00.000Z,USA,Southwest Power Pool,US-CENT-SWPP,346.0,399.0,,45.0,,False,
2025-04-25T13:00:00.000Z,USA,Southwest Power Pool,US-CENT-SWPP,366.0,422.0,,41.0,,False,
2025-04-25T14:00:00.000Z,USA,Southwest Power Pool,US-CENT-SWPP,367.0,424.0,,41.0,,False,
2025-04-25T15:00:00.000Z,USA,Southwest Power Pool,US-CENT-SWPP,372.0,429.0,,41.0,,False,
2025-04-25T16:00:00.000Z,USA,Southwest Power Pool,US-CENT-SWPP,400.0,460.0,,37.0,,False,
2025-04-25T17:00:00.000Z,USA,Southwest Power Pool,US-CENT-SWPP,411.0,471.0,,36.0,,False,
2025-04-25T18:00:00.000Z,USA,Southwest Power Pool,US-CENT-SWPP,404.0,464.0,,37.0,,False,
2025-04-25T19:00:00.000Z,USA,Southwest Power Pool,US-CENT-SWPP,393.0,451.0,,39.0,,False,
2025-04-25T20:00:00.000Z,USA,Southwest Power Pool,US-CENT-SWPP,396.0,454.0,,39.0,,False,
2025-04-25T21:00:00.000Z,USA,Southwest Power Pool,US-CENT-SWPP,395.0,453.0,,39.0,,False,
2025-04-25T22:00:00.000Z,USA,Southwest Power Pool,US-CENT-SWPP,386.0,443.0,,41.0,,False,
2025-04-25T23:00:00.000Z,USA,Southwest Power Pool,US-CENT-SWPP,362.0,414.0,,44.0,,False,
2025-04-26T00:00:00.000Z,USA,Southwest Power Pool,US-CENT-SWPP,352.0,403.0,,46.0,,False,
2025-04-26T01:00:00.000Z,USA,Southwest Power Pool,US-CENT-SWPP,337.0,388.0,,47.0,,False,
2025-04-26T02:00:00.000Z,USA,Southwest Power Pool,US-CENT-SWPP,323.0,371.0,,50.0,,False,
2025-04-26T03:00:00.000Z,USA,Southwest Power Pool,US-CENT-SWPP,317.0,363.0,,51.0,,False,
2025-04-26T04:00:00.000Z,USA,Southwest Power Pool,US-CENT-SWPP,300.0,343.0,,54.0,,False,
2025-04-26T05:00:00.000Z,USA,Southwest Power Pool,US-CENT-SWPP,303.0,345.0,,53.0,,False,
2025-04-26T06:00:00.000Z,USA,Southwest Power Pool,US-CENT-SWPP,289.0,330.0,,55.0,,False,
2025-04-26T07:00:00.000Z,USA,Southwest Power Pool,US-CENT-SWPP,292.0,332.0,,55.0,,False,
2025-04-26T08:00:00.000Z,USA,Southwest Power Pool,US-CENT-SWPP,282.0,321.0,,56.0,,False,
2025-04-26T09:00:00.000Z,USA,Southwest Power Pool,US-CENT-SWPP,289.0,329.0,,55.0,,False,
2025-04-26T10:00:00.000Z,USA,Southwest Power Pool,US-CENT-SWPP,325.0,369.0,,50.0,,False,
2025-04-26T11:00:00.000Z,USA,Southwest Power Pool,US-CENT-SWPP,316.0,358.0,,52.0,,False,
2025-04-26T12:00:00.000Z,USA,Southwest Power Pool,US-CENT-SWPP,313.0,357.0,,52.0,,False,
2025-04-26T13:00:00.000Z,USA,Southwest Power Pool,US-CENT-SWPP,302.0,345.0,,53.0,,False,
2025-04-26T14:00:00.000Z,USA,Southwest Power Pool,US-CENT-SWPP,289.0,331.0,,55.0,,False,
2025-04-26T15:00:00.000Z,USA,Southwest Power Pool,US-CENT-SWPP,296.0,339.0,,54.0,,False,
2025-04-26T16:00:00.000Z,USA,Southwest Power Pool,US-CENT-SWPP,313.0,357.0,,52.0,,False,
2025-04-26T17:00:00.000Z,USA,Southwest Power Pool,US-CENT-SWPP,309.0,354.0,,52.0,,False,
2025-04-26T18:00:00.000Z,USA,Southwest Power Pool,US-CENT-SWPP,335.0,381.0,,49.0,,False,
2025-04-26T19:00:00.000Z,USA,Southwest Power Pool,US-CENT-SWPP,347.0,394.0,,48.0,,False,
2025-04-26T20:00:00.000Z,USA,Southwest Power Pool,US-CENT-SWPP,327.0,374.0,,49.0,,False,
2025-04-26T21:00:00.000Z,USA,Southwest Power Pool,US-CENT-SWPP,315.0,362.0,,50.0,,False,
2025-04-26T22:00:00.000Z,USA,Southwest Power Pool,US-CENT-SWPP,309.0,357.0,,50.0,,False,
2025-04-26T23:00:00.000Z,USA,Southwest Power Pool,US-CENT-SWPP,282.0,329.0,,53.0,,False,
2025-04-27T00:00:00.000Z,USA,Southwest Power Pool,US-CENT-SWPP,286.0,334.0,,52.0,,False,
2025-04-27T01:00:00.000Z,USA,Southwest Power Pool,US-CENT-SWPP,314.0,364.0,,49.0,,False,
2025-04-27T02:00:00.000Z,USA,Southwest Power Pool,US-CENT-SWPP,303.0,350.0,,51.0,,False,
2025-04-27T03:00:00.000Z,USA,Southwest Power Pool,US-CENT-SWPP,300.0,345.0,,52.0,,False,
2025-04-27T04:00:00.000Z,USA,Southwest Power Pool,US-CENT-SWPP,301.0,343.0,,53.0,,False,
2025-04-27T05:00:00.000Z,USA,Southwest Power Pool,US-CENT-SWPP,300.0,341.0,,54.0,,False,
2025-04-27T06:00:00.000Z,USA,Southwest Power Pool,US-CENT-SWPP,299.0,340.0,,54.0,,False,
2025-04-27T07:00:00.000Z,USA,Southwest Power Pool,US-CENT-SWPP,304.0,345.0,,53.0,,False,
2025-04-27T08:00:00.000Z,USA,Southwest Power Pool,US-CENT-SWPP,320.0,363.0,,51.0,,False,
2025-04-27T09:00:00.000Z,USA,Southwest Power Pool,US-CENT-SWPP,309.0,352.0,,51.0,,False,
2025-04-27T10:00:00.000Z,USA,Southwest Power Pool,US-CENT-SWPP,317.0,361.0,,50.0,,False,
2025-04-27T11:00:00.000Z,USA,Southwest Power Pool,US-CENT-SWPP,292.0,335.0,,53.0,,False,
2025-04-27T12:00:00.000Z,USA,Southwest Power Pool,US-CENT-SWPP,284.0,327.0,,54.0,,False,
2025-04-27T13:00:00.000Z,USA,Southwest Power Pool,US-CENT-SWPP,267.0,309.0,,56.0,,False,
2025-04-27T14:00:00.000Z,USA,Southwest Power Pool,US-CENT-SWPP,246.0,286.0,,59.0,,False,
2025-04-27T15:00:00.000Z,USA,Southwest Power Pool,US-CENT-SWPP,229.0,268.0,,61.0,,False,
2025-04-27T16:00:00.000Z,USA,Southwest Power Pool,US-CENT-SWPP,228.0,266.0,,62.0,,False,
2025-04-27T17:00:00.000Z,USA,Southwest Power Pool,US-CENT-SWPP,224.0,262.0,,61.0,,False,
2025-04-27T18:00:00.000Z,USA,Southwest Power Pool,US-CENT-SWPP,230.0,270.0,,61.0,,False,
2025-04-27T19:00:00.000Z,USA,Southwest Power Pool,US-CENT-SWPP,215.0,254.0,,62.0,,False,
2025-04-27T20:00:00.000Z,USA,Southwest Power Pool,US-CENT-SWPP,214.0,254.0,,62.0,,False,
2025-04-27T21:00:00.000Z,USA,Southwest Power Pool,US-CENT-SWPP,207.0,246.0,,62.0,,False,
2025-04-27T22:00:00.000Z,USA,Southwest Power Pool,US-CENT-SWPP,206.0,247.0,,62.0,,False,
2025-04-27T23:00:00.000Z,USA,Southwest Power Pool,US-CENT-SWPP,205.0,246.0,,62.0,,False,
2025-04-28T00:00:00.000Z,USA,Southwest Power Pool,US-CENT-SWPP,189.0,228.0,,64.0,,False,
2025-04-28T01:00:00.000Z,USA,Southwest Power Pool,US-CENT-SWPP,189.0,227.0,,65.0,,False,
2025-04-28T02:00:00.000Z,USA,Southwest Power Pool,US-CENT-SWPP,176.0,212.0,,67.0,,False,
2025-04-28T03:00:00.000Z,USA,Southwest Power Pool,US-CENT-SWPP,165.0,199.0,,68.0,,False,
2025-04-28T04:00:00.000Z,USA,Southwest Power Pool,US-CENT-SWPP,162.0,194.0,,69.0,,False,
2025-04-28T05:00:00.000Z,USA,Southwest Power Pool,US-CENT-SWPP,161.0,192.0,,69.0,,False,
2025-04-28T06:00:00.000Z,USA,Southwest Power Pool,US-CENT-SWPP,165.0,196.0,,69.0,,False,
2025-04-28T07:00:00.000Z,USA,Southwest Power Pool,US-CENT-SWPP,166.0,197.0,,69.0,,False,
2025-04-28T08:00:00.000Z,USA,Southwest Power Pool,US-CENT-SWPP,158.0,189.0,,70.0,,False,
2025-04-28T09:00:00.000Z,USA,Southwest Power Pool,US-CENT-SWPP,152.0,182.0,,70.0,,False,
2025-04-28T10:00:00.000Z,USA,Southwest Power Pool,US-CENT-SWPP,152.0,183.0,,70.0,,False,
2025-04-28T11:00:00.000Z,USA,Southwest Power Pool,US-CENT-SWPP,150.0,182.0,,71.0,,False,
2025-04-28T12:00:00.000Z,USA,Southwest Power Pool,US-CENT-SWPP,165.0,200.0,,68.0,,False,
2025-04-28T13:00:00.000Z,USA,Southwest Power Pool,US-CENT-SWPP,185.0,221.0,,66.0,,False,
2025-04-28T14:00:00.000Z,USA,Southwest Power Pool,US-CENT-SWPP,204.0,242.0,,63.0,,False,
2025-04-28T15:00:00.000Z,USA,Southwest Power Pool,US-CENT-SWPP,195.0,233.0,,64.0,,False,
2025-04-28T16:00:00.000Z,USA,Southwest Power Pool,US-CENT-SWPP,208.0,249.0,,62.0,,False,
2025-04-28T17:00:00.000Z,USA,Southwest Power Pool,US-CENT-SWPP,213.0,255.0,,61.0,,False,
2025-04-28T18:00:00.000Z,USA,Southwest Power Pool,US-CENT-SWPP,208.0,249.0,,62.0,,False,
2025-04-28T19:00:00.000Z,USA,Southwest Power Pool,US-CENT-SWPP,205.0,244.0,,63.0,,False,
2025-04-28T20:00:00.000Z,USA,Southwest Power Pool,US-CENT-SWPP,201.0,240.0,,64.0,,False,
2025-04-28T21:00:00.000Z,USA,Southwest Power Pool,US-CENT-SWPP,216.0,257.0,,62.0,,False,
2025-04-28T22:00:00.000Z,USA,Southwest Power Pool,US-CENT-SWPP,217.0,258.0,,62.0,,False,
2025-04-28T23:00:00.000Z,USA,Southwest Power Pool,US-CENT-SWPP,222.0,264.0,,61.0,,False,
2025-04-29T00:00:00.000Z,USA,Southwest Power Pool,US-CENT-SWPP,218.0,259.0,,62.0,,False,
2025-04-29T01:00:00.000Z,USA,Southwest Power Pool,US-CENT-SWPP,222.0,264.0,,61.0,,False,
2025-04-29T02:00:00.000Z,USA,Southwest Power Pool,US-CENT-SWPP,226.0,269.0,,60.0,,False,
2025-04-29T03:00:00.000Z,USA,Southwest Power Pool,US-CENT-SWPP,222.0,264.0,,60.0,,False,
2025-04-29T04:00:00.000Z,USA,Southwest Power Pool,US-CENT-SWPP,221.0,261.0,,61.0,,False,
2025-04-29T05:00:00.000Z,USA,Southwest Power Pool,US-CENT-SWPP,209.0,247.0,,63.0,,False,
2025-04-29T06:00:00.000Z,USA,Southwest Power Pool,US-CENT-SWPP,214.0,252.0,,62.0,,False,
2025-04-29T07:00:00.000Z,USA,Southwest Power Pool,US-CENT-SWPP,224.0,263.0,,61.0,,False,
2025-04-29T08:00:00.000Z,USA,Southwest Power Pool,US-CENT-SWPP,236.0,277.0,,59.0,,False,
2025-04-29T09:00:00.000Z,USA,Southwest Power Pool,US-CENT-SWPP,240.0,281.0,,59.0,,False,
2025-04-29T10:00:00.000Z,USA,Southwest Power Pool,US-CENT-SWPP,241.0,281.0,,59.0,,False,
2025-04-29T11:00:00.000Z,USA,Southwest Power Pool,US-CENT-SWPP,237.0,277.0,,60.0,,False,
2025-04-29T12:00:00.000Z,USA,Southwest Power Pool,US-CENT-SWPP,236.0,278.0,,59.0,,False,
2025-04-29T13:00:00.000Z,USA,Southwest Power Pool,US-CENT-SWPP,249.0,292.0,,57.0,,False,
2025-04-29T14:00:00.000Z,USA,Southwest Power Pool,US-CENT-SWPP,249.0,293.0,,57.0,,False,
2025-04-29T15:00:00.000Z,USA,Southwest Power Pool,US-CENT-SWPP,263.0,308.0,,55.0,,False,
2025-04-29T16:00:00.000Z,USA,Southwest Power Pool,US-CENT-SWPP,276.0,322.0,,54.0,,False,
2025-04-29T17:00:00.000Z,USA,Southwest Power Pool,US-CENT-SWPP,322.0,375.0,,47.0,,False,
2025-04-29T18:00:00.000Z,USA,Southwest Power Pool,US-CENT-SWPP,366.0,424.0,,41.0,,False,
2025-04-29T19:00:00.000Z,USA,Southwest Power Pool,US-CENT-SWPP,386.0,443.0,,40.0,,False,
2025-04-29T20:00:00.000Z,USA,Southwest Power Pool,US-CENT-SWPP,397.0,456.0,,38.0,,False,
2025-04-29T21:00:00.000Z,USA,Southwest Power Pool,US-CENT-SWPP,413.0,474.0,,36.0,,False,
2025-04-29T22:00:00.000Z,USA,Southwest Power Pool,US-CENT-SWPP,421.0,482.0,,35.0,,False,
2025-04-29T23:00:00.000Z,USA,Southwest Power Pool,US-CENT-SWPP,420.0,480.0,,35.0,,False,
2025-04-30T00:00:00.000Z,USA,Southwest Power Pool,US-CENT-SWPP,426.0,488.0,,34.0,,False,
2025-04-30T01:00:00.000Z,USA,Southwest Power Pool,US-CENT-SWPP,419.0,480.0,,35.0,,False,
2025-04-30T02:00:00.000Z,USA,Southwest Power Pool,US-CENT-SWPP,400.0,459.0,,38.0,,False,
2025-04-30T03:00:00.000Z,USA,Southwest Power Pool,US-CENT-SWPP,375.0,428.0,,42.0,,False,
2025-04-30T04:00:00.000Z,USA,Southwest Power Pool,US-CENT-SWPP,345.0,395.0,,46.0,,False,
2025-04-30T05:00:00.000Z,USA,Southwest Power Pool,US-CENT-SWPP,333.0,383.0,,47.0,,False,
2025-04-30T06:00:00.000Z,USA,Southwest Power Pool,US-CENT-SWPP,345.0,396.0,,45.0,,False,
2025-04-30T07:00:00.000Z,USA,Southwest Power Pool,US-CENT-SWPP,351.0,402.0,,45.0,,False,
2025-04-30T08:00:00.000Z,USA,Southwest Power Pool,US-CENT-SWPP,319.0,367.0,,48.0,,False,
2025-04-30T09:00:00.000Z,USA,Southwest Power Pool,US-CENT-SWPP,356.0,411.0,,42.0,,False,
2025-04-30T10:00:00.000Z,USA,Southwest Power Pool,US-CENT-SWPP,388.0,446.0,,38.0,,False,
2025-04-30T11:00:00.000Z,USA,Southwest Power Pool,US-CENT-SWPP,399.0,459.0,,36.0,,False,
2025-04-30T12:00:00.000Z,USA,Southwest Power Pool,US-CENT-SWPP,400.0,460.0,,37.0,,False,
2025-04-30T13:00:00.000Z,USA,Southwest Power Pool,US-CENT-SWPP,398.0,457.0,,37.0,,False,
2025-04-30T14:00:00.000Z,USA,Southwest Power Pool,US-CENT-SWPP,380.0,438.0,,40.0,,False,
2025-04-30T15:00:00.000Z,USA,Southwest Power Pool,US-CENT-SWPP,366.0,422.0,,42.0,,False,
2025-04-30T16:00:00.000Z,USA,Southwest Power Pool,US-CENT-SWPP,349.0,405.0,,43.0,,False,
2025-04-30T17:00:00.000Z,USA,Southwest Power Pool,US-CENT-SWPP,396.0,456.0,,37.0,,False,
2025-04-30T18:00:00.000Z,USA,Southwest Power Pool,US-CENT-SWPP,444.0,509.0,,31.0,,False,
2025-04-30T19:00:00.000Z,USA,Southwest Power Pool,US-CENT-SWPP,442.0,507.0,,31.0,,False,
2025-04-30T20:00:00.000Z,USA,Southwest Power Pool,US-CENT-SWPP,454.0,519.0,,30.0,,False,
2025-04-30T21:00:00.000Z,USA,Southwest Power Pool,US-CENT-SWPP,458.0,523.0,,30.0,,False,
2025-04-30T22:00:00.000Z,USA,Southwest Power Pool,US-CENT-SWPP,454.0,518.0,,31.0,,False,
2025-04-30T23:00:00.000Z,USA,Southwest Power Pool,US-CENT-SWPP,464.0,528.0,,30.0,,False,
2025-05-01T00:00:00.000Z,USA,Southwest Power Pool,US-CENT-SWPP,479.0,545.0,,28.0,,False,
2025-05-01T01:00:00.000Z,USA,Southwest Power Pool,US-CENT-SWPP,484.0,550.0,,28.0,,False,
2025-05-01T02:00:00.000Z,USA,Southwest Power Pool,US-CENT-SWPP,463.0,527.0,,30.0,,False,
2025-05-01T03:00:00.000Z,USA,Southwest Power Pool,US-CENT-SWPP,445.0,505.0,,33.0,,False,
2025-05-01T04:00:00.000Z,USA,Southwest Power Pool,US-CENT-SWPP,425.0,482.0,,37.0,,False,
2025-05-01T05:00:00.000Z,USA,Southwest Power Pool,US-CENT-SWPP,436.0,491.0,,36.0,,False,
2025-05-01T06:00:00.000Z,USA,Southwest Power Pool,US-CENT-SWPP,443.0,497.0,,37.0,,False,
2025-05-01T07:00:00.000Z,USA,Southwest Power Pool,US-CENT-SWPP,424.0,475.0,,40.0,,False,
2025-05-01T08:00:00.000Z,USA,Southwest Power Pool,US-CENT-SWPP,412.0,463.0,,40.0,,False,
2025-05-01T09:00:00.000Z,USA,Southwest Power Pool,US-CENT-SWPP,430.0,484.0,,37.0,,False,
2025-05-01T10:00:00.000Z,USA,Southwest Power Pool,US-CENT-SWPP,446.0,502.0,,35.0,,False,
2025-05-01T11:00:00.000Z,USA,Southwest Power Pool,US-CENT-SWPP,380.0,429.0,,45.0,,False,
2025-05-01T12:00:00.000Z,USA,Southwest Power Pool,US-CENT-SWPP,329.0,375.0,,50.0,,False,
2025-05-01T13:00:00.000Z,USA,Southwest Power Pool,US-CENT-SWPP,320.0,367.0,,50.0,,False,
2025-05-01T14:00:00.000Z,USA,Southwest Power Pool,US-CENT-SWPP,321.0,368.0,,50.0,,False,
2025-05-01T15:00:00.000Z,USA,Southwest Power Pool,US-CENT-SWPP,349.0,399.0,,47.0,,False,
2025-05-01T16:00:00.000Z,USA,Southwest Power Pool,US-CENT-SWPP,378.0,430.0,,43.0,,False,
2025-05-01T17:00:00.000Z,USA,Southwest Power Pool,US-CENT-SWPP,393.0,448.0,,41.0,,False,
2025-05-01T18:00:00.000Z,USA,Southwest Power Pool,US-CENT-SWPP,398.0,455.0,,39.0,,False,
2025-05-01T19:00:00.000Z,USA,Southwest Power Pool,US-CENT-SWPP,415.0,476.0,,36.0,,False,
2025-05-01T20:00:00.000Z,USA,Southwest Power Pool,US-CENT-SWPP,451.0,515.0,,31.0,,False,
2025-05-01T21:00:00.000Z,USA,Southwest Power Pool,US-CENT-SWPP,469.0,537.0,,28.0,,False,
2025-05-01T22:00:00.000Z,USA,Southwest Power Pool,US-CENT-SWPP,481.0,551.0,,26.0,,False,
2025-05-01T23:00:00.000Z,USA,Southwest Power Pool,US-CENT-SWPP,489.0,560.0,,24.0,,False,
2025-05-02T00:00:00.000Z,USA,Southwest Power Pool,US-CENT-SWPP,491.0,562.0,,25.0,,False,
2025-05-02T01:00:00.000Z,USA,Southwest Power Pool,US-CENT-SWPP,482.0,550.0,,27.0,,False,
2025-05-02T02:00:00.000Z,USA,Southwest Power Pool,US-CENT-SWPP,455.0,517.0,,32.0,,False,
2025-05-02T03:00:00.000Z,USA,Southwest Power Pool,US-CENT-SWPP,436.0,494.0,,36.0,,False,
2025-05-02T04:00:00.000Z,USA,Southwest Power Pool,US-CENT-SWPP,434.0,490.0,,36.0,,False,
2025-05-02T05:00:00.000Z,USA,Southwest Power Pool,US-CENT-SWPP,444.0,500.0,,36.0,,False,
2025-05-02T06:00:00.000Z,USA,Southwest Power Pool,US-CENT-SWPP,407.0,456.0,,42.0,,False,
2025-05-02T07:00:00.000Z,USA,Southwest Power Pool,US-CENT-SWPP,340.0,382.0,,51.0,,False,
2025-05-02T08:00:00.000Z,USA,Southwest Power Pool,US-CENT-SWPP,299.0,338.0,,55.0,,False,
2025-05-02T09:00:00.000Z,USA,Southwest Power Pool,US-CENT-SWPP,274.0,312.0,,57.0,,False,
2025-05-02T10:00:00.000Z,USA,Southwest Power Pool,US-CENT-SWPP,295.0,337.0,,54.0,,False,
2025-05-02T11:00:00.000Z,USA,Southwest Power Pool,US-CENT-SWPP,283.0,324.0,,56.0,,False,
2025-05-02T12:00:00.000Z,USA,Southwest Power Pool,US-CENT-SWPP,304.0,347.0,,54.0,,False,
2025-05-02T13:00:00.000Z,USA,Southwest Power Pool,US-CENT-SWPP,305.0,347.0,,54.0,,False,
2025-05-02T14:00:00.000Z,USA,Southwest Power Pool,US-CENT-SWPP,302.0,345.0,,54.0,,False,
2025-05-02T15:00:00.000Z,USA,Southwest Power Pool,US-CENT-SWPP,300.0,343.0,,54.0,,False,
2025-05-02T16:00:00.000Z,USA,Southwest Power Pool,US-CENT-SWPP,293.0,336.0,,55.0,,False,
2025-05-02T17:00:00.000Z,USA,Southwest Power Pool,US-CENT-SWPP,286.0,328.0,,56.0,,False,
2025-05-02T18:00:00.000Z,USA,Southwest Power Pool,US-CENT-SWPP,282.0,324.0,,57.0,,False,
2025-05-02T19:00:00.000Z,USA,Southwest Power Pool,US-CENT-SWPP,270.0,310.0,,58.0,,False,
2025-05-02T20:00:00.000Z,USA,Southwest Power Pool,US-CENT-SWPP,269.0,309.0,,58.0,,False,
2025-05-02T21:00:00.000Z,USA,Southwest Power Pool,US-CENT-SWPP,274.0,316.0,,57.0,,False,
2025-05-02T22:00:00.000Z,USA,Southwest Power Pool,US-CENT-SWPP,277.0,319.0,,57.0,,False,
2025-05-02T23:00:00.000Z,USA,Southwest Power Pool,US-CENT-SWPP,294.0,339.0,,54.0,,False,
2025-05-03T00:00:00.000Z,USA,Southwest Power Pool,US-CENT-SWPP,321.0,370.0,,50.0,,False,
2025-05-03T01:00:00.000Z,USA,Southwest Power Pool,US-CENT-SWPP,355.0,406.0,,45.0,,False,
2025-05-03T02:00:00.000Z,USA,Southwest Power Pool,US-CENT-SWPP,373.0,425.0,,43.0,,False,
2025-05-03T03:00:00.000Z,USA,Southwest Power Pool,US-CENT-SWPP,374.0,425.0,,43.0,,False,
2025-05-03T04:00:00.000Z,USA,Southwest Power Pool,US-CENT-SWPP,368.0,418.0,,44.0,,False,
2025-05-03T05:00:00.000Z,USA,Southwest Power Pool,US-CENT-SWPP,409.0,461.0,,40.0,,False,
2025-05-03T06:00:00.000Z,USA,Southwest Power Pool,US-CENT-SWPP,443.0,498.0,,36.0,,False,
2025-05-03T07:00:00.000Z,USA,Southwest Power Pool,US-CENT-SWPP,476.0,534.0,,32.0,,False,
2025-05-03T08:00:00.000Z,USA,Southwest Power Pool,US-CENT-SWPP,484.0,542.0,,31.0,,False,
2025-05-03T09:00:00.000Z,USA,Southwest Power Pool,US-CENT-SWPP,477.0,535.0,,32.0,,False,
2025-05-03T10:00:00.000Z,USA,Southwest Power Pool,US-CENT-SWPP,482.0,540.0,,31.0,,False,
2025-05-03T11:00:00.000Z,USA,Southwest Power Pool,US-CENT-SWPP,471.0,529.0,,33.0,,False,
2025-05-03T12:00:00.000Z,USA,Southwest Power Pool,US-CENT-SWPP,471.0,529.0,,32.0,,False,
2025-05-03T13:00:00.000Z,USA,Southwest Power Pool,US-CENT-SWPP,503.0,568.0,,26.0,,False,
2025-05-03T14:00:00.000Z,USA,Southwest Power Pool,US-CENT-SWPP,537.0,607.0,,21.0,,False,
2025-05-03T15:00:00.000Z,USA,Southwest Power Pool,US-CENT-SWPP,534.0,602.0,,21.0,,False,
2025-05-03T16:00:00.000Z,USA,Southwest Power Pool,US-CENT-SWPP,523.0,590.0,,23.0,,False,
2025-05-03T17:00:00.000Z,USA,Southwest Power Pool,US-CENT-SWPP,505.0,570.0,,26.0,,False,
2025-05-03T18:00:00.000Z,USA,Southwest Power Pool,US-CENT-SWPP,502.0,567.0,,26.0,,False,
2025-05-03T19:00:00.000Z,USA,Southwest Power Pool,US-CENT-SWPP,513.0,579.0,,25.0,,False,
2025-05-03T20:00:00.000Z,USA,Southwest Power Pool,US-CENT-SWPP,525.0,591.0,,24.0,,False,
2025-05-03T21:00:00.000Z,USA,Southwest Power Pool,US-CENT-SWPP,535.0,603.0,,22.0,,False,
2025-05-03T22:00:00.000Z,USA,Southwest Power Pool,US-CENT-SWPP,542.0,612.0,,21.0,,False,
2025-05-03T23:00:00.000Z,USA,Southwest Power Pool,US-CENT-SWPP,542.0,612.0,,21.0,,False,
2025-05-04T00:00:00.000Z,USA,Southwest Power Pool,US-CENT-SWPP,533.0,601.0,,23.0,,False,
2025-05-04T01:00:00.000Z,USA,Southwest Power Pool,US-CENT-SWPP,491.0,553.0,,30.0,,False,
2025-05-04T02:00:00.000Z,USA,Southwest Power Pool,US-CENT-SWPP,422.0,472.0,,41.0,,False,
2025-05-04T03:00:00.000Z,USA,Southwest Power Pool,US-CENT-SWPP,375.0,418.0,,48.0,,False,
2025-05-04T04:00:00.000Z,USA,Southwest Power Pool,US-CENT-SWPP,328.0,367.0,,54.0,,False,
2025-05-04T05:00:00.000Z,USA,Southwest Power Pool,US-CENT-SWPP,293.0,330.0,,57.0,,False,
2025-05-04T06:00:00.000Z,USA,Southwest Power Pool,US-CENT-SWPP,272.0,308.0,,59.0,,False,
2025-05-04T07:00:00.000Z,USA,Southwest Power Pool,US-CENT-SWPP,267.0,303.0,,59.0,,False,
2025-05-04T08:00:00.000Z,USA,Southwest Power Pool,US-CENT-SWPP,276.0,313.0,,58.0,,False,
2025-05-04T09:00:00.000Z,USA,Southwest Power Pool,US-CENT-SWPP,285.0,323.0,,57.0,,False,
2025-05-04T10:00:00.000Z,USA,Southwest Power Pool,US-CENT-SWPP,313.0,352.0,,54.0,,False,
2025-05-04T11:00:00.000Z,USA,Southwest Power Pool,US-CENT-SWPP,338.0,378.0,,52.0,,False,
2025-05-04T12:00:00.000Z,USA,Southwest Power Pool,US-CENT-SWPP,333.0,375.0,,52.0,,False,
2025-05-04T13:00:00.000Z,USA,Southwest Power Pool,US-CENT-SWPP,392.0,443.0,,43.0,,False,
2025-05-04T14:00:00.000Z,USA,Southwest Power Pool,US-CENT-SWPP,426.0,479.0,,39.0,,False,
2025-05-04T15:00:00.000Z,USA,Southwest Power Pool,US-CENT-SWPP,416.0,465.0,,42.0,,False,
2025-05-04T16:00:00.000Z,USA,Southwest Power Pool,US-CENT-SWPP,393.0,438.0,,46.0,,False,
2025-05-04T17:00:00.000Z,USA,Southwest Power Pool,US-CENT-SWPP,371.0,414.0,,49.0,,False,
2025-05-04T18:00:00.000Z,USA,Southwest Power Pool,US-CENT-SWPP,369.0,412.0,,49.0,,False,
2025-05-04T19:00:00.000Z,USA,Southwest Power Pool,US-CENT-SWPP,370.0,413.0,,49.0,,False,
2025-05-04T20:00:00.000Z,USA,Southwest Power Pool,US-CENT-SWPP,375.0,419.0,,48.0,,False,
2025-05-04T21:00:00.000Z,USA,Southwest Power Pool,US-CENT-SWPP,380.0,426.0,,47.0,,False,
2025-05-04T22:00:00.000Z,USA,Southwest Power Pool,US-CENT-SWPP,389.0,435.0,,47.0,,False,
2025-05-04T23:00:00.000Z,USA,Southwest Power Pool,US-CENT-SWPP,396.0,442.0,,46.0,,False,
2025-05-05T00:00:00.000Z,USA,Southwest Power Pool,US-CENT-SWPP,402.0,449.0,,45.0,,False,
2025-05-05T01:00:00.000Z,USA,Southwest Power Pool,US-CENT-SWPP,386.0,430.0,,48.0,,False,
2025-05-05T02:00:00.000Z,USA,Southwest Power Pool,US-CENT-SWPP,353.0,392.0,,53.0,,False,
2025-05-05T03:00:00.000Z,USA,Southwest Power Pool,US-CENT-SWPP,314.0,349.0,,57.0,,False,
2025-05-05T04:00:00.000Z,USA,Southwest Power Pool,US-CENT-SWPP,285.0,320.0,,60.0,,False,
2025-05-05T05:00:00.000Z,USA,Southwest Power Pool,US-CENT-SWPP,268.0,302.0,,61.0,,False,
2025-05-05T06:00:00.000Z,USA,Southwest Power Pool,US-CENT-SWPP,267.0,301.0,,61.0,,False,
2025-05-05T07:00:00.000Z,USA,Southwest Power Pool,US-CENT-SWPP,257.0,292.0,,61.0,,False,
2025-05-05T08:00:00.000Z,USA,Southwest Power Pool,US-CENT-SWPP,286.0,323.0,,57.0,,False,
2025-05-05T09:00:00.000Z,USA,Southwest Power Pool,US-CENT-SWPP,305.0,344.0,,55.0,,False,
2025-05-05T10:00:00.000Z,USA,Southwest Power Pool,US-CENT-SWPP,330.0,375.0,,50.0,,False,
2025-05-05T11:00:00.000Z,USA,Southwest Power Pool,US-CENT-SWPP,360.0,408.0,,47.0,,False,
2025-05-05T12:00:00.000Z,USA,Southwest Power Pool,US-CENT-SWPP,376.0,425.0,,45.0,,False,
2025-05-05T13:00:00.000Z,USA,Southwest Power Pool,US-CENT-SWPP,412.0,466.0,,40.0,,False,
2025-05-05T14:00:00.000Z,USA,Southwest Power Pool,US-CENT-SWPP,435.0,492.0,,36.0,,False,
2025-05-05T15:00:00.000Z,USA,Southwest Power Pool,US-CENT-SWPP,431.0,486.0,,38.0,,False,
2025-05-05T16:00:00.000Z,USA,Southwest Power Pool,US-CENT-SWPP,449.0,507.0,,35.0,,False,
2025-05-05T17:00:00.000Z,USA,Southwest Power Pool,US-CENT-SWPP,454.0,512.0,,35.0,,False,
2025-05-05T18:00:00.000Z,USA,Southwest Power Pool,US-CENT-SWPP,460.0,519.0,,34.0,,False,
2025-05-05T19:00:00.000Z,USA,Southwest Power Pool,US-CENT-SWPP,462.0,521.0,,34.0,,False,
2025-05-05T20:00:00.000Z,USA,Southwest Power Pool,US-CENT-SWPP,449.0,506.0,,36.0,,False,
2025-05-05T21:00:00.000Z,USA,Southwest Power Pool,US-CENT-SWPP,452.0,510.0,,35.0,,False,
2025-05-05T22:00:00.000Z,USA,Southwest Power Pool,US-CENT-SWPP,468.0,528.0,,33.0,,False,
2025-05-05T23:00:00.000Z,USA,Southwest Power Pool,US-CENT-SWPP,483.0,546.0,,30.0,,False,
2025-05-06T00:00:00.000Z,USA,Southwest Power Pool,US-CENT-SWPP,494.0,557.0,,29.0,,False,
2025-05-06T01:00:00.000Z,USA,Southwest Power Pool,US-CENT-SWPP,495.0,558.0,,29.0,,False,
2025-05-06T02:00:00.000Z,USA,Southwest Power Pool,US-CENT-SWPP,489.0,550.0,,30.0,,False,
2025-05-06T03:00:00.000Z,USA,Southwest Power Pool,US-CENT-SWPP,487.0,545.0,,32.0,,False,
2025-05-06T04:00:00.000Z,USA,Southwest Power Pool,US-CENT-SWPP,466.0,518.0,,36.0,,False,
2025-05-06T05:00:00.000Z,USA,Southwest Power Pool,US-CENT-SWPP,467.0,519.0,,36.0,,False,
2025-05-06T06:00:00.000Z,USA,Southwest Power Pool,US-CENT-SWPP,491.0,545.0,,33.0,,False,
2025-05-06T07:00:00.000Z,USA,Southwest Power Pool,US-CENT-SWPP,509.0,566.0,,30.0,,False,
2025-05-06T08:00:00.000Z,USA,Southwest Power Pool,US-CENT-SWPP,514.0,571.0,,29.0,,False,
2025-05-06T09:00:00.000Z,USA,Southwest Power Pool,US-CENT-SWPP,510.0,566.0,,30.0,,False,
2025-05-06T10:00:00.000Z,USA,Southwest Power Pool,US-CENT-SWPP,507.0,566.0,,29.0,,False,
2025-05-06T11:00:00.000Z,USA,Southwest Power Pool,US-CENT-SWPP,479.0,535.0,,33.0,,False,
2025-05-06T12:00:00.000Z,USA,Southwest Power Pool,US-CENT-SWPP,467.0,524.0,,34.0,,False,
2025-05-06T13:00:00.000Z,USA,Southwest Power Pool,US-CENT-SWPP,473.0,532.0,,32.0,,False,
2025-05-06T14:00:00.000Z,USA,Southwest Power Pool,US-CENT-SWPP,475.0,535.0,,31.0,,False,
2025-05-06T15:00:00.000Z,USA,Southwest Power Pool,US-CENT-SWPP,453.0,510.0,,35.0,,False,
2025-05-06T16:00:00.000Z,USA,Southwest Power Pool,US-CENT-SWPP,408.0,460.0,,41.0,,False,
2025-05-06T17:00:00.000Z,USA,Southwest Power Pool,US-CENT-SWPP,371.0,420.0,,46.0,,False,
2025-05-06T18:00:00.000Z,USA,Southwest Power Pool,US-CENT-SWPP,358.0,405.0,,48.0,,False,
2025-05-06T19:00:00.000Z,USA,Southwest Power Pool,US-CENT-SWPP,360.0,408.0,,47.0,,False,
2025-05-06T20:00:00.000Z,USA,Southwest Power Pool,US-CENT-SWPP,352.0,398.0,,49.0,,False,
2025-05-06T21:00:00.000Z,USA,Southwest Power Pool,US-CENT-SWPP,346.0,391.0,,50.0,,False,
2025-05-06T22:00:00.000Z,USA,Southwest Power Pool,US-CENT-SWPP,370.0,418.0,,47.0,,False,
2025-05-06T23:00:00.000Z,USA,Southwest Power Pool,US-CENT-SWPP,410.0,465.0,,39.0,,False,
2025-05-07T00:00:00.000Z,USA,Southwest Power Pool,US-CENT-SWPP,458.0,518.0,,33.0,,False,
2025-05-07T01:00:00.000Z,USA,Southwest Power Pool,US-CENT-SWPP,490.0,555.0,,28.0,,False,
2025-05-07T02:00:00.000Z,USA,Southwest Power Pool,US-CENT-SWPP,514.0,581.0,,25.0,,False,
2025-05-07T03:00:00.000Z,USA,Southwest Power Pool,US-CENT-SWPP,529.0,595.0,,24.0,,False,
2025-05-07T04:00:00.000Z,USA,Southwest Power Pool,US-CENT-SWPP,520.0,583.0,,26.0,,False,
2025-05-07T05:00:00.000Z,USA,Southwest Power Pool,US-CENT-SWPP,503.0,565.0,,27.0,,False,
2025-05-07T06:00:00.000Z,USA,Southwest Power Pool,US-CENT-SWPP,494.0,554.0,,29.0,,False,
2025-05-07T07:00:00.000Z,USA,Southwest Power Pool,US-CENT-SWPP,487.0,546.0,,30.0,,False,
2025-05-07T08:00:00.000Z,USA,Southwest Power Pool,US-CENT-SWPP,492.0,552.0,,29.0,,False,
2025-05-07T09:00:00.000Z,USA,Southwest Power Pool,US-CENT-SWPP,496.0,557.0,,28.0,,False,
2025-05-07T10:00:00.000Z,USA,Southwest Power Pool,US-CENT-SWPP,490.0,550.0,,29.0,,False,
2025-05-07T11:00:00.000Z,USA,Southwest Power Pool,US-CENT-SWPP,481.0,541.0,,31.0,,False,
2025-05-07T12:00:00.000Z,USA,Southwest Power Pool,US-CENT-SWPP,492.0,554.0,,29.0,,False,
2025-05-07T13:00:00.000Z,USA,Southwest Power Pool,US-CENT-SWPP,504.0,568.0,,27.0,,False,
2025-05-07T14:00:00.000Z,USA,Southwest Power Pool,US-CENT-SWPP,505.0,569.0,,27.0,,False,
2025-05-07T15:00:00.000Z,USA,Southwest Power Pool,US-CENT-SWPP,506.0,571.0,,27.0,,False,
2025-05-07T16:00:00.000Z,USA,Southwest Power Pool,US-CENT-SWPP,500.0,566.0,,27.0,,False,
2025-05-07T17:00:00.000Z,USA,Southwest Power Pool,US-CENT-SWPP,496.0,561.0,,27.0,,False,
2025-05-07T18:00:00.000Z,USA,Southwest Power Pool,US-CENT-SWPP,489.0,553.0,,28.0,,False,
2025-05-07T19:00:00.000Z,USA,Southwest Power Pool,US-CENT-SWPP,492.0,557.0,,28.0,,False,
2025-05-07T20:00:00.000Z,USA,Southwest Power Pool,US-CENT-SWPP,481.0,544.0,,30.0,,False,
2025-05-07T21:00:00.000Z,USA,Southwest Power Pool,US-CENT-SWPP,471.0,534.0,,31.0,,False,
2025-05-07T22:00:00.000Z,USA,Southwest Power Pool,US-CENT-SWPP,473.0,536.0,,31.0,,False,
2025-05-07T23:00:00.000Z,USA,Southwest Power Pool,US-CENT-SWPP,480.0,542.0,,30.0,,False,
2025-05-08T00:00:00.000Z,USA,Southwest Power Pool,US-CENT-SWPP,514.0,583.0,,24.0,,False,
2025-05-08T01:00:00.000Z,USA,Southwest Power Pool,US-CENT-SWPP,533.0,603.0,,21.0,,False,
2025-05-08T02:00:00.000Z,USA,Southwest Power Pool,US-CENT-SWPP,536.0,606.0,,21.0,,False,
2025-05-08T03:00:00.000Z,USA,Southwest Power Pool,US-CENT-SWPP,540.0,610.0,,21.0,,False,
2025-05-08T04:00:00.000Z,USA,Southwest Power Pool,US-CENT-SWPP,538.0,605.0,,22.0,,False,
2025-05-08T05:00:00.000Z,USA,Southwest Power Pool,US-CENT-SWPP,531.0,594.0,,24.0,,False,
2025-05-08T06:00:00.000Z,USA,Southwest Power Pool,US-CENT-SWPP,504.0,564.0,,28.0,,False,
2025-05-08T07:00:00.000Z,USA,Southwest Power Pool,US-CENT-SWPP,471.0,526.0,,33.0,,False,
2025-05-08T08:00:00.000Z,USA,Southwest Power Pool,US-CENT-SWPP,461.0,516.0,,34.0,,False,
2025-05-08T09:00:00.000Z,USA,Southwest Power Pool,US-CENT-SWPP,469.0,525.0,,33.0,,False,
2025-05-08T10:00:00.000Z,USA,Southwest Power Pool,US-CENT-SWPP,476.0,533.0,,32.0,,False,
2025-05-08T11:00:00.000Z,USA,Southwest Power Pool,US-CENT-SWPP,483.0,541.0,,32.0,,False,
2025-05-08T12:00:00.000Z,USA,Southwest Power Pool,US-CENT-SWPP,484.0,545.0,,30.0,,False,
2025-05-08T13:00:00.000Z,USA,Southwest Power Pool,US-CENT-SWPP,510.0,576.0,,25.0,,False,
2025-05-08T14:00:00.000Z,USA,Southwest Power Pool,US-CENT-SWPP,534.0,604.0,,21.0,,False,
2025-05-08T15:00:00.000Z,USA,Southwest Power Pool,US-CENT-SWPP,540.0,612.0,,20.0,,False,
2025-05-08T16:00:00.000Z,USA,Southwest Power Pool,US-CENT-SWPP,546.0,618.0,,19.0,,False,
2025-05-08T17:00:00.000Z,USA,Southwest Power Pool,US-CENT-SWPP,540.0,613.0,,20.0,,False,
2025-05-08T18:00:00.000Z,USA,Southwest Power Pool,US-CENT-SWPP,527.0,599.0,,22.0,,False,
2025-05-08T19:00:00.000Z,USA,Southwest Power Pool,US-CENT-SWPP,525.0,596.0,,22.0,,False,
2025-05-08T20:00:00.000Z,USA,Southwest Power Pool,US-CENT-SWPP,518.0,589.0,,23.0,,False,
2025-05-08T21:00:00.000Z,USA,Southwest Power Pool,US-CENT-SWPP,520.0,592.0,,22.0,,False,
2025-05-08T22:00:00.000Z,USA,Southwest Power Pool,US-CENT-SWPP,517.0,589.0,,23.0,,False,
2025-05-08T23:00:00.000Z,USA,Southwest Power Pool,US-CENT-SWPP,521.0,593.0,,22.0,,False,
2025-05-09T00:00:00.000Z,USA,Southwest Power Pool,US-CENT-SWPP,537.0,612.0,,19.0,,False,
2025-05-09T01:00:00.000Z,USA,Southwest Power Pool,US-CENT-SWPP,550.0,627.0,,17.0,,False,
2025-05-09T02:00:00.000Z,USA,Southwest Power Pool,US-CENT-SWPP,554.0,631.0,,16.0,,False,
2025-05-09T03:00:00.000Z,USA,Southwest Power Pool,US-CENT-SWPP,555.0,629.0,,18.0,,False,
2025-05-09T04:00:00.000Z,USA,Southwest Power Pool,US-CENT-SWPP,555.0,626.0,,19.0,,False,
2025-05-09T05:00:00.000Z,USA,Southwest Power Pool,US-CENT-SWPP,553.0,622.0,,20.0,,False,
2025-05-09T06:00:00.000Z,USA,Southwest Power Pool,US-CENT-SWPP,535.0,602.0,,22.0,,False,
2025-05-09T07:00:00.000Z,USA,Southwest Power Pool,US-CENT-SWPP,534.0,600.0,,22.0,,False,
2025-05-09T08:00:00.000Z,USA,Southwest Power Pool,US-CENT-SWPP,516.0,580.0,,25.0,,False,
2025-05-09T09:00:00.000Z,USA,Southwest Power Pool,US-CENT-SWPP,494.0,556.0,,28.0,,False,
2025-05-09T10:00:00.000Z,USA,Southwest Power Pool,US-CENT-SWPP,480.0,540.0,,30.0,,False,
2025-05-09T11:00:00.000Z,USA,Southwest Power Pool,US-CENT-SWPP,475.0,534.0,,32.0,,False,
2025-05-09T12:00:00.000Z,USA,Southwest Power Pool,US-CENT-SWPP,473.0,533.0,,32.0,,False,
2025-05-09T13:00:00.000Z,USA,Southwest Power Pool,US-CENT-SWPP,503.0,568.0,,26.0,,False,
2025-05-09T14:00:00.000Z,USA,Southwest Power Pool,US-CENT-SWPP,550.0,621.0,,20.0,,False,
2025-05-09T15:00:00.000Z,USA,Southwest Power Pool,US-CENT-SWPP,544.0,614.0,,21.0,,False,
2025-05-09T16:00:00.000Z,USA,Southwest Power Pool,US-CENT-SWPP,526.0,594.0,,24.0,,False,
2025-05-09T17:00:00.000Z,USA,Southwest Power Pool,US-CENT-SWPP,508.0,573.0,,27.0,,False,
2025-05-09T18:00:00.000Z,USA,Southwest Power Pool,US-CENT-SWPP,481.0,543.0,,31.0,,False,
2025-05-09T19:00:00.000Z,USA,Southwest Power Pool,US-CENT-SWPP,472.0,533.0,,32.0,,False,
2025-05-09T20:00:00.000Z,USA,Southwest Power Pool,US-CENT-SWPP,467.0,528.0,,33.0,,False,
2025-05-09T21:00:00.000Z,USA,Southwest Power Pool,US-CENT-SWPP,467.0,528.0,,32.0,,False,
2025-05-09T22:00:00.000Z,USA,Southwest Power Pool,US-CENT-SWPP,472.0,534.0,,31.0,,False,
2025-05-09T23:00:00.000Z,USA,Southwest Power Pool,US-CENT-SWPP,474.0,537.0,,31.0,,False,
2025-05-10T00:00:00.000Z,USA,Southwest Power Pool,US-CENT-SWPP,500.0,568.0,,26.0,,False,
2025-05-10T01:00:00.000Z,USA,Southwest Power Pool,US-CENT-SWPP,513.0,581.0,,24.0,,False,
2025-05-10T02:00:00.000Z,USA,Southwest Power Pool,US-CENT-SWPP,493.0,559.0,,27.0,,False,
2025-05-10T03:00:00.000Z,USA,Southwest Power Pool,US-CENT-SWPP,475.0,538.0,,30.0,,False,
2025-05-10T04:00:00.000Z,USA,Southwest Power Pool,US-CENT-SWPP,462.0,523.0,,31.0,,False,
2025-05-10T05:00:00.000Z,USA,Southwest Power Pool,US-CENT-SWPP,456.0,516.0,,32.0,,False,
2025-05-10T06:00:00.000Z,USA,Southwest Power Pool,US-CENT-SWPP,453.0,514.0,,31.0,,False,
2025-05-10T07:00:00.000Z,USA,Southwest Power Pool,US-CENT-SWPP,474.0,538.0,,28.0,,False,
2025-05-10T08:00:00.000Z,USA,Southwest Power Pool,US-CENT-SWPP,493.0,557.0,,26.0,,False,
2025-05-10T09:00:00.000Z,USA,Southwest Power Pool,US-CENT-SWPP,496.0,560.0,,26.0,,False,
2025-05-10T10:00:00.000Z,USA,Southwest Power Pool,US-CENT-SWPP,491.0,554.0,,27.0,,False,
2025-05-10T11:00:00.000Z,USA,Southwest Power Pool,US-CENT-SWPP,474.0,536.0,,30.0,,False,
2025-05-10T12:00:00.000Z,USA,Southwest Power Pool,US-CENT-SWPP,457.0,516.0,,33.0,,False,
2025-05-10T13:00:00.000Z,USA,Southwest Power Pool,US-CENT-SWPP,445.0,503.0,,34.0,,False,
2025-05-10T14:00:00.000Z,USA,Southwest Power Pool,US-CENT-SWPP,480.0,544.0,,28.0,,False,
2025-05-10T15:00:00.000Z,USA,Southwest Power Pool,US-CENT-SWPP,467.0,528.0,,31.0,,False,
2025-05-10T16:00:00.000Z,USA,Southwest Power Pool,US-CENT-SWPP,410.0,464.0,,40.0,,False,
2025-05-10T17:00:00.000Z,USA,Southwest Power Pool,US-CENT-SWPP,384.0,435.0,,43.0,,False,
2025-05-10T18:00:00.000Z,USA,Southwest Power Pool,US-CENT-SWPP,394.0,447.0,,42.0,,False,
2025-05-10T19:00:00.000Z,USA,Southwest Power Pool,US-CENT-SWPP,418.0,475.0,,38.0,,False,
2025-05-10T20:00:00.000Z,USA,Southwest Power Pool,US-CENT-SWPP,436.0,495.0,,35.0,,False,
2025-05-10T21:00:00.000Z,USA,Southwest Power Pool,US-CENT-SWPP,448.0,508.0,,33.0,,False,
2025-05-10T22:00:00.000Z,USA,Southwest Power Pool,US-CENT-SWPP,471.0,534.0,,31.0,,False,
2025-05-10T23:00:00.000Z,USA,Southwest Power Pool,US-CENT-SWPP,487.0,551.0,,29.0,,False,
2025-05-11T00:00:00.000Z,USA,Southwest Power Pool,US-CENT-SWPP,491.0,556.0,,28.0,,False,
2025-05-11T01:00:00.000Z,USA,Southwest Power Pool,US-CENT-SWPP,487.0,551.0,,29.0,,False,
2025-05-11T02:00:00.000Z,USA,Southwest Power Pool,US-CENT-SWPP,467.0,529.0,,31.0,,False,
2025-05-11T03:00:00.000Z,USA,Southwest Power Pool,US-CENT-SWPP,464.0,526.0,,31.0,,False,
2025-05-11T04:00:00.000Z,USA,Southwest Power Pool,US-CENT-SWPP,463.0,524.0,,31.0,,False,
2025-05-11T05:00:00.000Z,USA,Southwest Power Pool,US-CENT-SWPP,449.0,510.0,,31.0,,False,
2025-05-11T06:00:00.000Z,USA,Southwest Power Pool,US-CENT-SWPP,452.0,513.0,,31.0,,False,
2025-05-11T07:00:00.000Z,USA,Southwest Power Pool,US-CENT-SWPP,462.0,525.0,,29.0,,False,
2025-05-11T08:00:00.000Z,USA,Southwest Power Pool,US-CENT-SWPP,478.0,543.0,,27.0,,False,
2025-05-11T09:00:00.000Z,USA,Southwest Power Pool,US-CENT-SWPP,487.0,553.0,,26.0,,False,
2025-05-11T10:00:00.000Z,USA,Southwest Power Pool,US-CENT-SWPP,496.0,562.0,,25.0,,False,
2025-05-11T11:00:00.000Z,USA,Southwest Power Pool,US-CENT-SWPP,487.0,552.0,,27.0,,False,
2025-05-11T12:00:00.000Z,USA,Southwest Power Pool,US-CENT-SWPP,462.0,525.0,,30.0,,False,
2025-05-11T13:00:00.000Z,USA,Southwest Power Pool,US-CENT-SWPP,444.0,506.0,,31.0,,False,
2025-05-11T14:00:00.000Z,USA,Southwest Power Pool,US-CENT-SWPP,475.0,541.0,,27.0,,False,
2025-05-11T15:00:00.000Z,USA,Southwest Power Pool,US-CENT-SWPP,469.0,535.0,,28.0,,False,
2025-05-11T16:00:00.000Z,USA,Southwest Power Pool,US-CENT-SWPP,450.0,513.0,,31.0,,False,
2025-05-11T17:00:00.000Z,USA,Southwest Power Pool,US-CENT-SWPP,436.0,498.0,,33.0,,False,
2025-05-11T18:00:00.000Z,USA,Southwest Power Pool,US-CENT-SWPP,430.0,492.0,,34.0,,False,
2025-05-11T19:00:00.000Z,USA,Southwest Power Pool,US-CENT-SWPP,430.0,491.0,,34.0,,False,
2025-05-11T20:00:00.000Z,USA,Southwest Power Pool,US-CENT-SWPP,437.0,499.0,,33.0,,False,
2025-05-11T21:00:00.000Z,USA,Southwest Power Pool,US-CENT-SWPP,450.0,514.0,,32.0,,False,
2025-05-11T22:00:00.000Z,USA,Southwest Power Pool,US-CENT-SWPP,453.0,518.0,,31.0,,False,
2025-05-11T23:00:00.000Z,USA,Southwest Power Pool,US-CENT-SWPP,455.0,520.0,,31.0,,False,
2025-05-12T00:00:00.000Z,USA,Southwest Power Pool,US-CENT-SWPP,461.0,527.0,,30.0,,False,
2025-05-12T01:00:00.000Z,USA,Southwest Power Pool,US-CENT-SWPP,448.0,510.0,,33.0,,False,
2025-05-12T02:00:00.000Z,USA,Southwest Power Pool,US-CENT-SWPP,403.0,460.0,,39.0,,False,
2025-05-12T03:00:00.000Z,USA,Southwest Power Pool,US-CENT-SWPP,359.0,408.0,,46.0,,False,
2025-05-12T04:00:00.000Z,USA,Southwest Power Pool,US-CENT-SWPP,330.0,376.0,,50.0,,False,
2025-05-12T05:00:00.000Z,USA,Southwest Power Pool,US-CENT-SWPP,298.0,341.0,,53.0,,False,
2025-05-12T06:00:00.000Z,USA,Southwest Power Pool,US-CENT-SWPP,291.0,334.0,,54.0,,False,
2025-05-12T07:00:00.000Z,USA,Southwest Power Pool,US-CENT-SWPP,294.0,337.0,,53.0,,False,
2025-05-12T08:00:00.000Z,USA,Southwest Power Pool,US-CENT-SWPP,305.0,349.0,,52.0,,False,
2025-05-12T09:00:00.000Z,USA,Southwest Power Pool,US-CENT-SWPP,331.0,376.0,,49.0,,False,
2025-05-12T10:00:00.000Z,USA,Southwest Power Pool,US-CENT-SWPP,354.0,401.0,,46.0,,False,
2025-05-12T11:00:00.000Z,USA,Southwest Power Pool,US-CENT-SWPP,361.0,410.0,,46.0,,False,
2025-05-12T12:00:00.000Z,USA,Southwest Power Pool,US-CENT-SWPP,359.0,409.0,,46.0,,False,
2025-05-12T13:00:00.000Z,USA,Southwest Power Pool,US-CENT-SWPP,386.0,439.0,,42.0,,False,
2025-05-12T14:00:00.000Z,USA,Southwest Power Pool,US-CENT-SWPP,423.0,480.0,,37.0,,False,
2025-05-12T15:00:00.000Z,USA,Southwest Power Pool,US-CENT-SWPP,412.0,466.0,,40.0,,False,
2025-05-12T16:00:00.000Z,USA,Southwest Power Pool,US-CENT-SWPP,406.0,461.0,,41.0,,False,
2025-05-12T17:00:00.000Z,USA,Southwest Power Pool,US-CENT-SWPP,402.0,456.0,,41.0,,False,
2025-05-12T18:00:00.000Z,USA,Southwest Power Pool,US-CENT-SWPP,402.0,457.0,,41.0,,False,
2025-05-12T19:00:00.000Z,USA,Southwest Power Pool,US-CENT-SWPP,406.0,463.0,,39.0,,False,
2025-05-12T20:00:00.000Z,USA,Southwest Power Pool,US-CENT-SWPP,398.0,455.0,,40.0,,False,
2025-05-12T21:00:00.000Z,USA,Southwest Power Pool,US-CENT-SWPP,393.0,451.0,,40.0,,False,
2025-05-12T22:00:00.000Z,USA,Southwest Power Pool,US-CENT-SWPP,390.0,447.0,,41.0,,False,
2025-05-12T23:00:00.000Z,USA,Southwest Power Pool,US-CENT-SWPP,393.0,450.0,,41.0,,False,
2025-05-13T00:00:00.000Z,USA,Southwest Power Pool,US-CENT-SWPP,405.0,464.0,,39.0,,False,
2025-05-13T01:00:00.000Z,USA,Southwest Power Pool,US-CENT-SWPP,393.0,449.0,,41.0,,False,
2025-05-13T02:00:00.000Z,USA,Southwest Power Pool,US-CENT-SWPP,339.0,385.0,,50.0,,False,
2025-05-13T03:00:00.000Z,USA,Southwest Power Pool,US-CENT-SWPP,286.0,326.0,,58.0,,False,
2025-05-13T04:00:00.000Z,USA,Southwest Power Pool,US-CENT-SWPP,255.0,291.0,,61.0,,False,
2025-05-13T05:00:00.000Z,USA,Southwest Power Pool,US-CENT-SWPP,225.0,259.0,,64.0,,False,
2025-05-13T06:00:00.000Z,USA,Southwest Power Pool,US-CENT-SWPP,208.0,242.0,,65.0,,False,
2025-05-13T07:00:00.000Z,USA,Southwest Power Pool,US-CENT-SWPP,202.0,236.0,,66.0,,False,
2025-05-13T08:00:00.000Z,USA,Southwest Power Pool,US-CENT-SWPP,211.0,246.0,,65.0,,False,
2025-05-13T09:00:00.000Z,USA,Southwest Power Pool,US-CENT-SWPP,229.0,265.0,,63.0,,False,
2025-05-13T10:00:00.000Z,USA,Southwest Power Pool,US-CENT-SWPP,231.0,267.0,,63.0,,False,
2025-05-13T11:00:00.000Z,USA,Southwest Power Pool,US-CENT-SWPP,218.0,254.0,,64.0,,False,
2025-05-13T12:00:00.000Z,USA,Southwest Power Pool,US-CENT-SWPP,216.0,253.0,,64.0,,False,
2025-05-13T13:00:00.000Z,USA,Southwest Power Pool,US-CENT-SWPP,238.0,278.0,,61.0,,False,
2025-05-13T14:00:00.000Z,USA,Southwest Power Pool,US-CENT-SWPP,276.0,320.0,,56.0,,False,
2025-05-13T15:00:00.000Z,USA,Southwest Power Pool,US-CENT-SWPP,282.0,325.0,,56.0,,False,
2025-05-13T16:00:00.000Z,USA,Southwest Power Pool,US-CENT-SWPP,291.0,335.0,,55.0,,False,
2025-05-13T17:00:00.000Z,USA,Southwest Power Pool,US-CENT-SWPP,304.0,350.0,,53.0,,False,
2025-05-13T18:00:00.000Z,USA,Southwest Power Pool,US-CENT-SWPP,305.0,351.0,,53.0,,False,
2025-05-13T19:00:00.000Z,USA,Southwest Power Pool,US-CENT-SWPP,296.0,341.0,,55.0,,False,
2025-05-13T20:00:00.000Z,USA,Southwest Power Pool,US-CENT-SWPP,294.0,339.0,,55.0,,False,
2025-05-13T21:00:00.000Z,USA,Southwest Power Pool,US-CENT-SWPP,301.0,347.0,,53.0,,False,
2025-05-13T22:00:00.000Z,USA,Southwest Power Pool,US-CENT-SWPP,307.0,354.0,,53.0,,False,
2025-05-13T23:00:00.000Z,USA,Southwest Power Pool,US-CENT-SWPP,321.0,371.0,,50.0,,False,
2025-05-14T00:00:00.000Z,USA,Southwest Power Pool,US-CENT-SWPP,341.0,394.0,,47.0,,False,
2025-05-14T01:00:00.000Z,USA,Southwest Power Pool,US-CENT-SWPP,326.0,375.0,,50.0,,False,
2025-05-14T02:00:00.000Z,USA,Southwest Power Pool,US-CENT-SWPP,288.0,330.0,,57.0,,False,
2025-05-14T03:00:00.000Z,USA,Southwest Power Pool,US-CENT-SWPP,260.0,298.0,,61.0,,False,
2025-05-14T04:00:00.000Z,USA,Southwest Power Pool,US-CENT-SWPP,248.0,285.0,,62.0,,False,
2025-05-14T05:00:00.000Z,USA,Southwest Power Pool,US-CENT-SWPP,263.0,302.0,,59.0,,False,
2025-05-14T06:00:00.000Z,USA,Southwest Power Pool,US-CENT-SWPP,256.0,294.0,,60.0,,False,
2025-05-14T07:00:00.000Z,USA,Southwest Power Pool,US-CENT-SWPP,227.0,262.0,,63.0,,False,
2025-05-14T08:00:00.000Z,USA,Southwest Power Pool,US-CENT-SWPP,210.0,244.0,,65.0,,False,
2025-05-14T09:00:00.000Z,USA,Southwest Power Pool,US-CENT-SWPP,210.0,245.0,,65.0,,False,
2025-05-14T10:00:00.000Z,USA,Southwest Power Pool,US-CENT-SWPP,235.0,271.0,,62.0,,False,
2025-05-14T11:00:00.000Z,USA,Southwest Power Pool,US-CENT-SWPP,246.0,284.0,,61.0,,False,
2025-05-14T12:00:00.000Z,USA,Southwest Power Pool,US-CENT-SWPP,280.0,322.0,,56.0,,False,
2025-05-14T13:00:00.000Z,USA,Southwest Power Pool,US-CENT-SWPP,353.0,405.0,,45.0,,False,
2025-05-14T14:00:00.000Z,USA,Southwest Power Pool,US-CENT-SWPP,391.0,448.0,,40.0,,False,
2025-05-14T15:00:00.000Z,USA,Southwest Power Pool,US-CENT-SWPP,388.0,446.0,,40.0,,False,
2025-05-14T16:00:00.000Z,USA,Southwest Power Pool,US-CENT-SWPP,380.0,437.0,,41.0,,False,
2025-05-14T17:00:00.000Z,USA,Southwest Power Pool,US-CENT-SWPP,383.0,441.0,,40.0,,False,
2025-05-14T18:00:00.000Z,USA,Southwest Power Pool,US-CENT-SWPP,378.0,436.0,,41.0,,False,
2025-05-14T19:00:00.000Z,USA,Southwest Power Pool,US-CENT-SWPP,354.0,410.0,,44.0,,False,
2025-05-14T20:00:00.000Z,USA,Southwest Power Pool,US-CENT-SWPP,333.0,388.0,,47.0,,False,
2025-05-14T21:00:00.000Z,USA,Southwest Power Pool,US-CENT-SWPP,320.0,373.0,,48.0,,False,
2025-05-14T22:00:00.000Z,USA,Southwest Power Pool,US-CENT-SWPP,304.0,357.0,,50.0,,False,
2025-05-14T23:00:00.000Z,USA,Southwest Power Pool,US-CENT-SWPP,294.0,346.0,,51.0,,False,
2025-05-15T00:00:00.000Z,USA,Southwest Power Pool,US-CENT-SWPP,285.0,334.0,,53.0,,False,
2025-05-15T01:00:00.000Z,USA,Southwest Power Pool,US-CENT-SWPP,266.0,312.0,,56.0,,False,
2025-05-15T02:00:00.000Z,USA,Southwest Power Pool,US-CENT-SWPP,255.0,297.0,,59.0,,False,
2025-05-15T03:00:00.000Z,USA,Southwest Power Pool,US-CENT-SWPP,242.0,281.0,,61.0,,False,
2025-05-15T04:00:00.000Z,USA,Southwest Power Pool,US-CENT-SWPP,231.0,268.0,,63.0,,False,
2025-05-15T05:00:00.000Z,USA,Southwest Power Pool,US-CENT-SWPP,222.0,257.0,,64.0,,False,
2025-05-15T06:00:00.000Z,USA,Southwest Power Pool,US-CENT-SWPP,225.0,259.0,,64.0,,False,
2025-05-15T07:00:00.000Z,USA,Southwest Power Pool,US-CENT-SWPP,224.0,258.0,,64.0,,False,
2025-05-15T08:00:00.000Z,USA,Southwest Power Pool,US-CENT-SWPP,229.0,265.0,,63.0,,False,
2025-05-15T09:00:00.000Z,USA,Southwest Power Pool,US-CENT-SWPP,226.0,262.0,,63.0,,False,
2025-05-15T10:00:00.000Z,USA,Southwest Power Pool,US-CENT-SWPP,223.0,258.0,,64.0,,False,
2025-05-15T11:00:00.000Z,USA,Southwest Power Pool,US-CENT-SWPP,248.0,285.0,,61.0,,False,
2025-05-15T12:00:00.000Z,USA,Southwest Power Pool,US-CENT-SWPP,276.0,318.0,,57.0,,False,
2025-05-15T13:00:00.000Z,USA,Southwest Power Pool,US-CENT-SWPP,309.0,359.0,,50.0,,False,
2025-05-15T14:00:00.000Z,USA,Southwest Power Pool,US-CENT-SWPP,336.0,390.0,,45.0,,False,
2025-05-15T15:00:00.000Z,USA,Southwest Power Pool,US-CENT-SWPP,354.0,410.0,,43.0,,False,
2025-05-15T16:00:00.000Z,USA,Southwest Power Pool,US-CENT-SWPP,366.0,423.0,,42.0,,False,
2025-05-15T17:00:00.000Z,USA,Southwest Power Pool,US-CENT-SWPP,370.0,427.0,,42.0,,False,
2025-05-15T18:00:00.000Z,USA,Southwest Power Pool,US-CENT-SWPP,367.0,425.0,,41.0,,False,
2025-05-15T19:00:00.000Z,USA,Southwest Power Pool,US-CENT-SWPP,368.0,425.0,,42.0,,False,
2025-05-15T20:00:00.000Z,USA,Southwest Power Pool,US-CENT-SWPP,364.0,421.0,,42.0,,False,
2025-05-15T21:00:00.000Z,USA,Southwest Power Pool,US-CENT-SWPP,360.0,416.0,,44.0,,False,
2025-05-15T22:00:00.000Z,USA,Southwest Power Pool,US-CENT-SWPP,356.0,409.0,,45.0,,False,
2025-05-15T23:00:00.000Z,USA,Southwest Power Pool,US-CENT-SWPP,351.0,403.0,,47.0,,False,
2025-05-16T00:00:00.000Z,USA,Southwest Power Pool,US-CENT-SWPP,359.0,412.0,,45.0,,False,
2025-05-16T01:00:00.000Z,USA,Southwest Power Pool,US-CENT-SWPP,350.0,400.0,,47.0,,False,
2025-05-16T02:00:00.000Z,USA,Southwest Power Pool,US-CENT-SWPP,302.0,347.0,,53.0,,False,
2025-05-16T03:00:00.000Z,USA,Southwest Power Pool,US-CENT-SWPP,279.0,321.0,,57.0,,False,
2025-05-16T04:00:00.000Z,USA,Southwest Power Pool,US-CENT-SWPP,265.0,304.0,,59.0,,False,
2025-05-16T05:00:00.000Z,USA,Southwest Power Pool,US-CENT-SWPP,258.0,295.0,,60.0,,False,
2025-05-16T06:00:00.000Z,USA,Southwest Power Pool,US-CENT-SWPP,252.0,288.0,,61.0,,False,
2025-05-16T07:00:00.000Z,USA,Southwest Power Pool,US-CENT-SWPP,251.0,287.0,,61.0,,False,
2025-05-16T08:00:00.000Z,USA,Southwest Power Pool,US-CENT-SWPP,251.0,288.0,,61.0,,False,
2025-05-16T09:00:00.000Z,USA,Southwest Power Pool,US-CENT-SWPP,243.0,279.0,,62.0,,False,
2025-05-16T10:00:00.000Z,USA,Southwest Power Pool,US-CENT-SWPP,235.0,271.0,,63.0,,False,
2025-05-16T11:00:00.000Z,USA,Southwest Power Pool,US-CENT-SWPP,227.0,263.0,,63.0,,False,
2025-05-16T12:00:00.000Z,USA,Southwest Power Pool,US-CENT-SWPP,226.0,263.0,,63.0,,False,
2025-05-16T13:00:00.000Z,USA,Southwest Power Pool,US-CENT-SWPP,272.0,315.0,,56.0,,False,
2025-05-16T14:00:00.000Z,USA,Southwest Power Pool,US-CENT-SWPP,293.0,339.0,,53.0,,False,
2025-05-16T15:00:00.000Z,USA,Southwest Power Pool,US-CENT-SWPP,287.0,333.0,,54.0,,False,
2025-05-16T16:00:00.000Z,USA,Southwest Power Pool,US-CENT-SWPP,293.0,339.0,,53.0,,False,
2025-05-16T17:00:00.000Z,USA,Southwest Power Pool,US-CENT-SWPP,302.0,350.0,,52.0,,False,
2025-05-16T18:00:00.000Z,USA,Southwest Power Pool,US-CENT-SWPP,295.0,343.0,,52.0,,False,
2025-05-16T19:00:00.000Z,USA,Southwest Power Pool,US-CENT-SWPP,297.0,345.0,,52.0,,False,
2025-05-16T20:00:00.000Z,USA,Southwest Power Pool,US-CENT-SWPP,307.0,357.0,,51.0,,False,
2025-05-16T21:00:00.000Z,USA,Southwest Power Pool,US-CENT-SWPP,308.0,358.0,,50.0,,False,
2025-05-16T22:00:00.000Z,USA,Southwest Power Pool,US-CENT-SWPP,324.0,376.0,,48.0,,False,
2025-05-16T23:00:00.000Z,USA,Southwest Power Pool,US-CENT-SWPP,343.0,398.0,,45.0,,False,
2025-05-17T00:00:00.000Z,USA,Southwest Power Pool,US-CENT-SWPP,371.0,430.0,,41.0,,False,
2025-05-17T01:00:00.000Z,USA,Southwest Power Pool,US-CENT-SWPP,406.0,467.0,,36.0,,False,
2025-05-17T02:00:00.000Z,USA,Southwest Power Pool,US-CENT-SWPP,414.0,474.0,,36.0,,False,
2025-05-17T03:00:00.000Z,USA,Southwest Power Pool,US-CENT-SWPP,391.0,447.0,,40.0,,False,
2025-05-17T04:00:00.000Z,USA,Southwest Power Pool,US-CENT-SWPP,356.0,405.0,,46.0,,False,
2025-05-17T05:00:00.000Z,USA,Southwest Power Pool,US-CENT-SWPP,314.0,358.0,,52.0,,False,
2025-05-17T06:00:00.000Z,USA,Southwest Power Pool,US-CENT-SWPP,271.0,310.0,,58.0,,False,
2025-05-17T07:00:00.000Z,USA,Southwest Power Pool,US-CENT-SWPP,246.0,282.0,,61.0,,False,
2025-05-17T08:00:00.000Z,USA,Southwest Power Pool,US-CENT-SWPP,227.0,261.0,,63.0,,False,
2025-05-17T09:00:00.000Z,USA,Southwest Power Pool,US-CENT-SWPP,228.0,263.0,,63.0,,False,
2025-05-17T10:00:00.000Z,USA,Southwest Power Pool,US-CENT-SWPP,225.0,260.0,,63.0,,False,
2025-05-17T11:00:00.000Z,USA,Southwest Power Pool,US-CENT-SWPP,224.0,259.0,,63.0,,False,
2025-05-17T12:00:00.000Z,USA,Southwest Power Pool,US-CENT-SWPP,230.0,266.0,,62.0,,False,
2025-05-17T13:00:00.000Z,USA,Southwest Power Pool,US-CENT-SWPP,244.0,282.0,,60.0,,False,
2025-05-17T14:00:00.000Z,USA,Southwest Power Pool,US-CENT-SWPP,254.0,296.0,,57.0,,False,
2025-05-17T15:00:00.000Z,USA,Southwest Power Pool,US-CENT-SWPP,293.0,341.0,,51.0,,False,
2025-05-17T16:00:00.000Z,USA,Southwest Power Pool,US-CENT-SWPP,334.0,386.0,,46.0,,False,
2025-05-17T17:00:00.000Z,USA,Southwest Power Pool,US-CENT-SWPP,368.0,421.0,,43.0,,False,
2025-05-17T18:00:00.000Z,USA,Southwest Power Pool,US-CENT-SWPP,374.0,426.0,,44.0,,False,
2025-05-17T19:00:00.000Z,USA,Southwest Power Pool,US-CENT-SWPP,352.0,402.0,,46.0,,False,
2025-05-17T20:00:00.000Z,USA,Southwest Power Pool,US-CENT-SWPP,357.0,410.0,,45.0,,False,
2025-05-17T21:00:00.000Z,USA,Southwest Power Pool,US-CENT-SWPP,366.0,420.0,,43.0,,False,
2025-05-17T22:00:00.000Z,USA,Southwest Power Pool,US-CENT-SWPP,383.0,439.0,,41.0,,False,
2025-05-17T23:00:00.000Z,USA,Southwest Power Pool,US-CENT-SWPP,416.0,477.0,,35.0,,False,
2025-05-18T00:00:00.000Z,USA,Southwest Power Pool,US-CENT-SWPP,429.0,492.0,,34.0,,False,
2025-05-18T01:00:00.000Z,USA,Southwest Power Pool,US-CENT-SWPP,435.0,497.0,,34.0,,False,
2025-05-18T02:00:00.000Z,USA,Southwest Power Pool,US-CENT-SWPP,402.0,456.0,,40.0,,False,
2025-05-18T03:00:00.000Z,USA,Southwest Power Pool,US-CENT-SWPP,342.0,388.0,,50.0,,False,
2025-05-18T04:00:00.000Z,USA,Southwest Power Pool,US-CENT-SWPP,305.0,347.0,,55.0,,False,
2025-05-18T05:00:00.000Z,USA,Southwest Power Pool,US-CENT-SWPP,273.0,311.0,,59.0,,False,
2025-05-18T06:00:00.000Z,USA,Southwest Power Pool,US-CENT-SWPP,258.0,297.0,,60.0,,False,
2025-05-18T07:00:00.000Z,USA,Southwest Power Pool,US-CENT-SWPP,215.0,250.0,,65.0,,False,
2025-05-18T08:00:00.000Z,USA,Southwest Power Pool,US-CENT-SWPP,194.0,228.0,,67.0,,False,
2025-05-18T09:00:00.000Z,USA,Southwest Power Pool,US-CENT-SWPP,181.0,214.0,,69.0,,False,
2025-05-18T10:00:00.000Z,USA,Southwest Power Pool,US-CENT-SWPP,176.0,208.0,,70.0,,False,
2025-05-18T11:00:00.000Z,USA,Southwest Power Pool,US-CENT-SWPP,180.0,212.0,,69.0,,False,
2025-05-18T12:00:00.000Z,USA,Southwest Power Pool,US-CENT-SWPP,209.0,244.0,,65.0,,False,
2025-05-18T13:00:00.000Z,USA,Southwest Power Pool,US-CENT-SWPP,238.0,275.0,,62.0,,False,
2025-05-18T14:00:00.000Z,USA,Southwest Power Pool,US-CENT-SWPP,228.0,266.0,,63.0,,False,
2025-05-18T15:00:00.000Z,USA,Southwest Power Pool,US-CENT-SWPP,201.0,238.0,,66.0,,False,
2025-05-18T16:00:00.000Z,USA,Southwest Power Pool,US-CENT-SWPP,187.0,223.0,,67.0,,False,
2025-05-18T17:00:00.000Z,USA,Southwest Power Pool,US-CENT-SWPP,189.0,225.0,,67.0,,False,
2025-05-18T18:00:00.000Z,USA,Southwest Power Pool,US-CENT-SWPP,189.0,225.0,,67.0,,False,
2025-05-18T19:00:00.000Z,USA,Southwest Power Pool,US-CENT-SWPP,184.0,220.0,,68.0,,False,
2025-05-18T20:00:00.000Z,USA,Southwest Power Pool,US-CENT-SWPP,185.0,221.0,,68.0,,False,
2025-05-18T21:00:00.000Z,USA,Southwest Power Pool,US-CENT-SWPP,186.0,222.0,,68.0,,False,
2025-05-18T22:00:00.000Z,USA,Southwest Power Pool,US-CENT-SWPP,183.0,219.0,,68.0,,False,
2025-05-18T23:00:00.000Z,USA,Southwest Power Pool,US-CENT-SWPP,183.0,219.0,,68.0,,False,
2025-05-19T00:00:00.000Z,USA,Southwest Power Pool,US-CENT-SWPP,184.0,220.0,,68.0,,False,
2025-05-19T01:00:00.000Z,USA,Southwest Power Pool,US-CENT-SWPP,191.0,227.0,,67.0,,False,
2025-05-19T02:00:00.000Z,USA,Southwest Power Pool,US-CENT-SWPP,193.0,229.0,,67.0,,False,
2025-05-19T03:00:00.000Z,USA,Southwest Power Pool,US-CENT-SWPP,195.0,231.0,,67.0,,False,
2025-05-19T04:00:00.000Z,USA,Southwest Power Pool,US-CENT-SWPP,198.0,234.0,,66.0,,False,
2025-05-19T05:00:00.000Z,USA,Southwest Power Pool,US-CENT-SWPP,183.0,215.0,,68.0,,False,
2025-05-19T06:00:00.000Z,USA,Southwest Power Pool,US-CENT-SWPP,178.0,210.0,,69.0,,False,
2025-05-19T07:00:00.000Z,USA,Southwest Power Pool,US-CENT-SWPP,183.0,215.0,,68.0,,False,
2025-05-19T08:00:00.000Z,USA,Southwest Power Pool,US-CENT-SWPP,189.0,223.0,,67.0,,False,
2025-05-19T09:00:00.000Z,USA,Southwest Power Pool,US-CENT-SWPP,191.0,225.0,,67.0,,False,
2025-05-19T10:00:00.000Z,USA,Southwest Power Pool,US-CENT-SWPP,191.0,225.0,,67.0,,False,
2025-05-19T11:00:00.000Z,USA,Southwest Power Pool,US-CENT-SWPP,189.0,222.0,,67.0,,False,
2025-05-19T12:00:00.000Z,USA,Southwest Power Pool,US-CENT-SWPP,202.0,237.0,,66.0,,False,
2025-05-19T13:00:00.000Z,USA,Southwest Power Pool,US-CENT-SWPP,229.0,268.0,,62.0,,False,
2025-05-19T14:00:00.000Z,USA,Southwest Power Pool,US-CENT-SWPP,249.0,290.0,,60.0,,False,
2025-05-19T15:00:00.000Z,USA,Southwest Power Pool,US-CENT-SWPP,269.0,312.0,,57.0,,False,
2025-05-19T16:00:00.000Z,USA,Southwest Power Pool,US-CENT-SWPP,281.0,327.0,,55.0,,False,
2025-05-19T17:00:00.000Z,USA,Southwest Power Pool,US-CENT-SWPP,277.0,323.0,,55.0,,False,
2025-05-19T18:00:00.000Z,USA,Southwest Power Pool,US-CENT-SWPP,276.0,323.0,,55.0,,False,
2025-05-19T19:00:00.000Z,USA,Southwest Power Pool,US-CENT-SWPP,293.0,341.0,,52.0,,False,
2025-05-19T20:00:00.000Z,USA,Southwest Power Pool,US-CENT-SWPP,306.0,355.0,,51.0,,False,
2025-05-19T21:00:00.000Z,USA,Southwest Power Pool,US-CENT-SWPP,302.0,351.0,,52.0,,False,
2025-05-19T22:00:00.000Z,USA,Southwest Power Pool,US-CENT-SWPP,298.0,345.0,,53.0,,False,
2025-05-19T23:00:00.000Z,USA,Southwest Power Pool,US-CENT-SWPP,296.0,341.0,,54.0,,False,
2025-05-20T00:00:00.000Z,USA,Southwest Power Pool,US-CENT-SWPP,292.0,336.0,,55.0,,False,
2025-05-20T01:00:00.000Z,USA,Southwest Power Pool,US-CENT-SWPP,293.0,337.0,,55.0,,False,
2025-05-20T02:00:00.000Z,USA,Southwest Power Pool,US-CENT-SWPP,297.0,341.0,,55.0,,False,
2025-05-20T03:00:00.000Z,USA,Southwest Power Pool,US-CENT-SWPP,292.0,335.0,,55.0,,False,
2025-05-20T04:00:00.000Z,USA,Southwest Power Pool,US-CENT-SWPP,274.0,314.0,,57.0,,False,
2025-05-20T05:00:00.000Z,USA,Southwest Power Pool,US-CENT-SWPP,249.0,287.0,,60.0,,False,
2025-05-20T06:00:00.000Z,USA,Southwest Power Pool,US-CENT-SWPP,227.0,263.0,,62.0,,False,
2025-05-20T07:00:00.000Z,USA,Southwest Power Pool,US-CENT-SWPP,222.0,257.0,,63.0,,False,
2025-05-20T08:00:00.000Z,USA,Southwest Power Pool,US-CENT-SWPP,223.0,258.0,,63.0,,False,
2025-05-20T09:00:00.000Z,USA,Southwest Power Pool,US-CENT-SWPP,222.0,257.0,,63.0,,False,
2025-05-20T10:00:00.000Z,USA,Southwest Power Pool,US-CENT-SWPP,216.0,251.0,,64.0,,False,
2025-05-20T11:00:00.000Z,USA,Southwest Power Pool,US-CENT-SWPP,209.0,244.0,,65.0,,False,
2025-05-20T12:00:00.000Z,USA,Southwest Power Pool,US-CENT-SWPP,205.0,240.0,,65.0,,False,
2025-05-20T13:00:00.000Z,USA,Southwest Power Pool,US-CENT-SWPP,209.0,246.0,,64.0,,False,
2025-05-20T14:00:00.000Z,USA,Southwest Power Pool,US-CENT-SWPP,208.0,245.0,,64.0,,False,
2025-05-20T15:00:00.000Z,USA,Southwest Power Pool,US-CENT-SWPP,212.0,251.0,,63.0,,False,
2025-05-20T16:00:00.000Z,USA,Southwest Power Pool,US-CENT-SWPP,213.0,252.0,,63.0,,False,
2025-05-20T17:00:00.000Z,USA,Southwest Power Pool,US-CENT-SWPP,215.0,254.0,,63.0,,False,
2025-05-20T18:00:00.000Z,USA,Southwest Power Pool,US-CENT-SWPP,211.0,250.0,,63.0,,False,
2025-05-20T19:00:00.000Z,USA,Southwest Power Pool,US-CENT-SWPP,220.0,261.0,,62.0,,False,
2025-05-20T20:00:00.000Z,USA,Southwest Power Pool,US-CENT-SWPP,229.0,272.0,,60.0,,False,
2025-05-20T21:00:00.000Z,USA,Southwest Power Pool,US-CENT-SWPP,235.0,279.0,,59.0,,False,
2025-05-20T22:00:00.000Z,USA,Southwest Power Pool,US-CENT-SWPP,254.0,302.0,,55.0,,False,
2025-05-20T23:00:00.000Z,USA,Southwest Power Pool,US-CENT-SWPP,303.0,358.0,,48.0,,False,
2025-05-21T00:00:00.000Z,USA,Southwest Power Pool,US-CENT-SWPP,368.0,432.0,,37.0,,False,
2025-05-21T01:00:00.000Z,USA,Southwest Power Pool,US-CENT-SWPP,433.0,504.0,,28.0,,False,
2025-05-21T02:00:00.000Z,USA,Southwest Power Pool,US-CENT-SWPP,441.0,510.0,,29.0,,False,
2025-05-21T03:00:00.000Z,USA,Southwest Power Pool,US-CENT-SWPP,418.0,480.0,,34.0,,False,
2025-05-21T04:00:00.000Z,USA,Southwest Power Pool,US-CENT-SWPP,390.0,445.0,,40.0,,False,
2025-05-21T05:00:00.000Z,USA,Southwest Power Pool,US-CENT-SWPP,350.0,398.0,,46.0,,False,
2025-05-21T06:00:00.000Z,USA,Southwest Power Pool,US-CENT-SWPP,325.0,371.0,,49.0,,False,
2025-05-21T07:00:00.000Z,USA,Southwest Power Pool,US-CENT-SWPP,321.0,368.0,,49.0,,False,
2025-05-21T08:00:00.000Z,USA,Southwest Power Pool,US-CENT-SWPP,326.0,373.0,,49.0,,False,
2025-05-21T09:00:00.000Z,USA,Southwest Power Pool,US-CENT-SWPP,336.0,385.0,,47.0,,False,
2025-05-21T10:00:00.000Z,USA,Southwest Power Pool,US-CENT-SWPP,351.0,402.0,,45.0,,False,
2025-05-21T11:00:00.000Z,USA,Southwest Power Pool,US-CENT-SWPP,367.0,422.0,,42.0,,False,
2025-05-21T12:00:00.000Z,USA,Southwest Power Pool,US-CENT-SWPP,394.0,452.0,,38.0,,False,
2025-05-21T13:00:00.000Z,USA,Southwest Power Pool,US-CENT-SWPP,430.0,493.0,,33.0,,False,
2025-05-21T14:00:00.000Z,USA,Southwest Power Pool,US-CENT-SWPP,430.0,493.0,,33.0,,False,
2025-05-21T15:00:00.000Z,USA,Southwest Power Pool,US-CENT-SWPP,442.0,506.0,,32.0,,False,
2025-05-21T16:00:00.000Z,USA,Southwest Power Pool,US-CENT-SWPP,425.0,487.0,,34.0,,False,
2025-05-21T17:00:00.000Z,USA,Southwest Power Pool,US-CENT-SWPP,425.0,486.0,,35.0,,False,
2025-05-21T18:00:00.000Z,USA,Southwest Power Pool,US-CENT-SWPP,421.0,482.0,,36.0,,False,
2025-05-21T19:00:00.000Z,USA,Southwest Power Pool,US-CENT-SWPP,424.0,486.0,,35.0,,False,
2025-05-21T20:00:00.000Z,USA,Southwest Power Pool,US-CENT-SWPP,432.0,496.0,,34.0,,False,
2025-05-21T21:00:00.000Z,USA,Southwest Power Pool,US-CENT-SWPP,444.0,509.0,,32.0,,False,
2025-05-21T22:00:00.000Z,USA,Southwest Power Pool,US-CENT-SWPP,450.0,517.0,,30.0,,False,
2025-05-21T23:00:00.000Z,USA,Southwest Power Pool,US-CENT-SWPP,467.0,537.0,,27.0,,False,
2025-05-22T00:00:00.000Z,USA,Southwest Power Pool,US-CENT-SWPP,473.0,543.0,,27.0,,False,
2025-05-22T01:00:00.000Z,USA,Southwest Power Pool,US-CENT-SWPP,460.0,526.0,,30.0,,False,
2025-05-22T02:00:00.000Z,USA,Southwest Power Pool,US-CENT-SWPP,413.0,471.0,,38.0,,False,
2025-05-22T03:00:00.000Z,USA,Southwest Power Pool,US-CENT-SWPP,370.0,420.0,,45.0,,False,
2025-05-22T04:00:00.000Z,USA,Southwest Power Pool,US-CENT-SWPP,338.0,384.0,,50.0,,False,
2025-05-22T05:00:00.000Z,USA,Southwest Power Pool,US-CENT-SWPP,343.0,388.0,,49.0,,False,
2025-05-22T06:00:00.000Z,USA,Southwest Power Pool,US-CENT-SWPP,348.0,393.0,,49.0,,False,
2025-05-22T07:00:00.000Z,USA,Southwest Power Pool,US-CENT-SWPP,338.0,382.0,,50.0,,False,
2025-05-22T08:00:00.000Z,USA,Southwest Power Pool,US-CENT-SWPP,335.0,379.0,,50.0,,False,
2025-05-22T09:00:00.000Z,USA,Southwest Power Pool,US-CENT-SWPP,342.0,387.0,,49.0,,False,
2025-05-22T10:00:00.000Z,USA,Southwest Power Pool,US-CENT-SWPP,358.0,405.0,,47.0,,False,
2025-05-22T11:00:00.000Z,USA,Southwest Power Pool,US-CENT-SWPP,368.0,418.0,,45.0,,False,
2025-05-22T12:00:00.000Z,USA,Southwest Power Pool,US-CENT-SWPP,389.0,443.0,,41.0,,False,
2025-05-22T13:00:00.000Z,USA,Southwest Power Pool,US-CENT-SWPP,440.0,500.0,,34.0,,False,
2025-05-22T14:00:00.000Z,USA,Southwest Power Pool,US-CENT-SWPP,454.0,516.0,,32.0,,False,
2025-05-22T15:00:00.000Z,USA,Southwest Power Pool,US-CENT-SWPP,443.0,503.0,,34.0,,False,
2025-05-22T16:00:00.000Z,USA,Southwest Power Pool,US-CENT-SWPP,430.0,489.0,,36.0,,False,
2025-05-22T17:00:00.000Z,USA,Southwest Power Pool,US-CENT-SWPP,425.0,483.0,,37.0,,False,
2025-05-22T18:00:00.000Z,USA,Southwest Power Pool,US-CENT-SWPP,424.0,482.0,,38.0,,False,
2025-05-22T19:00:00.000Z,USA,Southwest Power Pool,US-CENT-SWPP,416.0,473.0,,39.0,,False,
2025-05-22T20:00:00.000Z,USA,Southwest Power Pool,US-CENT-SWPP,405.0,461.0,,40.0,,False,
2025-05-22T21:00:00.000Z,USA,Southwest Power Pool,US-CENT-SWPP,411.0,468.0,,40.0,,False,
2025-05-22T22:00:00.000Z,USA,Southwest Power Pool,US-CENT-SWPP,421.0,479.0,,38.0,,False,
2025-05-22T23:00:00.000Z,USA,Southwest Power Pool,US-CENT-SWPP,435.0,493.0,,37.0,,False,
2025-05-23T00:00:00.000Z,USA,Southwest Power Pool,US-CENT-SWPP,442.0,500.0,,36.0,,False,
2025-05-23T01:00:00.000Z,USA,Southwest Power Pool,US-CENT-SWPP,440.0,497.0,,37.0,,False,
2025-05-23T02:00:00.000Z,USA,Southwest Power Pool,US-CENT-SWPP,405.0,457.0,,42.0,,False,
2025-05-23T03:00:00.000Z,USA,Southwest Power Pool,US-CENT-SWPP,372.0,418.0,,48.0,,False,
2025-05-23T04:00:00.000Z,USA,Southwest Power Pool,US-CENT-SWPP,337.0,379.0,,52.0,,False,
2025-05-23T05:00:00.000Z,USA,Southwest Power Pool,US-CENT-SWPP,339.0,381.0,,52.0,,False,
2025-05-23T06:00:00.000Z,USA,Southwest Power Pool,US-CENT-SWPP,344.0,385.0,,52.0,,False,
2025-05-23T07:00:00.000Z,USA,Southwest Power Pool,US-CENT-SWPP,323.0,363.0,,54.0,,False,
2025-05-23T08:00:00.000Z,USA,Southwest Power Pool,US-CENT-SWPP,355.0,396.0,,51.0,,False,
2025-05-23T09:00:00.000Z,USA,Southwest Power Pool,US-CENT-SWPP,375.0,419.0,,48.0,,False,
2025-05-23T10:00:00.000Z,USA,Southwest Power Pool,US-CENT-SWPP,401.0,447.0,,45.0,,False,
2025-05-23T11:00:00.000Z,USA,Southwest Power Pool,US-CENT-SWPP,397.0,443.0,,45.0,,False,
2025-05-23T12:00:00.000Z,USA,Southwest Power Pool,US-CENT-SWPP,377.0,424.0,,47.0,,False,
2025-05-23T13:00:00.000Z,USA,Southwest Power Pool,US-CENT-SWPP,381.0,429.0,,46.0,,False,
2025-05-23T14:00:00.000Z,USA,Southwest Power Pool,US-CENT-SWPP,391.0,441.0,,45.0,,False,
2025-05-23T15:00:00.000Z,USA,Southwest Power Pool,US-CENT-SWPP,383.0,433.0,,45.0,,False,
2025-05-23T16:00:00.000Z,USA,Southwest Power Pool,US-CENT-SWPP,365.0,416.0,,46.0,,False,
2025-05-23T17:00:00.000Z,USA,Southwest Power Pool,US-CENT-SWPP,343.0,392.0,,48.0,,False,
2025-05-23T18:00:00.000Z,USA,Southwest Power Pool,US-CENT-SWPP,325.0,373.0,,51.0,,False,
2025-05-23T19:00:00.000Z,USA,Southwest Power Pool,US-CENT-SWPP,324.0,372.0,,51.0,,False,
2025-05-23T20:00:00.000Z,USA,Southwest Power Pool,US-CENT-SWPP,312.0,358.0,,53.0,,False,
2025-05-23T21:00:00.000Z,USA,Southwest Power Pool,US-CENT-SWPP,324.0,370.0,,52.0,,False,
2025-05-23T22:00:00.000Z,USA,Southwest Power Pool,US-CENT-SWPP,331.0,378.0,,51.0,,False,
2025-05-23T23:00:00.000Z,USA,Southwest Power Pool,US-CENT-SWPP,330.0,376.0,,51.0,,False,
2025-05-24T00:00:00.000Z,USA,Southwest Power Pool,US-CENT-SWPP,342.0,390.0,,49.0,,False,
2025-05-24T01:00:00.000Z,USA,Southwest Power Pool,US-CENT-SWPP,334.0,381.0,,50.0,,False,
2025-05-24T02:00:00.000Z,USA,Southwest Power Pool,US-CENT-SWPP,292.0,336.0,,55.0,,False,
2025-05-24T03:00:00.000Z,USA,Southwest Power Pool,US-CENT-SWPP,294.0,336.0,,56.0,,False,
2025-05-24T04:00:00.000Z,USA,Southwest Power Pool,US-CENT-SWPP,295.0,335.0,,57.0,,False,
2025-05-24T05:00:00.000Z,USA,Southwest Power Pool,US-CENT-SWPP,279.0,316.0,,59.0,,False,
2025-05-24T06:00:00.000Z,USA,Southwest Power Pool,US-CENT-SWPP,270.0,307.0,,60.0,,False,
2025-05-24T07:00:00.000Z,USA,Southwest Power Pool,US-CENT-SWPP,263.0,299.0,,60.0,,False,
2025-05-24T08:00:00.000Z,USA,Southwest Power Pool,US-CENT-SWPP,267.0,304.0,,59.0,,False,
2025-05-24T09:00:00.000Z,USA,Southwest Power Pool,US-CENT-SWPP,262.0,298.0,,60.0,,False,
2025-05-24T10:00:00.000Z,USA,Southwest Power Pool,US-CENT-SWPP,277.0,315.0,,58.0,,False,
2025-05-24T11:00:00.000Z,USA,Southwest Power Pool,US-CENT-SWPP,286.0,325.0,,57.0,,False,
2025-05-24T12:00:00.000Z,USA,Southwest Power Pool,US-CENT-SWPP,275.0,313.0,,58.0,,False,
2025-05-24T13:00:00.000Z,USA,Southwest Power Pool,US-CENT-SWPP,279.0,320.0,,57.0,,False,
2025-05-24T14:00:00.000Z,USA,Southwest Power Pool,US-CENT-SWPP,299.0,343.0,,53.0,,False,
2025-05-24T15:00:00.000Z,USA,Southwest Power Pool,US-CENT-SWPP,324.0,371.0,,50.0,,False,
2025-05-24T16:00:00.000Z,USA,Southwest Power Pool,US-CENT-SWPP,356.0,405.0,,47.0,,False,
2025-05-24T17:00:00.000Z,USA,Southwest Power Pool,US-CENT-SWPP,363.0,414.0,,45.0,,False,
2025-05-24T18:00:00.000Z,USA,Southwest Power Pool,US-CENT-SWPP,375.0,426.0,,44.0,,False,
2025-05-24T19:00:00.000Z,USA,Southwest Power Pool,US-CENT-SWPP,392.0,445.0,,42.0,,False,
2025-05-24T20:00:00.000Z,USA,Southwest Power Pool,US-CENT-SWPP,403.0,459.0,,41.0,,False,
2025-05-24T21:00:00.000Z,USA,Southwest Power Pool,US-CENT-SWPP,408.0,464.0,,40.0,,False,
2025-05-24T22:00:00.000Z,USA,Southwest Power Pool,US-CENT-SWPP,400.0,454.0,,41.0,,False,
2025-05-24T23:00:00.000Z,USA,Southwest Power Pool,US-CENT-SWPP,401.0,454.0,,42.0,,False,
2025-05-25T00:00:00.000Z,USA,Southwest Power Pool,US-CENT-SWPP,399.0,451.0,,43.0,,False,
2025-05-25T01:00:00.000Z,USA,Southwest Power Pool,US-CENT-SWPP,388.0,439.0,,44.0,,False,
2025-05-25T02:00:00.000Z,USA,Southwest Power Pool,US-CENT-SWPP,363.0,411.0,,47.0,,False,
2025-05-25T03:00:00.000Z,USA,Southwest Power Pool,US-CENT-SWPP,346.0,392.0,,49.0,,False,
2025-05-25T04:00:00.000Z,USA,Southwest Power Pool,US-CENT-SWPP,318.0,362.0,,52.0,,False,
2025-05-25T05:00:00.000Z,USA,Southwest Power Pool,US-CENT-SWPP,308.0,350.0,,54.0,,False,
2025-05-25T06:00:00.000Z,USA,Southwest Power Pool,US-CENT-SWPP,324.0,367.0,,52.0,,False,
2025-05-25T07:00:00.000Z,USA,Southwest Power Pool,US-CENT-SWPP,316.0,358.0,,53.0,,False,
2025-05-25T08:00:00.000Z,USA,Southwest Power Pool,US-CENT-SWPP,299.0,340.0,,54.0,,False,
2025-05-25T09:00:00.000Z,USA,Southwest Power Pool,US-CENT-SWPP,307.0,350.0,,53.0,,False,
2025-05-25T10:00:00.000Z,USA,Southwest Power Pool,US-CENT-SWPP,288.0,328.0,,55.0,,False,
2025-05-25T11:00:00.000Z,USA,Southwest Power Pool,US-CENT-SWPP,267.0,306.0,,58.0,,False,
2025-05-25T12:00:00.000Z,USA,Southwest Power Pool,US-CENT-SWPP,264.0,303.0,,59.0,,False,
2025-05-25T13:00:00.000Z,USA,Southwest Power Pool,US-CENT-SWPP,294.0,335.0,,55.0,,False,
2025-05-25T14:00:00.000Z,USA,Southwest Power Pool,US-CENT-SWPP,303.0,347.0,,54.0,,False,
2025-05-25T15:00:00.000Z,USA,Southwest Power Pool,US-CENT-SWPP,312.0,357.0,,52.0,,False,
2025-05-25T16:00:00.000Z,USA,Southwest Power Pool,US-CENT-SWPP,303.0,350.0,,52.0,,False,
2025-05-25T17:00:00.000Z,USA,Southwest Power Pool,US-CENT-SWPP,309.0,358.0,,50.0,,False,
2025-05-25T18:00:00.000Z,USA,Southwest Power Pool,US-CENT-SWPP,342.0,395.0,,45.0,,False,
2025-05-25T19:00:00.000Z,USA,Southwest Power Pool,US-CENT-SWPP,375.0,431.0,,42.0,,False,
2025-05-25T20:00:00.000Z,USA,Southwest Power Pool,US-CENT-SWPP,359.0,414.0,,43.0,,False,
2025-05-25T21:00:00.000Z,USA,Southwest Power Pool,US-CENT-SWPP,360.0,414.0,,43.0,,False,
2025-05-25T22:00:00.000Z,USA,Southwest Power Pool,US-CENT-SWPP,345.0,398.0,,45.0,,False,
2025-05-25T23:00:00.000Z,USA,Southwest Power Pool,US-CENT-SWPP,321.0,371.0,,49.0,,False,
2025-05-26T00:00:00.000Z,USA,Southwest Power Pool,US-CENT-SWPP,309.0,356.0,,51.0,,False,
2025-05-26T01:00:00.000Z,USA,Southwest Power Pool,US-CENT-SWPP,298.0,344.0,,53.0,,False,
2025-05-26T02:00:00.000Z,USA,Southwest Power Pool,US-CENT-SWPP,285.0,327.0,,55.0,,False,
2025-05-26T03:00:00.000Z,USA,Southwest Power Pool,US-CENT-SWPP,287.0,327.0,,56.0,,False,
2025-05-26T04:00:00.000Z,USA,Southwest Power Pool,US-CENT-SWPP,279.0,318.0,,57.0,,False,
2025-05-26T05:00:00.000Z,USA,Southwest Power Pool,US-CENT-SWPP,273.0,311.0,,58.0,,False,
2025-05-26T06:00:00.000Z,USA,Southwest Power Pool,US-CENT-SWPP,286.0,327.0,,55.0,,False,
2025-05-26T07:00:00.000Z,USA,Southwest Power Pool,US-CENT-SWPP,294.0,336.0,,54.0,,False,
2025-05-26T08:00:00.000Z,USA,Southwest Power Pool,US-CENT-SWPP,298.0,339.0,,54.0,,False,
2025-05-26T09:00:00.000Z,USA,Southwest Power Pool,US-CENT-SWPP,314.0,357.0,,51.0,,False,
2025-05-26T10:00:00.000Z,USA,Southwest Power Pool,US-CENT-SWPP,372.0,421.0,,44.0,,False,
2025-05-26T11:00:00.000Z,USA,Southwest Power Pool,US-CENT-SWPP,374.0,423.0,,44.0,,False,
2025-05-26T12:00:00.000Z,USA,Southwest Power Pool,US-CENT-SWPP,412.0,467.0,,38.0,,False,
2025-05-26T13:00:00.000Z,USA,Southwest Power Pool,US-CENT-SWPP,464.0,525.0,,31.0,,False,
2025-05-26T14:00:00.000Z,USA,Southwest Power Pool,US-CENT-SWPP,471.0,533.0,,30.0,,False,
2025-05-26T15:00:00.000Z,USA,Southwest Power Pool,US-CENT-SWPP,453.0,515.0,,32.0,,False,
2025-05-26T16:00:00.000Z,USA,Southwest Power Pool,US-CENT-SWPP,423.0,483.0,,34.0,,False,
2025-05-26T17:00:00.000Z,USA,Southwest Power Pool,US-CENT-SWPP,393.0,453.0,,36.0,,False,
2025-05-26T18:00:00.000Z,USA,Southwest Power Pool,US-CENT-SWPP,423.0,486.0,,33.0,,False,
2025-05-26T19:00:00.000Z,USA,Southwest Power Pool,US-CENT-SWPP,435.0,498.0,,32.0,,False,
2025-05-26T20:00:00.000Z,USA,Southwest Power Pool,US-CENT-SWPP,453.0,517.0,,30.0,,False,
2025-05-26T21:00:00.000Z,USA,Southwest Power Pool,US-CENT-SWPP,460.0,525.0,,29.0,,False,
2025-05-26T22:00:00.000Z,USA,Southwest Power Pool,US-CENT-SWPP,442.0,504.0,,32.0,,False,
2025-05-26T23:00:00.000Z,USA,Southwest Power Pool,US-CENT-SWPP,436.0,496.0,,34.0,,False,
2025-05-27T00:00:00.000Z,USA,Southwest Power Pool,US-CENT-SWPP,445.0,506.0,,34.0,,False,
2025-05-27T01:00:00.000Z,USA,Southwest Power Pool,US-CENT-SWPP,458.0,519.0,,32.0,,False,
2025-05-27T02:00:00.000Z,USA,Southwest Power Pool,US-CENT-SWPP,458.0,518.0,,33.0,,False,
2025-05-27T03:00:00.000Z,USA,Southwest Power Pool,US-CENT-SWPP,459.0,518.0,,33.0,,False,
2025-05-27T04:00:00.000Z,USA,Southwest Power Pool,US-CENT-SWPP,453.0,511.0,,34.0,,False,
2025-05-27T05:00:00.000Z,USA,Southwest Power Pool,US-CENT-SWPP,480.0,540.0,,30.0,,False,
2025-05-27T06:00:00.000Z,USA,Southwest Power Pool,US-CENT-SWPP,503.0,566.0,,27.0,,False,
2025-05-27T07:00:00.000Z,USA,Southwest Power Pool,US-CENT-SWPP,538.0,604.0,,22.0,,False,
2025-05-27T08:00:00.000Z,USA,Southwest Power Pool,US-CENT-SWPP,550.0,617.0,,21.0,,False,
2025-05-27T09:00:00.000Z,USA,Southwest Power Pool,US-CENT-SWPP,574.0,644.0,,17.0,,False,
2025-05-27T10:00:00.000Z,USA,Southwest Power Pool,US-CENT-SWPP,577.0,650.0,,15.0,,False,
2025-05-27T11:00:00.000Z,USA,Southwest Power Pool,US-CENT-SWPP,554.0,627.0,,17.0,,False,
2025-05-27T12:00:00.000Z,USA,Southwest Power Pool,US-CENT-SWPP,551.0,625.0,,17.0,,False,
2025-05-27T13:00:00.000Z,USA,Southwest Power Pool,US-CENT-SWPP,559.0,635.0,,16.0,,False,
2025-05-27T14:00:00.000Z,USA,Southwest Power Pool,US-CENT-SWPP,560.0,636.0,,16.0,,False,
2025-05-27T15:00:00.000Z,USA,Southwest Power Pool,US-CENT-SWPP,552.0,628.0,,17.0,,False,
2025-05-27T16:00:00.000Z,USA,Southwest Power Pool,US-CENT-SWPP,553.0,629.0,,17.0,,False,
2025-05-27T17:00:00.000Z,USA,Southwest Power Pool,US-CENT-SWPP,554.0,631.0,,16.0,,False,
2025-05-27T18:00:00.000Z,USA,Southwest Power Pool,US-CENT-SWPP,550.0,627.0,,16.0,,False,
2025-05-27T19:00:00.000Z,USA,Southwest Power Pool,US-CENT-SWPP,551.0,629.0,,16.0,,False,
2025-05-27T20:00:00.000Z,USA,Southwest Power Pool,US-CENT-SWPP,554.0,633.0,,15.0,,False,
2025-05-27T21:00:00.000Z,USA,Southwest Power Pool,US-CENT-SWPP,559.0,639.0,,14.0,,False,
2025-05-27T22:00:00.000Z,USA,Southwest Power Pool,US-CENT-SWPP,558.0,637.0,,15.0,,False,
2025-05-27T23:00:00.000Z,USA,Southwest Power Pool,US-CENT-SWPP,553.0,632.0,,16.0,,False,
2025-05-28T00:00:00.000Z,USA,Southwest Power Pool,US-CENT-SWPP,554.0,632.0,,16.0,,False,
2025-05-28T01:00:00.000Z,USA,Southwest Power Pool,US-CENT-SWPP,549.0,625.0,,17.0,,False,
2025-05-28T02:00:00.000Z,USA,Southwest Power Pool,US-CENT-SWPP,534.0,607.0,,20.0,,False,
2025-05-28T03:00:00.000Z,USA,Southwest Power Pool,US-CENT-SWPP,525.0,594.0,,23.0,,False,
2025-05-28T04:00:00.000Z,USA,Southwest Power Pool,US-CENT-SWPP,511.0,577.0,,26.0,,False,
2025-05-28T05:00:00.000Z,USA,Southwest Power Pool,US-CENT-SWPP,511.0,576.0,,25.0,,False,
2025-05-28T06:00:00.000Z,USA,Southwest Power Pool,US-CENT-SWPP,512.0,577.0,,25.0,,False,
2025-05-28T07:00:00.000Z,USA,Southwest Power Pool,US-CENT-SWPP,533.0,600.0,,22.0,,False,
2025-05-28T08:00:00.000Z,USA,Southwest Power Pool,US-CENT-SWPP,541.0,609.0,,21.0,,False,
2025-05-28T09:00:00.000Z,USA,Southwest Power Pool,US-CENT-SWPP,526.0,593.0,,22.0,,False,
2025-05-28T10:00:00.000Z,USA,Southwest Power Pool,US-CENT-SWPP,539.0,610.0,,19.0,,False,
2025-05-28T11:00:00.000Z,USA,Southwest Power Pool,US-CENT-SWPP,556.0,629.0,,17.0,,False,
2025-05-28T12:00:00.000Z,USA,Southwest Power Pool,US-CENT-SWPP,558.0,633.0,,17.0,,False,
2025-05-28T13:00:00.000Z,USA,Southwest Power Pool,US-CENT-SWPP,568.0,645.0,,15.0,,False,
2025-05-28T14:00:00.000Z,USA,Southwest Power Pool,US-CENT-SWPP,560.0,635.0,,17.0,,False,
2025-05-28T15:00:00.000Z,USA,Southwest Power Pool,US-CENT-SWPP,545.0,618.0,,19.0,,False,
2025-05-28T16:00:00.000Z,USA,Southwest Power Pool,US-CENT-SWPP,527.0,598.0,,22.0,,False,
2025-05-28T17:00:00.000Z,USA,Southwest Power Pool,US-CENT-SWPP,519.0,588.0,,24.0,,False,
2025-05-28T18:00:00.000Z,USA,Southwest Power Pool,US-CENT-SWPP,501.0,567.0,,27.0,,False,
2025-05-28T19:00:00.000Z,USA,Southwest Power Pool,US-CENT-SWPP,485.0,549.0,,29.0,,False,
2025-05-28T20:00:00.000Z,USA,Southwest Power Pool,US-CENT-SWPP,462.0,524.0,,32.0,,False,
2025-05-28T21:00:00.000Z,USA,Southwest Power Pool,US-CENT-SWPP,423.0,480.0,,38.0,,False,
2025-05-28T22:00:00.000Z,USA,Southwest Power Pool,US-CENT-SWPP,398.0,452.0,,42.0,,False,
2025-05-28T23:00:00.000Z,USA,Southwest Power Pool,US-CENT-SWPP,375.0,427.0,,45.0,,False,
2025-05-29T00:00:00.000Z,USA,Southwest Power Pool,US-CENT-SWPP,359.0,410.0,,46.0,,False,
2025-05-29T01:00:00.000Z,USA,Southwest Power Pool,US-CENT-SWPP,358.0,411.0,,45.0,,False,
2025-05-29T02:00:00.000Z,USA,Southwest Power Pool,US-CENT-SWPP,348.0,401.0,,45.0,,False,
2025-05-29T03:00:00.000Z,USA,Southwest Power Pool,US-CENT-SWPP,345.0,395.0,,47.0,,False,
2025-05-29T04:00:00.000Z,USA,Southwest Power Pool,US-CENT-SWPP,379.0,430.0,,44.0,,False,
2025-05-29T05:00:00.000Z,USA,Southwest Power Pool,US-CENT-SWPP,393.0,444.0,,42.0,,False,
2025-05-29T06:00:00.000Z,USA,Southwest Power Pool,US-CENT-SWPP,434.0,489.0,,37.0,,False,
2025-05-29T07:00:00.000Z,USA,Southwest Power Pool,US-CENT-SWPP,467.0,525.0,,33.0,,False,
2025-05-29T08:00:00.000Z,USA,Southwest Power Pool,US-CENT-SWPP,488.0,549.0,,30.0,,False,
2025-05-29T09:00:00.000Z,USA,Southwest Power Pool,US-CENT-SWPP,498.0,561.0,,27.0,,False,
2025-05-29T10:00:00.000Z,USA,Southwest Power Pool,US-CENT-SWPP,481.0,543.0,,29.0,,False,
2025-05-29T11:00:00.000Z,USA,Southwest Power Pool,US-CENT-SWPP,456.0,517.0,,32.0,,False,
2025-05-29T12:00:00.000Z,USA,Southwest Power Pool,US-CENT-SWPP,442.0,502.0,,33.0,,False,
2025-05-29T13:00:00.000Z,USA,Southwest Power Pool,US-CENT-SWPP,432.0,493.0,,34.0,,False,
2025-05-29T14:00:00.000Z,USA,Southwest Power Pool,US-CENT-SWPP,426.0,485.0,,35.0,,False,
2025-05-29T15:00:00.000Z,USA,Southwest Power Pool,US-CENT-SWPP,439.0,500.0,,34.0,,False,
2025-05-29T16:00:00.000Z,USA,Southwest Power Pool,US-CENT-SWPP,456.0,517.0,,32.0,,False,
2025-05-29T17:00:00.000Z,USA,Southwest Power Pool,US-CENT-SWPP,460.0,521.0,,32.0,,False,
2025-05-29T18:00:00.000Z,USA,Southwest Power Pool,US-CENT-SWPP,462.0,523.0,,32.0,,False,
2025-05-29T19:00:00.000Z,USA,Southwest Power Pool,US-CENT-SWPP,471.0,533.0,,31.0,,False,
2025-05-29T20:00:00.000Z,USA,Southwest Power Pool,US-CENT-SWPP,475.0,537.0,,31.0,,False,
2025-05-29T21:00:00.000Z,USA,Southwest Power Pool,US-CENT-SWPP,488.0,552.0,,29.0,,False,
2025-05-29T22:00:00.000Z,USA,Southwest Power Pool,US-CENT-SWPP,504.0,571.0,,26.0,,False,
2025-05-29T23:00:00.000Z,USA,Southwest Power Pool,US-CENT-SWPP,518.0,586.0,,24.0,,False,
2025-05-30T00:00:00.000Z,USA,Southwest Power Pool,US-CENT-SWPP,545.0,616.0,,20.0,,False,
2025-05-30T01:00:00.000Z,USA,Southwest Power Pool,US-CENT-SWPP,544.0,614.0,,21.0,,False,
2025-05-30T02:00:00.000Z,USA,Southwest Power Pool,US-CENT-SWPP,545.0,615.0,,21.0,,False,
2025-05-30T03:00:00.000Z,USA,Southwest Power Pool,US-CENT-SWPP,554.0,623.0,,20.0,,False,
2025-05-30T04:00:00.000Z,USA,Southwest Power Pool,US-CENT-SWPP,557.0,626.0,,20.0,,False,
2025-05-30T05:00:00.000Z,USA,Southwest Power Pool,US-CENT-SWPP,563.0,632.0,,19.0,,False,
2025-05-30T06:00:00.000Z,USA,Southwest Power Pool,US-CENT-SWPP,560.0,627.0,,20.0,,False,
2025-05-30T07:00:00.000Z,USA,Southwest Power Pool,US-CENT-SWPP,552.0,619.0,,20.0,,False,
2025-05-30T08:00:00.000Z,USA,Southwest Power Pool,US-CENT-SWPP,542.0,609.0,,22.0,,False,
2025-05-30T09:00:00.000Z,USA,Southwest Power Pool,US-CENT-SWPP,517.0,579.0,,26.0,,False,
2025-05-30T10:00:00.000Z,USA,Southwest Power Pool,US-CENT-SWPP,495.0,556.0,,29.0,,False,
2025-05-30T11:00:00.000Z,USA,Southwest Power Pool,US-CENT-SWPP,470.0,529.0,,32.0,,False,
2025-05-30T12:00:00.000Z,USA,Southwest Power Pool,US-CENT-SWPP,461.0,521.0,,32.0,,False,
2025-05-30T13:00:00.000Z,USA,Southwest Power Pool,US-CENT-SWPP,511.0,580.0,,24.0,,False,
2025-05-30T14:00:00.000Z,USA,Southwest Power Pool,US-CENT-SWPP,545.0,618.0,,19.0,,False,
2025-05-30T15:00:00.000Z,USA,Southwest Power Pool,US-CENT-SWPP,548.0,621.0,,19.0,,False,
2025-05-30T16:00:00.000Z,USA,Southwest Power Pool,US-CENT-SWPP,561.0,636.0,,17.0,,False,
2025-05-30T17:00:00.000Z,USA,Southwest Power Pool,US-CENT-SWPP,566.0,641.0,,17.0,,False,
2025-05-30T18:00:00.000Z,USA,Southwest Power Pool,US-CENT-SWPP,563.0,639.0,,17.0,,False,
2025-05-30T19:00:00.000Z,USA,Southwest Power Pool,US-CENT-SWPP,563.0,640.0,,16.0,,False,
2025-05-30T20:00:00.000Z,USA,Southwest Power Pool,US-CENT-SWPP,563.0,641.0,,16.0,,False,
2025-05-30T21:00:00.000Z,USA,Southwest Power Pool,US-CENT-SWPP,558.0,635.0,,16.0,,False,
2025-05-30T22:00:00.000Z,USA,Southwest Power Pool,US-CENT-SWPP,558.0,635.0,,16.0,,False,
2025-05-30T23:00:00.000Z,USA,Southwest Power Pool,US-CENT-SWPP,567.0,644.0,,15.0,,False,
2025-05-31T00:00:00.000Z,USA,Southwest Power Pool,US-CENT-SWPP,571.0,649.0,,15.0,,False,
2025-05-31T01:00:00.000Z,USA,Southwest Power Pool,US-CENT-SWPP,565.0,641.0,,16.0,,False,
2025-05-31T02:00:00.000Z,USA,Southwest Power Pool,US-CENT-SWPP,547.0,618.0,,20.0,,False,
2025-05-31T03:00:00.000Z,USA,Southwest Power Pool,US-CENT-SWPP,518.0,583.0,,25.0,,False,
2025-05-31T04:00:00.000Z,USA,Southwest Power Pool,US-CENT-SWPP,483.0,542.0,,31.0,,False,
2025-05-31T05:00:00.000Z,USA,Southwest Power Pool,US-CENT-SWPP,439.0,493.0,,37.0,,False,
2025-05-31T06:00:00.000Z,USA,Southwest Power Pool,US-CENT-SWPP,384.0,431.0,,45.0,,False,
2025-05-31T07:00:00.000Z,USA,Southwest Power Pool,US-CENT-SWPP,338.0,382.0,,50.0,,False,
2025-05-31T08:00:00.000Z,USA,Southwest Power Pool,US-CENT-SWPP,311.0,353.0,,53.0,,False,
2025-05-31T09:00:00.000Z,USA,Southwest Power Pool,US-CENT-SWPP,299.0,341.0,,54.0,,False,
2025-05-31T10:00:00.000Z,USA,Southwest Power Pool,US-CENT-SWPP,289.0,329.0,,55.0,,False,
2025-05-31T11:00:00.000Z,USA,Southwest Power Pool,US-CENT-SWPP,288.0,329.0,,55.0,,False,
2025-05-31T12:00:00.000Z,USA,Southwest Power Pool,US-CENT-SWPP,297.0,340.0,,54.0,,False,
2025-05-31T13:00:00.000Z,USA,Southwest Power Pool,US-CENT-SWPP,338.0,387.0,,47.0,,False,
2025-05-31T14:00:00.000Z,USA,Southwest Power Pool,US-CENT-SWPP,384.0,439.0,,41.0,,False,
2025-05-31T15:00:00.000Z,USA,Southwest Power Pool,US-CENT-SWPP,402.0,458.0,,39.0,,False,
2025-05-31T16:00:00.000Z,USA,Southwest Power Pool,US-CENT-SWPP,425.0,484.0,,36.0,,False,
2025-05-31T17:00:00.000Z,USA,Southwest Power Pool,US-CENT-SWPP,441.0,502.0,,34.0,,False,
2025-05-31T18:00:00.000Z,USA,Southwest Power Pool,US-CENT-SWPP,474.0,539.0,,29.0,,False,
2025-05-31T19:00:00.000Z,USA,Southwest Power Pool,US-CENT-SWPP,504.0,572.0,,25.0,,False,
2025-05-31T20:00:00.000Z,USA,Southwest Power Pool,US-CENT-SWPP,511.0,582.0,,24.0,,False,
2025-05-31T21:00:00.000Z,USA,Southwest Power Pool,US-CENT-SWPP,524.0,596.0,,22.0,,False,
2025-05-31T22:00:00.000Z,USA,Southwest Power Pool,US-CENT-SWPP,534.0,606.0,,21.0,,False,
2025-05-31T23:00:00.000Z,USA,Southwest Power Pool,US-CENT-SWPP,546.0,620.0,,19.0,,False,
2025-06-01T00:00:00.000Z,USA,Southwest Power Pool,US-CENT-SWPP,541.0,614.0,,20.0,,False,
2025-06-01T01:00:00.000Z,USA,Southwest Power Pool,US-CENT-SWPP,507.0,575.0,,25.0,,False,
2025-06-01T02:00:00.000Z,USA,Southwest Power Pool,US-CENT-SWPP,450.0,511.0,,33.0,,False,
2025-06-01T03:00:00.000Z,USA,Southwest Power Pool,US-CENT-SWPP,424.0,481.0,,37.0,,False,
2025-06-01T04:00:00.000Z,USA,Southwest Power Pool,US-CENT-SWPP,410.0,463.0,,40.0,,False,
2025-06-01T05:00:00.000Z,USA,Southwest Power Pool,US-CENT-SWPP,401.0,453.0,,42.0,,False,
2025-06-01T06:00:00.000Z,USA,Southwest Power Pool,US-CENT-SWPP,410.0,463.0,,40.0,,False,
2025-06-01T07:00:00.000Z,USA,Southwest Power Pool,US-CENT-SWPP,401.0,452.0,,41.0,,False,
2025-06-01T08:00:00.000Z,USA,Southwest Power Pool,US-CENT-SWPP,436.0,492.0,,36.0,,False,
2025-06-01T09:00:00.000Z,USA,Southwest Power Pool,US-CENT-SWPP,486.0,547.0,,29.0,,False,
2025-06-01T10:00:00.000Z,USA,Southwest Power Pool,US-CENT-SWPP,512.0,574.0,,27.0,,False,
2025-06-01T11:00:00.000Z,USA,Southwest Power Pool,US-CENT-SWPP,499.0,559.0,,29.0,,False,
2025-06-01T12:00:00.000Z,USA,Southwest Power Pool,US-CENT-SWPP,479.0,539.0,,31.0,,False,
2025-06-01T13:00:00.000Z,USA,Southwest Power Pool,US-CENT-SWPP,507.0,572.0,,26.0,,False,
2025-06-01T14:00:00.000Z,USA,Southwest Power Pool,US-CENT-SWPP,554.0,626.0,,19.0,,False,
2025-06-01T15:00:00.000Z,USA,Southwest Power Pool,US-CENT-SWPP,567.0,640.0,,18.0,,False,
2025-06-01T16:00:00.000Z,USA,Southwest Power Pool,US-CENT-SWPP,578.0,651.0,,17.0,,False,
2025-06-01T17:00:00.000Z,USA,Southwest Power Pool,US-CENT-SWPP,584.0,660.0,,15.0,,False,
2025-06-01T18:00:00.000Z,USA,Southwest Power Pool,US-CENT-SWPP,581.0,658.0,,15.0,,False,
2025-06-01T19:00:00.000Z,USA,Southwest Power Pool,US-CENT-SWPP,583.0,660.0,,15.0,,False,
2025-06-01T20:00:00.000Z,USA,Southwest Power Pool,US-CENT-SWPP,569.0,645.0,,17.0,,False,
2025-06-01T21:00:00.000Z,USA,Southwest Power Pool,US-CENT-SWPP,556.0,630.0,,19.0,,False,
2025-06-01T22:00:00.000Z,USA,Southwest Power Pool,US-CENT-SWPP,541.0,614.0,,21.0,,False,
2025-06-01T23:00:00.000Z,USA,Southwest Power Pool,US-CENT-SWPP,528.0,599.0,,23.0,,False,
2025-06-02T00:00:00.000Z,USA,Southwest Power Pool,US-CENT-SWPP,518.0,585.0,,26.0,,False,
2025-06-02T01:00:00.000Z,USA,Southwest Power Pool,US-CENT-SWPP,491.0,554.0,,30.0,,False,
2025-06-02T02:00:00.000Z,USA,Southwest Power Pool,US-CENT-SWPP,415.0,469.0,,41.0,,False,
2025-06-02T03:00:00.000Z,USA,Southwest Power Pool,US-CENT-SWPP,346.0,392.0,,50.0,,False,
2025-06-02T04:00:00.000Z,USA,Southwest Power Pool,US-CENT-SWPP,286.0,326.0,,57.0,,False,
2025-06-02T05:00:00.000Z,USA,Southwest Power Pool,US-CENT-SWPP,252.0,289.0,,61.0,,False,
2025-06-02T06:00:00.000Z,USA,Southwest Power Pool,US-CENT-SWPP,228.0,263.0,,64.0,,False,
2025-06-02T07:00:00.000Z,USA,Southwest Power Pool,US-CENT-SWPP,231.0,266.0,,64.0,,False,
2025-06-02T08:00:00.000Z,USA,Southwest Power Pool,US-CENT-SWPP,228.0,263.0,,64.0,,False,
2025-06-02T09:00:00.000Z,USA,Southwest Power Pool,US-CENT-SWPP,232.0,268.0,,63.0,,False,
2025-06-02T10:00:00.000Z,USA,Southwest Power Pool,US-CENT-SWPP,236.0,273.0,,62.0,,False,
2025-06-02T11:00:00.000Z,USA,Southwest Power Pool,US-CENT-SWPP,237.0,274.0,,62.0,,False,
2025-06-02T12:00:00.000Z,USA,Southwest Power Pool,US-CENT-SWPP,254.0,294.0,,59.0,,False,
2025-06-02T13:00:00.000Z,USA,Southwest Power Pool,US-CENT-SWPP,313.0,360.0,,51.0,,False,
2025-06-02T14:00:00.000Z,USA,Southwest Power Pool,US-CENT-SWPP,326.0,376.0,,49.0,,False,
2025-06-02T15:00:00.000Z,USA,Southwest Power Pool,US-CENT-SWPP,309.0,357.0,,51.0,,False,
2025-06-02T16:00:00.000Z,USA,Southwest Power Pool,US-CENT-SWPP,307.0,355.0,,52.0,,False,
2025-06-02T17:00:00.000Z,USA,Southwest Power Pool,US-CENT-SWPP,312.0,360.0,,51.0,,False,
2025-06-02T18:00:00.000Z,USA,Southwest Power Pool,US-CENT-SWPP,315.0,364.0,,51.0,,False,
2025-06-02T19:00:00.000Z,USA,Southwest Power Pool,US-CENT-SWPP,300.0,347.0,,54.0,,False,
2025-06-02T20:00:00.000Z,USA,Southwest Power Pool,US-CENT-SWPP,283.0,328.0,,56.0,,False,
2025-06-02T21:00:00.000Z,USA,Southwest Power Pool,US-CENT-SWPP,274.0,319.0,,57.0,,False,
2025-06-02T22:00:00.000Z,USA,Southwest Power Pool,US-CENT-SWPP,270.0,315.0,,57.0,,False,
2025-06-02T23:00:00.000Z,USA,Southwest Power Pool,US-CENT-SWPP,269.0,314.0,,57.0,,False,
2025-06-03T00:00:00.000Z,USA,Southwest Power Pool,US-CENT-SWPP,278.0,323.0,,56.0,,False,
2025-06-03T01:00:00.000Z,USA,Southwest Power Pool,US-CENT-SWPP,285.0,331.0,,55.0,,False,
2025-06-03T02:00:00.000Z,USA,Southwest Power Pool,US-CENT-SWPP,290.0,335.0,,55.0,,False,
2025-06-03T03:00:00.000Z,USA,Southwest Power Pool,US-CENT-SWPP,260.0,301.0,,59.0,,False,
2025-06-03T04:00:00.000Z,USA,Southwest Power Pool,US-CENT-SWPP,242.0,282.0,,61.0,,False,
2025-06-03T05:00:00.000Z,USA,Southwest Power Pool,US-CENT-SWPP,237.0,276.0,,61.0,,False,
2025-06-03T06:00:00.000Z,USA,Southwest Power Pool,US-CENT-SWPP,241.0,280.0,,61.0,,False,
2025-06-03T07:00:00.000Z,USA,Southwest Power Pool,US-CENT-SWPP,234.0,272.0,,62.0,,False,
2025-06-03T08:00:00.000Z,USA,Southwest Power Pool,US-CENT-SWPP,229.0,266.0,,63.0,,False,
2025-06-03T09:00:00.000Z,USA,Southwest Power Pool,US-CENT-SWPP,231.0,268.0,,62.0,,False,
2025-06-03T10:00:00.000Z,USA,Southwest Power Pool,US-CENT-SWPP,234.0,271.0,,62.0,,False,
2025-06-03T11:00:00.000Z,USA,Southwest Power Pool,US-CENT-SWPP,233.0,271.0,,62.0,,False,
2025-06-03T12:00:00.000Z,USA,Southwest Power Pool,US-CENT-SWPP,246.0,284.0,,61.0,,False,
2025-06-03T13:00:00.000Z,USA,Southwest Power Pool,US-CENT-SWPP,252.0,291.0,,60.0,,False,
2025-06-03T14:00:00.000Z,USA,Southwest Power Pool,US-CENT-SWPP,253.0,293.0,,60.0,,False,
2025-06-03T15:00:00.000Z,USA,Southwest Power Pool,US-CENT-SWPP,265.0,307.0,,58.0,,False,
2025-06-03T16:00:00.000Z,USA,Southwest Power Pool,US-CENT-SWPP,261.0,304.0,,58.0,,False,
2025-06-03T17:00:00.000Z,USA,Southwest Power Pool,US-CENT-SWPP,257.0,300.0,,58.0,,False,
2025-06-03T18:00:00.000Z,USA,Southwest Power Pool,US-CENT-SWPP,253.0,296.0,,58.0,,False,
2025-06-03T19:00:00.000Z,USA,Southwest Power Pool,US-CENT-SWPP,253.0,297.0,,58.0,,False,
2025-06-03T20:00:00.000Z,USA,Southwest Power Pool,US-CENT-SWPP,261.0,306.0,,57.0,,False,
2025-06-03T21:00:00.000Z,USA,Southwest Power Pool,US-CENT-SWPP,262.0,307.0,,57.0,,False,
2025-06-03T22:00:00.000Z,USA,Southwest Power Pool,US-CENT-SWPP,257.0,302.0,,57.0,,False,
2025-06-03T23:00:00.000Z,USA,Southwest Power Pool,US-CENT-SWPP,256.0,300.0,,57.0,,False,
2025-06-04T00:00:00.000Z,USA,Southwest Power Pool,US-CENT-SWPP,262.0,308.0,,56.0,,False,
2025-06-04T01:00:00.000Z,USA,Southwest Power Pool,US-CENT-SWPP,271.0,317.0,,55.0,,False,
2025-06-04T02:00:00.000Z,USA,Southwest Power Pool,US-CENT-SWPP,285.0,330.0,,54.0,,False,
2025-06-04T03:00:00.000Z,USA,Southwest Power Pool,US-CENT-SWPP,295.0,339.0,,54.0,,False,
2025-06-04T04:00:00.000Z,USA,Southwest Power Pool,US-CENT-SWPP,303.0,347.0,,53.0,,False,
2025-06-04T05:00:00.000Z,USA,Southwest Power Pool,US-CENT-SWPP,310.0,354.0,,53.0,,False,
2025-06-04T06:00:00.000Z,USA,Southwest Power Pool,US-CENT-SWPP,303.0,347.0,,53.0,,False,
2025-06-04T07:00:00.000Z,USA,Southwest Power Pool,US-CENT-SWPP,305.0,349.0,,52.0,,False,
2025-06-04T08:00:00.000Z,USA,Southwest Power Pool,US-CENT-SWPP,324.0,370.0,,50.0,,False,
2025-06-04T09:00:00.000Z,USA,Southwest Power Pool,US-CENT-SWPP,365.0,415.0,,45.0,,False,
2025-06-04T10:00:00.000Z,USA,Southwest Power Pool,US-CENT-SWPP,390.0,443.0,,42.0,,False,
2025-06-04T11:00:00.000Z,USA,Southwest Power Pool,US-CENT-SWPP,407.0,461.0,,40.0,,False,
2025-06-04T12:00:00.000Z,USA,Southwest Power Pool,US-CENT-SWPP,438.0,497.0,,35.0,,False,
2025-06-04T13:00:00.000Z,USA,Southwest Power Pool,US-CENT-SWPP,483.0,547.0,,29.0,,False,
2025-06-04T14:00:00.000Z,USA,Southwest Power Pool,US-CENT-SWPP,522.0,591.0,,24.0,,False,
2025-06-04T15:00:00.000Z,USA,Southwest Power Pool,US-CENT-SWPP,545.0,616.0,,21.0,,False,
2025-06-04T16:00:00.000Z,USA,Southwest Power Pool,US-CENT-SWPP,557.0,629.0,,19.0,,False,
2025-06-04T17:00:00.000Z,USA,Southwest Power Pool,US-CENT-SWPP,568.0,641.0,,18.0,,False,
2025-06-04T18:00:00.000Z,USA,Southwest Power Pool,US-CENT-SWPP,582.0,657.0,,16.0,,False,
2025-06-04T19:00:00.000Z,USA,Southwest Power Pool,US-CENT-SWPP,582.0,657.0,,16.0,,False,
2025-06-04T20:00:00.000Z,USA,Southwest Power Pool,US-CENT-SWPP,581.0,656.0,,17.0,,False,
2025-06-04T21:00:00.000Z,USA,Southwest Power Pool,US-CENT-SWPP,564.0,636.0,,19.0,,False,
2025-06-04T22:00:00.000Z,USA,Southwest Power Pool,US-CENT-SWPP,559.0,631.0,,20.0,,False,
2025-06-04T23:00:00.000Z,USA,Southwest Power Pool,US-CENT-SWPP,544.0,615.0,,22.0,,False,
2025-06-05T00:00:00.000Z,USA,Southwest Power Pool,US-CENT-SWPP,543.0,613.0,,22.0,,False,
2025-06-05T01:00:00.000Z,USA,Southwest Power Pool,US-CENT-SWPP,539.0,608.0,,23.0,,False,
2025-06-05T02:00:00.000Z,USA,Southwest Power Pool,US-CENT-SWPP,517.0,583.0,,26.0,,False,
2025-06-05T03:00:00.000Z,USA,Southwest Power Pool,US-CENT-SWPP,501.0,566.0,,28.0,,False,
2025-06-05T04:00:00.000Z,USA,Southwest Power Pool,US-CENT-SWPP,492.0,554.0,,29.0,,False,
2025-06-05T05:00:00.000Z,USA,Southwest Power Pool,US-CENT-SWPP,518.0,582.0,,26.0,,False,
2025-06-05T06:00:00.000Z,USA,Southwest Power Pool,US-CENT-SWPP,549.0,616.0,,21.0,,False,
2025-06-05T07:00:00.000Z,USA,Southwest Power Pool,US-CENT-SWPP,543.0,610.0,,22.0,,False,
2025-06-05T08:00:00.000Z,USA,Southwest Power Pool,US-CENT-SWPP,541.0,608.0,,22.0,,False,
2025-06-05T09:00:00.000Z,USA,Southwest Power Pool,US-CENT-SWPP,558.0,628.0,,19.0,,False,
2025-06-05T10:00:00.000Z,USA,Southwest Power Pool,US-CENT-SWPP,573.0,644.0,,17.0,,False,
2025-06-05T11:00:00.000Z,USA,Southwest Power Pool,US-CENT-SWPP,553.0,623.0,,20.0,,False,
2025-06-05T12:00:00.000Z,USA,Southwest Power Pool,US-CENT-SWPP,555.0,627.0,,18.0,,False,
2025-06-05T13:00:00.000Z,USA,Southwest Power Pool,US-CENT-SWPP,557.0,630.0,,18.0,,False,
2025-06-05T14:00:00.000Z,USA,Southwest Power Pool,US-CENT-SWPP,569.0,643.0,,17.0,,False,
2025-06-05T15:00:00.000Z,USA,Southwest Power Pool,US-CENT-SWPP,581.0,656.0,,16.0,,False,
2025-06-05T16:00:00.000Z,USA,Southwest Power Pool,US-CENT-SWPP,575.0,649.0,,17.0,,False,
2025-06-05T17:00:00.000Z,USA,Southwest Power Pool,US-CENT-SWPP,552.0,623.0,,21.0,,False,
2025-06-05T18:00:00.000Z,USA,Southwest Power Pool,US-CENT-SWPP,529.0,598.0,,24.0,,False,
2025-06-05T19:00:00.000Z,USA,Southwest Power Pool,US-CENT-SWPP,518.0,586.0,,25.0,,False,
2025-06-05T20:00:00.000Z,USA,Southwest Power Pool,US-CENT-SWPP,512.0,580.0,,26.0,,False,
2025-06-05T21:00:00.000Z,USA,Southwest Power Pool,US-CENT-SWPP,483.0,548.0,,30.0,,False,
2025-06-05T22:00:00.000Z,USA,Southwest Power Pool,US-CENT-SWPP,482.0,547.0,,30.0,,False,
2025-06-05T23:00:00.000Z,USA,Southwest Power Pool,US-CENT-SWPP,496.0,563.0,,28.0,,False,
2025-06-06T00:00:00.000Z,USA,Southwest Power Pool,US-CENT-SWPP,494.0,559.0,,29.0,,False,
2025-06-06T01:00:00.000Z,USA,Southwest Power Pool,US-CENT-SWPP,491.0,555.0,,29.0,,False,
2025-06-06T02:00:00.000Z,USA,Southwest Power Pool,US-CENT-SWPP,474.0,535.0,,32.0,,False,
2025-06-06T03:00:00.000Z,USA,Southwest Power Pool,US-CENT-SWPP,461.0,519.0,,34.0,,False,
2025-06-06T04:00:00.000Z,USA,Southwest Power Pool,US-CENT-SWPP,445.0,500.0,,37.0,,False,
2025-06-06T05:00:00.000Z,USA,Southwest Power Pool,US-CENT-SWPP,414.0,464.0,,42.0,,False,
2025-06-06T06:00:00.000Z,USA,Southwest Power Pool,US-CENT-SWPP,426.0,477.0,,40.0,,False,
2025-06-06T07:00:00.000Z,USA,Southwest Power Pool,US-CENT-SWPP,432.0,485.0,,38.0,,False,
2025-06-06T08:00:00.000Z,USA,Southwest Power Pool,US-CENT-SWPP,459.0,515.0,,35.0,,False,
2025-06-06T09:00:00.000Z,USA,Southwest Power Pool,US-CENT-SWPP,465.0,523.0,,33.0,,False,
2025-06-06T10:00:00.000Z,USA,Southwest Power Pool,US-CENT-SWPP,514.0,578.0,,26.0,,False,
2025-06-06T11:00:00.000Z,USA,Southwest Power Pool,US-CENT-SWPP,567.0,637.0,,19.0,,False,
2025-06-06T12:00:00.000Z,USA,Southwest Power Pool,US-CENT-SWPP,570.0,640.0,,19.0,,False,
2025-06-06T13:00:00.000Z,USA,Southwest Power Pool,US-CENT-SWPP,585.0,657.0,,17.0,,False,
2025-06-06T14:00:00.000Z,USA,Southwest Power Pool,US-CENT-SWPP,597.0,671.0,,15.0,,False,
2025-06-06T15:00:00.000Z,USA,Southwest Power Pool,US-CENT-SWPP,601.0,676.0,,14.0,,False,
2025-06-06T16:00:00.000Z,USA,Southwest Power Pool,US-CENT-SWPP,593.0,669.0,,15.0,,False,
2025-06-06T17:00:00.000Z,USA,Southwest Power Pool,US-CENT-SWPP,594.0,671.0,,15.0,,False,
2025-06-06T18:00:00.000Z,USA,Southwest Power Pool,US-CENT-SWPP,600.0,678.0,,14.0,,False,
2025-06-06T19:00:00.000Z,USA,Southwest Power Pool,US-CENT-SWPP,604.0,684.0,,12.0,,False,
2025-06-06T20:00:00.000Z,USA,Southwest Power Pool,US-CENT-SWPP,604.0,684.0,,13.0,,False,
2025-06-06T21:00:00.000Z,USA,Southwest Power Pool,US-CENT-SWPP,602.0,682.0,,13.0,,False,
2025-06-06T22:00:00.000Z,USA,Southwest Power Pool,US-CENT-SWPP,596.0,675.0,,14.0,,False,
2025-06-06T23:00:00.000Z,USA,Southwest Power Pool,US-CENT-SWPP,594.0,672.0,,14.0,,False,
2025-06-07T00:00:00.000Z,USA,Southwest Power Pool,US-CENT-SWPP,586.0,661.0,,16.0,,False,
2025-06-07T01:00:00.000Z,USA,Southwest Power Pool,US-CENT-SWPP,570.0,641.0,,20.0,,False,
2025-06-07T02:00:00.000Z,USA,Southwest Power Pool,US-CENT-SWPP,534.0,599.0,,26.0,,False,
2025-06-07T03:00:00.000Z,USA,Southwest Power Pool,US-CENT-SWPP,488.0,547.0,,32.0,,False,
2025-06-07T04:00:00.000Z,USA,Southwest Power Pool,US-CENT-SWPP,446.0,499.0,,39.0,,False,
2025-06-07T05:00:00.000Z,USA,Southwest Power Pool,US-CENT-SWPP,429.0,480.0,,40.0,,False,
2025-06-07T06:00:00.000Z,USA,Southwest Power Pool,US-CENT-SWPP,409.0,459.0,,42.0,,False,
2025-06-07T07:00:00.000Z,USA,Southwest Power Pool,US-CENT-SWPP,415.0,466.0,,41.0,,False,
2025-06-07T08:00:00.000Z,USA,Southwest Power Pool,US-CENT-SWPP,406.0,456.0,,42.0,,False,
2025-06-07T09:00:00.000Z,USA,Southwest Power Pool,US-CENT-SWPP,428.0,480.0,,39.0,,False,
2025-06-07T10:00:00.000Z,USA,Southwest Power Pool,US-CENT-SWPP,471.0,525.0,,35.0,,False,
2025-06-07T11:00:00.000Z,USA,Southwest Power Pool,US-CENT-SWPP,443.0,494.0,,39.0,,False,
2025-06-07T12:00:00.000Z,USA,Southwest Power Pool,US-CENT-SWPP,400.0,449.0,,43.0,,False,
2025-06-07T13:00:00.000Z,USA,Southwest Power Pool,US-CENT-SWPP,381.0,433.0,,43.0,,False,
2025-06-07T14:00:00.000Z,USA,Southwest Power Pool,US-CENT-SWPP,421.0,479.0,,37.0,,False,
2025-06-07T15:00:00.000Z,USA,Southwest Power Pool,US-CENT-SWPP,428.0,485.0,,37.0,,False,
2025-06-07T16:00:00.000Z,USA,Southwest Power Pool,US-CENT-SWPP,443.0,503.0,,35.0,,False,
2025-06-07T17:00:00.000Z,USA,Southwest Power Pool,US-CENT-SWPP,439.0,499.0,,35.0,,False,
2025-06-07T18:00:00.000Z,USA,Southwest Power Pool,US-CENT-SWPP,456.0,519.0,,32.0,,False,
2025-06-07T19:00:00.000Z,USA,Southwest Power Pool,US-CENT-SWPP,494.0,561.0,,27.0,,False,
2025-06-07T20:00:00.000Z,USA,Southwest Power Pool,US-CENT-SWPP,528.0,598.0,,23.0,,False,
2025-06-07T21:00:00.000Z,USA,Southwest Power Pool,US-CENT-SWPP,545.0,618.0,,21.0,,False,
2025-06-07T22:00:00.000Z,USA,Southwest Power Pool,US-CENT-SWPP,554.0,628.0,,19.0,,False,
2025-06-07T23:00:00.000Z,USA,Southwest Power Pool,US-CENT-SWPP,565.0,642.0,,17.0,,False,
2025-06-08T00:00:00.000Z,USA,Southwest Power Pool,US-CENT-SWPP,574.0,652.0,,15.0,,False,
2025-06-08T01:00:00.000Z,USA,Southwest Power Pool,US-CENT-SWPP,577.0,654.0,,16.0,,False,
2025-06-08T02:00:00.000Z,USA,Southwest Power Pool,US-CENT-SWPP,563.0,635.0,,19.0,,False,
2025-06-08T03:00:00.000Z,USA,Southwest Power Pool,US-CENT-SWPP,549.0,617.0,,22.0,,False,
2025-06-08T04:00:00.000Z,USA,Southwest Power Pool,US-CENT-SWPP,498.0,559.0,,30.0,,False,
2025-06-08T05:00:00.000Z,USA,Southwest Power Pool,US-CENT-SWPP,438.0,491.0,,38.0,,False,
2025-06-08T06:00:00.000Z,USA,Southwest Power Pool,US-CENT-SWPP,388.0,436.0,,45.0,,False,
2025-06-08T07:00:00.000Z,USA,Southwest Power Pool,US-CENT-SWPP,348.0,394.0,,49.0,,False,
2025-06-08T08:00:00.000Z,USA,Southwest Power Pool,US-CENT-SWPP,320.0,362.0,,52.0,,False,
2025-06-08T09:00:00.000Z,USA,Southwest Power Pool,US-CENT-SWPP,309.0,351.0,,53.0,,False,
2025-06-08T10:00:00.000Z,USA,Southwest Power Pool,US-CENT-SWPP,299.0,341.0,,54.0,,False,
2025-06-08T11:00:00.000Z,USA,Southwest Power Pool,US-CENT-SWPP,305.0,348.0,,53.0,,False,
2025-06-08T12:00:00.000Z,USA,Southwest Power Pool,US-CENT-SWPP,333.0,379.0,,49.0,,False,
2025-06-08T13:00:00.000Z,USA,Southwest Power Pool,US-CENT-SWPP,383.0,437.0,,42.0,,False,
2025-06-08T14:00:00.000Z,USA,Southwest Power Pool,US-CENT-SWPP,425.0,483.0,,37.0,,False,
2025-06-08T15:00:00.000Z,USA,Southwest Power Pool,US-CENT-SWPP,440.0,499.0,,35.0,,False,
2025-06-08T16:00:00.000Z,USA,Southwest Power Pool,US-CENT-SWPP,439.0,501.0,,34.0,,False,
2025-06-08T17:00:00.000Z,USA,Southwest Power Pool,US-CENT-SWPP,433.0,495.0,,35.0,,False,
2025-06-08T18:00:00.000Z,USA,Southwest Power Pool,US-CENT-SWPP,438.0,500.0,,34.0,,False,
2025-06-08T19:00:00.000Z,USA,Southwest Power Pool,US-CENT-SWPP,441.0,503.0,,34.0,,False,
2025-06-08T20:00:00.000Z,USA,Southwest Power Pool,US-CENT-SWPP,417.0,478.0,,37.0,,False,
2025-06-08T21:00:00.000Z,USA,Southwest Power Pool,US-CENT-SWPP,391.0,450.0,,40.0,,False,
2025-06-08T22:00:00.000Z,USA,Southwest Power Pool,US-CENT-SWPP,389.0,446.0,,41.0,,False,
2025-06-08T23:00:00.000Z,USA,Southwest Power Pool,US-CENT-SWPP,375.0,430.0,,43.0,,False,
2025-06-09T00:00:00.000Z,USA,Southwest Power Pool,US-CENT-SWPP,349.0,399.0,,48.0,,False,
2025-06-09T01:00:00.000Z,USA,Southwest Power Pool,US-CENT-SWPP,331.0,378.0,,50.0,,False,
2025-06-09T02:00:00.000Z,USA,Southwest Power Pool,US-CENT-SWPP,375.0,426.0,,45.0,,False,
2025-06-09T03:00:00.000Z,USA,Southwest Power Pool,US-CENT-SWPP,402.0,453.0,,43.0,,False,
2025-06-09T04:00:00.000Z,USA,Southwest Power Pool,US-CENT-SWPP,394.0,443.0,,43.0,,False,
2025-06-09T05:00:00.000Z,USA,Southwest Power Pool,US-CENT-SWPP,370.0,419.0,,45.0,,False,
2025-06-09T06:00:00.000Z,USA,Southwest Power Pool,US-CENT-SWPP,386.0,438.0,,42.0,,False,
2025-06-09T07:00:00.000Z,USA,Southwest Power Pool,US-CENT-SWPP,383.0,435.0,,42.0,,False,
2025-06-09T08:00:00.000Z,USA,Southwest Power Pool,US-CENT-SWPP,388.0,439.0,,42.0,,False,
2025-06-09T09:00:00.000Z,USA,Southwest Power Pool,US-CENT-SWPP,406.0,459.0,,40.0,,False,
2025-06-09T10:00:00.000Z,USA,Southwest Power Pool,US-CENT-SWPP,420.0,474.0,,38.0,,False,
2025-06-09T11:00:00.000Z,USA,Southwest Power Pool,US-CENT-SWPP,441.0,496.0,,36.0,,False,
2025-06-09T12:00:00.000Z,USA,Southwest Power Pool,US-CENT-SWPP,475.0,532.0,,33.0,,False,
2025-06-09T13:00:00.000Z,USA,Southwest Power Pool,US-CENT-SWPP,498.0,559.0,,30.0,,False,
2025-06-09T14:00:00.000Z,USA,Southwest Power Pool,US-CENT-SWPP,508.0,570.0,,29.0,,False,
2025-06-09T15:00:00.000Z,USA,Southwest Power Pool,US-CENT-SWPP,491.0,554.0,,30.0,,False,
2025-06-09T16:00:00.000Z,USA,Southwest Power Pool,US-CENT-SWPP,472.0,535.0,,31.0,,False,
2025-06-09T17:00:00.000Z,USA,Southwest Power Pool,US-CENT-SWPP,451.0,512.0,,34.0,,False,
2025-06-09T18:00:00.000Z,USA,Southwest Power Pool,US-CENT-SWPP,432.0,492.0,,36.0,,False,
2025-06-09T19:00:00.000Z,USA,Southwest Power Pool,US-CENT-SWPP,427.0,486.0,,37.0,,False,
2025-06-09T20:00:00.000Z,USA,Southwest Power Pool,US-CENT-SWPP,442.0,503.0,,35.0,,False,
2025-06-09T21:00:00.000Z,USA,Southwest Power Pool,US-CENT-SWPP,467.0,531.0,,32.0,,False,
2025-06-09T22:00:00.000Z,USA,Southwest Power Pool,US-CENT-SWPP,503.0,571.0,,27.0,,False,
2025-06-09T23:00:00.000Z,USA,Southwest Power Pool,US-CENT-SWPP,543.0,615.0,,21.0,,False,
2025-06-10T00:00:00.000Z,USA,Southwest Power Pool,US-CENT-SWPP,590.0,668.0,,14.0,,False,
2025-06-10T01:00:00.000Z,USA,Southwest Power Pool,US-CENT-SWPP,613.0,693.0,,11.0,,False,
2025-06-10T02:00:00.000Z,USA,Southwest Power Pool,US-CENT-SWPP,608.0,686.0,,12.0,,False,
2025-06-10T03:00:00.000Z,USA,Southwest Power Pool,US-CENT-SWPP,610.0,686.0,,13.0,,False,
2025-06-10T04:00:00.000Z,USA,Southwest Power Pool,US-CENT-SWPP,593.0,665.0,,17.0,,False,
2025-06-10T05:00:00.000Z,USA,Southwest Power Pool,US-CENT-SWPP,544.0,607.0,,25.0,,False,
2025-06-10T06:00:00.000Z,USA,Southwest Power Pool,US-CENT-SWPP,494.0,552.0,,31.0,,False,
2025-06-10T07:00:00.000Z,USA,Southwest Power Pool,US-CENT-SWPP,480.0,538.0,,32.0,,False,
2025-06-10T08:00:00.000Z,USA,Southwest Power Pool,US-CENT-SWPP,446.0,500.0,,36.0,,False,
2025-06-10T09:00:00.000Z,USA,Southwest Power Pool,US-CENT-SWPP,414.0,467.0,,40.0,,False,
2025-06-10T10:00:00.000Z,USA,Southwest Power Pool,US-CENT-SWPP,402.0,455.0,,40.0,,False,
2025-06-10T11:00:00.000Z,USA,Southwest Power Pool,US-CENT-SWPP,415.0,471.0,,38.0,,False,
2025-06-10T12:00:00.000Z,USA,Southwest Power Pool,US-CENT-SWPP,469.0,531.0,,31.0,,False,
2025-06-10T13:00:00.000Z,USA,Southwest Power Pool,US-CENT-SWPP,519.0,587.0,,24.0,,False,
2025-06-10T14:00:00.000Z,USA,Southwest Power Pool,US-CENT-SWPP,574.0,648.0,,17.0,,False,
2025-06-10T15:00:00.000Z,USA,Southwest Power Pool,US-CENT-SWPP,579.0,652.0,,17.0,,False,
2025-06-10T16:00:00.000Z,USA,Southwest Power Pool,US-CENT-SWPP,555.0,626.0,,20.0,,False,
2025-06-10T17:00:00.000Z,USA,Southwest Power Pool,US-CENT-SWPP,546.0,616.0,,22.0,,False,
2025-06-10T18:00:00.000Z,USA,Southwest Power Pool,US-CENT-SWPP,534.0,604.0,,23.0,,False,
2025-06-10T19:00:00.000Z,USA,Southwest Power Pool,US-CENT-SWPP,536.0,608.0,,22.0,,False,
2025-06-10T20:00:00.000Z,USA,Southwest Power Pool,US-CENT-SWPP,549.0,622.0,,20.0,,False,
2025-06-10T21:00:00.000Z,USA,Southwest Power Pool,US-CENT-SWPP,554.0,627.0,,20.0,,False,
2025-06-10T22:00:00.000Z,USA,Southwest Power Pool,US-CENT-SWPP,551.0,623.0,,21.0,,False,
2025-06-10T23:00:00.000Z,USA,Southwest Power Pool,US-CENT-SWPP,539.0,609.0,,23.0,,False,
2025-06-11T00:00:00.000Z,USA,Southwest Power Pool,US-CENT-SWPP,524.0,591.0,,26.0,,False,
2025-06-11T01:00:00.000Z,USA,Southwest Power Pool,US-CENT-SWPP,497.0,558.0,,31.0,,False,
2025-06-11T02:00:00.000Z,USA,Southwest Power Pool,US-CENT-SWPP,430.0,483.0,,40.0,,False,
2025-06-11T03:00:00.000Z,USA,Southwest Power Pool,US-CENT-SWPP,391.0,441.0,,45.0,,False,
2025-06-11T04:00:00.000Z,USA,Southwest Power Pool,US-CENT-SWPP,343.0,389.0,,50.0,,False,
2025-06-11T05:00:00.000Z,USA,Southwest Power Pool,US-CENT-SWPP,301.0,344.0,,54.0,,False,
2025-06-11T06:00:00.000Z,USA,Southwest Power Pool,US-CENT-SWPP,283.0,325.0,,56.0,,False,
2025-06-11T07:00:00.000Z,USA,Southwest Power Pool,US-CENT-SWPP,286.0,329.0,,55.0,,False,
2025-06-11T08:00:00.000Z,USA,Southwest Power Pool,US-CENT-SWPP,289.0,332.0,,54.0,,False,
2025-06-11T09:00:00.000Z,USA,Southwest Power Pool,US-CENT-SWPP,290.0,333.0,,54.0,,False,
2025-06-11T10:00:00.000Z,USA,Southwest Power Pool,US-CENT-SWPP,303.0,347.0,,53.0,,False,
2025-06-11T11:00:00.000Z,USA,Southwest Power Pool,US-CENT-SWPP,333.0,380.0,,49.0,,False,
2025-06-11T12:00:00.000Z,USA,Southwest Power Pool,US-CENT-SWPP,395.0,450.0,,41.0,,False,
2025-06-11T13:00:00.000Z,USA,Southwest Power Pool,US-CENT-SWPP,481.0,546.0,,29.0,,False,
2025-06-11T14:00:00.000Z,USA,Southwest Power Pool,US-CENT-SWPP,524.0,592.0,,24.0,,False,
2025-06-11T15:00:00.000Z,USA,Southwest Power Pool,US-CENT-SWPP,532.0,600.0,,24.0,,False,
2025-06-11T16:00:00.000Z,USA,Southwest Power Pool,US-CENT-SWPP,502.0,567.0,,28.0,,False,
2025-06-11T17:00:00.000Z,USA,Southwest Power Pool,US-CENT-SWPP,472.0,534.0,,32.0,,False,
2025-06-11T18:00:00.000Z,USA,Southwest Power Pool,US-CENT-SWPP,443.0,504.0,,36.0,,False,
2025-06-11T19:00:00.000Z,USA,Southwest Power Pool,US-CENT-SWPP,430.0,490.0,,37.0,,False,
2025-06-11T20:00:00.000Z,USA,Southwest Power Pool,US-CENT-SWPP,426.0,484.0,,38.0,,False,
2025-06-11T21:00:00.000Z,USA,Southwest Power Pool,US-CENT-SWPP,430.0,488.0,,38.0,,False,
2025-06-11T22:00:00.000Z,USA,Southwest Power Pool,US-CENT-SWPP,435.0,494.0,,37.0,,False,
2025-06-11T23:00:00.000Z,USA,Southwest Power Pool,US-CENT-SWPP,434.0,493.0,,37.0,,False,
2025-06-12T00:00:00.000Z,USA,Southwest Power Pool,US-CENT-SWPP,431.0,488.0,,38.0,,False,
2025-06-12T01:00:00.000Z,USA,Southwest Power Pool,US-CENT-SWPP,419.0,473.0,,40.0,,False,
2025-06-12T02:00:00.000Z,USA,Southwest Power Pool,US-CENT-SWPP,371.0,420.0,,47.0,,False,
2025-06-12T03:00:00.000Z,USA,Southwest Power Pool,US-CENT-SWPP,336.0,381.0,,51.0,,False,
2025-06-12T04:00:00.000Z,USA,Southwest Power Pool,US-CENT-SWPP,322.0,366.0,,53.0,,False,
2025-06-12T05:00:00.000Z,USA,Southwest Power Pool,US-CENT-SWPP,320.0,364.0,,52.0,,False,
2025-06-12T06:00:00.000Z,USA,Southwest Power Pool,US-CENT-SWPP,326.0,371.0,,51.0,,False,
2025-06-12T07:00:00.000Z,USA,Southwest Power Pool,US-CENT-SWPP,337.0,382.0,,50.0,,False,
2025-06-12T08:00:00.000Z,USA,Southwest Power Pool,US-CENT-SWPP,376.0,424.0,,46.0,,False,
2025-06-12T09:00:00.000Z,USA,Southwest Power Pool,US-CENT-SWPP,430.0,483.0,,39.0,,False,
2025-06-12T10:00:00.000Z,USA,Southwest Power Pool,US-CENT-SWPP,468.0,524.0,,34.0,,False,
2025-06-12T11:00:00.000Z,USA,Southwest Power Pool,US-CENT-SWPP,486.0,544.0,,32.0,,False,
2025-06-12T12:00:00.000Z,USA,Southwest Power Pool,US-CENT-SWPP,502.0,562.0,,30.0,,False,
2025-06-12T13:00:00.000Z,USA,Southwest Power Pool,US-CENT-SWPP,512.0,574.0,,28.0,,False,
2025-06-12T14:00:00.000Z,USA,Southwest Power Pool,US-CENT-SWPP,510.0,572.0,,29.0,,False,
2025-06-12T15:00:00.000Z,USA,Southwest Power Pool,US-CENT-SWPP,507.0,569.0,,29.0,,False,
2025-06-12T16:00:00.000Z,USA,Southwest Power Pool,US-CENT-SWPP,500.0,560.0,,31.0,,False,
2025-06-12T17:00:00.000Z,USA,Southwest Power Pool,US-CENT-SWPP,485.0,545.0,,32.0,,False,
2025-06-12T18:00:00.000Z,USA,Southwest Power Pool,US-CENT-SWPP,469.0,528.0,,34.0,,False,
2025-06-12T19:00:00.000Z,USA,Southwest Power Pool,US-CENT-SWPP,467.0,527.0,,34.0,,False,
2025-06-12T20:00:00.000Z,USA,Southwest Power Pool,US-CENT-SWPP,472.0,532.0,,33.0,,False,
2025-06-12T21:00:00.000Z,USA,Southwest Power Pool,US-CENT-SWPP,487.0,550.0,,31.0,,False,
2025-06-12T22:00:00.000Z,USA,Southwest Power Pool,US-CENT-SWPP,492.0,557.0,,29.0,,False,
2025-06-12T23:00:00.000Z,USA,Southwest Power Pool,US-CENT-SWPP,490.0,554.0,,30.0,,False,
2025-06-13T00:00:00.000Z,USA,Southwest Power Pool,US-CENT-SWPP,479.0,540.0,,33.0,,False,
2025-06-13T01:00:00.000Z,USA,Southwest Power Pool,US-CENT-SWPP,474.0,533.0,,34.0,,False,
2025-06-13T02:00:00.000Z,USA,Southwest Power Pool,US-CENT-SWPP,431.0,485.0,,40.0,,False,
2025-06-13T03:00:00.000Z,USA,Southwest Power Pool,US-CENT-SWPP,384.0,431.0,,47.0,,False,
2025-06-13T04:00:00.000Z,USA,Southwest Power Pool,US-CENT-SWPP,355.0,399.0,,50.0,,False,
2025-06-13T05:00:00.000Z,USA,Southwest Power Pool,US-CENT-SWPP,346.0,391.0,,50.0,,False,
2025-06-13T06:00:00.000Z,USA,Southwest Power Pool,US-CENT-SWPP,356.0,400.0,,49.0,,False,
2025-06-13T07:00:00.000Z,USA,Southwest Power Pool,US-CENT-SWPP,397.0,446.0,,44.0,,False,
2025-06-13T08:00:00.000Z,USA,Southwest Power Pool,US-CENT-SWPP,424.0,474.0,,41.0,,False,
2025-06-13T09:00:00.000Z,USA,Southwest Power Pool,US-CENT-SWPP,421.0,471.0,,41.0,,False,
2025-06-13T10:00:00.000Z,USA,Southwest Power Pool,US-CENT-SWPP,441.0,495.0,,38.0,,False,
2025-06-13T11:00:00.000Z,USA,Southwest Power Pool,US-CENT-SWPP,457.0,513.0,,35.0,,False,
2025-06-13T12:00:00.000Z,USA,Southwest Power Pool,US-CENT-SWPP,461.0,518.0,,35.0,,False,
2025-06-13T13:00:00.000Z,USA,Southwest Power Pool,US-CENT-SWPP,495.0,559.0,,29.0,,False,
2025-06-13T14:00:00.000Z,USA,Southwest Power Pool,US-CENT-SWPP,519.0,586.0,,25.0,,False,
2025-06-13T15:00:00.000Z,USA,Southwest Power Pool,US-CENT-SWPP,522.0,589.0,,25.0,,False,
2025-06-13T16:00:00.000Z,USA,Southwest Power Pool,US-CENT-SWPP,506.0,571.0,,27.0,,False,
2025-06-13T17:00:00.000Z,USA,Southwest Power Pool,US-CENT-SWPP,521.0,589.0,,25.0,,False,
2025-06-13T18:00:00.000Z,USA,Southwest Power Pool,US-CENT-SWPP,534.0,603.0,,24.0,,False,
2025-06-13T19:00:00.000Z,USA,Southwest Power Pool,US-CENT-SWPP,537.0,606.0,,24.0,,False,
2025-06-13T20:00:00.000Z,USA,Southwest Power Pool,US-CENT-SWPP,531.0,600.0,,24.0,,False,
2025-06-13T21:00:00.000Z,USA,Southwest Power Pool,US-CENT-SWPP,527.0,597.0,,24.0,,False,
2025-06-13T22:00:00.000Z,USA,Southwest Power Pool,US-CENT-SWPP,523.0,594.0,,24.0,,False,
2025-06-13T23:00:00.000Z,USA,Southwest Power Pool,US-CENT-SWPP,520.0,589.0,,25.0,,False,
2025-06-14T00:00:00.000Z,USA,Southwest Power Pool,US-CENT-SWPP,499.0,562.0,,30.0,,False,
2025-06-14T01:00:00.000Z,USA,Southwest Power Pool,US-CENT-SWPP,471.0,529.0,,35.0,,False,
2025-06-14T02:00:00.000Z,USA,Southwest Power Pool,US-CENT-SWPP,423.0,474.0,,42.0,,False,
2025-06-14T03:00:00.000Z,USA,Southwest Power Pool,US-CENT-SWPP,390.0,437.0,,47.0,,False,
2025-06-14T04:00:00.000Z,USA,Southwest Power Pool,US-CENT-SWPP,355.0,400.0,,50.0,,False,
2025-06-14T05:00:00.000Z,USA,Southwest Power Pool,US-CENT-SWPP,327.0,369.0,,53.0,,False,
2025-06-14T06:00:00.000Z,USA,Southwest Power Pool,US-CENT-SWPP,311.0,352.0,,54.0,,False,
2025-06-14T07:00:00.000Z,USA,Southwest Power Pool,US-CENT-SWPP,312.0,354.0,,54.0,,False,
2025-06-14T08:00:00.000Z,USA,Southwest Power Pool,US-CENT-SWPP,323.0,366.0,,52.0,,False,
2025-06-14T09:00:00.000Z,USA,Southwest Power Pool,US-CENT-SWPP,370.0,417.0,,47.0,,False,
2025-06-14T10:00:00.000Z,USA,Southwest Power Pool,US-CENT-SWPP,369.0,415.0,,47.0,,False,
2025-06-14T11:00:00.000Z,USA,Southwest Power Pool,US-CENT-SWPP,368.0,415.0,,47.0,,False,
2025-06-14T12:00:00.000Z,USA,Southwest Power Pool,US-CENT-SWPP,410.0,461.0,,42.0,,False,
2025-06-14T13:00:00.000Z,USA,Southwest Power Pool,US-CENT-SWPP,447.0,502.0,,37.0,,False,
2025-06-14T14:00:00.000Z,USA,Southwest Power Pool,US-CENT-SWPP,446.0,502.0,,37.0,,False,
2025-06-14T15:00:00.000Z,USA,Southwest Power Pool,US-CENT-SWPP,454.0,512.0,,35.0,,False,
2025-06-14T16:00:00.000Z,USA,Southwest Power Pool,US-CENT-SWPP,451.0,509.0,,36.0,,False,
2025-06-14T17:00:00.000Z,USA,Southwest Power Pool,US-CENT-SWPP,485.0,548.0,,31.0,,False,
2025-06-14T18:00:00.000Z,USA,Southwest Power Pool,US-CENT-SWPP,514.0,578.0,,28.0,,False,
2025-06-14T19:00:00.000Z,USA,Southwest Power Pool,US-CENT-SWPP,535.0,602.0,,25.0,,False,
2025-06-14T20:00:00.000Z,USA,Southwest Power Pool,US-CENT-SWPP,534.0,601.0,,25.0,,False,
2025-06-14T21:00:00.000Z,USA,Southwest Power Pool,US-CENT-SWPP,545.0,614.0,,23.0,,False,
2025-06-14T22:00:00.000Z,USA,Southwest Power Pool,US-CENT-SWPP,541.0,609.0,,24.0,,False,
2025-06-14T23:00:00.000Z,USA,Southwest Power Pool,US-CENT-SWPP,545.0,613.0,,24.0,,False,
2025-06-15T00:00:00.000Z,USA,Southwest Power Pool,US-CENT-SWPP,533.0,598.0,,26.0,,False,
2025-06-15T01:00:00.000Z,USA,Southwest Power Pool,US-CENT-SWPP,502.0,564.0,,31.0,,False,
2025-06-15T02:00:00.000Z,USA,Southwest Power Pool,US-CENT-SWPP,470.0,526.0,,36.0,,False,
2025-06-15T03:00:00.000Z,USA,Southwest Power Pool,US-CENT-SWPP,434.0,486.0,,41.0,,False,
2025-06-15T04:00:00.000Z,USA,Southwest Power Pool,US-CENT-SWPP,427.0,477.0,,42.0,,False,
2025-06-15T05:00:00.000Z,USA,Southwest Power Pool,US-CENT-SWPP,445.0,496.0,,39.0,,False,
2025-06-15T06:00:00.000Z,USA,Southwest Power Pool,US-CENT-SWPP,452.0,503.0,,39.0,,False,
2025-06-15T07:00:00.000Z,USA,Southwest Power Pool,US-CENT-SWPP,462.0,514.0,,37.0,,False,
2025-06-15T08:00:00.000Z,USA,Southwest Power Pool,US-CENT-SWPP,457.0,508.0,,38.0,,False,
2025-06-15T09:00:00.000Z,USA,Southwest Power Pool,US-CENT-SWPP,446.0,497.0,,39.0,,False,
2025-06-15T10:00:00.000Z,USA,Southwest Power Pool,US-CENT-SWPP,433.0,483.0,,40.0,,False,
2025-06-15T11:00:00.000Z,USA,Southwest Power Pool,US-CENT-SWPP,420.0,470.0,,41.0,,False,
2025-06-15T12:00:00.000Z,USA,Southwest Power Pool,US-CENT-SWPP,452.0,506.0,,37.0,,False,
2025-06-15T13:00:00.000Z,USA,Southwest Power Pool,US-CENT-SWPP,485.0,543.0,,32.0,,False,
2025-06-15T14:00:00.000Z,USA,Southwest Power Pool,US-CENT-SWPP,521.0,584.0,,27.0,,False,
2025-06-15T15:00:00.000Z,USA,Southwest Power Pool,US-CENT-SWPP,486.0,547.0,,31.0,,False,
2025-06-15T16:00:00.000Z,USA,Southwest Power Pool,US-CENT-SWPP,478.0,540.0,,31.0,,False,
2025-06-15T17:00:00.000Z,USA,Southwest Power Pool,US-CENT-SWPP,503.0,567.0,,28.0,,False,
2025-06-15T18:00:00.000Z,USA,Southwest Power Pool,US-CENT-SWPP,518.0,585.0,,26.0,,False,
2025-06-15T19:00:00.000Z,USA,Southwest Power Pool,US-CENT-SWPP,540.0,609.0,,23.0,,False,
2025-06-15T20:00:00.000Z,USA,Southwest Power Pool,US-CENT-SWPP,550.0,620.0,,22.0,,False,
2025-06-15T21:00:00.000Z,USA,Southwest Power Pool,US-CENT-SWPP,556.0,628.0,,21.0,,False,
2025-06-15T22:00:00.000Z,USA,Southwest Power Pool,US-CENT-SWPP,563.0,635.0,,20.0,,False,
2025-06-15T23:00:00.000Z,USA,Southwest Power Pool,US-CENT-SWPP,571.0,645.0,,18.0,,False,
2025-06-16T00:00:00.000Z,USA,Southwest Power Pool,US-CENT-SWPP,573.0,647.0,,18.0,,False,
2025-06-16T01:00:00.000Z,USA,Southwest Power Pool,US-CENT-SWPP,564.0,635.0,,20.0,,False,
2025-06-16T02:00:00.000Z,USA,Southwest Power Pool,US-CENT-SWPP,509.0,571.0,,30.0,,False,
2025-06-16T03:00:00.000Z,USA,Southwest Power Pool,US-CENT-SWPP,461.0,517.0,,36.0,,False,
2025-06-16T04:00:00.000Z,USA,Southwest Power Pool,US-CENT-SWPP,420.0,472.0,,41.0,,False,
2025-06-16T05:00:00.000Z,USA,Southwest Power Pool,US-CENT-SWPP,384.0,431.0,,46.0,,False,
2025-06-16T06:00:00.000Z,USA,Southwest Power Pool,US-CENT-SWPP,366.0,412.0,,48.0,,False,
2025-06-16T07:00:00.000Z,USA,Southwest Power Pool,US-CENT-SWPP,358.0,404.0,,48.0,,False,
2025-06-16T08:00:00.000Z,USA,Southwest Power Pool,US-CENT-SWPP,413.0,466.0,,40.0,,False,
2025-06-16T09:00:00.000Z,USA,Southwest Power Pool,US-CENT-SWPP,455.0,512.0,,35.0,,False,
2025-06-16T10:00:00.000Z,USA,Southwest Power Pool,US-CENT-SWPP,465.0,522.0,,34.0,,False,
2025-06-16T11:00:00.000Z,USA,Southwest Power Pool,US-CENT-SWPP,449.0,507.0,,35.0,,False,
2025-06-16T12:00:00.000Z,USA,Southwest Power Pool,US-CENT-SWPP,469.0,530.0,,32.0,,False,
2025-06-16T13:00:00.000Z,USA,Southwest Power Pool,US-CENT-SWPP,529.0,595.0,,25.0,,False,
2025-06-16T14:00:00.000Z,USA,Southwest Power Pool,US-CENT-SWPP,539.0,606.0,,24.0,,False,
2025-06-16T15:00:00.000Z,USA,Southwest Power Pool,US-CENT-SWPP,530.0,598.0,,25.0,,False,
2025-06-16T16:00:00.000Z,USA,Southwest Power Pool,US-CENT-SWPP,535.0,604.0,,24.0,,False,
2025-06-16T17:00:00.000Z,USA,Southwest Power Pool,US-CENT-SWPP,523.0,591.0,,26.0,,False,
2025-06-16T18:00:00.000Z,USA,Southwest Power Pool,US-CENT-SWPP,502.0,570.0,,28.0,,False,
2025-06-16T19:00:00.000Z,USA,Southwest Power Pool,US-CENT-SWPP,488.0,555.0,,29.0,,False,
2025-06-16T20:00:00.000Z,USA,Southwest Power Pool,US-CENT-SWPP,475.0,540.0,,31.0,,False,
2025-06-16T21:00:00.000Z,USA,Southwest Power Pool,US-CENT-SWPP,470.0,535.0,,31.0,,False,
2025-06-16T22:00:00.000Z,USA,Southwest Power Pool,US-CENT-SWPP,464.0,529.0,,32.0,,False,
2025-06-16T23:00:00.000Z,USA,Southwest Power Pool,US-CENT-SWPP,455.0,518.0,,34.0,,False,
2025-06-17T00:00:00.000Z,USA,Southwest Power Pool,US-CENT-SWPP,450.0,511.0,,35.0,,False,
2025-06-17T01:00:00.000Z,USA,Southwest Power Pool,US-CENT-SWPP,442.0,501.0,,37.0,,False,
2025-06-17T02:00:00.000Z,USA,Southwest Power Pool,US-CENT-SWPP,405.0,458.0,,43.0,,False,
2025-06-17T03:00:00.000Z,USA,Southwest Power Pool,US-CENT-SWPP,372.0,420.0,,48.0,,False,
2025-06-17T04:00:00.000Z,USA,Southwest Power Pool,US-CENT-SWPP,348.0,392.0,,51.0,,False,
2025-06-17T05:00:00.000Z,USA,Southwest Power Pool,US-CENT-SWPP,356.0,399.0,,51.0,,False,
2025-06-17T06:00:00.000Z,USA,Southwest Power Pool,US-CENT-SWPP,338.0,380.0,,53.0,,False,
2025-06-17T07:00:00.000Z,USA,Southwest Power Pool,US-CENT-SWPP,315.0,356.0,,55.0,,False,
2025-06-17T08:00:00.000Z,USA,Southwest Power Pool,US-CENT-SWPP,304.0,344.0,,56.0,,False,
2025-06-17T09:00:00.000Z,USA,Southwest Power Pool,US-CENT-SWPP,307.0,346.0,,56.0,,False,
2025-06-17T10:00:00.000Z,USA,Southwest Power Pool,US-CENT-SWPP,332.0,373.0,,53.0,,False,
2025-06-17T11:00:00.000Z,USA,Southwest Power Pool,US-CENT-SWPP,326.0,367.0,,54.0,,False,
2025-06-17T12:00:00.000Z,USA,Southwest Power Pool,US-CENT-SWPP,324.0,367.0,,54.0,,False,
2025-06-17T13:00:00.000Z,USA,Southwest Power Pool,US-CENT-SWPP,353.0,400.0,,49.0,,False,
2025-06-17T14:00:00.000Z,USA,Southwest Power Pool,US-CENT-SWPP,411.0,464.0,,42.0,,False,
2025-06-17T15:00:00.000Z,USA,Southwest Power Pool,US-CENT-SWPP,401.0,453.0,,43.0,,False,
2025-06-17T16:00:00.000Z,USA,Southwest Power Pool,US-CENT-SWPP,396.0,448.0,,44.0,,False,
2025-06-17T17:00:00.000Z,USA,Southwest Power Pool,US-CENT-SWPP,384.0,439.0,,43.0,,False,
2025-06-17T18:00:00.000Z,USA,Southwest Power Pool,US-CENT-SWPP,401.0,457.0,,41.0,,False,
2025-06-17T19:00:00.000Z,USA,Southwest Power Pool,US-CENT-SWPP,396.0,451.0,,42.0,,False,
2025-06-17T20:00:00.000Z,USA,Southwest Power Pool,US-CENT-SWPP,397.0,453.0,,41.0,,False,
2025-06-17T21:00:00.000Z,USA,Southwest Power Pool,US-CENT-SWPP,381.0,436.0,,43.0,,False,
2025-06-17T22:00:00.000Z,USA,Southwest Power Pool,US-CENT-SWPP,384.0,440.0,,42.0,,False,
2025-06-17T23:00:00.000Z,USA,Southwest Power Pool,US-CENT-SWPP,395.0,452.0,,41.0,,False,
2025-06-18T00:00:00.000Z,USA,Southwest Power Pool,US-CENT-SWPP,402.0,460.0,,40.0,,False,
2025-06-18T01:00:00.000Z,USA,Southwest Power Pool,US-CENT-SWPP,426.0,484.0,,38.0,,False,
2025-06-18T02:00:00.000Z,USA,Southwest Power Pool,US-CENT-SWPP,426.0,482.0,,39.0,,False,
2025-06-18T03:00:00.000Z,USA,Southwest Power Pool,US-CENT-SWPP,461.0,518.0,,36.0,,False,
2025-06-18T04:00:00.000Z,USA,Southwest Power Pool,US-CENT-SWPP,492.0,549.0,,33.0,,False,
2025-06-18T05:00:00.000Z,USA,Southwest Power Pool,US-CENT-SWPP,461.0,512.0,,38.0,,False,
2025-06-18T06:00:00.000Z,USA,Southwest Power Pool,US-CENT-SWPP,466.0,518.0,,37.0,,False,
2025-06-18T07:00:00.000Z,USA,Southwest Power Pool,US-CENT-SWPP,463.0,513.0,,39.0,,False,
2025-06-18T08:00:00.000Z,USA,Southwest Power Pool,US-CENT-SWPP,474.0,526.0,,37.0,,False,
2025-06-18T09:00:00.000Z,USA,Southwest Power Pool,US-CENT-SWPP,485.0,538.0,,35.0,,False,
2025-06-18T10:00:00.000Z,USA,Southwest Power Pool,US-CENT-SWPP,490.0,543.0,,35.0,,False,
2025-06-18T11:00:00.000Z,USA,Southwest Power Pool,US-CENT-SWPP,469.0,521.0,,38.0,,False,
2025-06-18T12:00:00.000Z,USA,Southwest Power Pool,US-CENT-SWPP,483.0,537.0,,35.0,,False,
2025-06-18T13:00:00.000Z,USA,Southwest Power Pool,US-CENT-SWPP,502.0,560.0,,32.0,,False,
2025-06-18T14:00:00.000Z,USA,Southwest Power Pool,US-CENT-SWPP,519.0,581.0,,28.0,,False,
2025-06-18T15:00:00.000Z,USA,Southwest Power Pool,US-CENT-SWPP,530.0,595.0,,26.0,,False,
2025-06-18T16:00:00.000Z,USA,Southwest Power Pool,US-CENT-SWPP,547.0,616.0,,23.0,,False,
2025-06-18T17:00:00.000Z,USA,Southwest Power Pool,US-CENT-SWPP,561.0,631.0,,21.0,,False,
2025-06-18T18:00:00.000Z,USA,Southwest Power Pool,US-CENT-SWPP,574.0,646.0,,20.0,,False,
2025-06-18T19:00:00.000Z,USA,Southwest Power Pool,US-CENT-SWPP,583.0,656.0,,19.0,,False,
2025-06-18T20:00:00.000Z,USA,Southwest Power Pool,US-CENT-SWPP,578.0,650.0,,19.0,,False,
2025-06-18T21:00:00.000Z,USA,Southwest Power Pool,US-CENT-SWPP,585.0,658.0,,18.0,,False,
2025-06-18T22:00:00.000Z,USA,Southwest Power Pool,US-CENT-SWPP,592.0,666.0,,17.0,,False,
2025-06-18T23:00:00.000Z,USA,Southwest Power Pool,US-CENT-SWPP,594.0,669.0,,17.0,,False,
2025-06-19T00:00:00.000Z,USA,Southwest Power Pool,US-CENT-SWPP,607.0,683.0,,15.0,,False,
2025-06-19T01:00:00.000Z,USA,Southwest Power Pool,US-CENT-SWPP,619.0,696.0,,13.0,,False,
2025-06-19T02:00:00.000Z,USA,Southwest Power Pool,US-CENT-SWPP,612.0,686.0,,15.0,,False,
2025-06-19T03:00:00.000Z,USA,Southwest Power Pool,US-CENT-SWPP,605.0,676.0,,17.0,,False,
2025-06-19T04:00:00.000Z,USA,Southwest Power Pool,US-CENT-SWPP,582.0,650.0,,20.0,,False,
2025-06-19T05:00:00.000Z,USA,Southwest Power Pool,US-CENT-SWPP,575.0,639.0,,23.0,,False,
2025-06-19T06:00:00.000Z,USA,Southwest Power Pool,US-CENT-SWPP,563.0,624.0,,25.0,,False,
2025-06-19T07:00:00.000Z,USA,Southwest Power Pool,US-CENT-SWPP,557.0,618.0,,25.0,,False,
2025-06-19T08:00:00.000Z,USA,Southwest Power Pool,US-CENT-SWPP,537.0,597.0,,28.0,,False,
2025-06-19T09:00:00.000Z,USA,Southwest Power Pool,US-CENT-SWPP,535.0,595.0,,27.0,,False,
2025-06-19T10:00:00.000Z,USA,Southwest Power Pool,US-CENT-SWPP,528.0,588.0,,28.0,,False,
2025-06-19T11:00:00.000Z,USA,Southwest Power Pool,US-CENT-SWPP,512.0,571.0,,30.0,,False,
2025-06-19T12:00:00.000Z,USA,Southwest Power Pool,US-CENT-SWPP,499.0,559.0,,31.0,,False,
2025-06-19T13:00:00.000Z,USA,Southwest Power Pool,US-CENT-SWPP,541.0,606.0,,25.0,,False,
2025-06-19T14:00:00.000Z,USA,Southwest Power Pool,US-CENT-SWPP,573.0,642.0,,21.0,,False,
2025-06-19T15:00:00.000Z,USA,Southwest Power Pool,US-CENT-SWPP,571.0,639.0,,22.0,,False,
2025-06-19T16:00:00.000Z,USA,Southwest Power Pool,US-CENT-SWPP,565.0,633.0,,23.0,,False,
2025-06-19T17:00:00.000Z,USA,Southwest Power Pool,US-CENT-SWPP,546.0,612.0,,26.0,,False,
2025-06-19T18:00:00.000Z,USA,Southwest Power Pool,US-CENT-SWPP,513.0,576.0,,30.0,,False,
2025-06-19T19:00:00.000Z,USA,Southwest Power Pool,US-CENT-SWPP,483.0,543.0,,34.0,,False,
2025-06-19T20:00:00.000Z,USA,Southwest Power Pool,US-CENT-SWPP,458.0,516.0,,37.0,,False,
2025-06-19T21:00:00.000Z,USA,Southwest Power Pool,US-CENT-SWPP,432.0,488.0,,40.0,,False,
2025-06-19T22:00:00.000Z,USA,Southwest Power Pool,US-CENT-SWPP,413.0,468.0,,42.0,,False,
2025-06-19T23:00:00.000Z,USA,Southwest Power Pool,US-CENT-SWPP,403.0,457.0,,43.0,,False,
2025-06-20T00:00:00.000Z,USA,Southwest Power Pool,US-CENT-SWPP,386.0,437.0,,46.0,,False,
2025-06-20T01:00:00.000Z,USA,Southwest Power Pool,US-CENT-SWPP,363.0,411.0,,49.0,,False,
2025-06-20T02:00:00.000Z,USA,Southwest Power Pool,US-CENT-SWPP,352.0,397.0,,51.0,,False,
2025-06-20T03:00:00.000Z,USA,Southwest Power Pool,US-CENT-SWPP,341.0,384.0,,53.0,,False,
2025-06-20T04:00:00.000Z,USA,Southwest Power Pool,US-CENT-SWPP,323.0,364.0,,55.0,,False,
2025-06-20T05:00:00.000Z,USA,Southwest Power Pool,US-CENT-SWPP,298.0,336.0,,58.0,,False,
2025-06-20T06:00:00.000Z,USA,Southwest Power Pool,US-CENT-SWPP,290.0,328.0,,58.0,,False,
2025-06-20T07:00:00.000Z,USA,Southwest Power Pool,US-CENT-SWPP,276.0,313.0,,60.0,,False,
2025-06-20T08:00:00.000Z,USA,Southwest Power Pool,US-CENT-SWPP,273.0,309.0,,60.0,,False,
2025-06-20T09:00:00.000Z,USA,Southwest Power Pool,US-CENT-SWPP,273.0,310.0,,60.0,,False,
2025-06-20T10:00:00.000Z,USA,Southwest Power Pool,US-CENT-SWPP,269.0,306.0,,60.0,,False,
2025-06-20T11:00:00.000Z,USA,Southwest Power Pool,US-CENT-SWPP,271.0,308.0,,60.0,,False,
2025-06-20T12:00:00.000Z,USA,Southwest Power Pool,US-CENT-SWPP,283.0,321.0,,59.0,,False,
2025-06-20T13:00:00.000Z,USA,Southwest Power Pool,US-CENT-SWPP,287.0,326.0,,59.0,,False,
2025-06-20T14:00:00.000Z,USA,Southwest Power Pool,US-CENT-SWPP,297.0,337.0,,57.0,,False,
2025-06-20T15:00:00.000Z,USA,Southwest Power Pool,US-CENT-SWPP,314.0,357.0,,55.0,,False,
2025-06-20T16:00:00.000Z,USA,Southwest Power Pool,US-CENT-SWPP,326.0,371.0,,53.0,,False,
2025-06-20T17:00:00.000Z,USA,Southwest Power Pool,US-CENT-SWPP,341.0,388.0,,51.0,,False,
2025-06-20T18:00:00.000Z,USA,Southwest Power Pool,US-CENT-SWPP,345.0,392.0,,51.0,,False,
2025-06-20T19:00:00.000Z,USA,Southwest Power Pool,US-CENT-SWPP,348.0,396.0,,51.0,,False,
2025-06-20T20:00:00.000Z,USA,Southwest Power Pool,US-CENT-SWPP,346.0,393.0,,51.0,,False,
2025-06-20T21:00:00.000Z,USA,Southwest Power Pool,US-CENT-SWPP,346.0,393.0,,51.0,,False,
2025-06-20T22:00:00.000Z,USA,Southwest Power Pool,US-CENT-SWPP,345.0,392.0,,51.0,,False,
2025-06-20T23:00:00.000Z,USA,Southwest Power Pool,US-CENT-SWPP,346.0,393.0,,51.0,,False,
2025-06-21T00:00:00.000Z,USA,Southwest Power Pool,US-CENT-SWPP,345.0,391.0,,51.0,,False,
2025-06-21T01:00:00.000Z,USA,Southwest Power Pool,US-CENT-SWPP,334.0,379.0,,53.0,,False,
2025-06-21T02:00:00.000Z,USA,Southwest Power Pool,US-CENT-SWPP,327.0,370.0,,54.0,,False,
2025-06-21T03:00:00.000Z,USA,Southwest Power Pool,US-CENT-SWPP,325.0,368.0,,55.0,,False,
2025-06-21T04:00:00.000Z,USA,Southwest Power Pool,US-CENT-SWPP,307.0,347.0,,57.0,,False,
2025-06-21T05:00:00.000Z,USA,Southwest Power Pool,US-CENT-SWPP,293.0,333.0,,58.0,,False,
2025-06-21T06:00:00.000Z,USA,Southwest Power Pool,US-CENT-SWPP,284.0,323.0,,58.0,,False,
2025-06-21T07:00:00.000Z,USA,Southwest Power Pool,US-CENT-SWPP,278.0,316.0,,59.0,,False,
2025-06-21T08:00:00.000Z,USA,Southwest Power Pool,US-CENT-SWPP,266.0,304.0,,60.0,,False,
2025-06-21T09:00:00.000Z,USA,Southwest Power Pool,US-CENT-SWPP,268.0,306.0,,60.0,,False,
2025-06-21T10:00:00.000Z,USA,Southwest Power Pool,US-CENT-SWPP,265.0,302.0,,60.0,,False,
2025-06-21T11:00:00.000Z,USA,Southwest Power Pool,US-CENT-SWPP,261.0,298.0,,61.0,,False,
2025-06-21T12:00:00.000Z,USA,Southwest Power Pool,US-CENT-SWPP,263.0,300.0,,61.0,,False,
2025-06-21T13:00:00.000Z,USA,Southwest Power Pool,US-CENT-SWPP,268.0,307.0,,60.0,,False,
2025-06-21T14:00:00.000Z,USA,Southwest Power Pool,US-CENT-SWPP,271.0,311.0,,59.0,,False,
2025-06-21T15:00:00.000Z,USA,Southwest Power Pool,US-CENT-SWPP,276.0,317.0,,58.0,,False,
2025-06-21T16:00:00.000Z,USA,Southwest Power Pool,US-CENT-SWPP,290.0,332.0,,57.0,,False,
2025-06-21T17:00:00.000Z,USA,Southwest Power Pool,US-CENT-SWPP,306.0,350.0,,55.0,,False,
2025-06-21T18:00:00.000Z,USA,Southwest Power Pool,US-CENT-SWPP,323.0,369.0,,53.0,,False,
2025-06-21T19:00:00.000Z,USA,Southwest Power Pool,US-CENT-SWPP,332.0,379.0,,52.0,,False,
2025-06-21T20:00:00.000Z,USA,Southwest Power Pool,US-CENT-SWPP,339.0,386.0,,51.0,,False,
2025-06-21T21:00:00.000Z,USA,Southwest Power Pool,US-CENT-SWPP,349.0,396.0,,50.0,,False,
2025-06-21T22:00:00.000Z,USA,Southwest Power Pool,US-CENT-SWPP,358.0,406.0,,49.0,,False,
2025-06-21T23:00:00.000Z,USA,Southwest Power Pool,US-CENT-SWPP,360.0,408.0,,49.0,,False,
2025-06-22T00:00:00.000Z,USA,Southwest Power Pool,US-CENT-SWPP,359.0,406.0,,50.0,,False,
2025-06-22T01:00:00.000Z,USA,Southwest Power Pool,US-CENT-SWPP,354.0,400.0,,51.0,,False,
2025-06-22T02:00:00.000Z,USA,Southwest Power Pool,US-CENT-SWPP,340.0,384.0,,53.0,,False,
2025-06-22T03:00:00.000Z,USA,Southwest Power Pool,US-CENT-SWPP,331.0,373.0,,54.0,,False,
2025-06-22T04:00:00.000Z,USA,Southwest Power Pool,US-CENT-SWPP,298.0,337.0,,58.0,,False,
2025-06-22T05:00:00.000Z,USA,Southwest Power Pool,US-CENT-SWPP,271.0,308.0,,60.0,,False,
2025-06-22T06:00:00.000Z,USA,Southwest Power Pool,US-CENT-SWPP,261.0,298.0,,61.0,,False,
2025-06-22T07:00:00.000Z,USA,Southwest Power Pool,US-CENT-SWPP,257.0,294.0,,61.0,,False,
2025-06-22T08:00:00.000Z,USA,Southwest Power Pool,US-CENT-SWPP,249.0,285.0,,62.0,,False,
2025-06-22T09:00:00.000Z,USA,Southwest Power Pool,US-CENT-SWPP,244.0,280.0,,63.0,,False,
2025-06-22T10:00:00.000Z,USA,Southwest Power Pool,US-CENT-SWPP,241.0,277.0,,63.0,,False,
2025-06-22T11:00:00.000Z,USA,Southwest Power Pool,US-CENT-SWPP,242.0,278.0,,62.0,,False,
2025-06-22T12:00:00.000Z,USA,Southwest Power Pool,US-CENT-SWPP,245.0,282.0,,62.0,,False,
2025-06-22T13:00:00.000Z,USA,Southwest Power Pool,US-CENT-SWPP,255.0,293.0,,61.0,,False,
2025-06-22T14:00:00.000Z,USA,Southwest Power Pool,US-CENT-SWPP,268.0,307.0,,60.0,,False,
2025-06-22T15:00:00.000Z,USA,Southwest Power Pool,US-CENT-SWPP,267.0,307.0,,60.0,,False,
2025-06-22T16:00:00.000Z,USA,Southwest Power Pool,US-CENT-SWPP,277.0,318.0,,58.0,,False,
2025-06-22T17:00:00.000Z,USA,Southwest Power Pool,US-CENT-SWPP,278.0,321.0,,58.0,,False,
2025-06-22T18:00:00.000Z,USA,Southwest Power Pool,US-CENT-SWPP,288.0,331.0,,57.0,,False,
2025-06-22T19:00:00.000Z,USA,Southwest Power Pool,US-CENT-SWPP,297.0,342.0,,55.0,,False,
2025-06-22T20:00:00.000Z,USA,Southwest Power Pool,US-CENT-SWPP,299.0,344.0,,55.0,,False,
2025-06-22T21:00:00.000Z,USA,Southwest Power Pool,US-CENT-SWPP,304.0,351.0,,54.0,,False,
2025-06-22T22:00:00.000Z,USA,Southwest Power Pool,US-CENT-SWPP,311.0,358.0,,53.0,,False,
2025-06-22T23:00:00.000Z,USA,Southwest Power Pool,US-CENT-SWPP,319.0,366.0,,53.0,,False,
2025-06-23T00:00:00.000Z,USA,Southwest Power Pool,US-CENT-SWPP,324.0,370.0,,53.0,,False,
2025-06-23T01:00:00.000Z,USA,Southwest Power Pool,US-CENT-SWPP,328.0,373.0,,53.0,,False,
2025-06-23T02:00:00.000Z,USA,Southwest Power Pool,US-CENT-SWPP,327.0,371.0,,53.0,,False,
2025-06-23T03:00:00.000Z,USA,Southwest Power Pool,US-CENT-SWPP,313.0,356.0,,55.0,,False,
2025-06-23T04:00:00.000Z,USA,Southwest Power Pool,US-CENT-SWPP,305.0,347.0,,56.0,,False,
2025-06-23T05:00:00.000Z,USA,Southwest Power Pool,US-CENT-SWPP,301.0,342.0,,56.0,,False,
2025-06-23T06:00:00.000Z,USA,Southwest Power Pool,US-CENT-SWPP,289.0,330.0,,57.0,,False,
2025-06-23T07:00:00.000Z,USA,Southwest Power Pool,US-CENT-SWPP,285.0,325.0,,57.0,,False,
2025-06-23T08:00:00.000Z,USA,Southwest Power Pool,US-CENT-SWPP,285.0,325.0,,57.0,,False,
2025-06-23T09:00:00.000Z,USA,Southwest Power Pool,US-CENT-SWPP,283.0,322.0,,58.0,,False,
2025-06-23T10:00:00.000Z,USA,Southwest Power Pool,US-CENT-SWPP,284.0,323.0,,58.0,,False,
2025-06-23T11:00:00.000Z,USA,Southwest Power Pool,US-CENT-SWPP,291.0,331.0,,57.0,,False,
2025-06-23T12:00:00.000Z,USA,Southwest Power Pool,US-CENT-SWPP,294.0,335.0,,57.0,,False,
2025-06-23T13:00:00.000Z,USA,Southwest Power Pool,US-CENT-SWPP,298.0,340.0,,57.0,,False,
2025-06-23T14:00:00.000Z,USA,Southwest Power Pool,US-CENT-SWPP,295.0,338.0,,57.0,,False,
2025-06-23T15:00:00.000Z,USA,Southwest Power Pool,US-CENT-SWPP,320.0,365.0,,53.0,,False,
2025-06-23T16:00:00.000Z,USA,Southwest Power Pool,US-CENT-SWPP,346.0,394.0,,50.0,,False,
2025-06-23T17:00:00.000Z,USA,Southwest Power Pool,US-CENT-SWPP,376.0,428.0,,46.0,,False,
2025-06-23T18:00:00.000Z,USA,Southwest Power Pool,US-CENT-SWPP,407.0,461.0,,43.0,,False,
2025-06-23T19:00:00.000Z,USA,Southwest Power Pool,US-CENT-SWPP,418.0,473.0,,41.0,,False,
2025-06-23T20:00:00.000Z,USA,Southwest Power Pool,US-CENT-SWPP,432.0,488.0,,39.0,,False,
2025-06-23T21:00:00.000Z,USA,Southwest Power Pool,US-CENT-SWPP,434.0,491.0,,39.0,,False,
2025-06-23T22:00:00.000Z,USA,Southwest Power Pool,US-CENT-SWPP,421.0,478.0,,40.0,,False,
2025-06-23T23:00:00.000Z,USA,Southwest Power Pool,US-CENT-SWPP,413.0,469.0,,41.0,,False,
2025-06-24T00:00:00.000Z,USA,Southwest Power Pool,US-CENT-SWPP,423.0,482.0,,38.0,,False,
2025-06-24T01:00:00.000Z,USA,Southwest Power Pool,US-CENT-SWPP,445.0,507.0,,35.0,,False,
2025-06-24T02:00:00.000Z,USA,Southwest Power Pool,US-CENT-SWPP,447.0,507.0,,36.0,,False,
2025-06-24T03:00:00.000Z,USA,Southwest Power Pool,US-CENT-SWPP,450.0,508.0,,36.0,,False,
2025-06-24T04:00:00.000Z,USA,Southwest Power Pool,US-CENT-SWPP,445.0,499.0,,39.0,,False,
2025-06-24T05:00:00.000Z,USA,Southwest Power Pool,US-CENT-SWPP,437.0,488.0,,41.0,,False,
2025-06-24T06:00:00.000Z,USA,Southwest Power Pool,US-CENT-SWPP,419.0,468.0,,43.0,,False,
2025-06-24T07:00:00.000Z,USA,Southwest Power Pool,US-CENT-SWPP,390.0,437.0,,45.0,,False,
2025-06-24T08:00:00.000Z,USA,Southwest Power Pool,US-CENT-SWPP,369.0,415.0,,48.0,,False,
2025-06-24T09:00:00.000Z,USA,Southwest Power Pool,US-CENT-SWPP,369.0,416.0,,48.0,,False,
2025-06-24T10:00:00.000Z,USA,Southwest Power Pool,US-CENT-SWPP,392.0,440.0,,45.0,,False,
2025-06-24T11:00:00.000Z,USA,Southwest Power Pool,US-CENT-SWPP,423.0,474.0,,41.0,,False,
2025-06-24T12:00:00.000Z,USA,Southwest Power Pool,US-CENT-SWPP,470.0,526.0,,35.0,,False,
2025-06-24T13:00:00.000Z,USA,Southwest Power Pool,US-CENT-SWPP,490.0,549.0,,32.0,,False,
2025-06-24T14:00:00.000Z,USA,Southwest Power Pool,US-CENT-SWPP,478.0,538.0,,33.0,,False,
2025-06-24T15:00:00.000Z,USA,Southwest Power Pool,US-CENT-SWPP,488.0,551.0,,31.0,,False,
2025-06-24T16:00:00.000Z,USA,Southwest Power Pool,US-CENT-SWPP,506.0,573.0,,27.0,,False,
2025-06-24T17:00:00.000Z,USA,Southwest Power Pool,US-CENT-SWPP,511.0,582.0,,25.0,,False,
2025-06-24T18:00:00.000Z,USA,Southwest Power Pool,US-CENT-SWPP,509.0,582.0,,24.0,,False,
2025-06-24T19:00:00.000Z,USA,Southwest Power Pool,US-CENT-SWPP,502.0,575.0,,25.0,,False,
2025-06-24T20:00:00.000Z,USA,Southwest Power Pool,US-CENT-SWPP,492.0,564.0,,26.0,,False,
2025-06-24T21:00:00.000Z,USA,Southwest Power Pool,US-CENT-SWPP,471.0,541.0,,29.0,,False,
2025-06-24T22:00:00.000Z,USA,Southwest Power Pool,US-CENT-SWPP,453.0,523.0,,30.0,,False,
2025-06-24T23:00:00.000Z,USA,Southwest Power Pool,US-CENT-SWPP,457.0,527.0,,30.0,,False,
2025-06-25T00:00:00.000Z,USA,Southwest Power Pool,US-CENT-SWPP,468.0,539.0,,28.0,,False,
2025-06-25T01:00:00.000Z,USA,Southwest Power Pool,US-CENT-SWPP,453.0,520.0,,31.0,,False,
2025-06-25T02:00:00.000Z,USA,Southwest Power Pool,US-CENT-SWPP,435.0,496.0,,36.0,,False,
2025-06-25T03:00:00.000Z,USA,Southwest Power Pool,US-CENT-SWPP,409.0,465.0,,40.0,,False,
2025-06-25T04:00:00.000Z,USA,Southwest Power Pool,US-CENT-SWPP,391.0,441.0,,45.0,,False,
2025-06-25T05:00:00.000Z,USA,Southwest Power Pool,US-CENT-SWPP,372.0,418.0,,48.0,,False,
2025-06-25T06:00:00.000Z,USA,Southwest Power Pool,US-CENT-SWPP,343.0,387.0,,51.0,,False,
2025-06-25T07:00:00.000Z,USA,Southwest Power Pool,US-CENT-SWPP,324.0,367.0,,53.0,,False,
2025-06-25T08:00:00.000Z,USA,Southwest Power Pool,US-CENT-SWPP,311.0,354.0,,54.0,,False,
2025-06-25T09:00:00.000Z,USA,Southwest Power Pool,US-CENT-SWPP,316.0,359.0,,53.0,,False,
2025-06-25T10:00:00.000Z,USA,Southwest Power Pool,US-CENT-SWPP,327.0,372.0,,52.0,,False,
2025-06-25T11:00:00.000Z,USA,Southwest Power Pool,US-CENT-SWPP,338.0,383.0,,51.0,,False,
2025-06-25T12:00:00.000Z,USA,Southwest Power Pool,US-CENT-SWPP,371.0,420.0,,47.0,,False,
2025-06-25T13:00:00.000Z,USA,Southwest Power Pool,US-CENT-SWPP,393.0,446.0,,43.0,,False,
2025-06-25T14:00:00.000Z,USA,Southwest Power Pool,US-CENT-SWPP,404.0,459.0,,42.0,,False,
2025-06-25T15:00:00.000Z,USA,Southwest Power Pool,US-CENT-SWPP,413.0,470.0,,40.0,,False,
2025-06-25T16:00:00.000Z,USA,Southwest Power Pool,US-CENT-SWPP,412.0,469.0,,40.0,,False,
2025-06-25T17:00:00.000Z,USA,Southwest Power Pool,US-CENT-SWPP,404.0,462.0,,40.0,,False,
2025-06-25T18:00:00.000Z,USA,Southwest Power Pool,US-CENT-SWPP,399.0,458.0,,40.0,,False,
2025-06-25T19:00:00.000Z,USA,Southwest Power Pool,US-CENT-SWPP,400.0,459.0,,40.0,,False,
2025-06-25T20:00:00.000Z,USA,Southwest Power Pool,US-CENT-SWPP,404.0,463.0,,40.0,,False,
2025-06-25T21:00:00.000Z,USA,Southwest Power Pool,US-CENT-SWPP,409.0,469.0,,39.0,,False,
2025-06-25T22:00:00.000Z,USA,Southwest Power Pool,US-CENT-SWPP,413.0,474.0,,38.0,,False,
2025-06-25T23:00:00.000Z,USA,Southwest Power Pool,US-CENT-SWPP,415.0,476.0,,38.0,,False,
2025-06-26T00:00:00.000Z,USA,Southwest Power Pool,US-CENT-SWPP,415.0,474.0,,39.0,,False,
2025-06-26T01:00:00.000Z,USA,Southwest Power Pool,US-CENT-SWPP,410.0,468.0,,40.0,,False,
2025-06-26T02:00:00.000Z,USA,Southwest Power Pool,US-CENT-SWPP,395.0,450.0,,42.0,,False,
2025-06-26T03:00:00.000Z,USA,Southwest Power Pool,US-CENT-SWPP,374.0,425.0,,46.0,,False,
2025-06-26T04:00:00.000Z,USA,Southwest Power Pool,US-CENT-SWPP,367.0,415.0,,48.0,,False,
2025-06-26T05:00:00.000Z,USA,Southwest Power Pool,US-CENT-SWPP,343.0,389.0,,50.0,,False,
2025-06-26T06:00:00.000Z,USA,Southwest Power Pool,US-CENT-SWPP,323.0,369.0,,52.0,,False,
2025-06-26T07:00:00.000Z,USA,Southwest Power Pool,US-CENT-SWPP,317.0,362.0,,52.0,,False,
2025-06-26T08:00:00.000Z,USA,Southwest Power Pool,US-CENT-SWPP,318.0,363.0,,52.0,,False,
2025-06-26T09:00:00.000Z,USA,Southwest Power Pool,US-CENT-SWPP,333.0,380.0,,50.0,,False,
2025-06-26T10:00:00.000Z,USA,Southwest Power Pool,US-CENT-SWPP,346.0,394.0,,48.0,,False,
2025-06-26T11:00:00.000Z,USA,Southwest Power Pool,US-CENT-SWPP,341.0,389.0,,49.0,,False,
2025-06-26T12:00:00.000Z,USA,Southwest Power Pool,US-CENT-SWPP,380.0,432.0,,44.0,,False,
2025-06-26T13:00:00.000Z,USA,Southwest Power Pool,US-CENT-SWPP,411.0,467.0,,40.0,,False,
2025-06-26T14:00:00.000Z,USA,Southwest Power Pool,US-CENT-SWPP,423.0,481.0,,38.0,,False,
2025-06-26T15:00:00.000Z,USA,Southwest Power Pool,US-CENT-SWPP,468.0,531.0,,32.0,,False,
2025-06-26T16:00:00.000Z,USA,Southwest Power Pool,US-CENT-SWPP,504.0,571.0,,27.0,,False,
2025-06-26T17:00:00.000Z,USA,Southwest Power Pool,US-CENT-SWPP,526.0,596.0,,24.0,,False,
2025-06-26T18:00:00.000Z,USA,Southwest Power Pool,US-CENT-SWPP,535.0,606.0,,23.0,,False,
2025-06-26T19:00:00.000Z,USA,Southwest Power Pool,US-CENT-SWPP,541.0,613.0,,22.0,,False,
2025-06-26T20:00:00.000Z,USA,Southwest Power Pool,US-CENT-SWPP,531.0,601.0,,24.0,,False,
2025-06-26T21:00:00.000Z,USA,Southwest Power Pool,US-CENT-SWPP,524.0,593.0,,25.0,,False,
2025-06-26T22:00:00.000Z,USA,Southwest Power Pool,US-CENT-SWPP,516.0,583.0,,27.0,,False,
2025-06-26T23:00:00.000Z,USA,Southwest Power Pool,US-CENT-SWPP,501.0,567.0,,29.0,,False,
2025-06-27T00:00:00.000Z,USA,Southwest Power Pool,US-CENT-SWPP,501.0,566.0,,29.0,,False,
2025-06-27T01:00:00.000Z,USA,Southwest Power Pool,US-CENT-SWPP,501.0,565.0,,29.0,,False,
2025-06-27T02:00:00.000Z,USA,Southwest Power Pool,US-CENT-SWPP,503.0,567.0,,29.0,,False,
2025-06-27T03:00:00.000Z,USA,Southwest Power Pool,US-CENT-SWPP,494.0,555.0,,31.0,,False,
2025-06-27T04:00:00.000Z,USA,Southwest Power Pool,US-CENT-SWPP,461.0,516.0,,37.0,,False,
2025-06-27T05:00:00.000Z,USA,Southwest Power Pool,US-CENT-SWPP,460.0,514.0,,37.0,,False,
2025-06-27T06:00:00.000Z,USA,Southwest Power Pool,US-CENT-SWPP,471.0,526.0,,36.0,,False,
2025-06-27T07:00:00.000Z,USA,Southwest Power Pool,US-CENT-SWPP,468.0,521.0,,37.0,,False,
2025-06-27T08:00:00.000Z,USA,Southwest Power Pool,US-CENT-SWPP,459.0,512.0,,37.0,,False,
2025-06-27T09:00:00.000Z,USA,Southwest Power Pool,US-CENT-SWPP,477.0,532.0,,35.0,,False,
2025-06-27T10:00:00.000Z,USA,Southwest Power Pool,US-CENT-SWPP,504.0,562.0,,31.0,,False,
2025-06-27T11:00:00.000Z,USA,Southwest Power Pool,US-CENT-SWPP,498.0,556.0,,32.0,,False,
2025-06-27T12:00:00.000Z,USA,Southwest Power Pool,US-CENT-SWPP,525.0,588.0,,27.0,,False,
2025-06-27T13:00:00.000Z,USA,Southwest Power Pool,US-CENT-SWPP,576.0,645.0,,20.0,,False,
2025-06-27T14:00:00.000Z,USA,Southwest Power Pool,US-CENT-SWPP,579.0,649.0,,20.0,,False,
2025-06-27T15:00:00.000Z,USA,Southwest Power Pool,US-CENT-SWPP,578.0,649.0,,19.0,,False,
2025-06-27T16:00:00.000Z,USA,Southwest Power Pool,US-CENT-SWPP,565.0,637.0,,20.0,,False,
2025-06-27T17:00:00.000Z,USA,Southwest Power Pool,US-CENT-SWPP,564.0,637.0,,20.0,,False,
2025-06-27T18:00:00.000Z,USA,Southwest Power Pool,US-CENT-SWPP,548.0,620.0,,22.0,,False,
2025-06-27T19:00:00.000Z,USA,Southwest Power Pool,US-CENT-SWPP,532.0,601.0,,25.0,,False,
2025-06-27T20:00:00.000Z,USA,Southwest Power Pool,US-CENT-SWPP,528.0,597.0,,25.0,,False,
2025-06-27T21:00:00.000Z,USA,Southwest Power Pool,US-CENT-SWPP,537.0,606.0,,24.0,,False,
2025-06-27T22:00:00.000Z,USA,Southwest Power Pool,US-CENT-SWPP,536.0,605.0,,25.0,,False,
2025-06-27T23:00:00.000Z,USA,Southwest Power Pool,US-CENT-SWPP,508.0,573.0,,28.0,,False,
2025-06-28T00:00:00.000Z,USA,Southwest Power Pool,US-CENT-SWPP,470.0,532.0,,33.0,,False,
2025-06-28T01:00:00.000Z,USA,Southwest Power Pool,US-CENT-SWPP,439.0,497.0,,37.0,,False,
2025-06-28T02:00:00.000Z,USA,Southwest Power Pool,US-CENT-SWPP,416.0,470.0,,41.0,,False,
2025-06-28T03:00:00.000Z,USA,Southwest Power Pool,US-CENT-SWPP,410.0,462.0,,42.0,,False,
2025-06-28T04:00:00.000Z,USA,Southwest Power Pool,US-CENT-SWPP,387.0,436.0,,45.0,,False,
2025-06-28T05:00:00.000Z,USA,Southwest Power Pool,US-CENT-SWPP,360.0,405.0,,49.0,,False,
2025-06-28T06:00:00.000Z,USA,Southwest Power Pool,US-CENT-SWPP,345.0,389.0,,51.0,,False,
2025-06-28T07:00:00.000Z,USA,Southwest Power Pool,US-CENT-SWPP,348.0,393.0,,50.0,,False,
2025-06-28T08:00:00.000Z,USA,Southwest Power Pool,US-CENT-SWPP,353.0,398.0,,49.0,,False,
2025-06-28T09:00:00.000Z,USA,Southwest Power Pool,US-CENT-SWPP,357.0,402.0,,49.0,,False,
2025-06-28T10:00:00.000Z,USA,Southwest Power Pool,US-CENT-SWPP,344.0,389.0,,50.0,,False,
2025-06-28T11:00:00.000Z,USA,Southwest Power Pool,US-CENT-SWPP,330.0,374.0,,52.0,,False,
2025-06-28T12:00:00.000Z,USA,Southwest Power Pool,US-CENT-SWPP,350.0,397.0,,49.0,,False,
2025-06-28T13:00:00.000Z,USA,Southwest Power Pool,US-CENT-SWPP,410.0,462.0,,42.0,,False,
2025-06-28T14:00:00.000Z,USA,Southwest Power Pool,US-CENT-SWPP,424.0,477.0,,41.0,,False,
2025-06-28T15:00:00.000Z,USA,Southwest Power Pool,US-CENT-SWPP,433.0,488.0,,39.0,,False,
2025-06-28T16:00:00.000Z,USA,Southwest Power Pool,US-CENT-SWPP,443.0,499.0,,38.0,,False,
2025-06-28T17:00:00.000Z,USA,Southwest Power Pool,US-CENT-SWPP,441.0,498.0,,38.0,,False,
2025-06-28T18:00:00.000Z,USA,Southwest Power Pool,US-CENT-SWPP,440.0,497.0,,38.0,,False,
2025-06-28T19:00:00.000Z,USA,Southwest Power Pool,US-CENT-SWPP,442.0,499.0,,38.0,,False,
2025-06-28T20:00:00.000Z,USA,Southwest Power Pool,US-CENT-SWPP,440.0,497.0,,38.0,,False,
2025-06-28T21:00:00.000Z,USA,Southwest Power Pool,US-CENT-SWPP,433.0,490.0,,39.0,,False,
2025-06-28T22:00:00.000Z,USA,Southwest Power Pool,US-CENT-SWPP,420.0,475.0,,41.0,,False,
2025-06-28T23:00:00.000Z,USA,Southwest Power Pool,US-CENT-SWPP,405.0,459.0,,43.0,,False,
2025-06-29T00:00:00.000Z,USA,Southwest Power Pool,US-CENT-SWPP,391.0,444.0,,44.0,,False,
2025-06-29T01:00:00.000Z,USA,Southwest Power Pool,US-CENT-SWPP,395.0,448.0,,44.0,,False,
2025-06-29T02:00:00.000Z,USA,Southwest Power Pool,US-CENT-SWPP,374.0,423.0,,47.0,,False,
2025-06-29T03:00:00.000Z,USA,Southwest Power Pool,US-CENT-SWPP,361.0,408.0,,49.0,,False,
2025-06-29T04:00:00.000Z,USA,Southwest Power Pool,US-CENT-SWPP,336.0,380.0,,52.0,,False,
2025-06-29T05:00:00.000Z,USA,Southwest Power Pool,US-CENT-SWPP,311.0,352.0,,55.0,,False,
2025-06-29T06:00:00.000Z,USA,Southwest Power Pool,US-CENT-SWPP,309.0,348.0,,56.0,,False,
2025-06-29T07:00:00.000Z,USA,Southwest Power Pool,US-CENT-SWPP,317.0,357.0,,55.0,,False,
2025-06-29T08:00:00.000Z,USA,Southwest Power Pool,US-CENT-SWPP,330.0,370.0,,54.0,,False,
2025-06-29T09:00:00.000Z,USA,Southwest Power Pool,US-CENT-SWPP,323.0,363.0,,55.0,,False,
2025-06-29T10:00:00.000Z,USA,Southwest Power Pool,US-CENT-SWPP,322.0,361.0,,55.0,,False,
2025-06-29T11:00:00.000Z,USA,Southwest Power Pool,US-CENT-SWPP,327.0,367.0,,54.0,,False,
2025-06-29T12:00:00.000Z,USA,Southwest Power Pool,US-CENT-SWPP,331.0,373.0,,53.0,,False,
2025-06-29T13:00:00.000Z,USA,Southwest Power Pool,US-CENT-SWPP,349.0,396.0,,49.0,,False,
2025-06-29T14:00:00.000Z,USA,Southwest Power Pool,US-CENT-SWPP,385.0,436.0,,44.0,,False,
2025-06-29T15:00:00.000Z,USA,Southwest Power Pool,US-CENT-SWPP,418.0,472.0,,40.0,,False,
2025-06-29T16:00:00.000Z,USA,Southwest Power Pool,US-CENT-SWPP,465.0,525.0,,34.0,,False,
2025-06-29T17:00:00.000Z,USA,Southwest Power Pool,US-CENT-SWPP,511.0,576.0,,28.0,,False,
2025-06-29T18:00:00.000Z,USA,Southwest Power Pool,US-CENT-SWPP,554.0,623.0,,23.0,,False,
2025-06-29T19:00:00.000Z,USA,Southwest Power Pool,US-CENT-SWPP,575.0,645.0,,20.0,,False,
2025-06-29T20:00:00.000Z,USA,Southwest Power Pool,US-CENT-SWPP,554.0,623.0,,23.0,,False,
2025-06-29T21:00:00.000Z,USA,Southwest Power Pool,US-CENT-SWPP,536.0,603.0,,25.0,,False,
2025-06-29T22:00:00.000Z,USA,Southwest Power Pool,US-CENT-SWPP,523.0,589.0,,27.0,,False,
2025-06-29T23:00:00.000Z,USA,Southwest Power Pool,US-CENT-SWPP,505.0,570.0,,29.0,,False,
2025-06-30T00:00:00.000Z,USA,Southwest Power Pool,US-CENT-SWPP,493.0,555.0,,31.0,,False,
2025-06-30T01:00:00.000Z,USA,Southwest Power Pool,US-CENT-SWPP,463.0,522.0,,36.0,,False,
2025-06-30T02:00:00.000Z,USA,Southwest Power Pool,US-CENT-SWPP,410.0,462.0,,43.0,,False,
2025-06-30T03:00:00.000Z,USA,Southwest Power Pool,US-CENT-SWPP,384.0,433.0,,46.0,,False,
2025-06-30T04:00:00.000Z,USA,Southwest Power Pool,US-CENT-SWPP,379.0,427.0,,46.0,,False,
2025-06-30T05:00:00.000Z,USA,Southwest Power Pool,US-CENT-SWPP,385.0,433.0,,46.0,,False,
2025-06-30T06:00:00.000Z,USA,Southwest Power Pool,US-CENT-SWPP,369.0,416.0,,48.0,,False,
2025-06-30T07:00:00.000Z,USA,Southwest Power Pool,US-CENT-SWPP,373.0,420.0,,47.0,,False,
2025-06-30T08:00:00.000Z,USA,Southwest Power Pool,US-CENT-SWPP,372.0,419.0,,47.0,,False,
2025-06-30T09:00:00.000Z,USA,Southwest Power Pool,US-CENT-SWPP,397.0,446.0,,44.0,,False,
2025-06-30T10:00:00.000Z,USA,Southwest Power Pool,US-CENT-SWPP,418.0,470.0,,41.0,,False,
2025-06-30T11:00:00.000Z,USA,Southwest Power Pool,US-CENT-SWPP,405.0,456.0,,42.0,,False,
2025-06-30T12:00:00.000Z,USA,Southwest Power Pool,US-CENT-SWPP,430.0,485.0,,39.0,,False,
2025-06-30T13:00:00.000Z,USA,Southwest Power Pool,US-CENT-SWPP,484.0,546.0,,31.0,,False,
2025-06-30T14:00:00.000Z,USA,Southwest Power Pool,US-CENT-SWPP,517.0,582.0,,27.0,,False,
2025-06-30T15:00:00.000Z,USA,Southwest Power Pool,US-CENT-SWPP,541.0,608.0,,24.0,,False,
2025-06-30T16:00:00.000Z,USA,Southwest Power Pool,US-CENT-SWPP,510.0,574.0,,28.0,,False,
2025-06-30T17:00:00.000Z,USA,Southwest Power Pool,US-CENT-SWPP,527.0,593.0,,26.0,,False,
2025-06-30T18:00:00.000Z,USA,Southwest Power Pool,US-CENT-SWPP,550.0,619.0,,23.0,,False,
2025-06-30T19:00:00.000Z,USA,Southwest Power Pool,US-CENT-SWPP,555.0,624.0,,23.0,,False,
2025-06-30T20:00:00.000Z,USA,Southwest Power Pool,US-CENT-SWPP,551.0,620.0,,24.0,,False,
2025-06-30T21:00:00.000Z,USA,Southwest Power Pool,US-CENT-SWPP,542.0,609.0,,25.0,,False,
2025-06-30T22:00:00.000Z,USA,Southwest Power Pool,US-CENT-SWPP,525.0,589.0,,28.0,,False,
2025-06-30T23:00:00.000Z,USA,Southwest Power Pool,US-CENT-SWPP,506.0,569.0,,30.0,,False,
2025-07-01T00:00:00.000Z,USA,Southwest Power Pool,US-CENT-SWPP,543.0,611.0,,24.0,,False,
2025-07-01T01:00:00.000Z,USA,Southwest Power Pool,US-CENT-SWPP,589.0,661.0,,18.0,,False,
2025-07-01T02:00:00.000Z,USA,Southwest Power Pool,US-CENT-SWPP,603.0,676.0,,17.0,,False,
2025-07-01T03:00:00.000Z,USA,Southwest Power Pool,US-CENT-SWPP,622.0,696.0,,15.0,,False,
2025-07-01T04:00:00.000Z,USA,Southwest Power Pool,US-CENT-SWPP,631.0,704.0,,14.0,,False,
2025-07-01T05:00:00.000Z,USA,Southwest Power Pool,US-CENT-SWPP,634.0,705.0,,14.0,,False,
2025-07-01T06:00:00.000Z,USA,Southwest Power Pool,US-CENT-SWPP,645.0,716.0,,13.0,,False,
2025-07-01T07:00:00.000Z,USA,Southwest Power Pool,US-CENT-SWPP,632.0,702.0,,15.0,,False,
2025-07-01T08:00:00.000Z,USA,Southwest Power Pool,US-CENT-SWPP,612.0,682.0,,16.0,,False,
2025-07-01T09:00:00.000Z,USA,Southwest Power Pool,US-CENT-SWPP,629.0,700.0,,14.0,,False,
2025-07-01T10:00:00.000Z,USA,Southwest Power Pool,US-CENT-SWPP,635.0,706.0,,14.0,,False,
2025-07-01T11:00:00.000Z,USA,Southwest Power Pool,US-CENT-SWPP,630.0,701.0,,15.0,,False,
2025-07-01T12:00:00.000Z,USA,Southwest Power Pool,US-CENT-SWPP,636.0,708.0,,14.0,,False,
2025-07-01T13:00:00.000Z,USA,Southwest Power Pool,US-CENT-SWPP,650.0,725.0,,11.0,,False,
2025-07-01T14:00:00.000Z,USA,Southwest Power Pool,US-CENT-SWPP,661.0,739.0,,9.0,,False,
2025-07-01T15:00:00.000Z,USA,Southwest Power Pool,US-CENT-SWPP,646.0,725.0,,10.0,,False,
2025-07-01T16:00:00.000Z,USA,Southwest Power Pool,US-CENT-SWPP,639.0,719.0,,10.0,,False,
2025-07-01T17:00:00.000Z,USA,Southwest Power Pool,US-CENT-SWPP,630.0,712.0,,10.0,,False,
2025-07-01T18:00:00.000Z,USA,Southwest Power Pool,US-CENT-SWPP,624.0,706.0,,10.0,,False,
2025-07-01T19:00:00.000Z,USA,Southwest Power Pool,US-CENT-SWPP,618.0,700.0,,10.0,,False,
2025-07-01T20:00:00.000Z,USA,Southwest Power Pool,US-CENT-SWPP,610.0,692.0,,11.0,,False,
2025-07-01T21:00:00.000Z,USA,Southwest Power Pool,US-CENT-SWPP,611.0,693.0,,11.0,,False,
2025-07-01T22:00:00.000Z,USA,Southwest Power Pool,US-CENT-SWPP,598.0,679.0,,13.0,,False,
2025-07-01T23:00:00.000Z,USA,Southwest Power Pool,US-CENT-SWPP,591.0,668.0,,15.0,,False,
2025-07-02T00:00:00.000Z,USA,Southwest Power Pool,US-CENT-SWPP,589.0,664.0,,17.0,,False,
2025-07-02T01:00:00.000Z,USA,Southwest Power Pool,US-CENT-SWPP,574.0,645.0,,20.0,,False,
2025-07-02T02:00:00.000Z,USA,Southwest Power Pool,US-CENT-SWPP,545.0,610.0,,25.0,,False,
2025-07-02T03:00:00.000Z,USA,Southwest Power Pool,US-CENT-SWPP,514.0,573.0,,31.0,,False,
2025-07-02T04:00:00.000Z,USA,Southwest Power Pool,US-CENT-SWPP,470.0,525.0,,36.0,,False,
2025-07-02T05:00:00.000Z,USA,Southwest Power Pool,US-CENT-SWPP,420.0,471.0,,41.0,,False,
2025-07-02T06:00:00.000Z,USA,Southwest Power Pool,US-CENT-SWPP,401.0,452.0,,43.0,,False,
2025-07-02T07:00:00.000Z,USA,Southwest Power Pool,US-CENT-SWPP,398.0,450.0,,42.0,,False,
2025-07-02T08:00:00.000Z,USA,Southwest Power Pool,US-CENT-SWPP,428.0,482.0,,39.0,,False,
2025-07-02T09:00:00.000Z,USA,Southwest Power Pool,US-CENT-SWPP,473.0,530.0,,34.0,,False,
2025-07-02T10:00:00.000Z,USA,Southwest Power Pool,US-CENT-SWPP,516.0,577.0,,29.0,,False,
2025-07-02T11:00:00.000Z,USA,Southwest Power Pool,US-CENT-SWPP,538.0,601.0,,26.0,,False,
2025-07-02T12:00:00.000Z,USA,Southwest Power Pool,US-CENT-SWPP,564.0,630.0,,23.0,,False,
2025-07-02T13:00:00.000Z,USA,Southwest Power Pool,US-CENT-SWPP,592.0,662.0,,19.0,,False,
2025-07-02T14:00:00.000Z,USA,Southwest Power Pool,US-CENT-SWPP,606.0,677.0,,17.0,,False,
2025-07-02T15:00:00.000Z,USA,Southwest Power Pool,US-CENT-SWPP,592.0,662.0,,19.0,,False,
2025-07-02T16:00:00.000Z,USA,Southwest Power Pool,US-CENT-SWPP,561.0,628.0,,23.0,,False,
2025-07-02T17:00:00.000Z,USA,Southwest Power Pool,US-CENT-SWPP,544.0,610.0,,25.0,,False,
2025-07-02T18:00:00.000Z,USA,Southwest Power Pool,US-CENT-SWPP,532.0,597.0,,27.0,,False,
2025-07-02T19:00:00.000Z,USA,Southwest Power Pool,US-CENT-SWPP,527.0,592.0,,28.0,,False,
2025-07-02T20:00:00.000Z,USA,Southwest Power Pool,US-CENT-SWPP,518.0,581.0,,29.0,,False,
2025-07-02T21:00:00.000Z,USA,Southwest Power Pool,US-CENT-SWPP,517.0,581.0,,29.0,,False,
2025-07-02T22:00:00.000Z,USA,Southwest Power Pool,US-CENT-SWPP,514.0,578.0,,29.0,,False,
2025-07-02T23:00:00.000Z,USA,Southwest Power Pool,US-CENT-SWPP,509.0,574.0,,29.0,,False,
2025-07-03T00:00:00.000Z,USA,Southwest Power Pool,US-CENT-SWPP,492.0,555.0,,31.0,,False,
2025-07-03T01:00:00.000Z,USA,Southwest Power Pool,US-CENT-SWPP,468.0,526.0,,35.0,,False,
2025-07-03T02:00:00.000Z,USA,Southwest Power Pool,US-CENT-SWPP,427.0,480.0,,41.0,,False,
2025-07-03T03:00:00.000Z,USA,Southwest Power Pool,US-CENT-SWPP,388.0,437.0,,46.0,,False,
2025-07-03T04:00:00.000Z,USA,Southwest Power Pool,US-CENT-SWPP,353.0,399.0,,50.0,,False,
2025-07-03T05:00:00.000Z,USA,Southwest Power Pool,US-CENT-SWPP,337.0,383.0,,51.0,,False,
2025-07-03T06:00:00.000Z,USA,Southwest Power Pool,US-CENT-SWPP,337.0,383.0,,50.0,,False,
2025-07-03T07:00:00.000Z,USA,Southwest Power Pool,US-CENT-SWPP,363.0,410.0,,48.0,,False,
2025-07-03T08:00:00.000Z,USA,Southwest Power Pool,US-CENT-SWPP,390.0,439.0,,44.0,,False,
2025-07-03T09:00:00.000Z,USA,Southwest Power Pool,US-CENT-SWPP,433.0,486.0,,39.0,,False,
2025-07-03T10:00:00.000Z,USA,Southwest Power Pool,US-CENT-SWPP,468.0,523.0,,36.0,,False,
2025-07-03T11:00:00.000Z,USA,Southwest Power Pool,US-CENT-SWPP,495.0,552.0,,33.0,,False,
2025-07-03T12:00:00.000Z,USA,Southwest Power Pool,US-CENT-SWPP,529.0,590.0,,28.0,,False,
2025-07-03T13:00:00.000Z,USA,Southwest Power Pool,US-CENT-SWPP,560.0,626.0,,23.0,,False,
2025-07-03T14:00:00.000Z,USA,Southwest Power Pool,US-CENT-SWPP,564.0,632.0,,22.0,,False,
2025-07-03T15:00:00.000Z,USA,Southwest Power Pool,US-CENT-SWPP,547.0,614.0,,24.0,,False,
2025-07-03T16:00:00.000Z,USA,Southwest Power Pool,US-CENT-SWPP,517.0,581.0,,28.0,,False,
2025-07-03T17:00:00.000Z,USA,Southwest Power Pool,US-CENT-SWPP,461.0,520.0,,36.0,,False,
2025-07-03T18:00:00.000Z,USA,Southwest Power Pool,US-CENT-SWPP,419.0,473.0,,42.0,,False,
2025-07-03T19:00:00.000Z,USA,Southwest Power Pool,US-CENT-SWPP,404.0,457.0,,43.0,,False,
2025-07-03T20:00:00.000Z,USA,Southwest Power Pool,US-CENT-SWPP,391.0,442.0,,45.0,,False,
2025-07-03T21:00:00.000Z,USA,Southwest Power Pool,US-CENT-SWPP,396.0,447.0,,45.0,,False,
2025-07-03T22:00:00.000Z,USA,Southwest Power Pool,US-CENT-SWPP,414.0,466.0,,43.0,,False,
2025-07-03T23:00:00.000Z,USA,Southwest Power Pool,US-CENT-SWPP,420.0,473.0,,42.0,,False,
2025-07-04T00:00:00.000Z,USA,Southwest Power Pool,US-CENT-SWPP,431.0,485.0,,41.0,,False,
2025-07-04T01:00:00.000Z,USA,Southwest Power Pool,US-CENT-SWPP,434.0,487.0,,41.0,,False,
2025-07-04T02:00:00.000Z,USA,Southwest Power Pool,US-CENT-SWPP,420.0,470.0,,43.0,,False,
2025-07-04T03:00:00.000Z,USA,Southwest Power Pool,US-CENT-SWPP,380.0,426.0,,48.0,,False,
2025-07-04T04:00:00.000Z,USA,Southwest Power Pool,US-CENT-SWPP,347.0,392.0,,51.0,,False,
2025-07-04T05:00:00.000Z,USA,Southwest Power Pool,US-CENT-SWPP,323.0,366.0,,54.0,,False,
2025-07-04T06:00:00.000Z,USA,Southwest Power Pool,US-CENT-SWPP,314.0,355.0,,55.0,,False,
2025-07-04T07:00:00.000Z,USA,Southwest Power Pool,US-CENT-SWPP,310.0,351.0,,55.0,,False,
2025-07-04T08:00:00.000Z,USA,Southwest Power Pool,US-CENT-SWPP,328.0,370.0,,53.0,,False,
2025-07-04T09:00:00.000Z,USA,Southwest Power Pool,US-CENT-SWPP,372.0,417.0,,48.0,,False,
2025-07-04T10:00:00.000Z,USA,Southwest Power Pool,US-CENT-SWPP,392.0,438.0,,46.0,,False,
2025-07-04T11:00:00.000Z,USA,Southwest Power Pool,US-CENT-SWPP,365.0,408.0,,50.0,,False,
2025-07-04T12:00:00.000Z,USA,Southwest Power Pool,US-CENT-SWPP,383.0,428.0,,48.0,,False,
2025-07-04T13:00:00.000Z,USA,Southwest Power Pool,US-CENT-SWPP,400.0,447.0,,46.0,,False,
2025-07-04T14:00:00.000Z,USA,Southwest Power Pool,US-CENT-SWPP,393.0,440.0,,47.0,,False,
2025-07-04T15:00:00.000Z,USA,Southwest Power Pool,US-CENT-SWPP,365.0,410.0,,50.0,,False,
2025-07-04T16:00:00.000Z,USA,Southwest Power Pool,US-CENT-SWPP,340.0,385.0,,52.0,,False,
2025-07-04T17:00:00.000Z,USA,Southwest Power Pool,US-CENT-SWPP,333.0,379.0,,52.0,,False,
2025-07-04T18:00:00.000Z,USA,Southwest Power Pool,US-CENT-SWPP,340.0,386.0,,52.0,,False,
2025-07-04T19:00:00.000Z,USA,Southwest Power Pool,US-CENT-SWPP,345.0,392.0,,51.0,,False,
2025-07-04T20:00:00.000Z,USA,Southwest Power Pool,US-CENT-SWPP,354.0,401.0,,50.0,,False,
2025-07-04T21:00:00.000Z,USA,Southwest Power Pool,US-CENT-SWPP,365.0,412.0,,49.0,,False,
2025-07-04T22:00:00.000Z,USA,Southwest Power Pool,US-CENT-SWPP,370.0,419.0,,48.0,,False,
2025-07-04T23:00:00.000Z,USA,Southwest Power Pool,US-CENT-SWPP,368.0,415.0,,49.0,,False,
2025-07-05T00:00:00.000Z,USA,Southwest Power Pool,US-CENT-SWPP,368.0,416.0,,49.0,,False,
2025-07-05T01:00:00.000Z,USA,Southwest Power Pool,US-CENT-SWPP,362.0,409.0,,49.0,,False,
2025-07-05T02:00:00.000Z,USA,Southwest Power Pool,US-CENT-SWPP,350.0,396.0,,51.0,,False,
2025-07-05T03:00:00.000Z,USA,Southwest Power Pool,US-CENT-SWPP,345.0,388.0,,52.0,,False,
2025-07-05T04:00:00.000Z,USA,Southwest Power Pool,US-CENT-SWPP,335.0,377.0,,53.0,,False,
2025-07-05T05:00:00.000Z,USA,Southwest Power Pool,US-CENT-SWPP,350.0,392.0,,51.0,,False,
2025-07-05T06:00:00.000Z,USA,Southwest Power Pool,US-CENT-SWPP,357.0,399.0,,51.0,,False,
2025-07-05T07:00:00.000Z,USA,Southwest Power Pool,US-CENT-SWPP,378.0,422.0,,48.0,,False,
2025-07-05T08:00:00.000Z,USA,Southwest Power Pool,US-CENT-SWPP,420.0,469.0,,43.0,,False,
2025-07-05T09:00:00.000Z,USA,Southwest Power Pool,US-CENT-SWPP,444.0,494.0,,40.0,,False,
2025-07-05T10:00:00.000Z,USA,Southwest Power Pool,US-CENT-SWPP,474.0,527.0,,36.0,,False,
2025-07-05T11:00:00.000Z,USA,Southwest Power Pool,US-CENT-SWPP,493.0,547.0,,34.0,,False,
2025-07-05T12:00:00.000Z,USA,Southwest Power Pool,US-CENT-SWPP,537.0,598.0,,27.0,,False,
2025-07-05T13:00:00.000Z,USA,Southwest Power Pool,US-CENT-SWPP,575.0,640.0,,23.0,,False,
2025-07-05T14:00:00.000Z,USA,Southwest Power Pool,US-CENT-SWPP,583.0,650.0,,21.0,,False,
2025-07-05T15:00:00.000Z,USA,Southwest Power Pool,US-CENT-SWPP,590.0,659.0,,19.0,,False,
2025-07-05T16:00:00.000Z,USA,Southwest Power Pool,US-CENT-SWPP,606.0,678.0,,17.0,,False,
2025-07-05T17:00:00.000Z,USA,Southwest Power Pool,US-CENT-SWPP,601.0,673.0,,18.0,,False,
2025-07-05T18:00:00.000Z,USA,Southwest Power Pool,US-CENT-SWPP,591.0,663.0,,18.0,,False,
2025-07-05T19:00:00.000Z,USA,Southwest Power Pool,US-CENT-SWPP,587.0,660.0,,18.0,,False,
2025-07-05T20:00:00.000Z,USA,Southwest Power Pool,US-CENT-SWPP,584.0,657.0,,18.0,,False,
2025-07-05T21:00:00.000Z,USA,Southwest Power Pool,US-CENT-SWPP,570.0,642.0,,20.0,,False,
2025-07-05T22:00:00.000Z,USA,Southwest Power Pool,US-CENT-SWPP,569.0,641.0,,20.0,,False,
2025-07-05T23:00:00.000Z,USA,Southwest Power Pool,US-CENT-SWPP,562.0,634.0,,21.0,,False,
2025-07-06T00:00:00.000Z,USA,Southwest Power Pool,US-CENT-SWPP,561.0,631.0,,22.0,,False,
2025-07-06T01:00:00.000Z,USA,Southwest Power Pool,US-CENT-SWPP,558.0,626.0,,23.0,,False,
2025-07-06T02:00:00.000Z,USA,Southwest Power Pool,US-CENT-SWPP,537.0,600.0,,27.0,,False,
2025-07-06T03:00:00.000Z,USA,Southwest Power Pool,US-CENT-SWPP,508.0,567.0,,32.0,,False,
2025-07-06T04:00:00.000Z,USA,Southwest Power Pool,US-CENT-SWPP,476.0,530.0,,36.0,,False,
2025-07-06T05:00:00.000Z,USA,Southwest Power Pool,US-CENT-SWPP,461.0,513.0,,38.0,,False,
2025-07-06T06:00:00.000Z,USA,Southwest Power Pool,US-CENT-SWPP,454.0,505.0,,39.0,,False,
2025-07-06T07:00:00.000Z,USA,Southwest Power Pool,US-CENT-SWPP,494.0,549.0,,34.0,,False,
2025-07-06T08:00:00.000Z,USA,Southwest Power Pool,US-CENT-SWPP,537.0,597.0,,28.0,,False,
2025-07-06T09:00:00.000Z,USA,Southwest Power Pool,US-CENT-SWPP,572.0,635.0,,23.0,,False,
2025-07-06T10:00:00.000Z,USA,Southwest Power Pool,US-CENT-SWPP,580.0,643.0,,22.0,,False,
2025-07-06T11:00:00.000Z,USA,Southwest Power Pool,US-CENT-SWPP,569.0,632.0,,23.0,,False,
2025-07-06T12:00:00.000Z,USA,Southwest Power Pool,US-CENT-SWPP,587.0,654.0,,20.0,,False,
2025-07-06T13:00:00.000Z,USA,Southwest Power Pool,US-CENT-SWPP,622.0,693.0,,16.0,,False,
2025-07-06T14:00:00.000Z,USA,Southwest Power Pool,US-CENT-SWPP,638.0,712.0,,13.0,,False,
2025-07-06T15:00:00.000Z,USA,Southwest Power Pool,US-CENT-SWPP,640.0,716.0,,12.0,,False,
2025-07-06T16:00:00.000Z,USA,Southwest Power Pool,US-CENT-SWPP,639.0,717.0,,11.0,,False,
2025-07-06T17:00:00.000Z,USA,Southwest Power Pool,US-CENT-SWPP,631.0,711.0,,11.0,,False,
2025-07-06T18:00:00.000Z,USA,Southwest Power Pool,US-CENT-SWPP,615.0,693.0,,13.0,,False,
2025-07-06T19:00:00.000Z,USA,Southwest Power Pool,US-CENT-SWPP,600.0,676.0,,15.0,,False,
2025-07-06T20:00:00.000Z,USA,Southwest Power Pool,US-CENT-SWPP,595.0,671.0,,16.0,,False,
2025-07-06T21:00:00.000Z,USA,Southwest Power Pool,US-CENT-SWPP,594.0,670.0,,16.0,,False,
2025-07-06T22:00:00.000Z,USA,Southwest Power Pool,US-CENT-SWPP,584.0,658.0,,18.0,,False,
2025-07-06T23:00:00.000Z,USA,Southwest Power Pool,US-CENT-SWPP,581.0,656.0,,18.0,,False,
2025-07-07T00:00:00.000Z,USA,Southwest Power Pool,US-CENT-SWPP,589.0,663.0,,17.0,,False,
2025-07-07T01:00:00.000Z,USA,Southwest Power Pool,US-CENT-SWPP,576.0,648.0,,20.0,,False,
2025-07-07T02:00:00.000Z,USA,Southwest Power Pool,US-CENT-SWPP,562.0,629.0,,23.0,,False,
2025-07-07T03:00:00.000Z,USA,Southwest Power Pool,US-CENT-SWPP,544.0,608.0,,26.0,,False,
2025-07-07T04:00:00.000Z,USA,Southwest Power Pool,US-CENT-SWPP,540.0,602.0,,27.0,,False,
2025-07-07T05:00:00.000Z,USA,Southwest Power Pool,US-CENT-SWPP,560.0,622.0,,25.0,,False,
2025-07-07T06:00:00.000Z,USA,Southwest Power Pool,US-CENT-SWPP,545.0,605.0,,27.0,,False,
2025-07-07T07:00:00.000Z,USA,Southwest Power Pool,US-CENT-SWPP,540.0,601.0,,27.0,,False,
2025-07-07T08:00:00.000Z,USA,Southwest Power Pool,US-CENT-SWPP,550.0,613.0,,25.0,,False,
2025-07-07T09:00:00.000Z,USA,Southwest Power Pool,US-CENT-SWPP,561.0,624.0,,24.0,,False,
2025-07-07T10:00:00.000Z,USA,Southwest Power Pool,US-CENT-SWPP,580.0,647.0,,21.0,,False,
2025-07-07T11:00:00.000Z,USA,Southwest Power Pool,US-CENT-SWPP,610.0,679.0,,17.0,,False,
2025-07-07T12:00:00.000Z,USA,Southwest Power Pool,US-CENT-SWPP,613.0,684.0,,17.0,,False,
2025-07-07T13:00:00.000Z,USA,Southwest Power Pool,US-CENT-SWPP,606.0,677.0,,17.0,,False,
2025-07-07T14:00:00.000Z,USA,Southwest Power Pool,US-CENT-SWPP,620.0,696.0,,14.0,,False,
2025-07-07T15:00:00.000Z,USA,Southwest Power Pool,US-CENT-SWPP,621.0,697.0,,13.0,,False,
2025-07-07T16:00:00.000Z,USA,Southwest Power Pool,US-CENT-SWPP,627.0,707.0,,11.0,,False,
2025-07-07T17:00:00.000Z,USA,Southwest Power Pool,US-CENT-SWPP,626.0,708.0,,10.0,,False,
2025-07-07T18:00:00.000Z,USA,Southwest Power Pool,US-CENT-SWPP,618.0,701.0,,10.0,,False,
2025-07-07T19:00:00.000Z,USA,Southwest Power Pool,US-CENT-SWPP,612.0,695.0,,11.0,,False,
2025-07-07T20:00:00.000Z,USA,Southwest Power Pool,US-CENT-SWPP,602.0,683.0,,13.0,,False,
2025-07-07T21:00:00.000Z,USA,Southwest Power Pool,US-CENT-SWPP,591.0,671.0,,15.0,,False,
2025-07-07T22:00:00.000Z,USA,Southwest Power Pool,US-CENT-SWPP,584.0,662.0,,16.0,,False,
2025-07-07T23:00:00.000Z,USA,Southwest Power Pool,US-CENT-SWPP,582.0,658.0,,17.0,,False,
2025-07-08T00:00:00.000Z,USA,Southwest Power Pool,US-CENT-SWPP,588.0,664.0,,17.0,,False,
2025-07-08T01:00:00.000Z,USA,Southwest Power Pool,US-CENT-SWPP,583.0,655.0,,19.0,,False,
2025-07-08T02:00:00.000Z,USA,Southwest Power Pool,US-CENT-SWPP,575.0,644.0,,21.0,,False,
2025-07-08T03:00:00.000Z,USA,Southwest Power Pool,US-CENT-SWPP,578.0,645.0,,22.0,,False,
2025-07-08T04:00:00.000Z,USA,Southwest Power Pool,US-CENT-SWPP,569.0,632.0,,24.0,,False,
2025-07-08T05:00:00.000Z,USA,Southwest Power Pool,US-CENT-SWPP,535.0,594.0,,29.0,,False,
2025-07-08T06:00:00.000Z,USA,Southwest Power Pool,US-CENT-SWPP,502.0,558.0,,33.0,,False,
2025-07-08T07:00:00.000Z,USA,Southwest Power Pool,US-CENT-SWPP,497.0,553.0,,33.0,,False,
2025-07-08T08:00:00.000Z,USA,Southwest Power Pool,US-CENT-SWPP,526.0,586.0,,28.0,,False,
2025-07-08T09:00:00.000Z,USA,Southwest Power Pool,US-CENT-SWPP,554.0,616.0,,25.0,,False,
2025-07-08T10:00:00.000Z,USA,Southwest Power Pool,US-CENT-SWPP,564.0,629.0,,23.0,,False,
2025-07-08T11:00:00.000Z,USA,Southwest Power Pool,US-CENT-SWPP,577.0,645.0,,21.0,,False,
2025-07-08T12:00:00.000Z,USA,Southwest Power Pool,US-CENT-SWPP,591.0,662.0,,18.0,,False,
2025-07-08T13:00:00.000Z,USA,Southwest Power Pool,US-CENT-SWPP,610.0,685.0,,15.0,,False,
2025-07-08T14:00:00.000Z,USA,Southwest Power Pool,US-CENT-SWPP,630.0,707.0,,12.0,,False,
2025-07-08T15:00:00.000Z,USA,Southwest Power Pool,US-CENT-SWPP,641.0,720.0,,10.0,,False,
2025-07-08T16:00:00.000Z,USA,Southwest Power Pool,US-CENT-SWPP,642.0,724.0,,9.0,,False,
2025-07-08T17:00:00.000Z,USA,Southwest Power Pool,US-CENT-SWPP,641.0,725.0,,8.0,,False,
2025-07-08T18:00:00.000Z,USA,Southwest Power Pool,US-CENT-SWPP,635.0,719.0,,8.0,,False,
2025-07-08T19:00:00.000Z,USA,Southwest Power Pool,US-CENT-SWPP,632.0,716.0,,8.0,,False,
2025-07-08T20:00:00.000Z,USA,Southwest Power Pool,US-CENT-SWPP,627.0,712.0,,9.0,,False,
2025-07-08T21:00:00.000Z,USA,Southwest Power Pool,US-CENT-SWPP,621.0,706.0,,9.0,,False,
2025-07-08T22:00:00.000Z,USA,Southwest Power Pool,US-CENT-SWPP,616.0,701.0,,10.0,,False,
2025-07-08T23:00:00.000Z,USA,Southwest Power Pool,US-CENT-SWPP,615.0,699.0,,11.0,,False,
2025-07-09T00:00:00.000Z,USA,Southwest Power Pool,US-CENT-SWPP,600.0,679.0,,14.0,,False,
2025-07-09T01:00:00.000Z,USA,Southwest Power Pool,US-CENT-SWPP,576.0,650.0,,19.0,,False,
2025-07-09T02:00:00.000Z,USA,Southwest Power Pool,US-CENT-SWPP,558.0,626.0,,23.0,,False,
2025-07-09T03:00:00.000Z,USA,Southwest Power Pool,US-CENT-SWPP,533.0,595.0,,28.0,,False,
2025-07-09T04:00:00.000Z,USA,Southwest Power Pool,US-CENT-SWPP,497.0,555.0,,33.0,,False,
2025-07-09T05:00:00.000Z,USA,Southwest Power Pool,US-CENT-SWPP,463.0,520.0,,35.0,,False,
2025-07-09T06:00:00.000Z,USA,Southwest Power Pool,US-CENT-SWPP,446.0,502.0,,37.0,,False,
2025-07-09T07:00:00.000Z,USA,Southwest Power Pool,US-CENT-SWPP,460.0,517.0,,35.0,,False,
2025-07-09T08:00:00.000Z,USA,Southwest Power Pool,US-CENT-SWPP,463.0,519.0,,35.0,,False,
2025-07-09T09:00:00.000Z,USA,Southwest Power Pool,US-CENT-SWPP,457.0,513.0,,36.0,,False,
2025-07-09T10:00:00.000Z,USA,Southwest Power Pool,US-CENT-SWPP,472.0,529.0,,34.0,,False,
2025-07-09T11:00:00.000Z,USA,Southwest Power Pool,US-CENT-SWPP,488.0,547.0,,32.0,,False,
2025-07-09T12:00:00.000Z,USA,Southwest Power Pool,US-CENT-SWPP,505.0,568.0,,29.0,,False,
2025-07-09T13:00:00.000Z,USA,Southwest Power Pool,US-CENT-SWPP,553.0,623.0,,22.0,,False,
2025-07-09T14:00:00.000Z,USA,Southwest Power Pool,US-CENT-SWPP,586.0,660.0,,17.0,,False,
2025-07-09T15:00:00.000Z,USA,Southwest Power Pool,US-CENT-SWPP,586.0,662.0,,16.0,,False,
2025-07-09T16:00:00.000Z,USA,Southwest Power Pool,US-CENT-SWPP,580.0,657.0,,17.0,,False,
2025-07-09T17:00:00.000Z,USA,Southwest Power Pool,US-CENT-SWPP,586.0,665.0,,15.0,,False,
2025-07-09T18:00:00.000Z,USA,Southwest Power Pool,US-CENT-SWPP,582.0,661.0,,16.0,,False,
2025-07-09T19:00:00.000Z,USA,Southwest Power Pool,US-CENT-SWPP,574.0,651.0,,17.0,,False,
2025-07-09T20:00:00.000Z,USA,Southwest Power Pool,US-CENT-SWPP,555.0,632.0,,19.0,,False,
2025-07-09T21:00:00.000Z,USA,Southwest Power Pool,US-CENT-SWPP,540.0,614.0,,21.0,,False,
2025-07-09T22:00:00.000Z,USA,Southwest Power Pool,US-CENT-SWPP,533.0,605.0,,23.0,,False,
2025-07-09T23:00:00.000Z,USA,Southwest Power Pool,US-CENT-SWPP,527.0,597.0,,25.0,,False,
2025-07-10T00:00:00.000Z,USA,Southwest Power Pool,US-CENT-SWPP,521.0,588.0,,27.0,,False,
2025-07-10T01:00:00.000Z,USA,Southwest Power Pool,US-CENT-SWPP,496.0,559.0,,31.0,,False,
2025-07-10T02:00:00.000Z,USA,Southwest Power Pool,US-CENT-SWPP,446.0,502.0,,38.0,,False,
2025-07-10T03:00:00.000Z,USA,Southwest Power Pool,US-CENT-SWPP,404.0,455.0,,44.0,,False,
2025-07-10T04:00:00.000Z,USA,Southwest Power Pool,US-CENT-SWPP,372.0,421.0,,47.0,,False,
2025-07-10T05:00:00.000Z,USA,Southwest Power Pool,US-CENT-SWPP,358.0,406.0,,49.0,,False,
2025-07-10T06:00:00.000Z,USA,Southwest Power Pool,US-CENT-SWPP,356.0,403.0,,49.0,,False,
2025-07-10T07:00:00.000Z,USA,Southwest Power Pool,US-CENT-SWPP,351.0,398.0,,48.0,,False,
2025-07-10T08:00:00.000Z,USA,Southwest Power Pool,US-CENT-SWPP,347.0,394.0,,49.0,,False,
2025-07-10T09:00:00.000Z,USA,Southwest Power Pool,US-CENT-SWPP,362.0,410.0,,47.0,,False,
2025-07-10T10:00:00.000Z,USA,Southwest Power Pool,US-CENT-SWPP,384.0,433.0,,45.0,,False,
2025-07-10T11:00:00.000Z,USA,Southwest Power Pool,US-CENT-SWPP,383.0,433.0,,45.0,,False,
2025-07-10T12:00:00.000Z,USA,Southwest Power Pool,US-CENT-SWPP,408.0,460.0,,42.0,,False,
2025-07-10T13:00:00.000Z,USA,Southwest Power Pool,US-CENT-SWPP,462.0,521.0,,34.0,,False,
2025-07-10T14:00:00.000Z,USA,Southwest Power Pool,US-CENT-SWPP,503.0,567.0,,29.0,,False,
2025-07-10T15:00:00.000Z,USA,Southwest Power Pool,US-CENT-SWPP,488.0,550.0,,31.0,,False,
2025-07-10T16:00:00.000Z,USA,Southwest Power Pool,US-CENT-SWPP,455.0,514.0,,36.0,,False,
2025-07-10T17:00:00.000Z,USA,Southwest Power Pool,US-CENT-SWPP,428.0,485.0,,39.0,,False,
2025-07-10T18:00:00.000Z,USA,Southwest Power Pool,US-CENT-SWPP,419.0,475.0,,40.0,,False,
2025-07-10T19:00:00.000Z,USA,Southwest Power Pool,US-CENT-SWPP,416.0,471.0,,41.0,,False,
2025-07-10T20:00:00.000Z,USA,Southwest Power Pool,US-CENT-SWPP,427.0,484.0,,39.0,,False,
2025-07-10T21:00:00.000Z,USA,Southwest Power Pool,US-CENT-SWPP,425.0,482.0,,40.0,,False,
2025-07-10T22:00:00.000Z,USA,Southwest Power Pool,US-CENT-SWPP,422.0,478.0,,41.0,,False,
2025-07-10T23:00:00.000Z,USA,Southwest Power Pool,US-CENT-SWPP,416.0,471.0,,42.0,,False,
2025-07-11T00:00:00.000Z,USA,Southwest Power Pool,US-CENT-SWPP,402.0,456.0,,43.0,,False,
2025-07-11T01:00:00.000Z,USA,Southwest Power Pool,US-CENT-SWPP,371.0,421.0,,47.0,,False,
2025-07-11T02:00:00.000Z,USA,Southwest Power Pool,US-CENT-SWPP,361.0,409.0,,49.0,,False,
2025-07-11T03:00:00.000Z,USA,Southwest Power Pool,US-CENT-SWPP,358.0,405.0,,50.0,,False,
2025-07-11T04:00:00.000Z,USA,Southwest Power Pool,US-CENT-SWPP,341.0,386.0,,51.0,,False,
2025-07-11T05:00:00.000Z,USA,Southwest Power Pool,US-CENT-SWPP,360.0,408.0,,49.0,,False,
2025-07-11T06:00:00.000Z,USA,Southwest Power Pool,US-CENT-SWPP,388.0,435.0,,46.0,,False,
2025-07-11T07:00:00.000Z,USA,Southwest Power Pool,US-CENT-SWPP,367.0,411.0,,49.0,,False,
2025-07-11T08:00:00.000Z,USA,Southwest Power Pool,US-CENT-SWPP,328.0,369.0,,54.0,,False,
2025-07-11T09:00:00.000Z,USA,Southwest Power Pool,US-CENT-SWPP,310.0,351.0,,56.0,,False,
2025-07-11T10:00:00.000Z,USA,Southwest Power Pool,US-CENT-SWPP,335.0,378.0,,52.0,,False,
2025-07-11T11:00:00.000Z,USA,Southwest Power Pool,US-CENT-SWPP,371.0,416.0,,49.0,,False,
2025-07-11T12:00:00.000Z,USA,Southwest Power Pool,US-CENT-SWPP,401.0,451.0,,44.0,,False,
2025-07-11T13:00:00.000Z,USA,Southwest Power Pool,US-CENT-SWPP,448.0,503.0,,38.0,,False,
2025-07-11T14:00:00.000Z,USA,Southwest Power Pool,US-CENT-SWPP,481.0,541.0,,33.0,,False,
2025-07-11T15:00:00.000Z,USA,Southwest Power Pool,US-CENT-SWPP,485.0,547.0,,32.0,,False,
2025-07-11T16:00:00.000Z,USA,Southwest Power Pool,US-CENT-SWPP,496.0,560.0,,30.0,,False,
2025-07-11T17:00:00.000Z,USA,Southwest Power Pool,US-CENT-SWPP,512.0,579.0,,27.0,,False,
2025-07-11T18:00:00.000Z,USA,Southwest Power Pool,US-CENT-SWPP,513.0,581.0,,27.0,,False,
2025-07-11T19:00:00.000Z,USA,Southwest Power Pool,US-CENT-SWPP,514.0,583.0,,26.0,,False,
2025-07-11T20:00:00.000Z,USA,Southwest Power Pool,US-CENT-SWPP,506.0,573.0,,28.0,,False,
2025-07-11T21:00:00.000Z,USA,Southwest Power Pool,US-CENT-SWPP,489.0,553.0,,30.0,,False,
2025-07-11T22:00:00.000Z,USA,Southwest Power Pool,US-CENT-SWPP,476.0,540.0,,32.0,,False,
2025-07-11T23:00:00.000Z,USA,Southwest Power Pool,US-CENT-SWPP,474.0,537.0,,32.0,,False,
2025-07-12T00:00:00.000Z,USA,Southwest Power Pool,US-CENT-SWPP,463.0,524.0,,34.0,,False,
2025-07-12T01:00:00.000Z,USA,Southwest Power Pool,US-CENT-SWPP,467.0,527.0,,35.0,,False,
2025-07-12T02:00:00.000Z,USA,Southwest Power Pool,US-CENT-SWPP,455.0,512.0,,37.0,,False,
2025-07-12T03:00:00.000Z,USA,Southwest Power Pool,US-CENT-SWPP,430.0,483.0,,41.0,,False,
2025-07-12T04:00:00.000Z,USA,Southwest Power Pool,US-CENT-SWPP,412.0,461.0,,44.0,,False,
2025-07-12T05:00:00.000Z,USA,Southwest Power Pool,US-CENT-SWPP,417.0,467.0,,43.0,,False,
2025-07-12T06:00:00.000Z,USA,Southwest Power Pool,US-CENT-SWPP,415.0,464.0,,43.0,,False,
2025-07-12T07:00:00.000Z,USA,Southwest Power Pool,US-CENT-SWPP,393.0,441.0,,45.0,,False,
2025-07-12T08:00:00.000Z,USA,Southwest Power Pool,US-CENT-SWPP,411.0,460.0,,43.0,,False,
2025-07-12T09:00:00.000Z,USA,Southwest Power Pool,US-CENT-SWPP,386.0,434.0,,46.0,,False,
2025-07-12T10:00:00.000Z,USA,Southwest Power Pool,US-CENT-SWPP,379.0,426.0,,46.0,,False,
2025-07-12T11:00:00.000Z,USA,Southwest Power Pool,US-CENT-SWPP,383.0,431.0,,45.0,,False,
2025-07-12T12:00:00.000Z,USA,Southwest Power Pool,US-CENT-SWPP,365.0,413.0,,47.0,,False,
2025-07-12T13:00:00.000Z,USA,Southwest Power Pool,US-CENT-SWPP,367.0,417.0,,46.0,,False,
2025-07-12T14:00:00.000Z,USA,Southwest Power Pool,US-CENT-SWPP,408.0,464.0,,39.0,,False,
2025-07-12T15:00:00.000Z,USA,Southwest Power Pool,US-CENT-SWPP,487.0,554.0,,28.0,,False,
2025-07-12T16:00:00.000Z,USA,Southwest Power Pool,US-CENT-SWPP,532.0,603.0,,22.0,,False,
2025-07-12T17:00:00.000Z,USA,Southwest Power Pool,US-CENT-SWPP,538.0,610.0,,22.0,,False,
2025-07-12T18:00:00.000Z,USA,Southwest Power Pool,US-CENT-SWPP,571.0,648.0,,16.0,,False,
2025-07-12T19:00:00.000Z,USA,Southwest Power Pool,US-CENT-SWPP,572.0,649.0,,16.0,,False,
2025-07-12T20:00:00.000Z,USA,Southwest Power Pool,US-CENT-SWPP,557.0,634.0,,18.0,,False,
2025-07-12T21:00:00.000Z,USA,Southwest Power Pool,US-CENT-SWPP,559.0,636.0,,18.0,,False,
2025-07-12T22:00:00.000Z,USA,Southwest Power Pool,US-CENT-SWPP,569.0,646.0,,17.0,,False,
2025-07-12T23:00:00.000Z,USA,Southwest Power Pool,US-CENT-SWPP,573.0,650.0,,16.0,,False,
2025-07-13T00:00:00.000Z,USA,Southwest Power Pool,US-CENT-SWPP,585.0,663.0,,15.0,,False,
2025-07-13T01:00:00.000Z,USA,Southwest Power Pool,US-CENT-SWPP,605.0,682.0,,14.0,,False,
2025-07-13T02:00:00.000Z,USA,Southwest Power Pool,US-CENT-SWPP,613.0,690.0,,13.0,,False,
2025-07-13T03:00:00.000Z,USA,Southwest Power Pool,US-CENT-SWPP,612.0,687.0,,14.0,,False,
2025-07-13T04:00:00.000Z,USA,Southwest Power Pool,US-CENT-SWPP,595.0,666.0,,18.0,,False,
2025-07-13T05:00:00.000Z,USA,Southwest Power Pool,US-CENT-SWPP,593.0,662.0,,19.0,,False,
2025-07-13T06:00:00.000Z,USA,Southwest Power Pool,US-CENT-SWPP,588.0,656.0,,19.0,,False,
2025-07-13T07:00:00.000Z,USA,Southwest Power Pool,US-CENT-SWPP,575.0,642.0,,20.0,,False,
2025-07-13T08:00:00.000Z,USA,Southwest Power Pool,US-CENT-SWPP,571.0,639.0,,20.0,,False,
2025-07-13T09:00:00.000Z,USA,Southwest Power Pool,US-CENT-SWPP,584.0,652.0,,19.0,,False,
2025-07-13T10:00:00.000Z,USA,Southwest Power Pool,US-CENT-SWPP,595.0,663.0,,18.0,,False,
2025-07-13T11:00:00.000Z,USA,Southwest Power Pool,US-CENT-SWPP,594.0,662.0,,18.0,,False,
2025-07-13T12:00:00.000Z,USA,Southwest Power Pool,US-CENT-SWPP,602.0,671.0,,17.0,,False,
2025-07-13T13:00:00.000Z,USA,Southwest Power Pool,US-CENT-SWPP,626.0,699.0,,14.0,,False,
2025-07-13T14:00:00.000Z,USA,Southwest Power Pool,US-CENT-SWPP,641.0,716.0,,12.0,,False,
2025-07-13T15:00:00.000Z,USA,Southwest Power Pool,US-CENT-SWPP,638.0,714.0,,12.0,,False,
2025-07-13T16:00:00.000Z,USA,Southwest Power Pool,US-CENT-SWPP,623.0,699.0,,13.0,,False,
2025-07-13T17:00:00.000Z,USA,Southwest Power Pool,US-CENT-SWPP,616.0,693.0,,13.0,,False,
2025-07-13T18:00:00.000Z,USA,Southwest Power Pool,US-CENT-SWPP,617.0,695.0,,13.0,,False,
2025-07-13T19:00:00.000Z,USA,Southwest Power Pool,US-CENT-SWPP,615.0,694.0,,12.0,,False,
2025-07-13T20:00:00.000Z,USA,Southwest Power Pool,US-CENT-SWPP,612.0,692.0,,12.0,,False,
2025-07-13T21:00:00.000Z,USA,Southwest Power Pool,US-CENT-SWPP,612.0,693.0,,12.0,,False,
2025-07-13T22:00:00.000Z,USA,Southwest Power Pool,US-CENT-SWPP,615.0,697.0,,11.0,,False,
2025-07-13T23:00:00.000Z,USA,Southwest Power Pool,US-CENT-SWPP,620.0,703.0,,10.0,,False,
2025-07-14T00:00:00.000Z,USA,Southwest Power Pool,US-CENT-SWPP,623.0,706.0,,10.0,,False,
2025-07-14T01:00:00.000Z,USA,Southwest Power Pool,US-CENT-SWPP,622.0,702.0,,11.0,,False,
2025-07-14T02:00:00.000Z,USA,Southwest Power Pool,US-CENT-SWPP,608.0,684.0,,14.0,,False,
2025-07-14T03:00:00.000Z,USA,Southwest Power Pool,US-CENT-SWPP,586.0,658.0,,18.0,,False,
2025-07-14T04:00:00.000Z,USA,Southwest Power Pool,US-CENT-SWPP,549.0,614.0,,24.0,,False,
2025-07-14T05:00:00.000Z,USA,Southwest Power Pool,US-CENT-SWPP,529.0,591.0,,27.0,,False,
2025-07-14T06:00:00.000Z,USA,Southwest Power Pool,US-CENT-SWPP,520.0,582.0,,27.0,,False,
2025-07-14T07:00:00.000Z,USA,Southwest Power Pool,US-CENT-SWPP,519.0,583.0,,26.0,,False,
2025-07-14T08:00:00.000Z,USA,Southwest Power Pool,US-CENT-SWPP,529.0,595.0,,25.0,,False,
2025-07-14T09:00:00.000Z,USA,Southwest Power Pool,US-CENT-SWPP,550.0,618.0,,22.0,,False,
2025-07-14T10:00:00.000Z,USA,Southwest Power Pool,US-CENT-SWPP,581.0,651.0,,19.0,,False,
2025-07-14T11:00:00.000Z,USA,Southwest Power Pool,US-CENT-SWPP,593.0,664.0,,18.0,,False,
2025-07-14T12:00:00.000Z,USA,Southwest Power Pool,US-CENT-SWPP,613.0,685.0,,15.0,,False,
2025-07-14T13:00:00.000Z,USA,Southwest Power Pool,US-CENT-SWPP,622.0,698.0,,13.0,,False,
2025-07-14T14:00:00.000Z,USA,Southwest Power Pool,US-CENT-SWPP,637.0,718.0,,10.0,,False,
2025-07-14T15:00:00.000Z,USA,Southwest Power Pool,US-CENT-SWPP,639.0,722.0,,9.0,,False,
2025-07-14T16:00:00.000Z,USA,Southwest Power Pool,US-CENT-SWPP,636.0,720.0,,8.0,,False,
2025-07-14T17:00:00.000Z,USA,Southwest Power Pool,US-CENT-SWPP,630.0,715.0,,8.0,,False,
2025-07-14T18:00:00.000Z,USA,Southwest Power Pool,US-CENT-SWPP,617.0,700.0,,10.0,,False,
2025-07-14T19:00:00.000Z,USA,Southwest Power Pool,US-CENT-SWPP,602.0,683.0,,12.0,,False,
2025-07-14T20:00:00.000Z,USA,Southwest Power Pool,US-CENT-SWPP,590.0,671.0,,14.0,,False,
2025-07-14T21:00:00.000Z,USA,Southwest Power Pool,US-CENT-SWPP,575.0,653.0,,17.0,,False,
2025-07-14T22:00:00.000Z,USA,Southwest Power Pool,US-CENT-SWPP,565.0,641.0,,19.0,,False,
2025-07-14T23:00:00.000Z,USA,Southwest Power Pool,US-CENT-SWPP,548.0,621.0,,21.0,,False,
2025-07-15T00:00:00.000Z,USA,Southwest Power Pool,US-CENT-SWPP,528.0,598.0,,25.0,,False,
2025-07-15T01:00:00.000Z,USA,Southwest Power Pool,US-CENT-SWPP,507.0,572.0,,29.0,,False,
2025-07-15T02:00:00.000Z,USA,Southwest Power Pool,US-CENT-SWPP,474.0,532.0,,35.0,,False,
2025-07-15T03:00:00.000Z,USA,Southwest Power Pool,US-CENT-SWPP,434.0,487.0,,40.0,,False,
2025-07-15T04:00:00.000Z,USA,Southwest Power Pool,US-CENT-SWPP,410.0,461.0,,43.0,,False,
2025-07-15T05:00:00.000Z,USA,Southwest Power Pool,US-CENT-SWPP,399.0,449.0,,44.0,,False,
2025-07-15T06:00:00.000Z,USA,Southwest Power Pool,US-CENT-SWPP,384.0,432.0,,46.0,,False,
2025-07-15T07:00:00.000Z,USA,Southwest Power Pool,US-CENT-SWPP,373.0,419.0,,47.0,,False,
2025-07-15T08:00:00.000Z,USA,Southwest Power Pool,US-CENT-SWPP,363.0,409.0,,48.0,,False,
2025-07-15T09:00:00.000Z,USA,Southwest Power Pool,US-CENT-SWPP,347.0,392.0,,49.0,,False,
2025-07-15T10:00:00.000Z,USA,Southwest Power Pool,US-CENT-SWPP,358.0,404.0,,48.0,,False,
2025-07-15T11:00:00.000Z,USA,Southwest Power Pool,US-CENT-SWPP,355.0,402.0,,49.0,,False,
2025-07-15T12:00:00.000Z,USA,Southwest Power Pool,US-CENT-SWPP,372.0,421.0,,46.0,,False,
2025-07-15T13:00:00.000Z,USA,Southwest Power Pool,US-CENT-SWPP,454.0,512.0,,36.0,,False,
2025-07-15T14:00:00.000Z,USA,Southwest Power Pool,US-CENT-SWPP,484.0,543.0,,33.0,,False,
2025-07-15T15:00:00.000Z,USA,Southwest Power Pool,US-CENT-SWPP,482.0,540.0,,34.0,,False,
2025-07-15T16:00:00.000Z,USA,Southwest Power Pool,US-CENT-SWPP,462.0,518.0,,37.0,,False,
2025-07-15T17:00:00.000Z,USA,Southwest Power Pool,US-CENT-SWPP,450.0,505.0,,39.0,,False,
2025-07-15T18:00:00.000Z,USA,Southwest Power Pool,US-CENT-SWPP,445.0,501.0,,39.0,,False,
2025-07-15T19:00:00.000Z,USA,Southwest Power Pool,US-CENT-SWPP,441.0,499.0,,38.0,,False,
2025-07-15T20:00:00.000Z,USA,Southwest Power Pool,US-CENT-SWPP,433.0,491.0,,39.0,,False,
2025-07-15T21:00:00.000Z,USA,Southwest Power Pool,US-CENT-SWPP,432.0,490.0,,39.0,,False,
2025-07-15T22:00:00.000Z,USA,Southwest Power Pool,US-CENT-SWPP,430.0,488.0,,39.0,,False,
2025-07-15T23:00:00.000Z,USA,Southwest Power Pool,US-CENT-SWPP,428.0,486.0,,39.0,,False,
2025-07-16T00:00:00.000Z,USA,Southwest Power Pool,US-CENT-SWPP,415.0,472.0,,41.0,,False,
2025-07-16T01:00:00.000Z,USA,Southwest Power Pool,US-CENT-SWPP,396.0,448.0,,44.0,,False,
2025-07-16T02:00:00.000Z,USA,Southwest Power Pool,US-CENT-SWPP,379.0,428.0,,47.0,,False,
2025-07-16T03:00:00.000Z,USA,Southwest Power Pool,US-CENT-SWPP,356.0,402.0,,50.0,,False,
2025-07-16T04:00:00.000Z,USA,Southwest Power Pool,US-CENT-SWPP,336.0,380.0,,52.0,,False,
2025-07-16T05:00:00.000Z,USA,Southwest Power Pool,US-CENT-SWPP,322.0,365.0,,53.0,,False,
2025-07-16T06:00:00.000Z,USA,Southwest Power Pool,US-CENT-SWPP,320.0,363.0,,53.0,,False,
2025-07-16T07:00:00.000Z,USA,Southwest Power Pool,US-CENT-SWPP,323.0,368.0,,52.0,,False,
2025-07-16T08:00:00.000Z,USA,Southwest Power Pool,US-CENT-SWPP,337.0,383.0,,51.0,,False,
2025-07-16T09:00:00.000Z,USA,Southwest Power Pool,US-CENT-SWPP,336.0,381.0,,51.0,,False,
2025-07-16T10:00:00.000Z,USA,Southwest Power Pool,US-CENT-SWPP,336.0,381.0,,51.0,,False,
2025-07-16T11:00:00.000Z,USA,Southwest Power Pool,US-CENT-SWPP,361.0,407.0,,49.0,,False,
2025-07-16T12:00:00.000Z,USA,Southwest Power Pool,US-CENT-SWPP,403.0,452.0,,44.0,,False,
2025-07-16T13:00:00.000Z,USA,Southwest Power Pool,US-CENT-SWPP,456.0,512.0,,37.0,,False,
2025-07-16T14:00:00.000Z,USA,Southwest Power Pool,US-CENT-SWPP,467.0,524.0,,36.0,,False,
2025-07-16T15:00:00.000Z,USA,Southwest Power Pool,US-CENT-SWPP,494.0,554.0,,32.0,,False,
2025-07-16T16:00:00.000Z,USA,Southwest Power Pool,US-CENT-SWPP,517.0,581.0,,29.0,,False,
2025-07-16T17:00:00.000Z,USA,Southwest Power Pool,US-CENT-SWPP,531.0,599.0,,26.0,,False,
2025-07-16T18:00:00.000Z,USA,Southwest Power Pool,US-CENT-SWPP,535.0,605.0,,24.0,,False,
2025-07-16T19:00:00.000Z,USA,Southwest Power Pool,US-CENT-SWPP,530.0,600.0,,25.0,,False,
2025-07-16T20:00:00.000Z,USA,Southwest Power Pool,US-CENT-SWPP,524.0,594.0,,25.0,,False,
2025-07-16T21:00:00.000Z,USA,Southwest Power Pool,US-CENT-SWPP,521.0,591.0,,25.0,,False,
2025-07-16T22:00:00.000Z,USA,Southwest Power Pool,US-CENT-SWPP,513.0,581.0,,27.0,,False,
2025-07-16T23:00:00.000Z,USA,Southwest Power Pool,US-CENT-SWPP,500.0,566.0,,29.0,,False,
2025-07-17T00:00:00.000Z,USA,Southwest Power Pool,US-CENT-SWPP,479.0,541.0,,33.0,,False,
2025-07-17T01:00:00.000Z,USA,Southwest Power Pool,US-CENT-SWPP,477.0,536.0,,35.0,,False,
2025-07-17T02:00:00.000Z,USA,Southwest Power Pool,US-CENT-SWPP,472.0,528.0,,37.0,,False,
2025-07-17T03:00:00.000Z,USA,Southwest Power Pool,US-CENT-SWPP,469.0,522.0,,38.0,,False,
2025-07-17T04:00:00.000Z,USA,Southwest Power Pool,US-CENT-SWPP,430.0,480.0,,42.0,,False,
2025-07-17T05:00:00.000Z,USA,Southwest Power Pool,US-CENT-SWPP,377.0,423.0,,48.0,,False,
2025-07-17T06:00:00.000Z,USA,Southwest Power Pool,US-CENT-SWPP,352.0,397.0,,50.0,,False,
2025-07-17T07:00:00.000Z,USA,Southwest Power Pool,US-CENT-SWPP,386.0,433.0,,46.0,,False,
2025-07-17T08:00:00.000Z,USA,Southwest Power Pool,US-CENT-SWPP,420.0,470.0,,42.0,,False,
2025-07-17T09:00:00.000Z,USA,Southwest Power Pool,US-CENT-SWPP,430.0,481.0,,41.0,,False,
2025-07-17T10:00:00.000Z,USA,Southwest Power Pool,US-CENT-SWPP,453.0,505.0,,38.0,,False,
2025-07-17T11:00:00.000Z,USA,Southwest Power Pool,US-CENT-SWPP,467.0,522.0,,36.0,,False,
2025-07-17T12:00:00.000Z,USA,Southwest Power Pool,US-CENT-SWPP,501.0,560.0,,32.0,,False,
2025-07-17T13:00:00.000Z,USA,Southwest Power Pool,US-CENT-SWPP,517.0,579.0,,29.0,,False,
2025-07-17T14:00:00.000Z,USA,Southwest Power Pool,US-CENT-SWPP,525.0,590.0,,27.0,,False,
2025-07-17T15:00:00.000Z,USA,Southwest Power Pool,US-CENT-SWPP,534.0,601.0,,25.0,,False,
2025-07-17T16:00:00.000Z,USA,Southwest Power Pool,US-CENT-SWPP,547.0,616.0,,23.0,,False,
2025-07-17T17:00:00.000Z,USA,Southwest Power Pool,US-CENT-SWPP,574.0,646.0,,20.0,,False,
2025-07-17T18:00:00.000Z,USA,Southwest Power Pool,US-CENT-SWPP,598.0,674.0,,16.0,,False,
2025-07-17T19:00:00.000Z,USA,Southwest Power Pool,US-CENT-SWPP,604.0,682.0,,14.0,,False,
2025-07-17T20:00:00.000Z,USA,Southwest Power Pool,US-CENT-SWPP,609.0,689.0,,13.0,,False,
2025-07-17T21:00:00.000Z,USA,Southwest Power Pool,US-CENT-SWPP,610.0,691.0,,12.0,,False,
2025-07-17T22:00:00.000Z,USA,Southwest Power Pool,US-CENT-SWPP,612.0,692.0,,12.0,,False,
2025-07-17T23:00:00.000Z,USA,Southwest Power Pool,US-CENT-SWPP,609.0,688.0,,13.0,,False,
2025-07-18T00:00:00.000Z,USA,Southwest Power Pool,US-CENT-SWPP,598.0,676.0,,15.0,,False,
2025-07-18T01:00:00.000Z,USA,Southwest Power Pool,US-CENT-SWPP,600.0,675.0,,16.0,,False,
2025-07-18T02:00:00.000Z,USA,Southwest Power Pool,US-CENT-SWPP,587.0,658.0,,19.0,,False,
2025-07-18T03:00:00.000Z,USA,Southwest Power Pool,US-CENT-SWPP,571.0,638.0,,22.0,,False,
2025-07-18T04:00:00.000Z,USA,Southwest Power Pool,US-CENT-SWPP,534.0,595.0,,28.0,,False,
2025-07-18T05:00:00.000Z,USA,Southwest Power Pool,US-CENT-SWPP,487.0,544.0,,34.0,,False,
2025-07-18T06:00:00.000Z,USA,Southwest Power Pool,US-CENT-SWPP,463.0,517.0,,36.0,,False,
2025-07-18T07:00:00.000Z,USA,Southwest Power Pool,US-CENT-SWPP,463.0,518.0,,36.0,,False,
2025-07-18T08:00:00.000Z,USA,Southwest Power Pool,US-CENT-SWPP,447.0,501.0,,38.0,,False,
2025-07-18T09:00:00.000Z,USA,Southwest Power Pool,US-CENT-SWPP,445.0,499.0,,37.0,,False,
2025-07-18T10:00:00.000Z,USA,Southwest Power Pool,US-CENT-SWPP,468.0,524.0,,35.0,,False,
2025-07-18T11:00:00.000Z,USA,Southwest Power Pool,US-CENT-SWPP,486.0,545.0,,33.0,,False,
2025-07-18T12:00:00.000Z,USA,Southwest Power Pool,US-CENT-SWPP,525.0,588.0,,27.0,,False,
2025-07-18T13:00:00.000Z,USA,Southwest Power Pool,US-CENT-SWPP,551.0,618.0,,24.0,,False,
2025-07-18T14:00:00.000Z,USA,Southwest Power Pool,US-CENT-SWPP,562.0,630.0,,22.0,,False,
2025-07-18T15:00:00.000Z,USA,Southwest Power Pool,US-CENT-SWPP,570.0,640.0,,20.0,,False,
2025-07-18T16:00:00.000Z,USA,Southwest Power Pool,US-CENT-SWPP,565.0,636.0,,21.0,,False,
2025-07-18T17:00:00.000Z,USA,Southwest Power Pool,US-CENT-SWPP,538.0,607.0,,24.0,,False,
2025-07-18T18:00:00.000Z,USA,Southwest Power Pool,US-CENT-SWPP,511.0,576.0,,29.0,,False,
2025-07-18T19:00:00.000Z,USA,Southwest Power Pool,US-CENT-SWPP,490.0,553.0,,31.0,,False,
2025-07-18T20:00:00.000Z,USA,Southwest Power Pool,US-CENT-SWPP,475.0,537.0,,33.0,,False,
2025-07-18T21:00:00.000Z,USA,Southwest Power Pool,US-CENT-SWPP,465.0,525.0,,35.0,,False,
2025-07-18T22:00:00.000Z,USA,Southwest Power Pool,US-CENT-SWPP,460.0,520.0,,35.0,,False,
2025-07-18T23:00:00.000Z,USA,Southwest Power Pool,US-CENT-SWPP,465.0,525.0,,35.0,,False,
2025-07-19T00:00:00.000Z,USA,Southwest Power Pool,US-CENT-SWPP,462.0,522.0,,35.0,,False,
2025-07-19T01:00:00.000Z,USA,Southwest Power Pool,US-CENT-SWPP,451.0,509.0,,37.0,,False,
2025-07-19T02:00:00.000Z,USA,Southwest Power Pool,US-CENT-SWPP,405.0,457.0,,43.0,,False,
2025-07-19T03:00:00.000Z,USA,Southwest Power Pool,US-CENT-SWPP,375.0,423.0,,47.0,,False,
2025-07-19T04:00:00.000Z,USA,Southwest Power Pool,US-CENT-SWPP,347.0,392.0,,51.0,,False,
2025-07-19T05:00:00.000Z,USA,Southwest Power Pool,US-CENT-SWPP,311.0,354.0,,55.0,,False,
2025-07-19T06:00:00.000Z,USA,Southwest Power Pool,US-CENT-SWPP,291.0,332.0,,57.0,,False,
2025-07-19T07:00:00.000Z,USA,Southwest Power Pool,US-CENT-SWPP,276.0,317.0,,58.0,,False,
2025-07-19T08:00:00.000Z,USA,Southwest Power Pool,US-CENT-SWPP,277.0,317.0,,58.0,,False,
2025-07-19T09:00:00.000Z,USA,Southwest Power Pool,US-CENT-SWPP,267.0,306.0,,59.0,,False,
2025-07-19T10:00:00.000Z,USA,Southwest Power Pool,US-CENT-SWPP,264.0,302.0,,60.0,,False,
2025-07-19T11:00:00.000Z,USA,Southwest Power Pool,US-CENT-SWPP,267.0,305.0,,60.0,,False,
2025-07-19T12:00:00.000Z,USA,Southwest Power Pool,US-CENT-SWPP,276.0,315.0,,59.0,,False,
2025-07-19T13:00:00.000Z,USA,Southwest Power Pool,US-CENT-SWPP,309.0,352.0,,55.0,,False,
2025-07-19T14:00:00.000Z,USA,Southwest Power Pool,US-CENT-SWPP,346.0,393.0,,50.0,,False,
2025-07-19T15:00:00.000Z,USA,Southwest Power Pool,US-CENT-SWPP,371.0,422.0,,47.0,,False,
2025-07-19T16:00:00.000Z,USA,Southwest Power Pool,US-CENT-SWPP,402.0,456.0,,43.0,,False,
2025-07-19T17:00:00.000Z,USA,Southwest Power Pool,US-CENT-SWPP,426.0,482.0,,40.0,,False,
2025-07-19T18:00:00.000Z,USA,Southwest Power Pool,US-CENT-SWPP,430.0,487.0,,39.0,,False,
2025-07-19T19:00:00.000Z,USA,Southwest Power Pool,US-CENT-SWPP,423.0,479.0,,40.0,,False,
2025-07-19T20:00:00.000Z,USA,Southwest Power Pool,US-CENT-SWPP,417.0,474.0,,41.0,,False,
2025-07-19T21:00:00.000Z,USA,Southwest Power Pool,US-CENT-SWPP,417.0,473.0,,41.0,,False,
2025-07-19T22:00:00.000Z,USA,Southwest Power Pool,US-CENT-SWPP,421.0,478.0,,40.0,,False,
2025-07-19T23:00:00.000Z,USA,Southwest Power Pool,US-CENT-SWPP,420.0,475.0,,41.0,,False,
2025-07-20T00:00:00.000Z,USA,Southwest Power Pool,US-CENT-SWPP,409.0,462.0,,43.0,,False,
2025-07-20T01:00:00.000Z,USA,Southwest Power Pool,US-CENT-SWPP,395.0,447.0,,45.0,,False,
2025-07-20T02:00:00.000Z,USA,Southwest Power Pool,US-CENT-SWPP,371.0,418.0,,49.0,,False,
2025-07-20T03:00:00.000Z,USA,Southwest Power Pool,US-CENT-SWPP,353.0,398.0,,51.0,,False,
2025-07-20T04:00:00.000Z,USA,Southwest Power Pool,US-CENT-SWPP,324.0,367.0,,54.0,,False,
2025-07-20T05:00:00.000Z,USA,Southwest Power Pool,US-CENT-SWPP,311.0,353.0,,55.0,,False,
2025-07-20T06:00:00.000Z,USA,Southwest Power Pool,US-CENT-SWPP,316.0,357.0,,55.0,,False,
2025-07-20T07:00:00.000Z,USA,Southwest Power Pool,US-CENT-SWPP,312.0,353.0,,56.0,,False,
2025-07-20T08:00:00.000Z,USA,Southwest Power Pool,US-CENT-SWPP,313.0,354.0,,55.0,,False,
2025-07-20T09:00:00.000Z,USA,Southwest Power Pool,US-CENT-SWPP,323.0,364.0,,54.0,,False,
2025-07-20T10:00:00.000Z,USA,Southwest Power Pool,US-CENT-SWPP,324.0,367.0,,53.0,,False,
2025-07-20T11:00:00.000Z,USA,Southwest Power Pool,US-CENT-SWPP,314.0,355.0,,55.0,,False,
2025-07-20T12:00:00.000Z,USA,Southwest Power Pool,US-CENT-SWPP,319.0,361.0,,54.0,,False,
2025-07-20T13:00:00.000Z,USA,Southwest Power Pool,US-CENT-SWPP,346.0,390.0,,51.0,,False,
2025-07-20T14:00:00.000Z,USA,Southwest Power Pool,US-CENT-SWPP,384.0,432.0,,47.0,,False,
2025-07-20T15:00:00.000Z,USA,Southwest Power Pool,US-CENT-SWPP,428.0,479.0,,42.0,,False,
2025-07-20T16:00:00.000Z,USA,Southwest Power Pool,US-CENT-SWPP,477.0,535.0,,35.0,,False,
2025-07-20T17:00:00.000Z,USA,Southwest Power Pool,US-CENT-SWPP,510.0,572.0,,30.0,,False,
2025-07-20T18:00:00.000Z,USA,Southwest Power Pool,US-CENT-SWPP,516.0,579.0,,30.0,,False,
2025-07-20T19:00:00.000Z,USA,Southwest Power Pool,US-CENT-SWPP,507.0,569.0,,31.0,,False,
2025-07-20T20:00:00.000Z,USA,Southwest Power Pool,US-CENT-SWPP,496.0,557.0,,32.0,,False,
2025-07-20T21:00:00.000Z,USA,Southwest Power Pool,US-CENT-SWPP,485.0,544.0,,34.0,,False,
2025-07-20T22:00:00.000Z,USA,Southwest Power Pool,US-CENT-SWPP,480.0,539.0,,35.0,,False,
2025-07-20T23:00:00.000Z,USA,Southwest Power Pool,US-CENT-SWPP,477.0,535.0,,35.0,,False,
2025-07-21T00:00:00.000Z,USA,Southwest Power Pool,US-CENT-SWPP,474.0,532.0,,36.0,,False,
2025-07-21T01:00:00.000Z,USA,Southwest Power Pool,US-CENT-SWPP,449.0,503.0,,39.0,,False,
2025-07-21T02:00:00.000Z,USA,Southwest Power Pool,US-CENT-SWPP,409.0,459.0,,45.0,,False,
2025-07-21T03:00:00.000Z,USA,Southwest Power Pool,US-CENT-SWPP,386.0,432.0,,48.0,,False,
2025-07-21T04:00:00.000Z,USA,Southwest Power Pool,US-CENT-SWPP,357.0,400.0,,51.0,,False,
2025-07-21T05:00:00.000Z,USA,Southwest Power Pool,US-CENT-SWPP,330.0,373.0,,54.0,,False,
2025-07-21T06:00:00.000Z,USA,Southwest Power Pool,US-CENT-SWPP,314.0,355.0,,55.0,,False,
2025-07-21T07:00:00.000Z,USA,Southwest Power Pool,US-CENT-SWPP,315.0,356.0,,55.0,,False,
2025-07-21T08:00:00.000Z,USA,Southwest Power Pool,US-CENT-SWPP,321.0,363.0,,54.0,,False,
2025-07-21T09:00:00.000Z,USA,Southwest Power Pool,US-CENT-SWPP,342.0,385.0,,52.0,,False,
2025-07-21T10:00:00.000Z,USA,Southwest Power Pool,US-CENT-SWPP,405.0,453.0,,45.0,,False,
2025-07-21T11:00:00.000Z,USA,Southwest Power Pool,US-CENT-SWPP,419.0,467.0,,44.0,,False,
2025-07-21T12:00:00.000Z,USA,Southwest Power Pool,US-CENT-SWPP,439.0,489.0,,42.0,,False,
2025-07-21T13:00:00.000Z,USA,Southwest Power Pool,US-CENT-SWPP,455.0,506.0,,40.0,,False,
2025-07-21T14:00:00.000Z,USA,Southwest Power Pool,US-CENT-SWPP,436.0,488.0,,41.0,,False,
2025-07-21T15:00:00.000Z,USA,Southwest Power Pool,US-CENT-SWPP,450.0,505.0,,39.0,,False,
2025-07-21T16:00:00.000Z,USA,Southwest Power Pool,US-CENT-SWPP,481.0,542.0,,33.0,,False,
2025-07-21T17:00:00.000Z,USA,Southwest Power Pool,US-CENT-SWPP,486.0,548.0,,32.0,,False,
2025-07-21T18:00:00.000Z,USA,Southwest Power Pool,US-CENT-SWPP,484.0,544.0,,34.0,,False,
2025-07-21T19:00:00.000Z,USA,Southwest Power Pool,US-CENT-SWPP,462.0,521.0,,36.0,,False,
2025-07-21T20:00:00.000Z,USA,Southwest Power Pool,US-CENT-SWPP,448.0,506.0,,38.0,,False,
2025-07-21T21:00:00.000Z,USA,Southwest Power Pool,US-CENT-SWPP,439.0,497.0,,38.0,,False,
2025-07-21T22:00:00.000Z,USA,Southwest Power Pool,US-CENT-SWPP,423.0,480.0,,40.0,,False,
2025-07-21T23:00:00.000Z,USA,Southwest Power Pool,US-CENT-SWPP,411.0,466.0,,42.0,,False,
2025-07-22T00:00:00.000Z,USA,Southwest Power Pool,US-CENT-SWPP,417.0,473.0,,41.0,,False,
2025-07-22T01:00:00.000Z,USA,Southwest Power Pool,US-CENT-SWPP,421.0,476.0,,41.0,,False,
2025-07-22T02:00:00.000Z,USA,Southwest Power Pool,US-CENT-SWPP,425.0,479.0,,41.0,,False,
2025-07-22T03:00:00.000Z,USA,Southwest Power Pool,US-CENT-SWPP,412.0,462.0,,44.0,,False,
2025-07-22T04:00:00.000Z,USA,Southwest Power Pool,US-CENT-SWPP,380.0,427.0,,48.0,,False,
2025-07-22T05:00:00.000Z,USA,Southwest Power Pool,US-CENT-SWPP,344.0,388.0,,52.0,,False,
2025-07-22T06:00:00.000Z,USA,Southwest Power Pool,US-CENT-SWPP,316.0,358.0,,55.0,,False,
2025-07-22T07:00:00.000Z,USA,Southwest Power Pool,US-CENT-SWPP,352.0,395.0,,52.0,,False,
2025-07-22T08:00:00.000Z,USA,Southwest Power Pool,US-CENT-SWPP,354.0,397.0,,51.0,,False,
2025-07-22T09:00:00.000Z,USA,Southwest Power Pool,US-CENT-SWPP,369.0,413.0,,49.0,,False,
2025-07-22T10:00:00.000Z,USA,Southwest Power Pool,US-CENT-SWPP,341.0,383.0,,53.0,,False,
2025-07-22T11:00:00.000Z,USA,Southwest Power Pool,US-CENT-SWPP,323.0,364.0,,55.0,,False,
2025-07-22T12:00:00.000Z,USA,Southwest Power Pool,US-CENT-SWPP,325.0,367.0,,54.0,,False,
2025-07-22T13:00:00.000Z,USA,Southwest Power Pool,US-CENT-SWPP,376.0,424.0,,48.0,,False,
2025-07-22T14:00:00.000Z,USA,Southwest Power Pool,US-CENT-SWPP,389.0,438.0,,46.0,,False,
2025-07-22T15:00:00.000Z,USA,Southwest Power Pool,US-CENT-SWPP,414.0,466.0,,43.0,,False,
2025-07-22T16:00:00.000Z,USA,Southwest Power Pool,US-CENT-SWPP,442.0,496.0,,40.0,,False,
2025-07-22T17:00:00.000Z,USA,Southwest Power Pool,US-CENT-SWPP,449.0,504.0,,39.0,,False,
2025-07-22T18:00:00.000Z,USA,Southwest Power Pool,US-CENT-SWPP,450.0,505.0,,39.0,,False,
2025-07-22T19:00:00.000Z,USA,Southwest Power Pool,US-CENT-SWPP,443.0,498.0,,40.0,,False,
2025-07-22T20:00:00.000Z,USA,Southwest Power Pool,US-CENT-SWPP,438.0,494.0,,40.0,,False,
2025-07-22T21:00:00.000Z,USA,Southwest Power Pool,US-CENT-SWPP,434.0,489.0,,40.0,,False,
2025-07-22T22:00:00.000Z,USA,Southwest Power Pool,US-CENT-SWPP,431.0,486.0,,41.0,,False,
2025-07-22T23:00:00.000Z,USA,Southwest Power Pool,US-CENT-SWPP,426.0,479.0,,42.0,,False,
2025-07-23T00:00:00.000Z,USA,Southwest Power Pool,US-CENT-SWPP,413.0,466.0,,43.0,,False,
2025-07-23T01:00:00.000Z,USA,Southwest Power Pool,US-CENT-SWPP,396.0,447.0,,45.0,,False,
2025-07-23T02:00:00.000Z,USA,Southwest Power Pool,US-CENT-SWPP,384.0,433.0,,47.0,,False,
2025-07-23T03:00:00.000Z,USA,Southwest Power Pool,US-CENT-SWPP,363.0,410.0,,49.0,,False,
2025-07-23T04:00:00.000Z,USA,Southwest Power Pool,US-CENT-SWPP,334.0,379.0,,52.0,,False,
2025-07-23T05:00:00.000Z,USA,Southwest Power Pool,US-CENT-SWPP,310.0,354.0,,55.0,,False,
2025-07-23T06:00:00.000Z,USA,Southwest Power Pool,US-CENT-SWPP,297.0,340.0,,56.0,,False,
2025-07-23T07:00:00.000Z,USA,Southwest Power Pool,US-CENT-SWPP,297.0,339.0,,56.0,,False,
2025-07-23T08:00:00.000Z,USA,Southwest Power Pool,US-CENT-SWPP,305.0,348.0,,54.0,,False,
2025-07-23T09:00:00.000Z,USA,Southwest Power Pool,US-CENT-SWPP,306.0,350.0,,54.0,,False,
2025-07-23T10:00:00.000Z,USA,Southwest Power Pool,US-CENT-SWPP,313.0,358.0,,53.0,,False,
2025-07-23T11:00:00.000Z,USA,Southwest Power Pool,US-CENT-SWPP,313.0,359.0,,53.0,,False,
2025-07-23T12:00:00.000Z,USA,Southwest Power Pool,US-CENT-SWPP,325.0,372.0,,52.0,,False,
2025-07-23T13:00:00.000Z,USA,Southwest Power Pool,US-CENT-SWPP,364.0,414.0,,47.0,,False,
2025-07-23T14:00:00.000Z,USA,Southwest Power Pool,US-CENT-SWPP,390.0,442.0,,44.0,,False,
2025-07-23T15:00:00.000Z,USA,Southwest Power Pool,US-CENT-SWPP,410.0,463.0,,42.0,,False,
2025-07-23T16:00:00.000Z,USA,Southwest Power Pool,US-CENT-SWPP,424.0,480.0,,40.0,,False,
2025-07-23T17:00:00.000Z,USA,Southwest Power Pool,US-CENT-SWPP,440.0,497.0,,39.0,,False,
2025-07-23T18:00:00.000Z,USA,Southwest Power Pool,US-CENT-SWPP,449.0,506.0,,38.0,,False,
2025-07-23T19:00:00.000Z,USA,Southwest Power Pool,US-CENT-SWPP,448.0,506.0,,38.0,,False,
2025-07-23T20:00:00.000Z,USA,Southwest Power Pool,US-CENT-SWPP,451.0,509.0,,37.0,,False,
2025-07-23T21:00:00.000Z,USA,Southwest Power Pool,US-CENT-SWPP,451.0,509.0,,37.0,,False,
2025-07-23T22:00:00.000Z,USA,Southwest Power Pool,US-CENT-SWPP,433.0,489.0,,40.0,,False,
2025-07-23T23:00:00.000Z,USA,Southwest Power Pool,US-CENT-SWPP,426.0,481.0,,41.0,,False,
2025-07-24T00:00:00.000Z,USA,Southwest Power Pool,US-CENT-SWPP,426.0,480.0,,41.0,,False,
2025-07-24T01:00:00.000Z,USA,Southwest Power Pool,US-CENT-SWPP,415.0,469.0,,42.0,,False,
2025-07-24T02:00:00.000Z,USA,Southwest Power Pool,US-CENT-SWPP,393.0,445.0,,44.0,,False,
2025-07-24T03:00:00.000Z,USA,Southwest Power Pool,US-CENT-SWPP,373.0,423.0,,47.0,,False,
2025-07-24T04:00:00.000Z,USA,Southwest Power Pool,US-CENT-SWPP,364.0,412.0,,48.0,,False,
2025-07-24T05:00:00.000Z,USA,Southwest Power Pool,US-CENT-SWPP,366.0,415.0,,47.0,,False,
2025-07-24T06:00:00.000Z,USA,Southwest Power Pool,US-CENT-SWPP,372.0,423.0,,46.0,,False,
2025-07-24T07:00:00.000Z,USA,Southwest Power Pool,US-CENT-SWPP,375.0,426.0,,45.0,,False,
2025-07-24T08:00:00.000Z,USA,Southwest Power Pool,US-CENT-SWPP,398.0,452.0,,42.0,,False,
2025-07-24T09:00:00.000Z,USA,Southwest Power Pool,US-CENT-SWPP,433.0,490.0,,38.0,,False,
2025-07-24T10:00:00.000Z,USA,Southwest Power Pool,US-CENT-SWPP,464.0,523.0,,34.0,,False,
2025-07-24T11:00:00.000Z,USA,Southwest Power Pool,US-CENT-SWPP,485.0,546.0,,32.0,,False,
2025-07-24T12:00:00.000Z,USA,Southwest Power Pool,US-CENT-SWPP,516.0,580.0,,27.0,,False,
2025-07-24T13:00:00.000Z,USA,Southwest Power Pool,US-CENT-SWPP,542.0,609.0,,24.0,,False,
2025-07-24T14:00:00.000Z,USA,Southwest Power Pool,US-CENT-SWPP,535.0,604.0,,24.0,,False,
2025-07-24T15:00:00.000Z,USA,Southwest Power Pool,US-CENT-SWPP,537.0,607.0,,24.0,,False,
2025-07-24T16:00:00.000Z,USA,Southwest Power Pool,US-CENT-SWPP,562.0,635.0,,20.0,,False,
2025-07-24T17:00:00.000Z,USA,Southwest Power Pool,US-CENT-SWPP,586.0,663.0,,16.0,,False,
2025-07-24T18:00:00.000Z,USA,Southwest Power Pool,US-CENT-SWPP,597.0,677.0,,14.0,,False,
2025-07-24T19:00:00.000Z,USA,Southwest Power Pool,US-CENT-SWPP,599.0,680.0,,13.0,,False,
2025-07-24T20:00:00.000Z,USA,Southwest Power Pool,US-CENT-SWPP,596.0,678.0,,13.0,,False,
2025-07-24T21:00:00.000Z,USA,Southwest Power Pool,US-CENT-SWPP,590.0,670.0,,15.0,,False,
2025-07-24T22:00:00.000Z,USA,Southwest Power Pool,US-CENT-SWPP,572.0,649.0,,18.0,,False,
2025-07-24T23:00:00.000Z,USA,Southwest Power Pool,US-CENT-SWPP,565.0,641.0,,19.0,,False,
2025-07-25T00:00:00.000Z,USA,Southwest Power Pool,US-CENT-SWPP,565.0,640.0,,19.0,,False,
2025-07-25T01:00:00.000Z,USA,Southwest Power Pool,US-CENT-SWPP,578.0,653.0,,18.0,,False,
2025-07-25T02:00:00.000Z,USA,Southwest Power Pool,US-CENT-SWPP,567.0,640.0,,19.0,,False,
2025-07-25T03:00:00.000Z,USA,Southwest Power Pool,US-CENT-SWPP,556.0,627.0,,21.0,,False,
2025-07-25T04:00:00.000Z,USA,Southwest Power Pool,US-CENT-SWPP,529.0,595.0,,26.0,,False,
2025-07-25T05:00:00.000Z,USA,Southwest Power Pool,US-CENT-SWPP,505.0,568.0,,29.0,,False,
2025-07-25T06:00:00.000Z,USA,Southwest Power Pool,US-CENT-SWPP,469.0,529.0,,33.0,,False,
2025-07-25T07:00:00.000Z,USA,Southwest Power Pool,US-CENT-SWPP,472.0,533.0,,32.0,,False,
2025-07-25T08:00:00.000Z,USA,Southwest Power Pool,US-CENT-SWPP,501.0,565.0,,28.0,,False,
2025-07-25T09:00:00.000Z,USA,Southwest Power Pool,US-CENT-SWPP,538.0,606.0,,23.0,,False,
2025-07-25T10:00:00.000Z,USA,Southwest Power Pool,US-CENT-SWPP,577.0,648.0,,18.0,,False,
2025-07-25T11:00:00.000Z,USA,Southwest Power Pool,US-CENT-SWPP,577.0,647.0,,19.0,,False,
2025-07-25T12:00:00.000Z,USA,Southwest Power Pool,US-CENT-SWPP,576.0,646.0,,20.0,,False,
2025-07-25T13:00:00.000Z,USA,Southwest Power Pool,US-CENT-SWPP,597.0,670.0,,17.0,,False,
2025-07-25T14:00:00.000Z,USA,Southwest Power Pool,US-CENT-SWPP,616.0,690.0,,15.0,,False,
2025-07-25T15:00:00.000Z,USA,Southwest Power Pool,US-CENT-SWPP,615.0,690.0,,15.0,,False,
2025-07-25T16:00:00.000Z,USA,Southwest Power Pool,US-CENT-SWPP,621.0,697.0,,14.0,,False,
2025-07-25T17:00:00.000Z,USA,Southwest Power Pool,US-CENT-SWPP,618.0,695.0,,14.0,,False,
2025-07-25T18:00:00.000Z,USA,Southwest Power Pool,US-CENT-SWPP,608.0,685.0,,15.0,,False,
2025-07-25T19:00:00.000Z,USA,Southwest Power Pool,US-CENT-SWPP,604.0,681.0,,15.0,,False,
2025-07-25T20:00:00.000Z,USA,Southwest Power Pool,US-CENT-SWPP,599.0,675.0,,16.0,,False,
2025-07-25T21:00:00.000Z,USA,Southwest Power Pool,US-CENT-SWPP,599.0,676.0,,16.0,,False,
2025-07-25T22:00:00.000Z,USA,Southwest Power Pool,US-CENT-SWPP,600.0,676.0,,16.0,,False,
2025-07-25T23:00:00.000Z,USA,Southwest Power Pool,US-CENT-SWPP,605.0,682.0,,15.0,,False,
2025-07-26T00:00:00.000Z,USA,Southwest Power Pool,US-CENT-SWPP,608.0,683.0,,16.0,,False,
2025-07-26T01:00:00.000Z,USA,Southwest Power Pool,US-CENT-SWPP,612.0,686.0,,16.0,,False,
2025-07-26T02:00:00.000Z,USA,Southwest Power Pool,US-CENT-SWPP,603.0,674.0,,18.0,,False,
2025-07-26T03:00:00.000Z,USA,Southwest Power Pool,US-CENT-SWPP,588.0,656.0,,21.0,,False,
2025-07-26T04:00:00.000Z,USA,Southwest Power Pool,US-CENT-SWPP,569.0,634.0,,24.0,,False,
2025-07-26T05:00:00.000Z,USA,Southwest Power Pool,US-CENT-SWPP,549.0,610.0,,27.0,,False,
2025-07-26T06:00:00.000Z,USA,Southwest Power Pool,US-CENT-SWPP,531.0,589.0,,30.0,,False,
2025-07-26T07:00:00.000Z,USA,Southwest Power Pool,US-CENT-SWPP,522.0,581.0,,30.0,,False,
2025-07-26T08:00:00.000Z,USA,Southwest Power Pool,US-CENT-SWPP,519.0,577.0,,30.0,,False,
2025-07-26T09:00:00.000Z,USA,Southwest Power Pool,US-CENT-SWPP,516.0,575.0,,30.0,,False,
2025-07-26T10:00:00.000Z,USA,Southwest Power Pool,US-CENT-SWPP,526.0,586.0,,29.0,,False,
2025-07-26T11:00:00.000Z,USA,Southwest Power Pool,US-CENT-SWPP,514.0,573.0,,30.0,,False,
2025-07-26T12:00:00.000Z,USA,Southwest Power Pool,US-CENT-SWPP,522.0,583.0,,28.0,,False,
2025-07-26T13:00:00.000Z,USA,Southwest Power Pool,US-CENT-SWPP,566.0,634.0,,22.0,,False,
2025-07-26T14:00:00.000Z,USA,Southwest Power Pool,US-CENT-SWPP,608.0,680.0,,17.0,,False,
2025-07-26T15:00:00.000Z,USA,Southwest Power Pool,US-CENT-SWPP,610.0,681.0,,17.0,,False,
2025-07-26T16:00:00.000Z,USA,Southwest Power Pool,US-CENT-SWPP,608.0,680.0,,17.0,,False,
2025-07-26T17:00:00.000Z,USA,Southwest Power Pool,US-CENT-SWPP,597.0,670.0,,18.0,,False,
2025-07-26T18:00:00.000Z,USA,Southwest Power Pool,US-CENT-SWPP,587.0,658.0,,19.0,,False,
2025-07-26T19:00:00.000Z,USA,Southwest Power Pool,US-CENT-SWPP,574.0,645.0,,21.0,,False,
2025-07-26T20:00:00.000Z,USA,Southwest Power Pool,US-CENT-SWPP,564.0,634.0,,23.0,,False,
2025-07-26T21:00:00.000Z,USA,Southwest Power Pool,US-CENT-SWPP,553.0,621.0,,24.0,,False,
2025-07-26T22:00:00.000Z,USA,Southwest Power Pool,US-CENT-SWPP,530.0,596.0,,27.0,,False,
2025-07-26T23:00:00.000Z,USA,Southwest Power Pool,US-CENT-SWPP,514.0,578.0,,30.0,,False,
2025-07-27T00:00:00.000Z,USA,Southwest Power Pool,US-CENT-SWPP,502.0,563.0,,32.0,,False,
2025-07-27T01:00:00.000Z,USA,Southwest Power Pool,US-CENT-SWPP,487.0,546.0,,34.0,,False,
2025-07-27T02:00:00.000Z,USA,Southwest Power Pool,US-CENT-SWPP,435.0,488.0,,41.0,,False,
2025-07-27T03:00:00.000Z,USA,Southwest Power Pool,US-CENT-SWPP,395.0,444.0,,45.0,,False,
2025-07-27T04:00:00.000Z,USA,Southwest Power Pool,US-CENT-SWPP,357.0,404.0,,49.0,,False,
2025-07-27T05:00:00.000Z,USA,Southwest Power Pool,US-CENT-SWPP,353.0,399.0,,50.0,,False,
2025-07-27T06:00:00.000Z,USA,Southwest Power Pool,US-CENT-SWPP,346.0,390.0,,52.0,,False,
2025-07-27T07:00:00.000Z,USA,Southwest Power Pool,US-CENT-SWPP,318.0,361.0,,54.0,,False,
2025-07-27T08:00:00.000Z,USA,Southwest Power Pool,US-CENT-SWPP,304.0,346.0,,55.0,,False,
2025-07-27T09:00:00.000Z,USA,Southwest Power Pool,US-CENT-SWPP,303.0,345.0,,55.0,,False,
2025-07-27T10:00:00.000Z,USA,Southwest Power Pool,US-CENT-SWPP,303.0,345.0,,55.0,,False,
2025-07-27T11:00:00.000Z,USA,Southwest Power Pool,US-CENT-SWPP,313.0,356.0,,54.0,,False,
2025-07-27T12:00:00.000Z,USA,Southwest Power Pool,US-CENT-SWPP,344.0,390.0,,50.0,,False,
2025-07-27T13:00:00.000Z,USA,Southwest Power Pool,US-CENT-SWPP,403.0,456.0,,42.0,,False,
2025-07-27T14:00:00.000Z,USA,Southwest Power Pool,US-CENT-SWPP,436.0,492.0,,38.0,,False,
2025-07-27T15:00:00.000Z,USA,Southwest Power Pool,US-CENT-SWPP,472.0,531.0,,34.0,,False,
2025-07-27T16:00:00.000Z,USA,Southwest Power Pool,US-CENT-SWPP,499.0,562.0,,31.0,,False,
2025-07-27T17:00:00.000Z,USA,Southwest Power Pool,US-CENT-SWPP,503.0,566.0,,30.0,,False,
2025-07-27T18:00:00.000Z,USA,Southwest Power Pool,US-CENT-SWPP,485.0,547.0,,32.0,,False,
2025-07-27T19:00:00.000Z,USA,Southwest Power Pool,US-CENT-SWPP,458.0,517.0,,36.0,,False,
2025-07-27T20:00:00.000Z,USA,Southwest Power Pool,US-CENT-SWPP,440.0,499.0,,38.0,,False,
2025-07-27T21:00:00.000Z,USA,Southwest Power Pool,US-CENT-SWPP,429.0,487.0,,39.0,,False,
2025-07-27T22:00:00.000Z,USA,Southwest Power Pool,US-CENT-SWPP,427.0,484.0,,39.0,,False,
2025-07-27T23:00:00.000Z,USA,Southwest Power Pool,US-CENT-SWPP,429.0,487.0,,39.0,,False,
2025-07-28T00:00:00.000Z,USA,Southwest Power Pool,US-CENT-SWPP,425.0,482.0,,40.0,,False,
2025-07-28T01:00:00.000Z,USA,Southwest Power Pool,US-CENT-SWPP,420.0,474.0,,41.0,,False,
2025-07-28T02:00:00.000Z,USA,Southwest Power Pool,US-CENT-SWPP,395.0,447.0,,45.0,,False,
2025-07-28T03:00:00.000Z,USA,Southwest Power Pool,US-CENT-SWPP,365.0,413.0,,48.0,,False,
2025-07-28T04:00:00.000Z,USA,Southwest Power Pool,US-CENT-SWPP,337.0,383.0,,51.0,,False,
2025-07-28T05:00:00.000Z,USA,Southwest Power Pool,US-CENT-SWPP,323.0,368.0,,53.0,,False,
2025-07-28T06:00:00.000Z,USA,Southwest Power Pool,US-CENT-SWPP,318.0,362.0,,53.0,,False,
2025-07-28T07:00:00.000Z,USA,Southwest Power Pool,US-CENT-SWPP,309.0,352.0,,54.0,,False,
2025-07-28T08:00:00.000Z,USA,Southwest Power Pool,US-CENT-SWPP,308.0,352.0,,54.0,,False,
2025-07-28T09:00:00.000Z,USA,Southwest Power Pool,US-CENT-SWPP,312.0,357.0,,53.0,,False,
2025-07-28T10:00:00.000Z,USA,Southwest Power Pool,US-CENT-SWPP,308.0,352.0,,54.0,,False,
2025-07-28T11:00:00.000Z,USA,Southwest Power Pool,US-CENT-SWPP,308.0,353.0,,54.0,,False,
2025-07-28T12:00:00.000Z,USA,Southwest Power Pool,US-CENT-SWPP,324.0,371.0,,51.0,,False,
2025-07-28T13:00:00.000Z,USA,Southwest Power Pool,US-CENT-SWPP,395.0,451.0,,42.0,,False,
2025-07-28T14:00:00.000Z,USA,Southwest Power Pool,US-CENT-SWPP,424.0,481.0,,39.0,,False,
2025-07-28T15:00:00.000Z,USA,Southwest Power Pool,US-CENT-SWPP,451.0,510.0,,36.0,,False,
2025-07-28T16:00:00.000Z,USA,Southwest Power Pool,US-CENT-SWPP,469.0,530.0,,34.0,,False,
2025-07-28T17:00:00.000Z,USA,Southwest Power Pool,US-CENT-SWPP,495.0,560.0,,30.0,,False,
2025-07-28T18:00:00.000Z,USA,Southwest Power Pool,US-CENT-SWPP,498.0,564.0,,29.0,,False,
2025-07-28T19:00:00.000Z,USA,Southwest Power Pool,US-CENT-SWPP,485.0,550.0,,31.0,,False,
2025-07-28T20:00:00.000Z,USA,Southwest Power Pool,US-CENT-SWPP,474.0,539.0,,32.0,,False,
2025-07-28T21:00:00.000Z,USA,Southwest Power Pool,US-CENT-SWPP,476.0,541.0,,32.0,,False,
2025-07-28T22:00:00.000Z,USA,Southwest Power Pool,US-CENT-SWPP,476.0,540.0,,32.0,,False,
2025-07-28T23:00:00.000Z,USA,Southwest Power Pool,US-CENT-SWPP,487.0,553.0,,31.0,,False,
2025-07-29T00:00:00.000Z,USA,Southwest Power Pool,US-CENT-SWPP,496.0,563.0,,29.0,,False,
2025-07-29T01:00:00.000Z,USA,Southwest Power Pool,US-CENT-SWPP,505.0,572.0,,28.0,,False,
2025-07-29T02:00:00.000Z,USA,Southwest Power Pool,US-CENT-SWPP,480.0,541.0,,33.0,,False,
2025-07-29T03:00:00.000Z,USA,Southwest Power Pool,US-CENT-SWPP,440.0,495.0,,40.0,,False,
2025-07-29T04:00:00.000Z,USA,Southwest Power Pool,US-CENT-SWPP,403.0,453.0,,45.0,,False,
2025-07-29T05:00:00.000Z,USA,Southwest Power Pool,US-CENT-SWPP,396.0,446.0,,45.0,,False,
2025-07-29T06:00:00.000Z,USA,Southwest Power Pool,US-CENT-SWPP,383.0,432.0,,46.0,,False,
2025-07-29T07:00:00.000Z,USA,Southwest Power Pool,US-CENT-SWPP,379.0,429.0,,46.0,,False,
2025-07-29T08:00:00.000Z,USA,Southwest Power Pool,US-CENT-SWPP,378.0,428.0,,45.0,,False,
2025-07-29T09:00:00.000Z,USA,Southwest Power Pool,US-CENT-SWPP,386.0,438.0,,44.0,,False,
2025-07-29T10:00:00.000Z,USA,Southwest Power Pool,US-CENT-SWPP,392.0,444.0,,44.0,,False,
2025-07-29T11:00:00.000Z,USA,Southwest Power Pool,US-CENT-SWPP,410.0,464.0,,41.0,,False,
2025-07-29T12:00:00.000Z,USA,Southwest Power Pool,US-CENT-SWPP,447.0,506.0,,36.0,,False,
2025-07-29T13:00:00.000Z,USA,Southwest Power Pool,US-CENT-SWPP,520.0,587.0,,26.0,,False,
2025-07-29T14:00:00.000Z,USA,Southwest Power Pool,US-CENT-SWPP,570.0,642.0,,20.0,,False,
2025-07-29T15:00:00.000Z,USA,Southwest Power Pool,US-CENT-SWPP,587.0,664.0,,17.0,,False,
2025-07-29T16:00:00.000Z,USA,Southwest Power Pool,US-CENT-SWPP,595.0,674.0,,15.0,,False,
2025-07-29T17:00:00.000Z,USA,Southwest Power Pool,US-CENT-SWPP,585.0,664.0,,16.0,,False,
2025-07-29T18:00:00.000Z,USA,Southwest Power Pool,US-CENT-SWPP,570.0,648.0,,17.0,,False,
2025-07-29T19:00:00.000Z,USA,Southwest Power Pool,US-CENT-SWPP,560.0,639.0,,19.0,,False,
2025-07-29T20:00:00.000Z,USA,Southwest Power Pool,US-CENT-SWPP,550.0,628.0,,19.0,,False,
2025-07-29T21:00:00.000Z,USA,Southwest Power Pool,US-CENT-SWPP,548.0,626.0,,20.0,,False,
2025-07-29T22:00:00.000Z,USA,Southwest Power Pool,US-CENT-SWPP,545.0,622.0,,20.0,,False,
2025-07-29T23:00:00.000Z,USA,Southwest Power Pool,US-CENT-SWPP,533.0,608.0,,22.0,,False,
2025-07-30T00:00:00.000Z,USA,Southwest Power Pool,US-CENT-SWPP,523.0,596.0,,24.0,,False,
2025-07-30T01:00:00.000Z,USA,Southwest Power Pool,US-CENT-SWPP,516.0,586.0,,27.0,,False,
2025-07-30T02:00:00.000Z,USA,Southwest Power Pool,US-CENT-SWPP,475.0,537.0,,34.0,,False,
2025-07-30T03:00:00.000Z,USA,Southwest Power Pool,US-CENT-SWPP,451.0,508.0,,37.0,,False,
2025-07-30T04:00:00.000Z,USA,Southwest Power Pool,US-CENT-SWPP,436.0,491.0,,40.0,,False,
2025-07-30T05:00:00.000Z,USA,Southwest Power Pool,US-CENT-SWPP,431.0,486.0,,40.0,,False,
2025-07-30T06:00:00.000Z,USA,Southwest Power Pool,US-CENT-SWPP,436.0,489.0,,40.0,,False,
2025-07-30T07:00:00.000Z,USA,Southwest Power Pool,US-CENT-SWPP,442.0,497.0,,38.0,,False,
2025-07-30T08:00:00.000Z,USA,Southwest Power Pool,US-CENT-SWPP,463.0,520.0,,36.0,,False,
2025-07-30T09:00:00.000Z,USA,Southwest Power Pool,US-CENT-SWPP,474.0,531.0,,34.0,,False,
2025-07-30T10:00:00.000Z,USA,Southwest Power Pool,US-CENT-SWPP,492.0,551.0,,32.0,,False,
2025-07-30T11:00:00.000Z,USA,Southwest Power Pool,US-CENT-SWPP,512.0,573.0,,30.0,,False,
2025-07-30T12:00:00.000Z,USA,Southwest Power Pool,US-CENT-SWPP,556.0,622.0,,24.0,,False,
2025-07-30T13:00:00.000Z,USA,Southwest Power Pool,US-CENT-SWPP,593.0,663.0,,19.0,,False,
2025-07-30T14:00:00.000Z,USA,Southwest Power Pool,US-CENT-SWPP,624.0,698.0,,15.0,,False,
2025-07-30T15:00:00.000Z,USA,Southwest Power Pool,US-CENT-SWPP,622.0,699.0,,14.0,,False,
2025-07-30T16:00:00.000Z,USA,Southwest Power Pool,US-CENT-SWPP,628.0,707.0,,12.0,,False,
2025-07-30T17:00:00.000Z,USA,Southwest Power Pool,US-CENT-SWPP,627.0,709.0,,11.0,,False,
2025-07-30T18:00:00.000Z,USA,Southwest Power Pool,US-CENT-SWPP,623.0,706.0,,11.0,,False,
2025-07-30T19:00:00.000Z,USA,Southwest Power Pool,US-CENT-SWPP,624.0,708.0,,10.0,,False,
2025-07-30T20:00:00.000Z,USA,Southwest Power Pool,US-CENT-SWPP,620.0,703.0,,11.0,,False,
2025-07-30T21:00:00.000Z,USA,Southwest Power Pool,US-CENT-SWPP,607.0,687.0,,14.0,,False,
2025-07-30T22:00:00.000Z,USA,Southwest Power Pool,US-CENT-SWPP,583.0,660.0,,17.0,,False,
2025-07-30T23:00:00.000Z,USA,Southwest Power Pool,US-CENT-SWPP,563.0,636.0,,21.0,,False,
2025-07-31T00:00:00.000Z,USA,Southwest Power Pool,US-CENT-SWPP,551.0,620.0,,24.0,,False,
2025-07-31T01:00:00.000Z,USA,Southwest Power Pool,US-CENT-SWPP,536.0,599.0,,28.0,,False,
2025-07-31T02:00:00.000Z,USA,Southwest Power Pool,US-CENT-SWPP,520.0,581.0,,30.0,,False,
2025-07-31T03:00:00.000Z,USA,Southwest Power Pool,US-CENT-SWPP,530.0,590.0,,30.0,,False,
2025-07-31T04:00:00.000Z,USA,Southwest Power Pool,US-CENT-SWPP,543.0,603.0,,29.0,,False,
2025-07-31T05:00:00.000Z,USA,Southwest Power Pool,US-CENT-SWPP,531.0,587.0,,31.0,,False,
2025-07-31T06:00:00.000Z,USA,Southwest Power Pool,US-CENT-SWPP,518.0,573.0,,33.0,,False,
2025-07-31T07:00:00.000Z,USA,Southwest Power Pool,US-CENT-SWPP,553.0,612.0,,28.0,,False,
2025-07-31T08:00:00.000Z,USA,Southwest Power Pool,US-CENT-SWPP,594.0,656.0,,23.0,,False,
2025-07-31T09:00:00.000Z,USA,Southwest Power Pool,US-CENT-SWPP,612.0,676.0,,21.0,,False,
2025-07-31T10:00:00.000Z,USA,Southwest Power Pool,US-CENT-SWPP,627.0,692.0,,19.0,,False,
2025-07-31T11:00:00.000Z,USA,Southwest Power Pool,US-CENT-SWPP,626.0,690.0,,19.0,,False,
2025-07-31T12:00:00.000Z,USA,Southwest Power Pool,US-CENT-SWPP,634.0,700.0,,18.0,,False,
2025-07-31T13:00:00.000Z,USA,Southwest Power Pool,US-CENT-SWPP,641.0,710.0,,17.0,,False,
2025-07-31T14:00:00.000Z,USA,Southwest Power Pool,US-CENT-SWPP,632.0,701.0,,17.0,,False,
2025-07-31T15:00:00.000Z,USA,Southwest Power Pool,US-CENT-SWPP,620.0,690.0,,18.0,,False,
2025-07-31T16:00:00.000Z,USA,Southwest Power Pool,US-CENT-SWPP,606.0,675.0,,20.0,,False,
2025-07-31T17:00:00.000Z,USA,Southwest Power Pool,US-CENT-SWPP,594.0,662.0,,20.0,,False,
2025-07-31T18:00:00.000Z,USA,Southwest Power Pool,US-CENT-SWPP,584.0,652.0,,21.0,,False,
2025-07-31T19:00:00.000Z,USA,Southwest Power Pool,US-CENT-SWPP,581.0,650.0,,22.0,,False,
2025-07-31T20:00:00.000Z,USA,Southwest Power Pool,US-CENT-SWPP,585.0,654.0,,21.0,,False,
2025-07-31T21:00:00.000Z,USA,Southwest Power Pool,US-CENT-SWPP,584.0,651.0,,22.0,,False,
2025-07-31T22:00:00.000Z,USA,Southwest Power Pool,US-CENT-SWPP,580.0,646.0,,23.0,,False,
2025-07-31T23:00:00.000Z,USA,Southwest Power Pool,US-CENT-SWPP,576.0,641.0,,24.0,,False,
2025-08-01T00:00:00.000Z,USA,Southwest Power Pool,US-CENT-SWPP,576.0,641.0,,24.0,,False,
2025-08-01T01:00:00.000Z,USA,Southwest Power Pool,US-CENT-SWPP,581.0,646.0,,23.0,,False,
2025-08-01T02:00:00.000Z,USA,Southwest Power Pool,US-CENT-SWPP,575.0,639.0,,24.0,,False,
2025-08-01T03:00:00.000Z,USA,Southwest Power Pool,US-CENT-SWPP,543.0,604.0,,28.0,,False,
2025-08-01T04:00:00.000Z,USA,Southwest Power Pool,US-CENT-SWPP,522.0,580.0,,31.0,,False,
2025-08-01T05:00:00.000Z,USA,Southwest Power Pool,US-CENT-SWPP,498.0,554.0,,33.0,,False,
2025-08-01T06:00:00.000Z,USA,Southwest Power Pool,US-CENT-SWPP,477.0,532.0,,35.0,,False,
2025-08-01T07:00:00.000Z,USA,Southwest Power Pool,US-CENT-SWPP,473.0,527.0,,36.0,,False,
2025-08-01T08:00:00.000Z,USA,Southwest Power Pool,US-CENT-SWPP,481.0,536.0,,34.0,,False,
2025-08-01T09:00:00.000Z,USA,Southwest Power Pool,US-CENT-SWPP,510.0,568.0,,31.0,,False,
2025-08-01T10:00:00.000Z,USA,Southwest Power Pool,US-CENT-SWPP,528.0,588.0,,29.0,,False,
2025-08-01T11:00:00.000Z,USA,Southwest Power Pool,US-CENT-SWPP,535.0,595.0,,28.0,,False,
2025-08-01T12:00:00.000Z,USA,Southwest Power Pool,US-CENT-SWPP,548.0,609.0,,27.0,,False,
2025-08-01T13:00:00.000Z,USA,Southwest Power Pool,US-CENT-SWPP,568.0,631.0,,24.0,,False,
2025-08-01T14:00:00.000Z,USA,Southwest Power Pool,US-CENT-SWPP,593.0,659.0,,22.0,,False,
2025-08-01T15:00:00.000Z,USA,Southwest Power Pool,US-CENT-SWPP,603.0,669.0,,21.0,,False,
2025-08-01T16:00:00.000Z,USA,Southwest Power Pool,US-CENT-SWPP,593.0,659.0,,22.0,,False,
2025-08-01T17:00:00.000Z,USA,Southwest Power Pool,US-CENT-SWPP,581.0,646.0,,23.0,,False,
2025-08-01T18:00:00.000Z,USA,Southwest Power Pool,US-CENT-SWPP,576.0,641.0,,24.0,,False,
2025-08-01T19:00:00.000Z,USA,Southwest Power Pool,US-CENT-SWPP,574.0,640.0,,24.0,,False,
2025-08-01T20:00:00.000Z,USA,Southwest Power Pool,US-CENT-SWPP,578.0,644.0,,23.0,,False,
2025-08-01T21:00:00.000Z,USA,Southwest Power Pool,US-CENT-SWPP,582.0,647.0,,23.0,,False,
2025-08-01T22:00:00.000Z,USA,Southwest Power Pool,US-CENT-SWPP,574.0,639.0,,24.0,,False,
2025-08-01T23:00:00.000Z,USA,Southwest Power Pool,US-CENT-SWPP,568.0,632.0,,25.0,,False,
2025-08-02T00:00:00.000Z,USA,Southwest Power Pool,US-CENT-SWPP,559.0,621.0,,26.0,,False,
2025-08-02T01:00:00.000Z,USA,Southwest Power Pool,US-CENT-SWPP,557.0,618.0,,27.0,,False,
2025-08-02T02:00:00.000Z,USA,Southwest Power Pool,US-CENT-SWPP,524.0,582.0,,31.0,,False,
2025-08-02T03:00:00.000Z,USA,Southwest Power Pool,US-CENT-SWPP,504.0,560.0,,34.0,,False,
2025-08-02T04:00:00.000Z,USA,Southwest Power Pool,US-CENT-SWPP,484.0,537.0,,36.0,,False,
2025-08-02T05:00:00.000Z,USA,Southwest Power Pool,US-CENT-SWPP,463.0,514.0,,38.0,,False,
2025-08-02T06:00:00.000Z,USA,Southwest Power Pool,US-CENT-SWPP,458.0,510.0,,38.0,,False,
2025-08-02T07:00:00.000Z,USA,Southwest Power Pool,US-CENT-SWPP,467.0,520.0,,37.0,,False,
2025-08-02T08:00:00.000Z,USA,Southwest Power Pool,US-CENT-SWPP,447.0,498.0,,39.0,,False,
2025-08-02T09:00:00.000Z,USA,Southwest Power Pool,US-CENT-SWPP,467.0,520.0,,36.0,,False,
2025-08-02T10:00:00.000Z,USA,Southwest Power Pool,US-CENT-SWPP,500.0,556.0,,32.0,,False,
2025-08-02T11:00:00.000Z,USA,Southwest Power Pool,US-CENT-SWPP,504.0,560.0,,32.0,,False,
2025-08-02T12:00:00.000Z,USA,Southwest Power Pool,US-CENT-SWPP,522.0,580.0,,29.0,,False,
2025-08-02T13:00:00.000Z,USA,Southwest Power Pool,US-CENT-SWPP,567.0,631.0,,23.0,,False,
2025-08-02T14:00:00.000Z,USA,Southwest Power Pool,US-CENT-SWPP,572.0,638.0,,22.0,,False,
2025-08-02T15:00:00.000Z,USA,Southwest Power Pool,US-CENT-SWPP,575.0,641.0,,22.0,,False,
2025-08-02T16:00:00.000Z,USA,Southwest Power Pool,US-CENT-SWPP,588.0,655.0,,21.0,,False,
2025-08-02T17:00:00.000Z,USA,Southwest Power Pool,US-CENT-SWPP,594.0,662.0,,20.0,,False,
2025-08-02T18:00:00.000Z,USA,Southwest Power Pool,US-CENT-SWPP,586.0,653.0,,21.0,,False,
2025-08-02T19:00:00.000Z,USA,Southwest Power Pool,US-CENT-SWPP,569.0,635.0,,23.0,,False,
2025-08-02T20:00:00.000Z,USA,Southwest Power Pool,US-CENT-SWPP,549.0,614.0,,25.0,,False,
2025-08-02T21:00:00.000Z,USA,Southwest Power Pool,US-CENT-SWPP,533.0,597.0,,28.0,,False,
2025-08-02T22:00:00.000Z,USA,Southwest Power Pool,US-CENT-SWPP,519.0,580.0,,30.0,,False,
2025-08-02T23:00:00.000Z,USA,Southwest Power Pool,US-CENT-SWPP,513.0,573.0,,31.0,,False,
2025-08-03T00:00:00.000Z,USA,Southwest Power Pool,US-CENT-SWPP,495.0,554.0,,33.0,,False,
2025-08-03T01:00:00.000Z,USA,Southwest Power Pool,US-CENT-SWPP,469.0,525.0,,36.0,,False,
2025-08-03T02:00:00.000Z,USA,Southwest Power Pool,US-CENT-SWPP,403.0,451.0,,45.0,,False,
2025-08-03T03:00:00.000Z,USA,Southwest Power Pool,US-CENT-SWPP,356.0,401.0,,50.0,,False,
2025-08-03T04:00:00.000Z,USA,Southwest Power Pool,US-CENT-SWPP,333.0,376.0,,52.0,,False,
2025-08-03T05:00:00.000Z,USA,Southwest Power Pool,US-CENT-SWPP,310.0,351.0,,55.0,,False,
2025-08-03T06:00:00.000Z,USA,Southwest Power Pool,US-CENT-SWPP,305.0,345.0,,56.0,,False,
2025-08-03T07:00:00.000Z,USA,Southwest Power Pool,US-CENT-SWPP,317.0,358.0,,54.0,,False,
2025-08-03T08:00:00.000Z,USA,Southwest Power Pool,US-CENT-SWPP,334.0,377.0,,52.0,,False,
2025-08-03T09:00:00.000Z,USA,Southwest Power Pool,US-CENT-SWPP,338.0,381.0,,51.0,,False,
2025-08-03T10:00:00.000Z,USA,Southwest Power Pool,US-CENT-SWPP,353.0,397.0,,49.0,,False,
2025-08-03T11:00:00.000Z,USA,Southwest Power Pool,US-CENT-SWPP,373.0,419.0,,47.0,,False,
2025-08-03T12:00:00.000Z,USA,Southwest Power Pool,US-CENT-SWPP,362.0,408.0,,48.0,,False,
2025-08-03T13:00:00.000Z,USA,Southwest Power Pool,US-CENT-SWPP,416.0,469.0,,40.0,,False,
2025-08-03T14:00:00.000Z,USA,Southwest Power Pool,US-CENT-SWPP,484.0,544.0,,32.0,,False,
2025-08-03T15:00:00.000Z,USA,Southwest Power Pool,US-CENT-SWPP,495.0,556.0,,30.0,,False,
2025-08-03T16:00:00.000Z,USA,Southwest Power Pool,US-CENT-SWPP,521.0,585.0,,27.0,,False,
2025-08-03T17:00:00.000Z,USA,Southwest Power Pool,US-CENT-SWPP,545.0,611.0,,24.0,,False,
2025-08-03T18:00:00.000Z,USA,Southwest Power Pool,US-CENT-SWPP,569.0,637.0,,21.0,,False,
2025-08-03T19:00:00.000Z,USA,Southwest Power Pool,US-CENT-SWPP,581.0,652.0,,19.0,,False,
2025-08-03T20:00:00.000Z,USA,Southwest Power Pool,US-CENT-SWPP,594.0,666.0,,18.0,,False,
2025-08-03T21:00:00.000Z,USA,Southwest Power Pool,US-CENT-SWPP,595.0,668.0,,18.0,,False,
2025-08-03T22:00:00.000Z,USA,Southwest Power Pool,US-CENT-SWPP,591.0,663.0,,18.0,,False,
2025-08-03T23:00:00.000Z,USA,Southwest Power Pool,US-CENT-SWPP,581.0,651.0,,20.0,,False,
2025-08-04T00:00:00.000Z,USA,Southwest Power Pool,US-CENT-SWPP,583.0,653.0,,20.0,,False,
2025-08-04T01:00:00.000Z,USA,Southwest Power Pool,US-CENT-SWPP,563.0,630.0,,23.0,,False,
2025-08-04T02:00:00.000Z,USA,Southwest Power Pool,US-CENT-SWPP,516.0,578.0,,29.0,,False,
2025-08-04T03:00:00.000Z,USA,Southwest Power Pool,US-CENT-SWPP,504.0,563.0,,31.0,,False,
2025-08-04T04:00:00.000Z,USA,Southwest Power Pool,US-CENT-SWPP,464.0,518.0,,36.0,,False,
2025-08-04T05:00:00.000Z,USA,Southwest Power Pool,US-CENT-SWPP,447.0,501.0,,38.0,,False,
2025-08-04T06:00:00.000Z,USA,Southwest Power Pool,US-CENT-SWPP,489.0,546.0,,32.0,,False,
2025-08-04T07:00:00.000Z,USA,Southwest Power Pool,US-CENT-SWPP,523.0,584.0,,28.0,,False,
2025-08-04T08:00:00.000Z,USA,Southwest Power Pool,US-CENT-SWPP,545.0,608.0,,25.0,,False,
2025-08-04T09:00:00.000Z,USA,Southwest Power Pool,US-CENT-SWPP,579.0,645.0,,21.0,,False,
2025-08-04T10:00:00.000Z,USA,Southwest Power Pool,US-CENT-SWPP,607.0,674.0,,18.0,,False,
2025-08-04T11:00:00.000Z,USA,Southwest Power Pool,US-CENT-SWPP,608.0,675.0,,18.0,,False,
2025-08-04T12:00:00.000Z,USA,Southwest Power Pool,US-CENT-SWPP,633.0,703.0,,15.0,,False,
2025-08-04T13:00:00.000Z,USA,Southwest Power Pool,US-CENT-SWPP,655.0,729.0,,12.0,,False,
2025-08-04T14:00:00.000Z,USA,Southwest Power Pool,US-CENT-SWPP,660.0,736.0,,10.0,,False,
2025-08-04T15:00:00.000Z,USA,Southwest Power Pool,US-CENT-SWPP,655.0,732.0,,10.0,,False,
2025-08-04T16:00:00.000Z,USA,Southwest Power Pool,US-CENT-SWPP,648.0,727.0,,10.0,,False,
2025-08-04T17:00:00.000Z,USA,Southwest Power Pool,US-CENT-SWPP,644.0,723.0,,10.0,,False,
2025-08-04T18:00:00.000Z,USA,Southwest Power Pool,US-CENT-SWPP,631.0,709.0,,12.0,,False,
2025-08-04T19:00:00.000Z,USA,Southwest Power Pool,US-CENT-SWPP,619.0,696.0,,14.0,,False,
2025-08-04T20:00:00.000Z,USA,Southwest Power Pool,US-CENT-SWPP,604.0,680.0,,16.0,,False,
2025-08-04T21:00:00.000Z,USA,Southwest Power Pool,US-CENT-SWPP,588.0,662.0,,18.0,,False,
2025-08-04T22:00:00.000Z,USA,Southwest Power Pool,US-CENT-SWPP,569.0,642.0,,20.0,,False,
2025-08-04T23:00:00.000Z,USA,Southwest Power Pool,US-CENT-SWPP,552.0,623.0,,22.0,,False,
2025-08-05T00:00:00.000Z,USA,Southwest Power Pool,US-CENT-SWPP,545.0,613.0,,24.0,,False,
2025-08-05T01:00:00.000Z,USA,Southwest Power Pool,US-CENT-SWPP,532.0,596.0,,27.0,,False,
2025-08-05T02:00:00.000Z,USA,Southwest Power Pool,US-CENT-SWPP,478.0,534.0,,36.0,,False,
2025-08-05T03:00:00.000Z,USA,Southwest Power Pool,US-CENT-SWPP,438.0,489.0,,41.0,,False,
2025-08-05T04:00:00.000Z,USA,Southwest Power Pool,US-CENT-SWPP,406.0,453.0,,46.0,,False,
2025-08-05T05:00:00.000Z,USA,Southwest Power Pool,US-CENT-SWPP,367.0,409.0,,50.0,,False,
2025-08-05T06:00:00.000Z,USA,Southwest Power Pool,US-CENT-SWPP,322.0,362.0,,55.0,,False,
2025-08-05T07:00:00.000Z,USA,Southwest Power Pool,US-CENT-SWPP,304.0,343.0,,57.0,,False,
2025-08-05T08:00:00.000Z,USA,Southwest Power Pool,US-CENT-SWPP,293.0,331.0,,58.0,,False,
2025-08-05T09:00:00.000Z,USA,Southwest Power Pool,US-CENT-SWPP,301.0,340.0,,57.0,,False,
2025-08-05T10:00:00.000Z,USA,Southwest Power Pool,US-CENT-SWPP,332.0,374.0,,53.0,,False,
2025-08-05T11:00:00.000Z,USA,Southwest Power Pool,US-CENT-SWPP,341.0,382.0,,52.0,,False,
2025-08-05T12:00:00.000Z,USA,Southwest Power Pool,US-CENT-SWPP,347.0,391.0,,51.0,,False,
2025-08-05T13:00:00.000Z,USA,Southwest Power Pool,US-CENT-SWPP,395.0,445.0,,44.0,,False,
2025-08-05T14:00:00.000Z,USA,Southwest Power Pool,US-CENT-SWPP,419.0,472.0,,41.0,,False,
2025-08-05T15:00:00.000Z,USA,Southwest Power Pool,US-CENT-SWPP,417.0,468.0,,42.0,,False,
2025-08-05T16:00:00.000Z,USA,Southwest Power Pool,US-CENT-SWPP,414.0,467.0,,42.0,,False,
2025-08-05T17:00:00.000Z,USA,Southwest Power Pool,US-CENT-SWPP,424.0,477.0,,41.0,,False,
2025-08-05T18:00:00.000Z,USA,Southwest Power Pool,US-CENT-SWPP,422.0,476.0,,41.0,,False,
2025-08-05T19:00:00.000Z,USA,Southwest Power Pool,US-CENT-SWPP,411.0,464.0,,43.0,,False,
2025-08-05T20:00:00.000Z,USA,Southwest Power Pool,US-CENT-SWPP,408.0,461.0,,43.0,,False,
2025-08-05T21:00:00.000Z,USA,Southwest Power Pool,US-CENT-SWPP,403.0,456.0,,44.0,,False,
2025-08-05T22:00:00.000Z,USA,Southwest Power Pool,US-CENT-SWPP,400.0,453.0,,44.0,,False,
2025-08-05T23:00:00.000Z,USA,Southwest Power Pool,US-CENT-SWPP,400.0,452.0,,44.0,,False,
2025-08-06T00:00:00.000Z,USA,Southwest Power Pool,US-CENT-SWPP,404.0,456.0,,44.0,,False,
2025-08-06T01:00:00.000Z,USA,Southwest Power Pool,US-CENT-SWPP,384.0,433.0,,47.0,,False,
2025-08-06T02:00:00.000Z,USA,Southwest Power Pool,US-CENT-SWPP,345.0,389.0,,52.0,,False,
2025-08-06T03:00:00.000Z,USA,Southwest Power Pool,US-CENT-SWPP,314.0,355.0,,55.0,,False,
2025-08-06T04:00:00.000Z,USA,Southwest Power Pool,US-CENT-SWPP,297.0,337.0,,58.0,,False,
2025-08-06T05:00:00.000Z,USA,Southwest Power Pool,US-CENT-SWPP,289.0,327.0,,59.0,,False,
2025-08-06T06:00:00.000Z,USA,Southwest Power Pool,US-CENT-SWPP,273.0,310.0,,60.0,,False,
2025-08-06T07:00:00.000Z,USA,Southwest Power Pool,US-CENT-SWPP,276.0,313.0,,60.0,,False,
2025-08-06T08:00:00.000Z,USA,Southwest Power Pool,US-CENT-SWPP,269.0,305.0,,61.0,,False,
2025-08-06T09:00:00.000Z,USA,Southwest Power Pool,US-CENT-SWPP,270.0,306.0,,61.0,,False,
2025-08-06T10:00:00.000Z,USA,Southwest Power Pool,US-CENT-SWPP,267.0,302.0,,61.0,,False,
2025-08-06T11:00:00.000Z,USA,Southwest Power Pool,US-CENT-SWPP,265.0,301.0,,61.0,,False,
2025-08-06T12:00:00.000Z,USA,Southwest Power Pool,US-CENT-SWPP,274.0,311.0,,60.0,,False,
2025-08-06T13:00:00.000Z,USA,Southwest Power Pool,US-CENT-SWPP,297.0,338.0,,57.0,,False,
2025-08-06T14:00:00.000Z,USA,Southwest Power Pool,US-CENT-SWPP,318.0,360.0,,55.0,,False,
2025-08-06T15:00:00.000Z,USA,Southwest Power Pool,US-CENT-SWPP,323.0,367.0,,54.0,,False,
2025-08-06T16:00:00.000Z,USA,Southwest Power Pool,US-CENT-SWPP,331.0,377.0,,52.0,,False,
2025-08-06T17:00:00.000Z,USA,Southwest Power Pool,US-CENT-SWPP,351.0,399.0,,50.0,,False,
2025-08-06T18:00:00.000Z,USA,Southwest Power Pool,US-CENT-SWPP,371.0,421.0,,47.0,,False,
2025-08-06T19:00:00.000Z,USA,Southwest Power Pool,US-CENT-SWPP,390.0,444.0,,44.0,,False,
2025-08-06T20:00:00.000Z,USA,Southwest Power Pool,US-CENT-SWPP,401.0,456.0,,43.0,,False,
2025-08-06T21:00:00.000Z,USA,Southwest Power Pool,US-CENT-SWPP,418.0,475.0,,40.0,,False,
2025-08-06T22:00:00.000Z,USA,Southwest Power Pool,US-CENT-SWPP,427.0,484.0,,39.0,,False,
2025-08-06T23:00:00.000Z,USA,Southwest Power Pool,US-CENT-SWPP,433.0,492.0,,38.0,,False,
2025-08-07T00:00:00.000Z,USA,Southwest Power Pool,US-CENT-SWPP,439.0,498.0,,38.0,,False,
2025-08-07T01:00:00.000Z,USA,Southwest Power Pool,US-CENT-SWPP,419.0,473.0,,42.0,,False,
2025-08-07T02:00:00.000Z,USA,Southwest Power Pool,US-CENT-SWPP,386.0,434.0,,47.0,,False,
2025-08-07T03:00:00.000Z,USA,Southwest Power Pool,US-CENT-SWPP,359.0,403.0,,51.0,,False,
2025-08-07T04:00:00.000Z,USA,Southwest Power Pool,US-CENT-SWPP,330.0,371.0,,54.0,,False,
2025-08-07T05:00:00.000Z,USA,Southwest Power Pool,US-CENT-SWPP,306.0,345.0,,57.0,,False,
2025-08-07T06:00:00.000Z,USA,Southwest Power Pool,US-CENT-SWPP,296.0,334.0,,58.0,,False,
2025-08-07T07:00:00.000Z,USA,Southwest Power Pool,US-CENT-SWPP,290.0,328.0,,59.0,,False,
2025-08-07T08:00:00.000Z,USA,Southwest Power Pool,US-CENT-SWPP,288.0,325.0,,59.0,,False,
2025-08-07T09:00:00.000Z,USA,Southwest Power Pool,US-CENT-SWPP,284.0,322.0,,59.0,,False,
2025-08-07T10:00:00.000Z,USA,Southwest Power Pool,US-CENT-SWPP,287.0,325.0,,59.0,,False,
2025-08-07T11:00:00.000Z,USA,Southwest Power Pool,US-CENT-SWPP,288.0,325.0,,59.0,,False,
2025-08-07T12:00:00.000Z,USA,Southwest Power Pool,US-CENT-SWPP,304.0,344.0,,57.0,,False,
2025-08-07T13:00:00.000Z,USA,Southwest Power Pool,US-CENT-SWPP,362.0,408.0,,50.0,,False,
2025-08-07T14:00:00.000Z,USA,Southwest Power Pool,US-CENT-SWPP,388.0,437.0,,46.0,,False,
2025-08-07T15:00:00.000Z,USA,Southwest Power Pool,US-CENT-SWPP,422.0,475.0,,41.0,,False,
2025-08-07T16:00:00.000Z,USA,Southwest Power Pool,US-CENT-SWPP,443.0,498.0,,39.0,,False,
2025-08-07T17:00:00.000Z,USA,Southwest Power Pool,US-CENT-SWPP,449.0,506.0,,38.0,,False,
2025-08-07T18:00:00.000Z,USA,Southwest Power Pool,US-CENT-SWPP,425.0,481.0,,40.0,,False,
2025-08-07T19:00:00.000Z,USA,Southwest Power Pool,US-CENT-SWPP,404.0,460.0,,42.0,,False,
2025-08-07T20:00:00.000Z,USA,Southwest Power Pool,US-CENT-SWPP,392.0,447.0,,44.0,,False,
2025-08-07T21:00:00.000Z,USA,Southwest Power Pool,US-CENT-SWPP,392.0,446.0,,44.0,,False,
2025-08-07T22:00:00.000Z,USA,Southwest Power Pool,US-CENT-SWPP,398.0,452.0,,43.0,,False,
2025-08-07T23:00:00.000Z,USA,Southwest Power Pool,US-CENT-SWPP,401.0,454.0,,44.0,,False,
2025-08-08T00:00:00.000Z,USA,Southwest Power Pool,US-CENT-SWPP,398.0,450.0,,44.0,,False,
2025-08-08T01:00:00.000Z,USA,Southwest Power Pool,US-CENT-SWPP,372.0,421.0,,48.0,,False,
2025-08-08T02:00:00.000Z,USA,Southwest Power Pool,US-CENT-SWPP,347.0,393.0,,51.0,,False,
2025-08-08T03:00:00.000Z,USA,Southwest Power Pool,US-CENT-SWPP,333.0,377.0,,53.0,,False,
2025-08-08T04:00:00.000Z,USA,Southwest Power Pool,US-CENT-SWPP,307.0,349.0,,56.0,,False,
2025-08-08T05:00:00.000Z,USA,Southwest Power Pool,US-CENT-SWPP,293.0,333.0,,58.0,,False,
2025-08-08T06:00:00.000Z,USA,Southwest Power Pool,US-CENT-SWPP,278.0,317.0,,59.0,,False,
2025-08-08T07:00:00.000Z,USA,Southwest Power Pool,US-CENT-SWPP,274.0,313.0,,59.0,,False,
2025-08-08T08:00:00.000Z,USA,Southwest Power Pool,US-CENT-SWPP,274.0,313.0,,59.0,,False,
2025-08-08T09:00:00.000Z,USA,Southwest Power Pool,US-CENT-SWPP,280.0,320.0,,59.0,,False,
2025-08-08T10:00:00.000Z,USA,Southwest Power Pool,US-CENT-SWPP,290.0,330.0,,58.0,,False,
2025-08-08T11:00:00.000Z,USA,Southwest Power Pool,US-CENT-SWPP,287.0,327.0,,58.0,,False,
2025-08-08T12:00:00.000Z,USA,Southwest Power Pool,US-CENT-SWPP,289.0,330.0,,58.0,,False,
2025-08-08T13:00:00.000Z,USA,Southwest Power Pool,US-CENT-SWPP,302.0,344.0,,56.0,,False,
2025-08-08T14:00:00.000Z,USA,Southwest Power Pool,US-CENT-SWPP,326.0,372.0,,53.0,,False,
2025-08-08T15:00:00.000Z,USA,Southwest Power Pool,US-CENT-SWPP,353.0,402.0,,49.0,,False,
2025-08-08T16:00:00.000Z,USA,Southwest Power Pool,US-CENT-SWPP,386.0,437.0,,45.0,,False,
2025-08-08T17:00:00.000Z,USA,Southwest Power Pool,US-CENT-SWPP,396.0,449.0,,44.0,,False,
2025-08-08T18:00:00.000Z,USA,Southwest Power Pool,US-CENT-SWPP,393.0,446.0,,44.0,,False,
2025-08-08T19:00:00.000Z,USA,Southwest Power Pool,US-CENT-SWPP,397.0,450.0,,44.0,,False,
2025-08-08T20:00:00.000Z,USA,Southwest Power Pool,US-CENT-SWPP,399.0,453.0,,44.0,,False,
2025-08-08T21:00:00.000Z,USA,Southwest Power Pool,US-CENT-SWPP,409.0,463.0,,43.0,,False,
2025-08-08T22:00:00.000Z,USA,Southwest Power Pool,US-CENT-SWPP,422.0,477.0,,42.0,,False,
2025-08-08T23:00:00.000Z,USA,Southwest Power Pool,US-CENT-SWPP,421.0,474.0,,42.0,,False,
2025-08-09T00:00:00.000Z,USA,Southwest Power Pool,US-CENT-SWPP,419.0,472.0,,42.0,,False,
2025-08-09T01:00:00.000Z,USA,Southwest Power Pool,US-CENT-SWPP,387.0,437.0,,46.0,,False,
2025-08-09T02:00:00.000Z,USA,Southwest Power Pool,US-CENT-SWPP,363.0,411.0,,49.0,,False,
2025-08-09T03:00:00.000Z,USA,Southwest Power Pool,US-CENT-SWPP,354.0,401.0,,51.0,,False,
2025-08-09T04:00:00.000Z,USA,Southwest Power Pool,US-CENT-SWPP,339.0,382.0,,54.0,,False,
2025-08-09T05:00:00.000Z,USA,Southwest Power Pool,US-CENT-SWPP,332.0,375.0,,55.0,,False,
2025-08-09T06:00:00.000Z,USA,Southwest Power Pool,US-CENT-SWPP,328.0,369.0,,55.0,,False,
2025-08-09T07:00:00.000Z,USA,Southwest Power Pool,US-CENT-SWPP,327.0,368.0,,55.0,,False,
2025-08-09T08:00:00.000Z,USA,Southwest Power Pool,US-CENT-SWPP,320.0,360.0,,56.0,,False,
2025-08-09T09:00:00.000Z,USA,Southwest Power Pool,US-CENT-SWPP,311.0,350.0,,57.0,,False,
2025-08-09T10:00:00.000Z,USA,Southwest Power Pool,US-CENT-SWPP,311.0,351.0,,57.0,,False,
2025-08-09T11:00:00.000Z,USA,Southwest Power Pool,US-CENT-SWPP,331.0,372.0,,55.0,,False,
2025-08-09T12:00:00.000Z,USA,Southwest Power Pool,US-CENT-SWPP,328.0,369.0,,55.0,,False,
2025-08-09T13:00:00.000Z,USA,Southwest Power Pool,US-CENT-SWPP,357.0,402.0,,51.0,,False,
2025-08-09T14:00:00.000Z,USA,Southwest Power Pool,US-CENT-SWPP,390.0,438.0,,47.0,,False,
2025-08-09T15:00:00.000Z,USA,Southwest Power Pool,US-CENT-SWPP,396.0,446.0,,46.0,,False,
2025-08-09T16:00:00.000Z,USA,Southwest Power Pool,US-CENT-SWPP,440.0,495.0,,40.0,,False,
2025-08-09T17:00:00.000Z,USA,Southwest Power Pool,US-CENT-SWPP,464.0,522.0,,37.0,,False,
2025-08-09T18:00:00.000Z,USA,Southwest Power Pool,US-CENT-SWPP,469.0,529.0,,35.0,,False,
2025-08-09T19:00:00.000Z,USA,Southwest Power Pool,US-CENT-SWPP,475.0,537.0,,34.0,,False,
2025-08-09T20:00:00.000Z,USA,Southwest Power Pool,US-CENT-SWPP,466.0,528.0,,34.0,,False,
2025-08-09T21:00:00.000Z,USA,Southwest Power Pool,US-CENT-SWPP,459.0,521.0,,35.0,,False,
2025-08-09T22:00:00.000Z,USA,Southwest Power Pool,US-CENT-SWPP,452.0,513.0,,35.0,,False,
2025-08-09T23:00:00.000Z,USA,Southwest Power Pool,US-CENT-SWPP,448.0,508.0,,36.0,,False,
2025-08-10T00:00:00.000Z,USA,Southwest Power Pool,US-CENT-SWPP,449.0,508.0,,37.0,,False,
2025-08-10T01:00:00.000Z,USA,Southwest Power Pool,US-CENT-SWPP,430.0,486.0,,40.0,,False,
2025-08-10T02:00:00.000Z,USA,Southwest Power Pool,US-CENT-SWPP,406.0,457.0,,44.0,,False,
2025-08-10T03:00:00.000Z,USA,Southwest Power Pool,US-CENT-SWPP,384.0,433.0,,47.0,,False,
2025-08-10T04:00:00.000Z,USA,Southwest Power Pool,US-CENT-SWPP,371.0,418.0,,49.0,,False,
2025-08-10T05:00:00.000Z,USA,Southwest Power Pool,US-CENT-SWPP,344.0,388.0,,52.0,,False,
2025-08-10T06:00:00.000Z,USA,Southwest Power Pool,US-CENT-SWPP,325.0,369.0,,53.0,,False,
2025-08-10T07:00:00.000Z,USA,Southwest Power Pool,US-CENT-SWPP,313.0,356.0,,54.0,,False,
2025-08-10T08:00:00.000Z,USA,Southwest Power Pool,US-CENT-SWPP,296.0,339.0,,55.0,,False,
2025-08-10T09:00:00.000Z,USA,Southwest Power Pool,US-CENT-SWPP,292.0,335.0,,56.0,,False,
2025-08-10T10:00:00.000Z,USA,Southwest Power Pool,US-CENT-SWPP,305.0,349.0,,54.0,,False,
2025-08-10T11:00:00.000Z,USA,Southwest Power Pool,US-CENT-SWPP,313.0,357.0,,53.0,,False,
2025-08-10T12:00:00.000Z,USA,Southwest Power Pool,US-CENT-SWPP,345.0,393.0,,49.0,,False,
2025-08-10T13:00:00.000Z,USA,Southwest Power Pool,US-CENT-SWPP,397.0,450.0,,42.0,,False,
2025-08-10T14:00:00.000Z,USA,Southwest Power Pool,US-CENT-SWPP,459.0,518.0,,34.0,,False,
2025-08-10T15:00:00.000Z,USA,Southwest Power Pool,US-CENT-SWPP,507.0,570.0,,29.0,,False,
2025-08-10T16:00:00.000Z,USA,Southwest Power Pool,US-CENT-SWPP,537.0,606.0,,24.0,,False,
2025-08-10T17:00:00.000Z,USA,Southwest Power Pool,US-CENT-SWPP,564.0,638.0,,19.0,,False,
2025-08-10T18:00:00.000Z,USA,Southwest Power Pool,US-CENT-SWPP,572.0,648.0,,17.0,,False,
2025-08-10T19:00:00.000Z,USA,Southwest Power Pool,US-CENT-SWPP,569.0,645.0,,18.0,,False,
2025-08-10T20:00:00.000Z,USA,Southwest Power Pool,US-CENT-SWPP,562.0,637.0,,19.0,,False,
2025-08-10T21:00:00.000Z,USA,Southwest Power Pool,US-CENT-SWPP,559.0,634.0,,19.0,,False,
2025-08-10T22:00:00.000Z,USA,Southwest Power Pool,US-CENT-SWPP,554.0,628.0,,20.0,,False,
2025-08-10T23:00:00.000Z,USA,Southwest Power Pool,US-CENT-SWPP,550.0,623.0,,21.0,,False,
2025-08-11T00:00:00.000Z,USA,Southwest Power Pool,US-CENT-SWPP,535.0,606.0,,23.0,,False,
2025-08-11T01:00:00.000Z,USA,Southwest Power Pool,US-CENT-SWPP,504.0,570.0,,28.0,,False,
2025-08-11T02:00:00.000Z,USA,Southwest Power Pool,US-CENT-SWPP,477.0,538.0,,33.0,,False,
2025-08-11T03:00:00.000Z,USA,Southwest Power Pool,US-CENT-SWPP,456.0,514.0,,36.0,,False,
2025-08-11T04:00:00.000Z,USA,Southwest Power Pool,US-CENT-SWPP,428.0,481.0,,40.0,,False,
2025-08-11T05:00:00.000Z,USA,Southwest Power Pool,US-CENT-SWPP,396.0,447.0,,43.0,,False,
2025-08-11T06:00:00.000Z,USA,Southwest Power Pool,US-CENT-SWPP,372.0,421.0,,46.0,,False,
2025-08-11T07:00:00.000Z,USA,Southwest Power Pool,US-CENT-SWPP,396.0,448.0,,42.0,,False,
2025-08-11T08:00:00.000Z,USA,Southwest Power Pool,US-CENT-SWPP,427.0,482.0,,39.0,,False,
2025-08-11T09:00:00.000Z,USA,Southwest Power Pool,US-CENT-SWPP,453.0,510.0,,35.0,,False,
2025-08-11T10:00:00.000Z,USA,Southwest Power Pool,US-CENT-SWPP,453.0,511.0,,35.0,,False,
2025-08-11T11:00:00.000Z,USA,Southwest Power Pool,US-CENT-SWPP,512.0,576.0,,28.0,,False,
2025-08-11T12:00:00.000Z,USA,Southwest Power Pool,US-CENT-SWPP,537.0,603.0,,25.0,,False,
2025-08-11T13:00:00.000Z,USA,Southwest Power Pool,US-CENT-SWPP,559.0,629.0,,21.0,,False,
2025-08-11T14:00:00.000Z,USA,Southwest Power Pool,US-CENT-SWPP,581.0,654.0,,18.0,,False,
2025-08-11T15:00:00.000Z,USA,Southwest Power Pool,US-CENT-SWPP,589.0,664.0,,17.0,,False,
2025-08-11T16:00:00.000Z,USA,Southwest Power Pool,US-CENT-SWPP,594.0,671.0,,16.0,,False,
2025-08-11T17:00:00.000Z,USA,Southwest Power Pool,US-CENT-SWPP,601.0,680.0,,14.0,,False,
2025-08-11T18:00:00.000Z,USA,Southwest Power Pool,US-CENT-SWPP,595.0,674.0,,14.0,,False,
2025-08-11T19:00:00.000Z,USA,Southwest Power Pool,US-CENT-SWPP,590.0,670.0,,14.0,,False,
2025-08-11T20:00:00.000Z,USA,Southwest Power Pool,US-CENT-SWPP,588.0,667.0,,15.0,,False,
2025-08-11T21:00:00.000Z,USA,Southwest Power Pool,US-CENT-SWPP,586.0,664.0,,16.0,,False,
2025-08-11T22:00:00.000Z,USA,Southwest Power Pool,US-CENT-SWPP,589.0,668.0,,15.0,,False,
2025-08-11T23:00:00.000Z,USA,Southwest Power Pool,US-CENT-SWPP,590.0,667.0,,16.0,,False,
2025-08-12T00:00:00.000Z,USA,Southwest Power Pool,US-CENT-SWPP,576.0,650.0,,19.0,,False,
2025-08-12T01:00:00.000Z,USA,Southwest Power Pool,US-CENT-SWPP,587.0,660.0,,18.0,,False,
2025-08-12T02:00:00.000Z,USA,Southwest Power Pool,US-CENT-SWPP,598.0,671.0,,17.0,,False,
2025-08-12T03:00:00.000Z,USA,Southwest Power Pool,US-CENT-SWPP,586.0,656.0,,20.0,,False,
2025-08-12T04:00:00.000Z,USA,Southwest Power Pool,US-CENT-SWPP,561.0,628.0,,23.0,,False,
2025-08-12T05:00:00.000Z,USA,Southwest Power Pool,US-CENT-SWPP,564.0,630.0,,22.0,,False,
2025-08-12T06:00:00.000Z,USA,Southwest Power Pool,US-CENT-SWPP,551.0,615.0,,24.0,,False,
2025-08-12T07:00:00.000Z,USA,Southwest Power Pool,US-CENT-SWPP,552.0,618.0,,23.0,,False,
2025-08-12T08:00:00.000Z,USA,Southwest Power Pool,US-CENT-SWPP,550.0,616.0,,23.0,,False,
2025-08-12T09:00:00.000Z,USA,Southwest Power Pool,US-CENT-SWPP,561.0,628.0,,21.0,,False,
2025-08-12T10:00:00.000Z,USA,Southwest Power Pool,US-CENT-SWPP,577.0,646.0,,19.0,,False,
2025-08-12T11:00:00.000Z,USA,Southwest Power Pool,US-CENT-SWPP,592.0,662.0,,18.0,,False,
2025-08-12T12:00:00.000Z,USA,Southwest Power Pool,US-CENT-SWPP,599.0,670.0,,17.0,,False,
2025-08-12T13:00:00.000Z,USA,Southwest Power Pool,US-CENT-SWPP,613.0,688.0,,14.0,,False,
2025-08-12T14:00:00.000Z,USA,Southwest Power Pool,US-CENT-SWPP,641.0,720.0,,10.0,,False,
2025-08-12T15:00:00.000Z,USA,Southwest Power Pool,US-CENT-SWPP,643.0,723.0,,10.0,,False,
2025-08-12T16:00:00.000Z,USA,Southwest Power Pool,US-CENT-SWPP,642.0,723.0,,9.0,,False,
2025-08-12T17:00:00.000Z,USA,Southwest Power Pool,US-CENT-SWPP,639.0,722.0,,9.0,,False,
2025-08-12T18:00:00.000Z,USA,Southwest Power Pool,US-CENT-SWPP,633.0,717.0,,8.0,,False,
2025-08-12T19:00:00.000Z,USA,Southwest Power Pool,US-CENT-SWPP,631.0,716.0,,8.0,,False,
2025-08-12T20:00:00.000Z,USA,Southwest Power Pool,US-CENT-SWPP,629.0,715.0,,8.0,,False,
2025-08-12T21:00:00.000Z,USA,Southwest Power Pool,US-CENT-SWPP,625.0,711.0,,8.0,,False,
2025-08-12T22:00:00.000Z,USA,Southwest Power Pool,US-CENT-SWPP,625.0,711.0,,8.0,,False,
2025-08-12T23:00:00.000Z,USA,Southwest Power Pool,US-CENT-SWPP,624.0,710.0,,9.0,,False,
2025-08-13T00:00:00.000Z,USA,Southwest Power Pool,US-CENT-SWPP,630.0,716.0,,8.0,,False,
2025-08-13T01:00:00.000Z,USA,Southwest Power Pool,US-CENT-SWPP,633.0,716.0,,9.0,,False,
2025-08-13T02:00:00.000Z,USA,Southwest Power Pool,US-CENT-SWPP,628.0,708.0,,11.0,,False,
2025-08-13T03:00:00.000Z,USA,Southwest Power Pool,US-CENT-SWPP,623.0,699.0,,13.0,,False,
2025-08-13T04:00:00.000Z,USA,Southwest Power Pool,US-CENT-SWPP,614.0,687.0,,16.0,,False,
2025-08-13T05:00:00.000Z,USA,Southwest Power Pool,US-CENT-SWPP,609.0,679.0,,17.0,,False,
2025-08-13T06:00:00.000Z,USA,Southwest Power Pool,US-CENT-SWPP,592.0,660.0,,19.0,,False,
2025-08-13T07:00:00.000Z,USA,Southwest Power Pool,US-CENT-SWPP,579.0,647.0,,20.0,,False,
2025-08-13T08:00:00.000Z,USA,Southwest Power Pool,US-CENT-SWPP,574.0,642.0,,20.0,,False,
2025-08-13T09:00:00.000Z,USA,Southwest Power Pool,US-CENT-SWPP,578.0,647.0,,20.0,,False,
2025-08-13T10:00:00.000Z,USA,Southwest Power Pool,US-CENT-SWPP,590.0,659.0,,18.0,,False,
2025-08-13T11:00:00.000Z,USA,Southwest Power Pool,US-CENT-SWPP,594.0,663.0,,19.0,,False,
2025-08-13T12:00:00.000Z,USA,Southwest Power Pool,US-CENT-SWPP,590.0,659.0,,19.0,,False,
2025-08-13T13:00:00.000Z,USA,Southwest Power Pool,US-CENT-SWPP,600.0,672.0,,17.0,,False,
2025-08-13T14:00:00.000Z,USA,Southwest Power Pool,US-CENT-SWPP,619.0,695.0,,13.0,,False,
2025-08-13T15:00:00.000Z,USA,Southwest Power Pool,US-CENT-SWPP,619.0,696.0,,13.0,,False,
2025-08-13T16:00:00.000Z,USA,Southwest Power Pool,US-CENT-SWPP,609.0,686.0,,14.0,,False,
2025-08-13T17:00:00.000Z,USA,Southwest Power Pool,US-CENT-SWPP,601.0,677.0,,15.0,,False,
2025-08-13T18:00:00.000Z,USA,Southwest Power Pool,US-CENT-SWPP,588.0,665.0,,17.0,,False,
2025-08-13T19:00:00.000Z,USA,Southwest Power Pool,US-CENT-SWPP,571.0,645.0,,19.0,,False,
2025-08-13T20:00:00.000Z,USA,Southwest Power Pool,US-CENT-SWPP,558.0,631.0,,21.0,,False,
2025-08-13T21:00:00.000Z,USA,Southwest Power Pool,US-CENT-SWPP,557.0,630.0,,21.0,,False,
2025-08-13T22:00:00.000Z,USA,Southwest Power Pool,US-CENT-SWPP,558.0,632.0,,21.0,,False,
2025-08-13T23:00:00.000Z,USA,Southwest Power Pool,US-CENT-SWPP,558.0,631.0,,21.0,,False,
2025-08-14T00:00:00.000Z,USA,Southwest Power Pool,US-CENT-SWPP,547.0,617.0,,23.0,,False,
2025-08-14T01:00:00.000Z,USA,Southwest Power Pool,US-CENT-SWPP,492.0,553.0,,32.0,,False,
2025-08-14T02:00:00.000Z,USA,Southwest Power Pool,US-CENT-SWPP,417.0,468.0,,43.0,,False,
2025-08-14T03:00:00.000Z,USA,Southwest Power Pool,US-CENT-SWPP,380.0,428.0,,47.0,,False,
2025-08-14T04:00:00.000Z,USA,Southwest Power Pool,US-CENT-SWPP,350.0,394.0,,51.0,,False,
2025-08-14T05:00:00.000Z,USA,Southwest Power Pool,US-CENT-SWPP,320.0,361.0,,55.0,,False,
2025-08-14T06:00:00.000Z,USA,Southwest Power Pool,US-CENT-SWPP,309.0,349.0,,56.0,,False,
2025-08-14T07:00:00.000Z,USA,Southwest Power Pool,US-CENT-SWPP,299.0,338.0,,57.0,,False,
2025-08-14T08:00:00.000Z,USA,Southwest Power Pool,US-CENT-SWPP,303.0,343.0,,56.0,,False,
2025-08-14T09:00:00.000Z,USA,Southwest Power Pool,US-CENT-SWPP,306.0,346.0,,56.0,,False,
2025-08-14T10:00:00.000Z,USA,Southwest Power Pool,US-CENT-SWPP,336.0,380.0,,52.0,,False,
2025-08-14T11:00:00.000Z,USA,Southwest Power Pool,US-CENT-SWPP,344.0,388.0,,51.0,,False,
2025-08-14T12:00:00.000Z,USA,Southwest Power Pool,US-CENT-SWPP,337.0,381.0,,52.0,,False,
2025-08-14T13:00:00.000Z,USA,Southwest Power Pool,US-CENT-SWPP,352.0,400.0,,49.0,,False,
2025-08-14T14:00:00.000Z,USA,Southwest Power Pool,US-CENT-SWPP,400.0,453.0,,43.0,,False,
2025-08-14T15:00:00.000Z,USA,Southwest Power Pool,US-CENT-SWPP,403.0,457.0,,42.0,,False,
2025-08-14T16:00:00.000Z,USA,Southwest Power Pool,US-CENT-SWPP,411.0,466.0,,41.0,,False,
2025-08-14T17:00:00.000Z,USA,Southwest Power Pool,US-CENT-SWPP,428.0,485.0,,39.0,,False,
2025-08-14T18:00:00.000Z,USA,Southwest Power Pool,US-CENT-SWPP,439.0,498.0,,37.0,,False,
2025-08-14T19:00:00.000Z,USA,Southwest Power Pool,US-CENT-SWPP,448.0,508.0,,36.0,,False,
2025-08-14T20:00:00.000Z,USA,Southwest Power Pool,US-CENT-SWPP,458.0,519.0,,35.0,,False,
2025-08-14T21:00:00.000Z,USA,Southwest Power Pool,US-CENT-SWPP,466.0,528.0,,34.0,,False,
2025-08-14T22:00:00.000Z,USA,Southwest Power Pool,US-CENT-SWPP,467.0,529.0,,34.0,,False,
2025-08-14T23:00:00.000Z,USA,Southwest Power Pool,US-CENT-SWPP,476.0,538.0,,33.0,,False,
2025-08-15T00:00:00.000Z,USA,Southwest Power Pool,US-CENT-SWPP,476.0,536.0,,34.0,,False,
2025-08-15T01:00:00.000Z,USA,Southwest Power Pool,US-CENT-SWPP,437.0,492.0,,40.0,,False,
2025-08-15T02:00:00.000Z,USA,Southwest Power Pool,US-CENT-SWPP,392.0,442.0,,46.0,,False,
2025-08-15T03:00:00.000Z,USA,Southwest Power Pool,US-CENT-SWPP,353.0,400.0,,50.0,,False,
2025-08-15T04:00:00.000Z,USA,Southwest Power Pool,US-CENT-SWPP,310.0,353.0,,55.0,,False,
2025-08-15T05:00:00.000Z,USA,Southwest Power Pool,US-CENT-SWPP,298.0,340.0,,56.0,,False,
2025-08-15T06:00:00.000Z,USA,Southwest Power Pool,US-CENT-SWPP,287.0,328.0,,57.0,,False,
2025-08-15T07:00:00.000Z,USA,Southwest Power Pool,US-CENT-SWPP,282.0,322.0,,58.0,,False,
2025-08-15T08:00:00.000Z,USA,Southwest Power Pool,US-CENT-SWPP,276.0,316.0,,58.0,,False,
2025-08-15T09:00:00.000Z,USA,Southwest Power Pool,US-CENT-SWPP,281.0,321.0,,58.0,,False,
2025-08-15T10:00:00.000Z,USA,Southwest Power Pool,US-CENT-SWPP,289.0,330.0,,56.0,,False,
2025-08-15T11:00:00.000Z,USA,Southwest Power Pool,US-CENT-SWPP,300.0,343.0,,55.0,,False,
2025-08-15T12:00:00.000Z,USA,Southwest Power Pool,US-CENT-SWPP,313.0,358.0,,54.0,,False,
2025-08-15T13:00:00.000Z,USA,Southwest Power Pool,US-CENT-SWPP,374.0,425.0,,45.0,,False,
2025-08-15T14:00:00.000Z,USA,Southwest Power Pool,US-CENT-SWPP,434.0,493.0,,37.0,,False,
2025-08-15T15:00:00.000Z,USA,Southwest Power Pool,US-CENT-SWPP,475.0,540.0,,31.0,,False,
2025-08-15T16:00:00.000Z,USA,Southwest Power Pool,US-CENT-SWPP,503.0,572.0,,27.0,,False,
2025-08-15T17:00:00.000Z,USA,Southwest Power Pool,US-CENT-SWPP,504.0,573.0,,27.0,,False,
2025-08-15T18:00:00.000Z,USA,Southwest Power Pool,US-CENT-SWPP,487.0,554.0,,30.0,,False,
2025-08-15T19:00:00.000Z,USA,Southwest Power Pool,US-CENT-SWPP,453.0,515.0,,35.0,,False,
2025-08-15T20:00:00.000Z,USA,Southwest Power Pool,US-CENT-SWPP,433.0,492.0,,38.0,,False,
2025-08-15T21:00:00.000Z,USA,Southwest Power Pool,US-CENT-SWPP,418.0,475.0,,40.0,,False,
2025-08-15T22:00:00.000Z,USA,Southwest Power Pool,US-CENT-SWPP,415.0,472.0,,40.0,,False,
2025-08-15T23:00:00.000Z,USA,Southwest Power Pool,US-CENT-SWPP,409.0,467.0,,40.0,,False,
2025-08-16T00:00:00.000Z,USA,Southwest Power Pool,US-CENT-SWPP,414.0,472.0,,40.0,,False,
2025-08-16T01:00:00.000Z,USA,Southwest Power Pool,US-CENT-SWPP,396.0,449.0,,44.0,,False,
2025-08-16T02:00:00.000Z,USA,Southwest Power Pool,US-CENT-SWPP,358.0,406.0,,49.0,,False,
2025-08-16T03:00:00.000Z,USA,Southwest Power Pool,US-CENT-SWPP,330.0,374.0,,53.0,,False,
2025-08-16T04:00:00.000Z,USA,Southwest Power Pool,US-CENT-SWPP,309.0,352.0,,55.0,,False,
2025-08-16T05:00:00.000Z,USA,Southwest Power Pool,US-CENT-SWPP,294.0,335.0,,57.0,,False,
2025-08-16T06:00:00.000Z,USA,Southwest Power Pool,US-CENT-SWPP,284.0,324.0,,58.0,,False,
2025-08-16T07:00:00.000Z,USA,Southwest Power Pool,US-CENT-SWPP,278.0,317.0,,59.0,,False,
2025-08-16T08:00:00.000Z,USA,Southwest Power Pool,US-CENT-SWPP,274.0,313.0,,59.0,,False,
2025-08-16T09:00:00.000Z,USA,Southwest Power Pool,US-CENT-SWPP,269.0,308.0,,59.0,,False,
2025-08-16T10:00:00.000Z,USA,Southwest Power Pool,US-CENT-SWPP,288.0,328.0,,57.0,,False,
2025-08-16T11:00:00.000Z,USA,Southwest Power Pool,US-CENT-SWPP,285.0,324.0,,58.0,,False,
2025-08-16T12:00:00.000Z,USA,Southwest Power Pool,US-CENT-SWPP,298.0,338.0,,57.0,,False,
2025-08-16T13:00:00.000Z,USA,Southwest Power Pool,US-CENT-SWPP,363.0,412.0,,48.0,,False,
2025-08-16T14:00:00.000Z,USA,Southwest Power Pool,US-CENT-SWPP,412.0,466.0,,41.0,,False,
2025-08-16T15:00:00.000Z,USA,Southwest Power Pool,US-CENT-SWPP,443.0,499.0,,38.0,,False,
2025-08-16T16:00:00.000Z,USA,Southwest Power Pool,US-CENT-SWPP,459.0,518.0,,36.0,,False,
2025-08-16T17:00:00.000Z,USA,Southwest Power Pool,US-CENT-SWPP,463.0,523.0,,35.0,,False,
2025-08-16T18:00:00.000Z,USA,Southwest Power Pool,US-CENT-SWPP,460.0,520.0,,35.0,,False,
2025-08-16T19:00:00.000Z,USA,Southwest Power Pool,US-CENT-SWPP,450.0,508.0,,37.0,,False,
2025-08-16T20:00:00.000Z,USA,Southwest Power Pool,US-CENT-SWPP,442.0,500.0,,38.0,,False,
2025-08-16T21:00:00.000Z,USA,Southwest Power Pool,US-CENT-SWPP,443.0,501.0,,38.0,,False,
2025-08-16T22:00:00.000Z,USA,Southwest Power Pool,US-CENT-SWPP,446.0,505.0,,37.0,,False,
2025-08-16T23:00:00.000Z,USA,Southwest Power Pool,US-CENT-SWPP,453.0,513.0,,36.0,,False,
2025-08-17T00:00:00.000Z,USA,Southwest Power Pool,US-CENT-SWPP,448.0,506.0,,37.0,,False,
2025-08-17T01:00:00.000Z,USA,Southwest Power Pool,US-CENT-SWPP,426.0,480.0,,41.0,,False,
2025-08-17T02:00:00.000Z,USA,Southwest Power Pool,US-CENT-SWPP,392.0,441.0,,46.0,,False,
2025-08-17T03:00:00.000Z,USA,Southwest Power Pool,US-CENT-SWPP,370.0,416.0,,49.0,,False,
2025-08-17T04:00:00.000Z,USA,Southwest Power Pool,US-CENT-SWPP,340.0,383.0,,53.0,,False,
2025-08-17T05:00:00.000Z,USA,Southwest Power Pool,US-CENT-SWPP,315.0,356.0,,55.0,,False,
2025-08-17T06:00:00.000Z,USA,Southwest Power Pool,US-CENT-SWPP,303.0,344.0,,56.0,,False,
2025-08-17T07:00:00.000Z,USA,Southwest Power Pool,US-CENT-SWPP,294.0,334.0,,57.0,,False,
2025-08-17T08:00:00.000Z,USA,Southwest Power Pool,US-CENT-SWPP,292.0,332.0,,57.0,,False,
2025-08-17T09:00:00.000Z,USA,Southwest Power Pool,US-CENT-SWPP,315.0,358.0,,54.0,,False,
2025-08-17T10:00:00.000Z,USA,Southwest Power Pool,US-CENT-SWPP,327.0,370.0,,53.0,,False,
2025-08-17T11:00:00.000Z,USA,Southwest Power Pool,US-CENT-SWPP,335.0,380.0,,51.0,,False,
2025-08-17T12:00:00.000Z,USA,Southwest Power Pool,US-CENT-SWPP,347.0,394.0,,49.0,,False,
2025-08-17T13:00:00.000Z,USA,Southwest Power Pool,US-CENT-SWPP,422.0,478.0,,39.0,,False,
2025-08-17T14:00:00.000Z,USA,Southwest Power Pool,US-CENT-SWPP,478.0,538.0,,33.0,,False,
2025-08-17T15:00:00.000Z,USA,Southwest Power Pool,US-CENT-SWPP,491.0,552.0,,32.0,,False,
2025-08-17T16:00:00.000Z,USA,Southwest Power Pool,US-CENT-SWPP,502.0,564.0,,31.0,,False,
2025-08-17T17:00:00.000Z,USA,Southwest Power Pool,US-CENT-SWPP,507.0,571.0,,30.0,,False,
2025-08-17T18:00:00.000Z,USA,Southwest Power Pool,US-CENT-SWPP,510.0,575.0,,29.0,,False,
2025-08-17T19:00:00.000Z,USA,Southwest Power Pool,US-CENT-SWPP,508.0,573.0,,29.0,,False,
2025-08-17T20:00:00.000Z,USA,Southwest Power Pool,US-CENT-SWPP,508.0,574.0,,29.0,,False,
2025-08-17T21:00:00.000Z,USA,Southwest Power Pool,US-CENT-SWPP,510.0,576.0,,28.0,,False,
2025-08-17T22:00:00.000Z,USA,Southwest Power Pool,US-CENT-SWPP,492.0,557.0,,30.0,,False,
2025-08-17T23:00:00.000Z,USA,Southwest Power Pool,US-CENT-SWPP,470.0,533.0,,33.0,,False,
2025-08-18T00:00:00.000Z,USA,Southwest Power Pool,US-CENT-SWPP,476.0,539.0,,32.0,,False,
2025-08-18T01:00:00.000Z,USA,Southwest Power Pool,US-CENT-SWPP,465.0,526.0,,35.0,,False,
2025-08-18T02:00:00.000Z,USA,Southwest Power Pool,US-CENT-SWPP,449.0,505.0,,38.0,,False,
2025-08-18T03:00:00.000Z,USA,Southwest Power Pool,US-CENT-SWPP,427.0,479.0,,42.0,,False,
2025-08-18T04:00:00.000Z,USA,Southwest Power Pool,US-CENT-SWPP,409.0,459.0,,44.0,,False,
2025-08-18T05:00:00.000Z,USA,Southwest Power Pool,US-CENT-SWPP,389.0,437.0,,46.0,,False,
2025-08-18T06:00:00.000Z,USA,Southwest Power Pool,US-CENT-SWPP,376.0,425.0,,46.0,,False,
2025-08-18T07:00:00.000Z,USA,Southwest Power Pool,US-CENT-SWPP,389.0,439.0,,45.0,,False,
2025-08-18T08:00:00.000Z,USA,Southwest Power Pool,US-CENT-SWPP,424.0,477.0,,41.0,,False,
2025-08-18T09:00:00.000Z,USA,Southwest Power Pool,US-CENT-SWPP,441.0,494.0,,39.0,,False,
2025-08-18T10:00:00.000Z,USA,Southwest Power Pool,US-CENT-SWPP,472.0,529.0,,35.0,,False,
2025-08-18T11:00:00.000Z,USA,Southwest Power Pool,US-CENT-SWPP,491.0,550.0,,32.0,,False,
2025-08-18T12:00:00.000Z,USA,Southwest Power Pool,US-CENT-SWPP,507.0,569.0,,30.0,,False,
2025-08-18T13:00:00.000Z,USA,Southwest Power Pool,US-CENT-SWPP,533.0,600.0,,25.0,,False,
2025-08-18T14:00:00.000Z,USA,Southwest Power Pool,US-CENT-SWPP,580.0,651.0,,20.0,,False,
2025-08-18T15:00:00.000Z,USA,Southwest Power Pool,US-CENT-SWPP,603.0,678.0,,16.0,,False,
2025-08-18T16:00:00.000Z,USA,Southwest Power Pool,US-CENT-SWPP,599.0,675.0,,16.0,,False,
2025-08-18T17:00:00.000Z,USA,Southwest Power Pool,US-CENT-SWPP,590.0,667.0,,16.0,,False,
2025-08-18T18:00:00.000Z,USA,Southwest Power Pool,US-CENT-SWPP,587.0,665.0,,16.0,,False,
2025-08-18T19:00:00.000Z,USA,Southwest Power Pool,US-CENT-SWPP,584.0,663.0,,16.0,,False,
2025-08-18T20:00:00.000Z,USA,Southwest Power Pool,US-CENT-SWPP,583.0,662.0,,16.0,,False,
2025-08-18T21:00:00.000Z,USA,Southwest Power Pool,US-CENT-SWPP,588.0,668.0,,15.0,,False,
2025-08-18T22:00:00.000Z,USA,Southwest Power Pool,US-CENT-SWPP,575.0,653.0,,17.0,,False,
2025-08-18T23:00:00.000Z,USA,Southwest Power Pool,US-CENT-SWPP,548.0,622.0,,21.0,,False,
2025-08-19T00:00:00.000Z,USA,Southwest Power Pool,US-CENT-SWPP,542.0,614.0,,23.0,,False,
2025-08-19T01:00:00.000Z,USA,Southwest Power Pool,US-CENT-SWPP,549.0,622.0,,22.0,,False,
2025-08-19T02:00:00.000Z,USA,Southwest Power Pool,US-CENT-SWPP,579.0,653.0,,18.0,,False,
2025-08-19T03:00:00.000Z,USA,Southwest Power Pool,US-CENT-SWPP,587.0,659.0,,19.0,,False,
2025-08-19T04:00:00.000Z,USA,Southwest Power Pool,US-CENT-SWPP,602.0,673.0,,18.0,,False,
2025-08-19T05:00:00.000Z,USA,Southwest Power Pool,US-CENT-SWPP,624.0,696.0,,16.0,,False,
2025-08-19T06:00:00.000Z,USA,Southwest Power Pool,US-CENT-SWPP,631.0,702.0,,16.0,,False,
2025-08-19T07:00:00.000Z,USA,Southwest Power Pool,US-CENT-SWPP,660.0,734.0,,12.0,,False,
2025-08-19T08:00:00.000Z,USA,Southwest Power Pool,US-CENT-SWPP,673.0,747.0,,11.0,,False,
2025-08-19T09:00:00.000Z,USA,Southwest Power Pool,US-CENT-SWPP,685.0,760.0,,9.0,,False,
2025-08-19T10:00:00.000Z,USA,Southwest Power Pool,US-CENT-SWPP,679.0,755.0,,9.0,,False,
2025-08-19T11:00:00.000Z,USA,Southwest Power Pool,US-CENT-SWPP,673.0,750.0,,9.0,,False,
2025-08-19T12:00:00.000Z,USA,Southwest Power Pool,US-CENT-SWPP,664.0,742.0,,9.0,,False,
2025-08-19T13:00:00.000Z,USA,Southwest Power Pool,US-CENT-SWPP,657.0,735.0,,10.0,,False,
2025-08-19T14:00:00.000Z,USA,Southwest Power Pool,US-CENT-SWPP,653.0,732.0,,9.0,,False,
2025-08-19T15:00:00.000Z,USA,Southwest Power Pool,US-CENT-SWPP,647.0,729.0,,8.0,,False,
2025-08-19T16:00:00.000Z,USA,Southwest Power Pool,US-CENT-SWPP,649.0,733.0,,7.0,,False,
2025-08-19T17:00:00.000Z,USA,Southwest Power Pool,US-CENT-SWPP,649.0,733.0,,7.0,,False,
2025-08-19T18:00:00.000Z,USA,Southwest Power Pool,US-CENT-SWPP,638.0,722.0,,9.0,,False,
2025-08-19T19:00:00.000Z,USA,Southwest Power Pool,US-CENT-SWPP,626.0,710.0,,10.0,,False,
2025-08-19T20:00:00.000Z,USA,Southwest Power Pool,US-CENT-SWPP,616.0,700.0,,11.0,,False,
2025-08-19T21:00:00.000Z,USA,Southwest Power Pool,US-CENT-SWPP,604.0,685.0,,14.0,,False,
2025-08-19T22:00:00.000Z,USA,Southwest Power Pool,US-CENT-SWPP,577.0,652.0,,18.0,,False,
2025-08-19T23:00:00.000Z,USA,Southwest Power Pool,US-CENT-SWPP,574.0,649.0,,19.0,,False,
2025-08-20T00:00:00.000Z,USA,Southwest Power Pool,US-CENT-SWPP,578.0,651.0,,20.0,,False,
2025-08-20T01:00:00.000Z,USA,Southwest Power Pool,US-CENT-SWPP,558.0,627.0,,23.0,,False,
2025-08-20T02:00:00.000Z,USA,Southwest Power Pool,US-CENT-SWPP,539.0,605.0,,26.0,,False,
2025-08-20T03:00:00.000Z,USA,Southwest Power Pool,US-CENT-SWPP,567.0,634.0,,23.0,,False,
2025-08-20T04:00:00.000Z,USA,Southwest Power Pool,US-CENT-SWPP,579.0,646.0,,22.0,,False,
2025-08-20T05:00:00.000Z,USA,Southwest Power Pool,US-CENT-SWPP,592.0,659.0,,21.0,,False,
2025-08-20T06:00:00.000Z,USA,Southwest Power Pool,US-CENT-SWPP,620.0,688.0,,18.0,,False,
2025-08-20T07:00:00.000Z,USA,Southwest Power Pool,US-CENT-SWPP,627.0,696.0,,16.0,,False,
2025-08-20T08:00:00.000Z,USA,Southwest Power Pool,US-CENT-SWPP,612.0,681.0,,18.0,,False,
2025-08-20T09:00:00.000Z,USA,Southwest Power Pool,US-CENT-SWPP,624.0,694.0,,16.0,,False,
2025-08-20T10:00:00.000Z,USA,Southwest Power Pool,US-CENT-SWPP,622.0,692.0,,17.0,,False,
2025-08-20T11:00:00.000Z,USA,Southwest Power Pool,US-CENT-SWPP,616.0,684.0,,18.0,,False,
2025-08-20T12:00:00.000Z,USA,Southwest Power Pool,US-CENT-SWPP,626.0,695.0,,17.0,,False,
2025-08-20T13:00:00.000Z,USA,Southwest Power Pool,US-CENT-SWPP,631.0,703.0,,15.0,,False,
2025-08-20T14:00:00.000Z,USA,Southwest Power Pool,US-CENT-SWPP,648.0,725.0,,11.0,,False,
2025-08-20T15:00:00.000Z,USA,Southwest Power Pool,US-CENT-SWPP,643.0,722.0,,11.0,,False,
2025-08-20T16:00:00.000Z,USA,Southwest Power Pool,US-CENT-SWPP,632.0,712.0,,11.0,,False,
2025-08-20T17:00:00.000Z,USA,Southwest Power Pool,US-CENT-SWPP,627.0,706.0,,12.0,,False,
2025-08-20T18:00:00.000Z,USA,Southwest Power Pool,US-CENT-SWPP,614.0,693.0,,13.0,,False,
2025-08-20T19:00:00.000Z,USA,Southwest Power Pool,US-CENT-SWPP,610.0,688.0,,14.0,,False,
2025-08-20T20:00:00.000Z,USA,Southwest Power Pool,US-CENT-SWPP,611.0,690.0,,14.0,,False,
2025-08-20T21:00:00.000Z,USA,Southwest Power Pool,US-CENT-SWPP,612.0,691.0,,14.0,,False,
2025-08-20T22:00:00.000Z,USA,Southwest Power Pool,US-CENT-SWPP,610.0,689.0,,14.0,,False,
2025-08-20T23:00:00.000Z,USA,Southwest Power Pool,US-CENT-SWPP,610.0,688.0,,14.0,,False,
2025-08-21T00:00:00.000Z,USA,Southwest Power Pool,US-CENT-SWPP,614.0,692.0,,14.0,,False,
2025-08-21T01:00:00.000Z,USA,Southwest Power Pool,US-CENT-SWPP,607.0,682.0,,16.0,,False,
2025-08-21T02:00:00.000Z,USA,Southwest Power Pool,US-CENT-SWPP,583.0,653.0,,21.0,,False,
2025-08-21T03:00:00.000Z,USA,Southwest Power Pool,US-CENT-SWPP,575.0,641.0,,23.0,,False,
2025-08-21T04:00:00.000Z,USA,Southwest Power Pool,US-CENT-SWPP,558.0,622.0,,26.0,,False,
2025-08-21T05:00:00.000Z,USA,Southwest Power Pool,US-CENT-SWPP,546.0,609.0,,26.0,,False,
2025-08-21T06:00:00.000Z,USA,Southwest Power Pool,US-CENT-SWPP,536.0,597.0,,28.0,,False,
2025-08-21T07:00:00.000Z,USA,Southwest Power Pool,US-CENT-SWPP,533.0,594.0,,28.0,,False,
2025-08-21T08:00:00.000Z,USA,Southwest Power Pool,US-CENT-SWPP,549.0,612.0,,25.0,,False,
2025-08-21T09:00:00.000Z,USA,Southwest Power Pool,US-CENT-SWPP,573.0,639.0,,22.0,,False,
2025-08-21T10:00:00.000Z,USA,Southwest Power Pool,US-CENT-SWPP,601.0,669.0,,19.0,,False,
2025-08-21T11:00:00.000Z,USA,Southwest Power Pool,US-CENT-SWPP,619.0,688.0,,17.0,,False,
2025-08-21T12:00:00.000Z,USA,Southwest Power Pool,US-CENT-SWPP,634.0,704.0,,16.0,,False,
2025-08-21T13:00:00.000Z,USA,Southwest Power Pool,US-CENT-SWPP,637.0,709.0,,14.0,,False,
2025-08-21T14:00:00.000Z,USA,Southwest Power Pool,US-CENT-SWPP,650.0,726.0,,12.0,,False,
2025-08-21T15:00:00.000Z,USA,Southwest Power Pool,US-CENT-SWPP,655.0,733.0,,10.0,,False,
2025-08-21T16:00:00.000Z,USA,Southwest Power Pool,US-CENT-SWPP,653.0,733.0,,9.0,,False,
2025-08-21T17:00:00.000Z,USA,Southwest Power Pool,US-CENT-SWPP,649.0,731.0,,9.0,,False,
2025-08-21T18:00:00.000Z,USA,Southwest Power Pool,US-CENT-SWPP,637.0,719.0,,10.0,,False,
2025-08-21T19:00:00.000Z,USA,Southwest Power Pool,US-CENT-SWPP,631.0,712.0,,11.0,,False,
2025-08-21T20:00:00.000Z,USA,Southwest Power Pool,US-CENT-SWPP,625.0,705.0,,12.0,,False,
2025-08-21T21:00:00.000Z,USA,Southwest Power Pool,US-CENT-SWPP,622.0,701.0,,12.0,,False,
2025-08-21T22:00:00.000Z,USA,Southwest Power Pool,US-CENT-SWPP,618.0,696.0,,13.0,,False,
2025-08-21T23:00:00.000Z,USA,Southwest Power Pool,US-CENT-SWPP,618.0,695.0,,14.0,,False,
2025-08-22T00:00:00.000Z,USA,Southwest Power Pool,US-CENT-SWPP,615.0,692.0,,15.0,,False,
2025-08-22T01:00:00.000Z,USA,Southwest Power Pool,US-CENT-SWPP,601.0,673.0,,18.0,,False,
2025-08-22T02:00:00.000Z,USA,Southwest Power Pool,US-CENT-SWPP,560.0,626.0,,25.0,,False,
2025-08-22T03:00:00.000Z,USA,Southwest Power Pool,US-CENT-SWPP,513.0,572.0,,31.0,,False,
2025-08-22T04:00:00.000Z,USA,Southwest Power Pool,US-CENT-SWPP,497.0,553.0,,34.0,,False,
2025-08-22T05:00:00.000Z,USA,Southwest Power Pool,US-CENT-SWPP,471.0,524.0,,37.0,,False,
2025-08-22T06:00:00.000Z,USA,Southwest Power Pool,US-CENT-SWPP,458.0,511.0,,38.0,,False,
2025-08-22T07:00:00.000Z,USA,Southwest Power Pool,US-CENT-SWPP,477.0,532.0,,35.0,,False,
2025-08-22T08:00:00.000Z,USA,Southwest Power Pool,US-CENT-SWPP,518.0,578.0,,30.0,,False,
2025-08-22T09:00:00.000Z,USA,Southwest Power Pool,US-CENT-SWPP,551.0,614.0,,25.0,,False,
2025-08-22T10:00:00.000Z,USA,Southwest Power Pool,US-CENT-SWPP,574.0,640.0,,22.0,,False,
2025-08-22T11:00:00.000Z,USA,Southwest Power Pool,US-CENT-SWPP,578.0,644.0,,22.0,,False,
2025-08-22T12:00:00.000Z,USA,Southwest Power Pool,US-CENT-SWPP,599.0,668.0,,19.0,,False,
2025-08-22T13:00:00.000Z,USA,Southwest Power Pool,US-CENT-SWPP,607.0,678.0,,17.0,,False,
2025-08-22T14:00:00.000Z,USA,Southwest Power Pool,US-CENT-SWPP,643.0,719.0,,12.0,,False,
2025-08-22T15:00:00.000Z,USA,Southwest Power Pool,US-CENT-SWPP,656.0,734.0,,10.0,,False,
2025-08-22T16:00:00.000Z,USA,Southwest Power Pool,US-CENT-SWPP,654.0,733.0,,9.0,,False,
2025-08-22T17:00:00.000Z,USA,Southwest Power Pool,US-CENT-SWPP,646.0,726.0,,10.0,,False,
2025-08-22T18:00:00.000Z,USA,Southwest Power Pool,US-CENT-SWPP,635.0,715.0,,11.0,,False,
2025-08-22T19:00:00.000Z,USA,Southwest Power Pool,US-CENT-SWPP,631.0,712.0,,11.0,,False,
2025-08-22T20:00:00.000Z,USA,Southwest Power Pool,US-CENT-SWPP,630.0,711.0,,11.0,,False,
2025-08-22T21:00:00.000Z,USA,Southwest Power Pool,US-CENT-SWPP,627.0,708.0,,11.0,,False,
2025-08-22T22:00:00.000Z,USA,Southwest Power Pool,US-CENT-SWPP,622.0,702.0,,12.0,,False,
2025-08-22T23:00:00.000Z,USA,Southwest Power Pool,US-CENT-SWPP,623.0,702.0,,12.0,,False,
2025-08-23T00:00:00.000Z,USA,Southwest Power Pool,US-CENT-SWPP,628.0,706.0,,12.0,,False,
2025-08-23T01:00:00.000Z,USA,Southwest Power Pool,US-CENT-SWPP,612.0,686.0,,16.0,,False,
2025-08-23T02:00:00.000Z,USA,Southwest Power Pool,US-CENT-SWPP,584.0,652.0,,21.0,,False,
2025-08-23T03:00:00.000Z,USA,Southwest Power Pool,US-CENT-SWPP,546.0,610.0,,27.0,,False,
2025-08-23T04:00:00.000Z,USA,Southwest Power Pool,US-CENT-SWPP,548.0,610.0,,27.0,,False,
2025-08-23T05:00:00.000Z,USA,Southwest Power Pool,US-CENT-SWPP,545.0,606.0,,27.0,,False,
2025-08-23T06:00:00.000Z,USA,Southwest Power Pool,US-CENT-SWPP,540.0,600.0,,27.0,,False,
2025-08-23T07:00:00.000Z,USA,Southwest Power Pool,US-CENT-SWPP,546.0,608.0,,26.0,,False,
2025-08-23T08:00:00.000Z,USA,Southwest Power Pool,US-CENT-SWPP,566.0,630.0,,23.0,,False,
2025-08-23T09:00:00.000Z,USA,Southwest Power Pool,US-CENT-SWPP,561.0,624.0,,24.0,,False,
2025-08-23T10:00:00.000Z,USA,Southwest Power Pool,US-CENT-SWPP,572.0,637.0,,22.0,,False,
2025-08-23T11:00:00.000Z,USA,Southwest Power Pool,US-CENT-SWPP,562.0,626.0,,24.0,,False,
2025-08-23T12:00:00.000Z,USA,Southwest Power Pool,US-CENT-SWPP,558.0,622.0,,24.0,,False,
2025-08-23T13:00:00.000Z,USA,Southwest Power Pool,US-CENT-SWPP,549.0,614.0,,24.0,,False,
2025-08-23T14:00:00.000Z,USA,Southwest Power Pool,US-CENT-SWPP,546.0,613.0,,24.0,,False,
2025-08-23T15:00:00.000Z,USA,Southwest Power Pool,US-CENT-SWPP,533.0,598.0,,26.0,,False,
2025-08-23T16:00:00.000Z,USA,Southwest Power Pool,US-CENT-SWPP,527.0,591.0,,27.0,,False,
2025-08-23T17:00:00.000Z,USA,Southwest Power Pool,US-CENT-SWPP,537.0,602.0,,26.0,,False,
2025-08-23T18:00:00.000Z,USA,Southwest Power Pool,US-CENT-SWPP,547.0,614.0,,25.0,,False,
2025-08-23T19:00:00.000Z,USA,Southwest Power Pool,US-CENT-SWPP,555.0,622.0,,24.0,,False,
2025-08-23T20:00:00.000Z,USA,Southwest Power Pool,US-CENT-SWPP,566.0,635.0,,22.0,,False,
2025-08-23T21:00:00.000Z,USA,Southwest Power Pool,US-CENT-SWPP,577.0,648.0,,20.0,,False,
2025-08-23T22:00:00.000Z,USA,Southwest Power Pool,US-CENT-SWPP,587.0,660.0,,19.0,,False,
2025-08-23T23:00:00.000Z,USA,Southwest Power Pool,US-CENT-SWPP,597.0,670.0,,17.0,,False,
2025-08-24T00:00:00.000Z,USA,Southwest Power Pool,US-CENT-SWPP,616.0,691.0,,15.0,,False,
2025-08-24T01:00:00.000Z,USA,Southwest Power Pool,US-CENT-SWPP,624.0,699.0,,14.0,,False,
2025-08-24T02:00:00.000Z,USA,Southwest Power Pool,US-CENT-SWPP,614.0,686.0,,17.0,,False,
2025-08-24T03:00:00.000Z,USA,Southwest Power Pool,US-CENT-SWPP,602.0,670.0,,19.0,,False,
2025-08-24T04:00:00.000Z,USA,Southwest Power Pool,US-CENT-SWPP,590.0,655.0,,22.0,,False,
2025-08-24T05:00:00.000Z,USA,Southwest Power Pool,US-CENT-SWPP,570.0,633.0,,24.0,,False,
2025-08-24T06:00:00.000Z,USA,Southwest Power Pool,US-CENT-SWPP,544.0,606.0,,26.0,,False,
2025-08-24T07:00:00.000Z,USA,Southwest Power Pool,US-CENT-SWPP,536.0,598.0,,27.0,,False,
2025-08-24T08:00:00.000Z,USA,Southwest Power Pool,US-CENT-SWPP,530.0,591.0,,27.0,,False,
2025-08-24T09:00:00.000Z,USA,Southwest Power Pool,US-CENT-SWPP,529.0,590.0,,27.0,,False,
2025-08-24T10:00:00.000Z,USA,Southwest Power Pool,US-CENT-SWPP,533.0,595.0,,26.0,,False,
2025-08-24T11:00:00.000Z,USA,Southwest Power Pool,US-CENT-SWPP,526.0,587.0,,27.0,,False,
2025-08-24T12:00:00.000Z,USA,Southwest Power Pool,US-CENT-SWPP,537.0,600.0,,25.0,,False,
2025-08-24T13:00:00.000Z,USA,Southwest Power Pool,US-CENT-SWPP,551.0,617.0,,23.0,,False,
2025-08-24T14:00:00.000Z,USA,Southwest Power Pool,US-CENT-SWPP,570.0,638.0,,21.0,,False,
2025-08-24T15:00:00.000Z,USA,Southwest Power Pool,US-CENT-SWPP,561.0,629.0,,22.0,,False,
2025-08-24T16:00:00.000Z,USA,Southwest Power Pool,US-CENT-SWPP,572.0,641.0,,21.0,,False,
2025-08-24T17:00:00.000Z,USA,Southwest Power Pool,US-CENT-SWPP,570.0,638.0,,21.0,,False,
2025-08-24T18:00:00.000Z,USA,Southwest Power Pool,US-CENT-SWPP,573.0,642.0,,21.0,,False,
2025-08-24T19:00:00.000Z,USA,Southwest Power Pool,US-CENT-SWPP,568.0,638.0,,21.0,,False,
2025-08-24T20:00:00.000Z,USA,Southwest Power Pool,US-CENT-SWPP,563.0,633.0,,21.0,,False,
2025-08-24T21:00:00.000Z,USA,Southwest Power Pool,US-CENT-SWPP,562.0,633.0,,21.0,,False,
2025-08-24T22:00:00.000Z,USA,Southwest Power Pool,US-CENT-SWPP,555.0,625.0,,22.0,,False,
2025-08-24T23:00:00.000Z,USA,Southwest Power Pool,US-CENT-SWPP,545.0,613.0,,24.0,,False,
2025-08-25T00:00:00.000Z,USA,Southwest Power Pool,US-CENT-SWPP,542.0,607.0,,26.0,,False,
2025-08-25T01:00:00.000Z,USA,Southwest Power Pool,US-CENT-SWPP,533.0,596.0,,27.0,,False,
2025-08-25T02:00:00.000Z,USA,Southwest Power Pool,US-CENT-SWPP,511.0,572.0,,30.0,,False,
2025-08-25T03:00:00.000Z,USA,Southwest Power Pool,US-CENT-SWPP,514.0,573.0,,31.0,,False,
2025-08-25T04:00:00.000Z,USA,Southwest Power Pool,US-CENT-SWPP,508.0,566.0,,32.0,,False,
2025-08-25T05:00:00.000Z,USA,Southwest Power Pool,US-CENT-SWPP,502.0,559.0,,32.0,,False,
2025-08-25T06:00:00.000Z,USA,Southwest Power Pool,US-CENT-SWPP,501.0,560.0,,31.0,,False,
2025-08-25T07:00:00.000Z,USA,Southwest Power Pool,US-CENT-SWPP,502.0,561.0,,31.0,,False,
2025-08-25T08:00:00.000Z,USA,Southwest Power Pool,US-CENT-SWPP,511.0,571.0,,29.0,,False,
2025-08-25T09:00:00.000Z,USA,Southwest Power Pool,US-CENT-SWPP,514.0,574.0,,29.0,,False,
2025-08-25T10:00:00.000Z,USA,Southwest Power Pool,US-CENT-SWPP,503.0,561.0,,31.0,,False,
2025-08-25T11:00:00.000Z,USA,Southwest Power Pool,US-CENT-SWPP,497.0,556.0,,32.0,,False,
2025-08-25T12:00:00.000Z,USA,Southwest Power Pool,US-CENT-SWPP,505.0,565.0,,30.0,,False,
2025-08-25T13:00:00.000Z,USA,Southwest Power Pool,US-CENT-SWPP,501.0,563.0,,29.0,,False,
2025-08-25T14:00:00.000Z,USA,Southwest Power Pool,US-CENT-SWPP,516.0,582.0,,26.0,,False,
2025-08-25T15:00:00.000Z,USA,Southwest Power Pool,US-CENT-SWPP,524.0,590.0,,26.0,,False,
2025-08-25T16:00:00.000Z,USA,Southwest Power Pool,US-CENT-SWPP,526.0,592.0,,26.0,,False,
2025-08-25T17:00:00.000Z,USA,Southwest Power Pool,US-CENT-SWPP,536.0,603.0,,25.0,,False,
2025-08-25T18:00:00.000Z,USA,Southwest Power Pool,US-CENT-SWPP,564.0,634.0,,21.0,,False,
2025-08-25T19:00:00.000Z,USA,Southwest Power Pool,US-CENT-SWPP,583.0,654.0,,19.0,,False,
2025-08-25T20:00:00.000Z,USA,Southwest Power Pool,US-CENT-SWPP,590.0,661.0,,18.0,,False,
2025-08-25T21:00:00.000Z,USA,Southwest Power Pool,US-CENT-SWPP,592.0,665.0,,18.0,,False,
2025-08-25T22:00:00.000Z,USA,Southwest Power Pool,US-CENT-SWPP,586.0,658.0,,18.0,,False,
2025-08-25T23:00:00.000Z,USA,Southwest Power Pool,US-CENT-SWPP,577.0,648.0,,19.0,,False,
2025-08-26T00:00:00.000Z,USA,Southwest Power Pool,US-CENT-SWPP,563.0,633.0,,21.0,,False,
2025-08-26T01:00:00.000Z,USA,Southwest Power Pool,US-CENT-SWPP,555.0,623.0,,22.0,,False,
2025-08-26T02:00:00.000Z,USA,Southwest Power Pool,US-CENT-SWPP,548.0,614.0,,24.0,,False,
2025-08-26T03:00:00.000Z,USA,Southwest Power Pool,US-CENT-SWPP,545.0,609.0,,25.0,,False,
2025-08-26T04:00:00.000Z,USA,Southwest Power Pool,US-CENT-SWPP,549.0,613.0,,25.0,,False,
2025-08-26T05:00:00.000Z,USA,Southwest Power Pool,US-CENT-SWPP,552.0,616.0,,24.0,,False,
2025-08-26T06:00:00.000Z,USA,Southwest Power Pool,US-CENT-SWPP,553.0,618.0,,23.0,,False,
2025-08-26T07:00:00.000Z,USA,Southwest Power Pool,US-CENT-SWPP,561.0,627.0,,22.0,,False,
2025-08-26T08:00:00.000Z,USA,Southwest Power Pool,US-CENT-SWPP,560.0,626.0,,22.0,,False,
2025-08-26T09:00:00.000Z,USA,Southwest Power Pool,US-CENT-SWPP,569.0,635.0,,21.0,,False,
2025-08-26T10:00:00.000Z,USA,Southwest Power Pool,US-CENT-SWPP,575.0,642.0,,20.0,,False,
2025-08-26T11:00:00.000Z,USA,Southwest Power Pool,US-CENT-SWPP,583.0,651.0,,19.0,,False,
2025-08-26T12:00:00.000Z,USA,Southwest Power Pool,US-CENT-SWPP,571.0,640.0,,20.0,,False,
2025-08-26T13:00:00.000Z,USA,Southwest Power Pool,US-CENT-SWPP,575.0,646.0,,19.0,,False,
2025-08-26T14:00:00.000Z,USA,Southwest Power Pool,US-CENT-SWPP,596.0,670.0,,16.0,,False,
2025-08-26T15:00:00.000Z,USA,Southwest Power Pool,US-CENT-SWPP,596.0,669.0,,16.0,,False,
2025-08-26T16:00:00.000Z,USA,Southwest Power Pool,US-CENT-SWPP,581.0,652.0,,19.0,,False,
2025-08-26T17:00:00.000Z,USA,Southwest Power Pool,US-CENT-SWPP,575.0,646.0,,20.0,,False,
2025-08-26T18:00:00.000Z,USA,Southwest Power Pool,US-CENT-SWPP,582.0,653.0,,19.0,,False,
2025-08-26T19:00:00.000Z,USA,Southwest Power Pool,US-CENT-SWPP,594.0,666.0,,18.0,,False,
2025-08-26T20:00:00.000Z,USA,Southwest Power Pool,US-CENT-SWPP,606.0,680.0,,16.0,,False,
2025-08-26T21:00:00.000Z,USA,Southwest Power Pool,US-CENT-SWPP,613.0,688.0,,15.0,,False,
2025-08-26T22:00:00.000Z,USA,Southwest Power Pool,US-CENT-SWPP,616.0,692.0,,14.0,,False,
2025-08-26T23:00:00.000Z,USA,Southwest Power Pool,US-CENT-SWPP,617.0,693.0,,14.0,,False,
2025-08-27T00:00:00.000Z,USA,Southwest Power Pool,US-CENT-SWPP,613.0,689.0,,14.0,,False,
2025-08-27T01:00:00.000Z,USA,Southwest Power Pool,US-CENT-SWPP,594.0,666.0,,17.0,,False,
2025-08-27T02:00:00.000Z,USA,Southwest Power Pool,US-CENT-SWPP,568.0,635.0,,22.0,,False,
2025-08-27T03:00:00.000Z,USA,Southwest Power Pool,US-CENT-SWPP,547.0,612.0,,25.0,,False,
2025-08-27T04:00:00.000Z,USA,Southwest Power Pool,US-CENT-SWPP,522.0,583.0,,28.0,,False,
2025-08-27T05:00:00.000Z,USA,Southwest Power Pool,US-CENT-SWPP,503.0,562.0,,31.0,,False,
2025-08-27T06:00:00.000Z,USA,Southwest Power Pool,US-CENT-SWPP,479.0,536.0,,33.0,,False,
2025-08-27T07:00:00.000Z,USA,Southwest Power Pool,US-CENT-SWPP,474.0,532.0,,33.0,,False,
2025-08-27T08:00:00.000Z,USA,Southwest Power Pool,US-CENT-SWPP,489.0,547.0,,31.0,,False,
2025-08-27T09:00:00.000Z,USA,Southwest Power Pool,US-CENT-SWPP,511.0,571.0,,29.0,,False,
2025-08-27T10:00:00.000Z,USA,Southwest Power Pool,US-CENT-SWPP,528.0,588.0,,28.0,,False,
2025-08-27T11:00:00.000Z,USA,Southwest Power Pool,US-CENT-SWPP,535.0,596.0,,28.0,,False,
2025-08-27T12:00:00.000Z,USA,Southwest Power Pool,US-CENT-SWPP,529.0,590.0,,28.0,,False,
2025-08-27T13:00:00.000Z,USA,Southwest Power Pool,US-CENT-SWPP,512.0,573.0,,29.0,,False,
2025-08-27T14:00:00.000Z,USA,Southwest Power Pool,US-CENT-SWPP,526.0,590.0,,27.0,,False,
2025-08-27T15:00:00.000Z,USA,Southwest Power Pool,US-CENT-SWPP,528.0,591.0,,27.0,,False,
2025-08-27T16:00:00.000Z,USA,Southwest Power Pool,US-CENT-SWPP,498.0,560.0,,31.0,,False,
2025-08-27T17:00:00.000Z,USA,Southwest Power Pool,US-CENT-SWPP,473.0,532.0,,34.0,,False,
2025-08-27T18:00:00.000Z,USA,Southwest Power Pool,US-CENT-SWPP,468.0,527.0,,34.0,,False,
2025-08-27T19:00:00.000Z,USA,Southwest Power Pool,US-CENT-SWPP,478.0,539.0,,32.0,,False,
2025-08-27T20:00:00.000Z,USA,Southwest Power Pool,US-CENT-SWPP,493.0,556.0,,30.0,,False,
2025-08-27T21:00:00.000Z,USA,Southwest Power Pool,US-CENT-SWPP,498.0,561.0,,30.0,,False,
2025-08-27T22:00:00.000Z,USA,Southwest Power Pool,US-CENT-SWPP,480.0,542.0,,32.0,,False,
2025-08-27T23:00:00.000Z,USA,Southwest Power Pool,US-CENT-SWPP,464.0,524.0,,35.0,,False,
2025-08-28T00:00:00.000Z,USA,Southwest Power Pool,US-CENT-SWPP,451.0,509.0,,36.0,,False,
2025-08-28T01:00:00.000Z,USA,Southwest Power Pool,US-CENT-SWPP,419.0,473.0,,40.0,,False,
2025-08-28T02:00:00.000Z,USA,Southwest Power Pool,US-CENT-SWPP,378.0,427.0,,46.0,,False,
2025-08-28T03:00:00.000Z,USA,Southwest Power Pool,US-CENT-SWPP,365.0,413.0,,47.0,,False,
2025-08-28T04:00:00.000Z,USA,Southwest Power Pool,US-CENT-SWPP,361.0,409.0,,48.0,,False,
2025-08-28T05:00:00.000Z,USA,Southwest Power Pool,US-CENT-SWPP,364.0,412.0,,47.0,,False,
2025-08-28T06:00:00.000Z,USA,Southwest Power Pool,US-CENT-SWPP,391.0,440.0,,44.0,,False,
2025-08-28T07:00:00.000Z,USA,Southwest Power Pool,US-CENT-SWPP,435.0,489.0,,38.0,,False,
2025-08-28T08:00:00.000Z,USA,Southwest Power Pool,US-CENT-SWPP,473.0,533.0,,32.0,,False,
2025-08-28T09:00:00.000Z,USA,Southwest Power Pool,US-CENT-SWPP,494.0,556.0,,29.0,,False,
2025-08-28T10:00:00.000Z,USA,Southwest Power Pool,US-CENT-SWPP,512.0,576.0,,27.0,,False,
2025-08-28T11:00:00.000Z,USA,Southwest Power Pool,US-CENT-SWPP,499.0,562.0,,28.0,,False,
2025-08-28T12:00:00.000Z,USA,Southwest Power Pool,US-CENT-SWPP,497.0,561.0,,28.0,,False,
2025-08-28T13:00:00.000Z,USA,Southwest Power Pool,US-CENT-SWPP,510.0,576.0,,26.0,,False,
2025-08-28T14:00:00.000Z,USA,Southwest Power Pool,US-CENT-SWPP,546.0,616.0,,21.0,,False,
2025-08-28T15:00:00.000Z,USA,Southwest Power Pool,US-CENT-SWPP,569.0,642.0,,18.0,,False,
2025-08-28T16:00:00.000Z,USA,Southwest Power Pool,US-CENT-SWPP,581.0,655.0,,17.0,,False,
2025-08-28T17:00:00.000Z,USA,Southwest Power Pool,US-CENT-SWPP,582.0,658.0,,16.0,,False,
2025-08-28T18:00:00.000Z,USA,Southwest Power Pool,US-CENT-SWPP,573.0,649.0,,17.0,,False,
2025-08-28T19:00:00.000Z,USA,Southwest Power Pool,US-CENT-SWPP,564.0,640.0,,17.0,,False,
2025-08-28T20:00:00.000Z,USA,Southwest Power Pool,US-CENT-SWPP,569.0,645.0,,17.0,,False,
2025-08-28T21:00:00.000Z,USA,Southwest Power Pool,US-CENT-SWPP,570.0,647.0,,16.0,,False,
2025-08-28T22:00:00.000Z,USA,Southwest Power Pool,US-CENT-SWPP,568.0,645.0,,17.0,,False,
2025-08-28T23:00:00.000Z,USA,Southwest Power Pool,US-CENT-SWPP,562.0,638.0,,18.0,,False,
2025-08-29T00:00:00.000Z,USA,Southwest Power Pool,US-CENT-SWPP,560.0,635.0,,18.0,,False,
2025-08-29T01:00:00.000Z,USA,Southwest Power Pool,US-CENT-SWPP,557.0,630.0,,19.0,,False,
2025-08-29T02:00:00.000Z,USA,Southwest Power Pool,US-CENT-SWPP,553.0,624.0,,21.0,,False,
2025-08-29T03:00:00.000Z,USA,Southwest Power Pool,US-CENT-SWPP,547.0,616.0,,22.0,,False,
2025-08-29T04:00:00.000Z,USA,Southwest Power Pool,US-CENT-SWPP,551.0,617.0,,23.0,,False,
2025-08-29T05:00:00.000Z,USA,Southwest Power Pool,US-CENT-SWPP,571.0,638.0,,21.0,,False,
2025-08-29T06:00:00.000Z,USA,Southwest Power Pool,US-CENT-SWPP,577.0,644.0,,20.0,,False,
2025-08-29T07:00:00.000Z,USA,Southwest Power Pool,US-CENT-SWPP,593.0,662.0,,18.0,,False,
2025-08-29T08:00:00.000Z,USA,Southwest Power Pool,US-CENT-SWPP,607.0,677.0,,16.0,,False,
2025-08-29T09:00:00.000Z,USA,Southwest Power Pool,US-CENT-SWPP,623.0,696.0,,14.0,,False,
2025-08-29T10:00:00.000Z,USA,Southwest Power Pool,US-CENT-SWPP,640.0,713.0,,12.0,,False,
2025-08-29T11:00:00.000Z,USA,Southwest Power Pool,US-CENT-SWPP,645.0,720.0,,11.0,,False,
2025-08-29T12:00:00.000Z,USA,Southwest Power Pool,US-CENT-SWPP,647.0,723.0,,10.0,,False,
2025-08-29T13:00:00.000Z,USA,Southwest Power Pool,US-CENT-SWPP,642.0,718.0,,11.0,,False,
2025-08-29T14:00:00.000Z,USA,Southwest Power Pool,US-CENT-SWPP,647.0,725.0,,10.0,,False,
2025-08-29T15:00:00.000Z,USA,Southwest Power Pool,US-CENT-SWPP,647.0,725.0,,10.0,,False,
2025-08-29T16:00:00.000Z,USA,Southwest Power Pool,US-CENT-SWPP,641.0,718.0,,11.0,,False,
2025-08-29T17:00:00.000Z,USA,Southwest Power Pool,US-CENT-SWPP,636.0,715.0,,10.0,,False,
2025-08-29T18:00:00.000Z,USA,Southwest Power Pool,US-CENT-SWPP,624.0,704.0,,11.0,,False,
2025-08-29T19:00:00.000Z,USA,Southwest Power Pool,US-CENT-SWPP,622.0,702.0,,11.0,,False,
2025-08-29T20:00:00.000Z,USA,Southwest Power Pool,US-CENT-SWPP,616.0,695.0,,12.0,,False,
2025-08-29T21:00:00.000Z,USA,Southwest Power Pool,US-CENT-SWPP,604.0,682.0,,14.0,,False,
2025-08-29T22:00:00.000Z,USA,Southwest Power Pool,US-CENT-SWPP,585.0,659.0,,17.0,,False,
2025-08-29T23:00:00.000Z,USA,Southwest Power Pool,US-CENT-SWPP,573.0,644.0,,20.0,,False,
2025-08-30T00:00:00.000Z,USA,Southwest Power Pool,US-CENT-SWPP,572.0,643.0,,20.0,,False,
2025-08-30T01:00:00.000Z,USA,Southwest Power Pool,US-CENT-SWPP,573.0,643.0,,20.0,,False,
2025-08-30T02:00:00.000Z,USA,Southwest Power Pool,US-CENT-SWPP,566.0,634.0,,21.0,,False,
2025-08-30T03:00:00.000Z,USA,Southwest Power Pool,US-CENT-SWPP,532.0,596.0,,26.0,,False,
2025-08-30T04:00:00.000Z,USA,Southwest Power Pool,US-CENT-SWPP,534.0,599.0,,25.0,,False,
2025-08-30T05:00:00.000Z,USA,Southwest Power Pool,US-CENT-SWPP,569.0,635.0,,22.0,,False,
2025-08-30T06:00:00.000Z,USA,Southwest Power Pool,US-CENT-SWPP,614.0,681.0,,18.0,,False,
2025-08-30T07:00:00.000Z,USA,Southwest Power Pool,US-CENT-SWPP,624.0,692.0,,16.0,,False,
2025-08-30T08:00:00.000Z,USA,Southwest Power Pool,US-CENT-SWPP,614.0,681.0,,17.0,,False,
2025-08-30T09:00:00.000Z,USA,Southwest Power Pool,US-CENT-SWPP,611.0,678.0,,17.0,,False,
2025-08-30T10:00:00.000Z,USA,Southwest Power Pool,US-CENT-SWPP,615.0,683.0,,17.0,,False,
2025-08-30T11:00:00.000Z,USA,Southwest Power Pool,US-CENT-SWPP,620.0,688.0,,16.0,,False,
2025-08-30T12:00:00.000Z,USA,Southwest Power Pool,US-CENT-SWPP,617.0,686.0,,16.0,,False,
2025-08-30T13:00:00.000Z,USA,Southwest Power Pool,US-CENT-SWPP,616.0,687.0,,15.0,,False,
2025-08-30T14:00:00.000Z,USA,Southwest Power Pool,US-CENT-SWPP,623.0,696.0,,14.0,,False,
2025-08-30T15:00:00.000Z,USA,Southwest Power Pool,US-CENT-SWPP,631.0,703.0,,14.0,,False,
2025-08-30T16:00:00.000Z,USA,Southwest Power Pool,US-CENT-SWPP,634.0,707.0,,13.0,,False,
2025-08-30T17:00:00.000Z,USA,Southwest Power Pool,US-CENT-SWPP,640.0,714.0,,13.0,,False,
2025-08-30T18:00:00.000Z,USA,Southwest Power Pool,US-CENT-SWPP,631.0,705.0,,13.0,,False,
2025-08-30T19:00:00.000Z,USA,Southwest Power Pool,US-CENT-SWPP,621.0,695.0,,14.0,,False,
2025-08-30T20:00:00.000Z,USA,Southwest Power Pool,US-CENT-SWPP,625.0,699.0,,14.0,,False,
2025-08-30T21:00:00.000Z,USA,Southwest Power Pool,US-CENT-SWPP,626.0,700.0,,14.0,,False,
2025-08-30T22:00:00.000Z,USA,Southwest Power Pool,US-CENT-SWPP,630.0,704.0,,14.0,,False,
2025-08-30T23:00:00.000Z,USA,Southwest Power Pool,US-CENT-SWPP,624.0,697.0,,15.0,,False,
2025-08-31T00:00:00.000Z,USA,Southwest Power Pool,US-CENT-SWPP,623.0,695.0,,15.0,,False,
2025-08-31T01:00:00.000Z,USA,Southwest Power Pool,US-CENT-SWPP,608.0,677.0,,18.0,,False,
2025-08-31T02:00:00.000Z,USA,Southwest Power Pool,US-CENT-SWPP,595.0,662.0,,20.0,,False,
2025-08-31T03:00:00.000Z,USA,Southwest Power Pool,US-CENT-SWPP,607.0,675.0,,18.0,,False,
2025-08-31T04:00:00.000Z,USA,Southwest Power Pool,US-CENT-SWPP,632.0,701.0,,16.0,,False,
2025-08-31T05:00:00.000Z,USA,Southwest Power Pool,US-CENT-SWPP,636.0,705.0,,15.0,,False,
2025-08-31T06:00:00.000Z,USA,Southwest Power Pool,US-CENT-SWPP,631.0,700.0,,15.0,,False,
2025-08-31T07:00:00.000Z,USA,Southwest Power Pool,US-CENT-SWPP,630.0,699.0,,15.0,,False,
2025-08-31T08:00:00.000Z,USA,Southwest Power Pool,US-CENT-SWPP,638.0,708.0,,14.0,,False,
2025-08-31T09:00:00.000Z,USA,Southwest Power Pool,US-CENT-SWPP,611.0,678.0,,17.0,,False,
2025-08-31T10:00:00.000Z,USA,Southwest Power Pool,US-CENT-SWPP,592.0,658.0,,19.0,,False,
2025-08-31T11:00:00.000Z,USA,Southwest Power Pool,US-CENT-SWPP,602.0,670.0,,18.0,,False,
2025-08-31T12:00:00.000Z,USA,Southwest Power Pool,US-CENT-SWPP,617.0,687.0,,15.0,,False,
2025-08-31T13:00:00.000Z,USA,Southwest Power Pool,US-CENT-SWPP,609.0,679.0,,16.0,,False,
2025-08-31T14:00:00.000Z,USA,Southwest Power Pool,US-CENT-SWPP,623.0,695.0,,15.0,,False,
2025-08-31T15:00:00.000Z,USA,Southwest Power Pool,US-CENT-SWPP,627.0,698.0,,15.0,,False,
2025-08-31T16:00:00.000Z,USA,Southwest Power Pool,US-CENT-SWPP,625.0,697.0,,15.0,,False,
2025-08-31T17:00:00.000Z,USA,Southwest Power Pool,US-CENT-SWPP,624.0,696.0,,15.0,,False,
2025-08-31T18:00:00.000Z,USA,Southwest Power Pool,US-CENT-SWPP,625.0,697.0,,15.0,,False,
2025-08-31T19:00:00.000Z,USA,Southwest Power Pool,US-CENT-SWPP,628.0,701.0,,14.0,,False,
2025-08-31T20:00:00.000Z,USA,Southwest Power Pool,US-CENT-SWPP,627.0,701.0,,14.0,,False,
2025-08-31T21:00:00.000Z,USA,Southwest Power Pool,US-CENT-SWPP,614.0,687.0,,16.0,,False,
2025-08-31T22:00:00.000Z,USA,Southwest Power Pool,US-CENT-SWPP,595.0,666.0,,18.0,,False,
2025-08-31T23:00:00.000Z,USA,Southwest Power Pool,US-CENT-SWPP,601.0,672.0,,17.0,,False,
2025-09-01T00:00:00.000Z,USA,Southwest Power Pool,US-CENT-SWPP,612.0,684.0,,16.0,,False,
2025-09-01T01:00:00.000Z,USA,Southwest Power Pool,US-CENT-SWPP,609.0,679.0,,17.0,,False,
2025-09-01T02:00:00.000Z,USA,Southwest Power Pool,US-CENT-SWPP,609.0,678.0,,18.0,,False,
2025-09-01T03:00:00.000Z,USA,Southwest Power Pool,US-CENT-SWPP,614.0,684.0,,17.0,,False,
2025-09-01T04:00:00.000Z,USA,Southwest Power Pool,US-CENT-SWPP,611.0,680.0,,17.0,,False,
2025-09-01T05:00:00.000Z,USA,Southwest Power Pool,US-CENT-SWPP,617.0,686.0,,16.0,,False,
2025-09-01T06:00:00.000Z,USA,Southwest Power Pool,US-CENT-SWPP,617.0,686.0,,16.0,,False,
2025-09-01T07:00:00.000Z,USA,Southwest Power Pool,US-CENT-SWPP,619.0,689.0,,15.0,,False,
2025-09-01T08:00:00.000Z,USA,Southwest Power Pool,US-CENT-SWPP,628.0,698.0,,14.0,,False,
2025-09-01T09:00:00.000Z,USA,Southwest Power Pool,US-CENT-SWPP,641.0,712.0,,13.0,,False,
2025-09-01T10:00:00.000Z,USA,Southwest Power Pool,US-CENT-SWPP,643.0,714.0,,13.0,,False,
2025-09-01T11:00:00.000Z,USA,Southwest Power Pool,US-CENT-SWPP,628.0,698.0,,14.0,,False,
2025-09-01T12:00:00.000Z,USA,Southwest Power Pool,US-CENT-SWPP,628.0,699.0,,14.0,,False,
2025-09-01T13:00:00.000Z,USA,Southwest Power Pool,US-CENT-SWPP,615.0,687.0,,14.0,,False,
2025-09-01T14:00:00.000Z,USA,Southwest Power Pool,US-CENT-SWPP,622.0,695.0,,14.0,,False,
2025-09-01T15:00:00.000Z,USA,Southwest Power Pool,US-CENT-SWPP,625.0,698.0,,14.0,,False,
2025-09-01T16:00:00.000Z,USA,Southwest Power Pool,US-CENT-SWPP,629.0,701.0,,14.0,,False,
2025-09-01T17:00:00.000Z,USA,Southwest Power Pool,US-CENT-SWPP,639.0,711.0,,14.0,,False,
2025-09-01T18:00:00.000Z,USA,Southwest Power Pool,US-CENT-SWPP,639.0,712.0,,14.0,,False,
2025-09-01T19:00:00.000Z,USA,Southwest Power Pool,US-CENT-SWPP,640.0,713.0,,14.0,,False,
2025-09-01T20:00:00.000Z,USA,Southwest Power Pool,US-CENT-SWPP,637.0,709.0,,14.0,,False,
2025-09-01T21:00:00.000Z,USA,Southwest Power Pool,US-CENT-SWPP,635.0,707.0,,15.0,,False,
2025-09-01T22:00:00.000Z,USA,Southwest Power Pool,US-CENT-SWPP,624.0,696.0,,16.0,,False,
2025-09-01T23:00:00.000Z,USA,Southwest Power Pool,US-CENT-SWPP,611.0,681.0,,18.0,,False,
2025-09-02T00:00:00.000Z,USA,Southwest Power Pool,US-CENT-SWPP,590.0,659.0,,20.0,,False,
2025-09-02T01:00:00.000Z,USA,Southwest Power Pool,US-CENT-SWPP,590.0,657.0,,20.0,,False,
2025-09-02T02:00:00.000Z,USA,Southwest Power Pool,US-CENT-SWPP,595.0,662.0,,20.0,,False,
2025-09-02T03:00:00.000Z,USA,Southwest Power Pool,US-CENT-SWPP,586.0,653.0,,20.0,,False,
2025-09-02T04:00:00.000Z,USA,Southwest Power Pool,US-CENT-SWPP,605.0,672.0,,19.0,,False,
2025-09-02T05:00:00.000Z,USA,Southwest Power Pool,US-CENT-SWPP,638.0,707.0,,15.0,,False,
2025-09-02T06:00:00.000Z,USA,Southwest Power Pool,US-CENT-SWPP,655.0,726.0,,12.0,,False,
2025-09-02T07:00:00.000Z,USA,Southwest Power Pool,US-CENT-SWPP,663.0,734.0,,11.0,,False,
2025-09-02T08:00:00.000Z,USA,Southwest Power Pool,US-CENT-SWPP,659.0,731.0,,11.0,,False,
2025-09-02T09:00:00.000Z,USA,Southwest Power Pool,US-CENT-SWPP,640.0,710.0,,13.0,,False,
2025-09-02T10:00:00.000Z,USA,Southwest Power Pool,US-CENT-SWPP,622.0,691.0,,15.0,,False,
2025-09-02T11:00:00.000Z,USA,Southwest Power Pool,US-CENT-SWPP,610.0,678.0,,18.0,,False,
2025-09-02T12:00:00.000Z,USA,Southwest Power Pool,US-CENT-SWPP,591.0,657.0,,20.0,,False,
2025-09-02T13:00:00.000Z,USA,Southwest Power Pool,US-CENT-SWPP,583.0,650.0,,21.0,,False,
2025-09-02T14:00:00.000Z,USA,Southwest Power Pool,US-CENT-SWPP,590.0,658.0,,20.0,,False,
2025-09-02T15:00:00.000Z,USA,Southwest Power Pool,US-CENT-SWPP,588.0,655.0,,20.0,,False,
2025-09-02T16:00:00.000Z,USA,Southwest Power Pool,US-CENT-SWPP,580.0,646.0,,22.0,,False,
2025-09-02T17:00:00.000Z,USA,Southwest Power Pool,US-CENT-SWPP,581.0,648.0,,21.0,,False,
2025-09-02T18:00:00.000Z,USA,Southwest Power Pool,US-CENT-SWPP,581.0,649.0,,21.0,,False,
2025-09-02T19:00:00.000Z,USA,Southwest Power Pool,US-CENT-SWPP,589.0,658.0,,20.0,,False,
2025-09-02T20:00:00.000Z,USA,Southwest Power Pool,US-CENT-SWPP,588.0,658.0,,20.0,,False,
2025-09-02T21:00:00.000Z,USA,Southwest Power Pool,US-CENT-SWPP,584.0,654.0,,20.0,,False,
2025-09-02T22:00:00.000Z,USA,Southwest Power Pool,US-CENT-SWPP,587.0,657.0,,20.0,,False,
2025-09-02T23:00:00.000Z,USA,Southwest Power Pool,US-CENT-SWPP,597.0,668.0,,18.0,,False,
2025-09-03T00:00:00.000Z,USA,Southwest Power Pool,US-CENT-SWPP,619.0,692.0,,15.0,,False,
2025-09-03T01:00:00.000Z,USA,Southwest Power Pool,US-CENT-SWPP,620.0,692.0,,15.0,,False,
2025-09-03T02:00:00.000Z,USA,Southwest Power Pool,US-CENT-SWPP,626.0,698.0,,15.0,,False,
2025-09-03T03:00:00.000Z,USA,Southwest Power Pool,US-CENT-SWPP,628.0,697.0,,16.0,,False,
2025-09-03T04:00:00.000Z,USA,Southwest Power Pool,US-CENT-SWPP,618.0,685.0,,18.0,,False,
2025-09-03T05:00:00.000Z,USA,Southwest Power Pool,US-CENT-SWPP,624.0,690.0,,18.0,,False,
2025-09-03T06:00:00.000Z,USA,Southwest Power Pool,US-CENT-SWPP,626.0,693.0,,17.0,,False,
2025-09-03T07:00:00.000Z,USA,Southwest Power Pool,US-CENT-SWPP,622.0,688.0,,17.0,,False,
2025-09-03T08:00:00.000Z,USA,Southwest Power Pool,US-CENT-SWPP,610.0,676.0,,18.0,,False,
2025-09-03T09:00:00.000Z,USA,Southwest Power Pool,US-CENT-SWPP,581.0,645.0,,21.0,,False,
2025-09-03T10:00:00.000Z,USA,Southwest Power Pool,US-CENT-SWPP,563.0,626.0,,24.0,,False,
2025-09-03T11:00:00.000Z,USA,Southwest Power Pool,US-CENT-SWPP,562.0,624.0,,25.0,,False,
2025-09-03T12:00:00.000Z,USA,Southwest Power Pool,US-CENT-SWPP,542.0,602.0,,27.0,,False,
2025-09-03T13:00:00.000Z,USA,Southwest Power Pool,US-CENT-SWPP,520.0,581.0,,28.0,,False,
2025-09-03T14:00:00.000Z,USA,Southwest Power Pool,US-CENT-SWPP,549.0,616.0,,23.0,,False,
2025-09-03T15:00:00.000Z,USA,Southwest Power Pool,US-CENT-SWPP,554.0,620.0,,23.0,,False,
2025-09-03T16:00:00.000Z,USA,Southwest Power Pool,US-CENT-SWPP,547.0,613.0,,24.0,,False,
2025-09-03T17:00:00.000Z,USA,Southwest Power Pool,US-CENT-SWPP,563.0,632.0,,22.0,,False,
2025-09-03T18:00:00.000Z,USA,Southwest Power Pool,US-CENT-SWPP,570.0,641.0,,20.0,,False,
2025-09-03T19:00:00.000Z,USA,Southwest Power Pool,US-CENT-SWPP,565.0,638.0,,19.0,,False,
2025-09-03T20:00:00.000Z,USA,Southwest Power Pool,US-CENT-SWPP,539.0,611.0,,21.0,,False,
2025-09-03T21:00:00.000Z,USA,Southwest Power Pool,US-CENT-SWPP,514.0,585.0,,24.0,,False,
2025-09-03T22:00:00.000Z,USA,Southwest Power Pool,US-CENT-SWPP,500.0,570.0,,26.0,,False,
2025-09-03T23:00:00.000Z,USA,Southwest Power Pool,US-CENT-SWPP,506.0,573.0,,27.0,,False,
2025-09-04T00:00:00.000Z,USA,Southwest Power Pool,US-CENT-SWPP,495.0,557.0,,31.0,,False,
2025-09-04T01:00:00.000Z,USA,Southwest Power Pool,US-CENT-SWPP,450.0,505.0,,38.0,,False,
2025-09-04T02:00:00.000Z,USA,Southwest Power Pool,US-CENT-SWPP,410.0,460.0,,43.0,,False,
2025-09-04T03:00:00.000Z,USA,Southwest Power Pool,US-CENT-SWPP,393.0,442.0,,45.0,,False,
2025-09-04T04:00:00.000Z,USA,Southwest Power Pool,US-CENT-SWPP,402.0,450.0,,45.0,,False,
2025-09-04T05:00:00.000Z,USA,Southwest Power Pool,US-CENT-SWPP,417.0,466.0,,43.0,,False,
2025-09-04T06:00:00.000Z,USA,Southwest Power Pool,US-CENT-SWPP,425.0,474.0,,42.0,,False,
2025-09-04T07:00:00.000Z,USA,Southwest Power Pool,US-CENT-SWPP,426.0,475.0,,41.0,,False,
2025-09-04T08:00:00.000Z,USA,Southwest Power Pool,US-CENT-SWPP,448.0,499.0,,38.0,,False,
2025-09-04T09:00:00.000Z,USA,Southwest Power Pool,US-CENT-SWPP,452.0,502.0,,39.0,,False,
2025-09-04T10:00:00.000Z,USA,Southwest Power Pool,US-CENT-SWPP,443.0,494.0,,39.0,,False,
2025-09-04T11:00:00.000Z,USA,Southwest Power Pool,US-CENT-SWPP,446.0,498.0,,39.0,,False,
2025-09-04T12:00:00.000Z,USA,Southwest Power Pool,US-CENT-SWPP,461.0,514.0,,37.0,,False,
2025-09-04T13:00:00.000Z,USA,Southwest Power Pool,US-CENT-SWPP,476.0,533.0,,34.0,,False,
2025-09-04T14:00:00.000Z,USA,Southwest Power Pool,US-CENT-SWPP,521.0,584.0,,27.0,,False,
2025-09-04T15:00:00.000Z,USA,Southwest Power Pool,US-CENT-SWPP,551.0,616.0,,24.0,,False,
2025-09-04T16:00:00.000Z,USA,Southwest Power Pool,US-CENT-SWPP,557.0,624.0,,23.0,,False,
2025-09-04T17:00:00.000Z,USA,Southwest Power Pool,US-CENT-SWPP,551.0,618.0,,23.0,,False,
2025-09-04T18:00:00.000Z,USA,Southwest Power Pool,US-CENT-SWPP,535.0,603.0,,23.0,,False,
2025-09-04T19:00:00.000Z,USA,Southwest Power Pool,US-CENT-SWPP,522.0,591.0,,25.0,,False,
2025-09-04T20:00:00.000Z,USA,Southwest Power Pool,US-CENT-SWPP,508.0,576.0,,26.0,,False,
2025-09-04T21:00:00.000Z,USA,Southwest Power Pool,US-CENT-SWPP,498.0,564.0,,28.0,,False,
2025-09-04T22:00:00.000Z,USA,Southwest Power Pool,US-CENT-SWPP,493.0,558.0,,29.0,,False,
2025-09-04T23:00:00.000Z,USA,Southwest Power Pool,US-CENT-SWPP,508.0,575.0,,27.0,,False,
2025-09-05T00:00:00.000Z,USA,Southwest Power Pool,US-CENT-SWPP,507.0,572.0,,27.0,,False,
2025-09-05T01:00:00.000Z,USA,Southwest Power Pool,US-CENT-SWPP,482.0,544.0,,31.0,,False,
2025-09-05T02:00:00.000Z,USA,Southwest Power Pool,US-CENT-SWPP,454.0,511.0,,36.0,,False,
2025-09-05T03:00:00.000Z,USA,Southwest Power Pool,US-CENT-SWPP,440.0,494.0,,39.0,,False,
2025-09-05T04:00:00.000Z,USA,Southwest Power Pool,US-CENT-SWPP,432.0,485.0,,39.0,,False,
2025-09-05T05:00:00.000Z,USA,Southwest Power Pool,US-CENT-SWPP,394.0,444.0,,43.0,,False,
2025-09-05T06:00:00.000Z,USA,Southwest Power Pool,US-CENT-SWPP,377.0,425.0,,46.0,,False,
2025-09-05T07:00:00.000Z,USA,Southwest Power Pool,US-CENT-SWPP,348.0,393.0,,49.0,,False,
2025-09-05T08:00:00.000Z,USA,Southwest Power Pool,US-CENT-SWPP,343.0,387.0,,50.0,,False,
2025-09-05T09:00:00.000Z,USA,Southwest Power Pool,US-CENT-SWPP,337.0,380.0,,51.0,,False,
2025-09-05T10:00:00.000Z,USA,Southwest Power Pool,US-CENT-SWPP,317.0,358.0,,54.0,,False,
2025-09-05T11:00:00.000Z,USA,Southwest Power Pool,US-CENT-SWPP,321.0,362.0,,54.0,,False,
2025-09-05T12:00:00.000Z,USA,Southwest Power Pool,US-CENT-SWPP,324.0,366.0,,53.0,,False,
2025-09-05T13:00:00.000Z,USA,Southwest Power Pool,US-CENT-SWPP,337.0,380.0,,52.0,,False,
2025-09-05T14:00:00.000Z,USA,Southwest Power Pool,US-CENT-SWPP,351.0,396.0,,50.0,,False,
2025-09-05T15:00:00.000Z,USA,Southwest Power Pool,US-CENT-SWPP,343.0,388.0,,50.0,,False,
2025-09-05T16:00:00.000Z,USA,Southwest Power Pool,US-CENT-SWPP,374.0,420.0,,48.0,,False,
2025-09-05T17:00:00.000Z,USA,Southwest Power Pool,US-CENT-SWPP,375.0,422.0,,47.0,,False,
2025-09-05T18:00:00.000Z,USA,Southwest Power Pool,US-CENT-SWPP,368.0,414.0,,48.0,,False,
2025-09-05T19:00:00.000Z,USA,Southwest Power Pool,US-CENT-SWPP,396.0,443.0,,45.0,,False,
2025-09-05T20:00:00.000Z,USA,Southwest Power Pool,US-CENT-SWPP,385.0,431.0,,47.0,,False,
2025-09-05T21:00:00.000Z,USA,Southwest Power Pool,US-CENT-SWPP,381.0,429.0,,46.0,,False,
2025-09-05T22:00:00.000Z,USA,Southwest Power Pool,US-CENT-SWPP,408.0,458.0,,43.0,,False,
2025-09-05T23:00:00.000Z,USA,Southwest Power Pool,US-CENT-SWPP,451.0,504.0,,39.0,,False,
2025-09-06T00:00:00.000Z,USA,Southwest Power Pool,US-CENT-SWPP,495.0,553.0,,33.0,,False,
2025-09-06T01:00:00.000Z,USA,Southwest Power Pool,US-CENT-SWPP,528.0,587.0,,29.0,,False,
2025-09-06T02:00:00.000Z,USA,Southwest Power Pool,US-CENT-SWPP,526.0,584.0,,30.0,,False,
2025-09-06T03:00:00.000Z,USA,Southwest Power Pool,US-CENT-SWPP,541.0,601.0,,27.0,,False,
2025-09-06T04:00:00.000Z,USA,Southwest Power Pool,US-CENT-SWPP,564.0,627.0,,23.0,,False,
2025-09-06T05:00:00.000Z,USA,Southwest Power Pool,US-CENT-SWPP,589.0,654.0,,20.0,,False,
2025-09-06T06:00:00.000Z,USA,Southwest Power Pool,US-CENT-SWPP,589.0,654.0,,20.0,,False,
2025-09-06T07:00:00.000Z,USA,Southwest Power Pool,US-CENT-SWPP,591.0,656.0,,19.0,,False,
2025-09-06T08:00:00.000Z,USA,Southwest Power Pool,US-CENT-SWPP,603.0,670.0,,17.0,,False,
2025-09-06T09:00:00.000Z,USA,Southwest Power Pool,US-CENT-SWPP,607.0,674.0,,17.0,,False,
2025-09-06T10:00:00.000Z,USA,Southwest Power Pool,US-CENT-SWPP,619.0,688.0,,15.0,,False,
2025-09-06T11:00:00.000Z,USA,Southwest Power Pool,US-CENT-SWPP,616.0,684.0,,16.0,,False,
2025-09-06T12:00:00.000Z,USA,Southwest Power Pool,US-CENT-SWPP,623.0,693.0,,15.0,,False,
2025-09-06T13:00:00.000Z,USA,Southwest Power Pool,US-CENT-SWPP,636.0,708.0,,13.0,,False,
2025-09-06T14:00:00.000Z,USA,Southwest Power Pool,US-CENT-SWPP,656.0,732.0,,10.0,,False,
2025-09-06T15:00:00.000Z,USA,Southwest Power Pool,US-CENT-SWPP,661.0,736.0,,9.0,,False,
2025-09-06T16:00:00.000Z,USA,Southwest Power Pool,US-CENT-SWPP,664.0,739.0,,10.0,,False,
2025-09-06T17:00:00.000Z,USA,Southwest Power Pool,US-CENT-SWPP,659.0,733.0,,11.0,,False,
2025-09-06T18:00:00.000Z,USA,Southwest Power Pool,US-CENT-SWPP,658.0,732.0,,11.0,,False,
2025-09-06T19:00:00.000Z,USA,Southwest Power Pool,US-CENT-SWPP,656.0,731.0,,11.0,,False,
2025-09-06T20:00:00.000Z,USA,Southwest Power Pool,US-CENT-SWPP,655.0,730.0,,11.0,,False,
2025-09-06T21:00:00.000Z,USA,Southwest Power Pool,US-CENT-SWPP,652.0,728.0,,11.0,,False,
2025-09-06T22:00:00.000Z,USA,Southwest Power Pool,US-CENT-SWPP,653.0,729.0,,11.0,,False,
2025-09-06T23:00:00.000Z,USA,Southwest Power Pool,US-CENT-SWPP,657.0,734.0,,10.0,,False,
2025-09-07T00:00:00.000Z,USA,Southwest Power Pool,US-CENT-SWPP,663.0,739.0,,9.0,,False,
2025-09-07T01:00:00.000Z,USA,Southwest Power Pool,US-CENT-SWPP,641.0,715.0,,13.0,,False,
2025-09-07T02:00:00.000Z,USA,Southwest Power Pool,US-CENT-SWPP,597.0,666.0,,18.0,,False,
2025-09-07T03:00:00.000Z,USA,Southwest Power Pool,US-CENT-SWPP,564.0,628.0,,23.0,,False,
2025-09-07T04:00:00.000Z,USA,Southwest Power Pool,US-CENT-SWPP,527.0,587.0,,28.0,,False,
2025-09-07T05:00:00.000Z,USA,Southwest Power Pool,US-CENT-SWPP,508.0,565.0,,31.0,,False,
2025-09-07T06:00:00.000Z,USA,Southwest Power Pool,US-CENT-SWPP,491.0,548.0,,32.0,,False,
2025-09-07T07:00:00.000Z,USA,Southwest Power Pool,US-CENT-SWPP,469.0,525.0,,34.0,,False,
2025-09-07T08:00:00.000Z,USA,Southwest Power Pool,US-CENT-SWPP,451.0,506.0,,36.0,,False,
2025-09-07T09:00:00.000Z,USA,Southwest Power Pool,US-CENT-SWPP,458.0,514.0,,35.0,,False,
2025-09-07T10:00:00.000Z,USA,Southwest Power Pool,US-CENT-SWPP,466.0,522.0,,34.0,,False,
2025-09-07T11:00:00.000Z,USA,Southwest Power Pool,US-CENT-SWPP,443.0,497.0,,36.0,,False,
2025-09-07T12:00:00.000Z,USA,Southwest Power Pool,US-CENT-SWPP,427.0,481.0,,38.0,,False,
2025-09-07T13:00:00.000Z,USA,Southwest Power Pool,US-CENT-SWPP,433.0,489.0,,37.0,,False,
2025-09-07T14:00:00.000Z,USA,Southwest Power Pool,US-CENT-SWPP,494.0,556.0,,29.0,,False,
2025-09-07T15:00:00.000Z,USA,Southwest Power Pool,US-CENT-SWPP,495.0,555.0,,30.0,,False,
2025-09-07T16:00:00.000Z,USA,Southwest Power Pool,US-CENT-SWPP,490.0,550.0,,31.0,,False,
2025-09-07T17:00:00.000Z,USA,Southwest Power Pool,US-CENT-SWPP,504.0,565.0,,29.0,,False,
2025-09-07T18:00:00.000Z,USA,Southwest Power Pool,US-CENT-SWPP,507.0,568.0,,29.0,,False,
2025-09-07T19:00:00.000Z,USA,Southwest Power Pool,US-CENT-SWPP,500.0,560.0,,31.0,,False,
2025-09-07T20:00:00.000Z,USA,Southwest Power Pool,US-CENT-SWPP,498.0,558.0,,31.0,,False,
2025-09-07T21:00:00.000Z,USA,Southwest Power Pool,US-CENT-SWPP,490.0,550.0,,32.0,,False,
2025-09-07T22:00:00.000Z,USA,Southwest Power Pool,US-CENT-SWPP,483.0,542.0,,33.0,,False,
2025-09-07T23:00:00.000Z,USA,Southwest Power Pool,US-CENT-SWPP,466.0,523.0,,35.0,,False,
2025-09-08T00:00:00.000Z,USA,Southwest Power Pool,US-CENT-SWPP,441.0,495.0,,39.0,,False,
2025-09-08T01:00:00.000Z,USA,Southwest Power Pool,US-CENT-SWPP,368.0,413.0,,49.0,,False,
2025-09-08T02:00:00.000Z,USA,Southwest Power Pool,US-CENT-SWPP,323.0,364.0,,54.0,,False,
2025-09-08T03:00:00.000Z,USA,Southwest Power Pool,US-CENT-SWPP,299.0,338.0,,57.0,,False,
2025-09-08T04:00:00.000Z,USA,Southwest Power Pool,US-CENT-SWPP,284.0,322.0,,58.0,,False,
2025-09-08T05:00:00.000Z,USA,Southwest Power Pool,US-CENT-SWPP,268.0,305.0,,60.0,,False,
2025-09-08T06:00:00.000Z,USA,Southwest Power Pool,US-CENT-SWPP,266.0,302.0,,60.0,,False,
2025-09-08T07:00:00.000Z,USA,Southwest Power Pool,US-CENT-SWPP,276.0,312.0,,59.0,,False,
2025-09-08T08:00:00.000Z,USA,Southwest Power Pool,US-CENT-SWPP,273.0,309.0,,59.0,,False,
2025-09-08T09:00:00.000Z,USA,Southwest Power Pool,US-CENT-SWPP,267.0,303.0,,60.0,,False,
2025-09-08T10:00:00.000Z,USA,Southwest Power Pool,US-CENT-SWPP,266.0,301.0,,60.0,,False,
2025-09-08T11:00:00.000Z,USA,Southwest Power Pool,US-CENT-SWPP,269.0,306.0,,60.0,,False,
2025-09-08T12:00:00.000Z,USA,Southwest Power Pool,US-CENT-SWPP,281.0,319.0,,59.0,,False,
2025-09-08T13:00:00.000Z,USA,Southwest Power Pool,US-CENT-SWPP,283.0,321.0,,58.0,,False,
2025-09-08T14:00:00.000Z,USA,Southwest Power Pool,US-CENT-SWPP,284.0,323.0,,58.0,,False,
2025-09-08T15:00:00.000Z,USA,Southwest Power Pool,US-CENT-SWPP,284.0,325.0,,57.0,,False,
2025-09-08T16:00:00.000Z,USA,Southwest Power Pool,US-CENT-SWPP,286.0,328.0,,56.0,,False,
2025-09-08T17:00:00.000Z,USA,Southwest Power Pool,US-CENT-SWPP,289.0,332.0,,56.0,,False,
2025-09-08T18:00:00.000Z,USA,Southwest Power Pool,US-CENT-SWPP,300.0,345.0,,53.0,,False,
2025-09-08T19:00:00.000Z,USA,Southwest Power Pool,US-CENT-SWPP,310.0,357.0,,52.0,,False,
2025-09-08T20:00:00.000Z,USA,Southwest Power Pool,US-CENT-SWPP,318.0,366.0,,51.0,,False,
2025-09-08T21:00:00.000Z,USA,Southwest Power Pool,US-CENT-SWPP,328.0,377.0,,50.0,,False,
2025-09-08T22:00:00.000Z,USA,Southwest Power Pool,US-CENT-SWPP,332.0,381.0,,50.0,,False,
2025-09-08T23:00:00.000Z,USA,Southwest Power Pool,US-CENT-SWPP,343.0,392.0,,49.0,,False,
2025-09-09T00:00:00.000Z,USA,Southwest Power Pool,US-CENT-SWPP,338.0,386.0,,50.0,,False,
2025-09-09T01:00:00.000Z,USA,Southwest Power Pool,US-CENT-SWPP,329.0,374.0,,52.0,,False,
2025-09-09T02:00:00.000Z,USA,Southwest Power Pool,US-CENT-SWPP,332.0,374.0,,53.0,,False,
2025-09-09T03:00:00.000Z,USA,Southwest Power Pool,US-CENT-SWPP,315.0,356.0,,54.0,,False,
2025-09-09T04:00:00.000Z,USA,Southwest Power Pool,US-CENT-SWPP,290.0,329.0,,57.0,,False,
2025-09-09T05:00:00.000Z,USA,Southwest Power Pool,US-CENT-SWPP,299.0,337.0,,57.0,,False,
2025-09-09T06:00:00.000Z,USA,Southwest Power Pool,US-CENT-SWPP,302.0,339.0,,57.0,,False,
2025-09-09T07:00:00.000Z,USA,Southwest Power Pool,US-CENT-SWPP,291.0,328.0,,58.0,,False,
2025-09-09T08:00:00.000Z,USA,Southwest Power Pool,US-CENT-SWPP,291.0,328.0,,58.0,,False,
2025-09-09T09:00:00.000Z,USA,Southwest Power Pool,US-CENT-SWPP,297.0,334.0,,57.0,,False,
2025-09-09T10:00:00.000Z,USA,Southwest Power Pool,US-CENT-SWPP,309.0,347.0,,56.0,,False,
2025-09-09T11:00:00.000Z,USA,Southwest Power Pool,US-CENT-SWPP,306.0,345.0,,56.0,,False,
2025-09-09T12:00:00.000Z,USA,Southwest Power Pool,US-CENT-SWPP,327.0,368.0,,53.0,,False,
2025-09-09T13:00:00.000Z,USA,Southwest Power Pool,US-CENT-SWPP,342.0,385.0,,51.0,,False,
2025-09-09T14:00:00.000Z,USA,Southwest Power Pool,US-CENT-SWPP,354.0,402.0,,48.0,,False,
2025-09-09T15:00:00.000Z,USA,Southwest Power Pool,US-CENT-SWPP,374.0,424.0,,45.0,,False,
2025-09-09T16:00:00.000Z,USA,Southwest Power Pool,US-CENT-SWPP,414.0,470.0,,40.0,,False,
2025-09-09T17:00:00.000Z,USA,Southwest Power Pool,US-CENT-SWPP,471.0,534.0,,31.0,,False,
2025-09-09T18:00:00.000Z,USA,Southwest Power Pool,US-CENT-SWPP,520.0,588.0,,25.0,,False,
2025-09-09T19:00:00.000Z,USA,Southwest Power Pool,US-CENT-SWPP,534.0,603.0,,24.0,,False,
2025-09-09T20:00:00.000Z,USA,Southwest Power Pool,US-CENT-SWPP,529.0,596.0,,25.0,,False,
2025-09-09T21:00:00.000Z,USA,Southwest Power Pool,US-CENT-SWPP,512.0,578.0,,27.0,,False,
2025-09-09T22:00:00.000Z,USA,Southwest Power Pool,US-CENT-SWPP,494.0,558.0,,30.0,,False,
2025-09-09T23:00:00.000Z,USA,Southwest Power Pool,US-CENT-SWPP,469.0,530.0,,33.0,,False,
2025-09-10T00:00:00.000Z,USA,Southwest Power Pool,US-CENT-SWPP,456.0,514.0,,36.0,,False,
2025-09-10T01:00:00.000Z,USA,Southwest Power Pool,US-CENT-SWPP,396.0,447.0,,44.0,,False,
2025-09-10T02:00:00.000Z,USA,Southwest Power Pool,US-CENT-SWPP,363.0,411.0,,48.0,,False,
2025-09-10T03:00:00.000Z,USA,Southwest Power Pool,US-CENT-SWPP,347.0,391.0,,50.0,,False,
2025-09-10T04:00:00.000Z,USA,Southwest Power Pool,US-CENT-SWPP,316.0,358.0,,54.0,,False,
2025-09-10T05:00:00.000Z,USA,Southwest Power Pool,US-CENT-SWPP,306.0,347.0,,55.0,,False,
2025-09-10T06:00:00.000Z,USA,Southwest Power Pool,US-CENT-SWPP,316.0,358.0,,54.0,,False,
2025-09-10T07:00:00.000Z,USA,Southwest Power Pool,US-CENT-SWPP,310.0,351.0,,54.0,,False,
2025-09-10T08:00:00.000Z,USA,Southwest Power Pool,US-CENT-SWPP,314.0,356.0,,53.0,,False,
2025-09-10T09:00:00.000Z,USA,Southwest Power Pool,US-CENT-SWPP,335.0,378.0,,51.0,,False,
2025-09-10T10:00:00.000Z,USA,Southwest Power Pool,US-CENT-SWPP,380.0,430.0,,44.0,,False,
2025-09-10T11:00:00.000Z,USA,Southwest Power Pool,US-CENT-SWPP,447.0,503.0,,36.0,,False,
2025-09-10T12:00:00.000Z,USA,Southwest Power Pool,US-CENT-SWPP,486.0,547.0,,31.0,,False,
2025-09-10T13:00:00.000Z,USA,Southwest Power Pool,US-CENT-SWPP,501.0,564.0,,28.0,,False,
2025-09-10T14:00:00.000Z,USA,Southwest Power Pool,US-CENT-SWPP,512.0,579.0,,26.0,,False,
2025-09-10T15:00:00.000Z,USA,Southwest Power Pool,US-CENT-SWPP,504.0,570.0,,27.0,,False,
2025-09-10T16:00:00.000Z,USA,Southwest Power Pool,US-CENT-SWPP,511.0,577.0,,27.0,,False,
2025-09-10T17:00:00.000Z,USA,Southwest Power Pool,US-CENT-SWPP,499.0,564.0,,29.0,,False,
2025-09-10T18:00:00.000Z,USA,Southwest Power Pool,US-CENT-SWPP,511.0,579.0,,26.0,,False,
2025-09-10T19:00:00.000Z,USA,Southwest Power Pool,US-CENT-SWPP,533.0,603.0,,23.0,,False,
2025-09-10T20:00:00.000Z,USA,Southwest Power Pool,US-CENT-SWPP,525.0,594.0,,24.0,,False,
2025-09-10T21:00:00.000Z,USA,Southwest Power Pool,US-CENT-SWPP,506.0,573.0,,27.0,,False,
2025-09-10T22:00:00.000Z,USA,Southwest Power Pool,US-CENT-SWPP,484.0,548.0,,31.0,,False,
2025-09-10T23:00:00.000Z,USA,Southwest Power Pool,US-CENT-SWPP,469.0,530.0,,33.0,,False,
2025-09-11T00:00:00.000Z,USA,Southwest Power Pool,US-CENT-SWPP,453.0,511.0,,36.0,,False,
2025-09-11T01:00:00.000Z,USA,Southwest Power Pool,US-CENT-SWPP,391.0,442.0,,44.0,,False,
2025-09-11T02:00:00.000Z,USA,Southwest Power Pool,US-CENT-SWPP,352.0,399.0,,49.0,,False,
2025-09-11T03:00:00.000Z,USA,Southwest Power Pool,US-CENT-SWPP,334.0,379.0,,51.0,,False,
2025-09-11T04:00:00.000Z,USA,Southwest Power Pool,US-CENT-SWPP,318.0,361.0,,53.0,,False,
2025-09-11T05:00:00.000Z,USA,Southwest Power Pool,US-CENT-SWPP,298.0,339.0,,56.0,,False,
2025-09-11T06:00:00.000Z,USA,Southwest Power Pool,US-CENT-SWPP,289.0,328.0,,57.0,,False,
2025-09-11T07:00:00.000Z,USA,Southwest Power Pool,US-CENT-SWPP,286.0,325.0,,57.0,,False,
2025-09-11T08:00:00.000Z,USA,Southwest Power Pool,US-CENT-SWPP,289.0,328.0,,57.0,,False,
2025-09-11T09:00:00.000Z,USA,Southwest Power Pool,US-CENT-SWPP,298.0,337.0,,56.0,,False,
2025-09-11T10:00:00.000Z,USA,Southwest Power Pool,US-CENT-SWPP,306.0,346.0,,55.0,,False,
2025-09-11T11:00:00.000Z,USA,Southwest Power Pool,US-CENT-SWPP,306.0,346.0,,56.0,,False,
2025-09-11T12:00:00.000Z,USA,Southwest Power Pool,US-CENT-SWPP,311.0,353.0,,55.0,,False,
2025-09-11T13:00:00.000Z,USA,Southwest Power Pool,US-CENT-SWPP,333.0,378.0,,51.0,,False,
2025-09-11T14:00:00.000Z,USA,Southwest Power Pool,US-CENT-SWPP,437.0,495.0,,37.0,,False,
2025-09-11T15:00:00.000Z,USA,Southwest Power Pool,US-CENT-SWPP,479.0,541.0,,31.0,,False,
2025-09-11T16:00:00.000Z,USA,Southwest Power Pool,US-CENT-SWPP,485.0,547.0,,31.0,,False,
2025-09-11T17:00:00.000Z,USA,Southwest Power Pool,US-CENT-SWPP,465.0,526.0,,34.0,,False,
2025-09-11T18:00:00.000Z,USA,Southwest Power Pool,US-CENT-SWPP,446.0,505.0,,37.0,,False,
2025-09-11T19:00:00.000Z,USA,Southwest Power Pool,US-CENT-SWPP,419.0,475.0,,40.0,,False,
2025-09-11T20:00:00.000Z,USA,Southwest Power Pool,US-CENT-SWPP,397.0,452.0,,43.0,,False,
2025-09-11T21:00:00.000Z,USA,Southwest Power Pool,US-CENT-SWPP,389.0,443.0,,44.0,,False,
2025-09-11T22:00:00.000Z,USA,Southwest Power Pool,US-CENT-SWPP,372.0,424.0,,46.0,,False,
2025-09-11T23:00:00.000Z,USA,Southwest Power Pool,US-CENT-SWPP,374.0,426.0,,46.0,,False,
2025-09-12T00:00:00.000Z,USA,Southwest Power Pool,US-CENT-SWPP,371.0,421.0,,47.0,,False,
2025-09-12T01:00:00.000Z,USA,Southwest Power Pool,US-CENT-SWPP,355.0,402.0,,49.0,,False,
2025-09-12T02:00:00.000Z,USA,Southwest Power Pool,US-CENT-SWPP,328.0,372.0,,53.0,,False,
2025-09-12T03:00:00.000Z,USA,Southwest Power Pool,US-CENT-SWPP,303.0,345.0,,55.0,,False,
2025-09-12T04:00:00.000Z,USA,Southwest Power Pool,US-CENT-SWPP,281.0,321.0,,58.0,,False,
2025-09-12T05:00:00.000Z,USA,Southwest Power Pool,US-CENT-SWPP,275.0,315.0,,58.0,,False,
2025-09-12T06:00:00.000Z,USA,Southwest Power Pool,US-CENT-SWPP,267.0,306.0,,59.0,,False,
2025-09-12T07:00:00.000Z,USA,Southwest Power Pool,US-CENT-SWPP,265.0,303.0,,59.0,,False,
2025-09-12T08:00:00.000Z,USA,Southwest Power Pool,US-CENT-SWPP,268.0,306.0,,59.0,,False,
2025-09-12T09:00:00.000Z,USA,Southwest Power Pool,US-CENT-SWPP,267.0,305.0,,59.0,,False,
2025-09-12T10:00:00.000Z,USA,Southwest Power Pool,US-CENT-SWPP,266.0,304.0,,59.0,,False,
2025-09-12T11:00:00.000Z,USA,Southwest Power Pool,US-CENT-SWPP,267.0,306.0,,59.0,,False,
2025-09-12T12:00:00.000Z,USA,Southwest Power Pool,US-CENT-SWPP,276.0,318.0,,57.0,,False,
2025-09-12T13:00:00.000Z,USA,Southwest Power Pool,US-CENT-SWPP,289.0,334.0,,54.0,,False,
2025-09-12T14:00:00.000Z,USA,Southwest Power Pool,US-CENT-SWPP,360.0,415.0,,44.0,,False,
2025-09-12T15:00:00.000Z,USA,Southwest Power Pool,US-CENT-SWPP,404.0,462.0,,39.0,,False,
2025-09-12T16:00:00.000Z,USA,Southwest Power Pool,US-CENT-SWPP,419.0,478.0,,38.0,,False,
2025-09-12T17:00:00.000Z,USA,Southwest Power Pool,US-CENT-SWPP,442.0,503.0,,35.0,,False,
2025-09-12T18:00:00.000Z,USA,Southwest Power Pool,US-CENT-SWPP,441.0,503.0,,35.0,,False,
2025-09-12T19:00:00.000Z,USA,Southwest Power Pool,US-CENT-SWPP,432.0,494.0,,35.0,,False,
2025-09-12T20:00:00.000Z,USA,Southwest Power Pool,US-CENT-SWPP,423.0,484.0,,37.0,,False,
2025-09-12T21:00:00.000Z,USA,Southwest Power Pool,US-CENT-SWPP,411.0,471.0,,38.0,,False,
2025-09-12T22:00:00.000Z,USA,Southwest Power Pool,US-CENT-SWPP,407.0,466.0,,40.0,,False,
2025-09-12T23:00:00.000Z,USA,Southwest Power Pool,US-CENT-SWPP,410.0,467.0,,40.0,,False,
2025-09-13T00:00:00.000Z,USA,Southwest Power Pool,US-CENT-SWPP,391.0,445.0,,43.0,,False,
2025-09-13T01:00:00.000Z,USA,Southwest Power Pool,US-CENT-SWPP,339.0,386.0,,50.0,,False,
2025-09-13T02:00:00.000Z,USA,Southwest Power Pool,US-CENT-SWPP,299.0,343.0,,55.0,,False,
2025-09-13T03:00:00.000Z,USA,Southwest Power Pool,US-CENT-SWPP,280.0,323.0,,57.0,,False,
2025-09-13T04:00:00.000Z,USA,Southwest Power Pool,US-CENT-SWPP,271.0,312.0,,58.0,,False,
2025-09-13T05:00:00.000Z,USA,Southwest Power Pool,US-CENT-SWPP,262.0,302.0,,59.0,,False,
2025-09-13T06:00:00.000Z,USA,Southwest Power Pool,US-CENT-SWPP,252.0,291.0,,60.0,,False,
2025-09-13T07:00:00.000Z,USA,Southwest Power Pool,US-CENT-SWPP,250.0,288.0,,61.0,,False,
2025-09-13T08:00:00.000Z,USA,Southwest Power Pool,US-CENT-SWPP,258.0,298.0,,59.0,,False,
2025-09-13T09:00:00.000Z,USA,Southwest Power Pool,US-CENT-SWPP,264.0,304.0,,58.0,,False,
2025-09-13T10:00:00.000Z,USA,Southwest Power Pool,US-CENT-SWPP,265.0,306.0,,58.0,,False,
2025-09-13T11:00:00.000Z,USA,Southwest Power Pool,US-CENT-SWPP,276.0,319.0,,56.0,,False,
2025-09-13T12:00:00.000Z,USA,Southwest Power Pool,US-CENT-SWPP,282.0,327.0,,55.0,,False,
2025-09-13T13:00:00.000Z,USA,Southwest Power Pool,US-CENT-SWPP,302.0,349.0,,52.0,,False,
2025-09-13T14:00:00.000Z,USA,Southwest Power Pool,US-CENT-SWPP,390.0,447.0,,40.0,,False,
2025-09-13T15:00:00.000Z,USA,Southwest Power Pool,US-CENT-SWPP,427.0,485.0,,37.0,,False,
2025-09-13T16:00:00.000Z,USA,Southwest Power Pool,US-CENT-SWPP,434.0,492.0,,37.0,,False,
2025-09-13T17:00:00.000Z,USA,Southwest Power Pool,US-CENT-SWPP,437.0,496.0,,37.0,,False,
2025-09-13T18:00:00.000Z,USA,Southwest Power Pool,US-CENT-SWPP,437.0,495.0,,37.0,,False,
2025-09-13T19:00:00.000Z,USA,Southwest Power Pool,US-CENT-SWPP,428.0,488.0,,37.0,,False,
2025-09-13T20:00:00.000Z,USA,Southwest Power Pool,US-CENT-SWPP,427.0,488.0,,37.0,,False,
2025-09-13T21:00:00.000Z,USA,Southwest Power Pool,US-CENT-SWPP,424.0,484.0,,37.0,,False,
2025-09-13T22:00:00.000Z,USA,Southwest Power Pool,US-CENT-SWPP,416.0,475.0,,39.0,,False,
2025-09-13T23:00:00.000Z,USA,Southwest Power Pool,US-CENT-SWPP,420.0,477.0,,39.0,,False,
2025-09-14T00:00:00.000Z,USA,Southwest Power Pool,US-CENT-SWPP,411.0,467.0,,41.0,,False,
2025-09-14T01:00:00.000Z,USA,Southwest Power Pool,US-CENT-SWPP,371.0,422.0,,46.0,,False,
2025-09-14T02:00:00.000Z,USA,Southwest Power Pool,US-CENT-SWPP,345.0,395.0,,48.0,,False,
2025-09-14T03:00:00.000Z,USA,Southwest Power Pool,US-CENT-SWPP,337.0,386.0,,49.0,,False,
2025-09-14T04:00:00.000Z,USA,Southwest Power Pool,US-CENT-SWPP,327.0,375.0,,50.0,,False,
2025-09-14T05:00:00.000Z,USA,Southwest Power Pool,US-CENT-SWPP,312.0,358.0,,52.0,,False,
2025-09-14T06:00:00.000Z,USA,Southwest Power Pool,US-CENT-SWPP,305.0,349.0,,53.0,,False,
2025-09-14T07:00:00.000Z,USA,Southwest Power Pool,US-CENT-SWPP,306.0,351.0,,53.0,,False,
2025-09-14T08:00:00.000Z,USA,Southwest Power Pool,US-CENT-SWPP,307.0,351.0,,53.0,,False,
2025-09-14T09:00:00.000Z,USA,Southwest Power Pool,US-CENT-SWPP,318.0,363.0,,52.0,,False,
2025-09-14T10:00:00.000Z,USA,Southwest Power Pool,US-CENT-SWPP,332.0,377.0,,50.0,,False,
2025-09-14T11:00:00.000Z,USA,Southwest Power Pool,US-CENT-SWPP,330.0,375.0,,51.0,,False,
2025-09-14T12:00:00.000Z,USA,Southwest Power Pool,US-CENT-SWPP,328.0,374.0,,51.0,,False,
2025-09-14T13:00:00.000Z,USA,Southwest Power Pool,US-CENT-SWPP,337.0,384.0,,49.0,,False,
2025-09-14T14:00:00.000Z,USA,Southwest Power Pool,US-CENT-SWPP,387.0,440.0,,43.0,,False,
2025-09-14T15:00:00.000Z,USA,Southwest Power Pool,US-CENT-SWPP,400.0,453.0,,42.0,,False,
2025-09-14T16:00:00.000Z,USA,Southwest Power Pool,US-CENT-SWPP,409.0,463.0,,41.0,,False,
2025-09-14T17:00:00.000Z,USA,Southwest Power Pool,US-CENT-SWPP,411.0,465.0,,41.0,,False,
2025-09-14T18:00:00.000Z,USA,Southwest Power Pool,US-CENT-SWPP,406.0,460.0,,42.0,,False,
2025-09-14T19:00:00.000Z,USA,Southwest Power Pool,US-CENT-SWPP,420.0,476.0,,40.0,,False,
2025-09-14T20:00:00.000Z,USA,Southwest Power Pool,US-CENT-SWPP,435.0,491.0,,39.0,,False,
2025-09-14T21:00:00.000Z,USA,Southwest Power Pool,US-CENT-SWPP,470.0,530.0,,34.0,,False,
2025-09-14T22:00:00.000Z,USA,Southwest Power Pool,US-CENT-SWPP,487.0,547.0,,33.0,,False,
2025-09-14T23:00:00.000Z,USA,Southwest Power Pool,US-CENT-SWPP,501.0,562.0,,31.0,,False,
2025-09-15T00:00:00.000Z,USA,Southwest Power Pool,US-CENT-SWPP,495.0,554.0,,32.0,,False,
2025-09-15T01:00:00.000Z,USA,Southwest Power Pool,US-CENT-SWPP,478.0,536.0,,34.0,,False,
2025-09-15T02:00:00.000Z,USA,Southwest Power Pool,US-CENT-SWPP,434.0,487.0,,40.0,,False,
2025-09-15T03:00:00.000Z,USA,Southwest Power Pool,US-CENT-SWPP,403.0,456.0,,42.0,,False,
2025-09-15T04:00:00.000Z,USA,Southwest Power Pool,US-CENT-SWPP,386.0,437.0,,44.0,,False,
2025-09-15T05:00:00.000Z,USA,Southwest Power Pool,US-CENT-SWPP,388.0,439.0,,43.0,,False,
2025-09-15T06:00:00.000Z,USA,Southwest Power Pool,US-CENT-SWPP,401.0,453.0,,41.0,,False,
2025-09-15T07:00:00.000Z,USA,Southwest Power Pool,US-CENT-SWPP,388.0,440.0,,42.0,,False,
2025-09-15T08:00:00.000Z,USA,Southwest Power Pool,US-CENT-SWPP,373.0,424.0,,44.0,,False,
2025-09-15T09:00:00.000Z,USA,Southwest Power Pool,US-CENT-SWPP,381.0,434.0,,43.0,,False,
2025-09-15T10:00:00.000Z,USA,Southwest Power Pool,US-CENT-SWPP,394.0,447.0,,41.0,,False,
2025-09-15T11:00:00.000Z,USA,Southwest Power Pool,US-CENT-SWPP,415.0,471.0,,39.0,,False,
2025-09-15T12:00:00.000Z,USA,Southwest Power Pool,US-CENT-SWPP,445.0,502.0,,36.0,,False,
2025-09-15T13:00:00.000Z,USA,Southwest Power Pool,US-CENT-SWPP,482.0,545.0,,30.0,,False,
2025-09-15T14:00:00.000Z,USA,Southwest Power Pool,US-CENT-SWPP,549.0,621.0,,21.0,,False,
2025-09-15T15:00:00.000Z,USA,Southwest Power Pool,US-CENT-SWPP,582.0,655.0,,18.0,,False,
2025-09-15T16:00:00.000Z,USA,Southwest Power Pool,US-CENT-SWPP,588.0,661.0,,18.0,,False,
2025-09-15T17:00:00.000Z,USA,Southwest Power Pool,US-CENT-SWPP,591.0,664.0,,18.0,,False,
2025-09-15T18:00:00.000Z,USA,Southwest Power Pool,US-CENT-SWPP,589.0,662.0,,18.0,,False,
2025-09-15T19:00:00.000Z,USA,Southwest Power Pool,US-CENT-SWPP,585.0,658.0,,18.0,,False,
2025-09-15T20:00:00.000Z,USA,Southwest Power Pool,US-CENT-SWPP,578.0,651.0,,19.0,,False,
2025-09-15T21:00:00.000Z,USA,Southwest Power Pool,US-CENT-SWPP,566.0,637.0,,21.0,,False,
2025-09-15T22:00:00.000Z,USA,Southwest Power Pool,US-CENT-SWPP,548.0,617.0,,23.0,,False,
2025-09-15T23:00:00.000Z,USA,Southwest Power Pool,US-CENT-SWPP,537.0,608.0,,23.0,,False,
2025-09-16T00:00:00.000Z,USA,Southwest Power Pool,US-CENT-SWPP,530.0,599.0,,24.0,,False,
2025-09-16T01:00:00.000Z,USA,Southwest Power Pool,US-CENT-SWPP,480.0,541.0,,32.0,,False,
2025-09-16T02:00:00.000Z,USA,Southwest Power Pool,US-CENT-SWPP,414.0,468.0,,41.0,,False,
2025-09-16T03:00:00.000Z,USA,Southwest Power Pool,US-CENT-SWPP,364.0,412.0,,47.0,,False,
2025-09-16T04:00:00.000Z,USA,Southwest Power Pool,US-CENT-SWPP,338.0,384.0,,50.0,,False,
2025-09-16T05:00:00.000Z,USA,Southwest Power Pool,US-CENT-SWPP,319.0,363.0,,52.0,,False,
2025-09-16T06:00:00.000Z,USA,Southwest Power Pool,US-CENT-SWPP,314.0,358.0,,53.0,,False,
2025-09-16T07:00:00.000Z,USA,Southwest Power Pool,US-CENT-SWPP,312.0,356.0,,53.0,,False,
2025-09-16T08:00:00.000Z,USA,Southwest Power Pool,US-CENT-SWPP,325.0,370.0,,51.0,,False,
2025-09-16T09:00:00.000Z,USA,Southwest Power Pool,US-CENT-SWPP,364.0,413.0,,46.0,,False,
2025-09-16T10:00:00.000Z,USA,Southwest Power Pool,US-CENT-SWPP,421.0,476.0,,39.0,,False,
2025-09-16T11:00:00.000Z,USA,Southwest Power Pool,US-CENT-SWPP,470.0,528.0,,34.0,,False,
2025-09-16T12:00:00.000Z,USA,Southwest Power Pool,US-CENT-SWPP,504.0,566.0,,29.0,,False,
2025-09-16T13:00:00.000Z,USA,Southwest Power Pool,US-CENT-SWPP,507.0,572.0,,27.0,,False,
2025-09-16T14:00:00.000Z,USA,Southwest Power Pool,US-CENT-SWPP,551.0,622.0,,21.0,,False,
2025-09-16T15:00:00.000Z,USA,Southwest Power Pool,US-CENT-SWPP,578.0,653.0,,17.0,,False,
2025-09-16T16:00:00.000Z,USA,Southwest Power Pool,US-CENT-SWPP,592.0,669.0,,14.0,,False,
2025-09-16T17:00:00.000Z,USA,Southwest Power Pool,US-CENT-SWPP,578.0,656.0,,16.0,,False,
2025-09-16T18:00:00.000Z,USA,Southwest Power Pool,US-CENT-SWPP,557.0,633.0,,18.0,,False,
2025-09-16T19:00:00.000Z,USA,Southwest Power Pool,US-CENT-SWPP,543.0,617.0,,21.0,,False,
2025-09-16T20:00:00.000Z,USA,Southwest Power Pool,US-CENT-SWPP,522.0,593.0,,24.0,,False,
2025-09-16T21:00:00.000Z,USA,Southwest Power Pool,US-CENT-SWPP,506.0,576.0,,26.0,,False,
2025-09-16T22:00:00.000Z,USA,Southwest Power Pool,US-CENT-SWPP,498.0,566.0,,27.0,,False,
2025-09-16T23:00:00.000Z,USA,Southwest Power Pool,US-CENT-SWPP,501.0,569.0,,27.0,,False,
2025-09-17T00:00:00.000Z,USA,Southwest Power Pool,US-CENT-SWPP,500.0,567.0,,28.0,,False,
2025-09-17T01:00:00.000Z,USA,Southwest Power Pool,US-CENT-SWPP,461.0,521.0,,34.0,,False,
2025-09-17T02:00:00.000Z,USA,Southwest Power Pool,US-CENT-SWPP,423.0,478.0,,40.0,,False,
2025-09-17T03:00:00.000Z,USA,Southwest Power Pool,US-CENT-SWPP,395.0,447.0,,43.0,,False,
2025-09-17T04:00:00.000Z,USA,Southwest Power Pool,US-CENT-SWPP,368.0,418.0,,46.0,,False,
2025-09-17T05:00:00.000Z,USA,Southwest Power Pool,US-CENT-SWPP,350.0,398.0,,48.0,,False,
2025-09-17T06:00:00.000Z,USA,Southwest Power Pool,US-CENT-SWPP,343.0,391.0,,48.0,,False,
2025-09-17T07:00:00.000Z,USA,Southwest Power Pool,US-CENT-SWPP,350.0,398.0,,47.0,,False,
2025-09-17T08:00:00.000Z,USA,Southwest Power Pool,US-CENT-SWPP,352.0,401.0,,47.0,,False,
2025-09-17T09:00:00.000Z,USA,Southwest Power Pool,US-CENT-SWPP,355.0,405.0,,46.0,,False,
2025-09-17T10:00:00.000Z,USA,Southwest Power Pool,US-CENT-SWPP,392.0,443.0,,43.0,,False,
2025-09-17T11:00:00.000Z,USA,Southwest Power Pool,US-CENT-SWPP,395.0,447.0,,43.0,,False,
2025-09-17T12:00:00.000Z,USA,Southwest Power Pool,US-CENT-SWPP,460.0,518.0,,34.0,,False,
2025-09-17T13:00:00.000Z,USA,Southwest Power Pool,US-CENT-SWPP,514.0,578.0,,28.0,,False,
2025-09-17T14:00:00.000Z,USA,Southwest Power Pool,US-CENT-SWPP,569.0,638.0,,21.0,,False,
2025-09-17T15:00:00.000Z,USA,Southwest Power Pool,US-CENT-SWPP,593.0,664.0,,18.0,,False,
2025-09-17T16:00:00.000Z,USA,Southwest Power Pool,US-CENT-SWPP,589.0,660.0,,19.0,,False,
2025-09-17T17:00:00.000Z,USA,Southwest Power Pool,US-CENT-SWPP,589.0,662.0,,18.0,,False,
2025-09-17T18:00:00.000Z,USA,Southwest Power Pool,US-CENT-SWPP,600.0,675.0,,16.0,,False,
2025-09-17T19:00:00.000Z,USA,Southwest Power Pool,US-CENT-SWPP,597.0,673.0,,16.0,,False,
2025-09-17T20:00:00.000Z,USA,Southwest Power Pool,US-CENT-SWPP,602.0,678.0,,15.0,,False,
2025-09-17T21:00:00.000Z,USA,Southwest Power Pool,US-CENT-SWPP,604.0,682.0,,14.0,,False,
2025-09-17T22:00:00.000Z,USA,Southwest Power Pool,US-CENT-SWPP,593.0,669.0,,16.0,,False,
2025-09-17T23:00:00.000Z,USA,Southwest Power Pool,US-CENT-SWPP,579.0,652.0,,19.0,,False,
2025-09-18T00:00:00.000Z,USA,Southwest Power Pool,US-CENT-SWPP,567.0,636.0,,22.0,,False,
2025-09-18T01:00:00.000Z,USA,Southwest Power Pool,US-CENT-SWPP,540.0,603.0,,27.0,,False,
2025-09-18T02:00:00.000Z,USA,Southwest Power Pool,US-CENT-SWPP,556.0,620.0,,25.0,,False,
2025-09-18T03:00:00.000Z,USA,Southwest Power Pool,US-CENT-SWPP,583.0,646.0,,23.0,,False,
2025-09-18T04:00:00.000Z,USA,Southwest Power Pool,US-CENT-SWPP,586.0,646.0,,24.0,,False,
2025-09-18T05:00:00.000Z,USA,Southwest Power Pool,US-CENT-SWPP,585.0,645.0,,24.0,,False,
2025-09-18T06:00:00.000Z,USA,Southwest Power Pool,US-CENT-SWPP,586.0,646.0,,24.0,,False,
2025-09-18T07:00:00.000Z,USA,Southwest Power Pool,US-CENT-SWPP,571.0,631.0,,25.0,,False,
2025-09-18T08:00:00.000Z,USA,Southwest Power Pool,US-CENT-SWPP,543.0,601.0,,28.0,,False,
2025-09-18T09:00:00.000Z,USA,Southwest Power Pool,US-CENT-SWPP,525.0,582.0,,30.0,,False,
2025-09-18T10:00:00.000Z,USA,Southwest Power Pool,US-CENT-SWPP,525.0,583.0,,29.0,,False,
2025-09-18T11:00:00.000Z,USA,Southwest Power Pool,US-CENT-SWPP,530.0,589.0,,29.0,,False,
2025-09-18T12:00:00.000Z,USA,Southwest Power Pool,US-CENT-SWPP,558.0,621.0,,25.0,,False,
2025-09-18T13:00:00.000Z,USA,Southwest Power Pool,US-CENT-SWPP,569.0,636.0,,22.0,,False,
2025-09-18T14:00:00.000Z,USA,Southwest Power Pool,US-CENT-SWPP,591.0,660.0,,19.0,,False,
2025-09-18T15:00:00.000Z,USA,Southwest Power Pool,US-CENT-SWPP,611.0,682.0,,17.0,,False,
2025-09-18T16:00:00.000Z,USA,Southwest Power Pool,US-CENT-SWPP,633.0,706.0,,14.0,,False,
2025-09-18T17:00:00.000Z,USA,Southwest Power Pool,US-CENT-SWPP,632.0,705.0,,14.0,,False,
2025-09-18T18:00:00.000Z,USA,Southwest Power Pool,US-CENT-SWPP,628.0,702.0,,15.0,,False,
2025-09-18T19:00:00.000Z,USA,Southwest Power Pool,US-CENT-SWPP,630.0,704.0,,14.0,,False,
2025-09-18T20:00:00.000Z,USA,Southwest Power Pool,US-CENT-SWPP,634.0,709.0,,14.0,,False,
2025-09-18T21:00:00.000Z,USA,Southwest Power Pool,US-CENT-SWPP,637.0,712.0,,13.0,,False,
2025-09-18T22:00:00.000Z,USA,Southwest Power Pool,US-CENT-SWPP,643.0,718.0,,12.0,,False,
2025-09-18T23:00:00.000Z,USA,Southwest Power Pool,US-CENT-SWPP,650.0,726.0,,11.0,,False,
2025-09-19T00:00:00.000Z,USA,Southwest Power Pool,US-CENT-SWPP,656.0,732.0,,11.0,,False,
2025-09-19T01:00:00.000Z,USA,Southwest Power Pool,US-CENT-SWPP,655.0,731.0,,11.0,,False,
2025-09-19T02:00:00.000Z,USA,Southwest Power Pool,US-CENT-SWPP,653.0,727.0,,12.0,,False,
2025-09-19T03:00:00.000Z,USA,Southwest Power Pool,US-CENT-SWPP,647.0,719.0,,13.0,,False,
2025-09-19T04:00:00.000Z,USA,Southwest Power Pool,US-CENT-SWPP,636.0,707.0,,14.0,,False,
2025-09-19T05:00:00.000Z,USA,Southwest Power Pool,US-CENT-SWPP,615.0,685.0,,16.0,,False,
2025-09-19T06:00:00.000Z,USA,Southwest Power Pool,US-CENT-SWPP,597.0,666.0,,18.0,,False,
2025-09-19T07:00:00.000Z,USA,Southwest Power Pool,US-CENT-SWPP,578.0,646.0,,19.0,,False,
2025-09-19T08:00:00.000Z,USA,Southwest Power Pool,US-CENT-SWPP,566.0,634.0,,20.0,,False,
2025-09-19T09:00:00.000Z,USA,Southwest Power Pool,US-CENT-SWPP,582.0,649.0,,20.0,,False,
2025-09-19T10:00:00.000Z,USA,Southwest Power Pool,US-CENT-SWPP,572.0,637.0,,21.0,,False,
2025-09-19T11:00:00.000Z,USA,Southwest Power Pool,US-CENT-SWPP,572.0,638.0,,22.0,,False,
2025-09-19T12:00:00.000Z,USA,Southwest Power Pool,US-CENT-SWPP,580.0,647.0,,20.0,,False,
2025-09-19T13:00:00.000Z,USA,Southwest Power Pool,US-CENT-SWPP,572.0,638.0,,22.0,,False,
2025-09-19T14:00:00.000Z,USA,Southwest Power Pool,US-CENT-SWPP,584.0,653.0,,20.0,,False,
2025-09-19T15:00:00.000Z,USA,Southwest Power Pool,US-CENT-SWPP,603.0,673.0,,18.0,,False,
2025-09-19T16:00:00.000Z,USA,Southwest Power Pool,US-CENT-SWPP,598.0,667.0,,19.0,,False,
2025-09-19T17:00:00.000Z,USA,Southwest Power Pool,US-CENT-SWPP,586.0,655.0,,20.0,,False,
2025-09-19T18:00:00.000Z,USA,Southwest Power Pool,US-CENT-SWPP,577.0,646.0,,21.0,,False,
2025-09-19T19:00:00.000Z,USA,Southwest Power Pool,US-CENT-SWPP,569.0,637.0,,22.0,,False,
2025-09-19T20:00:00.000Z,USA,Southwest Power Pool,US-CENT-SWPP,560.0,628.0,,23.0,,False,
2025-09-19T21:00:00.000Z,USA,Southwest Power Pool,US-CENT-SWPP,555.0,623.0,,24.0,,False,
2025-09-19T22:00:00.000Z,USA,Southwest Power Pool,US-CENT-SWPP,555.0,623.0,,24.0,,False,
2025-09-19T23:00:00.000Z,USA,Southwest Power Pool,US-CENT-SWPP,563.0,630.0,,23.0,,False,
2025-09-20T00:00:00.000Z,USA,Southwest Power Pool,US-CENT-SWPP,551.0,616.0,,25.0,,False,
2025-09-20T01:00:00.000Z,USA,Southwest Power Pool,US-CENT-SWPP,500.0,559.0,,32.0,,False,
2025-09-20T02:00:00.000Z,USA,Southwest Power Pool,US-CENT-SWPP,448.0,502.0,,38.0,,False,
2025-09-20T03:00:00.000Z,USA,Southwest Power Pool,US-CENT-SWPP,411.0,461.0,,42.0,,False,
2025-09-20T04:00:00.000Z,USA,Southwest Power Pool,US-CENT-SWPP,388.0,437.0,,45.0,,False,
2025-09-20T05:00:00.000Z,USA,Southwest Power Pool,US-CENT-SWPP,379.0,426.0,,46.0,,False,
2025-09-20T06:00:00.000Z,USA,Southwest Power Pool,US-CENT-SWPP,373.0,419.0,,47.0,,False,
2025-09-20T07:00:00.000Z,USA,Southwest Power Pool,US-CENT-SWPP,377.0,423.0,,47.0,,False,
2025-09-20T08:00:00.000Z,USA,Southwest Power Pool,US-CENT-SWPP,372.0,418.0,,47.0,,False,
2025-09-20T09:00:00.000Z,USA,Southwest Power Pool,US-CENT-SWPP,386.0,433.0,,45.0,,False,
2025-09-20T10:00:00.000Z,USA,Southwest Power Pool,US-CENT-SWPP,440.0,492.0,,38.0,,False,
2025-09-20T11:00:00.000Z,USA,Southwest Power Pool,US-CENT-SWPP,455.0,508.0,,37.0,,False,
2025-09-20T12:00:00.000Z,USA,Southwest Power Pool,US-CENT-SWPP,485.0,541.0,,34.0,,False,
2025-09-20T13:00:00.000Z,USA,Southwest Power Pool,US-CENT-SWPP,536.0,597.0,,27.0,,False,
2025-09-20T14:00:00.000Z,USA,Southwest Power Pool,US-CENT-SWPP,607.0,675.0,,18.0,,False,
2025-09-20T15:00:00.000Z,USA,Southwest Power Pool,US-CENT-SWPP,609.0,678.0,,18.0,,False,
2025-09-20T16:00:00.000Z,USA,Southwest Power Pool,US-CENT-SWPP,615.0,687.0,,16.0,,False,
2025-09-20T17:00:00.000Z,USA,Southwest Power Pool,US-CENT-SWPP,628.0,701.0,,14.0,,False,
2025-09-20T18:00:00.000Z,USA,Southwest Power Pool,US-CENT-SWPP,629.0,704.0,,14.0,,False,
2025-09-20T19:00:00.000Z,USA,Southwest Power Pool,US-CENT-SWPP,631.0,707.0,,13.0,,False,
2025-09-20T20:00:00.000Z,USA,Southwest Power Pool,US-CENT-SWPP,632.0,708.0,,13.0,,False,
2025-09-20T21:00:00.000Z,USA,Southwest Power Pool,US-CENT-SWPP,623.0,697.0,,14.0,,False,
2025-09-20T22:00:00.000Z,USA,Southwest Power Pool,US-CENT-SWPP,600.0,671.0,,18.0,,False,
2025-09-20T23:00:00.000Z,USA,Southwest Power Pool,US-CENT-SWPP,594.0,663.0,,20.0,,False,
2025-09-21T00:00:00.000Z,USA,Southwest Power Pool,US-CENT-SWPP,572.0,638.0,,23.0,,False,
2025-09-21T01:00:00.000Z,USA,Southwest Power Pool,US-CENT-SWPP,537.0,599.0,,27.0,,False,
2025-09-21T02:00:00.000Z,USA,Southwest Power Pool,US-CENT-SWPP,514.0,573.0,,30.0,,False,
2025-09-21T03:00:00.000Z,USA,Southwest Power Pool,US-CENT-SWPP,508.0,566.0,,31.0,,False,
2025-09-21T04:00:00.000Z,USA,Southwest Power Pool,US-CENT-SWPP,471.0,525.0,,36.0,,False,
2025-09-21T05:00:00.000Z,USA,Southwest Power Pool,US-CENT-SWPP,426.0,478.0,,40.0,,False,
2025-09-21T06:00:00.000Z,USA,Southwest Power Pool,US-CENT-SWPP,404.0,455.0,,42.0,,False,
2025-09-21T07:00:00.000Z,USA,Southwest Power Pool,US-CENT-SWPP,396.0,447.0,,43.0,,False,
2025-09-21T08:00:00.000Z,USA,Southwest Power Pool,US-CENT-SWPP,375.0,424.0,,45.0,,False,
2025-09-21T09:00:00.000Z,USA,Southwest Power Pool,US-CENT-SWPP,361.0,410.0,,46.0,,False,
2025-09-21T10:00:00.000Z,USA,Southwest Power Pool,US-CENT-SWPP,393.0,444.0,,42.0,,False,
2025-09-21T11:00:00.000Z,USA,Southwest Power Pool,US-CENT-SWPP,421.0,474.0,,39.0,,False,
2025-09-21T12:00:00.000Z,USA,Southwest Power Pool,US-CENT-SWPP,479.0,538.0,,32.0,,False,
2025-09-21T13:00:00.000Z,USA,Southwest Power Pool,US-CENT-SWPP,514.0,575.0,,28.0,,False,
2025-09-21T14:00:00.000Z,USA,Southwest Power Pool,US-CENT-SWPP,534.0,598.0,,25.0,,False,
2025-09-21T15:00:00.000Z,USA,Southwest Power Pool,US-CENT-SWPP,570.0,638.0,,21.0,,False,
2025-09-21T16:00:00.000Z,USA,Southwest Power Pool,US-CENT-SWPP,586.0,654.0,,20.0,,False,
2025-09-21T17:00:00.000Z,USA,Southwest Power Pool,US-CENT-SWPP,597.0,666.0,,19.0,,False,
2025-09-21T18:00:00.000Z,USA,Southwest Power Pool,US-CENT-SWPP,607.0,677.0,,18.0,,False,
2025-09-21T19:00:00.000Z,USA,Southwest Power Pool,US-CENT-SWPP,615.0,687.0,,16.0,,False,
2025-09-21T20:00:00.000Z,USA,Southwest Power Pool,US-CENT-SWPP,618.0,691.0,,16.0,,False,
2025-09-21T21:00:00.000Z,USA,Southwest Power Pool,US-CENT-SWPP,617.0,689.0,,16.0,,False,
2025-09-21T22:00:00.000Z,USA,Southwest Power Pool,US-CENT-SWPP,621.0,696.0,,15.0,,False,
2025-09-21T23:00:00.000Z,USA,Southwest Power Pool,US-CENT-SWPP,630.0,704.0,,14.0,,False,
2025-09-22T00:00:00.000Z,USA,Southwest Power Pool,US-CENT-SWPP,614.0,686.0,,16.0,,False,
2025-09-22T01:00:00.000Z,USA,Southwest Power Pool,US-CENT-SWPP,563.0,628.0,,24.0,,False,
2025-09-22T02:00:00.000Z,USA,Southwest Power Pool,US-CENT-SWPP,494.0,550.0,,34.0,,False,
2025-09-22T03:00:00.000Z,USA,Southwest Power Pool,US-CENT-SWPP,454.0,505.0,,39.0,,False,
2025-09-22T04:00:00.000Z,USA,Southwest Power Pool,US-CENT-SWPP,414.0,463.0,,42.0,,False,
2025-09-22T05:00:00.000Z,USA,Southwest Power Pool,US-CENT-SWPP,370.0,417.0,,47.0,,False,
2025-09-22T06:00:00.000Z,USA,Southwest Power Pool,US-CENT-SWPP,356.0,402.0,,48.0,,False,
2025-09-22T07:00:00.000Z,USA,Southwest Power Pool,US-CENT-SWPP,363.0,410.0,,47.0,,False,
2025-09-22T08:00:00.000Z,USA,Southwest Power Pool,US-CENT-SWPP,394.0,443.0,,43.0,,False,
2025-09-22T09:00:00.000Z,USA,Southwest Power Pool,US-CENT-SWPP,440.0,493.0,,38.0,,False,
2025-09-22T10:00:00.000Z,USA,Southwest Power Pool,US-CENT-SWPP,485.0,541.0,,33.0,,False,
2025-09-22T11:00:00.000Z,USA,Southwest Power Pool,US-CENT-SWPP,513.0,571.0,,30.0,,False,
2025-09-22T12:00:00.000Z,USA,Southwest Power Pool,US-CENT-SWPP,571.0,633.0,,24.0,,False,
2025-09-22T13:00:00.000Z,USA,Southwest Power Pool,US-CENT-SWPP,589.0,656.0,,20.0,,False,
2025-09-22T14:00:00.000Z,USA,Southwest Power Pool,US-CENT-SWPP,620.0,693.0,,14.0,,False,
2025-09-22T15:00:00.000Z,USA,Southwest Power Pool,US-CENT-SWPP,648.0,725.0,,11.0,,False,
2025-09-22T16:00:00.000Z,USA,Southwest Power Pool,US-CENT-SWPP,650.0,727.0,,11.0,,False,
2025-09-22T17:00:00.000Z,USA,Southwest Power Pool,US-CENT-SWPP,633.0,710.0,,12.0,,False,
2025-09-22T18:00:00.000Z,USA,Southwest Power Pool,US-CENT-SWPP,605.0,679.0,,16.0,,False,
2025-09-22T19:00:00.000Z,USA,Southwest Power Pool,US-CENT-SWPP,589.0,662.0,,18.0,,False,
2025-09-22T20:00:00.000Z,USA,Southwest Power Pool,US-CENT-SWPP,578.0,650.0,,19.0,,False,
2025-09-22T21:00:00.000Z,USA,Southwest Power Pool,US-CENT-SWPP,566.0,637.0,,21.0,,False,
2025-09-22T22:00:00.000Z,USA,Southwest Power Pool,US-CENT-SWPP,552.0,621.0,,23.0,,False,
2025-09-22T23:00:00.000Z,USA,Southwest Power Pool,US-CENT-SWPP,552.0,621.0,,23.0,,False,
2025-09-23T00:00:00.000Z,USA,Southwest Power Pool,US-CENT-SWPP,529.0,594.0,,27.0,,False,
2025-09-23T01:00:00.000Z,USA,Southwest Power Pool,US-CENT-SWPP,463.0,520.0,,36.0,,False,
2025-09-23T02:00:00.000Z,USA,Southwest Power Pool,US-CENT-SWPP,411.0,464.0,,41.0,,False,
2025-09-23T03:00:00.000Z,USA,Southwest Power Pool,US-CENT-SWPP,380.0,431.0,,45.0,,False,
2025-09-23T04:00:00.000Z,USA,Southwest Power Pool,US-CENT-SWPP,355.0,403.0,,48.0,,False,
2025-09-23T05:00:00.000Z,USA,Southwest Power Pool,US-CENT-SWPP,344.0,391.0,,49.0,,False,
2025-09-23T06:00:00.000Z,USA,Southwest Power Pool,US-CENT-SWPP,356.0,404.0,,47.0,,False,
2025-09-23T07:00:00.000Z,USA,Southwest Power Pool,US-CENT-SWPP,394.0,445.0,,43.0,,False,
2025-09-23T08:00:00.000Z,USA,Southwest Power Pool,US-CENT-SWPP,398.0,449.0,,42.0,,False,
2025-09-23T09:00:00.000Z,USA,Southwest Power Pool,US-CENT-SWPP,386.0,436.0,,44.0,,False,
2025-09-23T10:00:00.000Z,USA,Southwest Power Pool,US-CENT-SWPP,396.0,448.0,,42.0,,False,
2025-09-23T11:00:00.000Z,USA,Southwest Power Pool,US-CENT-SWPP,425.0,480.0,,39.0,,False,
2025-09-23T12:00:00.000Z,USA,Southwest Power Pool,US-CENT-SWPP,436.0,492.0,,37.0,,False,
2025-09-23T13:00:00.000Z,USA,Southwest Power Pool,US-CENT-SWPP,457.0,514.0,,35.0,,False,
2025-09-23T14:00:00.000Z,USA,Southwest Power Pool,US-CENT-SWPP,490.0,551.0,,31.0,,False,
2025-09-23T15:00:00.000Z,USA,Southwest Power Pool,US-CENT-SWPP,488.0,550.0,,31.0,,False,
2025-09-23T16:00:00.000Z,USA,Southwest Power Pool,US-CENT-SWPP,505.0,568.0,,29.0,,False,
2025-09-23T17:00:00.000Z,USA,Southwest Power Pool,US-CENT-SWPP,526.0,592.0,,26.0,,False,
2025-09-23T18:00:00.000Z,USA,Southwest Power Pool,US-CENT-SWPP,531.0,597.0,,25.0,,False,
2025-09-23T19:00:00.000Z,USA,Southwest Power Pool,US-CENT-SWPP,523.0,589.0,,26.0,,False,
2025-09-23T20:00:00.000Z,USA,Southwest Power Pool,US-CENT-SWPP,528.0,595.0,,25.0,,False,
2025-09-23T21:00:00.000Z,USA,Southwest Power Pool,US-CENT-SWPP,537.0,605.0,,24.0,,False,
2025-09-23T22:00:00.000Z,USA,Southwest Power Pool,US-CENT-SWPP,539.0,608.0,,24.0,,False,
2025-09-23T23:00:00.000Z,USA,Southwest Power Pool,US-CENT-SWPP,540.0,609.0,,24.0,,False,
2025-09-24T00:00:00.000Z,USA,Southwest Power Pool,US-CENT-SWPP,547.0,615.0,,23.0,,False,
2025-09-24T01:00:00.000Z,USA,Southwest Power Pool,US-CENT-SWPP,545.0,613.0,,23.0,,False,
2025-09-24T02:00:00.000Z,USA,Southwest Power Pool,US-CENT-SWPP,536.0,600.0,,26.0,,False,
2025-09-24T03:00:00.000Z,USA,Southwest Power Pool,US-CENT-SWPP,523.0,583.0,,29.0,,False,
2025-09-24T04:00:00.000Z,USA,Southwest Power Pool,US-CENT-SWPP,530.0,589.0,,29.0,,False,
2025-09-24T05:00:00.000Z,USA,Southwest Power Pool,US-CENT-SWPP,546.0,606.0,,27.0,,False,
2025-09-24T06:00:00.000Z,USA,Southwest Power Pool,US-CENT-SWPP,551.0,610.0,,26.0,,False,
2025-09-24T07:00:00.000Z,USA,Southwest Power Pool,US-CENT-SWPP,545.0,605.0,,27.0,,False,
2025-09-24T08:00:00.000Z,USA,Southwest Power Pool,US-CENT-SWPP,552.0,612.0,,26.0,,False,
2025-09-24T09:00:00.000Z,USA,Southwest Power Pool,US-CENT-SWPP,545.0,604.0,,27.0,,False,
2025-09-24T10:00:00.000Z,USA,Southwest Power Pool,US-CENT-SWPP,494.0,550.0,,33.0,,False,
2025-09-24T11:00:00.000Z,USA,Southwest Power Pool,US-CENT-SWPP,476.0,531.0,,35.0,,False,
2025-09-24T12:00:00.000Z,USA,Southwest Power Pool,US-CENT-SWPP,481.0,538.0,,34.0,,False,
2025-09-24T13:00:00.000Z,USA,Southwest Power Pool,US-CENT-SWPP,481.0,538.0,,34.0,,False,
2025-09-24T14:00:00.000Z,USA,Southwest Power Pool,US-CENT-SWPP,481.0,540.0,,33.0,,False,
2025-09-24T15:00:00.000Z,USA,Southwest Power Pool,US-CENT-SWPP,480.0,539.0,,33.0,,False,
2025-09-24T16:00:00.000Z,USA,Southwest Power Pool,US-CENT-SWPP,463.0,520.0,,35.0,,False,
2025-09-24T17:00:00.000Z,USA,Southwest Power Pool,US-CENT-SWPP,459.0,517.0,,35.0,,False,
2025-09-24T18:00:00.000Z,USA,Southwest Power Pool,US-CENT-SWPP,472.0,533.0,,33.0,,False,
2025-09-24T19:00:00.000Z,USA,Southwest Power Pool,US-CENT-SWPP,489.0,551.0,,31.0,,False,
2025-09-24T20:00:00.000Z,USA,Southwest Power Pool,US-CENT-SWPP,499.0,562.0,,30.0,,False,
2025-09-24T21:00:00.000Z,USA,Southwest Power Pool,US-CENT-SWPP,503.0,565.0,,30.0,,False,
2025-09-24T22:00:00.000Z,USA,Southwest Power Pool,US-CENT-SWPP,520.0,585.0,,28.0,,False,
2025-09-24T23:00:00.000Z,USA,Southwest Power Pool,US-CENT-SWPP,555.0,623.0,,23.0,,False,
2025-09-25T00:00:00.000Z,USA,Southwest Power Pool,US-CENT-SWPP,591.0,661.0,,19.0,,False,
2025-09-25T01:00:00.000Z,USA,Southwest Power Pool,US-CENT-SWPP,604.0,673.0,,18.0,,False,
2025-09-25T02:00:00.000Z,USA,Southwest Power Pool,US-CENT-SWPP,616.0,686.0,,17.0,,False,
2025-09-25T03:00:00.000Z,USA,Southwest Power Pool,US-CENT-SWPP,630.0,699.0,,16.0,,False,
2025-09-25T04:00:00.000Z,USA,Southwest Power Pool,US-CENT-SWPP,631.0,699.0,,16.0,,False,
2025-09-25T05:00:00.000Z,USA,Southwest Power Pool,US-CENT-SWPP,635.0,701.0,,16.0,,False,
2025-09-25T06:00:00.000Z,USA,Southwest Power Pool,US-CENT-SWPP,628.0,694.0,,17.0,,False,
2025-09-25T07:00:00.000Z,USA,Southwest Power Pool,US-CENT-SWPP,617.0,682.0,,18.0,,False,
2025-09-25T08:00:00.000Z,USA,Southwest Power Pool,US-CENT-SWPP,602.0,667.0,,20.0,,False,
2025-09-25T09:00:00.000Z,USA,Southwest Power Pool,US-CENT-SWPP,591.0,655.0,,21.0,,False,
2025-09-25T10:00:00.000Z,USA,Southwest Power Pool,US-CENT-SWPP,583.0,646.0,,22.0,,False,
2025-09-25T11:00:00.000Z,USA,Southwest Power Pool,US-CENT-SWPP,572.0,635.0,,23.0,,False,
2025-09-25T12:00:00.000Z,USA,Southwest Power Pool,US-CENT-SWPP,571.0,633.0,,24.0,,False,
2025-09-25T13:00:00.000Z,USA,Southwest Power Pool,US-CENT-SWPP,563.0,627.0,,24.0,,False,
2025-09-25T14:00:00.000Z,USA,Southwest Power Pool,US-CENT-SWPP,593.0,663.0,,18.0,,False,
2025-09-25T15:00:00.000Z,USA,Southwest Power Pool,US-CENT-SWPP,639.0,714.0,,12.0,,False,
2025-09-25T16:00:00.000Z,USA,Southwest Power Pool,US-CENT-SWPP,654.0,730.0,,11.0,,False,
2025-09-25T17:00:00.000Z,USA,Southwest Power Pool,US-CENT-SWPP,656.0,733.0,,10.0,,False,
2025-09-25T18:00:00.000Z,USA,Southwest Power Pool,US-CENT-SWPP,651.0,727.0,,11.0,,False,
2025-09-25T19:00:00.000Z,USA,Southwest Power Pool,US-CENT-SWPP,645.0,720.0,,12.0,,False,
2025-09-25T20:00:00.000Z,USA,Southwest Power Pool,US-CENT-SWPP,637.0,713.0,,12.0,,False,
2025-09-25T21:00:00.000Z,USA,Southwest Power Pool,US-CENT-SWPP,634.0,711.0,,12.0,,False,
2025-09-25T22:00:00.000Z,USA,Southwest Power Pool,US-CENT-SWPP,641.0,721.0,,10.0,,False,
2025-09-25T23:00:00.000Z,USA,Southwest Power Pool,US-CENT-SWPP,654.0,735.0,,8.0,,False,
2025-09-26T00:00:00.000Z,USA,Southwest Power Pool,US-CENT-SWPP,663.0,745.0,,7.0,,False,
2025-09-26T01:00:00.000Z,USA,Southwest Power Pool,US-CENT-SWPP,663.0,742.0,,8.0,,False,
2025-09-26T02:00:00.000Z,USA,Southwest Power Pool,US-CENT-SWPP,659.0,732.0,,12.0,,False,
2025-09-26T03:00:00.000Z,USA,Southwest Power Pool,US-CENT-SWPP,639.0,708.0,,16.0,,False,
2025-09-26T04:00:00.000Z,USA,Southwest Power Pool,US-CENT-SWPP,611.0,673.0,,21.0,,False,
2025-09-26T05:00:00.000Z,USA,Southwest Power Pool,US-CENT-SWPP,581.0,638.0,,26.0,,False,
2025-09-26T06:00:00.000Z,USA,Southwest Power Pool,US-CENT-SWPP,518.0,571.0,,32.0,,False,
2025-09-26T07:00:00.000Z,USA,Southwest Power Pool,US-CENT-SWPP,474.0,524.0,,37.0,,False,
2025-09-26T08:00:00.000Z,USA,Southwest Power Pool,US-CENT-SWPP,441.0,489.0,,40.0,,False,
2025-09-26T09:00:00.000Z,USA,Southwest Power Pool,US-CENT-SWPP,430.0,478.0,,41.0,,False,
2025-09-26T10:00:00.000Z,USA,Southwest Power Pool,US-CENT-SWPP,442.0,491.0,,40.0,,False,
2025-09-26T11:00:00.000Z,USA,Southwest Power Pool,US-CENT-SWPP,442.0,491.0,,40.0,,False,
2025-09-26T12:00:00.000Z,USA,Southwest Power Pool,US-CENT-SWPP,448.0,500.0,,38.0,,False,
2025-09-26T13:00:00.000Z,USA,Southwest Power Pool,US-CENT-SWPP,453.0,508.0,,37.0,,False,
2025-09-26T14:00:00.000Z,USA,Southwest Power Pool,US-CENT-SWPP,498.0,560.0,,30.0,,False,
2025-09-26T15:00:00.000Z,USA,Southwest Power Pool,US-CENT-SWPP,552.0,618.0,,24.0,,False,
2025-09-26T16:00:00.000Z,USA,Southwest Power Pool,US-CENT-SWPP,533.0,597.0,,26.0,,False,
2025-09-26T17:00:00.000Z,USA,Southwest Power Pool,US-CENT-SWPP,511.0,573.0,,29.0,,False,
2025-09-26T18:00:00.000Z,USA,Southwest Power Pool,US-CENT-SWPP,510.0,573.0,,29.0,,False,
2025-09-26T19:00:00.000Z,USA,Southwest Power Pool,US-CENT-SWPP,517.0,582.0,,27.0,,False,
2025-09-26T20:00:00.000Z,USA,Southwest Power Pool,US-CENT-SWPP,528.0,593.0,,26.0,,False,
2025-09-26T21:00:00.000Z,USA,Southwest Power Pool,US-CENT-SWPP,529.0,595.0,,26.0,,False,
2025-09-26T22:00:00.000Z,USA,Southwest Power Pool,US-CENT-SWPP,534.0,601.0,,26.0,,False,
2025-09-26T23:00:00.000Z,USA,Southwest Power Pool,US-CENT-SWPP,541.0,607.0,,25.0,,False,
2025-09-27T00:00:00.000Z,USA,Southwest Power Pool,US-CENT-SWPP,498.0,559.0,,31.0,,False,
2025-09-27T01:00:00.000Z,USA,Southwest Power Pool,US-CENT-SWPP,412.0,464.0,,42.0,,False,
2025-09-27T02:00:00.000Z,USA,Southwest Power Pool,US-CENT-SWPP,356.0,402.0,,49.0,,False,
2025-09-27T03:00:00.000Z,USA,Southwest Power Pool,US-CENT-SWPP,315.0,356.0,,54.0,,False,
2025-09-27T04:00:00.000Z,USA,Southwest Power Pool,US-CENT-SWPP,306.0,347.0,,55.0,,False,
2025-09-27T05:00:00.000Z,USA,Southwest Power Pool,US-CENT-SWPP,307.0,348.0,,54.0,,False,
2025-09-27T06:00:00.000Z,USA,Southwest Power Pool,US-CENT-SWPP,313.0,355.0,,53.0,,False,
2025-09-27T07:00:00.000Z,USA,Southwest Power Pool,US-CENT-SWPP,321.0,364.0,,52.0,,False,
2025-09-27T08:00:00.000Z,USA,Southwest Power Pool,US-CENT-SWPP,334.0,378.0,,50.0,,False,
2025-09-27T09:00:00.000Z,USA,Southwest Power Pool,US-CENT-SWPP,334.0,378.0,,49.0,,False,
2025-09-27T10:00:00.000Z,USA,Southwest Power Pool,US-CENT-SWPP,342.0,387.0,,49.0,,False,
2025-09-27T11:00:00.000Z,USA,Southwest Power Pool,US-CENT-SWPP,338.0,384.0,,49.0,,False,
2025-09-27T12:00:00.000Z,USA,Southwest Power Pool,US-CENT-SWPP,345.0,392.0,,48.0,,False,
2025-09-27T13:00:00.000Z,USA,Southwest Power Pool,US-CENT-SWPP,353.0,402.0,,46.0,,False,
2025-09-27T14:00:00.000Z,USA,Southwest Power Pool,US-CENT-SWPP,440.0,501.0,,34.0,,False,
2025-09-27T15:00:00.000Z,USA,Southwest Power Pool,US-CENT-SWPP,513.0,578.0,,26.0,,False,
2025-09-27T16:00:00.000Z,USA,Southwest Power Pool,US-CENT-SWPP,536.0,601.0,,25.0,,False,
2025-09-27T17:00:00.000Z,USA,Southwest Power Pool,US-CENT-SWPP,557.0,624.0,,23.0,,False,
2025-09-27T18:00:00.000Z,USA,Southwest Power Pool,US-CENT-SWPP,579.0,649.0,,20.0,,False,
2025-09-27T19:00:00.000Z,USA,Southwest Power Pool,US-CENT-SWPP,600.0,672.0,,17.0,,False,
2025-09-27T20:00:00.000Z,USA,Southwest Power Pool,US-CENT-SWPP,607.0,682.0,,16.0,,False,
2025-09-27T21:00:00.000Z,USA,Southwest Power Pool,US-CENT-SWPP,611.0,685.0,,15.0,,False,
2025-09-27T22:00:00.000Z,USA,Southwest Power Pool,US-CENT-SWPP,616.0,692.0,,14.0,,False,
2025-09-27T23:00:00.000Z,USA,Southwest Power Pool,US-CENT-SWPP,619.0,694.0,,15.0,,False,
2025-09-28T00:00:00.000Z,USA,Southwest Power Pool,US-CENT-SWPP,598.0,668.0,,19.0,,False,
2025-09-28T01:00:00.000Z,USA,Southwest Power Pool,US-CENT-SWPP,546.0,608.0,,26.0,,False,
2025-09-28T02:00:00.000Z,USA,Southwest Power Pool,US-CENT-SWPP,491.0,547.0,,34.0,,False,
2025-09-28T03:00:00.000Z,USA,Southwest Power Pool,US-CENT-SWPP,453.0,504.0,,39.0,,False,
2025-09-28T04:00:00.000Z,USA,Southwest Power Pool,US-CENT-SWPP,409.0,457.0,,44.0,,False,
2025-09-28T05:00:00.000Z,USA,Southwest Power Pool,US-CENT-SWPP,369.0,415.0,,47.0,,False,
2025-09-28T06:00:00.000Z,USA,Southwest Power Pool,US-CENT-SWPP,350.0,395.0,,49.0,,False,
2025-09-28T07:00:00.000Z,USA,Southwest Power Pool,US-CENT-SWPP,343.0,388.0,,50.0,,False,
2025-09-28T08:00:00.000Z,USA,Southwest Power Pool,US-CENT-SWPP,342.0,386.0,,50.0,,False,
2025-09-28T09:00:00.000Z,USA,Southwest Power Pool,US-CENT-SWPP,353.0,398.0,,48.0,,False,
2025-09-28T10:00:00.000Z,USA,Southwest Power Pool,US-CENT-SWPP,377.0,424.0,,45.0,,False,
2025-09-28T11:00:00.000Z,USA,Southwest Power Pool,US-CENT-SWPP,387.0,436.0,,44.0,,False,
2025-09-28T12:00:00.000Z,USA,Southwest Power Pool,US-CENT-SWPP,393.0,442.0,,43.0,,False,
2025-09-28T13:00:00.000Z,USA,Southwest Power Pool,US-CENT-SWPP,398.0,449.0,,42.0,,False,
2025-09-28T14:00:00.000Z,USA,Southwest Power Pool,US-CENT-SWPP,471.0,530.0,,32.0,,False,
2025-09-28T15:00:00.000Z,USA,Southwest Power Pool,US-CENT-SWPP,532.0,596.0,,25.0,,False,
2025-09-28T16:00:00.000Z,USA,Southwest Power Pool,US-CENT-SWPP,536.0,601.0,,26.0,,False,
2025-09-28T17:00:00.000Z,USA,Southwest Power Pool,US-CENT-SWPP,547.0,612.0,,25.0,,False,
2025-09-28T18:00:00.000Z,USA,Southwest Power Pool,US-CENT-SWPP,558.0,624.0,,23.0,,False,
2025-09-28T19:00:00.000Z,USA,Southwest Power Pool,US-CENT-SWPP,552.0,618.0,,24.0,,False,
2025-09-28T20:00:00.000Z,USA,Southwest Power Pool,US-CENT-SWPP,558.0,626.0,,23.0,,False,
2025-09-28T21:00:00.000Z,USA,Southwest Power Pool,US-CENT-SWPP,557.0,624.0,,24.0,,False,
2025-09-28T22:00:00.000Z,USA,Southwest Power Pool,US-CENT-SWPP,563.0,631.0,,23.0,,False,
2025-09-28T23:00:00.000Z,USA,Southwest Power Pool,US-CENT-SWPP,559.0,626.0,,23.0,,False,
2025-09-29T00:00:00.000Z,USA,Southwest Power Pool,US-CENT-SWPP,522.0,584.0,,29.0,,False,
2025-09-29T01:00:00.000Z,USA,Southwest Power Pool,US-CENT-SWPP,462.0,516.0,,38.0,,False,
2025-09-29T02:00:00.000Z,USA,Southwest Power Pool,US-CENT-SWPP,430.0,479.0,,42.0,,False,
2025-09-29T03:00:00.000Z,USA,Southwest Power Pool,US-CENT-SWPP,405.0,451.0,,46.0,,False,
2025-09-29T04:00:00.000Z,USA,Southwest Power Pool,US-CENT-SWPP,373.0,416.0,,49.0,,False,
2025-09-29T05:00:00.000Z,USA,Southwest Power Pool,US-CENT-SWPP,354.0,396.0,,51.0,,False,
2025-09-29T06:00:00.000Z,USA,Southwest Power Pool,US-CENT-SWPP,341.0,382.0,,52.0,,False,
2025-09-29T07:00:00.000Z,USA,Southwest Power Pool,US-CENT-SWPP,348.0,390.0,,50.0,,False,
2025-09-29T08:00:00.000Z,USA,Southwest Power Pool,US-CENT-SWPP,353.0,397.0,,49.0,,False,
2025-09-29T09:00:00.000Z,USA,Southwest Power Pool,US-CENT-SWPP,361.0,407.0,,48.0,,False,
2025-09-29T10:00:00.000Z,USA,Southwest Power Pool,US-CENT-SWPP,407.0,457.0,,42.0,,False,
2025-09-29T11:00:00.000Z,USA,Southwest Power Pool,US-CENT-SWPP,440.0,492.0,,39.0,,False,
2025-09-29T12:00:00.000Z,USA,Southwest Power Pool,US-CENT-SWPP,465.0,520.0,,36.0,,False,
2025-09-29T13:00:00.000Z,USA,Southwest Power Pool,US-CENT-SWPP,494.0,552.0,,32.0,,False,
2025-09-29T14:00:00.000Z,USA,Southwest Power Pool,US-CENT-SWPP,546.0,612.0,,24.0,,False,
2025-09-29T15:00:00.000Z,USA,Southwest Power Pool,US-CENT-SWPP,593.0,663.0,,19.0,,False,
2025-09-29T16:00:00.000Z,USA,Southwest Power Pool,US-CENT-SWPP,596.0,665.0,,19.0,,False,
2025-09-29T17:00:00.000Z,USA,Southwest Power Pool,US-CENT-SWPP,583.0,652.0,,21.0,,False,
2025-09-29T18:00:00.000Z,USA,Southwest Power Pool,US-CENT-SWPP,571.0,638.0,,22.0,,False,
2025-09-29T19:00:00.000Z,USA,Southwest Power Pool,US-CENT-SWPP,562.0,630.0,,23.0,,False,
2025-09-29T20:00:00.000Z,USA,Southwest Power Pool,US-CENT-SWPP,553.0,621.0,,24.0,,False,
2025-09-29T21:00:00.000Z,USA,Southwest Power Pool,US-CENT-SWPP,546.0,614.0,,24.0,,False,
2025-09-29T22:00:00.000Z,USA,Southwest Power Pool,US-CENT-SWPP,548.0,616.0,,24.0,,False,
2025-09-29T23:00:00.000Z,USA,Southwest Power Pool,US-CENT-SWPP,556.0,624.0,,23.0,,False,
2025-09-30T00:00:00.000Z,USA,Southwest Power Pool,US-CENT-SWPP,544.0,608.0,,26.0,,False,
2025-09-30T01:00:00.000Z,USA,Southwest Power Pool,US-CENT-SWPP,503.0,561.0,,32.0,,False,
2025-09-30T02:00:00.000Z,USA,Southwest Power Pool,US-CENT-SWPP,460.0,513.0,,38.0,,False,
2025-09-30T03:00:00.000Z,USA,Southwest Power Pool,US-CENT-SWPP,432.0,483.0,,41.0,,False,
2025-09-30T04:00:00.000Z,USA,Southwest Power Pool,US-CENT-SWPP,405.0,455.0,,43.0,,False,
2025-09-30T05:00:00.000Z,USA,Southwest Power Pool,US-CENT-SWPP,411.0,460.0,,43.0,,False,
2025-09-30T06:00:00.000Z,USA,Southwest Power Pool,US-CENT-SWPP,423.0,472.0,,42.0,,False,
2025-09-30T07:00:00.000Z,USA,Southwest Power Pool,US-CENT-SWPP,432.0,482.0,,41.0,,False,
2025-09-30T08:00:00.000Z,USA,Southwest Power Pool,US-CENT-SWPP,443.0,493.0,,40.0,,False,
2025-09-30T09:00:00.000Z,USA,Southwest Power Pool,US-CENT-SWPP,449.0,501.0,,38.0,,False,
2025-09-30T10:00:00.000Z,USA,Southwest Power Pool,US-CENT-SWPP,471.0,525.0,,36.0,,False,
2025-09-30T11:00:00.000Z,USA,Southwest Power Pool,US-CENT-SWPP,457.0,510.0,,38.0,,False,
2025-09-30T12:00:00.000Z,USA,Southwest Power Pool,US-CENT-SWPP,461.0,514.0,,37.0,,False,
2025-09-30T13:00:00.000Z,USA,Southwest Power Pool,US-CENT-SWPP,463.0,517.0,,37.0,,False,
2025-09-30T14:00:00.000Z,USA,Southwest Power Pool,US-CENT-SWPP,487.0,546.0,,33.0,,False,
2025-09-30T15:00:00.000Z,USA,Southwest Power Pool,US-CENT-SWPP,512.0,572.0,,30.0,,False,
2025-09-30T16:00:00.000Z,USA,Southwest Power Pool,US-CENT-SWPP,494.0,553.0,,32.0,,False,
2025-09-30T17:00:00.000Z,USA,Southwest Power Pool,US-CENT-SWPP,487.0,545.0,,33.0,,False,
2025-09-30T18:00:00.000Z,USA,Southwest Power Pool,US-CENT-SWPP,485.0,546.0,,32.0,,False,
2025-09-30T19:00:00.000Z,USA,Southwest Power Pool,US-CENT-SWPP,477.0,538.0,,33.0,,False,
2025-09-30T20:00:00.000Z,USA,Southwest Power Pool,US-CENT-SWPP,477.0,538.0,,32.0,,False,
2025-09-30T21:00:00.000Z,USA,Southwest Power Pool,US-CENT-SWPP,478.0,539.0,,33.0,,False,
2025-09-30T22:00:00.000Z,USA,Southwest Power Pool,US-CENT-SWPP,479.0,539.0,,33.0,,False,
2025-09-30T23:00:00.000Z,USA,Southwest Power Pool,US-CENT-SWPP,479.0,539.0,,34.0,,False,
2025-10-01T00:00:00.000Z,USA,Southwest Power Pool,US-CENT-SWPP,469.0,526.0,,36.0,,False,
2025-10-01T01:00:00.000Z,USA,Southwest Power Pool,US-CENT-SWPP,416.0,467.0,,43.0,,False,
2025-10-01T02:00:00.000Z,USA,Southwest Power Pool,US-CENT-SWPP,386.0,433.0,,47.0,,False,
2025-10-01T03:00:00.000Z,USA,Southwest Power Pool,US-CENT-SWPP,353.0,397.0,,51.0,,False,
2025-10-01T04:00:00.000Z,USA,Southwest Power Pool,US-CENT-SWPP,323.0,364.0,,54.0,,False,
2025-10-01T05:00:00.000Z,USA,Southwest Power Pool,US-CENT-SWPP,305.0,346.0,,55.0,,False,
2025-10-01T06:00:00.000Z,USA,Southwest Power Pool,US-CENT-SWPP,295.0,335.0,,57.0,,False,
2025-10-01T07:00:00.000Z,USA,Southwest Power Pool,US-CENT-SWPP,297.0,336.0,,57.0,,False,
2025-10-01T08:00:00.000Z,USA,Southwest Power Pool,US-CENT-SWPP,297.0,337.0,,56.0,,False,
2025-10-01T09:00:00.000Z,USA,Southwest Power Pool,US-CENT-SWPP,299.0,339.0,,56.0,,False,
2025-10-01T10:00:00.000Z,USA,Southwest Power Pool,US-CENT-SWPP,298.0,338.0,,56.0,,False,
2025-10-01T11:00:00.000Z,USA,Southwest Power Pool,US-CENT-SWPP,303.0,343.0,,56.0,,False,
2025-10-01T12:00:00.000Z,USA,Southwest Power Pool,US-CENT-SWPP,303.0,343.0,,56.0,,False,
2025-10-01T13:00:00.000Z,USA,Southwest Power Pool,US-CENT-SWPP,305.0,347.0,,55.0,,False,
2025-10-01T14:00:00.000Z,USA,Southwest Power Pool,US-CENT-SWPP,343.0,390.0,,50.0,,False,
2025-10-01T15:00:00.000Z,USA,Southwest Power Pool,US-CENT-SWPP,378.0,428.0,,45.0,,False,
2025-10-01T16:00:00.000Z,USA,Southwest Power Pool,US-CENT-SWPP,407.0,459.0,,43.0,,False,
2025-10-01T17:00:00.000Z,USA,Southwest Power Pool,US-CENT-SWPP,442.0,497.0,,39.0,,False,
2025-10-01T18:00:00.000Z,USA,Southwest Power Pool,US-CENT-SWPP,458.0,516.0,,36.0,,False,
2025-10-01T19:00:00.000Z,USA,Southwest Power Pool,US-CENT-SWPP,458.0,516.0,,36.0,,False,
2025-10-01T20:00:00.000Z,USA,Southwest Power Pool,US-CENT-SWPP,453.0,511.0,,36.0,,False,
2025-10-01T21:00:00.000Z,USA,Southwest Power Pool,US-CENT-SWPP,450.0,509.0,,36.0,,False,
2025-10-01T22:00:00.000Z,USA,Southwest Power Pool,US-CENT-SWPP,438.0,496.0,,37.0,,False,
2025-10-01T23:00:00.000Z,USA,Southwest Power Pool,US-CENT-SWPP,463.0,523.0,,35.0,,False,
2025-10-02T00:00:00.000Z,USA,Southwest Power Pool,US-CENT-SWPP,460.0,518.0,,37.0,,False,
2025-10-02T01:00:00.000Z,USA,Southwest Power Pool,US-CENT-SWPP,403.0,456.0,,43.0,,False,
2025-10-02T02:00:00.000Z,USA,Southwest Power Pool,US-CENT-SWPP,363.0,413.0,,48.0,,False,
2025-10-02T03:00:00.000Z,USA,Southwest Power Pool,US-CENT-SWPP,344.0,392.0,,51.0,,False,
2025-10-02T04:00:00.000Z,USA,Southwest Power Pool,US-CENT-SWPP,336.0,383.0,,52.0,,False,
2025-10-02T05:00:00.000Z,USA,Southwest Power Pool,US-CENT-SWPP,338.0,382.0,,54.0,,False,
2025-10-02T06:00:00.000Z,USA,Southwest Power Pool,US-CENT-SWPP,343.0,387.0,,54.0,,False,
2025-10-02T07:00:00.000Z,USA,Southwest Power Pool,US-CENT-SWPP,340.0,384.0,,54.0,,False,
2025-10-02T08:00:00.000Z,USA,Southwest Power Pool,US-CENT-SWPP,340.0,385.0,,54.0,,False,
2025-10-02T09:00:00.000Z,USA,Southwest Power Pool,US-CENT-SWPP,340.0,385.0,,54.0,,False,
2025-10-02T10:00:00.000Z,USA,Southwest Power Pool,US-CENT-SWPP,352.0,396.0,,53.0,,False,
2025-10-02T11:00:00.000Z,USA,Southwest Power Pool,US-CENT-SWPP,381.0,428.0,,50.0,,False,
2025-10-02T12:00:00.000Z,USA,Southwest Power Pool,US-CENT-SWPP,398.0,446.0,,48.0,,False,
2025-10-02T13:00:00.000Z,USA,Southwest Power Pool,US-CENT-SWPP,417.0,470.0,,44.0,,False,
2025-10-02T14:00:00.000Z,USA,Southwest Power Pool,US-CENT-SWPP,476.0,536.0,,35.0,,False,
2025-10-02T15:00:00.000Z,USA,Southwest Power Pool,US-CENT-SWPP,512.0,576.0,,31.0,,False,
2025-10-02T16:00:00.000Z,USA,Southwest Power Pool,US-CENT-SWPP,517.0,582.0,,30.0,,False,
2025-10-02T17:00:00.000Z,USA,Southwest Power Pool,US-CENT-SWPP,533.0,600.0,,28.0,,False,
2025-10-02T18:00:00.000Z,USA,Southwest Power Pool,US-CENT-SWPP,557.0,626.0,,25.0,,False,
2025-10-02T19:00:00.000Z,USA,Southwest Power Pool,US-CENT-SWPP,572.0,642.0,,23.0,,False,
2025-10-02T20:00:00.000Z,USA,Southwest Power Pool,US-CENT-SWPP,576.0,648.0,,22.0,,False,
2025-10-02T21:00:00.000Z,USA,Southwest Power Pool,US-CENT-SWPP,572.0,644.0,,23.0,,False,
2025-10-02T22:00:00.000Z,USA,Southwest Power Pool,US-CENT-SWPP,569.0,639.0,,24.0,,False,
2025-10-02T23:00:00.000Z,USA,Southwest Power Pool,US-CENT-SWPP,562.0,631.0,,25.0,,False,
2025-10-03T00:00:00.000Z,USA,Southwest Power Pool,US-CENT-SWPP,533.0,597.0,,30.0,,False,
2025-10-03T01:00:00.000Z,USA,Southwest Power Pool,US-CENT-SWPP,482.0,539.0,,38.0,,False,
2025-10-03T02:00:00.000Z,USA,Southwest Power Pool,US-CENT-SWPP,429.0,479.0,,45.0,,False,
2025-10-03T03:00:00.000Z,USA,Southwest Power Pool,US-CENT-SWPP,373.0,419.0,,51.0,,False,
2025-10-03T04:00:00.000Z,USA,Southwest Power Pool,US-CENT-SWPP,340.0,383.0,,55.0,,False,
2025-10-03T05:00:00.000Z,USA,Southwest Power Pool,US-CENT-SWPP,308.0,349.0,,58.0,,False,
2025-10-03T06:00:00.000Z,USA,Southwest Power Pool,US-CENT-SWPP,281.0,321.0,,61.0,,False,
2025-10-03T07:00:00.000Z,USA,Southwest Power Pool,US-CENT-SWPP,278.0,317.0,,61.0,,False,
2025-10-03T08:00:00.000Z,USA,Southwest Power Pool,US-CENT-SWPP,283.0,323.0,,61.0,,False,
2025-10-03T09:00:00.000Z,USA,Southwest Power Pool,US-CENT-SWPP,288.0,328.0,,60.0,,False,
2025-10-03T10:00:00.000Z,USA,Southwest Power Pool,US-CENT-SWPP,303.0,345.0,,58.0,,False,
2025-10-03T11:00:00.000Z,USA,Southwest Power Pool,US-CENT-SWPP,318.0,361.0,,57.0,,False,
2025-10-03T12:00:00.000Z,USA,Southwest Power Pool,US-CENT-SWPP,337.0,381.0,,55.0,,False,
2025-10-03T13:00:00.000Z,USA,Southwest Power Pool,US-CENT-SWPP,365.0,413.0,,51.0,,False,
2025-10-03T14:00:00.000Z,USA,Southwest Power Pool,US-CENT-SWPP,428.0,484.0,,42.0,,False,
2025-10-03T15:00:00.000Z,USA,Southwest Power Pool,US-CENT-SWPP,453.0,511.0,,39.0,,False,
2025-10-03T16:00:00.000Z,USA,Southwest Power Pool,US-CENT-SWPP,418.0,471.0,,44.0,,False,
2025-10-03T17:00:00.000Z,USA,Southwest Power Pool,US-CENT-SWPP,420.0,475.0,,43.0,,False,
2025-10-03T18:00:00.000Z,USA,Southwest Power Pool,US-CENT-SWPP,421.0,477.0,,43.0,,False,
2025-10-03T19:00:00.000Z,USA,Southwest Power Pool,US-CENT-SWPP,417.0,474.0,,42.0,,False,
2025-10-03T20:00:00.000Z,USA,Southwest Power Pool,US-CENT-SWPP,413.0,470.0,,43.0,,False,
2025-10-03T21:00:00.000Z,USA,Southwest Power Pool,US-CENT-SWPP,406.0,461.0,,44.0,,False,
2025-10-03T22:00:00.000Z,USA,Southwest Power Pool,US-CENT-SWPP,399.0,453.0,,45.0,,False,
2025-10-03T23:00:00.000Z,USA,Southwest Power Pool,US-CENT-SWPP,387.0,440.0,,46.0,,False,
2025-10-04T00:00:00.000Z,USA,Southwest Power Pool,US-CENT-SWPP,347.0,395.0,,52.0,,False,
2025-10-04T01:00:00.000Z,USA,Southwest Power Pool,US-CENT-SWPP,302.0,345.0,,58.0,,False,
2025-10-04T02:00:00.000Z,USA,Southwest Power Pool,US-CENT-SWPP,278.0,318.0,,62.0,,False,
2025-10-04T03:00:00.000Z,USA,Southwest Power Pool,US-CENT-SWPP,267.0,305.0,,63.0,,False,
2025-10-04T04:00:00.000Z,USA,Southwest Power Pool,US-CENT-SWPP,260.0,298.0,,64.0,,False,
2025-10-04T05:00:00.000Z,USA,Southwest Power Pool,US-CENT-SWPP,253.0,289.0,,65.0,,False,
2025-10-04T06:00:00.000Z,USA,Southwest Power Pool,US-CENT-SWPP,249.0,284.0,,66.0,,False,
2025-10-04T07:00:00.000Z,USA,Southwest Power Pool,US-CENT-SWPP,248.0,281.0,,67.0,,False,
2025-10-04T08:00:00.000Z,USA,Southwest Power Pool,US-CENT-SWPP,237.0,270.0,,68.0,,False,
2025-10-04T09:00:00.000Z,USA,Southwest Power Pool,US-CENT-SWPP,232.0,265.0,,68.0,,False,
2025-10-04T10:00:00.000Z,USA,Southwest Power Pool,US-CENT-SWPP,231.0,264.0,,68.0,,False,
2025-10-04T11:00:00.000Z,USA,Southwest Power Pool,US-CENT-SWPP,226.0,260.0,,68.0,,False,
2025-10-04T12:00:00.000Z,USA,Southwest Power Pool,US-CENT-SWPP,220.0,253.0,,69.0,,False,
2025-10-04T13:00:00.000Z,USA,Southwest Power Pool,US-CENT-SWPP,227.0,261.0,,68.0,,False,
2025-10-04T14:00:00.000Z,USA,Southwest Power Pool,US-CENT-SWPP,241.0,279.0,,65.0,,False,
2025-10-04T15:00:00.000Z,USA,Southwest Power Pool,US-CENT-SWPP,253.0,292.0,,64.0,,False,
2025-10-04T16:00:00.000Z,USA,Southwest Power Pool,US-CENT-SWPP,259.0,299.0,,63.0,,False,
2025-10-04T17:00:00.000Z,USA,Southwest Power Pool,US-CENT-SWPP,284.0,326.0,,60.0,,False,
2025-10-04T18:00:00.000Z,USA,Southwest Power Pool,US-CENT-SWPP,291.0,334.0,,59.0,,False,
2025-10-04T19:00:00.000Z,USA,Southwest Power Pool,US-CENT-SWPP,286.0,329.0,,59.0,,False,
2025-10-04T20:00:00.000Z,USA,Southwest Power Pool,US-CENT-SWPP,281.0,324.0,,60.0,,False,
2025-10-04T21:00:00.000Z,USA,Southwest Power Pool,US-CENT-SWPP,285.0,328.0,,60.0,,False,
2025-10-04T22:00:00.000Z,USA,Southwest Power Pool,US-CENT-SWPP,286.0,328.0,,60.0,,False,
2025-10-04T23:00:00.000Z,USA,Southwest Power Pool,US-CENT-SWPP,295.0,337.0,,59.0,,False,
2025-10-05T00:00:00.000Z,USA,Southwest Power Pool,US-CENT-SWPP,287.0,329.0,,60.0,,False,
2025-10-05T01:00:00.000Z,USA,Southwest Power Pool,US-CENT-SWPP,264.0,302.0,,63.0,,False,
2025-10-05T02:00:00.000Z,USA,Southwest Power Pool,US-CENT-SWPP,247.0,283.0,,65.0,,False,
2025-10-05T03:00:00.000Z,USA,Southwest Power Pool,US-CENT-SWPP,237.0,272.0,,67.0,,False,
2025-10-05T04:00:00.000Z,USA,Southwest Power Pool,US-CENT-SWPP,228.0,262.0,,68.0,,False,
2025-10-05T05:00:00.000Z,USA,Southwest Power Pool,US-CENT-SWPP,220.0,253.0,,69.0,,False,
2025-10-05T06:00:00.000Z,USA,Southwest Power Pool,US-CENT-SWPP,218.0,251.0,,70.0,,False,
2025-10-05T07:00:00.000Z,USA,Southwest Power Pool,US-CENT-SWPP,215.0,246.0,,70.0,,False,
2025-10-05T08:00:00.000Z,USA,Southwest Power Pool,US-CENT-SWPP,222.0,254.0,,69.0,,False,
2025-10-05T09:00:00.000Z,USA,Southwest Power Pool,US-CENT-SWPP,223.0,256.0,,69.0,,False,
2025-10-05T10:00:00.000Z,USA,Southwest Power Pool,US-CENT-SWPP,220.0,252.0,,70.0,,False,
2025-10-05T11:00:00.000Z,USA,Southwest Power Pool,US-CENT-SWPP,211.0,242.0,,71.0,,False,
2025-10-05T12:00:00.000Z,USA,Southwest Power Pool,US-CENT-SWPP,207.0,238.0,,71.0,,False,
2025-10-05T13:00:00.000Z,USA,Southwest Power Pool,US-CENT-SWPP,217.0,249.0,,70.0,,False,
2025-10-05T14:00:00.000Z,USA,Southwest Power Pool,US-CENT-SWPP,219.0,254.0,,69.0,,False,
2025-10-05T15:00:00.000Z,USA,Southwest Power Pool,US-CENT-SWPP,221.0,257.0,,68.0,,False,
2025-10-05T16:00:00.000Z,USA,Southwest Power Pool,US-CENT-SWPP,233.0,271.0,,66.0,,False,
2025-10-05T17:00:00.000Z,USA,Southwest Power Pool,US-CENT-SWPP,248.0,287.0,,64.0,,False,
2025-10-05T18:00:00.000Z,USA,Southwest Power Pool,US-CENT-SWPP,279.0,321.0,,60.0,,False,
2025-10-05T19:00:00.000Z,USA,Southwest Power Pool,US-CENT-SWPP,306.0,351.0,,57.0,,False,
2025-10-05T20:00:00.000Z,USA,Southwest Power Pool,US-CENT-SWPP,321.0,368.0,,55.0,,False,
2025-10-05T21:00:00.000Z,USA,Southwest Power Pool,US-CENT-SWPP,330.0,377.0,,54.0,,False,
2025-10-05T22:00:00.000Z,USA,Southwest Power Pool,US-CENT-SWPP,319.0,364.0,,56.0,,False,
2025-10-05T23:00:00.000Z,USA,Southwest Power Pool,US-CENT-SWPP,332.0,379.0,,54.0,,False,
2025-10-06T00:00:00.000Z,USA,Southwest Power Pool,US-CENT-SWPP,328.0,372.0,,56.0,,False,
2025-10-06T01:00:00.000Z,USA,Southwest Power Pool,US-CENT-SWPP,300.0,342.0,,59.0,,False,
2025-10-06T02:00:00.000Z,USA,Southwest Power Pool,US-CENT-SWPP,276.0,315.0,,62.0,,False,
2025-10-06T03:00:00.000Z,USA,Southwest Power Pool,US-CENT-SWPP,262.0,300.0,,64.0,,False,
2025-10-06T04:00:00.000Z,USA,Southwest Power Pool,US-CENT-SWPP,260.0,297.0,,64.0,,False,
2025-10-06T05:00:00.000Z,USA,Southwest Power Pool,US-CENT-SWPP,264.0,301.0,,64.0,,False,
2025-10-06T06:00:00.000Z,USA,Southwest Power Pool,US-CENT-SWPP,283.0,321.0,,62.0,,False,
2025-10-06T07:00:00.000Z,USA,Southwest Power Pool,US-CENT-SWPP,289.0,328.0,,61.0,,False,
2025-10-06T08:00:00.000Z,USA,Southwest Power Pool,US-CENT-SWPP,310.0,351.0,,58.0,,False,
2025-10-06T09:00:00.000Z,USA,Southwest Power Pool,US-CENT-SWPP,349.0,393.0,,54.0,,False,
2025-10-06T10:00:00.000Z,USA,Southwest Power Pool,US-CENT-SWPP,398.0,446.0,,48.0,,False,
2025-10-06T11:00:00.000Z,USA,Southwest Power Pool,US-CENT-SWPP,412.0,463.0,,46.0,,False,
2025-10-06T12:00:00.000Z,USA,Southwest Power Pool,US-CENT-SWPP,446.0,499.0,,42.0,,False,
2025-10-06T13:00:00.000Z,USA,Southwest Power Pool,US-CENT-SWPP,467.0,523.0,,39.0,,False,
2025-10-06T14:00:00.000Z,USA,Southwest Power Pool,US-CENT-SWPP,508.0,568.0,,34.0,,False,
2025-10-06T15:00:00.000Z,USA,Southwest Power Pool,US-CENT-SWPP,503.0,563.0,,34.0,,False,
2025-10-06T16:00:00.000Z,USA,Southwest Power Pool,US-CENT-SWPP,508.0,569.0,,33.0,,False,
2025-10-06T17:00:00.000Z,USA,Southwest Power Pool,US-CENT-SWPP,539.0,604.0,,29.0,,False,
2025-10-06T18:00:00.000Z,USA,Southwest Power Pool,US-CENT-SWPP,568.0,638.0,,24.0,,False,
2025-10-06T19:00:00.000Z,USA,Southwest Power Pool,US-CENT-SWPP,582.0,654.0,,22.0,,False,
2025-10-06T20:00:00.000Z,USA,Southwest Power Pool,US-CENT-SWPP,580.0,652.0,,22.0,,False,
2025-10-06T21:00:00.000Z,USA,Southwest Power Pool,US-CENT-SWPP,572.0,643.0,,23.0,,False,
2025-10-06T22:00:00.000Z,USA,Southwest Power Pool,US-CENT-SWPP,564.0,634.0,,24.0,,False,
2025-10-06T23:00:00.000Z,USA,Southwest Power Pool,US-CENT-SWPP,553.0,622.0,,26.0,,False,
2025-10-07T00:00:00.000Z,USA,Southwest Power Pool,US-CENT-SWPP,539.0,604.0,,29.0,,False,
2025-10-07T01:00:00.000Z,USA,Southwest Power Pool,US-CENT-SWPP,509.0,569.0,,34.0,,False,
2025-10-07T02:00:00.000Z,USA,Southwest Power Pool,US-CENT-SWPP,482.0,538.0,,38.0,,False,
2025-10-07T03:00:00.000Z,USA,Southwest Power Pool,US-CENT-SWPP,468.0,523.0,,40.0,,False,
2025-10-07T04:00:00.000Z,USA,Southwest Power Pool,US-CENT-SWPP,456.0,510.0,,41.0,,False,
2025-10-07T05:00:00.000Z,USA,Southwest Power Pool,US-CENT-SWPP,464.0,518.0,,40.0,,False,
2025-10-07T06:00:00.000Z,USA,Southwest Power Pool,US-CENT-SWPP,478.0,532.0,,39.0,,False,
2025-10-07T07:00:00.000Z,USA,Southwest Power Pool,US-CENT-SWPP,478.0,533.0,,38.0,,False,
2025-10-07T08:00:00.000Z,USA,Southwest Power Pool,US-CENT-SWPP,495.0,551.0,,36.0,,False,
2025-10-07T09:00:00.000Z,USA,Southwest Power Pool,US-CENT-SWPP,520.0,578.0,,34.0,,False,
2025-10-07T10:00:00.000Z,USA,Southwest Power Pool,US-CENT-SWPP,516.0,573.0,,35.0,,False,
2025-10-07T11:00:00.000Z,USA,Southwest Power Pool,US-CENT-SWPP,515.0,572.0,,35.0,,False,
2025-10-07T12:00:00.000Z,USA,Southwest Power Pool,US-CENT-SWPP,555.0,616.0,,30.0,,False,
2025-10-07T13:00:00.000Z,USA,Southwest Power Pool,US-CENT-SWPP,587.0,652.0,,25.0,,False,
2025-10-07T14:00:00.000Z,USA,Southwest Power Pool,US-CENT-SWPP,583.0,647.0,,26.0,,False,
2025-10-07T15:00:00.000Z,USA,Southwest Power Pool,US-CENT-SWPP,604.0,671.0,,23.0,,False,
2025-10-07T16:00:00.000Z,USA,Southwest Power Pool,US-CENT-SWPP,616.0,685.0,,21.0,,False,
2025-10-07T17:00:00.000Z,USA,Southwest Power Pool,US-CENT-SWPP,615.0,685.0,,20.0,,False,
2025-10-07T18:00:00.000Z,USA,Southwest Power Pool,US-CENT-SWPP,626.0,698.0,,19.0,,False,
2025-10-07T19:00:00.000Z,USA,Southwest Power Pool,US-CENT-SWPP,631.0,706.0,,16.0,,False,
2025-10-07T20:00:00.000Z,USA,Southwest Power Pool,US-CENT-SWPP,633.0,709.0,,16.0,,False,
2025-10-07T21:00:00.000Z,USA,Southwest Power Pool,US-CENT-SWPP,631.0,707.0,,16.0,,False,
2025-10-07T22:00:00.000Z,USA,Southwest Power Pool,US-CENT-SWPP,630.0,704.0,,17.0,,False,
2025-10-07T23:00:00.000Z,USA,Southwest Power Pool,US-CENT-SWPP,638.0,714.0,,16.0,,False,
2025-10-08T00:00:00.000Z,USA,Southwest Power Pool,US-CENT-SWPP,635.0,710.0,,16.0,,False,
2025-10-08T01:00:00.000Z,USA,Southwest Power Pool,US-CENT-SWPP,611.0,680.0,,21.0,,False,
2025-10-08T02:00:00.000Z,USA,Southwest Power Pool,US-CENT-SWPP,592.0,658.0,,24.0,,False,
2025-10-08T03:00:00.000Z,USA,Southwest Power Pool,US-CENT-SWPP,586.0,650.0,,26.0,,False,
2025-10-08T04:00:00.000Z,USA,Southwest Power Pool,US-CENT-SWPP,567.0,628.0,,29.0,,False,
2025-10-08T05:00:00.000Z,USA,Southwest Power Pool,US-CENT-SWPP,564.0,622.0,,31.0,,False,
2025-10-08T06:00:00.000Z,USA,Southwest Power Pool,US-CENT-SWPP,563.0,619.0,,31.0,,False,
2025-10-08T07:00:00.000Z,USA,Southwest Power Pool,US-CENT-SWPP,548.0,603.0,,33.0,,False,
2025-10-08T08:00:00.000Z,USA,Southwest Power Pool,US-CENT-SWPP,553.0,609.0,,32.0,,False,
2025-10-08T09:00:00.000Z,USA,Southwest Power Pool,US-CENT-SWPP,546.0,601.0,,33.0,,False,
2025-10-08T10:00:00.000Z,USA,Southwest Power Pool,US-CENT-SWPP,538.0,593.0,,34.0,,False,
2025-10-08T11:00:00.000Z,USA,Southwest Power Pool,US-CENT-SWPP,529.0,585.0,,34.0,,False,
2025-10-08T12:00:00.000Z,USA,Southwest Power Pool,US-CENT-SWPP,529.0,586.0,,34.0,,False,
2025-10-08T13:00:00.000Z,USA,Southwest Power Pool,US-CENT-SWPP,538.0,597.0,,32.0,,False,
2025-10-08T14:00:00.000Z,USA,Southwest Power Pool,US-CENT-SWPP,552.0,615.0,,29.0,,False,
2025-10-08T15:00:00.000Z,USA,Southwest Power Pool,US-CENT-SWPP,567.0,631.0,,27.0,,False,
2025-10-08T16:00:00.000Z,USA,Southwest Power Pool,US-CENT-SWPP,556.0,620.0,,28.0,,False,
2025-10-08T17:00:00.000Z,USA,Southwest Power Pool,US-CENT-SWPP,534.0,598.0,,29.0,,False,
2025-10-08T18:00:00.000Z,USA,Southwest Power Pool,US-CENT-SWPP,529.0,593.0,,30.0,,False,
2025-10-08T19:00:00.000Z,USA,Southwest Power Pool,US-CENT-SWPP,520.0,583.0,,31.0,,False,
2025-10-08T20:00:00.000Z,USA,Southwest Power Pool,US-CENT-SWPP,505.0,567.0,,33.0,,False,
2025-10-08T21:00:00.000Z,USA,Southwest Power Pool,US-CENT-SWPP,504.0,565.0,,33.0,,False,
2025-10-08T22:00:00.000Z,USA,Southwest Power Pool,US-CENT-SWPP,511.0,573.0,,33.0,,False,
2025-10-08T23:00:00.000Z,USA,Southwest Power Pool,US-CENT-SWPP,518.0,579.0,,32.0,,False,
2025-10-09T00:00:00.000Z,USA,Southwest Power Pool,US-CENT-SWPP,504.0,563.0,,35.0,,False,
2025-10-09T01:00:00.000Z,USA,Southwest Power Pool,US-CENT-SWPP,453.0,505.0,,42.0,,False,
2025-10-09T02:00:00.000Z,USA,Southwest Power Pool,US-CENT-SWPP,402.0,449.0,,48.0,,False,
2025-10-09T03:00:00.000Z,USA,Southwest Power Pool,US-CENT-SWPP,366.0,410.0,,53.0,,False,
2025-10-09T04:00:00.000Z,USA,Southwest Power Pool,US-CENT-SWPP,350.0,392.0,,55.0,,False,
2025-10-09T05:00:00.000Z,USA,Southwest Power Pool,US-CENT-SWPP,331.0,371.0,,57.0,,False,
2025-10-09T06:00:00.000Z,USA,Southwest Power Pool,US-CENT-SWPP,315.0,354.0,,59.0,,False,
2025-10-09T07:00:00.000Z,USA,Southwest Power Pool,US-CENT-SWPP,311.0,350.0,,59.0,,False,
2025-10-09T08:00:00.000Z,USA,Southwest Power Pool,US-CENT-SWPP,306.0,345.0,,60.0,,False,
2025-10-09T09:00:00.000Z,USA,Southwest Power Pool,US-CENT-SWPP,303.0,342.0,,60.0,,False,
2025-10-09T10:00:00.000Z,USA,Southwest Power Pool,US-CENT-SWPP,309.0,348.0,,59.0,,False,
2025-10-09T11:00:00.000Z,USA,Southwest Power Pool,US-CENT-SWPP,322.0,362.0,,58.0,,False,
2025-10-09T12:00:00.000Z,USA,Southwest Power Pool,US-CENT-SWPP,325.0,365.0,,58.0,,False,
2025-10-09T13:00:00.000Z,USA,Southwest Power Pool,US-CENT-SWPP,326.0,368.0,,57.0,,False,
2025-10-09T14:00:00.000Z,USA,Southwest Power Pool,US-CENT-SWPP,353.0,398.0,,53.0,,False,
2025-10-09T15:00:00.000Z,USA,Southwest Power Pool,US-CENT-SWPP,362.0,408.0,,52.0,,False,
2025-10-09T16:00:00.000Z,USA,Southwest Power Pool,US-CENT-SWPP,385.0,433.0,,49.0,,False,
2025-10-09T17:00:00.000Z,USA,Southwest Power Pool,US-CENT-SWPP,394.0,444.0,,47.0,,False,
2025-10-09T18:00:00.000Z,USA,Southwest Power Pool,US-CENT-SWPP,420.0,474.0,,44.0,,False,
2025-10-09T19:00:00.000Z,USA,Southwest Power Pool,US-CENT-SWPP,445.0,502.0,,40.0,,False,
2025-10-09T20:00:00.000Z,USA,Southwest Power Pool,US-CENT-SWPP,458.0,517.0,,38.0,,False,
2025-10-09T21:00:00.000Z,USA,Southwest Power Pool,US-CENT-SWPP,457.0,516.0,,38.0,,False,
2025-10-09T22:00:00.000Z,USA,Southwest Power Pool,US-CENT-SWPP,464.0,523.0,,38.0,,False,
2025-10-09T23:00:00.000Z,USA,Southwest Power Pool,US-CENT-SWPP,469.0,528.0,,38.0,,False,
2025-10-10T00:00:00.000Z,USA,Southwest Power Pool,US-CENT-SWPP,444.0,499.0,,41.0,,False,
2025-10-10T01:00:00.000Z,USA,Southwest Power Pool,US-CENT-SWPP,390.0,441.0,,48.0,,False,
2025-10-10T02:00:00.000Z,USA,Southwest Power Pool,US-CENT-SWPP,348.0,395.0,,53.0,,False,
2025-10-10T03:00:00.000Z,USA,Southwest Power Pool,US-CENT-SWPP,332.0,376.0,,55.0,,False,
2025-10-10T04:00:00.000Z,USA,Southwest Power Pool,US-CENT-SWPP,306.0,347.0,,58.0,,False,
2025-10-10T05:00:00.000Z,USA,Southwest Power Pool,US-CENT-SWPP,284.0,324.0,,61.0,,False,
2025-10-10T06:00:00.000Z,USA,Southwest Power Pool,US-CENT-SWPP,277.0,316.0,,62.0,,False,
2025-10-10T07:00:00.000Z,USA,Southwest Power Pool,US-CENT-SWPP,274.0,311.0,,62.0,,False,
2025-10-10T08:00:00.000Z,USA,Southwest Power Pool,US-CENT-SWPP,271.0,309.0,,62.0,,False,
2025-10-10T09:00:00.000Z,USA,Southwest Power Pool,US-CENT-SWPP,277.0,317.0,,61.0,,False,
2025-10-10T10:00:00.000Z,USA,Southwest Power Pool,US-CENT-SWPP,291.0,331.0,,60.0,,False,
2025-10-10T11:00:00.000Z,USA,Southwest Power Pool,US-CENT-SWPP,322.0,364.0,,57.0,,False,
2025-10-10T12:00:00.000Z,USA,Southwest Power Pool,US-CENT-SWPP,349.0,393.0,,54.0,,False,
2025-10-10T13:00:00.000Z,USA,Southwest Power Pool,US-CENT-SWPP,368.0,415.0,,51.0,,False,
2025-10-10T14:00:00.000Z,USA,Southwest Power Pool,US-CENT-SWPP,452.0,509.0,,39.0,,False,
2025-10-10T15:00:00.000Z,USA,Southwest Power Pool,US-CENT-SWPP,500.0,560.0,,34.0,,False,
2025-10-10T16:00:00.000Z,USA,Southwest Power Pool,US-CENT-SWPP,503.0,563.0,,34.0,,False,
2025-10-10T17:00:00.000Z,USA,Southwest Power Pool,US-CENT-SWPP,536.0,602.0,,29.0,,False,
2025-10-10T18:00:00.000Z,USA,Southwest Power Pool,US-CENT-SWPP,564.0,634.0,,24.0,,False,
2025-10-10T19:00:00.000Z,USA,Southwest Power Pool,US-CENT-SWPP,577.0,651.0,,21.0,,False,
2025-10-10T20:00:00.000Z,USA,Southwest Power Pool,US-CENT-SWPP,578.0,652.0,,20.0,,False,
2025-10-10T21:00:00.000Z,USA,Southwest Power Pool,US-CENT-SWPP,575.0,650.0,,20.0,,False,
2025-10-10T22:00:00.000Z,USA,Southwest Power Pool,US-CENT-SWPP,574.0,649.0,,20.0,,False,
2025-10-10T23:00:00.000Z,USA,Southwest Power Pool,US-CENT-SWPP,577.0,651.0,,20.0,,False,
2025-10-11T00:00:00.000Z,USA,Southwest Power Pool,US-CENT-SWPP,538.0,605.0,,27.0,,False,
2025-10-11T01:00:00.000Z,USA,Southwest Power Pool,US-CENT-SWPP,463.0,520.0,,39.0,,False,
2025-10-11T02:00:00.000Z,USA,Southwest Power Pool,US-CENT-SWPP,420.0,470.0,,46.0,,False,
2025-10-11T03:00:00.000Z,USA,Southwest Power Pool,US-CENT-SWPP,365.0,410.0,,53.0,,False,
2025-10-11T04:00:00.000Z,USA,Southwest Power Pool,US-CENT-SWPP,315.0,356.0,,58.0,,False,
2025-10-11T05:00:00.000Z,USA,Southwest Power Pool,US-CENT-SWPP,282.0,321.0,,62.0,,False,
2025-10-11T06:00:00.000Z,USA,Southwest Power Pool,US-CENT-SWPP,253.0,289.0,,65.0,,False,
2025-10-11T07:00:00.000Z,USA,Southwest Power Pool,US-CENT-SWPP,241.0,276.0,,66.0,,False,
2025-10-11T08:00:00.000Z,USA,Southwest Power Pool,US-CENT-SWPP,234.0,270.0,,67.0,,False,
2025-10-11T09:00:00.000Z,USA,Southwest Power Pool,US-CENT-SWPP,234.0,269.0,,66.0,,False,
2025-10-11T10:00:00.000Z,USA,Southwest Power Pool,US-CENT-SWPP,238.0,274.0,,66.0,,False,
2025-10-11T11:00:00.000Z,USA,Southwest Power Pool,US-CENT-SWPP,247.0,283.0,,65.0,,False,
2025-10-11T12:00:00.000Z,USA,Southwest Power Pool,US-CENT-SWPP,272.0,311.0,,62.0,,False,
2025-10-11T13:00:00.000Z,USA,Southwest Power Pool,US-CENT-SWPP,304.0,346.0,,58.0,,False,
2025-10-11T14:00:00.000Z,USA,Southwest Power Pool,US-CENT-SWPP,354.0,403.0,,51.0,,False,
2025-10-11T15:00:00.000Z,USA,Southwest Power Pool,US-CENT-SWPP,387.0,439.0,,47.0,,False,
2025-10-11T16:00:00.000Z,USA,Southwest Power Pool,US-CENT-SWPP,368.0,417.0,,50.0,,False,
2025-10-11T17:00:00.000Z,USA,Southwest Power Pool,US-CENT-SWPP,357.0,408.0,,50.0,,False,
2025-10-11T18:00:00.000Z,USA,Southwest Power Pool,US-CENT-SWPP,354.0,406.0,,49.0,,False,
2025-10-11T19:00:00.000Z,USA,Southwest Power Pool,US-CENT-SWPP,349.0,402.0,,49.0,,False,
2025-10-11T20:00:00.000Z,USA,Southwest Power Pool,US-CENT-SWPP,334.0,386.0,,51.0,,False,
2025-10-11T21:00:00.000Z,USA,Southwest Power Pool,US-CENT-SWPP,327.0,378.0,,52.0,,False,
2025-10-11T22:00:00.000Z,USA,Southwest Power Pool,US-CENT-SWPP,325.0,376.0,,52.0,,False,
2025-10-11T23:00:00.000Z,USA,Southwest Power Pool,US-CENT-SWPP,319.0,369.0,,53.0,,False,
2025-10-12T00:00:00.000Z,USA,Southwest Power Pool,US-CENT-SWPP,286.0,332.0,,57.0,,False,
2025-10-12T01:00:00.000Z,USA,Southwest Power Pool,US-CENT-SWPP,245.0,285.0,,63.0,,False,
2025-10-12T02:00:00.000Z,USA,Southwest Power Pool,US-CENT-SWPP,223.0,261.0,,66.0,,False,
2025-10-12T03:00:00.000Z,USA,Southwest Power Pool,US-CENT-SWPP,207.0,242.0,,69.0,,False,
2025-10-12T04:00:00.000Z,USA,Southwest Power Pool,US-CENT-SWPP,198.0,233.0,,70.0,,False,
2025-10-12T05:00:00.000Z,USA,Southwest Power Pool,US-CENT-SWPP,190.0,223.0,,72.0,,False,
2025-10-12T06:00:00.000Z,USA,Southwest Power Pool,US-CENT-SWPP,190.0,223.0,,71.0,,False,
2025-10-12T07:00:00.000Z,USA,Southwest Power Pool,US-CENT-SWPP,188.0,221.0,,72.0,,False,
2025-10-12T08:00:00.000Z,USA,Southwest Power Pool,US-CENT-SWPP,187.0,220.0,,72.0,,False,
2025-10-12T09:00:00.000Z,USA,Southwest Power Pool,US-CENT-SWPP,184.0,216.0,,72.0,,False,
2025-10-12T10:00:00.000Z,USA,Southwest Power Pool,US-CENT-SWPP,184.0,217.0,,71.0,,False,
2025-10-12T11:00:00.000Z,USA,Southwest Power Pool,US-CENT-SWPP,185.0,218.0,,71.0,,False,
2025-10-12T12:00:00.000Z,USA,Southwest Power Pool,US-CENT-SWPP,185.0,217.0,,72.0,,False,
2025-10-12T13:00:00.000Z,USA,Southwest Power Pool,US-CENT-SWPP,193.0,226.0,,71.0,,False,
2025-10-12T14:00:00.000Z,USA,Southwest Power Pool,US-CENT-SWPP,195.0,230.0,,70.0,,False,
2025-10-12T15:00:00.000Z,USA,Southwest Power Pool,US-CENT-SWPP,200.0,236.0,,69.0,,False,
2025-10-12T16:00:00.000Z,USA,Southwest Power Pool,US-CENT-SWPP,208.0,247.0,,67.0,,False,
2025-10-12T17:00:00.000Z,USA,Southwest Power Pool,US-CENT-SWPP,216.0,257.0,,65.0,,False,
2025-10-12T18:00:00.000Z,USA,Southwest Power Pool,US-CENT-SWPP,233.0,276.0,,63.0,,False,
2025-10-12T19:00:00.000Z,USA,Southwest Power Pool,US-CENT-SWPP,250.0,294.0,,61.0,,False,
2025-10-12T20:00:00.000Z,USA,Southwest Power Pool,US-CENT-SWPP,259.0,304.0,,60.0,,False,
2025-10-12T21:00:00.000Z,USA,Southwest Power Pool,US-CENT-SWPP,267.0,312.0,,59.0,,False,
2025-10-12T22:00:00.000Z,USA,Southwest Power Pool,US-CENT-SWPP,281.0,328.0,,57.0,,False,
2025-10-12T23:00:00.000Z,USA,Southwest Power Pool,US-CENT-SWPP,311.0,362.0,,53.0,,False,
2025-10-13T00:00:00.000Z,USA,Southwest Power Pool,US-CENT-SWPP,320.0,370.0,,52.0,,False,
2025-10-13T01:00:00.000Z,USA,Southwest Power Pool,US-CENT-SWPP,300.0,345.0,,56.0,,False,
2025-10-13T02:00:00.000Z,USA,Southwest Power Pool,US-CENT-SWPP,272.0,314.0,,60.0,,False,
2025-10-13T03:00:00.000Z,USA,Southwest Power Pool,US-CENT-SWPP,259.0,300.0,,62.0,,False,
2025-10-13T04:00:00.000Z,USA,Southwest Power Pool,US-CENT-SWPP,241.0,279.0,,65.0,,False,
2025-10-13T05:00:00.000Z,USA,Southwest Power Pool,US-CENT-SWPP,250.0,288.0,,64.0,,False,
2025-10-13T06:00:00.000Z,USA,Southwest Power Pool,US-CENT-SWPP,242.0,280.0,,65.0,,False,
2025-10-13T07:00:00.000Z,USA,Southwest Power Pool,US-CENT-SWPP,247.0,286.0,,64.0,,False,
2025-10-13T08:00:00.000Z,USA,Southwest Power Pool,US-CENT-SWPP,259.0,299.0,,62.0,,False,
2025-10-13T09:00:00.000Z,USA,Southwest Power Pool,US-CENT-SWPP,281.0,323.0,,59.0,,False,
2025-10-13T10:00:00.000Z,USA,Southwest Power Pool,US-CENT-SWPP,321.0,367.0,,54.0,,False,
2025-10-13T11:00:00.000Z,USA,Southwest Power Pool,US-CENT-SWPP,364.0,414.0,,49.0,,False,
2025-10-13T12:00:00.000Z,USA,Southwest Power Pool,US-CENT-SWPP,387.0,439.0,,47.0,,False,
2025-10-13T13:00:00.000Z,USA,Southwest Power Pool,US-CENT-SWPP,401.0,455.0,,44.0,,False,
2025-10-13T14:00:00.000Z,USA,Southwest Power Pool,US-CENT-SWPP,403.0,459.0,,43.0,,False,
2025-10-13T15:00:00.000Z,USA,Southwest Power Pool,US-CENT-SWPP,415.0,473.0,,41.0,,False,
2025-10-13T16:00:00.000Z,USA,Southwest Power Pool,US-CENT-SWPP,462.0,526.0,,34.0,,False,
2025-10-13T17:00:00.000Z,USA,Southwest Power Pool,US-CENT-SWPP,514.0,585.0,,26.0,,False,
2025-10-13T18:00:00.000Z,USA,Southwest Power Pool,US-CENT-SWPP,564.0,641.0,,19.0,,False,
2025-10-13T19:00:00.000Z,USA,Southwest Power Pool,US-CENT-SWPP,592.0,673.0,,15.0,,False,
2025-10-13T20:00:00.000Z,USA,Southwest Power Pool,US-CENT-SWPP,602.0,684.0,,14.0,,False,
2025-10-13T21:00:00.000Z,USA,Southwest Power Pool,US-CENT-SWPP,605.0,686.0,,14.0,,False,
2025-10-13T22:00:00.000Z,USA,Southwest Power Pool,US-CENT-SWPP,604.0,685.0,,14.0,,False,
2025-10-13T23:00:00.000Z,USA,Southwest Power Pool,US-CENT-SWPP,599.0,679.0,,15.0,,False,
2025-10-14T00:00:00.000Z,USA,Southwest Power Pool,US-CENT-SWPP,595.0,674.0,,16.0,,False,
2025-10-14T01:00:00.000Z,USA,Southwest Power Pool,US-CENT-SWPP,590.0,668.0,,17.0,,False,
2025-10-14T02:00:00.000Z,USA,Southwest Power Pool,US-CENT-SWPP,583.0,658.0,,19.0,,False,
2025-10-14T03:00:00.000Z,USA,Southwest Power Pool,US-CENT-SWPP,574.0,645.0,,22.0,,False,
2025-10-14T04:00:00.000Z,USA,Southwest Power Pool,US-CENT-SWPP,574.0,642.0,,24.0,,False,
2025-10-14T05:00:00.000Z,USA,Southwest Power Pool,US-CENT-SWPP,576.0,642.0,,25.0,,False,
2025-10-14T06:00:00.000Z,USA,Southwest Power Pool,US-CENT-SWPP,563.0,626.0,,27.0,,False,
2025-10-14T07:00:00.000Z,USA,Southwest Power Pool,US-CENT-SWPP,554.0,616.0,,28.0,,False,
2025-10-14T08:00:00.000Z,USA,Southwest Power Pool,US-CENT-SWPP,565.0,630.0,,26.0,,False,
2025-10-14T09:00:00.000Z,USA,Southwest Power Pool,US-CENT-SWPP,564.0,629.0,,26.0,,False,
2025-10-14T10:00:00.000Z,USA,Southwest Power Pool,US-CENT-SWPP,560.0,627.0,,25.0,,False,
2025-10-14T11:00:00.000Z,USA,Southwest Power Pool,US-CENT-SWPP,540.0,606.0,,27.0,,False,
2025-10-14T12:00:00.000Z,USA,Southwest Power Pool,US-CENT-SWPP,521.0,585.0,,30.0,,False,
2025-10-14T13:00:00.000Z,USA,Southwest Power Pool,US-CENT-SWPP,498.0,558.0,,34.0,,False,
2025-10-14T14:00:00.000Z,USA,Southwest Power Pool,US-CENT-SWPP,494.0,556.0,,34.0,,False,
2025-10-14T15:00:00.000Z,USA,Southwest Power Pool,US-CENT-SWPP,488.0,551.0,,33.0,,False,
2025-10-14T16:00:00.000Z,USA,Southwest Power Pool,US-CENT-SWPP,484.0,546.0,,34.0,,False,
2025-10-14T17:00:00.000Z,USA,Southwest Power Pool,US-CENT-SWPP,474.0,535.0,,35.0,,False,
2025-10-14T18:00:00.000Z,USA,Southwest Power Pool,US-CENT-SWPP,476.0,538.0,,35.0,,False,
2025-10-14T19:00:00.000Z,USA,Southwest Power Pool,US-CENT-SWPP,470.0,532.0,,35.0,,False,
2025-10-14T20:00:00.000Z,USA,Southwest Power Pool,US-CENT-SWPP,485.0,550.0,,33.0,,False,
2025-10-14T21:00:00.000Z,USA,Southwest Power Pool,US-CENT-SWPP,493.0,560.0,,31.0,,False,
2025-10-14T22:00:00.000Z,USA,Southwest Power Pool,US-CENT-SWPP,512.0,581.0,,28.0,,False,
2025-10-14T23:00:00.000Z,USA,Southwest Power Pool,US-CENT-SWPP,531.0,602.0,,26.0,,False,
2025-10-15T00:00:00.000Z,USA,Southwest Power Pool,US-CENT-SWPP,499.0,565.0,,31.0,,False,
2025-10-15T01:00:00.000Z,USA,Southwest Power Pool,US-CENT-SWPP,460.0,520.0,,37.0,,False,
2025-10-15T02:00:00.000Z,USA,Southwest Power Pool,US-CENT-SWPP,431.0,485.0,,43.0,,False,
2025-10-15T03:00:00.000Z,USA,Southwest Power Pool,US-CENT-SWPP,401.0,451.0,,47.0,,False,
2025-10-15T04:00:00.000Z,USA,Southwest Power Pool,US-CENT-SWPP,383.0,431.0,,49.0,,False,
2025-10-15T05:00:00.000Z,USA,Southwest Power Pool,US-CENT-SWPP,361.0,408.0,,51.0,,False,
2025-10-15T06:00:00.000Z,USA,Southwest Power Pool,US-CENT-SWPP,351.0,398.0,,52.0,,False,
2025-10-15T07:00:00.000Z,USA,Southwest Power Pool,US-CENT-SWPP,356.0,403.0,,51.0,,False,
2025-10-15T08:00:00.000Z,USA,Southwest Power Pool,US-CENT-SWPP,367.0,415.0,,50.0,,False,
2025-10-15T09:00:00.000Z,USA,Southwest Power Pool,US-CENT-SWPP,382.0,432.0,,48.0,,False,
2025-10-15T10:00:00.000Z,USA,Southwest Power Pool,US-CENT-SWPP,412.0,465.0,,44.0,,False,
2025-10-15T11:00:00.000Z,USA,Southwest Power Pool,US-CENT-SWPP,411.0,464.0,,44.0,,False,
2025-10-15T12:00:00.000Z,USA,Southwest Power Pool,US-CENT-SWPP,426.0,481.0,,42.0,,False,
2025-10-15T13:00:00.000Z,USA,Southwest Power Pool,US-CENT-SWPP,432.0,488.0,,41.0,,False,
2025-10-15T14:00:00.000Z,USA,Southwest Power Pool,US-CENT-SWPP,475.0,537.0,,34.0,,False,
2025-10-15T15:00:00.000Z,USA,Southwest Power Pool,US-CENT-SWPP,495.0,560.0,,31.0,,False,
2025-10-15T16:00:00.000Z,USA,Southwest Power Pool,US-CENT-SWPP,482.0,544.0,,34.0,,False,
2025-10-15T17:00:00.000Z,USA,Southwest Power Pool,US-CENT-SWPP,466.0,527.0,,36.0,,False,
2025-10-15T18:00:00.000Z,USA,Southwest Power Pool,US-CENT-SWPP,454.0,514.0,,37.0,,False,
2025-10-15T19:00:00.000Z,USA,Southwest Power Pool,US-CENT-SWPP,449.0,509.0,,38.0,,False,
2025-10-15T20:00:00.000Z,USA,Southwest Power Pool,US-CENT-SWPP,440.0,499.0,,39.0,,False,
2025-10-15T21:00:00.000Z,USA,Southwest Power Pool,US-CENT-SWPP,436.0,496.0,,39.0,,False,
2025-10-15T22:00:00.000Z,USA,Southwest Power Pool,US-CENT-SWPP,426.0,484.0,,40.0,,False,
2025-10-15T23:00:00.000Z,USA,Southwest Power Pool,US-CENT-SWPP,430.0,488.0,,40.0,,False,
2025-10-16T00:00:00.000Z,USA,Southwest Power Pool,US-CENT-SWPP,410.0,465.0,,43.0,,False,
2025-10-16T01:00:00.000Z,USA,Southwest Power Pool,US-CENT-SWPP,364.0,413.0,,50.0,,False,
2025-10-16T02:00:00.000Z,USA,Southwest Power Pool,US-CENT-SWPP,319.0,363.0,,56.0,,False,
2025-10-16T03:00:00.000Z,USA,Southwest Power Pool,US-CENT-SWPP,282.0,322.0,,61.0,,False,
2025-10-16T04:00:00.000Z,USA,Southwest Power Pool,US-CENT-SWPP,260.0,297.0,,64.0,,False,
2025-10-16T05:00:00.000Z,USA,Southwest Power Pool,US-CENT-SWPP,241.0,275.0,,67.0,,False,
2025-10-16T06:00:00.000Z,USA,Southwest Power Pool,US-CENT-SWPP,231.0,264.0,,68.0,,False,
2025-10-16T07:00:00.000Z,USA,Southwest Power Pool,US-CENT-SWPP,226.0,259.0,,69.0,,False,
2025-10-16T08:00:00.000Z,USA,Southwest Power Pool,US-CENT-SWPP,234.0,268.0,,68.0,,False,
2025-10-16T09:00:00.000Z,USA,Southwest Power Pool,US-CENT-SWPP,240.0,275.0,,67.0,,False,
2025-10-16T10:00:00.000Z,USA,Southwest Power Pool,US-CENT-SWPP,236.0,271.0,,67.0,,False,
2025-10-16T11:00:00.000Z,USA,Southwest Power Pool,US-CENT-SWPP,241.0,277.0,,66.0,,False,
2025-10-16T12:00:00.000Z,USA,Southwest Power Pool,US-CENT-SWPP,242.0,278.0,,66.0,,False,
2025-10-16T13:00:00.000Z,USA,Southwest Power Pool,US-CENT-SWPP,247.0,284.0,,65.0,,False,
2025-10-16T14:00:00.000Z,USA,Southwest Power Pool,US-CENT-SWPP,276.0,318.0,,60.0,,False,
2025-10-16T15:00:00.000Z,USA,Southwest Power Pool,US-CENT-SWPP,282.0,326.0,,59.0,,False,
2025-10-16T16:00:00.000Z,USA,Southwest Power Pool,US-CENT-SWPP,273.0,315.0,,60.0,,False,
2025-10-16T17:00:00.000Z,USA,Southwest Power Pool,US-CENT-SWPP,291.0,336.0,,57.0,,False,
2025-10-16T18:00:00.000Z,USA,Southwest Power Pool,US-CENT-SWPP,293.0,340.0,,56.0,,False,
2025-10-16T19:00:00.000Z,USA,Southwest Power Pool,US-CENT-SWPP,296.0,344.0,,56.0,,False,
2025-10-16T20:00:00.000Z,USA,Southwest Power Pool,US-CENT-SWPP,290.0,337.0,,56.0,,False,
2025-10-16T21:00:00.000Z,USA,Southwest Power Pool,US-CENT-SWPP,287.0,334.0,,57.0,,False,
2025-10-16T22:00:00.000Z,USA,Southwest Power Pool,US-CENT-SWPP,287.0,333.0,,57.0,,False,
2025-10-16T23:00:00.000Z,USA,Southwest Power Pool,US-CENT-SWPP,292.0,337.0,,57.0,,False,
2025-10-17T00:00:00.000Z,USA,Southwest Power Pool,US-CENT-SWPP,285.0,329.0,,58.0,,False,
2025-10-17T01:00:00.000Z,USA,Southwest Power Pool,US-CENT-SWPP,282.0,325.0,,59.0,,False,
2025-10-17T02:00:00.000Z,USA,Southwest Power Pool,US-CENT-SWPP,265.0,306.0,,61.0,,False,
2025-10-17T03:00:00.000Z,USA,Southwest Power Pool,US-CENT-SWPP,254.0,292.0,,63.0,,False,
2025-10-17T04:00:00.000Z,USA,Southwest Power Pool,US-CENT-SWPP,251.0,289.0,,64.0,,False,
2025-10-17T05:00:00.000Z,USA,Southwest Power Pool,US-CENT-SWPP,244.0,281.0,,64.0,,False,
2025-10-17T06:00:00.000Z,USA,Southwest Power Pool,US-CENT-SWPP,237.0,273.0,,65.0,,False,
2025-10-17T07:00:00.000Z,USA,Southwest Power Pool,US-CENT-SWPP,236.0,273.0,,65.0,,False,
2025-10-17T08:00:00.000Z,USA,Southwest Power Pool,US-CENT-SWPP,237.0,273.0,,65.0,,False,
2025-10-17T09:00:00.000Z,USA,Southwest Power Pool,US-CENT-SWPP,251.0,288.0,,64.0,,False,
2025-10-17T10:00:00.000Z,USA,Southwest Power Pool,US-CENT-SWPP,254.0,292.0,,64.0,,False,
2025-10-17T11:00:00.000Z,USA,Southwest Power Pool,US-CENT-SWPP,260.0,299.0,,63.0,,False,
2025-10-17T12:00:00.000Z,USA,Southwest Power Pool,US-CENT-SWPP,263.0,303.0,,62.0,,False,
2025-10-17T13:00:00.000Z,USA,Southwest Power Pool,US-CENT-SWPP,265.0,304.0,,62.0,,False,
2025-10-17T14:00:00.000Z,USA,Southwest Power Pool,US-CENT-SWPP,293.0,337.0,,58.0,,False,
2025-10-17T15:00:00.000Z,USA,Southwest Power Pool,US-CENT-SWPP,299.0,344.0,,57.0,,False,
2025-10-17T16:00:00.000Z,USA,Southwest Power Pool,US-CENT-SWPP,298.0,345.0,,56.0,,False,
2025-10-17T17:00:00.000Z,USA,Southwest Power Pool,US-CENT-SWPP,342.0,394.0,,49.0,,False,
2025-10-17T18:00:00.000Z,USA,Southwest Power Pool,US-CENT-SWPP,388.0,445.0,,44.0,,False,
2025-10-17T19:00:00.000Z,USA,Southwest Power Pool,US-CENT-SWPP,401.0,460.0,,42.0,,False,
2025-10-17T20:00:00.000Z,USA,Southwest Power Pool,US-CENT-SWPP,402.0,461.0,,42.0,,False,
2025-10-17T21:00:00.000Z,USA,Southwest Power Pool,US-CENT-SWPP,415.0,474.0,,41.0,,False,
2025-10-17T22:00:00.000Z,USA,Southwest Power Pool,US-CENT-SWPP,432.0,491.0,,39.0,,False,
2025-10-17T23:00:00.000Z,USA,Southwest Power Pool,US-CENT-SWPP,467.0,530.0,,35.0,,False,
2025-10-18T00:00:00.000Z,USA,Southwest Power Pool,US-CENT-SWPP,482.0,546.0,,33.0,,False,
2025-10-18T01:00:00.000Z,USA,Southwest Power Pool,US-CENT-SWPP,456.0,514.0,,38.0,,False,
2025-10-18T02:00:00.000Z,USA,Southwest Power Pool,US-CENT-SWPP,447.0,502.0,,41.0,,False,
2025-10-18T03:00:00.000Z,USA,Southwest Power Pool,US-CENT-SWPP,440.0,493.0,,42.0,,False,
2025-10-18T04:00:00.000Z,USA,Southwest Power Pool,US-CENT-SWPP,450.0,502.0,,42.0,,False,
2025-10-18T05:00:00.000Z,USA,Southwest Power Pool,US-CENT-SWPP,461.0,514.0,,40.0,,False,
2025-10-18T06:00:00.000Z,USA,Southwest Power Pool,US-CENT-SWPP,465.0,520.0,,39.0,,False,
2025-10-18T07:00:00.000Z,USA,Southwest Power Pool,US-CENT-SWPP,446.0,500.0,,41.0,,False,
2025-10-18T08:00:00.000Z,USA,Southwest Power Pool,US-CENT-SWPP,433.0,486.0,,42.0,,False,
2025-10-18T09:00:00.000Z,USA,Southwest Power Pool,US-CENT-SWPP,433.0,487.0,,42.0,,False,
2025-10-18T10:00:00.000Z,USA,Southwest Power Pool,US-CENT-SWPP,401.0,451.0,,46.0,,False,
2025-10-18T11:00:00.000Z,USA,Southwest Power Pool,US-CENT-SWPP,411.0,463.0,,45.0,,False,
2025-10-18T12:00:00.000Z,USA,Southwest Power Pool,US-CENT-SWPP,429.0,482.0,,43.0,,False,
2025-10-18T13:00:00.000Z,USA,Southwest Power Pool,US-CENT-SWPP,395.0,445.0,,47.0,,False,
2025-10-18T14:00:00.000Z,USA,Southwest Power Pool,US-CENT-SWPP,383.0,433.0,,48.0,,False,
2025-10-18T15:00:00.000Z,USA,Southwest Power Pool,US-CENT-SWPP,375.0,424.0,,49.0,,False,
2025-10-18T16:00:00.000Z,USA,Southwest Power Pool,US-CENT-SWPP,366.0,415.0,,50.0,,False,
2025-10-18T17:00:00.000Z,USA,Southwest Power Pool,US-CENT-SWPP,342.0,389.0,,53.0,,False,
2025-10-18T18:00:00.000Z,USA,Southwest Power Pool,US-CENT-SWPP,347.0,394.0,,52.0,,False,
2025-10-18T19:00:00.000Z,USA,Southwest Power Pool,US-CENT-SWPP,334.0,380.0,,54.0,,False,
2025-10-18T20:00:00.000Z,USA,Southwest Power Pool,US-CENT-SWPP,312.0,356.0,,56.0,,False,
2025-10-18T21:00:00.000Z,USA,Southwest Power Pool,US-CENT-SWPP,295.0,338.0,,58.0,,False,
2025-10-18T22:00:00.000Z,USA,Southwest Power Pool,US-CENT-SWPP,285.0,328.0,,59.0,,False,
2025-10-18T23:00:00.000Z,USA,Southwest Power Pool,US-CENT-SWPP,283.0,327.0,,59.0,,False,
2025-10-19T00:00:00.000Z,USA,Southwest Power Pool,US-CENT-SWPP,273.0,316.0,,60.0,,False,
2025-10-19T01:00:00.000Z,USA,Southwest Power Pool,US-CENT-SWPP,256.0,296.0,,63.0,,False,
2025-10-19T02:00:00.000Z,USA,Southwest Power Pool,US-CENT-SWPP,245.0,283.0,,65.0,,False,
2025-10-19T03:00:00.000Z,USA,Southwest Power Pool,US-CENT-SWPP,229.0,264.0,,68.0,,False,
2025-10-19T04:00:00.000Z,USA,Southwest Power Pool,US-CENT-SWPP,225.0,258.0,,68.0,,False,
2025-10-19T05:00:00.000Z,USA,Southwest Power Pool,US-CENT-SWPP,243.0,279.0,,66.0,,False,
2025-10-19T06:00:00.000Z,USA,Southwest Power Pool,US-CENT-SWPP,243.0,278.0,,66.0,,False,
2025-10-19T07:00:00.000Z,USA,Southwest Power Pool,US-CENT-SWPP,244.0,280.0,,65.0,,False,
2025-10-19T08:00:00.000Z,USA,Southwest Power Pool,US-CENT-SWPP,250.0,287.0,,64.0,,False,
2025-10-19T09:00:00.000Z,USA,Southwest Power Pool,US-CENT-SWPP,267.0,306.0,,61.0,,False,
2025-10-19T10:00:00.000Z,USA,Southwest Power Pool,US-CENT-SWPP,297.0,340.0,,57.0,,False,
2025-10-19T11:00:00.000Z,USA,Southwest Power Pool,US-CENT-SWPP,327.0,374.0,,52.0,,False,
2025-10-19T12:00:00.000Z,USA,Southwest Power Pool,US-CENT-SWPP,376.0,430.0,,46.0,,False,
2025-10-19T13:00:00.000Z,USA,Southwest Power Pool,US-CENT-SWPP,416.0,473.0,,41.0,,False,
2025-10-19T14:00:00.000Z,USA,Southwest Power Pool,US-CENT-SWPP,490.0,556.0,,31.0,,False,
2025-10-19T15:00:00.000Z,USA,Southwest Power Pool,US-CENT-SWPP,541.0,611.0,,25.0,,False,
2025-10-19T16:00:00.000Z,USA,Southwest Power Pool,US-CENT-SWPP,491.0,555.0,,32.0,,False,
2025-10-19T17:00:00.000Z,USA,Southwest Power Pool,US-CENT-SWPP,444.0,504.0,,38.0,,False,
2025-10-19T18:00:00.000Z,USA,Southwest Power Pool,US-CENT-SWPP,383.0,437.0,,46.0,,False,
2025-10-19T19:00:00.000Z,USA,Southwest Power Pool,US-CENT-SWPP,343.0,394.0,,50.0,,False,
2025-10-19T20:00:00.000Z,USA,Southwest Power Pool,US-CENT-SWPP,308.0,356.0,,55.0,,False,
2025-10-19T21:00:00.000Z,USA,Southwest Power Pool,US-CENT-SWPP,280.0,325.0,,59.0,,False,
2025-10-19T22:00:00.000Z,USA,Southwest Power Pool,US-CENT-SWPP,271.0,314.0,,60.0,,False,
2025-10-19T23:00:00.000Z,USA,Southwest Power Pool,US-CENT-SWPP,303.0,346.0,,58.0,,False,
2025-10-20T00:00:00.000Z,USA,Southwest Power Pool,US-CENT-SWPP,266.0,304.0,,63.0,,False,
2025-10-20T01:00:00.000Z,USA,Southwest Power Pool,US-CENT-SWPP,225.0,260.0,,68.0,,False,
2025-10-20T02:00:00.000Z,USA,Southwest Power Pool,US-CENT-SWPP,210.0,243.0,,70.0,,False,
2025-10-20T03:00:00.000Z,USA,Southwest Power Pool,US-CENT-SWPP,208.0,241.0,,70.0,,False,
2025-10-20T04:00:00.000Z,USA,Southwest Power Pool,US-CENT-SWPP,206.0,238.0,,71.0,,False,
2025-10-20T05:00:00.000Z,USA,Southwest Power Pool,US-CENT-SWPP,207.0,239.0,,70.0,,False,
2025-10-20T06:00:00.000Z,USA,Southwest Power Pool,US-CENT-SWPP,207.0,239.0,,70.0,,True,TIME_SLICER_AVERAGE
2025-10-20T07:00:00.000Z,USA,Southwest Power Pool,US-CENT-SWPP,207.0,240.0,,70.0,,False,
2025-10-20T08:00:00.000Z,USA,Southwest Power Pool,US-CENT-SWPP,198.0,230.0,,71.0,,False,
2025-10-20T09:00:00.000Z,USA,Southwest Power Pool,US-CENT-SWPP,196.0,228.0,,71.0,,False,
2025-10-20T10:00:00.000Z,USA,Southwest Power Pool,US-CENT-SWPP,197.0,229.0,,71.0,,False,
2025-10-20T11:00:00.000Z,USA,Southwest Power Pool,US-CENT-SWPP,202.0,236.0,,70.0,,False,
2025-10-20T12:00:00.000Z,USA,Southwest Power Pool,US-CENT-SWPP,213.0,247.0,,69.0,,False,
2025-10-20T13:00:00.000Z,USA,Southwest Power Pool,US-CENT-SWPP,211.0,246.0,,69.0,,False,
2025-10-20T14:00:00.000Z,USA,Southwest Power Pool,US-CENT-SWPP,203.0,237.0,,70.0,,False,
2025-10-20T15:00:00.000Z,USA,Southwest Power Pool,US-CENT-SWPP,203.0,237.0,,70.0,,False,
2025-10-20T16:00:00.000Z,USA,Southwest Power Pool,US-CENT-SWPP,199.0,232.0,,70.0,,False,
2025-10-20T17:00:00.000Z,USA,Southwest Power Pool,US-CENT-SWPP,209.0,245.0,,69.0,,False,
2025-10-20T18:00:00.000Z,USA,Southwest Power Pool,US-CENT-SWPP,220.0,258.0,,67.0,,False,
2025-10-20T19:00:00.000Z,USA,Southwest Power Pool,US-CENT-SWPP,225.0,263.0,,66.0,,False,
2025-10-20T20:00:00.000Z,USA,Southwest Power Pool,US-CENT-SWPP,230.0,268.0,,66.0,,False,
2025-10-20T21:00:00.000Z,USA,Southwest Power Pool,US-CENT-SWPP,240.0,278.0,,65.0,,False,
2025-10-20T22:00:00.000Z,USA,Southwest Power Pool,US-CENT-SWPP,248.0,288.0,,63.0,,False,
2025-10-20T23:00:00.000Z,USA,Southwest Power Pool,US-CENT-SWPP,269.0,311.0,,61.0,,False,
2025-10-21T00:00:00.000Z,USA,Southwest Power Pool,US-CENT-SWPP,277.0,318.0,,61.0,,False,
2025-10-21T01:00:00.000Z,USA,Southwest Power Pool,US-CENT-SWPP,277.0,318.0,,61.0,,False,
2025-10-21T02:00:00.000Z,USA,Southwest Power Pool,US-CENT-SWPP,268.0,309.0,,62.0,,False,
2025-10-21T03:00:00.000Z,USA,Southwest Power Pool,US-CENT-SWPP,269.0,310.0,,61.0,,False,
2025-10-21T04:00:00.000Z,USA,Southwest Power Pool,US-CENT-SWPP,267.0,306.0,,62.0,,False,
2025-10-21T05:00:00.000Z,USA,Southwest Power Pool,US-CENT-SWPP,282.0,321.0,,61.0,,False,
2025-10-21T06:00:00.000Z,USA,Southwest Power Pool,US-CENT-SWPP,315.0,358.0,,56.0,,False,
2025-10-21T07:00:00.000Z,USA,Southwest Power Pool,US-CENT-SWPP,318.0,363.0,,55.0,,False,
2025-10-21T08:00:00.000Z,USA,Southwest Power Pool,US-CENT-SWPP,322.0,368.0,,54.0,,False,
2025-10-21T09:00:00.000Z,USA,Southwest Power Pool,US-CENT-SWPP,326.0,372.0,,54.0,,False,
2025-10-21T10:00:00.000Z,USA,Southwest Power Pool,US-CENT-SWPP,317.0,362.0,,55.0,,False,
2025-10-21T11:00:00.000Z,USA,Southwest Power Pool,US-CENT-SWPP,313.0,358.0,,55.0,,False,
2025-10-21T12:00:00.000Z,USA,Southwest Power Pool,US-CENT-SWPP,320.0,366.0,,54.0,,False,
2025-10-21T13:00:00.000Z,USA,Southwest Power Pool,US-CENT-SWPP,335.0,385.0,,51.0,,False,
2025-10-21T14:00:00.000Z,USA,Southwest Power Pool,US-CENT-SWPP,383.0,439.0,,44.0,,False,
2025-10-21T15:00:00.000Z,USA,Southwest Power Pool,US-CENT-SWPP,450.0,515.0,,35.0,,False,
2025-10-21T16:00:00.000Z,USA,Southwest Power Pool,US-CENT-SWPP,474.0,541.0,,32.0,,False,
2025-10-21T17:00:00.000Z,USA,Southwest Power Pool,US-CENT-SWPP,470.0,537.0,,32.0,,False,
2025-10-21T18:00:00.000Z,USA,Southwest Power Pool,US-CENT-SWPP,454.0,518.0,,35.0,,False,
2025-10-21T19:00:00.000Z,USA,Southwest Power Pool,US-CENT-SWPP,441.0,503.0,,37.0,,False,
2025-10-21T20:00:00.000Z,USA,Southwest Power Pool,US-CENT-SWPP,443.0,505.0,,37.0,,False,
2025-10-21T21:00:00.000Z,USA,Southwest Power Pool,US-CENT-SWPP,443.0,505.0,,37.0,,False,
2025-10-21T22:00:00.000Z,USA,Southwest Power Pool,US-CENT-SWPP,466.0,532.0,,33.0,,False,
2025-10-21T23:00:00.000Z,USA,Southwest Power Pool,US-CENT-SWPP,544.0,616.0,,23.0,,False,
2025-10-22T00:00:00.000Z,USA,Southwest Power Pool,US-CENT-SWPP,576.0,649.0,,21.0,,False,
2025-10-22T01:00:00.000Z,USA,Southwest Power Pool,US-CENT-SWPP,577.0,647.0,,22.0,,False,
2025-10-22T02:00:00.000Z,USA,Southwest Power Pool,US-CENT-SWPP,558.0,626.0,,25.0,,False,
2025-10-22T03:00:00.000Z,USA,Southwest Power Pool,US-CENT-SWPP,513.0,574.0,,32.0,,True,TIME_SLICER_AVERAGE
2025-10-22T04:00:00.000Z,USA,Southwest Power Pool,US-CENT-SWPP,467.0,520.0,,40.0,,False,
2025-10-22T05:00:00.000Z,USA,Southwest Power Pool,US-CENT-SWPP,415.0,462.0,,47.0,,False,
2025-10-22T06:00:00.000Z,USA,Southwest Power Pool,US-CENT-SWPP,384.0,429.0,,50.0,,False,
2025-10-22T07:00:00.000Z,USA,Southwest Power Pool,US-CENT-SWPP,376.0,422.0,,51.0,,False,
2025-10-22T08:00:00.000Z,USA,Southwest Power Pool,US-CENT-SWPP,361.0,405.0,,52.0,,False,
2025-10-22T09:00:00.000Z,USA,Southwest Power Pool,US-CENT-SWPP,348.0,391.0,,53.0,,False,
2025-10-22T10:00:00.000Z,USA,Southwest Power Pool,US-CENT-SWPP,343.0,387.0,,54.0,,False,
2025-10-22T11:00:00.000Z,USA,Southwest Power Pool,US-CENT-SWPP,343.0,388.0,,54.0,,False,
2025-10-22T12:00:00.000Z,USA,Southwest Power Pool,US-CENT-SWPP,357.0,403.0,,52.0,,False,
2025-10-22T13:00:00.000Z,USA,Southwest Power Pool,US-CENT-SWPP,377.0,425.0,,50.0,,False,
2025-10-22T14:00:00.000Z,USA,Southwest Power Pool,US-CENT-SWPP,415.0,467.0,,45.0,,False,
2025-10-22T15:00:00.000Z,USA,Southwest Power Pool,US-CENT-SWPP,474.0,532.0,,37.0,,False,
2025-10-22T16:00:00.000Z,USA,Southwest Power Pool,US-CENT-SWPP,456.0,510.0,,41.0,,False,
2025-10-22T17:00:00.000Z,USA,Southwest Power Pool,US-CENT-SWPP,446.0,499.0,,42.0,,False,
2025-10-22T18:00:00.000Z,USA,Southwest Power Pool,US-CENT-SWPP,458.0,513.0,,40.0,,False,
2025-10-22T19:00:00.000Z,USA,Southwest Power Pool,US-CENT-SWPP,474.0,531.0,,37.0,,False,
2025-10-22T20:00:00.000Z,USA,Southwest Power Pool,US-CENT-SWPP,498.0,559.0,,34.0,,False,
2025-10-22T21:00:00.000Z,USA,Southwest Power Pool,US-CENT-SWPP,509.0,572.0,,32.0,,False,
2025-10-22T22:00:00.000Z,USA,Southwest Power Pool,US-CENT-SWPP,537.0,604.0,,27.0,,False,
2025-10-22T23:00:00.000Z,USA,Southwest Power Pool,US-CENT-SWPP,585.0,657.0,,21.0,,False,
2025-10-23T00:00:00.000Z,USA,Southwest Power Pool,US-CENT-SWPP,559.0,626.0,,26.0,,False,
2025-10-23T01:00:00.000Z,USA,Southwest Power Pool,US-CENT-SWPP,489.0,547.0,,36.0,,False,
2025-10-23T02:00:00.000Z,USA,Southwest Power Pool,US-CENT-SWPP,441.0,491.0,,44.0,,False,
2025-10-23T03:00:00.000Z,USA,Southwest Power Pool,US-CENT-SWPP,416.0,464.0,,47.0,,False,
2025-10-23T04:00:00.000Z,USA,Southwest Power Pool,US-CENT-SWPP,393.0,439.0,,49.0,,False,
2025-10-23T05:00:00.000Z,USA,Southwest Power Pool,US-CENT-SWPP,379.0,424.0,,51.0,,False,
2025-10-23T06:00:00.000Z,USA,Southwest Power Pool,US-CENT-SWPP,370.0,415.0,,52.0,,False,
2025-10-23T07:00:00.000Z,USA,Southwest Power Pool,US-CENT-SWPP,352.0,395.0,,54.0,,False,
2025-10-23T08:00:00.000Z,USA,Southwest Power Pool,US-CENT-SWPP,341.0,383.0,,55.0,,False,
2025-10-23T09:00:00.000Z,USA,Southwest Power Pool,US-CENT-SWPP,345.0,388.0,,54.0,,False,
2025-10-23T10:00:00.000Z,USA,Southwest Power Pool,US-CENT-SWPP,359.0,404.0,,52.0,,False,
2025-10-23T11:00:00.000Z,USA,Southwest Power Pool,US-CENT-SWPP,386.0,436.0,,48.0,,False,
2025-10-23T12:00:00.000Z,USA,Southwest Power Pool,US-CENT-SWPP,407.0,459.0,,45.0,,False,
2025-10-23T13:00:00.000Z,USA,Southwest Power Pool,US-CENT-SWPP,418.0,471.0,,44.0,,False,
2025-10-23T14:00:00.000Z,USA,Southwest Power Pool,US-CENT-SWPP,446.0,504.0,,39.0,,False,
2025-10-23T15:00:00.000Z,USA,Southwest Power Pool,US-CENT-SWPP,488.0,549.0,,34.0,,False,
2025-10-23T16:00:00.000Z,USA,Southwest Power Pool,US-CENT-SWPP,500.0,561.0,,34.0,,False,
2025-10-23T17:00:00.000Z,USA,Southwest Power Pool,US-CENT-SWPP,507.0,567.0,,34.0,,False,
2025-10-23T18:00:00.000Z,USA,Southwest Power Pool,US-CENT-SWPP,514.0,575.0,,33.0,,False,
2025-10-23T19:00:00.000Z,USA,Southwest Power Pool,US-CENT-SWPP,511.0,571.0,,34.0,,False,
2025-10-23T20:00:00.000Z,USA,Southwest Power Pool,US-CENT-SWPP,506.0,564.0,,35.0,,False,
2025-10-23T21:00:00.000Z,USA,Southwest Power Pool,US-CENT-SWPP,493.0,550.0,,37.0,,False,
2025-10-23T22:00:00.000Z,USA,Southwest Power Pool,US-CENT-SWPP,483.0,539.0,,38.0,,False,
2025-10-23T23:00:00.000Z,USA,Southwest Power Pool,US-CENT-SWPP,462.0,514.0,,42.0,,False,
2025-10-24T00:00:00.000Z,USA,Southwest Power Pool,US-CENT-SWPP,377.0,422.0,,52.0,,False,
2025-10-24T01:00:00.000Z,USA,Southwest Power Pool,US-CENT-SWPP,311.0,351.0,,59.0,,False,
2025-10-24T02:00:00.000Z,USA,Southwest Power Pool,US-CENT-SWPP,281.0,319.0,,62.0,,False,
2025-10-24T03:00:00.000Z,USA,Southwest Power Pool,US-CENT-SWPP,263.0,299.0,,65.0,,False,
2025-10-24T04:00:00.000Z,USA,Southwest Power Pool,US-CENT-SWPP,267.0,303.0,,65.0,,False,
2025-10-24T05:00:00.000Z,USA,Southwest Power Pool,US-CENT-SWPP,265.0,300.0,,65.0,,False,
2025-10-24T06:00:00.000Z,USA,Southwest Power Pool,US-CENT-SWPP,266.0,301.0,,65.0,,False,
2025-10-24T07:00:00.000Z,USA,Southwest Power Pool,US-CENT-SWPP,272.0,307.0,,64.0,,False,
2025-10-24T08:00:00.000Z,USA,Southwest Power Pool,US-CENT-SWPP,292.0,329.0,,62.0,,False,
2025-10-24T09:00:00.000Z,USA,Southwest Power Pool,US-CENT-SWPP,345.0,385.0,,56.0,,False,
2025-10-24T10:00:00.000Z,USA,Southwest Power Pool,US-CENT-SWPP,426.0,472.0,,47.0,,False,
2025-10-24T11:00:00.000Z,USA,Southwest Power Pool,US-CENT-SWPP,457.0,506.0,,43.0,,False,
2025-10-24T12:00:00.000Z,USA,Southwest Power Pool,US-CENT-SWPP,442.0,489.0,,46.0,,False,
2025-10-24T13:00:00.000Z,USA,Southwest Power Pool,US-CENT-SWPP,444.0,492.0,,45.0,,False,
2025-10-24T14:00:00.000Z,USA,Southwest Power Pool,US-CENT-SWPP,442.0,493.0,,44.0,,False,
2025-10-24T15:00:00.000Z,USA,Southwest Power Pool,US-CENT-SWPP,445.0,496.0,,43.0,,False,
2025-10-24T16:00:00.000Z,USA,Southwest Power Pool,US-CENT-SWPP,442.0,494.0,,43.0,,False,
2025-10-24T17:00:00.000Z,USA,Southwest Power Pool,US-CENT-SWPP,463.0,516.0,,41.0,,False,
2025-10-24T18:00:00.000Z,USA,Southwest Power Pool,US-CENT-SWPP,478.0,532.0,,39.0,,False,
2025-10-24T19:00:00.000Z,USA,Southwest Power Pool,US-CENT-SWPP,522.0,580.0,,34.0,,False,
2025-10-24T20:00:00.000Z,USA,Southwest Power Pool,US-CENT-SWPP,544.0,603.0,,32.0,,False,
2025-10-24T21:00:00.000Z,USA,Southwest Power Pool,US-CENT-SWPP,527.0,584.0,,34.0,,False,
2025-10-24T22:00:00.000Z,USA,Southwest Power Pool,US-CENT-SWPP,517.0,574.0,,35.0,,False,
2025-10-24T23:00:00.000Z,USA,Southwest Power Pool,US-CENT-SWPP,506.0,562.0,,36.0,,False,
2025-10-25T00:00:00.000Z,USA,Southwest Power Pool,US-CENT-SWPP,505.0,560.0,,37.0,,False,
2025-10-25T01:00:00.000Z,USA,Southwest Power Pool,US-CENT-SWPP,513.0,569.0,,35.0,,False,
2025-10-25T02:00:00.000Z,USA,Southwest Power Pool,US-CENT-SWPP,529.0,586.0,,33.0,,False,
2025-10-25T03:00:00.000Z,USA,Southwest Power Pool,US-CENT-SWPP,523.0,578.0,,35.0,,False,
2025-10-25T04:00:00.000Z,USA,Southwest Power Pool,US-CENT-SWPP,501.0,555.0,,38.0,,False,
2025-10-25T05:00:00.000Z,USA,Southwest Power Pool,US-CENT-SWPP,504.0,558.0,,37.0,,False,
2025-10-25T06:00:00.000Z,USA,Southwest Power Pool,US-CENT-SWPP,513.0,567.0,,36.0,,False,
2025-10-25T07:00:00.000Z,USA,Southwest Power Pool,US-CENT-SWPP,554.0,611.0,,31.0,,False,
2025-10-25T08:00:00.000Z,USA,Southwest Power Pool,US-CENT-SWPP,580.0,639.0,,28.0,,False,
2025-10-25T09:00:00.000Z,USA,Southwest Power Pool,US-CENT-SWPP,607.0,668.0,,25.0,,False,
2025-10-25T10:00:00.000Z,USA,Southwest Power Pool,US-CENT-SWPP,631.0,693.0,,23.0,,False,
2025-10-25T11:00:00.000Z,USA,Southwest Power Pool,US-CENT-SWPP,620.0,682.0,,24.0,,False,
2025-10-25T12:00:00.000Z,USA,Southwest Power Pool,US-CENT-SWPP,611.0,674.0,,24.0,,False,
2025-10-25T13:00:00.000Z,USA,Southwest Power Pool,US-CENT-SWPP,609.0,673.0,,24.0,,False,
2025-10-25T14:00:00.000Z,USA,Southwest Power Pool,US-CENT-SWPP,612.0,677.0,,23.0,,False,
2025-10-25T15:00:00.000Z,USA,Southwest Power Pool,US-CENT-SWPP,628.0,696.0,,20.0,,False,
2025-10-25T16:00:00.000Z,USA,Southwest Power Pool,US-CENT-SWPP,638.0,707.0,,19.0,,False,
2025-10-25T17:00:00.000Z,USA,Southwest Power Pool,US-CENT-SWPP,632.0,701.0,,19.0,,False,
2025-10-25T18:00:00.000Z,USA,Southwest Power Pool,US-CENT-SWPP,617.0,684.0,,21.0,,False,
2025-10-25T19:00:00.000Z,USA,Southwest Power Pool,US-CENT-SWPP,593.0,658.0,,24.0,,False,
2025-10-25T20:00:00.000Z,USA,Southwest Power Pool,US-CENT-SWPP,575.0,640.0,,26.0,,False,
2025-10-25T21:00:00.000Z,USA,Southwest Power Pool,US-CENT-SWPP,577.0,642.0,,26.0,,False,
2025-10-25T22:00:00.000Z,USA,Southwest Power Pool,US-CENT-SWPP,577.0,642.0,,26.0,,False,
2025-10-25T23:00:00.000Z,USA,Southwest Power Pool,US-CENT-SWPP,572.0,637.0,,26.0,,False,
2025-10-26T00:00:00.000Z,USA,Southwest Power Pool,US-CENT-SWPP,564.0,629.0,,27.0,,False,
2025-10-26T01:00:00.000Z,USA,Southwest Power Pool,US-CENT-SWPP,552.0,616.0,,28.0,,False,
2025-10-26T02:00:00.000Z,USA,Southwest Power Pool,US-CENT-SWPP,535.0,598.0,,30.0,,False,
2025-10-26T03:00:00.000Z,USA,Southwest Power Pool,US-CENT-SWPP,535.0,596.0,,30.0,,False,
2025-10-26T04:00:00.000Z,USA,Southwest Power Pool,US-CENT-SWPP,527.0,587.0,,31.0,,False,
2025-10-26T05:00:00.000Z,USA,Southwest Power Pool,US-CENT-SWPP,517.0,577.0,,32.0,,False,
2025-10-26T06:00:00.000Z,USA,Southwest Power Pool,US-CENT-SWPP,503.0,562.0,,33.0,,False,
2025-10-26T07:00:00.000Z,USA,Southwest Power Pool,US-CENT-SWPP,505.0,565.0,,33.0,,False,
2025-10-26T08:00:00.000Z,USA,Southwest Power Pool,US-CENT-SWPP,511.0,571.0,,32.0,,False,
2025-10-26T09:00:00.000Z,USA,Southwest Power Pool,US-CENT-SWPP,517.0,578.0,,31.0,,False,
2025-10-26T10:00:00.000Z,USA,Southwest Power Pool,US-CENT-SWPP,510.0,570.0,,32.0,,False,
2025-10-26T11:00:00.000Z,USA,Southwest Power Pool,US-CENT-SWPP,498.0,558.0,,34.0,,False,
2025-10-26T12:00:00.000Z,USA,Southwest Power Pool,US-CENT-SWPP,501.0,561.0,,33.0,,False,
2025-10-26T13:00:00.000Z,USA,Southwest Power Pool,US-CENT-SWPP,510.0,573.0,,31.0,,False,
2025-10-26T14:00:00.000Z,USA,Southwest Power Pool,US-CENT-SWPP,516.0,581.0,,29.0,,False,
2025-10-26T15:00:00.000Z,USA,Southwest Power Pool,US-CENT-SWPP,520.0,585.0,,29.0,,False,
2025-10-26T16:00:00.000Z,USA,Southwest Power Pool,US-CENT-SWPP,518.0,584.0,,29.0,,False,
2025-10-26T17:00:00.000Z,USA,Southwest Power Pool,US-CENT-SWPP,529.0,595.0,,28.0,,False,
2025-10-26T18:00:00.000Z,USA,Southwest Power Pool,US-CENT-SWPP,542.0,610.0,,26.0,,False,
2025-10-26T19:00:00.000Z,USA,Southwest Power Pool,US-CENT-SWPP,547.0,616.0,,25.0,,False,
2025-10-26T20:00:00.000Z,USA,Southwest Power Pool,US-CENT-SWPP,548.0,616.0,,25.0,,False,
2025-10-26T21:00:00.000Z,USA,Southwest Power Pool,US-CENT-SWPP,547.0,616.0,,26.0,,False,
2025-10-26T22:00:00.000Z,USA,Southwest Power Pool,US-CENT-SWPP,553.0,622.0,,25.0,,False,
2025-10-26T23:00:00.000Z,USA,Southwest Power Pool,US-CENT-SWPP,563.0,633.0,,23.0,,False,
2025-10-27T00:00:00.000Z,USA,Southwest Power Pool,US-CENT-SWPP,560.0,631.0,,23.0,,False,
2025-10-27T01:00:00.000Z,USA,Southwest Power Pool,US-CENT-SWPP,540.0,608.0,,26.0,,False,
2025-10-27T02:00:00.000Z,USA,Southwest Power Pool,US-CENT-SWPP,542.0,607.0,,28.0,,False,
2025-10-27T03:00:00.000Z,USA,Southwest Power Pool,US-CENT-SWPP,536.0,600.0,,29.0,,False,
2025-10-27T04:00:00.000Z,USA,Southwest Power Pool,US-CENT-SWPP,524.0,585.0,,31.0,,False,
2025-10-27T05:00:00.000Z,USA,Southwest Power Pool,US-CENT-SWPP,529.0,589.0,,32.0,,False,
2025-10-27T06:00:00.000Z,USA,Southwest Power Pool,US-CENT-SWPP,547.0,607.0,,30.0,,False,
2025-10-27T07:00:00.000Z,USA,Southwest Power Pool,US-CENT-SWPP,559.0,619.0,,29.0,,False,
2025-10-27T08:00:00.000Z,USA,Southwest Power Pool,US-CENT-SWPP,558.0,618.0,,29.0,,False,
2025-10-27T09:00:00.000Z,USA,Southwest Power Pool,US-CENT-SWPP,598.0,661.0,,25.0,,False,
2025-10-27T10:00:00.000Z,USA,Southwest Power Pool,US-CENT-SWPP,617.0,684.0,,21.0,,False,
2025-10-27T11:00:00.000Z,USA,Southwest Power Pool,US-CENT-SWPP,603.0,671.0,,22.0,,False,
2025-10-27T12:00:00.000Z,USA,Southwest Power Pool,US-CENT-SWPP,600.0,669.0,,21.0,,False,
2025-10-27T13:00:00.000Z,USA,Southwest Power Pool,US-CENT-SWPP,583.0,650.0,,24.0,,False,
2025-10-27T14:00:00.000Z,USA,Southwest Power Pool,US-CENT-SWPP,572.0,638.0,,25.0,,False,
2025-10-27T15:00:00.000Z,USA,Southwest Power Pool,US-CENT-SWPP,571.0,638.0,,25.0,,False,
2025-10-27T16:00:00.000Z,USA,Southwest Power Pool,US-CENT-SWPP,564.0,631.0,,26.0,,False,
2025-10-27T17:00:00.000Z,USA,Southwest Power Pool,US-CENT-SWPP,576.0,643.0,,25.0,,False,
2025-10-27T18:00:00.000Z,USA,Southwest Power Pool,US-CENT-SWPP,581.0,649.0,,23.0,,False,
2025-10-27T19:00:00.000Z,USA,Southwest Power Pool,US-CENT-SWPP,583.0,652.0,,23.0,,False,
2025-10-27T20:00:00.000Z,USA,Southwest Power Pool,US-CENT-SWPP,582.0,650.0,,23.0,,False,
2025-10-27T21:00:00.000Z,USA,Southwest Power Pool,US-CENT-SWPP,577.0,645.0,,24.0,,False,
2025-10-27T22:00:00.000Z,USA,Southwest Power Pool,US-CENT-SWPP,571.0,638.0,,25.0,,False,
2025-10-27T23:00:00.000Z,USA,Southwest Power Pool,US-CENT-SWPP,574.0,641.0,,25.0,,False,
2025-10-28T00:00:00.000Z,USA,Southwest Power Pool,US-CENT-SWPP,553.0,616.0,,29.0,,False,
2025-10-28T01:00:00.000Z,USA,Southwest Power Pool,US-CENT-SWPP,518.0,575.0,,34.0,,False,
2025-10-28T02:00:00.000Z,USA,Southwest Power Pool,US-CENT-SWPP,516.0,573.0,,35.0,,False,
2025-10-28T03:00:00.000Z,USA,Southwest Power Pool,US-CENT-SWPP,508.0,564.0,,36.0,,False,
2025-10-28T04:00:00.000Z,USA,Southwest Power Pool,US-CENT-SWPP,521.0,576.0,,35.0,,False,
2025-10-28T05:00:00.000Z,USA,Southwest Power Pool,US-CENT-SWPP,506.0,558.0,,37.0,,False,
2025-10-28T06:00:00.000Z,USA,Southwest Power Pool,US-CENT-SWPP,480.0,530.0,,41.0,,False,
2025-10-28T07:00:00.000Z,USA,Southwest Power Pool,US-CENT-SWPP,428.0,474.0,,47.0,,False,
2025-10-28T08:00:00.000Z,USA,Southwest Power Pool,US-CENT-SWPP,373.0,416.0,,52.0,,False,
2025-10-28T09:00:00.000Z,USA,Southwest Power Pool,US-CENT-SWPP,341.0,381.0,,56.0,,False,
2025-10-28T10:00:00.000Z,USA,Southwest Power Pool,US-CENT-SWPP,333.0,374.0,,56.0,,False,
2025-10-28T11:00:00.000Z,USA,Southwest Power Pool,US-CENT-SWPP,319.0,359.0,,58.0,,False,
2025-10-28T12:00:00.000Z,USA,Southwest Power Pool,US-CENT-SWPP,314.0,354.0,,59.0,,False,
2025-10-28T13:00:00.000Z,USA,Southwest Power Pool,US-CENT-SWPP,280.0,318.0,,62.0,,False,
2025-10-28T14:00:00.000Z,USA,Southwest Power Pool,US-CENT-SWPP,258.0,294.0,,65.0,,False,
2025-10-28T15:00:00.000Z,USA,Southwest Power Pool,US-CENT-SWPP,251.0,287.0,,66.0,,False,
2025-10-28T16:00:00.000Z,USA,Southwest Power Pool,US-CENT-SWPP,242.0,277.0,,67.0,,False,
2025-10-28T17:00:00.000Z,USA,Southwest Power Pool,US-CENT-SWPP,231.0,266.0,,68.0,,False,
2025-10-28T18:00:00.000Z,USA,Southwest Power Pool,US-CENT-SWPP,230.0,265.0,,68.0,,False,
2025-10-28T19:00:00.000Z,USA,Southwest Power Pool,US-CENT-SWPP,219.0,254.0,,69.0,,False,
2025-10-28T20:00:00.000Z,USA,Southwest Power Pool,US-CENT-SWPP,222.0,256.0,,69.0,,False,
2025-10-28T21:00:00.000Z,USA,Southwest Power Pool,US-CENT-SWPP,221.0,254.0,,69.0,,False,
2025-10-28T22:00:00.000Z,USA,Southwest Power Pool,US-CENT-SWPP,207.0,239.0,,71.0,,False,
2025-10-28T23:00:00.000Z,USA,Southwest Power Pool,US-CENT-SWPP,207.0,240.0,,70.0,,False,
2025-10-29T00:00:00.000Z,USA,Southwest Power Pool,US-CENT-SWPP,234.0,269.0,,67.0,,False,
2025-10-29T01:00:00.000Z,USA,Southwest Power Pool,US-CENT-SWPP,245.0,280.0,,67.0,,False,
2025-10-29T02:00:00.000Z,USA,Southwest Power Pool,US-CENT-SWPP,231.0,263.0,,69.0,,False,
2025-10-29T03:00:00.000Z,USA,Southwest Power Pool,US-CENT-SWPP,225.0,257.0,,70.0,,False,
2025-10-29T04:00:00.000Z,USA,Southwest Power Pool,US-CENT-SWPP,215.0,245.0,,72.0,,False,
2025-10-29T05:00:00.000Z,USA,Southwest Power Pool,US-CENT-SWPP,211.0,241.0,,72.0,,False,
2025-10-29T06:00:00.000Z,USA,Southwest Power Pool,US-CENT-SWPP,211.0,241.0,,72.0,,False,
2025-10-29T07:00:00.000Z,USA,Southwest Power Pool,US-CENT-SWPP,215.0,245.0,,71.0,,False,
2025-10-29T08:00:00.000Z,USA,Southwest Power Pool,US-CENT-SWPP,212.0,241.0,,72.0,,False,
2025-10-29T09:00:00.000Z,USA,Southwest Power Pool,US-CENT-SWPP,221.0,251.0,,71.0,,False,
2025-10-29T10:00:00.000Z,USA,Southwest Power Pool,US-CENT-SWPP,240.0,272.0,,68.0,,False,
2025-10-29T11:00:00.000Z,USA,Southwest Power Pool,US-CENT-SWPP,274.0,308.0,,65.0,,False,
2025-10-29T12:00:00.000Z,USA,Southwest Power Pool,US-CENT-SWPP,271.0,306.0,,65.0,,False,
2025-10-29T13:00:00.000Z,USA,Southwest Power Pool,US-CENT-SWPP,267.0,303.0,,65.0,,False,
2025-10-29T14:00:00.000Z,USA,Southwest Power Pool,US-CENT-SWPP,262.0,298.0,,65.0,,False,
2025-10-29T15:00:00.000Z,USA,Southwest Power Pool,US-CENT-SWPP,260.0,296.0,,65.0,,False,
2025-10-29T16:00:00.000Z,USA,Southwest Power Pool,US-CENT-SWPP,255.0,291.0,,66.0,,False,
2025-10-29T17:00:00.000Z,USA,Southwest Power Pool,US-CENT-SWPP,240.0,275.0,,67.0,,False,
2025-10-29T18:00:00.000Z,USA,Southwest Power Pool,US-CENT-SWPP,237.0,272.0,,67.0,,False,
2025-10-29T19:00:00.000Z,USA,Southwest Power Pool,US-CENT-SWPP,241.0,277.0,,66.0,,False,
2025-10-29T20:00:00.000Z,USA,Southwest Power Pool,US-CENT-SWPP,250.0,288.0,,65.0,,False,
2025-10-29T21:00:00.000Z,USA,Southwest Power Pool,US-CENT-SWPP,266.0,305.0,,63.0,,False,
2025-10-29T22:00:00.000Z,USA,Southwest Power Pool,US-CENT-SWPP,287.0,330.0,,59.0,,False,
2025-10-29T23:00:00.000Z,USA,Southwest Power Pool,US-CENT-SWPP,355.0,407.0,,48.0,,False,
2025-10-30T00:00:00.000Z,USA,Southwest Power Pool,US-CENT-SWPP,427.0,488.0,,39.0,,False,
2025-10-30T01:00:00.000Z,USA,Southwest Power Pool,US-CENT-SWPP,464.0,528.0,,34.0,,False,
2025-10-30T02:00:00.000Z,USA,Southwest Power Pool,US-CENT-SWPP,490.0,556.0,,31.0,,False,
2025-10-30T03:00:00.000Z,USA,Southwest Power Pool,US-CENT-SWPP,515.0,582.0,,29.0,,False,
2025-10-30T04:00:00.000Z,USA,Southwest Power Pool,US-CENT-SWPP,528.0,595.0,,28.0,,False,
2025-10-30T05:00:00.000Z,USA,Southwest Power Pool,US-CENT-SWPP,539.0,605.0,,27.0,,False,
2025-10-30T06:00:00.000Z,USA,Southwest Power Pool,US-CENT-SWPP,536.0,601.0,,28.0,,False,
2025-10-30T07:00:00.000Z,USA,Southwest Power Pool,US-CENT-SWPP,530.0,594.0,,29.0,,False,
2025-10-30T08:00:00.000Z,USA,Southwest Power Pool,US-CENT-SWPP,536.0,602.0,,28.0,,False,
2025-10-30T09:00:00.000Z,USA,Southwest Power Pool,US-CENT-SWPP,537.0,603.0,,27.0,,False,
2025-10-30T10:00:00.000Z,USA,Southwest Power Pool,US-CENT-SWPP,541.0,610.0,,26.0,,False,
2025-10-30T11:00:00.000Z,USA,Southwest Power Pool,US-CENT-SWPP,537.0,608.0,,25.0,,False,
2025-10-30T12:00:00.000Z,USA,Southwest Power Pool,US-CENT-SWPP,531.0,602.0,,26.0,,False,
2025-10-30T13:00:00.000Z,USA,Southwest Power Pool,US-CENT-SWPP,517.0,586.0,,28.0,,False,
2025-10-30T14:00:00.000Z,USA,Southwest Power Pool,US-CENT-SWPP,506.0,573.0,,29.0,,False,
2025-10-30T15:00:00.000Z,USA,Southwest Power Pool,US-CENT-SWPP,521.0,591.0,,27.0,,False,
2025-10-30T16:00:00.000Z,USA,Southwest Power Pool,US-CENT-SWPP,510.0,576.0,,30.0,,False,
2025-10-30T17:00:00.000Z,USA,Southwest Power Pool,US-CENT-SWPP,496.0,559.0,,33.0,,False,
2025-10-30T18:00:00.000Z,USA,Southwest Power Pool,US-CENT-SWPP,485.0,545.0,,35.0,,False,
2025-10-30T19:00:00.000Z,USA,Southwest Power Pool,US-CENT-SWPP,456.0,514.0,,38.0,,False,
2025-10-30T20:00:00.000Z,USA,Southwest Power Pool,US-CENT-SWPP,432.0,489.0,,41.0,,False,
2025-10-30T21:00:00.000Z,USA,Southwest Power Pool,US-CENT-SWPP,425.0,481.0,,42.0,,False,
2025-10-30T22:00:00.000Z,USA,Southwest Power Pool,US-CENT-SWPP,459.0,519.0,,37.0,,False,
2025-10-30T23:00:00.000Z,USA,Southwest Power Pool,US-CENT-SWPP,514.0,579.0,,30.0,,False,
2025-10-31T00:00:00.000Z,USA,Southwest Power Pool,US-CENT-SWPP,527.0,592.0,,29.0,,False,
2025-10-31T01:00:00.000Z,USA,Southwest Power Pool,US-CENT-SWPP,536.0,601.0,,29.0,,False,
2025-10-31T02:00:00.000Z,USA,Southwest Power Pool,US-CENT-SWPP,543.0,607.0,,29.0,,False,
2025-10-31T03:00:00.000Z,USA,Southwest Power Pool,US-CENT-SWPP,554.0,617.0,,28.0,,False,
2025-10-31T04:00:00.000Z,USA,Southwest Power Pool,US-CENT-SWPP,546.0,607.0,,30.0,,False,
2025-10-31T05:00:00.000Z,USA,Southwest Power Pool,US-CENT-SWPP,548.0,609.0,,30.0,,False,
2025-10-31T06:00:00.000Z,USA,Southwest Power Pool,US-CENT-SWPP,544.0,606.0,,30.0,,False,
2025-10-31T07:00:00.000Z,USA,Southwest Power Pool,US-CENT-SWPP,554.0,617.0,,28.0,,False,
2025-10-31T08:00:00.000Z,USA,Southwest Power Pool,US-CENT-SWPP,549.0,612.0,,28.0,,False,
2025-10-31T09:00:00.000Z,USA,Southwest Power Pool,US-CENT-SWPP,547.0,611.0,,28.0,,False,
2025-10-31T10:00:00.000Z,USA,Southwest Power Pool,US-CENT-SWPP,557.0,624.0,,26.0,,False,
2025-10-31T11:00:00.000Z,USA,Southwest Power Pool,US-CENT-SWPP,551.0,619.0,,26.0,,False,
2025-10-31T12:00:00.000Z,USA,Southwest Power Pool,US-CENT-SWPP,544.0,610.0,,27.0,,False,
2025-10-31T13:00:00.000Z,USA,Southwest Power Pool,US-CENT-SWPP,543.0,609.0,,27.0,,False,
2025-10-31T14:00:00.000Z,USA,Southwest Power Pool,US-CENT-SWPP,538.0,603.0,,28.0,,False,
2025-10-31T15:00:00.000Z,USA,Southwest Power Pool,US-CENT-SWPP,545.0,611.0,,27.0,,False,
2025-10-31T16:00:00.000Z,USA,Southwest Power Pool,US-CENT-SWPP,522.0,587.0,,30.0,,False,
2025-10-31T17:00:00.000Z,USA,Southwest Power Pool,US-CENT-SWPP,482.0,541.0,,36.0,,False,
2025-10-31T18:00:00.000Z,USA,Southwest Power Pool,US-CENT-SWPP,466.0,522.0,,39.0,,False,
2025-10-31T19:00:00.000Z,USA,Southwest Power Pool,US-CENT-SWPP,462.0,518.0,,39.0,,False,
2025-10-31T20:00:00.000Z,USA,Southwest Power Pool,US-CENT-SWPP,475.0,533.0,,37.0,,False,
2025-10-31T21:00:00.000Z,USA,Southwest Power Pool,US-CENT-SWPP,492.0,552.0,,35.0,,False,
2025-10-31T22:00:00.000Z,USA,Southwest Power Pool,US-CENT-SWPP,508.0,569.0,,33.0,,False,
2025-10-31T23:00:00.000Z,USA,Southwest Power Pool,US-CENT-SWPP,515.0,576.0,,32.0,,False,
2025-11-01T00:00:00.000Z,USA,Southwest Power Pool,US-CENT-SWPP,473.0,530.0,,38.0,,False,
2025-11-01T01:00:00.000Z,USA,Southwest Power Pool,US-CENT-SWPP,427.0,479.0,,44.0,,False,
2025-11-01T02:00:00.000Z,USA,Southwest Power Pool,US-CENT-SWPP,395.0,443.0,,48.0,,False,
2025-11-01T03:00:00.000Z,USA,Southwest Power Pool,US-CENT-SWPP,366.0,411.0,,52.0,,False,
2025-11-01T04:00:00.000Z,USA,Southwest Power Pool,US-CENT-SWPP,363.0,407.0,,53.0,,False,
2025-11-01T05:00:00.000Z,USA,Southwest Power Pool,US-CENT-SWPP,371.0,415.0,,52.0,,False,
2025-11-01T06:00:00.000Z,USA,Southwest Power Pool,US-CENT-SWPP,376.0,419.0,,52.0,,False,
2025-11-01T07:00:00.000Z,USA,Southwest Power Pool,US-CENT-SWPP,395.0,440.0,,50.0,,False,
2025-11-01T08:00:00.000Z,USA,Southwest Power Pool,US-CENT-SWPP,407.0,453.0,,48.0,,False,
2025-11-01T09:00:00.000Z,USA,Southwest Power Pool,US-CENT-SWPP,418.0,464.0,,48.0,,False,
2025-11-01T10:00:00.000Z,USA,Southwest Power Pool,US-CENT-SWPP,410.0,455.0,,49.0,,False,
2025-11-01T11:00:00.000Z,USA,Southwest Power Pool,US-CENT-SWPP,395.0,439.0,,50.0,,False,
2025-11-01T12:00:00.000Z,USA,Southwest Power Pool,US-CENT-SWPP,379.0,424.0,,52.0,,False,
2025-11-01T13:00:00.000Z,USA,Southwest Power Pool,US-CENT-SWPP,367.0,411.0,,53.0,,False,
2025-11-01T14:00:00.000Z,USA,Southwest Power Pool,US-CENT-SWPP,430.0,484.0,,43.0,,False,
2025-11-01T15:00:00.000Z,USA,Southwest Power Pool,US-CENT-SWPP,470.0,526.0,,38.0,,False,
2025-11-01T16:00:00.000Z,USA,Southwest Power Pool,US-CENT-SWPP,496.0,555.0,,35.0,,False,
2025-11-01T17:00:00.000Z,USA,Southwest Power Pool,US-CENT-SWPP,531.0,593.0,,31.0,,False,
2025-11-01T18:00:00.000Z,USA,Southwest Power Pool,US-CENT-SWPP,556.0,620.0,,28.0,,False,
2025-11-01T19:00:00.000Z,USA,Southwest Power Pool,US-CENT-SWPP,555.0,620.0,,27.0,,False,
2025-11-01T20:00:00.000Z,USA,Southwest Power Pool,US-CENT-SWPP,548.0,613.0,,28.0,,False,
2025-11-01T21:00:00.000Z,USA,Southwest Power Pool,US-CENT-SWPP,555.0,622.0,,26.0,,False,
2025-11-01T22:00:00.000Z,USA,Southwest Power Pool,US-CENT-SWPP,584.0,655.0,,22.0,,False,
2025-11-01T23:00:00.000Z,USA,Southwest Power Pool,US-CENT-SWPP,612.0,686.0,,18.0,,False,
2025-11-02T00:00:00.000Z,USA,Southwest Power Pool,US-CENT-SWPP,602.0,675.0,,19.0,,False,
2025-11-02T01:00:00.000Z,USA,Southwest Power Pool,US-CENT-SWPP,582.0,652.0,,22.0,,False,
2025-11-02T02:00:00.000Z,USA,Southwest Power Pool,US-CENT-SWPP,540.0,605.0,,28.0,,False,
2025-11-02T03:00:00.000Z,USA,Southwest Power Pool,US-CENT-SWPP,500.0,560.0,,34.0,,False,
2025-11-02T04:00:00.000Z,USA,Southwest Power Pool,US-CENT-SWPP,453.0,506.0,,41.0,,False,
2025-11-02T05:00:00.000Z,USA,Southwest Power Pool,US-CENT-SWPP,411.0,458.0,,47.0,,False,
2025-11-02T06:00:00.000Z,USA,Southwest Power Pool,US-CENT-SWPP,363.0,405.0,,54.0,,False,
2025-11-02T07:00:00.000Z,USA,Southwest Power Pool,US-CENT-SWPP,333.0,372.0,,57.0,,False,
2025-11-02T08:00:00.000Z,USA,Southwest Power Pool,US-CENT-SWPP,325.0,364.0,,58.0,,False,
2025-11-02T09:00:00.000Z,USA,Southwest Power Pool,US-CENT-SWPP,327.0,367.0,,58.0,,False,
2025-11-02T10:00:00.000Z,USA,Southwest Power Pool,US-CENT-SWPP,315.0,354.0,,59.0,,False,
2025-11-02T11:00:00.000Z,USA,Southwest Power Pool,US-CENT-SWPP,301.0,339.0,,61.0,,False,
2025-11-02T12:00:00.000Z,USA,Southwest Power Pool,US-CENT-SWPP,289.0,326.0,,62.0,,False,
2025-11-02T13:00:00.000Z,USA,Southwest Power Pool,US-CENT-SWPP,282.0,320.0,,63.0,,False,
2025-11-02T14:00:00.000Z,USA,Southwest Power Pool,US-CENT-SWPP,276.0,313.0,,63.0,,False,
2025-11-02T15:00:00.000Z,USA,Southwest Power Pool,US-CENT-SWPP,282.0,320.0,,62.0,,False,
2025-11-02T16:00:00.000Z,USA,Southwest Power Pool,US-CENT-SWPP,279.0,318.0,,62.0,,False,
2025-11-02T17:00:00.000Z,USA,Southwest Power Pool,US-CENT-SWPP,276.0,314.0,,63.0,,False,
2025-11-02T18:00:00.000Z,USA,Southwest Power Pool,US-CENT-SWPP,278.0,316.0,,62.0,,False,
2025-11-02T19:00:00.000Z,USA,Southwest Power Pool,US-CENT-SWPP,275.0,313.0,,63.0,,False,
2025-11-02T20:00:00.000Z,USA,Southwest Power Pool,US-CENT-SWPP,275.0,313.0,,63.0,,False,
2025-11-02T21:00:00.000Z,USA,Southwest Power Pool,US-CENT-SWPP,280.0,319.0,,62.0,,False,
2025-11-02T22:00:00.000Z,USA,Southwest Power Pool,US-CENT-SWPP,278.0,317.0,,62.0,,False,
2025-11-02T23:00:00.000Z,USA,Southwest Power Pool,US-CENT-SWPP,281.0,321.0,,61.0,,False,
2025-11-03T00:00:00.000Z,USA,Southwest Power Pool,US-CENT-SWPP,260.0,297.0,,65.0,,False,
2025-11-03T01:00:00.000Z,USA,Southwest Power Pool,US-CENT-SWPP,239.0,274.0,,67.0,,False,
2025-11-03T02:00:00.000Z,USA,Southwest Power Pool,US-CENT-SWPP,236.0,269.0,,68.0,,False,
2025-11-03T03:00:00.000Z,USA,Southwest Power Pool,US-CENT-SWPP,238.0,271.0,,68.0,,True,TIME_SLICER_AVERAGE
2025-11-03T04:00:00.000Z,USA,Southwest Power Pool,US-CENT-SWPP,235.0,268.0,,68.0,,True,TIME_SLICER_AVERAGE
2025-11-03T05:00:00.000Z,USA,Southwest Power Pool,US-CENT-SWPP,233.0,266.0,,69.0,,True,TIME_SLICER_AVERAGE
2025-11-03T06:00:00.000Z,USA,Southwest Power Pool,US-CENT-SWPP,235.0,267.0,,68.0,,True,TIME_SLICER_AVERAGE
2025-11-03T07:00:00.000Z,USA,Southwest Power Pool,US-CENT-SWPP,244.0,277.0,,67.0,,True,TIME_SLICER_AVERAGE
2025-11-03T08:00:00.000Z,USA,Southwest Power Pool,US-CENT-SWPP,246.0,279.0,,67.0,,False,
2025-11-03T09:00:00.000Z,USA,Southwest Power Pool,US-CENT-SWPP,262.0,296.0,,66.0,,False,
2025-11-03T10:00:00.000Z,USA,Southwest Power Pool,US-CENT-SWPP,273.0,309.0,,64.0,,False,
2025-11-03T11:00:00.000Z,USA,Southwest Power Pool,US-CENT-SWPP,289.0,328.0,,61.0,,False,
2025-11-03T12:00:00.000Z,USA,Southwest Power Pool,US-CENT-SWPP,323.0,367.0,,56.0,,False,
2025-11-03T13:00:00.000Z,USA,Southwest Power Pool,US-CENT-SWPP,350.0,397.0,,52.0,,False,
2025-11-03T14:00:00.000Z,USA,Southwest Power Pool,US-CENT-SWPP,377.0,429.0,,47.0,,False,
2025-11-03T15:00:00.000Z,USA,Southwest Power Pool,US-CENT-SWPP,443.0,501.0,,39.0,,False,
2025-11-03T16:00:00.000Z,USA,Southwest Power Pool,US-CENT-SWPP,483.0,545.0,,34.0,,False,
2025-11-03T17:00:00.000Z,USA,Southwest Power Pool,US-CENT-SWPP,518.0,584.0,,29.0,,False,
2025-11-03T18:00:00.000Z,USA,Southwest Power Pool,US-CENT-SWPP,537.0,604.0,,27.0,,False,
2025-11-03T19:00:00.000Z,USA,Southwest Power Pool,US-CENT-SWPP,544.0,612.0,,26.0,,False,
2025-11-03T20:00:00.000Z,USA,Southwest Power Pool,US-CENT-SWPP,552.0,619.0,,26.0,,False,
2025-11-03T21:00:00.000Z,USA,Southwest Power Pool,US-CENT-SWPP,539.0,604.0,,28.0,,False,
2025-11-03T22:00:00.000Z,USA,Southwest Power Pool,US-CENT-SWPP,532.0,598.0,,29.0,,False,
2025-11-03T23:00:00.000Z,USA,Southwest Power Pool,US-CENT-SWPP,531.0,597.0,,29.0,,False,
2025-11-04T00:00:00.000Z,USA,Southwest Power Pool,US-CENT-SWPP,454.0,508.0,,41.0,,False,
2025-11-04T01:00:00.000Z,USA,Southwest Power Pool,US-CENT-SWPP,375.0,420.0,,51.0,,False,
2025-11-04T02:00:00.000Z,USA,Southwest Power Pool,US-CENT-SWPP,310.0,350.0,,59.0,,False,
2025-11-04T03:00:00.000Z,USA,Southwest Power Pool,US-CENT-SWPP,274.0,311.0,,64.0,,False,
2025-11-04T04:00:00.000Z,USA,Southwest Power Pool,US-CENT-SWPP,269.0,304.0,,65.0,,False,
2025-11-04T05:00:00.000Z,USA,Southwest Power Pool,US-CENT-SWPP,251.0,284.0,,67.0,,False,
2025-11-04T06:00:00.000Z,USA,Southwest Power Pool,US-CENT-SWPP,236.0,268.0,,69.0,,False,
2025-11-04T07:00:00.000Z,USA,Southwest Power Pool,US-CENT-SWPP,228.0,260.0,,69.0,,False,
2025-11-04T08:00:00.000Z,USA,Southwest Power Pool,US-CENT-SWPP,225.0,257.0,,70.0,,False,
2025-11-04T09:00:00.000Z,USA,Southwest Power Pool,US-CENT-SWPP,233.0,265.0,,69.0,,False,
2025-11-04T10:00:00.000Z,USA,Southwest Power Pool,US-CENT-SWPP,253.0,286.0,,67.0,,False,
2025-11-04T11:00:00.000Z,USA,Southwest Power Pool,US-CENT-SWPP,253.0,287.0,,66.0,,False,
2025-11-04T12:00:00.000Z,USA,Southwest Power Pool,US-CENT-SWPP,263.0,298.0,,65.0,,False,
2025-11-04T13:00:00.000Z,USA,Southwest Power Pool,US-CENT-SWPP,265.0,301.0,,65.0,,False,
2025-11-04T14:00:00.000Z,USA,Southwest Power Pool,US-CENT-SWPP,273.0,312.0,,62.0,,False,
2025-11-04T15:00:00.000Z,USA,Southwest Power Pool,US-CENT-SWPP,301.0,344.0,,58.0,,False,
2025-11-04T16:00:00.000Z,USA,Southwest Power Pool,US-CENT-SWPP,319.0,363.0,,56.0,,False,
2025-11-04T17:00:00.000Z,USA,Southwest Power Pool,US-CENT-SWPP,328.0,374.0,,55.0,,False,
2025-11-04T18:00:00.000Z,USA,Southwest Power Pool,US-CENT-SWPP,331.0,377.0,,54.0,,False,
2025-11-04T19:00:00.000Z,USA,Southwest Power Pool,US-CENT-SWPP,326.0,372.0,,55.0,,False,
2025-11-04T20:00:00.000Z,USA,Southwest Power Pool,US-CENT-SWPP,312.0,356.0,,57.0,,False,
2025-11-04T21:00:00.000Z,USA,Southwest Power Pool,US-CENT-SWPP,312.0,356.0,,57.0,,False,
2025-11-04T22:00:00.000Z,USA,Southwest Power Pool,US-CENT-SWPP,330.0,376.0,,55.0,,False,
2025-11-04T23:00:00.000Z,USA,Southwest Power Pool,US-CENT-SWPP,331.0,376.0,,55.0,,False,
2025-11-05T00:00:00.000Z,USA,Southwest Power Pool,US-CENT-SWPP,306.0,349.0,,58.0,,False,
2025-11-05T01:00:00.000Z,USA,Southwest Power Pool,US-CENT-SWPP,291.0,332.0,,60.0,,False,
2025-11-05T02:00:00.000Z,USA,Southwest Power Pool,US-CENT-SWPP,277.0,316.0,,62.0,,False,
2025-11-05T03:00:00.000Z,USA,Southwest Power Pool,US-CENT-SWPP,258.0,295.0,,64.0,,False,
2025-11-05T04:00:00.000Z,USA,Southwest Power Pool,US-CENT-SWPP,265.0,303.0,,63.0,,False,
2025-11-05T05:00:00.000Z,USA,Southwest Power Pool,US-CENT-SWPP,259.0,296.0,,64.0,,False,
2025-11-05T06:00:00.000Z,USA,Southwest Power Pool,US-CENT-SWPP,251.0,288.0,,65.0,,False,
2025-11-05T07:00:00.000Z,USA,Southwest Power Pool,US-CENT-SWPP,240.0,276.0,,66.0,,False,
2025-11-05T08:00:00.000Z,USA,Southwest Power Pool,US-CENT-SWPP,235.0,270.0,,66.0,,False,
2025-11-05T09:00:00.000Z,USA,Southwest Power Pool,US-CENT-SWPP,243.0,279.0,,65.0,,False,
2025-11-05T10:00:00.000Z,USA,Southwest Power Pool,US-CENT-SWPP,242.0,279.0,,65.0,,False,
2025-11-05T11:00:00.000Z,USA,Southwest Power Pool,US-CENT-SWPP,263.0,303.0,,62.0,,False,
2025-11-05T12:00:00.000Z,USA,Southwest Power Pool,US-CENT-SWPP,275.0,317.0,,60.0,,False,
2025-11-05T13:00:00.000Z,USA,Southwest Power Pool,US-CENT-SWPP,272.0,314.0,,60.0,,False,
2025-11-05T14:00:00.000Z,USA,Southwest Power Pool,US-CENT-SWPP,277.0,320.0,,59.0,,False,
2025-11-05T15:00:00.000Z,USA,Southwest Power Pool,US-CENT-SWPP,285.0,330.0,,58.0,,False,
2025-11-05T16:00:00.000Z,USA,Southwest Power Pool,US-CENT-SWPP,281.0,325.0,,59.0,,False,
2025-11-05T17:00:00.000Z,USA,Southwest Power Pool,US-CENT-SWPP,297.0,342.0,,57.0,,False,
2025-11-05T18:00:00.000Z,USA,Southwest Power Pool,US-CENT-SWPP,321.0,368.0,,54.0,,False,
2025-11-05T19:00:00.000Z,USA,Southwest Power Pool,US-CENT-SWPP,336.0,386.0,,52.0,,False,
2025-11-05T20:00:00.000Z,USA,Southwest Power Pool,US-CENT-SWPP,356.0,408.0,,49.0,,False,
2025-11-05T21:00:00.000Z,USA,Southwest Power Pool,US-CENT-SWPP,394.0,450.0,,44.0,,False,
2025-11-05T22:00:00.000Z,USA,Southwest Power Pool,US-CENT-SWPP,442.0,505.0,,37.0,,False,
2025-11-05T23:00:00.000Z,USA,Southwest Power Pool,US-CENT-SWPP,476.0,541.0,,33.0,,False,
2025-11-06T00:00:00.000Z,USA,Southwest Power Pool,US-CENT-SWPP,451.0,511.0,,37.0,,False,
2025-11-06T01:00:00.000Z,USA,Southwest Power Pool,US-CENT-SWPP,422.0,478.0,,42.0,,False,
2025-11-06T02:00:00.000Z,USA,Southwest Power Pool,US-CENT-SWPP,412.0,464.0,,44.0,,False,
2025-11-06T03:00:00.000Z,USA,Southwest Power Pool,US-CENT-SWPP,396.0,446.0,,47.0,,False,
2025-11-06T04:00:00.000Z,USA,Southwest Power Pool,US-CENT-SWPP,383.0,432.0,,48.0,,False,
2025-11-06T05:00:00.000Z,USA,Southwest Power Pool,US-CENT-SWPP,353.0,400.0,,52.0,,False,
2025-11-06T06:00:00.000Z,USA,Southwest Power Pool,US-CENT-SWPP,330.0,375.0,,54.0,,False,
2025-11-06T07:00:00.000Z,USA,Southwest Power Pool,US-CENT-SWPP,318.0,361.0,,56.0,,False,
2025-11-06T08:00:00.000Z,USA,Southwest Power Pool,US-CENT-SWPP,313.0,356.0,,57.0,,False,
2025-11-06T09:00:00.000Z,USA,Southwest Power Pool,US-CENT-SWPP,317.0,361.0,,56.0,,False,
2025-11-06T10:00:00.000Z,USA,Southwest Power Pool,US-CENT-SWPP,321.0,365.0,,55.0,,False,
2025-11-06T11:00:00.000Z,USA,Southwest Power Pool,US-CENT-SWPP,321.0,365.0,,55.0,,False,
2025-11-06T12:00:00.000Z,USA,Southwest Power Pool,US-CENT-SWPP,327.0,372.0,,55.0,,False,
2025-11-06T13:00:00.000Z,USA,Southwest Power Pool,US-CENT-SWPP,326.0,371.0,,55.0,,False,
2025-11-06T14:00:00.000Z,USA,Southwest Power Pool,US-CENT-SWPP,320.0,367.0,,55.0,,False,
2025-11-06T15:00:00.000Z,USA,Southwest Power Pool,US-CENT-SWPP,348.0,397.0,,51.0,,False,
2025-11-06T16:00:00.000Z,USA,Southwest Power Pool,US-CENT-SWPP,363.0,413.0,,49.0,,False,
2025-11-06T17:00:00.000Z,USA,Southwest Power Pool,US-CENT-SWPP,337.0,384.0,,53.0,,False,
2025-11-06T18:00:00.000Z,USA,Southwest Power Pool,US-CENT-SWPP,292.0,333.0,,60.0,,False,
2025-11-06T19:00:00.000Z,USA,Southwest Power Pool,US-CENT-SWPP,272.0,312.0,,62.0,,False,
2025-11-06T20:00:00.000Z,USA,Southwest Power Pool,US-CENT-SWPP,272.0,312.0,,62.0,,False,
2025-11-06T21:00:00.000Z,USA,Southwest Power Pool,US-CENT-SWPP,291.0,332.0,,60.0,,False,
2025-11-06T22:00:00.000Z,USA,Southwest Power Pool,US-CENT-SWPP,338.0,383.0,,54.0,,False,
2025-11-06T23:00:00.000Z,USA,Southwest Power Pool,US-CENT-SWPP,373.0,421.0,,50.0,,False,
2025-11-07T00:00:00.000Z,USA,Southwest Power Pool,US-CENT-SWPP,366.0,412.0,,52.0,,False,
2025-11-07T01:00:00.000Z,USA,Southwest Power Pool,US-CENT-SWPP,339.0,382.0,,55.0,,False,
2025-11-07T02:00:00.000Z,USA,Southwest Power Pool,US-CENT-SWPP,313.0,355.0,,58.0,,False,
2025-11-07T03:00:00.000Z,USA,Southwest Power Pool,US-CENT-SWPP,321.0,363.0,,57.0,,False,
2025-11-07T04:00:00.000Z,USA,Southwest Power Pool,US-CENT-SWPP,320.0,360.0,,58.0,,False,
2025-11-07T05:00:00.000Z,USA,Southwest Power Pool,US-CENT-SWPP,282.0,319.0,,62.0,,False,
2025-11-07T06:00:00.000Z,USA,Southwest Power Pool,US-CENT-SWPP,265.0,301.0,,64.0,,False,
2025-11-07T07:00:00.000Z,USA,Southwest Power Pool,US-CENT-SWPP,255.0,291.0,,65.0,,False,
2025-11-07T08:00:00.000Z,USA,Southwest Power Pool,US-CENT-SWPP,259.0,294.0,,65.0,,False,
2025-11-07T09:00:00.000Z,USA,Southwest Power Pool,US-CENT-SWPP,266.0,303.0,,63.0,,False,
2025-11-07T10:00:00.000Z,USA,Southwest Power Pool,US-CENT-SWPP,266.0,303.0,,63.0,,False,
2025-11-07T11:00:00.000Z,USA,Southwest Power Pool,US-CENT-SWPP,256.0,292.0,,65.0,,False,
2025-11-07T12:00:00.000Z,USA,Southwest Power Pool,US-CENT-SWPP,251.0,287.0,,65.0,,False,
2025-11-07T13:00:00.000Z,USA,Southwest Power Pool,US-CENT-SWPP,258.0,295.0,,64.0,,False,
2025-11-07T14:00:00.000Z,USA,Southwest Power Pool,US-CENT-SWPP,276.0,318.0,,60.0,,False,
2025-11-07T15:00:00.000Z,USA,Southwest Power Pool,US-CENT-SWPP,304.0,350.0,,56.0,,False,
2025-11-07T16:00:00.000Z,USA,Southwest Power Pool,US-CENT-SWPP,341.0,392.0,,51.0,,False,
2025-11-07T17:00:00.000Z,USA,Southwest Power Pool,US-CENT-SWPP,373.0,426.0,,47.0,,False,
2025-11-07T18:00:00.000Z,USA,Southwest Power Pool,US-CENT-SWPP,404.0,461.0,,42.0,,False,
2025-11-07T19:00:00.000Z,USA,Southwest Power Pool,US-CENT-SWPP,442.0,504.0,,37.0,,False,
2025-11-07T20:00:00.000Z,USA,Southwest Power Pool,US-CENT-SWPP,472.0,536.0,,34.0,,False,
2025-11-07T21:00:00.000Z,USA,Southwest Power Pool,US-CENT-SWPP,495.0,561.0,,31.0,,False,
2025-11-07T22:00:00.000Z,USA,Southwest Power Pool,US-CENT-SWPP,546.0,618.0,,23.0,,False,
2025-11-07T23:00:00.000Z,USA,Southwest Power Pool,US-CENT-SWPP,579.0,655.0,,19.0,,False,
2025-11-08T00:00:00.000Z,USA,Southwest Power Pool,US-CENT-SWPP,582.0,657.0,,19.0,,False,
2025-11-08T01:00:00.000Z,USA,Southwest Power Pool,US-CENT-SWPP,586.0,660.0,,20.0,,False,
2025-11-08T02:00:00.000Z,USA,Southwest Power Pool,US-CENT-SWPP,567.0,638.0,,23.0,,False,
2025-11-08T03:00:00.000Z,USA,Southwest Power Pool,US-CENT-SWPP,548.0,613.0,,28.0,,False,
2025-11-08T04:00:00.000Z,USA,Southwest Power Pool,US-CENT-SWPP,547.0,610.0,,29.0,,False,
2025-11-08T05:00:00.000Z,USA,Southwest Power Pool,US-CENT-SWPP,515.0,573.0,,35.0,,False,
2025-11-08T06:00:00.000Z,USA,Southwest Power Pool,US-CENT-SWPP,481.0,533.0,,41.0,,False,
2025-11-08T07:00:00.000Z,USA,Southwest Power Pool,US-CENT-SWPP,453.0,502.0,,44.0,,False,
2025-11-08T08:00:00.000Z,USA,Southwest Power Pool,US-CENT-SWPP,433.0,481.0,,47.0,,False,
2025-11-08T09:00:00.000Z,USA,Southwest Power Pool,US-CENT-SWPP,423.0,470.0,,47.0,,False,
2025-11-08T10:00:00.000Z,USA,Southwest Power Pool,US-CENT-SWPP,413.0,460.0,,48.0,,False,
2025-11-08T11:00:00.000Z,USA,Southwest Power Pool,US-CENT-SWPP,398.0,444.0,,50.0,,False,
2025-11-08T12:00:00.000Z,USA,Southwest Power Pool,US-CENT-SWPP,369.0,414.0,,53.0,,False,
2025-11-08T13:00:00.000Z,USA,Southwest Power Pool,US-CENT-SWPP,373.0,419.0,,52.0,,False,
2025-11-08T14:00:00.000Z,USA,Southwest Power Pool,US-CENT-SWPP,380.0,426.0,,51.0,,False,
2025-11-08T15:00:00.000Z,USA,Southwest Power Pool,US-CENT-SWPP,396.0,444.0,,49.0,,False,
2025-11-08T16:00:00.000Z,USA,Southwest Power Pool,US-CENT-SWPP,377.0,424.0,,51.0,,False,
2025-11-08T17:00:00.000Z,USA,Southwest Power Pool,US-CENT-SWPP,325.0,366.0,,58.0,,False,
2025-11-08T18:00:00.000Z,USA,Southwest Power Pool,US-CENT-SWPP,277.0,315.0,,63.0,,False,
2025-11-08T19:00:00.000Z,USA,Southwest Power Pool,US-CENT-SWPP,249.0,285.0,,66.0,,False,
2025-11-08T20:00:00.000Z,USA,Southwest Power Pool,US-CENT-SWPP,239.0,274.0,,67.0,,False,
2025-11-08T21:00:00.000Z,USA,Southwest Power Pool,US-CENT-SWPP,239.0,275.0,,67.0,,False,
2025-11-08T22:00:00.000Z,USA,Southwest Power Pool,US-CENT-SWPP,244.0,280.0,,66.0,,False,
2025-11-08T23:00:00.000Z,USA,Southwest Power Pool,US-CENT-SWPP,255.0,292.0,,65.0,,False,
2025-11-09T00:00:00.000Z,USA,Southwest Power Pool,US-CENT-SWPP,270.0,308.0,,63.0,,False,
2025-11-09T01:00:00.000Z,USA,Southwest Power Pool,US-CENT-SWPP,268.0,305.0,,63.0,,False,
2025-11-09T02:00:00.000Z,USA,Southwest Power Pool,US-CENT-SWPP,258.0,295.0,,65.0,,False,
2025-11-09T03:00:00.000Z,USA,Southwest Power Pool,US-CENT-SWPP,251.0,285.0,,66.0,,False,
2025-11-09T04:00:00.000Z,USA,Southwest Power Pool,US-CENT-SWPP,246.0,280.0,,67.0,,False,
2025-11-09T05:00:00.000Z,USA,Southwest Power Pool,US-CENT-SWPP,259.0,294.0,,65.0,,False,
2025-11-09T06:00:00.000Z,USA,Southwest Power Pool,US-CENT-SWPP,252.0,286.0,,66.0,,False,
2025-11-09T07:00:00.000Z,USA,Southwest Power Pool,US-CENT-SWPP,247.0,281.0,,67.0,,False,
2025-11-09T08:00:00.000Z,USA,Southwest Power Pool,US-CENT-SWPP,256.0,290.0,,66.0,,False,
2025-11-09T09:00:00.000Z,USA,Southwest Power Pool,US-CENT-SWPP,247.0,281.0,,67.0,,False,
2025-11-09T10:00:00.000Z,USA,Southwest Power Pool,US-CENT-SWPP,241.0,274.0,,67.0,,False,
2025-11-09T11:00:00.000Z,USA,Southwest Power Pool,US-CENT-SWPP,250.0,284.0,,66.0,,False,
2025-11-09T12:00:00.000Z,USA,Southwest Power Pool,US-CENT-SWPP,258.0,294.0,,65.0,,False,
2025-11-09T13:00:00.000Z,USA,Southwest Power Pool,US-CENT-SWPP,274.0,311.0,,63.0,,False,
2025-11-09T14:00:00.000Z,USA,Southwest Power Pool,US-CENT-SWPP,285.0,324.0,,61.0,,False,
2025-11-09T15:00:00.000Z,USA,Southwest Power Pool,US-CENT-SWPP,278.0,317.0,,62.0,,False,
2025-11-09T16:00:00.000Z,USA,Southwest Power Pool,US-CENT-SWPP,272.0,310.0,,62.0,,False,
2025-11-09T17:00:00.000Z,USA,Southwest Power Pool,US-CENT-SWPP,280.0,320.0,,61.0,,False,
2025-11-09T18:00:00.000Z,USA,Southwest Power Pool,US-CENT-SWPP,284.0,325.0,,60.0,,False,
2025-11-09T19:00:00.000Z,USA,Southwest Power Pool,US-CENT-SWPP,287.0,329.0,,60.0,,False,
2025-11-09T20:00:00.000Z,USA,Southwest Power Pool,US-CENT-SWPP,285.0,327.0,,60.0,,False,
2025-11-09T21:00:00.000Z,USA,Southwest Power Pool,US-CENT-SWPP,292.0,335.0,,58.0,,False,
2025-11-09T22:00:00.000Z,USA,Southwest Power Pool,US-CENT-SWPP,319.0,366.0,,54.0,,False,
2025-11-09T23:00:00.000Z,USA,Southwest Power Pool,US-CENT-SWPP,379.0,434.0,,45.0,,False,
2025-11-10T00:00:00.000Z,USA,Southwest Power Pool,US-CENT-SWPP,431.0,489.0,,40.0,,False,
2025-11-10T01:00:00.000Z,USA,Southwest Power Pool,US-CENT-SWPP,461.0,520.0,,37.0,,False,
2025-11-10T02:00:00.000Z,USA,Southwest Power Pool,US-CENT-SWPP,488.0,549.0,,35.0,,False,
2025-11-10T03:00:00.000Z,USA,Southwest Power Pool,US-CENT-SWPP,515.0,578.0,,31.0,,False,
2025-11-10T04:00:00.000Z,USA,Southwest Power Pool,US-CENT-SWPP,528.0,591.0,,30.0,,False,
2025-11-10T05:00:00.000Z,USA,Southwest Power Pool,US-CENT-SWPP,549.0,612.0,,28.0,,False,
2025-11-10T06:00:00.000Z,USA,Southwest Power Pool,US-CENT-SWPP,552.0,614.0,,29.0,,False,
2025-11-10T07:00:00.000Z,USA,Southwest Power Pool,US-CENT-SWPP,546.0,608.0,,29.0,,False,
2025-11-10T08:00:00.000Z,USA,Southwest Power Pool,US-CENT-SWPP,548.0,611.0,,29.0,,False,
2025-11-10T09:00:00.000Z,USA,Southwest Power Pool,US-CENT-SWPP,546.0,610.0,,29.0,,False,
2025-11-10T10:00:00.000Z,USA,Southwest Power Pool,US-CENT-SWPP,550.0,614.0,,28.0,,False,
2025-11-10T11:00:00.000Z,USA,Southwest Power Pool,US-CENT-SWPP,548.0,615.0,,27.0,,False,
2025-11-10T12:00:00.000Z,USA,Southwest Power Pool,US-CENT-SWPP,546.0,614.0,,26.0,,False,
2025-11-10T13:00:00.000Z,USA,Southwest Power Pool,US-CENT-SWPP,547.0,615.0,,26.0,,False,
2025-11-10T14:00:00.000Z,USA,Southwest Power Pool,US-CENT-SWPP,549.0,617.0,,26.0,,False,
2025-11-10T15:00:00.000Z,USA,Southwest Power Pool,US-CENT-SWPP,554.0,623.0,,25.0,,False,
2025-11-10T16:00:00.000Z,USA,Southwest Power Pool,US-CENT-SWPP,547.0,614.0,,26.0,,False,
2025-11-10T17:00:00.000Z,USA,Southwest Power Pool,US-CENT-SWPP,545.0,611.0,,28.0,,False,
2025-11-10T18:00:00.000Z,USA,Southwest Power Pool,US-CENT-SWPP,534.0,597.0,,30.0,,False,
2025-11-10T19:00:00.000Z,USA,Southwest Power Pool,US-CENT-SWPP,518.0,579.0,,33.0,,False,
2025-11-10T20:00:00.000Z,USA,Southwest Power Pool,US-CENT-SWPP,493.0,551.0,,36.0,,False,
2025-11-10T21:00:00.000Z,USA,Southwest Power Pool,US-CENT-SWPP,467.0,523.0,,39.0,,False,
2025-11-10T22:00:00.000Z,USA,Southwest Power Pool,US-CENT-SWPP,448.0,503.0,,41.0,,False,
2025-11-10T23:00:00.000Z,USA,Southwest Power Pool,US-CENT-SWPP,434.0,488.0,,42.0,,False,
2025-11-11T00:00:00.000Z,USA,Southwest Power Pool,US-CENT-SWPP,385.0,434.0,,49.0,,False,
2025-11-11T01:00:00.000Z,USA,Southwest Power Pool,US-CENT-SWPP,336.0,381.0,,54.0,,False,
2025-11-11T02:00:00.000Z,USA,Southwest Power Pool,US-CENT-SWPP,310.0,354.0,,57.0,,False,
2025-11-11T03:00:00.000Z,USA,Southwest Power Pool,US-CENT-SWPP,298.0,340.0,,59.0,,False,
2025-11-11T04:00:00.000Z,USA,Southwest Power Pool,US-CENT-SWPP,289.0,331.0,,60.0,,False,
2025-11-11T05:00:00.000Z,USA,Southwest Power Pool,US-CENT-SWPP,295.0,336.0,,60.0,,False,
2025-11-11T06:00:00.000Z,USA,Southwest Power Pool,US-CENT-SWPP,292.0,333.0,,60.0,,False,
2025-11-11T07:00:00.000Z,USA,Southwest Power Pool,US-CENT-SWPP,286.0,326.0,,61.0,,False,
2025-11-11T08:00:00.000Z,USA,Southwest Power Pool,US-CENT-SWPP,287.0,326.0,,61.0,,False,
2025-11-11T09:00:00.000Z,USA,Southwest Power Pool,US-CENT-SWPP,292.0,332.0,,60.0,,False,
2025-11-11T10:00:00.000Z,USA,Southwest Power Pool,US-CENT-SWPP,301.0,341.0,,59.0,,False,
2025-11-11T11:00:00.000Z,USA,Southwest Power Pool,US-CENT-SWPP,306.0,346.0,,59.0,,False,
2025-11-11T12:00:00.000Z,USA,Southwest Power Pool,US-CENT-SWPP,307.0,347.0,,59.0,,False,
2025-11-11T13:00:00.000Z,USA,Southwest Power Pool,US-CENT-SWPP,304.0,344.0,,60.0,,False,
2025-11-11T14:00:00.000Z,USA,Southwest Power Pool,US-CENT-SWPP,295.0,334.0,,61.0,,False,
2025-11-11T15:00:00.000Z,USA,Southwest Power Pool,US-CENT-SWPP,310.0,352.0,,58.0,,False,
2025-11-11T16:00:00.000Z,USA,Southwest Power Pool,US-CENT-SWPP,326.0,370.0,,56.0,,False,
2025-11-11T17:00:00.000Z,USA,Southwest Power Pool,US-CENT-SWPP,330.0,373.0,,56.0,,False,
2025-11-11T18:00:00.000Z,USA,Southwest Power Pool,US-CENT-SWPP,347.0,391.0,,54.0,,False,
2025-11-11T19:00:00.000Z,USA,Southwest Power Pool,US-CENT-SWPP,357.0,402.0,,53.0,,False,
2025-11-11T20:00:00.000Z,USA,Southwest Power Pool,US-CENT-SWPP,365.0,412.0,,51.0,,False,
2025-11-11T21:00:00.000Z,USA,Southwest Power Pool,US-CENT-SWPP,397.0,448.0,,47.0,,False,
2025-11-11T22:00:00.000Z,USA,Southwest Power Pool,US-CENT-SWPP,461.0,517.0,,38.0,,False,
2025-11-11T23:00:00.000Z,USA,Southwest Power Pool,US-CENT-SWPP,491.0,548.0,,36.0,,False,
2025-11-12T00:00:00.000Z,USA,Southwest Power Pool,US-CENT-SWPP,474.0,529.0,,39.0,,False,
2025-11-12T01:00:00.000Z,USA,Southwest Power Pool,US-CENT-SWPP,482.0,538.0,,38.0,,False,
2025-11-12T02:00:00.000Z,USA,Southwest Power Pool,US-CENT-SWPP,493.0,550.0,,37.0,,False,
2025-11-12T03:00:00.000Z,USA,Southwest Power Pool,US-CENT-SWPP,507.0,564.0,,35.0,,False,
2025-11-12T04:00:00.000Z,USA,Southwest Power Pool,US-CENT-SWPP,521.0,579.0,,33.0,,False,
2025-11-12T05:00:00.000Z,USA,Southwest Power Pool,US-CENT-SWPP,555.0,616.0,,29.0,,False,
2025-11-12T06:00:00.000Z,USA,Southwest Power Pool,US-CENT-SWPP,589.0,652.0,,25.0,,False,
2025-11-12T07:00:00.000Z,USA,Southwest Power Pool,US-CENT-SWPP,606.0,671.0,,23.0,,False,
2025-11-12T08:00:00.000Z,USA,Southwest Power Pool,US-CENT-SWPP,614.0,678.0,,23.0,,False,
2025-11-12T09:00:00.000Z,USA,Southwest Power Pool,US-CENT-SWPP,603.0,666.0,,24.0,,False,
2025-11-12T10:00:00.000Z,USA,Southwest Power Pool,US-CENT-SWPP,602.0,667.0,,24.0,,False,
2025-11-12T11:00:00.000Z,USA,Southwest Power Pool,US-CENT-SWPP,592.0,657.0,,24.0,,False,
2025-11-12T12:00:00.000Z,USA,Southwest Power Pool,US-CENT-SWPP,591.0,659.0,,23.0,,False,
2025-11-12T13:00:00.000Z,USA,Southwest Power Pool,US-CENT-SWPP,600.0,672.0,,20.0,,False,
2025-11-12T14:00:00.000Z,USA,Southwest Power Pool,US-CENT-SWPP,612.0,684.0,,19.0,,False,
2025-11-12T15:00:00.000Z,USA,Southwest Power Pool,US-CENT-SWPP,637.0,713.0,,15.0,,False,
2025-11-12T16:00:00.000Z,USA,Southwest Power Pool,US-CENT-SWPP,653.0,731.0,,13.0,,False,
2025-11-12T17:00:00.000Z,USA,Southwest Power Pool,US-CENT-SWPP,638.0,714.0,,15.0,,False,
2025-11-12T18:00:00.000Z,USA,Southwest Power Pool,US-CENT-SWPP,628.0,702.0,,17.0,,False,
2025-11-12T19:00:00.000Z,USA,Southwest Power Pool,US-CENT-SWPP,615.0,686.0,,19.0,,False,
2025-11-12T20:00:00.000Z,USA,Southwest Power Pool,US-CENT-SWPP,606.0,675.0,,21.0,,False,
2025-11-12T21:00:00.000Z,USA,Southwest Power Pool,US-CENT-SWPP,589.0,656.0,,23.0,,False,
2025-11-12T22:00:00.000Z,USA,Southwest Power Pool,US-CENT-SWPP,597.0,666.0,,22.0,,False,
2025-11-12T23:00:00.000Z,USA,Southwest Power Pool,US-CENT-SWPP,573.0,639.0,,26.0,,False,
2025-11-13T00:00:00.000Z,USA,Southwest Power Pool,US-CENT-SWPP,494.0,550.0,,37.0,,False,
2025-11-13T01:00:00.000Z,USA,Southwest Power Pool,US-CENT-SWPP,417.0,468.0,,45.0,,False,
2025-11-13T02:00:00.000Z,USA,Southwest Power Pool,US-CENT-SWPP,358.0,405.0,,52.0,,False,
2025-11-13T03:00:00.000Z,USA,Southwest Power Pool,US-CENT-SWPP,334.0,379.0,,54.0,,False,
2025-11-13T04:00:00.000Z,USA,Southwest Power Pool,US-CENT-SWPP,305.0,349.0,,57.0,,False,
2025-11-13T05:00:00.000Z,USA,Southwest Power Pool,US-CENT-SWPP,299.0,342.0,,58.0,,False,
2025-11-13T06:00:00.000Z,USA,Southwest Power Pool,US-CENT-SWPP,297.0,339.0,,58.0,,False,
2025-11-13T07:00:00.000Z,USA,Southwest Power Pool,US-CENT-SWPP,295.0,338.0,,58.0,,False,
2025-11-13T08:00:00.000Z,USA,Southwest Power Pool,US-CENT-SWPP,293.0,336.0,,58.0,,False,
2025-11-13T09:00:00.000Z,USA,Southwest Power Pool,US-CENT-SWPP,296.0,340.0,,57.0,,False,
2025-11-13T10:00:00.000Z,USA,Southwest Power Pool,US-CENT-SWPP,307.0,352.0,,56.0,,False,
2025-11-13T11:00:00.000Z,USA,Southwest Power Pool,US-CENT-SWPP,320.0,367.0,,54.0,,False,
2025-11-13T12:00:00.000Z,USA,Southwest Power Pool,US-CENT-SWPP,357.0,407.0,,49.0,,False,
2025-11-13T13:00:00.000Z,USA,Southwest Power Pool,US-CENT-SWPP,368.0,419.0,,49.0,,False,
2025-11-13T14:00:00.000Z,USA,Southwest Power Pool,US-CENT-SWPP,385.0,438.0,,46.0,,False,
2025-11-13T15:00:00.000Z,USA,Southwest Power Pool,US-CENT-SWPP,457.0,520.0,,35.0,,False,
2025-11-13T16:00:00.000Z,USA,Southwest Power Pool,US-CENT-SWPP,508.0,575.0,,29.0,,False,
2025-11-13T17:00:00.000Z,USA,Southwest Power Pool,US-CENT-SWPP,537.0,604.0,,27.0,,False,
2025-11-13T18:00:00.000Z,USA,Southwest Power Pool,US-CENT-SWPP,531.0,596.0,,29.0,,False,
2025-11-13T19:00:00.000Z,USA,Southwest Power Pool,US-CENT-SWPP,504.0,565.0,,33.0,,False,
2025-11-13T20:00:00.000Z,USA,Southwest Power Pool,US-CENT-SWPP,460.0,516.0,,39.0,,False,
2025-11-13T21:00:00.000Z,USA,Southwest Power Pool,US-CENT-SWPP,448.0,503.0,,41.0,,False,
2025-11-13T22:00:00.000Z,USA,Southwest Power Pool,US-CENT-SWPP,468.0,523.0,,39.0,,False,
2025-11-13T23:00:00.000Z,USA,Southwest Power Pool,US-CENT-SWPP,462.0,517.0,,40.0,,False,
2025-11-14T00:00:00.000Z,USA,Southwest Power Pool,US-CENT-SWPP,403.0,452.0,,47.0,,False,
2025-11-14T01:00:00.000Z,USA,Southwest Power Pool,US-CENT-SWPP,354.0,398.0,,54.0,,False,
2025-11-14T02:00:00.000Z,USA,Southwest Power Pool,US-CENT-SWPP,317.0,359.0,,58.0,,False,
2025-11-14T03:00:00.000Z,USA,Southwest Power Pool,US-CENT-SWPP,294.0,333.0,,60.0,,False,
2025-11-14T04:00:00.000Z,USA,Southwest Power Pool,US-CENT-SWPP,282.0,321.0,,62.0,,False,
2025-11-14T05:00:00.000Z,USA,Southwest Power Pool,US-CENT-SWPP,278.0,315.0,,63.0,,False,
2025-11-14T06:00:00.000Z,USA,Southwest Power Pool,US-CENT-SWPP,286.0,322.0,,62.0,,False,
2025-11-14T07:00:00.000Z,USA,Southwest Power Pool,US-CENT-SWPP,290.0,327.0,,62.0,,False,
2025-11-14T08:00:00.000Z,USA,Southwest Power Pool,US-CENT-SWPP,292.0,330.0,,61.0,,False,
2025-11-14T09:00:00.000Z,USA,Southwest Power Pool,US-CENT-SWPP,297.0,336.0,,61.0,,False,
2025-11-14T10:00:00.000Z,USA,Southwest Power Pool,US-CENT-SWPP,317.0,358.0,,58.0,,False,
2025-11-14T11:00:00.000Z,USA,Southwest Power Pool,US-CENT-SWPP,344.0,387.0,,55.0,,False,
2025-11-14T12:00:00.000Z,USA,Southwest Power Pool,US-CENT-SWPP,381.0,427.0,,50.0,,False,
2025-11-14T13:00:00.000Z,USA,Southwest Power Pool,US-CENT-SWPP,413.0,462.0,,47.0,,False,
2025-11-14T14:00:00.000Z,USA,Southwest Power Pool,US-CENT-SWPP,443.0,494.0,,43.0,,False,
2025-11-14T15:00:00.000Z,USA,Southwest Power Pool,US-CENT-SWPP,500.0,559.0,,35.0,,False,
2025-11-14T16:00:00.000Z,USA,Southwest Power Pool,US-CENT-SWPP,547.0,611.0,,28.0,,False,
2025-11-14T17:00:00.000Z,USA,Southwest Power Pool,US-CENT-SWPP,572.0,640.0,,24.0,,False,
2025-11-14T18:00:00.000Z,USA,Southwest Power Pool,US-CENT-SWPP,568.0,634.0,,25.0,,False,
2025-11-14T19:00:00.000Z,USA,Southwest Power Pool,US-CENT-SWPP,543.0,605.0,,30.0,,False,
2025-11-14T20:00:00.000Z,USA,Southwest Power Pool,US-CENT-SWPP,503.0,562.0,,35.0,,False,
2025-11-14T21:00:00.000Z,USA,Southwest Power Pool,US-CENT-SWPP,463.0,518.0,,40.0,,False,
2025-11-14T22:00:00.000Z,USA,Southwest Power Pool,US-CENT-SWPP,460.0,514.0,,40.0,,False,
2025-11-14T23:00:00.000Z,USA,Southwest Power Pool,US-CENT-SWPP,424.0,474.0,,45.0,,False,
2025-11-15T00:00:00.000Z,USA,Southwest Power Pool,US-CENT-SWPP,367.0,413.0,,52.0,,False,
2025-11-15T01:00:00.000Z,USA,Southwest Power Pool,US-CENT-SWPP,325.0,366.0,,57.0,,False,
2025-11-15T02:00:00.000Z,USA,Southwest Power Pool,US-CENT-SWPP,296.0,335.0,,61.0,,False,
2025-11-15T03:00:00.000Z,USA,Southwest Power Pool,US-CENT-SWPP,272.0,310.0,,63.0,,False,
2025-11-15T04:00:00.000Z,USA,Southwest Power Pool,US-CENT-SWPP,257.0,293.0,,65.0,,False,
2025-11-15T05:00:00.000Z,USA,Southwest Power Pool,US-CENT-SWPP,260.0,296.0,,65.0,,False,
2025-11-15T06:00:00.000Z,USA,Southwest Power Pool,US-CENT-SWPP,261.0,296.0,,65.0,,False,
2025-11-15T07:00:00.000Z,USA,Southwest Power Pool,US-CENT-SWPP,253.0,288.0,,66.0,,False,
2025-11-15T08:00:00.000Z,USA,Southwest Power Pool,US-CENT-SWPP,256.0,291.0,,65.0,,False,
2025-11-15T09:00:00.000Z,USA,Southwest Power Pool,US-CENT-SWPP,265.0,300.0,,64.0,,False,
2025-11-15T10:00:00.000Z,USA,Southwest Power Pool,US-CENT-SWPP,269.0,305.0,,64.0,,False,
2025-11-15T11:00:00.000Z,USA,Southwest Power Pool,US-CENT-SWPP,267.0,303.0,,64.0,,False,
2025-11-15T12:00:00.000Z,USA,Southwest Power Pool,US-CENT-SWPP,265.0,302.0,,64.0,,False,
2025-11-15T13:00:00.000Z,USA,Southwest Power Pool,US-CENT-SWPP,266.0,302.0,,64.0,,False,
2025-11-15T14:00:00.000Z,USA,Southwest Power Pool,US-CENT-SWPP,276.0,314.0,,62.0,,False,
2025-11-15T15:00:00.000Z,USA,Southwest Power Pool,US-CENT-SWPP,326.0,370.0,,55.0,,False,
2025-11-15T16:00:00.000Z,USA,Southwest Power Pool,US-CENT-SWPP,369.0,416.0,,50.0,,False,
2025-11-15T17:00:00.000Z,USA,Southwest Power Pool,US-CENT-SWPP,403.0,453.0,,46.0,,False,
2025-11-15T18:00:00.000Z,USA,Southwest Power Pool,US-CENT-SWPP,425.0,476.0,,44.0,,False,
2025-11-15T19:00:00.000Z,USA,Southwest Power Pool,US-CENT-SWPP,439.0,492.0,,43.0,,False,
2025-11-15T20:00:00.000Z,USA,Southwest Power Pool,US-CENT-SWPP,469.0,524.0,,39.0,,False,
2025-11-15T21:00:00.000Z,USA,Southwest Power Pool,US-CENT-SWPP,491.0,550.0,,36.0,,False,
2025-11-15T22:00:00.000Z,USA,Southwest Power Pool,US-CENT-SWPP,532.0,595.0,,30.0,,False,
2025-11-15T23:00:00.000Z,USA,Southwest Power Pool,US-CENT-SWPP,539.0,603.0,,29.0,,False,
2025-11-16T00:00:00.000Z,USA,Southwest Power Pool,US-CENT-SWPP,497.0,556.0,,35.0,,False,
2025-11-16T01:00:00.000Z,USA,Southwest Power Pool,US-CENT-SWPP,484.0,540.0,,38.0,,False,
2025-11-16T02:00:00.000Z,USA,Southwest Power Pool,US-CENT-SWPP,440.0,491.0,,43.0,,False,
2025-11-16T03:00:00.000Z,USA,Southwest Power Pool,US-CENT-SWPP,407.0,456.0,,47.0,,False,
2025-11-16T04:00:00.000Z,USA,Southwest Power Pool,US-CENT-SWPP,408.0,457.0,,47.0,,False,
2025-11-16T05:00:00.000Z,USA,Southwest Power Pool,US-CENT-SWPP,446.0,496.0,,43.0,,False,
2025-11-16T06:00:00.000Z,USA,Southwest Power Pool,US-CENT-SWPP,468.0,520.0,,41.0,,False,
2025-11-16T07:00:00.000Z,USA,Southwest Power Pool,US-CENT-SWPP,451.0,501.0,,42.0,,False,
2025-11-16T08:00:00.000Z,USA,Southwest Power Pool,US-CENT-SWPP,424.0,473.0,,45.0,,False,
2025-11-16T09:00:00.000Z,USA,Southwest Power Pool,US-CENT-SWPP,413.0,461.0,,46.0,,False,
2025-11-16T10:00:00.000Z,USA,Southwest Power Pool,US-CENT-SWPP,404.0,451.0,,47.0,,False,
2025-11-16T11:00:00.000Z,USA,Southwest Power Pool,US-CENT-SWPP,399.0,446.0,,47.0,,False,
2025-11-16T12:00:00.000Z,USA,Southwest Power Pool,US-CENT-SWPP,407.0,454.0,,47.0,,False,
2025-11-16T13:00:00.000Z,USA,Southwest Power Pool,US-CENT-SWPP,414.0,463.0,,45.0,,False,
2025-11-16T14:00:00.000Z,USA,Southwest Power Pool,US-CENT-SWPP,439.0,492.0,,42.0,,False,
2025-11-16T15:00:00.000Z,USA,Southwest Power Pool,US-CENT-SWPP,506.0,565.0,,33.0,,False,
2025-11-16T16:00:00.000Z,USA,Southwest Power Pool,US-CENT-SWPP,495.0,552.0,,35.0,,False,
2025-11-16T17:00:00.000Z,USA,Southwest Power Pool,US-CENT-SWPP,516.0,574.0,,33.0,,False,
2025-11-16T18:00:00.000Z,USA,Southwest Power Pool,US-CENT-SWPP,525.0,585.0,,31.0,,False,
2025-11-16T19:00:00.000Z,USA,Southwest Power Pool,US-CENT-SWPP,520.0,580.0,,32.0,,False,
2025-11-16T20:00:00.000Z,USA,Southwest Power Pool,US-CENT-SWPP,520.0,578.0,,33.0,,False,
2025-11-16T21:00:00.000Z,USA,Southwest Power Pool,US-CENT-SWPP,510.0,567.0,,34.0,,False,
2025-11-16T22:00:00.000Z,USA,Southwest Power Pool,US-CENT-SWPP,516.0,574.0,,33.0,,False,
2025-11-16T23:00:00.000Z,USA,Southwest Power Pool,US-CENT-SWPP,481.0,536.0,,37.0,,False,
2025-11-17T00:00:00.000Z,USA,Southwest Power Pool,US-CENT-SWPP,386.0,432.0,,49.0,,False,
2025-11-17T01:00:00.000Z,USA,Southwest Power Pool,US-CENT-SWPP,316.0,357.0,,57.0,,False,
2025-11-17T02:00:00.000Z,USA,Southwest Power Pool,US-CENT-SWPP,272.0,310.0,,62.0,,False,
2025-11-17T03:00:00.000Z,USA,Southwest Power Pool,US-CENT-SWPP,257.0,292.0,,64.0,,False,
2025-11-17T04:00:00.000Z,USA,Southwest Power Pool,US-CENT-SWPP,243.0,277.0,,66.0,,False,
2025-11-17T05:00:00.000Z,USA,Southwest Power Pool,US-CENT-SWPP,234.0,267.0,,67.0,,False,
2025-11-17T06:00:00.000Z,USA,Southwest Power Pool,US-CENT-SWPP,226.0,258.0,,68.0,,False,
2025-11-17T07:00:00.000Z,USA,Southwest Power Pool,US-CENT-SWPP,222.0,254.0,,69.0,,False,
2025-11-17T08:00:00.000Z,USA,Southwest Power Pool,US-CENT-SWPP,225.0,256.0,,69.0,,False,
2025-11-17T09:00:00.000Z,USA,Southwest Power Pool,US-CENT-SWPP,225.0,256.0,,68.0,,False,
2025-11-17T10:00:00.000Z,USA,Southwest Power Pool,US-CENT-SWPP,226.0,258.0,,68.0,,False,
2025-11-17T11:00:00.000Z,USA,Southwest Power Pool,US-CENT-SWPP,232.0,264.0,,67.0,,False,
2025-11-17T12:00:00.000Z,USA,Southwest Power Pool,US-CENT-SWPP,238.0,272.0,,66.0,,False,
2025-11-17T13:00:00.000Z,USA,Southwest Power Pool,US-CENT-SWPP,255.0,290.0,,64.0,,False,
2025-11-17T14:00:00.000Z,USA,Southwest Power Pool,US-CENT-SWPP,241.0,274.0,,66.0,,False,
2025-11-17T15:00:00.000Z,USA,Southwest Power Pool,US-CENT-SWPP,254.0,290.0,,64.0,,False,
2025-11-17T16:00:00.000Z,USA,Southwest Power Pool,US-CENT-SWPP,279.0,317.0,,61.0,,False,
2025-11-17T17:00:00.000Z,USA,Southwest Power Pool,US-CENT-SWPP,292.0,331.0,,60.0,,False,
2025-11-17T18:00:00.000Z,USA,Southwest Power Pool,US-CENT-SWPP,288.0,326.0,,61.0,,False,
2025-11-17T19:00:00.000Z,USA,Southwest Power Pool,US-CENT-SWPP,282.0,319.0,,61.0,,False,
2025-11-17T20:00:00.000Z,USA,Southwest Power Pool,US-CENT-SWPP,275.0,311.0,,62.0,,False,
2025-11-17T21:00:00.000Z,USA,Southwest Power Pool,US-CENT-SWPP,270.0,306.0,,63.0,,False,
2025-11-17T22:00:00.000Z,USA,Southwest Power Pool,US-CENT-SWPP,277.0,314.0,,61.0,,False,
2025-11-17T23:00:00.000Z,USA,Southwest Power Pool,US-CENT-SWPP,304.0,344.0,,58.0,,False,
2025-11-18T00:00:00.000Z,USA,Southwest Power Pool,US-CENT-SWPP,300.0,339.0,,58.0,,False,
2025-11-18T01:00:00.000Z,USA,Southwest Power Pool,US-CENT-SWPP,305.0,344.0,,58.0,,False,
2025-11-18T02:00:00.000Z,USA,Southwest Power Pool,US-CENT-SWPP,306.0,345.0,,58.0,,False,
2025-11-18T03:00:00.000Z,USA,Southwest Power Pool,US-CENT-SWPP,313.0,352.0,,57.0,,False,
2025-11-18T04:00:00.000Z,USA,Southwest Power Pool,US-CENT-SWPP,316.0,354.0,,57.0,,False,
2025-11-18T05:00:00.000Z,USA,Southwest Power Pool,US-CENT-SWPP,313.0,351.0,,57.0,,False,
2025-11-18T06:00:00.000Z,USA,Southwest Power Pool,US-CENT-SWPP,350.0,390.0,,53.0,,False,
2025-11-18T07:00:00.000Z,USA,Southwest Power Pool,US-CENT-SWPP,368.0,409.0,,51.0,,False,
2025-11-18T08:00:00.000Z,USA,Southwest Power Pool,US-CENT-SWPP,361.0,401.0,,52.0,,False,
2025-11-18T09:00:00.000Z,USA,Southwest Power Pool,US-CENT-SWPP,333.0,372.0,,54.0,,False,
2025-11-18T10:00:00.000Z,USA,Southwest Power Pool,US-CENT-SWPP,333.0,372.0,,54.0,,False,
2025-11-18T11:00:00.000Z,USA,Southwest Power Pool,US-CENT-SWPP,355.0,398.0,,51.0,,False,
2025-11-18T12:00:00.000Z,USA,Southwest Power Pool,US-CENT-SWPP,376.0,422.0,,47.0,,False,
2025-11-18T13:00:00.000Z,USA,Southwest Power Pool,US-CENT-SWPP,404.0,453.0,,44.0,,False,
2025-11-18T14:00:00.000Z,USA,Southwest Power Pool,US-CENT-SWPP,446.0,500.0,,38.0,,False,
2025-11-18T15:00:00.000Z,USA,Southwest Power Pool,US-CENT-SWPP,522.0,586.0,,27.0,,False,
2025-11-18T16:00:00.000Z,USA,Southwest Power Pool,US-CENT-SWPP,549.0,613.0,,24.0,,False,
2025-11-18T17:00:00.000Z,USA,Southwest Power Pool,US-CENT-SWPP,557.0,624.0,,23.0,,False,
2025-11-18T18:00:00.000Z,USA,Southwest Power Pool,US-CENT-SWPP,565.0,633.0,,21.0,,False,
2025-11-18T19:00:00.000Z,USA,Southwest Power Pool,US-CENT-SWPP,577.0,648.0,,19.0,,False,
2025-11-18T20:00:00.000Z,USA,Southwest Power Pool,US-CENT-SWPP,583.0,655.0,,18.0,,False,
2025-11-18T21:00:00.000Z,USA,Southwest Power Pool,US-CENT-SWPP,587.0,659.0,,18.0,,False,
2025-11-18T22:00:00.000Z,USA,Southwest Power Pool,US-CENT-SWPP,591.0,664.0,,17.0,,False,
2025-11-18T23:00:00.000Z,USA,Southwest Power Pool,US-CENT-SWPP,587.0,661.0,,16.0,,False,
2025-11-19T00:00:00.000Z,USA,Southwest Power Pool,US-CENT-SWPP,577.0,650.0,,18.0,,False,
2025-11-19T01:00:00.000Z,USA,Southwest Power Pool,US-CENT-SWPP,564.0,633.0,,21.0,,False,
2025-11-19T02:00:00.000Z,USA,Southwest Power Pool,US-CENT-SWPP,554.0,620.0,,23.0,,False,
2025-11-19T03:00:00.000Z,USA,Southwest Power Pool,US-CENT-SWPP,524.0,585.0,,28.0,,False,
2025-11-19T04:00:00.000Z,USA,Southwest Power Pool,US-CENT-SWPP,506.0,563.0,,32.0,,False,
2025-11-19T05:00:00.000Z,USA,Southwest Power Pool,US-CENT-SWPP,486.0,540.0,,35.0,,False,
2025-11-19T06:00:00.000Z,USA,Southwest Power Pool,US-CENT-SWPP,482.0,535.0,,35.0,,False,
2025-11-19T07:00:00.000Z,USA,Southwest Power Pool,US-CENT-SWPP,490.0,544.0,,34.0,,False,
2025-11-19T08:00:00.000Z,USA,Southwest Power Pool,US-CENT-SWPP,491.0,546.0,,33.0,,False,
2025-11-19T09:00:00.000Z,USA,Southwest Power Pool,US-CENT-SWPP,512.0,568.0,,31.0,,False,
2025-11-19T10:00:00.000Z,USA,Southwest Power Pool,US-CENT-SWPP,533.0,592.0,,28.0,,False,
2025-11-19T11:00:00.000Z,USA,Southwest Power Pool,US-CENT-SWPP,532.0,591.0,,28.0,,False,
2025-11-19T12:00:00.000Z,USA,Southwest Power Pool,US-CENT-SWPP,526.0,585.0,,29.0,,False,
2025-11-19T13:00:00.000Z,USA,Southwest Power Pool,US-CENT-SWPP,521.0,579.0,,30.0,,False,
2025-11-19T14:00:00.000Z,USA,Southwest Power Pool,US-CENT-SWPP,514.0,573.0,,30.0,,False,
2025-11-19T15:00:00.000Z,USA,Southwest Power Pool,US-CENT-SWPP,552.0,616.0,,24.0,,False,
2025-11-19T16:00:00.000Z,USA,Southwest Power Pool,US-CENT-SWPP,559.0,626.0,,22.0,,False,
2025-11-19T17:00:00.000Z,USA,Southwest Power Pool,US-CENT-SWPP,564.0,632.0,,21.0,,False,
2025-11-19T18:00:00.000Z,USA,Southwest Power Pool,US-CENT-SWPP,569.0,637.0,,21.0,,False,
2025-11-19T19:00:00.000Z,USA,Southwest Power Pool,US-CENT-SWPP,557.0,623.0,,23.0,,False,
2025-11-19T20:00:00.000Z,USA,Southwest Power Pool,US-CENT-SWPP,553.0,620.0,,23.0,,False,
2025-11-19T21:00:00.000Z,USA,Southwest Power Pool,US-CENT-SWPP,553.0,619.0,,24.0,,False,
2025-11-19T22:00:00.000Z,USA,Southwest Power Pool,US-CENT-SWPP,548.0,613.0,,25.0,,False,
2025-11-19T23:00:00.000Z,USA,Southwest Power Pool,US-CENT-SWPP,531.0,593.0,,27.0,,False,
2025-11-20T00:00:00.000Z,USA,Southwest Power Pool,US-CENT-SWPP,498.0,556.0,,32.0,,False,
2025-11-20T01:00:00.000Z,USA,Southwest Power Pool,US-CENT-SWPP,460.0,513.0,,38.0,,False,
2025-11-20T02:00:00.000Z,USA,Southwest Power Pool,US-CENT-SWPP,437.0,486.0,,41.0,,False,
2025-11-20T03:00:00.000Z,USA,Southwest Power Pool,US-CENT-SWPP,443.0,493.0,,41.0,,False,
2025-11-20T04:00:00.000Z,USA,Southwest Power Pool,US-CENT-SWPP,438.0,485.0,,42.0,,False,
2025-11-20T05:00:00.000Z,USA,Southwest Power Pool,US-CENT-SWPP,443.0,490.0,,41.0,,False,
2025-11-20T06:00:00.000Z,USA,Southwest Power Pool,US-CENT-SWPP,461.0,510.0,,39.0,,False,
2025-11-20T07:00:00.000Z,USA,Southwest Power Pool,US-CENT-SWPP,493.0,544.0,,36.0,,False,
2025-11-20T08:00:00.000Z,USA,Southwest Power Pool,US-CENT-SWPP,526.0,580.0,,31.0,,False,
2025-11-20T09:00:00.000Z,USA,Southwest Power Pool,US-CENT-SWPP,568.0,627.0,,25.0,,False,
2025-11-20T10:00:00.000Z,USA,Southwest Power Pool,US-CENT-SWPP,596.0,658.0,,21.0,,False,
2025-11-20T11:00:00.000Z,USA,Southwest Power Pool,US-CENT-SWPP,595.0,659.0,,21.0,,False,
2025-11-20T12:00:00.000Z,USA,Southwest Power Pool,US-CENT-SWPP,573.0,637.0,,23.0,,False,
2025-11-20T13:00:00.000Z,USA,Southwest Power Pool,US-CENT-SWPP,575.0,640.0,,22.0,,False,
2025-11-20T14:00:00.000Z,USA,Southwest Power Pool,US-CENT-SWPP,566.0,629.0,,24.0,,False,
2025-11-20T15:00:00.000Z,USA,Southwest Power Pool,US-CENT-SWPP,572.0,638.0,,22.0,,False,
2025-11-20T16:00:00.000Z,USA,Southwest Power Pool,US-CENT-SWPP,598.0,669.0,,17.0,,False,
2025-11-20T17:00:00.000Z,USA,Southwest Power Pool,US-CENT-SWPP,594.0,661.0,,19.0,,False,
2025-11-20T18:00:00.000Z,USA,Southwest Power Pool,US-CENT-SWPP,566.0,630.0,,23.0,,False,
2025-11-20T19:00:00.000Z,USA,Southwest Power Pool,US-CENT-SWPP,552.0,614.0,,26.0,,False,
2025-11-20T20:00:00.000Z,USA,Southwest Power Pool,US-CENT-SWPP,549.0,610.0,,27.0,,False,
2025-11-20T21:00:00.000Z,USA,Southwest Power Pool,US-CENT-SWPP,528.0,586.0,,30.0,,False,
2025-11-20T22:00:00.000Z,USA,Southwest Power Pool,US-CENT-SWPP,515.0,573.0,,31.0,,False,
2025-11-20T23:00:00.000Z,USA,Southwest Power Pool,US-CENT-SWPP,513.0,572.0,,31.0,,False,
2025-11-21T00:00:00.000Z,USA,Southwest Power Pool,US-CENT-SWPP,505.0,562.0,,32.0,,False,
2025-11-21T01:00:00.000Z,USA,Southwest Power Pool,US-CENT-SWPP,503.0,558.0,,34.0,,False,
2025-11-21T02:00:00.000Z,USA,Southwest Power Pool,US-CENT-SWPP,477.0,528.0,,38.0,,False,
2025-11-21T03:00:00.000Z,USA,Southwest Power Pool,US-CENT-SWPP,459.0,509.0,,40.0,,False,
2025-11-21T04:00:00.000Z,USA,Southwest Power Pool,US-CENT-SWPP,422.0,468.0,,44.0,,False,
2025-11-21T05:00:00.000Z,USA,Southwest Power Pool,US-CENT-SWPP,378.0,421.0,,48.0,,False,
2025-11-21T06:00:00.000Z,USA,Southwest Power Pool,US-CENT-SWPP,337.0,379.0,,52.0,,False,
2025-11-21T07:00:00.000Z,USA,Southwest Power Pool,US-CENT-SWPP,334.0,376.0,,52.0,,False,
2025-11-21T08:00:00.000Z,USA,Southwest Power Pool,US-CENT-SWPP,326.0,368.0,,53.0,,False,
2025-11-21T09:00:00.000Z,USA,Southwest Power Pool,US-CENT-SWPP,332.0,375.0,,52.0,,False,
2025-11-21T10:00:00.000Z,USA,Southwest Power Pool,US-CENT-SWPP,356.0,400.0,,49.0,,False,
2025-11-21T11:00:00.000Z,USA,Southwest Power Pool,US-CENT-SWPP,374.0,420.0,,47.0,,False,
2025-11-21T12:00:00.000Z,USA,Southwest Power Pool,US-CENT-SWPP,396.0,443.0,,45.0,,False,
2025-11-21T13:00:00.000Z,USA,Southwest Power Pool,US-CENT-SWPP,405.0,453.0,,44.0,,False,
2025-11-21T14:00:00.000Z,USA,Southwest Power Pool,US-CENT-SWPP,421.0,469.0,,43.0,,False,
2025-11-21T15:00:00.000Z,USA,Southwest Power Pool,US-CENT-SWPP,423.0,472.0,,42.0,,False,
2025-11-21T16:00:00.000Z,USA,Southwest Power Pool,US-CENT-SWPP,425.0,473.0,,43.0,,False,
2025-11-21T17:00:00.000Z,USA,Southwest Power Pool,US-CENT-SWPP,414.0,463.0,,43.0,,False,
2025-11-21T18:00:00.000Z,USA,Southwest Power Pool,US-CENT-SWPP,374.0,419.0,,48.0,,False,
2025-11-21T19:00:00.000Z,USA,Southwest Power Pool,US-CENT-SWPP,363.0,408.0,,49.0,,False,
2025-11-21T20:00:00.000Z,USA,Southwest Power Pool,US-CENT-SWPP,363.0,408.0,,49.0,,False,
2025-11-21T21:00:00.000Z,USA,Southwest Power Pool,US-CENT-SWPP,380.0,426.0,,47.0,,False,
2025-11-21T22:00:00.000Z,USA,Southwest Power Pool,US-CENT-SWPP,403.0,451.0,,45.0,,False,
2025-11-21T23:00:00.000Z,USA,Southwest Power Pool,US-CENT-SWPP,429.0,478.0,,43.0,,False,
2025-11-22T00:00:00.000Z,USA,Southwest Power Pool,US-CENT-SWPP,411.0,457.0,,45.0,,False,
2025-11-22T01:00:00.000Z,USA,Southwest Power Pool,US-CENT-SWPP,422.0,467.0,,45.0,,False,
2025-11-22T02:00:00.000Z,USA,Southwest Power Pool,US-CENT-SWPP,433.0,479.0,,44.0,,False,
2025-11-22T03:00:00.000Z,USA,Southwest Power Pool,US-CENT-SWPP,445.0,491.0,,43.0,,False,
2025-11-22T04:00:00.000Z,USA,Southwest Power Pool,US-CENT-SWPP,438.0,483.0,,44.0,,False,
2025-11-22T05:00:00.000Z,USA,Southwest Power Pool,US-CENT-SWPP,409.0,451.0,,47.0,,False,
2025-11-22T06:00:00.000Z,USA,Southwest Power Pool,US-CENT-SWPP,408.0,450.0,,47.0,,False,
2025-11-22T07:00:00.000Z,USA,Southwest Power Pool,US-CENT-SWPP,436.0,480.0,,44.0,,False,
2025-11-22T08:00:00.000Z,USA,Southwest Power Pool,US-CENT-SWPP,463.0,509.0,,41.0,,False,
2025-11-22T09:00:00.000Z,USA,Southwest Power Pool,US-CENT-SWPP,464.0,510.0,,41.0,,False,
2025-11-22T10:00:00.000Z,USA,Southwest Power Pool,US-CENT-SWPP,479.0,526.0,,39.0,,False,
2025-11-22T11:00:00.000Z,USA,Southwest Power Pool,US-CENT-SWPP,490.0,540.0,,36.0,,False,
2025-11-22T12:00:00.000Z,USA,Southwest Power Pool,US-CENT-SWPP,489.0,540.0,,35.0,,False,
2025-11-22T13:00:00.000Z,USA,Southwest Power Pool,US-CENT-SWPP,475.0,527.0,,36.0,,False,
2025-11-22T14:00:00.000Z,USA,Southwest Power Pool,US-CENT-SWPP,470.0,523.0,,36.0,,False,
2025-11-22T15:00:00.000Z,USA,Southwest Power Pool,US-CENT-SWPP,488.0,543.0,,34.0,,False,
2025-11-22T16:00:00.000Z,USA,Southwest Power Pool,US-CENT-SWPP,531.0,589.0,,29.0,,False,
2025-11-22T17:00:00.000Z,USA,Southwest Power Pool,US-CENT-SWPP,548.0,609.0,,26.0,,False,
2025-11-22T18:00:00.000Z,USA,Southwest Power Pool,US-CENT-SWPP,549.0,611.0,,25.0,,False,
2025-11-22T19:00:00.000Z,USA,Southwest Power Pool,US-CENT-SWPP,550.0,612.0,,25.0,,False,
2025-11-22T20:00:00.000Z,USA,Southwest Power Pool,US-CENT-SWPP,559.0,621.0,,24.0,,False,
2025-11-22T21:00:00.000Z,USA,Southwest Power Pool,US-CENT-SWPP,581.0,646.0,,22.0,,False,
2025-11-22T22:00:00.000Z,USA,Southwest Power Pool,US-CENT-SWPP,612.0,681.0,,17.0,,False,
2025-11-22T23:00:00.000Z,USA,Southwest Power Pool,US-CENT-SWPP,617.0,686.0,,16.0,,False,
2025-11-23T00:00:00.000Z,USA,Southwest Power Pool,US-CENT-SWPP,598.0,665.0,,19.0,,False,
2025-11-23T01:00:00.000Z,USA,Southwest Power Pool,US-CENT-SWPP,593.0,660.0,,20.0,,False,
2025-11-23T02:00:00.000Z,USA,Southwest Power Pool,US-CENT-SWPP,597.0,664.0,,19.0,,False,
2025-11-23T03:00:00.000Z,USA,Southwest Power Pool,US-CENT-SWPP,602.0,669.0,,19.0,,False,
2025-11-23T04:00:00.000Z,USA,Southwest Power Pool,US-CENT-SWPP,600.0,665.0,,20.0,,False,
2025-11-23T05:00:00.000Z,USA,Southwest Power Pool,US-CENT-SWPP,589.0,651.0,,22.0,,False,
2025-11-23T06:00:00.000Z,USA,Southwest Power Pool,US-CENT-SWPP,579.0,638.0,,25.0,,False,
2025-11-23T07:00:00.000Z,USA,Southwest Power Pool,US-CENT-SWPP,571.0,628.0,,26.0,,False,
2025-11-23T08:00:00.000Z,USA,Southwest Power Pool,US-CENT-SWPP,551.0,606.0,,28.0,,False,
2025-11-23T09:00:00.000Z,USA,Southwest Power Pool,US-CENT-SWPP,529.0,584.0,,30.0,,False,
2025-11-23T10:00:00.000Z,USA,Southwest Power Pool,US-CENT-SWPP,527.0,583.0,,30.0,,False,
2025-11-23T11:00:00.000Z,USA,Southwest Power Pool,US-CENT-SWPP,521.0,575.0,,31.0,,False,
2025-11-23T12:00:00.000Z,USA,Southwest Power Pool,US-CENT-SWPP,506.0,560.0,,33.0,,False,
2025-11-23T13:00:00.000Z,USA,Southwest Power Pool,US-CENT-SWPP,501.0,555.0,,33.0,,False,
2025-11-23T14:00:00.000Z,USA,Southwest Power Pool,US-CENT-SWPP,483.0,535.0,,36.0,,False,
2025-11-23T15:00:00.000Z,USA,Southwest Power Pool,US-CENT-SWPP,486.0,539.0,,35.0,,False,
2025-11-23T16:00:00.000Z,USA,Southwest Power Pool,US-CENT-SWPP,504.0,558.0,,33.0,,False,
2025-11-23T17:00:00.000Z,USA,Southwest Power Pool,US-CENT-SWPP,496.0,548.0,,35.0,,False,
2025-11-23T18:00:00.000Z,USA,Southwest Power Pool,US-CENT-SWPP,449.0,499.0,,40.0,,False,
2025-11-23T19:00:00.000Z,USA,Southwest Power Pool,US-CENT-SWPP,410.0,458.0,,43.0,,False,
2025-11-23T20:00:00.000Z,USA,Southwest Power Pool,US-CENT-SWPP,402.0,451.0,,44.0,,False,
2025-11-23T21:00:00.000Z,USA,Southwest Power Pool,US-CENT-SWPP,370.0,415.0,,47.0,,False,
2025-11-23T22:00:00.000Z,USA,Southwest Power Pool,US-CENT-SWPP,382.0,430.0,,46.0,,False,
2025-11-23T23:00:00.000Z,USA,Southwest Power Pool,US-CENT-SWPP,410.0,460.0,,43.0,,False,
2025-11-24T00:00:00.000Z,USA,Southwest Power Pool,US-CENT-SWPP,406.0,455.0,,43.0,,False,
2025-11-24T01:00:00.000Z,USA,Southwest Power Pool,US-CENT-SWPP,394.0,442.0,,45.0,,False,
2025-11-24T02:00:00.000Z,USA,Southwest Power Pool,US-CENT-SWPP,374.0,419.0,,48.0,,False,
2025-11-24T03:00:00.000Z,USA,Southwest Power Pool,US-CENT-SWPP,339.0,380.0,,52.0,,False,
2025-11-24T04:00:00.000Z,USA,Southwest Power Pool,US-CENT-SWPP,340.0,381.0,,53.0,,False,
2025-11-24T05:00:00.000Z,USA,Southwest Power Pool,US-CENT-SWPP,327.0,365.0,,55.0,,False,
2025-11-24T06:00:00.000Z,USA,Southwest Power Pool,US-CENT-SWPP,322.0,360.0,,55.0,,False,
2025-11-24T07:00:00.000Z,USA,Southwest Power Pool,US-CENT-SWPP,335.0,373.0,,54.0,,False,
2025-11-24T08:00:00.000Z,USA,Southwest Power Pool,US-CENT-SWPP,330.0,369.0,,54.0,,False,
2025-11-24T09:00:00.000Z,USA,Southwest Power Pool,US-CENT-SWPP,323.0,362.0,,54.0,,False,
2025-11-24T10:00:00.000Z,USA,Southwest Power Pool,US-CENT-SWPP,356.0,397.0,,50.0,,False,
2025-11-24T11:00:00.000Z,USA,Southwest Power Pool,US-CENT-SWPP,426.0,474.0,,42.0,,False,
2025-11-24T12:00:00.000Z,USA,Southwest Power Pool,US-CENT-SWPP,473.0,524.0,,37.0,,False,
2025-11-24T13:00:00.000Z,USA,Southwest Power Pool,US-CENT-SWPP,505.0,560.0,,33.0,,False,
2025-11-24T14:00:00.000Z,USA,Southwest Power Pool,US-CENT-SWPP,515.0,570.0,,32.0,,False,
2025-11-24T15:00:00.000Z,USA,Southwest Power Pool,US-CENT-SWPP,534.0,592.0,,29.0,,False,
2025-11-24T16:00:00.000Z,USA,Southwest Power Pool,US-CENT-SWPP,534.0,592.0,,29.0,,False,
2025-11-24T17:00:00.000Z,USA,Southwest Power Pool,US-CENT-SWPP,541.0,600.0,,28.0,,False,
2025-11-24T18:00:00.000Z,USA,Southwest Power Pool,US-CENT-SWPP,547.0,608.0,,27.0,,False,
2025-11-24T19:00:00.000Z,USA,Southwest Power Pool,US-CENT-SWPP,544.0,606.0,,26.0,,False,
2025-11-24T20:00:00.000Z,USA,Southwest Power Pool,US-CENT-SWPP,538.0,600.0,,27.0,,False,
2025-11-24T21:00:00.000Z,USA,Southwest Power Pool,US-CENT-SWPP,541.0,604.0,,26.0,,False,
2025-11-24T22:00:00.000Z,USA,Southwest Power Pool,US-CENT-SWPP,547.0,612.0,,24.0,,False,
2025-11-24T23:00:00.000Z,USA,Southwest Power Pool,US-CENT-SWPP,563.0,631.0,,22.0,,False,
2025-11-25T00:00:00.000Z,USA,Southwest Power Pool,US-CENT-SWPP,564.0,630.0,,22.0,,False,
2025-11-25T01:00:00.000Z,USA,Southwest Power Pool,US-CENT-SWPP,568.0,634.0,,22.0,,False,
2025-11-25T02:00:00.000Z,USA,Southwest Power Pool,US-CENT-SWPP,578.0,646.0,,21.0,,False,
2025-11-25T03:00:00.000Z,USA,Southwest Power Pool,US-CENT-SWPP,567.0,631.0,,23.0,,False,
2025-11-25T04:00:00.000Z,USA,Southwest Power Pool,US-CENT-SWPP,570.0,634.0,,23.0,,False,
2025-11-25T05:00:00.000Z,USA,Southwest Power Pool,US-CENT-SWPP,585.0,649.0,,21.0,,False,
2025-11-25T06:00:00.000Z,USA,Southwest Power Pool,US-CENT-SWPP,581.0,643.0,,23.0,,False,
2025-11-25T07:00:00.000Z,USA,Southwest Power Pool,US-CENT-SWPP,571.0,632.0,,24.0,,False,
2025-11-25T08:00:00.000Z,USA,Southwest Power Pool,US-CENT-SWPP,556.0,616.0,,26.0,,False,
2025-11-25T09:00:00.000Z,USA,Southwest Power Pool,US-CENT-SWPP,541.0,598.0,,28.0,,False,
2025-11-25T10:00:00.000Z,USA,Southwest Power Pool,US-CENT-SWPP,499.0,552.0,,34.0,,False,
2025-11-25T11:00:00.000Z,USA,Southwest Power Pool,US-CENT-SWPP,445.0,493.0,,41.0,,False,
2025-11-25T12:00:00.000Z,USA,Southwest Power Pool,US-CENT-SWPP,414.0,461.0,,44.0,,False,
2025-11-25T13:00:00.000Z,USA,Southwest Power Pool,US-CENT-SWPP,375.0,420.0,,48.0,,False,
2025-11-25T14:00:00.000Z,USA,Southwest Power Pool,US-CENT-SWPP,325.0,366.0,,54.0,,False,
2025-11-25T15:00:00.000Z,USA,Southwest Power Pool,US-CENT-SWPP,318.0,358.0,,55.0,,False,
2025-11-25T16:00:00.000Z,USA,Southwest Power Pool,US-CENT-SWPP,306.0,346.0,,56.0,,False,
2025-11-25T17:00:00.000Z,USA,Southwest Power Pool,US-CENT-SWPP,275.0,312.0,,60.0,,False,
2025-11-25T18:00:00.000Z,USA,Southwest Power Pool,US-CENT-SWPP,252.0,286.0,,63.0,,False,
2025-11-25T19:00:00.000Z,USA,Southwest Power Pool,US-CENT-SWPP,237.0,271.0,,65.0,,False,
2025-11-25T20:00:00.000Z,USA,Southwest Power Pool,US-CENT-SWPP,241.0,276.0,,64.0,,False,
2025-11-25T21:00:00.000Z,USA,Southwest Power Pool,US-CENT-SWPP,241.0,275.0,,64.0,,False,
2025-11-25T22:00:00.000Z,USA,Southwest Power Pool,US-CENT-SWPP,244.0,279.0,,64.0,,False,
2025-11-25T23:00:00.000Z,USA,Southwest Power Pool,US-CENT-SWPP,243.0,276.0,,64.0,,False,
2025-11-26T00:00:00.000Z,USA,Southwest Power Pool,US-CENT-SWPP,239.0,272.0,,65.0,,False,
2025-11-26T01:00:00.000Z,USA,Southwest Power Pool,US-CENT-SWPP,231.0,264.0,,65.0,,False,
2025-11-26T02:00:00.000Z,USA,Southwest Power Pool,US-CENT-SWPP,227.0,259.0,,66.0,,False,
2025-11-26T03:00:00.000Z,USA,Southwest Power Pool,US-CENT-SWPP,217.0,248.0,,67.0,,False,
2025-11-26T04:00:00.000Z,USA,Southwest Power Pool,US-CENT-SWPP,217.0,248.0,,67.0,,False,
2025-11-26T05:00:00.000Z,USA,Southwest Power Pool,US-CENT-SWPP,224.0,256.0,,66.0,,False,
2025-11-26T06:00:00.000Z,USA,Southwest Power Pool,US-CENT-SWPP,224.0,255.0,,66.0,,False,
2025-11-26T07:00:00.000Z,USA,Southwest Power Pool,US-CENT-SWPP,235.0,267.0,,64.0,,False,
2025-11-26T08:00:00.000Z,USA,Southwest Power Pool,US-CENT-SWPP,282.0,319.0,,59.0,,False,
2025-11-26T09:00:00.000Z,USA,Southwest Power Pool,US-CENT-SWPP,313.0,352.0,,55.0,,False,
2025-11-26T10:00:00.000Z,USA,Southwest Power Pool,US-CENT-SWPP,357.0,399.0,,50.0,,False,
2025-11-26T11:00:00.000Z,USA,Southwest Power Pool,US-CENT-SWPP,394.0,441.0,,45.0,,False,
2025-11-26T12:00:00.000Z,USA,Southwest Power Pool,US-CENT-SWPP,415.0,466.0,,42.0,,False,
2025-11-26T13:00:00.000Z,USA,Southwest Power Pool,US-CENT-SWPP,439.0,492.0,,39.0,,False,
2025-11-26T14:00:00.000Z,USA,Southwest Power Pool,US-CENT-SWPP,472.0,527.0,,35.0,,False,
2025-11-26T15:00:00.000Z,USA,Southwest Power Pool,US-CENT-SWPP,480.0,537.0,,33.0,,False,
2025-11-26T16:00:00.000Z,USA,Southwest Power Pool,US-CENT-SWPP,495.0,554.0,,31.0,,False,
2025-11-26T17:00:00.000Z,USA,Southwest Power Pool,US-CENT-SWPP,532.0,595.0,,26.0,,False,
2025-11-26T18:00:00.000Z,USA,Southwest Power Pool,US-CENT-SWPP,547.0,611.0,,24.0,,False,
2025-11-26T19:00:00.000Z,USA,Southwest Power Pool,US-CENT-SWPP,551.0,615.0,,24.0,,False,
2025-11-26T20:00:00.000Z,USA,Southwest Power Pool,US-CENT-SWPP,547.0,610.0,,25.0,,False,
2025-11-26T21:00:00.000Z,USA,Southwest Power Pool,US-CENT-SWPP,555.0,619.0,,24.0,,False,
2025-11-26T22:00:00.000Z,USA,Southwest Power Pool,US-CENT-SWPP,566.0,633.0,,21.0,,False,
2025-11-26T23:00:00.000Z,USA,Southwest Power Pool,US-CENT-SWPP,571.0,639.0,,20.0,,False,
2025-11-27T00:00:00.000Z,USA,Southwest Power Pool,US-CENT-SWPP,559.0,626.0,,22.0,,False,
2025-11-27T01:00:00.000Z,USA,Southwest Power Pool,US-CENT-SWPP,543.0,608.0,,25.0,,False,
2025-11-27T02:00:00.000Z,USA,Southwest Power Pool,US-CENT-SWPP,550.0,616.0,,23.0,,False,
2025-11-27T03:00:00.000Z,USA,Southwest Power Pool,US-CENT-SWPP,564.0,629.0,,22.0,,False,
2025-11-27T04:00:00.000Z,USA,Southwest Power Pool,US-CENT-SWPP,562.0,626.0,,23.0,,False,
2025-11-27T05:00:00.000Z,USA,Southwest Power Pool,US-CENT-SWPP,559.0,623.0,,23.0,,False,
2025-11-27T06:00:00.000Z,USA,Southwest Power Pool,US-CENT-SWPP,569.0,632.0,,23.0,,False,
2025-11-27T07:00:00.000Z,USA,Southwest Power Pool,US-CENT-SWPP,590.0,654.0,,20.0,,False,
2025-11-27T08:00:00.000Z,USA,Southwest Power Pool,US-CENT-SWPP,612.0,679.0,,17.0,,False,
2025-11-27T09:00:00.000Z,USA,Southwest Power Pool,US-CENT-SWPP,628.0,697.0,,15.0,,False,
2025-11-27T10:00:00.000Z,USA,Southwest Power Pool,US-CENT-SWPP,634.0,704.0,,14.0,,False,
2025-11-27T11:00:00.000Z,USA,Southwest Power Pool,US-CENT-SWPP,633.0,704.0,,14.0,,False,
2025-11-27T12:00:00.000Z,USA,Southwest Power Pool,US-CENT-SWPP,627.0,697.0,,15.0,,False,
2025-11-27T13:00:00.000Z,USA,Southwest Power Pool,US-CENT-SWPP,623.0,694.0,,15.0,,False,
2025-11-27T14:00:00.000Z,USA,Southwest Power Pool,US-CENT-SWPP,615.0,684.0,,16.0,,False,
2025-11-27T15:00:00.000Z,USA,Southwest Power Pool,US-CENT-SWPP,611.0,681.0,,16.0,,False,
2025-11-27T16:00:00.000Z,USA,Southwest Power Pool,US-CENT-SWPP,614.0,684.0,,16.0,,False,
2025-11-27T17:00:00.000Z,USA,Southwest Power Pool,US-CENT-SWPP,628.0,699.0,,14.0,,False,
2025-11-27T18:00:00.000Z,USA,Southwest Power Pool,US-CENT-SWPP,628.0,698.0,,15.0,,False,
2025-11-27T19:00:00.000Z,USA,Southwest Power Pool,US-CENT-SWPP,629.0,697.0,,15.0,,False,
2025-11-27T20:00:00.000Z,USA,Southwest Power Pool,US-CENT-SWPP,624.0,692.0,,16.0,,False,
2025-11-27T21:00:00.000Z,USA,Southwest Power Pool,US-CENT-SWPP,622.0,689.0,,16.0,,False,
2025-11-27T22:00:00.000Z,USA,Southwest Power Pool,US-CENT-SWPP,611.0,679.0,,17.0,,False,
2025-11-27T23:00:00.000Z,USA,Southwest Power Pool,US-CENT-SWPP,602.0,670.0,,18.0,,False,
2025-11-28T00:00:00.000Z,USA,Southwest Power Pool,US-CENT-SWPP,575.0,640.0,,21.0,,False,
2025-11-28T01:00:00.000Z,USA,Southwest Power Pool,US-CENT-SWPP,545.0,607.0,,26.0,,False,
2025-11-28T02:00:00.000Z,USA,Southwest Power Pool,US-CENT-SWPP,503.0,561.0,,31.0,,False,
2025-11-28T03:00:00.000Z,USA,Southwest Power Pool,US-CENT-SWPP,486.0,541.0,,33.0,,False,
2025-11-28T04:00:00.000Z,USA,Southwest Power Pool,US-CENT-SWPP,482.0,538.0,,34.0,,False,
2025-11-28T05:00:00.000Z,USA,Southwest Power Pool,US-CENT-SWPP,463.0,515.0,,37.0,,False,
2025-11-28T06:00:00.000Z,USA,Southwest Power Pool,US-CENT-SWPP,445.0,494.0,,40.0,,False,
2025-11-28T07:00:00.000Z,USA,Southwest Power Pool,US-CENT-SWPP,430.0,477.0,,43.0,,False,
2025-11-28T08:00:00.000Z,USA,Southwest Power Pool,US-CENT-SWPP,378.0,421.0,,48.0,,False,
2025-11-28T09:00:00.000Z,USA,Southwest Power Pool,US-CENT-SWPP,352.0,394.0,,51.0,,False,
2025-11-28T10:00:00.000Z,USA,Southwest Power Pool,US-CENT-SWPP,337.0,377.0,,53.0,,False,
2025-11-28T11:00:00.000Z,USA,Southwest Power Pool,US-CENT-SWPP,337.0,378.0,,53.0,,False,
2025-11-28T12:00:00.000Z,USA,Southwest Power Pool,US-CENT-SWPP,336.0,376.0,,54.0,,False,
2025-11-28T13:00:00.000Z,USA,Southwest Power Pool,US-CENT-SWPP,323.0,363.0,,55.0,,False,
2025-11-28T14:00:00.000Z,USA,Southwest Power Pool,US-CENT-SWPP,306.0,344.0,,57.0,,False,
2025-11-28T15:00:00.000Z,USA,Southwest Power Pool,US-CENT-SWPP,282.0,319.0,,60.0,,False,
2025-11-28T16:00:00.000Z,USA,Southwest Power Pool,US-CENT-SWPP,268.0,304.0,,61.0,,False,
2025-11-28T17:00:00.000Z,USA,Southwest Power Pool,US-CENT-SWPP,251.0,287.0,,63.0,,False,
2025-11-28T18:00:00.000Z,USA,Southwest Power Pool,US-CENT-SWPP,237.0,270.0,,65.0,,False,
2025-11-28T19:00:00.000Z,USA,Southwest Power Pool,US-CENT-SWPP,234.0,266.0,,65.0,,False,
2025-11-28T20:00:00.000Z,USA,Southwest Power Pool,US-CENT-SWPP,219.0,251.0,,67.0,,False,
2025-11-28T21:00:00.000Z,USA,Southwest Power Pool,US-CENT-SWPP,224.0,256.0,,66.0,,False,
2025-11-28T22:00:00.000Z,USA,Southwest Power Pool,US-CENT-SWPP,245.0,279.0,,64.0,,False,
2025-11-28T23:00:00.000Z,USA,Southwest Power Pool,US-CENT-SWPP,261.0,297.0,,62.0,,False,
2025-11-29T00:00:00.000Z,USA,Southwest Power Pool,US-CENT-SWPP,257.0,291.0,,63.0,,False,
2025-11-29T01:00:00.000Z,USA,Southwest Power Pool,US-CENT-SWPP,257.0,290.0,,63.0,,False,
2025-11-29T02:00:00.000Z,USA,Southwest Power Pool,US-CENT-SWPP,264.0,297.0,,63.0,,False,
2025-11-29T03:00:00.000Z,USA,Southwest Power Pool,US-CENT-SWPP,268.0,302.0,,62.0,,False,
2025-11-29T04:00:00.000Z,USA,Southwest Power Pool,US-CENT-SWPP,275.0,309.0,,61.0,,False,
2025-11-29T05:00:00.000Z,USA,Southwest Power Pool,US-CENT-SWPP,264.0,298.0,,62.0,,False,
2025-11-29T06:00:00.000Z,USA,Southwest Power Pool,US-CENT-SWPP,266.0,299.0,,62.0,,False,
2025-11-29T07:00:00.000Z,USA,Southwest Power Pool,US-CENT-SWPP,275.0,309.0,,61.0,,False,
2025-11-29T08:00:00.000Z,USA,Southwest Power Pool,US-CENT-SWPP,295.0,331.0,,59.0,,False,
2025-11-29T09:00:00.000Z,USA,Southwest Power Pool,US-CENT-SWPP,308.0,345.0,,57.0,,False,
2025-11-29T10:00:00.000Z,USA,Southwest Power Pool,US-CENT-SWPP,299.0,335.0,,58.0,,False,
2025-11-29T11:00:00.000Z,USA,Southwest Power Pool,US-CENT-SWPP,300.0,336.0,,58.0,,False,
2025-11-29T12:00:00.000Z,USA,Southwest Power Pool,US-CENT-SWPP,283.0,318.0,,60.0,,False,
2025-11-29T13:00:00.000Z,USA,Southwest Power Pool,US-CENT-SWPP,276.0,311.0,,61.0,,False,
2025-11-29T14:00:00.000Z,USA,Southwest Power Pool,US-CENT-SWPP,279.0,314.0,,61.0,,False,
2025-11-29T15:00:00.000Z,USA,Southwest Power Pool,US-CENT-SWPP,288.0,324.0,,60.0,,False,
2025-11-29T16:00:00.000Z,USA,Southwest Power Pool,US-CENT-SWPP,280.0,315.0,,61.0,,False,
2025-11-29T17:00:00.000Z,USA,Southwest Power Pool,US-CENT-SWPP,269.0,304.0,,62.0,,False,
2025-11-29T18:00:00.000Z,USA,Southwest Power Pool,US-CENT-SWPP,260.0,293.0,,63.0,,False,
2025-11-29T19:00:00.000Z,USA,Southwest Power Pool,US-CENT-SWPP,241.0,273.0,,66.0,,False,
2025-11-29T20:00:00.000Z,USA,Southwest Power Pool,US-CENT-SWPP,230.0,261.0,,67.0,,False,
2025-11-29T21:00:00.000Z,USA,Southwest Power Pool,US-CENT-SWPP,226.0,257.0,,67.0,,False,
2025-11-29T22:00:00.000Z,USA,Southwest Power Pool,US-CENT-SWPP,223.0,254.0,,67.0,,False,
2025-11-29T23:00:00.000Z,USA,Southwest Power Pool,US-CENT-SWPP,229.0,261.0,,66.0,,False,
2025-11-30T00:00:00.000Z,USA,Southwest Power Pool,US-CENT-SWPP,241.0,274.0,,65.0,,False,
2025-11-30T01:00:00.000Z,USA,Southwest Power Pool,US-CENT-SWPP,254.0,289.0,,63.0,,False,
2025-11-30T02:00:00.000Z,USA,Southwest Power Pool,US-CENT-SWPP,258.0,293.0,,62.0,,False,
2025-11-30T03:00:00.000Z,USA,Southwest Power Pool,US-CENT-SWPP,260.0,295.0,,62.0,,False,
2025-11-30T04:00:00.000Z,USA,Southwest Power Pool,US-CENT-SWPP,268.0,305.0,,60.0,,False,
2025-11-30T05:00:00.000Z,USA,Southwest Power Pool,US-CENT-SWPP,286.0,324.0,,58.0,,False,
2025-11-30T06:00:00.000Z,USA,Southwest Power Pool,US-CENT-SWPP,288.0,326.0,,57.0,,False,
2025-11-30T07:00:00.000Z,USA,Southwest Power Pool,US-CENT-SWPP,299.0,338.0,,56.0,,False,
2025-11-30T08:00:00.000Z,USA,Southwest Power Pool,US-CENT-SWPP,309.0,349.0,,54.0,,False,
2025-11-30T09:00:00.000Z,USA,Southwest Power Pool,US-CENT-SWPP,320.0,363.0,,52.0,,False,
2025-11-30T10:00:00.000Z,USA,Southwest Power Pool,US-CENT-SWPP,372.0,420.0,,46.0,,False,
2025-11-30T11:00:00.000Z,USA,Southwest Power Pool,US-CENT-SWPP,401.0,451.0,,42.0,,False,
2025-11-30T12:00:00.000Z,USA,Southwest Power Pool,US-CENT-SWPP,423.0,476.0,,39.0,,False,
2025-11-30T13:00:00.000Z,USA,Southwest Power Pool,US-CENT-SWPP,464.0,521.0,,34.0,,False,
2025-11-30T14:00:00.000Z,USA,Southwest Power Pool,US-CENT-SWPP,482.0,540.0,,32.0,,False,
2025-11-30T15:00:00.000Z,USA,Southwest Power Pool,US-CENT-SWPP,486.0,546.0,,31.0,,False,
2025-11-30T16:00:00.000Z,USA,Southwest Power Pool,US-CENT-SWPP,541.0,609.0,,23.0,,False,
2025-11-30T17:00:00.000Z,USA,Southwest Power Pool,US-CENT-SWPP,571.0,642.0,,18.0,,False,
2025-11-30T18:00:00.000Z,USA,Southwest Power Pool,US-CENT-SWPP,589.0,663.0,,16.0,,False,
2025-11-30T19:00:00.000Z,USA,Southwest Power Pool,US-CENT-SWPP,594.0,670.0,,14.0,,False,
2025-11-30T20:00:00.000Z,USA,Southwest Power Pool,US-CENT-SWPP,590.0,665.0,,15.0,,False,
2025-11-30T21:00:00.000Z,USA,Southwest Power Pool,US-CENT-SWPP,581.0,655.0,,16.0,,False,
2025-11-30T22:00:00.000Z,USA,Southwest Power Pool,US-CENT-SWPP,571.0,644.0,,18.0,,False,
2025-11-30T23:00:00.000Z,USA,Southwest Power Pool,US-CENT-SWPP,561.0,634.0,,19.0,,False,
2025-12-01T00:00:00.000Z,USA,Southwest Power Pool,US-CENT-SWPP,547.0,618.0,,21.0,,False,
2025-12-01T01:00:00.000Z,USA,Southwest Power Pool,US-CENT-SWPP,547.0,618.0,,21.0,,False,
2025-12-01T02:00:00.000Z,USA,Southwest Power Pool,US-CENT-SWPP,553.0,623.0,,21.0,,False,
2025-12-01T03:00:00.000Z,USA,Southwest Power Pool,US-CENT-SWPP,559.0,630.0,,20.0,,False,
2025-12-01T04:00:00.000Z,USA,Southwest Power Pool,US-CENT-SWPP,565.0,634.0,,21.0,,False,
2025-12-01T05:00:00.000Z,USA,Southwest Power Pool,US-CENT-SWPP,565.0,632.0,,22.0,,False,
2025-12-01T06:00:00.000Z,USA,Southwest Power Pool,US-CENT-SWPP,567.0,633.0,,22.0,,False,
2025-12-01T07:00:00.000Z,USA,Southwest Power Pool,US-CENT-SWPP,567.0,634.0,,21.0,,False,
2025-12-01T08:00:00.000Z,USA,Southwest Power Pool,US-CENT-SWPP,565.0,632.0,,22.0,,False,
2025-12-01T09:00:00.000Z,USA,Southwest Power Pool,US-CENT-SWPP,567.0,635.0,,21.0,,False,
2025-12-01T10:00:00.000Z,USA,Southwest Power Pool,US-CENT-SWPP,566.0,634.0,,21.0,,False,
2025-12-01T11:00:00.000Z,USA,Southwest Power Pool,US-CENT-SWPP,572.0,642.0,,19.0,,False,
2025-12-01T12:00:00.000Z,USA,Southwest Power Pool,US-CENT-SWPP,578.0,653.0,,17.0,,False,
2025-12-01T13:00:00.000Z,USA,Southwest Power Pool,US-CENT-SWPP,584.0,662.0,,14.0,,False,
2025-12-01T14:00:00.000Z,USA,Southwest Power Pool,US-CENT-SWPP,591.0,671.0,,13.0,,False,
2025-12-01T15:00:00.000Z,USA,Southwest Power Pool,US-CENT-SWPP,594.0,673.0,,13.0,,False,
2025-12-01T16:00:00.000Z,USA,Southwest Power Pool,US-CENT-SWPP,591.0,670.0,,13.0,,False,
2025-12-01T17:00:00.000Z,USA,Southwest Power Pool,US-CENT-SWPP,592.0,672.0,,13.0,,False,
2025-12-01T18:00:00.000Z,USA,Southwest Power Pool,US-CENT-SWPP,585.0,662.0,,15.0,,False,
2025-12-01T19:00:00.000Z,USA,Southwest Power Pool,US-CENT-SWPP,562.0,635.0,,19.0,,False,
2025-12-01T20:00:00.000Z,USA,Southwest Power Pool,US-CENT-SWPP,538.0,607.0,,23.0,,False,
2025-12-01T21:00:00.000Z,USA,Southwest Power Pool,US-CENT-SWPP,534.0,602.0,,24.0,,False,
2025-12-01T22:00:00.000Z,USA,Southwest Power Pool,US-CENT-SWPP,543.0,613.0,,22.0,,False,
2025-12-01T23:00:00.000Z,USA,Southwest Power Pool,US-CENT-SWPP,563.0,639.0,,18.0,,False,
2025-12-02T00:00:00.000Z,USA,Southwest Power Pool,US-CENT-SWPP,579.0,656.0,,16.0,,False,
2025-12-02T01:00:00.000Z,USA,Southwest Power Pool,US-CENT-SWPP,589.0,667.0,,14.0,,False,
2025-12-02T02:00:00.000Z,USA,Southwest Power Pool,US-CENT-SWPP,597.0,676.0,,13.0,,False,
2025-12-02T03:00:00.000Z,USA,Southwest Power Pool,US-CENT-SWPP,602.0,680.0,,13.0,,False,
2025-12-02T04:00:00.000Z,USA,Southwest Power Pool,US-CENT-SWPP,604.0,681.0,,14.0,,False,
2025-12-02T05:00:00.000Z,USA,Southwest Power Pool,US-CENT-SWPP,599.0,671.0,,16.0,,False,
2025-12-02T06:00:00.000Z,USA,Southwest Power Pool,US-CENT-SWPP,572.0,639.0,,22.0,,False,
2025-12-02T07:00:00.000Z,USA,Southwest Power Pool,US-CENT-SWPP,551.0,613.0,,26.0,,False,
2025-12-02T08:00:00.000Z,USA,Southwest Power Pool,US-CENT-SWPP,537.0,596.0,,29.0,,False,
2025-12-02T09:00:00.000Z,USA,Southwest Power Pool,US-CENT-SWPP,523.0,582.0,,30.0,,False,
2025-12-02T10:00:00.000Z,USA,Southwest Power Pool,US-CENT-SWPP,511.0,568.0,,32.0,,False,
2025-12-02T11:00:00.000Z,USA,Southwest Power Pool,US-CENT-SWPP,493.0,550.0,,33.0,,False,
2025-12-02T12:00:00.000Z,USA,Southwest Power Pool,US-CENT-SWPP,465.0,521.0,,36.0,,False,
2025-12-02T13:00:00.000Z,USA,Southwest Power Pool,US-CENT-SWPP,443.0,497.0,,39.0,,False,
2025-12-02T14:00:00.000Z,USA,Southwest Power Pool,US-CENT-SWPP,429.0,482.0,,41.0,,False,
2025-12-02T15:00:00.000Z,USA,Southwest Power Pool,US-CENT-SWPP,442.0,496.0,,39.0,,False,
2025-12-02T16:00:00.000Z,USA,Southwest Power Pool,US-CENT-SWPP,477.0,533.0,,35.0,,False,
2025-12-02T17:00:00.000Z,USA,Southwest Power Pool,US-CENT-SWPP,462.0,515.0,,38.0,,False,
2025-12-02T18:00:00.000Z,USA,Southwest Power Pool,US-CENT-SWPP,436.0,486.0,,42.0,,False,
2025-12-02T19:00:00.000Z,USA,Southwest Power Pool,US-CENT-SWPP,422.0,468.0,,44.0,,False,
2025-12-02T20:00:00.000Z,USA,Southwest Power Pool,US-CENT-SWPP,392.0,436.0,,48.0,,False,
2025-12-02T21:00:00.000Z,USA,Southwest Power Pool,US-CENT-SWPP,382.0,425.0,,49.0,,False,
2025-12-02T22:00:00.000Z,USA,Southwest Power Pool,US-CENT-SWPP,390.0,434.0,,49.0,,False,
2025-12-02T23:00:00.000Z,USA,Southwest Power Pool,US-CENT-SWPP,371.0,414.0,,50.0,,False,
2025-12-03T00:00:00.000Z,USA,Southwest Power Pool,US-CENT-SWPP,340.0,381.0,,54.0,,False,
2025-12-03T01:00:00.000Z,USA,Southwest Power Pool,US-CENT-SWPP,334.0,374.0,,54.0,,False,
2025-12-03T02:00:00.000Z,USA,Southwest Power Pool,US-CENT-SWPP,329.0,369.0,,55.0,,False,
2025-12-03T03:00:00.000Z,USA,Southwest Power Pool,US-CENT-SWPP,319.0,358.0,,56.0,,False,
2025-12-03T04:00:00.000Z,USA,Southwest Power Pool,US-CENT-SWPP,321.0,360.0,,56.0,,False,
2025-12-03T05:00:00.000Z,USA,Southwest Power Pool,US-CENT-SWPP,317.0,356.0,,56.0,,False,
2025-12-03T06:00:00.000Z,USA,Southwest Power Pool,US-CENT-SWPP,310.0,348.0,,56.0,,False,
2025-12-03T07:00:00.000Z,USA,Southwest Power Pool,US-CENT-SWPP,318.0,357.0,,55.0,,False,
2025-12-03T08:00:00.000Z,USA,Southwest Power Pool,US-CENT-SWPP,349.0,390.0,,52.0,,False,
2025-12-03T09:00:00.000Z,USA,Southwest Power Pool,US-CENT-SWPP,404.0,449.0,,46.0,,False,
2025-12-03T10:00:00.000Z,USA,Southwest Power Pool,US-CENT-SWPP,432.0,479.0,,43.0,,False,
2025-12-03T11:00:00.000Z,USA,Southwest Power Pool,US-CENT-SWPP,415.0,460.0,,46.0,,False,
2025-12-03T12:00:00.000Z,USA,Southwest Power Pool,US-CENT-SWPP,415.0,460.0,,46.0,,False,
2025-12-03T13:00:00.000Z,USA,Southwest Power Pool,US-CENT-SWPP,418.0,464.0,,45.0,,False,
2025-12-03T14:00:00.000Z,USA,Southwest Power Pool,US-CENT-SWPP,434.0,481.0,,44.0,,False,
2025-12-03T15:00:00.000Z,USA,Southwest Power Pool,US-CENT-SWPP,468.0,519.0,,39.0,,False,
2025-12-03T16:00:00.000Z,USA,Southwest Power Pool,US-CENT-SWPP,470.0,521.0,,39.0,,False,
2025-12-03T17:00:00.000Z,USA,Southwest Power Pool,US-CENT-SWPP,446.0,497.0,,40.0,,False,
2025-12-03T18:00:00.000Z,USA,Southwest Power Pool,US-CENT-SWPP,433.0,482.0,,42.0,,False,
2025-12-03T19:00:00.000Z,USA,Southwest Power Pool,US-CENT-SWPP,413.0,460.0,,45.0,,False,
2025-12-03T20:00:00.000Z,USA,Southwest Power Pool,US-CENT-SWPP,394.0,439.0,,47.0,,False,
2025-12-03T21:00:00.000Z,USA,Southwest Power Pool,US-CENT-SWPP,374.0,417.0,,50.0,,False,
2025-12-03T22:00:00.000Z,USA,Southwest Power Pool,US-CENT-SWPP,356.0,398.0,,52.0,,False,
2025-12-03T23:00:00.000Z,USA,Southwest Power Pool,US-CENT-SWPP,359.0,402.0,,51.0,,False,
2025-12-04T00:00:00.000Z,USA,Southwest Power Pool,US-CENT-SWPP,356.0,400.0,,51.0,,False,
2025-12-04T01:00:00.000Z,USA,Southwest Power Pool,US-CENT-SWPP,359.0,403.0,,51.0,,False,
2025-12-04T02:00:00.000Z,USA,Southwest Power Pool,US-CENT-SWPP,342.0,383.0,,53.0,,False,
2025-12-04T03:00:00.000Z,USA,Southwest Power Pool,US-CENT-SWPP,352.0,394.0,,52.0,,False,
2025-12-04T04:00:00.000Z,USA,Southwest Power Pool,US-CENT-SWPP,363.0,406.0,,51.0,,False,
2025-12-04T05:00:00.000Z,USA,Southwest Power Pool,US-CENT-SWPP,393.0,438.0,,47.0,,False,
2025-12-04T06:00:00.000Z,USA,Southwest Power Pool,US-CENT-SWPP,401.0,447.0,,46.0,,False,
2025-12-04T07:00:00.000Z,USA,Southwest Power Pool,US-CENT-SWPP,423.0,470.0,,44.0,,False,
2025-12-04T08:00:00.000Z,USA,Southwest Power Pool,US-CENT-SWPP,441.0,489.0,,42.0,,False,
2025-12-04T09:00:00.000Z,USA,Southwest Power Pool,US-CENT-SWPP,467.0,518.0,,39.0,,False,
2025-12-04T10:00:00.000Z,USA,Southwest Power Pool,US-CENT-SWPP,504.0,558.0,,34.0,,False,
2025-12-04T11:00:00.000Z,USA,Southwest Power Pool,US-CENT-SWPP,524.0,581.0,,31.0,,False,
2025-12-04T12:00:00.000Z,USA,Southwest Power Pool,US-CENT-SWPP,538.0,599.0,,28.0,,False,
2025-12-04T13:00:00.000Z,USA,Southwest Power Pool,US-CENT-SWPP,552.0,616.0,,25.0,,False,
2025-12-04T14:00:00.000Z,USA,Southwest Power Pool,US-CENT-SWPP,563.0,628.0,,24.0,,False,
2025-12-04T15:00:00.000Z,USA,Southwest Power Pool,US-CENT-SWPP,568.0,634.0,,23.0,,False,
2025-12-04T16:00:00.000Z,USA,Southwest Power Pool,US-CENT-SWPP,577.0,644.0,,22.0,,False,
2025-12-04T17:00:00.000Z,USA,Southwest Power Pool,US-CENT-SWPP,585.0,654.0,,20.0,,False,
2025-12-04T18:00:00.000Z,USA,Southwest Power Pool,US-CENT-SWPP,579.0,646.0,,21.0,,False,
2025-12-04T19:00:00.000Z,USA,Southwest Power Pool,US-CENT-SWPP,567.0,631.0,,24.0,,False,
2025-12-04T20:00:00.000Z,USA,Southwest Power Pool,US-CENT-SWPP,554.0,617.0,,26.0,,False,
2025-12-04T21:00:00.000Z,USA,Southwest Power Pool,US-CENT-SWPP,541.0,603.0,,27.0,,False,
2025-12-04T22:00:00.000Z,USA,Southwest Power Pool,US-CENT-SWPP,535.0,596.0,,28.0,,False,
2025-12-04T23:00:00.000Z,USA,Southwest Power Pool,US-CENT-SWPP,533.0,594.0,,28.0,,False,
2025-12-05T00:00:00.000Z,USA,Southwest Power Pool,US-CENT-SWPP,503.0,562.0,,32.0,,False,
2025-12-05T01:00:00.000Z,USA,Southwest Power Pool,US-CENT-SWPP,479.0,535.0,,35.0,,False,
2025-12-05T02:00:00.000Z,USA,Southwest Power Pool,US-CENT-SWPP,460.0,513.0,,38.0,,False,
2025-12-05T03:00:00.000Z,USA,Southwest Power Pool,US-CENT-SWPP,428.0,478.0,,42.0,,False,
2025-12-05T04:00:00.000Z,USA,Southwest Power Pool,US-CENT-SWPP,401.0,446.0,,46.0,,False,
2025-12-05T05:00:00.000Z,USA,Southwest Power Pool,US-CENT-SWPP,368.0,410.0,,50.0,,False,
2025-12-05T06:00:00.000Z,USA,Southwest Power Pool,US-CENT-SWPP,356.0,397.0,,52.0,,False,
2025-12-05T07:00:00.000Z,USA,Southwest Power Pool,US-CENT-SWPP,348.0,388.0,,53.0,,False,
2025-12-05T08:00:00.000Z,USA,Southwest Power Pool,US-CENT-SWPP,345.0,384.0,,54.0,,False,
2025-12-05T09:00:00.000Z,USA,Southwest Power Pool,US-CENT-SWPP,356.0,396.0,,52.0,,False,
2025-12-05T10:00:00.000Z,USA,Southwest Power Pool,US-CENT-SWPP,378.0,420.0,,50.0,,False,
2025-12-05T11:00:00.000Z,USA,Southwest Power Pool,US-CENT-SWPP,398.0,442.0,,47.0,,False,
2025-12-05T12:00:00.000Z,USA,Southwest Power Pool,US-CENT-SWPP,428.0,474.0,,45.0,,False,
2025-12-05T13:00:00.000Z,USA,Southwest Power Pool,US-CENT-SWPP,449.0,496.0,,43.0,,False,
2025-12-05T14:00:00.000Z,USA,Southwest Power Pool,US-CENT-SWPP,465.0,513.0,,41.0,,False,
2025-12-05T15:00:00.000Z,USA,Southwest Power Pool,US-CENT-SWPP,501.0,553.0,,35.0,,False,
2025-12-05T16:00:00.000Z,USA,Southwest Power Pool,US-CENT-SWPP,522.0,577.0,,33.0,,False,
2025-12-05T17:00:00.000Z,USA,Southwest Power Pool,US-CENT-SWPP,535.0,591.0,,31.0,,False,
2025-12-05T18:00:00.000Z,USA,Southwest Power Pool,US-CENT-SWPP,538.0,593.0,,32.0,,False,
2025-12-05T19:00:00.000Z,USA,Southwest Power Pool,US-CENT-SWPP,532.0,587.0,,32.0,,False,
2025-12-05T20:00:00.000Z,USA,Southwest Power Pool,US-CENT-SWPP,537.0,593.0,,31.0,,False,
2025-12-05T21:00:00.000Z,USA,Southwest Power Pool,US-CENT-SWPP,561.0,620.0,,28.0,,False,
2025-12-05T22:00:00.000Z,USA,Southwest Power Pool,US-CENT-SWPP,580.0,641.0,,25.0,,False,
2025-12-05T23:00:00.000Z,USA,Southwest Power Pool,US-CENT-SWPP,594.0,657.0,,23.0,,False,
2025-12-06T00:00:00.000Z,USA,Southwest Power Pool,US-CENT-SWPP,607.0,672.0,,20.0,,False,
2025-12-06T01:00:00.000Z,USA,Southwest Power Pool,US-CENT-SWPP,611.0,677.0,,20.0,,False,
2025-12-06T02:00:00.000Z,USA,Southwest Power Pool,US-CENT-SWPP,620.0,687.0,,18.0,,False,
2025-12-06T03:00:00.000Z,USA,Southwest Power Pool,US-CENT-SWPP,636.0,705.0,,16.0,,False,
2025-12-06T04:00:00.000Z,USA,Southwest Power Pool,US-CENT-SWPP,656.0,727.0,,13.0,,False,
2025-12-06T05:00:00.000Z,USA,Southwest Power Pool,US-CENT-SWPP,676.0,748.0,,11.0,,False,
2025-12-06T06:00:00.000Z,USA,Southwest Power Pool,US-CENT-SWPP,682.0,753.0,,11.0,,False,
2025-12-06T07:00:00.000Z,USA,Southwest Power Pool,US-CENT-SWPP,677.0,747.0,,12.0,,False,
2025-12-06T08:00:00.000Z,USA,Southwest Power Pool,US-CENT-SWPP,658.0,724.0,,16.0,,False,
2025-12-06T09:00:00.000Z,USA,Southwest Power Pool,US-CENT-SWPP,622.0,683.0,,21.0,,False,
2025-12-06T10:00:00.000Z,USA,Southwest Power Pool,US-CENT-SWPP,543.0,597.0,,31.0,,False,
2025-12-06T11:00:00.000Z,USA,Southwest Power Pool,US-CENT-SWPP,494.0,544.0,,37.0,,False,
2025-12-06T12:00:00.000Z,USA,Southwest Power Pool,US-CENT-SWPP,458.0,505.0,,42.0,,False,
2025-12-06T13:00:00.000Z,USA,Southwest Power Pool,US-CENT-SWPP,418.0,462.0,,46.0,,False,
2025-12-06T14:00:00.000Z,USA,Southwest Power Pool,US-CENT-SWPP,381.0,422.0,,50.0,,False,
2025-12-06T15:00:00.000Z,USA,Southwest Power Pool,US-CENT-SWPP,381.0,423.0,,50.0,,False,
2025-12-06T16:00:00.000Z,USA,Southwest Power Pool,US-CENT-SWPP,408.0,452.0,,47.0,,False,
2025-12-06T17:00:00.000Z,USA,Southwest Power Pool,US-CENT-SWPP,385.0,426.0,,50.0,,False,
2025-12-06T18:00:00.000Z,USA,Southwest Power Pool,US-CENT-SWPP,371.0,412.0,,51.0,,False,
2025-12-06T19:00:00.000Z,USA,Southwest Power Pool,US-CENT-SWPP,365.0,405.0,,52.0,,False,
2025-12-06T20:00:00.000Z,USA,Southwest Power Pool,US-CENT-SWPP,358.0,399.0,,52.0,,False,
2025-12-06T21:00:00.000Z,USA,Southwest Power Pool,US-CENT-SWPP,393.0,436.0,,48.0,,False,
2025-12-06T22:00:00.000Z,USA,Southwest Power Pool,US-CENT-SWPP,437.0,484.0,,43.0,,False,
2025-12-06T23:00:00.000Z,USA,Southwest Power Pool,US-CENT-SWPP,478.0,528.0,,38.0,,False,
2025-12-07T00:00:00.000Z,USA,Southwest Power Pool,US-CENT-SWPP,491.0,540.0,,38.0,,False,
2025-12-07T01:00:00.000Z,USA,Southwest Power Pool,US-CENT-SWPP,480.0,527.0,,40.0,,False,
2025-12-07T02:00:00.000Z,USA,Southwest Power Pool,US-CENT-SWPP,456.0,502.0,,42.0,,False,
2025-12-07T03:00:00.000Z,USA,Southwest Power Pool,US-CENT-SWPP,458.0,503.0,,42.0,,False,
2025-12-07T04:00:00.000Z,USA,Southwest Power Pool,US-CENT-SWPP,443.0,488.0,,44.0,,False,
2025-12-07T05:00:00.000Z,USA,Southwest Power Pool,US-CENT-SWPP,446.0,492.0,,43.0,,False,
2025-12-07T06:00:00.000Z,USA,Southwest Power Pool,US-CENT-SWPP,425.0,469.0,,45.0,,False,
2025-12-07T07:00:00.000Z,USA,Southwest Power Pool,US-CENT-SWPP,418.0,461.0,,46.0,,False,
2025-12-07T08:00:00.000Z,USA,Southwest Power Pool,US-CENT-SWPP,382.0,424.0,,49.0,,False,
2025-12-07T09:00:00.000Z,USA,Southwest Power Pool,US-CENT-SWPP,357.0,398.0,,52.0,,False,
2025-12-07T10:00:00.000Z,USA,Southwest Power Pool,US-CENT-SWPP,339.0,378.0,,54.0,,False,
2025-12-07T11:00:00.000Z,USA,Southwest Power Pool,US-CENT-SWPP,329.0,367.0,,55.0,,False,
2025-12-07T12:00:00.000Z,USA,Southwest Power Pool,US-CENT-SWPP,324.0,363.0,,56.0,,False,
2025-12-07T13:00:00.000Z,USA,Southwest Power Pool,US-CENT-SWPP,332.0,370.0,,55.0,,False,
2025-12-07T14:00:00.000Z,USA,Southwest Power Pool,US-CENT-SWPP,351.0,392.0,,53.0,,False,
2025-12-07T15:00:00.000Z,USA,Southwest Power Pool,US-CENT-SWPP,363.0,405.0,,51.0,,False,
2025-12-07T16:00:00.000Z,USA,Southwest Power Pool,US-CENT-SWPP,374.0,418.0,,49.0,,False,
2025-12-07T17:00:00.000Z,USA,Southwest Power Pool,US-CENT-SWPP,392.0,437.0,,47.0,,False,
2025-12-07T18:00:00.000Z,USA,Southwest Power Pool,US-CENT-SWPP,426.0,473.0,,44.0,,False,
2025-12-07T19:00:00.000Z,USA,Southwest Power Pool,US-CENT-SWPP,464.0,514.0,,39.0,,False,
2025-12-07T20:00:00.000Z,USA,Southwest Power Pool,US-CENT-SWPP,502.0,554.0,,35.0,,False,
2025-12-07T21:00:00.000Z,USA,Southwest Power Pool,US-CENT-SWPP,544.0,600.0,,30.0,,False,
2025-12-07T22:00:00.000Z,USA,Southwest Power Pool,US-CENT-SWPP,574.0,634.0,,26.0,,False,
2025-12-07T23:00:00.000Z,USA,Southwest Power Pool,US-CENT-SWPP,586.0,651.0,,23.0,,False,
2025-12-08T00:00:00.000Z,USA,Southwest Power Pool,US-CENT-SWPP,592.0,657.0,,22.0,,False,
2025-12-08T01:00:00.000Z,USA,Southwest Power Pool,US-CENT-SWPP,612.0,679.0,,19.0,,False,
2025-12-08T02:00:00.000Z,USA,Southwest Power Pool,US-CENT-SWPP,627.0,696.0,,17.0,,False,
2025-12-08T03:00:00.000Z,USA,Southwest Power Pool,US-CENT-SWPP,633.0,702.0,,17.0,,False,
2025-12-08T04:00:00.000Z,USA,Southwest Power Pool,US-CENT-SWPP,641.0,709.0,,16.0,,False,
2025-12-08T05:00:00.000Z,USA,Southwest Power Pool,US-CENT-SWPP,641.0,708.0,,17.0,,False,
2025-12-08T06:00:00.000Z,USA,Southwest Power Pool,US-CENT-SWPP,616.0,678.0,,21.0,,False,
2025-12-08T07:00:00.000Z,USA,Southwest Power Pool,US-CENT-SWPP,593.0,653.0,,24.0,,False,
2025-12-08T08:00:00.000Z,USA,Southwest Power Pool,US-CENT-SWPP,584.0,643.0,,25.0,,False,
2025-12-08T09:00:00.000Z,USA,Southwest Power Pool,US-CENT-SWPP,578.0,636.0,,26.0,,False,
2025-12-08T10:00:00.000Z,USA,Southwest Power Pool,US-CENT-SWPP,576.0,635.0,,26.0,,False,
2025-12-08T11:00:00.000Z,USA,Southwest Power Pool,US-CENT-SWPP,562.0,619.0,,28.0,,False,
2025-12-08T12:00:00.000Z,USA,Southwest Power Pool,US-CENT-SWPP,546.0,603.0,,30.0,,False,
2025-12-08T13:00:00.000Z,USA,Southwest Power Pool,US-CENT-SWPP,547.0,606.0,,29.0,,False,
2025-12-08T14:00:00.000Z,USA,Southwest Power Pool,US-CENT-SWPP,549.0,608.0,,29.0,,False,
2025-12-08T15:00:00.000Z,USA,Southwest Power Pool,US-CENT-SWPP,553.0,612.0,,28.0,,False,
2025-12-08T16:00:00.000Z,USA,Southwest Power Pool,US-CENT-SWPP,570.0,630.0,,26.0,,False,
2025-12-08T17:00:00.000Z,USA,Southwest Power Pool,US-CENT-SWPP,570.0,628.0,,28.0,,False,
2025-12-08T18:00:00.000Z,USA,Southwest Power Pool,US-CENT-SWPP,553.0,609.0,,30.0,,False,
2025-12-08T19:00:00.000Z,USA,Southwest Power Pool,US-CENT-SWPP,539.0,592.0,,32.0,,False,
2025-12-08T20:00:00.000Z,USA,Southwest Power Pool,US-CENT-SWPP,493.0,543.0,,37.0,,False,
2025-12-08T21:00:00.000Z,USA,Southwest Power Pool,US-CENT-SWPP,474.0,523.0,,39.0,,False,
2025-12-08T22:00:00.000Z,USA,Southwest Power Pool,US-CENT-SWPP,491.0,543.0,,37.0,,False,
2025-12-08T23:00:00.000Z,USA,Southwest Power Pool,US-CENT-SWPP,500.0,552.0,,36.0,,False,
2025-12-09T00:00:00.000Z,USA,Southwest Power Pool,US-CENT-SWPP,448.0,495.0,,42.0,,False,
2025-12-09T01:00:00.000Z,USA,Southwest Power Pool,US-CENT-SWPP,430.0,475.0,,45.0,,False,
2025-12-09T02:00:00.000Z,USA,Southwest Power Pool,US-CENT-SWPP,387.0,429.0,,50.0,,False,
2025-12-09T03:00:00.000Z,USA,Southwest Power Pool,US-CENT-SWPP,370.0,410.0,,52.0,,False,
2025-12-09T04:00:00.000Z,USA,Southwest Power Pool,US-CENT-SWPP,360.0,398.0,,54.0,,False,
2025-12-09T05:00:00.000Z,USA,Southwest Power Pool,US-CENT-SWPP,351.0,389.0,,55.0,,False,
2025-12-09T06:00:00.000Z,USA,Southwest Power Pool,US-CENT-SWPP,347.0,384.0,,55.0,,False,
2025-12-09T07:00:00.000Z,USA,Southwest Power Pool,US-CENT-SWPP,336.0,372.0,,56.0,,False,
2025-12-09T08:00:00.000Z,USA,Southwest Power Pool,US-CENT-SWPP,342.0,378.0,,56.0,,False,
2025-12-09T09:00:00.000Z,USA,Southwest Power Pool,US-CENT-SWPP,368.0,406.0,,53.0,,False,
2025-12-09T10:00:00.000Z,USA,Southwest Power Pool,US-CENT-SWPP,390.0,429.0,,51.0,,False,
2025-12-09T11:00:00.000Z,USA,Southwest Power Pool,US-CENT-SWPP,409.0,450.0,,49.0,,False,
2025-12-09T12:00:00.000Z,USA,Southwest Power Pool,US-CENT-SWPP,387.0,426.0,,52.0,,False,
2025-12-09T13:00:00.000Z,USA,Southwest Power Pool,US-CENT-SWPP,372.0,410.0,,53.0,,False,
2025-12-09T14:00:00.000Z,USA,Southwest Power Pool,US-CENT-SWPP,363.0,402.0,,54.0,,False,
2025-12-09T15:00:00.000Z,USA,Southwest Power Pool,US-CENT-SWPP,385.0,427.0,,50.0,,False,
2025-12-09T16:00:00.000Z,USA,Southwest Power Pool,US-CENT-SWPP,433.0,478.0,,45.0,,False,
2025-12-09T17:00:00.000Z,USA,Southwest Power Pool,US-CENT-SWPP,440.0,485.0,,44.0,,False,
2025-12-09T18:00:00.000Z,USA,Southwest Power Pool,US-CENT-SWPP,406.0,449.0,,48.0,,False,
2025-12-09T19:00:00.000Z,USA,Southwest Power Pool,US-CENT-SWPP,375.0,414.0,,52.0,,False,
2025-12-09T20:00:00.000Z,USA,Southwest Power Pool,US-CENT-SWPP,336.0,373.0,,56.0,,False,
2025-12-09T21:00:00.000Z,USA,Southwest Power Pool,US-CENT-SWPP,302.0,336.0,,60.0,,False,
2025-12-09T22:00:00.000Z,USA,Southwest Power Pool,US-CENT-SWPP,284.0,317.0,,62.0,,False,
2025-12-09T23:00:00.000Z,USA,Southwest Power Pool,US-CENT-SWPP,265.0,296.0,,64.0,,False,
2025-12-10T00:00:00.000Z,USA,Southwest Power Pool,US-CENT-SWPP,266.0,297.0,,64.0,,False,
2025-12-10T01:00:00.000Z,USA,Southwest Power Pool,US-CENT-SWPP,262.0,293.0,,65.0,,False,
2025-12-10T02:00:00.000Z,USA,Southwest Power Pool,US-CENT-SWPP,265.0,297.0,,64.0,,False,
2025-12-10T03:00:00.000Z,USA,Southwest Power Pool,US-CENT-SWPP,262.0,293.0,,64.0,,False,
2025-12-10T04:00:00.000Z,USA,Southwest Power Pool,US-CENT-SWPP,261.0,292.0,,64.0,,False,
2025-12-10T05:00:00.000Z,USA,Southwest Power Pool,US-CENT-SWPP,263.0,294.0,,64.0,,False,
2025-12-10T06:00:00.000Z,USA,Southwest Power Pool,US-CENT-SWPP,266.0,297.0,,64.0,,False,
2025-12-10T07:00:00.000Z,USA,Southwest Power Pool,US-CENT-SWPP,254.0,284.0,,65.0,,False,
2025-12-10T08:00:00.000Z,USA,Southwest Power Pool,US-CENT-SWPP,254.0,285.0,,65.0,,False,
2025-12-10T09:00:00.000Z,USA,Southwest Power Pool,US-CENT-SWPP,247.0,277.0,,66.0,,False,
2025-12-10T10:00:00.000Z,USA,Southwest Power Pool,US-CENT-SWPP,241.0,271.0,,66.0,,False,
2025-12-10T11:00:00.000Z,USA,Southwest Power Pool,US-CENT-SWPP,243.0,273.0,,66.0,,False,
2025-12-10T12:00:00.000Z,USA,Southwest Power Pool,US-CENT-SWPP,245.0,276.0,,66.0,,False,
2025-12-10T13:00:00.000Z,USA,Southwest Power Pool,US-CENT-SWPP,259.0,291.0,,64.0,,False,
2025-12-10T14:00:00.000Z,USA,Southwest Power Pool,US-CENT-SWPP,256.0,289.0,,64.0,,False,
2025-12-10T15:00:00.000Z,USA,Southwest Power Pool,US-CENT-SWPP,258.0,292.0,,63.0,,False,
2025-12-10T16:00:00.000Z,USA,Southwest Power Pool,US-CENT-SWPP,261.0,296.0,,63.0,,False,
2025-12-10T17:00:00.000Z,USA,Southwest Power Pool,US-CENT-SWPP,282.0,319.0,,59.0,,False,
2025-12-10T18:00:00.000Z,USA,Southwest Power Pool,US-CENT-SWPP,315.0,356.0,,54.0,,False,
2025-12-10T19:00:00.000Z,USA,Southwest Power Pool,US-CENT-SWPP,396.0,446.0,,44.0,,False,
2025-12-10T20:00:00.000Z,USA,Southwest Power Pool,US-CENT-SWPP,483.0,540.0,,33.0,,False,
2025-12-10T21:00:00.000Z,USA,Southwest Power Pool,US-CENT-SWPP,554.0,617.0,,25.0,,False,
2025-12-10T22:00:00.000Z,USA,Southwest Power Pool,US-CENT-SWPP,586.0,653.0,,20.0,,False,
2025-12-10T23:00:00.000Z,USA,Southwest Power Pool,US-CENT-SWPP,604.0,671.0,,19.0,,False,
2025-12-11T00:00:00.000Z,USA,Southwest Power Pool,US-CENT-SWPP,592.0,656.0,,22.0,,False,
2025-12-11T01:00:00.000Z,USA,Southwest Power Pool,US-CENT-SWPP,575.0,635.0,,26.0,,False,
2025-12-11T02:00:00.000Z,USA,Southwest Power Pool,US-CENT-SWPP,555.0,611.0,,30.0,,False,
2025-12-11T03:00:00.000Z,USA,Southwest Power Pool,US-CENT-SWPP,527.0,579.0,,34.0,,False,
2025-12-11T04:00:00.000Z,USA,Southwest Power Pool,US-CENT-SWPP,494.0,542.0,,39.0,,False,
2025-12-11T05:00:00.000Z,USA,Southwest Power Pool,US-CENT-SWPP,473.0,519.0,,41.0,,False,
2025-12-11T06:00:00.000Z,USA,Southwest Power Pool,US-CENT-SWPP,440.0,485.0,,44.0,,False,
2025-12-11T07:00:00.000Z,USA,Southwest Power Pool,US-CENT-SWPP,406.0,448.0,,48.0,,False,
2025-12-11T08:00:00.000Z,USA,Southwest Power Pool,US-CENT-SWPP,369.0,408.0,,52.0,,False,
2025-12-11T09:00:00.000Z,USA,Southwest Power Pool,US-CENT-SWPP,356.0,395.0,,53.0,,False,
2025-12-11T10:00:00.000Z,USA,Southwest Power Pool,US-CENT-SWPP,334.0,372.0,,55.0,,False,
2025-12-11T11:00:00.000Z,USA,Southwest Power Pool,US-CENT-SWPP,342.0,382.0,,54.0,,False,
2025-12-11T12:00:00.000Z,USA,Southwest Power Pool,US-CENT-SWPP,340.0,380.0,,54.0,,False,
2025-12-11T13:00:00.000Z,USA,Southwest Power Pool,US-CENT-SWPP,354.0,395.0,,53.0,,False,
2025-12-11T14:00:00.000Z,USA,Southwest Power Pool,US-CENT-SWPP,375.0,418.0,,50.0,,False,
2025-12-11T15:00:00.000Z,USA,Southwest Power Pool,US-CENT-SWPP,406.0,454.0,,45.0,,False,
2025-12-11T16:00:00.000Z,USA,Southwest Power Pool,US-CENT-SWPP,440.0,491.0,,41.0,,False,
2025-12-11T17:00:00.000Z,USA,Southwest Power Pool,US-CENT-SWPP,449.0,500.0,,40.0,,False,
2025-12-11T18:00:00.000Z,USA,Southwest Power Pool,US-CENT-SWPP,436.0,485.0,,42.0,,False,
2025-12-11T19:00:00.000Z,USA,Southwest Power Pool,US-CENT-SWPP,443.0,493.0,,40.0,,False,
2025-12-11T20:00:00.000Z,USA,Southwest Power Pool,US-CENT-SWPP,419.0,468.0,,43.0,,False,
2025-12-11T21:00:00.000Z,USA,Southwest Power Pool,US-CENT-SWPP,411.0,459.0,,44.0,,False,
2025-12-11T22:00:00.000Z,USA,Southwest Power Pool,US-CENT-SWPP,450.0,502.0,,39.0,,False,
2025-12-11T23:00:00.000Z,USA,Southwest Power Pool,US-CENT-SWPP,456.0,508.0,,39.0,,False,
2025-12-12T00:00:00.000Z,USA,Southwest Power Pool,US-CENT-SWPP,423.0,471.0,,43.0,,False,
2025-12-12T01:00:00.000Z,USA,Southwest Power Pool,US-CENT-SWPP,400.0,446.0,,46.0,,False,
2025-12-12T02:00:00.000Z,USA,Southwest Power Pool,US-CENT-SWPP,401.0,448.0,,46.0,,False,
2025-12-12T03:00:00.000Z,USA,Southwest Power Pool,US-CENT-SWPP,413.0,460.0,,45.0,,False,
2025-12-12T04:00:00.000Z,USA,Southwest Power Pool,US-CENT-SWPP,457.0,506.0,,40.0,,False,
2025-12-12T05:00:00.000Z,USA,Southwest Power Pool,US-CENT-SWPP,465.0,513.0,,40.0,,False,
2025-12-12T06:00:00.000Z,USA,Southwest Power Pool,US-CENT-SWPP,478.0,528.0,,38.0,,False,
2025-12-12T07:00:00.000Z,USA,Southwest Power Pool,US-CENT-SWPP,474.0,522.0,,39.0,,False,
2025-12-12T08:00:00.000Z,USA,Southwest Power Pool,US-CENT-SWPP,475.0,524.0,,39.0,,False,
2025-12-12T09:00:00.000Z,USA,Southwest Power Pool,US-CENT-SWPP,448.0,494.0,,42.0,,False,
2025-12-12T10:00:00.000Z,USA,Southwest Power Pool,US-CENT-SWPP,398.0,441.0,,48.0,,False,
2025-12-12T11:00:00.000Z,USA,Southwest Power Pool,US-CENT-SWPP,353.0,394.0,,52.0,,False,
2025-12-12T12:00:00.000Z,USA,Southwest Power Pool,US-CENT-SWPP,332.0,372.0,,55.0,,False,
2025-12-12T13:00:00.000Z,USA,Southwest Power Pool,US-CENT-SWPP,337.0,378.0,,54.0,,False,
2025-12-12T14:00:00.000Z,USA,Southwest Power Pool,US-CENT-SWPP,340.0,382.0,,53.0,,False,
2025-12-12T15:00:00.000Z,USA,Southwest Power Pool,US-CENT-SWPP,376.0,421.0,,49.0,,False,
2025-12-12T16:00:00.000Z,USA,Southwest Power Pool,US-CENT-SWPP,413.0,460.0,,45.0,,False,
2025-12-12T17:00:00.000Z,USA,Southwest Power Pool,US-CENT-SWPP,430.0,479.0,,43.0,,False,
2025-12-12T18:00:00.000Z,USA,Southwest Power Pool,US-CENT-SWPP,456.0,507.0,,40.0,,False,
2025-12-12T19:00:00.000Z,USA,Southwest Power Pool,US-CENT-SWPP,480.0,533.0,,36.0,,False,
2025-12-12T20:00:00.000Z,USA,Southwest Power Pool,US-CENT-SWPP,483.0,537.0,,35.0,,False,
2025-12-12T21:00:00.000Z,USA,Southwest Power Pool,US-CENT-SWPP,498.0,554.0,,34.0,,False,
2025-12-12T22:00:00.000Z,USA,Southwest Power Pool,US-CENT-SWPP,520.0,579.0,,30.0,,False,
2025-12-12T23:00:00.000Z,USA,Southwest Power Pool,US-CENT-SWPP,534.0,594.0,,29.0,,False,
2025-12-13T00:00:00.000Z,USA,Southwest Power Pool,US-CENT-SWPP,514.0,570.0,,32.0,,False,
2025-12-13T01:00:00.000Z,USA,Southwest Power Pool,US-CENT-SWPP,506.0,559.0,,35.0,,False,
2025-12-13T02:00:00.000Z,USA,Southwest Power Pool,US-CENT-SWPP,496.0,548.0,,36.0,,False,
2025-12-13T03:00:00.000Z,USA,Southwest Power Pool,US-CENT-SWPP,507.0,559.0,,35.0,,False,
2025-12-13T04:00:00.000Z,USA,Southwest Power Pool,US-CENT-SWPP,513.0,565.0,,35.0,,False,
2025-12-13T05:00:00.000Z,USA,Southwest Power Pool,US-CENT-SWPP,521.0,574.0,,34.0,,False,
2025-12-13T06:00:00.000Z,USA,Southwest Power Pool,US-CENT-SWPP,536.0,590.0,,32.0,,False,
2025-12-13T07:00:00.000Z,USA,Southwest Power Pool,US-CENT-SWPP,537.0,591.0,,32.0,,False,
2025-12-13T08:00:00.000Z,USA,Southwest Power Pool,US-CENT-SWPP,557.0,611.0,,30.0,,False,
2025-12-13T09:00:00.000Z,USA,Southwest Power Pool,US-CENT-SWPP,564.0,619.0,,29.0,,False,
2025-12-13T10:00:00.000Z,USA,Southwest Power Pool,US-CENT-SWPP,567.0,623.0,,28.0,,False,
2025-12-13T11:00:00.000Z,USA,Southwest Power Pool,US-CENT-SWPP,576.0,634.0,,27.0,,False,
2025-12-13T12:00:00.000Z,USA,Southwest Power Pool,US-CENT-SWPP,584.0,645.0,,25.0,,False,
2025-12-13T13:00:00.000Z,USA,Southwest Power Pool,US-CENT-SWPP,590.0,651.0,,24.0,,False,
2025-12-13T14:00:00.000Z,USA,Southwest Power Pool,US-CENT-SWPP,589.0,651.0,,24.0,,False,
2025-12-13T15:00:00.000Z,USA,Southwest Power Pool,US-CENT-SWPP,603.0,666.0,,22.0,,False,
2025-12-13T16:00:00.000Z,USA,Southwest Power Pool,US-CENT-SWPP,620.0,685.0,,20.0,,False,
2025-12-13T17:00:00.000Z,USA,Southwest Power Pool,US-CENT-SWPP,622.0,686.0,,20.0,,False,
2025-12-13T18:00:00.000Z,USA,Southwest Power Pool,US-CENT-SWPP,589.0,650.0,,24.0,,False,
2025-12-13T19:00:00.000Z,USA,Southwest Power Pool,US-CENT-SWPP,507.0,560.0,,35.0,,False,
2025-12-13T20:00:00.000Z,USA,Southwest Power Pool,US-CENT-SWPP,434.0,482.0,,43.0,,False,
2025-12-13T21:00:00.000Z,USA,Southwest Power Pool,US-CENT-SWPP,376.0,419.0,,50.0,,False,
2025-12-13T22:00:00.000Z,USA,Southwest Power Pool,US-CENT-SWPP,363.0,404.0,,52.0,,False,
2025-12-13T23:00:00.000Z,USA,Southwest Power Pool,US-CENT-SWPP,373.0,416.0,,50.0,,False,
2025-12-14T00:00:00.000Z,USA,Southwest Power Pool,US-CENT-SWPP,384.0,428.0,,49.0,,False,
2025-12-14T01:00:00.000Z,USA,Southwest Power Pool,US-CENT-SWPP,372.0,415.0,,50.0,,False,
2025-12-14T02:00:00.000Z,USA,Southwest Power Pool,US-CENT-SWPP,362.0,404.0,,52.0,,False,
2025-12-14T03:00:00.000Z,USA,Southwest Power Pool,US-CENT-SWPP,361.0,402.0,,52.0,,False,
2025-12-14T04:00:00.000Z,USA,Southwest Power Pool,US-CENT-SWPP,369.0,411.0,,51.0,,False,
2025-12-14T05:00:00.000Z,USA,Southwest Power Pool,US-CENT-SWPP,365.0,407.0,,51.0,,False,
2025-12-14T06:00:00.000Z,USA,Southwest Power Pool,US-CENT-SWPP,383.0,427.0,,49.0,,False,
2025-12-14T07:00:00.000Z,USA,Southwest Power Pool,US-CENT-SWPP,404.0,450.0,,46.0,,False,
2025-12-14T08:00:00.000Z,USA,Southwest Power Pool,US-CENT-SWPP,443.0,491.0,,41.0,,False,
2025-12-14T09:00:00.000Z,USA,Southwest Power Pool,US-CENT-SWPP,482.0,534.0,,36.0,,False,
2025-12-14T10:00:00.000Z,USA,Southwest Power Pool,US-CENT-SWPP,494.0,548.0,,35.0,,False,
2025-12-14T11:00:00.000Z,USA,Southwest Power Pool,US-CENT-SWPP,522.0,579.0,,31.0,,False,
2025-12-14T12:00:00.000Z,USA,Southwest Power Pool,US-CENT-SWPP,547.0,608.0,,27.0,,False,
2025-12-14T13:00:00.000Z,USA,Southwest Power Pool,US-CENT-SWPP,564.0,628.0,,24.0,,False,
2025-12-14T14:00:00.000Z,USA,Southwest Power Pool,US-CENT-SWPP,569.0,634.0,,24.0,,False,
2025-12-14T15:00:00.000Z,USA,Southwest Power Pool,US-CENT-SWPP,572.0,637.0,,24.0,,False,
2025-12-14T16:00:00.000Z,USA,Southwest Power Pool,US-CENT-SWPP,589.0,656.0,,21.0,,False,
2025-12-14T17:00:00.000Z,USA,Southwest Power Pool,US-CENT-SWPP,602.0,670.0,,20.0,,False,
2025-12-14T18:00:00.000Z,USA,Southwest Power Pool,US-CENT-SWPP,580.0,644.0,,23.0,,False,
2025-12-14T19:00:00.000Z,USA,Southwest Power Pool,US-CENT-SWPP,540.0,599.0,,29.0,,False,
2025-12-14T20:00:00.000Z,USA,Southwest Power Pool,US-CENT-SWPP,497.0,552.0,,34.0,,False,
2025-12-14T21:00:00.000Z,USA,Southwest Power Pool,US-CENT-SWPP,471.0,524.0,,37.0,,False,
2025-12-14T22:00:00.000Z,USA,Southwest Power Pool,US-CENT-SWPP,462.0,516.0,,38.0,,False,
2025-12-14T23:00:00.000Z,USA,Southwest Power Pool,US-CENT-SWPP,475.0,531.0,,36.0,,False,
2025-12-15T00:00:00.000Z,USA,Southwest Power Pool,US-CENT-SWPP,436.0,488.0,,40.0,,False,
2025-12-15T01:00:00.000Z,USA,Southwest Power Pool,US-CENT-SWPP,414.0,464.0,,44.0,,False,
2025-12-15T02:00:00.000Z,USA,Southwest Power Pool,US-CENT-SWPP,398.0,446.0,,46.0,,False,
2025-12-15T03:00:00.000Z,USA,Southwest Power Pool,US-CENT-SWPP,383.0,428.0,,48.0,,False,
2025-12-15T04:00:00.000Z,USA,Southwest Power Pool,US-CENT-SWPP,354.0,396.0,,52.0,,False,
2025-12-15T05:00:00.000Z,USA,Southwest Power Pool,US-CENT-SWPP,325.0,364.0,,55.0,,False,
2025-12-15T06:00:00.000Z,USA,Southwest Power Pool,US-CENT-SWPP,314.0,353.0,,56.0,,False,
2025-12-15T07:00:00.000Z,USA,Southwest Power Pool,US-CENT-SWPP,304.0,343.0,,57.0,,False,
2025-12-15T08:00:00.000Z,USA,Southwest Power Pool,US-CENT-SWPP,287.0,325.0,,59.0,,False,
2025-12-15T09:00:00.000Z,USA,Southwest Power Pool,US-CENT-SWPP,280.0,318.0,,60.0,,False,
2025-12-15T10:00:00.000Z,USA,Southwest Power Pool,US-CENT-SWPP,288.0,326.0,,59.0,,False,
2025-12-15T11:00:00.000Z,USA,Southwest Power Pool,US-CENT-SWPP,288.0,328.0,,58.0,,False,
2025-12-15T12:00:00.000Z,USA,Southwest Power Pool,US-CENT-SWPP,302.0,344.0,,56.0,,False,
2025-12-15T13:00:00.000Z,USA,Southwest Power Pool,US-CENT-SWPP,302.0,343.0,,57.0,,False,
2025-12-15T14:00:00.000Z,USA,Southwest Power Pool,US-CENT-SWPP,295.0,334.0,,58.0,,False,
2025-12-15T15:00:00.000Z,USA,Southwest Power Pool,US-CENT-SWPP,317.0,358.0,,56.0,,False,
2025-12-15T16:00:00.000Z,USA,Southwest Power Pool,US-CENT-SWPP,335.0,377.0,,53.0,,False,
2025-12-15T17:00:00.000Z,USA,Southwest Power Pool,US-CENT-SWPP,374.0,419.0,,49.0,,False,
2025-12-15T18:00:00.000Z,USA,Southwest Power Pool,US-CENT-SWPP,396.0,443.0,,46.0,,False,
2025-12-15T19:00:00.000Z,USA,Southwest Power Pool,US-CENT-SWPP,391.0,439.0,,46.0,,False,
2025-12-15T20:00:00.000Z,USA,Southwest Power Pool,US-CENT-SWPP,405.0,454.0,,44.0,,False,
2025-12-15T21:00:00.000Z,USA,Southwest Power Pool,US-CENT-SWPP,421.0,469.0,,43.0,,False,
2025-12-15T22:00:00.000Z,USA,Southwest Power Pool,US-CENT-SWPP,455.0,508.0,,38.0,,False,
2025-12-15T23:00:00.000Z,USA,Southwest Power Pool,US-CENT-SWPP,458.0,510.0,,39.0,,False,
2025-12-16T00:00:00.000Z,USA,Southwest Power Pool,US-CENT-SWPP,418.0,465.0,,45.0,,False,
2025-12-16T01:00:00.000Z,USA,Southwest Power Pool,US-CENT-SWPP,387.0,431.0,,49.0,,False,
2025-12-16T02:00:00.000Z,USA,Southwest Power Pool,US-CENT-SWPP,368.0,410.0,,51.0,,False,
2025-12-16T03:00:00.000Z,USA,Southwest Power Pool,US-CENT-SWPP,346.0,387.0,,54.0,,False,
2025-12-16T04:00:00.000Z,USA,Southwest Power Pool,US-CENT-SWPP,332.0,370.0,,56.0,,False,
2025-12-16T05:00:00.000Z,USA,Southwest Power Pool,US-CENT-SWPP,306.0,343.0,,58.0,,False,
2025-12-16T06:00:00.000Z,USA,Southwest Power Pool,US-CENT-SWPP,284.0,320.0,,60.0,,False,
2025-12-16T07:00:00.000Z,USA,Southwest Power Pool,US-CENT-SWPP,307.0,345.0,,58.0,,False,
2025-12-16T08:00:00.000Z,USA,Southwest Power Pool,US-CENT-SWPP,326.0,364.0,,56.0,,False,
2025-12-16T09:00:00.000Z,USA,Southwest Power Pool,US-CENT-SWPP,339.0,378.0,,54.0,,False,
2025-12-16T10:00:00.000Z,USA,Southwest Power Pool,US-CENT-SWPP,362.0,404.0,,51.0,,False,
2025-12-16T11:00:00.000Z,USA,Southwest Power Pool,US-CENT-SWPP,368.0,410.0,,51.0,,False,
2025-12-16T12:00:00.000Z,USA,Southwest Power Pool,US-CENT-SWPP,373.0,417.0,,50.0,,False,
2025-12-16T13:00:00.000Z,USA,Southwest Power Pool,US-CENT-SWPP,372.0,416.0,,50.0,,False,
2025-12-16T14:00:00.000Z,USA,Southwest Power Pool,US-CENT-SWPP,381.0,426.0,,48.0,,False,
2025-12-16T15:00:00.000Z,USA,Southwest Power Pool,US-CENT-SWPP,402.0,451.0,,45.0,,False,
2025-12-16T16:00:00.000Z,USA,Southwest Power Pool,US-CENT-SWPP,458.0,511.0,,38.0,,False,
2025-12-16T17:00:00.000Z,USA,Southwest Power Pool,US-CENT-SWPP,475.0,529.0,,36.0,,False,
2025-12-16T18:00:00.000Z,USA,Southwest Power Pool,US-CENT-SWPP,493.0,549.0,,34.0,,False,
2025-12-16T19:00:00.000Z,USA,Southwest Power Pool,US-CENT-SWPP,495.0,551.0,,33.0,,False,
2025-12-16T20:00:00.000Z,USA,Southwest Power Pool,US-CENT-SWPP,494.0,550.0,,34.0,,False,
2025-12-16T21:00:00.000Z,USA,Southwest Power Pool,US-CENT-SWPP,479.0,534.0,,35.0,,False,
2025-12-16T22:00:00.000Z,USA,Southwest Power Pool,US-CENT-SWPP,480.0,535.0,,35.0,,False,
2025-12-16T23:00:00.000Z,USA,Southwest Power Pool,US-CENT-SWPP,477.0,532.0,,35.0,,False,
2025-12-17T00:00:00.000Z,USA,Southwest Power Pool,US-CENT-SWPP,443.0,495.0,,40.0,,False,
2025-12-17T01:00:00.000Z,USA,Southwest Power Pool,US-CENT-SWPP,436.0,486.0,,41.0,,False,
2025-12-17T02:00:00.000Z,USA,Southwest Power Pool,US-CENT-SWPP,434.0,483.0,,42.0,,False,
2025-12-17T03:00:00.000Z,USA,Southwest Power Pool,US-CENT-SWPP,419.0,467.0,,43.0,,False,
2025-12-17T04:00:00.000Z,USA,Southwest Power Pool,US-CENT-SWPP,422.0,471.0,,43.0,,False,
2025-12-17T05:00:00.000Z,USA,Southwest Power Pool,US-CENT-SWPP,416.0,464.0,,43.0,,False,
2025-12-17T06:00:00.000Z,USA,Southwest Power Pool,US-CENT-SWPP,413.0,462.0,,43.0,,False,
2025-12-17T07:00:00.000Z,USA,Southwest Power Pool,US-CENT-SWPP,425.0,475.0,,41.0,,False,
2025-12-17T08:00:00.000Z,USA,Southwest Power Pool,US-CENT-SWPP,464.0,518.0,,36.0,,False,
2025-12-17T09:00:00.000Z,USA,Southwest Power Pool,US-CENT-SWPP,486.0,542.0,,33.0,,False,
2025-12-17T10:00:00.000Z,USA,Southwest Power Pool,US-CENT-SWPP,502.0,560.0,,31.0,,False,
2025-12-17T11:00:00.000Z,USA,Southwest Power Pool,US-CENT-SWPP,520.0,581.0,,28.0,,False,
2025-12-17T12:00:00.000Z,USA,Southwest Power Pool,US-CENT-SWPP,520.0,583.0,,28.0,,False,
2025-12-17T13:00:00.000Z,USA,Southwest Power Pool,US-CENT-SWPP,515.0,576.0,,29.0,,False,
2025-12-17T14:00:00.000Z,USA,Southwest Power Pool,US-CENT-SWPP,513.0,573.0,,30.0,,False,
2025-12-17T15:00:00.000Z,USA,Southwest Power Pool,US-CENT-SWPP,511.0,571.0,,30.0,,False,
2025-12-17T16:00:00.000Z,USA,Southwest Power Pool,US-CENT-SWPP,521.0,582.0,,29.0,,False,
2025-12-17T17:00:00.000Z,USA,Southwest Power Pool,US-CENT-SWPP,496.0,553.0,,32.0,,False,
2025-12-17T18:00:00.000Z,USA,Southwest Power Pool,US-CENT-SWPP,440.0,492.0,,40.0,,False,
2025-12-17T19:00:00.000Z,USA,Southwest Power Pool,US-CENT-SWPP,383.0,430.0,,47.0,,False,
2025-12-17T20:00:00.000Z,USA,Southwest Power Pool,US-CENT-SWPP,344.0,388.0,,51.0,,False,
2025-12-17T21:00:00.000Z,USA,Southwest Power Pool,US-CENT-SWPP,298.0,340.0,,55.0,,False,
2025-12-17T22:00:00.000Z,USA,Southwest Power Pool,US-CENT-SWPP,279.0,319.0,,58.0,,False,
2025-12-17T23:00:00.000Z,USA,Southwest Power Pool,US-CENT-SWPP,260.0,297.0,,61.0,,False,
2025-12-18T00:00:00.000Z,USA,Southwest Power Pool,US-CENT-SWPP,219.0,251.0,,67.0,,False,
2025-12-18T01:00:00.000Z,USA,Southwest Power Pool,US-CENT-SWPP,193.0,223.0,,70.0,,False,
2025-12-18T02:00:00.000Z,USA,Southwest Power Pool,US-CENT-SWPP,184.0,213.0,,71.0,,False,
2025-12-18T03:00:00.000Z,USA,Southwest Power Pool,US-CENT-SWPP,185.0,215.0,,70.0,,False,
2025-12-18T04:00:00.000Z,USA,Southwest Power Pool,US-CENT-SWPP,182.0,210.0,,71.0,,False,
2025-12-18T05:00:00.000Z,USA,Southwest Power Pool,US-CENT-SWPP,184.0,213.0,,71.0,,False,
2025-12-18T06:00:00.000Z,USA,Southwest Power Pool,US-CENT-SWPP,177.0,203.0,,72.0,,False,
2025-12-18T07:00:00.000Z,USA,Southwest Power Pool,US-CENT-SWPP,177.0,204.0,,72.0,,False,
2025-12-18T08:00:00.000Z,USA,Southwest Power Pool,US-CENT-SWPP,179.0,205.0,,72.0,,False,
2025-12-18T09:00:00.000Z,USA,Southwest Power Pool,US-CENT-SWPP,184.0,210.0,,72.0,,False,
2025-12-18T10:00:00.000Z,USA,Southwest Power Pool,US-CENT-SWPP,192.0,219.0,,71.0,,False,
2025-12-18T11:00:00.000Z,USA,Southwest Power Pool,US-CENT-SWPP,186.0,212.0,,72.0,,False,
2025-12-18T12:00:00.000Z,USA,Southwest Power Pool,US-CENT-SWPP,185.0,212.0,,72.0,,False,
2025-12-18T13:00:00.000Z,USA,Southwest Power Pool,US-CENT-SWPP,206.0,235.0,,70.0,,False,
2025-12-18T14:00:00.000Z,USA,Southwest Power Pool,US-CENT-SWPP,205.0,233.0,,70.0,,False,
2025-12-18T15:00:00.000Z,USA,Southwest Power Pool,US-CENT-SWPP,214.0,243.0,,69.0,,False,
2025-12-18T16:00:00.000Z,USA,Southwest Power Pool,US-CENT-SWPP,220.0,250.0,,68.0,,False,
2025-12-18T17:00:00.000Z,USA,Southwest Power Pool,US-CENT-SWPP,220.0,250.0,,68.0,,False,
2025-12-18T18:00:00.000Z,USA,Southwest Power Pool,US-CENT-SWPP,225.0,256.0,,68.0,,False,
2025-12-18T19:00:00.000Z,USA,Southwest Power Pool,US-CENT-SWPP,220.0,250.0,,68.0,,False,
2025-12-18T20:00:00.000Z,USA,Southwest Power Pool,US-CENT-SWPP,212.0,242.0,,69.0,,False,
2025-12-18T21:00:00.000Z,USA,Southwest Power Pool,US-CENT-SWPP,219.0,251.0,,67.0,,False,
2025-12-18T22:00:00.000Z,USA,Southwest Power Pool,US-CENT-SWPP,215.0,249.0,,66.0,,False,
2025-12-18T23:00:00.000Z,USA,Southwest Power Pool,US-CENT-SWPP,221.0,255.0,,66.0,,False,
2025-12-19T00:00:00.000Z,USA,Southwest Power Pool,US-CENT-SWPP,252.0,289.0,,62.0,,False,
2025-12-19T01:00:00.000Z,USA,Southwest Power Pool,US-CENT-SWPP,289.0,328.0,,58.0,,False,
2025-12-19T02:00:00.000Z,USA,Southwest Power Pool,US-CENT-SWPP,345.0,390.0,,51.0,,False,
2025-12-19T03:00:00.000Z,USA,Southwest Power Pool,US-CENT-SWPP,386.0,435.0,,45.0,,False,
2025-12-19T04:00:00.000Z,USA,Southwest Power Pool,US-CENT-SWPP,431.0,485.0,,39.0,,False,
2025-12-19T05:00:00.000Z,USA,Southwest Power Pool,US-CENT-SWPP,450.0,504.0,,37.0,,False,
2025-12-19T06:00:00.000Z,USA,Southwest Power Pool,US-CENT-SWPP,446.0,501.0,,37.0,,False,
2025-12-19T07:00:00.000Z,USA,Southwest Power Pool,US-CENT-SWPP,457.0,513.0,,35.0,,False,
2025-12-19T08:00:00.000Z,USA,Southwest Power Pool,US-CENT-SWPP,444.0,499.0,,37.0,,False,
2025-12-19T09:00:00.000Z,USA,Southwest Power Pool,US-CENT-SWPP,418.0,470.0,,41.0,,False,
2025-12-19T10:00:00.000Z,USA,Southwest Power Pool,US-CENT-SWPP,398.0,448.0,,44.0,,False,
2025-12-19T11:00:00.000Z,USA,Southwest Power Pool,US-CENT-SWPP,384.0,432.0,,46.0,,False,
2025-12-19T12:00:00.000Z,USA,Southwest Power Pool,US-CENT-SWPP,348.0,393.0,,51.0,,False,
2025-12-19T13:00:00.000Z,USA,Southwest Power Pool,US-CENT-SWPP,291.0,330.0,,58.0,,False,
2025-12-19T14:00:00.000Z,USA,Southwest Power Pool,US-CENT-SWPP,251.0,286.0,,63.0,,False,
2025-12-19T15:00:00.000Z,USA,Southwest Power Pool,US-CENT-SWPP,223.0,256.0,,67.0,,False,
2025-12-19T16:00:00.000Z,USA,Southwest Power Pool,US-CENT-SWPP,205.0,236.0,,69.0,,False,
2025-12-19T17:00:00.000Z,USA,Southwest Power Pool,US-CENT-SWPP,193.0,222.0,,71.0,,False,
2025-12-19T18:00:00.000Z,USA,Southwest Power Pool,US-CENT-SWPP,179.0,206.0,,73.0,,False,
2025-12-19T19:00:00.000Z,USA,Southwest Power Pool,US-CENT-SWPP,170.0,198.0,,73.0,,False,
2025-12-19T20:00:00.000Z,USA,Southwest Power Pool,US-CENT-SWPP,175.0,203.0,,72.0,,False,
2025-12-19T21:00:00.000Z,USA,Southwest Power Pool,US-CENT-SWPP,172.0,199.0,,73.0,,False,
2025-12-19T22:00:00.000Z,USA,Southwest Power Pool,US-CENT-SWPP,175.0,203.0,,73.0,,False,
2025-12-19T23:00:00.000Z,USA,Southwest Power Pool,US-CENT-SWPP,185.0,212.0,,72.0,,False,
2025-12-20T00:00:00.000Z,USA,Southwest Power Pool,US-CENT-SWPP,185.0,213.0,,72.0,,False,
2025-12-20T01:00:00.000Z,USA,Southwest Power Pool,US-CENT-SWPP,194.0,222.0,,71.0,,False,
2025-12-20T02:00:00.000Z,USA,Southwest Power Pool,US-CENT-SWPP,195.0,223.0,,71.0,,False,
2025-12-20T03:00:00.000Z,USA,Southwest Power Pool,US-CENT-SWPP,187.0,214.0,,72.0,,False,
2025-12-20T04:00:00.000Z,USA,Southwest Power Pool,US-CENT-SWPP,184.0,211.0,,72.0,,False,
2025-12-20T05:00:00.000Z,USA,Southwest Power Pool,US-CENT-SWPP,187.0,214.0,,71.0,,False,
2025-12-20T06:00:00.000Z,USA,Southwest Power Pool,US-CENT-SWPP,187.0,215.0,,71.0,,False,
2025-12-20T07:00:00.000Z,USA,Southwest Power Pool,US-CENT-SWPP,188.0,217.0,,70.0,,False,
2025-12-20T08:00:00.000Z,USA,Southwest Power Pool,US-CENT-SWPP,197.0,226.0,,69.0,,False,
2025-12-20T09:00:00.000Z,USA,Southwest Power Pool,US-CENT-SWPP,203.0,233.0,,69.0,,False,
2025-12-20T10:00:00.000Z,USA,Southwest Power Pool,US-CENT-SWPP,210.0,240.0,,68.0,,False,
2025-12-20T11:00:00.000Z,USA,Southwest Power Pool,US-CENT-SWPP,223.0,254.0,,66.0,,False,
2025-12-20T12:00:00.000Z,USA,Southwest Power Pool,US-CENT-SWPP,229.0,261.0,,66.0,,False,
2025-12-20T13:00:00.000Z,USA,Southwest Power Pool,US-CENT-SWPP,227.0,258.0,,66.0,,False,
2025-12-20T14:00:00.000Z,USA,Southwest Power Pool,US-CENT-SWPP,240.0,273.0,,65.0,,False,
2025-12-20T15:00:00.000Z,USA,Southwest Power Pool,US-CENT-SWPP,259.0,294.0,,62.0,,False,
2025-12-20T16:00:00.000Z,USA,Southwest Power Pool,US-CENT-SWPP,246.0,279.0,,64.0,,False,
2025-12-20T17:00:00.000Z,USA,Southwest Power Pool,US-CENT-SWPP,231.0,262.0,,66.0,,False,
2025-12-20T18:00:00.000Z,USA,Southwest Power Pool,US-CENT-SWPP,245.0,278.0,,64.0,,False,
2025-12-20T19:00:00.000Z,USA,Southwest Power Pool,US-CENT-SWPP,251.0,284.0,,63.0,,False,
2025-12-20T20:00:00.000Z,USA,Southwest Power Pool,US-CENT-SWPP,257.0,292.0,,62.0,,False,
2025-12-20T21:00:00.000Z,USA,Southwest Power Pool,US-CENT-SWPP,256.0,291.0,,62.0,,False,
2025-12-20T22:00:00.000Z,USA,Southwest Power Pool,US-CENT-SWPP,311.0,352.0,,54.0,,False,
2025-12-20T23:00:00.000Z,USA,Southwest Power Pool,US-CENT-SWPP,372.0,419.0,,47.0,,False,
2025-12-21T00:00:00.000Z,USA,Southwest Power Pool,US-CENT-SWPP,350.0,394.0,,50.0,,False,
2025-12-21T01:00:00.000Z,USA,Southwest Power Pool,US-CENT-SWPP,344.0,387.0,,51.0,,False,
2025-12-21T02:00:00.000Z,USA,Southwest Power Pool,US-CENT-SWPP,350.0,391.0,,52.0,,False,
2025-12-21T03:00:00.000Z,USA,Southwest Power Pool,US-CENT-SWPP,333.0,372.0,,54.0,,False,
2025-12-21T04:00:00.000Z,USA,Southwest Power Pool,US-CENT-SWPP,328.0,368.0,,55.0,,False,
2025-12-21T05:00:00.000Z,USA,Southwest Power Pool,US-CENT-SWPP,331.0,371.0,,54.0,,False,
2025-12-21T06:00:00.000Z,USA,Southwest Power Pool,US-CENT-SWPP,319.0,358.0,,55.0,,False,
2025-12-21T07:00:00.000Z,USA,Southwest Power Pool,US-CENT-SWPP,346.0,387.0,,52.0,,False,
2025-12-21T08:00:00.000Z,USA,Southwest Power Pool,US-CENT-SWPP,349.0,391.0,,52.0,,False,
2025-12-21T09:00:00.000Z,USA,Southwest Power Pool,US-CENT-SWPP,337.0,378.0,,53.0,,False,
2025-12-21T10:00:00.000Z,USA,Southwest Power Pool,US-CENT-SWPP,359.0,402.0,,50.0,,False,
2025-12-21T11:00:00.000Z,USA,Southwest Power Pool,US-CENT-SWPP,383.0,428.0,,47.0,,False,
2025-12-21T12:00:00.000Z,USA,Southwest Power Pool,US-CENT-SWPP,381.0,427.0,,47.0,,False,
2025-12-21T13:00:00.000Z,USA,Southwest Power Pool,US-CENT-SWPP,413.0,462.0,,43.0,,False,
2025-12-21T14:00:00.000Z,USA,Southwest Power Pool,US-CENT-SWPP,413.0,461.0,,43.0,,False,
2025-12-21T15:00:00.000Z,USA,Southwest Power Pool,US-CENT-SWPP,433.0,485.0,,40.0,,False,
2025-12-21T16:00:00.000Z,USA,Southwest Power Pool,US-CENT-SWPP,474.0,529.0,,35.0,,False,
2025-12-21T17:00:00.000Z,USA,Southwest Power Pool,US-CENT-SWPP,488.0,544.0,,33.0,,False,
2025-12-21T18:00:00.000Z,USA,Southwest Power Pool,US-CENT-SWPP,501.0,557.0,,32.0,,False,
2025-12-21T19:00:00.000Z,USA,Southwest Power Pool,US-CENT-SWPP,516.0,573.0,,31.0,,False,
2025-12-21T20:00:00.000Z,USA,Southwest Power Pool,US-CENT-SWPP,508.0,564.0,,32.0,,False,
2025-12-21T21:00:00.000Z,USA,Southwest Power Pool,US-CENT-SWPP,477.0,530.0,,35.0,,False,
2025-12-21T22:00:00.000Z,USA,Southwest Power Pool,US-CENT-SWPP,462.0,515.0,,37.0,,False,
2025-12-21T23:00:00.000Z,USA,Southwest Power Pool,US-CENT-SWPP,397.0,443.0,,46.0,,False,
2025-12-22T00:00:00.000Z,USA,Southwest Power Pool,US-CENT-SWPP,324.0,362.0,,56.0,,False,
2025-12-22T01:00:00.000Z,USA,Southwest Power Pool,US-CENT-SWPP,274.0,307.0,,62.0,,False,
2025-12-22T02:00:00.000Z,USA,Southwest Power Pool,US-CENT-SWPP,245.0,276.0,,66.0,,False,
2025-12-22T03:00:00.000Z,USA,Southwest Power Pool,US-CENT-SWPP,233.0,263.0,,67.0,,False,
2025-12-22T04:00:00.000Z,USA,Southwest Power Pool,US-CENT-SWPP,228.0,258.0,,67.0,,False,
2025-12-22T05:00:00.000Z,USA,Southwest Power Pool,US-CENT-SWPP,226.0,255.0,,67.0,,False,
2025-12-22T06:00:00.000Z,USA,Southwest Power Pool,US-CENT-SWPP,223.0,252.0,,68.0,,False,
2025-12-22T07:00:00.000Z,USA,Southwest Power Pool,US-CENT-SWPP,223.0,252.0,,68.0,,False,
2025-12-22T08:00:00.000Z,USA,Southwest Power Pool,US-CENT-SWPP,222.0,250.0,,68.0,,False,
2025-12-22T09:00:00.000Z,USA,Southwest Power Pool,US-CENT-SWPP,221.0,250.0,,68.0,,False,
2025-12-22T10:00:00.000Z,USA,Southwest Power Pool,US-CENT-SWPP,228.0,257.0,,67.0,,False,
2025-12-22T11:00:00.000Z,USA,Southwest Power Pool,US-CENT-SWPP,226.0,256.0,,67.0,,False,
2025-12-22T12:00:00.000Z,USA,Southwest Power Pool,US-CENT-SWPP,215.0,245.0,,68.0,,False,
2025-12-22T13:00:00.000Z,USA,Southwest Power Pool,US-CENT-SWPP,225.0,256.0,,67.0,,False,
2025-12-22T14:00:00.000Z,USA,Southwest Power Pool,US-CENT-SWPP,242.0,275.0,,65.0,,False,
2025-12-22T15:00:00.000Z,USA,Southwest Power Pool,US-CENT-SWPP,243.0,276.0,,65.0,,False,
2025-12-22T16:00:00.000Z,USA,Southwest Power Pool,US-CENT-SWPP,277.0,314.0,,60.0,,False,
2025-12-22T17:00:00.000Z,USA,Southwest Power Pool,US-CENT-SWPP,314.0,353.0,,56.0,,False,
2025-12-22T18:00:00.000Z,USA,Southwest Power Pool,US-CENT-SWPP,333.0,374.0,,54.0,,False,
2025-12-22T19:00:00.000Z,USA,Southwest Power Pool,US-CENT-SWPP,351.0,394.0,,51.0,,False,
2025-12-22T20:00:00.000Z,USA,Southwest Power Pool,US-CENT-SWPP,357.0,402.0,,50.0,,False,
2025-12-22T21:00:00.000Z,USA,Southwest Power Pool,US-CENT-SWPP,343.0,385.0,,52.0,,False,
2025-12-22T22:00:00.000Z,USA,Southwest Power Pool,US-CENT-SWPP,344.0,387.0,,51.0,,False,
2025-12-22T23:00:00.000Z,USA,Southwest Power Pool,US-CENT-SWPP,325.0,365.0,,54.0,,False,
2025-12-23T00:00:00.000Z,USA,Southwest Power Pool,US-CENT-SWPP,280.0,315.0,,60.0,,False,
2025-12-23T01:00:00.000Z,USA,Southwest Power Pool,US-CENT-SWPP,246.0,278.0,,65.0,,False,
2025-12-23T02:00:00.000Z,USA,Southwest Power Pool,US-CENT-SWPP,224.0,254.0,,68.0,,False,
2025-12-23T03:00:00.000Z,USA,Southwest Power Pool,US-CENT-SWPP,215.0,244.0,,69.0,,False,
2025-12-23T04:00:00.000Z,USA,Southwest Power Pool,US-CENT-SWPP,216.0,245.0,,68.0,,False,
2025-12-23T05:00:00.000Z,USA,Southwest Power Pool,US-CENT-SWPP,231.0,261.0,,66.0,,False,
2025-12-23T06:00:00.000Z,USA,Southwest Power Pool,US-CENT-SWPP,240.0,271.0,,65.0,,False,
2025-12-23T07:00:00.000Z,USA,Southwest Power Pool,US-CENT-SWPP,245.0,278.0,,64.0,,False,
2025-12-23T08:00:00.000Z,USA,Southwest Power Pool,US-CENT-SWPP,250.0,284.0,,63.0,,False,
2025-12-23T09:00:00.000Z,USA,Southwest Power Pool,US-CENT-SWPP,266.0,300.0,,61.0,,False,
2025-12-23T10:00:00.000Z,USA,Southwest Power Pool,US-CENT-SWPP,275.0,311.0,,59.0,,False,
2025-12-23T11:00:00.000Z,USA,Southwest Power Pool,US-CENT-SWPP,319.0,361.0,,53.0,,False,
2025-12-23T12:00:00.000Z,USA,Southwest Power Pool,US-CENT-SWPP,364.0,410.0,,47.0,,False,
2025-12-23T13:00:00.000Z,USA,Southwest Power Pool,US-CENT-SWPP,417.0,467.0,,42.0,,False,
2025-12-23T14:00:00.000Z,USA,Southwest Power Pool,US-CENT-SWPP,446.0,499.0,,39.0,,False,
2025-12-23T15:00:00.000Z,USA,Southwest Power Pool,US-CENT-SWPP,496.0,555.0,,32.0,,False,
2025-12-23T16:00:00.000Z,USA,Southwest Power Pool,US-CENT-SWPP,561.0,626.0,,23.0,,False,
2025-12-23T17:00:00.000Z,USA,Southwest Power Pool,US-CENT-SWPP,588.0,656.0,,19.0,,False,
2025-12-23T18:00:00.000Z,USA,Southwest Power Pool,US-CENT-SWPP,598.0,666.0,,18.0,,False,
2025-12-23T19:00:00.000Z,USA,Southwest Power Pool,US-CENT-SWPP,593.0,660.0,,20.0,,False,
2025-12-23T20:00:00.000Z,USA,Southwest Power Pool,US-CENT-SWPP,582.0,647.0,,22.0,,False,
2025-12-23T21:00:00.000Z,USA,Southwest Power Pool,US-CENT-SWPP,577.0,642.0,,23.0,,False,
2025-12-23T22:00:00.000Z,USA,Southwest Power Pool,US-CENT-SWPP,584.0,648.0,,22.0,,False,
2025-12-23T23:00:00.000Z,USA,Southwest Power Pool,US-CENT-SWPP,558.0,619.0,,26.0,,False,
2025-12-24T00:00:00.000Z,USA,Southwest Power Pool,US-CENT-SWPP,522.0,579.0,,31.0,,False,
2025-12-24T01:00:00.000Z,USA,Southwest Power Pool,US-CENT-SWPP,470.0,519.0,,39.0,,False,
2025-12-24T02:00:00.000Z,USA,Southwest Power Pool,US-CENT-SWPP,415.0,458.0,,46.0,,False,
2025-12-24T03:00:00.000Z,USA,Southwest Power Pool,US-CENT-SWPP,368.0,410.0,,51.0,,False,
2025-12-24T04:00:00.000Z,USA,Southwest Power Pool,US-CENT-SWPP,324.0,363.0,,55.0,,False,
2025-12-24T05:00:00.000Z,USA,Southwest Power Pool,US-CENT-SWPP,291.0,328.0,,58.0,,False,
2025-12-24T06:00:00.000Z,USA,Southwest Power Pool,US-CENT-SWPP,264.0,300.0,,60.0,,False,
2025-12-24T07:00:00.000Z,USA,Southwest Power Pool,US-CENT-SWPP,253.0,288.0,,62.0,,False,
2025-12-24T08:00:00.000Z,USA,Southwest Power Pool,US-CENT-SWPP,255.0,290.0,,61.0,,False,
2025-12-24T09:00:00.000Z,USA,Southwest Power Pool,US-CENT-SWPP,256.0,290.0,,61.0,,False,
2025-12-24T10:00:00.000Z,USA,Southwest Power Pool,US-CENT-SWPP,259.0,294.0,,61.0,,False,
2025-12-24T11:00:00.000Z,USA,Southwest Power Pool,US-CENT-SWPP,243.0,277.0,,63.0,,False,
2025-12-24T12:00:00.000Z,USA,Southwest Power Pool,US-CENT-SWPP,229.0,263.0,,64.0,,False,
2025-12-24T13:00:00.000Z,USA,Southwest Power Pool,US-CENT-SWPP,235.0,268.0,,64.0,,False,
2025-12-24T14:00:00.000Z,USA,Southwest Power Pool,US-CENT-SWPP,264.0,300.0,,61.0,,False,
2025-12-24T15:00:00.000Z,USA,Southwest Power Pool,US-CENT-SWPP,268.0,305.0,,60.0,,False,
2025-12-24T16:00:00.000Z,USA,Southwest Power Pool,US-CENT-SWPP,307.0,347.0,,55.0,,False,
2025-12-24T17:00:00.000Z,USA,Southwest Power Pool,US-CENT-SWPP,340.0,382.0,,52.0,,False,
2025-12-24T18:00:00.000Z,USA,Southwest Power Pool,US-CENT-SWPP,371.0,416.0,,48.0,,False,
2025-12-24T19:00:00.000Z,USA,Southwest Power Pool,US-CENT-SWPP,377.0,422.0,,48.0,,False,
2025-12-24T20:00:00.000Z,USA,Southwest Power Pool,US-CENT-SWPP,377.0,423.0,,48.0,,False,
2025-12-24T21:00:00.000Z,USA,Southwest Power Pool,US-CENT-SWPP,377.0,422.0,,48.0,,False,
2025-12-24T22:00:00.000Z,USA,Southwest Power Pool,US-CENT-SWPP,368.0,412.0,,49.0,,False,
2025-12-24T23:00:00.000Z,USA,Southwest Power Pool,US-CENT-SWPP,339.0,380.0,,53.0,,False,
2025-12-25T00:00:00.000Z,USA,Southwest Power Pool,US-CENT-SWPP,291.0,328.0,,58.0,,False,
2025-12-25T01:00:00.000Z,USA,Southwest Power Pool,US-CENT-SWPP,270.0,305.0,,61.0,,False,
2025-12-25T02:00:00.000Z,USA,Southwest Power Pool,US-CENT-SWPP,262.0,296.0,,62.0,,False,
2025-12-25T03:00:00.000Z,USA,Southwest Power Pool,US-CENT-SWPP,263.0,296.0,,62.0,,False,
2025-12-25T04:00:00.000Z,USA,Southwest Power Pool,US-CENT-SWPP,283.0,317.0,,60.0,,False,
2025-12-25T05:00:00.000Z,USA,Southwest Power Pool,US-CENT-SWPP,266.0,299.0,,62.0,,False,
2025-12-25T06:00:00.000Z,USA,Southwest Power Pool,US-CENT-SWPP,253.0,285.0,,63.0,,False,
2025-12-25T07:00:00.000Z,USA,Southwest Power Pool,US-CENT-SWPP,242.0,275.0,,64.0,,False,
2025-12-25T08:00:00.000Z,USA,Southwest Power Pool,US-CENT-SWPP,238.0,269.0,,65.0,,False,
2025-12-25T09:00:00.000Z,USA,Southwest Power Pool,US-CENT-SWPP,247.0,279.0,,64.0,,False,
2025-12-25T10:00:00.000Z,USA,Southwest Power Pool,US-CENT-SWPP,247.0,280.0,,64.0,,False,
2025-12-25T11:00:00.000Z,USA,Southwest Power Pool,US-CENT-SWPP,249.0,281.0,,63.0,,False,
2025-12-25T12:00:00.000Z,USA,Southwest Power Pool,US-CENT-SWPP,236.0,268.0,,65.0,,False,
2025-12-25T13:00:00.000Z,USA,Southwest Power Pool,US-CENT-SWPP,233.0,265.0,,65.0,,False,
2025-12-25T14:00:00.000Z,USA,Southwest Power Pool,US-CENT-SWPP,242.0,274.0,,64.0,,False,
2025-12-25T15:00:00.000Z,USA,Southwest Power Pool,US-CENT-SWPP,257.0,291.0,,63.0,,False,
2025-12-25T16:00:00.000Z,USA,Southwest Power Pool,US-CENT-SWPP,302.0,338.0,,58.0,,False,
2025-12-25T17:00:00.000Z,USA,Southwest Power Pool,US-CENT-SWPP,306.0,342.0,,58.0,,False,
2025-12-25T18:00:00.000Z,USA,Southwest Power Pool,US-CENT-SWPP,277.0,311.0,,61.0,,False,
2025-12-25T19:00:00.000Z,USA,Southwest Power Pool,US-CENT-SWPP,252.0,284.0,,64.0,,False,
2025-12-25T20:00:00.000Z,USA,Southwest Power Pool,US-CENT-SWPP,247.0,278.0,,65.0,,False,
2025-12-25T21:00:00.000Z,USA,Southwest Power Pool,US-CENT-SWPP,240.0,271.0,,66.0,,False,
2025-12-25T22:00:00.000Z,USA,Southwest Power Pool,US-CENT-SWPP,241.0,272.0,,65.0,,False,
2025-12-25T23:00:00.000Z,USA,Southwest Power Pool,US-CENT-SWPP,247.0,278.0,,65.0,,False,
2025-12-26T00:00:00.000Z,USA,Southwest Power Pool,US-CENT-SWPP,242.0,272.0,,65.0,,False,
2025-12-26T01:00:00.000Z,USA,Southwest Power Pool,US-CENT-SWPP,241.0,272.0,,65.0,,False,
2025-12-26T02:00:00.000Z,USA,Southwest Power Pool,US-CENT-SWPP,226.0,256.0,,67.0,,False,
2025-12-26T03:00:00.000Z,USA,Southwest Power Pool,US-CENT-SWPP,226.0,256.0,,67.0,,False,
2025-12-26T04:00:00.000Z,USA,Southwest Power Pool,US-CENT-SWPP,228.0,258.0,,67.0,,False,
2025-12-26T05:00:00.000Z,USA,Southwest Power Pool,US-CENT-SWPP,222.0,251.0,,67.0,,False,
2025-12-26T06:00:00.000Z,USA,Southwest Power Pool,US-CENT-SWPP,220.0,250.0,,67.0,,False,
2025-12-26T07:00:00.000Z,USA,Southwest Power Pool,US-CENT-SWPP,237.0,267.0,,65.0,,False,
2025-12-26T08:00:00.000Z,USA,Southwest Power Pool,US-CENT-SWPP,241.0,272.0,,65.0,,False,
2025-12-26T09:00:00.000Z,USA,Southwest Power Pool,US-CENT-SWPP,244.0,274.0,,64.0,,False,
2025-12-26T10:00:00.000Z,USA,Southwest Power Pool,US-CENT-SWPP,252.0,284.0,,63.0,,False,
2025-12-26T11:00:00.000Z,USA,Southwest Power Pool,US-CENT-SWPP,251.0,284.0,,63.0,,False,
2025-12-26T12:00:00.000Z,USA,Southwest Power Pool,US-CENT-SWPP,270.0,306.0,,59.0,,False,
2025-12-26T13:00:00.000Z,USA,Southwest Power Pool,US-CENT-SWPP,313.0,354.0,,54.0,,False,
2025-12-26T14:00:00.000Z,USA,Southwest Power Pool,US-CENT-SWPP,371.0,419.0,,46.0,,False,
2025-12-26T15:00:00.000Z,USA,Southwest Power Pool,US-CENT-SWPP,467.0,526.0,,32.0,,False,
2025-12-26T16:00:00.000Z,USA,Southwest Power Pool,US-CENT-SWPP,562.0,629.0,,21.0,,False,
2025-12-26T17:00:00.000Z,USA,Southwest Power Pool,US-CENT-SWPP,603.0,673.0,,17.0,,False,
2025-12-26T18:00:00.000Z,USA,Southwest Power Pool,US-CENT-SWPP,599.0,668.0,,18.0,,False,
2025-12-26T19:00:00.000Z,USA,Southwest Power Pool,US-CENT-SWPP,577.0,645.0,,20.0,,False,
2025-12-26T20:00:00.000Z,USA,Southwest Power Pool,US-CENT-SWPP,566.0,633.0,,21.0,,False,
2025-12-26T21:00:00.000Z,USA,Southwest Power Pool,US-CENT-SWPP,548.0,613.0,,24.0,,False,
2025-12-26T22:00:00.000Z,USA,Southwest Power Pool,US-CENT-SWPP,545.0,609.0,,25.0,,False,
2025-12-26T23:00:00.000Z,USA,Southwest Power Pool,US-CENT-SWPP,535.0,599.0,,26.0,,False,
2025-12-27T00:00:00.000Z,USA,Southwest Power Pool,US-CENT-SWPP,476.0,530.0,,36.0,,False,
2025-12-27T01:00:00.000Z,USA,Southwest Power Pool,US-CENT-SWPP,441.0,489.0,,42.0,,False,
2025-12-27T02:00:00.000Z,USA,Southwest Power Pool,US-CENT-SWPP,393.0,435.0,,49.0,,False,
2025-12-27T03:00:00.000Z,USA,Southwest Power Pool,US-CENT-SWPP,325.0,362.0,,56.0,,False,
2025-12-27T04:00:00.000Z,USA,Southwest Power Pool,US-CENT-SWPP,269.0,302.0,,62.0,,False,
2025-12-27T05:00:00.000Z,USA,Southwest Power Pool,US-CENT-SWPP,236.0,268.0,,65.0,,False,
2025-12-27T06:00:00.000Z,USA,Southwest Power Pool,US-CENT-SWPP,223.0,254.0,,66.0,,False,
2025-12-27T07:00:00.000Z,USA,Southwest Power Pool,US-CENT-SWPP,208.0,238.0,,68.0,,False,
2025-12-27T08:00:00.000Z,USA,Southwest Power Pool,US-CENT-SWPP,206.0,235.0,,68.0,,False,
2025-12-27T09:00:00.000Z,USA,Southwest Power Pool,US-CENT-SWPP,203.0,233.0,,68.0,,False,
2025-12-27T10:00:00.000Z,USA,Southwest Power Pool,US-CENT-SWPP,205.0,235.0,,68.0,,False,
2025-12-27T11:00:00.000Z,USA,Southwest Power Pool,US-CENT-SWPP,206.0,236.0,,68.0,,False,
2025-12-27T12:00:00.000Z,USA,Southwest Power Pool,US-CENT-SWPP,214.0,245.0,,67.0,,False,
2025-12-27T13:00:00.000Z,USA,Southwest Power Pool,US-CENT-SWPP,221.0,253.0,,65.0,,False,
2025-12-27T14:00:00.000Z,USA,Southwest Power Pool,US-CENT-SWPP,235.0,269.0,,63.0,,False,
2025-12-27T15:00:00.000Z,USA,Southwest Power Pool,US-CENT-SWPP,297.0,336.0,,56.0,,False,
2025-12-27T16:00:00.000Z,USA,Southwest Power Pool,US-CENT-SWPP,384.0,431.0,,45.0,,False,
2025-12-27T17:00:00.000Z,USA,Southwest Power Pool,US-CENT-SWPP,432.0,482.0,,40.0,,False,
2025-12-27T18:00:00.000Z,USA,Southwest Power Pool,US-CENT-SWPP,438.0,488.0,,40.0,,False,
2025-12-27T19:00:00.000Z,USA,Southwest Power Pool,US-CENT-SWPP,417.0,465.0,,43.0,,False,
2025-12-27T20:00:00.000Z,USA,Southwest Power Pool,US-CENT-SWPP,400.0,446.0,,45.0,,False,
2025-12-27T21:00:00.000Z,USA,Southwest Power Pool,US-CENT-SWPP,393.0,438.0,,47.0,,False,
2025-12-27T22:00:00.000Z,USA,Southwest Power Pool,US-CENT-SWPP,393.0,438.0,,47.0,,False,
2025-12-27T23:00:00.000Z,USA,Southwest Power Pool,US-CENT-SWPP,360.0,400.0,,52.0,,False,
2025-12-28T00:00:00.000Z,USA,Southwest Power Pool,US-CENT-SWPP,310.0,344.0,,59.0,,False,
2025-12-28T01:00:00.000Z,USA,Southwest Power Pool,US-CENT-SWPP,273.0,305.0,,63.0,,False,
2025-12-28T02:00:00.000Z,USA,Southwest Power Pool,US-CENT-SWPP,265.0,296.0,,64.0,,False,
2025-12-28T03:00:00.000Z,USA,Southwest Power Pool,US-CENT-SWPP,249.0,279.0,,65.0,,False,
2025-12-28T04:00:00.000Z,USA,Southwest Power Pool,US-CENT-SWPP,223.0,253.0,,68.0,,False,
2025-12-28T05:00:00.000Z,USA,Southwest Power Pool,US-CENT-SWPP,216.0,245.0,,68.0,,False,
2025-12-28T06:00:00.000Z,USA,Southwest Power Pool,US-CENT-SWPP,191.0,219.0,,71.0,,False,
2025-12-28T07:00:00.000Z,USA,Southwest Power Pool,US-CENT-SWPP,178.0,204.0,,72.0,,False,
2025-12-28T08:00:00.000Z,USA,Southwest Power Pool,US-CENT-SWPP,179.0,205.0,,72.0,,False,
2025-12-28T09:00:00.000Z,USA,Southwest Power Pool,US-CENT-SWPP,179.0,205.0,,72.0,,False,
2025-12-28T10:00:00.000Z,USA,Southwest Power Pool,US-CENT-SWPP,177.0,204.0,,72.0,,False,
2025-12-28T11:00:00.000Z,USA,Southwest Power Pool,US-CENT-SWPP,175.0,202.0,,72.0,,False,
2025-12-28T12:00:00.000Z,USA,Southwest Power Pool,US-CENT-SWPP,176.0,202.0,,72.0,,False,
2025-12-28T13:00:00.000Z,USA,Southwest Power Pool,US-CENT-SWPP,181.0,208.0,,72.0,,False,
2025-12-28T14:00:00.000Z,USA,Southwest Power Pool,US-CENT-SWPP,174.0,201.0,,72.0,,False,
2025-12-28T15:00:00.000Z,USA,Southwest Power Pool,US-CENT-SWPP,177.0,204.0,,72.0,,False,
2025-12-28T16:00:00.000Z,USA,Southwest Power Pool,US-CENT-SWPP,175.0,202.0,,73.0,,False,
2025-12-28T17:00:00.000Z,USA,Southwest Power Pool,US-CENT-SWPP,177.0,204.0,,73.0,,False,
2025-12-28T18:00:00.000Z,USA,Southwest Power Pool,US-CENT-SWPP,183.0,211.0,,72.0,,False,
2025-12-28T19:00:00.000Z,USA,Southwest Power Pool,US-CENT-SWPP,179.0,206.0,,72.0,,False,
2025-12-28T20:00:00.000Z,USA,Southwest Power Pool,US-CENT-SWPP,183.0,211.0,,71.0,,False,
2025-12-28T21:00:00.000Z,USA,Southwest Power Pool,US-CENT-SWPP,185.0,213.0,,71.0,,False,
2025-12-28T22:00:00.000Z,USA,Southwest Power Pool,US-CENT-SWPP,194.0,223.0,,70.0,,False,
2025-12-28T23:00:00.000Z,USA,Southwest Power Pool,US-CENT-SWPP,229.0,261.0,,66.0,,False,
2025-12-29T00:00:00.000Z,USA,Southwest Power Pool,US-CENT-SWPP,296.0,333.0,,58.0,,False,
2025-12-29T01:00:00.000Z,USA,Southwest Power Pool,US-CENT-SWPP,333.0,373.0,,54.0,,False,
2025-12-29T02:00:00.000Z,USA,Southwest Power Pool,US-CENT-SWPP,341.0,380.0,,53.0,,False,
2025-12-29T03:00:00.000Z,USA,Southwest Power Pool,US-CENT-SWPP,328.0,366.0,,55.0,,False,
2025-12-29T04:00:00.000Z,USA,Southwest Power Pool,US-CENT-SWPP,301.0,337.0,,58.0,,False,
2025-12-29T05:00:00.000Z,USA,Southwest Power Pool,US-CENT-SWPP,289.0,324.0,,60.0,,False,
2025-12-29T06:00:00.000Z,USA,Southwest Power Pool,US-CENT-SWPP,262.0,295.0,,63.0,,False,
2025-12-29T07:00:00.000Z,USA,Southwest Power Pool,US-CENT-SWPP,245.0,277.0,,65.0,,False,
2025-12-29T08:00:00.000Z,USA,Southwest Power Pool,US-CENT-SWPP,224.0,256.0,,66.0,,False,
2025-12-29T09:00:00.000Z,USA,Southwest Power Pool,US-CENT-SWPP,219.0,250.0,,67.0,,False,
2025-12-29T10:00:00.000Z,USA,Southwest Power Pool,US-CENT-SWPP,236.0,268.0,,65.0,,False,
2025-12-29T11:00:00.000Z,USA,Southwest Power Pool,US-CENT-SWPP,258.0,292.0,,63.0,,False,
2025-12-29T12:00:00.000Z,USA,Southwest Power Pool,US-CENT-SWPP,268.0,304.0,,61.0,,False,
2025-12-29T13:00:00.000Z,USA,Southwest Power Pool,US-CENT-SWPP,292.0,331.0,,58.0,,False,
2025-12-29T14:00:00.000Z,USA,Southwest Power Pool,US-CENT-SWPP,298.0,338.0,,57.0,,False,
2025-12-29T15:00:00.000Z,USA,Southwest Power Pool,US-CENT-SWPP,298.0,338.0,,57.0,,False,
2025-12-29T16:00:00.000Z,USA,Southwest Power Pool,US-CENT-SWPP,299.0,340.0,,56.0,,False,
2025-12-29T17:00:00.000Z,USA,Southwest Power Pool,US-CENT-SWPP,360.0,408.0,,48.0,,False,
2025-12-29T18:00:00.000Z,USA,Southwest Power Pool,US-CENT-SWPP,395.0,446.0,,43.0,,False,
2025-12-29T19:00:00.000Z,USA,Southwest Power Pool,US-CENT-SWPP,412.0,465.0,,41.0,,False,
2025-12-29T20:00:00.000Z,USA,Southwest Power Pool,US-CENT-SWPP,417.0,471.0,,40.0,,False,
2025-12-29T21:00:00.000Z,USA,Southwest Power Pool,US-CENT-SWPP,445.0,502.0,,37.0,,False,
2025-12-29T22:00:00.000Z,USA,Southwest Power Pool,US-CENT-SWPP,493.0,557.0,,29.0,,False,
2025-12-29T23:00:00.000Z,USA,Southwest Power Pool,US-CENT-SWPP,542.0,613.0,,21.0,,False,
2025-12-30T00:00:00.000Z,USA,Southwest Power Pool,US-CENT-SWPP,552.0,623.0,,20.0,,False,
2025-12-30T01:00:00.000Z,USA,Southwest Power Pool,US-CENT-SWPP,539.0,608.0,,23.0,,False,
2025-12-30T02:00:00.000Z,USA,Southwest Power Pool,US-CENT-SWPP,536.0,604.0,,24.0,,False,
2025-12-30T03:00:00.000Z,USA,Southwest Power Pool,US-CENT-SWPP,537.0,605.0,,24.0,,False,
2025-12-30T04:00:00.000Z,USA,Southwest Power Pool,US-CENT-SWPP,538.0,604.0,,24.0,,False,
2025-12-30T05:00:00.000Z,USA,Southwest Power Pool,US-CENT-SWPP,544.0,609.0,,25.0,,False,
2025-12-30T06:00:00.000Z,USA,Southwest Power Pool,US-CENT-SWPP,530.0,592.0,,27.0,,False,
2025-12-30T07:00:00.000Z,USA,Southwest Power Pool,US-CENT-SWPP,503.0,563.0,,31.0,,False,
2025-12-30T08:00:00.000Z,USA,Southwest Power Pool,US-CENT-SWPP,485.0,544.0,,33.0,,False,
2025-12-30T09:00:00.000Z,USA,Southwest Power Pool,US-CENT-SWPP,465.0,522.0,,35.0,,False,
2025-12-30T10:00:00.000Z,USA,Southwest Power Pool,US-CENT-SWPP,449.0,505.0,,37.0,,False,
2025-12-30T11:00:00.000Z,USA,Southwest Power Pool,US-CENT-SWPP,449.0,504.0,,37.0,,False,
2025-12-30T12:00:00.000Z,USA,Southwest Power Pool,US-CENT-SWPP,449.0,504.0,,38.0,,False,
2025-12-30T13:00:00.000Z,USA,Southwest Power Pool,US-CENT-SWPP,455.0,510.0,,37.0,,False,
2025-12-30T14:00:00.000Z,USA,Southwest Power Pool,US-CENT-SWPP,447.0,501.0,,39.0,,False,
2025-12-30T15:00:00.000Z,USA,Southwest Power Pool,US-CENT-SWPP,454.0,509.0,,37.0,,False,
2025-12-30T16:00:00.000Z,USA,Southwest Power Pool,US-CENT-SWPP,502.0,562.0,,31.0,,False,
2025-12-30T17:00:00.000Z,USA,Southwest Power Pool,US-CENT-SWPP,521.0,581.0,,30.0,,False,
2025-12-30T18:00:00.000Z,USA,Southwest Power Pool,US-CENT-SWPP,508.0,565.0,,32.0,,False,
2025-12-30T19:00:00.000Z,USA,Southwest Power Pool,US-CENT-SWPP,461.0,514.0,,38.0,,False,
2025-12-30T20:00:00.000Z,USA,Southwest Power Pool,US-CENT-SWPP,407.0,457.0,,43.0,,False,
2025-12-30T21:00:00.000Z,USA,Southwest Power Pool,US-CENT-SWPP,392.0,442.0,,44.0,,False,
2025-12-30T22:00:00.000Z,USA,Southwest Power Pool,US-CENT-SWPP,443.0,498.0,,38.0,,False,
2025-12-30T23:00:00.000Z,USA,Southwest Power Pool,US-CENT-SWPP,478.0,536.0,,34.0,,False,
2025-12-31T00:00:00.000Z,USA,Southwest Power Pool,US-CENT-SWPP,449.0,504.0,,37.0,,False,
2025-12-31T01:00:00.000Z,USA,Southwest Power Pool,US-CENT-SWPP,415.0,466.0,,42.0,,False,
2025-12-31T02:00:00.000Z,USA,Southwest Power Pool,US-CENT-SWPP,407.0,457.0,,43.0,,False,
2025-12-31T03:00:00.000Z,USA,Southwest Power Pool,US-CENT-SWPP,420.0,470.0,,42.0,,False,
2025-12-31T04:00:00.000Z,USA,Southwest Power Pool,US-CENT-SWPP,425.0,475.0,,41.0,,False,
2025-12-31T05:00:00.000Z,USA,Southwest Power Pool,US-CENT-SWPP,451.0,504.0,,38.0,,False,
2025-12-31T06:00:00.000Z,USA,Southwest Power Pool,US-CENT-SWPP,501.0,559.0,,31.0,,False,
2025-12-31T07:00:00.000Z,USA,Southwest Power Pool,US-CENT-SWPP,518.0,576.0,,30.0,,False,
2025-12-31T08:00:00.000Z,USA,Southwest Power Pool,US-CENT-SWPP,543.0,603.0,,27.0,,False,
2025-12-31T09:00:00.000Z,USA,Southwest Power Pool,US-CENT-SWPP,562.0,623.0,,25.0,,False,
2025-12-31T10:00:00.000Z,USA,Southwest Power Pool,US-CENT-SWPP,578.0,642.0,,22.0,,False,
2025-12-31T11:00:00.000Z,USA,Southwest Power Pool,US-CENT-SWPP,601.0,668.0,,19.0,,False,
2025-12-31T12:00:00.000Z,USA,Southwest Power Pool,US-CENT-SWPP,596.0,665.0,,19.0,,False,
2025-12-31T13:00:00.000Z,USA,Southwest Power Pool,US-CENT-SWPP,592.0,660.0,,20.0,,False,
2025-12-31T14:00:00.000Z,USA,Southwest Power Pool,US-CENT-SWPP,582.0,648.0,,22.0,,False,
2025-12-31T15:00:00.000Z,USA,Southwest Power Pool,US-CENT-SWPP,576.0,641.0,,23.0,,False,
2025-12-31T16:00:00.000Z,USA,Southwest Power Pool,US-CENT-SWPP,604.0,672.0,,19.0,,False,
2025-12-31T17:00:00.000Z,USA,Southwest Power Pool,US-CENT-SWPP,593.0,658.0,,21.0,,False,
2025-12-31T18:00:00.000Z,USA,Southwest Power Pool,US-CENT-SWPP,529.0,588.0,,29.0,,False,
2025-12-31T19:00:00.000Z,USA,Southwest Power Pool,US-CENT-SWPP,468.0,521.0,,37.0,,False,
2025-12-31T20:00:00.000Z,USA,Southwest Power Pool,US-CENT-SWPP,422.0,473.0,,42.0,,False,
2025-12-31T21:00:00.000Z,USA,Southwest Power Pool,US-CENT-SWPP,411.0,462.0,,42.0,,False,
2025-12-31T22:00:00.000Z,USA,Southwest Power Pool,US-CENT-SWPP,472.0,527.0,,35.0,,False,
2025-12-31T23:00:00.000Z,USA,Southwest Power Pool,US-CENT-SWPP,495.0,551.0,,33.0,,False,
