run_id,algorithm,alg_id,shape,n_tasks,total_core_hours,critical_path_lb,deadline_hours,carbon_scenario,origin_region,load_scenario,plan_produced,time_to_schedule_s,decision_time_s,success_rate,total_hours,total_energy,total_carbon,total_transfer_carbon,total_carbon_with_transfer,total_execution_time_hours,makespan_hours,waiting_time_hours,avg_task_execution_time_hours,deadline_fulfillment_pct,carbon_per_core_hour,carbon_per_success_pct,carbon_per_makespan_hour,makespan_hours_per_carbon
alibaba_j_1000039,Alg4_Batch_LWF,42,alibaba_real_dag,10,0,5.3694,53.69,Origin_AT,AT,empty,True,16.5729,16.5729,100.0,4.42,0.57,4.1,0.0,4.1,3.0,4.42,0.0,0.57,100.0,1.4492,0.041,0.9276,1.078049
alibaba_j_1000038,Alg4_Batch_LWF,42,alibaba_real_dag,8,0,4.0417,40.42,Origin_AT,AT,empty,True,16.5729,16.5729,100.0,24.09,0.68,4.7,0.0,4.7,3.0,24.14,-0.04,0.84,100.0,1.3914,0.047,0.1947,5.13617
alibaba_j_1000078,Alg4_Batch_LWF,42,alibaba_real_dag,5,0,0.175,2.0,Origin_AT,AT,empty,True,16.5729,16.5729,100.0,-0.52,0.04,0.0,0.0,0.0,0.0,0.08,-0.6,0.04,100.0,0.0,0.0,0.0,0.0
alibaba_j_1000075,Alg4_Batch_LWF,42,alibaba_real_dag,3,0,0.0611,2.0,Origin_AT,AT,empty,True,16.5729,16.5729,100.0,-0.52,0.01,0.0,0.0,0.0,0.0,0.03,-0.55,0.02,100.0,0.0,0.0,0.0,0.0
alibaba_j_1000037,Alg4_Batch_LWF,42,alibaba_real_dag,3,0,0.025,2.0,Origin_AT,AT,empty,True,16.5729,16.5729,100.0,-0.97,0.01,0.0,0.0,0.0,0.0,0.02,-0.99,0.01,100.0,0.0,0.0,0.0,0.0
alibaba_j_1000034,Alg4_Batch_LWF,42,alibaba_real_dag,3,0,0.0194,2.0,Origin_AT,AT,empty,True,16.5729,16.5729,100.0,-0.05,0.0,0.0,0.0,0.0,0.0,0.01,-0.06,0.01,100.0,0.0,0.0,0.0,0.0
alibaba_j_1000039,Alg4_Batch_LWF,42,alibaba_real_dag,10,0,5.3694,53.69,Origin_AU-NSW,AU-NSW,empty,True,16.9873,16.9873,100.0,4.42,0.57,4.1,0.0,4.1,3.0,4.42,0.0,0.57,100.0,1.4492,0.041,0.9276,1.078049
alibaba_j_1000038,Alg4_Batch_LWF,42,alibaba_real_dag,8,0,4.0417,40.42,Origin_AU-NSW,AU-NSW,empty,True,16.9873,16.9873,100.0,24.09,0.68,4.7,0.0,4.7,3.0,24.14,-0.04,0.84,100.0,1.3914,0.047,0.1947,5.13617
alibaba_j_1000078,Alg4_Batch_LWF,42,alibaba_real_dag,5,0,0.175,2.0,Origin_AU-NSW,AU-NSW,empty,True,16.9873,16.9873,100.0,-0.52,0.04,0.0,0.0,0.0,0.0,0.08,-0.6,0.04,100.0,0.0,0.0,0.0,0.0
alibaba_j_1000075,Alg4_Batch_LWF,42,alibaba_real_dag,3,0,0.0611,2.0,Origin_AU-NSW,AU-NSW,empty,True,16.9873,16.9873,100.0,-0.52,0.01,0.0,0.0,0.0,0.0,0.03,-0.55,0.02,100.0,0.0,0.0,0.0,0.0
alibaba_j_1000037,Alg4_Batch_LWF,42,alibaba_real_dag,3,0,0.025,2.0,Origin_AU-NSW,AU-NSW,empty,True,16.9873,16.9873,100.0,-0.97,0.01,0.0,0.0,0.0,0.0,0.02,-0.99,0.01,100.0,0.0,0.0,0.0,0.0
alibaba_j_1000034,Alg4_Batch_LWF,42,alibaba_real_dag,3,0,0.0194,2.0,Origin_AU-NSW,AU-NSW,empty,True,16.9873,16.9873,100.0,-0.05,0.0,0.0,0.0,0.0,0.0,0.01,-0.06,0.01,100.0,0.0,0.0,0.0,0.0
alibaba_j_1000039,Alg4_Batch_LWF,42,alibaba_real_dag,10,0,5.3694,53.69,Origin_AU-QLD,AU-QLD,empty,True,17.2061,17.2061,100.0,4.42,0.57,4.1,0.0,4.1,3.0,4.42,0.0,0.57,100.0,1.4492,0.041,0.9276,1.078049
alibaba_j_1000038,Alg4_Batch_LWF,42,alibaba_real_dag,8,0,4.0417,40.42,Origin_AU-QLD,AU-QLD,empty,True,17.2061,17.2061,100.0,24.09,0.68,4.7,0.0,4.7,3.0,24.14,-0.04,0.84,100.0,1.3914,0.047,0.1947,5.13617
alibaba_j_1000078,Alg4_Batch_LWF,42,alibaba_real_dag,5,0,0.175,2.0,Origin_AU-QLD,AU-QLD,empty,True,17.2061,17.2061,100.0,-0.52,0.04,0.0,0.0,0.0,0.0,0.08,-0.6,0.04,100.0,0.0,0.0,0.0,0.0
alibaba_j_1000075,Alg4_Batch_LWF,42,alibaba_real_dag,3,0,0.0611,2.0,Origin_AU-QLD,AU-QLD,empty,True,17.2061,17.2061,100.0,-0.52,0.01,0.0,0.0,0.0,0.0,0.03,-0.55,0.02,100.0,0.0,0.0,0.0,0.0
alibaba_j_1000037,Alg4_Batch_LWF,42,alibaba_real_dag,3,0,0.025,2.0,Origin_AU-QLD,AU-QLD,empty,True,17.2061,17.2061,100.0,-0.97,0.01,0.0,0.0,0.0,0.0,0.02,-0.99,0.01,100.0,0.0,0.0,0.0,0.0
alibaba_j_1000034,Alg4_Batch_LWF,42,alibaba_real_dag,3,0,0.0194,2.0,Origin_AU-QLD,AU-QLD,empty,True,17.2061,17.2061,100.0,-0.05,0.0,0.0,0.0,0.0,0.0,0.01,-0.06,0.01,100.0,0.0,0.0,0.0,0.0
alibaba_j_1000039,Alg4_Batch_LWF,42,alibaba_real_dag,10,0,5.3694,53.69,Origin_AU-SA,AU-SA,empty,True,16.8059,16.8059,100.0,4.42,0.57,4.1,0.0,4.1,3.0,4.42,0.0,0.57,100.0,1.4492,0.041,0.9276,1.078049
alibaba_j_1000038,Alg4_Batch_LWF,42,alibaba_real_dag,8,0,4.0417,40.42,Origin_AU-SA,AU-SA,empty,True,16.8059,16.8059,100.0,24.09,0.68,4.7,0.0,4.7,3.0,24.14,-0.04,0.84,100.0,1.3914,0.047,0.1947,5.13617
alibaba_j_1000078,Alg4_Batch_LWF,42,alibaba_real_dag,5,0,0.175,2.0,Origin_AU-SA,AU-SA,empty,True,16.8059,16.8059,100.0,-0.52,0.04,0.0,0.0,0.0,0.0,0.08,-0.6,0.04,100.0,0.0,0.0,0.0,0.0
alibaba_j_1000075,Alg4_Batch_LWF,42,alibaba_real_dag,3,0,0.0611,2.0,Origin_AU-SA,AU-SA,empty,True,16.8059,16.8059,100.0,-0.52,0.01,0.0,0.0,0.0,0.0,0.03,-0.55,0.02,100.0,0.0,0.0,0.0,0.0
alibaba_j_1000037,Alg4_Batch_LWF,42,alibaba_real_dag,3,0,0.025,2.0,Origin_AU-SA,AU-SA,empty,True,16.8059,16.8059,100.0,-0.97,0.01,0.0,0.0,0.0,0.0,0.02,-0.99,0.01,100.0,0.0,0.0,0.0,0.0
alibaba_j_1000034,Alg4_Batch_LWF,42,alibaba_real_dag,3,0,0.0194,2.0,Origin_AU-SA,AU-SA,empty,True,16.8059,16.8059,100.0,-0.05,0.0,0.0,0.0,0.0,0.0,0.01,-0.06,0.01,100.0,0.0,0.0,0.0,0.0
alibaba_j_1000039,Alg4_Batch_LWF,42,alibaba_real_dag,10,0,5.3694,53.69,Origin_AU-TAS,AU-TAS,empty,True,16.8323,16.8323,100.0,4.42,0.57,4.1,0.0,4.1,3.0,4.42,0.0,0.57,100.0,1.4492,0.041,0.9276,1.078049
alibaba_j_1000038,Alg4_Batch_LWF,42,alibaba_real_dag,8,0,4.0417,40.42,Origin_AU-TAS,AU-TAS,empty,True,16.8323,16.8323,100.0,24.09,0.68,4.7,0.0,4.7,3.0,24.14,-0.04,0.84,100.0,1.3914,0.047,0.1947,5.13617
alibaba_j_1000078,Alg4_Batch_LWF,42,alibaba_real_dag,5,0,0.175,2.0,Origin_AU-TAS,AU-TAS,empty,True,16.8323,16.8323,100.0,-0.52,0.04,0.0,0.0,0.0,0.0,0.08,-0.6,0.04,100.0,0.0,0.0,0.0,0.0
alibaba_j_1000075,Alg4_Batch_LWF,42,alibaba_real_dag,3,0,0.0611,2.0,Origin_AU-TAS,AU-TAS,empty,True,16.8323,16.8323,100.0,-0.52,0.01,0.0,0.0,0.0,0.0,0.03,-0.55,0.02,100.0,0.0,0.0,0.0,0.0
alibaba_j_1000037,Alg4_Batch_LWF,42,alibaba_real_dag,3,0,0.025,2.0,Origin_AU-TAS,AU-TAS,empty,True,16.8323,16.8323,100.0,-0.97,0.01,0.0,0.0,0.0,0.0,0.02,-0.99,0.01,100.0,0.0,0.0,0.0,0.0
alibaba_j_1000034,Alg4_Batch_LWF,42,alibaba_real_dag,3,0,0.0194,2.0,Origin_AU-TAS,AU-TAS,empty,True,16.8323,16.8323,100.0,-0.05,0.0,0.0,0.0,0.0,0.0,0.01,-0.06,0.01,100.0,0.0,0.0,0.0,0.0
alibaba_j_1000039,Alg4_Batch_LWF,42,alibaba_real_dag,10,0,5.3694,53.69,Origin_AU-VIC,AU-VIC,empty,True,16.818,16.818,100.0,4.42,0.57,4.1,0.0,4.1,3.0,4.42,0.0,0.57,100.0,1.4492,0.041,0.9276,1.078049
alibaba_j_1000038,Alg4_Batch_LWF,42,alibaba_real_dag,8,0,4.0417,40.42,Origin_AU-VIC,AU-VIC,empty,True,16.818,16.818,100.0,24.09,0.68,4.7,0.0,4.7,3.0,24.14,-0.04,0.84,100.0,1.3914,0.047,0.1947,5.13617
alibaba_j_1000078,Alg4_Batch_LWF,42,alibaba_real_dag,5,0,0.175,2.0,Origin_AU-VIC,AU-VIC,empty,True,16.818,16.818,100.0,-0.52,0.04,0.0,0.0,0.0,0.0,0.08,-0.6,0.04,100.0,0.0,0.0,0.0,0.0
alibaba_j_1000075,Alg4_Batch_LWF,42,alibaba_real_dag,3,0,0.0611,2.0,Origin_AU-VIC,AU-VIC,empty,True,16.818,16.818,100.0,-0.52,0.01,0.0,0.0,0.0,0.0,0.03,-0.55,0.02,100.0,0.0,0.0,0.0,0.0
alibaba_j_1000037,Alg4_Batch_LWF,42,alibaba_real_dag,3,0,0.025,2.0,Origin_AU-VIC,AU-VIC,empty,True,16.818,16.818,100.0,-0.97,0.01,0.0,0.0,0.0,0.0,0.02,-0.99,0.01,100.0,0.0,0.0,0.0,0.0
alibaba_j_1000034,Alg4_Batch_LWF,42,alibaba_real_dag,3,0,0.0194,2.0,Origin_AU-VIC,AU-VIC,empty,True,16.818,16.818,100.0,-0.05,0.0,0.0,0.0,0.0,0.0,0.01,-0.06,0.01,100.0,0.0,0.0,0.0,0.0
alibaba_j_1000039,Alg4_Batch_LWF,42,alibaba_real_dag,10,0,5.3694,53.69,Origin_AU-WA,AU-WA,empty,True,18.0254,18.0254,100.0,4.42,0.57,4.1,0.0,4.1,3.0,4.42,0.0,0.57,100.0,1.4492,0.041,0.9276,1.078049
alibaba_j_1000038,Alg4_Batch_LWF,42,alibaba_real_dag,8,0,4.0417,40.42,Origin_AU-WA,AU-WA,empty,True,18.0254,18.0254,100.0,24.09,0.68,4.7,0.0,4.7,3.0,24.14,-0.04,0.84,100.0,1.3914,0.047,0.1947,5.13617
alibaba_j_1000078,Alg4_Batch_LWF,42,alibaba_real_dag,5,0,0.175,2.0,Origin_AU-WA,AU-WA,empty,True,18.0254,18.0254,100.0,-0.52,0.04,0.0,0.0,0.0,0.0,0.08,-0.6,0.04,100.0,0.0,0.0,0.0,0.0
alibaba_j_1000075,Alg4_Batch_LWF,42,alibaba_real_dag,3,0,0.0611,2.0,Origin_AU-WA,AU-WA,empty,True,18.0254,18.0254,100.0,-0.52,0.01,0.0,0.0,0.0,0.0,0.03,-0.55,0.02,100.0,0.0,0.0,0.0,0.0
alibaba_j_1000037,Alg4_Batch_LWF,42,alibaba_real_dag,3,0,0.025,2.0,Origin_AU-WA,AU-WA,empty,True,18.0254,18.0254,100.0,-0.97,0.01,0.0,0.0,0.0,0.0,0.02,-0.99,0.01,100.0,0.0,0.0,0.0,0.0
alibaba_j_1000034,Alg4_Batch_LWF,42,alibaba_real_dag,3,0,0.0194,2.0,Origin_AU-WA,AU-WA,empty,True,18.0254,18.0254,100.0,-0.05,0.0,0.0,0.0,0.0,0.0,0.01,-0.06,0.01,100.0,0.0,0.0,0.0,0.0
alibaba_j_1000039,Alg4_Batch_LWF,42,alibaba_real_dag,10,0,5.3694,53.69,Origin_BA,BA,empty,True,21.8095,21.8095,100.0,4.42,0.57,4.1,0.0,4.1,3.0,4.42,0.0,0.57,100.0,1.4492,0.041,0.9276,1.078049
alibaba_j_1000038,Alg4_Batch_LWF,42,alibaba_real_dag,8,0,4.0417,40.42,Origin_BA,BA,empty,True,21.8095,21.8095,100.0,24.09,0.68,4.7,0.0,4.7,3.0,24.14,-0.04,0.84,100.0,1.3914,0.047,0.1947,5.13617
alibaba_j_1000078,Alg4_Batch_LWF,42,alibaba_real_dag,5,0,0.175,2.0,Origin_BA,BA,empty,True,21.8095,21.8095,100.0,-0.52,0.04,0.0,0.0,0.0,0.0,0.08,-0.6,0.04,100.0,0.0,0.0,0.0,0.0
alibaba_j_1000075,Alg4_Batch_LWF,42,alibaba_real_dag,3,0,0.0611,2.0,Origin_BA,BA,empty,True,21.8095,21.8095,100.0,-0.52,0.01,0.0,0.0,0.0,0.0,0.03,-0.55,0.02,100.0,0.0,0.0,0.0,0.0
alibaba_j_1000037,Alg4_Batch_LWF,42,alibaba_real_dag,3,0,0.025,2.0,Origin_BA,BA,empty,True,21.8095,21.8095,100.0,-0.97,0.01,0.0,0.0,0.0,0.0,0.02,-0.99,0.01,100.0,0.0,0.0,0.0,0.0
alibaba_j_1000034,Alg4_Batch_LWF,42,alibaba_real_dag,3,0,0.0194,2.0,Origin_BA,BA,empty,True,21.8095,21.8095,100.0,-0.05,0.0,0.0,0.0,0.0,0.0,0.01,-0.06,0.01,100.0,0.0,0.0,0.0,0.0
alibaba_j_1000039,Alg4_Batch_LWF,42,alibaba_real_dag,10,0,5.3694,53.69,Origin_BE,BE,empty,True,25.3151,25.3151,100.0,4.42,0.57,4.1,0.0,4.1,3.0,4.42,0.0,0.57,100.0,1.4492,0.041,0.9276,1.078049
alibaba_j_1000038,Alg4_Batch_LWF,42,alibaba_real_dag,8,0,4.0417,40.42,Origin_BE,BE,empty,True,25.3151,25.3151,100.0,24.09,0.68,4.7,0.0,4.7,3.0,24.14,-0.04,0.84,100.0,1.3914,0.047,0.1947,5.13617
alibaba_j_1000078,Alg4_Batch_LWF,42,alibaba_real_dag,5,0,0.175,2.0,Origin_BE,BE,empty,True,25.3151,25.3151,100.0,-0.52,0.04,0.0,0.0,0.0,0.0,0.08,-0.6,0.04,100.0,0.0,0.0,0.0,0.0
alibaba_j_1000075,Alg4_Batch_LWF,42,alibaba_real_dag,3,0,0.0611,2.0,Origin_BE,BE,empty,True,25.3151,25.3151,100.0,-0.52,0.01,0.0,0.0,0.0,0.0,0.03,-0.55,0.02,100.0,0.0,0.0,0.0,0.0
alibaba_j_1000037,Alg4_Batch_LWF,42,alibaba_real_dag,3,0,0.025,2.0,Origin_BE,BE,empty,True,25.3151,25.3151,100.0,-0.97,0.01,0.0,0.0,0.0,0.0,0.02,-0.99,0.01,100.0,0.0,0.0,0.0,0.0
alibaba_j_1000034,Alg4_Batch_LWF,42,alibaba_real_dag,3,0,0.0194,2.0,Origin_BE,BE,empty,True,25.3151,25.3151,100.0,-0.05,0.0,0.0,0.0,0.0,0.0,0.01,-0.06,0.01,100.0,0.0,0.0,0.0,0.0
alibaba_j_1000039,Alg4_Batch_LWF,42,alibaba_real_dag,10,0,5.3694,53.69,Origin_BG,BG,empty,True,22.5678,22.5678,100.0,4.42,0.57,4.1,0.0,4.1,3.0,4.42,0.0,0.57,100.0,1.4492,0.041,0.9276,1.078049
alibaba_j_1000038,Alg4_Batch_LWF,42,alibaba_real_dag,8,0,4.0417,40.42,Origin_BG,BG,empty,True,22.5678,22.5678,100.0,24.09,0.68,4.7,0.0,4.7,3.0,24.14,-0.04,0.84,100.0,1.3914,0.047,0.1947,5.13617
alibaba_j_1000078,Alg4_Batch_LWF,42,alibaba_real_dag,5,0,0.175,2.0,Origin_BG,BG,empty,True,22.5678,22.5678,100.0,-0.52,0.04,0.0,0.0,0.0,0.0,0.08,-0.6,0.04,100.0,0.0,0.0,0.0,0.0
alibaba_j_1000075,Alg4_Batch_LWF,42,alibaba_real_dag,3,0,0.0611,2.0,Origin_BG,BG,empty,True,22.5678,22.5678,100.0,-0.52,0.01,0.0,0.0,0.0,0.0,0.03,-0.55,0.02,100.0,0.0,0.0,0.0,0.0
alibaba_j_1000037,Alg4_Batch_LWF,42,alibaba_real_dag,3,0,0.025,2.0,Origin_BG,BG,empty,True,22.5678,22.5678,100.0,-0.97,0.01,0.0,0.0,0.0,0.0,0.02,-0.99,0.01,100.0,0.0,0.0,0.0,0.0
alibaba_j_1000034,Alg4_Batch_LWF,42,alibaba_real_dag,3,0,0.0194,2.0,Origin_BG,BG,empty,True,22.5678,22.5678,100.0,-0.05,0.0,0.0,0.0,0.0,0.0,0.01,-0.06,0.01,100.0,0.0,0.0,0.0,0.0
alibaba_j_1000039,Alg4_Batch_LWF,42,alibaba_real_dag,10,0,5.3694,53.69,Origin_BR-CS,BR-CS,empty,True,25.4995,25.4995,100.0,4.42,0.57,4.1,0.0,4.1,3.0,4.42,0.0,0.57,100.0,1.4492,0.041,0.9276,1.078049
alibaba_j_1000038,Alg4_Batch_LWF,42,alibaba_real_dag,8,0,4.0417,40.42,Origin_BR-CS,BR-CS,empty,True,25.4995,25.4995,100.0,24.09,0.68,4.7,0.0,4.7,3.0,24.14,-0.04,0.84,100.0,1.3914,0.047,0.1947,5.13617
alibaba_j_1000078,Alg4_Batch_LWF,42,alibaba_real_dag,5,0,0.175,2.0,Origin_BR-CS,BR-CS,empty,True,25.4995,25.4995,100.0,-0.52,0.04,0.0,0.0,0.0,0.0,0.08,-0.6,0.04,100.0,0.0,0.0,0.0,0.0
alibaba_j_1000075,Alg4_Batch_LWF,42,alibaba_real_dag,3,0,0.0611,2.0,Origin_BR-CS,BR-CS,empty,True,25.4995,25.4995,100.0,-0.52,0.01,0.0,0.0,0.0,0.0,0.03,-0.55,0.02,100.0,0.0,0.0,0.0,0.0
alibaba_j_1000037,Alg4_Batch_LWF,42,alibaba_real_dag,3,0,0.025,2.0,Origin_BR-CS,BR-CS,empty,True,25.4995,25.4995,100.0,-0.97,0.01,0.0,0.0,0.0,0.0,0.02,-0.99,0.01,100.0,0.0,0.0,0.0,0.0
alibaba_j_1000034,Alg4_Batch_LWF,42,alibaba_real_dag,3,0,0.0194,2.0,Origin_BR-CS,BR-CS,empty,True,25.4995,25.4995,100.0,-0.05,0.0,0.0,0.0,0.0,0.0,0.01,-0.06,0.01,100.0,0.0,0.0,0.0,0.0
alibaba_j_1000039,Alg4_Batch_LWF,42,alibaba_real_dag,10,0,5.3694,53.69,Origin_BR-N,BR-N,empty,True,23.7686,23.7686,100.0,4.42,0.57,4.1,0.0,4.1,3.0,4.42,0.0,0.57,100.0,1.4492,0.041,0.9276,1.078049
alibaba_j_1000038,Alg4_Batch_LWF,42,alibaba_real_dag,8,0,4.0417,40.42,Origin_BR-N,BR-N,empty,True,23.7686,23.7686,100.0,24.09,0.68,4.7,0.0,4.7,3.0,24.14,-0.04,0.84,100.0,1.3914,0.047,0.1947,5.13617
alibaba_j_1000078,Alg4_Batch_LWF,42,alibaba_real_dag,5,0,0.175,2.0,Origin_BR-N,BR-N,empty,True,23.7686,23.7686,100.0,-0.52,0.04,0.0,0.0,0.0,0.0,0.08,-0.6,0.04,100.0,0.0,0.0,0.0,0.0
alibaba_j_1000075,Alg4_Batch_LWF,42,alibaba_real_dag,3,0,0.0611,2.0,Origin_BR-N,BR-N,empty,True,23.7686,23.7686,100.0,-0.52,0.01,0.0,0.0,0.0,0.0,0.03,-0.55,0.02,100.0,0.0,0.0,0.0,0.0
alibaba_j_1000037,Alg4_Batch_LWF,42,alibaba_real_dag,3,0,0.025,2.0,Origin_BR-N,BR-N,empty,True,23.7686,23.7686,100.0,-0.97,0.01,0.0,0.0,0.0,0.0,0.02,-0.99,0.01,100.0,0.0,0.0,0.0,0.0
alibaba_j_1000034,Alg4_Batch_LWF,42,alibaba_real_dag,3,0,0.0194,2.0,Origin_BR-N,BR-N,empty,True,23.7686,23.7686,100.0,-0.05,0.0,0.0,0.0,0.0,0.0,0.01,-0.06,0.01,100.0,0.0,0.0,0.0,0.0
alibaba_j_1000039,Alg4_Batch_LWF,42,alibaba_real_dag,10,0,5.3694,53.69,Origin_CA-ON,CA-ON,empty,True,24.3399,24.3399,100.0,4.42,0.57,4.1,0.0,4.1,3.0,4.42,0.0,0.57,100.0,1.4492,0.041,0.9276,1.078049
alibaba_j_1000038,Alg4_Batch_LWF,42,alibaba_real_dag,8,0,4.0417,40.42,Origin_CA-ON,CA-ON,empty,True,24.3399,24.3399,100.0,24.09,0.68,4.7,0.0,4.7,3.0,24.14,-0.04,0.84,100.0,1.3914,0.047,0.1947,5.13617
alibaba_j_1000078,Alg4_Batch_LWF,42,alibaba_real_dag,5,0,0.175,2.0,Origin_CA-ON,CA-ON,empty,True,24.3399,24.3399,100.0,-0.52,0.04,0.0,0.0,0.0,0.0,0.08,-0.6,0.04,100.0,0.0,0.0,0.0,0.0
alibaba_j_1000075,Alg4_Batch_LWF,42,alibaba_real_dag,3,0,0.0611,2.0,Origin_CA-ON,CA-ON,empty,True,24.3399,24.3399,100.0,-0.52,0.01,0.0,0.0,0.0,0.0,0.03,-0.55,0.02,100.0,0.0,0.0,0.0,0.0
alibaba_j_1000037,Alg4_Batch_LWF,42,alibaba_real_dag,3,0,0.025,2.0,Origin_CA-ON,CA-ON,empty,True,24.3399,24.3399,100.0,-0.97,0.01,0.0,0.0,0.0,0.0,0.02,-0.99,0.01,100.0,0.0,0.0,0.0,0.0
alibaba_j_1000034,Alg4_Batch_LWF,42,alibaba_real_dag,3,0,0.0194,2.0,Origin_CA-ON,CA-ON,empty,True,24.3399,24.3399,100.0,-0.05,0.0,0.0,0.0,0.0,0.0,0.01,-0.06,0.01,100.0,0.0,0.0,0.0,0.0
alibaba_j_1000039,Alg4_Batch_LWF,42,alibaba_real_dag,10,0,5.3694,53.69,Origin_CA-QC,CA-QC,empty,True,22.8133,22.8133,100.0,4.42,0.57,4.1,0.0,4.1,3.0,4.42,0.0,0.57,100.0,1.4492,0.041,0.9276,1.078049
alibaba_j_1000038,Alg4_Batch_LWF,42,alibaba_real_dag,8,0,4.0417,40.42,Origin_CA-QC,CA-QC,empty,True,22.8133,22.8133,100.0,24.09,0.68,4.7,0.0,4.7,3.0,24.14,-0.04,0.84,100.0,1.3914,0.047,0.1947,5.13617
alibaba_j_1000078,Alg4_Batch_LWF,42,alibaba_real_dag,5,0,0.175,2.0,Origin_CA-QC,CA-QC,empty,True,22.8133,22.8133,100.0,-0.52,0.04,0.0,0.0,0.0,0.0,0.08,-0.6,0.04,100.0,0.0,0.0,0.0,0.0
alibaba_j_1000075,Alg4_Batch_LWF,42,alibaba_real_dag,3,0,0.0611,2.0,Origin_CA-QC,CA-QC,empty,True,22.8133,22.8133,100.0,-0.52,0.01,0.0,0.0,0.0,0.0,0.03,-0.55,0.02,100.0,0.0,0.0,0.0,0.0
alibaba_j_1000037,Alg4_Batch_LWF,42,alibaba_real_dag,3,0,0.025,2.0,Origin_CA-QC,CA-QC,empty,True,22.8133,22.8133,100.0,-0.97,0.01,0.0,0.0,0.0,0.0,0.02,-0.99,0.01,100.0,0.0,0.0,0.0,0.0
alibaba_j_1000034,Alg4_Batch_LWF,42,alibaba_real_dag,3,0,0.0194,2.0,Origin_CA-QC,CA-QC,empty,True,22.8133,22.8133,100.0,-0.05,0.0,0.0,0.0,0.0,0.0,0.01,-0.06,0.01,100.0,0.0,0.0,0.0,0.0
alibaba_j_1000039,Alg4_Batch_LWF,42,alibaba_real_dag,10,0,5.3694,53.69,Origin_CH,CH,empty,True,22.9348,22.9348,100.0,4.42,0.57,4.1,0.0,4.1,3.0,4.42,0.0,0.57,100.0,1.4492,0.041,0.9276,1.078049
alibaba_j_1000038,Alg4_Batch_LWF,42,alibaba_real_dag,8,0,4.0417,40.42,Origin_CH,CH,empty,True,22.9348,22.9348,100.0,24.09,0.68,4.7,0.0,4.7,3.0,24.14,-0.04,0.84,100.0,1.3914,0.047,0.1947,5.13617
alibaba_j_1000078,Alg4_Batch_LWF,42,alibaba_real_dag,5,0,0.175,2.0,Origin_CH,CH,empty,True,22.9348,22.9348,100.0,-0.52,0.04,0.0,0.0,0.0,0.0,0.08,-0.6,0.04,100.0,0.0,0.0,0.0,0.0
alibaba_j_1000075,Alg4_Batch_LWF,42,alibaba_real_dag,3,0,0.0611,2.0,Origin_CH,CH,empty,True,22.9348,22.9348,100.0,-0.52,0.01,0.0,0.0,0.0,0.0,0.03,-0.55,0.02,100.0,0.0,0.0,0.0,0.0
alibaba_j_1000037,Alg4_Batch_LWF,42,alibaba_real_dag,3,0,0.025,2.0,Origin_CH,CH,empty,True,22.9348,22.9348,100.0,-0.97,0.01,0.0,0.0,0.0,0.0,0.02,-0.99,0.01,100.0,0.0,0.0,0.0,0.0
alibaba_j_1000034,Alg4_Batch_LWF,42,alibaba_real_dag,3,0,0.0194,2.0,Origin_CH,CH,empty,True,22.9348,22.9348,100.0,-0.05,0.0,0.0,0.0,0.0,0.0,0.01,-0.06,0.01,100.0,0.0,0.0,0.0,0.0
alibaba_j_1000039,Alg4_Batch_LWF,42,alibaba_real_dag,10,0,5.3694,53.69,Origin_CL-SEN,CL-SEN,empty,True,21.5538,21.5538,100.0,4.42,0.57,4.1,0.0,4.1,3.0,4.42,0.0,0.57,100.0,1.4492,0.041,0.9276,1.078049
alibaba_j_1000038,Alg4_Batch_LWF,42,alibaba_real_dag,8,0,4.0417,40.42,Origin_CL-SEN,CL-SEN,empty,True,21.5538,21.5538,100.0,24.09,0.68,4.7,0.0,4.7,3.0,24.14,-0.04,0.84,100.0,1.3914,0.047,0.1947,5.13617
alibaba_j_1000078,Alg4_Batch_LWF,42,alibaba_real_dag,5,0,0.175,2.0,Origin_CL-SEN,CL-SEN,empty,True,21.5538,21.5538,100.0,-0.52,0.04,0.0,0.0,0.0,0.0,0.08,-0.6,0.04,100.0,0.0,0.0,0.0,0.0
alibaba_j_1000075,Alg4_Batch_LWF,42,alibaba_real_dag,3,0,0.0611,2.0,Origin_CL-SEN,CL-SEN,empty,True,21.5538,21.5538,100.0,-0.52,0.01,0.0,0.0,0.0,0.0,0.03,-0.55,0.02,100.0,0.0,0.0,0.0,0.0
alibaba_j_1000037,Alg4_Batch_LWF,42,alibaba_real_dag,3,0,0.025,2.0,Origin_CL-SEN,CL-SEN,empty,True,21.5538,21.5538,100.0,-0.97,0.01,0.0,0.0,0.0,0.0,0.02,-0.99,0.01,100.0,0.0,0.0,0.0,0.0
alibaba_j_1000034,Alg4_Batch_LWF,42,alibaba_real_dag,3,0,0.0194,2.0,Origin_CL-SEN,CL-SEN,empty,True,21.5538,21.5538,100.0,-0.05,0.0,0.0,0.0,0.0,0.0,0.01,-0.06,0.01,100.0,0.0,0.0,0.0,0.0
alibaba_j_1000039,Alg4_Batch_LWF,42,alibaba_real_dag,10,0,5.3694,53.69,Origin_CY,CY,empty,True,21.3249,21.3249,100.0,4.42,0.57,4.1,0.0,4.1,3.0,4.42,0.0,0.57,100.0,1.4492,0.041,0.9276,1.078049
alibaba_j_1000038,Alg4_Batch_LWF,42,alibaba_real_dag,8,0,4.0417,40.42,Origin_CY,CY,empty,True,21.3249,21.3249,100.0,24.09,0.68,4.7,0.0,4.7,3.0,24.14,-0.04,0.84,100.0,1.3914,0.047,0.1947,5.13617
alibaba_j_1000078,Alg4_Batch_LWF,42,alibaba_real_dag,5,0,0.175,2.0,Origin_CY,CY,empty,True,21.3249,21.3249,100.0,-0.52,0.04,0.0,0.0,0.0,0.0,0.08,-0.6,0.04,100.0,0.0,0.0,0.0,0.0
alibaba_j_1000075,Alg4_Batch_LWF,42,alibaba_real_dag,3,0,0.0611,2.0,Origin_CY,CY,empty,True,21.3249,21.3249,100.0,-0.52,0.01,0.0,0.0,0.0,0.0,0.03,-0.55,0.02,100.0,0.0,0.0,0.0,0.0
alibaba_j_1000037,Alg4_Batch_LWF,42,alibaba_real_dag,3,0,0.025,2.0,Origin_CY,CY,empty,True,21.3249,21.3249,100.0,-0.97,0.01,0.0,0.0,0.0,0.0,0.02,-0.99,0.01,100.0,0.0,0.0,0.0,0.0
alibaba_j_1000034,Alg4_Batch_LWF,42,alibaba_real_dag,3,0,0.0194,2.0,Origin_CY,CY,empty,True,21.3249,21.3249,100.0,-0.05,0.0,0.0,0.0,0.0,0.0,0.01,-0.06,0.01,100.0,0.0,0.0,0.0,0.0
alibaba_j_1000039,Alg4_Batch_LWF,42,alibaba_real_dag,10,0,5.3694,53.69,Origin_CZ,CZ,empty,True,22.3095,22.3095,100.0,4.42,0.57,4.1,0.0,4.1,3.0,4.42,0.0,0.57,100.0,1.4492,0.041,0.9276,1.078049
alibaba_j_1000038,Alg4_Batch_LWF,42,alibaba_real_dag,8,0,4.0417,40.42,Origin_CZ,CZ,empty,True,22.3095,22.3095,100.0,24.09,0.68,4.7,0.0,4.7,3.0,24.14,-0.04,0.84,100.0,1.3914,0.047,0.1947,5.13617
alibaba_j_1000078,Alg4_Batch_LWF,42,alibaba_real_dag,5,0,0.175,2.0,Origin_CZ,CZ,empty,True,22.3095,22.3095,100.0,-0.52,0.04,0.0,0.0,0.0,0.0,0.08,-0.6,0.04,100.0,0.0,0.0,0.0,0.0
alibaba_j_1000075,Alg4_Batch_LWF,42,alibaba_real_dag,3,0,0.0611,2.0,Origin_CZ,CZ,empty,True,22.3095,22.3095,100.0,-0.52,0.01,0.0,0.0,0.0,0.0,0.03,-0.55,0.02,100.0,0.0,0.0,0.0,0.0
alibaba_j_1000037,Alg4_Batch_LWF,42,alibaba_real_dag,3,0,0.025,2.0,Origin_CZ,CZ,empty,True,22.3095,22.3095,100.0,-0.97,0.01,0.0,0.0,0.0,0.0,0.02,-0.99,0.01,100.0,0.0,0.0,0.0,0.0
alibaba_j_1000034,Alg4_Batch_LWF,42,alibaba_real_dag,3,0,0.0194,2.0,Origin_CZ,CZ,empty,True,22.3095,22.3095,100.0,-0.05,0.0,0.0,0.0,0.0,0.0,0.01,-0.06,0.01,100.0,0.0,0.0,0.0,0.0
alibaba_j_1000039,Alg4_Batch_LWF,42,alibaba_real_dag,10,0,5.3694,53.69,Origin_DE,DE,empty,True,20.0853,20.0853,100.0,4.42,0.57,4.1,0.0,4.1,3.0,4.42,0.0,0.57,100.0,1.4492,0.041,0.9276,1.078049
alibaba_j_1000038,Alg4_Batch_LWF,42,alibaba_real_dag,8,0,4.0417,40.42,Origin_DE,DE,empty,True,20.0853,20.0853,100.0,24.09,0.68,4.7,0.0,4.7,3.0,24.14,-0.04,0.84,100.0,1.3914,0.047,0.1947,5.13617
alibaba_j_1000078,Alg4_Batch_LWF,42,alibaba_real_dag,5,0,0.175,2.0,Origin_DE,DE,empty,True,20.0853,20.0853,100.0,-0.52,0.04,0.0,0.0,0.0,0.0,0.08,-0.6,0.04,100.0,0.0,0.0,0.0,0.0
alibaba_j_1000075,Alg4_Batch_LWF,42,alibaba_real_dag,3,0,0.0611,2.0,Origin_DE,DE,empty,True,20.0853,20.0853,100.0,-0.52,0.01,0.0,0.0,0.0,0.0,0.03,-0.55,0.02,100.0,0.0,0.0,0.0,0.0
alibaba_j_1000037,Alg4_Batch_LWF,42,alibaba_real_dag,3,0,0.025,2.0,Origin_DE,DE,empty,True,20.0853,20.0853,100.0,-0.97,0.01,0.0,0.0,0.0,0.0,0.02,-0.99,0.01,100.0,0.0,0.0,0.0,0.0
alibaba_j_1000034,Alg4_Batch_LWF,42,alibaba_real_dag,3,0,0.0194,2.0,Origin_DE,DE,empty,True,20.0853,20.0853,100.0,-0.05,0.0,0.0,0.0,0.0,0.0,0.01,-0.06,0.01,100.0,0.0,0.0,0.0,0.0
alibaba_j_1000039,Alg4_Batch_LWF,42,alibaba_real_dag,10,0,5.3694,53.69,Origin_DK-BHM,DK-BHM,empty,True,25.9202,25.9202,100.0,4.42,0.57,4.1,0.0,4.1,3.0,4.42,0.0,0.57,100.0,1.4492,0.041,0.9276,1.078049
alibaba_j_1000038,Alg4_Batch_LWF,42,alibaba_real_dag,8,0,4.0417,40.42,Origin_DK-BHM,DK-BHM,empty,True,25.9202,25.9202,100.0,24.09,0.68,4.7,0.0,4.7,3.0,24.14,-0.04,0.84,100.0,1.3914,0.047,0.1947,5.13617
alibaba_j_1000078,Alg4_Batch_LWF,42,alibaba_real_dag,5,0,0.175,2.0,Origin_DK-BHM,DK-BHM,empty,True,25.9202,25.9202,100.0,-0.52,0.04,0.0,0.0,0.0,0.0,0.08,-0.6,0.04,100.0,0.0,0.0,0.0,0.0
alibaba_j_1000075,Alg4_Batch_LWF,42,alibaba_real_dag,3,0,0.0611,2.0,Origin_DK-BHM,DK-BHM,empty,True,25.9202,25.9202,100.0,-0.52,0.01,0.0,0.0,0.0,0.0,0.03,-0.55,0.02,100.0,0.0,0.0,0.0,0.0
alibaba_j_1000037,Alg4_Batch_LWF,42,alibaba_real_dag,3,0,0.025,2.0,Origin_DK-BHM,DK-BHM,empty,True,25.9202,25.9202,100.0,-0.97,0.01,0.0,0.0,0.0,0.0,0.02,-0.99,0.01,100.0,0.0,0.0,0.0,0.0
alibaba_j_1000034,Alg4_Batch_LWF,42,alibaba_real_dag,3,0,0.0194,2.0,Origin_DK-BHM,DK-BHM,empty,True,25.9202,25.9202,100.0,-0.05,0.0,0.0,0.0,0.0,0.0,0.01,-0.06,0.01,100.0,0.0,0.0,0.0,0.0
alibaba_j_1000039,Alg4_Batch_LWF,42,alibaba_real_dag,10,0,5.3694,53.69,Origin_DK-DK1,DK-DK1,empty,True,24.2954,24.2954,100.0,4.42,0.57,4.1,0.0,4.1,3.0,4.42,0.0,0.57,100.0,1.4492,0.041,0.9276,1.078049
alibaba_j_1000038,Alg4_Batch_LWF,42,alibaba_real_dag,8,0,4.0417,40.42,Origin_DK-DK1,DK-DK1,empty,True,24.2954,24.2954,100.0,24.09,0.68,4.7,0.0,4.7,3.0,24.14,-0.04,0.84,100.0,1.3914,0.047,0.1947,5.13617
alibaba_j_1000078,Alg4_Batch_LWF,42,alibaba_real_dag,5,0,0.175,2.0,Origin_DK-DK1,DK-DK1,empty,True,24.2954,24.2954,100.0,-0.52,0.04,0.0,0.0,0.0,0.0,0.08,-0.6,0.04,100.0,0.0,0.0,0.0,0.0
alibaba_j_1000075,Alg4_Batch_LWF,42,alibaba_real_dag,3,0,0.0611,2.0,Origin_DK-DK1,DK-DK1,empty,True,24.2954,24.2954,100.0,-0.52,0.01,0.0,0.0,0.0,0.0,0.03,-0.55,0.02,100.0,0.0,0.0,0.0,0.0
alibaba_j_1000037,Alg4_Batch_LWF,42,alibaba_real_dag,3,0,0.025,2.0,Origin_DK-DK1,DK-DK1,empty,True,24.2954,24.2954,100.0,-0.97,0.01,0.0,0.0,0.0,0.0,0.02,-0.99,0.01,100.0,0.0,0.0,0.0,0.0
alibaba_j_1000034,Alg4_Batch_LWF,42,alibaba_real_dag,3,0,0.0194,2.0,Origin_DK-DK1,DK-DK1,empty,True,24.2954,24.2954,100.0,-0.05,0.0,0.0,0.0,0.0,0.0,0.01,-0.06,0.01,100.0,0.0,0.0,0.0,0.0
alibaba_j_1000039,Alg4_Batch_LWF,42,alibaba_real_dag,10,0,5.3694,53.69,Origin_DK-DK2,DK-DK2,empty,True,27.2037,27.2037,100.0,4.42,0.57,4.1,0.0,4.1,3.0,4.42,0.0,0.57,100.0,1.4492,0.041,0.9276,1.078049
alibaba_j_1000038,Alg4_Batch_LWF,42,alibaba_real_dag,8,0,4.0417,40.42,Origin_DK-DK2,DK-DK2,empty,True,27.2037,27.2037,100.0,24.09,0.68,4.7,0.0,4.7,3.0,24.14,-0.04,0.84,100.0,1.3914,0.047,0.1947,5.13617
alibaba_j_1000078,Alg4_Batch_LWF,42,alibaba_real_dag,5,0,0.175,2.0,Origin_DK-DK2,DK-DK2,empty,True,27.2037,27.2037,100.0,-0.52,0.04,0.0,0.0,0.0,0.0,0.08,-0.6,0.04,100.0,0.0,0.0,0.0,0.0
alibaba_j_1000075,Alg4_Batch_LWF,42,alibaba_real_dag,3,0,0.0611,2.0,Origin_DK-DK2,DK-DK2,empty,True,27.2037,27.2037,100.0,-0.52,0.01,0.0,0.0,0.0,0.0,0.03,-0.55,0.02,100.0,0.0,0.0,0.0,0.0
alibaba_j_1000037,Alg4_Batch_LWF,42,alibaba_real_dag,3,0,0.025,2.0,Origin_DK-DK2,DK-DK2,empty,True,27.2037,27.2037,100.0,-0.97,0.01,0.0,0.0,0.0,0.0,0.02,-0.99,0.01,100.0,0.0,0.0,0.0,0.0
alibaba_j_1000034,Alg4_Batch_LWF,42,alibaba_real_dag,3,0,0.0194,2.0,Origin_DK-DK2,DK-DK2,empty,True,27.2037,27.2037,100.0,-0.05,0.0,0.0,0.0,0.0,0.0,0.01,-0.06,0.01,100.0,0.0,0.0,0.0,0.0
alibaba_j_1000039,Alg4_Batch_LWF,42,alibaba_real_dag,10,0,5.3694,53.69,Origin_EE,EE,empty,True,19.0619,19.0619,100.0,4.42,0.57,4.1,0.0,4.1,3.0,4.42,0.0,0.57,100.0,1.4492,0.041,0.9276,1.078049
alibaba_j_1000038,Alg4_Batch_LWF,42,alibaba_real_dag,8,0,4.0417,40.42,Origin_EE,EE,empty,True,19.0619,19.0619,100.0,24.09,0.68,4.7,0.0,4.7,3.0,24.14,-0.04,0.84,100.0,1.3914,0.047,0.1947,5.13617
alibaba_j_1000078,Alg4_Batch_LWF,42,alibaba_real_dag,5,0,0.175,2.0,Origin_EE,EE,empty,True,19.0619,19.0619,100.0,-0.52,0.04,0.0,0.0,0.0,0.0,0.08,-0.6,0.04,100.0,0.0,0.0,0.0,0.0
alibaba_j_1000075,Alg4_Batch_LWF,42,alibaba_real_dag,3,0,0.0611,2.0,Origin_EE,EE,empty,True,19.0619,19.0619,100.0,-0.52,0.01,0.0,0.0,0.0,0.0,0.03,-0.55,0.02,100.0,0.0,0.0,0.0,0.0
alibaba_j_1000037,Alg4_Batch_LWF,42,alibaba_real_dag,3,0,0.025,2.0,Origin_EE,EE,empty,True,19.0619,19.0619,100.0,-0.97,0.01,0.0,0.0,0.0,0.0,0.02,-0.99,0.01,100.0,0.0,0.0,0.0,0.0
alibaba_j_1000034,Alg4_Batch_LWF,42,alibaba_real_dag,3,0,0.0194,2.0,Origin_EE,EE,empty,True,19.0619,19.0619,100.0,-0.05,0.0,0.0,0.0,0.0,0.0,0.01,-0.06,0.01,100.0,0.0,0.0,0.0,0.0
alibaba_j_1000039,Alg4_Batch_LWF,42,alibaba_real_dag,10,0,5.3694,53.69,Origin_ES,ES,empty,True,17.7565,17.7565,100.0,4.42,0.57,4.1,0.0,4.1,3.0,4.42,0.0,0.57,100.0,1.4492,0.041,0.9276,1.078049
alibaba_j_1000038,Alg4_Batch_LWF,42,alibaba_real_dag,8,0,4.0417,40.42,Origin_ES,ES,empty,True,17.7565,17.7565,100.0,24.09,0.68,4.7,0.0,4.7,3.0,24.14,-0.04,0.84,100.0,1.3914,0.047,0.1947,5.13617
alibaba_j_1000078,Alg4_Batch_LWF,42,alibaba_real_dag,5,0,0.175,2.0,Origin_ES,ES,empty,True,17.7565,17.7565,100.0,-0.52,0.04,0.0,0.0,0.0,0.0,0.08,-0.6,0.04,100.0,0.0,0.0,0.0,0.0
alibaba_j_1000075,Alg4_Batch_LWF,42,alibaba_real_dag,3,0,0.0611,2.0,Origin_ES,ES,empty,True,17.7565,17.7565,100.0,-0.52,0.01,0.0,0.0,0.0,0.0,0.03,-0.55,0.02,100.0,0.0,0.0,0.0,0.0
alibaba_j_1000037,Alg4_Batch_LWF,42,alibaba_real_dag,3,0,0.025,2.0,Origin_ES,ES,empty,True,17.7565,17.7565,100.0,-0.97,0.01,0.0,0.0,0.0,0.0,0.02,-0.99,0.01,100.0,0.0,0.0,0.0,0.0
alibaba_j_1000034,Alg4_Batch_LWF,42,alibaba_real_dag,3,0,0.0194,2.0,Origin_ES,ES,empty,True,17.7565,17.7565,100.0,-0.05,0.0,0.0,0.0,0.0,0.0,0.01,-0.06,0.01,100.0,0.0,0.0,0.0,0.0
alibaba_j_1000039,Alg4_Batch_LWF,42,alibaba_real_dag,10,0,5.3694,53.69,Origin_FI,FI,empty,True,17.0136,17.0136,100.0,4.42,0.57,4.1,0.0,4.1,3.0,4.42,0.0,0.57,100.0,1.4492,0.041,0.9276,1.078049
alibaba_j_1000038,Alg4_Batch_LWF,42,alibaba_real_dag,8,0,4.0417,40.42,Origin_FI,FI,empty,True,17.0136,17.0136,100.0,24.09,0.68,4.7,0.0,4.7,3.0,24.14,-0.04,0.84,100.0,1.3914,0.047,0.1947,5.13617
alibaba_j_1000078,Alg4_Batch_LWF,42,alibaba_real_dag,5,0,0.175,2.0,Origin_FI,FI,empty,True,17.0136,17.0136,100.0,-0.52,0.04,0.0,0.0,0.0,0.0,0.08,-0.6,0.04,100.0,0.0,0.0,0.0,0.0
alibaba_j_1000075,Alg4_Batch_LWF,42,alibaba_real_dag,3,0,0.0611,2.0,Origin_FI,FI,empty,True,17.0136,17.0136,100.0,-0.52,0.01,0.0,0.0,0.0,0.0,0.03,-0.55,0.02,100.0,0.0,0.0,0.0,0.0
alibaba_j_1000037,Alg4_Batch_LWF,42,alibaba_real_dag,3,0,0.025,2.0,Origin_FI,FI,empty,True,17.0136,17.0136,100.0,-0.97,0.01,0.0,0.0,0.0,0.0,0.02,-0.99,0.01,100.0,0.0,0.0,0.0,0.0
alibaba_j_1000034,Alg4_Batch_LWF,42,alibaba_real_dag,3,0,0.0194,2.0,Origin_FI,FI,empty,True,17.0136,17.0136,100.0,-0.05,0.0,0.0,0.0,0.0,0.0,0.01,-0.06,0.01,100.0,0.0,0.0,0.0,0.0
alibaba_j_1000039,Alg4_Batch_LWF,42,alibaba_real_dag,10,0,5.3694,53.69,Origin_FR,FR,empty,True,17.0077,17.0077,100.0,4.42,0.57,4.1,0.0,4.1,3.0,4.42,0.0,0.57,100.0,1.4492,0.041,0.9276,1.078049
alibaba_j_1000038,Alg4_Batch_LWF,42,alibaba_real_dag,8,0,4.0417,40.42,Origin_FR,FR,empty,True,17.0077,17.0077,100.0,24.09,0.68,4.7,0.0,4.7,3.0,24.14,-0.04,0.84,100.0,1.3914,0.047,0.1947,5.13617
alibaba_j_1000078,Alg4_Batch_LWF,42,alibaba_real_dag,5,0,0.175,2.0,Origin_FR,FR,empty,True,17.0077,17.0077,100.0,-0.52,0.04,0.0,0.0,0.0,0.0,0.08,-0.6,0.04,100.0,0.0,0.0,0.0,0.0
alibaba_j_1000075,Alg4_Batch_LWF,42,alibaba_real_dag,3,0,0.0611,2.0,Origin_FR,FR,empty,True,17.0077,17.0077,100.0,-0.52,0.01,0.0,0.0,0.0,0.0,0.03,-0.55,0.02,100.0,0.0,0.0,0.0,0.0
alibaba_j_1000037,Alg4_Batch_LWF,42,alibaba_real_dag,3,0,0.025,2.0,Origin_FR,FR,empty,True,17.0077,17.0077,100.0,-0.97,0.01,0.0,0.0,0.0,0.0,0.02,-0.99,0.01,100.0,0.0,0.0,0.0,0.0
alibaba_j_1000034,Alg4_Batch_LWF,42,alibaba_real_dag,3,0,0.0194,2.0,Origin_FR,FR,empty,True,17.0077,17.0077,100.0,-0.05,0.0,0.0,0.0,0.0,0.0,0.01,-0.06,0.01,100.0,0.0,0.0,0.0,0.0
alibaba_j_1000039,Alg4_Batch_LWF,42,alibaba_real_dag,10,0,5.3694,53.69,Origin_GB-NIR,GB-NIR,empty,True,17.0239,17.0239,100.0,4.42,0.57,4.1,0.0,4.1,3.0,4.42,0.0,0.57,100.0,1.4492,0.041,0.9276,1.078049
alibaba_j_1000038,Alg4_Batch_LWF,42,alibaba_real_dag,8,0,4.0417,40.42,Origin_GB-NIR,GB-NIR,empty,True,17.0239,17.0239,100.0,24.09,0.68,4.7,0.0,4.7,3.0,24.14,-0.04,0.84,100.0,1.3914,0.047,0.1947,5.13617
alibaba_j_1000078,Alg4_Batch_LWF,42,alibaba_real_dag,5,0,0.175,2.0,Origin_GB-NIR,GB-NIR,empty,True,17.0239,17.0239,100.0,-0.52,0.04,0.0,0.0,0.0,0.0,0.08,-0.6,0.04,100.0,0.0,0.0,0.0,0.0
alibaba_j_1000075,Alg4_Batch_LWF,42,alibaba_real_dag,3,0,0.0611,2.0,Origin_GB-NIR,GB-NIR,empty,True,17.0239,17.0239,100.0,-0.52,0.01,0.0,0.0,0.0,0.0,0.03,-0.55,0.02,100.0,0.0,0.0,0.0,0.0
alibaba_j_1000037,Alg4_Batch_LWF,42,alibaba_real_dag,3,0,0.025,2.0,Origin_GB-NIR,GB-NIR,empty,True,17.0239,17.0239,100.0,-0.97,0.01,0.0,0.0,0.0,0.0,0.02,-0.99,0.01,100.0,0.0,0.0,0.0,0.0
alibaba_j_1000034,Alg4_Batch_LWF,42,alibaba_real_dag,3,0,0.0194,2.0,Origin_GB-NIR,GB-NIR,empty,True,17.0239,17.0239,100.0,-0.05,0.0,0.0,0.0,0.0,0.0,0.01,-0.06,0.01,100.0,0.0,0.0,0.0,0.0
alibaba_j_1000039,Alg4_Batch_LWF,42,alibaba_real_dag,10,0,5.3694,53.69,Origin_GB,GB,empty,True,17.0769,17.0769,100.0,4.42,0.57,4.1,0.0,4.1,3.0,4.42,0.0,0.57,100.0,1.4492,0.041,0.9276,1.078049
alibaba_j_1000038,Alg4_Batch_LWF,42,alibaba_real_dag,8,0,4.0417,40.42,Origin_GB,GB,empty,True,17.0769,17.0769,100.0,24.09,0.68,4.7,0.0,4.7,3.0,24.14,-0.04,0.84,100.0,1.3914,0.047,0.1947,5.13617
alibaba_j_1000078,Alg4_Batch_LWF,42,alibaba_real_dag,5,0,0.175,2.0,Origin_GB,GB,empty,True,17.0769,17.0769,100.0,-0.52,0.04,0.0,0.0,0.0,0.0,0.08,-0.6,0.04,100.0,0.0,0.0,0.0,0.0
alibaba_j_1000075,Alg4_Batch_LWF,42,alibaba_real_dag,3,0,0.0611,2.0,Origin_GB,GB,empty,True,17.0769,17.0769,100.0,-0.52,0.01,0.0,0.0,0.0,0.0,0.03,-0.55,0.02,100.0,0.0,0.0,0.0,0.0
alibaba_j_1000037,Alg4_Batch_LWF,42,alibaba_real_dag,3,0,0.025,2.0,Origin_GB,GB,empty,True,17.0769,17.0769,100.0,-0.97,0.01,0.0,0.0,0.0,0.0,0.02,-0.99,0.01,100.0,0.0,0.0,0.0,0.0
alibaba_j_1000034,Alg4_Batch_LWF,42,alibaba_real_dag,3,0,0.0194,2.0,Origin_GB,GB,empty,True,17.0769,17.0769,100.0,-0.05,0.0,0.0,0.0,0.0,0.0,0.01,-0.06,0.01,100.0,0.0,0.0,0.0,0.0
alibaba_j_1000039,Alg4_Batch_LWF,42,alibaba_real_dag,10,0,5.3694,53.69,Origin_GR,GR,empty,True,17.1379,17.1379,100.0,4.42,0.57,4.1,0.0,4.1,3.0,4.42,0.0,0.57,100.0,1.4492,0.041,0.9276,1.078049
alibaba_j_1000038,Alg4_Batch_LWF,42,alibaba_real_dag,8,0,4.0417,40.42,Origin_GR,GR,empty,True,17.1379,17.1379,100.0,24.09,0.68,4.7,0.0,4.7,3.0,24.14,-0.04,0.84,100.0,1.3914,0.047,0.1947,5.13617
alibaba_j_1000078,Alg4_Batch_LWF,42,alibaba_real_dag,5,0,0.175,2.0,Origin_GR,GR,empty,True,17.1379,17.1379,100.0,-0.52,0.04,0.0,0.0,0.0,0.0,0.08,-0.6,0.04,100.0,0.0,0.0,0.0,0.0
alibaba_j_1000075,Alg4_Batch_LWF,42,alibaba_real_dag,3,0,0.0611,2.0,Origin_GR,GR,empty,True,17.1379,17.1379,100.0,-0.52,0.01,0.0,0.0,0.0,0.0,0.03,-0.55,0.02,100.0,0.0,0.0,0.0,0.0
alibaba_j_1000037,Alg4_Batch_LWF,42,alibaba_real_dag,3,0,0.025,2.0,Origin_GR,GR,empty,True,17.1379,17.1379,100.0,-0.97,0.01,0.0,0.0,0.0,0.0,0.02,-0.99,0.01,100.0,0.0,0.0,0.0,0.0
alibaba_j_1000034,Alg4_Batch_LWF,42,alibaba_real_dag,3,0,0.0194,2.0,Origin_GR,GR,empty,True,17.1379,17.1379,100.0,-0.05,0.0,0.0,0.0,0.0,0.0,0.01,-0.06,0.01,100.0,0.0,0.0,0.0,0.0
alibaba_j_1000039,Alg4_Batch_LWF,42,alibaba_real_dag,10,0,5.3694,53.69,Origin_HK,HK,empty,True,17.1181,17.1181,100.0,4.42,0.57,4.1,0.0,4.1,3.0,4.42,0.0,0.57,100.0,1.4492,0.041,0.9276,1.078049
alibaba_j_1000038,Alg4_Batch_LWF,42,alibaba_real_dag,8,0,4.0417,40.42,Origin_HK,HK,empty,True,17.1181,17.1181,100.0,24.09,0.68,4.7,0.0,4.7,3.0,24.14,-0.04,0.84,100.0,1.3914,0.047,0.1947,5.13617
alibaba_j_1000078,Alg4_Batch_LWF,42,alibaba_real_dag,5,0,0.175,2.0,Origin_HK,HK,empty,True,17.1181,17.1181,100.0,-0.52,0.04,0.0,0.0,0.0,0.0,0.08,-0.6,0.04,100.0,0.0,0.0,0.0,0.0
alibaba_j_1000075,Alg4_Batch_LWF,42,alibaba_real_dag,3,0,0.0611,2.0,Origin_HK,HK,empty,True,17.1181,17.1181,100.0,-0.52,0.01,0.0,0.0,0.0,0.0,0.03,-0.55,0.02,100.0,0.0,0.0,0.0,0.0
alibaba_j_1000037,Alg4_Batch_LWF,42,alibaba_real_dag,3,0,0.025,2.0,Origin_HK,HK,empty,True,17.1181,17.1181,100.0,-0.97,0.01,0.0,0.0,0.0,0.0,0.02,-0.99,0.01,100.0,0.0,0.0,0.0,0.0
alibaba_j_1000034,Alg4_Batch_LWF,42,alibaba_real_dag,3,0,0.0194,2.0,Origin_HK,HK,empty,True,17.1181,17.1181,100.0,-0.05,0.0,0.0,0.0,0.0,0.0,0.01,-0.06,0.01,100.0,0.0,0.0,0.0,0.0
alibaba_j_1000039,Alg4_Batch_LWF,42,alibaba_real_dag,10,0,5.3694,53.69,Origin_HR,HR,empty,True,17.0042,17.0042,100.0,4.42,0.57,4.1,0.0,4.1,3.0,4.42,0.0,0.57,100.0,1.4492,0.041,0.9276,1.078049
alibaba_j_1000038,Alg4_Batch_LWF,42,alibaba_real_dag,8,0,4.0417,40.42,Origin_HR,HR,empty,True,17.0042,17.0042,100.0,24.09,0.68,4.7,0.0,4.7,3.0,24.14,-0.04,0.84,100.0,1.3914,0.047,0.1947,5.13617
alibaba_j_1000078,Alg4_Batch_LWF,42,alibaba_real_dag,5,0,0.175,2.0,Origin_HR,HR,empty,True,17.0042,17.0042,100.0,-0.52,0.04,0.0,0.0,0.0,0.0,0.08,-0.6,0.04,100.0,0.0,0.0,0.0,0.0
alibaba_j_1000075,Alg4_Batch_LWF,42,alibaba_real_dag,3,0,0.0611,2.0,Origin_HR,HR,empty,True,17.0042,17.0042,100.0,-0.52,0.01,0.0,0.0,0.0,0.0,0.03,-0.55,0.02,100.0,0.0,0.0,0.0,0.0
alibaba_j_1000037,Alg4_Batch_LWF,42,alibaba_real_dag,3,0,0.025,2.0,Origin_HR,HR,empty,True,17.0042,17.0042,100.0,-0.97,0.01,0.0,0.0,0.0,0.0,0.02,-0.99,0.01,100.0,0.0,0.0,0.0,0.0
alibaba_j_1000034,Alg4_Batch_LWF,42,alibaba_real_dag,3,0,0.0194,2.0,Origin_HR,HR,empty,True,17.0042,17.0042,100.0,-0.05,0.0,0.0,0.0,0.0,0.0,0.01,-0.06,0.01,100.0,0.0,0.0,0.0,0.0
alibaba_j_1000039,Alg4_Batch_LWF,42,alibaba_real_dag,10,0,5.3694,53.69,Origin_HU,HU,empty,True,16.9705,16.9705,100.0,4.42,0.57,4.1,0.0,4.1,3.0,4.42,0.0,0.57,100.0,1.4492,0.041,0.9276,1.078049
alibaba_j_1000038,Alg4_Batch_LWF,42,alibaba_real_dag,8,0,4.0417,40.42,Origin_HU,HU,empty,True,16.9705,16.9705,100.0,24.09,0.68,4.7,0.0,4.7,3.0,24.14,-0.04,0.84,100.0,1.3914,0.047,0.1947,5.13617
alibaba_j_1000078,Alg4_Batch_LWF,42,alibaba_real_dag,5,0,0.175,2.0,Origin_HU,HU,empty,True,16.9705,16.9705,100.0,-0.52,0.04,0.0,0.0,0.0,0.0,0.08,-0.6,0.04,100.0,0.0,0.0,0.0,0.0
alibaba_j_1000075,Alg4_Batch_LWF,42,alibaba_real_dag,3,0,0.0611,2.0,Origin_HU,HU,empty,True,16.9705,16.9705,100.0,-0.52,0.01,0.0,0.0,0.0,0.0,0.03,-0.55,0.02,100.0,0.0,0.0,0.0,0.0
alibaba_j_1000037,Alg4_Batch_LWF,42,alibaba_real_dag,3,0,0.025,2.0,Origin_HU,HU,empty,True,16.9705,16.9705,100.0,-0.97,0.01,0.0,0.0,0.0,0.0,0.02,-0.99,0.01,100.0,0.0,0.0,0.0,0.0
alibaba_j_1000034,Alg4_Batch_LWF,42,alibaba_real_dag,3,0,0.0194,2.0,Origin_HU,HU,empty,True,16.9705,16.9705,100.0,-0.05,0.0,0.0,0.0,0.0,0.0,0.01,-0.06,0.01,100.0,0.0,0.0,0.0,0.0
alibaba_j_1000039,Alg4_Batch_LWF,42,alibaba_real_dag,10,0,5.3694,53.69,Origin_ID,ID,empty,True,17.0299,17.0299,100.0,4.42,0.57,4.1,0.0,4.1,3.0,4.42,0.0,0.57,100.0,1.4492,0.041,0.9276,1.078049
alibaba_j_1000038,Alg4_Batch_LWF,42,alibaba_real_dag,8,0,4.0417,40.42,Origin_ID,ID,empty,True,17.0299,17.0299,100.0,24.09,0.68,4.7,0.0,4.7,3.0,24.14,-0.04,0.84,100.0,1.3914,0.047,0.1947,5.13617
alibaba_j_1000078,Alg4_Batch_LWF,42,alibaba_real_dag,5,0,0.175,2.0,Origin_ID,ID,empty,True,17.0299,17.0299,100.0,-0.52,0.04,0.0,0.0,0.0,0.0,0.08,-0.6,0.04,100.0,0.0,0.0,0.0,0.0
alibaba_j_1000075,Alg4_Batch_LWF,42,alibaba_real_dag,3,0,0.0611,2.0,Origin_ID,ID,empty,True,17.0299,17.0299,100.0,-0.52,0.01,0.0,0.0,0.0,0.0,0.03,-0.55,0.02,100.0,0.0,0.0,0.0,0.0
alibaba_j_1000037,Alg4_Batch_LWF,42,alibaba_real_dag,3,0,0.025,2.0,Origin_ID,ID,empty,True,17.0299,17.0299,100.0,-0.97,0.01,0.0,0.0,0.0,0.0,0.02,-0.99,0.01,100.0,0.0,0.0,0.0,0.0
alibaba_j_1000034,Alg4_Batch_LWF,42,alibaba_real_dag,3,0,0.0194,2.0,Origin_ID,ID,empty,True,17.0299,17.0299,100.0,-0.05,0.0,0.0,0.0,0.0,0.0,0.01,-0.06,0.01,100.0,0.0,0.0,0.0,0.0
alibaba_j_1000039,Alg4_Batch_LWF,42,alibaba_real_dag,10,0,5.3694,53.69,Origin_IE,IE,empty,True,17.0697,17.0697,100.0,4.42,0.57,4.1,0.0,4.1,3.0,4.42,0.0,0.57,100.0,1.4492,0.041,0.9276,1.078049
alibaba_j_1000038,Alg4_Batch_LWF,42,alibaba_real_dag,8,0,4.0417,40.42,Origin_IE,IE,empty,True,17.0697,17.0697,100.0,24.09,0.68,4.7,0.0,4.7,3.0,24.14,-0.04,0.84,100.0,1.3914,0.047,0.1947,5.13617
alibaba_j_1000078,Alg4_Batch_LWF,42,alibaba_real_dag,5,0,0.175,2.0,Origin_IE,IE,empty,True,17.0697,17.0697,100.0,-0.52,0.04,0.0,0.0,0.0,0.0,0.08,-0.6,0.04,100.0,0.0,0.0,0.0,0.0
alibaba_j_1000075,Alg4_Batch_LWF,42,alibaba_real_dag,3,0,0.0611,2.0,Origin_IE,IE,empty,True,17.0697,17.0697,100.0,-0.52,0.01,0.0,0.0,0.0,0.0,0.03,-0.55,0.02,100.0,0.0,0.0,0.0,0.0
alibaba_j_1000037,Alg4_Batch_LWF,42,alibaba_real_dag,3,0,0.025,2.0,Origin_IE,IE,empty,True,17.0697,17.0697,100.0,-0.97,0.01,0.0,0.0,0.0,0.0,0.02,-0.99,0.01,100.0,0.0,0.0,0.0,0.0
alibaba_j_1000034,Alg4_Batch_LWF,42,alibaba_real_dag,3,0,0.0194,2.0,Origin_IE,IE,empty,True,17.0697,17.0697,100.0,-0.05,0.0,0.0,0.0,0.0,0.0,0.01,-0.06,0.01,100.0,0.0,0.0,0.0,0.0
alibaba_j_1000039,Alg4_Batch_LWF,42,alibaba_real_dag,10,0,5.3694,53.69,Origin_IL,IL,empty,True,16.9883,16.9883,100.0,4.42,0.57,4.1,0.0,4.1,3.0,4.42,0.0,0.57,100.0,1.4492,0.041,0.9276,1.078049
alibaba_j_1000038,Alg4_Batch_LWF,42,alibaba_real_dag,8,0,4.0417,40.42,Origin_IL,IL,empty,True,16.9883,16.9883,100.0,24.09,0.68,4.7,0.0,4.7,3.0,24.14,-0.04,0.84,100.0,1.3914,0.047,0.1947,5.13617
alibaba_j_1000078,Alg4_Batch_LWF,42,alibaba_real_dag,5,0,0.175,2.0,Origin_IL,IL,empty,True,16.9883,16.9883,100.0,-0.52,0.04,0.0,0.0,0.0,0.0,0.08,-0.6,0.04,100.0,0.0,0.0,0.0,0.0
alibaba_j_1000075,Alg4_Batch_LWF,42,alibaba_real_dag,3,0,0.0611,2.0,Origin_IL,IL,empty,True,16.9883,16.9883,100.0,-0.52,0.01,0.0,0.0,0.0,0.0,0.03,-0.55,0.02,100.0,0.0,0.0,0.0,0.0
alibaba_j_1000037,Alg4_Batch_LWF,42,alibaba_real_dag,3,0,0.025,2.0,Origin_IL,IL,empty,True,16.9883,16.9883,100.0,-0.97,0.01,0.0,0.0,0.0,0.0,0.02,-0.99,0.01,100.0,0.0,0.0,0.0,0.0
alibaba_j_1000034,Alg4_Batch_LWF,42,alibaba_real_dag,3,0,0.0194,2.0,Origin_IL,IL,empty,True,16.9883,16.9883,100.0,-0.05,0.0,0.0,0.0,0.0,0.0,0.01,-0.06,0.01,100.0,0.0,0.0,0.0,0.0
alibaba_j_1000039,Alg4_Batch_LWF,42,alibaba_real_dag,10,0,5.3694,53.69,Origin_IN-MH,IN-MH,empty,True,17.0436,17.0436,100.0,4.42,0.57,4.1,0.0,4.1,3.0,4.42,0.0,0.57,100.0,1.4492,0.041,0.9276,1.078049
alibaba_j_1000038,Alg4_Batch_LWF,42,alibaba_real_dag,8,0,4.0417,40.42,Origin_IN-MH,IN-MH,empty,True,17.0436,17.0436,100.0,24.09,0.68,4.7,0.0,4.7,3.0,24.14,-0.04,0.84,100.0,1.3914,0.047,0.1947,5.13617
alibaba_j_1000078,Alg4_Batch_LWF,42,alibaba_real_dag,5,0,0.175,2.0,Origin_IN-MH,IN-MH,empty,True,17.0436,17.0436,100.0,-0.52,0.04,0.0,0.0,0.0,0.0,0.08,-0.6,0.04,100.0,0.0,0.0,0.0,0.0
alibaba_j_1000075,Alg4_Batch_LWF,42,alibaba_real_dag,3,0,0.0611,2.0,Origin_IN-MH,IN-MH,empty,True,17.0436,17.0436,100.0,-0.52,0.01,0.0,0.0,0.0,0.0,0.03,-0.55,0.02,100.0,0.0,0.0,0.0,0.0
alibaba_j_1000037,Alg4_Batch_LWF,42,alibaba_real_dag,3,0,0.025,2.0,Origin_IN-MH,IN-MH,empty,True,17.0436,17.0436,100.0,-0.97,0.01,0.0,0.0,0.0,0.0,0.02,-0.99,0.01,100.0,0.0,0.0,0.0,0.0
alibaba_j_1000034,Alg4_Batch_LWF,42,alibaba_real_dag,3,0,0.0194,2.0,Origin_IN-MH,IN-MH,empty,True,17.0436,17.0436,100.0,-0.05,0.0,0.0,0.0,0.0,0.0,0.01,-0.06,0.01,100.0,0.0,0.0,0.0,0.0
alibaba_j_1000039,Alg4_Batch_LWF,42,alibaba_real_dag,10,0,5.3694,53.69,Origin_IN-UP,IN-UP,empty,True,16.9074,16.9074,100.0,4.42,0.57,4.1,0.0,4.1,3.0,4.42,0.0,0.57,100.0,1.4492,0.041,0.9276,1.078049
alibaba_j_1000038,Alg4_Batch_LWF,42,alibaba_real_dag,8,0,4.0417,40.42,Origin_IN-UP,IN-UP,empty,True,16.9074,16.9074,100.0,24.09,0.68,4.7,0.0,4.7,3.0,24.14,-0.04,0.84,100.0,1.3914,0.047,0.1947,5.13617
alibaba_j_1000078,Alg4_Batch_LWF,42,alibaba_real_dag,5,0,0.175,2.0,Origin_IN-UP,IN-UP,empty,True,16.9074,16.9074,100.0,-0.52,0.04,0.0,0.0,0.0,0.0,0.08,-0.6,0.04,100.0,0.0,0.0,0.0,0.0
alibaba_j_1000075,Alg4_Batch_LWF,42,alibaba_real_dag,3,0,0.0611,2.0,Origin_IN-UP,IN-UP,empty,True,16.9074,16.9074,100.0,-0.52,0.01,0.0,0.0,0.0,0.0,0.03,-0.55,0.02,100.0,0.0,0.0,0.0,0.0
alibaba_j_1000037,Alg4_Batch_LWF,42,alibaba_real_dag,3,0,0.025,2.0,Origin_IN-UP,IN-UP,empty,True,16.9074,16.9074,100.0,-0.97,0.01,0.0,0.0,0.0,0.0,0.02,-0.99,0.01,100.0,0.0,0.0,0.0,0.0
alibaba_j_1000034,Alg4_Batch_LWF,42,alibaba_real_dag,3,0,0.0194,2.0,Origin_IN-UP,IN-UP,empty,True,16.9074,16.9074,100.0,-0.05,0.0,0.0,0.0,0.0,0.0,0.01,-0.06,0.01,100.0,0.0,0.0,0.0,0.0
alibaba_j_1000039,Alg4_Batch_LWF,42,alibaba_real_dag,10,0,5.3694,53.69,Origin_IN-WE,IN-WE,empty,True,16.9974,16.9974,100.0,4.42,0.57,4.1,0.0,4.1,3.0,4.42,0.0,0.57,100.0,1.4492,0.041,0.9276,1.078049
alibaba_j_1000038,Alg4_Batch_LWF,42,alibaba_real_dag,8,0,4.0417,40.42,Origin_IN-WE,IN-WE,empty,True,16.9974,16.9974,100.0,24.09,0.68,4.7,0.0,4.7,3.0,24.14,-0.04,0.84,100.0,1.3914,0.047,0.1947,5.13617
alibaba_j_1000078,Alg4_Batch_LWF,42,alibaba_real_dag,5,0,0.175,2.0,Origin_IN-WE,IN-WE,empty,True,16.9974,16.9974,100.0,-0.52,0.04,0.0,0.0,0.0,0.0,0.08,-0.6,0.04,100.0,0.0,0.0,0.0,0.0
alibaba_j_1000075,Alg4_Batch_LWF,42,alibaba_real_dag,3,0,0.0611,2.0,Origin_IN-WE,IN-WE,empty,True,16.9974,16.9974,100.0,-0.52,0.01,0.0,0.0,0.0,0.0,0.03,-0.55,0.02,100.0,0.0,0.0,0.0,0.0
alibaba_j_1000037,Alg4_Batch_LWF,42,alibaba_real_dag,3,0,0.025,2.0,Origin_IN-WE,IN-WE,empty,True,16.9974,16.9974,100.0,-0.97,0.01,0.0,0.0,0.0,0.0,0.02,-0.99,0.01,100.0,0.0,0.0,0.0,0.0
alibaba_j_1000034,Alg4_Batch_LWF,42,alibaba_real_dag,3,0,0.0194,2.0,Origin_IN-WE,IN-WE,empty,True,16.9974,16.9974,100.0,-0.05,0.0,0.0,0.0,0.0,0.0,0.01,-0.06,0.01,100.0,0.0,0.0,0.0,0.0
alibaba_j_1000039,Alg4_Batch_LWF,42,alibaba_real_dag,10,0,5.3694,53.69,Origin_IT-CNO,IT-CNO,empty,True,16.9875,16.9875,100.0,4.42,0.57,4.1,0.0,4.1,3.0,4.42,0.0,0.57,100.0,1.4492,0.041,0.9276,1.078049
alibaba_j_1000038,Alg4_Batch_LWF,42,alibaba_real_dag,8,0,4.0417,40.42,Origin_IT-CNO,IT-CNO,empty,True,16.9875,16.9875,100.0,24.09,0.68,4.7,0.0,4.7,3.0,24.14,-0.04,0.84,100.0,1.3914,0.047,0.1947,5.13617
alibaba_j_1000078,Alg4_Batch_LWF,42,alibaba_real_dag,5,0,0.175,2.0,Origin_IT-CNO,IT-CNO,empty,True,16.9875,16.9875,100.0,-0.52,0.04,0.0,0.0,0.0,0.0,0.08,-0.6,0.04,100.0,0.0,0.0,0.0,0.0
alibaba_j_1000075,Alg4_Batch_LWF,42,alibaba_real_dag,3,0,0.0611,2.0,Origin_IT-CNO,IT-CNO,empty,True,16.9875,16.9875,100.0,-0.52,0.01,0.0,0.0,0.0,0.0,0.03,-0.55,0.02,100.0,0.0,0.0,0.0,0.0
alibaba_j_1000037,Alg4_Batch_LWF,42,alibaba_real_dag,3,0,0.025,2.0,Origin_IT-CNO,IT-CNO,empty,True,16.9875,16.9875,100.0,-0.97,0.01,0.0,0.0,0.0,0.0,0.02,-0.99,0.01,100.0,0.0,0.0,0.0,0.0
alibaba_j_1000034,Alg4_Batch_LWF,42,alibaba_real_dag,3,0,0.0194,2.0,Origin_IT-CNO,IT-CNO,empty,True,16.9875,16.9875,100.0,-0.05,0.0,0.0,0.0,0.0,0.0,0.01,-0.06,0.01,100.0,0.0,0.0,0.0,0.0
alibaba_j_1000039,Alg4_Batch_LWF,42,alibaba_real_dag,10,0,5.3694,53.69,Origin_IT-CSO,IT-CSO,empty,True,17.0272,17.0272,100.0,4.42,0.57,4.1,0.0,4.1,3.0,4.42,0.0,0.57,100.0,1.4492,0.041,0.9276,1.078049
alibaba_j_1000038,Alg4_Batch_LWF,42,alibaba_real_dag,8,0,4.0417,40.42,Origin_IT-CSO,IT-CSO,empty,True,17.0272,17.0272,100.0,24.09,0.68,4.7,0.0,4.7,3.0,24.14,-0.04,0.84,100.0,1.3914,0.047,0.1947,5.13617
alibaba_j_1000078,Alg4_Batch_LWF,42,alibaba_real_dag,5,0,0.175,2.0,Origin_IT-CSO,IT-CSO,empty,True,17.0272,17.0272,100.0,-0.52,0.04,0.0,0.0,0.0,0.0,0.08,-0.6,0.04,100.0,0.0,0.0,0.0,0.0
alibaba_j_1000075,Alg4_Batch_LWF,42,alibaba_real_dag,3,0,0.0611,2.0,Origin_IT-CSO,IT-CSO,empty,True,17.0272,17.0272,100.0,-0.52,0.01,0.0,0.0,0.0,0.0,0.03,-0.55,0.02,100.0,0.0,0.0,0.0,0.0
alibaba_j_1000037,Alg4_Batch_LWF,42,alibaba_real_dag,3,0,0.025,2.0,Origin_IT-CSO,IT-CSO,empty,True,17.0272,17.0272,100.0,-0.97,0.01,0.0,0.0,0.0,0.0,0.02,-0.99,0.01,100.0,0.0,0.0,0.0,0.0
alibaba_j_1000034,Alg4_Batch_LWF,42,alibaba_real_dag,3,0,0.0194,2.0,Origin_IT-CSO,IT-CSO,empty,True,17.0272,17.0272,100.0,-0.05,0.0,0.0,0.0,0.0,0.0,0.01,-0.06,0.01,100.0,0.0,0.0,0.0,0.0
alibaba_j_1000039,Alg4_Batch_LWF,42,alibaba_real_dag,10,0,5.3694,53.69,Origin_IT-NO,IT-NO,empty,True,16.9834,16.9834,100.0,4.42,0.57,4.1,0.0,4.1,3.0,4.42,0.0,0.57,100.0,1.4492,0.041,0.9276,1.078049
alibaba_j_1000038,Alg4_Batch_LWF,42,alibaba_real_dag,8,0,4.0417,40.42,Origin_IT-NO,IT-NO,empty,True,16.9834,16.9834,100.0,24.09,0.68,4.7,0.0,4.7,3.0,24.14,-0.04,0.84,100.0,1.3914,0.047,0.1947,5.13617
alibaba_j_1000078,Alg4_Batch_LWF,42,alibaba_real_dag,5,0,0.175,2.0,Origin_IT-NO,IT-NO,empty,True,16.9834,16.9834,100.0,-0.52,0.04,0.0,0.0,0.0,0.0,0.08,-0.6,0.04,100.0,0.0,0.0,0.0,0.0
alibaba_j_1000075,Alg4_Batch_LWF,42,alibaba_real_dag,3,0,0.0611,2.0,Origin_IT-NO,IT-NO,empty,True,16.9834,16.9834,100.0,-0.52,0.01,0.0,0.0,0.0,0.0,0.03,-0.55,0.02,100.0,0.0,0.0,0.0,0.0
alibaba_j_1000037,Alg4_Batch_LWF,42,alibaba_real_dag,3,0,0.025,2.0,Origin_IT-NO,IT-NO,empty,True,16.9834,16.9834,100.0,-0.97,0.01,0.0,0.0,0.0,0.0,0.02,-0.99,0.01,100.0,0.0,0.0,0.0,0.0
alibaba_j_1000034,Alg4_Batch_LWF,42,alibaba_real_dag,3,0,0.0194,2.0,Origin_IT-NO,IT-NO,empty,True,16.9834,16.9834,100.0,-0.05,0.0,0.0,0.0,0.0,0.0,0.01,-0.06,0.01,100.0,0.0,0.0,0.0,0.0
alibaba_j_1000039,Alg4_Batch_LWF,42,alibaba_real_dag,10,0,5.3694,53.69,Origin_IT-SAR,IT-SAR,empty,True,16.9929,16.9929,100.0,4.42,0.57,4.1,0.0,4.1,3.0,4.42,0.0,0.57,100.0,1.4492,0.041,0.9276,1.078049
alibaba_j_1000038,Alg4_Batch_LWF,42,alibaba_real_dag,8,0,4.0417,40.42,Origin_IT-SAR,IT-SAR,empty,True,16.9929,16.9929,100.0,24.09,0.68,4.7,0.0,4.7,3.0,24.14,-0.04,0.84,100.0,1.3914,0.047,0.1947,5.13617
alibaba_j_1000078,Alg4_Batch_LWF,42,alibaba_real_dag,5,0,0.175,2.0,Origin_IT-SAR,IT-SAR,empty,True,16.9929,16.9929,100.0,-0.52,0.04,0.0,0.0,0.0,0.0,0.08,-0.6,0.04,100.0,0.0,0.0,0.0,0.0
alibaba_j_1000075,Alg4_Batch_LWF,42,alibaba_real_dag,3,0,0.0611,2.0,Origin_IT-SAR,IT-SAR,empty,True,16.9929,16.9929,100.0,-0.52,0.01,0.0,0.0,0.0,0.0,0.03,-0.55,0.02,100.0,0.0,0.0,0.0,0.0
alibaba_j_1000037,Alg4_Batch_LWF,42,alibaba_real_dag,3,0,0.025,2.0,Origin_IT-SAR,IT-SAR,empty,True,16.9929,16.9929,100.0,-0.97,0.01,0.0,0.0,0.0,0.0,0.02,-0.99,0.01,100.0,0.0,0.0,0.0,0.0
alibaba_j_1000034,Alg4_Batch_LWF,42,alibaba_real_dag,3,0,0.0194,2.0,Origin_IT-SAR,IT-SAR,empty,True,16.9929,16.9929,100.0,-0.05,0.0,0.0,0.0,0.0,0.0,0.01,-0.06,0.01,100.0,0.0,0.0,0.0,0.0
alibaba_j_1000039,Alg4_Batch_LWF,42,alibaba_real_dag,10,0,5.3694,53.69,Origin_IT-SIC,IT-SIC,empty,True,17.1406,17.1406,100.0,4.42,0.57,4.1,0.0,4.1,3.0,4.42,0.0,0.57,100.0,1.4492,0.041,0.9276,1.078049
alibaba_j_1000038,Alg4_Batch_LWF,42,alibaba_real_dag,8,0,4.0417,40.42,Origin_IT-SIC,IT-SIC,empty,True,17.1406,17.1406,100.0,24.09,0.68,4.7,0.0,4.7,3.0,24.14,-0.04,0.84,100.0,1.3914,0.047,0.1947,5.13617
alibaba_j_1000078,Alg4_Batch_LWF,42,alibaba_real_dag,5,0,0.175,2.0,Origin_IT-SIC,IT-SIC,empty,True,17.1406,17.1406,100.0,-0.52,0.04,0.0,0.0,0.0,0.0,0.08,-0.6,0.04,100.0,0.0,0.0,0.0,0.0
alibaba_j_1000075,Alg4_Batch_LWF,42,alibaba_real_dag,3,0,0.0611,2.0,Origin_IT-SIC,IT-SIC,empty,True,17.1406,17.1406,100.0,-0.52,0.01,0.0,0.0,0.0,0.0,0.03,-0.55,0.02,100.0,0.0,0.0,0.0,0.0
alibaba_j_1000037,Alg4_Batch_LWF,42,alibaba_real_dag,3,0,0.025,2.0,Origin_IT-SIC,IT-SIC,empty,True,17.1406,17.1406,100.0,-0.97,0.01,0.0,0.0,0.0,0.0,0.02,-0.99,0.01,100.0,0.0,0.0,0.0,0.0
alibaba_j_1000034,Alg4_Batch_LWF,42,alibaba_real_dag,3,0,0.0194,2.0,Origin_IT-SIC,IT-SIC,empty,True,17.1406,17.1406,100.0,-0.05,0.0,0.0,0.0,0.0,0.0,0.01,-0.06,0.01,100.0,0.0,0.0,0.0,0.0
alibaba_j_1000039,Alg4_Batch_LWF,42,alibaba_real_dag,10,0,5.3694,53.69,Origin_IT-SO,IT-SO,empty,True,17.0368,17.0368,100.0,4.42,0.57,4.1,0.0,4.1,3.0,4.42,0.0,0.57,100.0,1.4492,0.041,0.9276,1.078049
alibaba_j_1000038,Alg4_Batch_LWF,42,alibaba_real_dag,8,0,4.0417,40.42,Origin_IT-SO,IT-SO,empty,True,17.0368,17.0368,100.0,24.09,0.68,4.7,0.0,4.7,3.0,24.14,-0.04,0.84,100.0,1.3914,0.047,0.1947,5.13617
alibaba_j_1000078,Alg4_Batch_LWF,42,alibaba_real_dag,5,0,0.175,2.0,Origin_IT-SO,IT-SO,empty,True,17.0368,17.0368,100.0,-0.52,0.04,0.0,0.0,0.0,0.0,0.08,-0.6,0.04,100.0,0.0,0.0,0.0,0.0
alibaba_j_1000075,Alg4_Batch_LWF,42,alibaba_real_dag,3,0,0.0611,2.0,Origin_IT-SO,IT-SO,empty,True,17.0368,17.0368,100.0,-0.52,0.01,0.0,0.0,0.0,0.0,0.03,-0.55,0.02,100.0,0.0,0.0,0.0,0.0
alibaba_j_1000037,Alg4_Batch_LWF,42,alibaba_real_dag,3,0,0.025,2.0,Origin_IT-SO,IT-SO,empty,True,17.0368,17.0368,100.0,-0.97,0.01,0.0,0.0,0.0,0.0,0.02,-0.99,0.01,100.0,0.0,0.0,0.0,0.0
alibaba_j_1000034,Alg4_Batch_LWF,42,alibaba_real_dag,3,0,0.0194,2.0,Origin_IT-SO,IT-SO,empty,True,17.0368,17.0368,100.0,-0.05,0.0,0.0,0.0,0.0,0.0,0.01,-0.06,0.01,100.0,0.0,0.0,0.0,0.0
alibaba_j_1000039,Alg4_Batch_LWF,42,alibaba_real_dag,10,0,5.3694,53.69,Origin_JP-KN,JP-KN,empty,True,16.9644,16.9644,100.0,4.42,0.57,4.1,0.0,4.1,3.0,4.42,0.0,0.57,100.0,1.4492,0.041,0.9276,1.078049
alibaba_j_1000038,Alg4_Batch_LWF,42,alibaba_real_dag,8,0,4.0417,40.42,Origin_JP-KN,JP-KN,empty,True,16.9644,16.9644,100.0,24.09,0.68,4.7,0.0,4.7,3.0,24.14,-0.04,0.84,100.0,1.3914,0.047,0.1947,5.13617
alibaba_j_1000078,Alg4_Batch_LWF,42,alibaba_real_dag,5,0,0.175,2.0,Origin_JP-KN,JP-KN,empty,True,16.9644,16.9644,100.0,-0.52,0.04,0.0,0.0,0.0,0.0,0.08,-0.6,0.04,100.0,0.0,0.0,0.0,0.0
alibaba_j_1000075,Alg4_Batch_LWF,42,alibaba_real_dag,3,0,0.0611,2.0,Origin_JP-KN,JP-KN,empty,True,16.9644,16.9644,100.0,-0.52,0.01,0.0,0.0,0.0,0.0,0.03,-0.55,0.02,100.0,0.0,0.0,0.0,0.0
alibaba_j_1000037,Alg4_Batch_LWF,42,alibaba_real_dag,3,0,0.025,2.0,Origin_JP-KN,JP-KN,empty,True,16.9644,16.9644,100.0,-0.97,0.01,0.0,0.0,0.0,0.0,0.02,-0.99,0.01,100.0,0.0,0.0,0.0,0.0
alibaba_j_1000034,Alg4_Batch_LWF,42,alibaba_real_dag,3,0,0.0194,2.0,Origin_JP-KN,JP-KN,empty,True,16.9644,16.9644,100.0,-0.05,0.0,0.0,0.0,0.0,0.0,0.01,-0.06,0.01,100.0,0.0,0.0,0.0,0.0
alibaba_j_1000039,Alg4_Batch_LWF,42,alibaba_real_dag,10,0,5.3694,53.69,Origin_JP-TK,JP-TK,empty,True,16.9862,16.9862,100.0,4.42,0.57,4.1,0.0,4.1,3.0,4.42,0.0,0.57,100.0,1.4492,0.041,0.9276,1.078049
alibaba_j_1000038,Alg4_Batch_LWF,42,alibaba_real_dag,8,0,4.0417,40.42,Origin_JP-TK,JP-TK,empty,True,16.9862,16.9862,100.0,24.09,0.68,4.7,0.0,4.7,3.0,24.14,-0.04,0.84,100.0,1.3914,0.047,0.1947,5.13617
alibaba_j_1000078,Alg4_Batch_LWF,42,alibaba_real_dag,5,0,0.175,2.0,Origin_JP-TK,JP-TK,empty,True,16.9862,16.9862,100.0,-0.52,0.04,0.0,0.0,0.0,0.0,0.08,-0.6,0.04,100.0,0.0,0.0,0.0,0.0
alibaba_j_1000075,Alg4_Batch_LWF,42,alibaba_real_dag,3,0,0.0611,2.0,Origin_JP-TK,JP-TK,empty,True,16.9862,16.9862,100.0,-0.52,0.01,0.0,0.0,0.0,0.0,0.03,-0.55,0.02,100.0,0.0,0.0,0.0,0.0
alibaba_j_1000037,Alg4_Batch_LWF,42,alibaba_real_dag,3,0,0.025,2.0,Origin_JP-TK,JP-TK,empty,True,16.9862,16.9862,100.0,-0.97,0.01,0.0,0.0,0.0,0.0,0.02,-0.99,0.01,100.0,0.0,0.0,0.0,0.0
alibaba_j_1000034,Alg4_Batch_LWF,42,alibaba_real_dag,3,0,0.0194,2.0,Origin_JP-TK,JP-TK,empty,True,16.9862,16.9862,100.0,-0.05,0.0,0.0,0.0,0.0,0.0,0.01,-0.06,0.01,100.0,0.0,0.0,0.0,0.0
alibaba_j_1000039,Alg4_Batch_LWF,42,alibaba_real_dag,10,0,5.3694,53.69,Origin_KR,KR,empty,True,17.0315,17.0315,100.0,4.42,0.57,4.1,0.0,4.1,3.0,4.42,0.0,0.57,100.0,1.4492,0.041,0.9276,1.078049
alibaba_j_1000038,Alg4_Batch_LWF,42,alibaba_real_dag,8,0,4.0417,40.42,Origin_KR,KR,empty,True,17.0315,17.0315,100.0,24.09,0.68,4.7,0.0,4.7,3.0,24.14,-0.04,0.84,100.0,1.3914,0.047,0.1947,5.13617
alibaba_j_1000078,Alg4_Batch_LWF,42,alibaba_real_dag,5,0,0.175,2.0,Origin_KR,KR,empty,True,17.0315,17.0315,100.0,-0.52,0.04,0.0,0.0,0.0,0.0,0.08,-0.6,0.04,100.0,0.0,0.0,0.0,0.0
alibaba_j_1000075,Alg4_Batch_LWF,42,alibaba_real_dag,3,0,0.0611,2.0,Origin_KR,KR,empty,True,17.0315,17.0315,100.0,-0.52,0.01,0.0,0.0,0.0,0.0,0.03,-0.55,0.02,100.0,0.0,0.0,0.0,0.0
alibaba_j_1000037,Alg4_Batch_LWF,42,alibaba_real_dag,3,0,0.025,2.0,Origin_KR,KR,empty,True,17.0315,17.0315,100.0,-0.97,0.01,0.0,0.0,0.0,0.0,0.02,-0.99,0.01,100.0,0.0,0.0,0.0,0.0
alibaba_j_1000034,Alg4_Batch_LWF,42,alibaba_real_dag,3,0,0.0194,2.0,Origin_KR,KR,empty,True,17.0315,17.0315,100.0,-0.05,0.0,0.0,0.0,0.0,0.0,0.01,-0.06,0.01,100.0,0.0,0.0,0.0,0.0
alibaba_j_1000039,Alg4_Batch_LWF,42,alibaba_real_dag,10,0,5.3694,53.69,Origin_LT,LT,empty,True,17.0343,17.0343,100.0,4.42,0.57,4.1,0.0,4.1,3.0,4.42,0.0,0.57,100.0,1.4492,0.041,0.9276,1.078049
alibaba_j_1000038,Alg4_Batch_LWF,42,alibaba_real_dag,8,0,4.0417,40.42,Origin_LT,LT,empty,True,17.0343,17.0343,100.0,24.09,0.68,4.7,0.0,4.7,3.0,24.14,-0.04,0.84,100.0,1.3914,0.047,0.1947,5.13617
alibaba_j_1000078,Alg4_Batch_LWF,42,alibaba_real_dag,5,0,0.175,2.0,Origin_LT,LT,empty,True,17.0343,17.0343,100.0,-0.52,0.04,0.0,0.0,0.0,0.0,0.08,-0.6,0.04,100.0,0.0,0.0,0.0,0.0
alibaba_j_1000075,Alg4_Batch_LWF,42,alibaba_real_dag,3,0,0.0611,2.0,Origin_LT,LT,empty,True,17.0343,17.0343,100.0,-0.52,0.01,0.0,0.0,0.0,0.0,0.03,-0.55,0.02,100.0,0.0,0.0,0.0,0.0
alibaba_j_1000037,Alg4_Batch_LWF,42,alibaba_real_dag,3,0,0.025,2.0,Origin_LT,LT,empty,True,17.0343,17.0343,100.0,-0.97,0.01,0.0,0.0,0.0,0.0,0.02,-0.99,0.01,100.0,0.0,0.0,0.0,0.0
alibaba_j_1000034,Alg4_Batch_LWF,42,alibaba_real_dag,3,0,0.0194,2.0,Origin_LT,LT,empty,True,17.0343,17.0343,100.0,-0.05,0.0,0.0,0.0,0.0,0.0,0.01,-0.06,0.01,100.0,0.0,0.0,0.0,0.0
alibaba_j_1000039,Alg4_Batch_LWF,42,alibaba_real_dag,10,0,5.3694,53.69,Origin_LU,LU,empty,True,17.093,17.093,100.0,4.42,0.57,4.1,0.0,4.1,3.0,4.42,0.0,0.57,100.0,1.4492,0.041,0.9276,1.078049
alibaba_j_1000038,Alg4_Batch_LWF,42,alibaba_real_dag,8,0,4.0417,40.42,Origin_LU,LU,empty,True,17.093,17.093,100.0,24.09,0.68,4.7,0.0,4.7,3.0,24.14,-0.04,0.84,100.0,1.3914,0.047,0.1947,5.13617
alibaba_j_1000078,Alg4_Batch_LWF,42,alibaba_real_dag,5,0,0.175,2.0,Origin_LU,LU,empty,True,17.093,17.093,100.0,-0.52,0.04,0.0,0.0,0.0,0.0,0.08,-0.6,0.04,100.0,0.0,0.0,0.0,0.0
alibaba_j_1000075,Alg4_Batch_LWF,42,alibaba_real_dag,3,0,0.0611,2.0,Origin_LU,LU,empty,True,17.093,17.093,100.0,-0.52,0.01,0.0,0.0,0.0,0.0,0.03,-0.55,0.02,100.0,0.0,0.0,0.0,0.0
alibaba_j_1000037,Alg4_Batch_LWF,42,alibaba_real_dag,3,0,0.025,2.0,Origin_LU,LU,empty,True,17.093,17.093,100.0,-0.97,0.01,0.0,0.0,0.0,0.0,0.02,-0.99,0.01,100.0,0.0,0.0,0.0,0.0
alibaba_j_1000034,Alg4_Batch_LWF,42,alibaba_real_dag,3,0,0.0194,2.0,Origin_LU,LU,empty,True,17.093,17.093,100.0,-0.05,0.0,0.0,0.0,0.0,0.0,0.01,-0.06,0.01,100.0,0.0,0.0,0.0,0.0
alibaba_j_1000039,Alg4_Batch_LWF,42,alibaba_real_dag,10,0,5.3694,53.69,Origin_LV,LV,empty,True,17.0184,17.0184,100.0,4.42,0.57,4.1,0.0,4.1,3.0,4.42,0.0,0.57,100.0,1.4492,0.041,0.9276,1.078049
alibaba_j_1000038,Alg4_Batch_LWF,42,alibaba_real_dag,8,0,4.0417,40.42,Origin_LV,LV,empty,True,17.0184,17.0184,100.0,24.09,0.68,4.7,0.0,4.7,3.0,24.14,-0.04,0.84,100.0,1.3914,0.047,0.1947,5.13617
alibaba_j_1000078,Alg4_Batch_LWF,42,alibaba_real_dag,5,0,0.175,2.0,Origin_LV,LV,empty,True,17.0184,17.0184,100.0,-0.52,0.04,0.0,0.0,0.0,0.0,0.08,-0.6,0.04,100.0,0.0,0.0,0.0,0.0
alibaba_j_1000075,Alg4_Batch_LWF,42,alibaba_real_dag,3,0,0.0611,2.0,Origin_LV,LV,empty,True,17.0184,17.0184,100.0,-0.52,0.01,0.0,0.0,0.0,0.0,0.03,-0.55,0.02,100.0,0.0,0.0,0.0,0.0
alibaba_j_1000037,Alg4_Batch_LWF,42,alibaba_real_dag,3,0,0.025,2.0,Origin_LV,LV,empty,True,17.0184,17.0184,100.0,-0.97,0.01,0.0,0.0,0.0,0.0,0.02,-0.99,0.01,100.0,0.0,0.0,0.0,0.0
alibaba_j_1000034,Alg4_Batch_LWF,42,alibaba_real_dag,3,0,0.0194,2.0,Origin_LV,LV,empty,True,17.0184,17.0184,100.0,-0.05,0.0,0.0,0.0,0.0,0.0,0.01,-0.06,0.01,100.0,0.0,0.0,0.0,0.0
alibaba_j_1000039,Alg4_Batch_LWF,42,alibaba_real_dag,10,0,5.3694,53.69,Origin_NL,NL,empty,True,16.948,16.948,100.0,4.42,0.57,4.1,0.0,4.1,3.0,4.42,0.0,0.57,100.0,1.4492,0.041,0.9276,1.078049
alibaba_j_1000038,Alg4_Batch_LWF,42,alibaba_real_dag,8,0,4.0417,40.42,Origin_NL,NL,empty,True,16.948,16.948,100.0,24.09,0.68,4.7,0.0,4.7,3.0,24.14,-0.04,0.84,100.0,1.3914,0.047,0.1947,5.13617
alibaba_j_1000078,Alg4_Batch_LWF,42,alibaba_real_dag,5,0,0.175,2.0,Origin_NL,NL,empty,True,16.948,16.948,100.0,-0.52,0.04,0.0,0.0,0.0,0.0,0.08,-0.6,0.04,100.0,0.0,0.0,0.0,0.0
alibaba_j_1000075,Alg4_Batch_LWF,42,alibaba_real_dag,3,0,0.0611,2.0,Origin_NL,NL,empty,True,16.948,16.948,100.0,-0.52,0.01,0.0,0.0,0.0,0.0,0.03,-0.55,0.02,100.0,0.0,0.0,0.0,0.0
alibaba_j_1000037,Alg4_Batch_LWF,42,alibaba_real_dag,3,0,0.025,2.0,Origin_NL,NL,empty,True,16.948,16.948,100.0,-0.97,0.01,0.0,0.0,0.0,0.0,0.02,-0.99,0.01,100.0,0.0,0.0,0.0,0.0
alibaba_j_1000034,Alg4_Batch_LWF,42,alibaba_real_dag,3,0,0.0194,2.0,Origin_NL,NL,empty,True,16.948,16.948,100.0,-0.05,0.0,0.0,0.0,0.0,0.0,0.01,-0.06,0.01,100.0,0.0,0.0,0.0,0.0
alibaba_j_1000039,Alg4_Batch_LWF,42,alibaba_real_dag,10,0,5.3694,53.69,Origin_NO-NO1,NO-NO1,empty,True,16.9662,16.9662,100.0,4.42,0.57,4.1,0.0,4.1,3.0,4.42,0.0,0.57,100.0,1.4492,0.041,0.9276,1.078049
alibaba_j_1000038,Alg4_Batch_LWF,42,alibaba_real_dag,8,0,4.0417,40.42,Origin_NO-NO1,NO-NO1,empty,True,16.9662,16.9662,100.0,24.09,0.68,4.7,0.0,4.7,3.0,24.14,-0.04,0.84,100.0,1.3914,0.047,0.1947,5.13617
alibaba_j_1000078,Alg4_Batch_LWF,42,alibaba_real_dag,5,0,0.175,2.0,Origin_NO-NO1,NO-NO1,empty,True,16.9662,16.9662,100.0,-0.52,0.04,0.0,0.0,0.0,0.0,0.08,-0.6,0.04,100.0,0.0,0.0,0.0,0.0
alibaba_j_1000075,Alg4_Batch_LWF,42,alibaba_real_dag,3,0,0.0611,2.0,Origin_NO-NO1,NO-NO1,empty,True,16.9662,16.9662,100.0,-0.52,0.01,0.0,0.0,0.0,0.0,0.03,-0.55,0.02,100.0,0.0,0.0,0.0,0.0
alibaba_j_1000037,Alg4_Batch_LWF,42,alibaba_real_dag,3,0,0.025,2.0,Origin_NO-NO1,NO-NO1,empty,True,16.9662,16.9662,100.0,-0.97,0.01,0.0,0.0,0.0,0.0,0.02,-0.99,0.01,100.0,0.0,0.0,0.0,0.0
alibaba_j_1000034,Alg4_Batch_LWF,42,alibaba_real_dag,3,0,0.0194,2.0,Origin_NO-NO1,NO-NO1,empty,True,16.9662,16.9662,100.0,-0.05,0.0,0.0,0.0,0.0,0.0,0.01,-0.06,0.01,100.0,0.0,0.0,0.0,0.0
alibaba_j_1000039,Alg4_Batch_LWF,42,alibaba_real_dag,10,0,5.3694,53.69,Origin_NO-NO2,NO-NO2,empty,True,16.9806,16.9806,100.0,4.42,0.57,4.1,0.0,4.1,3.0,4.42,0.0,0.57,100.0,1.4492,0.041,0.9276,1.078049
alibaba_j_1000038,Alg4_Batch_LWF,42,alibaba_real_dag,8,0,4.0417,40.42,Origin_NO-NO2,NO-NO2,empty,True,16.9806,16.9806,100.0,24.09,0.68,4.7,0.0,4.7,3.0,24.14,-0.04,0.84,100.0,1.3914,0.047,0.1947,5.13617
alibaba_j_1000078,Alg4_Batch_LWF,42,alibaba_real_dag,5,0,0.175,2.0,Origin_NO-NO2,NO-NO2,empty,True,16.9806,16.9806,100.0,-0.52,0.04,0.0,0.0,0.0,0.0,0.08,-0.6,0.04,100.0,0.0,0.0,0.0,0.0
alibaba_j_1000075,Alg4_Batch_LWF,42,alibaba_real_dag,3,0,0.0611,2.0,Origin_NO-NO2,NO-NO2,empty,True,16.9806,16.9806,100.0,-0.52,0.01,0.0,0.0,0.0,0.0,0.03,-0.55,0.02,100.0,0.0,0.0,0.0,0.0
alibaba_j_1000037,Alg4_Batch_LWF,42,alibaba_real_dag,3,0,0.025,2.0,Origin_NO-NO2,NO-NO2,empty,True,16.9806,16.9806,100.0,-0.97,0.01,0.0,0.0,0.0,0.0,0.02,-0.99,0.01,100.0,0.0,0.0,0.0,0.0
alibaba_j_1000034,Alg4_Batch_LWF,42,alibaba_real_dag,3,0,0.0194,2.0,Origin_NO-NO2,NO-NO2,empty,True,16.9806,16.9806,100.0,-0.05,0.0,0.0,0.0,0.0,0.0,0.01,-0.06,0.01,100.0,0.0,0.0,0.0,0.0
alibaba_j_1000039,Alg4_Batch_LWF,42,alibaba_real_dag,10,0,5.3694,53.69,Origin_NO-NO3,NO-NO3,empty,True,16.8986,16.8986,100.0,4.42,0.57,4.1,0.0,4.1,3.0,4.42,0.0,0.57,100.0,1.4492,0.041,0.9276,1.078049
alibaba_j_1000038,Alg4_Batch_LWF,42,alibaba_real_dag,8,0,4.0417,40.42,Origin_NO-NO3,NO-NO3,empty,True,16.8986,16.8986,100.0,24.09,0.68,4.7,0.0,4.7,3.0,24.14,-0.04,0.84,100.0,1.3914,0.047,0.1947,5.13617
alibaba_j_1000078,Alg4_Batch_LWF,42,alibaba_real_dag,5,0,0.175,2.0,Origin_NO-NO3,NO-NO3,empty,True,16.8986,16.8986,100.0,-0.52,0.04,0.0,0.0,0.0,0.0,0.08,-0.6,0.04,100.0,0.0,0.0,0.0,0.0
alibaba_j_1000075,Alg4_Batch_LWF,42,alibaba_real_dag,3,0,0.0611,2.0,Origin_NO-NO3,NO-NO3,empty,True,16.8986,16.8986,100.0,-0.52,0.01,0.0,0.0,0.0,0.0,0.03,-0.55,0.02,100.0,0.0,0.0,0.0,0.0
alibaba_j_1000037,Alg4_Batch_LWF,42,alibaba_real_dag,3,0,0.025,2.0,Origin_NO-NO3,NO-NO3,empty,True,16.8986,16.8986,100.0,-0.97,0.01,0.0,0.0,0.0,0.0,0.02,-0.99,0.01,100.0,0.0,0.0,0.0,0.0
alibaba_j_1000034,Alg4_Batch_LWF,42,alibaba_real_dag,3,0,0.0194,2.0,Origin_NO-NO3,NO-NO3,empty,True,16.8986,16.8986,100.0,-0.05,0.0,0.0,0.0,0.0,0.0,0.01,-0.06,0.01,100.0,0.0,0.0,0.0,0.0
alibaba_j_1000039,Alg4_Batch_LWF,42,alibaba_real_dag,10,0,5.3694,53.69,Origin_NO-NO4,NO-NO4,empty,True,18.2032,18.2032,100.0,4.42,0.57,4.1,0.0,4.1,3.0,4.42,0.0,0.57,100.0,1.4492,0.041,0.9276,1.078049
alibaba_j_1000038,Alg4_Batch_LWF,42,alibaba_real_dag,8,0,4.0417,40.42,Origin_NO-NO4,NO-NO4,empty,True,18.2032,18.2032,100.0,24.09,0.68,4.7,0.0,4.7,3.0,24.14,-0.04,0.84,100.0,1.3914,0.047,0.1947,5.13617
alibaba_j_1000078,Alg4_Batch_LWF,42,alibaba_real_dag,5,0,0.175,2.0,Origin_NO-NO4,NO-NO4,empty,True,18.2032,18.2032,100.0,-0.52,0.04,0.0,0.0,0.0,0.0,0.08,-0.6,0.04,100.0,0.0,0.0,0.0,0.0
alibaba_j_1000075,Alg4_Batch_LWF,42,alibaba_real_dag,3,0,0.0611,2.0,Origin_NO-NO4,NO-NO4,empty,True,18.2032,18.2032,100.0,-0.52,0.01,0.0,0.0,0.0,0.0,0.03,-0.55,0.02,100.0,0.0,0.0,0.0,0.0
alibaba_j_1000037,Alg4_Batch_LWF,42,alibaba_real_dag,3,0,0.025,2.0,Origin_NO-NO4,NO-NO4,empty,True,18.2032,18.2032,100.0,-0.97,0.01,0.0,0.0,0.0,0.0,0.02,-0.99,0.01,100.0,0.0,0.0,0.0,0.0
alibaba_j_1000034,Alg4_Batch_LWF,42,alibaba_real_dag,3,0,0.0194,2.0,Origin_NO-NO4,NO-NO4,empty,True,18.2032,18.2032,100.0,-0.05,0.0,0.0,0.0,0.0,0.0,0.01,-0.06,0.01,100.0,0.0,0.0,0.0,0.0
alibaba_j_1000039,Alg4_Batch_LWF,42,alibaba_real_dag,10,0,5.3694,53.69,Origin_NO-NO5,NO-NO5,empty,True,17.0602,17.0602,100.0,4.42,0.57,4.1,0.0,4.1,3.0,4.42,0.0,0.57,100.0,1.4492,0.041,0.9276,1.078049
alibaba_j_1000038,Alg4_Batch_LWF,42,alibaba_real_dag,8,0,4.0417,40.42,Origin_NO-NO5,NO-NO5,empty,True,17.0602,17.0602,100.0,24.09,0.68,4.7,0.0,4.7,3.0,24.14,-0.04,0.84,100.0,1.3914,0.047,0.1947,5.13617
alibaba_j_1000078,Alg4_Batch_LWF,42,alibaba_real_dag,5,0,0.175,2.0,Origin_NO-NO5,NO-NO5,empty,True,17.0602,17.0602,100.0,-0.52,0.04,0.0,0.0,0.0,0.0,0.08,-0.6,0.04,100.0,0.0,0.0,0.0,0.0
alibaba_j_1000075,Alg4_Batch_LWF,42,alibaba_real_dag,3,0,0.0611,2.0,Origin_NO-NO5,NO-NO5,empty,True,17.0602,17.0602,100.0,-0.52,0.01,0.0,0.0,0.0,0.0,0.03,-0.55,0.02,100.0,0.0,0.0,0.0,0.0
alibaba_j_1000037,Alg4_Batch_LWF,42,alibaba_real_dag,3,0,0.025,2.0,Origin_NO-NO5,NO-NO5,empty,True,17.0602,17.0602,100.0,-0.97,0.01,0.0,0.0,0.0,0.0,0.02,-0.99,0.01,100.0,0.0,0.0,0.0,0.0
alibaba_j_1000034,Alg4_Batch_LWF,42,alibaba_real_dag,3,0,0.0194,2.0,Origin_NO-NO5,NO-NO5,empty,True,17.0602,17.0602,100.0,-0.05,0.0,0.0,0.0,0.0,0.0,0.01,-0.06,0.01,100.0,0.0,0.0,0.0,0.0
alibaba_j_1000039,Alg4_Batch_LWF,42,alibaba_real_dag,10,0,5.3694,53.69,Origin_NZ,NZ,empty,True,17.1304,17.1304,100.0,4.42,0.57,4.1,0.0,4.1,3.0,4.42,0.0,0.57,100.0,1.4492,0.041,0.9276,1.078049
alibaba_j_1000038,Alg4_Batch_LWF,42,alibaba_real_dag,8,0,4.0417,40.42,Origin_NZ,NZ,empty,True,17.1304,17.1304,100.0,24.09,0.68,4.7,0.0,4.7,3.0,24.14,-0.04,0.84,100.0,1.3914,0.047,0.1947,5.13617
alibaba_j_1000078,Alg4_Batch_LWF,42,alibaba_real_dag,5,0,0.175,2.0,Origin_NZ,NZ,empty,True,17.1304,17.1304,100.0,-0.52,0.04,0.0,0.0,0.0,0.0,0.08,-0.6,0.04,100.0,0.0,0.0,0.0,0.0
alibaba_j_1000075,Alg4_Batch_LWF,42,alibaba_real_dag,3,0,0.0611,2.0,Origin_NZ,NZ,empty,True,17.1304,17.1304,100.0,-0.52,0.01,0.0,0.0,0.0,0.0,0.03,-0.55,0.02,100.0,0.0,0.0,0.0,0.0
alibaba_j_1000037,Alg4_Batch_LWF,42,alibaba_real_dag,3,0,0.025,2.0,Origin_NZ,NZ,empty,True,17.1304,17.1304,100.0,-0.97,0.01,0.0,0.0,0.0,0.0,0.02,-0.99,0.01,100.0,0.0,0.0,0.0,0.0
alibaba_j_1000034,Alg4_Batch_LWF,42,alibaba_real_dag,3,0,0.0194,2.0,Origin_NZ,NZ,empty,True,17.1304,17.1304,100.0,-0.05,0.0,0.0,0.0,0.0,0.0,0.01,-0.06,0.01,100.0,0.0,0.0,0.0,0.0
alibaba_j_1000039,Alg4_Batch_LWF,42,alibaba_real_dag,10,0,5.3694,53.69,Origin_PA,PA,empty,True,17.2464,17.2464,100.0,4.42,0.57,4.1,0.0,4.1,3.0,4.42,0.0,0.57,100.0,1.4492,0.041,0.9276,1.078049
alibaba_j_1000038,Alg4_Batch_LWF,42,alibaba_real_dag,8,0,4.0417,40.42,Origin_PA,PA,empty,True,17.2464,17.2464,100.0,24.09,0.68,4.7,0.0,4.7,3.0,24.14,-0.04,0.84,100.0,1.3914,0.047,0.1947,5.13617
alibaba_j_1000078,Alg4_Batch_LWF,42,alibaba_real_dag,5,0,0.175,2.0,Origin_PA,PA,empty,True,17.2464,17.2464,100.0,-0.52,0.04,0.0,0.0,0.0,0.0,0.08,-0.6,0.04,100.0,0.0,0.0,0.0,0.0
alibaba_j_1000075,Alg4_Batch_LWF,42,alibaba_real_dag,3,0,0.0611,2.0,Origin_PA,PA,empty,True,17.2464,17.2464,100.0,-0.52,0.01,0.0,0.0,0.0,0.0,0.03,-0.55,0.02,100.0,0.0,0.0,0.0,0.0
alibaba_j_1000037,Alg4_Batch_LWF,42,alibaba_real_dag,3,0,0.025,2.0,Origin_PA,PA,empty,True,17.2464,17.2464,100.0,-0.97,0.01,0.0,0.0,0.0,0.0,0.02,-0.99,0.01,100.0,0.0,0.0,0.0,0.0
alibaba_j_1000034,Alg4_Batch_LWF,42,alibaba_real_dag,3,0,0.0194,2.0,Origin_PA,PA,empty,True,17.2464,17.2464,100.0,-0.05,0.0,0.0,0.0,0.0,0.0,0.01,-0.06,0.01,100.0,0.0,0.0,0.0,0.0
alibaba_j_1000039,Alg4_Batch_LWF,42,alibaba_real_dag,10,0,5.3694,53.69,Origin_PE,PE,empty,True,17.2277,17.2277,100.0,4.42,0.57,4.1,0.0,4.1,3.0,4.42,0.0,0.57,100.0,1.4492,0.041,0.9276,1.078049
alibaba_j_1000038,Alg4_Batch_LWF,42,alibaba_real_dag,8,0,4.0417,40.42,Origin_PE,PE,empty,True,17.2277,17.2277,100.0,24.09,0.68,4.7,0.0,4.7,3.0,24.14,-0.04,0.84,100.0,1.3914,0.047,0.1947,5.13617
alibaba_j_1000078,Alg4_Batch_LWF,42,alibaba_real_dag,5,0,0.175,2.0,Origin_PE,PE,empty,True,17.2277,17.2277,100.0,-0.52,0.04,0.0,0.0,0.0,0.0,0.08,-0.6,0.04,100.0,0.0,0.0,0.0,0.0
alibaba_j_1000075,Alg4_Batch_LWF,42,alibaba_real_dag,3,0,0.0611,2.0,Origin_PE,PE,empty,True,17.2277,17.2277,100.0,-0.52,0.01,0.0,0.0,0.0,0.0,0.03,-0.55,0.02,100.0,0.0,0.0,0.0,0.0
alibaba_j_1000037,Alg4_Batch_LWF,42,alibaba_real_dag,3,0,0.025,2.0,Origin_PE,PE,empty,True,17.2277,17.2277,100.0,-0.97,0.01,0.0,0.0,0.0,0.0,0.02,-0.99,0.01,100.0,0.0,0.0,0.0,0.0
alibaba_j_1000034,Alg4_Batch_LWF,42,alibaba_real_dag,3,0,0.0194,2.0,Origin_PE,PE,empty,True,17.2277,17.2277,100.0,-0.05,0.0,0.0,0.0,0.0,0.0,0.01,-0.06,0.01,100.0,0.0,0.0,0.0,0.0
alibaba_j_1000039,Alg4_Batch_LWF,42,alibaba_real_dag,10,0,5.3694,53.69,Origin_PL,PL,empty,True,17.175,17.175,100.0,4.42,0.57,4.1,0.0,4.1,3.0,4.42,0.0,0.57,100.0,1.4492,0.041,0.9276,1.078049
alibaba_j_1000038,Alg4_Batch_LWF,42,alibaba_real_dag,8,0,4.0417,40.42,Origin_PL,PL,empty,True,17.175,17.175,100.0,24.09,0.68,4.7,0.0,4.7,3.0,24.14,-0.04,0.84,100.0,1.3914,0.047,0.1947,5.13617
alibaba_j_1000078,Alg4_Batch_LWF,42,alibaba_real_dag,5,0,0.175,2.0,Origin_PL,PL,empty,True,17.175,17.175,100.0,-0.52,0.04,0.0,0.0,0.0,0.0,0.08,-0.6,0.04,100.0,0.0,0.0,0.0,0.0
alibaba_j_1000075,Alg4_Batch_LWF,42,alibaba_real_dag,3,0,0.0611,2.0,Origin_PL,PL,empty,True,17.175,17.175,100.0,-0.52,0.01,0.0,0.0,0.0,0.0,0.03,-0.55,0.02,100.0,0.0,0.0,0.0,0.0
alibaba_j_1000037,Alg4_Batch_LWF,42,alibaba_real_dag,3,0,0.025,2.0,Origin_PL,PL,empty,True,17.175,17.175,100.0,-0.97,0.01,0.0,0.0,0.0,0.0,0.02,-0.99,0.01,100.0,0.0,0.0,0.0,0.0
alibaba_j_1000034,Alg4_Batch_LWF,42,alibaba_real_dag,3,0,0.0194,2.0,Origin_PL,PL,empty,True,17.175,17.175,100.0,-0.05,0.0,0.0,0.0,0.0,0.0,0.01,-0.06,0.01,100.0,0.0,0.0,0.0,0.0
alibaba_j_1000039,Alg4_Batch_LWF,42,alibaba_real_dag,10,0,5.3694,53.69,Origin_PT,PT,empty,True,17.2757,17.2757,100.0,4.42,0.57,4.1,0.0,4.1,3.0,4.42,0.0,0.57,100.0,1.4492,0.041,0.9276,1.078049
alibaba_j_1000038,Alg4_Batch_LWF,42,alibaba_real_dag,8,0,4.0417,40.42,Origin_PT,PT,empty,True,17.2757,17.2757,100.0,24.09,0.68,4.7,0.0,4.7,3.0,24.14,-0.04,0.84,100.0,1.3914,0.047,0.1947,5.13617
alibaba_j_1000078,Alg4_Batch_LWF,42,alibaba_real_dag,5,0,0.175,2.0,Origin_PT,PT,empty,True,17.2757,17.2757,100.0,-0.52,0.04,0.0,0.0,0.0,0.0,0.08,-0.6,0.04,100.0,0.0,0.0,0.0,0.0
alibaba_j_1000075,Alg4_Batch_LWF,42,alibaba_real_dag,3,0,0.0611,2.0,Origin_PT,PT,empty,True,17.2757,17.2757,100.0,-0.52,0.01,0.0,0.0,0.0,0.0,0.03,-0.55,0.02,100.0,0.0,0.0,0.0,0.0
alibaba_j_1000037,Alg4_Batch_LWF,42,alibaba_real_dag,3,0,0.025,2.0,Origin_PT,PT,empty,True,17.2757,17.2757,100.0,-0.97,0.01,0.0,0.0,0.0,0.0,0.02,-0.99,0.01,100.0,0.0,0.0,0.0,0.0
alibaba_j_1000034,Alg4_Batch_LWF,42,alibaba_real_dag,3,0,0.0194,2.0,Origin_PT,PT,empty,True,17.2757,17.2757,100.0,-0.05,0.0,0.0,0.0,0.0,0.0,0.01,-0.06,0.01,100.0,0.0,0.0,0.0,0.0
alibaba_j_1000039,Alg4_Batch_LWF,42,alibaba_real_dag,10,0,5.3694,53.69,Origin_RO,RO,empty,True,17.2126,17.2126,100.0,4.42,0.57,4.1,0.0,4.1,3.0,4.42,0.0,0.57,100.0,1.4492,0.041,0.9276,1.078049
alibaba_j_1000038,Alg4_Batch_LWF,42,alibaba_real_dag,8,0,4.0417,40.42,Origin_RO,RO,empty,True,17.2126,17.2126,100.0,24.09,0.68,4.7,0.0,4.7,3.0,24.14,-0.04,0.84,100.0,1.3914,0.047,0.1947,5.13617
alibaba_j_1000078,Alg4_Batch_LWF,42,alibaba_real_dag,5,0,0.175,2.0,Origin_RO,RO,empty,True,17.2126,17.2126,100.0,-0.52,0.04,0.0,0.0,0.0,0.0,0.08,-0.6,0.04,100.0,0.0,0.0,0.0,0.0
alibaba_j_1000075,Alg4_Batch_LWF,42,alibaba_real_dag,3,0,0.0611,2.0,Origin_RO,RO,empty,True,17.2126,17.2126,100.0,-0.52,0.01,0.0,0.0,0.0,0.0,0.03,-0.55,0.02,100.0,0.0,0.0,0.0,0.0
alibaba_j_1000037,Alg4_Batch_LWF,42,alibaba_real_dag,3,0,0.025,2.0,Origin_RO,RO,empty,True,17.2126,17.2126,100.0,-0.97,0.01,0.0,0.0,0.0,0.0,0.02,-0.99,0.01,100.0,0.0,0.0,0.0,0.0
alibaba_j_1000034,Alg4_Batch_LWF,42,alibaba_real_dag,3,0,0.0194,2.0,Origin_RO,RO,empty,True,17.2126,17.2126,100.0,-0.05,0.0,0.0,0.0,0.0,0.0,0.01,-0.06,0.01,100.0,0.0,0.0,0.0,0.0
alibaba_j_1000039,Alg4_Batch_LWF,42,alibaba_real_dag,10,0,5.3694,53.69,Origin_SE-SE1,SE-SE1,empty,True,17.2021,17.2021,100.0,4.42,0.57,4.1,0.0,4.1,3.0,4.42,0.0,0.57,100.0,1.4492,0.041,0.9276,1.078049
alibaba_j_1000038,Alg4_Batch_LWF,42,alibaba_real_dag,8,0,4.0417,40.42,Origin_SE-SE1,SE-SE1,empty,True,17.2021,17.2021,100.0,24.09,0.68,4.7,0.0,4.7,3.0,24.14,-0.04,0.84,100.0,1.3914,0.047,0.1947,5.13617
alibaba_j_1000078,Alg4_Batch_LWF,42,alibaba_real_dag,5,0,0.175,2.0,Origin_SE-SE1,SE-SE1,empty,True,17.2021,17.2021,100.0,-0.52,0.04,0.0,0.0,0.0,0.0,0.08,-0.6,0.04,100.0,0.0,0.0,0.0,0.0
alibaba_j_1000075,Alg4_Batch_LWF,42,alibaba_real_dag,3,0,0.0611,2.0,Origin_SE-SE1,SE-SE1,empty,True,17.2021,17.2021,100.0,-0.52,0.01,0.0,0.0,0.0,0.0,0.03,-0.55,0.02,100.0,0.0,0.0,0.0,0.0
alibaba_j_1000037,Alg4_Batch_LWF,42,alibaba_real_dag,3,0,0.025,2.0,Origin_SE-SE1,SE-SE1,empty,True,17.2021,17.2021,100.0,-0.97,0.01,0.0,0.0,0.0,0.0,0.02,-0.99,0.01,100.0,0.0,0.0,0.0,0.0
alibaba_j_1000034,Alg4_Batch_LWF,42,alibaba_real_dag,3,0,0.0194,2.0,Origin_SE-SE1,SE-SE1,empty,True,17.2021,17.2021,100.0,-0.05,0.0,0.0,0.0,0.0,0.0,0.01,-0.06,0.01,100.0,0.0,0.0,0.0,0.0
alibaba_j_1000039,Alg4_Batch_LWF,42,alibaba_real_dag,10,0,5.3694,53.69,Origin_SE-SE2,SE-SE2,empty,True,17.3228,17.3228,100.0,4.42,0.57,4.1,0.0,4.1,3.0,4.42,0.0,0.57,100.0,1.4492,0.041,0.9276,1.078049
alibaba_j_1000038,Alg4_Batch_LWF,42,alibaba_real_dag,8,0,4.0417,40.42,Origin_SE-SE2,SE-SE2,empty,True,17.3228,17.3228,100.0,24.09,0.68,4.7,0.0,4.7,3.0,24.14,-0.04,0.84,100.0,1.3914,0.047,0.1947,5.13617
alibaba_j_1000078,Alg4_Batch_LWF,42,alibaba_real_dag,5,0,0.175,2.0,Origin_SE-SE2,SE-SE2,empty,True,17.3228,17.3228,100.0,-0.52,0.04,0.0,0.0,0.0,0.0,0.08,-0.6,0.04,100.0,0.0,0.0,0.0,0.0
alibaba_j_1000075,Alg4_Batch_LWF,42,alibaba_real_dag,3,0,0.0611,2.0,Origin_SE-SE2,SE-SE2,empty,True,17.3228,17.3228,100.0,-0.52,0.01,0.0,0.0,0.0,0.0,0.03,-0.55,0.02,100.0,0.0,0.0,0.0,0.0
alibaba_j_1000037,Alg4_Batch_LWF,42,alibaba_real_dag,3,0,0.025,2.0,Origin_SE-SE2,SE-SE2,empty,True,17.3228,17.3228,100.0,-0.97,0.01,0.0,0.0,0.0,0.0,0.02,-0.99,0.01,100.0,0.0,0.0,0.0,0.0
alibaba_j_1000034,Alg4_Batch_LWF,42,alibaba_real_dag,3,0,0.0194,2.0,Origin_SE-SE2,SE-SE2,empty,True,17.3228,17.3228,100.0,-0.05,0.0,0.0,0.0,0.0,0.0,0.01,-0.06,0.01,100.0,0.0,0.0,0.0,0.0
alibaba_j_1000039,Alg4_Batch_LWF,42,alibaba_real_dag,10,0,5.3694,53.69,Origin_SE-SE3,SE-SE3,empty,True,17.2172,17.2172,100.0,4.42,0.57,4.1,0.0,4.1,3.0,4.42,0.0,0.57,100.0,1.4492,0.041,0.9276,1.078049
alibaba_j_1000038,Alg4_Batch_LWF,42,alibaba_real_dag,8,0,4.0417,40.42,Origin_SE-SE3,SE-SE3,empty,True,17.2172,17.2172,100.0,24.09,0.68,4.7,0.0,4.7,3.0,24.14,-0.04,0.84,100.0,1.3914,0.047,0.1947,5.13617
alibaba_j_1000078,Alg4_Batch_LWF,42,alibaba_real_dag,5,0,0.175,2.0,Origin_SE-SE3,SE-SE3,empty,True,17.2172,17.2172,100.0,-0.52,0.04,0.0,0.0,0.0,0.0,0.08,-0.6,0.04,100.0,0.0,0.0,0.0,0.0
alibaba_j_1000075,Alg4_Batch_LWF,42,alibaba_real_dag,3,0,0.0611,2.0,Origin_SE-SE3,SE-SE3,empty,True,17.2172,17.2172,100.0,-0.52,0.01,0.0,0.0,0.0,0.0,0.03,-0.55,0.02,100.0,0.0,0.0,0.0,0.0
alibaba_j_1000037,Alg4_Batch_LWF,42,alibaba_real_dag,3,0,0.025,2.0,Origin_SE-SE3,SE-SE3,empty,True,17.2172,17.2172,100.0,-0.97,0.01,0.0,0.0,0.0,0.0,0.02,-0.99,0.01,100.0,0.0,0.0,0.0,0.0
alibaba_j_1000034,Alg4_Batch_LWF,42,alibaba_real_dag,3,0,0.0194,2.0,Origin_SE-SE3,SE-SE3,empty,True,17.2172,17.2172,100.0,-0.05,0.0,0.0,0.0,0.0,0.0,0.01,-0.06,0.01,100.0,0.0,0.0,0.0,0.0
alibaba_j_1000039,Alg4_Batch_LWF,42,alibaba_real_dag,10,0,5.3694,53.69,Origin_SE-SE4,SE-SE4,empty,True,17.2332,17.2332,100.0,4.42,0.57,4.1,0.0,4.1,3.0,4.42,0.0,0.57,100.0,1.4492,0.041,0.9276,1.078049
alibaba_j_1000038,Alg4_Batch_LWF,42,alibaba_real_dag,8,0,4.0417,40.42,Origin_SE-SE4,SE-SE4,empty,True,17.2332,17.2332,100.0,24.09,0.68,4.7,0.0,4.7,3.0,24.14,-0.04,0.84,100.0,1.3914,0.047,0.1947,5.13617
alibaba_j_1000078,Alg4_Batch_LWF,42,alibaba_real_dag,5,0,0.175,2.0,Origin_SE-SE4,SE-SE4,empty,True,17.2332,17.2332,100.0,-0.52,0.04,0.0,0.0,0.0,0.0,0.08,-0.6,0.04,100.0,0.0,0.0,0.0,0.0
alibaba_j_1000075,Alg4_Batch_LWF,42,alibaba_real_dag,3,0,0.0611,2.0,Origin_SE-SE4,SE-SE4,empty,True,17.2332,17.2332,100.0,-0.52,0.01,0.0,0.0,0.0,0.0,0.03,-0.55,0.02,100.0,0.0,0.0,0.0,0.0
alibaba_j_1000037,Alg4_Batch_LWF,42,alibaba_real_dag,3,0,0.025,2.0,Origin_SE-SE4,SE-SE4,empty,True,17.2332,17.2332,100.0,-0.97,0.01,0.0,0.0,0.0,0.0,0.02,-0.99,0.01,100.0,0.0,0.0,0.0,0.0
alibaba_j_1000034,Alg4_Batch_LWF,42,alibaba_real_dag,3,0,0.0194,2.0,Origin_SE-SE4,SE-SE4,empty,True,17.2332,17.2332,100.0,-0.05,0.0,0.0,0.0,0.0,0.0,0.01,-0.06,0.01,100.0,0.0,0.0,0.0,0.0
alibaba_j_1000039,Base_Temp_Batch_LWF,13,alibaba_real_dag,10,0,5.3694,53.69,Origin_AT,AT,empty,True,2.02,2.02,100.0,47.42,0.57,14.1,0.0,14.1,3.0,44.42,3.0,0.57,100.0,4.9839,0.141,0.3174,3.150355
alibaba_j_1000038,Base_Temp_Batch_LWF,13,alibaba_real_dag,8,0,4.0417,40.42,Origin_AT,AT,empty,True,2.02,2.02,87.5,47.58,0.68,11.5,0.0,11.5,3.0,21.62,25.96,0.84,0.0,3.4046,0.1314,0.5319,1.88
alibaba_j_1000078,Base_Temp_Batch_LWF,13,alibaba_real_dag,5,0,0.175,2.0,Origin_AT,AT,empty,True,2.02,2.02,0.0,25.48,0.04,0.0,0.0,0.0,0.0,0.08,25.4,0.04,0.0,0.0,0.0,0.0,0.0
alibaba_j_1000075,Base_Temp_Batch_LWF,13,alibaba_real_dag,3,0,0.0611,2.0,Origin_AT,AT,empty,True,2.02,2.02,100.0,-0.52,0.01,0.0,0.0,0.0,0.0,0.03,-0.55,0.02,100.0,0.0,0.0,0.0,0.0
alibaba_j_1000037,Base_Temp_Batch_LWF,13,alibaba_real_dag,3,0,0.025,2.0,Origin_AT,AT,empty,True,2.02,2.02,100.0,-0.97,0.01,0.0,0.0,0.0,0.0,0.02,-0.99,0.01,100.0,0.0,0.0,0.0,0.0
alibaba_j_1000034,Base_Temp_Batch_LWF,13,alibaba_real_dag,3,0,0.0194,2.0,Origin_AT,AT,empty,True,2.02,2.02,0.0,40.95,0.0,0.0,0.0,0.0,0.0,0.01,40.94,0.01,0.0,0.0,0.0,0.0,0.0
alibaba_j_1000039,Base_Temp_Batch_LWF,13,alibaba_real_dag,10,0,5.3694,53.69,Origin_AU-NSW,AU-NSW,empty,True,1.9887,1.9887,100.0,36.01,0.57,133.9,0.0,133.9,3.0,23.01,13.0,0.57,100.0,47.3295,1.339,5.8192,0.171845
alibaba_j_1000038,Base_Temp_Batch_LWF,13,alibaba_real_dag,8,0,4.0417,40.42,Origin_AU-NSW,AU-NSW,empty,True,1.9887,1.9887,0.0,44.58,0.68,113.7,0.0,113.7,3.0,3.62,40.96,0.84,0.0,33.661,0.0,31.4088,0.031838
alibaba_j_1000078,Base_Temp_Batch_LWF,13,alibaba_real_dag,5,0,0.175,2.0,Origin_AU-NSW,AU-NSW,empty,True,1.9887,1.9887,0.0,40.48,0.04,0.0,0.0,0.0,0.0,0.08,40.4,0.04,0.0,0.0,0.0,0.0,0.0
alibaba_j_1000075,Base_Temp_Batch_LWF,13,alibaba_real_dag,3,0,0.0611,2.0,Origin_AU-NSW,AU-NSW,empty,True,1.9887,1.9887,0.0,20.48,0.01,0.0,0.0,0.0,0.0,0.03,20.45,0.02,0.0,0.0,0.0,0.0,0.0
alibaba_j_1000037,Base_Temp_Batch_LWF,13,alibaba_real_dag,3,0,0.025,2.0,Origin_AU-NSW,AU-NSW,empty,True,1.9887,1.9887,0.0,17.03,0.01,0.0,0.0,0.0,0.0,0.02,17.01,0.01,0.0,0.0,0.0,0.0,0.0
alibaba_j_1000034,Base_Temp_Batch_LWF,13,alibaba_real_dag,3,0,0.0194,2.0,Origin_AU-NSW,AU-NSW,empty,True,1.9887,1.9887,0.0,48.95,0.0,0.0,0.0,0.0,0.0,0.01,48.94,0.01,0.0,0.0,0.0,0.0,0.0
alibaba_j_1000039,Base_Temp_Batch_LWF,13,alibaba_real_dag,10,0,5.3694,53.69,Origin_AU-QLD,AU-QLD,empty,True,2.004,2.004,100.0,39.42,0.57,110.0,0.0,110.0,3.0,3.42,36.0,0.57,100.0,38.8816,1.1,32.1637,0.031091
alibaba_j_1000038,Base_Temp_Batch_LWF,13,alibaba_real_dag,8,0,4.0417,40.42,Origin_AU-QLD,AU-QLD,empty,True,2.004,2.004,100.0,19.58,0.68,109.1,0.0,109.1,3.0,3.62,15.96,0.84,100.0,32.2991,1.091,30.1381,0.033181
alibaba_j_1000078,Base_Temp_Batch_LWF,13,alibaba_real_dag,5,0,0.175,2.0,Origin_AU-QLD,AU-QLD,empty,True,2.004,2.004,0.0,15.48,0.04,0.0,0.0,0.0,0.0,0.08,15.4,0.04,0.0,0.0,0.0,0.0,0.0
alibaba_j_1000075,Base_Temp_Batch_LWF,13,alibaba_real_dag,3,0,0.0611,2.0,Origin_AU-QLD,AU-QLD,empty,True,2.004,2.004,0.0,44.48,0.01,0.0,0.0,0.0,0.0,0.03,44.45,0.02,0.0,0.0,0.0,0.0,0.0
alibaba_j_1000037,Base_Temp_Batch_LWF,13,alibaba_real_dag,3,0,0.025,2.0,Origin_AU-QLD,AU-QLD,empty,True,2.004,2.004,0.0,41.03,0.01,0.0,0.0,0.0,0.0,0.02,41.01,0.01,0.0,0.0,0.0,0.0,0.0
alibaba_j_1000034,Base_Temp_Batch_LWF,13,alibaba_real_dag,3,0,0.0194,2.0,Origin_AU-QLD,AU-QLD,empty,True,2.004,2.004,0.0,24.95,0.0,0.0,0.0,0.0,0.0,0.01,24.94,0.01,0.0,0.0,0.0,0.0,0.0
alibaba_j_1000039,Base_Temp_Batch_LWF,13,alibaba_real_dag,10,0,5.3694,53.69,Origin_AU-SA,AU-SA,empty,True,1.9036,1.9036,80.0,55.42,0.57,10.1,0.0,10.1,3.0,3.42,52.0,0.57,0.0,3.57,0.1263,2.9532,0.338614
alibaba_j_1000038,Base_Temp_Batch_LWF,13,alibaba_real_dag,8,0,4.0417,40.42,Origin_AU-SA,AU-SA,empty,True,1.9036,1.9036,100.0,33.58,0.68,9.3,0.0,9.3,3.0,3.62,29.96,0.84,100.0,2.7533,0.093,2.5691,0.389247
alibaba_j_1000078,Base_Temp_Batch_LWF,13,alibaba_real_dag,5,0,0.175,2.0,Origin_AU-SA,AU-SA,empty,True,1.9036,1.9036,0.0,29.48,0.04,0.0,0.0,0.0,0.0,0.08,29.4,0.04,0.0,0.0,0.0,0.0,0.0
alibaba_j_1000075,Base_Temp_Batch_LWF,13,alibaba_real_dag,3,0,0.0611,2.0,Origin_AU-SA,AU-SA,empty,True,1.9036,1.9036,0.0,44.48,0.01,0.0,0.0,0.0,0.0,0.03,44.45,0.02,0.0,0.0,0.0,0.0,0.0
alibaba_j_1000037,Base_Temp_Batch_LWF,13,alibaba_real_dag,3,0,0.025,2.0,Origin_AU-SA,AU-SA,empty,True,1.9036,1.9036,0.0,41.03,0.01,0.0,0.0,0.0,0.0,0.02,41.01,0.01,0.0,0.0,0.0,0.0,0.0
alibaba_j_1000034,Base_Temp_Batch_LWF,13,alibaba_real_dag,3,0,0.0194,2.0,Origin_AU-SA,AU-SA,empty,True,1.9036,1.9036,0.0,48.95,0.0,0.0,0.0,0.0,0.0,0.01,48.94,0.01,0.0,0.0,0.0,0.0,0.0
alibaba_j_1000039,Base_Temp_Batch_LWF,13,alibaba_real_dag,10,0,5.3694,53.69,Origin_AU-TAS,AU-TAS,empty,False,0.0858,,,,,,,,,,,,,,,,
alibaba_j_1000038,Base_Temp_Batch_LWF,13,alibaba_real_dag,8,0,4.0417,40.42,Origin_AU-TAS,AU-TAS,empty,False,0.0858,,,,,,,,,,,,,,,,
alibaba_j_1000078,Base_Temp_Batch_LWF,13,alibaba_real_dag,5,0,0.175,2.0,Origin_AU-TAS,AU-TAS,empty,False,0.0858,,,,,,,,,,,,,,,,
alibaba_j_1000075,Base_Temp_Batch_LWF,13,alibaba_real_dag,3,0,0.0611,2.0,Origin_AU-TAS,AU-TAS,empty,False,0.0858,,,,,,,,,,,,,,,,
alibaba_j_1000037,Base_Temp_Batch_LWF,13,alibaba_real_dag,3,0,0.025,2.0,Origin_AU-TAS,AU-TAS,empty,False,0.0858,,,,,,,,,,,,,,,,
alibaba_j_1000034,Base_Temp_Batch_LWF,13,alibaba_real_dag,3,0,0.0194,2.0,Origin_AU-TAS,AU-TAS,empty,False,0.0858,,,,,,,,,,,,,,,,
alibaba_j_1000039,Base_Temp_Batch_LWF,13,alibaba_real_dag,10,0,5.3694,53.69,Origin_AU-VIC,AU-VIC,empty,True,1.9073,1.9073,100.0,40.42,0.57,147.7,0.0,147.7,3.0,3.42,37.0,0.57,100.0,52.2074,1.477,43.1871,0.023155
alibaba_j_1000038,Base_Temp_Batch_LWF,13,alibaba_real_dag,8,0,4.0417,40.42,Origin_AU-VIC,AU-VIC,empty,True,1.9073,1.9073,0.0,45.58,0.68,85.1,0.0,85.1,3.0,3.62,41.96,0.84,0.0,25.1939,0.0,23.5083,0.042538
alibaba_j_1000078,Base_Temp_Batch_LWF,13,alibaba_real_dag,5,0,0.175,2.0,Origin_AU-VIC,AU-VIC,empty,True,1.9073,1.9073,0.0,41.48,0.04,0.0,0.0,0.0,0.0,0.08,41.4,0.04,0.0,0.0,0.0,0.0,0.0
alibaba_j_1000075,Base_Temp_Batch_LWF,13,alibaba_real_dag,3,0,0.0611,2.0,Origin_AU-VIC,AU-VIC,empty,True,1.9073,1.9073,0.0,44.48,0.01,0.0,0.0,0.0,0.0,0.03,44.45,0.02,0.0,0.0,0.0,0.0,0.0
alibaba_j_1000037,Base_Temp_Batch_LWF,13,alibaba_real_dag,3,0,0.025,2.0,Origin_AU-VIC,AU-VIC,empty,True,1.9073,1.9073,0.0,41.03,0.01,0.0,0.0,0.0,0.0,0.02,41.01,0.01,0.0,0.0,0.0,0.0,0.0
alibaba_j_1000034,Base_Temp_Batch_LWF,13,alibaba_real_dag,3,0,0.0194,2.0,Origin_AU-VIC,AU-VIC,empty,True,1.9073,1.9073,0.0,24.95,0.0,0.0,0.0,0.0,0.0,0.01,24.94,0.01,0.0,0.0,0.0,0.0,0.0
alibaba_j_1000039,Base_Temp_Batch_LWF,13,alibaba_real_dag,10,0,5.3694,53.69,Origin_AU-WA,AU-WA,empty,True,1.9956,1.9956,100.0,42.42,0.57,113.2,0.0,113.2,3.0,3.42,39.0,0.57,100.0,40.0127,1.132,33.0994,0.030212
alibaba_j_1000038,Base_Temp_Batch_LWF,13,alibaba_real_dag,8,0,4.0417,40.42,Origin_AU-WA,AU-WA,empty,True,1.9956,1.9956,87.5,44.58,0.68,101.5,0.0,101.5,3.0,26.62,17.96,0.84,0.0,30.0491,1.16,3.8129,0.262266
alibaba_j_1000078,Base_Temp_Batch_LWF,13,alibaba_real_dag,5,0,0.175,2.0,Origin_AU-WA,AU-WA,empty,True,1.9956,1.9956,0.0,17.48,0.04,0.0,0.0,0.0,0.0,0.08,17.4,0.04,0.0,0.0,0.0,0.0,0.0
alibaba_j_1000075,Base_Temp_Batch_LWF,13,alibaba_real_dag,3,0,0.0611,2.0,Origin_AU-WA,AU-WA,empty,True,1.9956,1.9956,0.0,22.48,0.01,0.0,0.0,0.0,0.0,0.03,22.45,0.02,0.0,0.0,0.0,0.0,0.0
alibaba_j_1000037,Base_Temp_Batch_LWF,13,alibaba_real_dag,3,0,0.025,2.0,Origin_AU-WA,AU-WA,empty,True,1.9956,1.9956,0.0,19.03,0.01,0.0,0.0,0.0,0.0,0.02,19.01,0.01,0.0,0.0,0.0,0.0,0.0
alibaba_j_1000034,Base_Temp_Batch_LWF,13,alibaba_real_dag,3,0,0.0194,2.0,Origin_AU-WA,AU-WA,empty,True,1.9956,1.9956,0.0,2.95,0.0,0.0,0.0,0.0,0.0,0.01,2.94,0.01,0.0,0.0,0.0,0.0,0.0
alibaba_j_1000039,Base_Temp_Batch_LWF,13,alibaba_real_dag,10,0,5.3694,53.69,Origin_BA,BA,empty,True,1.984,1.984,100.0,53.42,0.57,104.6,0.0,104.6,3.0,3.42,50.0,0.57,100.0,36.9729,1.046,30.5848,0.032696
alibaba_j_1000038,Base_Temp_Batch_LWF,13,alibaba_real_dag,8,0,4.0417,40.42,Origin_BA,BA,empty,True,1.984,1.984,100.0,10.58,0.68,98.8,0.0,98.8,3.0,6.62,3.96,0.84,100.0,29.2498,0.988,14.9245,0.067004
alibaba_j_1000078,Base_Temp_Batch_LWF,13,alibaba_real_dag,5,0,0.175,2.0,Origin_BA,BA,empty,True,1.984,1.984,0.0,3.48,0.04,0.0,0.0,0.0,0.0,0.08,3.4,0.04,0.0,0.0,0.0,0.0,0.0
alibaba_j_1000075,Base_Temp_Batch_LWF,13,alibaba_real_dag,3,0,0.0611,2.0,Origin_BA,BA,empty,True,1.984,1.984,0.0,37.48,0.01,0.0,0.0,0.0,0.0,0.03,37.45,0.02,0.0,0.0,0.0,0.0,0.0
alibaba_j_1000037,Base_Temp_Batch_LWF,13,alibaba_real_dag,3,0,0.025,2.0,Origin_BA,BA,empty,True,1.984,1.984,0.0,34.03,0.01,0.0,0.0,0.0,0.0,0.02,34.01,0.01,0.0,0.0,0.0,0.0,0.0
alibaba_j_1000034,Base_Temp_Batch_LWF,13,alibaba_real_dag,3,0,0.0194,2.0,Origin_BA,BA,empty,True,1.984,1.984,0.0,41.95,0.0,0.0,0.0,0.0,0.0,0.01,41.94,0.01,0.0,0.0,0.0,0.0,0.0
alibaba_j_1000039,Base_Temp_Batch_LWF,13,alibaba_real_dag,10,0,5.3694,53.69,Origin_BE,BE,empty,True,2.0484,2.0484,100.0,24.43,0.57,20.0,0.0,20.0,3.0,3.42,21.0,0.57,100.0,7.0694,0.2,5.848,0.171
alibaba_j_1000038,Base_Temp_Batch_LWF,13,alibaba_real_dag,8,0,4.0417,40.42,Origin_BE,BE,empty,True,2.0484,2.0484,87.5,51.58,0.68,23.6,0.0,23.6,3.0,46.62,4.96,0.84,0.0,6.9868,0.2697,0.5062,1.975424
alibaba_j_1000078,Base_Temp_Batch_LWF,13,alibaba_real_dag,5,0,0.175,2.0,Origin_BE,BE,empty,True,2.0484,2.0484,0.0,4.48,0.04,0.0,0.0,0.0,0.0,0.08,4.4,0.04,0.0,0.0,0.0,0.0,0.0
alibaba_j_1000075,Base_Temp_Batch_LWF,13,alibaba_real_dag,3,0,0.0611,2.0,Origin_BE,BE,empty,True,2.0484,2.0484,0.0,30.48,0.01,0.0,0.0,0.0,0.0,0.03,30.45,0.02,0.0,0.0,0.0,0.0,0.0
alibaba_j_1000037,Base_Temp_Batch_LWF,13,alibaba_real_dag,3,0,0.025,2.0,Origin_BE,BE,empty,True,2.0484,2.0484,0.0,27.03,0.01,0.0,0.0,0.0,0.0,0.02,27.01,0.01,0.0,0.0,0.0,0.0,0.0
alibaba_j_1000034,Base_Temp_Batch_LWF,13,alibaba_real_dag,3,0,0.0194,2.0,Origin_BE,BE,empty,True,2.0484,2.0484,0.0,10.95,0.0,0.0,0.0,0.0,0.0,0.01,10.94,0.01,0.0,0.0,0.0,0.0,0.0
alibaba_j_1000039,Base_Temp_Batch_LWF,13,alibaba_real_dag,10,0,5.3694,53.69,Origin_BG,BG,empty,True,1.9658,1.9658,100.0,45.01,0.57,45.5,0.0,45.5,3.0,27.01,18.0,0.57,100.0,16.0829,0.455,1.6846,0.593626
alibaba_j_1000038,Base_Temp_Batch_LWF,13,alibaba_real_dag,8,0,4.0417,40.42,Origin_BG,BG,empty,True,1.9658,1.9658,0.0,50.58,0.68,40.0,0.0,40.0,3.0,3.62,46.96,0.84,0.0,11.842,0.0,11.0497,0.0905
alibaba_j_1000078,Base_Temp_Batch_LWF,13,alibaba_real_dag,5,0,0.175,2.0,Origin_BG,BG,empty,True,1.9658,1.9658,0.0,46.48,0.04,0.0,0.0,0.0,0.0,0.08,46.4,0.04,0.0,0.0,0.0,0.0,0.0
alibaba_j_1000075,Base_Temp_Batch_LWF,13,alibaba_real_dag,3,0,0.0611,2.0,Origin_BG,BG,empty,True,1.9658,1.9658,100.0,1.48,0.01,0.0,0.0,0.0,0.0,0.03,1.45,0.02,100.0,0.0,0.0,0.0,0.0
alibaba_j_1000037,Base_Temp_Batch_LWF,13,alibaba_real_dag,3,0,0.025,2.0,Origin_BG,BG,empty,True,1.9658,1.9658,0.0,3.03,0.01,0.0,0.0,0.0,0.0,0.02,3.01,0.01,0.0,0.0,0.0,0.0,0.0
alibaba_j_1000034,Base_Temp_Batch_LWF,13,alibaba_real_dag,3,0,0.0194,2.0,Origin_BG,BG,empty,True,1.9658,1.9658,0.0,6.95,0.0,0.0,0.0,0.0,0.0,0.01,6.94,0.01,0.0,0.0,0.0,0.0,0.0
alibaba_j_1000039,Base_Temp_Batch_LWF,13,alibaba_real_dag,10,0,5.3694,53.69,Origin_BR-CS,BR-CS,empty,True,1.9759,1.9759,100.0,48.01,0.57,29.4,0.0,29.4,3.0,16.01,32.0,0.57,100.0,10.392,0.294,1.8364,0.544558
alibaba_j_1000038,Base_Temp_Batch_LWF,13,alibaba_real_dag,8,0,4.0417,40.42,Origin_BR-CS,BR-CS,empty,True,1.9759,1.9759,100.0,39.58,0.68,26.4,0.0,26.4,3.0,3.62,35.96,0.84,100.0,7.8157,0.264,7.2928,0.137121
alibaba_j_1000078,Base_Temp_Batch_LWF,13,alibaba_real_dag,5,0,0.175,2.0,Origin_BR-CS,BR-CS,empty,True,1.9759,1.9759,0.0,35.48,0.04,0.0,0.0,0.0,0.0,0.08,35.4,0.04,0.0,0.0,0.0,0.0,0.0
alibaba_j_1000075,Base_Temp_Batch_LWF,13,alibaba_real_dag,3,0,0.0611,2.0,Origin_BR-CS,BR-CS,empty,True,1.9759,1.9759,0.0,16.48,0.01,0.0,0.0,0.0,0.0,0.03,16.45,0.02,0.0,0.0,0.0,0.0,0.0
alibaba_j_1000037,Base_Temp_Batch_LWF,13,alibaba_real_dag,3,0,0.025,2.0,Origin_BR-CS,BR-CS,empty,True,1.9759,1.9759,0.0,13.03,0.01,0.0,0.0,0.0,0.0,0.02,13.01,0.01,0.0,0.0,0.0,0.0,0.0
alibaba_j_1000034,Base_Temp_Batch_LWF,13,alibaba_real_dag,3,0,0.0194,2.0,Origin_BR-CS,BR-CS,empty,True,1.9759,1.9759,0.0,19.95,0.0,0.0,0.0,0.0,0.0,0.01,19.94,0.01,0.0,0.0,0.0,0.0,0.0
alibaba_j_1000039,Base_Temp_Batch_LWF,13,alibaba_real_dag,10,0,5.3694,53.69,Origin_BR-N,BR-N,empty,True,2.0739,2.0739,100.0,33.01,0.57,40.2,0.0,40.2,3.0,25.01,8.0,0.57,100.0,14.2095,0.402,1.6074,0.622139
alibaba_j_1000038,Base_Temp_Batch_LWF,13,alibaba_real_dag,8,0,4.0417,40.42,Origin_BR-N,BR-N,empty,True,2.0739,2.0739,100.0,37.58,0.68,32.3,0.0,32.3,3.0,25.62,11.96,0.84,100.0,9.5624,0.323,1.2607,0.793189
alibaba_j_1000078,Base_Temp_Batch_LWF,13,alibaba_real_dag,5,0,0.175,2.0,Origin_BR-N,BR-N,empty,True,2.0739,2.0739,0.0,11.48,0.04,0.0,0.0,0.0,0.0,0.08,11.4,0.04,0.0,0.0,0.0,0.0,0.0
alibaba_j_1000075,Base_Temp_Batch_LWF,13,alibaba_real_dag,3,0,0.0611,2.0,Origin_BR-N,BR-N,empty,True,2.0739,2.0739,0.0,15.48,0.01,0.0,0.0,0.0,0.0,0.03,15.45,0.02,0.0,0.0,0.0,0.0,0.0
alibaba_j_1000037,Base_Temp_Batch_LWF,13,alibaba_real_dag,3,0,0.025,2.0,Origin_BR-N,BR-N,empty,True,2.0739,2.0739,0.0,12.03,0.01,0.0,0.0,0.0,0.0,0.02,12.01,0.01,0.0,0.0,0.0,0.0,0.0
alibaba_j_1000034,Base_Temp_Batch_LWF,13,alibaba_real_dag,3,0,0.0194,2.0,Origin_BR-N,BR-N,empty,True,2.0739,2.0739,0.0,19.95,0.0,0.0,0.0,0.0,0.0,0.01,19.94,0.01,0.0,0.0,0.0,0.0,0.0
alibaba_j_1000039,Base_Temp_Batch_LWF,13,alibaba_real_dag,10,0,5.3694,53.69,Origin_CA-ON,CA-ON,empty,True,2.0226,2.0226,100.0,20.43,0.57,13.5,0.0,13.5,3.0,3.42,17.0,0.57,100.0,4.7718,0.135,3.9474,0.253333
alibaba_j_1000038,Base_Temp_Batch_LWF,13,alibaba_real_dag,8,0,4.0417,40.42,Origin_CA-ON,CA-ON,empty,True,2.0226,2.0226,100.0,28.58,0.68,10.6,0.0,10.6,3.0,3.62,24.96,0.84,100.0,3.1381,0.106,2.9282,0.341509
alibaba_j_1000078,Base_Temp_Batch_LWF,13,alibaba_real_dag,5,0,0.175,2.0,Origin_CA-ON,CA-ON,empty,True,2.0226,2.0226,0.0,24.48,0.04,0.0,0.0,0.0,0.0,0.08,24.4,0.04,0.0,0.0,0.0,0.0,0.0
alibaba_j_1000075,Base_Temp_Batch_LWF,13,alibaba_real_dag,3,0,0.0611,2.0,Origin_CA-ON,CA-ON,empty,True,2.0226,2.0226,100.0,1.48,0.01,0.0,0.0,0.0,0.0,0.03,1.45,0.02,100.0,0.0,0.0,0.0,0.0
alibaba_j_1000037,Base_Temp_Batch_LWF,13,alibaba_real_dag,3,0,0.025,2.0,Origin_CA-ON,CA-ON,empty,True,2.0226,2.0226,100.0,-0.97,0.01,0.0,0.0,0.0,0.0,0.02,-0.99,0.01,100.0,0.0,0.0,0.0,0.0
alibaba_j_1000034,Base_Temp_Batch_LWF,13,alibaba_real_dag,3,0,0.0194,2.0,Origin_CA-ON,CA-ON,empty,True,2.0226,2.0226,0.0,51.95,0.0,0.0,0.0,0.0,0.0,0.01,51.94,0.01,0.0,0.0,0.0,0.0,0.0
alibaba_j_1000039,Base_Temp_Batch_LWF,13,alibaba_real_dag,10,0,5.3694,53.69,Origin_CA-QC,CA-QC,empty,True,1.98,1.98,100.0,40.01,0.57,10.0,0.0,10.0,3.0,11.01,29.0,0.57,100.0,3.5347,0.1,0.9083,1.101
alibaba_j_1000038,Base_Temp_Batch_LWF,13,alibaba_real_dag,8,0,4.0417,40.42,Origin_CA-QC,CA-QC,empty,True,1.98,1.98,100.0,29.58,0.68,9.9,0.0,9.9,3.0,3.62,25.96,0.84,100.0,2.9309,0.099,2.7348,0.365657
alibaba_j_1000078,Base_Temp_Batch_LWF,13,alibaba_real_dag,5,0,0.175,2.0,Origin_CA-QC,CA-QC,empty,True,1.98,1.98,0.0,25.48,0.04,0.0,0.0,0.0,0.0,0.08,25.4,0.04,0.0,0.0,0.0,0.0,0.0
alibaba_j_1000075,Base_Temp_Batch_LWF,13,alibaba_real_dag,3,0,0.0611,2.0,Origin_CA-QC,CA-QC,empty,True,1.98,1.98,0.0,40.48,0.01,0.0,0.0,0.0,0.0,0.03,40.45,0.02,0.0,0.0,0.0,0.0,0.0
alibaba_j_1000037,Base_Temp_Batch_LWF,13,alibaba_real_dag,3,0,0.025,2.0,Origin_CA-QC,CA-QC,empty,True,1.98,1.98,0.0,37.03,0.01,0.0,0.0,0.0,0.0,0.02,37.01,0.01,0.0,0.0,0.0,0.0,0.0
alibaba_j_1000034,Base_Temp_Batch_LWF,13,alibaba_real_dag,3,0,0.0194,2.0,Origin_CA-QC,CA-QC,empty,True,1.98,1.98,0.0,20.95,0.0,0.0,0.0,0.0,0.0,0.01,20.94,0.01,0.0,0.0,0.0,0.0,0.0
alibaba_j_1000039,Base_Temp_Batch_LWF,13,alibaba_real_dag,10,0,5.3694,53.69,Origin_CH,CH,empty,True,1.9924,1.9924,100.0,36.42,0.57,7.8,0.0,7.8,3.0,24.43,12.0,0.57,100.0,2.7571,0.078,0.3193,3.132051
alibaba_j_1000038,Base_Temp_Batch_LWF,13,alibaba_real_dag,8,0,4.0417,40.42,Origin_CH,CH,empty,True,1.9924,1.9924,25.0,41.58,0.68,7.8,0.0,7.8,3.0,3.62,37.96,0.84,0.0,2.3092,0.312,2.1547,0.464103
alibaba_j_1000078,Base_Temp_Batch_LWF,13,alibaba_real_dag,5,0,0.175,2.0,Origin_CH,CH,empty,True,1.9924,1.9924,0.0,37.48,0.04,0.0,0.0,0.0,0.0,0.08,37.4,0.04,0.0,0.0,0.0,0.0,0.0
alibaba_j_1000075,Base_Temp_Batch_LWF,13,alibaba_real_dag,3,0,0.0611,2.0,Origin_CH,CH,empty,True,1.9924,1.9924,0.0,19.48,0.01,0.0,0.0,0.0,0.0,0.03,19.45,0.02,0.0,0.0,0.0,0.0,0.0
alibaba_j_1000037,Base_Temp_Batch_LWF,13,alibaba_real_dag,3,0,0.025,2.0,Origin_CH,CH,empty,True,1.9924,1.9924,0.0,16.03,0.01,0.0,0.0,0.0,0.0,0.02,16.01,0.01,0.0,0.0,0.0,0.0,0.0
alibaba_j_1000034,Base_Temp_Batch_LWF,13,alibaba_real_dag,3,0,0.0194,2.0,Origin_CH,CH,empty,True,1.9924,1.9924,100.0,-0.05,0.0,0.0,0.0,0.0,0.0,0.01,-0.06,0.01,100.0,0.0,0.0,0.0,0.0
alibaba_j_1000039,Base_Temp_Batch_LWF,13,alibaba_real_dag,10,0,5.3694,53.69,Origin_CL-SEN,CL-SEN,empty,True,2.0831,2.0831,100.0,25.01,0.57,56.6,0.0,56.6,3.0,21.01,4.0,0.57,100.0,20.0064,0.566,2.694,0.371201
alibaba_j_1000038,Base_Temp_Batch_LWF,13,alibaba_real_dag,8,0,4.0417,40.42,Origin_CL-SEN,CL-SEN,empty,True,2.0831,2.0831,100.0,30.58,0.68,51.4,0.0,51.4,3.0,23.62,6.96,0.84,100.0,15.217,0.514,2.1761,0.459533
alibaba_j_1000078,Base_Temp_Batch_LWF,13,alibaba_real_dag,5,0,0.175,2.0,Origin_CL-SEN,CL-SEN,empty,True,2.0831,2.0831,0.0,6.48,0.04,0.0,0.0,0.0,0.0,0.08,6.4,0.04,0.0,0.0,0.0,0.0,0.0
alibaba_j_1000075,Base_Temp_Batch_LWF,13,alibaba_real_dag,3,0,0.0611,2.0,Origin_CL-SEN,CL-SEN,empty,True,2.0831,2.0831,0.0,35.48,0.01,0.0,0.0,0.0,0.0,0.03,35.45,0.02,0.0,0.0,0.0,0.0,0.0
alibaba_j_1000037,Base_Temp_Batch_LWF,13,alibaba_real_dag,3,0,0.025,2.0,Origin_CL-SEN,CL-SEN,empty,True,2.0831,2.0831,0.0,32.03,0.01,0.0,0.0,0.0,0.0,0.02,32.01,0.01,0.0,0.0,0.0,0.0,0.0
alibaba_j_1000034,Base_Temp_Batch_LWF,13,alibaba_real_dag,3,0,0.0194,2.0,Origin_CL-SEN,CL-SEN,empty,True,2.0831,2.0831,0.0,37.95,0.0,0.0,0.0,0.0,0.0,0.01,37.94,0.01,0.0,0.0,0.0,0.0,0.0
alibaba_j_1000039,Base_Temp_Batch_LWF,13,alibaba_real_dag,10,0,5.3694,53.69,Origin_CY,CY,empty,True,1.8772,1.8772,100.0,49.42,0.57,147.8,0.0,147.8,3.0,3.42,46.0,0.57,100.0,52.2428,1.478,43.2164,0.023139
alibaba_j_1000038,Base_Temp_Batch_LWF,13,alibaba_real_dag,8,0,4.0417,40.42,Origin_CY,CY,empty,True,1.8772,1.8772,0.0,51.58,0.68,121.5,0.0,121.5,3.0,3.62,47.96,0.84,0.0,35.9702,0.0,33.5635,0.029794
alibaba_j_1000078,Base_Temp_Batch_LWF,13,alibaba_real_dag,5,0,0.175,2.0,Origin_CY,CY,empty,True,1.8772,1.8772,0.0,47.48,0.04,0.0,0.0,0.0,0.0,0.08,47.4,0.04,0.0,0.0,0.0,0.0,0.0
alibaba_j_1000075,Base_Temp_Batch_LWF,13,alibaba_real_dag,3,0,0.0611,2.0,Origin_CY,CY,empty,True,1.8772,1.8772,0.0,51.48,0.01,0.0,0.0,0.0,0.0,0.03,51.45,0.02,0.0,0.0,0.0,0.0,0.0
alibaba_j_1000037,Base_Temp_Batch_LWF,13,alibaba_real_dag,3,0,0.025,2.0,Origin_CY,CY,empty,True,1.8772,1.8772,0.0,49.03,0.01,0.0,0.0,0.0,0.0,0.02,49.01,0.01,0.0,0.0,0.0,0.0,0.0
alibaba_j_1000034,Base_Temp_Batch_LWF,13,alibaba_real_dag,3,0,0.0194,2.0,Origin_CY,CY,empty,True,1.8772,1.8772,0.0,32.95,0.0,0.0,0.0,0.0,0.0,0.01,32.94,0.01,0.0,0.0,0.0,0.0,0.0
alibaba_j_1000039,Base_Temp_Batch_LWF,13,alibaba_real_dag,10,0,5.3694,53.69,Origin_CZ,CZ,empty,True,2.0397,2.0397,100.0,48.42,0.57,49.6,0.0,49.6,3.0,3.42,45.0,0.57,100.0,17.5321,0.496,14.5029,0.068952
alibaba_j_1000038,Base_Temp_Batch_LWF,13,alibaba_real_dag,8,0,4.0417,40.42,Origin_CZ,CZ,empty,True,2.0397,2.0397,100.0,26.58,0.68,44.9,0.0,44.9,3.0,24.62,1.96,0.84,100.0,13.2927,0.449,1.8237,0.54833
alibaba_j_1000078,Base_Temp_Batch_LWF,13,alibaba_real_dag,5,0,0.175,2.0,Origin_CZ,CZ,empty,True,2.0397,2.0397,100.0,1.48,0.04,0.0,0.0,0.0,0.0,0.08,1.4,0.04,100.0,0.0,0.0,0.0,0.0
alibaba_j_1000075,Base_Temp_Batch_LWF,13,alibaba_real_dag,3,0,0.0611,2.0,Origin_CZ,CZ,empty,True,2.0397,2.0397,0.0,29.48,0.01,0.0,0.0,0.0,0.0,0.03,29.45,0.02,0.0,0.0,0.0,0.0,0.0
alibaba_j_1000037,Base_Temp_Batch_LWF,13,alibaba_real_dag,3,0,0.025,2.0,Origin_CZ,CZ,empty,True,2.0397,2.0397,0.0,26.03,0.01,0.0,0.0,0.0,0.0,0.02,26.01,0.01,0.0,0.0,0.0,0.0,0.0
alibaba_j_1000034,Base_Temp_Batch_LWF,13,alibaba_real_dag,3,0,0.0194,2.0,Origin_CZ,CZ,empty,True,2.0397,2.0397,0.0,9.95,0.0,0.0,0.0,0.0,0.0,0.01,9.94,0.01,0.0,0.0,0.0,0.0,0.0
alibaba_j_1000039,Base_Temp_Batch_LWF,13,alibaba_real_dag,10,0,5.3694,53.69,Origin_DE,DE,empty,True,1.9783,1.9783,100.0,50.42,0.57,37.1,0.0,37.1,3.0,3.42,47.0,0.57,100.0,13.1137,0.371,10.848,0.092183
alibaba_j_1000038,Base_Temp_Batch_LWF,13,alibaba_real_dag,8,0,4.0417,40.42,Origin_DE,DE,empty,True,1.9783,1.9783,100.0,3.58,0.68,36.4,0.0,36.4,3.0,3.62,-0.04,0.84,100.0,10.7762,0.364,10.0552,0.099451
alibaba_j_1000078,Base_Temp_Batch_LWF,13,alibaba_real_dag,5,0,0.175,2.0,Origin_DE,DE,empty,True,1.9783,1.9783,100.0,-0.52,0.04,0.0,0.0,0.0,0.0,0.08,-0.6,0.04,100.0,0.0,0.0,0.0,0.0
alibaba_j_1000075,Base_Temp_Batch_LWF,13,alibaba_real_dag,3,0,0.0611,2.0,Origin_DE,DE,empty,True,1.9783,1.9783,0.0,51.48,0.01,0.0,0.0,0.0,0.0,0.03,51.45,0.02,0.0,0.0,0.0,0.0,0.0
alibaba_j_1000037,Base_Temp_Batch_LWF,13,alibaba_real_dag,3,0,0.025,2.0,Origin_DE,DE,empty,True,1.9783,1.9783,0.0,49.03,0.01,0.0,0.0,0.0,0.0,0.02,49.01,0.01,0.0,0.0,0.0,0.0,0.0
alibaba_j_1000034,Base_Temp_Batch_LWF,13,alibaba_real_dag,3,0,0.0194,2.0,Origin_DE,DE,empty,True,1.9783,1.9783,0.0,32.95,0.0,0.0,0.0,0.0,0.0,0.01,32.94,0.01,0.0,0.0,0.0,0.0,0.0
alibaba_j_1000039,Base_Temp_Batch_LWF,13,alibaba_real_dag,10,0,5.3694,53.69,Origin_DK-BHM,DK-BHM,empty,True,2.0911,2.0911,100.0,39.01,0.57,12.1,0.0,12.1,3.0,36.01,3.0,0.57,100.0,4.277,0.121,0.336,2.976033
alibaba_j_1000038,Base_Temp_Batch_LWF,13,alibaba_real_dag,8,0,4.0417,40.42,Origin_DK-BHM,DK-BHM,empty,True,2.0911,2.0911,87.5,48.58,0.68,11.6,0.0,11.6,3.0,39.62,8.96,0.84,0.0,3.4342,0.1326,0.2928,3.415517
alibaba_j_1000078,Base_Temp_Batch_LWF,13,alibaba_real_dag,5,0,0.175,2.0,Origin_DK-BHM,DK-BHM,empty,True,2.0911,2.0911,0.0,8.48,0.04,0.0,0.0,0.0,0.0,0.08,8.4,0.04,0.0,0.0,0.0,0.0,0.0
alibaba_j_1000075,Base_Temp_Batch_LWF,13,alibaba_real_dag,3,0,0.0611,2.0,Origin_DK-BHM,DK-BHM,empty,True,2.0911,2.0911,0.0,25.48,0.01,0.0,0.0,0.0,0.0,0.03,25.45,0.02,0.0,0.0,0.0,0.0,0.0
alibaba_j_1000037,Base_Temp_Batch_LWF,13,alibaba_real_dag,3,0,0.025,2.0,Origin_DK-BHM,DK-BHM,empty,True,2.0911,2.0911,0.0,22.03,0.01,0.0,0.0,0.0,0.0,0.02,22.01,0.01,0.0,0.0,0.0,0.0,0.0
alibaba_j_1000034,Base_Temp_Batch_LWF,13,alibaba_real_dag,3,0,0.0194,2.0,Origin_DK-BHM,DK-BHM,empty,True,2.0911,2.0911,0.0,5.95,0.0,0.0,0.0,0.0,0.0,0.01,5.94,0.01,0.0,0.0,0.0,0.0,0.0
alibaba_j_1000039,Base_Temp_Batch_LWF,13,alibaba_real_dag,10,0,5.3694,53.69,Origin_DK-DK1,DK-DK1,empty,True,1.9636,1.9636,100.0,50.01,0.57,13.8,0.0,13.8,3.0,47.01,3.0,0.57,100.0,4.8779,0.138,0.2936,3.406522
alibaba_j_1000038,Base_Temp_Batch_LWF,13,alibaba_real_dag,8,0,4.0417,40.42,Origin_DK-DK1,DK-DK1,empty,True,1.9636,1.9636,12.5,43.58,0.68,9.3,0.0,9.3,3.0,4.62,38.96,0.84,0.0,2.7533,0.744,2.013,0.496774
alibaba_j_1000078,Base_Temp_Batch_LWF,13,alibaba_real_dag,5,0,0.175,2.0,Origin_DK-DK1,DK-DK1,empty,True,1.9636,1.9636,0.0,38.48,0.04,0.0,0.0,0.0,0.0,0.08,38.4,0.04,0.0,0.0,0.0,0.0,0.0
alibaba_j_1000075,Base_Temp_Batch_LWF,13,alibaba_real_dag,3,0,0.0611,2.0,Origin_DK-DK1,DK-DK1,empty,True,1.9636,1.9636,0.0,45.48,0.01,0.0,0.0,0.0,0.0,0.03,45.45,0.02,0.0,0.0,0.0,0.0,0.0
alibaba_j_1000037,Base_Temp_Batch_LWF,13,alibaba_real_dag,3,0,0.025,2.0,Origin_DK-DK1,DK-DK1,empty,True,1.9636,1.9636,0.0,42.03,0.01,0.0,0.0,0.0,0.0,0.02,42.01,0.01,0.0,0.0,0.0,0.0,0.0
alibaba_j_1000034,Base_Temp_Batch_LWF,13,alibaba_real_dag,3,0,0.0194,2.0,Origin_DK-DK1,DK-DK1,empty,True,1.9636,1.9636,0.0,25.95,0.0,0.0,0.0,0.0,0.0,0.01,25.94,0.01,0.0,0.0,0.0,0.0,0.0
alibaba_j_1000039,Base_Temp_Batch_LWF,13,alibaba_real_dag,10,0,5.3694,53.69,Origin_DK-DK2,DK-DK2,empty,True,2.0935,2.0935,100.0,39.01,0.57,12.1,0.0,12.1,3.0,36.01,3.0,0.57,100.0,4.277,0.121,0.336,2.976033
alibaba_j_1000038,Base_Temp_Batch_LWF,13,alibaba_real_dag,8,0,4.0417,40.42,Origin_DK-DK2,DK-DK2,empty,True,2.0935,2.0935,87.5,48.58,0.68,11.6,0.0,11.6,3.0,39.62,8.96,0.84,0.0,3.4342,0.1326,0.2928,3.415517
alibaba_j_1000078,Base_Temp_Batch_LWF,13,alibaba_real_dag,5,0,0.175,2.0,Origin_DK-DK2,DK-DK2,empty,True,2.0935,2.0935,0.0,8.48,0.04,0.0,0.0,0.0,0.0,0.08,8.4,0.04,0.0,0.0,0.0,0.0,0.0
alibaba_j_1000075,Base_Temp_Batch_LWF,13,alibaba_real_dag,3,0,0.0611,2.0,Origin_DK-DK2,DK-DK2,empty,True,2.0935,2.0935,0.0,25.48,0.01,0.0,0.0,0.0,0.0,0.03,25.45,0.02,0.0,0.0,0.0,0.0,0.0
alibaba_j_1000037,Base_Temp_Batch_LWF,13,alibaba_real_dag,3,0,0.025,2.0,Origin_DK-DK2,DK-DK2,empty,True,2.0935,2.0935,0.0,22.03,0.01,0.0,0.0,0.0,0.0,0.02,22.01,0.01,0.0,0.0,0.0,0.0,0.0
alibaba_j_1000034,Base_Temp_Batch_LWF,13,alibaba_real_dag,3,0,0.0194,2.0,Origin_DK-DK2,DK-DK2,empty,True,2.0935,2.0935,0.0,5.95,0.0,0.0,0.0,0.0,0.0,0.01,5.94,0.01,0.0,0.0,0.0,0.0,0.0
alibaba_j_1000039,Base_Temp_Batch_LWF,13,alibaba_real_dag,10,0,5.3694,53.69,Origin_EE,EE,empty,True,1.8837,1.8837,100.0,50.42,0.57,49.4,0.0,49.4,3.0,8.43,42.0,0.57,100.0,17.4614,0.494,5.86,0.170648
alibaba_j_1000038,Base_Temp_Batch_LWF,13,alibaba_real_dag,8,0,4.0417,40.42,Origin_EE,EE,empty,True,1.8837,1.8837,0.0,52.58,0.68,59.9,0.0,59.9,3.0,4.62,47.96,0.84,0.0,17.7334,0.0,12.9654,0.077129
alibaba_j_1000078,Base_Temp_Batch_LWF,13,alibaba_real_dag,5,0,0.175,2.0,Origin_EE,EE,empty,True,1.8837,1.8837,0.0,47.48,0.04,0.0,0.0,0.0,0.0,0.08,47.4,0.04,0.0,0.0,0.0,0.0,0.0
alibaba_j_1000075,Base_Temp_Batch_LWF,13,alibaba_real_dag,3,0,0.0611,2.0,Origin_EE,EE,empty,True,1.8837,1.8837,0.0,48.48,0.01,0.0,0.0,0.0,0.0,0.03,48.45,0.02,0.0,0.0,0.0,0.0,0.0
alibaba_j_1000037,Base_Temp_Batch_LWF,13,alibaba_real_dag,3,0,0.025,2.0,Origin_EE,EE,empty,True,1.8837,1.8837,0.0,45.03,0.01,0.0,0.0,0.0,0.0,0.02,45.01,0.01,0.0,0.0,0.0,0.0,0.0
alibaba_j_1000034,Base_Temp_Batch_LWF,13,alibaba_real_dag,3,0,0.0194,2.0,Origin_EE,EE,empty,True,1.8837,1.8837,0.0,50.95,0.0,0.0,0.0,0.0,0.0,0.01,50.94,0.01,0.0,0.0,0.0,0.0,0.0
alibaba_j_1000039,Base_Temp_Batch_LWF,13,alibaba_real_dag,10,0,5.3694,53.69,Origin_ES,ES,empty,True,1.9509,1.9509,100.0,49.42,0.57,31.1,0.0,31.1,3.0,5.42,44.0,0.57,100.0,10.9929,0.311,5.738,0.174277
alibaba_j_1000038,Base_Temp_Batch_LWF,13,alibaba_real_dag,8,0,4.0417,40.42,Origin_ES,ES,empty,True,1.9509,1.9509,0.0,52.58,0.68,30.9,0.0,30.9,3.0,4.62,47.96,0.84,0.0,9.148,0.0,6.6883,0.149515
alibaba_j_1000078,Base_Temp_Batch_LWF,13,alibaba_real_dag,5,0,0.175,2.0,Origin_ES,ES,empty,True,1.9509,1.9509,0.0,47.48,0.04,0.0,0.0,0.0,0.0,0.08,47.4,0.04,0.0,0.0,0.0,0.0,0.0
alibaba_j_1000075,Base_Temp_Batch_LWF,13,alibaba_real_dag,3,0,0.0611,2.0,Origin_ES,ES,empty,True,1.9509,1.9509,0.0,7.48,0.01,0.0,0.0,0.0,0.0,0.03,7.45,0.02,0.0,0.0,0.0,0.0,0.0
alibaba_j_1000037,Base_Temp_Batch_LWF,13,alibaba_real_dag,3,0,0.025,2.0,Origin_ES,ES,empty,True,1.9509,1.9509,0.0,4.03,0.01,0.0,0.0,0.0,0.0,0.02,4.01,0.01,0.0,0.0,0.0,0.0,0.0
alibaba_j_1000034,Base_Temp_Batch_LWF,13,alibaba_real_dag,3,0,0.0194,2.0,Origin_ES,ES,empty,True,1.9509,1.9509,0.0,9.95,0.0,0.0,0.0,0.0,0.0,0.01,9.94,0.01,0.0,0.0,0.0,0.0,0.0
alibaba_j_1000039,Base_Temp_Batch_LWF,13,alibaba_real_dag,10,0,5.3694,53.69,Origin_FI,FI,empty,True,2.0475,2.0475,100.0,28.43,0.57,12.3,0.0,12.3,3.0,3.42,25.0,0.57,100.0,4.3477,0.123,3.5965,0.278049
alibaba_j_1000038,Base_Temp_Batch_LWF,13,alibaba_real_dag,8,0,4.0417,40.42,Origin_FI,FI,empty,True,2.0475,2.0475,100.0,9.58,0.68,12.1,0.0,12.1,3.0,3.62,5.96,0.84,100.0,3.5822,0.121,3.3425,0.299174
alibaba_j_1000078,Base_Temp_Batch_LWF,13,alibaba_real_dag,5,0,0.175,2.0,Origin_FI,FI,empty,True,2.0475,2.0475,0.0,5.48,0.04,0.0,0.0,0.0,0.0,0.08,5.4,0.04,0.0,0.0,0.0,0.0,0.0
alibaba_j_1000075,Base_Temp_Batch_LWF,13,alibaba_real_dag,3,0,0.0611,2.0,Origin_FI,FI,empty,True,2.0475,2.0475,0.0,9.48,0.01,0.0,0.0,0.0,0.0,0.03,9.45,0.02,0.0,0.0,0.0,0.0,0.0
alibaba_j_1000037,Base_Temp_Batch_LWF,13,alibaba_real_dag,3,0,0.025,2.0,Origin_FI,FI,empty,True,2.0475,2.0475,0.0,6.03,0.01,0.0,0.0,0.0,0.0,0.02,6.01,0.01,0.0,0.0,0.0,0.0,0.0
alibaba_j_1000034,Base_Temp_Batch_LWF,13,alibaba_real_dag,3,0,0.0194,2.0,Origin_FI,FI,empty,True,2.0475,2.0475,0.0,13.95,0.0,0.0,0.0,0.0,0.0,0.01,13.94,0.01,0.0,0.0,0.0,0.0,0.0
alibaba_j_1000039,Base_Temp_Batch_LWF,13,alibaba_real_dag,10,0,5.3694,53.69,Origin_FR,FR,empty,True,2.0193,2.0193,100.0,36.42,0.57,4.8,0.0,4.8,3.0,25.43,11.0,0.57,100.0,1.6967,0.048,0.1888,5.297917
alibaba_j_1000038,Base_Temp_Batch_LWF,13,alibaba_real_dag,8,0,4.0417,40.42,Origin_FR,FR,empty,True,2.0193,2.0193,100.0,37.58,0.68,4.8,0.0,4.8,3.0,22.62,14.96,0.84,100.0,1.421,0.048,0.2122,4.7125
alibaba_j_1000078,Base_Temp_Batch_LWF,13,alibaba_real_dag,5,0,0.175,2.0,Origin_FR,FR,empty,True,2.0193,2.0193,0.0,14.48,0.04,0.0,0.0,0.0,0.0,0.08,14.4,0.04,0.0,0.0,0.0,0.0,0.0
alibaba_j_1000075,Base_Temp_Batch_LWF,13,alibaba_real_dag,3,0,0.0611,2.0,Origin_FR,FR,empty,True,2.0193,2.0193,0.0,43.48,0.01,0.0,0.0,0.0,0.0,0.03,43.45,0.02,0.0,0.0,0.0,0.0,0.0
alibaba_j_1000037,Base_Temp_Batch_LWF,13,alibaba_real_dag,3,0,0.025,2.0,Origin_FR,FR,empty,True,2.0193,2.0193,0.0,40.03,0.01,0.0,0.0,0.0,0.0,0.02,40.01,0.01,0.0,0.0,0.0,0.0,0.0
alibaba_j_1000034,Base_Temp_Batch_LWF,13,alibaba_real_dag,3,0,0.0194,2.0,Origin_FR,FR,empty,True,2.0193,2.0193,0.0,23.95,0.0,0.0,0.0,0.0,0.0,0.01,23.94,0.01,0.0,0.0,0.0,0.0,0.0
alibaba_j_1000039,Base_Temp_Batch_LWF,13,alibaba_real_dag,10,0,5.3694,53.69,Origin_GB-NIR,GB-NIR,empty,True,1.9626,1.9626,100.0,43.01,0.57,70.6,0.0,70.6,3.0,19.01,24.0,0.57,100.0,24.9549,0.706,3.7138,0.269263
alibaba_j_1000038,Base_Temp_Batch_LWF,13,alibaba_real_dag,8,0,4.0417,40.42,Origin_GB-NIR,GB-NIR,empty,True,1.9626,1.9626,0.0,53.58,0.68,64.1,0.0,64.1,3.0,3.62,49.96,0.84,0.0,18.9768,0.0,17.7072,0.056474
alibaba_j_1000078,Base_Temp_Batch_LWF,13,alibaba_real_dag,5,0,0.175,2.0,Origin_GB-NIR,GB-NIR,empty,True,1.9626,1.9626,0.0,51.48,0.04,0.0,0.0,0.0,0.0,0.08,51.4,0.04,0.0,0.0,0.0,0.0,0.0
alibaba_j_1000075,Base_Temp_Batch_LWF,13,alibaba_real_dag,3,0,0.0611,2.0,Origin_GB-NIR,GB-NIR,empty,True,1.9626,1.9626,0.0,3.48,0.01,0.0,0.0,0.0,0.0,0.03,3.45,0.02,0.0,0.0,0.0,0.0,0.0
alibaba_j_1000037,Base_Temp_Batch_LWF,13,alibaba_real_dag,3,0,0.025,2.0,Origin_GB-NIR,GB-NIR,empty,True,1.9626,1.9626,100.0,-0.97,0.01,0.0,0.0,0.0,0.0,0.02,-0.99,0.01,100.0,0.0,0.0,0.0,0.0
alibaba_j_1000034,Base_Temp_Batch_LWF,13,alibaba_real_dag,3,0,0.0194,2.0,Origin_GB-NIR,GB-NIR,empty,True,1.9626,1.9626,0.0,36.95,0.0,0.0,0.0,0.0,0.0,0.01,36.94,0.01,0.0,0.0,0.0,0.0,0.0
alibaba_j_1000039,Base_Temp_Batch_LWF,13,alibaba_real_dag,10,0,5.3694,53.69,Origin_GB,GB,empty,True,2.085,2.085,100.0,45.01,0.57,29.0,0.0,29.0,3.0,20.01,25.0,0.57,100.0,10.2506,0.29,1.4493,0.69
alibaba_j_1000038,Base_Temp_Batch_LWF,13,alibaba_real_dag,8,0,4.0417,40.42,Origin_GB,GB,empty,True,2.085,2.085,100.0,30.58,0.68,22.9,0.0,22.9,3.0,24.62,5.96,0.84,100.0,6.7796,0.229,0.9301,1.075109
alibaba_j_1000078,Base_Temp_Batch_LWF,13,alibaba_real_dag,5,0,0.175,2.0,Origin_GB,GB,empty,True,2.085,2.085,0.0,5.48,0.04,0.0,0.0,0.0,0.0,0.08,5.4,0.04,0.0,0.0,0.0,0.0,0.0
alibaba_j_1000075,Base_Temp_Batch_LWF,13,alibaba_real_dag,3,0,0.0611,2.0,Origin_GB,GB,empty,True,2.085,2.085,0.0,6.48,0.01,0.0,0.0,0.0,0.0,0.03,6.45,0.02,0.0,0.0,0.0,0.0,0.0
alibaba_j_1000037,Base_Temp_Batch_LWF,13,alibaba_real_dag,3,0,0.025,2.0,Origin_GB,GB,empty,True,2.085,2.085,0.0,3.03,0.01,0.0,0.0,0.0,0.0,0.02,3.01,0.01,0.0,0.0,0.0,0.0,0.0
alibaba_j_1000034,Base_Temp_Batch_LWF,13,alibaba_real_dag,3,0,0.0194,2.0,Origin_GB,GB,empty,True,2.085,2.085,0.0,11.95,0.0,0.0,0.0,0.0,0.0,0.01,11.94,0.01,0.0,0.0,0.0,0.0,0.0
alibaba_j_1000039,Base_Temp_Batch_LWF,13,alibaba_real_dag,10,0,5.3694,53.69,Origin_GR,GR,empty,True,1.8866,1.8866,100.0,46.42,0.57,35.7,0.0,35.7,3.0,3.42,43.0,0.57,100.0,12.6189,0.357,10.4386,0.095798
alibaba_j_1000038,Base_Temp_Batch_LWF,13,alibaba_real_dag,8,0,4.0417,40.42,Origin_GR,GR,empty,True,1.8866,1.8866,0.0,54.58,0.68,37.8,0.0,37.8,3.0,3.62,50.96,0.84,0.0,11.1907,0.0,10.442,0.095767
alibaba_j_1000078,Base_Temp_Batch_LWF,13,alibaba_real_dag,5,0,0.175,2.0,Origin_GR,GR,empty,True,1.8866,1.8866,0.0,50.48,0.04,0.0,0.0,0.0,0.0,0.08,50.4,0.04,0.0,0.0,0.0,0.0,0.0
alibaba_j_1000075,Base_Temp_Batch_LWF,13,alibaba_real_dag,3,0,0.0611,2.0,Origin_GR,GR,empty,True,1.8866,1.8866,0.0,50.48,0.01,0.0,0.0,0.0,0.0,0.03,50.45,0.02,0.0,0.0,0.0,0.0,0.0
alibaba_j_1000037,Base_Temp_Batch_LWF,13,alibaba_real_dag,3,0,0.025,2.0,Origin_GR,GR,empty,True,1.8866,1.8866,0.0,47.03,0.01,0.0,0.0,0.0,0.0,0.02,47.01,0.01,0.0,0.0,0.0,0.0,0.0
alibaba_j_1000034,Base_Temp_Batch_LWF,13,alibaba_real_dag,3,0,0.0194,2.0,Origin_GR,GR,empty,True,1.8866,1.8866,0.0,30.95,0.0,0.0,0.0,0.0,0.0,0.01,30.94,0.01,0.0,0.0,0.0,0.0,0.0
alibaba_j_1000039,Base_Temp_Batch_LWF,13,alibaba_real_dag,10,0,5.3694,53.69,Origin_HK,HK,empty,True,1.9081,1.9081,100.0,41.42,0.57,173.5,0.0,173.5,3.0,3.42,38.0,0.57,100.0,61.3269,1.735,50.731,0.019712
alibaba_j_1000038,Base_Temp_Batch_LWF,13,alibaba_real_dag,8,0,4.0417,40.42,Origin_HK,HK,empty,True,1.9081,1.9081,0.0,49.58,0.68,174.8,0.0,174.8,3.0,4.62,44.96,0.84,0.0,51.7497,0.0,37.8355,0.02643
alibaba_j_1000078,Base_Temp_Batch_LWF,13,alibaba_real_dag,5,0,0.175,2.0,Origin_HK,HK,empty,True,1.9081,1.9081,0.0,44.48,0.04,0.0,0.0,0.0,0.0,0.08,44.4,0.04,0.0,0.0,0.0,0.0,0.0
alibaba_j_1000075,Base_Temp_Batch_LWF,13,alibaba_real_dag,3,0,0.0611,2.0,Origin_HK,HK,empty,True,1.9081,1.9081,0.0,44.48,0.01,0.0,0.0,0.0,0.0,0.03,44.45,0.02,0.0,0.0,0.0,0.0,0.0
alibaba_j_1000037,Base_Temp_Batch_LWF,13,alibaba_real_dag,3,0,0.025,2.0,Origin_HK,HK,empty,True,1.9081,1.9081,0.0,41.03,0.01,0.0,0.0,0.0,0.0,0.02,41.01,0.01,0.0,0.0,0.0,0.0,0.0
alibaba_j_1000034,Base_Temp_Batch_LWF,13,alibaba_real_dag,3,0,0.0194,2.0,Origin_HK,HK,empty,True,1.9081,1.9081,0.0,48.95,0.0,0.0,0.0,0.0,0.0,0.01,48.94,0.01,0.0,0.0,0.0,0.0,0.0
alibaba_j_1000039,Base_Temp_Batch_LWF,13,alibaba_real_dag,10,0,5.3694,53.69,Origin_HR,HR,empty,True,2.084,2.084,100.0,43.01,0.57,20.3,0.0,20.3,3.0,36.01,7.0,0.57,100.0,7.1754,0.203,0.5637,1.773892
alibaba_j_1000038,Base_Temp_Batch_LWF,13,alibaba_real_dag,8,0,4.0417,40.42,Origin_HR,HR,empty,True,2.084,2.084,100.0,14.58,0.68,18.9,0.0,18.9,3.0,3.62,10.96,0.84,100.0,5.5954,0.189,5.221,0.191534
alibaba_j_1000078,Base_Temp_Batch_LWF,13,alibaba_real_dag,5,0,0.175,2.0,Origin_HR,HR,empty,True,2.084,2.084,0.0,10.48,0.04,0.0,0.0,0.0,0.0,0.08,10.4,0.04,0.0,0.0,0.0,0.0,0.0
alibaba_j_1000075,Base_Temp_Batch_LWF,13,alibaba_real_dag,3,0,0.0611,2.0,Origin_HR,HR,empty,True,2.084,2.084,0.0,15.48,0.01,0.0,0.0,0.0,0.0,0.03,15.45,0.02,0.0,0.0,0.0,0.0,0.0
alibaba_j_1000037,Base_Temp_Batch_LWF,13,alibaba_real_dag,3,0,0.025,2.0,Origin_HR,HR,empty,True,2.084,2.084,0.0,12.03,0.01,0.0,0.0,0.0,0.0,0.02,12.01,0.01,0.0,0.0,0.0,0.0,0.0
alibaba_j_1000034,Base_Temp_Batch_LWF,13,alibaba_real_dag,3,0,0.0194,2.0,Origin_HR,HR,empty,True,2.084,2.084,0.0,8.95,0.0,0.0,0.0,0.0,0.0,0.01,8.94,0.01,0.0,0.0,0.0,0.0,0.0
alibaba_j_1000039,Base_Temp_Batch_LWF,13,alibaba_real_dag,10,0,5.3694,53.69,Origin_HU,HU,empty,True,1.9689,1.9689,100.0,47.42,0.57,28.1,0.0,28.1,3.0,3.42,44.0,0.57,100.0,9.9325,0.281,8.2164,0.121708
alibaba_j_1000038,Base_Temp_Batch_LWF,13,alibaba_real_dag,8,0,4.0417,40.42,Origin_HU,HU,empty,True,1.9689,1.9689,100.0,27.58,0.68,26.5,0.0,26.5,3.0,3.62,23.96,0.84,100.0,7.8453,0.265,7.3204,0.136604
alibaba_j_1000078,Base_Temp_Batch_LWF,13,alibaba_real_dag,5,0,0.175,2.0,Origin_HU,HU,empty,True,1.9689,1.9689,0.0,23.48,0.04,0.0,0.0,0.0,0.0,0.08,23.4,0.04,0.0,0.0,0.0,0.0,0.0
alibaba_j_1000075,Base_Temp_Batch_LWF,13,alibaba_real_dag,3,0,0.0611,2.0,Origin_HU,HU,empty,True,1.9689,1.9689,0.0,27.48,0.01,0.0,0.0,0.0,0.0,0.03,27.45,0.02,0.0,0.0,0.0,0.0,0.0
alibaba_j_1000037,Base_Temp_Batch_LWF,13,alibaba_real_dag,3,0,0.025,2.0,Origin_HU,HU,empty,True,1.9689,1.9689,0.0,24.03,0.01,0.0,0.0,0.0,0.0,0.02,24.01,0.01,0.0,0.0,0.0,0.0,0.0
alibaba_j_1000034,Base_Temp_Batch_LWF,13,alibaba_real_dag,3,0,0.0194,2.0,Origin_HU,HU,empty,True,1.9689,1.9689,0.0,7.95,0.0,0.0,0.0,0.0,0.0,0.01,7.94,0.01,0.0,0.0,0.0,0.0,0.0
alibaba_j_1000039,Base_Temp_Batch_LWF,13,alibaba_real_dag,10,0,5.3694,53.69,Origin_ID,ID,empty,True,2.0071,2.0071,100.0,48.01,0.57,196.8,0.0,196.8,3.0,24.01,24.0,0.57,100.0,69.5628,1.968,8.1966,0.122002
alibaba_j_1000038,Base_Temp_Batch_LWF,13,alibaba_real_dag,8,0,4.0417,40.42,Origin_ID,ID,empty,True,2.0071,2.0071,25.0,51.58,0.68,195.1,0.0,195.1,3.0,24.62,26.96,0.84,0.0,57.7595,7.804,7.9245,0.126192
alibaba_j_1000078,Base_Temp_Batch_LWF,13,alibaba_real_dag,5,0,0.175,2.0,Origin_ID,ID,empty,True,2.0071,2.0071,0.0,26.48,0.04,0.0,0.0,0.0,0.0,0.08,26.4,0.04,0.0,0.0,0.0,0.0,0.0
alibaba_j_1000075,Base_Temp_Batch_LWF,13,alibaba_real_dag,3,0,0.0611,2.0,Origin_ID,ID,empty,True,2.0071,2.0071,0.0,7.48,0.01,0.0,0.0,0.0,0.0,0.03,7.45,0.02,0.0,0.0,0.0,0.0,0.0
alibaba_j_1000037,Base_Temp_Batch_LWF,13,alibaba_real_dag,3,0,0.025,2.0,Origin_ID,ID,empty,True,2.0071,2.0071,0.0,4.03,0.01,0.0,0.0,0.0,0.0,0.02,4.01,0.01,0.0,0.0,0.0,0.0,0.0
alibaba_j_1000034,Base_Temp_Batch_LWF,13,alibaba_real_dag,3,0,0.0194,2.0,Origin_ID,ID,empty,True,2.0071,2.0071,0.0,11.95,0.0,0.0,0.0,0.0,0.0,0.01,11.94,0.01,0.0,0.0,0.0,0.0,0.0
alibaba_j_1000039,Base_Temp_Batch_LWF,13,alibaba_real_dag,10,0,5.3694,53.69,Origin_IE,IE,empty,True,1.9475,1.9475,100.0,49.42,0.57,78.9,0.0,78.9,3.0,36.42,13.0,0.57,100.0,27.8887,0.789,2.1664,0.461597
alibaba_j_1000038,Base_Temp_Batch_LWF,13,alibaba_real_dag,8,0,4.0417,40.42,Origin_IE,IE,empty,True,1.9475,1.9475,0.0,54.58,0.68,52.4,0.0,52.4,3.0,3.62,50.96,0.84,0.0,15.5131,0.0,14.4751,0.069084
alibaba_j_1000078,Base_Temp_Batch_LWF,13,alibaba_real_dag,5,0,0.175,2.0,Origin_IE,IE,empty,True,1.9475,1.9475,0.0,50.48,0.04,0.0,0.0,0.0,0.0,0.08,50.4,0.04,0.0,0.0,0.0,0.0,0.0
alibaba_j_1000075,Base_Temp_Batch_LWF,13,alibaba_real_dag,3,0,0.0611,2.0,Origin_IE,IE,empty,True,1.9475,1.9475,0.0,7.48,0.01,0.0,0.0,0.0,0.0,0.03,7.45,0.02,0.0,0.0,0.0,0.0,0.0
alibaba_j_1000037,Base_Temp_Batch_LWF,13,alibaba_real_dag,3,0,0.025,2.0,Origin_IE,IE,empty,True,1.9475,1.9475,0.0,4.03,0.01,0.0,0.0,0.0,0.0,0.02,4.01,0.01,0.0,0.0,0.0,0.0,0.0
alibaba_j_1000034,Base_Temp_Batch_LWF,13,alibaba_real_dag,3,0,0.0194,2.0,Origin_IE,IE,empty,True,1.9475,1.9475,0.0,48.95,0.0,0.0,0.0,0.0,0.0,0.01,48.94,0.01,0.0,0.0,0.0,0.0,0.0
alibaba_j_1000039,Base_Temp_Batch_LWF,13,alibaba_real_dag,10,0,5.3694,53.69,Origin_IL,IL,empty,True,1.9463,1.9463,100.0,48.42,0.57,118.7,0.0,118.7,3.0,3.42,45.0,0.57,100.0,41.9568,1.187,34.7076,0.028812
alibaba_j_1000038,Base_Temp_Batch_LWF,13,alibaba_real_dag,8,0,4.0417,40.42,Origin_IL,IL,empty,True,1.9463,1.9463,25.0,49.58,0.68,114.0,0.0,114.0,3.0,24.62,24.96,0.84,0.0,33.7498,4.56,4.6304,0.215965
alibaba_j_1000078,Base_Temp_Batch_LWF,13,alibaba_real_dag,5,0,0.175,2.0,Origin_IL,IL,empty,True,1.9463,1.9463,0.0,24.48,0.04,0.0,0.0,0.0,0.0,0.08,24.4,0.04,0.0,0.0,0.0,0.0,0.0
alibaba_j_1000075,Base_Temp_Batch_LWF,13,alibaba_real_dag,3,0,0.0611,2.0,Origin_IL,IL,empty,True,1.9463,1.9463,0.0,3.48,0.01,0.0,0.0,0.0,0.0,0.03,3.45,0.02,0.0,0.0,0.0,0.0,0.0
alibaba_j_1000037,Base_Temp_Batch_LWF,13,alibaba_real_dag,3,0,0.025,2.0,Origin_IL,IL,empty,True,1.9463,1.9463,0.0,49.03,0.01,0.0,0.0,0.0,0.0,0.02,49.01,0.01,0.0,0.0,0.0,0.0,0.0
alibaba_j_1000034,Base_Temp_Batch_LWF,13,alibaba_real_dag,3,0,0.0194,2.0,Origin_IL,IL,empty,True,1.9463,1.9463,0.0,32.95,0.0,0.0,0.0,0.0,0.0,0.01,32.94,0.01,0.0,0.0,0.0,0.0,0.0
alibaba_j_1000039,Base_Temp_Batch_LWF,13,alibaba_real_dag,10,0,5.3694,53.69,Origin_IN-MH,IN-MH,empty,False,0.0137,,,,,,,,,,,,,,,,
alibaba_j_1000038,Base_Temp_Batch_LWF,13,alibaba_real_dag,8,0,4.0417,40.42,Origin_IN-MH,IN-MH,empty,False,0.0137,,,,,,,,,,,,,,,,
alibaba_j_1000078,Base_Temp_Batch_LWF,13,alibaba_real_dag,5,0,0.175,2.0,Origin_IN-MH,IN-MH,empty,False,0.0137,,,,,,,,,,,,,,,,
alibaba_j_1000075,Base_Temp_Batch_LWF,13,alibaba_real_dag,3,0,0.0611,2.0,Origin_IN-MH,IN-MH,empty,False,0.0137,,,,,,,,,,,,,,,,
alibaba_j_1000037,Base_Temp_Batch_LWF,13,alibaba_real_dag,3,0,0.025,2.0,Origin_IN-MH,IN-MH,empty,False,0.0137,,,,,,,,,,,,,,,,
alibaba_j_1000034,Base_Temp_Batch_LWF,13,alibaba_real_dag,3,0,0.0194,2.0,Origin_IN-MH,IN-MH,empty,False,0.0137,,,,,,,,,,,,,,,,
alibaba_j_1000039,Base_Temp_Batch_LWF,13,alibaba_real_dag,10,0,5.3694,53.69,Origin_IN-UP,IN-UP,empty,False,0.0133,,,,,,,,,,,,,,,,
alibaba_j_1000038,Base_Temp_Batch_LWF,13,alibaba_real_dag,8,0,4.0417,40.42,Origin_IN-UP,IN-UP,empty,False,0.0133,,,,,,,,,,,,,,,,
alibaba_j_1000078,Base_Temp_Batch_LWF,13,alibaba_real_dag,5,0,0.175,2.0,Origin_IN-UP,IN-UP,empty,False,0.0133,,,,,,,,,,,,,,,,
alibaba_j_1000075,Base_Temp_Batch_LWF,13,alibaba_real_dag,3,0,0.0611,2.0,Origin_IN-UP,IN-UP,empty,False,0.0133,,,,,,,,,,,,,,,,
alibaba_j_1000037,Base_Temp_Batch_LWF,13,alibaba_real_dag,3,0,0.025,2.0,Origin_IN-UP,IN-UP,empty,False,0.0133,,,,,,,,,,,,,,,,
alibaba_j_1000034,Base_Temp_Batch_LWF,13,alibaba_real_dag,3,0,0.0194,2.0,Origin_IN-UP,IN-UP,empty,False,0.0133,,,,,,,,,,,,,,,,
alibaba_j_1000039,Base_Temp_Batch_LWF,13,alibaba_real_dag,10,0,5.3694,53.69,Origin_IN-WE,IN-WE,empty,True,1.9395,1.9395,100.0,20.43,0.57,166.1,0.0,166.1,3.0,3.42,17.0,0.57,100.0,58.7113,1.661,48.5673,0.02059
alibaba_j_1000038,Base_Temp_Batch_LWF,13,alibaba_real_dag,8,0,4.0417,40.42,Origin_IN-WE,IN-WE,empty,True,1.9395,1.9395,0.0,47.58,0.68,178.8,0.0,178.8,3.0,3.62,43.96,0.84,0.0,52.9339,0.0,49.3923,0.020246
alibaba_j_1000078,Base_Temp_Batch_LWF,13,alibaba_real_dag,5,0,0.175,2.0,Origin_IN-WE,IN-WE,empty,True,1.9395,1.9395,0.0,43.48,0.04,0.0,0.0,0.0,0.0,0.08,43.4,0.04,0.0,0.0,0.0,0.0,0.0
alibaba_j_1000075,Base_Temp_Batch_LWF,13,alibaba_real_dag,3,0,0.0611,2.0,Origin_IN-WE,IN-WE,empty,True,1.9395,1.9395,0.0,49.48,0.01,0.0,0.0,0.0,0.0,0.03,49.45,0.02,0.0,0.0,0.0,0.0,0.0
alibaba_j_1000037,Base_Temp_Batch_LWF,13,alibaba_real_dag,3,0,0.025,2.0,Origin_IN-WE,IN-WE,empty,True,1.9395,1.9395,0.0,46.03,0.01,0.0,0.0,0.0,0.0,0.02,46.01,0.01,0.0,0.0,0.0,0.0,0.0
alibaba_j_1000034,Base_Temp_Batch_LWF,13,alibaba_real_dag,3,0,0.0194,2.0,Origin_IN-WE,IN-WE,empty,True,1.9395,1.9395,0.0,51.95,0.0,0.0,0.0,0.0,0.0,0.01,51.94,0.01,0.0,0.0,0.0,0.0,0.0
alibaba_j_1000039,Base_Temp_Batch_LWF,13,alibaba_real_dag,10,0,5.3694,53.69,Origin_IT-CNO,IT-CNO,empty,True,1.9924,1.9924,100.0,50.42,0.57,35.8,0.0,35.8,3.0,3.42,47.0,0.57,100.0,12.6542,0.358,10.4678,0.095531
alibaba_j_1000038,Base_Temp_Batch_LWF,13,alibaba_real_dag,8,0,4.0417,40.42,Origin_IT-CNO,IT-CNO,empty,True,1.9924,1.9924,100.0,27.58,0.68,29.4,0.0,29.4,3.0,25.62,1.96,0.84,100.0,8.7039,0.294,1.1475,0.871429
alibaba_j_1000078,Base_Temp_Batch_LWF,13,alibaba_real_dag,5,0,0.175,2.0,Origin_IT-CNO,IT-CNO,empty,True,1.9924,1.9924,100.0,1.48,0.04,0.0,0.0,0.0,0.0,0.08,1.4,0.04,100.0,0.0,0.0,0.0,0.0
alibaba_j_1000075,Base_Temp_Batch_LWF,13,alibaba_real_dag,3,0,0.0611,2.0,Origin_IT-CNO,IT-CNO,empty,True,1.9924,1.9924,0.0,29.48,0.01,0.0,0.0,0.0,0.0,0.03,29.45,0.02,0.0,0.0,0.0,0.0,0.0
alibaba_j_1000037,Base_Temp_Batch_LWF,13,alibaba_real_dag,3,0,0.025,2.0,Origin_IT-CNO,IT-CNO,empty,True,1.9924,1.9924,0.0,26.03,0.01,0.0,0.0,0.0,0.0,0.02,26.01,0.01,0.0,0.0,0.0,0.0,0.0
alibaba_j_1000034,Base_Temp_Batch_LWF,13,alibaba_real_dag,3,0,0.0194,2.0,Origin_IT-CNO,IT-CNO,empty,True,1.9924,1.9924,0.0,9.95,0.0,0.0,0.0,0.0,0.0,0.01,9.94,0.01,0.0,0.0,0.0,0.0,0.0
alibaba_j_1000039,Base_Temp_Batch_LWF,13,alibaba_real_dag,10,0,5.3694,53.69,Origin_IT-CSO,IT-CSO,empty,True,1.9862,1.9862,100.0,49.42,0.57,45.4,0.0,45.4,3.0,3.42,46.0,0.57,100.0,16.0475,0.454,13.2749,0.07533
alibaba_j_1000038,Base_Temp_Batch_LWF,13,alibaba_real_dag,8,0,4.0417,40.42,Origin_IT-CSO,IT-CSO,empty,True,1.9862,1.9862,100.0,27.58,0.68,29.3,0.0,29.3,3.0,3.62,23.96,0.84,100.0,8.6743,0.293,8.0939,0.123549
alibaba_j_1000078,Base_Temp_Batch_LWF,13,alibaba_real_dag,5,0,0.175,2.0,Origin_IT-CSO,IT-CSO,empty,True,1.9862,1.9862,0.0,23.48,0.04,0.0,0.0,0.0,0.0,0.08,23.4,0.04,0.0,0.0,0.0,0.0,0.0
alibaba_j_1000075,Base_Temp_Batch_LWF,13,alibaba_real_dag,3,0,0.0611,2.0,Origin_IT-CSO,IT-CSO,empty,True,1.9862,1.9862,0.0,29.48,0.01,0.0,0.0,0.0,0.0,0.03,29.45,0.02,0.0,0.0,0.0,0.0,0.0
alibaba_j_1000037,Base_Temp_Batch_LWF,13,alibaba_real_dag,3,0,0.025,2.0,Origin_IT-CSO,IT-CSO,empty,True,1.9862,1.9862,0.0,26.03,0.01,0.0,0.0,0.0,0.0,0.02,26.01,0.01,0.0,0.0,0.0,0.0,0.0
alibaba_j_1000034,Base_Temp_Batch_LWF,13,alibaba_real_dag,3,0,0.0194,2.0,Origin_IT-CSO,IT-CSO,empty,True,1.9862,1.9862,0.0,9.95,0.0,0.0,0.0,0.0,0.0,0.01,9.94,0.01,0.0,0.0,0.0,0.0,0.0
alibaba_j_1000039,Base_Temp_Batch_LWF,13,alibaba_real_dag,10,0,5.3694,53.69,Origin_IT-NO,IT-NO,empty,True,2.01,2.01,100.0,50.42,0.57,51.9,0.0,51.9,3.0,4.42,46.0,0.57,100.0,18.3451,0.519,11.7421,0.085164
alibaba_j_1000038,Base_Temp_Batch_LWF,13,alibaba_real_dag,8,0,4.0417,40.42,Origin_IT-NO,IT-NO,empty,True,2.01,2.01,100.0,28.58,0.68,39.7,0.0,39.7,3.0,26.62,1.96,0.84,100.0,11.7532,0.397,1.4914,0.670529
alibaba_j_1000078,Base_Temp_Batch_LWF,13,alibaba_real_dag,5,0,0.175,2.0,Origin_IT-NO,IT-NO,empty,True,2.01,2.01,100.0,1.48,0.04,0.0,0.0,0.0,0.0,0.08,1.4,0.04,100.0,0.0,0.0,0.0,0.0
alibaba_j_1000075,Base_Temp_Batch_LWF,13,alibaba_real_dag,3,0,0.0611,2.0,Origin_IT-NO,IT-NO,empty,True,2.01,2.01,0.0,29.48,0.01,0.0,0.0,0.0,0.0,0.03,29.45,0.02,0.0,0.0,0.0,0.0,0.0
alibaba_j_1000037,Base_Temp_Batch_LWF,13,alibaba_real_dag,3,0,0.025,2.0,Origin_IT-NO,IT-NO,empty,True,2.01,2.01,0.0,26.03,0.01,0.0,0.0,0.0,0.0,0.02,26.01,0.01,0.0,0.0,0.0,0.0,0.0
alibaba_j_1000034,Base_Temp_Batch_LWF,13,alibaba_real_dag,3,0,0.0194,2.0,Origin_IT-NO,IT-NO,empty,True,2.01,2.01,0.0,9.95,0.0,0.0,0.0,0.0,0.0,0.01,9.94,0.01,0.0,0.0,0.0,0.0,0.0
alibaba_j_1000039,Base_Temp_Batch_LWF,13,alibaba_real_dag,10,0,5.3694,53.69,Origin_IT-SAR,IT-SAR,empty,True,1.9579,1.9579,100.0,46.01,0.57,82.7,0.0,82.7,3.0,23.01,23.0,0.57,100.0,29.2319,0.827,3.5941,0.278235
alibaba_j_1000038,Base_Temp_Batch_LWF,13,alibaba_real_dag,8,0,4.0417,40.42,Origin_IT-SAR,IT-SAR,empty,True,1.9579,1.9579,0.0,54.58,0.68,96.0,0.0,96.0,3.0,3.62,50.96,0.84,0.0,28.4209,0.0,26.5193,0.037708
alibaba_j_1000078,Base_Temp_Batch_LWF,13,alibaba_real_dag,5,0,0.175,2.0,Origin_IT-SAR,IT-SAR,empty,True,1.9579,1.9579,0.0,50.48,0.04,0.0,0.0,0.0,0.0,0.08,50.4,0.04,0.0,0.0,0.0,0.0,0.0
alibaba_j_1000075,Base_Temp_Batch_LWF,13,alibaba_real_dag,3,0,0.0611,2.0,Origin_IT-SAR,IT-SAR,empty,True,1.9579,1.9579,0.0,27.48,0.01,0.0,0.0,0.0,0.0,0.03,27.45,0.02,0.0,0.0,0.0,0.0,0.0
alibaba_j_1000037,Base_Temp_Batch_LWF,13,alibaba_real_dag,3,0,0.025,2.0,Origin_IT-SAR,IT-SAR,empty,True,1.9579,1.9579,0.0,24.03,0.01,0.0,0.0,0.0,0.0,0.02,24.01,0.01,0.0,0.0,0.0,0.0,0.0
alibaba_j_1000034,Base_Temp_Batch_LWF,13,alibaba_real_dag,3,0,0.0194,2.0,Origin_IT-SAR,IT-SAR,empty,True,1.9579,1.9579,0.0,7.95,0.0,0.0,0.0,0.0,0.0,0.01,7.94,0.01,0.0,0.0,0.0,0.0,0.0
alibaba_j_1000039,Base_Temp_Batch_LWF,13,alibaba_real_dag,10,0,5.3694,53.69,Origin_IT-SIC,IT-SIC,empty,True,1.9826,1.9826,100.0,50.42,0.57,26.0,0.0,26.0,3.0,3.42,47.0,0.57,100.0,9.1902,0.26,7.6023,0.131538
alibaba_j_1000038,Base_Temp_Batch_LWF,13,alibaba_real_dag,8,0,4.0417,40.42,Origin_IT-SIC,IT-SIC,empty,True,1.9826,1.9826,87.5,49.58,0.68,25.7,0.0,25.7,3.0,22.62,26.96,0.84,0.0,7.6085,0.2937,1.1362,0.880156
alibaba_j_1000078,Base_Temp_Batch_LWF,13,alibaba_real_dag,5,0,0.175,2.0,Origin_IT-SIC,IT-SIC,empty,True,1.9826,1.9826,0.0,26.48,0.04,0.0,0.0,0.0,0.0,0.08,26.4,0.04,0.0,0.0,0.0,0.0,0.0
alibaba_j_1000075,Base_Temp_Batch_LWF,13,alibaba_real_dag,3,0,0.0611,2.0,Origin_IT-SIC,IT-SIC,empty,True,1.9826,1.9826,0.0,29.48,0.01,0.0,0.0,0.0,0.0,0.03,29.45,0.02,0.0,0.0,0.0,0.0,0.0
alibaba_j_1000037,Base_Temp_Batch_LWF,13,alibaba_real_dag,3,0,0.025,2.0,Origin_IT-SIC,IT-SIC,empty,True,1.9826,1.9826,0.0,26.03,0.01,0.0,0.0,0.0,0.0,0.02,26.01,0.01,0.0,0.0,0.0,0.0,0.0
alibaba_j_1000034,Base_Temp_Batch_LWF,13,alibaba_real_dag,3,0,0.0194,2.0,Origin_IT-SIC,IT-SIC,empty,True,1.9826,1.9826,0.0,9.95,0.0,0.0,0.0,0.0,0.0,0.01,9.94,0.01,0.0,0.0,0.0,0.0,0.0
alibaba_j_1000039,Base_Temp_Batch_LWF,13,alibaba_real_dag,10,0,5.3694,53.69,Origin_IT-SO,IT-SO,empty,True,2.0086,2.0086,100.0,49.42,0.57,40.2,0.0,40.2,3.0,3.42,46.0,0.57,100.0,14.2095,0.402,11.7544,0.085075
alibaba_j_1000038,Base_Temp_Batch_LWF,13,alibaba_real_dag,8,0,4.0417,40.42,Origin_IT-SO,IT-SO,empty,True,2.0086,2.0086,100.0,28.58,0.68,26.2,0.0,26.2,3.0,4.62,23.96,0.84,100.0,7.7565,0.262,5.671,0.176336
alibaba_j_1000078,Base_Temp_Batch_LWF,13,alibaba_real_dag,5,0,0.175,2.0,Origin_IT-SO,IT-SO,empty,True,2.0086,2.0086,0.0,23.48,0.04,0.0,0.0,0.0,0.0,0.08,23.4,0.04,0.0,0.0,0.0,0.0,0.0
alibaba_j_1000075,Base_Temp_Batch_LWF,13,alibaba_real_dag,3,0,0.0611,2.0,Origin_IT-SO,IT-SO,empty,True,2.0086,2.0086,0.0,30.48,0.01,0.0,0.0,0.0,0.0,0.03,30.45,0.02,0.0,0.0,0.0,0.0,0.0
alibaba_j_1000037,Base_Temp_Batch_LWF,13,alibaba_real_dag,3,0,0.025,2.0,Origin_IT-SO,IT-SO,empty,True,2.0086,2.0086,0.0,27.03,0.01,0.0,0.0,0.0,0.0,0.02,27.01,0.01,0.0,0.0,0.0,0.0,0.0
alibaba_j_1000034,Base_Temp_Batch_LWF,13,alibaba_real_dag,3,0,0.0194,2.0,Origin_IT-SO,IT-SO,empty,True,2.0086,2.0086,0.0,10.95,0.0,0.0,0.0,0.0,0.0,0.01,10.94,0.01,0.0,0.0,0.0,0.0,0.0
alibaba_j_1000039,Base_Temp_Batch_LWF,13,alibaba_real_dag,10,0,5.3694,53.69,Origin_JP-KN,JP-KN,empty,True,1.978,1.978,100.0,51.01,0.57,64.8,0.0,64.8,3.0,13.01,38.0,0.57,100.0,22.9048,0.648,4.9808,0.200772
alibaba_j_1000038,Base_Temp_Batch_LWF,13,alibaba_real_dag,8,0,4.0417,40.42,Origin_JP-KN,JP-KN,empty,True,1.978,1.978,100.0,22.58,0.68,52.5,0.0,52.5,3.0,3.62,18.96,0.84,100.0,15.5427,0.525,14.5028,0.068952
alibaba_j_1000078,Base_Temp_Batch_LWF,13,alibaba_real_dag,5,0,0.175,2.0,Origin_JP-KN,JP-KN,empty,True,1.978,1.978,0.0,18.48,0.04,0.0,0.0,0.0,0.0,0.08,18.4,0.04,0.0,0.0,0.0,0.0,0.0
alibaba_j_1000075,Base_Temp_Batch_LWF,13,alibaba_real_dag,3,0,0.0611,2.0,Origin_JP-KN,JP-KN,empty,True,1.978,1.978,0.0,45.48,0.01,0.0,0.0,0.0,0.0,0.03,45.45,0.02,0.0,0.0,0.0,0.0,0.0
alibaba_j_1000037,Base_Temp_Batch_LWF,13,alibaba_real_dag,3,0,0.025,2.0,Origin_JP-KN,JP-KN,empty,True,1.978,1.978,0.0,42.03,0.01,0.0,0.0,0.0,0.0,0.02,42.01,0.01,0.0,0.0,0.0,0.0,0.0
alibaba_j_1000034,Base_Temp_Batch_LWF,13,alibaba_real_dag,3,0,0.0194,2.0,Origin_JP-KN,JP-KN,empty,True,1.978,1.978,0.0,48.95,0.0,0.0,0.0,0.0,0.0,0.01,48.94,0.01,0.0,0.0,0.0,0.0,0.0
alibaba_j_1000039,Base_Temp_Batch_LWF,13,alibaba_real_dag,10,0,5.3694,53.69,Origin_JP-TK,JP-TK,empty,True,2.0101,2.0101,100.0,39.42,0.57,107.1,0.0,107.1,3.0,3.42,36.0,0.57,100.0,37.8566,1.071,31.3158,0.031933
alibaba_j_1000038,Base_Temp_Batch_LWF,13,alibaba_real_dag,8,0,4.0417,40.42,Origin_JP-TK,JP-TK,empty,True,2.0101,2.0101,100.0,39.58,0.68,107.2,0.0,107.2,3.0,21.62,17.96,0.84,100.0,31.7366,1.072,4.9584,0.201679
alibaba_j_1000078,Base_Temp_Batch_LWF,13,alibaba_real_dag,5,0,0.175,2.0,Origin_JP-TK,JP-TK,empty,True,2.0101,2.0101,0.0,17.48,0.04,0.0,0.0,0.0,0.0,0.08,17.4,0.04,0.0,0.0,0.0,0.0,0.0
alibaba_j_1000075,Base_Temp_Batch_LWF,13,alibaba_real_dag,3,0,0.0611,2.0,Origin_JP-TK,JP-TK,empty,True,2.0101,2.0101,0.0,44.48,0.01,0.0,0.0,0.0,0.0,0.03,44.45,0.02,0.0,0.0,0.0,0.0,0.0
alibaba_j_1000037,Base_Temp_Batch_LWF,13,alibaba_real_dag,3,0,0.025,2.0,Origin_JP-TK,JP-TK,empty,True,2.0101,2.0101,0.0,41.03,0.01,0.0,0.0,0.0,0.0,0.02,41.01,0.01,0.0,0.0,0.0,0.0,0.0
alibaba_j_1000034,Base_Temp_Batch_LWF,13,alibaba_real_dag,3,0,0.0194,2.0,Origin_JP-TK,JP-TK,empty,True,2.0101,2.0101,0.0,24.95,0.0,0.0,0.0,0.0,0.0,0.01,24.94,0.01,0.0,0.0,0.0,0.0,0.0
alibaba_j_1000039,Base_Temp_Batch_LWF,13,alibaba_real_dag,10,0,5.3694,53.69,Origin_KR,KR,empty,True,2.0719,2.0719,100.0,17.43,0.57,118.0,0.0,118.0,3.0,3.42,14.0,0.57,100.0,41.7094,1.18,34.5029,0.028983
alibaba_j_1000038,Base_Temp_Batch_LWF,13,alibaba_real_dag,8,0,4.0417,40.42,Origin_KR,KR,empty,True,2.0719,2.0719,100.0,19.58,0.68,101.0,0.0,101.0,3.0,3.62,15.96,0.84,100.0,29.9011,1.01,27.9006,0.035842
alibaba_j_1000078,Base_Temp_Batch_LWF,13,alibaba_real_dag,5,0,0.175,2.0,Origin_KR,KR,empty,True,2.0719,2.0719,0.0,15.48,0.04,0.0,0.0,0.0,0.0,0.08,15.4,0.04,0.0,0.0,0.0,0.0,0.0
alibaba_j_1000075,Base_Temp_Batch_LWF,13,alibaba_real_dag,3,0,0.0611,2.0,Origin_KR,KR,empty,True,2.0719,2.0719,0.0,21.48,0.01,0.0,0.0,0.0,0.0,0.03,21.45,0.02,0.0,0.0,0.0,0.0,0.0
alibaba_j_1000037,Base_Temp_Batch_LWF,13,alibaba_real_dag,3,0,0.025,2.0,Origin_KR,KR,empty,True,2.0719,2.0719,0.0,18.03,0.01,0.0,0.0,0.0,0.0,0.02,18.01,0.01,0.0,0.0,0.0,0.0,0.0
alibaba_j_1000034,Base_Temp_Batch_LWF,13,alibaba_real_dag,3,0,0.0194,2.0,Origin_KR,KR,empty,True,2.0719,2.0719,100.0,1.95,0.0,0.0,0.0,0.0,0.0,0.01,1.94,0.01,100.0,0.0,0.0,0.0,0.0
alibaba_j_1000039,Base_Temp_Batch_LWF,13,alibaba_real_dag,10,0,5.3694,53.69,Origin_LT,LT,empty,True,1.9613,1.9613,100.0,51.01,0.57,17.4,0.0,17.4,3.0,25.01,26.0,0.57,100.0,6.1504,0.174,0.6957,1.437356
alibaba_j_1000038,Base_Temp_Batch_LWF,13,alibaba_real_dag,8,0,4.0417,40.42,Origin_LT,LT,empty,True,1.9613,1.9613,0.0,54.58,0.68,19.5,0.0,19.5,3.0,3.62,50.96,0.84,0.0,5.773,0.0,5.3867,0.185641
alibaba_j_1000078,Base_Temp_Batch_LWF,13,alibaba_real_dag,5,0,0.175,2.0,Origin_LT,LT,empty,True,1.9613,1.9613,0.0,50.48,0.04,0.0,0.0,0.0,0.0,0.08,50.4,0.04,0.0,0.0,0.0,0.0,0.0
alibaba_j_1000075,Base_Temp_Batch_LWF,13,alibaba_real_dag,3,0,0.0611,2.0,Origin_LT,LT,empty,True,1.9613,1.9613,0.0,31.48,0.01,0.0,0.0,0.0,0.0,0.03,31.45,0.02,0.0,0.0,0.0,0.0,0.0
alibaba_j_1000037,Base_Temp_Batch_LWF,13,alibaba_real_dag,3,0,0.025,2.0,Origin_LT,LT,empty,True,1.9613,1.9613,0.0,28.03,0.01,0.0,0.0,0.0,0.0,0.02,28.01,0.01,0.0,0.0,0.0,0.0,0.0
alibaba_j_1000034,Base_Temp_Batch_LWF,13,alibaba_real_dag,3,0,0.0194,2.0,Origin_LT,LT,empty,True,1.9613,1.9613,0.0,48.95,0.0,0.0,0.0,0.0,0.0,0.01,48.94,0.01,0.0,0.0,0.0,0.0,0.0
alibaba_j_1000039,Base_Temp_Batch_LWF,13,alibaba_real_dag,10,0,5.3694,53.69,Origin_LU,LU,empty,True,2.0772,2.0772,100.0,48.01,0.57,23.2,0.0,23.2,3.0,48.01,0.0,0.57,100.0,8.2005,0.232,0.4832,2.069397
alibaba_j_1000038,Base_Temp_Batch_LWF,13,alibaba_real_dag,8,0,4.0417,40.42,Origin_LU,LU,empty,True,2.0772,2.0772,87.5,49.58,0.68,24.7,0.0,24.7,3.0,44.62,4.96,0.84,0.0,7.3125,0.2823,0.5536,1.806478
alibaba_j_1000078,Base_Temp_Batch_LWF,13,alibaba_real_dag,5,0,0.175,2.0,Origin_LU,LU,empty,True,2.0772,2.0772,0.0,4.48,0.04,0.0,0.0,0.0,0.0,0.08,4.4,0.04,0.0,0.0,0.0,0.0,0.0
alibaba_j_1000075,Base_Temp_Batch_LWF,13,alibaba_real_dag,3,0,0.0611,2.0,Origin_LU,LU,empty,True,2.0772,2.0772,0.0,51.48,0.01,0.0,0.0,0.0,0.0,0.03,51.45,0.02,0.0,0.0,0.0,0.0,0.0
alibaba_j_1000037,Base_Temp_Batch_LWF,13,alibaba_real_dag,3,0,0.025,2.0,Origin_LU,LU,empty,True,2.0772,2.0772,0.0,49.03,0.01,0.0,0.0,0.0,0.0,0.02,49.01,0.01,0.0,0.0,0.0,0.0,0.0
alibaba_j_1000034,Base_Temp_Batch_LWF,13,alibaba_real_dag,3,0,0.0194,2.0,Origin_LU,LU,empty,True,2.0772,2.0772,0.0,32.95,0.0,0.0,0.0,0.0,0.0,0.01,32.94,0.01,0.0,0.0,0.0,0.0,0.0
alibaba_j_1000039,Base_Temp_Batch_LWF,13,alibaba_real_dag,10,0,5.3694,53.69,Origin_LV,LV,empty,True,2.0908,2.0908,100.0,50.01,0.57,8.2,0.0,8.2,3.0,37.01,13.0,0.57,100.0,2.8984,0.082,0.2216,4.513415
alibaba_j_1000038,Base_Temp_Batch_LWF,13,alibaba_real_dag,8,0,4.0417,40.42,Origin_LV,LV,empty,True,2.0908,2.0908,100.0,33.58,0.68,8.9,0.0,8.9,3.0,25.62,7.96,0.84,100.0,2.6349,0.089,0.3474,2.878652
alibaba_j_1000078,Base_Temp_Batch_LWF,13,alibaba_real_dag,5,0,0.175,2.0,Origin_LV,LV,empty,True,2.0908,2.0908,0.0,7.48,0.04,0.0,0.0,0.0,0.0,0.08,7.4,0.04,0.0,0.0,0.0,0.0,0.0
alibaba_j_1000075,Base_Temp_Batch_LWF,13,alibaba_real_dag,3,0,0.0611,2.0,Origin_LV,LV,empty,True,2.0908,2.0908,0.0,24.48,0.01,0.0,0.0,0.0,0.0,0.03,24.45,0.02,0.0,0.0,0.0,0.0,0.0
alibaba_j_1000037,Base_Temp_Batch_LWF,13,alibaba_real_dag,3,0,0.025,2.0,Origin_LV,LV,empty,True,2.0908,2.0908,0.0,21.03,0.01,0.0,0.0,0.0,0.0,0.02,21.01,0.01,0.0,0.0,0.0,0.0,0.0
alibaba_j_1000034,Base_Temp_Batch_LWF,13,alibaba_real_dag,3,0,0.0194,2.0,Origin_LV,LV,empty,True,2.0908,2.0908,0.0,4.95,0.0,0.0,0.0,0.0,0.0,0.01,4.94,0.01,0.0,0.0,0.0,0.0,0.0
alibaba_j_1000039,Base_Temp_Batch_LWF,13,alibaba_real_dag,10,0,5.3694,53.69,Origin_NL,NL,empty,True,2.0381,2.0381,100.0,25.43,0.57,17.3,0.0,17.3,3.0,3.42,22.0,0.57,100.0,6.115,0.173,5.0585,0.197688
alibaba_j_1000038,Base_Temp_Batch_LWF,13,alibaba_real_dag,8,0,4.0417,40.42,Origin_NL,NL,empty,True,2.0381,2.0381,87.5,51.58,0.68,23.4,0.0,23.4,3.0,24.62,26.96,0.84,0.0,6.9276,0.2674,0.9504,1.052137
alibaba_j_1000078,Base_Temp_Batch_LWF,13,alibaba_real_dag,5,0,0.175,2.0,Origin_NL,NL,empty,True,2.0381,2.0381,0.0,26.48,0.04,0.0,0.0,0.0,0.0,0.08,26.4,0.04,0.0,0.0,0.0,0.0,0.0
alibaba_j_1000075,Base_Temp_Batch_LWF,13,alibaba_real_dag,3,0,0.0611,2.0,Origin_NL,NL,empty,True,2.0381,2.0381,0.0,5.48,0.01,0.0,0.0,0.0,0.0,0.03,5.45,0.02,0.0,0.0,0.0,0.0,0.0
alibaba_j_1000037,Base_Temp_Batch_LWF,13,alibaba_real_dag,3,0,0.025,2.0,Origin_NL,NL,empty,True,2.0381,2.0381,0.0,2.03,0.01,0.0,0.0,0.0,0.0,0.02,2.01,0.01,0.0,0.0,0.0,0.0,0.0
alibaba_j_1000034,Base_Temp_Batch_LWF,13,alibaba_real_dag,3,0,0.0194,2.0,Origin_NL,NL,empty,True,2.0381,2.0381,0.0,11.95,0.0,0.0,0.0,0.0,0.0,0.01,11.94,0.01,0.0,0.0,0.0,0.0,0.0
alibaba_j_1000039,Base_Temp_Batch_LWF,13,alibaba_real_dag,10,0,5.3694,53.69,Origin_NO-NO1,NO-NO1,empty,True,2.0562,2.0562,100.0,3.42,0.57,7.2,0.0,7.2,3.0,3.42,0.0,0.57,100.0,2.545,0.072,2.1053,0.475
alibaba_j_1000038,Base_Temp_Batch_LWF,13,alibaba_real_dag,8,0,4.0417,40.42,Origin_NO-NO1,NO-NO1,empty,True,2.0562,2.0562,0.0,52.58,0.68,6.8,0.0,6.8,3.0,4.62,47.96,0.84,0.0,2.0131,0.0,1.4719,0.679412
alibaba_j_1000078,Base_Temp_Batch_LWF,13,alibaba_real_dag,5,0,0.175,2.0,Origin_NO-NO1,NO-NO1,empty,True,2.0562,2.0562,0.0,47.48,0.04,0.0,0.0,0.0,0.0,0.08,47.4,0.04,0.0,0.0,0.0,0.0,0.0
alibaba_j_1000075,Base_Temp_Batch_LWF,13,alibaba_real_dag,3,0,0.0611,2.0,Origin_NO-NO1,NO-NO1,empty,True,2.0562,2.0562,0.0,16.48,0.01,0.0,0.0,0.0,0.0,0.03,16.45,0.02,0.0,0.0,0.0,0.0,0.0
alibaba_j_1000037,Base_Temp_Batch_LWF,13,alibaba_real_dag,3,0,0.025,2.0,Origin_NO-NO1,NO-NO1,empty,True,2.0562,2.0562,0.0,13.03,0.01,0.0,0.0,0.0,0.0,0.02,13.01,0.01,0.0,0.0,0.0,0.0,0.0
alibaba_j_1000034,Base_Temp_Batch_LWF,13,alibaba_real_dag,3,0,0.0194,2.0,Origin_NO-NO1,NO-NO1,empty,True,2.0562,2.0562,100.0,-0.05,0.0,0.0,0.0,0.0,0.0,0.01,-0.06,0.01,100.0,0.0,0.0,0.0,0.0
alibaba_j_1000039,Base_Temp_Batch_LWF,13,alibaba_real_dag,10,0,5.3694,53.69,Origin_NO-NO2,NO-NO2,empty,True,2.002,2.002,100.0,40.42,0.57,6.8,0.0,6.8,3.0,3.42,37.0,0.57,100.0,2.4036,0.068,1.9883,0.502941
alibaba_j_1000038,Base_Temp_Batch_LWF,13,alibaba_real_dag,8,0,4.0417,40.42,Origin_NO-NO2,NO-NO2,empty,True,2.002,2.002,100.0,11.58,0.68,6.9,0.0,6.9,3.0,3.62,7.96,0.84,100.0,2.0427,0.069,1.9061,0.524638
alibaba_j_1000078,Base_Temp_Batch_LWF,13,alibaba_real_dag,5,0,0.175,2.0,Origin_NO-NO2,NO-NO2,empty,True,2.002,2.002,0.0,7.48,0.04,0.0,0.0,0.0,0.0,0.08,7.4,0.04,0.0,0.0,0.0,0.0,0.0
alibaba_j_1000075,Base_Temp_Batch_LWF,13,alibaba_real_dag,3,0,0.0611,2.0,Origin_NO-NO2,NO-NO2,empty,True,2.002,2.002,0.0,44.48,0.01,0.0,0.0,0.0,0.0,0.03,44.45,0.02,0.0,0.0,0.0,0.0,0.0
alibaba_j_1000037,Base_Temp_Batch_LWF,13,alibaba_real_dag,3,0,0.025,2.0,Origin_NO-NO2,NO-NO2,empty,True,2.002,2.002,0.0,41.03,0.01,0.0,0.0,0.0,0.0,0.02,41.01,0.01,0.0,0.0,0.0,0.0,0.0
alibaba_j_1000034,Base_Temp_Batch_LWF,13,alibaba_real_dag,3,0,0.0194,2.0,Origin_NO-NO2,NO-NO2,empty,True,2.002,2.002,0.0,24.95,0.0,0.0,0.0,0.0,0.0,0.01,24.94,0.01,0.0,0.0,0.0,0.0,0.0
alibaba_j_1000039,Base_Temp_Batch_LWF,13,alibaba_real_dag,10,0,5.3694,53.69,Origin_NO-NO3,NO-NO3,empty,True,1.9975,1.9975,100.0,36.42,0.57,8.3,0.0,8.3,3.0,3.42,33.0,0.57,100.0,2.9338,0.083,2.4269,0.412048
alibaba_j_1000038,Base_Temp_Batch_LWF,13,alibaba_real_dag,8,0,4.0417,40.42,Origin_NO-NO3,NO-NO3,empty,True,1.9975,1.9975,0.0,51.58,0.68,7.7,0.0,7.7,3.0,5.62,45.96,0.84,0.0,2.2796,0.0,1.3701,0.72987
alibaba_j_1000078,Base_Temp_Batch_LWF,13,alibaba_real_dag,5,0,0.175,2.0,Origin_NO-NO3,NO-NO3,empty,True,1.9975,1.9975,0.0,45.48,0.04,0.0,0.0,0.0,0.0,0.08,45.4,0.04,0.0,0.0,0.0,0.0,0.0
alibaba_j_1000075,Base_Temp_Batch_LWF,13,alibaba_real_dag,3,0,0.0611,2.0,Origin_NO-NO3,NO-NO3,empty,True,1.9975,1.9975,0.0,13.48,0.01,0.0,0.0,0.0,0.0,0.03,13.45,0.02,0.0,0.0,0.0,0.0,0.0
alibaba_j_1000037,Base_Temp_Batch_LWF,13,alibaba_real_dag,3,0,0.025,2.0,Origin_NO-NO3,NO-NO3,empty,True,1.9975,1.9975,0.0,10.03,0.01,0.0,0.0,0.0,0.0,0.02,10.01,0.01,0.0,0.0,0.0,0.0,0.0
alibaba_j_1000034,Base_Temp_Batch_LWF,13,alibaba_real_dag,3,0,0.0194,2.0,Origin_NO-NO3,NO-NO3,empty,True,1.9975,1.9975,0.0,20.95,0.0,0.0,0.0,0.0,0.0,0.01,20.94,0.01,0.0,0.0,0.0,0.0,0.0
alibaba_j_1000039,Base_Temp_Batch_LWF,13,alibaba_real_dag,10,0,5.3694,53.69,Origin_NO-NO4,NO-NO4,empty,True,1.9812,1.9812,100.0,40.01,0.57,10.8,0.0,10.8,3.0,4.01,36.0,0.57,100.0,3.8175,0.108,2.6933,0.371296
alibaba_j_1000038,Base_Temp_Batch_LWF,13,alibaba_real_dag,8,0,4.0417,40.42,Origin_NO-NO4,NO-NO4,empty,True,1.9812,1.9812,25.0,48.58,0.68,10.8,0.0,10.8,3.0,12.62,35.96,0.84,0.0,3.1973,0.432,0.8558,1.168519
alibaba_j_1000078,Base_Temp_Batch_LWF,13,alibaba_real_dag,5,0,0.175,2.0,Origin_NO-NO4,NO-NO4,empty,True,1.9812,1.9812,0.0,35.48,0.04,0.0,0.0,0.0,0.0,0.08,35.4,0.04,0.0,0.0,0.0,0.0,0.0
alibaba_j_1000075,Base_Temp_Batch_LWF,13,alibaba_real_dag,3,0,0.0611,2.0,Origin_NO-NO4,NO-NO4,empty,True,1.9812,1.9812,0.0,9.48,0.01,0.0,0.0,0.0,0.0,0.03,9.45,0.02,0.0,0.0,0.0,0.0,0.0
alibaba_j_1000037,Base_Temp_Batch_LWF,13,alibaba_real_dag,3,0,0.025,2.0,Origin_NO-NO4,NO-NO4,empty,True,1.9812,1.9812,0.0,6.03,0.01,0.0,0.0,0.0,0.0,0.02,6.01,0.01,0.0,0.0,0.0,0.0,0.0
alibaba_j_1000034,Base_Temp_Batch_LWF,13,alibaba_real_dag,3,0,0.0194,2.0,Origin_NO-NO4,NO-NO4,empty,True,1.9812,1.9812,0.0,4.95,0.0,0.0,0.0,0.0,0.0,0.01,4.94,0.01,0.0,0.0,0.0,0.0,0.0
alibaba_j_1000039,Base_Temp_Batch_LWF,13,alibaba_real_dag,10,0,5.3694,53.69,Origin_NO-NO5,NO-NO5,empty,True,2.1663,2.1663,100.0,3.42,0.57,7.5,0.0,7.5,3.0,3.42,0.0,0.57,100.0,2.651,0.075,2.193,0.456
alibaba_j_1000038,Base_Temp_Batch_LWF,13,alibaba_real_dag,8,0,4.0417,40.42,Origin_NO-NO5,NO-NO5,empty,True,2.1663,2.1663,100.0,9.58,0.68,7.5,0.0,7.5,3.0,3.62,5.96,0.84,100.0,2.2204,0.075,2.0718,0.482667
alibaba_j_1000078,Base_Temp_Batch_LWF,13,alibaba_real_dag,5,0,0.175,2.0,Origin_NO-NO5,NO-NO5,empty,True,2.1663,2.1663,0.0,5.48,0.04,0.0,0.0,0.0,0.0,0.08,5.4,0.04,0.0,0.0,0.0,0.0,0.0
alibaba_j_1000075,Base_Temp_Batch_LWF,13,alibaba_real_dag,3,0,0.0611,2.0,Origin_NO-NO5,NO-NO5,empty,True,2.1663,2.1663,100.0,-0.52,0.01,0.0,0.0,0.0,0.0,0.03,-0.55,0.02,100.0,0.0,0.0,0.0,0.0
alibaba_j_1000037,Base_Temp_Batch_LWF,13,alibaba_real_dag,3,0,0.025,2.0,Origin_NO-NO5,NO-NO5,empty,True,2.1663,2.1663,0.0,5.03,0.01,0.0,0.0,0.0,0.0,0.02,5.01,0.01,0.0,0.0,0.0,0.0,0.0
alibaba_j_1000034,Base_Temp_Batch_LWF,13,alibaba_real_dag,3,0,0.0194,2.0,Origin_NO-NO5,NO-NO5,empty,True,2.1663,2.1663,100.0,-0.05,0.0,0.0,0.0,0.0,0.0,0.01,-0.06,0.01,100.0,0.0,0.0,0.0,0.0
alibaba_j_1000039,Base_Temp_Batch_LWF,13,alibaba_real_dag,10,0,5.3694,53.69,Origin_NZ,NZ,empty,True,2.0646,2.0646,100.0,38.01,0.57,24.0,0.0,24.0,3.0,34.01,4.0,0.57,100.0,8.4833,0.24,0.7057,1.417083
alibaba_j_1000038,Base_Temp_Batch_LWF,13,alibaba_real_dag,8,0,4.0417,40.42,Origin_NZ,NZ,empty,True,2.0646,2.0646,100.0,14.58,0.68,26.8,0.0,26.8,3.0,12.62,1.96,0.84,100.0,7.9342,0.268,2.1236,0.470896
alibaba_j_1000078,Base_Temp_Batch_LWF,13,alibaba_real_dag,5,0,0.175,2.0,Origin_NZ,NZ,empty,True,2.0646,2.0646,100.0,1.48,0.04,0.0,0.0,0.0,0.0,0.08,1.4,0.04,100.0,0.0,0.0,0.0,0.0
alibaba_j_1000075,Base_Temp_Batch_LWF,13,alibaba_real_dag,3,0,0.0611,2.0,Origin_NZ,NZ,empty,True,2.0646,2.0646,0.0,42.48,0.01,0.0,0.0,0.0,0.0,0.03,42.45,0.02,0.0,0.0,0.0,0.0,0.0
alibaba_j_1000037,Base_Temp_Batch_LWF,13,alibaba_real_dag,3,0,0.025,2.0,Origin_NZ,NZ,empty,True,2.0646,2.0646,0.0,39.03,0.01,0.0,0.0,0.0,0.0,0.02,39.01,0.01,0.0,0.0,0.0,0.0,0.0
alibaba_j_1000034,Base_Temp_Batch_LWF,13,alibaba_real_dag,3,0,0.0194,2.0,Origin_NZ,NZ,empty,True,2.0646,2.0646,0.0,46.95,0.0,0.0,0.0,0.0,0.0,0.01,46.94,0.01,0.0,0.0,0.0,0.0,0.0
alibaba_j_1000039,Base_Temp_Batch_LWF,13,alibaba_real_dag,10,0,5.3694,53.69,Origin_PA,PA,empty,True,2.0031,2.0031,100.0,49.42,0.57,25.2,0.0,25.2,3.0,3.42,46.0,0.57,100.0,8.9074,0.252,7.3684,0.135714
alibaba_j_1000038,Base_Temp_Batch_LWF,13,alibaba_real_dag,8,0,4.0417,40.42,Origin_PA,PA,empty,True,2.0031,2.0031,100.0,21.58,0.68,16.3,0.0,16.3,3.0,17.62,3.96,0.84,100.0,4.8256,0.163,0.9251,1.080982
alibaba_j_1000078,Base_Temp_Batch_LWF,13,alibaba_real_dag,5,0,0.175,2.0,Origin_PA,PA,empty,True,2.0031,2.0031,0.0,3.48,0.04,0.0,0.0,0.0,0.0,0.08,3.4,0.04,0.0,0.0,0.0,0.0,0.0
alibaba_j_1000075,Base_Temp_Batch_LWF,13,alibaba_real_dag,3,0,0.0611,2.0,Origin_PA,PA,empty,True,2.0031,2.0031,0.0,39.48,0.01,0.0,0.0,0.0,0.0,0.03,39.45,0.02,0.0,0.0,0.0,0.0,0.0
alibaba_j_1000037,Base_Temp_Batch_LWF,13,alibaba_real_dag,3,0,0.025,2.0,Origin_PA,PA,empty,True,2.0031,2.0031,0.0,36.03,0.01,0.0,0.0,0.0,0.0,0.02,36.01,0.01,0.0,0.0,0.0,0.0,0.0
alibaba_j_1000034,Base_Temp_Batch_LWF,13,alibaba_real_dag,3,0,0.0194,2.0,Origin_PA,PA,empty,True,2.0031,2.0031,0.0,19.95,0.0,0.0,0.0,0.0,0.0,0.01,19.94,0.01,0.0,0.0,0.0,0.0,0.0
alibaba_j_1000039,Base_Temp_Batch_LWF,13,alibaba_real_dag,10,0,5.3694,53.69,Origin_PE,PE,empty,True,1.9699,1.9699,100.0,31.43,0.57,49.9,0.0,49.9,3.0,3.42,28.0,0.57,100.0,17.6381,0.499,14.5906,0.068537
alibaba_j_1000038,Base_Temp_Batch_LWF,13,alibaba_real_dag,8,0,4.0417,40.42,Origin_PE,PE,empty,True,1.9699,1.9699,0.0,47.58,0.68,39.9,0.0,39.9,3.0,3.62,43.96,0.84,0.0,11.8124,0.0,11.0221,0.090727
alibaba_j_1000078,Base_Temp_Batch_LWF,13,alibaba_real_dag,5,0,0.175,2.0,Origin_PE,PE,empty,True,1.9699,1.9699,0.0,43.48,0.04,0.0,0.0,0.0,0.0,0.08,43.4,0.04,0.0,0.0,0.0,0.0,0.0
alibaba_j_1000075,Base_Temp_Batch_LWF,13,alibaba_real_dag,3,0,0.0611,2.0,Origin_PE,PE,empty,True,1.9699,1.9699,0.0,25.48,0.01,0.0,0.0,0.0,0.0,0.03,25.45,0.02,0.0,0.0,0.0,0.0,0.0
alibaba_j_1000037,Base_Temp_Batch_LWF,13,alibaba_real_dag,3,0,0.025,2.0,Origin_PE,PE,empty,True,1.9699,1.9699,0.0,22.03,0.01,0.0,0.0,0.0,0.0,0.02,22.01,0.01,0.0,0.0,0.0,0.0,0.0
alibaba_j_1000034,Base_Temp_Batch_LWF,13,alibaba_real_dag,3,0,0.0194,2.0,Origin_PE,PE,empty,True,1.9699,1.9699,0.0,5.95,0.0,0.0,0.0,0.0,0.0,0.01,5.94,0.01,0.0,0.0,0.0,0.0,0.0
alibaba_j_1000039,Base_Temp_Batch_LWF,13,alibaba_real_dag,10,0,5.3694,53.69,Origin_PL,PL,empty,True,2.0535,2.0535,100.0,24.01,0.57,105.5,0.0,105.5,3.0,24.01,0.0,0.57,100.0,37.291,1.055,4.394,0.227583
alibaba_j_1000038,Base_Temp_Batch_LWF,13,alibaba_real_dag,8,0,4.0417,40.42,Origin_PL,PL,empty,True,2.0535,2.0535,100.0,29.58,0.68,97.8,0.0,97.8,3.0,4.62,24.96,0.84,100.0,28.9538,0.978,21.1688,0.047239
alibaba_j_1000078,Base_Temp_Batch_LWF,13,alibaba_real_dag,5,0,0.175,2.0,Origin_PL,PL,empty,True,2.0535,2.0535,0.0,24.48,0.04,0.0,0.0,0.0,0.0,0.08,24.4,0.04,0.0,0.0,0.0,0.0,0.0
alibaba_j_1000075,Base_Temp_Batch_LWF,13,alibaba_real_dag,3,0,0.0611,2.0,Origin_PL,PL,empty,True,2.0535,2.0535,0.0,30.48,0.01,0.0,0.0,0.0,0.0,0.03,30.45,0.02,0.0,0.0,0.0,0.0,0.0
alibaba_j_1000037,Base_Temp_Batch_LWF,13,alibaba_real_dag,3,0,0.025,2.0,Origin_PL,PL,empty,True,2.0535,2.0535,0.0,27.03,0.01,0.0,0.0,0.0,0.0,0.02,27.01,0.01,0.0,0.0,0.0,0.0,0.0
alibaba_j_1000034,Base_Temp_Batch_LWF,13,alibaba_real_dag,3,0,0.0194,2.0,Origin_PL,PL,empty,True,2.0535,2.0535,0.0,10.95,0.0,0.0,0.0,0.0,0.0,0.01,10.94,0.01,0.0,0.0,0.0,0.0,0.0
alibaba_j_1000039,Base_Temp_Batch_LWF,13,alibaba_real_dag,10,0,5.3694,53.69,Origin_PT,PT,empty,True,2.0567,2.0567,100.0,23.01,0.57,36.1,0.0,36.1,3.0,17.01,6.0,0.57,100.0,12.7602,0.361,2.1223,0.471191
alibaba_j_1000038,Base_Temp_Batch_LWF,13,alibaba_real_dag,8,0,4.0417,40.42,Origin_PT,PT,empty,True,2.0567,2.0567,100.0,28.58,0.68,35.3,0.0,35.3,3.0,22.62,5.96,0.84,100.0,10.4506,0.353,1.5606,0.640793
alibaba_j_1000078,Base_Temp_Batch_LWF,13,alibaba_real_dag,5,0,0.175,2.0,Origin_PT,PT,empty,True,2.0567,2.0567,0.0,5.48,0.04,0.0,0.0,0.0,0.0,0.08,5.4,0.04,0.0,0.0,0.0,0.0,0.0
alibaba_j_1000075,Base_Temp_Batch_LWF,13,alibaba_real_dag,3,0,0.0611,2.0,Origin_PT,PT,empty,True,2.0567,2.0567,0.0,6.48,0.01,0.0,0.0,0.0,0.0,0.03,6.45,0.02,0.0,0.0,0.0,0.0,0.0
alibaba_j_1000037,Base_Temp_Batch_LWF,13,alibaba_real_dag,3,0,0.025,2.0,Origin_PT,PT,empty,True,2.0567,2.0567,0.0,51.03,0.01,0.0,0.0,0.0,0.0,0.02,51.01,0.01,0.0,0.0,0.0,0.0,0.0
alibaba_j_1000034,Base_Temp_Batch_LWF,13,alibaba_real_dag,3,0,0.0194,2.0,Origin_PT,PT,empty,True,2.0567,2.0567,0.0,35.95,0.0,0.0,0.0,0.0,0.0,0.01,35.94,0.01,0.0,0.0,0.0,0.0,0.0
alibaba_j_1000039,Base_Temp_Batch_LWF,13,alibaba_real_dag,10,0,5.3694,53.69,Origin_RO,RO,empty,True,1.9688,1.9688,100.0,49.42,0.57,61.8,0.0,61.8,3.0,3.42,46.0,0.57,100.0,21.8444,0.618,18.0702,0.05534
alibaba_j_1000038,Base_Temp_Batch_LWF,13,alibaba_real_dag,8,0,4.0417,40.42,Origin_RO,RO,empty,True,1.9688,1.9688,100.0,28.58,0.68,55.0,0.0,55.0,3.0,4.62,23.96,0.84,100.0,16.2828,0.55,11.9048,0.084
alibaba_j_1000078,Base_Temp_Batch_LWF,13,alibaba_real_dag,5,0,0.175,2.0,Origin_RO,RO,empty,True,1.9688,1.9688,0.0,23.48,0.04,0.0,0.0,0.0,0.0,0.08,23.4,0.04,0.0,0.0,0.0,0.0,0.0
alibaba_j_1000075,Base_Temp_Batch_LWF,13,alibaba_real_dag,3,0,0.0611,2.0,Origin_RO,RO,empty,True,1.9688,1.9688,100.0,1.48,0.01,0.0,0.0,0.0,0.0,0.03,1.45,0.02,100.0,0.0,0.0,0.0,0.0
alibaba_j_1000037,Base_Temp_Batch_LWF,13,alibaba_real_dag,3,0,0.025,2.0,Origin_RO,RO,empty,True,1.9688,1.9688,0.0,25.03,0.01,0.0,0.0,0.0,0.0,0.02,25.01,0.01,0.0,0.0,0.0,0.0,0.0
alibaba_j_1000034,Base_Temp_Batch_LWF,13,alibaba_real_dag,3,0,0.0194,2.0,Origin_RO,RO,empty,True,1.9688,1.9688,0.0,51.95,0.0,0.0,0.0,0.0,0.0,0.01,51.94,0.01,0.0,0.0,0.0,0.0,0.0
alibaba_j_1000039,Base_Temp_Batch_LWF,13,alibaba_real_dag,10,0,5.3694,53.69,Origin_SE-SE1,SE-SE1,empty,True,1.9917,1.9917,100.0,49.42,0.57,3.9,0.0,3.9,3.0,3.42,46.0,0.57,100.0,1.3785,0.039,1.1404,0.876923
alibaba_j_1000038,Base_Temp_Batch_LWF,13,alibaba_real_dag,8,0,4.0417,40.42,Origin_SE-SE1,SE-SE1,empty,True,1.9917,1.9917,25.0,49.58,0.68,3.7,0.0,3.7,3.0,45.62,3.96,0.84,0.0,1.0954,0.148,0.0811,12.32973
alibaba_j_1000078,Base_Temp_Batch_LWF,13,alibaba_real_dag,5,0,0.175,2.0,Origin_SE-SE1,SE-SE1,empty,True,1.9917,1.9917,0.0,3.48,0.04,0.0,0.0,0.0,0.0,0.08,3.4,0.04,0.0,0.0,0.0,0.0,0.0
alibaba_j_1000075,Base_Temp_Batch_LWF,13,alibaba_real_dag,3,0,0.0611,2.0,Origin_SE-SE1,SE-SE1,empty,True,1.9917,1.9917,0.0,13.48,0.01,0.0,0.0,0.0,0.0,0.03,13.45,0.02,0.0,0.0,0.0,0.0,0.0
alibaba_j_1000037,Base_Temp_Batch_LWF,13,alibaba_real_dag,3,0,0.025,2.0,Origin_SE-SE1,SE-SE1,empty,True,1.9917,1.9917,0.0,10.03,0.01,0.0,0.0,0.0,0.0,0.02,10.01,0.01,0.0,0.0,0.0,0.0,0.0
alibaba_j_1000034,Base_Temp_Batch_LWF,13,alibaba_real_dag,3,0,0.0194,2.0,Origin_SE-SE1,SE-SE1,empty,True,1.9917,1.9917,0.0,28.95,0.0,0.0,0.0,0.0,0.0,0.01,28.94,0.01,0.0,0.0,0.0,0.0,0.0
alibaba_j_1000039,Base_Temp_Batch_LWF,13,alibaba_real_dag,10,0,5.3694,53.69,Origin_SE-SE2,SE-SE2,empty,True,2.0244,2.0244,100.0,4.42,0.57,4.1,0.0,4.1,3.0,3.42,1.0,0.57,100.0,1.4492,0.041,1.1988,0.834146
alibaba_j_1000038,Base_Temp_Batch_LWF,13,alibaba_real_dag,8,0,4.0417,40.42,Origin_SE-SE2,SE-SE2,empty,True,2.0244,2.0244,0.0,52.58,0.68,4.6,0.0,4.6,3.0,4.62,47.96,0.84,0.0,1.3618,0.0,0.9957,1.004348
alibaba_j_1000078,Base_Temp_Batch_LWF,13,alibaba_real_dag,5,0,0.175,2.0,Origin_SE-SE2,SE-SE2,empty,True,2.0244,2.0244,0.0,47.48,0.04,0.0,0.0,0.0,0.0,0.08,47.4,0.04,0.0,0.0,0.0,0.0,0.0
alibaba_j_1000075,Base_Temp_Batch_LWF,13,alibaba_real_dag,3,0,0.0611,2.0,Origin_SE-SE2,SE-SE2,empty,True,2.0244,2.0244,0.0,8.48,0.01,0.0,0.0,0.0,0.0,0.03,8.45,0.02,0.0,0.0,0.0,0.0,0.0
alibaba_j_1000037,Base_Temp_Batch_LWF,13,alibaba_real_dag,3,0,0.025,2.0,Origin_SE-SE2,SE-SE2,empty,True,2.0244,2.0244,0.0,5.03,0.01,0.0,0.0,0.0,0.0,0.02,5.01,0.01,0.0,0.0,0.0,0.0,0.0
alibaba_j_1000034,Base_Temp_Batch_LWF,13,alibaba_real_dag,3,0,0.0194,2.0,Origin_SE-SE2,SE-SE2,empty,True,2.0244,2.0244,0.0,23.95,0.0,0.0,0.0,0.0,0.0,0.01,23.94,0.01,0.0,0.0,0.0,0.0,0.0
alibaba_j_1000039,Base_Temp_Batch_LWF,13,alibaba_real_dag,10,0,5.3694,53.69,Origin_SE-SE3,SE-SE3,empty,True,2.0822,2.0822,100.0,8.43,0.57,4.2,0.0,4.2,3.0,3.42,5.0,0.57,100.0,1.4846,0.042,1.2281,0.814286
alibaba_j_1000038,Base_Temp_Batch_LWF,13,alibaba_real_dag,8,0,4.0417,40.42,Origin_SE-SE3,SE-SE3,empty,True,2.0822,2.0822,100.0,25.58,0.68,4.5,0.0,4.5,3.0,6.62,18.96,0.84,100.0,1.3322,0.045,0.6798,1.471111
alibaba_j_1000078,Base_Temp_Batch_LWF,13,alibaba_real_dag,5,0,0.175,2.0,Origin_SE-SE3,SE-SE3,empty,True,2.0822,2.0822,0.0,18.48,0.04,0.0,0.0,0.0,0.0,0.08,18.4,0.04,0.0,0.0,0.0,0.0,0.0
alibaba_j_1000075,Base_Temp_Batch_LWF,13,alibaba_real_dag,3,0,0.0611,2.0,Origin_SE-SE3,SE-SE3,empty,True,2.0822,2.0822,0.0,13.48,0.01,0.0,0.0,0.0,0.0,0.03,13.45,0.02,0.0,0.0,0.0,0.0,0.0
alibaba_j_1000037,Base_Temp_Batch_LWF,13,alibaba_real_dag,3,0,0.025,2.0,Origin_SE-SE3,SE-SE3,empty,True,2.0822,2.0822,0.0,10.03,0.01,0.0,0.0,0.0,0.0,0.02,10.01,0.01,0.0,0.0,0.0,0.0,0.0
alibaba_j_1000034,Base_Temp_Batch_LWF,13,alibaba_real_dag,3,0,0.0194,2.0,Origin_SE-SE3,SE-SE3,empty,True,2.0822,2.0822,0.0,21.95,0.0,0.0,0.0,0.0,0.0,0.01,21.94,0.01,0.0,0.0,0.0,0.0,0.0
alibaba_j_1000039,Base_Temp_Batch_LWF,13,alibaba_real_dag,10,0,5.3694,53.69,Origin_SE-SE4,SE-SE4,empty,True,2.0175,2.0175,100.0,13.43,0.57,5.3,0.0,5.3,3.0,3.42,10.0,0.57,100.0,1.8734,0.053,1.5497,0.645283
alibaba_j_1000038,Base_Temp_Batch_LWF,13,alibaba_real_dag,8,0,4.0417,40.42,Origin_SE-SE4,SE-SE4,empty,True,2.0175,2.0175,87.5,40.58,0.68,5.1,0.0,5.1,3.0,3.62,36.96,0.84,0.0,1.5099,0.0583,1.4088,0.709804
alibaba_j_1000078,Base_Temp_Batch_LWF,13,alibaba_real_dag,5,0,0.175,2.0,Origin_SE-SE4,SE-SE4,empty,True,2.0175,2.0175,0.0,36.48,0.04,0.0,0.0,0.0,0.0,0.08,36.4,0.04,0.0,0.0,0.0,0.0,0.0
alibaba_j_1000075,Base_Temp_Batch_LWF,13,alibaba_real_dag,3,0,0.0611,2.0,Origin_SE-SE4,SE-SE4,empty,True,2.0175,2.0175,0.0,13.48,0.01,0.0,0.0,0.0,0.0,0.03,13.45,0.02,0.0,0.0,0.0,0.0,0.0
alibaba_j_1000037,Base_Temp_Batch_LWF,13,alibaba_real_dag,3,0,0.025,2.0,Origin_SE-SE4,SE-SE4,empty,True,2.0175,2.0175,0.0,10.03,0.01,0.0,0.0,0.0,0.0,0.02,10.01,0.01,0.0,0.0,0.0,0.0,0.0
alibaba_j_1000034,Base_Temp_Batch_LWF,13,alibaba_real_dag,3,0,0.0194,2.0,Origin_SE-SE4,SE-SE4,empty,True,2.0175,2.0175,100.0,-0.05,0.0,0.0,0.0,0.0,0.0,0.01,-0.06,0.01,100.0,0.0,0.0,0.0,0.0
alibaba_j_1000039,Base_Spat_Batch_LWF,15,alibaba_real_dag,10,0,5.3694,53.69,Origin_AT,AT,empty,True,50.2447,50.2447,100.0,3.42,0.57,4.1,0.48,4.58,3.0,3.42,0.0,0.57,100.0,1.6189,0.0458,1.3392,0.746725
alibaba_j_1000038,Base_Spat_Batch_LWF,15,alibaba_real_dag,8,0,4.0417,40.42,Origin_AT,AT,empty,True,50.2447,50.2447,100.0,2.09,0.68,3.9,0.48,4.38,2.0,2.14,-0.04,0.84,100.0,1.2967,0.0438,2.0467,0.488584
alibaba_j_1000078,Base_Spat_Batch_LWF,15,alibaba_real_dag,5,0,0.175,2.0,Origin_AT,AT,empty,True,50.2447,50.2447,100.0,-0.52,0.04,0.0,0.27,0.27,0.0,0.08,-0.6,0.04,100.0,1.4092,0.0027,3.375,0.296296
alibaba_j_1000075,Base_Spat_Batch_LWF,15,alibaba_real_dag,3,0,0.0611,2.0,Origin_AT,AT,empty,True,50.2447,50.2447,100.0,-0.52,0.01,0.0,0.16,0.16,0.0,0.03,-0.55,0.02,100.0,5.2373,0.0016,5.3333,0.1875
alibaba_j_1000037,Base_Spat_Batch_LWF,15,alibaba_real_dag,3,0,0.025,2.0,Origin_AT,AT,empty,True,50.2447,50.2447,100.0,-0.97,0.01,0.0,0.16,0.16,0.0,0.02,-0.99,0.01,100.0,6.4,0.0016,8.0,0.125
alibaba_j_1000034,Base_Spat_Batch_LWF,15,alibaba_real_dag,3,0,0.0194,2.0,Origin_AT,AT,empty,True,50.2447,50.2447,100.0,-0.05,0.0,0.0,0.48,0.48,0.0,0.01,-0.06,0.01,100.0,21.6216,0.0048,48.0,0.020833
alibaba_j_1000039,Base_Spat_Batch_LWF,15,alibaba_real_dag,10,0,5.3694,53.69,Origin_AU-NSW,AU-NSW,empty,True,50.352,50.352,100.0,3.42,0.57,4.1,0.48,4.58,3.0,3.42,0.0,0.57,100.0,1.6189,0.0458,1.3392,0.746725
alibaba_j_1000038,Base_Spat_Batch_LWF,15,alibaba_real_dag,8,0,4.0417,40.42,Origin_AU-NSW,AU-NSW,empty,True,50.352,50.352,100.0,2.09,0.68,3.9,0.48,4.38,2.0,2.14,-0.04,0.84,100.0,1.2967,0.0438,2.0467,0.488584
alibaba_j_1000078,Base_Spat_Batch_LWF,15,alibaba_real_dag,5,0,0.175,2.0,Origin_AU-NSW,AU-NSW,empty,True,50.352,50.352,100.0,-0.52,0.04,0.0,0.27,0.27,0.0,0.08,-0.6,0.04,100.0,1.4092,0.0027,3.375,0.296296
alibaba_j_1000075,Base_Spat_Batch_LWF,15,alibaba_real_dag,3,0,0.0611,2.0,Origin_AU-NSW,AU-NSW,empty,True,50.352,50.352,100.0,-0.52,0.01,0.0,0.32,0.32,0.0,0.03,-0.55,0.02,100.0,10.4746,0.0032,10.6667,0.09375
alibaba_j_1000037,Base_Spat_Batch_LWF,15,alibaba_real_dag,3,0,0.025,2.0,Origin_AU-NSW,AU-NSW,empty,True,50.352,50.352,100.0,-0.97,0.01,0.0,0.16,0.16,0.0,0.02,-0.99,0.01,100.0,6.4,0.0016,8.0,0.125
alibaba_j_1000034,Base_Spat_Batch_LWF,15,alibaba_real_dag,3,0,0.0194,2.0,Origin_AU-NSW,AU-NSW,empty,True,50.352,50.352,100.0,-0.05,0.0,0.0,0.48,0.48,0.0,0.01,-0.06,0.01,100.0,21.6216,0.0048,48.0,0.020833
alibaba_j_1000039,Base_Spat_Batch_LWF,15,alibaba_real_dag,10,0,5.3694,53.69,Origin_AU-QLD,AU-QLD,empty,True,50.3437,50.3437,100.0,3.42,0.57,4.1,0.48,4.58,3.0,3.42,0.0,0.57,100.0,1.6189,0.0458,1.3392,0.746725
alibaba_j_1000038,Base_Spat_Batch_LWF,15,alibaba_real_dag,8,0,4.0417,40.42,Origin_AU-QLD,AU-QLD,empty,True,50.3437,50.3437,100.0,2.09,0.68,3.9,0.48,4.38,2.0,2.14,-0.04,0.84,100.0,1.2967,0.0438,2.0467,0.488584
alibaba_j_1000078,Base_Spat_Batch_LWF,15,alibaba_real_dag,5,0,0.175,2.0,Origin_AU-QLD,AU-QLD,empty,True,50.3437,50.3437,100.0,-0.52,0.04,0.0,0.27,0.27,0.0,0.08,-0.6,0.04,100.0,1.4092,0.0027,3.375,0.296296
alibaba_j_1000075,Base_Spat_Batch_LWF,15,alibaba_real_dag,3,0,0.0611,2.0,Origin_AU-QLD,AU-QLD,empty,True,50.3437,50.3437,100.0,-0.52,0.01,0.0,0.32,0.32,0.0,0.03,-0.55,0.02,100.0,10.4746,0.0032,10.6667,0.09375
alibaba_j_1000037,Base_Spat_Batch_LWF,15,alibaba_real_dag,3,0,0.025,2.0,Origin_AU-QLD,AU-QLD,empty,True,50.3437,50.3437,100.0,-0.97,0.01,0.0,0.16,0.16,0.0,0.02,-0.99,0.01,100.0,6.4,0.0016,8.0,0.125
alibaba_j_1000034,Base_Spat_Batch_LWF,15,alibaba_real_dag,3,0,0.0194,2.0,Origin_AU-QLD,AU-QLD,empty,True,50.3437,50.3437,100.0,-0.05,0.0,0.0,0.48,0.48,0.0,0.01,-0.06,0.01,100.0,21.6216,0.0048,48.0,0.020833
alibaba_j_1000039,Base_Spat_Batch_LWF,15,alibaba_real_dag,10,0,5.3694,53.69,Origin_AU-SA,AU-SA,empty,True,50.256,50.256,100.0,3.42,0.57,4.1,0.48,4.58,3.0,3.42,0.0,0.57,100.0,1.6189,0.0458,1.3392,0.746725
alibaba_j_1000038,Base_Spat_Batch_LWF,15,alibaba_real_dag,8,0,4.0417,40.42,Origin_AU-SA,AU-SA,empty,True,50.256,50.256,100.0,2.09,0.68,3.9,0.48,4.38,2.0,2.14,-0.04,0.84,100.0,1.2967,0.0438,2.0467,0.488584
alibaba_j_1000078,Base_Spat_Batch_LWF,15,alibaba_real_dag,5,0,0.175,2.0,Origin_AU-SA,AU-SA,empty,True,50.256,50.256,100.0,-0.52,0.04,0.0,0.27,0.27,0.0,0.08,-0.6,0.04,100.0,1.4092,0.0027,3.375,0.296296
alibaba_j_1000075,Base_Spat_Batch_LWF,15,alibaba_real_dag,3,0,0.0611,2.0,Origin_AU-SA,AU-SA,empty,True,50.256,50.256,100.0,-0.52,0.01,0.0,0.32,0.32,0.0,0.03,-0.55,0.02,100.0,10.4746,0.0032,10.6667,0.09375
alibaba_j_1000037,Base_Spat_Batch_LWF,15,alibaba_real_dag,3,0,0.025,2.0,Origin_AU-SA,AU-SA,empty,True,50.256,50.256,100.0,-0.97,0.01,0.0,0.16,0.16,0.0,0.02,-0.99,0.01,100.0,6.4,0.0016,8.0,0.125
alibaba_j_1000034,Base_Spat_Batch_LWF,15,alibaba_real_dag,3,0,0.0194,2.0,Origin_AU-SA,AU-SA,empty,True,50.256,50.256,100.0,-0.05,0.0,0.0,0.48,0.48,0.0,0.01,-0.06,0.01,100.0,21.6216,0.0048,48.0,0.020833
alibaba_j_1000039,Base_Spat_Batch_LWF,15,alibaba_real_dag,10,0,5.3694,53.69,Origin_AU-TAS,AU-TAS,empty,True,50.2765,50.2765,100.0,3.42,0.57,4.1,0.48,4.58,3.0,3.42,0.0,0.57,100.0,1.6189,0.0458,1.3392,0.746725
alibaba_j_1000038,Base_Spat_Batch_LWF,15,alibaba_real_dag,8,0,4.0417,40.42,Origin_AU-TAS,AU-TAS,empty,True,50.2765,50.2765,100.0,2.09,0.68,3.9,0.48,4.38,2.0,2.14,-0.04,0.84,100.0,1.2967,0.0438,2.0467,0.488584
alibaba_j_1000078,Base_Spat_Batch_LWF,15,alibaba_real_dag,5,0,0.175,2.0,Origin_AU-TAS,AU-TAS,empty,True,50.2765,50.2765,100.0,-0.52,0.04,0.0,0.27,0.27,0.0,0.08,-0.6,0.04,100.0,1.4092,0.0027,3.375,0.296296
alibaba_j_1000075,Base_Spat_Batch_LWF,15,alibaba_real_dag,3,0,0.0611,2.0,Origin_AU-TAS,AU-TAS,empty,True,50.2765,50.2765,100.0,-0.52,0.01,0.0,0.32,0.32,0.0,0.03,-0.55,0.02,100.0,10.4746,0.0032,10.6667,0.09375
alibaba_j_1000037,Base_Spat_Batch_LWF,15,alibaba_real_dag,3,0,0.025,2.0,Origin_AU-TAS,AU-TAS,empty,True,50.2765,50.2765,100.0,-0.97,0.01,0.0,0.16,0.16,0.0,0.02,-0.99,0.01,100.0,6.4,0.0016,8.0,0.125
alibaba_j_1000034,Base_Spat_Batch_LWF,15,alibaba_real_dag,3,0,0.0194,2.0,Origin_AU-TAS,AU-TAS,empty,True,50.2765,50.2765,100.0,-0.05,0.0,0.0,0.48,0.48,0.0,0.01,-0.06,0.01,100.0,21.6216,0.0048,48.0,0.020833
alibaba_j_1000039,Base_Spat_Batch_LWF,15,alibaba_real_dag,10,0,5.3694,53.69,Origin_AU-VIC,AU-VIC,empty,True,50.2529,50.2529,100.0,3.42,0.57,4.1,0.48,4.58,3.0,3.42,0.0,0.57,100.0,1.6189,0.0458,1.3392,0.746725
alibaba_j_1000038,Base_Spat_Batch_LWF,15,alibaba_real_dag,8,0,4.0417,40.42,Origin_AU-VIC,AU-VIC,empty,True,50.2529,50.2529,100.0,2.09,0.68,3.9,0.48,4.38,2.0,2.14,-0.04,0.84,100.0,1.2967,0.0438,2.0467,0.488584
alibaba_j_1000078,Base_Spat_Batch_LWF,15,alibaba_real_dag,5,0,0.175,2.0,Origin_AU-VIC,AU-VIC,empty,True,50.2529,50.2529,100.0,-0.52,0.04,0.0,0.27,0.27,0.0,0.08,-0.6,0.04,100.0,1.4092,0.0027,3.375,0.296296
alibaba_j_1000075,Base_Spat_Batch_LWF,15,alibaba_real_dag,3,0,0.0611,2.0,Origin_AU-VIC,AU-VIC,empty,True,50.2529,50.2529,100.0,-0.52,0.01,0.0,0.32,0.32,0.0,0.03,-0.55,0.02,100.0,10.4746,0.0032,10.6667,0.09375
alibaba_j_1000037,Base_Spat_Batch_LWF,15,alibaba_real_dag,3,0,0.025,2.0,Origin_AU-VIC,AU-VIC,empty,True,50.2529,50.2529,100.0,-0.97,0.01,0.0,0.16,0.16,0.0,0.02,-0.99,0.01,100.0,6.4,0.0016,8.0,0.125
alibaba_j_1000034,Base_Spat_Batch_LWF,15,alibaba_real_dag,3,0,0.0194,2.0,Origin_AU-VIC,AU-VIC,empty,True,50.2529,50.2529,100.0,-0.05,0.0,0.0,0.48,0.48,0.0,0.01,-0.06,0.01,100.0,21.6216,0.0048,48.0,0.020833
alibaba_j_1000039,Base_Spat_Batch_LWF,15,alibaba_real_dag,10,0,5.3694,53.69,Origin_AU-WA,AU-WA,empty,True,50.3115,50.3115,100.0,3.42,0.57,4.1,0.48,4.58,3.0,3.42,0.0,0.57,100.0,1.6189,0.0458,1.3392,0.746725
alibaba_j_1000038,Base_Spat_Batch_LWF,15,alibaba_real_dag,8,0,4.0417,40.42,Origin_AU-WA,AU-WA,empty,True,50.3115,50.3115,100.0,2.09,0.68,3.9,0.48,4.38,2.0,2.14,-0.04,0.84,100.0,1.2967,0.0438,2.0467,0.488584
alibaba_j_1000078,Base_Spat_Batch_LWF,15,alibaba_real_dag,5,0,0.175,2.0,Origin_AU-WA,AU-WA,empty,True,50.3115,50.3115,100.0,-0.52,0.04,0.0,0.27,0.27,0.0,0.08,-0.6,0.04,100.0,1.4092,0.0027,3.375,0.296296
alibaba_j_1000075,Base_Spat_Batch_LWF,15,alibaba_real_dag,3,0,0.0611,2.0,Origin_AU-WA,AU-WA,empty,True,50.3115,50.3115,100.0,-0.52,0.01,0.0,0.32,0.32,0.0,0.03,-0.55,0.02,100.0,10.4746,0.0032,10.6667,0.09375
alibaba_j_1000037,Base_Spat_Batch_LWF,15,alibaba_real_dag,3,0,0.025,2.0,Origin_AU-WA,AU-WA,empty,True,50.3115,50.3115,100.0,-0.97,0.01,0.0,0.16,0.16,0.0,0.02,-0.99,0.01,100.0,6.4,0.0016,8.0,0.125
alibaba_j_1000034,Base_Spat_Batch_LWF,15,alibaba_real_dag,3,0,0.0194,2.0,Origin_AU-WA,AU-WA,empty,True,50.3115,50.3115,100.0,-0.05,0.0,0.0,0.48,0.48,0.0,0.01,-0.06,0.01,100.0,21.6216,0.0048,48.0,0.020833
alibaba_j_1000039,Base_Spat_Batch_LWF,15,alibaba_real_dag,10,0,5.3694,53.69,Origin_BA,BA,empty,True,50.3894,50.3894,100.0,3.42,0.57,4.1,0.48,4.58,3.0,3.42,0.0,0.57,100.0,1.6189,0.0458,1.3392,0.746725
alibaba_j_1000038,Base_Spat_Batch_LWF,15,alibaba_real_dag,8,0,4.0417,40.42,Origin_BA,BA,empty,True,50.3894,50.3894,100.0,2.09,0.68,3.9,0.48,4.38,2.0,2.14,-0.04,0.84,100.0,1.2967,0.0438,2.0467,0.488584
alibaba_j_1000078,Base_Spat_Batch_LWF,15,alibaba_real_dag,5,0,0.175,2.0,Origin_BA,BA,empty,True,50.3894,50.3894,100.0,-0.52,0.04,0.0,0.27,0.27,0.0,0.08,-0.6,0.04,100.0,1.4092,0.0027,3.375,0.296296
alibaba_j_1000075,Base_Spat_Batch_LWF,15,alibaba_real_dag,3,0,0.0611,2.0,Origin_BA,BA,empty,True,50.3894,50.3894,100.0,-0.52,0.01,0.0,0.32,0.32,0.0,0.03,-0.55,0.02,100.0,10.4746,0.0032,10.6667,0.09375
alibaba_j_1000037,Base_Spat_Batch_LWF,15,alibaba_real_dag,3,0,0.025,2.0,Origin_BA,BA,empty,True,50.3894,50.3894,100.0,-0.97,0.01,0.0,0.16,0.16,0.0,0.02,-0.99,0.01,100.0,6.4,0.0016,8.0,0.125
alibaba_j_1000034,Base_Spat_Batch_LWF,15,alibaba_real_dag,3,0,0.0194,2.0,Origin_BA,BA,empty,True,50.3894,50.3894,100.0,-0.05,0.0,0.0,0.48,0.48,0.0,0.01,-0.06,0.01,100.0,21.6216,0.0048,48.0,0.020833
alibaba_j_1000039,Base_Spat_Batch_LWF,15,alibaba_real_dag,10,0,5.3694,53.69,Origin_BE,BE,empty,True,50.3036,50.3036,100.0,3.42,0.57,4.1,0.48,4.58,3.0,3.42,0.0,0.57,100.0,1.6189,0.0458,1.3392,0.746725
alibaba_j_1000038,Base_Spat_Batch_LWF,15,alibaba_real_dag,8,0,4.0417,40.42,Origin_BE,BE,empty,True,50.3036,50.3036,100.0,2.09,0.68,3.9,0.48,4.38,2.0,2.14,-0.04,0.84,100.0,1.2967,0.0438,2.0467,0.488584
alibaba_j_1000078,Base_Spat_Batch_LWF,15,alibaba_real_dag,5,0,0.175,2.0,Origin_BE,BE,empty,True,50.3036,50.3036,100.0,-0.52,0.04,0.0,0.27,0.27,0.0,0.08,-0.6,0.04,100.0,1.4092,0.0027,3.375,0.296296
alibaba_j_1000075,Base_Spat_Batch_LWF,15,alibaba_real_dag,3,0,0.0611,2.0,Origin_BE,BE,empty,True,50.3036,50.3036,100.0,-0.52,0.01,0.0,0.32,0.32,0.0,0.03,-0.55,0.02,100.0,10.4746,0.0032,10.6667,0.09375
alibaba_j_1000037,Base_Spat_Batch_LWF,15,alibaba_real_dag,3,0,0.025,2.0,Origin_BE,BE,empty,True,50.3036,50.3036,100.0,-0.97,0.01,0.0,0.16,0.16,0.0,0.02,-0.99,0.01,100.0,6.4,0.0016,8.0,0.125
alibaba_j_1000034,Base_Spat_Batch_LWF,15,alibaba_real_dag,3,0,0.0194,2.0,Origin_BE,BE,empty,True,50.3036,50.3036,100.0,-0.05,0.0,0.0,0.48,0.48,0.0,0.01,-0.06,0.01,100.0,21.6216,0.0048,48.0,0.020833
alibaba_j_1000039,Base_Spat_Batch_LWF,15,alibaba_real_dag,10,0,5.3694,53.69,Origin_BG,BG,empty,True,50.3128,50.3128,100.0,3.42,0.57,4.1,0.48,4.58,3.0,3.42,0.0,0.57,100.0,1.6189,0.0458,1.3392,0.746725
alibaba_j_1000038,Base_Spat_Batch_LWF,15,alibaba_real_dag,8,0,4.0417,40.42,Origin_BG,BG,empty,True,50.3128,50.3128,100.0,2.09,0.68,3.9,0.48,4.38,2.0,2.14,-0.04,0.84,100.0,1.2967,0.0438,2.0467,0.488584
alibaba_j_1000078,Base_Spat_Batch_LWF,15,alibaba_real_dag,5,0,0.175,2.0,Origin_BG,BG,empty,True,50.3128,50.3128,100.0,-0.52,0.04,0.0,0.27,0.27,0.0,0.08,-0.6,0.04,100.0,1.4092,0.0027,3.375,0.296296
alibaba_j_1000075,Base_Spat_Batch_LWF,15,alibaba_real_dag,3,0,0.0611,2.0,Origin_BG,BG,empty,True,50.3128,50.3128,100.0,-0.52,0.01,0.0,0.32,0.32,0.0,0.03,-0.55,0.02,100.0,10.4746,0.0032,10.6667,0.09375
alibaba_j_1000037,Base_Spat_Batch_LWF,15,alibaba_real_dag,3,0,0.025,2.0,Origin_BG,BG,empty,True,50.3128,50.3128,100.0,-0.97,0.01,0.0,0.16,0.16,0.0,0.02,-0.99,0.01,100.0,6.4,0.0016,8.0,0.125
alibaba_j_1000034,Base_Spat_Batch_LWF,15,alibaba_real_dag,3,0,0.0194,2.0,Origin_BG,BG,empty,True,50.3128,50.3128,100.0,-0.05,0.0,0.0,0.48,0.48,0.0,0.01,-0.06,0.01,100.0,21.6216,0.0048,48.0,0.020833
alibaba_j_1000039,Base_Spat_Batch_LWF,15,alibaba_real_dag,10,0,5.3694,53.69,Origin_BR-CS,BR-CS,empty,True,50.3214,50.3214,100.0,3.42,0.57,4.1,0.48,4.58,3.0,3.42,0.0,0.57,100.0,1.6189,0.0458,1.3392,0.746725
alibaba_j_1000038,Base_Spat_Batch_LWF,15,alibaba_real_dag,8,0,4.0417,40.42,Origin_BR-CS,BR-CS,empty,True,50.3214,50.3214,100.0,2.09,0.68,3.9,0.48,4.38,2.0,2.14,-0.04,0.84,100.0,1.2967,0.0438,2.0467,0.488584
alibaba_j_1000078,Base_Spat_Batch_LWF,15,alibaba_real_dag,5,0,0.175,2.0,Origin_BR-CS,BR-CS,empty,True,50.3214,50.3214,100.0,-0.52,0.04,0.0,0.27,0.27,0.0,0.08,-0.6,0.04,100.0,1.4092,0.0027,3.375,0.296296
alibaba_j_1000075,Base_Spat_Batch_LWF,15,alibaba_real_dag,3,0,0.0611,2.0,Origin_BR-CS,BR-CS,empty,True,50.3214,50.3214,100.0,-0.52,0.01,0.0,0.32,0.32,0.0,0.03,-0.55,0.02,100.0,10.4746,0.0032,10.6667,0.09375
alibaba_j_1000037,Base_Spat_Batch_LWF,15,alibaba_real_dag,3,0,0.025,2.0,Origin_BR-CS,BR-CS,empty,True,50.3214,50.3214,100.0,-0.97,0.01,0.0,0.16,0.16,0.0,0.02,-0.99,0.01,100.0,6.4,0.0016,8.0,0.125
alibaba_j_1000034,Base_Spat_Batch_LWF,15,alibaba_real_dag,3,0,0.0194,2.0,Origin_BR-CS,BR-CS,empty,True,50.3214,50.3214,100.0,-0.05,0.0,0.0,0.48,0.48,0.0,0.01,-0.06,0.01,100.0,21.6216,0.0048,48.0,0.020833
alibaba_j_1000039,Base_Spat_Batch_LWF,15,alibaba_real_dag,10,0,5.3694,53.69,Origin_BR-N,BR-N,empty,True,50.3608,50.3608,100.0,3.42,0.57,4.1,0.48,4.58,3.0,3.42,0.0,0.57,100.0,1.6189,0.0458,1.3392,0.746725
alibaba_j_1000038,Base_Spat_Batch_LWF,15,alibaba_real_dag,8,0,4.0417,40.42,Origin_BR-N,BR-N,empty,True,50.3608,50.3608,100.0,2.09,0.68,3.9,0.48,4.38,2.0,2.14,-0.04,0.84,100.0,1.2967,0.0438,2.0467,0.488584
alibaba_j_1000078,Base_Spat_Batch_LWF,15,alibaba_real_dag,5,0,0.175,2.0,Origin_BR-N,BR-N,empty,True,50.3608,50.3608,100.0,-0.52,0.04,0.0,0.27,0.27,0.0,0.08,-0.6,0.04,100.0,1.4092,0.0027,3.375,0.296296
alibaba_j_1000075,Base_Spat_Batch_LWF,15,alibaba_real_dag,3,0,0.0611,2.0,Origin_BR-N,BR-N,empty,True,50.3608,50.3608,100.0,-0.52,0.01,0.0,0.32,0.32,0.0,0.03,-0.55,0.02,100.0,10.4746,0.0032,10.6667,0.09375
alibaba_j_1000037,Base_Spat_Batch_LWF,15,alibaba_real_dag,3,0,0.025,2.0,Origin_BR-N,BR-N,empty,True,50.3608,50.3608,100.0,-0.97,0.01,0.0,0.16,0.16,0.0,0.02,-0.99,0.01,100.0,6.4,0.0016,8.0,0.125
alibaba_j_1000034,Base_Spat_Batch_LWF,15,alibaba_real_dag,3,0,0.0194,2.0,Origin_BR-N,BR-N,empty,True,50.3608,50.3608,100.0,-0.05,0.0,0.0,0.48,0.48,0.0,0.01,-0.06,0.01,100.0,21.6216,0.0048,48.0,0.020833
alibaba_j_1000039,Base_Spat_Batch_LWF,15,alibaba_real_dag,10,0,5.3694,53.69,Origin_CA-ON,CA-ON,empty,True,50.3058,50.3058,100.0,3.42,0.57,4.1,0.48,4.58,3.0,3.42,0.0,0.57,100.0,1.6189,0.0458,1.3392,0.746725
alibaba_j_1000038,Base_Spat_Batch_LWF,15,alibaba_real_dag,8,0,4.0417,40.42,Origin_CA-ON,CA-ON,empty,True,50.3058,50.3058,100.0,2.09,0.68,3.9,0.48,4.38,2.0,2.14,-0.04,0.84,100.0,1.2967,0.0438,2.0467,0.488584
alibaba_j_1000078,Base_Spat_Batch_LWF,15,alibaba_real_dag,5,0,0.175,2.0,Origin_CA-ON,CA-ON,empty,True,50.3058,50.3058,100.0,-0.52,0.04,0.0,0.27,0.27,0.0,0.08,-0.6,0.04,100.0,1.4092,0.0027,3.375,0.296296
alibaba_j_1000075,Base_Spat_Batch_LWF,15,alibaba_real_dag,3,0,0.0611,2.0,Origin_CA-ON,CA-ON,empty,True,50.3058,50.3058,100.0,-0.52,0.01,0.0,0.32,0.32,0.0,0.03,-0.55,0.02,100.0,10.4746,0.0032,10.6667,0.09375
alibaba_j_1000037,Base_Spat_Batch_LWF,15,alibaba_real_dag,3,0,0.025,2.0,Origin_CA-ON,CA-ON,empty,True,50.3058,50.3058,100.0,-0.97,0.01,0.0,0.16,0.16,0.0,0.02,-0.99,0.01,100.0,6.4,0.0016,8.0,0.125
alibaba_j_1000034,Base_Spat_Batch_LWF,15,alibaba_real_dag,3,0,0.0194,2.0,Origin_CA-ON,CA-ON,empty,True,50.3058,50.3058,100.0,-0.05,0.0,0.0,0.48,0.48,0.0,0.01,-0.06,0.01,100.0,21.6216,0.0048,48.0,0.020833
alibaba_j_1000039,Base_Spat_Batch_LWF,15,alibaba_real_dag,10,0,5.3694,53.69,Origin_CA-QC,CA-QC,empty,True,50.2839,50.2839,100.0,3.42,0.57,4.1,0.48,4.58,3.0,3.42,0.0,0.57,100.0,1.6189,0.0458,1.3392,0.746725
alibaba_j_1000038,Base_Spat_Batch_LWF,15,alibaba_real_dag,8,0,4.0417,40.42,Origin_CA-QC,CA-QC,empty,True,50.2839,50.2839,100.0,2.09,0.68,3.9,0.48,4.38,2.0,2.14,-0.04,0.84,100.0,1.2967,0.0438,2.0467,0.488584
alibaba_j_1000078,Base_Spat_Batch_LWF,15,alibaba_real_dag,5,0,0.175,2.0,Origin_CA-QC,CA-QC,empty,True,50.2839,50.2839,100.0,-0.52,0.04,0.0,0.27,0.27,0.0,0.08,-0.6,0.04,100.0,1.4092,0.0027,3.375,0.296296
alibaba_j_1000075,Base_Spat_Batch_LWF,15,alibaba_real_dag,3,0,0.0611,2.0,Origin_CA-QC,CA-QC,empty,True,50.2839,50.2839,100.0,-0.52,0.01,0.0,0.16,0.16,0.0,0.03,-0.55,0.02,100.0,5.2373,0.0016,5.3333,0.1875
alibaba_j_1000037,Base_Spat_Batch_LWF,15,alibaba_real_dag,3,0,0.025,2.0,Origin_CA-QC,CA-QC,empty,True,50.2839,50.2839,100.0,-0.97,0.01,0.0,0.16,0.16,0.0,0.02,-0.99,0.01,100.0,6.4,0.0016,8.0,0.125
alibaba_j_1000034,Base_Spat_Batch_LWF,15,alibaba_real_dag,3,0,0.0194,2.0,Origin_CA-QC,CA-QC,empty,True,50.2839,50.2839,100.0,-0.05,0.0,0.0,0.47,0.47,0.0,0.01,-0.06,0.01,100.0,21.1712,0.0047,47.0,0.021277
alibaba_j_1000039,Base_Spat_Batch_LWF,15,alibaba_real_dag,10,0,5.3694,53.69,Origin_CH,CH,empty,True,50.2324,50.2324,100.0,3.42,0.57,4.1,0.48,4.58,3.0,3.42,0.0,0.57,100.0,1.6189,0.0458,1.3392,0.746725
alibaba_j_1000038,Base_Spat_Batch_LWF,15,alibaba_real_dag,8,0,4.0417,40.42,Origin_CH,CH,empty,True,50.2324,50.2324,100.0,2.09,0.68,3.9,0.48,4.38,2.0,2.14,-0.04,0.84,100.0,1.2967,0.0438,2.0467,0.488584
alibaba_j_1000078,Base_Spat_Batch_LWF,15,alibaba_real_dag,5,0,0.175,2.0,Origin_CH,CH,empty,True,50.2324,50.2324,100.0,-0.52,0.04,0.0,0.27,0.27,0.0,0.08,-0.6,0.04,100.0,1.4092,0.0027,3.375,0.296296
alibaba_j_1000075,Base_Spat_Batch_LWF,15,alibaba_real_dag,3,0,0.0611,2.0,Origin_CH,CH,empty,True,50.2324,50.2324,100.0,-0.52,0.01,0.0,0.16,0.16,0.0,0.03,-0.55,0.02,100.0,5.2373,0.0016,5.3333,0.1875
alibaba_j_1000037,Base_Spat_Batch_LWF,15,alibaba_real_dag,3,0,0.025,2.0,Origin_CH,CH,empty,True,50.2324,50.2324,100.0,-0.97,0.01,0.0,0.16,0.16,0.0,0.02,-0.99,0.01,100.0,6.4,0.0016,8.0,0.125
alibaba_j_1000034,Base_Spat_Batch_LWF,15,alibaba_real_dag,3,0,0.0194,2.0,Origin_CH,CH,empty,True,50.2324,50.2324,100.0,-0.05,0.0,0.0,0.0,0.0,0.0,0.01,-0.06,0.01,100.0,0.0,0.0,0.0,0.0
alibaba_j_1000039,Base_Spat_Batch_LWF,15,alibaba_real_dag,10,0,5.3694,53.69,Origin_CL-SEN,CL-SEN,empty,True,50.223,50.223,100.0,3.42,0.57,4.1,0.48,4.58,3.0,3.42,0.0,0.57,100.0,1.6189,0.0458,1.3392,0.746725
alibaba_j_1000038,Base_Spat_Batch_LWF,15,alibaba_real_dag,8,0,4.0417,40.42,Origin_CL-SEN,CL-SEN,empty,True,50.223,50.223,100.0,2.09,0.68,3.9,0.48,4.38,2.0,2.14,-0.04,0.84,100.0,1.2967,0.0438,2.0467,0.488584
alibaba_j_1000078,Base_Spat_Batch_LWF,15,alibaba_real_dag,5,0,0.175,2.0,Origin_CL-SEN,CL-SEN,empty,True,50.223,50.223,100.0,-0.52,0.04,0.0,0.27,0.27,0.0,0.08,-0.6,0.04,100.0,1.4092,0.0027,3.375,0.296296
alibaba_j_1000075,Base_Spat_Batch_LWF,15,alibaba_real_dag,3,0,0.0611,2.0,Origin_CL-SEN,CL-SEN,empty,True,50.223,50.223,100.0,-0.52,0.01,0.0,0.32,0.32,0.0,0.03,-0.55,0.02,100.0,10.4746,0.0032,10.6667,0.09375
alibaba_j_1000037,Base_Spat_Batch_LWF,15,alibaba_real_dag,3,0,0.025,2.0,Origin_CL-SEN,CL-SEN,empty,True,50.223,50.223,100.0,-0.97,0.01,0.0,0.16,0.16,0.0,0.02,-0.99,0.01,100.0,6.4,0.0016,8.0,0.125
alibaba_j_1000034,Base_Spat_Batch_LWF,15,alibaba_real_dag,3,0,0.0194,2.0,Origin_CL-SEN,CL-SEN,empty,True,50.223,50.223,100.0,-0.05,0.0,0.0,0.48,0.48,0.0,0.01,-0.06,0.01,100.0,21.6216,0.0048,48.0,0.020833
alibaba_j_1000039,Base_Spat_Batch_LWF,15,alibaba_real_dag,10,0,5.3694,53.69,Origin_CY,CY,empty,True,50.2542,50.2542,100.0,3.42,0.57,4.1,0.48,4.58,3.0,3.42,0.0,0.57,100.0,1.6189,0.0458,1.3392,0.746725
alibaba_j_1000038,Base_Spat_Batch_LWF,15,alibaba_real_dag,8,0,4.0417,40.42,Origin_CY,CY,empty,True,50.2542,50.2542,100.0,2.09,0.68,3.9,0.48,4.38,2.0,2.14,-0.04,0.84,100.0,1.2967,0.0438,2.0467,0.488584
alibaba_j_1000078,Base_Spat_Batch_LWF,15,alibaba_real_dag,5,0,0.175,2.0,Origin_CY,CY,empty,True,50.2542,50.2542,100.0,-0.52,0.04,0.0,0.27,0.27,0.0,0.08,-0.6,0.04,100.0,1.4092,0.0027,3.375,0.296296
alibaba_j_1000075,Base_Spat_Batch_LWF,15,alibaba_real_dag,3,0,0.0611,2.0,Origin_CY,CY,empty,True,50.2542,50.2542,100.0,-0.52,0.01,0.0,0.32,0.32,0.0,0.03,-0.55,0.02,100.0,10.4746,0.0032,10.6667,0.09375
alibaba_j_1000037,Base_Spat_Batch_LWF,15,alibaba_real_dag,3,0,0.025,2.0,Origin_CY,CY,empty,True,50.2542,50.2542,100.0,-0.97,0.01,0.0,0.16,0.16,0.0,0.02,-0.99,0.01,100.0,6.4,0.0016,8.0,0.125
alibaba_j_1000034,Base_Spat_Batch_LWF,15,alibaba_real_dag,3,0,0.0194,2.0,Origin_CY,CY,empty,True,50.2542,50.2542,100.0,-0.05,0.0,0.0,0.48,0.48,0.0,0.01,-0.06,0.01,100.0,21.6216,0.0048,48.0,0.020833
alibaba_j_1000039,Base_Spat_Batch_LWF,15,alibaba_real_dag,10,0,5.3694,53.69,Origin_CZ,CZ,empty,True,50.3533,50.3533,100.0,3.42,0.57,4.1,0.48,4.58,3.0,3.42,0.0,0.57,100.0,1.6189,0.0458,1.3392,0.746725
alibaba_j_1000038,Base_Spat_Batch_LWF,15,alibaba_real_dag,8,0,4.0417,40.42,Origin_CZ,CZ,empty,True,50.3533,50.3533,100.0,2.09,0.68,3.9,0.48,4.38,2.0,2.14,-0.04,0.84,100.0,1.2967,0.0438,2.0467,0.488584
alibaba_j_1000078,Base_Spat_Batch_LWF,15,alibaba_real_dag,5,0,0.175,2.0,Origin_CZ,CZ,empty,True,50.3533,50.3533,100.0,-0.52,0.04,0.0,0.27,0.27,0.0,0.08,-0.6,0.04,100.0,1.4092,0.0027,3.375,0.296296
alibaba_j_1000075,Base_Spat_Batch_LWF,15,alibaba_real_dag,3,0,0.0611,2.0,Origin_CZ,CZ,empty,True,50.3533,50.3533,100.0,-0.52,0.01,0.0,0.32,0.32,0.0,0.03,-0.55,0.02,100.0,10.4746,0.0032,10.6667,0.09375
alibaba_j_1000037,Base_Spat_Batch_LWF,15,alibaba_real_dag,3,0,0.025,2.0,Origin_CZ,CZ,empty,True,50.3533,50.3533,100.0,-0.97,0.01,0.0,0.16,0.16,0.0,0.02,-0.99,0.01,100.0,6.4,0.0016,8.0,0.125
alibaba_j_1000034,Base_Spat_Batch_LWF,15,alibaba_real_dag,3,0,0.0194,2.0,Origin_CZ,CZ,empty,True,50.3533,50.3533,100.0,-0.05,0.0,0.0,0.48,0.48,0.0,0.01,-0.06,0.01,100.0,21.6216,0.0048,48.0,0.020833
alibaba_j_1000039,Base_Spat_Batch_LWF,15,alibaba_real_dag,10,0,5.3694,53.69,Origin_DE,DE,empty,True,50.2229,50.2229,100.0,3.42,0.57,4.1,0.48,4.58,3.0,3.42,0.0,0.57,100.0,1.6189,0.0458,1.3392,0.746725
alibaba_j_1000038,Base_Spat_Batch_LWF,15,alibaba_real_dag,8,0,4.0417,40.42,Origin_DE,DE,empty,True,50.2229,50.2229,100.0,2.09,0.68,3.9,0.48,4.38,2.0,2.14,-0.04,0.84,100.0,1.2967,0.0438,2.0467,0.488584
alibaba_j_1000078,Base_Spat_Batch_LWF,15,alibaba_real_dag,5,0,0.175,2.0,Origin_DE,DE,empty,True,50.2229,50.2229,100.0,-0.52,0.04,0.0,0.27,0.27,0.0,0.08,-0.6,0.04,100.0,1.4092,0.0027,3.375,0.296296
alibaba_j_1000075,Base_Spat_Batch_LWF,15,alibaba_real_dag,3,0,0.0611,2.0,Origin_DE,DE,empty,True,50.2229,50.2229,100.0,-0.52,0.01,0.0,0.32,0.32,0.0,0.03,-0.55,0.02,100.0,10.4746,0.0032,10.6667,0.09375
alibaba_j_1000037,Base_Spat_Batch_LWF,15,alibaba_real_dag,3,0,0.025,2.0,Origin_DE,DE,empty,True,50.2229,50.2229,100.0,-0.97,0.01,0.0,0.16,0.16,0.0,0.02,-0.99,0.01,100.0,6.4,0.0016,8.0,0.125
alibaba_j_1000034,Base_Spat_Batch_LWF,15,alibaba_real_dag,3,0,0.0194,2.0,Origin_DE,DE,empty,True,50.2229,50.2229,100.0,-0.05,0.0,0.0,0.48,0.48,0.0,0.01,-0.06,0.01,100.0,21.6216,0.0048,48.0,0.020833
alibaba_j_1000039,Base_Spat_Batch_LWF,15,alibaba_real_dag,10,0,5.3694,53.69,Origin_DK-BHM,DK-BHM,empty,True,50.2598,50.2598,100.0,3.42,0.57,4.1,0.48,4.58,3.0,3.42,0.0,0.57,100.0,1.6189,0.0458,1.3392,0.746725
alibaba_j_1000038,Base_Spat_Batch_LWF,15,alibaba_real_dag,8,0,4.0417,40.42,Origin_DK-BHM,DK-BHM,empty,True,50.2598,50.2598,100.0,2.09,0.68,3.9,0.48,4.38,2.0,2.14,-0.04,0.84,100.0,1.2967,0.0438,2.0467,0.488584
alibaba_j_1000078,Base_Spat_Batch_LWF,15,alibaba_real_dag,5,0,0.175,2.0,Origin_DK-BHM,DK-BHM,empty,True,50.2598,50.2598,100.0,-0.52,0.04,0.0,0.27,0.27,0.0,0.08,-0.6,0.04,100.0,1.4092,0.0027,3.375,0.296296
alibaba_j_1000075,Base_Spat_Batch_LWF,15,alibaba_real_dag,3,0,0.0611,2.0,Origin_DK-BHM,DK-BHM,empty,True,50.2598,50.2598,100.0,-0.52,0.01,0.0,0.32,0.32,0.0,0.03,-0.55,0.02,100.0,10.4746,0.0032,10.6667,0.09375
alibaba_j_1000037,Base_Spat_Batch_LWF,15,alibaba_real_dag,3,0,0.025,2.0,Origin_DK-BHM,DK-BHM,empty,True,50.2598,50.2598,100.0,-0.97,0.01,0.0,0.16,0.16,0.0,0.02,-0.99,0.01,100.0,6.4,0.0016,8.0,0.125
alibaba_j_1000034,Base_Spat_Batch_LWF,15,alibaba_real_dag,3,0,0.0194,2.0,Origin_DK-BHM,DK-BHM,empty,True,50.2598,50.2598,100.0,-0.05,0.0,0.0,0.16,0.16,0.0,0.01,-0.06,0.01,100.0,7.2072,0.0016,16.0,0.0625
alibaba_j_1000039,Base_Spat_Batch_LWF,15,alibaba_real_dag,10,0,5.3694,53.69,Origin_DK-DK1,DK-DK1,empty,True,50.2535,50.2535,100.0,3.42,0.57,4.1,0.48,4.58,3.0,3.42,0.0,0.57,100.0,1.6189,0.0458,1.3392,0.746725
alibaba_j_1000038,Base_Spat_Batch_LWF,15,alibaba_real_dag,8,0,4.0417,40.42,Origin_DK-DK1,DK-DK1,empty,True,50.2535,50.2535,100.0,2.09,0.68,3.9,0.48,4.38,2.0,2.14,-0.04,0.84,100.0,1.2967,0.0438,2.0467,0.488584
alibaba_j_1000078,Base_Spat_Batch_LWF,15,alibaba_real_dag,5,0,0.175,2.0,Origin_DK-DK1,DK-DK1,empty,True,50.2535,50.2535,100.0,-0.52,0.04,0.0,0.27,0.27,0.0,0.08,-0.6,0.04,100.0,1.4092,0.0027,3.375,0.296296
alibaba_j_1000075,Base_Spat_Batch_LWF,15,alibaba_real_dag,3,0,0.0611,2.0,Origin_DK-DK1,DK-DK1,empty,True,50.2535,50.2535,100.0,-0.52,0.01,0.0,0.16,0.16,0.0,0.03,-0.55,0.02,100.0,5.2373,0.0016,5.3333,0.1875
alibaba_j_1000037,Base_Spat_Batch_LWF,15,alibaba_real_dag,3,0,0.025,2.0,Origin_DK-DK1,DK-DK1,empty,True,50.2535,50.2535,100.0,-0.97,0.01,0.0,0.16,0.16,0.0,0.02,-0.99,0.01,100.0,6.4,0.0016,8.0,0.125
alibaba_j_1000034,Base_Spat_Batch_LWF,15,alibaba_real_dag,3,0,0.0194,2.0,Origin_DK-DK1,DK-DK1,empty,True,50.2535,50.2535,100.0,-0.05,0.0,0.0,0.16,0.16,0.0,0.01,-0.06,0.01,100.0,7.2072,0.0016,16.0,0.0625
alibaba_j_1000039,Base_Spat_Batch_LWF,15,alibaba_real_dag,10,0,5.3694,53.69,Origin_DK-DK2,DK-DK2,empty,True,50.3007,50.3007,100.0,3.42,0.57,4.1,0.48,4.58,3.0,3.42,0.0,0.57,100.0,1.6189,0.0458,1.3392,0.746725
alibaba_j_1000038,Base_Spat_Batch_LWF,15,alibaba_real_dag,8,0,4.0417,40.42,Origin_DK-DK2,DK-DK2,empty,True,50.3007,50.3007,100.0,2.09,0.68,3.9,0.48,4.38,2.0,2.14,-0.04,0.84,100.0,1.2967,0.0438,2.0467,0.488584
alibaba_j_1000078,Base_Spat_Batch_LWF,15,alibaba_real_dag,5,0,0.175,2.0,Origin_DK-DK2,DK-DK2,empty,True,50.3007,50.3007,100.0,-0.52,0.04,0.0,0.27,0.27,0.0,0.08,-0.6,0.04,100.0,1.4092,0.0027,3.375,0.296296
alibaba_j_1000075,Base_Spat_Batch_LWF,15,alibaba_real_dag,3,0,0.0611,2.0,Origin_DK-DK2,DK-DK2,empty,True,50.3007,50.3007,100.0,-0.52,0.01,0.0,0.32,0.32,0.0,0.03,-0.55,0.02,100.0,10.4746,0.0032,10.6667,0.09375
alibaba_j_1000037,Base_Spat_Batch_LWF,15,alibaba_real_dag,3,0,0.025,2.0,Origin_DK-DK2,DK-DK2,empty,True,50.3007,50.3007,100.0,-0.97,0.01,0.0,0.16,0.16,0.0,0.02,-0.99,0.01,100.0,6.4,0.0016,8.0,0.125
alibaba_j_1000034,Base_Spat_Batch_LWF,15,alibaba_real_dag,3,0,0.0194,2.0,Origin_DK-DK2,DK-DK2,empty,True,50.3007,50.3007,100.0,-0.05,0.0,0.0,0.16,0.16,0.0,0.01,-0.06,0.01,100.0,7.2072,0.0016,16.0,0.0625
alibaba_j_1000039,Base_Spat_Batch_LWF,15,alibaba_real_dag,10,0,5.3694,53.69,Origin_EE,EE,empty,True,50.2842,50.2842,100.0,3.42,0.57,4.1,0.48,4.58,3.0,3.42,0.0,0.57,100.0,1.6189,0.0458,1.3392,0.746725
alibaba_j_1000038,Base_Spat_Batch_LWF,15,alibaba_real_dag,8,0,4.0417,40.42,Origin_EE,EE,empty,True,50.2842,50.2842,100.0,2.09,0.68,3.9,0.48,4.38,2.0,2.14,-0.04,0.84,100.0,1.2967,0.0438,2.0467,0.488584
alibaba_j_1000078,Base_Spat_Batch_LWF,15,alibaba_real_dag,5,0,0.175,2.0,Origin_EE,EE,empty,True,50.2842,50.2842,100.0,-0.52,0.04,0.0,0.27,0.27,0.0,0.08,-0.6,0.04,100.0,1.4092,0.0027,3.375,0.296296
alibaba_j_1000075,Base_Spat_Batch_LWF,15,alibaba_real_dag,3,0,0.0611,2.0,Origin_EE,EE,empty,True,50.2842,50.2842,100.0,-0.52,0.01,0.0,0.32,0.32,0.0,0.03,-0.55,0.02,100.0,10.4746,0.0032,10.6667,0.09375
alibaba_j_1000037,Base_Spat_Batch_LWF,15,alibaba_real_dag,3,0,0.025,2.0,Origin_EE,EE,empty,True,50.2842,50.2842,100.0,-0.97,0.01,0.0,0.16,0.16,0.0,0.02,-0.99,0.01,100.0,6.4,0.0016,8.0,0.125
alibaba_j_1000034,Base_Spat_Batch_LWF,15,alibaba_real_dag,3,0,0.0194,2.0,Origin_EE,EE,empty,True,50.2842,50.2842,100.0,-0.05,0.0,0.0,0.48,0.48,0.0,0.01,-0.06,0.01,100.0,21.6216,0.0048,48.0,0.020833
alibaba_j_1000039,Base_Spat_Batch_LWF,15,alibaba_real_dag,10,0,5.3694,53.69,Origin_ES,ES,empty,True,50.2979,50.2979,100.0,3.42,0.57,4.1,0.48,4.58,3.0,3.42,0.0,0.57,100.0,1.6189,0.0458,1.3392,0.746725
alibaba_j_1000038,Base_Spat_Batch_LWF,15,alibaba_real_dag,8,0,4.0417,40.42,Origin_ES,ES,empty,True,50.2979,50.2979,100.0,2.09,0.68,3.9,0.48,4.38,2.0,2.14,-0.04,0.84,100.0,1.2967,0.0438,2.0467,0.488584
alibaba_j_1000078,Base_Spat_Batch_LWF,15,alibaba_real_dag,5,0,0.175,2.0,Origin_ES,ES,empty,True,50.2979,50.2979,100.0,-0.52,0.04,0.0,0.27,0.27,0.0,0.08,-0.6,0.04,100.0,1.4092,0.0027,3.375,0.296296
alibaba_j_1000075,Base_Spat_Batch_LWF,15,alibaba_real_dag,3,0,0.0611,2.0,Origin_ES,ES,empty,True,50.2979,50.2979,100.0,-0.52,0.01,0.0,0.32,0.32,0.0,0.03,-0.55,0.02,100.0,10.4746,0.0032,10.6667,0.09375
alibaba_j_1000037,Base_Spat_Batch_LWF,15,alibaba_real_dag,3,0,0.025,2.0,Origin_ES,ES,empty,True,50.2979,50.2979,100.0,-0.97,0.01,0.0,0.16,0.16,0.0,0.02,-0.99,0.01,100.0,6.4,0.0016,8.0,0.125
alibaba_j_1000034,Base_Spat_Batch_LWF,15,alibaba_real_dag,3,0,0.0194,2.0,Origin_ES,ES,empty,True,50.2979,50.2979,100.0,-0.05,0.0,0.0,0.48,0.48,0.0,0.01,-0.06,0.01,100.0,21.6216,0.0048,48.0,0.020833
alibaba_j_1000039,Base_Spat_Batch_LWF,15,alibaba_real_dag,10,0,5.3694,53.69,Origin_FI,FI,empty,True,50.3143,50.3143,100.0,3.42,0.57,4.1,0.48,4.58,3.0,3.42,0.0,0.57,100.0,1.6189,0.0458,1.3392,0.746725
alibaba_j_1000038,Base_Spat_Batch_LWF,15,alibaba_real_dag,8,0,4.0417,40.42,Origin_FI,FI,empty,True,50.3143,50.3143,100.0,2.09,0.68,3.9,0.48,4.38,2.0,2.14,-0.04,0.84,100.0,1.2967,0.0438,2.0467,0.488584
alibaba_j_1000078,Base_Spat_Batch_LWF,15,alibaba_real_dag,5,0,0.175,2.0,Origin_FI,FI,empty,True,50.3143,50.3143,100.0,-0.52,0.04,0.0,0.27,0.27,0.0,0.08,-0.6,0.04,100.0,1.4092,0.0027,3.375,0.296296
alibaba_j_1000075,Base_Spat_Batch_LWF,15,alibaba_real_dag,3,0,0.0611,2.0,Origin_FI,FI,empty,True,50.3143,50.3143,100.0,-0.52,0.01,0.0,0.32,0.32,0.0,0.03,-0.55,0.02,100.0,10.4746,0.0032,10.6667,0.09375
alibaba_j_1000037,Base_Spat_Batch_LWF,15,alibaba_real_dag,3,0,0.025,2.0,Origin_FI,FI,empty,True,50.3143,50.3143,100.0,-0.97,0.01,0.0,0.16,0.16,0.0,0.02,-0.99,0.01,100.0,6.4,0.0016,8.0,0.125
alibaba_j_1000034,Base_Spat_Batch_LWF,15,alibaba_real_dag,3,0,0.0194,2.0,Origin_FI,FI,empty,True,50.3143,50.3143,100.0,-0.05,0.0,0.0,0.47,0.47,0.0,0.01,-0.06,0.01,100.0,21.1712,0.0047,47.0,0.021277
alibaba_j_1000039,Base_Spat_Batch_LWF,15,alibaba_real_dag,10,0,5.3694,53.69,Origin_FR,FR,empty,True,50.2721,50.2721,100.0,3.42,0.57,4.1,0.38,4.48,3.0,3.42,0.0,0.57,100.0,1.5835,0.0448,1.3099,0.763393
alibaba_j_1000038,Base_Spat_Batch_LWF,15,alibaba_real_dag,8,0,4.0417,40.42,Origin_FR,FR,empty,True,50.2721,50.2721,100.0,2.09,0.68,3.9,0.48,4.38,2.0,2.14,-0.04,0.84,100.0,1.2967,0.0438,2.0467,0.488584
alibaba_j_1000078,Base_Spat_Batch_LWF,15,alibaba_real_dag,5,0,0.175,2.0,Origin_FR,FR,empty,True,50.2721,50.2721,100.0,-0.52,0.04,0.0,0.27,0.27,0.0,0.08,-0.6,0.04,100.0,1.4092,0.0027,3.375,0.296296
alibaba_j_1000075,Base_Spat_Batch_LWF,15,alibaba_real_dag,3,0,0.0611,2.0,Origin_FR,FR,empty,True,50.2721,50.2721,100.0,-0.52,0.01,0.0,0.0,0.0,0.0,0.03,-0.55,0.02,100.0,0.0,0.0,0.0,0.0
alibaba_j_1000037,Base_Spat_Batch_LWF,15,alibaba_real_dag,3,0,0.025,2.0,Origin_FR,FR,empty,True,50.2721,50.2721,100.0,-0.97,0.01,0.0,0.16,0.16,0.0,0.02,-0.99,0.01,100.0,6.4,0.0016,8.0,0.125
alibaba_j_1000034,Base_Spat_Batch_LWF,15,alibaba_real_dag,3,0,0.0194,2.0,Origin_FR,FR,empty,True,50.2721,50.2721,100.0,-0.05,0.0,0.0,0.0,0.0,0.0,0.01,-0.06,0.01,100.0,0.0,0.0,0.0,0.0
alibaba_j_1000039,Base_Spat_Batch_LWF,15,alibaba_real_dag,10,0,5.3694,53.69,Origin_GB-NIR,GB-NIR,empty,True,50.3365,50.3365,100.0,3.42,0.57,4.1,0.48,4.58,3.0,3.42,0.0,0.57,100.0,1.6189,0.0458,1.3392,0.746725
alibaba_j_1000038,Base_Spat_Batch_LWF,15,alibaba_real_dag,8,0,4.0417,40.42,Origin_GB-NIR,GB-NIR,empty,True,50.3365,50.3365,100.0,2.09,0.68,3.9,0.48,4.38,2.0,2.14,-0.04,0.84,100.0,1.2967,0.0438,2.0467,0.488584
alibaba_j_1000078,Base_Spat_Batch_LWF,15,alibaba_real_dag,5,0,0.175,2.0,Origin_GB-NIR,GB-NIR,empty,True,50.3365,50.3365,100.0,-0.52,0.04,0.0,0.27,0.27,0.0,0.08,-0.6,0.04,100.0,1.4092,0.0027,3.375,0.296296
alibaba_j_1000075,Base_Spat_Batch_LWF,15,alibaba_real_dag,3,0,0.0611,2.0,Origin_GB-NIR,GB-NIR,empty,True,50.3365,50.3365,100.0,-0.52,0.01,0.0,0.32,0.32,0.0,0.03,-0.55,0.02,100.0,10.4746,0.0032,10.6667,0.09375
alibaba_j_1000037,Base_Spat_Batch_LWF,15,alibaba_real_dag,3,0,0.025,2.0,Origin_GB-NIR,GB-NIR,empty,True,50.3365,50.3365,100.0,-0.97,0.01,0.0,0.16,0.16,0.0,0.02,-0.99,0.01,100.0,6.4,0.0016,8.0,0.125
alibaba_j_1000034,Base_Spat_Batch_LWF,15,alibaba_real_dag,3,0,0.0194,2.0,Origin_GB-NIR,GB-NIR,empty,True,50.3365,50.3365,100.0,-0.05,0.0,0.0,0.48,0.48,0.0,0.01,-0.06,0.01,100.0,21.6216,0.0048,48.0,0.020833
alibaba_j_1000039,Base_Spat_Batch_LWF,15,alibaba_real_dag,10,0,5.3694,53.69,Origin_GB,GB,empty,True,50.1315,50.1315,100.0,3.42,0.57,4.1,0.48,4.58,3.0,3.42,0.0,0.57,100.0,1.6189,0.0458,1.3392,0.746725
alibaba_j_1000038,Base_Spat_Batch_LWF,15,alibaba_real_dag,8,0,4.0417,40.42,Origin_GB,GB,empty,True,50.1315,50.1315,100.0,2.09,0.68,3.9,0.48,4.38,2.0,2.14,-0.04,0.84,100.0,1.2967,0.0438,2.0467,0.488584
alibaba_j_1000078,Base_Spat_Batch_LWF,15,alibaba_real_dag,5,0,0.175,2.0,Origin_GB,GB,empty,True,50.1315,50.1315,100.0,-0.52,0.04,0.0,0.27,0.27,0.0,0.08,-0.6,0.04,100.0,1.4092,0.0027,3.375,0.296296
alibaba_j_1000075,Base_Spat_Batch_LWF,15,alibaba_real_dag,3,0,0.0611,2.0,Origin_GB,GB,empty,True,50.1315,50.1315,100.0,-0.52,0.01,0.0,0.32,0.32,0.0,0.03,-0.55,0.02,100.0,10.4746,0.0032,10.6667,0.09375
alibaba_j_1000037,Base_Spat_Batch_LWF,15,alibaba_real_dag,3,0,0.025,2.0,Origin_GB,GB,empty,True,50.1315,50.1315,100.0,-0.97,0.01,0.0,0.16,0.16,0.0,0.02,-0.99,0.01,100.0,6.4,0.0016,8.0,0.125
alibaba_j_1000034,Base_Spat_Batch_LWF,15,alibaba_real_dag,3,0,0.0194,2.0,Origin_GB,GB,empty,True,50.1315,50.1315,100.0,-0.05,0.0,0.0,0.48,0.48,0.0,0.01,-0.06,0.01,100.0,21.6216,0.0048,48.0,0.020833
alibaba_j_1000039,Base_Spat_Batch_LWF,15,alibaba_real_dag,10,0,5.3694,53.69,Origin_GR,GR,empty,True,50.1272,50.1272,100.0,3.42,0.57,4.1,0.48,4.58,3.0,3.42,0.0,0.57,100.0,1.6189,0.0458,1.3392,0.746725
alibaba_j_1000038,Base_Spat_Batch_LWF,15,alibaba_real_dag,8,0,4.0417,40.42,Origin_GR,GR,empty,True,50.1272,50.1272,100.0,2.09,0.68,3.9,0.48,4.38,2.0,2.14,-0.04,0.84,100.0,1.2967,0.0438,2.0467,0.488584
alibaba_j_1000078,Base_Spat_Batch_LWF,15,alibaba_real_dag,5,0,0.175,2.0,Origin_GR,GR,empty,True,50.1272,50.1272,100.0,-0.52,0.04,0.0,0.27,0.27,0.0,0.08,-0.6,0.04,100.0,1.4092,0.0027,3.375,0.296296
alibaba_j_1000075,Base_Spat_Batch_LWF,15,alibaba_real_dag,3,0,0.0611,2.0,Origin_GR,GR,empty,True,50.1272,50.1272,100.0,-0.52,0.01,0.0,0.32,0.32,0.0,0.03,-0.55,0.02,100.0,10.4746,0.0032,10.6667,0.09375
alibaba_j_1000037,Base_Spat_Batch_LWF,15,alibaba_real_dag,3,0,0.025,2.0,Origin_GR,GR,empty,True,50.1272,50.1272,100.0,-0.97,0.01,0.0,0.16,0.16,0.0,0.02,-0.99,0.01,100.0,6.4,0.0016,8.0,0.125
alibaba_j_1000034,Base_Spat_Batch_LWF,15,alibaba_real_dag,3,0,0.0194,2.0,Origin_GR,GR,empty,True,50.1272,50.1272,100.0,-0.05,0.0,0.0,0.48,0.48,0.0,0.01,-0.06,0.01,100.0,21.6216,0.0048,48.0,0.020833
alibaba_j_1000039,Base_Spat_Batch_LWF,15,alibaba_real_dag,10,0,5.3694,53.69,Origin_HK,HK,empty,True,50.1023,50.1023,100.0,3.42,0.57,4.1,0.48,4.58,3.0,3.42,0.0,0.57,100.0,1.6189,0.0458,1.3392,0.746725
alibaba_j_1000038,Base_Spat_Batch_LWF,15,alibaba_real_dag,8,0,4.0417,40.42,Origin_HK,HK,empty,True,50.1023,50.1023,100.0,2.09,0.68,3.9,0.48,4.38,2.0,2.14,-0.04,0.84,100.0,1.2967,0.0438,2.0467,0.488584
alibaba_j_1000078,Base_Spat_Batch_LWF,15,alibaba_real_dag,5,0,0.175,2.0,Origin_HK,HK,empty,True,50.1023,50.1023,100.0,-0.52,0.04,0.0,0.27,0.27,0.0,0.08,-0.6,0.04,100.0,1.4092,0.0027,3.375,0.296296
alibaba_j_1000075,Base_Spat_Batch_LWF,15,alibaba_real_dag,3,0,0.0611,2.0,Origin_HK,HK,empty,True,50.1023,50.1023,100.0,-0.52,0.01,0.0,0.32,0.32,0.0,0.03,-0.55,0.02,100.0,10.4746,0.0032,10.6667,0.09375
alibaba_j_1000037,Base_Spat_Batch_LWF,15,alibaba_real_dag,3,0,0.025,2.0,Origin_HK,HK,empty,True,50.1023,50.1023,100.0,-0.97,0.01,0.0,0.16,0.16,0.0,0.02,-0.99,0.01,100.0,6.4,0.0016,8.0,0.125
alibaba_j_1000034,Base_Spat_Batch_LWF,15,alibaba_real_dag,3,0,0.0194,2.0,Origin_HK,HK,empty,True,50.1023,50.1023,100.0,-0.05,0.0,0.0,0.48,0.48,0.0,0.01,-0.06,0.01,100.0,21.6216,0.0048,48.0,0.020833
alibaba_j_1000039,Base_Spat_Batch_LWF,15,alibaba_real_dag,10,0,5.3694,53.69,Origin_HR,HR,empty,True,50.1024,50.1024,100.0,3.42,0.57,4.1,0.48,4.58,3.0,3.42,0.0,0.57,100.0,1.6189,0.0458,1.3392,0.746725
alibaba_j_1000038,Base_Spat_Batch_LWF,15,alibaba_real_dag,8,0,4.0417,40.42,Origin_HR,HR,empty,True,50.1024,50.1024,100.0,2.09,0.68,3.9,0.48,4.38,2.0,2.14,-0.04,0.84,100.0,1.2967,0.0438,2.0467,0.488584
alibaba_j_1000078,Base_Spat_Batch_LWF,15,alibaba_real_dag,5,0,0.175,2.0,Origin_HR,HR,empty,True,50.1024,50.1024,100.0,-0.52,0.04,0.0,0.27,0.27,0.0,0.08,-0.6,0.04,100.0,1.4092,0.0027,3.375,0.296296
alibaba_j_1000075,Base_Spat_Batch_LWF,15,alibaba_real_dag,3,0,0.0611,2.0,Origin_HR,HR,empty,True,50.1024,50.1024,100.0,-0.52,0.01,0.0,0.32,0.32,0.0,0.03,-0.55,0.02,100.0,10.4746,0.0032,10.6667,0.09375
alibaba_j_1000037,Base_Spat_Batch_LWF,15,alibaba_real_dag,3,0,0.025,2.0,Origin_HR,HR,empty,True,50.1024,50.1024,100.0,-0.97,0.01,0.0,0.16,0.16,0.0,0.02,-0.99,0.01,100.0,6.4,0.0016,8.0,0.125
alibaba_j_1000034,Base_Spat_Batch_LWF,15,alibaba_real_dag,3,0,0.0194,2.0,Origin_HR,HR,empty,True,50.1024,50.1024,100.0,-0.05,0.0,0.0,0.48,0.48,0.0,0.01,-0.06,0.01,100.0,21.6216,0.0048,48.0,0.020833
alibaba_j_1000039,Base_Spat_Batch_LWF,15,alibaba_real_dag,10,0,5.3694,53.69,Origin_HU,HU,empty,True,50.1122,50.1122,100.0,3.42,0.57,4.1,0.48,4.58,3.0,3.42,0.0,0.57,100.0,1.6189,0.0458,1.3392,0.746725
alibaba_j_1000038,Base_Spat_Batch_LWF,15,alibaba_real_dag,8,0,4.0417,40.42,Origin_HU,HU,empty,True,50.1122,50.1122,100.0,2.09,0.68,3.9,0.48,4.38,2.0,2.14,-0.04,0.84,100.0,1.2967,0.0438,2.0467,0.488584
alibaba_j_1000078,Base_Spat_Batch_LWF,15,alibaba_real_dag,5,0,0.175,2.0,Origin_HU,HU,empty,True,50.1122,50.1122,100.0,-0.52,0.04,0.0,0.27,0.27,0.0,0.08,-0.6,0.04,100.0,1.4092,0.0027,3.375,0.296296
alibaba_j_1000075,Base_Spat_Batch_LWF,15,alibaba_real_dag,3,0,0.0611,2.0,Origin_HU,HU,empty,True,50.1122,50.1122,100.0,-0.52,0.01,0.0,0.32,0.32,0.0,0.03,-0.55,0.02,100.0,10.4746,0.0032,10.6667,0.09375
alibaba_j_1000037,Base_Spat_Batch_LWF,15,alibaba_real_dag,3,0,0.025,2.0,Origin_HU,HU,empty,True,50.1122,50.1122,100.0,-0.97,0.01,0.0,0.16,0.16,0.0,0.02,-0.99,0.01,100.0,6.4,0.0016,8.0,0.125
alibaba_j_1000034,Base_Spat_Batch_LWF,15,alibaba_real_dag,3,0,0.0194,2.0,Origin_HU,HU,empty,True,50.1122,50.1122,100.0,-0.05,0.0,0.0,0.48,0.48,0.0,0.01,-0.06,0.01,100.0,21.6216,0.0048,48.0,0.020833
alibaba_j_1000039,Base_Spat_Batch_LWF,15,alibaba_real_dag,10,0,5.3694,53.69,Origin_ID,ID,empty,True,50.112,50.112,100.0,3.42,0.57,4.1,0.48,4.58,3.0,3.42,0.0,0.57,100.0,1.6189,0.0458,1.3392,0.746725
alibaba_j_1000038,Base_Spat_Batch_LWF,15,alibaba_real_dag,8,0,4.0417,40.42,Origin_ID,ID,empty,True,50.112,50.112,100.0,2.09,0.68,3.9,0.48,4.38,2.0,2.14,-0.04,0.84,100.0,1.2967,0.0438,2.0467,0.488584
alibaba_j_1000078,Base_Spat_Batch_LWF,15,alibaba_real_dag,5,0,0.175,2.0,Origin_ID,ID,empty,True,50.112,50.112,100.0,-0.52,0.04,0.0,0.27,0.27,0.0,0.08,-0.6,0.04,100.0,1.4092,0.0027,3.375,0.296296
alibaba_j_1000075,Base_Spat_Batch_LWF,15,alibaba_real_dag,3,0,0.0611,2.0,Origin_ID,ID,empty,True,50.112,50.112,100.0,-0.52,0.01,0.0,0.32,0.32,0.0,0.03,-0.55,0.02,100.0,10.4746,0.0032,10.6667,0.09375
alibaba_j_1000037,Base_Spat_Batch_LWF,15,alibaba_real_dag,3,0,0.025,2.0,Origin_ID,ID,empty,True,50.112,50.112,100.0,-0.97,0.01,0.0,0.16,0.16,0.0,0.02,-0.99,0.01,100.0,6.4,0.0016,8.0,0.125
alibaba_j_1000034,Base_Spat_Batch_LWF,15,alibaba_real_dag,3,0,0.0194,2.0,Origin_ID,ID,empty,True,50.112,50.112,100.0,-0.05,0.0,0.0,0.48,0.48,0.0,0.01,-0.06,0.01,100.0,21.6216,0.0048,48.0,0.020833
alibaba_j_1000039,Base_Spat_Batch_LWF,15,alibaba_real_dag,10,0,5.3694,53.69,Origin_IE,IE,empty,True,50.1172,50.1172,100.0,3.42,0.57,4.1,0.48,4.58,3.0,3.42,0.0,0.57,100.0,1.6189,0.0458,1.3392,0.746725
alibaba_j_1000038,Base_Spat_Batch_LWF,15,alibaba_real_dag,8,0,4.0417,40.42,Origin_IE,IE,empty,True,50.1172,50.1172,100.0,2.09,0.68,3.9,0.48,4.38,2.0,2.14,-0.04,0.84,100.0,1.2967,0.0438,2.0467,0.488584
alibaba_j_1000078,Base_Spat_Batch_LWF,15,alibaba_real_dag,5,0,0.175,2.0,Origin_IE,IE,empty,True,50.1172,50.1172,100.0,-0.52,0.04,0.0,0.27,0.27,0.0,0.08,-0.6,0.04,100.0,1.4092,0.0027,3.375,0.296296
alibaba_j_1000075,Base_Spat_Batch_LWF,15,alibaba_real_dag,3,0,0.0611,2.0,Origin_IE,IE,empty,True,50.1172,50.1172,100.0,-0.52,0.01,0.0,0.32,0.32,0.0,0.03,-0.55,0.02,100.0,10.4746,0.0032,10.6667,0.09375
alibaba_j_1000037,Base_Spat_Batch_LWF,15,alibaba_real_dag,3,0,0.025,2.0,Origin_IE,IE,empty,True,50.1172,50.1172,100.0,-0.97,0.01,0.0,0.16,0.16,0.0,0.02,-0.99,0.01,100.0,6.4,0.0016,8.0,0.125
alibaba_j_1000034,Base_Spat_Batch_LWF,15,alibaba_real_dag,3,0,0.0194,2.0,Origin_IE,IE,empty,True,50.1172,50.1172,100.0,-0.05,0.0,0.0,0.48,0.48,0.0,0.01,-0.06,0.01,100.0,21.6216,0.0048,48.0,0.020833
alibaba_j_1000039,Base_Spat_Batch_LWF,15,alibaba_real_dag,10,0,5.3694,53.69,Origin_IL,IL,empty,True,50.136,50.136,100.0,3.42,0.57,4.1,0.48,4.58,3.0,3.42,0.0,0.57,100.0,1.6189,0.0458,1.3392,0.746725
alibaba_j_1000038,Base_Spat_Batch_LWF,15,alibaba_real_dag,8,0,4.0417,40.42,Origin_IL,IL,empty,True,50.136,50.136,100.0,2.09,0.68,3.9,0.48,4.38,2.0,2.14,-0.04,0.84,100.0,1.2967,0.0438,2.0467,0.488584
alibaba_j_1000078,Base_Spat_Batch_LWF,15,alibaba_real_dag,5,0,0.175,2.0,Origin_IL,IL,empty,True,50.136,50.136,100.0,-0.52,0.04,0.0,0.27,0.27,0.0,0.08,-0.6,0.04,100.0,1.4092,0.0027,3.375,0.296296
alibaba_j_1000075,Base_Spat_Batch_LWF,15,alibaba_real_dag,3,0,0.0611,2.0,Origin_IL,IL,empty,True,50.136,50.136,100.0,-0.52,0.01,0.0,0.32,0.32,0.0,0.03,-0.55,0.02,100.0,10.4746,0.0032,10.6667,0.09375
alibaba_j_1000037,Base_Spat_Batch_LWF,15,alibaba_real_dag,3,0,0.025,2.0,Origin_IL,IL,empty,True,50.136,50.136,100.0,-0.97,0.01,0.0,0.16,0.16,0.0,0.02,-0.99,0.01,100.0,6.4,0.0016,8.0,0.125
alibaba_j_1000034,Base_Spat_Batch_LWF,15,alibaba_real_dag,3,0,0.0194,2.0,Origin_IL,IL,empty,True,50.136,50.136,100.0,-0.05,0.0,0.0,0.48,0.48,0.0,0.01,-0.06,0.01,100.0,21.6216,0.0048,48.0,0.020833
alibaba_j_1000039,Base_Spat_Batch_LWF,15,alibaba_real_dag,10,0,5.3694,53.69,Origin_IN-MH,IN-MH,empty,True,49.9994,49.9994,100.0,3.42,0.57,4.1,0.48,4.58,3.0,3.42,0.0,0.57,100.0,1.6189,0.0458,1.3392,0.746725
alibaba_j_1000038,Base_Spat_Batch_LWF,15,alibaba_real_dag,8,0,4.0417,40.42,Origin_IN-MH,IN-MH,empty,True,49.9994,49.9994,100.0,2.09,0.68,3.9,0.48,4.38,2.0,2.14,-0.04,0.84,100.0,1.2967,0.0438,2.0467,0.488584
alibaba_j_1000078,Base_Spat_Batch_LWF,15,alibaba_real_dag,5,0,0.175,2.0,Origin_IN-MH,IN-MH,empty,True,49.9994,49.9994,100.0,-0.52,0.04,0.0,0.27,0.27,0.0,0.08,-0.6,0.04,100.0,1.4092,0.0027,3.375,0.296296
alibaba_j_1000075,Base_Spat_Batch_LWF,15,alibaba_real_dag,3,0,0.0611,2.0,Origin_IN-MH,IN-MH,empty,True,49.9994,49.9994,100.0,-0.52,0.01,0.0,0.32,0.32,0.0,0.03,-0.55,0.02,100.0,10.4746,0.0032,10.6667,0.09375
alibaba_j_1000037,Base_Spat_Batch_LWF,15,alibaba_real_dag,3,0,0.025,2.0,Origin_IN-MH,IN-MH,empty,True,49.9994,49.9994,100.0,-0.97,0.01,0.0,0.16,0.16,0.0,0.02,-0.99,0.01,100.0,6.4,0.0016,8.0,0.125
alibaba_j_1000034,Base_Spat_Batch_LWF,15,alibaba_real_dag,3,0,0.0194,2.0,Origin_IN-MH,IN-MH,empty,True,49.9994,49.9994,100.0,-0.05,0.0,0.0,0.48,0.48,0.0,0.01,-0.06,0.01,100.0,21.6216,0.0048,48.0,0.020833
alibaba_j_1000039,Base_Spat_Batch_LWF,15,alibaba_real_dag,10,0,5.3694,53.69,Origin_IN-UP,IN-UP,empty,True,50.0877,50.0877,100.0,3.42,0.57,4.1,0.48,4.58,3.0,3.42,0.0,0.57,100.0,1.6189,0.0458,1.3392,0.746725
alibaba_j_1000038,Base_Spat_Batch_LWF,15,alibaba_real_dag,8,0,4.0417,40.42,Origin_IN-UP,IN-UP,empty,True,50.0877,50.0877,100.0,2.09,0.68,3.9,0.48,4.38,2.0,2.14,-0.04,0.84,100.0,1.2967,0.0438,2.0467,0.488584
alibaba_j_1000078,Base_Spat_Batch_LWF,15,alibaba_real_dag,5,0,0.175,2.0,Origin_IN-UP,IN-UP,empty,True,50.0877,50.0877,100.0,-0.52,0.04,0.0,0.27,0.27,0.0,0.08,-0.6,0.04,100.0,1.4092,0.0027,3.375,0.296296
alibaba_j_1000075,Base_Spat_Batch_LWF,15,alibaba_real_dag,3,0,0.0611,2.0,Origin_IN-UP,IN-UP,empty,True,50.0877,50.0877,100.0,-0.52,0.01,0.0,0.32,0.32,0.0,0.03,-0.55,0.02,100.0,10.4746,0.0032,10.6667,0.09375
alibaba_j_1000037,Base_Spat_Batch_LWF,15,alibaba_real_dag,3,0,0.025,2.0,Origin_IN-UP,IN-UP,empty,True,50.0877,50.0877,100.0,-0.97,0.01,0.0,0.16,0.16,0.0,0.02,-0.99,0.01,100.0,6.4,0.0016,8.0,0.125
alibaba_j_1000034,Base_Spat_Batch_LWF,15,alibaba_real_dag,3,0,0.0194,2.0,Origin_IN-UP,IN-UP,empty,True,50.0877,50.0877,100.0,-0.05,0.0,0.0,0.48,0.48,0.0,0.01,-0.06,0.01,100.0,21.6216,0.0048,48.0,0.020833
alibaba_j_1000039,Base_Spat_Batch_LWF,15,alibaba_real_dag,10,0,5.3694,53.69,Origin_IN-WE,IN-WE,empty,True,50.1421,50.1421,100.0,3.42,0.57,4.1,0.48,4.58,3.0,3.42,0.0,0.57,100.0,1.6189,0.0458,1.3392,0.746725
alibaba_j_1000038,Base_Spat_Batch_LWF,15,alibaba_real_dag,8,0,4.0417,40.42,Origin_IN-WE,IN-WE,empty,True,50.1421,50.1421,100.0,2.09,0.68,3.9,0.48,4.38,2.0,2.14,-0.04,0.84,100.0,1.2967,0.0438,2.0467,0.488584
alibaba_j_1000078,Base_Spat_Batch_LWF,15,alibaba_real_dag,5,0,0.175,2.0,Origin_IN-WE,IN-WE,empty,True,50.1421,50.1421,100.0,-0.52,0.04,0.0,0.27,0.27,0.0,0.08,-0.6,0.04,100.0,1.4092,0.0027,3.375,0.296296
alibaba_j_1000075,Base_Spat_Batch_LWF,15,alibaba_real_dag,3,0,0.0611,2.0,Origin_IN-WE,IN-WE,empty,True,50.1421,50.1421,100.0,-0.52,0.01,0.0,0.32,0.32,0.0,0.03,-0.55,0.02,100.0,10.4746,0.0032,10.6667,0.09375
alibaba_j_1000037,Base_Spat_Batch_LWF,15,alibaba_real_dag,3,0,0.025,2.0,Origin_IN-WE,IN-WE,empty,True,50.1421,50.1421,100.0,-0.97,0.01,0.0,0.16,0.16,0.0,0.02,-0.99,0.01,100.0,6.4,0.0016,8.0,0.125
alibaba_j_1000034,Base_Spat_Batch_LWF,15,alibaba_real_dag,3,0,0.0194,2.0,Origin_IN-WE,IN-WE,empty,True,50.1421,50.1421,100.0,-0.05,0.0,0.0,0.48,0.48,0.0,0.01,-0.06,0.01,100.0,21.6216,0.0048,48.0,0.020833
alibaba_j_1000039,Base_Spat_Batch_LWF,15,alibaba_real_dag,10,0,5.3694,53.69,Origin_IT-CNO,IT-CNO,empty,True,50.1003,50.1003,100.0,3.42,0.57,4.1,0.48,4.58,3.0,3.42,0.0,0.57,100.0,1.6189,0.0458,1.3392,0.746725
alibaba_j_1000038,Base_Spat_Batch_LWF,15,alibaba_real_dag,8,0,4.0417,40.42,Origin_IT-CNO,IT-CNO,empty,True,50.1003,50.1003,100.0,2.09,0.68,3.9,0.48,4.38,2.0,2.14,-0.04,0.84,100.0,1.2967,0.0438,2.0467,0.488584
alibaba_j_1000078,Base_Spat_Batch_LWF,15,alibaba_real_dag,5,0,0.175,2.0,Origin_IT-CNO,IT-CNO,empty,True,50.1003,50.1003,100.0,-0.52,0.04,0.0,0.27,0.27,0.0,0.08,-0.6,0.04,100.0,1.4092,0.0027,3.375,0.296296
alibaba_j_1000075,Base_Spat_Batch_LWF,15,alibaba_real_dag,3,0,0.0611,2.0,Origin_IT-CNO,IT-CNO,empty,True,50.1003,50.1003,100.0,-0.52,0.01,0.0,0.32,0.32,0.0,0.03,-0.55,0.02,100.0,10.4746,0.0032,10.6667,0.09375
alibaba_j_1000037,Base_Spat_Batch_LWF,15,alibaba_real_dag,3,0,0.025,2.0,Origin_IT-CNO,IT-CNO,empty,True,50.1003,50.1003,100.0,-0.97,0.01,0.0,0.16,0.16,0.0,0.02,-0.99,0.01,100.0,6.4,0.0016,8.0,0.125
alibaba_j_1000034,Base_Spat_Batch_LWF,15,alibaba_real_dag,3,0,0.0194,2.0,Origin_IT-CNO,IT-CNO,empty,True,50.1003,50.1003,100.0,-0.05,0.0,0.0,0.48,0.48,0.0,0.01,-0.06,0.01,100.0,21.6216,0.0048,48.0,0.020833
alibaba_j_1000039,Base_Spat_Batch_LWF,15,alibaba_real_dag,10,0,5.3694,53.69,Origin_IT-CSO,IT-CSO,empty,True,50.145,50.145,100.0,3.42,0.57,4.1,0.48,4.58,3.0,3.42,0.0,0.57,100.0,1.6189,0.0458,1.3392,0.746725
alibaba_j_1000038,Base_Spat_Batch_LWF,15,alibaba_real_dag,8,0,4.0417,40.42,Origin_IT-CSO,IT-CSO,empty,True,50.145,50.145,100.0,2.09,0.68,3.9,0.48,4.38,2.0,2.14,-0.04,0.84,100.0,1.2967,0.0438,2.0467,0.488584
alibaba_j_1000078,Base_Spat_Batch_LWF,15,alibaba_real_dag,5,0,0.175,2.0,Origin_IT-CSO,IT-CSO,empty,True,50.145,50.145,100.0,-0.52,0.04,0.0,0.27,0.27,0.0,0.08,-0.6,0.04,100.0,1.4092,0.0027,3.375,0.296296
alibaba_j_1000075,Base_Spat_Batch_LWF,15,alibaba_real_dag,3,0,0.0611,2.0,Origin_IT-CSO,IT-CSO,empty,True,50.145,50.145,100.0,-0.52,0.01,0.0,0.32,0.32,0.0,0.03,-0.55,0.02,100.0,10.4746,0.0032,10.6667,0.09375
alibaba_j_1000037,Base_Spat_Batch_LWF,15,alibaba_real_dag,3,0,0.025,2.0,Origin_IT-CSO,IT-CSO,empty,True,50.145,50.145,100.0,-0.97,0.01,0.0,0.16,0.16,0.0,0.02,-0.99,0.01,100.0,6.4,0.0016,8.0,0.125
alibaba_j_1000034,Base_Spat_Batch_LWF,15,alibaba_real_dag,3,0,0.0194,2.0,Origin_IT-CSO,IT-CSO,empty,True,50.145,50.145,100.0,-0.05,0.0,0.0,0.48,0.48,0.0,0.01,-0.06,0.01,100.0,21.6216,0.0048,48.0,0.020833
alibaba_j_1000039,Base_Spat_Batch_LWF,15,alibaba_real_dag,10,0,5.3694,53.69,Origin_IT-NO,IT-NO,empty,True,50.181,50.181,100.0,3.42,0.57,4.1,0.48,4.58,3.0,3.42,0.0,0.57,100.0,1.6189,0.0458,1.3392,0.746725
alibaba_j_1000038,Base_Spat_Batch_LWF,15,alibaba_real_dag,8,0,4.0417,40.42,Origin_IT-NO,IT-NO,empty,True,50.181,50.181,100.0,2.09,0.68,3.9,0.48,4.38,2.0,2.14,-0.04,0.84,100.0,1.2967,0.0438,2.0467,0.488584
alibaba_j_1000078,Base_Spat_Batch_LWF,15,alibaba_real_dag,5,0,0.175,2.0,Origin_IT-NO,IT-NO,empty,True,50.181,50.181,100.0,-0.52,0.04,0.0,0.27,0.27,0.0,0.08,-0.6,0.04,100.0,1.4092,0.0027,3.375,0.296296
alibaba_j_1000075,Base_Spat_Batch_LWF,15,alibaba_real_dag,3,0,0.0611,2.0,Origin_IT-NO,IT-NO,empty,True,50.181,50.181,100.0,-0.52,0.01,0.0,0.32,0.32,0.0,0.03,-0.55,0.02,100.0,10.4746,0.0032,10.6667,0.09375
alibaba_j_1000037,Base_Spat_Batch_LWF,15,alibaba_real_dag,3,0,0.025,2.0,Origin_IT-NO,IT-NO,empty,True,50.181,50.181,100.0,-0.97,0.01,0.0,0.16,0.16,0.0,0.02,-0.99,0.01,100.0,6.4,0.0016,8.0,0.125
alibaba_j_1000034,Base_Spat_Batch_LWF,15,alibaba_real_dag,3,0,0.0194,2.0,Origin_IT-NO,IT-NO,empty,True,50.181,50.181,100.0,-0.05,0.0,0.0,0.48,0.48,0.0,0.01,-0.06,0.01,100.0,21.6216,0.0048,48.0,0.020833
alibaba_j_1000039,Base_Spat_Batch_LWF,15,alibaba_real_dag,10,0,5.3694,53.69,Origin_IT-SAR,IT-SAR,empty,True,50.1229,50.1229,100.0,3.42,0.57,4.1,0.48,4.58,3.0,3.42,0.0,0.57,100.0,1.6189,0.0458,1.3392,0.746725
alibaba_j_1000038,Base_Spat_Batch_LWF,15,alibaba_real_dag,8,0,4.0417,40.42,Origin_IT-SAR,IT-SAR,empty,True,50.1229,50.1229,100.0,2.09,0.68,3.9,0.48,4.38,2.0,2.14,-0.04,0.84,100.0,1.2967,0.0438,2.0467,0.488584
alibaba_j_1000078,Base_Spat_Batch_LWF,15,alibaba_real_dag,5,0,0.175,2.0,Origin_IT-SAR,IT-SAR,empty,True,50.1229,50.1229,100.0,-0.52,0.04,0.0,0.27,0.27,0.0,0.08,-0.6,0.04,100.0,1.4092,0.0027,3.375,0.296296
alibaba_j_1000075,Base_Spat_Batch_LWF,15,alibaba_real_dag,3,0,0.0611,2.0,Origin_IT-SAR,IT-SAR,empty,True,50.1229,50.1229,100.0,-0.52,0.01,0.0,0.32,0.32,0.0,0.03,-0.55,0.02,100.0,10.4746,0.0032,10.6667,0.09375
alibaba_j_1000037,Base_Spat_Batch_LWF,15,alibaba_real_dag,3,0,0.025,2.0,Origin_IT-SAR,IT-SAR,empty,True,50.1229,50.1229,100.0,-0.97,0.01,0.0,0.16,0.16,0.0,0.02,-0.99,0.01,100.0,6.4,0.0016,8.0,0.125
alibaba_j_1000034,Base_Spat_Batch_LWF,15,alibaba_real_dag,3,0,0.0194,2.0,Origin_IT-SAR,IT-SAR,empty,True,50.1229,50.1229,100.0,-0.05,0.0,0.0,0.48,0.48,0.0,0.01,-0.06,0.01,100.0,21.6216,0.0048,48.0,0.020833
alibaba_j_1000039,Base_Spat_Batch_LWF,15,alibaba_real_dag,10,0,5.3694,53.69,Origin_IT-SIC,IT-SIC,empty,True,50.1409,50.1409,100.0,3.42,0.57,4.1,0.48,4.58,3.0,3.42,0.0,0.57,100.0,1.6189,0.0458,1.3392,0.746725
alibaba_j_1000038,Base_Spat_Batch_LWF,15,alibaba_real_dag,8,0,4.0417,40.42,Origin_IT-SIC,IT-SIC,empty,True,50.1409,50.1409,100.0,2.09,0.68,3.9,0.48,4.38,2.0,2.14,-0.04,0.84,100.0,1.2967,0.0438,2.0467,0.488584
alibaba_j_1000078,Base_Spat_Batch_LWF,15,alibaba_real_dag,5,0,0.175,2.0,Origin_IT-SIC,IT-SIC,empty,True,50.1409,50.1409,100.0,-0.52,0.04,0.0,0.27,0.27,0.0,0.08,-0.6,0.04,100.0,1.4092,0.0027,3.375,0.296296
alibaba_j_1000075,Base_Spat_Batch_LWF,15,alibaba_real_dag,3,0,0.0611,2.0,Origin_IT-SIC,IT-SIC,empty,True,50.1409,50.1409,100.0,-0.52,0.01,0.0,0.32,0.32,0.0,0.03,-0.55,0.02,100.0,10.4746,0.0032,10.6667,0.09375
alibaba_j_1000037,Base_Spat_Batch_LWF,15,alibaba_real_dag,3,0,0.025,2.0,Origin_IT-SIC,IT-SIC,empty,True,50.1409,50.1409,100.0,-0.97,0.01,0.0,0.16,0.16,0.0,0.02,-0.99,0.01,100.0,6.4,0.0016,8.0,0.125
alibaba_j_1000034,Base_Spat_Batch_LWF,15,alibaba_real_dag,3,0,0.0194,2.0,Origin_IT-SIC,IT-SIC,empty,True,50.1409,50.1409,100.0,-0.05,0.0,0.0,0.48,0.48,0.0,0.01,-0.06,0.01,100.0,21.6216,0.0048,48.0,0.020833
alibaba_j_1000039,Base_Spat_Batch_LWF,15,alibaba_real_dag,10,0,5.3694,53.69,Origin_IT-SO,IT-SO,empty,True,50.3077,50.3077,100.0,3.42,0.57,4.1,0.48,4.58,3.0,3.42,0.0,0.57,100.0,1.6189,0.0458,1.3392,0.746725
alibaba_j_1000038,Base_Spat_Batch_LWF,15,alibaba_real_dag,8,0,4.0417,40.42,Origin_IT-SO,IT-SO,empty,True,50.3077,50.3077,100.0,2.09,0.68,3.9,0.48,4.38,2.0,2.14,-0.04,0.84,100.0,1.2967,0.0438,2.0467,0.488584
alibaba_j_1000078,Base_Spat_Batch_LWF,15,alibaba_real_dag,5,0,0.175,2.0,Origin_IT-SO,IT-SO,empty,True,50.3077,50.3077,100.0,-0.52,0.04,0.0,0.27,0.27,0.0,0.08,-0.6,0.04,100.0,1.4092,0.0027,3.375,0.296296
alibaba_j_1000075,Base_Spat_Batch_LWF,15,alibaba_real_dag,3,0,0.0611,2.0,Origin_IT-SO,IT-SO,empty,True,50.3077,50.3077,100.0,-0.52,0.01,0.0,0.32,0.32,0.0,0.03,-0.55,0.02,100.0,10.4746,0.0032,10.6667,0.09375
alibaba_j_1000037,Base_Spat_Batch_LWF,15,alibaba_real_dag,3,0,0.025,2.0,Origin_IT-SO,IT-SO,empty,True,50.3077,50.3077,100.0,-0.97,0.01,0.0,0.16,0.16,0.0,0.02,-0.99,0.01,100.0,6.4,0.0016,8.0,0.125
alibaba_j_1000034,Base_Spat_Batch_LWF,15,alibaba_real_dag,3,0,0.0194,2.0,Origin_IT-SO,IT-SO,empty,True,50.3077,50.3077,100.0,-0.05,0.0,0.0,0.48,0.48,0.0,0.01,-0.06,0.01,100.0,21.6216,0.0048,48.0,0.020833
alibaba_j_1000039,Base_Spat_Batch_LWF,15,alibaba_real_dag,10,0,5.3694,53.69,Origin_JP-KN,JP-KN,empty,True,50.1481,50.1481,100.0,3.42,0.57,4.1,0.48,4.58,3.0,3.42,0.0,0.57,100.0,1.6189,0.0458,1.3392,0.746725
alibaba_j_1000038,Base_Spat_Batch_LWF,15,alibaba_real_dag,8,0,4.0417,40.42,Origin_JP-KN,JP-KN,empty,True,50.1481,50.1481,100.0,2.09,0.68,3.9,0.48,4.38,2.0,2.14,-0.04,0.84,100.0,1.2967,0.0438,2.0467,0.488584
alibaba_j_1000078,Base_Spat_Batch_LWF,15,alibaba_real_dag,5,0,0.175,2.0,Origin_JP-KN,JP-KN,empty,True,50.1481,50.1481,100.0,-0.52,0.04,0.0,0.27,0.27,0.0,0.08,-0.6,0.04,100.0,1.4092,0.0027,3.375,0.296296
alibaba_j_1000075,Base_Spat_Batch_LWF,15,alibaba_real_dag,3,0,0.0611,2.0,Origin_JP-KN,JP-KN,empty,True,50.1481,50.1481,100.0,-0.52,0.01,0.0,0.32,0.32,0.0,0.03,-0.55,0.02,100.0,10.4746,0.0032,10.6667,0.09375
alibaba_j_1000037,Base_Spat_Batch_LWF,15,alibaba_real_dag,3,0,0.025,2.0,Origin_JP-KN,JP-KN,empty,True,50.1481,50.1481,100.0,-0.97,0.01,0.0,0.16,0.16,0.0,0.02,-0.99,0.01,100.0,6.4,0.0016,8.0,0.125
alibaba_j_1000034,Base_Spat_Batch_LWF,15,alibaba_real_dag,3,0,0.0194,2.0,Origin_JP-KN,JP-KN,empty,True,50.1481,50.1481,100.0,-0.05,0.0,0.0,0.48,0.48,0.0,0.01,-0.06,0.01,100.0,21.6216,0.0048,48.0,0.020833
alibaba_j_1000039,Base_Spat_Batch_LWF,15,alibaba_real_dag,10,0,5.3694,53.69,Origin_JP-TK,JP-TK,empty,True,50.1442,50.1442,100.0,3.42,0.57,4.1,0.48,4.58,3.0,3.42,0.0,0.57,100.0,1.6189,0.0458,1.3392,0.746725
alibaba_j_1000038,Base_Spat_Batch_LWF,15,alibaba_real_dag,8,0,4.0417,40.42,Origin_JP-TK,JP-TK,empty,True,50.1442,50.1442,100.0,2.09,0.68,3.9,0.48,4.38,2.0,2.14,-0.04,0.84,100.0,1.2967,0.0438,2.0467,0.488584
alibaba_j_1000078,Base_Spat_Batch_LWF,15,alibaba_real_dag,5,0,0.175,2.0,Origin_JP-TK,JP-TK,empty,True,50.1442,50.1442,100.0,-0.52,0.04,0.0,0.27,0.27,0.0,0.08,-0.6,0.04,100.0,1.4092,0.0027,3.375,0.296296
alibaba_j_1000075,Base_Spat_Batch_LWF,15,alibaba_real_dag,3,0,0.0611,2.0,Origin_JP-TK,JP-TK,empty,True,50.1442,50.1442,100.0,-0.52,0.01,0.0,0.32,0.32,0.0,0.03,-0.55,0.02,100.0,10.4746,0.0032,10.6667,0.09375
alibaba_j_1000037,Base_Spat_Batch_LWF,15,alibaba_real_dag,3,0,0.025,2.0,Origin_JP-TK,JP-TK,empty,True,50.1442,50.1442,100.0,-0.97,0.01,0.0,0.16,0.16,0.0,0.02,-0.99,0.01,100.0,6.4,0.0016,8.0,0.125
alibaba_j_1000034,Base_Spat_Batch_LWF,15,alibaba_real_dag,3,0,0.0194,2.0,Origin_JP-TK,JP-TK,empty,True,50.1442,50.1442,100.0,-0.05,0.0,0.0,0.48,0.48,0.0,0.01,-0.06,0.01,100.0,21.6216,0.0048,48.0,0.020833
alibaba_j_1000039,Base_Spat_Batch_LWF,15,alibaba_real_dag,10,0,5.3694,53.69,Origin_KR,KR,empty,True,50.216,50.216,100.0,3.42,0.57,4.1,0.48,4.58,3.0,3.42,0.0,0.57,100.0,1.6189,0.0458,1.3392,0.746725
alibaba_j_1000038,Base_Spat_Batch_LWF,15,alibaba_real_dag,8,0,4.0417,40.42,Origin_KR,KR,empty,True,50.216,50.216,100.0,2.09,0.68,3.9,0.48,4.38,2.0,2.14,-0.04,0.84,100.0,1.2967,0.0438,2.0467,0.488584
alibaba_j_1000078,Base_Spat_Batch_LWF,15,alibaba_real_dag,5,0,0.175,2.0,Origin_KR,KR,empty,True,50.216,50.216,100.0,-0.52,0.04,0.0,0.27,0.27,0.0,0.08,-0.6,0.04,100.0,1.4092,0.0027,3.375,0.296296
alibaba_j_1000075,Base_Spat_Batch_LWF,15,alibaba_real_dag,3,0,0.0611,2.0,Origin_KR,KR,empty,True,50.216,50.216,100.0,-0.52,0.01,0.0,0.32,0.32,0.0,0.03,-0.55,0.02,100.0,10.4746,0.0032,10.6667,0.09375
alibaba_j_1000037,Base_Spat_Batch_LWF,15,alibaba_real_dag,3,0,0.025,2.0,Origin_KR,KR,empty,True,50.216,50.216,100.0,-0.97,0.01,0.0,0.16,0.16,0.0,0.02,-0.99,0.01,100.0,6.4,0.0016,8.0,0.125
alibaba_j_1000034,Base_Spat_Batch_LWF,15,alibaba_real_dag,3,0,0.0194,2.0,Origin_KR,KR,empty,True,50.216,50.216,100.0,-0.05,0.0,0.0,0.48,0.48,0.0,0.01,-0.06,0.01,100.0,21.6216,0.0048,48.0,0.020833
alibaba_j_1000039,Base_Spat_Batch_LWF,15,alibaba_real_dag,10,0,5.3694,53.69,Origin_LT,LT,empty,True,49.907,49.907,100.0,3.42,0.57,4.1,0.48,4.58,3.0,3.42,0.0,0.57,100.0,1.6189,0.0458,1.3392,0.746725
alibaba_j_1000038,Base_Spat_Batch_LWF,15,alibaba_real_dag,8,0,4.0417,40.42,Origin_LT,LT,empty,True,49.907,49.907,100.0,2.09,0.68,3.9,0.48,4.38,2.0,2.14,-0.04,0.84,100.0,1.2967,0.0438,2.0467,0.488584
alibaba_j_1000078,Base_Spat_Batch_LWF,15,alibaba_real_dag,5,0,0.175,2.0,Origin_LT,LT,empty,True,49.907,49.907,100.0,-0.52,0.04,0.0,0.27,0.27,0.0,0.08,-0.6,0.04,100.0,1.4092,0.0027,3.375,0.296296
alibaba_j_1000075,Base_Spat_Batch_LWF,15,alibaba_real_dag,3,0,0.0611,2.0,Origin_LT,LT,empty,True,49.907,49.907,100.0,-0.52,0.01,0.0,0.32,0.32,0.0,0.03,-0.55,0.02,100.0,10.4746,0.0032,10.6667,0.09375
alibaba_j_1000037,Base_Spat_Batch_LWF,15,alibaba_real_dag,3,0,0.025,2.0,Origin_LT,LT,empty,True,49.907,49.907,100.0,-0.97,0.01,0.0,0.16,0.16,0.0,0.02,-0.99,0.01,100.0,6.4,0.0016,8.0,0.125
alibaba_j_1000034,Base_Spat_Batch_LWF,15,alibaba_real_dag,3,0,0.0194,2.0,Origin_LT,LT,empty,True,49.907,49.907,100.0,-0.05,0.0,0.0,0.47,0.47,0.0,0.01,-0.06,0.01,100.0,21.1712,0.0047,47.0,0.021277
alibaba_j_1000039,Base_Spat_Batch_LWF,15,alibaba_real_dag,10,0,5.3694,53.69,Origin_LU,LU,empty,True,49.9341,49.9341,100.0,3.42,0.57,4.1,0.48,4.58,3.0,3.42,0.0,0.57,100.0,1.6189,0.0458,1.3392,0.746725
alibaba_j_1000038,Base_Spat_Batch_LWF,15,alibaba_real_dag,8,0,4.0417,40.42,Origin_LU,LU,empty,True,49.9341,49.9341,100.0,2.09,0.68,3.9,0.48,4.38,2.0,2.14,-0.04,0.84,100.0,1.2967,0.0438,2.0467,0.488584
alibaba_j_1000078,Base_Spat_Batch_LWF,15,alibaba_real_dag,5,0,0.175,2.0,Origin_LU,LU,empty,True,49.9341,49.9341,100.0,-0.52,0.04,0.0,0.27,0.27,0.0,0.08,-0.6,0.04,100.0,1.4092,0.0027,3.375,0.296296
alibaba_j_1000075,Base_Spat_Batch_LWF,15,alibaba_real_dag,3,0,0.0611,2.0,Origin_LU,LU,empty,True,49.9341,49.9341,100.0,-0.52,0.01,0.0,0.32,0.32,0.0,0.03,-0.55,0.02,100.0,10.4746,0.0032,10.6667,0.09375
alibaba_j_1000037,Base_Spat_Batch_LWF,15,alibaba_real_dag,3,0,0.025,2.0,Origin_LU,LU,empty,True,49.9341,49.9341,100.0,-0.97,0.01,0.0,0.16,0.16,0.0,0.02,-0.99,0.01,100.0,6.4,0.0016,8.0,0.125
alibaba_j_1000034,Base_Spat_Batch_LWF,15,alibaba_real_dag,3,0,0.0194,2.0,Origin_LU,LU,empty,True,49.9341,49.9341,100.0,-0.05,0.0,0.0,0.48,0.48,0.0,0.01,-0.06,0.01,100.0,21.6216,0.0048,48.0,0.020833
alibaba_j_1000039,Base_Spat_Batch_LWF,15,alibaba_real_dag,10,0,5.3694,53.69,Origin_LV,LV,empty,True,49.8987,49.8987,100.0,3.42,0.57,4.1,0.48,4.58,3.0,3.42,0.0,0.57,100.0,1.6189,0.0458,1.3392,0.746725
alibaba_j_1000038,Base_Spat_Batch_LWF,15,alibaba_real_dag,8,0,4.0417,40.42,Origin_LV,LV,empty,True,49.8987,49.8987,100.0,2.09,0.68,3.9,0.48,4.38,2.0,2.14,-0.04,0.84,100.0,1.2967,0.0438,2.0467,0.488584
alibaba_j_1000078,Base_Spat_Batch_LWF,15,alibaba_real_dag,5,0,0.175,2.0,Origin_LV,LV,empty,True,49.8987,49.8987,100.0,-0.52,0.04,0.0,0.27,0.27,0.0,0.08,-0.6,0.04,100.0,1.4092,0.0027,3.375,0.296296
alibaba_j_1000075,Base_Spat_Batch_LWF,15,alibaba_real_dag,3,0,0.0611,2.0,Origin_LV,LV,empty,True,49.8987,49.8987,100.0,-0.52,0.01,0.0,0.16,0.16,0.0,0.03,-0.55,0.02,100.0,5.2373,0.0016,5.3333,0.1875
alibaba_j_1000037,Base_Spat_Batch_LWF,15,alibaba_real_dag,3,0,0.025,2.0,Origin_LV,LV,empty,True,49.8987,49.8987,100.0,-0.97,0.01,0.0,0.16,0.16,0.0,0.02,-0.99,0.01,100.0,6.4,0.0016,8.0,0.125
alibaba_j_1000034,Base_Spat_Batch_LWF,15,alibaba_real_dag,3,0,0.0194,2.0,Origin_LV,LV,empty,True,49.8987,49.8987,100.0,-0.05,0.0,0.0,0.48,0.48,0.0,0.01,-0.06,0.01,100.0,21.6216,0.0048,48.0,0.020833
alibaba_j_1000039,Base_Spat_Batch_LWF,15,alibaba_real_dag,10,0,5.3694,53.69,Origin_NL,NL,empty,True,49.969,49.969,100.0,3.42,0.57,4.1,0.48,4.58,3.0,3.42,0.0,0.57,100.0,1.6189,0.0458,1.3392,0.746725
alibaba_j_1000038,Base_Spat_Batch_LWF,15,alibaba_real_dag,8,0,4.0417,40.42,Origin_NL,NL,empty,True,49.969,49.969,100.0,2.09,0.68,3.9,0.48,4.38,2.0,2.14,-0.04,0.84,100.0,1.2967,0.0438,2.0467,0.488584
alibaba_j_1000078,Base_Spat_Batch_LWF,15,alibaba_real_dag,5,0,0.175,2.0,Origin_NL,NL,empty,True,49.969,49.969,100.0,-0.52,0.04,0.0,0.27,0.27,0.0,0.08,-0.6,0.04,100.0,1.4092,0.0027,3.375,0.296296
alibaba_j_1000075,Base_Spat_Batch_LWF,15,alibaba_real_dag,3,0,0.0611,2.0,Origin_NL,NL,empty,True,49.969,49.969,100.0,-0.52,0.01,0.0,0.32,0.32,0.0,0.03,-0.55,0.02,100.0,10.4746,0.0032,10.6667,0.09375
alibaba_j_1000037,Base_Spat_Batch_LWF,15,alibaba_real_dag,3,0,0.025,2.0,Origin_NL,NL,empty,True,49.969,49.969,100.0,-0.97,0.01,0.0,0.16,0.16,0.0,0.02,-0.99,0.01,100.0,6.4,0.0016,8.0,0.125
alibaba_j_1000034,Base_Spat_Batch_LWF,15,alibaba_real_dag,3,0,0.0194,2.0,Origin_NL,NL,empty,True,49.969,49.969,100.0,-0.05,0.0,0.0,0.48,0.48,0.0,0.01,-0.06,0.01,100.0,21.6216,0.0048,48.0,0.020833
alibaba_j_1000039,Base_Spat_Batch_LWF,15,alibaba_real_dag,10,0,5.3694,53.69,Origin_NO-NO1,NO-NO1,empty,True,50.0349,50.0349,100.0,3.42,0.57,4.1,0.38,4.48,3.0,3.42,0.0,0.57,100.0,1.5835,0.0448,1.3099,0.763393
alibaba_j_1000038,Base_Spat_Batch_LWF,15,alibaba_real_dag,8,0,4.0417,40.42,Origin_NO-NO1,NO-NO1,empty,True,50.0349,50.0349,100.0,2.09,0.68,3.9,0.48,4.38,2.0,2.14,-0.04,0.84,100.0,1.2967,0.0438,2.0467,0.488584
alibaba_j_1000078,Base_Spat_Batch_LWF,15,alibaba_real_dag,5,0,0.175,2.0,Origin_NO-NO1,NO-NO1,empty,True,50.0349,50.0349,100.0,-0.52,0.04,0.0,0.27,0.27,0.0,0.08,-0.6,0.04,100.0,1.4092,0.0027,3.375,0.296296
alibaba_j_1000075,Base_Spat_Batch_LWF,15,alibaba_real_dag,3,0,0.0611,2.0,Origin_NO-NO1,NO-NO1,empty,True,50.0349,50.0349,100.0,-0.52,0.01,0.0,0.0,0.0,0.0,0.03,-0.55,0.02,100.0,0.0,0.0,0.0,0.0
alibaba_j_1000037,Base_Spat_Batch_LWF,15,alibaba_real_dag,3,0,0.025,2.0,Origin_NO-NO1,NO-NO1,empty,True,50.0349,50.0349,100.0,-0.97,0.01,0.0,0.16,0.16,0.0,0.02,-0.99,0.01,100.0,6.4,0.0016,8.0,0.125
alibaba_j_1000034,Base_Spat_Batch_LWF,15,alibaba_real_dag,3,0,0.0194,2.0,Origin_NO-NO1,NO-NO1,empty,True,50.0349,50.0349,100.0,-0.05,0.0,0.0,0.0,0.0,0.0,0.01,-0.06,0.01,100.0,0.0,0.0,0.0,0.0
alibaba_j_1000039,Base_Spat_Batch_LWF,15,alibaba_real_dag,10,0,5.3694,53.69,Origin_NO-NO2,NO-NO2,empty,True,49.92,49.92,100.0,3.42,0.57,4.1,0.48,4.58,3.0,3.42,0.0,0.57,100.0,1.6189,0.0458,1.3392,0.746725
alibaba_j_1000038,Base_Spat_Batch_LWF,15,alibaba_real_dag,8,0,4.0417,40.42,Origin_NO-NO2,NO-NO2,empty,True,49.92,49.92,100.0,2.09,0.68,3.9,0.48,4.38,2.0,2.14,-0.04,0.84,100.0,1.2967,0.0438,2.0467,0.488584
alibaba_j_1000078,Base_Spat_Batch_LWF,15,alibaba_real_dag,5,0,0.175,2.0,Origin_NO-NO2,NO-NO2,empty,True,49.92,49.92,100.0,-0.52,0.04,0.0,0.27,0.27,0.0,0.08,-0.6,0.04,100.0,1.4092,0.0027,3.375,0.296296
alibaba_j_1000075,Base_Spat_Batch_LWF,15,alibaba_real_dag,3,0,0.0611,2.0,Origin_NO-NO2,NO-NO2,empty,True,49.92,49.92,100.0,-0.52,0.01,0.0,0.0,0.0,0.0,0.03,-0.55,0.02,100.0,0.0,0.0,0.0,0.0
alibaba_j_1000037,Base_Spat_Batch_LWF,15,alibaba_real_dag,3,0,0.025,2.0,Origin_NO-NO2,NO-NO2,empty,True,49.92,49.92,100.0,-0.97,0.01,0.0,0.16,0.16,0.0,0.02,-0.99,0.01,100.0,6.4,0.0016,8.0,0.125
alibaba_j_1000034,Base_Spat_Batch_LWF,15,alibaba_real_dag,3,0,0.0194,2.0,Origin_NO-NO2,NO-NO2,empty,True,49.92,49.92,100.0,-0.05,0.0,0.0,0.0,0.0,0.0,0.01,-0.06,0.01,100.0,0.0,0.0,0.0,0.0
alibaba_j_1000039,Base_Spat_Batch_LWF,15,alibaba_real_dag,10,0,5.3694,53.69,Origin_NO-NO3,NO-NO3,empty,True,49.9129,49.9129,100.0,3.42,0.57,4.1,0.48,4.58,3.0,3.42,0.0,0.57,100.0,1.6189,0.0458,1.3392,0.746725
alibaba_j_1000038,Base_Spat_Batch_LWF,15,alibaba_real_dag,8,0,4.0417,40.42,Origin_NO-NO3,NO-NO3,empty,True,49.9129,49.9129,100.0,2.09,0.68,3.9,0.48,4.38,2.0,2.14,-0.04,0.84,100.0,1.2967,0.0438,2.0467,0.488584
alibaba_j_1000078,Base_Spat_Batch_LWF,15,alibaba_real_dag,5,0,0.175,2.0,Origin_NO-NO3,NO-NO3,empty,True,49.9129,49.9129,100.0,-0.52,0.04,0.0,0.27,0.27,0.0,0.08,-0.6,0.04,100.0,1.4092,0.0027,3.375,0.296296
alibaba_j_1000075,Base_Spat_Batch_LWF,15,alibaba_real_dag,3,0,0.0611,2.0,Origin_NO-NO3,NO-NO3,empty,True,49.9129,49.9129,100.0,-0.52,0.01,0.0,0.16,0.16,0.0,0.03,-0.55,0.02,100.0,5.2373,0.0016,5.3333,0.1875
alibaba_j_1000037,Base_Spat_Batch_LWF,15,alibaba_real_dag,3,0,0.025,2.0,Origin_NO-NO3,NO-NO3,empty,True,49.9129,49.9129,100.0,-0.97,0.01,0.0,0.16,0.16,0.0,0.02,-0.99,0.01,100.0,6.4,0.0016,8.0,0.125
alibaba_j_1000034,Base_Spat_Batch_LWF,15,alibaba_real_dag,3,0,0.0194,2.0,Origin_NO-NO3,NO-NO3,empty,True,49.9129,49.9129,100.0,-0.05,0.0,0.0,0.0,0.0,0.0,0.01,-0.06,0.01,100.0,0.0,0.0,0.0,0.0
alibaba_j_1000039,Base_Spat_Batch_LWF,15,alibaba_real_dag,10,0,5.3694,53.69,Origin_NO-NO4,NO-NO4,empty,True,49.9184,49.9184,100.0,3.42,0.57,4.1,0.48,4.58,3.0,3.42,0.0,0.57,100.0,1.6189,0.0458,1.3392,0.746725
alibaba_j_1000038,Base_Spat_Batch_LWF,15,alibaba_real_dag,8,0,4.0417,40.42,Origin_NO-NO4,NO-NO4,empty,True,49.9184,49.9184,100.0,2.09,0.68,3.9,0.48,4.38,2.0,2.14,-0.04,0.84,100.0,1.2967,0.0438,2.0467,0.488584
alibaba_j_1000078,Base_Spat_Batch_LWF,15,alibaba_real_dag,5,0,0.175,2.0,Origin_NO-NO4,NO-NO4,empty,True,49.9184,49.9184,100.0,-0.52,0.04,0.0,0.27,0.27,0.0,0.08,-0.6,0.04,100.0,1.4092,0.0027,3.375,0.296296
alibaba_j_1000075,Base_Spat_Batch_LWF,15,alibaba_real_dag,3,0,0.0611,2.0,Origin_NO-NO4,NO-NO4,empty,True,49.9184,49.9184,100.0,-0.52,0.01,0.0,0.16,0.16,0.0,0.03,-0.55,0.02,100.0,5.2373,0.0016,5.3333,0.1875
alibaba_j_1000037,Base_Spat_Batch_LWF,15,alibaba_real_dag,3,0,0.025,2.0,Origin_NO-NO4,NO-NO4,empty,True,49.9184,49.9184,100.0,-0.97,0.01,0.0,0.16,0.16,0.0,0.02,-0.99,0.01,100.0,6.4,0.0016,8.0,0.125
alibaba_j_1000034,Base_Spat_Batch_LWF,15,alibaba_real_dag,3,0,0.0194,2.0,Origin_NO-NO4,NO-NO4,empty,True,49.9184,49.9184,100.0,-0.05,0.0,0.0,0.16,0.16,0.0,0.01,-0.06,0.01,100.0,7.2072,0.0016,16.0,0.0625
alibaba_j_1000039,Base_Spat_Batch_LWF,15,alibaba_real_dag,10,0,5.3694,53.69,Origin_NO-NO5,NO-NO5,empty,True,49.8551,49.8551,100.0,3.42,0.57,4.1,0.48,4.58,3.0,3.42,0.0,0.57,100.0,1.6189,0.0458,1.3392,0.746725
alibaba_j_1000038,Base_Spat_Batch_LWF,15,alibaba_real_dag,8,0,4.0417,40.42,Origin_NO-NO5,NO-NO5,empty,True,49.8551,49.8551,100.0,2.09,0.68,3.9,0.48,4.38,2.0,2.14,-0.04,0.84,100.0,1.2967,0.0438,2.0467,0.488584
alibaba_j_1000078,Base_Spat_Batch_LWF,15,alibaba_real_dag,5,0,0.175,2.0,Origin_NO-NO5,NO-NO5,empty,True,49.8551,49.8551,100.0,-0.52,0.04,0.0,0.27,0.27,0.0,0.08,-0.6,0.04,100.0,1.4092,0.0027,3.375,0.296296
alibaba_j_1000075,Base_Spat_Batch_LWF,15,alibaba_real_dag,3,0,0.0611,2.0,Origin_NO-NO5,NO-NO5,empty,True,49.8551,49.8551,100.0,-0.52,0.01,0.0,0.0,0.0,0.0,0.03,-0.55,0.02,100.0,0.0,0.0,0.0,0.0
alibaba_j_1000037,Base_Spat_Batch_LWF,15,alibaba_real_dag,3,0,0.025,2.0,Origin_NO-NO5,NO-NO5,empty,True,49.8551,49.8551,100.0,-0.97,0.01,0.0,0.16,0.16,0.0,0.02,-0.99,0.01,100.0,6.4,0.0016,8.0,0.125
alibaba_j_1000034,Base_Spat_Batch_LWF,15,alibaba_real_dag,3,0,0.0194,2.0,Origin_NO-NO5,NO-NO5,empty,True,49.8551,49.8551,100.0,-0.05,0.0,0.0,0.0,0.0,0.0,0.01,-0.06,0.01,100.0,0.0,0.0,0.0,0.0
alibaba_j_1000039,Base_Spat_Batch_LWF,15,alibaba_real_dag,10,0,5.3694,53.69,Origin_NZ,NZ,empty,True,50.0325,50.0325,100.0,3.42,0.57,4.1,0.48,4.58,3.0,3.42,0.0,0.57,100.0,1.6189,0.0458,1.3392,0.746725
alibaba_j_1000038,Base_Spat_Batch_LWF,15,alibaba_real_dag,8,0,4.0417,40.42,Origin_NZ,NZ,empty,True,50.0325,50.0325,100.0,2.09,0.68,3.9,0.48,4.38,2.0,2.14,-0.04,0.84,100.0,1.2967,0.0438,2.0467,0.488584
alibaba_j_1000078,Base_Spat_Batch_LWF,15,alibaba_real_dag,5,0,0.175,2.0,Origin_NZ,NZ,empty,True,50.0325,50.0325,100.0,-0.52,0.04,0.0,0.27,0.27,0.0,0.08,-0.6,0.04,100.0,1.4092,0.0027,3.375,0.296296
alibaba_j_1000075,Base_Spat_Batch_LWF,15,alibaba_real_dag,3,0,0.0611,2.0,Origin_NZ,NZ,empty,True,50.0325,50.0325,100.0,-0.52,0.01,0.0,0.32,0.32,0.0,0.03,-0.55,0.02,100.0,10.4746,0.0032,10.6667,0.09375
alibaba_j_1000037,Base_Spat_Batch_LWF,15,alibaba_real_dag,3,0,0.025,2.0,Origin_NZ,NZ,empty,True,50.0325,50.0325,100.0,-0.97,0.01,0.0,0.16,0.16,0.0,0.02,-0.99,0.01,100.0,6.4,0.0016,8.0,0.125
alibaba_j_1000034,Base_Spat_Batch_LWF,15,alibaba_real_dag,3,0,0.0194,2.0,Origin_NZ,NZ,empty,True,50.0325,50.0325,100.0,-0.05,0.0,0.0,0.48,0.48,0.0,0.01,-0.06,0.01,100.0,21.6216,0.0048,48.0,0.020833
alibaba_j_1000039,Base_Spat_Batch_LWF,15,alibaba_real_dag,10,0,5.3694,53.69,Origin_PA,PA,empty,True,49.9135,49.9135,100.0,3.42,0.57,4.1,0.48,4.58,3.0,3.42,0.0,0.57,100.0,1.6189,0.0458,1.3392,0.746725
alibaba_j_1000038,Base_Spat_Batch_LWF,15,alibaba_real_dag,8,0,4.0417,40.42,Origin_PA,PA,empty,True,49.9135,49.9135,100.0,2.09,0.68,3.9,0.48,4.38,2.0,2.14,-0.04,0.84,100.0,1.2967,0.0438,2.0467,0.488584
alibaba_j_1000078,Base_Spat_Batch_LWF,15,alibaba_real_dag,5,0,0.175,2.0,Origin_PA,PA,empty,True,49.9135,49.9135,100.0,-0.52,0.04,0.0,0.27,0.27,0.0,0.08,-0.6,0.04,100.0,1.4092,0.0027,3.375,0.296296
alibaba_j_1000075,Base_Spat_Batch_LWF,15,alibaba_real_dag,3,0,0.0611,2.0,Origin_PA,PA,empty,True,49.9135,49.9135,100.0,-0.52,0.01,0.0,0.32,0.32,0.0,0.03,-0.55,0.02,100.0,10.4746,0.0032,10.6667,0.09375
alibaba_j_1000037,Base_Spat_Batch_LWF,15,alibaba_real_dag,3,0,0.025,2.0,Origin_PA,PA,empty,True,49.9135,49.9135,100.0,-0.97,0.01,0.0,0.16,0.16,0.0,0.02,-0.99,0.01,100.0,6.4,0.0016,8.0,0.125
alibaba_j_1000034,Base_Spat_Batch_LWF,15,alibaba_real_dag,3,0,0.0194,2.0,Origin_PA,PA,empty,True,49.9135,49.9135,100.0,-0.05,0.0,0.0,0.48,0.48,0.0,0.01,-0.06,0.01,100.0,21.6216,0.0048,48.0,0.020833
alibaba_j_1000039,Base_Spat_Batch_LWF,15,alibaba_real_dag,10,0,5.3694,53.69,Origin_PE,PE,empty,True,49.9642,49.9642,100.0,3.42,0.57,4.1,0.48,4.58,3.0,3.42,0.0,0.57,100.0,1.6189,0.0458,1.3392,0.746725
alibaba_j_1000038,Base_Spat_Batch_LWF,15,alibaba_real_dag,8,0,4.0417,40.42,Origin_PE,PE,empty,True,49.9642,49.9642,100.0,2.09,0.68,3.9,0.48,4.38,2.0,2.14,-0.04,0.84,100.0,1.2967,0.0438,2.0467,0.488584
alibaba_j_1000078,Base_Spat_Batch_LWF,15,alibaba_real_dag,5,0,0.175,2.0,Origin_PE,PE,empty,True,49.9642,49.9642,100.0,-0.52,0.04,0.0,0.27,0.27,0.0,0.08,-0.6,0.04,100.0,1.4092,0.0027,3.375,0.296296
alibaba_j_1000075,Base_Spat_Batch_LWF,15,alibaba_real_dag,3,0,0.0611,2.0,Origin_PE,PE,empty,True,49.9642,49.9642,100.0,-0.52,0.01,0.0,0.32,0.32,0.0,0.03,-0.55,0.02,100.0,10.4746,0.0032,10.6667,0.09375
alibaba_j_1000037,Base_Spat_Batch_LWF,15,alibaba_real_dag,3,0,0.025,2.0,Origin_PE,PE,empty,True,49.9642,49.9642,100.0,-0.97,0.01,0.0,0.16,0.16,0.0,0.02,-0.99,0.01,100.0,6.4,0.0016,8.0,0.125
alibaba_j_1000034,Base_Spat_Batch_LWF,15,alibaba_real_dag,3,0,0.0194,2.0,Origin_PE,PE,empty,True,49.9642,49.9642,100.0,-0.05,0.0,0.0,0.48,0.48,0.0,0.01,-0.06,0.01,100.0,21.6216,0.0048,48.0,0.020833
alibaba_j_1000039,Base_Spat_Batch_LWF,15,alibaba_real_dag,10,0,5.3694,53.69,Origin_PL,PL,empty,True,49.9401,49.9401,100.0,3.42,0.57,4.1,0.48,4.58,3.0,3.42,0.0,0.57,100.0,1.6189,0.0458,1.3392,0.746725
alibaba_j_1000038,Base_Spat_Batch_LWF,15,alibaba_real_dag,8,0,4.0417,40.42,Origin_PL,PL,empty,True,49.9401,49.9401,100.0,2.09,0.68,3.9,0.48,4.38,2.0,2.14,-0.04,0.84,100.0,1.2967,0.0438,2.0467,0.488584
alibaba_j_1000078,Base_Spat_Batch_LWF,15,alibaba_real_dag,5,0,0.175,2.0,Origin_PL,PL,empty,True,49.9401,49.9401,100.0,-0.52,0.04,0.0,0.27,0.27,0.0,0.08,-0.6,0.04,100.0,1.4092,0.0027,3.375,0.296296
alibaba_j_1000075,Base_Spat_Batch_LWF,15,alibaba_real_dag,3,0,0.0611,2.0,Origin_PL,PL,empty,True,49.9401,49.9401,100.0,-0.52,0.01,0.0,0.32,0.32,0.0,0.03,-0.55,0.02,100.0,10.4746,0.0032,10.6667,0.09375
alibaba_j_1000037,Base_Spat_Batch_LWF,15,alibaba_real_dag,3,0,0.025,2.0,Origin_PL,PL,empty,True,49.9401,49.9401,100.0,-0.97,0.01,0.0,0.16,0.16,0.0,0.02,-0.99,0.01,100.0,6.4,0.0016,8.0,0.125
alibaba_j_1000034,Base_Spat_Batch_LWF,15,alibaba_real_dag,3,0,0.0194,2.0,Origin_PL,PL,empty,True,49.9401,49.9401,100.0,-0.05,0.0,0.0,0.48,0.48,0.0,0.01,-0.06,0.01,100.0,21.6216,0.0048,48.0,0.020833
alibaba_j_1000039,Base_Spat_Batch_LWF,15,alibaba_real_dag,10,0,5.3694,53.69,Origin_PT,PT,empty,True,49.9269,49.9269,100.0,3.42,0.57,4.1,0.48,4.58,3.0,3.42,0.0,0.57,100.0,1.6189,0.0458,1.3392,0.746725
alibaba_j_1000038,Base_Spat_Batch_LWF,15,alibaba_real_dag,8,0,4.0417,40.42,Origin_PT,PT,empty,True,49.9269,49.9269,100.0,2.09,0.68,3.9,0.48,4.38,2.0,2.14,-0.04,0.84,100.0,1.2967,0.0438,2.0467,0.488584
alibaba_j_1000078,Base_Spat_Batch_LWF,15,alibaba_real_dag,5,0,0.175,2.0,Origin_PT,PT,empty,True,49.9269,49.9269,100.0,-0.52,0.04,0.0,0.27,0.27,0.0,0.08,-0.6,0.04,100.0,1.4092,0.0027,3.375,0.296296
alibaba_j_1000075,Base_Spat_Batch_LWF,15,alibaba_real_dag,3,0,0.0611,2.0,Origin_PT,PT,empty,True,49.9269,49.9269,100.0,-0.52,0.01,0.0,0.32,0.32,0.0,0.03,-0.55,0.02,100.0,10.4746,0.0032,10.6667,0.09375
alibaba_j_1000037,Base_Spat_Batch_LWF,15,alibaba_real_dag,3,0,0.025,2.0,Origin_PT,PT,empty,True,49.9269,49.9269,100.0,-0.97,0.01,0.0,0.16,0.16,0.0,0.02,-0.99,0.01,100.0,6.4,0.0016,8.0,0.125
alibaba_j_1000034,Base_Spat_Batch_LWF,15,alibaba_real_dag,3,0,0.0194,2.0,Origin_PT,PT,empty,True,49.9269,49.9269,100.0,-0.05,0.0,0.0,0.48,0.48,0.0,0.01,-0.06,0.01,100.0,21.6216,0.0048,48.0,0.020833
alibaba_j_1000039,Base_Spat_Batch_LWF,15,alibaba_real_dag,10,0,5.3694,53.69,Origin_RO,RO,empty,True,49.9949,49.9949,100.0,3.42,0.57,4.1,0.48,4.58,3.0,3.42,0.0,0.57,100.0,1.6189,0.0458,1.3392,0.746725
alibaba_j_1000038,Base_Spat_Batch_LWF,15,alibaba_real_dag,8,0,4.0417,40.42,Origin_RO,RO,empty,True,49.9949,49.9949,100.0,2.09,0.68,3.9,0.48,4.38,2.0,2.14,-0.04,0.84,100.0,1.2967,0.0438,2.0467,0.488584
alibaba_j_1000078,Base_Spat_Batch_LWF,15,alibaba_real_dag,5,0,0.175,2.0,Origin_RO,RO,empty,True,49.9949,49.9949,100.0,-0.52,0.04,0.0,0.27,0.27,0.0,0.08,-0.6,0.04,100.0,1.4092,0.0027,3.375,0.296296
alibaba_j_1000075,Base_Spat_Batch_LWF,15,alibaba_real_dag,3,0,0.0611,2.0,Origin_RO,RO,empty,True,49.9949,49.9949,100.0,-0.52,0.01,0.0,0.32,0.32,0.0,0.03,-0.55,0.02,100.0,10.4746,0.0032,10.6667,0.09375
alibaba_j_1000037,Base_Spat_Batch_LWF,15,alibaba_real_dag,3,0,0.025,2.0,Origin_RO,RO,empty,True,49.9949,49.9949,100.0,-0.97,0.01,0.0,0.16,0.16,0.0,0.02,-0.99,0.01,100.0,6.4,0.0016,8.0,0.125
alibaba_j_1000034,Base_Spat_Batch_LWF,15,alibaba_real_dag,3,0,0.0194,2.0,Origin_RO,RO,empty,True,49.9949,49.9949,100.0,-0.05,0.0,0.0,0.48,0.48,0.0,0.01,-0.06,0.01,100.0,21.6216,0.0048,48.0,0.020833
alibaba_j_1000039,Base_Spat_Batch_LWF,15,alibaba_real_dag,10,0,5.3694,53.69,Origin_SE-SE1,SE-SE1,empty,True,49.8884,49.8884,100.0,3.42,0.57,4.1,0.1,4.2,3.0,3.42,0.0,0.57,100.0,1.4846,0.042,1.2281,0.814286
alibaba_j_1000038,Base_Spat_Batch_LWF,15,alibaba_real_dag,8,0,4.0417,40.42,Origin_SE-SE1,SE-SE1,empty,True,49.8884,49.8884,100.0,2.09,0.68,3.9,0.0,3.9,2.0,2.14,-0.04,0.84,100.0,1.1546,0.039,1.8224,0.548718
alibaba_j_1000078,Base_Spat_Batch_LWF,15,alibaba_real_dag,5,0,0.175,2.0,Origin_SE-SE1,SE-SE1,empty,True,49.8884,49.8884,100.0,-0.52,0.04,0.0,0.0,0.0,0.0,0.08,-0.6,0.04,100.0,0.0,0.0,0.0,0.0
alibaba_j_1000075,Base_Spat_Batch_LWF,15,alibaba_real_dag,3,0,0.0611,2.0,Origin_SE-SE1,SE-SE1,empty,True,49.8884,49.8884,100.0,-0.52,0.01,0.0,0.0,0.0,0.0,0.03,-0.55,0.02,100.0,0.0,0.0,0.0,0.0
alibaba_j_1000037,Base_Spat_Batch_LWF,15,alibaba_real_dag,3,0,0.025,2.0,Origin_SE-SE1,SE-SE1,empty,True,49.8884,49.8884,100.0,-0.97,0.01,0.0,0.0,0.0,0.0,0.02,-0.99,0.01,100.0,0.0,0.0,0.0,0.0
alibaba_j_1000034,Base_Spat_Batch_LWF,15,alibaba_real_dag,3,0,0.0194,2.0,Origin_SE-SE1,SE-SE1,empty,True,49.8884,49.8884,100.0,-0.05,0.0,0.0,0.0,0.0,0.0,0.01,-0.06,0.01,100.0,0.0,0.0,0.0,0.0
alibaba_j_1000039,Base_Spat_Batch_LWF,15,alibaba_real_dag,10,0,5.3694,53.69,Origin_SE-SE2,SE-SE2,empty,True,49.9508,49.9508,100.0,3.42,0.57,4.1,0.0,4.1,3.0,3.42,0.0,0.57,100.0,1.4492,0.041,1.1988,0.834146
alibaba_j_1000038,Base_Spat_Batch_LWF,15,alibaba_real_dag,8,0,4.0417,40.42,Origin_SE-SE2,SE-SE2,empty,True,49.9508,49.9508,100.0,2.09,0.68,3.9,0.48,4.38,2.0,2.14,-0.04,0.84,100.0,1.2967,0.0438,2.0467,0.488584
alibaba_j_1000078,Base_Spat_Batch_LWF,15,alibaba_real_dag,5,0,0.175,2.0,Origin_SE-SE2,SE-SE2,empty,True,49.9508,49.9508,100.0,-0.52,0.04,0.0,0.27,0.27,0.0,0.08,-0.6,0.04,100.0,1.4092,0.0027,3.375,0.296296
alibaba_j_1000075,Base_Spat_Batch_LWF,15,alibaba_real_dag,3,0,0.0611,2.0,Origin_SE-SE2,SE-SE2,empty,True,49.9508,49.9508,100.0,-0.52,0.01,0.0,0.0,0.0,0.0,0.03,-0.55,0.02,100.0,0.0,0.0,0.0,0.0
alibaba_j_1000037,Base_Spat_Batch_LWF,15,alibaba_real_dag,3,0,0.025,2.0,Origin_SE-SE2,SE-SE2,empty,True,49.9508,49.9508,100.0,-0.97,0.01,0.0,0.0,0.0,0.0,0.02,-0.99,0.01,100.0,0.0,0.0,0.0,0.0
alibaba_j_1000034,Base_Spat_Batch_LWF,15,alibaba_real_dag,3,0,0.0194,2.0,Origin_SE-SE2,SE-SE2,empty,True,49.9508,49.9508,100.0,-0.05,0.0,0.0,0.0,0.0,0.0,0.01,-0.06,0.01,100.0,0.0,0.0,0.0,0.0
alibaba_j_1000039,Base_Spat_Batch_LWF,15,alibaba_real_dag,10,0,5.3694,53.69,Origin_SE-SE3,SE-SE3,empty,True,49.9775,49.9775,100.0,3.42,0.57,4.1,0.38,4.48,3.0,3.42,0.0,0.57,100.0,1.5835,0.0448,1.3099,0.763393
alibaba_j_1000038,Base_Spat_Batch_LWF,15,alibaba_real_dag,8,0,4.0417,40.42,Origin_SE-SE3,SE-SE3,empty,True,49.9775,49.9775,100.0,2.09,0.68,3.9,0.48,4.38,2.0,2.14,-0.04,0.84,100.0,1.2967,0.0438,2.0467,0.488584
alibaba_j_1000078,Base_Spat_Batch_LWF,15,alibaba_real_dag,5,0,0.175,2.0,Origin_SE-SE3,SE-SE3,empty,True,49.9775,49.9775,100.0,-0.52,0.04,0.0,0.27,0.27,0.0,0.08,-0.6,0.04,100.0,1.4092,0.0027,3.375,0.296296
alibaba_j_1000075,Base_Spat_Batch_LWF,15,alibaba_real_dag,3,0,0.0611,2.0,Origin_SE-SE3,SE-SE3,empty,True,49.9775,49.9775,100.0,-0.52,0.01,0.0,0.0,0.0,0.0,0.03,-0.55,0.02,100.0,0.0,0.0,0.0,0.0
alibaba_j_1000037,Base_Spat_Batch_LWF,15,alibaba_real_dag,3,0,0.025,2.0,Origin_SE-SE3,SE-SE3,empty,True,49.9775,49.9775,100.0,-0.97,0.01,0.0,0.16,0.16,0.0,0.02,-0.99,0.01,100.0,6.4,0.0016,8.0,0.125
alibaba_j_1000034,Base_Spat_Batch_LWF,15,alibaba_real_dag,3,0,0.0194,2.0,Origin_SE-SE3,SE-SE3,empty,True,49.9775,49.9775,100.0,-0.05,0.0,0.0,0.0,0.0,0.0,0.01,-0.06,0.01,100.0,0.0,0.0,0.0,0.0
alibaba_j_1000039,Base_Spat_Batch_LWF,15,alibaba_real_dag,10,0,5.3694,53.69,Origin_SE-SE4,SE-SE4,empty,True,50.0307,50.0307,100.0,3.42,0.57,4.1,0.48,4.58,3.0,3.42,0.0,0.57,100.0,1.6189,0.0458,1.3392,0.746725
alibaba_j_1000038,Base_Spat_Batch_LWF,15,alibaba_real_dag,8,0,4.0417,40.42,Origin_SE-SE4,SE-SE4,empty,True,50.0307,50.0307,100.0,2.09,0.68,3.9,0.48,4.38,2.0,2.14,-0.04,0.84,100.0,1.2967,0.0438,2.0467,0.488584
alibaba_j_1000078,Base_Spat_Batch_LWF,15,alibaba_real_dag,5,0,0.175,2.0,Origin_SE-SE4,SE-SE4,empty,True,50.0307,50.0307,100.0,-0.52,0.04,0.0,0.27,0.27,0.0,0.08,-0.6,0.04,100.0,1.4092,0.0027,3.375,0.296296
alibaba_j_1000075,Base_Spat_Batch_LWF,15,alibaba_real_dag,3,0,0.0611,2.0,Origin_SE-SE4,SE-SE4,empty,True,50.0307,50.0307,100.0,-0.52,0.01,0.0,0.0,0.0,0.0,0.03,-0.55,0.02,100.0,0.0,0.0,0.0,0.0
alibaba_j_1000037,Base_Spat_Batch_LWF,15,alibaba_real_dag,3,0,0.025,2.0,Origin_SE-SE4,SE-SE4,empty,True,50.0307,50.0307,100.0,-0.97,0.01,0.0,0.16,0.16,0.0,0.02,-0.99,0.01,100.0,6.4,0.0016,8.0,0.125
alibaba_j_1000034,Base_Spat_Batch_LWF,15,alibaba_real_dag,3,0,0.0194,2.0,Origin_SE-SE4,SE-SE4,empty,True,50.0307,50.0307,100.0,-0.05,0.0,0.0,0.0,0.0,0.0,0.01,-0.06,0.01,100.0,0.0,0.0,0.0,0.0
alibaba_j_1000039,Oracle,8,alibaba_real_dag,10,0,5.3694,53.69,Origin_AT,AT,empty,True,24239.4286,24239.4286,100.0,4.42,0.57,4.1,0.0,4.1,3,4.42,0.0,0.57,100.0,1.4492,0.041,0.9276,1.078049
alibaba_j_1000038,Oracle,8,alibaba_real_dag,8,0,4.0417,40.42,Origin_AT,AT,empty,True,24239.4286,24239.4286,100.0,24.09,0.68,4.7,0.0,4.7,3,24.14,-0.04,0.84,100.0,1.3914,0.047,0.1947,5.13617
alibaba_j_1000078,Oracle,8,alibaba_real_dag,5,0,0.175,2.0,Origin_AT,AT,empty,True,24239.4286,24239.4286,100.0,-0.52,0.04,0.0,0.0,0.0,0,0.08,-0.6,0.04,100.0,0.0,0.0,0.0,0.0
alibaba_j_1000075,Oracle,8,alibaba_real_dag,3,0,0.0611,2.0,Origin_AT,AT,empty,True,24239.4286,24239.4286,100.0,-0.52,0.01,0.0,0.0,0.0,0,0.03,-0.55,0.02,100.0,0.0,0.0,0.0,0.0
alibaba_j_1000037,Oracle,8,alibaba_real_dag,3,0,0.025,2.0,Origin_AT,AT,empty,True,24239.4286,24239.4286,100.0,-0.97,0.01,0.0,0.0,0.0,0,0.02,-0.99,0.01,100.0,0.0,0.0,0.0,0.0
alibaba_j_1000034,Oracle,8,alibaba_real_dag,3,0,0.0194,2.0,Origin_AT,AT,empty,True,24239.4286,24239.4286,100.0,-0.05,0.0,0.0,0.0,0.0,0,0.01,-0.06,0.01,100.0,0.0,0.0,0.0,0.0
alibaba_j_1000039,Oracle,8,alibaba_real_dag,10,0,5.3694,53.69,Origin_AU-NSW,AU-NSW,empty,True,24063.6283,24063.6283,100.0,4.42,0.57,4.1,0.0,4.1,3,4.42,0.0,0.57,100.0,1.4492,0.041,0.9276,1.078049
alibaba_j_1000038,Oracle,8,alibaba_real_dag,8,0,4.0417,40.42,Origin_AU-NSW,AU-NSW,empty,True,24063.6283,24063.6283,100.0,24.09,0.68,4.7,0.0,4.7,3,24.14,-0.04,0.84,100.0,1.3914,0.047,0.1947,5.13617
alibaba_j_1000078,Oracle,8,alibaba_real_dag,5,0,0.175,2.0,Origin_AU-NSW,AU-NSW,empty,True,24063.6283,24063.6283,100.0,-0.52,0.04,0.0,0.0,0.0,0,0.08,-0.6,0.04,100.0,0.0,0.0,0.0,0.0
alibaba_j_1000075,Oracle,8,alibaba_real_dag,3,0,0.0611,2.0,Origin_AU-NSW,AU-NSW,empty,True,24063.6283,24063.6283,100.0,-0.52,0.01,0.0,0.0,0.0,0,0.03,-0.55,0.02,100.0,0.0,0.0,0.0,0.0
alibaba_j_1000037,Oracle,8,alibaba_real_dag,3,0,0.025,2.0,Origin_AU-NSW,AU-NSW,empty,True,24063.6283,24063.6283,100.0,-0.97,0.01,0.0,0.0,0.0,0,0.02,-0.99,0.01,100.0,0.0,0.0,0.0,0.0
alibaba_j_1000034,Oracle,8,alibaba_real_dag,3,0,0.0194,2.0,Origin_AU-NSW,AU-NSW,empty,True,24063.6283,24063.6283,100.0,-0.05,0.0,0.0,0.0,0.0,0,0.01,-0.06,0.01,100.0,0.0,0.0,0.0,0.0
alibaba_j_1000039,Oracle,8,alibaba_real_dag,10,0,5.3694,53.69,Origin_AU-QLD,AU-QLD,empty,True,23633.0522,23633.0522,100.0,4.42,0.57,4.1,0.0,4.1,3,4.42,0.0,0.57,100.0,1.4492,0.041,0.9276,1.078049
alibaba_j_1000038,Oracle,8,alibaba_real_dag,8,0,4.0417,40.42,Origin_AU-QLD,AU-QLD,empty,True,23633.0522,23633.0522,100.0,24.09,0.68,4.7,0.0,4.7,3,24.14,-0.04,0.84,100.0,1.3914,0.047,0.1947,5.13617
alibaba_j_1000078,Oracle,8,alibaba_real_dag,5,0,0.175,2.0,Origin_AU-QLD,AU-QLD,empty,True,23633.0522,23633.0522,100.0,-0.52,0.04,0.0,0.0,0.0,0,0.08,-0.6,0.04,100.0,0.0,0.0,0.0,0.0
alibaba_j_1000075,Oracle,8,alibaba_real_dag,3,0,0.0611,2.0,Origin_AU-QLD,AU-QLD,empty,True,23633.0522,23633.0522,100.0,-0.52,0.01,0.0,0.0,0.0,0,0.03,-0.55,0.02,100.0,0.0,0.0,0.0,0.0
alibaba_j_1000037,Oracle,8,alibaba_real_dag,3,0,0.025,2.0,Origin_AU-QLD,AU-QLD,empty,True,23633.0522,23633.0522,100.0,-0.97,0.01,0.0,0.0,0.0,0,0.02,-0.99,0.01,100.0,0.0,0.0,0.0,0.0
alibaba_j_1000034,Oracle,8,alibaba_real_dag,3,0,0.0194,2.0,Origin_AU-QLD,AU-QLD,empty,True,23633.0522,23633.0522,100.0,-0.05,0.0,0.0,0.0,0.0,0,0.01,-0.06,0.01,100.0,0.0,0.0,0.0,0.0
alibaba_j_1000039,Oracle,8,alibaba_real_dag,10,0,5.3694,53.69,Origin_AU-SA,AU-SA,empty,True,23181.4368,23181.4368,100.0,4.42,0.57,4.1,0.0,4.1,3,4.42,0.0,0.57,100.0,1.4492,0.041,0.9276,1.078049
alibaba_j_1000038,Oracle,8,alibaba_real_dag,8,0,4.0417,40.42,Origin_AU-SA,AU-SA,empty,True,23181.4368,23181.4368,100.0,24.09,0.68,4.7,0.0,4.7,3,24.14,-0.04,0.84,100.0,1.3914,0.047,0.1947,5.13617
alibaba_j_1000078,Oracle,8,alibaba_real_dag,5,0,0.175,2.0,Origin_AU-SA,AU-SA,empty,True,23181.4368,23181.4368,100.0,-0.52,0.04,0.0,0.0,0.0,0,0.08,-0.6,0.04,100.0,0.0,0.0,0.0,0.0
alibaba_j_1000075,Oracle,8,alibaba_real_dag,3,0,0.0611,2.0,Origin_AU-SA,AU-SA,empty,True,23181.4368,23181.4368,100.0,-0.52,0.01,0.0,0.0,0.0,0,0.03,-0.55,0.02,100.0,0.0,0.0,0.0,0.0
alibaba_j_1000037,Oracle,8,alibaba_real_dag,3,0,0.025,2.0,Origin_AU-SA,AU-SA,empty,True,23181.4368,23181.4368,100.0,-0.97,0.01,0.0,0.0,0.0,0,0.02,-0.99,0.01,100.0,0.0,0.0,0.0,0.0
alibaba_j_1000034,Oracle,8,alibaba_real_dag,3,0,0.0194,2.0,Origin_AU-SA,AU-SA,empty,True,23181.4368,23181.4368,100.0,-0.05,0.0,0.0,0.0,0.0,0,0.01,-0.06,0.01,100.0,0.0,0.0,0.0,0.0
alibaba_j_1000039,Oracle,8,alibaba_real_dag,10,0,5.3694,53.69,Origin_AU-TAS,AU-TAS,empty,True,23354.6809,23354.6809,100.0,4.42,0.57,4.1,0.0,4.1,3,4.42,0.0,0.57,100.0,1.4492,0.041,0.9276,1.078049
alibaba_j_1000038,Oracle,8,alibaba_real_dag,8,0,4.0417,40.42,Origin_AU-TAS,AU-TAS,empty,True,23354.6809,23354.6809,100.0,24.09,0.68,4.7,0.0,4.7,3,24.14,-0.04,0.84,100.0,1.3914,0.047,0.1947,5.13617
alibaba_j_1000078,Oracle,8,alibaba_real_dag,5,0,0.175,2.0,Origin_AU-TAS,AU-TAS,empty,True,23354.6809,23354.6809,100.0,-0.52,0.04,0.0,0.0,0.0,0,0.08,-0.6,0.04,100.0,0.0,0.0,0.0,0.0
alibaba_j_1000075,Oracle,8,alibaba_real_dag,3,0,0.0611,2.0,Origin_AU-TAS,AU-TAS,empty,True,23354.6809,23354.6809,100.0,-0.52,0.01,0.0,0.0,0.0,0,0.03,-0.55,0.02,100.0,0.0,0.0,0.0,0.0
alibaba_j_1000037,Oracle,8,alibaba_real_dag,3,0,0.025,2.0,Origin_AU-TAS,AU-TAS,empty,True,23354.6809,23354.6809,100.0,-0.97,0.01,0.0,0.0,0.0,0,0.02,-0.99,0.01,100.0,0.0,0.0,0.0,0.0
alibaba_j_1000034,Oracle,8,alibaba_real_dag,3,0,0.0194,2.0,Origin_AU-TAS,AU-TAS,empty,True,23354.6809,23354.6809,100.0,-0.05,0.0,0.0,0.0,0.0,0,0.01,-0.06,0.01,100.0,0.0,0.0,0.0,0.0
alibaba_j_1000039,Oracle,8,alibaba_real_dag,10,0,5.3694,53.69,Origin_AU-VIC,AU-VIC,empty,True,23242.7465,23242.7465,100.0,4.42,0.57,4.1,0.0,4.1,3,4.42,0.0,0.57,100.0,1.4492,0.041,0.9276,1.078049
alibaba_j_1000038,Oracle,8,alibaba_real_dag,8,0,4.0417,40.42,Origin_AU-VIC,AU-VIC,empty,True,23242.7465,23242.7465,100.0,24.09,0.68,4.7,0.0,4.7,3,24.14,-0.04,0.84,100.0,1.3914,0.047,0.1947,5.13617
alibaba_j_1000078,Oracle,8,alibaba_real_dag,5,0,0.175,2.0,Origin_AU-VIC,AU-VIC,empty,True,23242.7465,23242.7465,100.0,-0.52,0.04,0.0,0.0,0.0,0,0.08,-0.6,0.04,100.0,0.0,0.0,0.0,0.0
alibaba_j_1000075,Oracle,8,alibaba_real_dag,3,0,0.0611,2.0,Origin_AU-VIC,AU-VIC,empty,True,23242.7465,23242.7465,100.0,-0.52,0.01,0.0,0.0,0.0,0,0.03,-0.55,0.02,100.0,0.0,0.0,0.0,0.0
alibaba_j_1000037,Oracle,8,alibaba_real_dag,3,0,0.025,2.0,Origin_AU-VIC,AU-VIC,empty,True,23242.7465,23242.7465,100.0,-0.97,0.01,0.0,0.0,0.0,0,0.02,-0.99,0.01,100.0,0.0,0.0,0.0,0.0
alibaba_j_1000034,Oracle,8,alibaba_real_dag,3,0,0.0194,2.0,Origin_AU-VIC,AU-VIC,empty,True,23242.7465,23242.7465,100.0,-0.05,0.0,0.0,0.0,0.0,0,0.01,-0.06,0.01,100.0,0.0,0.0,0.0,0.0
alibaba_j_1000039,Oracle,8,alibaba_real_dag,10,0,5.3694,53.69,Origin_AU-WA,AU-WA,empty,True,23538.1266,23538.1266,100.0,4.42,0.57,4.1,0.0,4.1,3,4.42,0.0,0.57,100.0,1.4492,0.041,0.9276,1.078049
alibaba_j_1000038,Oracle,8,alibaba_real_dag,8,0,4.0417,40.42,Origin_AU-WA,AU-WA,empty,True,23538.1266,23538.1266,100.0,24.09,0.68,4.7,0.0,4.7,3,24.14,-0.04,0.84,100.0,1.3914,0.047,0.1947,5.13617
alibaba_j_1000078,Oracle,8,alibaba_real_dag,5,0,0.175,2.0,Origin_AU-WA,AU-WA,empty,True,23538.1266,23538.1266,100.0,-0.52,0.04,0.0,0.0,0.0,0,0.08,-0.6,0.04,100.0,0.0,0.0,0.0,0.0
alibaba_j_1000075,Oracle,8,alibaba_real_dag,3,0,0.0611,2.0,Origin_AU-WA,AU-WA,empty,True,23538.1266,23538.1266,100.0,-0.52,0.01,0.0,0.0,0.0,0,0.03,-0.55,0.02,100.0,0.0,0.0,0.0,0.0
alibaba_j_1000037,Oracle,8,alibaba_real_dag,3,0,0.025,2.0,Origin_AU-WA,AU-WA,empty,True,23538.1266,23538.1266,100.0,-0.97,0.01,0.0,0.0,0.0,0,0.02,-0.99,0.01,100.0,0.0,0.0,0.0,0.0
alibaba_j_1000034,Oracle,8,alibaba_real_dag,3,0,0.0194,2.0,Origin_AU-WA,AU-WA,empty,True,23538.1266,23538.1266,100.0,-0.05,0.0,0.0,0.0,0.0,0,0.01,-0.06,0.01,100.0,0.0,0.0,0.0,0.0
alibaba_j_1000039,Oracle,8,alibaba_real_dag,10,0,5.3694,53.69,Origin_BA,BA,empty,True,23683.8428,23683.8428,100.0,4.42,0.57,4.1,0.0,4.1,3,4.42,0.0,0.57,100.0,1.4492,0.041,0.9276,1.078049
alibaba_j_1000038,Oracle,8,alibaba_real_dag,8,0,4.0417,40.42,Origin_BA,BA,empty,True,23683.8428,23683.8428,100.0,24.09,0.68,4.7,0.0,4.7,3,24.14,-0.04,0.84,100.0,1.3914,0.047,0.1947,5.13617
alibaba_j_1000078,Oracle,8,alibaba_real_dag,5,0,0.175,2.0,Origin_BA,BA,empty,True,23683.8428,23683.8428,100.0,-0.52,0.04,0.0,0.0,0.0,0,0.08,-0.6,0.04,100.0,0.0,0.0,0.0,0.0
alibaba_j_1000075,Oracle,8,alibaba_real_dag,3,0,0.0611,2.0,Origin_BA,BA,empty,True,23683.8428,23683.8428,100.0,-0.52,0.01,0.0,0.0,0.0,0,0.03,-0.55,0.02,100.0,0.0,0.0,0.0,0.0
alibaba_j_1000037,Oracle,8,alibaba_real_dag,3,0,0.025,2.0,Origin_BA,BA,empty,True,23683.8428,23683.8428,100.0,-0.97,0.01,0.0,0.0,0.0,0,0.02,-0.99,0.01,100.0,0.0,0.0,0.0,0.0
alibaba_j_1000034,Oracle,8,alibaba_real_dag,3,0,0.0194,2.0,Origin_BA,BA,empty,True,23683.8428,23683.8428,100.0,-0.05,0.0,0.0,0.0,0.0,0,0.01,-0.06,0.01,100.0,0.0,0.0,0.0,0.0
alibaba_j_1000039,Oracle,8,alibaba_real_dag,10,0,5.3694,53.69,Origin_BE,BE,empty,True,23558.7797,23558.7797,100.0,4.42,0.57,4.1,0.0,4.1,3,4.42,0.0,0.57,100.0,1.4492,0.041,0.9276,1.078049
alibaba_j_1000038,Oracle,8,alibaba_real_dag,8,0,4.0417,40.42,Origin_BE,BE,empty,True,23558.7797,23558.7797,100.0,24.09,0.68,4.7,0.0,4.7,3,24.14,-0.04,0.84,100.0,1.3914,0.047,0.1947,5.13617
alibaba_j_1000078,Oracle,8,alibaba_real_dag,5,0,0.175,2.0,Origin_BE,BE,empty,True,23558.7797,23558.7797,100.0,-0.52,0.04,0.0,0.0,0.0,0,0.08,-0.6,0.04,100.0,0.0,0.0,0.0,0.0
alibaba_j_1000075,Oracle,8,alibaba_real_dag,3,0,0.0611,2.0,Origin_BE,BE,empty,True,23558.7797,23558.7797,100.0,-0.52,0.01,0.0,0.0,0.0,0,0.03,-0.55,0.02,100.0,0.0,0.0,0.0,0.0
alibaba_j_1000037,Oracle,8,alibaba_real_dag,3,0,0.025,2.0,Origin_BE,BE,empty,True,23558.7797,23558.7797,100.0,-0.97,0.01,0.0,0.0,0.0,0,0.02,-0.99,0.01,100.0,0.0,0.0,0.0,0.0
alibaba_j_1000034,Oracle,8,alibaba_real_dag,3,0,0.0194,2.0,Origin_BE,BE,empty,True,23558.7797,23558.7797,100.0,-0.05,0.0,0.0,0.0,0.0,0,0.01,-0.06,0.01,100.0,0.0,0.0,0.0,0.0
alibaba_j_1000039,Oracle,8,alibaba_real_dag,10,0,5.3694,53.69,Origin_BG,BG,empty,True,23397.8744,23397.8744,100.0,4.42,0.57,4.1,0.0,4.1,3,4.42,0.0,0.57,100.0,1.4492,0.041,0.9276,1.078049
alibaba_j_1000038,Oracle,8,alibaba_real_dag,8,0,4.0417,40.42,Origin_BG,BG,empty,True,23397.8744,23397.8744,100.0,24.09,0.68,4.7,0.0,4.7,3,24.14,-0.04,0.84,100.0,1.3914,0.047,0.1947,5.13617
alibaba_j_1000078,Oracle,8,alibaba_real_dag,5,0,0.175,2.0,Origin_BG,BG,empty,True,23397.8744,23397.8744,100.0,-0.52,0.04,0.0,0.0,0.0,0,0.08,-0.6,0.04,100.0,0.0,0.0,0.0,0.0
alibaba_j_1000075,Oracle,8,alibaba_real_dag,3,0,0.0611,2.0,Origin_BG,BG,empty,True,23397.8744,23397.8744,100.0,-0.52,0.01,0.0,0.0,0.0,0,0.03,-0.55,0.02,100.0,0.0,0.0,0.0,0.0
alibaba_j_1000037,Oracle,8,alibaba_real_dag,3,0,0.025,2.0,Origin_BG,BG,empty,True,23397.8744,23397.8744,100.0,-0.97,0.01,0.0,0.0,0.0,0,0.02,-0.99,0.01,100.0,0.0,0.0,0.0,0.0
alibaba_j_1000034,Oracle,8,alibaba_real_dag,3,0,0.0194,2.0,Origin_BG,BG,empty,True,23397.8744,23397.8744,100.0,-0.05,0.0,0.0,0.0,0.0,0,0.01,-0.06,0.01,100.0,0.0,0.0,0.0,0.0
alibaba_j_1000039,Oracle,8,alibaba_real_dag,10,0,5.3694,53.69,Origin_BR-CS,BR-CS,empty,True,23205.7383,23205.7383,100.0,4.42,0.57,4.1,0.0,4.1,3,4.42,0.0,0.57,100.0,1.4492,0.041,0.9276,1.078049
alibaba_j_1000038,Oracle,8,alibaba_real_dag,8,0,4.0417,40.42,Origin_BR-CS,BR-CS,empty,True,23205.7383,23205.7383,100.0,24.09,0.68,4.7,0.0,4.7,3,24.14,-0.04,0.84,100.0,1.3914,0.047,0.1947,5.13617
alibaba_j_1000078,Oracle,8,alibaba_real_dag,5,0,0.175,2.0,Origin_BR-CS,BR-CS,empty,True,23205.7383,23205.7383,100.0,-0.52,0.04,0.0,0.0,0.0,0,0.08,-0.6,0.04,100.0,0.0,0.0,0.0,0.0
alibaba_j_1000075,Oracle,8,alibaba_real_dag,3,0,0.0611,2.0,Origin_BR-CS,BR-CS,empty,True,23205.7383,23205.7383,100.0,-0.52,0.01,0.0,0.0,0.0,0,0.03,-0.55,0.02,100.0,0.0,0.0,0.0,0.0
alibaba_j_1000037,Oracle,8,alibaba_real_dag,3,0,0.025,2.0,Origin_BR-CS,BR-CS,empty,True,23205.7383,23205.7383,100.0,-0.97,0.01,0.0,0.0,0.0,0,0.02,-0.99,0.01,100.0,0.0,0.0,0.0,0.0
alibaba_j_1000034,Oracle,8,alibaba_real_dag,3,0,0.0194,2.0,Origin_BR-CS,BR-CS,empty,True,23205.7383,23205.7383,100.0,-0.05,0.0,0.0,0.0,0.0,0,0.01,-0.06,0.01,100.0,0.0,0.0,0.0,0.0
alibaba_j_1000039,Oracle,8,alibaba_real_dag,10,0,5.3694,53.69,Origin_BR-N,BR-N,empty,True,23181.8525,23181.8525,100.0,4.42,0.57,4.1,0.0,4.1,3,4.42,0.0,0.57,100.0,1.4492,0.041,0.9276,1.078049
alibaba_j_1000038,Oracle,8,alibaba_real_dag,8,0,4.0417,40.42,Origin_BR-N,BR-N,empty,True,23181.8525,23181.8525,100.0,24.09,0.68,4.7,0.0,4.7,3,24.14,-0.04,0.84,100.0,1.3914,0.047,0.1947,5.13617
alibaba_j_1000078,Oracle,8,alibaba_real_dag,5,0,0.175,2.0,Origin_BR-N,BR-N,empty,True,23181.8525,23181.8525,100.0,-0.52,0.04,0.0,0.0,0.0,0,0.08,-0.6,0.04,100.0,0.0,0.0,0.0,0.0
alibaba_j_1000075,Oracle,8,alibaba_real_dag,3,0,0.0611,2.0,Origin_BR-N,BR-N,empty,True,23181.8525,23181.8525,100.0,-0.52,0.01,0.0,0.0,0.0,0,0.03,-0.55,0.02,100.0,0.0,0.0,0.0,0.0
alibaba_j_1000037,Oracle,8,alibaba_real_dag,3,0,0.025,2.0,Origin_BR-N,BR-N,empty,True,23181.8525,23181.8525,100.0,-0.97,0.01,0.0,0.0,0.0,0,0.02,-0.99,0.01,100.0,0.0,0.0,0.0,0.0
alibaba_j_1000034,Oracle,8,alibaba_real_dag,3,0,0.0194,2.0,Origin_BR-N,BR-N,empty,True,23181.8525,23181.8525,100.0,-0.05,0.0,0.0,0.0,0.0,0,0.01,-0.06,0.01,100.0,0.0,0.0,0.0,0.0
alibaba_j_1000039,Oracle,8,alibaba_real_dag,10,0,5.3694,53.69,Origin_CA-ON,CA-ON,empty,True,23220.7249,23220.7249,100.0,4.42,0.57,4.1,0.0,4.1,3,4.42,0.0,0.57,100.0,1.4492,0.041,0.9276,1.078049
alibaba_j_1000038,Oracle,8,alibaba_real_dag,8,0,4.0417,40.42,Origin_CA-ON,CA-ON,empty,True,23220.7249,23220.7249,100.0,24.09,0.68,4.7,0.0,4.7,3,24.14,-0.04,0.84,100.0,1.3914,0.047,0.1947,5.13617
alibaba_j_1000078,Oracle,8,alibaba_real_dag,5,0,0.175,2.0,Origin_CA-ON,CA-ON,empty,True,23220.7249,23220.7249,100.0,-0.52,0.04,0.0,0.0,0.0,0,0.08,-0.6,0.04,100.0,0.0,0.0,0.0,0.0
alibaba_j_1000075,Oracle,8,alibaba_real_dag,3,0,0.0611,2.0,Origin_CA-ON,CA-ON,empty,True,23220.7249,23220.7249,100.0,-0.52,0.01,0.0,0.0,0.0,0,0.03,-0.55,0.02,100.0,0.0,0.0,0.0,0.0
alibaba_j_1000037,Oracle,8,alibaba_real_dag,3,0,0.025,2.0,Origin_CA-ON,CA-ON,empty,True,23220.7249,23220.7249,100.0,-0.97,0.01,0.0,0.0,0.0,0,0.02,-0.99,0.01,100.0,0.0,0.0,0.0,0.0
alibaba_j_1000034,Oracle,8,alibaba_real_dag,3,0,0.0194,2.0,Origin_CA-ON,CA-ON,empty,True,23220.7249,23220.7249,100.0,-0.05,0.0,0.0,0.0,0.0,0,0.01,-0.06,0.01,100.0,0.0,0.0,0.0,0.0
alibaba_j_1000039,Oracle,8,alibaba_real_dag,10,0,5.3694,53.69,Origin_CA-QC,CA-QC,empty,True,23252.9714,23252.9714,100.0,4.42,0.57,4.1,0.0,4.1,3,4.42,0.0,0.57,100.0,1.4492,0.041,0.9276,1.078049
alibaba_j_1000038,Oracle,8,alibaba_real_dag,8,0,4.0417,40.42,Origin_CA-QC,CA-QC,empty,True,23252.9714,23252.9714,100.0,24.09,0.68,4.7,0.0,4.7,3,24.14,-0.04,0.84,100.0,1.3914,0.047,0.1947,5.13617
alibaba_j_1000078,Oracle,8,alibaba_real_dag,5,0,0.175,2.0,Origin_CA-QC,CA-QC,empty,True,23252.9714,23252.9714,100.0,-0.52,0.04,0.0,0.0,0.0,0,0.08,-0.6,0.04,100.0,0.0,0.0,0.0,0.0
alibaba_j_1000075,Oracle,8,alibaba_real_dag,3,0,0.0611,2.0,Origin_CA-QC,CA-QC,empty,True,23252.9714,23252.9714,100.0,-0.52,0.01,0.0,0.0,0.0,0,0.03,-0.55,0.02,100.0,0.0,0.0,0.0,0.0
alibaba_j_1000037,Oracle,8,alibaba_real_dag,3,0,0.025,2.0,Origin_CA-QC,CA-QC,empty,True,23252.9714,23252.9714,100.0,-0.97,0.01,0.0,0.0,0.0,0,0.02,-0.99,0.01,100.0,0.0,0.0,0.0,0.0
alibaba_j_1000034,Oracle,8,alibaba_real_dag,3,0,0.0194,2.0,Origin_CA-QC,CA-QC,empty,True,23252.9714,23252.9714,100.0,-0.05,0.0,0.0,0.0,0.0,0,0.01,-0.06,0.01,100.0,0.0,0.0,0.0,0.0
alibaba_j_1000039,Oracle,8,alibaba_real_dag,10,0,5.3694,53.69,Origin_CH,CH,empty,True,23224.3152,23224.3152,100.0,4.42,0.57,4.1,0.0,4.1,3,4.42,0.0,0.57,100.0,1.4492,0.041,0.9276,1.078049
alibaba_j_1000038,Oracle,8,alibaba_real_dag,8,0,4.0417,40.42,Origin_CH,CH,empty,True,23224.3152,23224.3152,100.0,24.09,0.68,4.7,0.0,4.7,3,24.14,-0.04,0.84,100.0,1.3914,0.047,0.1947,5.13617
alibaba_j_1000078,Oracle,8,alibaba_real_dag,5,0,0.175,2.0,Origin_CH,CH,empty,True,23224.3152,23224.3152,100.0,-0.52,0.04,0.0,0.0,0.0,0,0.08,-0.6,0.04,100.0,0.0,0.0,0.0,0.0
alibaba_j_1000075,Oracle,8,alibaba_real_dag,3,0,0.0611,2.0,Origin_CH,CH,empty,True,23224.3152,23224.3152,100.0,-0.52,0.01,0.0,0.0,0.0,0,0.03,-0.55,0.02,100.0,0.0,0.0,0.0,0.0
alibaba_j_1000037,Oracle,8,alibaba_real_dag,3,0,0.025,2.0,Origin_CH,CH,empty,True,23224.3152,23224.3152,100.0,-0.97,0.01,0.0,0.0,0.0,0,0.02,-0.99,0.01,100.0,0.0,0.0,0.0,0.0
alibaba_j_1000034,Oracle,8,alibaba_real_dag,3,0,0.0194,2.0,Origin_CH,CH,empty,True,23224.3152,23224.3152,100.0,-0.05,0.0,0.0,0.0,0.0,0,0.01,-0.06,0.01,100.0,0.0,0.0,0.0,0.0
alibaba_j_1000039,Oracle,8,alibaba_real_dag,10,0,5.3694,53.69,Origin_CL-SEN,CL-SEN,empty,True,23269.3808,23269.3808,100.0,4.42,0.57,4.1,0.0,4.1,3,4.42,0.0,0.57,100.0,1.4492,0.041,0.9276,1.078049
alibaba_j_1000038,Oracle,8,alibaba_real_dag,8,0,4.0417,40.42,Origin_CL-SEN,CL-SEN,empty,True,23269.3808,23269.3808,100.0,24.09,0.68,4.7,0.0,4.7,3,24.14,-0.04,0.84,100.0,1.3914,0.047,0.1947,5.13617
alibaba_j_1000078,Oracle,8,alibaba_real_dag,5,0,0.175,2.0,Origin_CL-SEN,CL-SEN,empty,True,23269.3808,23269.3808,100.0,-0.52,0.04,0.0,0.0,0.0,0,0.08,-0.6,0.04,100.0,0.0,0.0,0.0,0.0
alibaba_j_1000075,Oracle,8,alibaba_real_dag,3,0,0.0611,2.0,Origin_CL-SEN,CL-SEN,empty,True,23269.3808,23269.3808,100.0,-0.52,0.01,0.0,0.0,0.0,0,0.03,-0.55,0.02,100.0,0.0,0.0,0.0,0.0
alibaba_j_1000037,Oracle,8,alibaba_real_dag,3,0,0.025,2.0,Origin_CL-SEN,CL-SEN,empty,True,23269.3808,23269.3808,100.0,-0.97,0.01,0.0,0.0,0.0,0,0.02,-0.99,0.01,100.0,0.0,0.0,0.0,0.0
alibaba_j_1000034,Oracle,8,alibaba_real_dag,3,0,0.0194,2.0,Origin_CL-SEN,CL-SEN,empty,True,23269.3808,23269.3808,100.0,-0.05,0.0,0.0,0.0,0.0,0,0.01,-0.06,0.01,100.0,0.0,0.0,0.0,0.0
alibaba_j_1000039,Oracle,8,alibaba_real_dag,10,0,5.3694,53.69,Origin_CY,CY,empty,True,23203.7126,23203.7126,100.0,4.42,0.57,4.1,0.0,4.1,3,4.42,0.0,0.57,100.0,1.4492,0.041,0.9276,1.078049
alibaba_j_1000038,Oracle,8,alibaba_real_dag,8,0,4.0417,40.42,Origin_CY,CY,empty,True,23203.7126,23203.7126,100.0,24.09,0.68,4.7,0.0,4.7,3,24.14,-0.04,0.84,100.0,1.3914,0.047,0.1947,5.13617
alibaba_j_1000078,Oracle,8,alibaba_real_dag,5,0,0.175,2.0,Origin_CY,CY,empty,True,23203.7126,23203.7126,100.0,-0.52,0.04,0.0,0.0,0.0,0,0.08,-0.6,0.04,100.0,0.0,0.0,0.0,0.0
alibaba_j_1000075,Oracle,8,alibaba_real_dag,3,0,0.0611,2.0,Origin_CY,CY,empty,True,23203.7126,23203.7126,100.0,-0.52,0.01,0.0,0.0,0.0,0,0.03,-0.55,0.02,100.0,0.0,0.0,0.0,0.0
alibaba_j_1000037,Oracle,8,alibaba_real_dag,3,0,0.025,2.0,Origin_CY,CY,empty,True,23203.7126,23203.7126,100.0,-0.97,0.01,0.0,0.0,0.0,0,0.02,-0.99,0.01,100.0,0.0,0.0,0.0,0.0
alibaba_j_1000034,Oracle,8,alibaba_real_dag,3,0,0.0194,2.0,Origin_CY,CY,empty,True,23203.7126,23203.7126,100.0,-0.05,0.0,0.0,0.0,0.0,0,0.01,-0.06,0.01,100.0,0.0,0.0,0.0,0.0
alibaba_j_1000039,Oracle,8,alibaba_real_dag,10,0,5.3694,53.69,Origin_CZ,CZ,empty,True,23198.1971,23198.1971,100.0,4.42,0.57,4.1,0.0,4.1,3,4.42,0.0,0.57,100.0,1.4492,0.041,0.9276,1.078049
alibaba_j_1000038,Oracle,8,alibaba_real_dag,8,0,4.0417,40.42,Origin_CZ,CZ,empty,True,23198.1971,23198.1971,100.0,24.09,0.68,4.7,0.0,4.7,3,24.14,-0.04,0.84,100.0,1.3914,0.047,0.1947,5.13617
alibaba_j_1000078,Oracle,8,alibaba_real_dag,5,0,0.175,2.0,Origin_CZ,CZ,empty,True,23198.1971,23198.1971,100.0,-0.52,0.04,0.0,0.0,0.0,0,0.08,-0.6,0.04,100.0,0.0,0.0,0.0,0.0
alibaba_j_1000075,Oracle,8,alibaba_real_dag,3,0,0.0611,2.0,Origin_CZ,CZ,empty,True,23198.1971,23198.1971,100.0,-0.52,0.01,0.0,0.0,0.0,0,0.03,-0.55,0.02,100.0,0.0,0.0,0.0,0.0
alibaba_j_1000037,Oracle,8,alibaba_real_dag,3,0,0.025,2.0,Origin_CZ,CZ,empty,True,23198.1971,23198.1971,100.0,-0.97,0.01,0.0,0.0,0.0,0,0.02,-0.99,0.01,100.0,0.0,0.0,0.0,0.0
alibaba_j_1000034,Oracle,8,alibaba_real_dag,3,0,0.0194,2.0,Origin_CZ,CZ,empty,True,23198.1971,23198.1971,100.0,-0.05,0.0,0.0,0.0,0.0,0,0.01,-0.06,0.01,100.0,0.0,0.0,0.0,0.0
alibaba_j_1000039,Oracle,8,alibaba_real_dag,10,0,5.3694,53.69,Origin_DE,DE,empty,True,23281.6679,23281.6679,100.0,4.42,0.57,4.1,0.0,4.1,3,4.42,0.0,0.57,100.0,1.4492,0.041,0.9276,1.078049
alibaba_j_1000038,Oracle,8,alibaba_real_dag,8,0,4.0417,40.42,Origin_DE,DE,empty,True,23281.6679,23281.6679,100.0,24.09,0.68,4.7,0.0,4.7,3,24.14,-0.04,0.84,100.0,1.3914,0.047,0.1947,5.13617
alibaba_j_1000078,Oracle,8,alibaba_real_dag,5,0,0.175,2.0,Origin_DE,DE,empty,True,23281.6679,23281.6679,100.0,-0.52,0.04,0.0,0.0,0.0,0,0.08,-0.6,0.04,100.0,0.0,0.0,0.0,0.0
alibaba_j_1000075,Oracle,8,alibaba_real_dag,3,0,0.0611,2.0,Origin_DE,DE,empty,True,23281.6679,23281.6679,100.0,-0.52,0.01,0.0,0.0,0.0,0,0.03,-0.55,0.02,100.0,0.0,0.0,0.0,0.0
alibaba_j_1000037,Oracle,8,alibaba_real_dag,3,0,0.025,2.0,Origin_DE,DE,empty,True,23281.6679,23281.6679,100.0,-0.97,0.01,0.0,0.0,0.0,0,0.02,-0.99,0.01,100.0,0.0,0.0,0.0,0.0
alibaba_j_1000034,Oracle,8,alibaba_real_dag,3,0,0.0194,2.0,Origin_DE,DE,empty,True,23281.6679,23281.6679,100.0,-0.05,0.0,0.0,0.0,0.0,0,0.01,-0.06,0.01,100.0,0.0,0.0,0.0,0.0
alibaba_j_1000039,Oracle,8,alibaba_real_dag,10,0,5.3694,53.69,Origin_DK-BHM,DK-BHM,empty,True,23379.3112,23379.3112,100.0,4.42,0.57,4.1,0.0,4.1,3,4.42,0.0,0.57,100.0,1.4492,0.041,0.9276,1.078049
alibaba_j_1000038,Oracle,8,alibaba_real_dag,8,0,4.0417,40.42,Origin_DK-BHM,DK-BHM,empty,True,23379.3112,23379.3112,100.0,24.09,0.68,4.7,0.0,4.7,3,24.14,-0.04,0.84,100.0,1.3914,0.047,0.1947,5.13617
alibaba_j_1000078,Oracle,8,alibaba_real_dag,5,0,0.175,2.0,Origin_DK-BHM,DK-BHM,empty,True,23379.3112,23379.3112,100.0,-0.52,0.04,0.0,0.0,0.0,0,0.08,-0.6,0.04,100.0,0.0,0.0,0.0,0.0
alibaba_j_1000075,Oracle,8,alibaba_real_dag,3,0,0.0611,2.0,Origin_DK-BHM,DK-BHM,empty,True,23379.3112,23379.3112,100.0,-0.52,0.01,0.0,0.0,0.0,0,0.03,-0.55,0.02,100.0,0.0,0.0,0.0,0.0
alibaba_j_1000037,Oracle,8,alibaba_real_dag,3,0,0.025,2.0,Origin_DK-BHM,DK-BHM,empty,True,23379.3112,23379.3112,100.0,-0.97,0.01,0.0,0.0,0.0,0,0.02,-0.99,0.01,100.0,0.0,0.0,0.0,0.0
alibaba_j_1000034,Oracle,8,alibaba_real_dag,3,0,0.0194,2.0,Origin_DK-BHM,DK-BHM,empty,True,23379.3112,23379.3112,100.0,-0.05,0.0,0.0,0.0,0.0,0,0.01,-0.06,0.01,100.0,0.0,0.0,0.0,0.0
alibaba_j_1000039,Oracle,8,alibaba_real_dag,10,0,5.3694,53.69,Origin_DK-DK1,DK-DK1,empty,True,23315.9761,23315.9761,100.0,4.42,0.57,4.1,0.0,4.1,3,4.42,0.0,0.57,100.0,1.4492,0.041,0.9276,1.078049
alibaba_j_1000038,Oracle,8,alibaba_real_dag,8,0,4.0417,40.42,Origin_DK-DK1,DK-DK1,empty,True,23315.9761,23315.9761,100.0,24.09,0.68,4.7,0.0,4.7,3,24.14,-0.04,0.84,100.0,1.3914,0.047,0.1947,5.13617
alibaba_j_1000078,Oracle,8,alibaba_real_dag,5,0,0.175,2.0,Origin_DK-DK1,DK-DK1,empty,True,23315.9761,23315.9761,100.0,-0.52,0.04,0.0,0.0,0.0,0,0.08,-0.6,0.04,100.0,0.0,0.0,0.0,0.0
alibaba_j_1000075,Oracle,8,alibaba_real_dag,3,0,0.0611,2.0,Origin_DK-DK1,DK-DK1,empty,True,23315.9761,23315.9761,100.0,-0.52,0.01,0.0,0.0,0.0,0,0.03,-0.55,0.02,100.0,0.0,0.0,0.0,0.0
alibaba_j_1000037,Oracle,8,alibaba_real_dag,3,0,0.025,2.0,Origin_DK-DK1,DK-DK1,empty,True,23315.9761,23315.9761,100.0,-0.97,0.01,0.0,0.0,0.0,0,0.02,-0.99,0.01,100.0,0.0,0.0,0.0,0.0
alibaba_j_1000034,Oracle,8,alibaba_real_dag,3,0,0.0194,2.0,Origin_DK-DK1,DK-DK1,empty,True,23315.9761,23315.9761,100.0,-0.05,0.0,0.0,0.0,0.0,0,0.01,-0.06,0.01,100.0,0.0,0.0,0.0,0.0
alibaba_j_1000039,Oracle,8,alibaba_real_dag,10,0,5.3694,53.69,Origin_DK-DK2,DK-DK2,empty,True,23256.1227,23256.1227,100.0,4.42,0.57,4.1,0.0,4.1,3,4.42,0.0,0.57,100.0,1.4492,0.041,0.9276,1.078049
alibaba_j_1000038,Oracle,8,alibaba_real_dag,8,0,4.0417,40.42,Origin_DK-DK2,DK-DK2,empty,True,23256.1227,23256.1227,100.0,24.09,0.68,4.7,0.0,4.7,3,24.14,-0.04,0.84,100.0,1.3914,0.047,0.1947,5.13617
alibaba_j_1000078,Oracle,8,alibaba_real_dag,5,0,0.175,2.0,Origin_DK-DK2,DK-DK2,empty,True,23256.1227,23256.1227,100.0,-0.52,0.04,0.0,0.0,0.0,0,0.08,-0.6,0.04,100.0,0.0,0.0,0.0,0.0
alibaba_j_1000075,Oracle,8,alibaba_real_dag,3,0,0.0611,2.0,Origin_DK-DK2,DK-DK2,empty,True,23256.1227,23256.1227,100.0,-0.52,0.01,0.0,0.0,0.0,0,0.03,-0.55,0.02,100.0,0.0,0.0,0.0,0.0
alibaba_j_1000037,Oracle,8,alibaba_real_dag,3,0,0.025,2.0,Origin_DK-DK2,DK-DK2,empty,True,23256.1227,23256.1227,100.0,-0.97,0.01,0.0,0.0,0.0,0,0.02,-0.99,0.01,100.0,0.0,0.0,0.0,0.0
alibaba_j_1000034,Oracle,8,alibaba_real_dag,3,0,0.0194,2.0,Origin_DK-DK2,DK-DK2,empty,True,23256.1227,23256.1227,100.0,-0.05,0.0,0.0,0.0,0.0,0,0.01,-0.06,0.01,100.0,0.0,0.0,0.0,0.0
alibaba_j_1000039,Oracle,8,alibaba_real_dag,10,0,5.3694,53.69,Origin_EE,EE,empty,True,23204.4437,23204.4437,100.0,4.42,0.57,4.1,0.0,4.1,3,4.42,0.0,0.57,100.0,1.4492,0.041,0.9276,1.078049
alibaba_j_1000038,Oracle,8,alibaba_real_dag,8,0,4.0417,40.42,Origin_EE,EE,empty,True,23204.4437,23204.4437,100.0,24.09,0.68,4.7,0.0,4.7,3,24.14,-0.04,0.84,100.0,1.3914,0.047,0.1947,5.13617
alibaba_j_1000078,Oracle,8,alibaba_real_dag,5,0,0.175,2.0,Origin_EE,EE,empty,True,23204.4437,23204.4437,100.0,-0.52,0.04,0.0,0.0,0.0,0,0.08,-0.6,0.04,100.0,0.0,0.0,0.0,0.0
alibaba_j_1000075,Oracle,8,alibaba_real_dag,3,0,0.0611,2.0,Origin_EE,EE,empty,True,23204.4437,23204.4437,100.0,-0.52,0.01,0.0,0.0,0.0,0,0.03,-0.55,0.02,100.0,0.0,0.0,0.0,0.0
alibaba_j_1000037,Oracle,8,alibaba_real_dag,3,0,0.025,2.0,Origin_EE,EE,empty,True,23204.4437,23204.4437,100.0,-0.97,0.01,0.0,0.0,0.0,0,0.02,-0.99,0.01,100.0,0.0,0.0,0.0,0.0
alibaba_j_1000034,Oracle,8,alibaba_real_dag,3,0,0.0194,2.0,Origin_EE,EE,empty,True,23204.4437,23204.4437,100.0,-0.05,0.0,0.0,0.0,0.0,0,0.01,-0.06,0.01,100.0,0.0,0.0,0.0,0.0
alibaba_j_1000039,Oracle,8,alibaba_real_dag,10,0,5.3694,53.69,Origin_ES,ES,empty,True,23328.9391,23328.9391,100.0,4.42,0.57,4.1,0.0,4.1,3,4.42,0.0,0.57,100.0,1.4492,0.041,0.9276,1.078049
alibaba_j_1000038,Oracle,8,alibaba_real_dag,8,0,4.0417,40.42,Origin_ES,ES,empty,True,23328.9391,23328.9391,100.0,24.09,0.68,4.7,0.0,4.7,3,24.14,-0.04,0.84,100.0,1.3914,0.047,0.1947,5.13617
alibaba_j_1000078,Oracle,8,alibaba_real_dag,5,0,0.175,2.0,Origin_ES,ES,empty,True,23328.9391,23328.9391,100.0,-0.52,0.04,0.0,0.0,0.0,0,0.08,-0.6,0.04,100.0,0.0,0.0,0.0,0.0
alibaba_j_1000075,Oracle,8,alibaba_real_dag,3,0,0.0611,2.0,Origin_ES,ES,empty,True,23328.9391,23328.9391,100.0,-0.52,0.01,0.0,0.0,0.0,0,0.03,-0.55,0.02,100.0,0.0,0.0,0.0,0.0
alibaba_j_1000037,Oracle,8,alibaba_real_dag,3,0,0.025,2.0,Origin_ES,ES,empty,True,23328.9391,23328.9391,100.0,-0.97,0.01,0.0,0.0,0.0,0,0.02,-0.99,0.01,100.0,0.0,0.0,0.0,0.0
alibaba_j_1000034,Oracle,8,alibaba_real_dag,3,0,0.0194,2.0,Origin_ES,ES,empty,True,23328.9391,23328.9391,100.0,-0.05,0.0,0.0,0.0,0.0,0,0.01,-0.06,0.01,100.0,0.0,0.0,0.0,0.0
alibaba_j_1000039,Oracle,8,alibaba_real_dag,10,0,5.3694,53.69,Origin_FI,FI,empty,True,23322.7634,23322.7634,100.0,4.42,0.57,4.1,0.0,4.1,3,4.42,0.0,0.57,100.0,1.4492,0.041,0.9276,1.078049
alibaba_j_1000038,Oracle,8,alibaba_real_dag,8,0,4.0417,40.42,Origin_FI,FI,empty,True,23322.7634,23322.7634,100.0,24.09,0.68,4.7,0.0,4.7,3,24.14,-0.04,0.84,100.0,1.3914,0.047,0.1947,5.13617
alibaba_j_1000078,Oracle,8,alibaba_real_dag,5,0,0.175,2.0,Origin_FI,FI,empty,True,23322.7634,23322.7634,100.0,-0.52,0.04,0.0,0.0,0.0,0,0.08,-0.6,0.04,100.0,0.0,0.0,0.0,0.0
alibaba_j_1000075,Oracle,8,alibaba_real_dag,3,0,0.0611,2.0,Origin_FI,FI,empty,True,23322.7634,23322.7634,100.0,-0.52,0.01,0.0,0.0,0.0,0,0.03,-0.55,0.02,100.0,0.0,0.0,0.0,0.0
alibaba_j_1000037,Oracle,8,alibaba_real_dag,3,0,0.025,2.0,Origin_FI,FI,empty,True,23322.7634,23322.7634,100.0,-0.97,0.01,0.0,0.0,0.0,0,0.02,-0.99,0.01,100.0,0.0,0.0,0.0,0.0
alibaba_j_1000034,Oracle,8,alibaba_real_dag,3,0,0.0194,2.0,Origin_FI,FI,empty,True,23322.7634,23322.7634,100.0,-0.05,0.0,0.0,0.0,0.0,0,0.01,-0.06,0.01,100.0,0.0,0.0,0.0,0.0
alibaba_j_1000039,Oracle,8,alibaba_real_dag,10,0,5.3694,53.69,Origin_FR,FR,empty,True,23308.2494,23308.2494,100.0,4.42,0.57,4.1,0.0,4.1,3,4.42,0.0,0.57,100.0,1.4492,0.041,0.9276,1.078049
alibaba_j_1000038,Oracle,8,alibaba_real_dag,8,0,4.0417,40.42,Origin_FR,FR,empty,True,23308.2494,23308.2494,100.0,24.09,0.68,4.7,0.0,4.7,3,24.14,-0.04,0.84,100.0,1.3914,0.047,0.1947,5.13617
alibaba_j_1000078,Oracle,8,alibaba_real_dag,5,0,0.175,2.0,Origin_FR,FR,empty,True,23308.2494,23308.2494,100.0,-0.52,0.04,0.0,0.0,0.0,0,0.08,-0.6,0.04,100.0,0.0,0.0,0.0,0.0
alibaba_j_1000075,Oracle,8,alibaba_real_dag,3,0,0.0611,2.0,Origin_FR,FR,empty,True,23308.2494,23308.2494,100.0,-0.52,0.01,0.0,0.0,0.0,0,0.03,-0.55,0.02,100.0,0.0,0.0,0.0,0.0
alibaba_j_1000037,Oracle,8,alibaba_real_dag,3,0,0.025,2.0,Origin_FR,FR,empty,True,23308.2494,23308.2494,100.0,-0.97,0.01,0.0,0.0,0.0,0,0.02,-0.99,0.01,100.0,0.0,0.0,0.0,0.0
alibaba_j_1000034,Oracle,8,alibaba_real_dag,3,0,0.0194,2.0,Origin_FR,FR,empty,True,23308.2494,23308.2494,100.0,-0.05,0.0,0.0,0.0,0.0,0,0.01,-0.06,0.01,100.0,0.0,0.0,0.0,0.0
alibaba_j_1000039,Oracle,8,alibaba_real_dag,10,0,5.3694,53.69,Origin_GB-NIR,GB-NIR,empty,True,23337.8537,23337.8537,100.0,4.42,0.57,4.1,0.0,4.1,3,4.42,0.0,0.57,100.0,1.4492,0.041,0.9276,1.078049
alibaba_j_1000038,Oracle,8,alibaba_real_dag,8,0,4.0417,40.42,Origin_GB-NIR,GB-NIR,empty,True,23337.8537,23337.8537,100.0,24.09,0.68,4.7,0.0,4.7,3,24.14,-0.04,0.84,100.0,1.3914,0.047,0.1947,5.13617
alibaba_j_1000078,Oracle,8,alibaba_real_dag,5,0,0.175,2.0,Origin_GB-NIR,GB-NIR,empty,True,23337.8537,23337.8537,100.0,-0.52,0.04,0.0,0.0,0.0,0,0.08,-0.6,0.04,100.0,0.0,0.0,0.0,0.0
alibaba_j_1000075,Oracle,8,alibaba_real_dag,3,0,0.0611,2.0,Origin_GB-NIR,GB-NIR,empty,True,23337.8537,23337.8537,100.0,-0.52,0.01,0.0,0.0,0.0,0,0.03,-0.55,0.02,100.0,0.0,0.0,0.0,0.0
alibaba_j_1000037,Oracle,8,alibaba_real_dag,3,0,0.025,2.0,Origin_GB-NIR,GB-NIR,empty,True,23337.8537,23337.8537,100.0,-0.97,0.01,0.0,0.0,0.0,0,0.02,-0.99,0.01,100.0,0.0,0.0,0.0,0.0
alibaba_j_1000034,Oracle,8,alibaba_real_dag,3,0,0.0194,2.0,Origin_GB-NIR,GB-NIR,empty,True,23337.8537,23337.8537,100.0,-0.05,0.0,0.0,0.0,0.0,0,0.01,-0.06,0.01,100.0,0.0,0.0,0.0,0.0
alibaba_j_1000039,Oracle,8,alibaba_real_dag,10,0,5.3694,53.69,Origin_GB,GB,empty,True,23311.7874,23311.7874,100.0,4.42,0.57,4.1,0.0,4.1,3,4.42,0.0,0.57,100.0,1.4492,0.041,0.9276,1.078049
alibaba_j_1000038,Oracle,8,alibaba_real_dag,8,0,4.0417,40.42,Origin_GB,GB,empty,True,23311.7874,23311.7874,100.0,24.09,0.68,4.7,0.0,4.7,3,24.14,-0.04,0.84,100.0,1.3914,0.047,0.1947,5.13617
alibaba_j_1000078,Oracle,8,alibaba_real_dag,5,0,0.175,2.0,Origin_GB,GB,empty,True,23311.7874,23311.7874,100.0,-0.52,0.04,0.0,0.0,0.0,0,0.08,-0.6,0.04,100.0,0.0,0.0,0.0,0.0
alibaba_j_1000075,Oracle,8,alibaba_real_dag,3,0,0.0611,2.0,Origin_GB,GB,empty,True,23311.7874,23311.7874,100.0,-0.52,0.01,0.0,0.0,0.0,0,0.03,-0.55,0.02,100.0,0.0,0.0,0.0,0.0
alibaba_j_1000037,Oracle,8,alibaba_real_dag,3,0,0.025,2.0,Origin_GB,GB,empty,True,23311.7874,23311.7874,100.0,-0.97,0.01,0.0,0.0,0.0,0,0.02,-0.99,0.01,100.0,0.0,0.0,0.0,0.0
alibaba_j_1000034,Oracle,8,alibaba_real_dag,3,0,0.0194,2.0,Origin_GB,GB,empty,True,23311.7874,23311.7874,100.0,-0.05,0.0,0.0,0.0,0.0,0,0.01,-0.06,0.01,100.0,0.0,0.0,0.0,0.0
alibaba_j_1000039,Oracle,8,alibaba_real_dag,10,0,5.3694,53.69,Origin_GR,GR,empty,True,23228.6873,23228.6873,100.0,4.42,0.57,4.1,0.0,4.1,3,4.42,0.0,0.57,100.0,1.4492,0.041,0.9276,1.078049
alibaba_j_1000038,Oracle,8,alibaba_real_dag,8,0,4.0417,40.42,Origin_GR,GR,empty,True,23228.6873,23228.6873,100.0,24.09,0.68,4.7,0.0,4.7,3,24.14,-0.04,0.84,100.0,1.3914,0.047,0.1947,5.13617
alibaba_j_1000078,Oracle,8,alibaba_real_dag,5,0,0.175,2.0,Origin_GR,GR,empty,True,23228.6873,23228.6873,100.0,-0.52,0.04,0.0,0.0,0.0,0,0.08,-0.6,0.04,100.0,0.0,0.0,0.0,0.0
alibaba_j_1000075,Oracle,8,alibaba_real_dag,3,0,0.0611,2.0,Origin_GR,GR,empty,True,23228.6873,23228.6873,100.0,-0.52,0.01,0.0,0.0,0.0,0,0.03,-0.55,0.02,100.0,0.0,0.0,0.0,0.0
alibaba_j_1000037,Oracle,8,alibaba_real_dag,3,0,0.025,2.0,Origin_GR,GR,empty,True,23228.6873,23228.6873,100.0,-0.97,0.01,0.0,0.0,0.0,0,0.02,-0.99,0.01,100.0,0.0,0.0,0.0,0.0
alibaba_j_1000034,Oracle,8,alibaba_real_dag,3,0,0.0194,2.0,Origin_GR,GR,empty,True,23228.6873,23228.6873,100.0,-0.05,0.0,0.0,0.0,0.0,0,0.01,-0.06,0.01,100.0,0.0,0.0,0.0,0.0
alibaba_j_1000039,Oracle,8,alibaba_real_dag,10,0,5.3694,53.69,Origin_HK,HK,empty,True,23275.1858,23275.1858,100.0,4.42,0.57,4.1,0.0,4.1,3,4.42,0.0,0.57,100.0,1.4492,0.041,0.9276,1.078049
alibaba_j_1000038,Oracle,8,alibaba_real_dag,8,0,4.0417,40.42,Origin_HK,HK,empty,True,23275.1858,23275.1858,100.0,24.09,0.68,4.7,0.0,4.7,3,24.14,-0.04,0.84,100.0,1.3914,0.047,0.1947,5.13617
alibaba_j_1000078,Oracle,8,alibaba_real_dag,5,0,0.175,2.0,Origin_HK,HK,empty,True,23275.1858,23275.1858,100.0,-0.52,0.04,0.0,0.0,0.0,0,0.08,-0.6,0.04,100.0,0.0,0.0,0.0,0.0
alibaba_j_1000075,Oracle,8,alibaba_real_dag,3,0,0.0611,2.0,Origin_HK,HK,empty,True,23275.1858,23275.1858,100.0,-0.52,0.01,0.0,0.0,0.0,0,0.03,-0.55,0.02,100.0,0.0,0.0,0.0,0.0
alibaba_j_1000037,Oracle,8,alibaba_real_dag,3,0,0.025,2.0,Origin_HK,HK,empty,True,23275.1858,23275.1858,100.0,-0.97,0.01,0.0,0.0,0.0,0,0.02,-0.99,0.01,100.0,0.0,0.0,0.0,0.0
alibaba_j_1000034,Oracle,8,alibaba_real_dag,3,0,0.0194,2.0,Origin_HK,HK,empty,True,23275.1858,23275.1858,100.0,-0.05,0.0,0.0,0.0,0.0,0,0.01,-0.06,0.01,100.0,0.0,0.0,0.0,0.0
alibaba_j_1000039,Oracle,8,alibaba_real_dag,10,0,5.3694,53.69,Origin_HR,HR,empty,True,23275.3893,23275.3893,100.0,4.42,0.57,4.1,0.0,4.1,3,4.42,0.0,0.57,100.0,1.4492,0.041,0.9276,1.078049
alibaba_j_1000038,Oracle,8,alibaba_real_dag,8,0,4.0417,40.42,Origin_HR,HR,empty,True,23275.3893,23275.3893,100.0,24.09,0.68,4.7,0.0,4.7,3,24.14,-0.04,0.84,100.0,1.3914,0.047,0.1947,5.13617
alibaba_j_1000078,Oracle,8,alibaba_real_dag,5,0,0.175,2.0,Origin_HR,HR,empty,True,23275.3893,23275.3893,100.0,-0.52,0.04,0.0,0.0,0.0,0,0.08,-0.6,0.04,100.0,0.0,0.0,0.0,0.0
alibaba_j_1000075,Oracle,8,alibaba_real_dag,3,0,0.0611,2.0,Origin_HR,HR,empty,True,23275.3893,23275.3893,100.0,-0.52,0.01,0.0,0.0,0.0,0,0.03,-0.55,0.02,100.0,0.0,0.0,0.0,0.0
alibaba_j_1000037,Oracle,8,alibaba_real_dag,3,0,0.025,2.0,Origin_HR,HR,empty,True,23275.3893,23275.3893,100.0,-0.97,0.01,0.0,0.0,0.0,0,0.02,-0.99,0.01,100.0,0.0,0.0,0.0,0.0
alibaba_j_1000034,Oracle,8,alibaba_real_dag,3,0,0.0194,2.0,Origin_HR,HR,empty,True,23275.3893,23275.3893,100.0,-0.05,0.0,0.0,0.0,0.0,0,0.01,-0.06,0.01,100.0,0.0,0.0,0.0,0.0
alibaba_j_1000039,Oracle,8,alibaba_real_dag,10,0,5.3694,53.69,Origin_HU,HU,empty,True,23330.8513,23330.8513,100.0,4.42,0.57,4.1,0.0,4.1,3,4.42,0.0,0.57,100.0,1.4492,0.041,0.9276,1.078049
alibaba_j_1000038,Oracle,8,alibaba_real_dag,8,0,4.0417,40.42,Origin_HU,HU,empty,True,23330.8513,23330.8513,100.0,24.09,0.68,4.7,0.0,4.7,3,24.14,-0.04,0.84,100.0,1.3914,0.047,0.1947,5.13617
alibaba_j_1000078,Oracle,8,alibaba_real_dag,5,0,0.175,2.0,Origin_HU,HU,empty,True,23330.8513,23330.8513,100.0,-0.52,0.04,0.0,0.0,0.0,0,0.08,-0.6,0.04,100.0,0.0,0.0,0.0,0.0
alibaba_j_1000075,Oracle,8,alibaba_real_dag,3,0,0.0611,2.0,Origin_HU,HU,empty,True,23330.8513,23330.8513,100.0,-0.52,0.01,0.0,0.0,0.0,0,0.03,-0.55,0.02,100.0,0.0,0.0,0.0,0.0
alibaba_j_1000037,Oracle,8,alibaba_real_dag,3,0,0.025,2.0,Origin_HU,HU,empty,True,23330.8513,23330.8513,100.0,-0.97,0.01,0.0,0.0,0.0,0,0.02,-0.99,0.01,100.0,0.0,0.0,0.0,0.0
alibaba_j_1000034,Oracle,8,alibaba_real_dag,3,0,0.0194,2.0,Origin_HU,HU,empty,True,23330.8513,23330.8513,100.0,-0.05,0.0,0.0,0.0,0.0,0,0.01,-0.06,0.01,100.0,0.0,0.0,0.0,0.0
alibaba_j_1000039,Oracle,8,alibaba_real_dag,10,0,5.3694,53.69,Origin_ID,ID,empty,True,23182.1931,23182.1931,100.0,4.42,0.57,4.1,0.0,4.1,3,4.42,0.0,0.57,100.0,1.4492,0.041,0.9276,1.078049
alibaba_j_1000038,Oracle,8,alibaba_real_dag,8,0,4.0417,40.42,Origin_ID,ID,empty,True,23182.1931,23182.1931,100.0,24.09,0.68,4.7,0.0,4.7,3,24.14,-0.04,0.84,100.0,1.3914,0.047,0.1947,5.13617
alibaba_j_1000078,Oracle,8,alibaba_real_dag,5,0,0.175,2.0,Origin_ID,ID,empty,True,23182.1931,23182.1931,100.0,-0.52,0.04,0.0,0.0,0.0,0,0.08,-0.6,0.04,100.0,0.0,0.0,0.0,0.0
alibaba_j_1000075,Oracle,8,alibaba_real_dag,3,0,0.0611,2.0,Origin_ID,ID,empty,True,23182.1931,23182.1931,100.0,-0.52,0.01,0.0,0.0,0.0,0,0.03,-0.55,0.02,100.0,0.0,0.0,0.0,0.0
alibaba_j_1000037,Oracle,8,alibaba_real_dag,3,0,0.025,2.0,Origin_ID,ID,empty,True,23182.1931,23182.1931,100.0,-0.97,0.01,0.0,0.0,0.0,0,0.02,-0.99,0.01,100.0,0.0,0.0,0.0,0.0
alibaba_j_1000034,Oracle,8,alibaba_real_dag,3,0,0.0194,2.0,Origin_ID,ID,empty,True,23182.1931,23182.1931,100.0,-0.05,0.0,0.0,0.0,0.0,0,0.01,-0.06,0.01,100.0,0.0,0.0,0.0,0.0
alibaba_j_1000039,Oracle,8,alibaba_real_dag,10,0,5.3694,53.69,Origin_IE,IE,empty,True,23332.2075,23332.2075,100.0,4.42,0.57,4.1,0.0,4.1,3,4.42,0.0,0.57,100.0,1.4492,0.041,0.9276,1.078049
alibaba_j_1000038,Oracle,8,alibaba_real_dag,8,0,4.0417,40.42,Origin_IE,IE,empty,True,23332.2075,23332.2075,100.0,24.09,0.68,4.7,0.0,4.7,3,24.14,-0.04,0.84,100.0,1.3914,0.047,0.1947,5.13617
alibaba_j_1000078,Oracle,8,alibaba_real_dag,5,0,0.175,2.0,Origin_IE,IE,empty,True,23332.2075,23332.2075,100.0,-0.52,0.04,0.0,0.0,0.0,0,0.08,-0.6,0.04,100.0,0.0,0.0,0.0,0.0
alibaba_j_1000075,Oracle,8,alibaba_real_dag,3,0,0.0611,2.0,Origin_IE,IE,empty,True,23332.2075,23332.2075,100.0,-0.52,0.01,0.0,0.0,0.0,0,0.03,-0.55,0.02,100.0,0.0,0.0,0.0,0.0
alibaba_j_1000037,Oracle,8,alibaba_real_dag,3,0,0.025,2.0,Origin_IE,IE,empty,True,23332.2075,23332.2075,100.0,-0.97,0.01,0.0,0.0,0.0,0,0.02,-0.99,0.01,100.0,0.0,0.0,0.0,0.0
alibaba_j_1000034,Oracle,8,alibaba_real_dag,3,0,0.0194,2.0,Origin_IE,IE,empty,True,23332.2075,23332.2075,100.0,-0.05,0.0,0.0,0.0,0.0,0,0.01,-0.06,0.01,100.0,0.0,0.0,0.0,0.0
alibaba_j_1000039,Oracle,8,alibaba_real_dag,10,0,5.3694,53.69,Origin_IL,IL,empty,True,23321.0635,23321.0635,100.0,4.42,0.57,4.1,0.0,4.1,3,4.42,0.0,0.57,100.0,1.4492,0.041,0.9276,1.078049
alibaba_j_1000038,Oracle,8,alibaba_real_dag,8,0,4.0417,40.42,Origin_IL,IL,empty,True,23321.0635,23321.0635,100.0,24.09,0.68,4.7,0.0,4.7,3,24.14,-0.04,0.84,100.0,1.3914,0.047,0.1947,5.13617
alibaba_j_1000078,Oracle,8,alibaba_real_dag,5,0,0.175,2.0,Origin_IL,IL,empty,True,23321.0635,23321.0635,100.0,-0.52,0.04,0.0,0.0,0.0,0,0.08,-0.6,0.04,100.0,0.0,0.0,0.0,0.0
alibaba_j_1000075,Oracle,8,alibaba_real_dag,3,0,0.0611,2.0,Origin_IL,IL,empty,True,23321.0635,23321.0635,100.0,-0.52,0.01,0.0,0.0,0.0,0,0.03,-0.55,0.02,100.0,0.0,0.0,0.0,0.0
alibaba_j_1000037,Oracle,8,alibaba_real_dag,3,0,0.025,2.0,Origin_IL,IL,empty,True,23321.0635,23321.0635,100.0,-0.97,0.01,0.0,0.0,0.0,0,0.02,-0.99,0.01,100.0,0.0,0.0,0.0,0.0
alibaba_j_1000034,Oracle,8,alibaba_real_dag,3,0,0.0194,2.0,Origin_IL,IL,empty,True,23321.0635,23321.0635,100.0,-0.05,0.0,0.0,0.0,0.0,0,0.01,-0.06,0.01,100.0,0.0,0.0,0.0,0.0
alibaba_j_1000039,Oracle,8,alibaba_real_dag,10,0,5.3694,53.69,Origin_IN-MH,IN-MH,empty,True,23250.5695,23250.5695,100.0,4.42,0.57,4.1,0.0,4.1,3,4.42,0.0,0.57,100.0,1.4492,0.041,0.9276,1.078049
alibaba_j_1000038,Oracle,8,alibaba_real_dag,8,0,4.0417,40.42,Origin_IN-MH,IN-MH,empty,True,23250.5695,23250.5695,100.0,24.09,0.68,4.7,0.0,4.7,3,24.14,-0.04,0.84,100.0,1.3914,0.047,0.1947,5.13617
alibaba_j_1000078,Oracle,8,alibaba_real_dag,5,0,0.175,2.0,Origin_IN-MH,IN-MH,empty,True,23250.5695,23250.5695,100.0,-0.52,0.04,0.0,0.0,0.0,0,0.08,-0.6,0.04,100.0,0.0,0.0,0.0,0.0
alibaba_j_1000075,Oracle,8,alibaba_real_dag,3,0,0.0611,2.0,Origin_IN-MH,IN-MH,empty,True,23250.5695,23250.5695,100.0,-0.52,0.01,0.0,0.0,0.0,0,0.03,-0.55,0.02,100.0,0.0,0.0,0.0,0.0
alibaba_j_1000037,Oracle,8,alibaba_real_dag,3,0,0.025,2.0,Origin_IN-MH,IN-MH,empty,True,23250.5695,23250.5695,100.0,-0.97,0.01,0.0,0.0,0.0,0,0.02,-0.99,0.01,100.0,0.0,0.0,0.0,0.0
alibaba_j_1000034,Oracle,8,alibaba_real_dag,3,0,0.0194,2.0,Origin_IN-MH,IN-MH,empty,True,23250.5695,23250.5695,100.0,-0.05,0.0,0.0,0.0,0.0,0,0.01,-0.06,0.01,100.0,0.0,0.0,0.0,0.0
alibaba_j_1000039,Oracle,8,alibaba_real_dag,10,0,5.3694,53.69,Origin_IN-UP,IN-UP,empty,True,23112.7045,23112.7045,100.0,4.42,0.57,4.1,0.0,4.1,3,4.42,0.0,0.57,100.0,1.4492,0.041,0.9276,1.078049
alibaba_j_1000038,Oracle,8,alibaba_real_dag,8,0,4.0417,40.42,Origin_IN-UP,IN-UP,empty,True,23112.7045,23112.7045,100.0,24.09,0.68,4.7,0.0,4.7,3,24.14,-0.04,0.84,100.0,1.3914,0.047,0.1947,5.13617
alibaba_j_1000078,Oracle,8,alibaba_real_dag,5,0,0.175,2.0,Origin_IN-UP,IN-UP,empty,True,23112.7045,23112.7045,100.0,-0.52,0.04,0.0,0.0,0.0,0,0.08,-0.6,0.04,100.0,0.0,0.0,0.0,0.0
alibaba_j_1000075,Oracle,8,alibaba_real_dag,3,0,0.0611,2.0,Origin_IN-UP,IN-UP,empty,True,23112.7045,23112.7045,100.0,-0.52,0.01,0.0,0.0,0.0,0,0.03,-0.55,0.02,100.0,0.0,0.0,0.0,0.0
alibaba_j_1000037,Oracle,8,alibaba_real_dag,3,0,0.025,2.0,Origin_IN-UP,IN-UP,empty,True,23112.7045,23112.7045,100.0,-0.97,0.01,0.0,0.0,0.0,0,0.02,-0.99,0.01,100.0,0.0,0.0,0.0,0.0
alibaba_j_1000034,Oracle,8,alibaba_real_dag,3,0,0.0194,2.0,Origin_IN-UP,IN-UP,empty,True,23112.7045,23112.7045,100.0,-0.05,0.0,0.0,0.0,0.0,0,0.01,-0.06,0.01,100.0,0.0,0.0,0.0,0.0
alibaba_j_1000039,Oracle,8,alibaba_real_dag,10,0,5.3694,53.69,Origin_IN-WE,IN-WE,empty,True,23236.5865,23236.5865,100.0,4.42,0.57,4.1,0.0,4.1,3,4.42,0.0,0.57,100.0,1.4492,0.041,0.9276,1.078049
alibaba_j_1000038,Oracle,8,alibaba_real_dag,8,0,4.0417,40.42,Origin_IN-WE,IN-WE,empty,True,23236.5865,23236.5865,100.0,24.09,0.68,4.7,0.0,4.7,3,24.14,-0.04,0.84,100.0,1.3914,0.047,0.1947,5.13617
alibaba_j_1000078,Oracle,8,alibaba_real_dag,5,0,0.175,2.0,Origin_IN-WE,IN-WE,empty,True,23236.5865,23236.5865,100.0,-0.52,0.04,0.0,0.0,0.0,0,0.08,-0.6,0.04,100.0,0.0,0.0,0.0,0.0
alibaba_j_1000075,Oracle,8,alibaba_real_dag,3,0,0.0611,2.0,Origin_IN-WE,IN-WE,empty,True,23236.5865,23236.5865,100.0,-0.52,0.01,0.0,0.0,0.0,0,0.03,-0.55,0.02,100.0,0.0,0.0,0.0,0.0
alibaba_j_1000037,Oracle,8,alibaba_real_dag,3,0,0.025,2.0,Origin_IN-WE,IN-WE,empty,True,23236.5865,23236.5865,100.0,-0.97,0.01,0.0,0.0,0.0,0,0.02,-0.99,0.01,100.0,0.0,0.0,0.0,0.0
alibaba_j_1000034,Oracle,8,alibaba_real_dag,3,0,0.0194,2.0,Origin_IN-WE,IN-WE,empty,True,23236.5865,23236.5865,100.0,-0.05,0.0,0.0,0.0,0.0,0,0.01,-0.06,0.01,100.0,0.0,0.0,0.0,0.0
alibaba_j_1000039,Oracle,8,alibaba_real_dag,10,0,5.3694,53.69,Origin_IT-CNO,IT-CNO,empty,True,23310.0977,23310.0977,100.0,4.42,0.57,4.1,0.0,4.1,3,4.42,0.0,0.57,100.0,1.4492,0.041,0.9276,1.078049
alibaba_j_1000038,Oracle,8,alibaba_real_dag,8,0,4.0417,40.42,Origin_IT-CNO,IT-CNO,empty,True,23310.0977,23310.0977,100.0,24.09,0.68,4.7,0.0,4.7,3,24.14,-0.04,0.84,100.0,1.3914,0.047,0.1947,5.13617
alibaba_j_1000078,Oracle,8,alibaba_real_dag,5,0,0.175,2.0,Origin_IT-CNO,IT-CNO,empty,True,23310.0977,23310.0977,100.0,-0.52,0.04,0.0,0.0,0.0,0,0.08,-0.6,0.04,100.0,0.0,0.0,0.0,0.0
alibaba_j_1000075,Oracle,8,alibaba_real_dag,3,0,0.0611,2.0,Origin_IT-CNO,IT-CNO,empty,True,23310.0977,23310.0977,100.0,-0.52,0.01,0.0,0.0,0.0,0,0.03,-0.55,0.02,100.0,0.0,0.0,0.0,0.0
alibaba_j_1000037,Oracle,8,alibaba_real_dag,3,0,0.025,2.0,Origin_IT-CNO,IT-CNO,empty,True,23310.0977,23310.0977,100.0,-0.97,0.01,0.0,0.0,0.0,0,0.02,-0.99,0.01,100.0,0.0,0.0,0.0,0.0
alibaba_j_1000034,Oracle,8,alibaba_real_dag,3,0,0.0194,2.0,Origin_IT-CNO,IT-CNO,empty,True,23310.0977,23310.0977,100.0,-0.05,0.0,0.0,0.0,0.0,0,0.01,-0.06,0.01,100.0,0.0,0.0,0.0,0.0
alibaba_j_1000039,Oracle,8,alibaba_real_dag,10,0,5.3694,53.69,Origin_IT-CSO,IT-CSO,empty,True,23256.8254,23256.8254,100.0,4.42,0.57,4.1,0.0,4.1,3,4.42,0.0,0.57,100.0,1.4492,0.041,0.9276,1.078049
alibaba_j_1000038,Oracle,8,alibaba_real_dag,8,0,4.0417,40.42,Origin_IT-CSO,IT-CSO,empty,True,23256.8254,23256.8254,100.0,24.09,0.68,4.7,0.0,4.7,3,24.14,-0.04,0.84,100.0,1.3914,0.047,0.1947,5.13617
alibaba_j_1000078,Oracle,8,alibaba_real_dag,5,0,0.175,2.0,Origin_IT-CSO,IT-CSO,empty,True,23256.8254,23256.8254,100.0,-0.52,0.04,0.0,0.0,0.0,0,0.08,-0.6,0.04,100.0,0.0,0.0,0.0,0.0
alibaba_j_1000075,Oracle,8,alibaba_real_dag,3,0,0.0611,2.0,Origin_IT-CSO,IT-CSO,empty,True,23256.8254,23256.8254,100.0,-0.52,0.01,0.0,0.0,0.0,0,0.03,-0.55,0.02,100.0,0.0,0.0,0.0,0.0
alibaba_j_1000037,Oracle,8,alibaba_real_dag,3,0,0.025,2.0,Origin_IT-CSO,IT-CSO,empty,True,23256.8254,23256.8254,100.0,-0.97,0.01,0.0,0.0,0.0,0,0.02,-0.99,0.01,100.0,0.0,0.0,0.0,0.0
alibaba_j_1000034,Oracle,8,alibaba_real_dag,3,0,0.0194,2.0,Origin_IT-CSO,IT-CSO,empty,True,23256.8254,23256.8254,100.0,-0.05,0.0,0.0,0.0,0.0,0,0.01,-0.06,0.01,100.0,0.0,0.0,0.0,0.0
alibaba_j_1000039,Oracle,8,alibaba_real_dag,10,0,5.3694,53.69,Origin_IT-NO,IT-NO,empty,True,23199.6898,23199.6898,100.0,4.42,0.57,4.1,0.0,4.1,3,4.42,0.0,0.57,100.0,1.4492,0.041,0.9276,1.078049
alibaba_j_1000038,Oracle,8,alibaba_real_dag,8,0,4.0417,40.42,Origin_IT-NO,IT-NO,empty,True,23199.6898,23199.6898,100.0,24.09,0.68,4.7,0.0,4.7,3,24.14,-0.04,0.84,100.0,1.3914,0.047,0.1947,5.13617
alibaba_j_1000078,Oracle,8,alibaba_real_dag,5,0,0.175,2.0,Origin_IT-NO,IT-NO,empty,True,23199.6898,23199.6898,100.0,-0.52,0.04,0.0,0.0,0.0,0,0.08,-0.6,0.04,100.0,0.0,0.0,0.0,0.0
alibaba_j_1000075,Oracle,8,alibaba_real_dag,3,0,0.0611,2.0,Origin_IT-NO,IT-NO,empty,True,23199.6898,23199.6898,100.0,-0.52,0.01,0.0,0.0,0.0,0,0.03,-0.55,0.02,100.0,0.0,0.0,0.0,0.0
alibaba_j_1000037,Oracle,8,alibaba_real_dag,3,0,0.025,2.0,Origin_IT-NO,IT-NO,empty,True,23199.6898,23199.6898,100.0,-0.97,0.01,0.0,0.0,0.0,0,0.02,-0.99,0.01,100.0,0.0,0.0,0.0,0.0
alibaba_j_1000034,Oracle,8,alibaba_real_dag,3,0,0.0194,2.0,Origin_IT-NO,IT-NO,empty,True,23199.6898,23199.6898,100.0,-0.05,0.0,0.0,0.0,0.0,0,0.01,-0.06,0.01,100.0,0.0,0.0,0.0,0.0
alibaba_j_1000039,Oracle,8,alibaba_real_dag,10,0,5.3694,53.69,Origin_IT-SAR,IT-SAR,empty,True,23165.6462,23165.6462,100.0,4.42,0.57,4.1,0.0,4.1,3,4.42,0.0,0.57,100.0,1.4492,0.041,0.9276,1.078049
alibaba_j_1000038,Oracle,8,alibaba_real_dag,8,0,4.0417,40.42,Origin_IT-SAR,IT-SAR,empty,True,23165.6462,23165.6462,100.0,24.09,0.68,4.7,0.0,4.7,3,24.14,-0.04,0.84,100.0,1.3914,0.047,0.1947,5.13617
alibaba_j_1000078,Oracle,8,alibaba_real_dag,5,0,0.175,2.0,Origin_IT-SAR,IT-SAR,empty,True,23165.6462,23165.6462,100.0,-0.52,0.04,0.0,0.0,0.0,0,0.08,-0.6,0.04,100.0,0.0,0.0,0.0,0.0
alibaba_j_1000075,Oracle,8,alibaba_real_dag,3,0,0.0611,2.0,Origin_IT-SAR,IT-SAR,empty,True,23165.6462,23165.6462,100.0,-0.52,0.01,0.0,0.0,0.0,0,0.03,-0.55,0.02,100.0,0.0,0.0,0.0,0.0
alibaba_j_1000037,Oracle,8,alibaba_real_dag,3,0,0.025,2.0,Origin_IT-SAR,IT-SAR,empty,True,23165.6462,23165.6462,100.0,-0.97,0.01,0.0,0.0,0.0,0,0.02,-0.99,0.01,100.0,0.0,0.0,0.0,0.0
alibaba_j_1000034,Oracle,8,alibaba_real_dag,3,0,0.0194,2.0,Origin_IT-SAR,IT-SAR,empty,True,23165.6462,23165.6462,100.0,-0.05,0.0,0.0,0.0,0.0,0,0.01,-0.06,0.01,100.0,0.0,0.0,0.0,0.0
alibaba_j_1000039,Oracle,8,alibaba_real_dag,10,0,5.3694,53.69,Origin_IT-SIC,IT-SIC,empty,True,23219.3458,23219.3458,100.0,4.42,0.57,4.1,0.0,4.1,3,4.42,0.0,0.57,100.0,1.4492,0.041,0.9276,1.078049
alibaba_j_1000038,Oracle,8,alibaba_real_dag,8,0,4.0417,40.42,Origin_IT-SIC,IT-SIC,empty,True,23219.3458,23219.3458,100.0,24.09,0.68,4.7,0.0,4.7,3,24.14,-0.04,0.84,100.0,1.3914,0.047,0.1947,5.13617
alibaba_j_1000078,Oracle,8,alibaba_real_dag,5,0,0.175,2.0,Origin_IT-SIC,IT-SIC,empty,True,23219.3458,23219.3458,100.0,-0.52,0.04,0.0,0.0,0.0,0,0.08,-0.6,0.04,100.0,0.0,0.0,0.0,0.0
alibaba_j_1000075,Oracle,8,alibaba_real_dag,3,0,0.0611,2.0,Origin_IT-SIC,IT-SIC,empty,True,23219.3458,23219.3458,100.0,-0.52,0.01,0.0,0.0,0.0,0,0.03,-0.55,0.02,100.0,0.0,0.0,0.0,0.0
alibaba_j_1000037,Oracle,8,alibaba_real_dag,3,0,0.025,2.0,Origin_IT-SIC,IT-SIC,empty,True,23219.3458,23219.3458,100.0,-0.97,0.01,0.0,0.0,0.0,0,0.02,-0.99,0.01,100.0,0.0,0.0,0.0,0.0
alibaba_j_1000034,Oracle,8,alibaba_real_dag,3,0,0.0194,2.0,Origin_IT-SIC,IT-SIC,empty,True,23219.3458,23219.3458,100.0,-0.05,0.0,0.0,0.0,0.0,0,0.01,-0.06,0.01,100.0,0.0,0.0,0.0,0.0
alibaba_j_1000039,Oracle,8,alibaba_real_dag,10,0,5.3694,53.69,Origin_IT-SO,IT-SO,empty,True,23392.8472,23392.8472,100.0,4.42,0.57,4.1,0.0,4.1,3,4.42,0.0,0.57,100.0,1.4492,0.041,0.9276,1.078049
alibaba_j_1000038,Oracle,8,alibaba_real_dag,8,0,4.0417,40.42,Origin_IT-SO,IT-SO,empty,True,23392.8472,23392.8472,100.0,24.09,0.68,4.7,0.0,4.7,3,24.14,-0.04,0.84,100.0,1.3914,0.047,0.1947,5.13617
alibaba_j_1000078,Oracle,8,alibaba_real_dag,5,0,0.175,2.0,Origin_IT-SO,IT-SO,empty,True,23392.8472,23392.8472,100.0,-0.52,0.04,0.0,0.0,0.0,0,0.08,-0.6,0.04,100.0,0.0,0.0,0.0,0.0
alibaba_j_1000075,Oracle,8,alibaba_real_dag,3,0,0.0611,2.0,Origin_IT-SO,IT-SO,empty,True,23392.8472,23392.8472,100.0,-0.52,0.01,0.0,0.0,0.0,0,0.03,-0.55,0.02,100.0,0.0,0.0,0.0,0.0
alibaba_j_1000037,Oracle,8,alibaba_real_dag,3,0,0.025,2.0,Origin_IT-SO,IT-SO,empty,True,23392.8472,23392.8472,100.0,-0.97,0.01,0.0,0.0,0.0,0,0.02,-0.99,0.01,100.0,0.0,0.0,0.0,0.0
alibaba_j_1000034,Oracle,8,alibaba_real_dag,3,0,0.0194,2.0,Origin_IT-SO,IT-SO,empty,True,23392.8472,23392.8472,100.0,-0.05,0.0,0.0,0.0,0.0,0,0.01,-0.06,0.01,100.0,0.0,0.0,0.0,0.0
alibaba_j_1000039,Oracle,8,alibaba_real_dag,10,0,5.3694,53.69,Origin_JP-KN,JP-KN,empty,True,4219.3998,4219.3998,100.0,4.42,0.57,4.1,0.0,4.1,3,4.42,0.0,0.57,100.0,1.4492,0.041,0.9276,1.078049
alibaba_j_1000038,Oracle,8,alibaba_real_dag,8,0,4.0417,40.42,Origin_JP-KN,JP-KN,empty,True,4219.3998,4219.3998,100.0,24.09,0.68,4.7,0.0,4.7,3,24.14,-0.04,0.84,100.0,1.3914,0.047,0.1947,5.13617
alibaba_j_1000078,Oracle,8,alibaba_real_dag,5,0,0.175,2.0,Origin_JP-KN,JP-KN,empty,True,4219.3998,4219.3998,100.0,-0.52,0.04,0.0,0.0,0.0,0,0.08,-0.6,0.04,100.0,0.0,0.0,0.0,0.0
alibaba_j_1000075,Oracle,8,alibaba_real_dag,3,0,0.0611,2.0,Origin_JP-KN,JP-KN,empty,True,4219.3998,4219.3998,100.0,-0.52,0.01,0.0,0.0,0.0,0,0.03,-0.55,0.02,100.0,0.0,0.0,0.0,0.0
alibaba_j_1000037,Oracle,8,alibaba_real_dag,3,0,0.025,2.0,Origin_JP-KN,JP-KN,empty,True,4219.3998,4219.3998,100.0,-0.97,0.01,0.0,0.0,0.0,0,0.02,-0.99,0.01,100.0,0.0,0.0,0.0,0.0
alibaba_j_1000034,Oracle,8,alibaba_real_dag,3,0,0.0194,2.0,Origin_JP-KN,JP-KN,empty,True,4219.3998,4219.3998,100.0,-0.05,0.0,0.0,0.0,0.0,0,0.01,-0.06,0.01,100.0,0.0,0.0,0.0,0.0
alibaba_j_1000039,Oracle,8,alibaba_real_dag,10,0,5.3694,53.69,Origin_JP-TK,JP-TK,empty,True,4211.3115,4211.3115,100.0,4.42,0.57,4.1,0.0,4.1,3,4.42,0.0,0.57,100.0,1.4492,0.041,0.9276,1.078049
alibaba_j_1000038,Oracle,8,alibaba_real_dag,8,0,4.0417,40.42,Origin_JP-TK,JP-TK,empty,True,4211.3115,4211.3115,100.0,24.09,0.68,4.7,0.0,4.7,3,24.14,-0.04,0.84,100.0,1.3914,0.047,0.1947,5.13617
alibaba_j_1000078,Oracle,8,alibaba_real_dag,5,0,0.175,2.0,Origin_JP-TK,JP-TK,empty,True,4211.3115,4211.3115,100.0,-0.52,0.04,0.0,0.0,0.0,0,0.08,-0.6,0.04,100.0,0.0,0.0,0.0,0.0
alibaba_j_1000075,Oracle,8,alibaba_real_dag,3,0,0.0611,2.0,Origin_JP-TK,JP-TK,empty,True,4211.3115,4211.3115,100.0,-0.52,0.01,0.0,0.0,0.0,0,0.03,-0.55,0.02,100.0,0.0,0.0,0.0,0.0
alibaba_j_1000037,Oracle,8,alibaba_real_dag,3,0,0.025,2.0,Origin_JP-TK,JP-TK,empty,True,4211.3115,4211.3115,100.0,-0.97,0.01,0.0,0.0,0.0,0,0.02,-0.99,0.01,100.0,0.0,0.0,0.0,0.0
alibaba_j_1000034,Oracle,8,alibaba_real_dag,3,0,0.0194,2.0,Origin_JP-TK,JP-TK,empty,True,4211.3115,4211.3115,100.0,-0.05,0.0,0.0,0.0,0.0,0,0.01,-0.06,0.01,100.0,0.0,0.0,0.0,0.0
alibaba_j_1000039,Oracle,8,alibaba_real_dag,10,0,5.3694,53.69,Origin_KR,KR,empty,True,4220.3456,4220.3456,100.0,4.42,0.57,4.1,0.0,4.1,3,4.42,0.0,0.57,100.0,1.4492,0.041,0.9276,1.078049
alibaba_j_1000038,Oracle,8,alibaba_real_dag,8,0,4.0417,40.42,Origin_KR,KR,empty,True,4220.3456,4220.3456,100.0,24.09,0.68,4.7,0.0,4.7,3,24.14,-0.04,0.84,100.0,1.3914,0.047,0.1947,5.13617
alibaba_j_1000078,Oracle,8,alibaba_real_dag,5,0,0.175,2.0,Origin_KR,KR,empty,True,4220.3456,4220.3456,100.0,-0.52,0.04,0.0,0.0,0.0,0,0.08,-0.6,0.04,100.0,0.0,0.0,0.0,0.0
alibaba_j_1000075,Oracle,8,alibaba_real_dag,3,0,0.0611,2.0,Origin_KR,KR,empty,True,4220.3456,4220.3456,100.0,-0.52,0.01,0.0,0.0,0.0,0,0.03,-0.55,0.02,100.0,0.0,0.0,0.0,0.0
alibaba_j_1000037,Oracle,8,alibaba_real_dag,3,0,0.025,2.0,Origin_KR,KR,empty,True,4220.3456,4220.3456,100.0,-0.97,0.01,0.0,0.0,0.0,0,0.02,-0.99,0.01,100.0,0.0,0.0,0.0,0.0
alibaba_j_1000034,Oracle,8,alibaba_real_dag,3,0,0.0194,2.0,Origin_KR,KR,empty,True,4220.3456,4220.3456,100.0,-0.05,0.0,0.0,0.0,0.0,0,0.01,-0.06,0.01,100.0,0.0,0.0,0.0,0.0
alibaba_j_1000039,Oracle,8,alibaba_real_dag,10,0,5.3694,53.69,Origin_LT,LT,empty,True,4217.8304,4217.8304,100.0,4.42,0.57,4.1,0.0,4.1,3,4.42,0.0,0.57,100.0,1.4492,0.041,0.9276,1.078049
alibaba_j_1000038,Oracle,8,alibaba_real_dag,8,0,4.0417,40.42,Origin_LT,LT,empty,True,4217.8304,4217.8304,100.0,24.09,0.68,4.7,0.0,4.7,3,24.14,-0.04,0.84,100.0,1.3914,0.047,0.1947,5.13617
alibaba_j_1000078,Oracle,8,alibaba_real_dag,5,0,0.175,2.0,Origin_LT,LT,empty,True,4217.8304,4217.8304,100.0,-0.52,0.04,0.0,0.0,0.0,0,0.08,-0.6,0.04,100.0,0.0,0.0,0.0,0.0
alibaba_j_1000075,Oracle,8,alibaba_real_dag,3,0,0.0611,2.0,Origin_LT,LT,empty,True,4217.8304,4217.8304,100.0,-0.52,0.01,0.0,0.0,0.0,0,0.03,-0.55,0.02,100.0,0.0,0.0,0.0,0.0
alibaba_j_1000037,Oracle,8,alibaba_real_dag,3,0,0.025,2.0,Origin_LT,LT,empty,True,4217.8304,4217.8304,100.0,-0.97,0.01,0.0,0.0,0.0,0,0.02,-0.99,0.01,100.0,0.0,0.0,0.0,0.0
alibaba_j_1000034,Oracle,8,alibaba_real_dag,3,0,0.0194,2.0,Origin_LT,LT,empty,True,4217.8304,4217.8304,100.0,-0.05,0.0,0.0,0.0,0.0,0,0.01,-0.06,0.01,100.0,0.0,0.0,0.0,0.0
alibaba_j_1000039,Oracle,8,alibaba_real_dag,10,0,5.3694,53.69,Origin_LU,LU,empty,True,4237.6287,4237.6287,100.0,4.42,0.57,4.1,0.0,4.1,3,4.42,0.0,0.57,100.0,1.4492,0.041,0.9276,1.078049
alibaba_j_1000038,Oracle,8,alibaba_real_dag,8,0,4.0417,40.42,Origin_LU,LU,empty,True,4237.6287,4237.6287,100.0,24.09,0.68,4.7,0.0,4.7,3,24.14,-0.04,0.84,100.0,1.3914,0.047,0.1947,5.13617
alibaba_j_1000078,Oracle,8,alibaba_real_dag,5,0,0.175,2.0,Origin_LU,LU,empty,True,4237.6287,4237.6287,100.0,-0.52,0.04,0.0,0.0,0.0,0,0.08,-0.6,0.04,100.0,0.0,0.0,0.0,0.0
alibaba_j_1000075,Oracle,8,alibaba_real_dag,3,0,0.0611,2.0,Origin_LU,LU,empty,True,4237.6287,4237.6287,100.0,-0.52,0.01,0.0,0.0,0.0,0,0.03,-0.55,0.02,100.0,0.0,0.0,0.0,0.0
alibaba_j_1000037,Oracle,8,alibaba_real_dag,3,0,0.025,2.0,Origin_LU,LU,empty,True,4237.6287,4237.6287,100.0,-0.97,0.01,0.0,0.0,0.0,0,0.02,-0.99,0.01,100.0,0.0,0.0,0.0,0.0
alibaba_j_1000034,Oracle,8,alibaba_real_dag,3,0,0.0194,2.0,Origin_LU,LU,empty,True,4237.6287,4237.6287,100.0,-0.05,0.0,0.0,0.0,0.0,0,0.01,-0.06,0.01,100.0,0.0,0.0,0.0,0.0
alibaba_j_1000039,Oracle,8,alibaba_real_dag,10,0,5.3694,53.69,Origin_LV,LV,empty,True,4255.1921,4255.1921,100.0,4.42,0.57,4.1,0.0,4.1,3,4.42,0.0,0.57,100.0,1.4492,0.041,0.9276,1.078049
alibaba_j_1000038,Oracle,8,alibaba_real_dag,8,0,4.0417,40.42,Origin_LV,LV,empty,True,4255.1921,4255.1921,100.0,24.09,0.68,4.7,0.0,4.7,3,24.14,-0.04,0.84,100.0,1.3914,0.047,0.1947,5.13617
alibaba_j_1000078,Oracle,8,alibaba_real_dag,5,0,0.175,2.0,Origin_LV,LV,empty,True,4255.1921,4255.1921,100.0,-0.52,0.04,0.0,0.0,0.0,0,0.08,-0.6,0.04,100.0,0.0,0.0,0.0,0.0
alibaba_j_1000075,Oracle,8,alibaba_real_dag,3,0,0.0611,2.0,Origin_LV,LV,empty,True,4255.1921,4255.1921,100.0,-0.52,0.01,0.0,0.0,0.0,0,0.03,-0.55,0.02,100.0,0.0,0.0,0.0,0.0
alibaba_j_1000037,Oracle,8,alibaba_real_dag,3,0,0.025,2.0,Origin_LV,LV,empty,True,4255.1921,4255.1921,100.0,-0.97,0.01,0.0,0.0,0.0,0,0.02,-0.99,0.01,100.0,0.0,0.0,0.0,0.0
alibaba_j_1000034,Oracle,8,alibaba_real_dag,3,0,0.0194,2.0,Origin_LV,LV,empty,True,4255.1921,4255.1921,100.0,-0.05,0.0,0.0,0.0,0.0,0,0.01,-0.06,0.01,100.0,0.0,0.0,0.0,0.0
alibaba_j_1000039,Oracle,8,alibaba_real_dag,10,0,5.3694,53.69,Origin_NL,NL,empty,True,4251.7619,4251.7619,100.0,4.42,0.57,4.1,0.0,4.1,3,4.42,0.0,0.57,100.0,1.4492,0.041,0.9276,1.078049
alibaba_j_1000038,Oracle,8,alibaba_real_dag,8,0,4.0417,40.42,Origin_NL,NL,empty,True,4251.7619,4251.7619,100.0,24.09,0.68,4.7,0.0,4.7,3,24.14,-0.04,0.84,100.0,1.3914,0.047,0.1947,5.13617
alibaba_j_1000078,Oracle,8,alibaba_real_dag,5,0,0.175,2.0,Origin_NL,NL,empty,True,4251.7619,4251.7619,100.0,-0.52,0.04,0.0,0.0,0.0,0,0.08,-0.6,0.04,100.0,0.0,0.0,0.0,0.0
alibaba_j_1000075,Oracle,8,alibaba_real_dag,3,0,0.0611,2.0,Origin_NL,NL,empty,True,4251.7619,4251.7619,100.0,-0.52,0.01,0.0,0.0,0.0,0,0.03,-0.55,0.02,100.0,0.0,0.0,0.0,0.0
alibaba_j_1000037,Oracle,8,alibaba_real_dag,3,0,0.025,2.0,Origin_NL,NL,empty,True,4251.7619,4251.7619,100.0,-0.97,0.01,0.0,0.0,0.0,0,0.02,-0.99,0.01,100.0,0.0,0.0,0.0,0.0
alibaba_j_1000034,Oracle,8,alibaba_real_dag,3,0,0.0194,2.0,Origin_NL,NL,empty,True,4251.7619,4251.7619,100.0,-0.05,0.0,0.0,0.0,0.0,0,0.01,-0.06,0.01,100.0,0.0,0.0,0.0,0.0
alibaba_j_1000039,Oracle,8,alibaba_real_dag,10,0,5.3694,53.69,Origin_NO-NO1,NO-NO1,empty,True,4241.0786,4241.0786,100.0,4.42,0.57,4.1,0.0,4.1,3,4.42,0.0,0.57,100.0,1.4492,0.041,0.9276,1.078049
alibaba_j_1000038,Oracle,8,alibaba_real_dag,8,0,4.0417,40.42,Origin_NO-NO1,NO-NO1,empty,True,4241.0786,4241.0786,100.0,24.09,0.68,4.7,0.0,4.7,3,24.14,-0.04,0.84,100.0,1.3914,0.047,0.1947,5.13617
alibaba_j_1000078,Oracle,8,alibaba_real_dag,5,0,0.175,2.0,Origin_NO-NO1,NO-NO1,empty,True,4241.0786,4241.0786,100.0,-0.52,0.04,0.0,0.0,0.0,0,0.08,-0.6,0.04,100.0,0.0,0.0,0.0,0.0
alibaba_j_1000075,Oracle,8,alibaba_real_dag,3,0,0.0611,2.0,Origin_NO-NO1,NO-NO1,empty,True,4241.0786,4241.0786,100.0,-0.52,0.01,0.0,0.0,0.0,0,0.03,-0.55,0.02,100.0,0.0,0.0,0.0,0.0
alibaba_j_1000037,Oracle,8,alibaba_real_dag,3,0,0.025,2.0,Origin_NO-NO1,NO-NO1,empty,True,4241.0786,4241.0786,100.0,-0.97,0.01,0.0,0.0,0.0,0,0.02,-0.99,0.01,100.0,0.0,0.0,0.0,0.0
alibaba_j_1000034,Oracle,8,alibaba_real_dag,3,0,0.0194,2.0,Origin_NO-NO1,NO-NO1,empty,True,4241.0786,4241.0786,100.0,-0.05,0.0,0.0,0.0,0.0,0,0.01,-0.06,0.01,100.0,0.0,0.0,0.0,0.0
alibaba_j_1000039,Oracle,8,alibaba_real_dag,10,0,5.3694,53.69,Origin_NO-NO2,NO-NO2,empty,True,4247.3183,4247.3183,100.0,4.42,0.57,4.1,0.0,4.1,3,4.42,0.0,0.57,100.0,1.4492,0.041,0.9276,1.078049
alibaba_j_1000038,Oracle,8,alibaba_real_dag,8,0,4.0417,40.42,Origin_NO-NO2,NO-NO2,empty,True,4247.3183,4247.3183,100.0,24.09,0.68,4.7,0.0,4.7,3,24.14,-0.04,0.84,100.0,1.3914,0.047,0.1947,5.13617
alibaba_j_1000078,Oracle,8,alibaba_real_dag,5,0,0.175,2.0,Origin_NO-NO2,NO-NO2,empty,True,4247.3183,4247.3183,100.0,-0.52,0.04,0.0,0.0,0.0,0,0.08,-0.6,0.04,100.0,0.0,0.0,0.0,0.0
alibaba_j_1000075,Oracle,8,alibaba_real_dag,3,0,0.0611,2.0,Origin_NO-NO2,NO-NO2,empty,True,4247.3183,4247.3183,100.0,-0.52,0.01,0.0,0.0,0.0,0,0.03,-0.55,0.02,100.0,0.0,0.0,0.0,0.0
alibaba_j_1000037,Oracle,8,alibaba_real_dag,3,0,0.025,2.0,Origin_NO-NO2,NO-NO2,empty,True,4247.3183,4247.3183,100.0,-0.97,0.01,0.0,0.0,0.0,0,0.02,-0.99,0.01,100.0,0.0,0.0,0.0,0.0
alibaba_j_1000034,Oracle,8,alibaba_real_dag,3,0,0.0194,2.0,Origin_NO-NO2,NO-NO2,empty,True,4247.3183,4247.3183,100.0,-0.05,0.0,0.0,0.0,0.0,0,0.01,-0.06,0.01,100.0,0.0,0.0,0.0,0.0
alibaba_j_1000039,Oracle,8,alibaba_real_dag,10,0,5.3694,53.69,Origin_NO-NO3,NO-NO3,empty,True,4274.4103,4274.4103,100.0,4.42,0.57,4.1,0.0,4.1,3,4.42,0.0,0.57,100.0,1.4492,0.041,0.9276,1.078049
alibaba_j_1000038,Oracle,8,alibaba_real_dag,8,0,4.0417,40.42,Origin_NO-NO3,NO-NO3,empty,True,4274.4103,4274.4103,100.0,24.09,0.68,4.7,0.0,4.7,3,24.14,-0.04,0.84,100.0,1.3914,0.047,0.1947,5.13617
alibaba_j_1000078,Oracle,8,alibaba_real_dag,5,0,0.175,2.0,Origin_NO-NO3,NO-NO3,empty,True,4274.4103,4274.4103,100.0,-0.52,0.04,0.0,0.0,0.0,0,0.08,-0.6,0.04,100.0,0.0,0.0,0.0,0.0
alibaba_j_1000075,Oracle,8,alibaba_real_dag,3,0,0.0611,2.0,Origin_NO-NO3,NO-NO3,empty,True,4274.4103,4274.4103,100.0,-0.52,0.01,0.0,0.0,0.0,0,0.03,-0.55,0.02,100.0,0.0,0.0,0.0,0.0
alibaba_j_1000037,Oracle,8,alibaba_real_dag,3,0,0.025,2.0,Origin_NO-NO3,NO-NO3,empty,True,4274.4103,4274.4103,100.0,-0.97,0.01,0.0,0.0,0.0,0,0.02,-0.99,0.01,100.0,0.0,0.0,0.0,0.0
alibaba_j_1000034,Oracle,8,alibaba_real_dag,3,0,0.0194,2.0,Origin_NO-NO3,NO-NO3,empty,True,4274.4103,4274.4103,100.0,-0.05,0.0,0.0,0.0,0.0,0,0.01,-0.06,0.01,100.0,0.0,0.0,0.0,0.0
alibaba_j_1000039,Oracle,8,alibaba_real_dag,10,0,5.3694,53.69,Origin_NO-NO4,NO-NO4,empty,True,4314.3886,4314.3886,100.0,4.42,0.57,4.1,0.0,4.1,3,4.42,0.0,0.57,100.0,1.4492,0.041,0.9276,1.078049
alibaba_j_1000038,Oracle,8,alibaba_real_dag,8,0,4.0417,40.42,Origin_NO-NO4,NO-NO4,empty,True,4314.3886,4314.3886,100.0,24.09,0.68,4.7,0.0,4.7,3,24.14,-0.04,0.84,100.0,1.3914,0.047,0.1947,5.13617
alibaba_j_1000078,Oracle,8,alibaba_real_dag,5,0,0.175,2.0,Origin_NO-NO4,NO-NO4,empty,True,4314.3886,4314.3886,100.0,-0.52,0.04,0.0,0.0,0.0,0,0.08,-0.6,0.04,100.0,0.0,0.0,0.0,0.0
alibaba_j_1000075,Oracle,8,alibaba_real_dag,3,0,0.0611,2.0,Origin_NO-NO4,NO-NO4,empty,True,4314.3886,4314.3886,100.0,-0.52,0.01,0.0,0.0,0.0,0,0.03,-0.55,0.02,100.0,0.0,0.0,0.0,0.0
alibaba_j_1000037,Oracle,8,alibaba_real_dag,3,0,0.025,2.0,Origin_NO-NO4,NO-NO4,empty,True,4314.3886,4314.3886,100.0,-0.97,0.01,0.0,0.0,0.0,0,0.02,-0.99,0.01,100.0,0.0,0.0,0.0,0.0
alibaba_j_1000034,Oracle,8,alibaba_real_dag,3,0,0.0194,2.0,Origin_NO-NO4,NO-NO4,empty,True,4314.3886,4314.3886,100.0,-0.05,0.0,0.0,0.0,0.0,0,0.01,-0.06,0.01,100.0,0.0,0.0,0.0,0.0
alibaba_j_1000039,Oracle,8,alibaba_real_dag,10,0,5.3694,53.69,Origin_NO-NO5,NO-NO5,empty,True,4292.0179,4292.0179,100.0,4.42,0.57,4.1,0.0,4.1,3,4.42,0.0,0.57,100.0,1.4492,0.041,0.9276,1.078049
alibaba_j_1000038,Oracle,8,alibaba_real_dag,8,0,4.0417,40.42,Origin_NO-NO5,NO-NO5,empty,True,4292.0179,4292.0179,100.0,24.09,0.68,4.7,0.0,4.7,3,24.14,-0.04,0.84,100.0,1.3914,0.047,0.1947,5.13617
alibaba_j_1000078,Oracle,8,alibaba_real_dag,5,0,0.175,2.0,Origin_NO-NO5,NO-NO5,empty,True,4292.0179,4292.0179,100.0,-0.52,0.04,0.0,0.0,0.0,0,0.08,-0.6,0.04,100.0,0.0,0.0,0.0,0.0
alibaba_j_1000075,Oracle,8,alibaba_real_dag,3,0,0.0611,2.0,Origin_NO-NO5,NO-NO5,empty,True,4292.0179,4292.0179,100.0,-0.52,0.01,0.0,0.0,0.0,0,0.03,-0.55,0.02,100.0,0.0,0.0,0.0,0.0
alibaba_j_1000037,Oracle,8,alibaba_real_dag,3,0,0.025,2.0,Origin_NO-NO5,NO-NO5,empty,True,4292.0179,4292.0179,100.0,-0.97,0.01,0.0,0.0,0.0,0,0.02,-0.99,0.01,100.0,0.0,0.0,0.0,0.0
alibaba_j_1000034,Oracle,8,alibaba_real_dag,3,0,0.0194,2.0,Origin_NO-NO5,NO-NO5,empty,True,4292.0179,4292.0179,100.0,-0.05,0.0,0.0,0.0,0.0,0,0.01,-0.06,0.01,100.0,0.0,0.0,0.0,0.0
alibaba_j_1000039,Oracle,8,alibaba_real_dag,10,0,5.3694,53.69,Origin_NZ,NZ,empty,True,4314.1591,4314.1591,100.0,4.42,0.57,4.1,0.0,4.1,3,4.42,0.0,0.57,100.0,1.4492,0.041,0.9276,1.078049
alibaba_j_1000038,Oracle,8,alibaba_real_dag,8,0,4.0417,40.42,Origin_NZ,NZ,empty,True,4314.1591,4314.1591,100.0,24.09,0.68,4.7,0.0,4.7,3,24.14,-0.04,0.84,100.0,1.3914,0.047,0.1947,5.13617
alibaba_j_1000078,Oracle,8,alibaba_real_dag,5,0,0.175,2.0,Origin_NZ,NZ,empty,True,4314.1591,4314.1591,100.0,-0.52,0.04,0.0,0.0,0.0,0,0.08,-0.6,0.04,100.0,0.0,0.0,0.0,0.0
alibaba_j_1000075,Oracle,8,alibaba_real_dag,3,0,0.0611,2.0,Origin_NZ,NZ,empty,True,4314.1591,4314.1591,100.0,-0.52,0.01,0.0,0.0,0.0,0,0.03,-0.55,0.02,100.0,0.0,0.0,0.0,0.0
alibaba_j_1000037,Oracle,8,alibaba_real_dag,3,0,0.025,2.0,Origin_NZ,NZ,empty,True,4314.1591,4314.1591,100.0,-0.97,0.01,0.0,0.0,0.0,0,0.02,-0.99,0.01,100.0,0.0,0.0,0.0,0.0
alibaba_j_1000034,Oracle,8,alibaba_real_dag,3,0,0.0194,2.0,Origin_NZ,NZ,empty,True,4314.1591,4314.1591,100.0,-0.05,0.0,0.0,0.0,0.0,0,0.01,-0.06,0.01,100.0,0.0,0.0,0.0,0.0
alibaba_j_1000039,Oracle,8,alibaba_real_dag,10,0,5.3694,53.69,Origin_PA,PA,empty,True,4302.4599,4302.4599,100.0,4.42,0.57,4.1,0.0,4.1,3,4.42,0.0,0.57,100.0,1.4492,0.041,0.9276,1.078049
alibaba_j_1000038,Oracle,8,alibaba_real_dag,8,0,4.0417,40.42,Origin_PA,PA,empty,True,4302.4599,4302.4599,100.0,24.09,0.68,4.7,0.0,4.7,3,24.14,-0.04,0.84,100.0,1.3914,0.047,0.1947,5.13617
alibaba_j_1000078,Oracle,8,alibaba_real_dag,5,0,0.175,2.0,Origin_PA,PA,empty,True,4302.4599,4302.4599,100.0,-0.52,0.04,0.0,0.0,0.0,0,0.08,-0.6,0.04,100.0,0.0,0.0,0.0,0.0
alibaba_j_1000075,Oracle,8,alibaba_real_dag,3,0,0.0611,2.0,Origin_PA,PA,empty,True,4302.4599,4302.4599,100.0,-0.52,0.01,0.0,0.0,0.0,0,0.03,-0.55,0.02,100.0,0.0,0.0,0.0,0.0
alibaba_j_1000037,Oracle,8,alibaba_real_dag,3,0,0.025,2.0,Origin_PA,PA,empty,True,4302.4599,4302.4599,100.0,-0.97,0.01,0.0,0.0,0.0,0,0.02,-0.99,0.01,100.0,0.0,0.0,0.0,0.0
alibaba_j_1000034,Oracle,8,alibaba_real_dag,3,0,0.0194,2.0,Origin_PA,PA,empty,True,4302.4599,4302.4599,100.0,-0.05,0.0,0.0,0.0,0.0,0,0.01,-0.06,0.01,100.0,0.0,0.0,0.0,0.0
alibaba_j_1000039,Oracle,8,alibaba_real_dag,10,0,5.3694,53.69,Origin_PE,PE,empty,True,4296.8826,4296.8826,100.0,4.42,0.57,4.1,0.0,4.1,3,4.42,0.0,0.57,100.0,1.4492,0.041,0.9276,1.078049
alibaba_j_1000038,Oracle,8,alibaba_real_dag,8,0,4.0417,40.42,Origin_PE,PE,empty,True,4296.8826,4296.8826,100.0,24.09,0.68,4.7,0.0,4.7,3,24.14,-0.04,0.84,100.0,1.3914,0.047,0.1947,5.13617
alibaba_j_1000078,Oracle,8,alibaba_real_dag,5,0,0.175,2.0,Origin_PE,PE,empty,True,4296.8826,4296.8826,100.0,-0.52,0.04,0.0,0.0,0.0,0,0.08,-0.6,0.04,100.0,0.0,0.0,0.0,0.0
alibaba_j_1000075,Oracle,8,alibaba_real_dag,3,0,0.0611,2.0,Origin_PE,PE,empty,True,4296.8826,4296.8826,100.0,-0.52,0.01,0.0,0.0,0.0,0,0.03,-0.55,0.02,100.0,0.0,0.0,0.0,0.0
alibaba_j_1000037,Oracle,8,alibaba_real_dag,3,0,0.025,2.0,Origin_PE,PE,empty,True,4296.8826,4296.8826,100.0,-0.97,0.01,0.0,0.0,0.0,0,0.02,-0.99,0.01,100.0,0.0,0.0,0.0,0.0
alibaba_j_1000034,Oracle,8,alibaba_real_dag,3,0,0.0194,2.0,Origin_PE,PE,empty,True,4296.8826,4296.8826,100.0,-0.05,0.0,0.0,0.0,0.0,0,0.01,-0.06,0.01,100.0,0.0,0.0,0.0,0.0
alibaba_j_1000039,Oracle,8,alibaba_real_dag,10,0,5.3694,53.69,Origin_PL,PL,empty,True,4311.43,4311.43,100.0,4.42,0.57,4.1,0.0,4.1,3,4.42,0.0,0.57,100.0,1.4492,0.041,0.9276,1.078049
alibaba_j_1000038,Oracle,8,alibaba_real_dag,8,0,4.0417,40.42,Origin_PL,PL,empty,True,4311.43,4311.43,100.0,24.09,0.68,4.7,0.0,4.7,3,24.14,-0.04,0.84,100.0,1.3914,0.047,0.1947,5.13617
alibaba_j_1000078,Oracle,8,alibaba_real_dag,5,0,0.175,2.0,Origin_PL,PL,empty,True,4311.43,4311.43,100.0,-0.52,0.04,0.0,0.0,0.0,0,0.08,-0.6,0.04,100.0,0.0,0.0,0.0,0.0
alibaba_j_1000075,Oracle,8,alibaba_real_dag,3,0,0.0611,2.0,Origin_PL,PL,empty,True,4311.43,4311.43,100.0,-0.52,0.01,0.0,0.0,0.0,0,0.03,-0.55,0.02,100.0,0.0,0.0,0.0,0.0
alibaba_j_1000037,Oracle,8,alibaba_real_dag,3,0,0.025,2.0,Origin_PL,PL,empty,True,4311.43,4311.43,100.0,-0.97,0.01,0.0,0.0,0.0,0,0.02,-0.99,0.01,100.0,0.0,0.0,0.0,0.0
alibaba_j_1000034,Oracle,8,alibaba_real_dag,3,0,0.0194,2.0,Origin_PL,PL,empty,True,4311.43,4311.43,100.0,-0.05,0.0,0.0,0.0,0.0,0,0.01,-0.06,0.01,100.0,0.0,0.0,0.0,0.0
alibaba_j_1000039,Oracle,8,alibaba_real_dag,10,0,5.3694,53.69,Origin_PT,PT,empty,True,4309.4079,4309.4079,100.0,4.42,0.57,4.1,0.0,4.1,3,4.42,0.0,0.57,100.0,1.4492,0.041,0.9276,1.078049
alibaba_j_1000038,Oracle,8,alibaba_real_dag,8,0,4.0417,40.42,Origin_PT,PT,empty,True,4309.4079,4309.4079,100.0,24.09,0.68,4.7,0.0,4.7,3,24.14,-0.04,0.84,100.0,1.3914,0.047,0.1947,5.13617
alibaba_j_1000078,Oracle,8,alibaba_real_dag,5,0,0.175,2.0,Origin_PT,PT,empty,True,4309.4079,4309.4079,100.0,-0.52,0.04,0.0,0.0,0.0,0,0.08,-0.6,0.04,100.0,0.0,0.0,0.0,0.0
alibaba_j_1000075,Oracle,8,alibaba_real_dag,3,0,0.0611,2.0,Origin_PT,PT,empty,True,4309.4079,4309.4079,100.0,-0.52,0.01,0.0,0.0,0.0,0,0.03,-0.55,0.02,100.0,0.0,0.0,0.0,0.0
alibaba_j_1000037,Oracle,8,alibaba_real_dag,3,0,0.025,2.0,Origin_PT,PT,empty,True,4309.4079,4309.4079,100.0,-0.97,0.01,0.0,0.0,0.0,0,0.02,-0.99,0.01,100.0,0.0,0.0,0.0,0.0
alibaba_j_1000034,Oracle,8,alibaba_real_dag,3,0,0.0194,2.0,Origin_PT,PT,empty,True,4309.4079,4309.4079,100.0,-0.05,0.0,0.0,0.0,0.0,0,0.01,-0.06,0.01,100.0,0.0,0.0,0.0,0.0
alibaba_j_1000039,Oracle,8,alibaba_real_dag,10,0,5.3694,53.69,Origin_RO,RO,empty,True,4314.3073,4314.3073,100.0,4.42,0.57,4.1,0.0,4.1,3,4.42,0.0,0.57,100.0,1.4492,0.041,0.9276,1.078049
alibaba_j_1000038,Oracle,8,alibaba_real_dag,8,0,4.0417,40.42,Origin_RO,RO,empty,True,4314.3073,4314.3073,100.0,24.09,0.68,4.7,0.0,4.7,3,24.14,-0.04,0.84,100.0,1.3914,0.047,0.1947,5.13617
alibaba_j_1000078,Oracle,8,alibaba_real_dag,5,0,0.175,2.0,Origin_RO,RO,empty,True,4314.3073,4314.3073,100.0,-0.52,0.04,0.0,0.0,0.0,0,0.08,-0.6,0.04,100.0,0.0,0.0,0.0,0.0
alibaba_j_1000075,Oracle,8,alibaba_real_dag,3,0,0.0611,2.0,Origin_RO,RO,empty,True,4314.3073,4314.3073,100.0,-0.52,0.01,0.0,0.0,0.0,0,0.03,-0.55,0.02,100.0,0.0,0.0,0.0,0.0
alibaba_j_1000037,Oracle,8,alibaba_real_dag,3,0,0.025,2.0,Origin_RO,RO,empty,True,4314.3073,4314.3073,100.0,-0.97,0.01,0.0,0.0,0.0,0,0.02,-0.99,0.01,100.0,0.0,0.0,0.0,0.0
alibaba_j_1000034,Oracle,8,alibaba_real_dag,3,0,0.0194,2.0,Origin_RO,RO,empty,True,4314.3073,4314.3073,100.0,-0.05,0.0,0.0,0.0,0.0,0,0.01,-0.06,0.01,100.0,0.0,0.0,0.0,0.0
alibaba_j_1000039,Oracle,8,alibaba_real_dag,10,0,5.3694,53.69,Origin_SE-SE1,SE-SE1,empty,True,4324.9957,4324.9957,100.0,4.42,0.57,4.1,0.0,4.1,3,4.42,0.0,0.57,100.0,1.4492,0.041,0.9276,1.078049
alibaba_j_1000038,Oracle,8,alibaba_real_dag,8,0,4.0417,40.42,Origin_SE-SE1,SE-SE1,empty,True,4324.9957,4324.9957,100.0,24.09,0.68,4.7,0.0,4.7,3,24.14,-0.04,0.84,100.0,1.3914,0.047,0.1947,5.13617
alibaba_j_1000078,Oracle,8,alibaba_real_dag,5,0,0.175,2.0,Origin_SE-SE1,SE-SE1,empty,True,4324.9957,4324.9957,100.0,-0.52,0.04,0.0,0.0,0.0,0,0.08,-0.6,0.04,100.0,0.0,0.0,0.0,0.0
alibaba_j_1000075,Oracle,8,alibaba_real_dag,3,0,0.0611,2.0,Origin_SE-SE1,SE-SE1,empty,True,4324.9957,4324.9957,100.0,-0.52,0.01,0.0,0.0,0.0,0,0.03,-0.55,0.02,100.0,0.0,0.0,0.0,0.0
alibaba_j_1000037,Oracle,8,alibaba_real_dag,3,0,0.025,2.0,Origin_SE-SE1,SE-SE1,empty,True,4324.9957,4324.9957,100.0,-0.97,0.01,0.0,0.0,0.0,0,0.02,-0.99,0.01,100.0,0.0,0.0,0.0,0.0
alibaba_j_1000034,Oracle,8,alibaba_real_dag,3,0,0.0194,2.0,Origin_SE-SE1,SE-SE1,empty,True,4324.9957,4324.9957,100.0,-0.05,0.0,0.0,0.0,0.0,0,0.01,-0.06,0.01,100.0,0.0,0.0,0.0,0.0
alibaba_j_1000039,Oracle,8,alibaba_real_dag,10,0,5.3694,53.69,Origin_SE-SE2,SE-SE2,empty,True,4326.0053,4326.0053,100.0,4.42,0.57,4.1,0.0,4.1,3,4.42,0.0,0.57,100.0,1.4492,0.041,0.9276,1.078049
alibaba_j_1000038,Oracle,8,alibaba_real_dag,8,0,4.0417,40.42,Origin_SE-SE2,SE-SE2,empty,True,4326.0053,4326.0053,100.0,24.09,0.68,4.7,0.0,4.7,3,24.14,-0.04,0.84,100.0,1.3914,0.047,0.1947,5.13617
alibaba_j_1000078,Oracle,8,alibaba_real_dag,5,0,0.175,2.0,Origin_SE-SE2,SE-SE2,empty,True,4326.0053,4326.0053,100.0,-0.52,0.04,0.0,0.0,0.0,0,0.08,-0.6,0.04,100.0,0.0,0.0,0.0,0.0
alibaba_j_1000075,Oracle,8,alibaba_real_dag,3,0,0.0611,2.0,Origin_SE-SE2,SE-SE2,empty,True,4326.0053,4326.0053,100.0,-0.52,0.01,0.0,0.0,0.0,0,0.03,-0.55,0.02,100.0,0.0,0.0,0.0,0.0
alibaba_j_1000037,Oracle,8,alibaba_real_dag,3,0,0.025,2.0,Origin_SE-SE2,SE-SE2,empty,True,4326.0053,4326.0053,100.0,-0.97,0.01,0.0,0.0,0.0,0,0.02,-0.99,0.01,100.0,0.0,0.0,0.0,0.0
alibaba_j_1000034,Oracle,8,alibaba_real_dag,3,0,0.0194,2.0,Origin_SE-SE2,SE-SE2,empty,True,4326.0053,4326.0053,100.0,-0.05,0.0,0.0,0.0,0.0,0,0.01,-0.06,0.01,100.0,0.0,0.0,0.0,0.0
alibaba_j_1000039,Oracle,8,alibaba_real_dag,10,0,5.3694,53.69,Origin_SE-SE3,SE-SE3,empty,True,4508.557,4508.557,100.0,4.42,0.57,4.1,0.0,4.1,3,4.42,0.0,0.57,100.0,1.4492,0.041,0.9276,1.078049
alibaba_j_1000038,Oracle,8,alibaba_real_dag,8,0,4.0417,40.42,Origin_SE-SE3,SE-SE3,empty,True,4508.557,4508.557,100.0,24.09,0.68,4.7,0.0,4.7,3,24.14,-0.04,0.84,100.0,1.3914,0.047,0.1947,5.13617
alibaba_j_1000078,Oracle,8,alibaba_real_dag,5,0,0.175,2.0,Origin_SE-SE3,SE-SE3,empty,True,4508.557,4508.557,100.0,-0.52,0.04,0.0,0.0,0.0,0,0.08,-0.6,0.04,100.0,0.0,0.0,0.0,0.0
alibaba_j_1000075,Oracle,8,alibaba_real_dag,3,0,0.0611,2.0,Origin_SE-SE3,SE-SE3,empty,True,4508.557,4508.557,100.0,-0.52,0.01,0.0,0.0,0.0,0,0.03,-0.55,0.02,100.0,0.0,0.0,0.0,0.0
alibaba_j_1000037,Oracle,8,alibaba_real_dag,3,0,0.025,2.0,Origin_SE-SE3,SE-SE3,empty,True,4508.557,4508.557,100.0,-0.97,0.01,0.0,0.0,0.0,0,0.02,-0.99,0.01,100.0,0.0,0.0,0.0,0.0
alibaba_j_1000034,Oracle,8,alibaba_real_dag,3,0,0.0194,2.0,Origin_SE-SE3,SE-SE3,empty,True,4508.557,4508.557,100.0,-0.05,0.0,0.0,0.0,0.0,0,0.01,-0.06,0.01,100.0,0.0,0.0,0.0,0.0
alibaba_j_1000039,Oracle,8,alibaba_real_dag,10,0,5.3694,53.69,Origin_SE-SE4,SE-SE4,empty,True,4323.7053,4323.7053,100.0,4.42,0.57,4.1,0.0,4.1,3,4.42,0.0,0.57,100.0,1.4492,0.041,0.9276,1.078049
alibaba_j_1000038,Oracle,8,alibaba_real_dag,8,0,4.0417,40.42,Origin_SE-SE4,SE-SE4,empty,True,4323.7053,4323.7053,100.0,24.09,0.68,4.7,0.0,4.7,3,24.14,-0.04,0.84,100.0,1.3914,0.047,0.1947,5.13617
alibaba_j_1000078,Oracle,8,alibaba_real_dag,5,0,0.175,2.0,Origin_SE-SE4,SE-SE4,empty,True,4323.7053,4323.7053,100.0,-0.52,0.04,0.0,0.0,0.0,0,0.08,-0.6,0.04,100.0,0.0,0.0,0.0,0.0
alibaba_j_1000075,Oracle,8,alibaba_real_dag,3,0,0.0611,2.0,Origin_SE-SE4,SE-SE4,empty,True,4323.7053,4323.7053,100.0,-0.52,0.01,0.0,0.0,0.0,0,0.03,-0.55,0.02,100.0,0.0,0.0,0.0,0.0
alibaba_j_1000037,Oracle,8,alibaba_real_dag,3,0,0.025,2.0,Origin_SE-SE4,SE-SE4,empty,True,4323.7053,4323.7053,100.0,-0.97,0.01,0.0,0.0,0.0,0,0.02,-0.99,0.01,100.0,0.0,0.0,0.0,0.0
alibaba_j_1000034,Oracle,8,alibaba_real_dag,3,0,0.0194,2.0,Origin_SE-SE4,SE-SE4,empty,True,4323.7053,4323.7053,100.0,-0.05,0.0,0.0,0.0,0.0,0,0.01,-0.06,0.01,100.0,0.0,0.0,0.0,0.0
alibaba_j_1000039,Atomic_Oracle,9,alibaba_real_dag,10,0,5.3694,53.69,Origin_AT,AT,empty,True,23518.4328,23518.4328,100.0,5.66,0.57,120.0,0.0,120.0,3,5.66,0.0,0.57,100.0,42.4163,1.2,21.2014,0.047167
alibaba_j_1000038,Atomic_Oracle,9,alibaba_real_dag,8,0,4.0417,40.42,Origin_AT,AT,empty,True,23518.4328,23518.4328,100.0,32.71,0.68,83.8,0.0,83.8,3,6.76,25.96,0.84,100.0,24.809,0.838,12.3964,0.080668
alibaba_j_1000078,Atomic_Oracle,9,alibaba_real_dag,5,0,0.175,2.0,Origin_AT,AT,empty,True,23518.4328,23518.4328,100.0,-0.41,0.04,0.0,0.0,0.0,0,0.19,-0.6,0.04,100.0,0.0,0.0,0.0,0.0
alibaba_j_1000075,Atomic_Oracle,9,alibaba_real_dag,3,0,0.0611,2.0,Origin_AT,AT,empty,True,23518.4328,23518.4328,100.0,-0.49,0.01,0.0,0.0,0.0,0,0.06,-0.55,0.02,100.0,0.0,0.0,0.0,0.0
alibaba_j_1000037,Atomic_Oracle,9,alibaba_real_dag,3,0,0.025,2.0,Origin_AT,AT,empty,True,23518.4328,23518.4328,100.0,-0.96,0.01,0.0,0.0,0.0,0,0.03,-0.99,0.01,100.0,0.0,0.0,0.0,0.0
alibaba_j_1000034,Atomic_Oracle,9,alibaba_real_dag,3,0,0.0194,2.0,Origin_AT,AT,empty,True,23518.4328,23518.4328,100.0,-0.04,0.0,0.0,0.0,0.0,0,0.02,-0.06,0.01,100.0,0.0,0.0,0.0,0.0
alibaba_j_1000039,Atomic_Oracle,9,alibaba_real_dag,10,0,5.3694,53.69,Origin_AU-NSW,AU-NSW,empty,True,23728.7713,23728.7713,100.0,5.66,0.57,120.0,0.0,120.0,3,5.66,0.0,0.57,100.0,42.4163,1.2,21.2014,0.047167
alibaba_j_1000038,Atomic_Oracle,9,alibaba_real_dag,8,0,4.0417,40.42,Origin_AU-NSW,AU-NSW,empty,True,23728.7713,23728.7713,100.0,10.71,0.68,81.2,3.29,84.49,3,6.76,3.96,0.84,100.0,25.0133,0.8449,12.4985,0.080009
alibaba_j_1000078,Atomic_Oracle,9,alibaba_real_dag,5,0,0.175,2.0,Origin_AU-NSW,AU-NSW,empty,True,23728.7713,23728.7713,100.0,-0.41,0.04,0.0,0.0,0.0,0,0.19,-0.6,0.04,100.0,0.0,0.0,0.0,0.0
alibaba_j_1000075,Atomic_Oracle,9,alibaba_real_dag,3,0,0.0611,2.0,Origin_AU-NSW,AU-NSW,empty,True,23728.7713,23728.7713,100.0,-0.49,0.01,0.0,0.0,0.0,0,0.06,-0.55,0.02,100.0,0.0,0.0,0.0,0.0
alibaba_j_1000037,Atomic_Oracle,9,alibaba_real_dag,3,0,0.025,2.0,Origin_AU-NSW,AU-NSW,empty,True,23728.7713,23728.7713,100.0,-0.96,0.01,0.0,0.0,0.0,0,0.03,-0.99,0.01,100.0,0.0,0.0,0.0,0.0
alibaba_j_1000034,Atomic_Oracle,9,alibaba_real_dag,3,0,0.0194,2.0,Origin_AU-NSW,AU-NSW,empty,True,23728.7713,23728.7713,100.0,-0.04,0.0,0.0,0.0,0.0,0,0.02,-0.06,0.01,100.0,0.0,0.0,0.0,0.0
alibaba_j_1000039,Atomic_Oracle,9,alibaba_real_dag,10,0,5.3694,53.69,Origin_AU-QLD,AU-QLD,empty,True,23656.8011,23656.8011,100.0,5.66,0.57,120.0,0.0,120.0,3,5.66,0.0,0.57,100.0,42.4163,1.2,21.2014,0.047167
alibaba_j_1000038,Atomic_Oracle,9,alibaba_real_dag,8,0,4.0417,40.42,Origin_AU-QLD,AU-QLD,empty,True,23656.8011,23656.8011,100.0,10.71,0.68,81.2,3.29,84.49,3,6.76,3.96,0.84,100.0,25.0133,0.8449,12.4985,0.080009
alibaba_j_1000078,Atomic_Oracle,9,alibaba_real_dag,5,0,0.175,2.0,Origin_AU-QLD,AU-QLD,empty,True,23656.8011,23656.8011,100.0,-0.41,0.04,0.0,0.0,0.0,0,0.19,-0.6,0.04,100.0,0.0,0.0,0.0,0.0
alibaba_j_1000075,Atomic_Oracle,9,alibaba_real_dag,3,0,0.0611,2.0,Origin_AU-QLD,AU-QLD,empty,True,23656.8011,23656.8011,100.0,-0.49,0.01,0.0,0.0,0.0,0,0.06,-0.55,0.02,100.0,0.0,0.0,0.0,0.0
alibaba_j_1000037,Atomic_Oracle,9,alibaba_real_dag,3,0,0.025,2.0,Origin_AU-QLD,AU-QLD,empty,True,23656.8011,23656.8011,100.0,-0.96,0.01,0.0,0.0,0.0,0,0.03,-0.99,0.01,100.0,0.0,0.0,0.0,0.0
alibaba_j_1000034,Atomic_Oracle,9,alibaba_real_dag,3,0,0.0194,2.0,Origin_AU-QLD,AU-QLD,empty,True,23656.8011,23656.8011,100.0,-0.04,0.0,0.0,0.0,0.0,0,0.02,-0.06,0.01,100.0,0.0,0.0,0.0,0.0
alibaba_j_1000039,Atomic_Oracle,9,alibaba_real_dag,10,0,5.3694,53.69,Origin_AU-SA,AU-SA,empty,True,23366.1434,23366.1434,100.0,5.66,0.57,120.0,0.0,120.0,3,5.66,0.0,0.57,100.0,42.4163,1.2,21.2014,0.047167
alibaba_j_1000038,Atomic_Oracle,9,alibaba_real_dag,8,0,4.0417,40.42,Origin_AU-SA,AU-SA,empty,True,23366.1434,23366.1434,100.0,36.71,0.68,83.1,0.0,83.1,3,6.76,29.96,0.84,100.0,24.6018,0.831,12.2929,0.081348
alibaba_j_1000078,Atomic_Oracle,9,alibaba_real_dag,5,0,0.175,2.0,Origin_AU-SA,AU-SA,empty,True,23366.1434,23366.1434,100.0,-0.41,0.04,0.0,0.0,0.0,0,0.19,-0.6,0.04,100.0,0.0,0.0,0.0,0.0
alibaba_j_1000075,Atomic_Oracle,9,alibaba_real_dag,3,0,0.0611,2.0,Origin_AU-SA,AU-SA,empty,True,23366.1434,23366.1434,100.0,-0.49,0.01,0.0,0.0,0.0,0,0.06,-0.55,0.02,100.0,0.0,0.0,0.0,0.0
alibaba_j_1000037,Atomic_Oracle,9,alibaba_real_dag,3,0,0.025,2.0,Origin_AU-SA,AU-SA,empty,True,23366.1434,23366.1434,100.0,-0.96,0.01,0.0,0.0,0.0,0,0.03,-0.99,0.01,100.0,0.0,0.0,0.0,0.0
alibaba_j_1000034,Atomic_Oracle,9,alibaba_real_dag,3,0,0.0194,2.0,Origin_AU-SA,AU-SA,empty,True,23366.1434,23366.1434,100.0,-0.04,0.0,0.0,0.0,0.0,0,0.02,-0.06,0.01,100.0,0.0,0.0,0.0,0.0
alibaba_j_1000039,Atomic_Oracle,9,alibaba_real_dag,10,0,5.3694,53.69,Origin_AU-TAS,AU-TAS,empty,True,23373.2941,23373.2941,100.0,5.66,0.57,120.0,0.0,120.0,3,5.66,0.0,0.57,100.0,42.4163,1.2,21.2014,0.047167
alibaba_j_1000038,Atomic_Oracle,9,alibaba_real_dag,8,0,4.0417,40.42,Origin_AU-TAS,AU-TAS,empty,True,23373.2941,23373.2941,100.0,10.71,0.68,81.2,3.29,84.49,3,6.76,3.96,0.84,100.0,25.0133,0.8449,12.4985,0.080009
alibaba_j_1000078,Atomic_Oracle,9,alibaba_real_dag,5,0,0.175,2.0,Origin_AU-TAS,AU-TAS,empty,True,23373.2941,23373.2941,100.0,-0.41,0.04,0.0,0.0,0.0,0,0.19,-0.6,0.04,100.0,0.0,0.0,0.0,0.0
alibaba_j_1000075,Atomic_Oracle,9,alibaba_real_dag,3,0,0.0611,2.0,Origin_AU-TAS,AU-TAS,empty,True,23373.2941,23373.2941,100.0,-0.49,0.01,0.0,0.0,0.0,0,0.06,-0.55,0.02,100.0,0.0,0.0,0.0,0.0
alibaba_j_1000037,Atomic_Oracle,9,alibaba_real_dag,3,0,0.025,2.0,Origin_AU-TAS,AU-TAS,empty,True,23373.2941,23373.2941,100.0,-0.96,0.01,0.0,0.0,0.0,0,0.03,-0.99,0.01,100.0,0.0,0.0,0.0,0.0
alibaba_j_1000034,Atomic_Oracle,9,alibaba_real_dag,3,0,0.0194,2.0,Origin_AU-TAS,AU-TAS,empty,True,23373.2941,23373.2941,100.0,-0.04,0.0,0.0,0.0,0.0,0,0.02,-0.06,0.01,100.0,0.0,0.0,0.0,0.0
alibaba_j_1000039,Atomic_Oracle,9,alibaba_real_dag,10,0,5.3694,53.69,Origin_AU-VIC,AU-VIC,empty,True,23306.466,23306.466,100.0,5.66,0.57,120.0,0.0,120.0,3,5.66,0.0,0.57,100.0,42.4163,1.2,21.2014,0.047167
alibaba_j_1000038,Atomic_Oracle,9,alibaba_real_dag,8,0,4.0417,40.42,Origin_AU-VIC,AU-VIC,empty,True,23306.466,23306.466,100.0,10.71,0.68,81.2,3.29,84.49,3,6.76,3.96,0.84,100.0,25.0133,0.8449,12.4985,0.080009
alibaba_j_1000078,Atomic_Oracle,9,alibaba_real_dag,5,0,0.175,2.0,Origin_AU-VIC,AU-VIC,empty,True,23306.466,23306.466,100.0,-0.41,0.04,0.0,0.0,0.0,0,0.19,-0.6,0.04,100.0,0.0,0.0,0.0,0.0
alibaba_j_1000075,Atomic_Oracle,9,alibaba_real_dag,3,0,0.0611,2.0,Origin_AU-VIC,AU-VIC,empty,True,23306.466,23306.466,100.0,-0.49,0.01,0.0,0.0,0.0,0,0.06,-0.55,0.02,100.0,0.0,0.0,0.0,0.0
alibaba_j_1000037,Atomic_Oracle,9,alibaba_real_dag,3,0,0.025,2.0,Origin_AU-VIC,AU-VIC,empty,True,23306.466,23306.466,100.0,-0.96,0.01,0.0,0.0,0.0,0,0.03,-0.99,0.01,100.0,0.0,0.0,0.0,0.0
alibaba_j_1000034,Atomic_Oracle,9,alibaba_real_dag,3,0,0.0194,2.0,Origin_AU-VIC,AU-VIC,empty,True,23306.466,23306.466,100.0,-0.04,0.0,0.0,0.0,0.0,0,0.02,-0.06,0.01,100.0,0.0,0.0,0.0,0.0
alibaba_j_1000039,Atomic_Oracle,9,alibaba_real_dag,10,0,5.3694,53.69,Origin_AU-WA,AU-WA,empty,True,23357.768,23357.768,100.0,5.66,0.57,120.0,0.0,120.0,3,5.66,0.0,0.57,100.0,42.4163,1.2,21.2014,0.047167
alibaba_j_1000038,Atomic_Oracle,9,alibaba_real_dag,8,0,4.0417,40.42,Origin_AU-WA,AU-WA,empty,True,23357.768,23357.768,100.0,10.71,0.68,81.2,3.29,84.49,3,6.76,3.96,0.84,100.0,25.0133,0.8449,12.4985,0.080009
alibaba_j_1000078,Atomic_Oracle,9,alibaba_real_dag,5,0,0.175,2.0,Origin_AU-WA,AU-WA,empty,True,23357.768,23357.768,100.0,-0.41,0.04,0.0,0.0,0.0,0,0.19,-0.6,0.04,100.0,0.0,0.0,0.0,0.0
alibaba_j_1000075,Atomic_Oracle,9,alibaba_real_dag,3,0,0.0611,2.0,Origin_AU-WA,AU-WA,empty,True,23357.768,23357.768,100.0,-0.49,0.01,0.0,0.0,0.0,0,0.06,-0.55,0.02,100.0,0.0,0.0,0.0,0.0
alibaba_j_1000037,Atomic_Oracle,9,alibaba_real_dag,3,0,0.025,2.0,Origin_AU-WA,AU-WA,empty,True,23357.768,23357.768,100.0,-0.96,0.01,0.0,0.0,0.0,0,0.03,-0.99,0.01,100.0,0.0,0.0,0.0,0.0
alibaba_j_1000034,Atomic_Oracle,9,alibaba_real_dag,3,0,0.0194,2.0,Origin_AU-WA,AU-WA,empty,True,23357.768,23357.768,100.0,-0.04,0.0,0.0,0.0,0.0,0,0.02,-0.06,0.01,100.0,0.0,0.0,0.0,0.0
alibaba_j_1000039,Atomic_Oracle,9,alibaba_real_dag,10,0,5.3694,53.69,Origin_BA,BA,empty,True,23622.3031,23622.3031,100.0,5.66,0.57,120.0,0.0,120.0,3,5.66,0.0,0.57,100.0,42.4163,1.2,21.2014,0.047167
alibaba_j_1000038,Atomic_Oracle,9,alibaba_real_dag,8,0,4.0417,40.42,Origin_BA,BA,empty,True,23622.3031,23622.3031,100.0,10.71,0.68,81.2,3.29,84.49,3,6.76,3.96,0.84,100.0,25.0133,0.8449,12.4985,0.080009
alibaba_j_1000078,Atomic_Oracle,9,alibaba_real_dag,5,0,0.175,2.0,Origin_BA,BA,empty,True,23622.3031,23622.3031,100.0,-0.41,0.04,0.0,0.0,0.0,0,0.19,-0.6,0.04,100.0,0.0,0.0,0.0,0.0
alibaba_j_1000075,Atomic_Oracle,9,alibaba_real_dag,3,0,0.0611,2.0,Origin_BA,BA,empty,True,23622.3031,23622.3031,100.0,-0.49,0.01,0.0,0.0,0.0,0,0.06,-0.55,0.02,100.0,0.0,0.0,0.0,0.0
alibaba_j_1000037,Atomic_Oracle,9,alibaba_real_dag,3,0,0.025,2.0,Origin_BA,BA,empty,True,23622.3031,23622.3031,100.0,-0.96,0.01,0.0,0.0,0.0,0,0.03,-0.99,0.01,100.0,0.0,0.0,0.0,0.0
alibaba_j_1000034,Atomic_Oracle,9,alibaba_real_dag,3,0,0.0194,2.0,Origin_BA,BA,empty,True,23622.3031,23622.3031,100.0,-0.04,0.0,0.0,0.0,0.0,0,0.02,-0.06,0.01,100.0,0.0,0.0,0.0,0.0
alibaba_j_1000039,Atomic_Oracle,9,alibaba_real_dag,10,0,5.3694,53.69,Origin_BE,BE,empty,True,23558.3998,23558.3998,100.0,5.66,0.57,120.0,0.0,120.0,3,5.66,0.0,0.57,100.0,42.4163,1.2,21.2014,0.047167
alibaba_j_1000038,Atomic_Oracle,9,alibaba_real_dag,8,0,4.0417,40.42,Origin_BE,BE,empty,True,23558.3998,23558.3998,100.0,10.71,0.68,81.2,3.29,84.49,3,6.76,3.96,0.84,100.0,25.0133,0.8449,12.4985,0.080009
alibaba_j_1000078,Atomic_Oracle,9,alibaba_real_dag,5,0,0.175,2.0,Origin_BE,BE,empty,True,23558.3998,23558.3998,100.0,-0.41,0.04,0.0,0.0,0.0,0,0.19,-0.6,0.04,100.0,0.0,0.0,0.0,0.0
alibaba_j_1000075,Atomic_Oracle,9,alibaba_real_dag,3,0,0.0611,2.0,Origin_BE,BE,empty,True,23558.3998,23558.3998,100.0,-0.49,0.01,0.0,0.0,0.0,0,0.06,-0.55,0.02,100.0,0.0,0.0,0.0,0.0
alibaba_j_1000037,Atomic_Oracle,9,alibaba_real_dag,3,0,0.025,2.0,Origin_BE,BE,empty,True,23558.3998,23558.3998,100.0,-0.96,0.01,0.0,0.0,0.0,0,0.03,-0.99,0.01,100.0,0.0,0.0,0.0,0.0
alibaba_j_1000034,Atomic_Oracle,9,alibaba_real_dag,3,0,0.0194,2.0,Origin_BE,BE,empty,True,23558.3998,23558.3998,100.0,-0.04,0.0,0.0,0.0,0.0,0,0.02,-0.06,0.01,100.0,0.0,0.0,0.0,0.0
alibaba_j_1000039,Atomic_Oracle,9,alibaba_real_dag,10,0,5.3694,53.69,Origin_BG,BG,empty,True,23391.3943,23391.3943,100.0,5.66,0.57,120.0,0.0,120.0,3,5.66,0.0,0.57,100.0,42.4163,1.2,21.2014,0.047167
alibaba_j_1000038,Atomic_Oracle,9,alibaba_real_dag,8,0,4.0417,40.42,Origin_BG,BG,empty,True,23391.3943,23391.3943,100.0,10.71,0.68,81.2,3.29,84.49,3,6.76,3.96,0.84,100.0,25.0133,0.8449,12.4985,0.080009
alibaba_j_1000078,Atomic_Oracle,9,alibaba_real_dag,5,0,0.175,2.0,Origin_BG,BG,empty,True,23391.3943,23391.3943,100.0,-0.41,0.04,0.0,0.0,0.0,0,0.19,-0.6,0.04,100.0,0.0,0.0,0.0,0.0
alibaba_j_1000075,Atomic_Oracle,9,alibaba_real_dag,3,0,0.0611,2.0,Origin_BG,BG,empty,True,23391.3943,23391.3943,100.0,-0.49,0.01,0.0,0.0,0.0,0,0.06,-0.55,0.02,100.0,0.0,0.0,0.0,0.0
alibaba_j_1000037,Atomic_Oracle,9,alibaba_real_dag,3,0,0.025,2.0,Origin_BG,BG,empty,True,23391.3943,23391.3943,100.0,-0.96,0.01,0.0,0.0,0.0,0,0.03,-0.99,0.01,100.0,0.0,0.0,0.0,0.0
alibaba_j_1000034,Atomic_Oracle,9,alibaba_real_dag,3,0,0.0194,2.0,Origin_BG,BG,empty,True,23391.3943,23391.3943,100.0,-0.04,0.0,0.0,0.0,0.0,0,0.02,-0.06,0.01,100.0,0.0,0.0,0.0,0.0
alibaba_j_1000039,Atomic_Oracle,9,alibaba_real_dag,10,0,5.3694,53.69,Origin_BR-CS,BR-CS,empty,True,23356.405,23356.405,100.0,5.66,0.57,120.0,0.0,120.0,3,5.66,0.0,0.57,100.0,42.4163,1.2,21.2014,0.047167
alibaba_j_1000038,Atomic_Oracle,9,alibaba_real_dag,8,0,4.0417,40.42,Origin_BR-CS,BR-CS,empty,True,23356.405,23356.405,100.0,10.71,0.68,81.2,3.29,84.49,3,6.76,3.96,0.84,100.0,25.0133,0.8449,12.4985,0.080009
alibaba_j_1000078,Atomic_Oracle,9,alibaba_real_dag,5,0,0.175,2.0,Origin_BR-CS,BR-CS,empty,True,23356.405,23356.405,100.0,-0.41,0.04,0.0,0.0,0.0,0,0.19,-0.6,0.04,100.0,0.0,0.0,0.0,0.0
alibaba_j_1000075,Atomic_Oracle,9,alibaba_real_dag,3,0,0.0611,2.0,Origin_BR-CS,BR-CS,empty,True,23356.405,23356.405,100.0,-0.49,0.01,0.0,0.0,0.0,0,0.06,-0.55,0.02,100.0,0.0,0.0,0.0,0.0
alibaba_j_1000037,Atomic_Oracle,9,alibaba_real_dag,3,0,0.025,2.0,Origin_BR-CS,BR-CS,empty,True,23356.405,23356.405,100.0,-0.96,0.01,0.0,0.0,0.0,0,0.03,-0.99,0.01,100.0,0.0,0.0,0.0,0.0
alibaba_j_1000034,Atomic_Oracle,9,alibaba_real_dag,3,0,0.0194,2.0,Origin_BR-CS,BR-CS,empty,True,23356.405,23356.405,100.0,-0.04,0.0,0.0,0.0,0.0,0,0.02,-0.06,0.01,100.0,0.0,0.0,0.0,0.0
alibaba_j_1000039,Atomic_Oracle,9,alibaba_real_dag,10,0,5.3694,53.69,Origin_BR-N,BR-N,empty,True,23459.4976,23459.4976,100.0,5.66,0.57,120.0,0.0,120.0,3,5.66,0.0,0.57,100.0,42.4163,1.2,21.2014,0.047167
alibaba_j_1000038,Atomic_Oracle,9,alibaba_real_dag,8,0,4.0417,40.42,Origin_BR-N,BR-N,empty,True,23459.4976,23459.4976,100.0,10.71,0.68,81.2,3.29,84.49,3,6.76,3.96,0.84,100.0,25.0133,0.8449,12.4985,0.080009
alibaba_j_1000078,Atomic_Oracle,9,alibaba_real_dag,5,0,0.175,2.0,Origin_BR-N,BR-N,empty,True,23459.4976,23459.4976,100.0,-0.41,0.04,0.0,0.0,0.0,0,0.19,-0.6,0.04,100.0,0.0,0.0,0.0,0.0
alibaba_j_1000075,Atomic_Oracle,9,alibaba_real_dag,3,0,0.0611,2.0,Origin_BR-N,BR-N,empty,True,23459.4976,23459.4976,100.0,-0.49,0.01,0.0,0.0,0.0,0,0.06,-0.55,0.02,100.0,0.0,0.0,0.0,0.0
alibaba_j_1000037,Atomic_Oracle,9,alibaba_real_dag,3,0,0.025,2.0,Origin_BR-N,BR-N,empty,True,23459.4976,23459.4976,100.0,-0.96,0.01,0.0,0.0,0.0,0,0.03,-0.99,0.01,100.0,0.0,0.0,0.0,0.0
alibaba_j_1000034,Atomic_Oracle,9,alibaba_real_dag,3,0,0.0194,2.0,Origin_BR-N,BR-N,empty,True,23459.4976,23459.4976,100.0,-0.04,0.0,0.0,0.0,0.0,0,0.02,-0.06,0.01,100.0,0.0,0.0,0.0,0.0
alibaba_j_1000039,Atomic_Oracle,9,alibaba_real_dag,10,0,5.3694,53.69,Origin_CA-ON,CA-ON,empty,True,23433.2555,23433.2555,100.0,5.66,0.57,120.0,0.0,120.0,3,5.66,0.0,0.57,100.0,42.4163,1.2,21.2014,0.047167
alibaba_j_1000038,Atomic_Oracle,9,alibaba_real_dag,8,0,4.0417,40.42,Origin_CA-ON,CA-ON,empty,True,23433.2555,23433.2555,100.0,31.71,0.68,83.0,0.0,83.0,3,6.76,24.96,0.84,100.0,24.5722,0.83,12.2781,0.081446
alibaba_j_1000078,Atomic_Oracle,9,alibaba_real_dag,5,0,0.175,2.0,Origin_CA-ON,CA-ON,empty,True,23433.2555,23433.2555,100.0,-0.41,0.04,0.0,0.0,0.0,0,0.19,-0.6,0.04,100.0,0.0,0.0,0.0,0.0
alibaba_j_1000075,Atomic_Oracle,9,alibaba_real_dag,3,0,0.0611,2.0,Origin_CA-ON,CA-ON,empty,True,23433.2555,23433.2555,100.0,-0.49,0.01,0.0,0.0,0.0,0,0.06,-0.55,0.02,100.0,0.0,0.0,0.0,0.0
alibaba_j_1000037,Atomic_Oracle,9,alibaba_real_dag,3,0,0.025,2.0,Origin_CA-ON,CA-ON,empty,True,23433.2555,23433.2555,100.0,-0.96,0.01,0.0,0.0,0.0,0,0.03,-0.99,0.01,100.0,0.0,0.0,0.0,0.0
alibaba_j_1000034,Atomic_Oracle,9,alibaba_real_dag,3,0,0.0194,2.0,Origin_CA-ON,CA-ON,empty,True,23433.2555,23433.2555,100.0,-0.04,0.0,0.0,0.0,0.0,0,0.02,-0.06,0.01,100.0,0.0,0.0,0.0,0.0
alibaba_j_1000039,Atomic_Oracle,9,alibaba_real_dag,10,0,5.3694,53.69,Origin_CA-QC,CA-QC,empty,True,23453.9262,23453.9262,100.0,5.66,0.57,120.0,0.0,120.0,3,5.66,0.0,0.57,100.0,42.4163,1.2,21.2014,0.047167
alibaba_j_1000038,Atomic_Oracle,9,alibaba_real_dag,8,0,4.0417,40.42,Origin_CA-QC,CA-QC,empty,True,23453.9262,23453.9262,100.0,32.71,0.68,83.2,0.0,83.2,3,6.76,25.96,0.84,100.0,24.6314,0.832,12.3077,0.08125
alibaba_j_1000078,Atomic_Oracle,9,alibaba_real_dag,5,0,0.175,2.0,Origin_CA-QC,CA-QC,empty,True,23453.9262,23453.9262,100.0,-0.41,0.04,0.0,0.0,0.0,0,0.19,-0.6,0.04,100.0,0.0,0.0,0.0,0.0
alibaba_j_1000075,Atomic_Oracle,9,alibaba_real_dag,3,0,0.0611,2.0,Origin_CA-QC,CA-QC,empty,True,23453.9262,23453.9262,100.0,-0.49,0.01,0.0,0.0,0.0,0,0.06,-0.55,0.02,100.0,0.0,0.0,0.0,0.0
alibaba_j_1000037,Atomic_Oracle,9,alibaba_real_dag,3,0,0.025,2.0,Origin_CA-QC,CA-QC,empty,True,23453.9262,23453.9262,100.0,-0.96,0.01,0.0,0.0,0.0,0,0.03,-0.99,0.01,100.0,0.0,0.0,0.0,0.0
alibaba_j_1000034,Atomic_Oracle,9,alibaba_real_dag,3,0,0.0194,2.0,Origin_CA-QC,CA-QC,empty,True,23453.9262,23453.9262,100.0,-0.04,0.0,0.0,0.0,0.0,0,0.02,-0.06,0.01,100.0,0.0,0.0,0.0,0.0
alibaba_j_1000039,Atomic_Oracle,9,alibaba_real_dag,10,0,5.3694,53.69,Origin_CH,CH,empty,True,23416.4972,23416.4972,100.0,5.66,0.57,120.0,0.0,120.0,3,5.66,0.0,0.57,100.0,42.4163,1.2,21.2014,0.047167
alibaba_j_1000038,Atomic_Oracle,9,alibaba_real_dag,8,0,4.0417,40.42,Origin_CH,CH,empty,True,23416.4972,23416.4972,25.0,44.71,0.68,82.6,0.0,82.6,3,6.76,37.96,0.84,0.0,24.4538,3.304,12.2189,0.08184
alibaba_j_1000078,Atomic_Oracle,9,alibaba_real_dag,5,0,0.175,2.0,Origin_CH,CH,empty,True,23416.4972,23416.4972,100.0,-0.41,0.04,0.0,0.0,0.0,0,0.19,-0.6,0.04,100.0,0.0,0.0,0.0,0.0
alibaba_j_1000075,Atomic_Oracle,9,alibaba_real_dag,3,0,0.0611,2.0,Origin_CH,CH,empty,True,23416.4972,23416.4972,100.0,-0.49,0.01,0.0,0.0,0.0,0,0.06,-0.55,0.02,100.0,0.0,0.0,0.0,0.0
alibaba_j_1000037,Atomic_Oracle,9,alibaba_real_dag,3,0,0.025,2.0,Origin_CH,CH,empty,True,23416.4972,23416.4972,100.0,-0.96,0.01,0.0,0.0,0.0,0,0.03,-0.99,0.01,100.0,0.0,0.0,0.0,0.0
alibaba_j_1000034,Atomic_Oracle,9,alibaba_real_dag,3,0,0.0194,2.0,Origin_CH,CH,empty,True,23416.4972,23416.4972,100.0,-0.04,0.0,0.0,0.0,0.0,0,0.02,-0.06,0.01,100.0,0.0,0.0,0.0,0.0
alibaba_j_1000039,Atomic_Oracle,9,alibaba_real_dag,10,0,5.3694,53.69,Origin_CL-SEN,CL-SEN,empty,True,23408.5194,23408.5194,100.0,5.66,0.57,120.0,0.0,120.0,3,5.66,0.0,0.57,100.0,42.4163,1.2,21.2014,0.047167
alibaba_j_1000038,Atomic_Oracle,9,alibaba_real_dag,8,0,4.0417,40.42,Origin_CL-SEN,CL-SEN,empty,True,23408.5194,23408.5194,100.0,10.71,0.68,81.2,3.29,84.49,3,6.76,3.96,0.84,100.0,25.0133,0.8449,12.4985,0.080009
alibaba_j_1000078,Atomic_Oracle,9,alibaba_real_dag,5,0,0.175,2.0,Origin_CL-SEN,CL-SEN,empty,True,23408.5194,23408.5194,100.0,-0.41,0.04,0.0,0.0,0.0,0,0.19,-0.6,0.04,100.0,0.0,0.0,0.0,0.0
alibaba_j_1000075,Atomic_Oracle,9,alibaba_real_dag,3,0,0.0611,2.0,Origin_CL-SEN,CL-SEN,empty,True,23408.5194,23408.5194,100.0,-0.49,0.01,0.0,0.0,0.0,0,0.06,-0.55,0.02,100.0,0.0,0.0,0.0,0.0
alibaba_j_1000037,Atomic_Oracle,9,alibaba_real_dag,3,0,0.025,2.0,Origin_CL-SEN,CL-SEN,empty,True,23408.5194,23408.5194,100.0,-0.96,0.01,0.0,0.0,0.0,0,0.03,-0.99,0.01,100.0,0.0,0.0,0.0,0.0
alibaba_j_1000034,Atomic_Oracle,9,alibaba_real_dag,3,0,0.0194,2.0,Origin_CL-SEN,CL-SEN,empty,True,23408.5194,23408.5194,100.0,-0.04,0.0,0.0,0.0,0.0,0,0.02,-0.06,0.01,100.0,0.0,0.0,0.0,0.0
alibaba_j_1000039,Atomic_Oracle,9,alibaba_real_dag,10,0,5.3694,53.69,Origin_CY,CY,empty,True,23447.1295,23447.1295,100.0,5.66,0.57,120.0,0.0,120.0,3,5.66,0.0,0.57,100.0,42.4163,1.2,21.2014,0.047167
alibaba_j_1000038,Atomic_Oracle,9,alibaba_real_dag,8,0,4.0417,40.42,Origin_CY,CY,empty,True,23447.1295,23447.1295,100.0,10.71,0.68,81.2,3.29,84.49,3,6.76,3.96,0.84,100.0,25.0133,0.8449,12.4985,0.080009
alibaba_j_1000078,Atomic_Oracle,9,alibaba_real_dag,5,0,0.175,2.0,Origin_CY,CY,empty,True,23447.1295,23447.1295,100.0,-0.41,0.04,0.0,0.0,0.0,0,0.19,-0.6,0.04,100.0,0.0,0.0,0.0,0.0
alibaba_j_1000075,Atomic_Oracle,9,alibaba_real_dag,3,0,0.0611,2.0,Origin_CY,CY,empty,True,23447.1295,23447.1295,100.0,-0.49,0.01,0.0,0.0,0.0,0,0.06,-0.55,0.02,100.0,0.0,0.0,0.0,0.0
alibaba_j_1000037,Atomic_Oracle,9,alibaba_real_dag,3,0,0.025,2.0,Origin_CY,CY,empty,True,23447.1295,23447.1295,100.0,-0.96,0.01,0.0,0.0,0.0,0,0.03,-0.99,0.01,100.0,0.0,0.0,0.0,0.0
alibaba_j_1000034,Atomic_Oracle,9,alibaba_real_dag,3,0,0.0194,2.0,Origin_CY,CY,empty,True,23447.1295,23447.1295,100.0,-0.04,0.0,0.0,0.0,0.0,0,0.02,-0.06,0.01,100.0,0.0,0.0,0.0,0.0
alibaba_j_1000039,Atomic_Oracle,9,alibaba_real_dag,10,0,5.3694,53.69,Origin_CZ,CZ,empty,True,23492.898,23492.898,100.0,5.66,0.57,120.0,0.0,120.0,3,5.66,0.0,0.57,100.0,42.4163,1.2,21.2014,0.047167
alibaba_j_1000038,Atomic_Oracle,9,alibaba_real_dag,8,0,4.0417,40.42,Origin_CZ,CZ,empty,True,23492.898,23492.898,100.0,10.71,0.68,81.2,3.29,84.49,3,6.76,3.96,0.84,100.0,25.0133,0.8449,12.4985,0.080009
alibaba_j_1000078,Atomic_Oracle,9,alibaba_real_dag,5,0,0.175,2.0,Origin_CZ,CZ,empty,True,23492.898,23492.898,100.0,-0.41,0.04,0.0,0.0,0.0,0,0.19,-0.6,0.04,100.0,0.0,0.0,0.0,0.0
alibaba_j_1000075,Atomic_Oracle,9,alibaba_real_dag,3,0,0.0611,2.0,Origin_CZ,CZ,empty,True,23492.898,23492.898,100.0,-0.49,0.01,0.0,0.0,0.0,0,0.06,-0.55,0.02,100.0,0.0,0.0,0.0,0.0
alibaba_j_1000037,Atomic_Oracle,9,alibaba_real_dag,3,0,0.025,2.0,Origin_CZ,CZ,empty,True,23492.898,23492.898,100.0,-0.96,0.01,0.0,0.0,0.0,0,0.03,-0.99,0.01,100.0,0.0,0.0,0.0,0.0
alibaba_j_1000034,Atomic_Oracle,9,alibaba_real_dag,3,0,0.0194,2.0,Origin_CZ,CZ,empty,True,23492.898,23492.898,100.0,-0.04,0.0,0.0,0.0,0.0,0,0.02,-0.06,0.01,100.0,0.0,0.0,0.0,0.0
alibaba_j_1000039,Atomic_Oracle,9,alibaba_real_dag,10,0,5.3694,53.69,Origin_DE,DE,empty,True,23381.7339,23381.7339,100.0,5.66,0.57,120.0,0.0,120.0,3,5.66,0.0,0.57,100.0,42.4163,1.2,21.2014,0.047167
alibaba_j_1000038,Atomic_Oracle,9,alibaba_real_dag,8,0,4.0417,40.42,Origin_DE,DE,empty,True,23381.7339,23381.7339,100.0,10.71,0.68,81.2,3.29,84.49,3,6.76,3.96,0.84,100.0,25.0133,0.8449,12.4985,0.080009
alibaba_j_1000078,Atomic_Oracle,9,alibaba_real_dag,5,0,0.175,2.0,Origin_DE,DE,empty,True,23381.7339,23381.7339,100.0,-0.41,0.04,0.0,0.0,0.0,0,0.19,-0.6,0.04,100.0,0.0,0.0,0.0,0.0
alibaba_j_1000075,Atomic_Oracle,9,alibaba_real_dag,3,0,0.0611,2.0,Origin_DE,DE,empty,True,23381.7339,23381.7339,100.0,-0.49,0.01,0.0,0.0,0.0,0,0.06,-0.55,0.02,100.0,0.0,0.0,0.0,0.0
alibaba_j_1000037,Atomic_Oracle,9,alibaba_real_dag,3,0,0.025,2.0,Origin_DE,DE,empty,True,23381.7339,23381.7339,100.0,-0.96,0.01,0.0,0.0,0.0,0,0.03,-0.99,0.01,100.0,0.0,0.0,0.0,0.0
alibaba_j_1000034,Atomic_Oracle,9,alibaba_real_dag,3,0,0.0194,2.0,Origin_DE,DE,empty,True,23381.7339,23381.7339,100.0,-0.04,0.0,0.0,0.0,0.0,0,0.02,-0.06,0.01,100.0,0.0,0.0,0.0,0.0
alibaba_j_1000039,Atomic_Oracle,9,alibaba_real_dag,10,0,5.3694,53.69,Origin_DK-BHM,DK-BHM,empty,True,23323.8336,23323.8336,100.0,5.66,0.57,120.0,0.0,120.0,3,5.66,0.0,0.57,100.0,42.4163,1.2,21.2014,0.047167
alibaba_j_1000038,Atomic_Oracle,9,alibaba_real_dag,8,0,4.0417,40.42,Origin_DK-BHM,DK-BHM,empty,True,23323.8336,23323.8336,100.0,15.71,0.68,83.8,0.0,83.8,3,6.76,8.96,0.84,100.0,24.809,0.838,12.3964,0.080668
alibaba_j_1000078,Atomic_Oracle,9,alibaba_real_dag,5,0,0.175,2.0,Origin_DK-BHM,DK-BHM,empty,True,23323.8336,23323.8336,100.0,-0.41,0.04,0.0,0.0,0.0,0,0.19,-0.6,0.04,100.0,0.0,0.0,0.0,0.0
alibaba_j_1000075,Atomic_Oracle,9,alibaba_real_dag,3,0,0.0611,2.0,Origin_DK-BHM,DK-BHM,empty,True,23323.8336,23323.8336,100.0,-0.49,0.01,0.0,0.0,0.0,0,0.06,-0.55,0.02,100.0,0.0,0.0,0.0,0.0
alibaba_j_1000037,Atomic_Oracle,9,alibaba_real_dag,3,0,0.025,2.0,Origin_DK-BHM,DK-BHM,empty,True,23323.8336,23323.8336,100.0,-0.96,0.01,0.0,0.0,0.0,0,0.03,-0.99,0.01,100.0,0.0,0.0,0.0,0.0
alibaba_j_1000034,Atomic_Oracle,9,alibaba_real_dag,3,0,0.0194,2.0,Origin_DK-BHM,DK-BHM,empty,True,23323.8336,23323.8336,100.0,-0.04,0.0,0.0,0.0,0.0,0,0.02,-0.06,0.01,100.0,0.0,0.0,0.0,0.0
alibaba_j_1000039,Atomic_Oracle,9,alibaba_real_dag,10,0,5.3694,53.69,Origin_DK-DK1,DK-DK1,empty,True,23387.4745,23387.4745,100.0,5.66,0.57,120.0,0.0,120.0,3,5.66,0.0,0.57,100.0,42.4163,1.2,21.2014,0.047167
alibaba_j_1000038,Atomic_Oracle,9,alibaba_real_dag,8,0,4.0417,40.42,Origin_DK-DK1,DK-DK1,empty,True,23387.4745,23387.4745,12.5,45.71,0.68,83.1,0.0,83.1,3,6.76,38.96,0.84,0.0,24.6018,6.648,12.2929,0.081348
alibaba_j_1000078,Atomic_Oracle,9,alibaba_real_dag,5,0,0.175,2.0,Origin_DK-DK1,DK-DK1,empty,True,23387.4745,23387.4745,100.0,-0.41,0.04,0.0,0.0,0.0,0,0.19,-0.6,0.04,100.0,0.0,0.0,0.0,0.0
alibaba_j_1000075,Atomic_Oracle,9,alibaba_real_dag,3,0,0.0611,2.0,Origin_DK-DK1,DK-DK1,empty,True,23387.4745,23387.4745,100.0,-0.49,0.01,0.0,0.0,0.0,0,0.06,-0.55,0.02,100.0,0.0,0.0,0.0,0.0
alibaba_j_1000037,Atomic_Oracle,9,alibaba_real_dag,3,0,0.025,2.0,Origin_DK-DK1,DK-DK1,empty,True,23387.4745,23387.4745,100.0,-0.96,0.01,0.0,0.0,0.0,0,0.03,-0.99,0.01,100.0,0.0,0.0,0.0,0.0
alibaba_j_1000034,Atomic_Oracle,9,alibaba_real_dag,3,0,0.0194,2.0,Origin_DK-DK1,DK-DK1,empty,True,23387.4745,23387.4745,100.0,-0.04,0.0,0.0,0.0,0.0,0,0.02,-0.06,0.01,100.0,0.0,0.0,0.0,0.0
alibaba_j_1000039,Atomic_Oracle,9,alibaba_real_dag,10,0,5.3694,53.69,Origin_DK-DK2,DK-DK2,empty,True,23324.9205,23324.9205,100.0,5.66,0.57,120.0,0.0,120.0,3,5.66,0.0,0.57,100.0,42.4163,1.2,21.2014,0.047167
alibaba_j_1000038,Atomic_Oracle,9,alibaba_real_dag,8,0,4.0417,40.42,Origin_DK-DK2,DK-DK2,empty,True,23324.9205,23324.9205,100.0,15.71,0.68,83.8,0.0,83.8,3,6.76,8.96,0.84,100.0,24.809,0.838,12.3964,0.080668
alibaba_j_1000078,Atomic_Oracle,9,alibaba_real_dag,5,0,0.175,2.0,Origin_DK-DK2,DK-DK2,empty,True,23324.9205,23324.9205,100.0,-0.41,0.04,0.0,0.0,0.0,0,0.19,-0.6,0.04,100.0,0.0,0.0,0.0,0.0
alibaba_j_1000075,Atomic_Oracle,9,alibaba_real_dag,3,0,0.0611,2.0,Origin_DK-DK2,DK-DK2,empty,True,23324.9205,23324.9205,100.0,-0.49,0.01,0.0,0.0,0.0,0,0.06,-0.55,0.02,100.0,0.0,0.0,0.0,0.0
alibaba_j_1000037,Atomic_Oracle,9,alibaba_real_dag,3,0,0.025,2.0,Origin_DK-DK2,DK-DK2,empty,True,23324.9205,23324.9205,100.0,-0.96,0.01,0.0,0.0,0.0,0,0.03,-0.99,0.01,100.0,0.0,0.0,0.0,0.0
alibaba_j_1000034,Atomic_Oracle,9,alibaba_real_dag,3,0,0.0194,2.0,Origin_DK-DK2,DK-DK2,empty,True,23324.9205,23324.9205,100.0,-0.04,0.0,0.0,0.0,0.0,0,0.02,-0.06,0.01,100.0,0.0,0.0,0.0,0.0
alibaba_j_1000039,Atomic_Oracle,9,alibaba_real_dag,10,0,5.3694,53.69,Origin_EE,EE,empty,True,23337.4201,23337.4201,100.0,5.66,0.57,120.0,0.0,120.0,3,5.66,0.0,0.57,100.0,42.4163,1.2,21.2014,0.047167
alibaba_j_1000038,Atomic_Oracle,9,alibaba_real_dag,8,0,4.0417,40.42,Origin_EE,EE,empty,True,23337.4201,23337.4201,100.0,10.71,0.68,81.2,3.29,84.49,3,6.76,3.96,0.84,100.0,25.0133,0.8449,12.4985,0.080009
alibaba_j_1000078,Atomic_Oracle,9,alibaba_real_dag,5,0,0.175,2.0,Origin_EE,EE,empty,True,23337.4201,23337.4201,100.0,-0.41,0.04,0.0,0.0,0.0,0,0.19,-0.6,0.04,100.0,0.0,0.0,0.0,0.0
alibaba_j_1000075,Atomic_Oracle,9,alibaba_real_dag,3,0,0.0611,2.0,Origin_EE,EE,empty,True,23337.4201,23337.4201,100.0,-0.49,0.01,0.0,0.0,0.0,0,0.06,-0.55,0.02,100.0,0.0,0.0,0.0,0.0
alibaba_j_1000037,Atomic_Oracle,9,alibaba_real_dag,3,0,0.025,2.0,Origin_EE,EE,empty,True,23337.4201,23337.4201,100.0,-0.96,0.01,0.0,0.0,0.0,0,0.03,-0.99,0.01,100.0,0.0,0.0,0.0,0.0
alibaba_j_1000034,Atomic_Oracle,9,alibaba_real_dag,3,0,0.0194,2.0,Origin_EE,EE,empty,True,23337.4201,23337.4201,100.0,-0.04,0.0,0.0,0.0,0.0,0,0.02,-0.06,0.01,100.0,0.0,0.0,0.0,0.0
alibaba_j_1000039,Atomic_Oracle,9,alibaba_real_dag,10,0,5.3694,53.69,Origin_ES,ES,empty,True,23295.1656,23295.1656,100.0,5.66,0.57,120.0,0.0,120.0,3,5.66,0.0,0.57,100.0,42.4163,1.2,21.2014,0.047167
alibaba_j_1000038,Atomic_Oracle,9,alibaba_real_dag,8,0,4.0417,40.42,Origin_ES,ES,empty,True,23295.1656,23295.1656,100.0,10.71,0.68,81.2,3.29,84.49,3,6.76,3.96,0.84,100.0,25.0133,0.8449,12.4985,0.080009
alibaba_j_1000078,Atomic_Oracle,9,alibaba_real_dag,5,0,0.175,2.0,Origin_ES,ES,empty,True,23295.1656,23295.1656,100.0,-0.41,0.04,0.0,0.0,0.0,0,0.19,-0.6,0.04,100.0,0.0,0.0,0.0,0.0
alibaba_j_1000075,Atomic_Oracle,9,alibaba_real_dag,3,0,0.0611,2.0,Origin_ES,ES,empty,True,23295.1656,23295.1656,100.0,-0.49,0.01,0.0,0.0,0.0,0,0.06,-0.55,0.02,100.0,0.0,0.0,0.0,0.0
alibaba_j_1000037,Atomic_Oracle,9,alibaba_real_dag,3,0,0.025,2.0,Origin_ES,ES,empty,True,23295.1656,23295.1656,100.0,-0.96,0.01,0.0,0.0,0.0,0,0.03,-0.99,0.01,100.0,0.0,0.0,0.0,0.0
alibaba_j_1000034,Atomic_Oracle,9,alibaba_real_dag,3,0,0.0194,2.0,Origin_ES,ES,empty,True,23295.1656,23295.1656,100.0,-0.04,0.0,0.0,0.0,0.0,0,0.02,-0.06,0.01,100.0,0.0,0.0,0.0,0.0
alibaba_j_1000039,Atomic_Oracle,9,alibaba_real_dag,10,0,5.3694,53.69,Origin_FI,FI,empty,True,23323.0315,23323.0315,100.0,5.66,0.57,120.0,0.0,120.0,3,5.66,0.0,0.57,100.0,42.4163,1.2,21.2014,0.047167
alibaba_j_1000038,Atomic_Oracle,9,alibaba_real_dag,8,0,4.0417,40.42,Origin_FI,FI,empty,True,23323.0315,23323.0315,100.0,12.71,0.68,84.0,0.0,84.0,3,6.76,5.96,0.84,100.0,24.8683,0.84,12.426,0.080476
alibaba_j_1000078,Atomic_Oracle,9,alibaba_real_dag,5,0,0.175,2.0,Origin_FI,FI,empty,True,23323.0315,23323.0315,100.0,-0.41,0.04,0.0,0.0,0.0,0,0.19,-0.6,0.04,100.0,0.0,0.0,0.0,0.0
alibaba_j_1000075,Atomic_Oracle,9,alibaba_real_dag,3,0,0.0611,2.0,Origin_FI,FI,empty,True,23323.0315,23323.0315,100.0,-0.49,0.01,0.0,0.0,0.0,0,0.06,-0.55,0.02,100.0,0.0,0.0,0.0,0.0
alibaba_j_1000037,Atomic_Oracle,9,alibaba_real_dag,3,0,0.025,2.0,Origin_FI,FI,empty,True,23323.0315,23323.0315,100.0,-0.96,0.01,0.0,0.0,0.0,0,0.03,-0.99,0.01,100.0,0.0,0.0,0.0,0.0
alibaba_j_1000034,Atomic_Oracle,9,alibaba_real_dag,3,0,0.0194,2.0,Origin_FI,FI,empty,True,23323.0315,23323.0315,100.0,-0.04,0.0,0.0,0.0,0.0,0,0.02,-0.06,0.01,100.0,0.0,0.0,0.0,0.0
alibaba_j_1000039,Atomic_Oracle,9,alibaba_real_dag,10,0,5.3694,53.69,Origin_FR,FR,empty,True,23361.1999,23361.1999,100.0,5.66,0.57,120.0,0.0,120.0,3,5.66,0.0,0.57,100.0,42.4163,1.2,21.2014,0.047167
alibaba_j_1000038,Atomic_Oracle,9,alibaba_real_dag,8,0,4.0417,40.42,Origin_FR,FR,empty,True,23361.1999,23361.1999,100.0,21.71,0.68,81.6,0.0,81.6,3,6.76,14.96,0.84,100.0,24.1577,0.816,12.071,0.082843
alibaba_j_1000078,Atomic_Oracle,9,alibaba_real_dag,5,0,0.175,2.0,Origin_FR,FR,empty,True,23361.1999,23361.1999,100.0,-0.41,0.04,0.0,0.0,0.0,0,0.19,-0.6,0.04,100.0,0.0,0.0,0.0,0.0
alibaba_j_1000075,Atomic_Oracle,9,alibaba_real_dag,3,0,0.0611,2.0,Origin_FR,FR,empty,True,23361.1999,23361.1999,100.0,-0.49,0.01,0.0,0.0,0.0,0,0.06,-0.55,0.02,100.0,0.0,0.0,0.0,0.0
alibaba_j_1000037,Atomic_Oracle,9,alibaba_real_dag,3,0,0.025,2.0,Origin_FR,FR,empty,True,23361.1999,23361.1999,100.0,-0.96,0.01,0.0,0.0,0.0,0,0.03,-0.99,0.01,100.0,0.0,0.0,0.0,0.0
alibaba_j_1000034,Atomic_Oracle,9,alibaba_real_dag,3,0,0.0194,2.0,Origin_FR,FR,empty,True,23361.1999,23361.1999,100.0,-0.04,0.0,0.0,0.0,0.0,0,0.02,-0.06,0.01,100.0,0.0,0.0,0.0,0.0
alibaba_j_1000039,Atomic_Oracle,9,alibaba_real_dag,10,0,5.3694,53.69,Origin_GB-NIR,GB-NIR,empty,True,23381.6049,23381.6049,100.0,5.66,0.57,120.0,0.0,120.0,3,5.66,0.0,0.57,100.0,42.4163,1.2,21.2014,0.047167
alibaba_j_1000038,Atomic_Oracle,9,alibaba_real_dag,8,0,4.0417,40.42,Origin_GB-NIR,GB-NIR,empty,True,23381.6049,23381.6049,100.0,10.71,0.68,81.2,3.29,84.49,3,6.76,3.96,0.84,100.0,25.0133,0.8449,12.4985,0.080009
alibaba_j_1000078,Atomic_Oracle,9,alibaba_real_dag,5,0,0.175,2.0,Origin_GB-NIR,GB-NIR,empty,True,23381.6049,23381.6049,100.0,-0.41,0.04,0.0,0.0,0.0,0,0.19,-0.6,0.04,100.0,0.0,0.0,0.0,0.0
alibaba_j_1000075,Atomic_Oracle,9,alibaba_real_dag,3,0,0.0611,2.0,Origin_GB-NIR,GB-NIR,empty,True,23381.6049,23381.6049,100.0,-0.49,0.01,0.0,0.0,0.0,0,0.06,-0.55,0.02,100.0,0.0,0.0,0.0,0.0
alibaba_j_1000037,Atomic_Oracle,9,alibaba_real_dag,3,0,0.025,2.0,Origin_GB-NIR,GB-NIR,empty,True,23381.6049,23381.6049,100.0,-0.96,0.01,0.0,0.0,0.0,0,0.03,-0.99,0.01,100.0,0.0,0.0,0.0,0.0
alibaba_j_1000034,Atomic_Oracle,9,alibaba_real_dag,3,0,0.0194,2.0,Origin_GB-NIR,GB-NIR,empty,True,23381.6049,23381.6049,100.0,-0.04,0.0,0.0,0.0,0.0,0,0.02,-0.06,0.01,100.0,0.0,0.0,0.0,0.0
alibaba_j_1000039,Atomic_Oracle,9,alibaba_real_dag,10,0,5.3694,53.69,Origin_GB,GB,empty,True,23372.5081,23372.5081,100.0,5.66,0.57,120.0,0.0,120.0,3,5.66,0.0,0.57,100.0,42.4163,1.2,21.2014,0.047167
alibaba_j_1000038,Atomic_Oracle,9,alibaba_real_dag,8,0,4.0417,40.42,Origin_GB,GB,empty,True,23372.5081,23372.5081,100.0,10.71,0.68,81.2,3.29,84.49,3,6.76,3.96,0.84,100.0,25.0133,0.8449,12.4985,0.080009
alibaba_j_1000078,Atomic_Oracle,9,alibaba_real_dag,5,0,0.175,2.0,Origin_GB,GB,empty,True,23372.5081,23372.5081,100.0,-0.41,0.04,0.0,0.0,0.0,0,0.19,-0.6,0.04,100.0,0.0,0.0,0.0,0.0
alibaba_j_1000075,Atomic_Oracle,9,alibaba_real_dag,3,0,0.0611,2.0,Origin_GB,GB,empty,True,23372.5081,23372.5081,100.0,-0.49,0.01,0.0,0.0,0.0,0,0.06,-0.55,0.02,100.0,0.0,0.0,0.0,0.0
alibaba_j_1000037,Atomic_Oracle,9,alibaba_real_dag,3,0,0.025,2.0,Origin_GB,GB,empty,True,23372.5081,23372.5081,100.0,-0.96,0.01,0.0,0.0,0.0,0,0.03,-0.99,0.01,100.0,0.0,0.0,0.0,0.0
alibaba_j_1000034,Atomic_Oracle,9,alibaba_real_dag,3,0,0.0194,2.0,Origin_GB,GB,empty,True,23372.5081,23372.5081,100.0,-0.04,0.0,0.0,0.0,0.0,0,0.02,-0.06,0.01,100.0,0.0,0.0,0.0,0.0
alibaba_j_1000039,Atomic_Oracle,9,alibaba_real_dag,10,0,5.3694,53.69,Origin_GR,GR,empty,True,23262.1241,23262.1241,100.0,5.66,0.57,120.0,0.0,120.0,3,5.66,0.0,0.57,100.0,42.4163,1.2,21.2014,0.047167
alibaba_j_1000038,Atomic_Oracle,9,alibaba_real_dag,8,0,4.0417,40.42,Origin_GR,GR,empty,True,23262.1241,23262.1241,100.0,10.71,0.68,81.2,3.29,84.49,3,6.76,3.96,0.84,100.0,25.0133,0.8449,12.4985,0.080009
alibaba_j_1000078,Atomic_Oracle,9,alibaba_real_dag,5,0,0.175,2.0,Origin_GR,GR,empty,True,23262.1241,23262.1241,100.0,-0.41,0.04,0.0,0.0,0.0,0,0.19,-0.6,0.04,100.0,0.0,0.0,0.0,0.0
alibaba_j_1000075,Atomic_Oracle,9,alibaba_real_dag,3,0,0.0611,2.0,Origin_GR,GR,empty,True,23262.1241,23262.1241,100.0,-0.49,0.01,0.0,0.0,0.0,0,0.06,-0.55,0.02,100.0,0.0,0.0,0.0,0.0
alibaba_j_1000037,Atomic_Oracle,9,alibaba_real_dag,3,0,0.025,2.0,Origin_GR,GR,empty,True,23262.1241,23262.1241,100.0,-0.96,0.01,0.0,0.0,0.0,0,0.03,-0.99,0.01,100.0,0.0,0.0,0.0,0.0
alibaba_j_1000034,Atomic_Oracle,9,alibaba_real_dag,3,0,0.0194,2.0,Origin_GR,GR,empty,True,23262.1241,23262.1241,100.0,-0.04,0.0,0.0,0.0,0.0,0,0.02,-0.06,0.01,100.0,0.0,0.0,0.0,0.0
alibaba_j_1000039,Atomic_Oracle,9,alibaba_real_dag,10,0,5.3694,53.69,Origin_HK,HK,empty,True,23268.0888,23268.0888,100.0,5.66,0.57,120.0,0.0,120.0,3,5.66,0.0,0.57,100.0,42.4163,1.2,21.2014,0.047167
alibaba_j_1000038,Atomic_Oracle,9,alibaba_real_dag,8,0,4.0417,40.42,Origin_HK,HK,empty,True,23268.0888,23268.0888,100.0,10.71,0.68,81.2,3.29,84.49,3,6.76,3.96,0.84,100.0,25.0133,0.8449,12.4985,0.080009
alibaba_j_1000078,Atomic_Oracle,9,alibaba_real_dag,5,0,0.175,2.0,Origin_HK,HK,empty,True,23268.0888,23268.0888,100.0,-0.41,0.04,0.0,0.0,0.0,0,0.19,-0.6,0.04,100.0,0.0,0.0,0.0,0.0
alibaba_j_1000075,Atomic_Oracle,9,alibaba_real_dag,3,0,0.0611,2.0,Origin_HK,HK,empty,True,23268.0888,23268.0888,100.0,-0.49,0.01,0.0,0.0,0.0,0,0.06,-0.55,0.02,100.0,0.0,0.0,0.0,0.0
alibaba_j_1000037,Atomic_Oracle,9,alibaba_real_dag,3,0,0.025,2.0,Origin_HK,HK,empty,True,23268.0888,23268.0888,100.0,-0.96,0.01,0.0,0.0,0.0,0,0.03,-0.99,0.01,100.0,0.0,0.0,0.0,0.0
alibaba_j_1000034,Atomic_Oracle,9,alibaba_real_dag,3,0,0.0194,2.0,Origin_HK,HK,empty,True,23268.0888,23268.0888,100.0,-0.04,0.0,0.0,0.0,0.0,0,0.02,-0.06,0.01,100.0,0.0,0.0,0.0,0.0
alibaba_j_1000039,Atomic_Oracle,9,alibaba_real_dag,10,0,5.3694,53.69,Origin_HR,HR,empty,True,23397.3239,23397.3239,100.0,5.66,0.57,120.0,0.0,120.0,3,5.66,0.0,0.57,100.0,42.4163,1.2,21.2014,0.047167
alibaba_j_1000038,Atomic_Oracle,9,alibaba_real_dag,8,0,4.0417,40.42,Origin_HR,HR,empty,True,23397.3239,23397.3239,100.0,10.71,0.68,81.2,3.29,84.49,3,6.76,3.96,0.84,100.0,25.0133,0.8449,12.4985,0.080009
alibaba_j_1000078,Atomic_Oracle,9,alibaba_real_dag,5,0,0.175,2.0,Origin_HR,HR,empty,True,23397.3239,23397.3239,100.0,-0.41,0.04,0.0,0.0,0.0,0,0.19,-0.6,0.04,100.0,0.0,0.0,0.0,0.0
alibaba_j_1000075,Atomic_Oracle,9,alibaba_real_dag,3,0,0.0611,2.0,Origin_HR,HR,empty,True,23397.3239,23397.3239,100.0,-0.49,0.01,0.0,0.0,0.0,0,0.06,-0.55,0.02,100.0,0.0,0.0,0.0,0.0
alibaba_j_1000037,Atomic_Oracle,9,alibaba_real_dag,3,0,0.025,2.0,Origin_HR,HR,empty,True,23397.3239,23397.3239,100.0,-0.96,0.01,0.0,0.0,0.0,0,0.03,-0.99,0.01,100.0,0.0,0.0,0.0,0.0
alibaba_j_1000034,Atomic_Oracle,9,alibaba_real_dag,3,0,0.0194,2.0,Origin_HR,HR,empty,True,23397.3239,23397.3239,100.0,-0.04,0.0,0.0,0.0,0.0,0,0.02,-0.06,0.01,100.0,0.0,0.0,0.0,0.0
alibaba_j_1000039,Atomic_Oracle,9,alibaba_real_dag,10,0,5.3694,53.69,Origin_HU,HU,empty,True,23209.1579,23209.1579,100.0,5.66,0.57,120.0,0.0,120.0,3,5.66,0.0,0.57,100.0,42.4163,1.2,21.2014,0.047167
alibaba_j_1000038,Atomic_Oracle,9,alibaba_real_dag,8,0,4.0417,40.42,Origin_HU,HU,empty,True,23209.1579,23209.1579,100.0,10.71,0.68,81.2,3.29,84.49,3,6.76,3.96,0.84,100.0,25.0133,0.8449,12.4985,0.080009
alibaba_j_1000078,Atomic_Oracle,9,alibaba_real_dag,5,0,0.175,2.0,Origin_HU,HU,empty,True,23209.1579,23209.1579,100.0,-0.41,0.04,0.0,0.0,0.0,0,0.19,-0.6,0.04,100.0,0.0,0.0,0.0,0.0
alibaba_j_1000075,Atomic_Oracle,9,alibaba_real_dag,3,0,0.0611,2.0,Origin_HU,HU,empty,True,23209.1579,23209.1579,100.0,-0.49,0.01,0.0,0.0,0.0,0,0.06,-0.55,0.02,100.0,0.0,0.0,0.0,0.0
alibaba_j_1000037,Atomic_Oracle,9,alibaba_real_dag,3,0,0.025,2.0,Origin_HU,HU,empty,True,23209.1579,23209.1579,100.0,-0.96,0.01,0.0,0.0,0.0,0,0.03,-0.99,0.01,100.0,0.0,0.0,0.0,0.0
alibaba_j_1000034,Atomic_Oracle,9,alibaba_real_dag,3,0,0.0194,2.0,Origin_HU,HU,empty,True,23209.1579,23209.1579,100.0,-0.04,0.0,0.0,0.0,0.0,0,0.02,-0.06,0.01,100.0,0.0,0.0,0.0,0.0
alibaba_j_1000039,Atomic_Oracle,9,alibaba_real_dag,10,0,5.3694,53.69,Origin_ID,ID,empty,True,23213.3473,23213.3473,100.0,5.66,0.57,120.0,0.0,120.0,3,5.66,0.0,0.57,100.0,42.4163,1.2,21.2014,0.047167
alibaba_j_1000038,Atomic_Oracle,9,alibaba_real_dag,8,0,4.0417,40.42,Origin_ID,ID,empty,True,23213.3473,23213.3473,100.0,10.71,0.68,81.2,3.29,84.49,3,6.76,3.96,0.84,100.0,25.0133,0.8449,12.4985,0.080009
alibaba_j_1000078,Atomic_Oracle,9,alibaba_real_dag,5,0,0.175,2.0,Origin_ID,ID,empty,True,23213.3473,23213.3473,100.0,-0.41,0.04,0.0,0.0,0.0,0,0.19,-0.6,0.04,100.0,0.0,0.0,0.0,0.0
alibaba_j_1000075,Atomic_Oracle,9,alibaba_real_dag,3,0,0.0611,2.0,Origin_ID,ID,empty,True,23213.3473,23213.3473,100.0,-0.49,0.01,0.0,0.0,0.0,0,0.06,-0.55,0.02,100.0,0.0,0.0,0.0,0.0
alibaba_j_1000037,Atomic_Oracle,9,alibaba_real_dag,3,0,0.025,2.0,Origin_ID,ID,empty,True,23213.3473,23213.3473,100.0,-0.96,0.01,0.0,0.0,0.0,0,0.03,-0.99,0.01,100.0,0.0,0.0,0.0,0.0
alibaba_j_1000034,Atomic_Oracle,9,alibaba_real_dag,3,0,0.0194,2.0,Origin_ID,ID,empty,True,23213.3473,23213.3473,100.0,-0.04,0.0,0.0,0.0,0.0,0,0.02,-0.06,0.01,100.0,0.0,0.0,0.0,0.0
alibaba_j_1000039,Atomic_Oracle,9,alibaba_real_dag,10,0,5.3694,53.69,Origin_IE,IE,empty,True,23338.8999,23338.8999,100.0,5.66,0.57,120.0,0.0,120.0,3,5.66,0.0,0.57,100.0,42.4163,1.2,21.2014,0.047167
alibaba_j_1000038,Atomic_Oracle,9,alibaba_real_dag,8,0,4.0417,40.42,Origin_IE,IE,empty,True,23338.8999,23338.8999,100.0,10.71,0.68,81.2,3.29,84.49,3,6.76,3.96,0.84,100.0,25.0133,0.8449,12.4985,0.080009
alibaba_j_1000078,Atomic_Oracle,9,alibaba_real_dag,5,0,0.175,2.0,Origin_IE,IE,empty,True,23338.8999,23338.8999,100.0,-0.41,0.04,0.0,0.0,0.0,0,0.19,-0.6,0.04,100.0,0.0,0.0,0.0,0.0
alibaba_j_1000075,Atomic_Oracle,9,alibaba_real_dag,3,0,0.0611,2.0,Origin_IE,IE,empty,True,23338.8999,23338.8999,100.0,-0.49,0.01,0.0,0.0,0.0,0,0.06,-0.55,0.02,100.0,0.0,0.0,0.0,0.0
alibaba_j_1000037,Atomic_Oracle,9,alibaba_real_dag,3,0,0.025,2.0,Origin_IE,IE,empty,True,23338.8999,23338.8999,100.0,-0.96,0.01,0.0,0.0,0.0,0,0.03,-0.99,0.01,100.0,0.0,0.0,0.0,0.0
alibaba_j_1000034,Atomic_Oracle,9,alibaba_real_dag,3,0,0.0194,2.0,Origin_IE,IE,empty,True,23338.8999,23338.8999,100.0,-0.04,0.0,0.0,0.0,0.0,0,0.02,-0.06,0.01,100.0,0.0,0.0,0.0,0.0
alibaba_j_1000039,Atomic_Oracle,9,alibaba_real_dag,10,0,5.3694,53.69,Origin_IL,IL,empty,True,23376.1617,23376.1617,100.0,5.66,0.57,120.0,0.0,120.0,3,5.66,0.0,0.57,100.0,42.4163,1.2,21.2014,0.047167
alibaba_j_1000038,Atomic_Oracle,9,alibaba_real_dag,8,0,4.0417,40.42,Origin_IL,IL,empty,True,23376.1617,23376.1617,100.0,10.71,0.68,81.2,3.29,84.49,3,6.76,3.96,0.84,100.0,25.0133,0.8449,12.4985,0.080009
alibaba_j_1000078,Atomic_Oracle,9,alibaba_real_dag,5,0,0.175,2.0,Origin_IL,IL,empty,True,23376.1617,23376.1617,100.0,-0.41,0.04,0.0,0.0,0.0,0,0.19,-0.6,0.04,100.0,0.0,0.0,0.0,0.0
alibaba_j_1000075,Atomic_Oracle,9,alibaba_real_dag,3,0,0.0611,2.0,Origin_IL,IL,empty,True,23376.1617,23376.1617,100.0,-0.49,0.01,0.0,0.0,0.0,0,0.06,-0.55,0.02,100.0,0.0,0.0,0.0,0.0
alibaba_j_1000037,Atomic_Oracle,9,alibaba_real_dag,3,0,0.025,2.0,Origin_IL,IL,empty,True,23376.1617,23376.1617,100.0,-0.96,0.01,0.0,0.0,0.0,0,0.03,-0.99,0.01,100.0,0.0,0.0,0.0,0.0
alibaba_j_1000034,Atomic_Oracle,9,alibaba_real_dag,3,0,0.0194,2.0,Origin_IL,IL,empty,True,23376.1617,23376.1617,100.0,-0.04,0.0,0.0,0.0,0.0,0,0.02,-0.06,0.01,100.0,0.0,0.0,0.0,0.0
alibaba_j_1000039,Atomic_Oracle,9,alibaba_real_dag,10,0,5.3694,53.69,Origin_IN-MH,IN-MH,empty,True,23310.2957,23310.2957,100.0,5.66,0.57,120.0,0.0,120.0,3,5.66,0.0,0.57,100.0,42.4163,1.2,21.2014,0.047167
alibaba_j_1000038,Atomic_Oracle,9,alibaba_real_dag,8,0,4.0417,40.42,Origin_IN-MH,IN-MH,empty,True,23310.2957,23310.2957,100.0,10.71,0.68,81.2,3.29,84.49,3,6.76,3.96,0.84,100.0,25.0133,0.8449,12.4985,0.080009
alibaba_j_1000078,Atomic_Oracle,9,alibaba_real_dag,5,0,0.175,2.0,Origin_IN-MH,IN-MH,empty,True,23310.2957,23310.2957,100.0,-0.41,0.04,0.0,0.0,0.0,0,0.19,-0.6,0.04,100.0,0.0,0.0,0.0,0.0
alibaba_j_1000075,Atomic_Oracle,9,alibaba_real_dag,3,0,0.0611,2.0,Origin_IN-MH,IN-MH,empty,True,23310.2957,23310.2957,100.0,-0.49,0.01,0.0,0.0,0.0,0,0.06,-0.55,0.02,100.0,0.0,0.0,0.0,0.0
alibaba_j_1000037,Atomic_Oracle,9,alibaba_real_dag,3,0,0.025,2.0,Origin_IN-MH,IN-MH,empty,True,23310.2957,23310.2957,100.0,-0.96,0.01,0.0,0.0,0.0,0,0.03,-0.99,0.01,100.0,0.0,0.0,0.0,0.0
alibaba_j_1000034,Atomic_Oracle,9,alibaba_real_dag,3,0,0.0194,2.0,Origin_IN-MH,IN-MH,empty,True,23310.2957,23310.2957,100.0,-0.04,0.0,0.0,0.0,0.0,0,0.02,-0.06,0.01,100.0,0.0,0.0,0.0,0.0
alibaba_j_1000039,Atomic_Oracle,9,alibaba_real_dag,10,0,5.3694,53.69,Origin_IN-UP,IN-UP,empty,True,23291.222,23291.222,100.0,5.66,0.57,120.0,0.0,120.0,3,5.66,0.0,0.57,100.0,42.4163,1.2,21.2014,0.047167
alibaba_j_1000038,Atomic_Oracle,9,alibaba_real_dag,8,0,4.0417,40.42,Origin_IN-UP,IN-UP,empty,True,23291.222,23291.222,100.0,10.71,0.68,81.2,3.29,84.49,3,6.76,3.96,0.84,100.0,25.0133,0.8449,12.4985,0.080009
alibaba_j_1000078,Atomic_Oracle,9,alibaba_real_dag,5,0,0.175,2.0,Origin_IN-UP,IN-UP,empty,True,23291.222,23291.222,100.0,-0.41,0.04,0.0,0.0,0.0,0,0.19,-0.6,0.04,100.0,0.0,0.0,0.0,0.0
alibaba_j_1000075,Atomic_Oracle,9,alibaba_real_dag,3,0,0.0611,2.0,Origin_IN-UP,IN-UP,empty,True,23291.222,23291.222,100.0,-0.49,0.01,0.0,0.0,0.0,0,0.06,-0.55,0.02,100.0,0.0,0.0,0.0,0.0
alibaba_j_1000037,Atomic_Oracle,9,alibaba_real_dag,3,0,0.025,2.0,Origin_IN-UP,IN-UP,empty,True,23291.222,23291.222,100.0,-0.96,0.01,0.0,0.0,0.0,0,0.03,-0.99,0.01,100.0,0.0,0.0,0.0,0.0
alibaba_j_1000034,Atomic_Oracle,9,alibaba_real_dag,3,0,0.0194,2.0,Origin_IN-UP,IN-UP,empty,True,23291.222,23291.222,100.0,-0.04,0.0,0.0,0.0,0.0,0,0.02,-0.06,0.01,100.0,0.0,0.0,0.0,0.0
alibaba_j_1000039,Atomic_Oracle,9,alibaba_real_dag,10,0,5.3694,53.69,Origin_IN-WE,IN-WE,empty,True,23247.6394,23247.6394,100.0,5.66,0.57,120.0,0.0,120.0,3,5.66,0.0,0.57,100.0,42.4163,1.2,21.2014,0.047167
alibaba_j_1000038,Atomic_Oracle,9,alibaba_real_dag,8,0,4.0417,40.42,Origin_IN-WE,IN-WE,empty,True,23247.6394,23247.6394,100.0,10.71,0.68,81.2,3.29,84.49,3,6.76,3.96,0.84,100.0,25.0133,0.8449,12.4985,0.080009
alibaba_j_1000078,Atomic_Oracle,9,alibaba_real_dag,5,0,0.175,2.0,Origin_IN-WE,IN-WE,empty,True,23247.6394,23247.6394,100.0,-0.41,0.04,0.0,0.0,0.0,0,0.19,-0.6,0.04,100.0,0.0,0.0,0.0,0.0
alibaba_j_1000075,Atomic_Oracle,9,alibaba_real_dag,3,0,0.0611,2.0,Origin_IN-WE,IN-WE,empty,True,23247.6394,23247.6394,100.0,-0.49,0.01,0.0,0.0,0.0,0,0.06,-0.55,0.02,100.0,0.0,0.0,0.0,0.0
alibaba_j_1000037,Atomic_Oracle,9,alibaba_real_dag,3,0,0.025,2.0,Origin_IN-WE,IN-WE,empty,True,23247.6394,23247.6394,100.0,-0.96,0.01,0.0,0.0,0.0,0,0.03,-0.99,0.01,100.0,0.0,0.0,0.0,0.0
alibaba_j_1000034,Atomic_Oracle,9,alibaba_real_dag,3,0,0.0194,2.0,Origin_IN-WE,IN-WE,empty,True,23247.6394,23247.6394,100.0,-0.04,0.0,0.0,0.0,0.0,0,0.02,-0.06,0.01,100.0,0.0,0.0,0.0,0.0
alibaba_j_1000039,Atomic_Oracle,9,alibaba_real_dag,10,0,5.3694,53.69,Origin_IT-CNO,IT-CNO,empty,True,23277.3025,23277.3025,100.0,5.66,0.57,120.0,0.0,120.0,3,5.66,0.0,0.57,100.0,42.4163,1.2,21.2014,0.047167
alibaba_j_1000038,Atomic_Oracle,9,alibaba_real_dag,8,0,4.0417,40.42,Origin_IT-CNO,IT-CNO,empty,True,23277.3025,23277.3025,100.0,10.71,0.68,81.2,3.29,84.49,3,6.76,3.96,0.84,100.0,25.0133,0.8449,12.4985,0.080009
alibaba_j_1000078,Atomic_Oracle,9,alibaba_real_dag,5,0,0.175,2.0,Origin_IT-CNO,IT-CNO,empty,True,23277.3025,23277.3025,100.0,-0.41,0.04,0.0,0.0,0.0,0,0.19,-0.6,0.04,100.0,0.0,0.0,0.0,0.0
alibaba_j_1000075,Atomic_Oracle,9,alibaba_real_dag,3,0,0.0611,2.0,Origin_IT-CNO,IT-CNO,empty,True,23277.3025,23277.3025,100.0,-0.49,0.01,0.0,0.0,0.0,0,0.06,-0.55,0.02,100.0,0.0,0.0,0.0,0.0
alibaba_j_1000037,Atomic_Oracle,9,alibaba_real_dag,3,0,0.025,2.0,Origin_IT-CNO,IT-CNO,empty,True,23277.3025,23277.3025,100.0,-0.96,0.01,0.0,0.0,0.0,0,0.03,-0.99,0.01,100.0,0.0,0.0,0.0,0.0
alibaba_j_1000034,Atomic_Oracle,9,alibaba_real_dag,3,0,0.0194,2.0,Origin_IT-CNO,IT-CNO,empty,True,23277.3025,23277.3025,100.0,-0.04,0.0,0.0,0.0,0.0,0,0.02,-0.06,0.01,100.0,0.0,0.0,0.0,0.0
alibaba_j_1000039,Atomic_Oracle,9,alibaba_real_dag,10,0,5.3694,53.69,Origin_IT-CSO,IT-CSO,empty,True,23314.8548,23314.8548,100.0,5.66,0.57,120.0,0.0,120.0,3,5.66,0.0,0.57,100.0,42.4163,1.2,21.2014,0.047167
alibaba_j_1000038,Atomic_Oracle,9,alibaba_real_dag,8,0,4.0417,40.42,Origin_IT-CSO,IT-CSO,empty,True,23314.8548,23314.8548,100.0,10.71,0.68,81.2,3.29,84.49,3,6.76,3.96,0.84,100.0,25.0133,0.8449,12.4985,0.080009
alibaba_j_1000078,Atomic_Oracle,9,alibaba_real_dag,5,0,0.175,2.0,Origin_IT-CSO,IT-CSO,empty,True,23314.8548,23314.8548,100.0,-0.41,0.04,0.0,0.0,0.0,0,0.19,-0.6,0.04,100.0,0.0,0.0,0.0,0.0
alibaba_j_1000075,Atomic_Oracle,9,alibaba_real_dag,3,0,0.0611,2.0,Origin_IT-CSO,IT-CSO,empty,True,23314.8548,23314.8548,100.0,-0.49,0.01,0.0,0.0,0.0,0,0.06,-0.55,0.02,100.0,0.0,0.0,0.0,0.0
alibaba_j_1000037,Atomic_Oracle,9,alibaba_real_dag,3,0,0.025,2.0,Origin_IT-CSO,IT-CSO,empty,True,23314.8548,23314.8548,100.0,-0.96,0.01,0.0,0.0,0.0,0,0.03,-0.99,0.01,100.0,0.0,0.0,0.0,0.0
alibaba_j_1000034,Atomic_Oracle,9,alibaba_real_dag,3,0,0.0194,2.0,Origin_IT-CSO,IT-CSO,empty,True,23314.8548,23314.8548,100.0,-0.04,0.0,0.0,0.0,0.0,0,0.02,-0.06,0.01,100.0,0.0,0.0,0.0,0.0
alibaba_j_1000039,Atomic_Oracle,9,alibaba_real_dag,10,0,5.3694,53.69,Origin_IT-NO,IT-NO,empty,True,23333.3887,23333.3887,100.0,5.66,0.57,120.0,0.0,120.0,3,5.66,0.0,0.57,100.0,42.4163,1.2,21.2014,0.047167
alibaba_j_1000038,Atomic_Oracle,9,alibaba_real_dag,8,0,4.0417,40.42,Origin_IT-NO,IT-NO,empty,True,23333.3887,23333.3887,100.0,10.71,0.68,81.2,3.29,84.49,3,6.76,3.96,0.84,100.0,25.0133,0.8449,12.4985,0.080009
alibaba_j_1000078,Atomic_Oracle,9,alibaba_real_dag,5,0,0.175,2.0,Origin_IT-NO,IT-NO,empty,True,23333.3887,23333.3887,100.0,-0.41,0.04,0.0,0.0,0.0,0,0.19,-0.6,0.04,100.0,0.0,0.0,0.0,0.0
alibaba_j_1000075,Atomic_Oracle,9,alibaba_real_dag,3,0,0.0611,2.0,Origin_IT-NO,IT-NO,empty,True,23333.3887,23333.3887,100.0,-0.49,0.01,0.0,0.0,0.0,0,0.06,-0.55,0.02,100.0,0.0,0.0,0.0,0.0
alibaba_j_1000037,Atomic_Oracle,9,alibaba_real_dag,3,0,0.025,2.0,Origin_IT-NO,IT-NO,empty,True,23333.3887,23333.3887,100.0,-0.96,0.01,0.0,0.0,0.0,0,0.03,-0.99,0.01,100.0,0.0,0.0,0.0,0.0
alibaba_j_1000034,Atomic_Oracle,9,alibaba_real_dag,3,0,0.0194,2.0,Origin_IT-NO,IT-NO,empty,True,23333.3887,23333.3887,100.0,-0.04,0.0,0.0,0.0,0.0,0,0.02,-0.06,0.01,100.0,0.0,0.0,0.0,0.0
alibaba_j_1000039,Atomic_Oracle,9,alibaba_real_dag,10,0,5.3694,53.69,Origin_IT-SAR,IT-SAR,empty,True,23225.0719,23225.0719,100.0,5.66,0.57,120.0,0.0,120.0,3,5.66,0.0,0.57,100.0,42.4163,1.2,21.2014,0.047167
alibaba_j_1000038,Atomic_Oracle,9,alibaba_real_dag,8,0,4.0417,40.42,Origin_IT-SAR,IT-SAR,empty,True,23225.0719,23225.0719,100.0,10.71,0.68,81.2,3.29,84.49,3,6.76,3.96,0.84,100.0,25.0133,0.8449,12.4985,0.080009
alibaba_j_1000078,Atomic_Oracle,9,alibaba_real_dag,5,0,0.175,2.0,Origin_IT-SAR,IT-SAR,empty,True,23225.0719,23225.0719,100.0,-0.41,0.04,0.0,0.0,0.0,0,0.19,-0.6,0.04,100.0,0.0,0.0,0.0,0.0
alibaba_j_1000075,Atomic_Oracle,9,alibaba_real_dag,3,0,0.0611,2.0,Origin_IT-SAR,IT-SAR,empty,True,23225.0719,23225.0719,100.0,-0.49,0.01,0.0,0.0,0.0,0,0.06,-0.55,0.02,100.0,0.0,0.0,0.0,0.0
alibaba_j_1000037,Atomic_Oracle,9,alibaba_real_dag,3,0,0.025,2.0,Origin_IT-SAR,IT-SAR,empty,True,23225.0719,23225.0719,100.0,-0.96,0.01,0.0,0.0,0.0,0,0.03,-0.99,0.01,100.0,0.0,0.0,0.0,0.0
alibaba_j_1000034,Atomic_Oracle,9,alibaba_real_dag,3,0,0.0194,2.0,Origin_IT-SAR,IT-SAR,empty,True,23225.0719,23225.0719,100.0,-0.04,0.0,0.0,0.0,0.0,0,0.02,-0.06,0.01,100.0,0.0,0.0,0.0,0.0
alibaba_j_1000039,Atomic_Oracle,9,alibaba_real_dag,10,0,5.3694,53.69,Origin_IT-SIC,IT-SIC,empty,True,23304.4209,23304.4209,100.0,5.66,0.57,120.0,0.0,120.0,3,5.66,0.0,0.57,100.0,42.4163,1.2,21.2014,0.047167
alibaba_j_1000038,Atomic_Oracle,9,alibaba_real_dag,8,0,4.0417,40.42,Origin_IT-SIC,IT-SIC,empty,True,23304.4209,23304.4209,100.0,10.71,0.68,81.2,3.29,84.49,3,6.76,3.96,0.84,100.0,25.0133,0.8449,12.4985,0.080009
alibaba_j_1000078,Atomic_Oracle,9,alibaba_real_dag,5,0,0.175,2.0,Origin_IT-SIC,IT-SIC,empty,True,23304.4209,23304.4209,100.0,-0.41,0.04,0.0,0.0,0.0,0,0.19,-0.6,0.04,100.0,0.0,0.0,0.0,0.0
alibaba_j_1000075,Atomic_Oracle,9,alibaba_real_dag,3,0,0.0611,2.0,Origin_IT-SIC,IT-SIC,empty,True,23304.4209,23304.4209,100.0,-0.49,0.01,0.0,0.0,0.0,0,0.06,-0.55,0.02,100.0,0.0,0.0,0.0,0.0
alibaba_j_1000037,Atomic_Oracle,9,alibaba_real_dag,3,0,0.025,2.0,Origin_IT-SIC,IT-SIC,empty,True,23304.4209,23304.4209,100.0,-0.96,0.01,0.0,0.0,0.0,0,0.03,-0.99,0.01,100.0,0.0,0.0,0.0,0.0
alibaba_j_1000034,Atomic_Oracle,9,alibaba_real_dag,3,0,0.0194,2.0,Origin_IT-SIC,IT-SIC,empty,True,23304.4209,23304.4209,100.0,-0.04,0.0,0.0,0.0,0.0,0,0.02,-0.06,0.01,100.0,0.0,0.0,0.0,0.0
alibaba_j_1000039,Atomic_Oracle,9,alibaba_real_dag,10,0,5.3694,53.69,Origin_IT-SO,IT-SO,empty,True,23280.6474,23280.6474,100.0,5.66,0.57,120.0,0.0,120.0,3,5.66,0.0,0.57,100.0,42.4163,1.2,21.2014,0.047167
alibaba_j_1000038,Atomic_Oracle,9,alibaba_real_dag,8,0,4.0417,40.42,Origin_IT-SO,IT-SO,empty,True,23280.6474,23280.6474,100.0,10.71,0.68,81.2,3.29,84.49,3,6.76,3.96,0.84,100.0,25.0133,0.8449,12.4985,0.080009
alibaba_j_1000078,Atomic_Oracle,9,alibaba_real_dag,5,0,0.175,2.0,Origin_IT-SO,IT-SO,empty,True,23280.6474,23280.6474,100.0,-0.41,0.04,0.0,0.0,0.0,0,0.19,-0.6,0.04,100.0,0.0,0.0,0.0,0.0
alibaba_j_1000075,Atomic_Oracle,9,alibaba_real_dag,3,0,0.0611,2.0,Origin_IT-SO,IT-SO,empty,True,23280.6474,23280.6474,100.0,-0.49,0.01,0.0,0.0,0.0,0,0.06,-0.55,0.02,100.0,0.0,0.0,0.0,0.0
alibaba_j_1000037,Atomic_Oracle,9,alibaba_real_dag,3,0,0.025,2.0,Origin_IT-SO,IT-SO,empty,True,23280.6474,23280.6474,100.0,-0.96,0.01,0.0,0.0,0.0,0,0.03,-0.99,0.01,100.0,0.0,0.0,0.0,0.0
alibaba_j_1000034,Atomic_Oracle,9,alibaba_real_dag,3,0,0.0194,2.0,Origin_IT-SO,IT-SO,empty,True,23280.6474,23280.6474,100.0,-0.04,0.0,0.0,0.0,0.0,0,0.02,-0.06,0.01,100.0,0.0,0.0,0.0,0.0
alibaba_j_1000039,Atomic_Oracle,9,alibaba_real_dag,10,0,5.3694,53.69,Origin_JP-KN,JP-KN,empty,True,4153.0542,4153.0542,100.0,5.66,0.57,120.0,0.0,120.0,3,5.66,0.0,0.57,100.0,42.4163,1.2,21.2014,0.047167
alibaba_j_1000038,Atomic_Oracle,9,alibaba_real_dag,8,0,4.0417,40.42,Origin_JP-KN,JP-KN,empty,True,4153.0542,4153.0542,100.0,10.71,0.68,81.2,3.29,84.49,3,6.76,3.96,0.84,100.0,25.0133,0.8449,12.4985,0.080009
alibaba_j_1000078,Atomic_Oracle,9,alibaba_real_dag,5,0,0.175,2.0,Origin_JP-KN,JP-KN,empty,True,4153.0542,4153.0542,100.0,-0.41,0.04,0.0,0.0,0.0,0,0.19,-0.6,0.04,100.0,0.0,0.0,0.0,0.0
alibaba_j_1000075,Atomic_Oracle,9,alibaba_real_dag,3,0,0.0611,2.0,Origin_JP-KN,JP-KN,empty,True,4153.0542,4153.0542,100.0,-0.49,0.01,0.0,0.0,0.0,0,0.06,-0.55,0.02,100.0,0.0,0.0,0.0,0.0
alibaba_j_1000037,Atomic_Oracle,9,alibaba_real_dag,3,0,0.025,2.0,Origin_JP-KN,JP-KN,empty,True,4153.0542,4153.0542,100.0,-0.96,0.01,0.0,0.0,0.0,0,0.03,-0.99,0.01,100.0,0.0,0.0,0.0,0.0
alibaba_j_1000034,Atomic_Oracle,9,alibaba_real_dag,3,0,0.0194,2.0,Origin_JP-KN,JP-KN,empty,True,4153.0542,4153.0542,100.0,-0.04,0.0,0.0,0.0,0.0,0,0.02,-0.06,0.01,100.0,0.0,0.0,0.0,0.0
alibaba_j_1000039,Atomic_Oracle,9,alibaba_real_dag,10,0,5.3694,53.69,Origin_JP-TK,JP-TK,empty,True,4112.3475,4112.3475,100.0,5.66,0.57,120.0,0.0,120.0,3,5.66,0.0,0.57,100.0,42.4163,1.2,21.2014,0.047167
alibaba_j_1000038,Atomic_Oracle,9,alibaba_real_dag,8,0,4.0417,40.42,Origin_JP-TK,JP-TK,empty,True,4112.3475,4112.3475,100.0,10.71,0.68,81.2,3.29,84.49,3,6.76,3.96,0.84,100.0,25.0133,0.8449,12.4985,0.080009
alibaba_j_1000078,Atomic_Oracle,9,alibaba_real_dag,5,0,0.175,2.0,Origin_JP-TK,JP-TK,empty,True,4112.3475,4112.3475,100.0,-0.41,0.04,0.0,0.0,0.0,0,0.19,-0.6,0.04,100.0,0.0,0.0,0.0,0.0
alibaba_j_1000075,Atomic_Oracle,9,alibaba_real_dag,3,0,0.0611,2.0,Origin_JP-TK,JP-TK,empty,True,4112.3475,4112.3475,100.0,-0.49,0.01,0.0,0.0,0.0,0,0.06,-0.55,0.02,100.0,0.0,0.0,0.0,0.0
alibaba_j_1000037,Atomic_Oracle,9,alibaba_real_dag,3,0,0.025,2.0,Origin_JP-TK,JP-TK,empty,True,4112.3475,4112.3475,100.0,-0.96,0.01,0.0,0.0,0.0,0,0.03,-0.99,0.01,100.0,0.0,0.0,0.0,0.0
alibaba_j_1000034,Atomic_Oracle,9,alibaba_real_dag,3,0,0.0194,2.0,Origin_JP-TK,JP-TK,empty,True,4112.3475,4112.3475,100.0,-0.04,0.0,0.0,0.0,0.0,0,0.02,-0.06,0.01,100.0,0.0,0.0,0.0,0.0
alibaba_j_1000039,Atomic_Oracle,9,alibaba_real_dag,10,0,5.3694,53.69,Origin_KR,KR,empty,True,4116.7695,4116.7695,100.0,5.66,0.57,120.0,0.0,120.0,3,5.66,0.0,0.57,100.0,42.4163,1.2,21.2014,0.047167
alibaba_j_1000038,Atomic_Oracle,9,alibaba_real_dag,8,0,4.0417,40.42,Origin_KR,KR,empty,True,4116.7695,4116.7695,100.0,10.71,0.68,81.2,3.29,84.49,3,6.76,3.96,0.84,100.0,25.0133,0.8449,12.4985,0.080009
alibaba_j_1000078,Atomic_Oracle,9,alibaba_real_dag,5,0,0.175,2.0,Origin_KR,KR,empty,True,4116.7695,4116.7695,100.0,-0.41,0.04,0.0,0.0,0.0,0,0.19,-0.6,0.04,100.0,0.0,0.0,0.0,0.0
alibaba_j_1000075,Atomic_Oracle,9,alibaba_real_dag,3,0,0.0611,2.0,Origin_KR,KR,empty,True,4116.7695,4116.7695,100.0,-0.49,0.01,0.0,0.0,0.0,0,0.06,-0.55,0.02,100.0,0.0,0.0,0.0,0.0
alibaba_j_1000037,Atomic_Oracle,9,alibaba_real_dag,3,0,0.025,2.0,Origin_KR,KR,empty,True,4116.7695,4116.7695,100.0,-0.96,0.01,0.0,0.0,0.0,0,0.03,-0.99,0.01,100.0,0.0,0.0,0.0,0.0
alibaba_j_1000034,Atomic_Oracle,9,alibaba_real_dag,3,0,0.0194,2.0,Origin_KR,KR,empty,True,4116.7695,4116.7695,100.0,-0.04,0.0,0.0,0.0,0.0,0,0.02,-0.06,0.01,100.0,0.0,0.0,0.0,0.0
alibaba_j_1000039,Atomic_Oracle,9,alibaba_real_dag,10,0,5.3694,53.69,Origin_LT,LT,empty,True,4111.2439,4111.2439,100.0,5.66,0.57,120.0,0.0,120.0,3,5.66,0.0,0.57,100.0,42.4163,1.2,21.2014,0.047167
alibaba_j_1000038,Atomic_Oracle,9,alibaba_real_dag,8,0,4.0417,40.42,Origin_LT,LT,empty,True,4111.2439,4111.2439,100.0,10.71,0.68,81.2,3.29,84.49,3,6.76,3.96,0.84,100.0,25.0133,0.8449,12.4985,0.080009
alibaba_j_1000078,Atomic_Oracle,9,alibaba_real_dag,5,0,0.175,2.0,Origin_LT,LT,empty,True,4111.2439,4111.2439,100.0,-0.41,0.04,0.0,0.0,0.0,0,0.19,-0.6,0.04,100.0,0.0,0.0,0.0,0.0
alibaba_j_1000075,Atomic_Oracle,9,alibaba_real_dag,3,0,0.0611,2.0,Origin_LT,LT,empty,True,4111.2439,4111.2439,100.0,-0.49,0.01,0.0,0.0,0.0,0,0.06,-0.55,0.02,100.0,0.0,0.0,0.0,0.0
alibaba_j_1000037,Atomic_Oracle,9,alibaba_real_dag,3,0,0.025,2.0,Origin_LT,LT,empty,True,4111.2439,4111.2439,100.0,-0.96,0.01,0.0,0.0,0.0,0,0.03,-0.99,0.01,100.0,0.0,0.0,0.0,0.0
alibaba_j_1000034,Atomic_Oracle,9,alibaba_real_dag,3,0,0.0194,2.0,Origin_LT,LT,empty,True,4111.2439,4111.2439,100.0,-0.04,0.0,0.0,0.0,0.0,0,0.02,-0.06,0.01,100.0,0.0,0.0,0.0,0.0
alibaba_j_1000039,Atomic_Oracle,9,alibaba_real_dag,10,0,5.3694,53.69,Origin_LU,LU,empty,True,4113.4688,4113.4688,100.0,5.66,0.57,120.0,0.0,120.0,3,5.66,0.0,0.57,100.0,42.4163,1.2,21.2014,0.047167
alibaba_j_1000038,Atomic_Oracle,9,alibaba_real_dag,8,0,4.0417,40.42,Origin_LU,LU,empty,True,4113.4688,4113.4688,100.0,10.71,0.68,81.2,3.29,84.49,3,6.76,3.96,0.84,100.0,25.0133,0.8449,12.4985,0.080009
alibaba_j_1000078,Atomic_Oracle,9,alibaba_real_dag,5,0,0.175,2.0,Origin_LU,LU,empty,True,4113.4688,4113.4688,100.0,-0.41,0.04,0.0,0.0,0.0,0,0.19,-0.6,0.04,100.0,0.0,0.0,0.0,0.0
alibaba_j_1000075,Atomic_Oracle,9,alibaba_real_dag,3,0,0.0611,2.0,Origin_LU,LU,empty,True,4113.4688,4113.4688,100.0,-0.49,0.01,0.0,0.0,0.0,0,0.06,-0.55,0.02,100.0,0.0,0.0,0.0,0.0
alibaba_j_1000037,Atomic_Oracle,9,alibaba_real_dag,3,0,0.025,2.0,Origin_LU,LU,empty,True,4113.4688,4113.4688,100.0,-0.96,0.01,0.0,0.0,0.0,0,0.03,-0.99,0.01,100.0,0.0,0.0,0.0,0.0
alibaba_j_1000034,Atomic_Oracle,9,alibaba_real_dag,3,0,0.0194,2.0,Origin_LU,LU,empty,True,4113.4688,4113.4688,100.0,-0.04,0.0,0.0,0.0,0.0,0,0.02,-0.06,0.01,100.0,0.0,0.0,0.0,0.0
alibaba_j_1000039,Atomic_Oracle,9,alibaba_real_dag,10,0,5.3694,53.69,Origin_LV,LV,empty,True,4114.4965,4114.4965,100.0,5.66,0.57,120.0,0.0,120.0,3,5.66,0.0,0.57,100.0,42.4163,1.2,21.2014,0.047167
alibaba_j_1000038,Atomic_Oracle,9,alibaba_real_dag,8,0,4.0417,40.42,Origin_LV,LV,empty,True,4114.4965,4114.4965,100.0,14.71,0.68,82.9,0.0,82.9,3,6.76,7.96,0.84,100.0,24.5426,0.829,12.2633,0.081544
alibaba_j_1000078,Atomic_Oracle,9,alibaba_real_dag,5,0,0.175,2.0,Origin_LV,LV,empty,True,4114.4965,4114.4965,100.0,-0.41,0.04,0.0,0.0,0.0,0,0.19,-0.6,0.04,100.0,0.0,0.0,0.0,0.0
alibaba_j_1000075,Atomic_Oracle,9,alibaba_real_dag,3,0,0.0611,2.0,Origin_LV,LV,empty,True,4114.4965,4114.4965,100.0,-0.49,0.01,0.0,0.0,0.0,0,0.06,-0.55,0.02,100.0,0.0,0.0,0.0,0.0
alibaba_j_1000037,Atomic_Oracle,9,alibaba_real_dag,3,0,0.025,2.0,Origin_LV,LV,empty,True,4114.4965,4114.4965,100.0,-0.96,0.01,0.0,0.0,0.0,0,0.03,-0.99,0.01,100.0,0.0,0.0,0.0,0.0
alibaba_j_1000034,Atomic_Oracle,9,alibaba_real_dag,3,0,0.0194,2.0,Origin_LV,LV,empty,True,4114.4965,4114.4965,100.0,-0.04,0.0,0.0,0.0,0.0,0,0.02,-0.06,0.01,100.0,0.0,0.0,0.0,0.0
alibaba_j_1000039,Atomic_Oracle,9,alibaba_real_dag,10,0,5.3694,53.69,Origin_NL,NL,empty,True,4125.5007,4125.5007,100.0,5.66,0.57,120.0,0.0,120.0,3,5.66,0.0,0.57,100.0,42.4163,1.2,21.2014,0.047167
alibaba_j_1000038,Atomic_Oracle,9,alibaba_real_dag,8,0,4.0417,40.42,Origin_NL,NL,empty,True,4125.5007,4125.5007,100.0,10.71,0.68,81.2,3.29,84.49,3,6.76,3.96,0.84,100.0,25.0133,0.8449,12.4985,0.080009
alibaba_j_1000078,Atomic_Oracle,9,alibaba_real_dag,5,0,0.175,2.0,Origin_NL,NL,empty,True,4125.5007,4125.5007,100.0,-0.41,0.04,0.0,0.0,0.0,0,0.19,-0.6,0.04,100.0,0.0,0.0,0.0,0.0
alibaba_j_1000075,Atomic_Oracle,9,alibaba_real_dag,3,0,0.0611,2.0,Origin_NL,NL,empty,True,4125.5007,4125.5007,100.0,-0.49,0.01,0.0,0.0,0.0,0,0.06,-0.55,0.02,100.0,0.0,0.0,0.0,0.0
alibaba_j_1000037,Atomic_Oracle,9,alibaba_real_dag,3,0,0.025,2.0,Origin_NL,NL,empty,True,4125.5007,4125.5007,100.0,-0.96,0.01,0.0,0.0,0.0,0,0.03,-0.99,0.01,100.0,0.0,0.0,0.0,0.0
alibaba_j_1000034,Atomic_Oracle,9,alibaba_real_dag,3,0,0.0194,2.0,Origin_NL,NL,empty,True,4125.5007,4125.5007,100.0,-0.04,0.0,0.0,0.0,0.0,0,0.02,-0.06,0.01,100.0,0.0,0.0,0.0,0.0
alibaba_j_1000039,Atomic_Oracle,9,alibaba_real_dag,10,0,5.3694,53.69,Origin_NO-NO1,NO-NO1,empty,True,4129.8007,4129.8007,100.0,5.66,0.57,120.0,0.0,120.0,3,5.66,0.0,0.57,100.0,42.4163,1.2,21.2014,0.047167
alibaba_j_1000038,Atomic_Oracle,9,alibaba_real_dag,8,0,4.0417,40.42,Origin_NO-NO1,NO-NO1,empty,True,4129.8007,4129.8007,100.0,30.71,0.68,82.4,0.0,82.4,3,6.76,23.96,0.84,100.0,24.3946,0.824,12.1893,0.082039
alibaba_j_1000078,Atomic_Oracle,9,alibaba_real_dag,5,0,0.175,2.0,Origin_NO-NO1,NO-NO1,empty,True,4129.8007,4129.8007,100.0,-0.41,0.04,0.0,0.0,0.0,0,0.19,-0.6,0.04,100.0,0.0,0.0,0.0,0.0
alibaba_j_1000075,Atomic_Oracle,9,alibaba_real_dag,3,0,0.0611,2.0,Origin_NO-NO1,NO-NO1,empty,True,4129.8007,4129.8007,100.0,-0.49,0.01,0.0,0.0,0.0,0,0.06,-0.55,0.02,100.0,0.0,0.0,0.0,0.0
alibaba_j_1000037,Atomic_Oracle,9,alibaba_real_dag,3,0,0.025,2.0,Origin_NO-NO1,NO-NO1,empty,True,4129.8007,4129.8007,100.0,-0.96,0.01,0.0,0.0,0.0,0,0.03,-0.99,0.01,100.0,0.0,0.0,0.0,0.0
alibaba_j_1000034,Atomic_Oracle,9,alibaba_real_dag,3,0,0.0194,2.0,Origin_NO-NO1,NO-NO1,empty,True,4129.8007,4129.8007,100.0,-0.04,0.0,0.0,0.0,0.0,0,0.02,-0.06,0.01,100.0,0.0,0.0,0.0,0.0
alibaba_j_1000039,Atomic_Oracle,9,alibaba_real_dag,10,0,5.3694,53.69,Origin_NO-NO2,NO-NO2,empty,True,4117.8631,4117.8631,100.0,5.66,0.57,120.0,0.0,120.0,3,5.66,0.0,0.57,100.0,42.4163,1.2,21.2014,0.047167
alibaba_j_1000038,Atomic_Oracle,9,alibaba_real_dag,8,0,4.0417,40.42,Origin_NO-NO2,NO-NO2,empty,True,4117.8631,4117.8631,100.0,14.71,0.68,82.3,0.0,82.3,3,6.76,7.96,0.84,100.0,24.365,0.823,12.1746,0.082139
alibaba_j_1000078,Atomic_Oracle,9,alibaba_real_dag,5,0,0.175,2.0,Origin_NO-NO2,NO-NO2,empty,True,4117.8631,4117.8631,100.0,-0.41,0.04,0.0,0.0,0.0,0,0.19,-0.6,0.04,100.0,0.0,0.0,0.0,0.0
alibaba_j_1000075,Atomic_Oracle,9,alibaba_real_dag,3,0,0.0611,2.0,Origin_NO-NO2,NO-NO2,empty,True,4117.8631,4117.8631,100.0,-0.49,0.01,0.0,0.0,0.0,0,0.06,-0.55,0.02,100.0,0.0,0.0,0.0,0.0
alibaba_j_1000037,Atomic_Oracle,9,alibaba_real_dag,3,0,0.025,2.0,Origin_NO-NO2,NO-NO2,empty,True,4117.8631,4117.8631,100.0,-0.96,0.01,0.0,0.0,0.0,0,0.03,-0.99,0.01,100.0,0.0,0.0,0.0,0.0
alibaba_j_1000034,Atomic_Oracle,9,alibaba_real_dag,3,0,0.0194,2.0,Origin_NO-NO2,NO-NO2,empty,True,4117.8631,4117.8631,100.0,-0.04,0.0,0.0,0.0,0.0,0,0.02,-0.06,0.01,100.0,0.0,0.0,0.0,0.0
alibaba_j_1000039,Atomic_Oracle,9,alibaba_real_dag,10,0,5.3694,53.69,Origin_NO-NO3,NO-NO3,empty,True,4135.1568,4135.1568,100.0,5.66,0.57,120.0,0.0,120.0,3,5.66,0.0,0.57,100.0,42.4163,1.2,21.2014,0.047167
alibaba_j_1000038,Atomic_Oracle,9,alibaba_real_dag,8,0,4.0417,40.42,Origin_NO-NO3,NO-NO3,empty,True,4135.1568,4135.1568,0.0,52.71,0.68,82.5,0.0,82.5,3,6.76,45.96,0.84,0.0,24.4242,0.0,12.2041,0.081939
alibaba_j_1000078,Atomic_Oracle,9,alibaba_real_dag,5,0,0.175,2.0,Origin_NO-NO3,NO-NO3,empty,True,4135.1568,4135.1568,100.0,-0.41,0.04,0.0,0.0,0.0,0,0.19,-0.6,0.04,100.0,0.0,0.0,0.0,0.0
alibaba_j_1000075,Atomic_Oracle,9,alibaba_real_dag,3,0,0.0611,2.0,Origin_NO-NO3,NO-NO3,empty,True,4135.1568,4135.1568,100.0,-0.49,0.01,0.0,0.0,0.0,0,0.06,-0.55,0.02,100.0,0.0,0.0,0.0,0.0
alibaba_j_1000037,Atomic_Oracle,9,alibaba_real_dag,3,0,0.025,2.0,Origin_NO-NO3,NO-NO3,empty,True,4135.1568,4135.1568,100.0,-0.96,0.01,0.0,0.0,0.0,0,0.03,-0.99,0.01,100.0,0.0,0.0,0.0,0.0
alibaba_j_1000034,Atomic_Oracle,9,alibaba_real_dag,3,0,0.0194,2.0,Origin_NO-NO3,NO-NO3,empty,True,4135.1568,4135.1568,100.0,-0.04,0.0,0.0,0.0,0.0,0,0.02,-0.06,0.01,100.0,0.0,0.0,0.0,0.0
alibaba_j_1000039,Atomic_Oracle,9,alibaba_real_dag,10,0,5.3694,53.69,Origin_NO-NO4,NO-NO4,empty,True,4202.3099,4202.3099,100.0,5.66,0.57,120.0,0.0,120.0,3,5.66,0.0,0.57,100.0,42.4163,1.2,21.2014,0.047167
alibaba_j_1000038,Atomic_Oracle,9,alibaba_real_dag,8,0,4.0417,40.42,Origin_NO-NO4,NO-NO4,empty,True,4202.3099,4202.3099,62.5,42.71,0.68,83.5,0.0,83.5,3,6.76,35.96,0.84,0.0,24.7202,1.336,12.3521,0.080958
alibaba_j_1000078,Atomic_Oracle,9,alibaba_real_dag,5,0,0.175,2.0,Origin_NO-NO4,NO-NO4,empty,True,4202.3099,4202.3099,100.0,-0.41,0.04,0.0,0.0,0.0,0,0.19,-0.6,0.04,100.0,0.0,0.0,0.0,0.0
alibaba_j_1000075,Atomic_Oracle,9,alibaba_real_dag,3,0,0.0611,2.0,Origin_NO-NO4,NO-NO4,empty,True,4202.3099,4202.3099,100.0,-0.49,0.01,0.0,0.0,0.0,0,0.06,-0.55,0.02,100.0,0.0,0.0,0.0,0.0
alibaba_j_1000037,Atomic_Oracle,9,alibaba_real_dag,3,0,0.025,2.0,Origin_NO-NO4,NO-NO4,empty,True,4202.3099,4202.3099,100.0,-0.96,0.01,0.0,0.0,0.0,0,0.03,-0.99,0.01,100.0,0.0,0.0,0.0,0.0
alibaba_j_1000034,Atomic_Oracle,9,alibaba_real_dag,3,0,0.0194,2.0,Origin_NO-NO4,NO-NO4,empty,True,4202.3099,4202.3099,100.0,-0.04,0.0,0.0,0.0,0.0,0,0.02,-0.06,0.01,100.0,0.0,0.0,0.0,0.0
alibaba_j_1000039,Atomic_Oracle,9,alibaba_real_dag,10,0,5.3694,53.69,Origin_NO-NO5,NO-NO5,empty,True,4179.9526,4179.9526,100.0,5.66,0.57,120.0,0.0,120.0,3,5.66,0.0,0.57,100.0,42.4163,1.2,21.2014,0.047167
alibaba_j_1000038,Atomic_Oracle,9,alibaba_real_dag,8,0,4.0417,40.42,Origin_NO-NO5,NO-NO5,empty,True,4179.9526,4179.9526,100.0,12.71,0.68,82.5,0.0,82.5,3,6.76,5.96,0.84,100.0,24.4242,0.825,12.2041,0.081939
alibaba_j_1000078,Atomic_Oracle,9,alibaba_real_dag,5,0,0.175,2.0,Origin_NO-NO5,NO-NO5,empty,True,4179.9526,4179.9526,100.0,-0.41,0.04,0.0,0.0,0.0,0,0.19,-0.6,0.04,100.0,0.0,0.0,0.0,0.0
alibaba_j_1000075,Atomic_Oracle,9,alibaba_real_dag,3,0,0.0611,2.0,Origin_NO-NO5,NO-NO5,empty,True,4179.9526,4179.9526,100.0,-0.49,0.01,0.0,0.0,0.0,0,0.06,-0.55,0.02,100.0,0.0,0.0,0.0,0.0
alibaba_j_1000037,Atomic_Oracle,9,alibaba_real_dag,3,0,0.025,2.0,Origin_NO-NO5,NO-NO5,empty,True,4179.9526,4179.9526,100.0,-0.96,0.01,0.0,0.0,0.0,0,0.03,-0.99,0.01,100.0,0.0,0.0,0.0,0.0
alibaba_j_1000034,Atomic_Oracle,9,alibaba_real_dag,3,0,0.0194,2.0,Origin_NO-NO5,NO-NO5,empty,True,4179.9526,4179.9526,100.0,-0.04,0.0,0.0,0.0,0.0,0,0.02,-0.06,0.01,100.0,0.0,0.0,0.0,0.0
alibaba_j_1000039,Atomic_Oracle,9,alibaba_real_dag,10,0,5.3694,53.69,Origin_NZ,NZ,empty,True,4205.0116,4205.0116,100.0,5.66,0.57,120.0,0.0,120.0,3,5.66,0.0,0.57,100.0,42.4163,1.2,21.2014,0.047167
alibaba_j_1000038,Atomic_Oracle,9,alibaba_real_dag,8,0,4.0417,40.42,Origin_NZ,NZ,empty,True,4205.0116,4205.0116,100.0,10.71,0.68,81.2,3.29,84.49,3,6.76,3.96,0.84,100.0,25.0133,0.8449,12.4985,0.080009
alibaba_j_1000078,Atomic_Oracle,9,alibaba_real_dag,5,0,0.175,2.0,Origin_NZ,NZ,empty,True,4205.0116,4205.0116,100.0,-0.41,0.04,0.0,0.0,0.0,0,0.19,-0.6,0.04,100.0,0.0,0.0,0.0,0.0
alibaba_j_1000075,Atomic_Oracle,9,alibaba_real_dag,3,0,0.0611,2.0,Origin_NZ,NZ,empty,True,4205.0116,4205.0116,100.0,-0.49,0.01,0.0,0.0,0.0,0,0.06,-0.55,0.02,100.0,0.0,0.0,0.0,0.0
alibaba_j_1000037,Atomic_Oracle,9,alibaba_real_dag,3,0,0.025,2.0,Origin_NZ,NZ,empty,True,4205.0116,4205.0116,100.0,-0.96,0.01,0.0,0.0,0.0,0,0.03,-0.99,0.01,100.0,0.0,0.0,0.0,0.0
alibaba_j_1000034,Atomic_Oracle,9,alibaba_real_dag,3,0,0.0194,2.0,Origin_NZ,NZ,empty,True,4205.0116,4205.0116,100.0,-0.04,0.0,0.0,0.0,0.0,0,0.02,-0.06,0.01,100.0,0.0,0.0,0.0,0.0
alibaba_j_1000039,Atomic_Oracle,9,alibaba_real_dag,10,0,5.3694,53.69,Origin_PA,PA,empty,True,4212.4371,4212.4371,100.0,5.66,0.57,120.0,0.0,120.0,3,5.66,0.0,0.57,100.0,42.4163,1.2,21.2014,0.047167
alibaba_j_1000038,Atomic_Oracle,9,alibaba_real_dag,8,0,4.0417,40.42,Origin_PA,PA,empty,True,4212.4371,4212.4371,100.0,10.71,0.68,84.4,0.0,84.4,3,6.76,3.96,0.84,100.0,24.9867,0.844,12.4852,0.080095
alibaba_j_1000078,Atomic_Oracle,9,alibaba_real_dag,5,0,0.175,2.0,Origin_PA,PA,empty,True,4212.4371,4212.4371,100.0,-0.41,0.04,0.0,0.0,0.0,0,0.19,-0.6,0.04,100.0,0.0,0.0,0.0,0.0
alibaba_j_1000075,Atomic_Oracle,9,alibaba_real_dag,3,0,0.0611,2.0,Origin_PA,PA,empty,True,4212.4371,4212.4371,100.0,-0.49,0.01,0.0,0.0,0.0,0,0.06,-0.55,0.02,100.0,0.0,0.0,0.0,0.0
alibaba_j_1000037,Atomic_Oracle,9,alibaba_real_dag,3,0,0.025,2.0,Origin_PA,PA,empty,True,4212.4371,4212.4371,100.0,-0.96,0.01,0.0,0.0,0.0,0,0.03,-0.99,0.01,100.0,0.0,0.0,0.0,0.0
alibaba_j_1000034,Atomic_Oracle,9,alibaba_real_dag,3,0,0.0194,2.0,Origin_PA,PA,empty,True,4212.4371,4212.4371,100.0,-0.04,0.0,0.0,0.0,0.0,0,0.02,-0.06,0.01,100.0,0.0,0.0,0.0,0.0
alibaba_j_1000039,Atomic_Oracle,9,alibaba_real_dag,10,0,5.3694,53.69,Origin_PE,PE,empty,True,4201.0579,4201.0579,100.0,5.66,0.57,120.0,0.0,120.0,3,5.66,0.0,0.57,100.0,42.4163,1.2,21.2014,0.047167
alibaba_j_1000038,Atomic_Oracle,9,alibaba_real_dag,8,0,4.0417,40.42,Origin_PE,PE,empty,True,4201.0579,4201.0579,100.0,10.71,0.68,81.2,3.29,84.49,3,6.76,3.96,0.84,100.0,25.0133,0.8449,12.4985,0.080009
alibaba_j_1000078,Atomic_Oracle,9,alibaba_real_dag,5,0,0.175,2.0,Origin_PE,PE,empty,True,4201.0579,4201.0579,100.0,-0.41,0.04,0.0,0.0,0.0,0,0.19,-0.6,0.04,100.0,0.0,0.0,0.0,0.0
alibaba_j_1000075,Atomic_Oracle,9,alibaba_real_dag,3,0,0.0611,2.0,Origin_PE,PE,empty,True,4201.0579,4201.0579,100.0,-0.49,0.01,0.0,0.0,0.0,0,0.06,-0.55,0.02,100.0,0.0,0.0,0.0,0.0
alibaba_j_1000037,Atomic_Oracle,9,alibaba_real_dag,3,0,0.025,2.0,Origin_PE,PE,empty,True,4201.0579,4201.0579,100.0,-0.96,0.01,0.0,0.0,0.0,0,0.03,-0.99,0.01,100.0,0.0,0.0,0.0,0.0
alibaba_j_1000034,Atomic_Oracle,9,alibaba_real_dag,3,0,0.0194,2.0,Origin_PE,PE,empty,True,4201.0579,4201.0579,100.0,-0.04,0.0,0.0,0.0,0.0,0,0.02,-0.06,0.01,100.0,0.0,0.0,0.0,0.0
alibaba_j_1000039,Atomic_Oracle,9,alibaba_real_dag,10,0,5.3694,53.69,Origin_PL,PL,empty,True,4202.5379,4202.5379,100.0,5.66,0.57,120.0,0.0,120.0,3,5.66,0.0,0.57,100.0,42.4163,1.2,21.2014,0.047167
alibaba_j_1000038,Atomic_Oracle,9,alibaba_real_dag,8,0,4.0417,40.42,Origin_PL,PL,empty,True,4202.5379,4202.5379,100.0,10.71,0.68,81.2,3.29,84.49,3,6.76,3.96,0.84,100.0,25.0133,0.8449,12.4985,0.080009
alibaba_j_1000078,Atomic_Oracle,9,alibaba_real_dag,5,0,0.175,2.0,Origin_PL,PL,empty,True,4202.5379,4202.5379,100.0,-0.41,0.04,0.0,0.0,0.0,0,0.19,-0.6,0.04,100.0,0.0,0.0,0.0,0.0
alibaba_j_1000075,Atomic_Oracle,9,alibaba_real_dag,3,0,0.0611,2.0,Origin_PL,PL,empty,True,4202.5379,4202.5379,100.0,-0.49,0.01,0.0,0.0,0.0,0,0.06,-0.55,0.02,100.0,0.0,0.0,0.0,0.0
alibaba_j_1000037,Atomic_Oracle,9,alibaba_real_dag,3,0,0.025,2.0,Origin_PL,PL,empty,True,4202.5379,4202.5379,100.0,-0.96,0.01,0.0,0.0,0.0,0,0.03,-0.99,0.01,100.0,0.0,0.0,0.0,0.0
alibaba_j_1000034,Atomic_Oracle,9,alibaba_real_dag,3,0,0.0194,2.0,Origin_PL,PL,empty,True,4202.5379,4202.5379,100.0,-0.04,0.0,0.0,0.0,0.0,0,0.02,-0.06,0.01,100.0,0.0,0.0,0.0,0.0
alibaba_j_1000039,Atomic_Oracle,9,alibaba_real_dag,10,0,5.3694,53.69,Origin_PT,PT,empty,True,4197.323,4197.323,100.0,5.66,0.57,120.0,0.0,120.0,3,5.66,0.0,0.57,100.0,42.4163,1.2,21.2014,0.047167
alibaba_j_1000038,Atomic_Oracle,9,alibaba_real_dag,8,0,4.0417,40.42,Origin_PT,PT,empty,True,4197.323,4197.323,100.0,10.71,0.68,81.2,3.29,84.49,3,6.76,3.96,0.84,100.0,25.0133,0.8449,12.4985,0.080009
alibaba_j_1000078,Atomic_Oracle,9,alibaba_real_dag,5,0,0.175,2.0,Origin_PT,PT,empty,True,4197.323,4197.323,100.0,-0.41,0.04,0.0,0.0,0.0,0,0.19,-0.6,0.04,100.0,0.0,0.0,0.0,0.0
alibaba_j_1000075,Atomic_Oracle,9,alibaba_real_dag,3,0,0.0611,2.0,Origin_PT,PT,empty,True,4197.323,4197.323,100.0,-0.49,0.01,0.0,0.0,0.0,0,0.06,-0.55,0.02,100.0,0.0,0.0,0.0,0.0
alibaba_j_1000037,Atomic_Oracle,9,alibaba_real_dag,3,0,0.025,2.0,Origin_PT,PT,empty,True,4197.323,4197.323,100.0,-0.96,0.01,0.0,0.0,0.0,0,0.03,-0.99,0.01,100.0,0.0,0.0,0.0,0.0
alibaba_j_1000034,Atomic_Oracle,9,alibaba_real_dag,3,0,0.0194,2.0,Origin_PT,PT,empty,True,4197.323,4197.323,100.0,-0.04,0.0,0.0,0.0,0.0,0,0.02,-0.06,0.01,100.0,0.0,0.0,0.0,0.0
alibaba_j_1000039,Atomic_Oracle,9,alibaba_real_dag,10,0,5.3694,53.69,Origin_RO,RO,empty,True,4195.2397,4195.2397,100.0,5.66,0.57,120.0,0.0,120.0,3,5.66,0.0,0.57,100.0,42.4163,1.2,21.2014,0.047167
alibaba_j_1000038,Atomic_Oracle,9,alibaba_real_dag,8,0,4.0417,40.42,Origin_RO,RO,empty,True,4195.2397,4195.2397,100.0,10.71,0.68,81.2,3.29,84.49,3,6.76,3.96,0.84,100.0,25.0133,0.8449,12.4985,0.080009
alibaba_j_1000078,Atomic_Oracle,9,alibaba_real_dag,5,0,0.175,2.0,Origin_RO,RO,empty,True,4195.2397,4195.2397,100.0,-0.41,0.04,0.0,0.0,0.0,0,0.19,-0.6,0.04,100.0,0.0,0.0,0.0,0.0
alibaba_j_1000075,Atomic_Oracle,9,alibaba_real_dag,3,0,0.0611,2.0,Origin_RO,RO,empty,True,4195.2397,4195.2397,100.0,-0.49,0.01,0.0,0.0,0.0,0,0.06,-0.55,0.02,100.0,0.0,0.0,0.0,0.0
alibaba_j_1000037,Atomic_Oracle,9,alibaba_real_dag,3,0,0.025,2.0,Origin_RO,RO,empty,True,4195.2397,4195.2397,100.0,-0.96,0.01,0.0,0.0,0.0,0,0.03,-0.99,0.01,100.0,0.0,0.0,0.0,0.0
alibaba_j_1000034,Atomic_Oracle,9,alibaba_real_dag,3,0,0.0194,2.0,Origin_RO,RO,empty,True,4195.2397,4195.2397,100.0,-0.04,0.0,0.0,0.0,0.0,0,0.02,-0.06,0.01,100.0,0.0,0.0,0.0,0.0
alibaba_j_1000039,Atomic_Oracle,9,alibaba_real_dag,10,0,5.3694,53.69,Origin_SE-SE1,SE-SE1,empty,True,4182.7626,4182.7626,100.0,5.66,0.57,120.0,0.0,120.0,3,5.66,0.0,0.57,100.0,42.4163,1.2,21.2014,0.047167
alibaba_j_1000038,Atomic_Oracle,9,alibaba_real_dag,8,0,4.0417,40.42,Origin_SE-SE1,SE-SE1,empty,True,4182.7626,4182.7626,100.0,10.71,0.68,81.2,0.0,81.2,3,6.76,3.96,0.84,100.0,24.0393,0.812,12.0118,0.083251
alibaba_j_1000078,Atomic_Oracle,9,alibaba_real_dag,5,0,0.175,2.0,Origin_SE-SE1,SE-SE1,empty,True,4182.7626,4182.7626,100.0,-0.41,0.04,0.0,0.0,0.0,0,0.19,-0.6,0.04,100.0,0.0,0.0,0.0,0.0
alibaba_j_1000075,Atomic_Oracle,9,alibaba_real_dag,3,0,0.0611,2.0,Origin_SE-SE1,SE-SE1,empty,True,4182.7626,4182.7626,100.0,-0.49,0.01,0.0,0.0,0.0,0,0.06,-0.55,0.02,100.0,0.0,0.0,0.0,0.0
alibaba_j_1000037,Atomic_Oracle,9,alibaba_real_dag,3,0,0.025,2.0,Origin_SE-SE1,SE-SE1,empty,True,4182.7626,4182.7626,100.0,-0.96,0.01,0.0,0.0,0.0,0,0.03,-0.99,0.01,100.0,0.0,0.0,0.0,0.0
alibaba_j_1000034,Atomic_Oracle,9,alibaba_real_dag,3,0,0.0194,2.0,Origin_SE-SE1,SE-SE1,empty,True,4182.7626,4182.7626,100.0,-0.04,0.0,0.0,0.0,0.0,0,0.02,-0.06,0.01,100.0,0.0,0.0,0.0,0.0
alibaba_j_1000039,Atomic_Oracle,9,alibaba_real_dag,10,0,5.3694,53.69,Origin_SE-SE2,SE-SE2,empty,True,4194.5223,4194.5223,100.0,5.66,0.57,120.0,0.0,120.0,3,5.66,0.0,0.57,100.0,42.4163,1.2,21.2014,0.047167
alibaba_j_1000038,Atomic_Oracle,9,alibaba_real_dag,8,0,4.0417,40.42,Origin_SE-SE2,SE-SE2,empty,True,4194.5223,4194.5223,100.0,28.71,0.68,81.6,0.0,81.6,3,6.76,21.96,0.84,100.0,24.1577,0.816,12.071,0.082843
alibaba_j_1000078,Atomic_Oracle,9,alibaba_real_dag,5,0,0.175,2.0,Origin_SE-SE2,SE-SE2,empty,True,4194.5223,4194.5223,100.0,-0.41,0.04,0.0,0.0,0.0,0,0.19,-0.6,0.04,100.0,0.0,0.0,0.0,0.0
alibaba_j_1000075,Atomic_Oracle,9,alibaba_real_dag,3,0,0.0611,2.0,Origin_SE-SE2,SE-SE2,empty,True,4194.5223,4194.5223,100.0,-0.49,0.01,0.0,0.0,0.0,0,0.06,-0.55,0.02,100.0,0.0,0.0,0.0,0.0
alibaba_j_1000037,Atomic_Oracle,9,alibaba_real_dag,3,0,0.025,2.0,Origin_SE-SE2,SE-SE2,empty,True,4194.5223,4194.5223,100.0,-0.96,0.01,0.0,0.0,0.0,0,0.03,-0.99,0.01,100.0,0.0,0.0,0.0,0.0
alibaba_j_1000034,Atomic_Oracle,9,alibaba_real_dag,3,0,0.0194,2.0,Origin_SE-SE2,SE-SE2,empty,True,4194.5223,4194.5223,100.0,-0.04,0.0,0.0,0.0,0.0,0,0.02,-0.06,0.01,100.0,0.0,0.0,0.0,0.0
alibaba_j_1000039,Atomic_Oracle,9,alibaba_real_dag,10,0,5.3694,53.69,Origin_SE-SE3,SE-SE3,empty,True,4196.8438,4196.8438,100.0,5.66,0.57,120.0,0.0,120.0,3,5.66,0.0,0.57,100.0,42.4163,1.2,21.2014,0.047167
alibaba_j_1000038,Atomic_Oracle,9,alibaba_real_dag,8,0,4.0417,40.42,Origin_SE-SE3,SE-SE3,empty,True,4196.8438,4196.8438,100.0,25.71,0.68,81.5,0.0,81.5,3,6.76,18.96,0.84,100.0,24.1281,0.815,12.0562,0.082945
alibaba_j_1000078,Atomic_Oracle,9,alibaba_real_dag,5,0,0.175,2.0,Origin_SE-SE3,SE-SE3,empty,True,4196.8438,4196.8438,100.0,-0.41,0.04,0.0,0.0,0.0,0,0.19,-0.6,0.04,100.0,0.0,0.0,0.0,0.0
alibaba_j_1000075,Atomic_Oracle,9,alibaba_real_dag,3,0,0.0611,2.0,Origin_SE-SE3,SE-SE3,empty,True,4196.8438,4196.8438,100.0,-0.49,0.01,0.0,0.0,0.0,0,0.06,-0.55,0.02,100.0,0.0,0.0,0.0,0.0
alibaba_j_1000037,Atomic_Oracle,9,alibaba_real_dag,3,0,0.025,2.0,Origin_SE-SE3,SE-SE3,empty,True,4196.8438,4196.8438,100.0,-0.96,0.01,0.0,0.0,0.0,0,0.03,-0.99,0.01,100.0,0.0,0.0,0.0,0.0
alibaba_j_1000034,Atomic_Oracle,9,alibaba_real_dag,3,0,0.0194,2.0,Origin_SE-SE3,SE-SE3,empty,True,4196.8438,4196.8438,100.0,-0.04,0.0,0.0,0.0,0.0,0,0.02,-0.06,0.01,100.0,0.0,0.0,0.0,0.0
alibaba_j_1000039,Atomic_Oracle,9,alibaba_real_dag,10,0,5.3694,53.69,Origin_SE-SE4,SE-SE4,empty,True,4433.7878,4433.7878,100.0,5.66,0.57,120.0,0.0,120.0,3,5.66,0.0,0.57,100.0,42.4163,1.2,21.2014,0.047167
alibaba_j_1000038,Atomic_Oracle,9,alibaba_real_dag,8,0,4.0417,40.42,Origin_SE-SE4,SE-SE4,empty,True,4433.7878,4433.7878,50.0,43.71,0.68,81.7,0.0,81.7,3,6.76,36.96,0.84,0.0,24.1873,1.634,12.0858,0.082742
alibaba_j_1000078,Atomic_Oracle,9,alibaba_real_dag,5,0,0.175,2.0,Origin_SE-SE4,SE-SE4,empty,True,4433.7878,4433.7878,100.0,-0.41,0.04,0.0,0.0,0.0,0,0.19,-0.6,0.04,100.0,0.0,0.0,0.0,0.0
alibaba_j_1000075,Atomic_Oracle,9,alibaba_real_dag,3,0,0.0611,2.0,Origin_SE-SE4,SE-SE4,empty,True,4433.7878,4433.7878,100.0,-0.49,0.01,0.0,0.0,0.0,0,0.06,-0.55,0.02,100.0,0.0,0.0,0.0,0.0
alibaba_j_1000037,Atomic_Oracle,9,alibaba_real_dag,3,0,0.025,2.0,Origin_SE-SE4,SE-SE4,empty,True,4433.7878,4433.7878,100.0,-0.96,0.01,0.0,0.0,0.0,0,0.03,-0.99,0.01,100.0,0.0,0.0,0.0,0.0
alibaba_j_1000034,Atomic_Oracle,9,alibaba_real_dag,3,0,0.0194,2.0,Origin_SE-SE4,SE-SE4,empty,True,4433.7878,4433.7878,100.0,-0.04,0.0,0.0,0.0,0.0,0,0.02,-0.06,0.01,100.0,0.0,0.0,0.0,0.0